timestep,episode,collision,near_collision,outside_road,reached_exit,max_steps
13,0,0,0,1,0,0
86,1,0,0,1,0,0
119,2,0,0,1,0,0
135,3,0,0,1,0,0
154,4,0,0,1,0,0
180,5,0,0,1,0,0
201,6,0,0,1,0,0
210,7,0,0,1,0,0
211,8,0,0,1,0,0
222,9,0,0,1,0,0
225,10,0,0,1,0,0
247,11,0,0,1,0,0
249,12,0,0,1,0,0
252,13,0,0,1,0,0
253,14,0,0,1,0,0
258,15,1,0,0,0,0
260,16,0,0,1,0,0
268,17,0,0,1,0,0
274,18,0,0,1,0,0
292,19,0,0,1,0,0
304,20,0,0,1,0,0
342,21,0,0,1,0,0
343,22,0,0,1,0,0
373,23,0,0,1,0,0
388,24,0,0,1,0,0
389,25,0,0,1,0,0
394,26,0,0,1,0,0
399,27,0,0,1,0,0
427,28,0,0,1,0,0
454,29,0,0,1,0,0
468,30,0,0,1,0,0
499,31,0,0,1,0,0
510,32,0,0,1,0,0
550,33,0,0,1,0,0
572,34,0,0,1,0,0
602,35,0,0,1,0,0
635,36,0,0,1,0,0
656,37,0,0,1,0,0
662,38,0,0,1,0,0
686,39,0,0,1,0,0
764,40,0,0,1,0,0
774,41,0,0,1,0,0
784,42,0,0,1,0,0
824,43,0,0,1,0,0
826,44,1,0,0,0,0
828,45,0,0,1,0,0
829,46,0,0,1,0,0
867,47,0,0,1,0,0
869,48,0,0,1,0,0
873,49,0,0,1,0,0
903,50,0,0,1,0,0
922,51,0,0,1,0,0
925,52,0,0,1,0,0
948,53,0,0,1,0,0
949,54,0,0,1,0,0
985,55,0,0,1,0,0
987,56,0,0,1,0,0
996,57,0,0,1,0,0
1060,58,0,0,1,0,0
1061,59,0,0,1,0,0
1079,60,0,0,1,0,0
1080,61,0,0,1,0,0
1082,62,0,0,1,0,0
1085,63,0,0,1,0,0
1093,64,0,0,1,0,0
1101,65,0,0,1,0,0
1116,66,0,0,1,0,0
1137,67,1,0,0,0,0
1139,68,0,0,1,0,0
1145,69,0,0,1,0,0
1149,70,0,0,1,0,0
1159,71,0,0,1,0,0
1171,72,0,0,1,0,0
1189,73,0,0,1,0,0
1228,74,0,0,1,0,0
1232,75,0,0,1,0,0
1236,76,0,0,1,0,0
1244,77,0,0,1,0,0
1247,78,0,0,1,0,0
1263,79,0,0,1,0,0
1274,80,0,0,1,0,0
1302,81,0,0,1,0,0
1384,82,0,0,1,0,0
1397,83,0,0,1,0,0
1402,84,1,0,0,0,0
1403,85,0,0,1,0,0
1413,86,0,0,1,0,0
1437,87,0,0,1,0,0
1459,88,0,0,1,0,0
1462,89,0,0,1,0,0
1464,90,0,0,1,0,0
1482,91,0,0,1,0,0
1488,92,0,0,1,0,0
1497,93,0,0,1,0,0
1510,94,0,0,1,0,0
1512,95,0,0,1,0,0
1517,96,1,0,0,0,0
1525,97,0,0,1,0,0
1537,98,0,0,1,0,0
1542,99,0,0,1,0,0
1572,100,0,0,1,0,0
1590,101,0,0,1,0,0
1597,102,0,0,1,0,0
1599,103,0,0,1,0,0
1609,104,0,0,1,0,0
1621,105,0,0,1,0,0
1630,106,0,0,1,0,0
1657,107,0,0,1,0,0
1694,108,0,0,1,0,0
1746,109,0,0,1,0,0
1750,110,0,0,1,0,0
1785,111,0,0,1,0,0
1788,112,0,0,1,0,0
1808,113,0,0,1,0,0
1827,114,0,0,1,0,0
1844,115,0,0,1,0,0
1849,116,0,0,1,0,0
1864,117,0,0,1,0,0
1865,118,0,0,1,0,0
1868,119,0,0,1,0,0
1876,120,0,0,1,0,0
1883,121,0,0,1,0,0
1942,122,0,0,1,0,0
1945,123,0,0,1,0,0
1964,124,0,0,1,0,0
2029,125,0,0,1,0,0
2039,126,0,0,1,0,0
2041,127,0,0,1,0,0
2047,128,0,0,1,0,0
2053,129,0,0,1,0,0
2064,130,0,0,1,0,0
2081,131,0,0,1,0,0
2092,132,0,0,1,0,0
2101,133,1,0,0,0,0
2153,134,0,0,1,0,0
2156,135,0,0,1,0,0
2161,136,0,0,1,0,0
2180,137,0,0,1,0,0
2196,138,0,0,1,0,0
2236,139,0,0,1,0,0
2283,140,0,0,1,0,0
2284,141,0,0,1,0,0
2285,142,0,0,1,0,0
2306,143,0,0,1,0,0
2326,144,0,0,1,0,0
2335,145,0,0,1,0,0
2349,146,0,0,1,0,0
2363,147,0,0,1,0,0
2371,148,0,0,1,0,0
2374,149,0,0,1,0,0
2375,150,0,0,1,0,0
2380,151,0,0,1,0,0
2449,152,0,0,1,0,0
2471,153,0,0,1,0,0
2488,154,0,0,1,0,0
2504,155,0,0,1,0,0
2524,156,0,0,1,0,0
2542,157,0,0,1,0,0
2568,158,0,0,1,0,0
2608,159,0,0,1,0,0
2627,160,0,0,1,0,0
2635,161,0,0,1,0,0
2636,162,0,0,1,0,0
2686,163,0,0,1,0,0
2694,164,0,0,1,0,0
2702,165,0,0,1,0,0
2710,166,0,0,1,0,0
2714,167,0,0,1,0,0
2722,168,0,0,1,0,0
2726,169,0,0,1,0,0
2737,170,0,0,1,0,0
2740,171,0,0,1,0,0
2817,172,0,0,1,0,0
2818,173,0,0,1,0,0
2826,174,0,0,1,0,0
2849,175,0,0,1,0,0
2861,176,0,0,1,0,0
2881,177,0,0,1,0,0
2882,178,0,0,1,0,0
2927,179,0,0,1,0,0
2930,180,0,0,1,0,0
2966,181,0,0,1,0,0
2974,182,0,0,1,0,0
2996,183,0,0,1,0,0
3030,184,0,0,1,0,0
3070,185,0,0,1,0,0
3072,186,0,0,1,0,0
3093,187,0,0,1,0,0
3135,188,0,0,1,0,0
3141,189,0,0,1,0,0
3160,190,0,0,1,0,0
3161,191,0,0,1,0,0
3242,192,0,0,1,0,0
3307,193,0,0,1,0,0
3309,194,0,0,1,0,0
3322,195,0,0,1,0,0
3323,196,0,0,1,0,0
3349,197,0,0,1,0,0
3364,198,0,0,1,0,0
3378,199,0,0,1,0,0
3391,200,0,0,1,0,0
3405,201,0,0,1,0,0
3407,202,0,0,1,0,0
3420,203,0,0,1,0,0
3433,204,0,0,1,0,0
3436,205,0,0,1,0,0
3442,206,0,0,1,0,0
3477,207,0,0,1,0,0
3481,208,0,0,1,0,0
3483,209,1,0,0,0,0
3484,210,0,0,1,0,0
3497,211,0,0,1,0,0
3508,212,0,0,1,0,0
3519,213,0,0,1,0,0
3522,214,0,0,1,0,0
3547,215,0,0,1,0,0
3553,216,0,0,1,0,0
3557,217,0,0,1,0,0
3577,218,0,0,1,0,0
3582,219,0,0,1,0,0
3597,220,0,0,1,0,0
3600,221,0,0,1,0,0
3601,222,1,0,0,0,0
3626,223,0,0,1,0,0
3659,224,0,0,1,0,0
3672,225,0,0,1,0,0
3674,226,0,0,1,0,0
3692,227,0,0,1,0,0
3698,228,0,0,1,0,0
3716,229,0,0,1,0,0
3718,230,0,0,1,0,0
3757,231,0,0,1,0,0
3787,232,0,0,1,0,0
3830,233,0,0,1,0,0
3851,234,0,0,1,0,0
3860,235,0,0,1,0,0
3862,236,0,0,1,0,0
3865,237,0,0,1,0,0
3870,238,0,0,1,0,0
3875,239,0,0,1,0,0
3882,240,0,0,1,0,0
3900,241,0,0,1,0,0
3919,242,0,0,1,0,0
3923,243,0,0,1,0,0
3924,244,0,0,1,0,0
3941,245,0,0,1,0,0
3982,246,0,0,1,0,0
3992,247,0,0,1,0,0
3994,248,0,0,1,0,0
4014,249,0,0,1,0,0
4091,250,0,0,0,1,0
4108,251,0,0,1,0,0
4121,252,0,0,1,0,0
4123,253,0,0,1,0,0
4131,254,0,0,1,0,0
4134,255,0,0,1,0,0
4138,256,0,0,1,0,0
4154,257,0,0,1,0,0
4181,258,0,0,1,0,0
4211,259,0,0,1,0,0
4234,260,0,0,1,0,0
4239,261,0,0,1,0,0
4256,262,0,0,1,0,0
4300,263,0,0,1,0,0
4302,264,0,0,1,0,0
4338,265,0,0,1,0,0
4342,266,0,0,1,0,0
4377,267,0,0,1,0,0
4415,268,0,0,1,0,0
4423,269,1,0,0,0,0
4426,270,0,0,1,0,0
4431,271,0,0,1,0,0
4437,272,1,0,0,0,0
4452,273,0,0,1,0,0
4454,274,0,0,1,0,0
4480,275,0,0,1,0,0
4499,276,0,0,1,0,0
4511,277,0,0,1,0,0
4542,278,0,0,1,0,0
4555,279,0,0,1,0,0
4580,280,0,0,1,0,0
4581,281,0,0,1,0,0
4591,282,0,0,1,0,0
4658,283,0,0,1,0,0
4717,284,0,0,1,0,0
4756,285,0,0,1,0,0
4759,286,0,0,1,0,0
4766,287,0,0,1,0,0
4768,288,1,0,0,0,0
4769,289,0,0,1,0,0
4789,290,0,0,1,0,0
4794,291,0,0,1,0,0
4835,292,0,0,1,0,0
4838,293,0,0,1,0,0
4845,294,0,0,1,0,0
4857,295,0,0,1,0,0
4867,296,0,0,1,0,0
4876,297,0,0,1,0,0
4901,298,0,0,1,0,0
4930,299,0,0,1,0,0
4946,300,0,0,1,0,0
4980,301,0,0,1,0,0
4981,302,0,0,1,0,0
4992,303,0,0,1,0,0
4994,304,0,0,1,0,0
5006,305,0,0,1,0,0
5020,306,0,0,1,0,0
5064,307,0,0,1,0,0
5108,308,0,0,1,0,0
5122,309,0,0,1,0,0
5130,310,0,0,1,0,0
5211,311,0,0,0,1,0
5215,312,0,0,1,0,0
5220,313,0,0,1,0,0
5227,314,0,0,1,0,0
5234,315,0,0,1,0,0
5282,316,0,0,1,0,0
5297,317,0,0,1,0,0
5299,318,0,0,1,0,0
5306,319,0,0,1,0,0
5312,320,0,0,1,0,0
5331,321,0,0,1,0,0
5344,322,0,0,1,0,0
5345,323,0,0,1,0,0
5371,324,0,0,1,0,0
5377,325,0,0,1,0,0
5396,326,0,0,1,0,0
5410,327,0,0,1,0,0
5412,328,0,0,1,0,0
5420,329,0,0,1,0,0
5423,330,0,0,1,0,0
5434,331,0,0,1,0,0
5441,332,0,0,1,0,0
5445,333,0,0,1,0,0
5451,334,0,0,1,0,0
5478,335,0,0,1,0,0
5479,336,0,0,1,0,0
5498,337,0,0,1,0,0
5504,338,1,0,0,0,0
5529,339,0,0,1,0,0
5533,340,0,0,1,0,0
5546,341,0,0,1,0,0
5553,342,0,0,1,0,0
5565,343,0,0,1,0,0
5570,344,0,0,1,0,0
5587,345,0,0,1,0,0
5596,346,0,0,1,0,0
5671,347,0,0,1,0,0
5686,348,0,0,1,0,0
5693,349,0,0,1,0,0
5722,350,0,0,1,0,0
5723,351,0,0,1,0,0
5764,352,0,0,1,0,0
5772,353,0,0,1,0,0
5775,354,1,0,0,0,0
5780,355,1,0,0,0,0
5786,356,0,0,1,0,0
5794,357,0,0,1,0,0
5840,358,0,0,1,0,0
5848,359,0,0,1,0,0
5850,360,0,0,1,0,0
5860,361,0,0,1,0,0
5870,362,0,0,1,0,0
5879,363,0,0,1,0,0
5882,364,0,0,1,0,0
5920,365,0,0,1,0,0
5926,366,0,0,1,0,0
5929,367,0,0,1,0,0
5945,368,0,0,1,0,0
5947,369,0,0,1,0,0
5970,370,0,0,1,0,0
5982,371,0,0,1,0,0
5998,372,0,0,1,0,0
6013,373,0,0,1,0,0
6027,374,0,0,1,0,0
6028,375,0,0,1,0,0
6044,376,0,0,1,0,0
6062,377,0,0,1,0,0
6075,378,0,0,1,0,0
6099,379,0,0,1,0,0
6103,380,0,0,1,0,0
6123,381,0,0,1,0,0
6128,382,0,0,1,0,0
6152,383,0,0,1,0,0
6161,384,0,0,1,0,0
6174,385,0,0,1,0,0
6187,386,0,0,1,0,0
6191,387,0,0,1,0,0
6205,388,0,0,1,0,0
6207,389,1,0,0,0,0
6236,390,0,0,1,0,0
6247,391,0,0,1,0,0
6251,392,0,0,1,0,0
6258,393,0,0,1,0,0
6282,394,0,0,1,0,0
6329,395,0,0,1,0,0
6330,396,0,0,1,0,0
6332,397,0,0,1,0,0
6336,398,1,0,0,0,0
6431,399,0,0,1,0,0
6432,400,1,0,0,0,0
6468,401,0,0,1,0,0
6473,402,0,0,1,0,0
6478,403,0,0,1,0,0
6484,404,0,0,1,0,0
6494,405,0,0,1,0,0
6501,406,0,0,1,0,0
6515,407,0,0,1,0,0
6619,408,0,0,1,0,0
6715,409,0,0,0,1,0
6719,410,0,0,1,0,0
6723,411,0,0,1,0,0
6765,412,0,0,1,0,0
6767,413,0,0,1,0,0
6773,414,0,0,1,0,0
6800,415,0,0,1,0,0
6804,416,0,0,1,0,0
6805,417,0,0,1,0,0
6896,418,0,0,1,0,0
6919,419,0,0,1,0,0
6952,420,0,0,1,0,0
6995,421,0,0,1,0,0
7020,422,0,0,1,0,0
7041,423,0,0,1,0,0
7045,424,0,0,1,0,0
7049,425,0,0,1,0,0
7072,426,0,0,1,0,0
7077,427,0,0,1,0,0
7148,428,0,0,1,0,0
7176,429,0,0,1,0,0
7195,430,0,0,1,0,0
7196,431,0,0,1,0,0
7197,432,0,0,1,0,0
7222,433,0,0,1,0,0
7236,434,0,0,1,0,0
7279,435,0,0,1,0,0
7283,436,1,0,0,0,0
7355,437,0,0,1,0,0
7367,438,0,0,1,0,0
7376,439,0,0,1,0,0
7386,440,0,0,1,0,0
7422,441,0,0,1,0,0
7441,442,0,0,1,0,0
7454,443,0,0,1,0,0
7462,444,0,0,1,0,0
7472,445,0,0,1,0,0
7474,446,1,0,0,0,0
7509,447,0,0,1,0,0
7517,448,0,0,1,0,0
7522,449,0,0,1,0,0
7524,450,0,0,1,0,0
7531,451,0,0,1,0,0
7547,452,0,0,1,0,0
7548,453,0,0,1,0,0
7561,454,0,0,1,0,0
7569,455,0,0,1,0,0
7673,456,0,0,0,1,0
7682,457,0,0,1,0,0
7704,458,0,0,1,0,0
7727,459,0,0,1,0,0
7730,460,0,0,1,0,0
7734,461,0,0,1,0,0
7739,462,0,0,1,0,0
7774,463,0,0,1,0,0
7860,464,0,0,0,1,0
7873,465,0,0,1,0,0
7891,466,0,0,1,0,0
7938,467,0,0,1,0,0
7980,468,0,0,1,0,0
8000,469,0,0,1,0,0
8002,470,0,0,1,0,0
8003,471,0,0,1,0,0
8013,472,0,0,1,0,0
8032,473,0,0,1,0,0
8034,474,1,0,0,0,0
8049,475,0,0,1,0,0
8071,476,0,0,1,0,0
8083,477,0,0,1,0,0
8093,478,0,0,1,0,0
8110,479,0,0,1,0,0
8129,480,0,0,1,0,0
8130,481,0,0,1,0,0
8146,482,0,0,1,0,0
8151,483,0,0,1,0,0
8152,484,0,0,1,0,0
8240,485,0,0,1,0,0
8288,486,0,0,1,0,0
8291,487,0,0,1,0,0
8293,488,0,0,1,0,0
8322,489,0,0,1,0,0
8327,490,1,0,0,0,0
8338,491,0,0,1,0,0
8367,492,0,0,1,0,0
8383,493,0,0,1,0,0
8421,494,0,0,1,0,0
8439,495,0,0,1,0,0
8464,496,0,0,1,0,0
8539,497,0,0,1,0,0
8541,498,0,0,1,0,0
8564,499,0,0,1,0,0
8589,500,0,0,1,0,0
8590,501,0,0,1,0,0
8617,502,0,0,1,0,0
8718,503,0,0,0,1,0
8799,504,0,0,1,0,0
8878,505,0,0,1,0,0
8897,506,0,0,1,0,0
8908,507,0,0,1,0,0
8934,508,0,0,1,0,0
8950,509,0,0,1,0,0
8951,510,0,0,1,0,0
8954,511,0,0,1,0,0
9035,512,0,0,1,0,0
9038,513,0,0,1,0,0
9041,514,0,0,1,0,0
9046,515,0,0,1,0,0
9056,516,0,0,1,0,0
9060,517,0,0,1,0,0
9065,518,0,0,1,0,0
9068,519,0,0,1,0,0
9119,520,0,0,1,0,0
9121,521,0,0,1,0,0
9128,522,0,0,1,0,0
9134,523,1,0,0,0,0
9139,524,0,0,1,0,0
9143,525,0,0,1,0,0
9180,526,0,0,1,0,0
9192,527,0,0,1,0,0
9228,528,0,0,1,0,0
9229,529,0,0,1,0,0
9275,530,0,0,1,0,0
9316,531,0,0,1,0,0
9333,532,0,0,1,0,0
9345,533,0,0,1,0,0
9463,534,0,0,0,1,0
9503,535,0,0,1,0,0
9509,536,0,0,1,0,0
9526,537,0,0,1,0,0
9528,538,0,0,1,0,0
9535,539,0,0,1,0,0
9538,540,1,0,0,0,0
9539,541,0,0,1,0,0
9540,542,1,0,0,0,0
9574,543,0,0,1,0,0
9654,544,0,0,1,0,0
9657,545,0,0,1,0,0
9748,546,0,0,1,0,0
9786,547,0,0,1,0,0
9787,548,0,0,1,0,0
9790,549,0,0,1,0,0
9810,550,0,0,1,0,0
9838,551,0,0,1,0,0
9842,552,0,0,1,0,0
9865,553,0,0,1,0,0
9926,554,0,0,1,0,0
9930,555,0,0,1,0,0
9947,556,0,0,1,0,0
9962,557,0,0,1,0,0
9970,558,0,0,1,0,0
10011,559,0,0,1,0,0
10066,560,0,0,1,0,0
10079,561,0,0,1,0,0
10081,562,0,0,1,0,0
10108,563,0,0,1,0,0
10117,564,0,0,1,0,0
10133,565,0,0,1,0,0
10171,566,0,0,1,0,0
10176,567,0,0,1,0,0
10275,568,0,0,1,0,0
10283,569,0,0,1,0,0
10324,570,0,0,1,0,0
10342,571,0,0,1,0,0
10419,572,0,0,1,0,0
10439,573,0,0,1,0,0
10453,574,0,0,1,0,0
10455,575,1,0,0,0,0
10470,576,0,0,1,0,0
10498,577,0,0,1,0,0
10518,578,0,0,1,0,0
10519,579,0,0,1,0,0
10527,580,0,0,1,0,0
10621,581,0,0,0,1,0
10626,582,0,0,1,0,0
10630,583,0,0,1,0,0
10644,584,0,0,1,0,0
10652,585,0,0,1,0,0
10659,586,0,0,1,0,0
10733,587,0,0,1,0,0
10739,588,0,0,1,0,0
10749,589,0,0,1,0,0
10770,590,0,0,1,0,0
10786,591,0,0,1,0,0
10808,592,0,0,1,0,0
10828,593,0,0,1,0,0
10892,594,0,0,1,0,0
10907,595,0,0,1,0,0
10983,596,0,0,1,0,0
10987,597,0,0,1,0,0
11011,598,0,0,1,0,0
11012,599,0,0,1,0,0
11024,600,0,0,1,0,0
11031,601,0,0,1,0,0
11056,602,0,0,1,0,0
11063,603,0,0,1,0,0
11110,604,0,0,1,0,0
11125,605,0,0,1,0,0
11147,606,0,0,1,0,0
11152,607,0,0,1,0,0
11153,608,0,0,1,0,0
11158,609,0,0,1,0,0
11165,610,0,0,1,0,0
11262,611,0,0,0,1,0
11263,612,0,0,1,0,0
11272,613,0,0,1,0,0
11274,614,0,0,1,0,0
11372,615,0,0,0,1,0
11373,616,0,0,1,0,0
11439,617,0,0,1,0,0
11462,618,0,0,1,0,0
11463,619,1,0,0,0,0
11508,620,0,0,1,0,0
11511,621,0,0,1,0,0
11536,622,0,0,1,0,0
11562,623,0,0,1,0,0
11568,624,1,0,0,0,0
11600,625,0,0,1,0,0
11611,626,0,0,1,0,0
11633,627,0,0,1,0,0
11636,628,1,0,0,0,0
11648,629,0,0,1,0,0
11656,630,0,0,1,0,0
11665,631,0,0,1,0,0
11671,632,0,0,1,0,0
11674,633,0,0,1,0,0
11686,634,0,0,1,0,0
11710,635,0,0,1,0,0
11714,636,0,0,1,0,0
11729,637,0,0,1,0,0
11734,638,0,0,1,0,0
11742,639,0,0,1,0,0
11746,640,0,0,1,0,0
11771,641,0,0,1,0,0
11796,642,0,0,1,0,0
11805,643,0,0,1,0,0
11811,644,0,0,1,0,0
11827,645,0,0,1,0,0
11855,646,0,0,1,0,0
11885,647,0,0,1,0,0
12009,648,0,0,0,1,0
12018,649,0,0,1,0,0
12023,650,1,0,0,0,0
12059,651,0,0,1,0,0
12068,652,0,0,1,0,0
12069,653,1,0,0,0,0
12075,654,0,0,1,0,0
12086,655,0,0,1,0,0
12150,656,0,0,1,0,0
12154,657,0,0,1,0,0
12171,658,0,0,1,0,0
12189,659,0,0,1,0,0
12202,660,0,0,1,0,0
12214,661,0,0,1,0,0
12221,662,0,0,1,0,0
12239,663,0,0,1,0,0
12244,664,0,0,1,0,0
12362,665,0,0,0,1,0
12389,666,0,0,1,0,0
12424,667,0,0,1,0,0
12457,668,0,0,1,0,0
12459,669,0,0,1,0,0
12471,670,0,0,1,0,0
12472,671,0,0,1,0,0
12476,672,1,0,0,0,0
12479,673,0,0,1,0,0
12511,674,0,0,1,0,0
12539,675,0,0,1,0,0
12542,676,0,0,1,0,0
12604,677,0,0,1,0,0
12626,678,0,0,1,0,0
12655,679,0,0,1,0,0
12662,680,0,0,1,0,0
12691,681,0,0,1,0,0
12778,682,0,0,1,0,0
12785,683,1,0,0,0,0
12794,684,0,0,1,0,0
12796,685,0,0,1,0,0
12798,686,0,0,1,0,0
12830,687,0,0,1,0,0
12837,688,0,0,1,0,0
12843,689,0,0,1,0,0
12845,690,0,0,1,0,0
12868,691,0,0,1,0,0
12996,692,0,0,0,1,0
13099,693,0,0,0,1,0
13201,694,0,0,0,1,0
13203,695,0,0,1,0,0
13220,696,0,0,1,0,0
13221,697,1,0,1,0,0
13309,698,0,0,0,1,0
13357,699,0,0,1,0,0
13363,700,0,0,1,0,0
13404,701,0,0,1,0,0
13424,702,0,0,1,0,0
13431,703,0,0,1,0,0
13451,704,0,0,1,0,0
13472,705,0,0,1,0,0
13475,706,1,0,0,0,0
13483,707,0,0,1,0,0
13519,708,0,0,1,0,0
13611,709,0,0,0,1,0
13717,710,0,0,0,1,0
13789,711,0,0,1,0,0
13794,712,0,0,1,0,0
13802,713,0,0,1,0,0
13809,714,0,0,1,0,0
13811,715,0,0,1,0,0
13846,716,0,0,1,0,0
13870,717,0,0,1,0,0
13884,718,0,0,1,0,0
13911,719,0,0,1,0,0
13946,720,0,0,1,0,0
13969,721,0,0,1,0,0
13975,722,0,0,1,0,0
14028,723,0,0,1,0,0
14051,724,0,0,1,0,0
14085,725,0,0,1,0,0
14102,726,0,0,1,0,0
14161,727,0,0,1,0,0
14163,728,1,0,0,0,0
14171,729,0,0,1,0,0
14173,730,0,0,1,0,0
14198,731,0,0,1,0,0
14200,732,0,0,1,0,0
14297,733,0,0,0,1,0
14299,734,0,0,1,0,0
14339,735,0,0,1,0,0
14341,736,0,0,1,0,0
14352,737,0,0,1,0,0
14394,738,0,0,1,0,0
14398,739,0,0,1,0,0
14399,740,0,0,1,0,0
14403,741,0,0,1,0,0
14487,742,0,0,0,1,0
14512,743,0,0,1,0,0
14518,744,0,0,1,0,0
14678,745,0,0,0,1,0
14722,746,0,0,1,0,0
14731,747,0,0,1,0,0
14813,748,0,0,1,0,0
14858,749,0,0,1,0,0
14872,750,0,0,1,0,0
14901,751,0,0,1,0,0
14902,752,0,0,1,0,0
14906,753,0,0,1,0,0
14912,754,0,0,1,0,0
14925,755,0,0,1,0,0
14926,756,0,0,1,0,0
15027,757,0,0,0,1,0
15034,758,0,0,1,0,0
15055,759,0,0,1,0,0
15058,760,0,0,1,0,0
15062,761,0,0,1,0,0
15064,762,0,0,1,0,0
15090,763,0,0,1,0,0
15099,764,0,0,1,0,0
15111,765,0,0,1,0,0
15210,766,0,0,0,1,0
15317,767,0,0,0,1,0
15341,768,0,0,1,0,0
15344,769,0,0,1,0,0
15363,770,0,0,1,0,0
15377,771,0,0,1,0,0
15378,772,0,0,1,0,0
15379,773,1,0,0,0,0
15387,774,0,0,1,0,0
15450,775,0,0,1,0,0
15552,776,0,0,1,0,0
15563,777,0,0,1,0,0
15566,778,0,0,1,0,0
15584,779,0,0,1,0,0
15589,780,0,0,1,0,0
15609,781,0,0,1,0,0
15636,782,0,0,1,0,0
15648,783,0,0,1,0,0
15649,784,0,0,1,0,0
15699,785,0,0,1,0,0
15721,786,0,0,1,0,0
15775,787,0,0,1,0,0
15855,788,0,0,1,0,0
15982,789,0,0,0,1,0
15986,790,0,0,1,0,0
16000,791,0,0,1,0,0
16001,792,0,0,1,0,0
16063,793,0,0,1,0,0
16100,794,0,0,1,0,0
16122,795,0,0,1,0,0
16133,796,0,0,1,0,0
16192,797,0,0,1,0,0
16195,798,1,0,0,0,0
16207,799,0,0,1,0,0
16212,800,1,0,0,0,0
16214,801,0,0,1,0,0
16232,802,0,0,1,0,0
16235,803,0,0,1,0,0
16252,804,0,0,1,0,0
16295,805,0,0,1,0,0
16307,806,0,0,1,0,0
16310,807,0,0,1,0,0
16332,808,0,0,1,0,0
16357,809,0,0,1,0,0
16361,810,0,0,1,0,0
16381,811,0,0,1,0,0
16384,812,0,0,1,0,0
16386,813,0,0,1,0,0
16414,814,0,0,1,0,0
16527,815,0,0,0,1,0
16574,816,0,0,1,0,0
16590,817,0,0,1,0,0
16656,818,0,0,1,0,0
16754,819,0,0,0,1,0
16781,820,0,0,1,0,0
16790,821,0,0,1,0,0
16904,822,0,0,0,1,0
16912,823,0,0,1,0,0
16978,824,0,0,1,0,0
17109,825,1,0,0,0,0
17147,826,0,0,1,0,0
17151,827,0,0,1,0,0
17189,828,0,0,1,0,0
17216,829,0,0,1,0,0
17235,830,0,0,1,0,0
17265,831,0,0,1,0,0
17279,832,0,0,1,0,0
17306,833,0,0,1,0,0
17307,834,0,0,1,0,0
17322,835,0,0,1,0,0
17367,836,0,0,1,0,0
17381,837,0,0,1,0,0
17505,838,0,0,0,1,0
17512,839,0,0,1,0,0
17513,840,0,0,1,0,0
17516,841,0,0,1,0,0
17523,842,0,0,1,0,0
17526,843,0,0,1,0,0
17564,844,0,0,1,0,0
17580,845,0,0,1,0,0
17605,846,0,0,1,0,0
17621,847,0,0,1,0,0
17637,848,0,0,1,0,0
17649,849,0,0,1,0,0
17651,850,0,0,1,0,0
17653,851,0,0,1,0,0
17663,852,0,0,1,0,0
17694,853,0,0,1,0,0
17758,854,0,0,1,0,0
17759,855,0,0,1,0,0
17762,856,0,0,1,0,0
17828,857,0,0,1,0,0
17858,858,0,0,1,0,0
17860,859,0,0,1,0,0
17877,860,0,0,1,0,0
18014,861,0,0,0,1,0
18021,862,1,0,0,0,0
18059,863,0,0,1,0,0
18079,864,0,0,1,0,0
18085,865,0,0,1,0,0
18144,866,0,0,1,0,0
18170,867,0,0,1,0,0
18174,868,0,0,1,0,0
18177,869,0,0,1,0,0
18263,870,0,0,0,1,0
18350,871,0,0,1,0,0
18354,872,0,0,1,0,0
18490,873,0,0,0,1,0
18513,874,0,0,1,0,0
18521,875,0,0,1,0,0
18583,876,0,0,1,0,0
18587,877,0,0,1,0,0
18611,878,0,0,1,0,0
18702,879,0,0,0,1,0
18854,880,0,0,0,1,0
18868,881,0,0,1,0,0
18982,882,0,0,0,1,0
18985,883,0,0,1,0,0
18998,884,0,0,1,0,0
19052,885,0,0,1,0,0
19058,886,1,0,0,0,0
19074,887,0,0,1,0,0
19260,888,0,0,0,1,0
19323,889,0,0,1,0,0
19329,890,0,0,1,0,0
19431,891,0,0,0,1,0
19442,892,0,0,1,0,0
19484,893,0,0,1,0,0
19494,894,0,0,1,0,0
19538,895,0,0,1,0,0
19546,896,0,0,1,0,0
19613,897,0,0,1,0,0
19629,898,0,0,1,0,0
19685,899,0,0,1,0,0
19717,900,0,0,1,0,0
19721,901,0,0,1,0,0
19735,902,0,0,1,0,0
19838,903,0,0,0,1,0
19853,904,0,0,1,0,0
19896,905,0,0,1,0,0
19996,906,0,0,0,1,0
19999,907,0,0,1,0,0
20007,908,0,0,1,0,0
20119,909,0,0,0,1,0
20135,910,0,0,1,0,0
20137,911,0,0,1,0,0
20174,912,0,0,1,0,0
20190,913,0,0,1,0,0
20201,914,0,0,1,0,0
20205,915,0,0,1,0,0
20210,916,0,0,1,0,0
20250,917,0,0,1,0,0
20258,918,0,0,1,0,0
20269,919,0,0,1,0,0
20290,920,0,0,1,0,0
20418,921,0,0,1,0,0
20439,922,0,0,1,0,0
20597,923,0,0,0,1,0
20621,924,0,0,1,0,0
20647,925,0,0,1,0,0
20648,926,0,0,1,0,0
20655,927,0,0,1,0,0
20658,928,0,0,1,0,0
20660,929,0,0,1,0,0
20670,930,0,0,1,0,0
20674,931,1,0,0,0,0
20711,932,0,0,1,0,0
20717,933,0,0,1,0,0
20766,934,0,0,1,0,0
20786,935,0,0,1,0,0
20830,936,0,0,1,0,0
20838,937,0,0,1,0,0
20911,938,0,0,1,0,0
21023,939,0,0,0,1,0
21029,940,0,0,1,0,0
21052,941,0,0,1,0,0
21054,942,0,0,1,0,0
21116,943,0,0,1,0,0
21124,944,1,0,0,0,0
21180,945,0,0,1,0,0
21183,946,1,0,0,0,0
21184,947,0,0,1,0,0
21196,948,0,0,1,0,0
21203,949,0,0,1,0,0
21213,950,0,0,1,0,0
21229,951,0,0,1,0,0
21276,952,0,0,1,0,0
21374,953,0,0,0,1,0
21375,954,0,0,1,0,0
21476,955,0,0,0,1,0
21594,956,0,0,0,1,0
21598,957,1,0,0,0,0
21606,958,0,0,1,0,0
21610,959,1,0,0,0,0
21734,960,0,0,0,1,0
21763,961,0,0,1,0,0
21766,962,0,0,1,0,0
21772,963,0,0,1,0,0
21916,964,0,0,0,1,0
21918,965,0,0,1,0,0
21919,966,0,0,1,0,0
21926,967,0,0,1,0,0
22033,968,0,0,0,1,0
22054,969,0,0,1,0,0
22056,970,0,0,1,0,0
22170,971,0,0,0,1,0
22328,972,0,0,1,0,0
22394,973,0,0,1,0,0
22409,974,0,0,1,0,0
22452,975,0,0,1,0,0
22482,976,0,0,1,0,0
22576,977,0,0,0,1,0
22579,978,0,0,1,0,0
22654,979,0,0,1,0,0
22656,980,0,0,1,0,0
22662,981,1,0,0,0,0
22716,982,0,0,1,0,0
22728,983,0,0,1,0,0
22749,984,0,0,1,0,0
22755,985,0,0,1,0,0
22781,986,0,0,1,0,0
22887,987,0,0,0,1,0
22921,988,0,0,1,0,0
22959,989,0,0,1,0,0
22972,990,0,0,1,0,0
23012,991,0,0,1,0,0
23024,992,0,0,1,0,0
23201,993,0,0,1,0,0
23317,994,0,0,0,1,0
23412,995,0,0,0,1,0
23441,996,0,0,1,0,0
23442,997,1,0,0,0,0
23453,998,0,0,1,0,0
23459,999,0,0,1,0,0
23501,1000,0,0,1,0,0
23531,1001,0,0,1,0,0
23576,1002,0,0,1,0,0
23660,1003,0,0,1,0,0
23711,1004,0,0,1,0,0
23715,1005,0,0,1,0,0
23832,1006,0,0,0,1,0
23869,1007,0,0,1,0,0
23964,1008,0,0,0,1,0
23965,1009,0,0,1,0,0
24081,1010,0,0,0,1,0
24173,1011,0,0,0,1,0
24175,1012,0,0,1,0,0
24208,1013,0,0,1,0,0
24309,1014,0,0,0,1,0
24408,1015,0,0,0,1,0
24432,1016,0,0,1,0,0
24437,1017,0,0,1,0,0
24505,1018,0,0,1,0,0
24507,1019,0,0,1,0,0
24510,1020,1,0,0,0,0
24545,1021,0,0,1,0,0
24552,1022,0,0,1,0,0
24556,1023,0,0,1,0,0
24559,1024,0,0,1,0,0
24579,1025,0,0,1,0,0
24580,1026,0,0,1,0,0
24584,1027,0,0,1,0,0
24622,1028,0,0,1,0,0
24638,1029,0,0,1,0,0
24743,1030,0,0,0,1,0
24842,1031,0,0,0,1,0
24903,1032,0,0,1,0,0
24975,1033,0,0,1,0,0
24994,1034,0,0,1,0,0
24996,1035,0,0,1,0,0
24999,1036,0,0,1,0,0
25029,1037,0,0,1,0,0
25099,1038,0,0,1,0,0
25132,1039,0,0,1,0,0
25136,1040,0,0,1,0,0
25143,1041,0,0,1,0,0
25246,1042,0,0,1,0,0
25248,1043,0,0,1,0,0
25430,1044,0,0,0,1,0
25435,1045,0,0,1,0,0
25449,1046,0,0,1,0,0
25508,1047,0,0,1,0,0
25550,1048,0,0,1,0,0
25578,1049,0,0,1,0,0
25628,1050,0,0,1,0,0
25639,1051,0,0,1,0,0
25643,1052,0,0,1,0,0
25645,1053,0,0,1,0,0
25764,1054,0,0,0,1,0
25769,1055,0,0,1,0,0
25771,1056,1,0,0,0,0
25772,1057,0,0,1,0,0
25834,1058,0,0,1,0,0
25836,1059,0,0,1,0,0
25958,1060,0,0,0,1,0
26050,1061,0,0,1,0,0
26262,1062,0,0,1,0,0
26363,1063,0,0,0,1,0
26367,1064,0,0,1,0,0
26391,1065,0,0,1,0,0
26398,1066,0,0,1,0,0
26400,1067,0,0,1,0,0
26409,1068,0,0,1,0,0
26410,1069,0,0,1,0,0
26452,1070,0,0,1,0,0
26551,1071,0,0,0,1,0
26580,1072,0,0,1,0,0
26593,1073,0,0,1,0,0
26629,1074,0,0,1,0,0
26725,1075,0,0,0,1,0
26764,1076,0,0,1,0,0
26785,1077,0,0,1,0,0
26874,1078,0,0,0,1,0
26891,1079,0,0,1,0,0
26928,1080,0,0,1,0,0
26963,1081,0,0,1,0,0
27063,1082,0,0,0,1,0
27214,1083,0,0,0,1,0
27223,1084,0,0,1,0,0
27294,1085,0,0,1,0,0
27308,1086,0,0,1,0,0
27320,1087,0,0,1,0,0
27439,1088,0,0,0,1,0
27444,1089,0,0,1,0,0
27476,1090,0,0,1,0,0
27606,1091,0,0,0,1,0
27679,1092,0,0,1,0,0
27717,1093,0,0,1,0,0
27719,1094,1,0,0,0,0
27754,1095,0,0,1,0,0
27765,1096,1,0,0,0,0
27868,1097,0,0,0,1,0
27990,1098,0,0,1,0,0
28134,1099,0,0,1,0,0
28136,1100,0,0,1,0,0
28144,1101,0,0,1,0,0
28181,1102,0,0,1,0,0
28182,1103,0,0,1,0,0
28184,1104,0,0,1,0,0
28313,1105,0,0,1,0,0
28401,1106,0,0,0,1,0
28407,1107,0,0,1,0,0
28415,1108,0,0,1,0,0
28427,1109,0,0,1,0,0
28428,1110,0,0,1,0,0
28524,1111,0,0,0,1,0
28545,1112,1,0,0,0,0
28614,1113,0,0,1,0,0
28618,1114,0,0,1,0,0
28621,1115,1,0,0,0,0
28730,1116,0,0,1,0,0
28823,1117,0,0,1,0,0
28861,1118,0,0,1,0,0
28887,1119,0,0,1,0,0
28909,1120,0,0,1,0,0
29023,1121,0,0,0,1,0
29028,1122,1,0,0,0,0
29033,1123,0,0,1,0,0
29035,1124,0,0,1,0,0
29127,1125,0,0,0,1,0
29140,1126,0,0,1,0,0
29151,1127,0,0,1,0,0
29177,1128,0,0,1,0,0
29277,1129,0,0,0,1,0
29326,1130,0,0,1,0,0
29338,1131,0,0,1,0,0
29342,1132,0,0,1,0,0
29348,1133,0,0,1,0,0
29459,1134,0,0,0,1,0
29462,1135,0,0,1,0,0
29464,1136,1,0,0,0,0
29588,1137,0,0,0,1,0
29727,1138,0,0,0,1,0
29757,1139,0,0,1,0,0
29896,1140,0,0,1,0,0
29992,1141,0,0,0,1,0
30053,1142,0,0,1,0,0
30086,1143,0,0,1,0,0
30175,1144,0,0,0,1,0
30223,1145,0,0,1,0,0
30256,1146,0,0,1,0,0
30363,1147,0,0,0,1,0
30438,1148,0,0,1,0,0
30444,1149,0,0,1,0,0
30450,1150,1,0,0,0,0
30472,1151,0,0,1,0,0
30632,1152,0,0,1,0,0
30637,1153,0,0,1,0,0
30679,1154,0,0,1,0,0
30693,1155,0,0,1,0,0
30843,1156,0,0,0,1,0
30995,1157,0,0,0,1,0
31260,1158,0,0,0,1,0
31374,1159,0,0,0,1,0
31491,1160,0,0,0,1,0
31603,1161,0,0,0,1,0
31620,1162,0,0,1,0,0
31624,1163,0,0,1,0,0
31729,1164,0,0,0,1,0
31848,1165,0,0,0,1,0
31937,1166,0,0,0,1,0
32141,1167,0,0,0,1,0
32148,1168,0,0,1,0,0
32236,1169,0,0,0,1,0
32260,1170,0,0,1,0,0
32325,1171,0,0,1,0,0
32327,1172,0,0,1,0,0
32440,1173,0,0,0,1,0
32467,1174,0,0,1,0,0
32505,1175,0,0,1,0,0
32596,1176,0,0,0,1,0
32750,1177,0,0,0,1,0
32767,1178,0,0,1,0,0
32773,1179,0,0,1,0,0
32774,1180,1,0,0,0,0
32837,1181,0,0,1,0,0
32892,1182,0,0,1,0,0
32995,1183,0,0,0,1,0
33091,1184,0,0,0,1,0
33109,1185,0,0,1,0,0
33111,1186,0,0,1,0,0
33128,1187,0,0,1,0,0
33133,1188,0,0,1,0,0
33153,1189,0,0,1,0,0
33360,1190,0,0,0,1,0
33365,1191,0,0,1,0,0
33368,1192,0,0,1,0,0
33448,1193,0,0,1,0,0
33584,1194,0,0,0,1,0
33720,1195,0,0,1,0,0
33750,1196,0,0,1,0,0
33758,1197,0,0,1,0,0
33899,1198,0,0,0,1,0
33905,1199,0,0,1,0,0
33908,1200,0,0,1,0,0
33925,1201,0,0,1,0,0
33927,1202,0,0,1,0,0
34032,1203,0,0,0,1,0
34097,1204,0,0,1,0,0
34116,1205,0,0,1,0,0
34154,1206,0,0,1,0,0
34180,1207,0,0,1,0,0
34196,1208,0,0,1,0,0
34308,1209,0,0,0,1,0
34369,1210,0,0,1,0,0
34420,1211,0,0,1,0,0
34471,1212,0,0,1,0,0
34492,1213,0,0,1,0,0
34533,1214,0,0,1,0,0
34609,1215,0,0,1,0,0
34641,1216,1,0,0,0,0
34737,1217,0,0,0,1,0
34742,1218,0,0,1,0,0
34844,1219,0,0,0,1,0
34952,1220,0,0,1,0,0
34958,1221,0,0,1,0,0
34964,1222,0,0,1,0,0
35112,1223,0,0,0,1,0
35137,1224,0,0,1,0,0
35162,1225,0,0,1,0,0
35165,1226,0,0,1,0,0
35167,1227,0,0,1,0,0
35233,1228,0,0,1,0,0
35296,1229,0,0,1,0,0
35411,1230,0,0,0,1,0
35550,1231,0,0,0,1,0
35575,1232,0,0,1,0,0
35577,1233,0,0,1,0,0
35582,1234,0,0,1,0,0
35710,1235,0,0,0,1,0
35770,1236,0,0,1,0,0
35836,1237,0,0,1,0,0
35843,1238,0,0,1,0,0
35844,1239,0,0,1,0,0
35980,1240,0,0,0,1,0
35991,1241,0,0,1,0,0
36144,1242,0,0,0,1,0
36162,1243,0,0,1,0,0
36292,1244,0,0,0,1,0
36327,1245,0,0,1,0,0
36358,1246,0,0,1,0,0
36448,1247,0,0,1,0,0
36552,1248,0,0,1,0,0
36659,1249,0,0,0,1,0
36765,1250,0,0,0,1,0
36873,1251,0,0,0,1,0
37004,1252,0,0,0,1,0
37028,1253,0,0,1,0,0
37156,1254,0,0,0,1,0
37216,1255,0,0,1,0,0
37321,1256,0,0,0,1,0
37335,1257,0,0,1,0,0
37339,1258,0,0,1,0,0
37373,1259,0,0,1,0,0
37409,1260,0,0,1,0,0
37446,1261,0,0,1,0,0
37451,1262,0,0,1,0,0
37453,1263,1,0,0,0,0
37547,1264,0,0,1,0,0
37552,1265,0,0,1,0,0
37558,1266,0,0,1,0,0
37656,1267,0,0,0,1,0
37766,1268,0,0,0,1,0
37767,1269,1,0,0,0,0
37769,1270,1,0,0,0,0
37779,1271,0,0,1,0,0
37792,1272,0,0,1,0,0
37883,1273,0,0,0,1,0
37983,1274,0,0,0,1,0
38019,1275,0,0,1,0,0
38026,1276,0,0,1,0,0
38034,1277,0,0,1,0,0
38211,1278,0,0,0,1,0
38227,1279,0,0,1,0,0
38247,1280,0,0,1,0,0
38340,1281,0,0,0,1,0
38385,1282,0,0,1,0,0
38396,1283,0,0,1,0,0
38513,1284,0,0,0,1,0
38533,1285,0,0,1,0,0
38566,1286,0,0,1,0,0
38568,1287,0,0,1,0,0
38669,1288,0,0,0,1,0
38707,1289,0,0,1,0,0
38720,1290,0,0,1,0,0
38808,1291,0,0,0,1,0
38809,1292,0,0,1,0,0
38824,1293,0,0,1,0,0
38825,1294,0,0,1,0,0
38858,1295,0,0,1,0,0
38947,1296,0,0,0,1,0
39056,1297,0,0,0,1,0
39230,1298,0,0,0,1,0
39255,1299,0,0,1,0,0
39317,1300,0,0,1,0,0
39411,1301,0,0,1,0,0
39521,1302,0,0,0,1,0
39657,1303,0,0,0,1,0
39738,1304,0,0,1,0,0
39741,1305,0,0,1,0,0
39775,1306,0,0,1,0,0
39810,1307,0,0,1,0,0
39834,1308,0,0,1,0,0
40015,1309,0,0,0,1,0
40023,1310,0,0,1,0,0
40027,1311,0,0,1,0,0
40039,1312,0,0,1,0,0
40426,1313,0,0,0,1,0
40536,1314,0,0,0,1,0
40578,1315,0,0,1,0,0
40592,1316,0,0,1,0,0
40616,1317,0,0,1,0,0
40623,1318,0,0,1,0,0
40732,1319,0,0,0,1,0
40733,1320,0,0,1,0,0
40781,1321,0,0,1,0,0
40954,1322,0,0,0,1,0
40956,1323,0,0,1,0,0
40969,1324,0,0,1,0,0
41070,1325,0,0,1,0,0
41083,1326,0,0,1,0,0
41228,1327,0,0,0,1,0
41236,1328,0,0,1,0,0
41366,1329,0,0,1,0,0
41387,1330,0,0,1,0,0
41433,1331,0,0,1,0,0
41434,1332,0,0,1,0,0
41435,1333,0,0,1,0,0
41880,1334,0,0,0,1,0
41888,1335,0,0,1,0,0
42067,1336,0,0,0,1,0
42181,1337,0,0,0,1,0
42217,1338,0,0,1,0,0
42262,1339,0,0,1,0,0
42264,1340,0,0,1,0,0
42285,1341,0,0,1,0,0
42292,1342,1,0,0,0,0
42395,1343,0,0,0,1,0
42417,1344,0,0,1,0,0
42631,1345,0,0,0,1,0
42697,1346,0,0,1,0,0
42701,1347,0,0,1,0,0
42794,1348,0,0,0,1,0
42904,1349,0,0,0,1,0
42905,1350,0,0,1,0,0
42911,1351,0,0,1,0,0
42952,1352,0,0,1,0,0
43397,1353,0,0,0,1,0
43416,1354,1,0,0,0,0
43514,1355,0,0,1,0,0
43535,1356,1,0,0,0,0
43665,1357,0,0,0,1,0
43769,1358,0,0,0,1,0
43802,1359,0,0,1,0,0
43823,1360,0,0,1,0,0
44137,1361,0,0,0,1,0
44323,1362,0,0,0,1,0
44326,1363,0,0,1,0,0
44336,1364,1,0,0,0,0
44434,1365,0,0,0,1,0
44601,1366,0,0,0,1,0
44703,1367,0,0,0,1,0
44804,1368,0,0,0,1,0
44807,1369,0,0,1,0,0
44912,1370,0,0,0,1,0
45047,1371,0,0,0,1,0
45048,1372,0,0,1,0,0
45053,1373,0,0,1,0,0
45108,1374,0,0,1,0,0
45226,1375,0,0,0,1,0
45348,1376,0,0,0,1,0
45352,1377,0,0,1,0,0
45455,1378,0,0,0,1,0
45580,1379,0,0,0,1,0
45687,1380,0,0,1,0,0
45710,1381,0,0,1,0,0
45773,1382,0,0,1,0,0
45826,1383,0,0,1,0,0
45844,1384,0,0,1,0,0
45957,1385,0,0,0,1,0
46077,1386,0,0,0,1,0
46143,1387,0,0,1,0,0
46268,1388,0,0,0,1,0
46302,1389,0,0,1,0,0
46311,1390,0,0,1,0,0
46451,1391,0,0,0,1,0
46453,1392,0,0,1,0,0
46462,1393,0,0,1,0,0
46482,1394,0,0,1,0,0
46495,1395,0,0,1,0,0
46601,1396,0,0,0,1,0
46753,1397,0,0,0,1,0
46757,1398,0,0,1,0,0
46952,1399,0,0,0,1,0
47070,1400,0,0,0,1,0
47162,1401,0,0,0,1,0
47177,1402,0,0,1,0,0
47317,1403,0,0,0,1,0
47487,1404,0,0,0,1,0
47511,1405,0,0,1,0,0
47541,1406,0,0,1,0,0
47719,1407,0,0,0,1,0
47813,1408,0,0,0,1,0
47865,1409,0,0,1,0,0
47933,1410,0,0,1,0,0
47934,1411,0,0,1,0,0
48050,1412,0,0,0,1,0
48053,1413,0,0,1,0,0
48054,1414,0,0,1,0,0
48055,1415,0,0,1,0,0
48184,1416,0,0,0,1,0
48213,1417,0,0,1,0,0
48312,1418,0,0,0,1,0
48336,1419,0,0,1,0,0
48484,1420,0,0,0,1,0
48593,1421,0,0,0,1,0
48597,1422,0,0,1,0,0
48722,1423,0,0,0,1,0
48744,1424,0,0,1,0,0
48760,1425,0,0,1,0,0
48898,1426,0,0,0,1,0
48952,1427,0,0,1,0,0
49127,1428,0,0,0,1,0
49130,1429,0,0,1,0,0
49175,1430,1,0,0,0,0
49279,1431,0,0,0,1,0
49315,1432,0,0,1,0,0
49419,1433,0,0,1,0,0
49422,1434,0,0,1,0,0
49448,1435,0,0,1,0,0
49476,1436,0,0,1,0,0
49517,1437,0,0,1,0,0
49533,1438,0,0,1,0,0
49660,1439,0,0,0,1,0
49719,1440,0,0,1,0,0
50121,1441,0,0,0,1,0
50288,1442,0,0,0,1,0
50441,1443,0,0,0,1,0
50451,1444,0,0,1,0,0
50541,1445,0,0,0,1,0
50584,1446,0,0,1,0,0
50587,1447,0,0,1,0,0
50668,1448,0,0,1,0,0
50775,1449,0,0,0,1,0
50784,1450,0,0,1,0,0
51284,1451,0,0,0,0,1
51318,1452,0,0,1,0,0
51516,1453,0,0,0,1,0
51535,1454,0,0,1,0,0
52035,1455,0,0,0,0,1
52182,1456,0,0,0,1,0
52364,1457,0,0,0,1,0
52496,1458,0,0,0,1,0
52659,1459,0,0,0,1,0
52750,1460,0,0,0,1,0
52837,1461,0,0,1,0,0
52855,1462,0,0,1,0,0
52876,1463,0,0,1,0,0
52973,1464,0,0,0,1,0
52987,1465,0,0,1,0,0
53201,1466,0,0,0,1,0
53324,1467,0,0,0,1,0
53469,1468,0,0,0,1,0
53475,1469,0,0,1,0,0
53476,1470,0,0,1,0,0
53490,1471,0,0,1,0,0
53503,1472,0,0,1,0,0
53504,1473,0,0,1,0,0
53505,1474,0,0,1,0,0
53629,1475,0,0,0,1,0
53710,1476,0,0,1,0,0
53719,1477,0,0,1,0,0
53910,1478,0,0,0,1,0
54022,1479,0,0,0,1,0
54130,1480,0,0,0,1,0
54235,1481,0,0,0,1,0
54239,1482,0,0,1,0,0
54255,1483,0,0,1,0,0
54461,1484,0,0,0,1,0
54465,1485,1,0,0,0,0
54599,1486,0,0,0,1,0
54782,1487,0,0,0,1,0
54969,1488,0,0,0,1,0
55093,1489,0,0,0,1,0
55097,1490,0,0,1,0,0
55343,1491,0,0,0,1,0
55543,1492,0,0,0,1,0
55740,1493,0,0,0,1,0
55922,1494,0,0,0,1,0
56125,1495,0,0,0,1,0
56157,1496,0,0,1,0,0
56324,1497,0,0,0,1,0
56371,1498,0,0,1,0,0
56462,1499,0,0,1,0,0
56479,1500,0,0,1,0,0
56575,1501,0,0,0,1,0
56701,1502,0,0,1,0,0
56712,1503,0,0,1,0,0
56722,1504,0,0,1,0,0
56746,1505,0,0,1,0,0
56751,1506,0,0,1,0,0
56757,1507,0,0,1,0,0
56787,1508,0,0,1,0,0
56839,1509,0,0,1,0,0
56841,1510,0,0,1,0,0
56887,1511,0,0,1,0,0
56909,1512,0,0,1,0,0
57076,1513,0,0,0,1,0
57278,1514,0,0,0,1,0
57374,1515,0,0,0,1,0
57504,1516,0,0,0,1,0
57632,1517,0,0,0,1,0
57635,1518,1,0,0,0,0
57727,1519,0,0,1,0,0
57763,1520,0,0,1,0,0
57768,1521,0,0,1,0,0
57773,1522,1,0,0,0,0
57939,1523,0,0,1,0,0
58003,1524,0,0,1,0,0
58085,1525,0,0,1,0,0
58108,1526,0,0,1,0,0
58223,1527,0,0,0,1,0
58235,1528,1,0,0,0,0
58335,1529,0,0,1,0,0
58342,1530,1,0,0,0,0
58347,1531,0,0,1,0,0
58362,1532,0,0,1,0,0
58477,1533,0,0,0,1,0
58516,1534,0,0,1,0,0
58547,1535,0,0,1,0,0
58550,1536,0,0,1,0,0
58682,1537,0,0,0,1,0
58695,1538,0,0,1,0,0
58696,1539,0,0,1,0,0
58818,1540,0,0,0,1,0
58824,1541,0,0,1,0,0
58829,1542,0,0,1,0,0
58831,1543,1,0,0,0,0
59025,1544,0,0,0,1,0
59123,1545,0,0,0,1,0
59160,1546,0,0,1,0,0
59319,1547,0,0,0,1,0
59338,1548,0,0,1,0,0
59339,1549,0,0,1,0,0
59382,1550,0,0,1,0,0
59542,1551,0,0,0,1,0
59554,1552,0,0,1,0,0
59730,1553,0,0,0,1,0
59857,1554,0,0,1,0,0
60061,1555,0,0,0,1,0
60156,1556,0,0,0,1,0
60346,1557,0,0,0,1,0
60562,1558,0,0,0,1,0
60694,1559,0,0,0,1,0
60730,1560,0,0,1,0,0
60867,1561,0,0,0,1,0
61060,1562,0,0,0,1,0
61085,1563,0,0,1,0,0
61088,1564,0,0,1,0,0
61197,1565,0,0,0,1,0
61314,1566,0,0,0,1,0
61424,1567,0,0,0,1,0
61603,1568,0,0,0,1,0
61616,1569,0,0,1,0,0
61819,1570,0,0,0,1,0
61870,1571,0,0,1,0,0
62064,1572,0,0,0,1,0
62266,1573,0,0,0,1,0
62268,1574,0,0,1,0,0
62375,1575,0,0,0,1,0
62378,1576,0,0,1,0,0
62548,1577,0,0,0,1,0
62737,1578,0,0,0,1,0
63228,1579,0,0,0,1,0
63259,1580,0,0,1,0,0
63354,1581,0,0,1,0,0
63375,1582,0,0,1,0,0
63525,1583,0,0,0,1,0
63714,1584,0,0,0,1,0
63719,1585,0,0,1,0,0
63729,1586,0,0,1,0,0
63917,1587,0,0,0,1,0
63920,1588,0,0,1,0,0
64228,1589,0,0,0,1,0
64395,1590,0,0,0,1,0
64512,1591,0,0,0,1,0
64571,1592,0,0,1,0,0
64758,1593,0,0,0,1,0
64855,1594,0,0,0,1,0
64967,1595,0,0,0,1,0
64972,1596,0,0,1,0,0
65128,1597,0,0,0,1,0
65134,1598,0,0,1,0,0
65326,1599,0,0,0,1,0
65470,1600,0,0,1,0,0
65638,1601,0,0,0,1,0
65734,1602,0,0,1,0,0
65912,1603,0,0,0,1,0
66104,1604,0,0,0,1,0
66226,1605,0,0,0,1,0
66266,1606,0,0,1,0,0
66269,1607,0,0,1,0,0
66369,1608,0,0,0,1,0
66382,1609,0,0,1,0,0
66501,1610,0,0,0,1,0
66682,1611,0,0,0,1,0
66821,1612,0,0,0,1,0
66903,1613,0,0,1,0,0
66920,1614,0,0,1,0,0
67047,1615,0,0,0,1,0
67189,1616,0,0,0,1,0
67190,1617,0,0,1,0,0
67300,1618,0,0,0,1,0
67321,1619,0,0,1,0,0
67323,1620,0,0,1,0,0
67325,1621,0,0,1,0,0
67382,1622,0,0,1,0,0
67385,1623,0,0,1,0,0
67512,1624,0,0,0,1,0
67660,1625,0,0,0,1,0
67874,1626,0,0,0,1,0
67875,1627,0,0,1,0,0
67889,1628,0,0,1,0,0
67981,1629,0,0,0,1,0
68011,1630,0,0,1,0,0
68012,1631,0,0,1,0,0
68103,1632,0,0,0,1,0
68251,1633,0,0,0,1,0
68355,1634,0,0,0,1,0
68455,1635,0,0,0,1,0
68479,1636,0,0,1,0,0
68602,1637,0,0,1,0,0
68645,1638,0,0,1,0,0
68780,1639,0,0,0,1,0
68938,1640,0,0,0,1,0
69115,1641,0,0,0,1,0
69130,1642,0,0,1,0,0
69141,1643,0,0,1,0,0
69150,1644,0,0,1,0,0
69166,1645,0,0,1,0,0
69284,1646,0,0,0,1,0
69298,1647,0,0,1,0,0
69488,1648,0,0,0,1,0
69659,1649,0,0,0,1,0
69668,1650,0,0,1,0,0
69717,1651,0,0,1,0,0
69898,1652,0,0,0,1,0
69899,1653,0,0,1,0,0
70045,1654,0,0,0,1,0
70165,1655,0,0,0,1,0
70191,1656,0,0,1,0,0
70318,1657,0,0,0,1,0
70437,1658,0,0,0,1,0
70533,1659,0,0,0,1,0
70534,1660,0,0,1,0,0
70537,1661,0,0,1,0,0
70701,1662,0,0,1,0,0
70785,1663,0,0,1,0,0
70823,1664,0,0,1,0,0
70960,1665,0,0,0,1,0
71086,1666,0,0,0,1,0
71177,1667,0,0,0,1,0
71320,1668,0,0,0,1,0
71507,1669,0,0,0,1,0
71655,1670,0,0,0,1,0
71756,1671,0,0,0,1,0
71940,1672,0,0,0,1,0
71979,1673,0,0,1,0,0
72107,1674,0,0,0,1,0
72146,1675,0,0,1,0,0
72275,1676,0,0,0,1,0
72581,1677,0,0,0,1,0
72776,1678,0,0,0,1,0
72978,1679,0,0,0,1,0
72998,1680,0,0,1,0,0
73160,1681,0,0,0,1,0
73304,1682,0,0,0,1,0
73804,1683,0,0,0,0,1
73944,1684,0,0,0,1,0
74098,1685,0,0,0,1,0
74274,1686,0,0,0,1,0
74275,1687,1,0,0,0,0
74389,1688,0,0,0,1,0
74476,1689,0,0,1,0,0
74544,1690,0,0,1,0,0
74750,1691,0,0,0,1,0
74793,1692,0,0,1,0,0
74904,1693,0,0,0,1,0
74907,1694,0,0,1,0,0
75107,1695,0,0,0,1,0
75124,1696,0,0,1,0,0
75136,1697,0,0,1,0,0
75314,1698,0,0,0,1,0
75315,1699,0,0,1,0,0
75316,1700,0,0,1,0,0
75364,1701,0,0,1,0,0
75502,1702,0,0,0,1,0
75640,1703,0,0,0,1,0
75642,1704,0,0,1,0,0
75803,1705,0,0,0,1,0
75879,1706,0,0,1,0,0
76007,1707,0,0,0,1,0
76269,1708,0,0,0,1,0
76374,1709,0,0,0,1,0
76868,1710,0,0,0,1,0
77016,1711,0,0,0,1,0
77038,1712,0,0,1,0,0
77252,1713,0,0,0,1,0
77372,1714,0,0,0,1,0
77377,1715,0,0,1,0,0
77534,1716,0,0,0,1,0
77537,1717,0,0,1,0,0
77714,1718,0,0,0,1,0
77843,1719,0,0,0,1,0
77978,1720,0,0,1,0,0
78152,1721,0,0,0,1,0
78176,1722,0,0,1,0,0
78198,1723,0,0,1,0,0
78311,1724,0,0,0,1,0
78456,1725,0,0,0,1,0
78458,1726,0,0,1,0,0
78619,1727,0,0,0,1,0
78734,1728,0,0,0,1,0
78843,1729,0,0,0,1,0
78853,1730,0,0,1,0,0
79069,1731,0,0,0,1,0
79468,1732,0,0,0,1,0
79610,1733,0,0,0,1,0
79612,1734,0,0,1,0,0
79728,1735,0,0,0,1,0
79738,1736,0,0,1,0,0
79899,1737,0,0,0,1,0
80051,1738,0,0,0,1,0
80057,1739,1,0,0,0,0
80242,1740,0,0,0,1,0
80278,1741,0,0,1,0,0
80285,1742,0,0,1,0,0
80286,1743,1,0,0,0,0
80424,1744,0,0,0,1,0
80483,1745,0,0,1,0,0
80484,1746,1,0,0,0,0
80588,1747,0,0,0,1,0
80613,1748,0,0,1,0,0
80790,1749,0,0,0,1,0
80791,1750,0,0,1,0,0
80795,1751,0,0,1,0,0
80870,1752,0,0,1,0,0
80998,1753,0,0,0,1,0
81100,1754,0,0,0,1,0
81253,1755,0,0,0,1,0
81422,1756,0,0,0,1,0
81570,1757,0,0,0,1,0
81755,1758,0,0,0,1,0
81930,1759,0,0,0,1,0
82002,1760,0,0,1,0,0
82232,1761,0,0,0,1,0
82351,1762,0,0,0,1,0
82477,1763,0,0,0,1,0
82671,1764,0,0,0,1,0
82675,1765,1,0,0,0,0
82766,1766,0,0,0,1,0
82771,1767,1,0,0,0,0
82906,1768,0,0,1,0,0
83077,1769,0,0,0,1,0
83243,1770,0,0,0,1,0
83332,1771,0,0,1,0,0
83435,1772,0,0,0,1,0
83436,1773,0,0,1,0,0
83550,1774,0,0,0,1,0
83850,1775,0,0,1,0,0
84050,1776,0,0,0,1,0
84059,1777,0,0,1,0,0
84061,1778,0,0,1,0,0
84197,1779,0,0,0,1,0
84345,1780,0,0,0,1,0
84487,1781,0,0,0,1,0
84650,1782,0,0,0,1,0
84652,1783,0,0,1,0,0
84792,1784,0,0,0,1,0
84910,1785,0,0,0,1,0
85019,1786,0,0,0,1,0
85194,1787,0,0,0,1,0
85305,1788,0,0,0,1,0
85378,1789,0,0,1,0,0
85550,1790,0,0,0,1,0
85703,1791,0,0,0,1,0
85842,1792,0,0,0,1,0
86009,1793,0,0,0,1,0
86016,1794,0,0,1,0,0
86192,1795,0,0,0,1,0
86202,1796,0,0,1,0,0
86294,1797,0,0,0,1,0
86435,1798,0,0,0,1,0
86579,1799,0,0,0,1,0
86633,1800,0,0,1,0,0
86641,1801,0,0,1,0,0
86757,1802,0,0,0,1,0
86891,1803,0,0,0,1,0
87086,1804,0,0,0,1,0
87116,1805,0,0,1,0,0
87294,1806,0,0,0,1,0
87502,1807,0,0,0,1,0
87616,1808,0,0,0,1,0
87640,1809,0,0,1,0,0
87662,1810,0,0,1,0,0
87671,1811,0,0,1,0,0
87874,1812,0,0,0,1,0
87879,1813,0,0,1,0,0
87976,1814,0,0,0,1,0
88213,1815,0,0,0,1,0
88373,1816,0,0,0,1,0
88408,1817,0,0,1,0,0
88526,1818,0,0,0,1,0
88560,1819,0,0,1,0,0
88697,1820,0,0,0,1,0
88711,1821,0,0,1,0,0
88818,1822,0,0,0,1,0
88827,1823,0,0,1,0,0
89003,1824,0,0,0,1,0
89205,1825,0,0,0,1,0
89388,1826,0,0,0,1,0
89532,1827,0,0,0,1,0
89689,1828,0,0,0,1,0
89832,1829,0,0,0,1,0
89855,1830,0,0,1,0,0
89861,1831,0,0,1,0,0
89863,1832,1,0,0,0,0
89962,1833,0,0,0,1,0
90112,1834,0,0,0,1,0
90312,1835,0,0,0,1,0
90320,1836,0,0,1,0,0
90327,1837,0,0,1,0,0
90450,1838,0,0,0,1,0
90635,1839,0,0,0,1,0
90686,1840,0,0,1,0,0
90839,1841,0,0,1,0,0
90951,1842,0,0,0,1,0
91122,1843,0,0,0,1,0
91296,1844,0,0,0,1,0
91403,1845,0,0,0,1,0
91551,1846,0,0,1,0,0
91562,1847,0,0,1,0,0
91742,1848,0,0,0,1,0
91897,1849,0,0,0,1,0
91997,1850,0,0,0,1,0
91998,1851,1,0,0,0,0
92114,1852,0,0,0,1,0
92257,1853,0,0,0,1,0
92426,1854,0,0,0,1,0
92616,1855,0,0,0,1,0
92617,1856,1,0,1,0,0
92709,1857,0,0,0,1,0
92808,1858,0,0,0,1,0
92950,1859,0,0,0,1,0
93143,1860,0,0,0,1,0
93306,1861,0,0,0,1,0
93496,1862,0,0,0,1,0
93547,1863,0,0,1,0,0
93639,1864,0,0,0,1,0
93825,1865,0,0,0,1,0
93986,1866,0,0,0,1,0
94143,1867,0,0,0,1,0
94335,1868,0,0,0,1,0
94537,1869,0,0,0,1,0
94729,1870,0,0,0,1,0
94891,1871,0,0,0,1,0
95002,1872,0,0,0,1,0
95011,1873,0,0,1,0,0
95018,1874,0,0,1,0,0
95025,1875,0,0,1,0,0
95176,1876,0,0,0,1,0
95268,1877,0,0,0,1,0
95367,1878,0,0,0,1,0
95564,1879,0,0,0,1,0
95647,1880,0,0,1,0,0
95829,1881,0,0,1,0,0
95988,1882,0,0,0,1,0
96101,1883,0,0,0,1,0
96218,1884,0,0,0,1,0
96396,1885,0,0,0,1,0
96550,1886,0,0,0,1,0
96741,1887,0,0,0,1,0
96886,1888,0,0,0,1,0
97021,1889,0,0,0,1,0
97131,1890,0,0,0,1,0
97199,1891,0,0,1,0,0
97218,1892,0,0,1,0,0
97260,1893,0,0,1,0,0
97468,1894,0,0,0,1,0
97477,1895,0,0,1,0,0
97672,1896,0,0,0,1,0
97680,1897,0,0,1,0,0
97783,1898,0,0,0,1,0
97994,1899,0,0,0,1,0
98191,1900,0,0,0,1,0
98212,1901,0,0,1,0,0
98353,1902,0,0,0,1,0
98395,1903,0,0,1,0,0
98557,1904,0,0,0,1,0
98648,1905,0,0,0,1,0
98804,1906,0,0,0,1,0
98811,1907,0,0,1,0,0
98841,1908,0,0,1,0,0
98951,1909,0,0,0,1,0
99391,1910,0,0,0,1,0
99491,1911,0,0,0,1,0
99582,1912,0,0,0,1,0
99748,1913,0,0,0,1,0
99921,1914,0,0,0,1,0
99936,1915,0,0,1,0,0
100125,1916,0,0,0,1,0
100140,1917,0,0,1,0,0
100527,1918,0,0,0,1,0
100548,1919,0,0,1,0,0
100739,1920,0,0,0,1,0
100744,1921,0,0,1,0,0
100746,1922,0,0,1,0,0
100843,1923,0,0,0,1,0
100994,1924,0,0,1,0,0
101090,1925,0,0,1,0,0
101100,1926,0,0,1,0,0
101250,1927,0,0,0,1,0
101320,1928,0,0,1,0,0
101478,1929,0,0,0,1,0
101577,1930,0,0,0,1,0
101770,1931,0,0,0,1,0
101979,1932,0,0,0,1,0
101986,1933,0,0,1,0,0
102010,1934,0,0,1,0,0
102072,1935,0,0,1,0,0
102268,1936,0,0,0,1,0
102453,1937,0,0,0,1,0
102556,1938,0,0,0,1,0
102596,1939,0,0,1,0,0
102602,1940,0,0,1,0,0
102719,1941,0,0,0,1,0
102834,1942,0,0,0,1,0
102981,1943,0,0,0,1,0
103112,1944,0,0,0,1,0
103251,1945,0,0,0,1,0
103252,1946,0,0,1,0,0
103351,1947,0,0,0,1,0
103564,1948,0,0,0,1,0
103751,1949,0,0,0,1,0
103757,1950,0,0,1,0,0
103768,1951,0,0,1,0,0
103851,1952,0,0,1,0,0
103853,1953,0,0,1,0,0
103857,1954,1,0,0,0,0
103861,1955,1,0,0,0,0
103864,1956,0,0,1,0,0
103868,1957,1,0,0,0,0
103877,1958,0,0,1,0,0
103920,1959,0,0,1,0,0
104037,1960,0,0,0,1,0
104163,1961,0,0,1,0,0
104397,1962,0,0,0,1,0
104406,1963,0,0,1,0,0
104668,1964,0,0,0,1,0
105034,1965,0,0,0,1,0
105150,1966,0,0,1,0,0
105270,1967,0,0,1,0,0
105372,1968,0,0,0,1,0
105662,1969,0,0,0,1,0
105683,1970,0,0,1,0,0
105684,1971,1,0,0,0,0
105750,1972,0,0,1,0,0
105775,1973,0,0,1,0,0
105812,1974,0,0,1,0,0
105981,1975,0,0,0,1,0
106086,1976,0,0,0,1,0
106244,1977,0,0,0,1,0
106418,1978,0,0,0,1,0
106579,1979,0,0,0,1,0
106583,1980,1,0,0,0,0
106711,1981,0,0,0,1,0
106717,1982,0,0,1,0,0
106792,1983,0,0,1,0,0
106906,1984,0,0,0,1,0
107027,1985,0,0,0,1,0
107034,1986,0,0,1,0,0
107188,1987,0,0,0,1,0
107392,1988,0,0,0,1,0
107515,1989,0,0,0,1,0
107606,1990,0,0,1,0,0
107807,1991,0,0,0,1,0
107808,1992,1,0,0,0,0
107975,1993,0,0,0,1,0
108121,1994,0,0,0,1,0
108224,1995,0,0,0,1,0
108411,1996,0,0,0,1,0
108516,1997,0,0,0,1,0
108689,1998,0,0,0,1,0
108764,1999,0,0,1,0,0
108778,2000,0,0,1,0,0
108963,2001,0,0,0,1,0
109136,2002,0,0,0,1,0
109289,2003,0,0,0,1,0
109393,2004,0,0,0,1,0
109540,2005,0,0,0,1,0
109689,2006,0,0,0,1,0
109846,2007,0,0,0,1,0
109979,2008,0,0,0,1,0
110122,2009,0,0,0,1,0
110254,2010,0,0,0,1,0
110260,2011,1,0,0,0,0
110409,2012,0,0,0,1,0
110590,2013,0,0,0,1,0
110691,2014,0,0,0,1,0
110866,2015,0,0,0,1,0
110869,2016,0,0,1,0,0
110873,2017,1,0,0,0,0
111067,2018,0,0,0,1,0
111107,2019,0,0,1,0,0
111298,2020,0,0,0,1,0
111401,2021,0,0,1,0,0
111572,2022,0,0,0,1,0
111573,2023,0,0,1,0,0
111660,2024,0,0,1,0,0
111810,2025,0,0,0,1,0
112102,2026,0,0,0,1,0
112104,2027,0,0,1,0,0
112126,2028,0,0,1,0,0
112271,2029,0,0,0,1,0
112310,2030,0,0,1,0,0
112311,2031,0,0,1,0,0
112507,2032,0,0,0,1,0
112725,2033,0,0,0,1,0
112756,2034,0,0,1,0,0
112927,2035,0,0,0,1,0
113115,2036,0,0,0,1,0
113151,2037,0,0,1,0,0
113369,2038,0,0,0,1,0
113514,2039,0,0,0,1,0
113559,2040,0,0,1,0,0
113688,2041,0,0,0,1,0
113689,2042,0,0,1,0,0
113880,2043,0,0,0,1,0
113969,2044,0,0,1,0,0
114013,2045,0,0,1,0,0
114149,2046,0,0,0,1,0
114323,2047,0,0,0,1,0
114327,2048,1,0,0,0,0
114429,2049,0,0,0,1,0
114620,2050,0,0,0,1,0
114623,2051,0,0,1,0,0
114741,2052,0,0,0,1,0
114875,2053,0,0,0,1,0
115040,2054,0,0,0,1,0
115219,2055,0,0,0,1,0
115238,2056,0,0,1,0,0
115389,2057,0,0,0,1,0
115595,2058,0,0,0,1,0
115653,2059,0,0,1,0,0
115686,2060,0,0,1,0,0
115727,2061,0,0,1,0,0
115854,2062,0,0,0,1,0
116025,2063,0,0,0,1,0
116172,2064,0,0,0,1,0
116291,2065,0,0,0,1,0
116480,2066,0,0,0,1,0
116686,2067,0,0,0,1,0
116796,2068,0,0,1,0,0
116886,2069,0,0,1,0,0
116911,2070,0,0,1,0,0
117117,2071,0,0,0,1,0
117333,2072,0,0,0,1,0
117334,2073,0,0,1,0,0
117344,2074,0,0,1,0,0
117544,2075,0,0,0,1,0
117745,2076,0,0,0,1,0
117887,2077,0,0,0,1,0
118023,2078,0,0,0,1,0
118082,2079,0,0,1,0,0
118205,2080,0,0,0,1,0
118407,2081,0,0,0,1,0
118488,2082,0,0,1,0,0
118666,2083,0,0,0,1,0
118815,2084,0,0,0,1,0
118939,2085,0,0,0,1,0
119039,2086,0,0,0,1,0
119232,2087,0,0,0,1,0
119392,2088,0,0,0,1,0
119496,2089,0,0,0,1,0
119523,2090,0,0,1,0,0
119703,2091,0,0,0,1,0
119713,2092,0,0,1,0,0
119714,2093,1,0,0,0,0
119804,2094,0,0,0,1,0
119806,2095,0,0,1,0,0
119957,2096,0,0,0,1,0
120006,2097,0,0,1,0,0
120008,2098,1,0,0,0,0
120150,2099,0,0,0,1,0
120156,2100,1,0,0,0,0
120371,2101,0,0,0,1,0
120487,2102,0,0,0,1,0
120494,2103,1,0,0,0,0
120664,2104,0,0,0,1,0
120857,2105,0,0,0,1,0
120970,2106,0,0,0,1,0
120978,2107,0,0,1,0,0
120985,2108,0,0,1,0,0
121134,2109,0,0,0,1,0
121255,2110,0,0,0,1,0
121341,2111,0,0,1,0,0
121443,2112,0,0,0,1,0
121595,2113,0,0,0,1,0
121597,2114,0,0,1,0,0
121603,2115,0,0,1,0,0
121611,2116,0,0,1,0,0
121769,2117,0,0,0,1,0
121927,2118,0,0,1,0,0
121939,2119,0,0,1,0,0
122052,2120,0,0,1,0,0
122082,2121,0,0,1,0,0
122201,2122,0,0,0,1,0
122456,2123,0,0,0,1,0
122657,2124,0,0,0,1,0
122776,2125,0,0,0,1,0
122963,2126,0,0,0,1,0
123118,2127,0,0,0,1,0
123223,2128,0,0,0,1,0
123241,2129,0,0,1,0,0
123257,2130,0,0,1,0,0
123399,2131,0,0,0,1,0
123517,2132,0,0,0,1,0
123524,2133,0,0,1,0,0
123669,2134,0,0,0,1,0
123761,2135,0,0,0,1,0
123942,2136,0,0,0,1,0
124049,2137,0,0,0,1,0
124180,2138,0,0,0,1,0
124182,2139,0,0,1,0,0
124350,2140,0,0,0,1,0
124520,2141,0,0,0,1,0
124698,2142,0,0,0,1,0
124845,2143,0,0,0,1,0
125036,2144,0,0,0,1,0
125199,2145,0,0,0,1,0
125304,2146,0,0,0,1,0
125423,2147,0,0,0,1,0
125530,2148,0,0,0,1,0
125531,2149,1,0,0,0,0
125678,2150,0,0,0,1,0
125852,2151,0,0,0,1,0
126049,2152,0,0,0,1,0
126085,2153,0,0,1,0,0
126279,2154,0,0,0,1,0
126418,2155,0,0,0,1,0
126420,2156,0,0,1,0,0
126539,2157,0,0,0,1,0
126738,2158,0,0,0,1,0
126758,2159,0,0,1,0,0
126925,2160,0,0,0,1,0
127058,2161,0,0,0,1,0
127244,2162,0,0,0,1,0
127361,2163,0,0,0,1,0
127476,2164,0,0,0,1,0
127505,2165,0,0,1,0,0
127670,2166,0,0,0,1,0
127846,2167,0,0,0,1,0
127983,2168,0,0,0,1,0
127987,2169,1,0,0,0,0
128077,2170,0,0,0,1,0
128195,2171,0,0,0,1,0
128305,2172,0,0,0,1,0
128310,2173,0,0,1,0,0
128435,2174,0,0,0,1,0
128561,2175,0,0,0,1,0
128704,2176,0,0,0,1,0
128896,2177,0,0,0,1,0
129060,2178,0,0,0,1,0
129248,2179,0,0,0,1,0
129262,2180,0,0,1,0,0
129434,2181,0,0,0,1,0
129629,2182,0,0,0,1,0
129725,2183,0,0,0,1,0
129781,2184,0,0,1,0,0
129804,2185,0,0,1,0,0
129991,2186,0,0,0,1,0
130106,2187,0,0,0,1,0
130235,2188,0,0,0,1,0
130338,2189,0,0,0,1,0
130461,2190,0,0,0,1,0
130604,2191,0,0,0,1,0
130773,2192,0,0,0,1,0
130779,2193,0,0,1,0,0
130783,2194,0,0,1,0,0
130924,2195,0,0,0,1,0
130968,2196,0,0,1,0,0
130972,2197,0,0,1,0,0
131147,2198,0,0,0,1,0
131155,2199,0,0,1,0,0
131342,2200,0,0,0,1,0
131346,2201,0,0,1,0,0
131404,2202,0,0,1,0,0
131520,2203,0,0,0,1,0
131734,2204,0,0,0,1,0
131747,2205,0,0,1,0,0
131749,2206,0,0,1,0,0
131750,2207,0,0,1,0,0
131867,2208,0,0,0,1,0
131893,2209,0,0,1,0,0
132070,2210,0,0,0,1,0
132160,2211,0,0,0,1,0
132297,2212,0,0,0,1,0
132447,2213,0,0,0,1,0
132625,2214,0,0,0,1,0
132773,2215,0,0,0,1,0
132832,2216,0,0,1,0,0
133011,2217,0,0,0,1,0
133235,2218,0,0,0,1,0
133392,2219,0,0,0,1,0
133591,2220,0,0,0,1,0
133598,2221,1,0,0,0,0
133600,2222,0,0,1,0,0
133754,2223,0,0,0,1,0
133928,2224,0,0,0,1,0
134062,2225,0,0,0,1,0
134234,2226,0,0,0,1,0
134236,2227,0,0,1,0,0
134405,2228,0,0,0,1,0
134580,2229,0,0,0,1,0
134748,2230,0,0,0,1,0
134933,2231,0,0,0,1,0
134939,2232,0,0,1,0,0
134948,2233,0,0,1,0,0
134958,2234,0,0,1,0,0
135090,2235,0,0,0,1,0
135201,2236,0,0,0,1,0
135208,2237,0,0,1,0,0
135345,2238,0,0,0,1,0
135488,2239,0,0,0,1,0
135502,2240,0,0,1,0,0
135659,2241,0,0,0,1,0
135774,2242,0,0,0,1,0
135780,2243,1,0,0,0,0
135951,2244,0,0,0,1,0
136108,2245,0,0,0,1,0
136226,2246,0,0,0,1,0
136246,2247,0,0,1,0,0
136421,2248,0,0,0,1,0
136519,2249,0,0,0,1,0
136557,2250,0,0,1,0,0
136696,2251,0,0,0,1,0
136816,2252,0,0,0,1,0
136958,2253,0,0,0,1,0
137057,2254,0,0,1,0,0
137058,2255,0,0,1,0,0
137180,2256,0,0,0,1,0
137369,2257,0,0,0,1,0
137509,2258,0,0,0,1,0
137514,2259,0,0,1,0,0
137682,2260,0,0,0,1,0
137805,2261,0,0,0,1,0
138012,2262,0,0,0,1,0
138177,2263,0,0,0,1,0
138184,2264,1,0,0,0,0
138291,2265,0,0,0,1,0
138331,2266,0,0,1,0,0
138485,2267,0,0,0,1,0
138654,2268,0,0,0,1,0
138815,2269,0,0,0,1,0
138980,2270,0,0,0,1,0
138986,2271,0,0,1,0,0
139075,2272,0,0,0,1,0
139089,2273,0,0,1,0,0
139240,2274,0,0,0,1,0
139349,2275,0,0,0,1,0
139475,2276,0,0,0,1,0
139621,2277,0,0,0,1,0
139793,2278,0,0,0,1,0
139983,2279,0,0,0,1,0
140044,2280,0,0,1,0,0
140187,2281,0,0,0,1,0
140350,2282,0,0,0,1,0
140529,2283,0,0,0,1,0
140705,2284,0,0,0,1,0
140707,2285,0,0,1,0,0
140936,2286,0,0,0,1,0
141134,2287,0,0,0,1,0
141223,2288,0,0,0,1,0
141230,2289,0,0,1,0,0
141300,2290,0,0,1,0,0
141421,2291,0,0,0,1,0
141563,2292,0,0,0,1,0
141567,2293,1,0,0,0,0
141729,2294,0,0,0,1,0
141871,2295,0,0,1,0,0
142036,2296,0,0,0,1,0
142131,2297,0,0,0,1,0
142140,2298,0,0,1,0,0
142142,2299,0,0,1,0,0
142150,2300,1,0,0,0,0
142306,2301,0,0,0,1,0
142438,2302,0,0,0,1,0
142644,2303,0,0,0,1,0
142766,2304,0,0,0,1,0
142907,2305,0,0,0,1,0
142931,2306,0,0,1,0,0
143084,2307,0,0,0,1,0
143184,2308,0,0,0,1,0
143377,2309,0,0,0,1,0
143533,2310,0,0,0,1,0
143694,2311,0,0,0,1,0
143857,2312,0,0,0,1,0
144069,2313,0,0,0,1,0
144074,2314,1,0,0,0,0
144215,2315,0,0,0,1,0
144242,2316,0,0,1,0,0
144430,2317,0,0,0,1,0
144637,2318,0,0,0,1,0
144640,2319,1,0,0,0,0
144771,2320,0,0,0,1,0
144908,2321,0,0,0,1,0
144960,2322,0,0,1,0,0
145066,2323,0,0,0,1,0
145068,2324,0,0,1,0,0
145241,2325,0,0,0,1,0
145256,2326,0,0,1,0,0
145386,2327,0,0,0,1,0
145471,2328,0,0,1,0,0
145620,2329,0,0,0,1,0
145637,2330,0,0,1,0,0
145644,2331,0,0,1,0,0
145741,2332,0,0,0,1,0
145928,2333,0,0,0,1,0
146114,2334,0,0,0,1,0
146115,2335,0,0,1,0,0
146196,2336,0,0,1,0,0
146216,2337,0,0,1,0,0
146323,2338,0,0,0,1,0
146342,2339,0,0,1,0,0
146520,2340,0,0,0,1,0
146606,2341,0,0,1,0,0
146763,2342,0,0,0,1,0
146767,2343,0,0,1,0,0
146870,2344,0,0,0,1,0
147029,2345,0,0,0,1,0
147171,2346,0,0,0,1,0
147242,2347,0,0,1,0,0
147335,2348,0,0,0,1,0
147488,2349,0,0,0,1,0
147519,2350,0,0,1,0,0
147700,2351,0,0,0,1,0
147939,2352,0,0,0,1,0
148068,2353,0,0,0,1,0
148236,2354,0,0,1,0,0
148407,2355,0,0,0,1,0
148602,2356,0,0,0,1,0
148734,2357,0,0,0,1,0
148902,2358,0,0,0,1,0
148903,2359,0,0,1,0,0
148907,2360,0,0,1,0,0
149029,2361,0,0,0,1,0
149159,2362,0,0,0,1,0
149356,2363,0,0,0,1,0
149565,2364,0,0,0,1,0
149664,2365,0,0,0,1,0
149666,2366,0,0,1,0,0
149816,2367,0,0,0,1,0
149942,2368,0,0,1,0,0
150048,2369,0,0,0,1,0
150149,2370,0,0,0,1,0
150283,2371,0,0,0,1,0
150442,2372,0,0,0,1,0
150561,2373,0,0,0,1,0
150572,2374,0,0,1,0,0
150620,2375,0,0,1,0,0
150731,2376,0,0,1,0,0
150870,2377,0,0,0,1,0
150900,2378,0,0,1,0,0
151106,2379,0,0,0,1,0
151236,2380,0,0,0,1,0
151239,2381,0,0,1,0,0
151411,2382,0,0,0,1,0
151624,2383,0,0,0,1,0
151672,2384,0,0,1,0,0
151797,2385,0,0,0,1,0
151935,2386,0,0,0,1,0
151969,2387,0,0,1,0,0
151975,2388,1,0,0,0,0
151984,2389,0,0,1,0,0
152191,2390,0,0,0,1,0
152310,2391,0,0,0,1,0
152367,2392,0,0,1,0,0
152469,2393,0,0,0,1,0
152626,2394,0,0,0,1,0
152821,2395,0,0,0,1,0
152994,2396,0,0,0,1,0
153031,2397,0,0,1,0,0
153240,2398,0,0,0,1,0
153410,2399,0,0,0,1,0
153536,2400,0,0,0,1,0
153689,2401,0,0,0,1,0
153799,2402,0,0,0,1,0
153905,2403,0,0,0,1,0
154070,2404,0,0,0,1,0
154197,2405,0,0,0,1,0
154219,2406,0,0,1,0,0
154350,2407,0,0,0,1,0
154352,2408,0,0,1,0,0
154453,2409,0,0,0,1,0
154617,2410,0,0,0,1,0
154807,2411,0,0,0,1,0
154849,2412,0,0,1,0,0
154866,2413,0,0,1,0,0
155042,2414,0,0,0,1,0
155199,2415,0,0,0,1,0
155379,2416,0,0,0,1,0
155476,2417,0,0,1,0,0
155674,2418,0,0,0,1,0
155739,2419,0,0,1,0,0
155887,2420,0,0,0,1,0
156016,2421,0,0,0,1,0
156074,2422,0,0,1,0,0
156231,2423,0,0,0,1,0
156367,2424,0,0,0,1,0
156548,2425,0,0,0,1,0
156737,2426,0,0,0,1,0
156870,2427,0,0,0,1,0
157012,2428,0,0,0,1,0
157019,2429,0,0,1,0,0
157207,2430,0,0,0,1,0
157265,2431,0,0,1,0,0
157323,2432,0,0,1,0,0
157498,2433,0,0,1,0,0
157631,2434,0,0,0,1,0
157771,2435,0,0,0,1,0
157779,2436,0,0,1,0,0
157923,2437,0,0,0,1,0
158062,2438,0,0,0,1,0
158236,2439,0,0,0,1,0
158444,2440,0,0,0,1,0
158625,2441,0,0,0,1,0
158835,2442,0,0,0,1,0
158975,2443,0,0,0,1,0
159092,2444,0,0,0,1,0
159097,2445,0,0,1,0,0
159250,2446,0,0,0,1,0
159385,2447,0,0,0,1,0
159388,2448,0,0,1,0,0
159397,2449,0,0,1,0,0
159535,2450,0,0,0,1,0
159740,2451,0,0,0,1,0
159915,2452,0,0,0,1,0
159918,2453,0,0,1,0,0
160077,2454,0,0,0,1,0
160282,2455,0,0,0,1,0
160428,2456,0,0,0,1,0
160536,2457,0,0,0,1,0
160735,2458,0,0,0,1,0
160834,2459,0,0,0,1,0
160965,2460,0,0,0,1,0
161082,2461,0,0,0,1,0
161126,2462,0,0,1,0,0
161218,2463,0,0,1,0,0
161219,2464,0,0,1,0,0
161408,2465,0,0,0,1,0
161588,2466,0,0,0,1,0
161682,2467,0,0,0,1,0
161793,2468,0,0,0,1,0
161909,2469,0,0,0,1,0
161984,2470,0,0,1,0,0
162107,2471,0,0,0,1,0
162199,2472,0,0,0,1,0
162396,2473,0,0,0,1,0
162527,2474,0,0,0,1,0
162729,2475,0,0,0,1,0
162842,2476,0,0,0,1,0
163039,2477,0,0,0,1,0
163177,2478,0,0,0,1,0
163370,2479,0,0,0,1,0
163500,2480,0,0,0,1,0
163657,2481,0,0,0,1,0
163660,2482,1,0,0,0,0
163841,2483,0,0,0,1,0
163982,2484,0,0,0,1,0
164133,2485,0,0,0,1,0
164136,2486,0,0,1,0,0
164276,2487,0,0,0,1,0
164313,2488,0,0,1,0,0
164524,2489,0,0,0,1,0
164683,2490,0,0,0,1,0
164833,2491,0,0,0,1,0
165031,2492,0,0,0,1,0
165224,2493,0,0,0,1,0
165228,2494,1,0,0,0,0
165388,2495,0,0,0,1,0
165479,2496,0,0,1,0,0
165658,2497,0,0,0,1,0
165792,2498,0,0,0,1,0
165911,2499,0,0,0,1,0
166034,2500,0,0,0,1,0
166100,2501,0,0,1,0,0
166235,2502,0,0,0,1,0
166314,2503,0,0,1,0,0
166474,2504,0,0,0,1,0
166605,2505,0,0,0,1,0
166757,2506,0,0,0,1,0
166798,2507,0,0,1,0,0
166799,2508,0,0,1,0,0
166968,2509,0,0,0,1,0
167191,2510,0,0,0,1,0
167279,2511,0,0,1,0,0
167401,2512,0,0,0,1,0
167554,2513,0,0,0,1,0
167599,2514,0,0,1,0,0
167602,2515,1,0,0,0,0
167616,2516,0,0,1,0,0
167809,2517,0,0,0,1,0
167916,2518,0,0,0,1,0
167918,2519,0,0,1,0,0
168122,2520,0,0,0,1,0
168223,2521,0,0,0,1,0
168416,2522,0,0,0,1,0
168483,2523,0,0,1,0,0
168648,2524,0,0,0,1,0
168791,2525,0,0,0,1,0
168996,2526,0,0,0,1,0
169132,2527,0,0,0,1,0
169150,2528,0,0,1,0,0
169278,2529,0,0,0,1,0
169445,2530,0,0,0,1,0
169505,2531,0,0,1,0,0
169706,2532,0,0,0,1,0
169791,2533,0,0,1,0,0
169963,2534,0,0,0,1,0
170073,2535,0,0,0,1,0
170191,2536,0,0,0,1,0
170410,2537,0,0,0,1,0
170417,2538,0,0,1,0,0
170447,2539,0,0,1,0,0
170626,2540,0,0,0,1,0
170627,2541,1,0,0,0,0
170806,2542,0,0,0,1,0
170936,2543,0,0,0,1,0
171080,2544,0,0,0,1,0
171222,2545,0,0,0,1,0
171353,2546,0,0,0,1,0
171498,2547,0,0,0,1,0
171633,2548,0,0,0,1,0
171794,2549,0,0,0,1,0
171957,2550,0,0,0,1,0
172157,2551,0,0,0,1,0
172348,2552,0,0,0,1,0
172533,2553,0,0,0,1,0
172720,2554,0,0,0,1,0
172866,2555,0,0,0,1,0
173034,2556,0,0,0,1,0
173038,2557,1,0,0,0,0
173166,2558,0,0,0,1,0
173302,2559,0,0,0,1,0
173490,2560,0,0,0,1,0
173697,2561,0,0,0,1,0
173831,2562,0,0,0,1,0
173931,2563,0,0,0,1,0
174021,2564,0,0,1,0,0
174058,2565,0,0,1,0,0
174060,2566,0,0,1,0,0
174215,2567,0,0,0,1,0
174363,2568,0,0,0,1,0
174560,2569,0,0,0,1,0
174739,2570,0,0,0,1,0
174747,2571,0,0,1,0,0
174748,2572,0,0,1,0,0
174750,2573,0,0,1,0,0
174936,2574,0,0,0,1,0
175064,2575,0,0,0,1,0
175178,2576,0,0,0,1,0
175182,2577,1,0,0,0,0
175382,2578,0,0,0,1,0
175388,2579,1,0,0,0,0
175537,2580,0,0,0,1,0
175689,2581,0,0,0,1,0
175844,2582,0,0,0,1,0
175938,2583,0,0,1,0,0
176086,2584,0,0,0,1,0
176244,2585,0,0,0,1,0
176252,2586,0,0,1,0,0
176266,2587,0,0,1,0,0
176483,2588,0,0,0,1,0
176640,2589,0,0,0,1,0
176791,2590,0,0,0,1,0
176985,2591,0,0,0,1,0
177113,2592,0,0,0,1,0
177119,2593,1,0,0,0,0
177269,2594,0,0,0,1,0
177436,2595,0,0,0,1,0
177643,2596,0,0,0,1,0
177804,2597,0,0,0,1,0
177996,2598,0,0,0,1,0
178168,2599,0,0,0,1,0
178174,2600,0,0,1,0,0
178337,2601,0,0,0,1,0
178448,2602,0,0,0,1,0
178585,2603,0,0,0,1,0
178698,2604,0,0,0,1,0
178886,2605,0,0,0,1,0
179000,2606,0,0,0,1,0
179152,2607,0,0,0,1,0
179238,2608,0,0,0,1,0
179345,2609,0,0,0,1,0
179524,2610,0,0,0,1,0
179633,2611,0,0,0,1,0
179782,2612,0,0,0,1,0
179887,2613,0,0,0,1,0
180066,2614,0,0,0,1,0
180183,2615,0,0,0,1,0
180187,2616,1,0,0,0,0
180334,2617,0,0,0,1,0
180484,2618,0,0,0,1,0
180642,2619,0,0,0,1,0
180755,2620,0,0,0,1,0
180938,2621,0,0,0,1,0
180940,2622,1,0,0,0,0
181137,2623,0,0,0,1,0
181335,2624,0,0,0,1,0
181468,2625,0,0,0,1,0
181644,2626,0,0,0,1,0
181748,2627,0,0,0,1,0
181777,2628,0,0,1,0,0
181782,2629,1,0,0,0,0
181787,2630,1,0,0,0,0
181895,2631,0,0,0,1,0
182022,2632,0,0,0,1,0
182109,2633,0,0,1,0,0
182115,2634,0,0,1,0,0
182289,2635,0,0,0,1,0
182290,2636,0,0,1,0,0
182433,2637,0,0,0,1,0
182549,2638,0,0,0,1,0
182733,2639,0,0,0,1,0
182881,2640,0,0,0,1,0
183082,2641,0,0,0,1,0
183237,2642,0,0,0,1,0
183241,2643,1,0,0,0,0
183351,2644,0,0,0,1,0
183510,2645,0,0,0,1,0
183636,2646,0,0,0,1,0
183737,2647,0,0,0,1,0
183852,2648,0,0,0,1,0
184008,2649,0,0,0,1,0
184174,2650,0,0,0,1,0
184371,2651,0,0,0,1,0
184513,2652,0,0,0,1,0
184672,2653,0,0,0,1,0
184938,2654,0,0,0,1,0
185051,2655,0,0,0,1,0
185255,2656,0,0,0,1,0
185402,2657,0,0,0,1,0
185561,2658,0,0,0,1,0
185683,2659,0,0,0,1,0
185688,2660,0,0,1,0,0
185812,2661,0,0,0,1,0
185814,2662,0,0,1,0,0
185995,2663,0,0,0,1,0
186131,2664,0,0,0,1,0
186319,2665,0,0,0,1,0
186321,2666,1,0,0,0,0
186324,2667,0,0,1,0,0
186524,2668,0,0,0,1,0
186595,2669,0,0,1,0,0
186598,2670,1,0,0,0,0
186752,2671,0,0,0,1,0
186902,2672,0,0,0,1,0
187106,2673,0,0,0,1,0
187142,2674,0,0,1,0,0
187305,2675,0,0,0,1,0
187417,2676,0,0,0,1,0
187520,2677,0,0,0,1,0
187527,2678,1,0,0,0,0
187667,2679,0,0,0,1,0
187668,2680,1,0,0,0,0
187848,2681,0,0,0,1,0
187977,2682,0,0,0,1,0
188134,2683,0,0,0,1,0
188237,2684,0,0,1,0,0
188345,2685,0,0,0,1,0
188444,2686,0,0,0,1,0
188623,2687,0,0,0,1,0
188663,2688,0,0,1,0,0
188796,2689,0,0,0,1,0
188913,2690,0,0,0,1,0
189087,2691,0,0,0,1,0
189232,2692,0,0,0,1,0
189371,2693,0,0,0,1,0
189377,2694,1,0,0,0,0
189518,2695,0,0,0,1,0
189673,2696,0,0,0,1,0
189777,2697,0,0,0,1,0
189977,2698,0,0,0,1,0
190090,2699,0,0,0,1,0
190255,2700,0,0,0,1,0
190430,2701,0,0,0,1,0
190604,2702,0,0,0,1,0
190777,2703,0,0,0,1,0
190908,2704,0,0,0,1,0
190968,2705,0,0,1,0,0
191126,2706,0,0,0,1,0
191264,2707,0,0,0,1,0
191456,2708,0,0,0,1,0
191590,2709,0,0,0,1,0
191767,2710,0,0,0,1,0
191867,2711,0,0,0,1,0
192045,2712,0,0,0,1,0
192055,2713,0,0,1,0,0
192157,2714,0,0,0,1,0
192332,2715,0,0,0,1,0
192528,2716,0,0,0,1,0
192710,2717,0,0,0,1,0
192816,2718,0,0,0,1,0
193030,2719,0,0,0,1,0
193169,2720,0,0,0,1,0
193336,2721,0,0,0,1,0
193547,2722,0,0,0,1,0
193664,2723,0,0,0,1,0
193667,2724,1,0,0,0,0
193671,2725,1,0,0,0,0
193811,2726,0,0,0,1,0
193951,2727,0,0,0,1,0
194077,2728,0,0,0,1,0
194198,2729,0,0,0,1,0
194370,2730,0,0,0,1,0
194514,2731,0,0,0,1,0
194728,2732,0,0,0,1,0
194943,2733,0,0,0,1,0
195033,2734,0,0,1,0,0
195182,2735,0,0,0,1,0
195321,2736,0,0,0,1,0
195447,2737,0,0,0,1,0
195453,2738,1,0,0,0,0
195646,2739,0,0,0,1,0
195755,2740,0,0,0,1,0
195917,2741,0,0,0,1,0
195920,2742,0,0,1,0,0
195951,2743,0,0,1,0,0
196057,2744,0,0,0,1,0
196068,2745,0,0,1,0,0
196102,2746,0,0,1,0,0
196202,2747,0,0,0,1,0
196339,2748,0,0,0,1,0
196466,2749,0,0,0,1,0
196566,2750,0,0,0,1,0
196678,2751,0,0,0,1,0
196765,2752,0,0,1,0,0
196924,2753,0,0,0,1,0
197063,2754,0,0,0,1,0
197232,2755,0,0,0,1,0
197402,2756,0,0,0,1,0
197536,2757,0,0,1,0,0
197687,2758,0,0,0,1,0
197799,2759,0,0,0,1,0
197811,2760,0,0,1,0,0
197927,2761,0,0,0,1,0
197941,2762,0,0,1,0,0
198109,2763,0,0,0,1,0
198321,2764,0,0,0,1,0
198355,2765,0,0,1,0,0
198469,2766,0,0,1,0,0
198665,2767,0,0,0,1,0
198873,2768,0,0,0,1,0
199083,2769,0,0,0,1,0
199208,2770,0,0,0,1,0
199422,2771,0,0,0,1,0
199569,2772,0,0,0,1,0
199753,2773,0,0,0,1,0
199917,2774,0,0,0,1,0
200113,2775,0,0,0,1,0
200211,2776,0,0,0,1,0
200217,2777,0,0,1,0,0
200414,2778,0,0,0,1,0
200415,2779,1,0,0,0,0
200549,2780,0,0,0,1,0
200665,2781,0,0,0,1,0
200806,2782,0,0,0,1,0
200934,2783,0,0,0,1,0
201028,2784,0,0,0,1,0
201171,2785,0,0,0,1,0
201307,2786,0,0,0,1,0
201705,2787,0,0,0,1,0
201807,2788,0,0,0,1,0
201924,2789,0,0,0,1,0
201943,2790,0,0,1,0,0
201952,2791,0,0,1,0,0
202074,2792,0,0,0,1,0
202254,2793,0,0,0,1,0
202423,2794,0,0,0,1,0
202549,2795,0,0,0,1,0
202741,2796,0,0,0,1,0
202899,2797,0,0,0,1,0
203038,2798,0,0,1,0,0
203213,2799,0,0,0,1,0
203370,2800,0,0,0,1,0
203537,2801,0,0,0,1,0
203723,2802,0,0,0,1,0
203839,2803,0,0,0,1,0
203843,2804,1,0,0,0,0
204036,2805,0,0,0,1,0
204043,2806,0,0,1,0,0
204249,2807,0,0,0,1,0
204396,2808,0,0,0,1,0
204589,2809,0,0,0,1,0
204592,2810,0,0,1,0,0
204747,2811,0,0,0,1,0
204956,2812,0,0,0,1,0
205111,2813,0,0,0,1,0
205200,2814,0,0,0,1,0
205366,2815,0,0,0,1,0
205506,2816,0,0,0,1,0
205652,2817,0,0,0,1,0
205784,2818,0,0,0,1,0
205957,2819,0,0,1,0,0
206046,2820,0,0,1,0,0
206145,2821,0,0,0,1,0
206294,2822,0,0,0,1,0
206375,2823,0,0,1,0,0
206550,2824,0,0,0,1,0
206570,2825,0,0,1,0,0
206690,2826,0,0,0,1,0
206820,2827,0,0,0,1,0
206826,2828,0,0,1,0,0
206984,2829,0,0,0,1,0
206993,2830,1,0,0,0,0
207131,2831,0,0,0,1,0
207317,2832,0,0,0,1,0
207504,2833,0,0,0,1,0
207674,2834,0,0,0,1,0
207812,2835,0,0,0,1,0
207822,2836,1,0,0,0,0
207958,2837,0,0,0,1,0
208047,2838,0,0,0,1,0
208146,2839,0,0,0,1,0
208368,2840,0,0,0,1,0
208486,2841,0,0,0,1,0
208569,2842,0,0,1,0,0
208719,2843,0,0,0,1,0
208932,2844,0,0,0,1,0
209185,2845,0,0,0,1,0
209365,2846,0,0,0,1,0
209475,2847,0,0,0,1,0
209667,2848,0,0,0,1,0
209710,2849,0,0,1,0,0
209865,2850,0,0,0,1,0
210018,2851,0,0,0,1,0
210142,2852,0,0,0,1,0
210282,2853,0,0,0,1,0
210399,2854,0,0,0,1,0
210595,2855,0,0,0,1,0
210757,2856,0,0,0,1,0
210937,2857,0,0,0,1,0
211149,2858,0,0,0,1,0
211289,2859,0,0,0,1,0
211291,2860,0,0,1,0,0
211418,2861,0,0,0,1,0
211552,2862,0,0,0,1,0
211687,2863,0,0,0,1,0
211852,2864,0,0,0,1,0
212021,2865,0,0,0,1,0
212220,2866,0,0,0,1,0
212383,2867,0,0,0,1,0
212574,2868,0,0,0,1,0
212578,2869,0,0,1,0,0
212583,2870,1,0,0,0,0
212701,2871,0,0,0,1,0
212801,2872,0,0,0,1,0
212932,2873,0,0,0,1,0
213038,2874,0,0,0,1,0
213185,2875,0,0,0,1,0
213287,2876,0,0,0,1,0
213475,2877,0,0,0,1,0
213605,2878,0,0,0,1,0
213821,2879,0,0,0,1,0
214012,2880,0,0,0,1,0
214186,2881,0,0,0,1,0
214319,2882,0,0,0,1,0
214327,2883,0,0,1,0,0
214453,2884,0,0,0,1,0
214478,2885,0,0,1,0,0
214558,2886,0,0,1,0,0
214724,2887,0,0,0,1,0
214726,2888,0,0,1,0,0
214856,2889,0,0,0,1,0
214995,2890,0,0,0,1,0
215000,2891,0,0,1,0,0
215196,2892,0,0,0,1,0
215342,2893,0,0,0,1,0
215386,2894,0,0,1,0,0
215387,2895,1,0,0,0,0
215576,2896,0,0,0,1,0
215730,2897,0,0,0,1,0
215832,2898,0,0,0,1,0
215837,2899,1,0,0,0,0
215978,2900,0,0,0,1,0
216118,2901,0,0,0,1,0
216267,2902,0,0,0,1,0
216434,2903,0,0,0,1,0
216448,2904,0,0,1,0,0
216592,2905,0,0,0,1,0
216746,2906,0,0,0,1,0
216857,2907,0,0,0,1,0
216988,2908,0,0,0,1,0
217174,2909,0,0,0,1,0
217307,2910,0,0,0,1,0
217440,2911,0,0,0,1,0
217549,2912,0,0,0,1,0
217552,2913,1,0,0,0,0
217665,2914,0,0,0,1,0
217822,2915,0,0,0,1,0
217927,2916,0,0,0,1,0
218135,2917,0,0,0,1,0
218295,2918,0,0,0,1,0
218333,2919,0,0,1,0,0
218411,2920,0,0,1,0,0
218609,2921,0,0,0,1,0
218616,2922,0,0,1,0,0
218752,2923,0,0,0,1,0
218893,2924,0,0,0,1,0
219101,2925,0,0,0,1,0
219245,2926,0,0,0,1,0
219431,2927,0,0,0,1,0
219644,2928,0,0,0,1,0
219648,2929,0,0,1,0,0
219763,2930,0,0,0,1,0
219857,2931,0,0,0,1,0
220011,2932,0,0,1,0,0
220109,2933,0,0,1,0,0
220250,2934,0,0,0,1,0
220425,2935,0,0,0,1,0
220606,2936,0,0,0,1,0
220611,2937,1,0,0,0,0
220755,2938,0,0,0,1,0
220943,2939,0,0,0,1,0
221032,2940,0,0,0,1,0
221228,2941,0,0,0,1,0
221341,2942,0,0,0,1,0
221409,2943,0,0,1,0,0
221536,2944,0,0,0,1,0
221697,2945,0,0,0,1,0
221828,2946,0,0,0,1,0
221980,2947,0,0,0,1,0
221986,2948,1,0,0,0,0
222114,2949,0,0,0,1,0
222221,2950,0,0,0,1,0
222383,2951,0,0,0,1,0
222544,2952,0,0,0,1,0
222716,2953,0,0,0,1,0
222737,2954,0,0,1,0,0
222757,2955,0,0,1,0,0
222859,2956,0,0,0,1,0
222862,2957,1,0,0,0,0
223013,2958,0,0,0,1,0
223222,2959,0,0,0,1,0
223327,2960,0,0,0,1,0
223424,2961,0,0,0,1,0
223531,2962,0,0,1,0,0
223737,2963,0,0,0,1,0
223950,2964,0,0,0,1,0
223958,2965,1,0,0,0,0
224131,2966,0,0,0,1,0
224296,2967,0,0,0,1,0
224473,2968,0,0,0,1,0
224636,2969,0,0,0,1,0
224815,2970,0,0,0,1,0
224904,2971,0,0,0,1,0
225080,2972,0,0,0,1,0
225280,2973,0,0,0,1,0
225298,2974,0,0,1,0,0
225408,2975,0,0,1,0,0
225550,2976,0,0,0,1,0
225686,2977,0,0,0,1,0
225803,2978,0,0,0,1,0
225857,2979,0,0,1,0,0
226036,2980,0,0,0,1,0
226141,2981,0,0,0,1,0
226337,2982,0,0,0,1,0
226532,2983,0,0,0,1,0
226707,2984,0,0,0,1,0
226876,2985,0,0,0,1,0
227053,2986,0,0,0,1,0
227249,2987,0,0,0,1,0
227366,2988,0,0,0,1,0
227504,2989,0,0,0,1,0
227622,2990,0,0,0,1,0
227760,2991,0,0,0,1,0
227969,2992,0,0,0,1,0
228163,2993,0,0,0,1,0
228314,2994,0,0,0,1,0
228512,2995,0,0,0,1,0
228660,2996,0,0,0,1,0
228852,2997,0,0,0,1,0
228985,2998,0,0,0,1,0
229170,2999,0,0,0,1,0
229363,3000,0,0,0,1,0
229535,3001,0,0,0,1,0
229542,3002,1,0,0,0,0
229713,3003,0,0,0,1,0
229762,3004,0,0,1,0,0
229905,3005,0,0,0,1,0
229941,3006,0,0,1,0,0
230064,3007,0,0,0,1,0
230173,3008,0,0,0,1,0
230194,3009,0,0,1,0,0
230200,3010,1,0,0,0,0
230202,3011,0,0,1,0,0
230305,3012,0,0,0,1,0
230438,3013,0,0,0,1,0
230592,3014,0,0,0,1,0
230594,3015,1,0,0,0,0
230786,3016,0,0,0,1,0
230791,3017,1,0,0,0,0
230858,3018,0,0,1,0,0
230988,3019,0,0,0,1,0
231124,3020,0,0,0,1,0
231267,3021,0,0,0,1,0
231411,3022,0,0,0,1,0
231514,3023,0,0,0,1,0
231737,3024,0,0,0,1,0
231916,3025,0,0,0,1,0
232057,3026,0,0,1,0,0
232259,3027,0,0,0,1,0
232412,3028,0,0,0,1,0
232540,3029,0,0,0,1,0
232713,3030,0,0,0,1,0
232893,3031,0,0,0,1,0
233106,3032,0,0,0,1,0
233259,3033,0,0,0,1,0
233386,3034,0,0,0,1,0
233572,3035,0,0,0,1,0
233699,3036,0,0,0,1,0
233844,3037,0,0,0,1,0
234033,3038,0,0,0,1,0
234146,3039,0,0,0,1,0
234269,3040,0,0,0,1,0
234448,3041,0,0,0,1,0
234650,3042,0,0,0,1,0
234851,3043,0,0,0,1,0
234869,3044,0,0,1,0,0
234924,3045,0,0,1,0,0
235070,3046,0,0,0,1,0
235296,3047,0,0,0,1,0
235298,3048,1,0,0,0,0
235421,3049,0,0,0,1,0
235422,3050,0,0,1,0,0
235452,3051,0,0,1,0,0
235466,3052,0,0,1,0,0
235612,3053,0,0,0,1,0
235720,3054,0,0,0,1,0
235929,3055,0,0,0,1,0
236030,3056,0,0,0,1,0
236084,3057,0,0,1,0,0
236376,3058,0,0,0,1,0
236493,3059,0,0,0,1,0
236497,3060,1,0,0,0,0
236636,3061,0,0,0,1,0
236750,3062,0,0,0,1,0
236918,3063,0,0,0,1,0
236925,3064,1,0,0,0,0
237061,3065,0,0,0,1,0
237211,3066,0,0,0,1,0
237344,3067,0,0,0,1,0
237562,3068,0,0,0,1,0
237572,3069,0,0,1,0,0
237740,3070,0,0,0,1,0
237933,3071,0,0,0,1,0
237940,3072,0,0,1,0,0
238147,3073,0,0,0,1,0
238148,3074,0,0,1,0,0
238285,3075,0,0,0,1,0
238452,3076,0,0,0,1,0
238597,3077,0,0,0,1,0
238686,3078,0,0,0,1,0
238802,3079,0,0,0,1,0
238949,3080,0,0,0,1,0
239136,3081,0,0,0,1,0
239284,3082,0,0,0,1,0
239488,3083,0,0,0,1,0
239693,3084,0,0,0,1,0
239836,3085,0,0,0,1,0
240007,3086,0,0,0,1,0
240130,3087,0,0,0,1,0
240276,3088,0,0,0,1,0
240373,3089,0,0,0,1,0
240514,3090,0,0,0,1,0
240637,3091,0,0,0,1,0
240678,3092,0,0,1,0,0
240828,3093,0,0,0,1,0
240854,3094,0,0,1,0,0
240977,3095,0,0,0,1,0
241094,3096,0,0,0,1,0
241214,3097,0,0,0,1,0
241390,3098,0,0,0,1,0
241595,3099,0,0,0,1,0
241754,3100,0,0,0,1,0
241890,3101,0,0,0,1,0
242114,3102,0,0,0,1,0
242306,3103,0,0,0,1,0
242466,3104,0,0,0,1,0
242622,3105,0,0,0,1,0
242814,3106,0,0,0,1,0
242933,3107,0,0,0,1,0
243089,3108,0,0,0,1,0
243090,3109,1,0,0,0,0
243295,3110,0,0,0,1,0
243477,3111,0,0,0,1,0
243654,3112,0,0,0,1,0
243794,3113,0,0,0,1,0
243930,3114,0,0,0,1,0
244109,3115,0,0,0,1,0
244112,3116,0,0,1,0,0
244243,3117,0,0,0,1,0
244456,3118,0,0,0,1,0
244634,3119,0,0,0,1,0
244782,3120,0,0,0,1,0
244889,3121,0,0,0,1,0
245039,3122,0,0,0,1,0
245188,3123,0,0,0,1,0
245277,3124,0,0,0,1,0
245321,3125,0,0,1,0,0
245454,3126,0,0,0,1,0
245455,3127,0,0,1,0,0
245484,3128,0,0,1,0,0
245694,3129,0,0,0,1,0
245869,3130,0,0,0,1,0
246003,3131,0,0,0,1,0
246111,3132,0,0,0,1,0
246263,3133,0,0,0,1,0
246393,3134,0,0,0,1,0
246555,3135,0,0,0,1,0
246594,3136,0,0,1,0,0
246679,3137,0,0,1,0,0
246790,3138,0,0,0,1,0
246927,3139,0,0,0,1,0
246937,3140,1,0,0,0,0
246942,3141,1,0,0,0,0
246944,3142,0,0,1,0,0
247123,3143,0,0,1,0,0
247302,3144,0,0,0,1,0
247440,3145,0,0,0,1,0
247637,3146,0,0,0,1,0
247809,3147,0,0,0,1,0
247979,3148,0,0,0,1,0
248111,3149,0,0,0,1,0
248240,3150,0,0,0,1,0
248408,3151,0,0,0,1,0
248606,3152,0,0,0,1,0
248611,3153,0,0,1,0,0
248756,3154,0,0,0,1,0
248758,3155,0,0,1,0,0
248954,3156,0,0,0,1,0
249107,3157,0,0,0,1,0
249113,3158,1,0,0,0,0
249271,3159,0,0,0,1,0
249424,3160,0,0,0,1,0
249556,3161,0,0,0,1,0
249694,3162,0,0,0,1,0
249844,3163,0,0,0,1,0
249983,3164,0,0,0,1,0
250153,3165,0,0,0,1,0
250209,3166,0,0,1,0,0
250381,3167,0,0,0,1,0
250494,3168,0,0,0,1,0
250648,3169,0,0,0,1,0
250649,3170,1,0,0,0,0
250786,3171,0,0,0,1,0
250794,3172,1,0,0,0,0
250998,3173,0,0,0,1,0
251113,3174,0,0,0,1,0
251123,3175,0,0,1,0,0
251325,3176,0,0,0,1,0
251505,3177,0,0,0,1,0
251708,3178,0,0,0,1,0
251835,3179,0,0,0,1,0
251948,3180,0,0,0,1,0
252120,3181,0,0,0,1,0
252202,3182,0,0,1,0,0
252339,3183,0,0,0,1,0
252511,3184,0,0,0,1,0
252705,3185,0,0,0,1,0
252833,3186,0,0,0,1,0
252931,3187,0,0,0,1,0
253102,3188,0,0,0,1,0
253248,3189,0,0,0,1,0
253423,3190,0,0,0,1,0
253461,3191,0,0,1,0,0
253632,3192,0,0,0,1,0
253770,3193,0,0,0,1,0
253938,3194,0,0,0,1,0
254001,3195,0,0,1,0,0
254167,3196,0,0,0,1,0
254295,3197,0,0,0,1,0
254388,3198,0,0,1,0,0
254534,3199,0,0,0,1,0
254544,3200,0,0,1,0,0
254682,3201,0,0,0,1,0
254847,3202,0,0,0,1,0
255006,3203,0,0,0,1,0
255156,3204,0,0,0,1,0
255305,3205,0,0,0,1,0
255479,3206,0,0,0,1,0
255671,3207,0,0,0,1,0
255828,3208,0,0,0,1,0
255939,3209,0,0,0,1,0
256140,3210,0,0,0,1,0
256299,3211,0,0,0,1,0
256470,3212,0,0,0,1,0
256652,3213,0,0,0,1,0
256871,3214,0,0,0,1,0
256912,3215,0,0,1,0,0
257088,3216,0,0,0,1,0
257210,3217,0,0,0,1,0
257406,3218,0,0,0,1,0
257622,3219,0,0,0,1,0
257775,3220,0,0,0,1,0
257802,3221,0,0,1,0,0
257963,3222,0,0,0,1,0
257965,3223,0,0,1,0,0
258155,3224,0,0,0,1,0
258156,3225,0,0,1,0,0
258279,3226,0,0,0,1,0
258449,3227,0,0,0,1,0
258450,3228,0,0,1,0,0
258564,3229,0,0,0,1,0
258692,3230,0,0,0,1,0
258885,3231,0,0,0,1,0
259085,3232,0,0,0,1,0
259294,3233,0,0,0,1,0
259495,3234,0,0,0,1,0
259502,3235,1,0,0,0,0
259680,3236,0,0,0,1,0
259807,3237,0,0,0,1,0
259921,3238,0,0,0,1,0
260057,3239,0,0,0,1,0
260201,3240,0,0,0,1,0
260204,3241,1,0,0,0,0
260369,3242,0,0,0,1,0
260375,3243,1,0,0,0,0
260559,3244,0,0,0,1,0
260658,3245,0,0,0,1,0
260796,3246,0,0,1,0,0
260911,3247,0,0,0,1,0
261006,3248,0,0,0,1,0
261121,3249,0,0,0,1,0
261176,3250,0,0,1,0,0
261316,3251,0,0,0,1,0
261360,3252,0,0,1,0,0
261499,3253,0,0,0,1,0
261674,3254,0,0,0,1,0
261845,3255,0,0,0,1,0
262038,3256,0,0,0,1,0
262206,3257,0,0,0,1,0
262337,3258,0,0,0,1,0
262455,3259,0,0,0,1,0
262610,3260,0,0,0,1,0
262745,3261,0,0,0,1,0
262854,3262,0,0,1,0,0
263061,3263,0,0,0,1,0
263208,3264,0,0,0,1,0
263364,3265,0,0,0,1,0
263512,3266,0,0,0,1,0
263677,3267,0,0,0,1,0
263892,3268,0,0,0,1,0
264106,3269,0,0,0,1,0
264237,3270,0,0,0,1,0
264400,3271,0,0,0,1,0
264615,3272,0,0,0,1,0
264620,3273,1,0,0,0,0
264825,3274,0,0,0,1,0
264995,3275,0,0,0,1,0
265084,3276,0,0,0,1,0
265193,3277,0,0,0,1,0
265195,3278,0,0,1,0,0
265201,3279,1,0,0,0,0
265395,3280,0,0,0,1,0
265574,3281,0,0,0,1,0
265697,3282,0,0,0,1,0
265888,3283,0,0,0,1,0
266088,3284,0,0,0,1,0
266283,3285,0,0,0,1,0
266407,3286,0,0,1,0,0
266585,3287,0,0,0,1,0
266757,3288,0,0,0,1,0
266892,3289,0,0,0,1,0
267038,3290,0,0,0,1,0
267216,3291,0,0,0,1,0
267404,3292,0,0,0,1,0
267557,3293,0,0,0,1,0
267665,3294,0,0,0,1,0
267830,3295,0,0,0,1,0
267970,3296,0,0,0,1,0
268155,3297,0,0,0,1,0
268312,3298,0,0,0,1,0
268384,3299,0,0,1,0,0
268514,3300,0,0,0,1,0
268654,3301,0,0,0,1,0
268835,3302,0,0,0,1,0
269001,3303,0,0,0,1,0
269174,3304,0,0,0,1,0
269360,3305,0,0,0,1,0
269365,3306,1,0,0,0,0
269483,3307,0,0,0,1,0
269661,3308,0,0,0,1,0
269662,3309,1,0,0,0,0
269728,3310,0,0,1,0,0
269865,3311,0,0,0,1,0
270002,3312,0,0,0,1,0
270157,3313,0,0,0,1,0
270330,3314,0,0,0,1,0
270452,3315,0,0,0,1,0
270555,3316,0,0,0,1,0
270708,3317,0,0,0,1,0
270808,3318,0,0,0,1,0
270948,3319,0,0,1,0,0
271058,3320,0,0,0,1,0
271105,3321,0,0,1,0,0
271150,3322,0,0,1,0,0
271298,3323,0,0,0,1,0
271475,3324,0,0,0,1,0
271569,3325,0,0,0,1,0
271671,3326,0,0,1,0,0
271874,3327,0,0,0,1,0
272007,3328,0,0,0,1,0
272011,3329,0,0,1,0,0
272186,3330,0,0,0,1,0
272305,3331,0,0,0,1,0
272468,3332,0,0,0,1,0
272620,3333,0,0,0,1,0
272722,3334,0,0,0,1,0
272875,3335,0,0,0,1,0
273008,3336,0,0,0,1,0
273166,3337,0,0,0,1,0
273265,3338,0,0,0,1,0
273370,3339,0,0,0,1,0
273440,3340,0,0,1,0,0
273453,3341,0,0,1,0,0
273604,3342,0,0,0,1,0
273738,3343,0,0,0,1,0
273843,3344,0,0,0,1,0
273985,3345,0,0,0,1,0
274104,3346,0,0,0,1,0
274163,3347,0,0,1,0,0
274279,3348,0,0,1,0,0
274423,3349,0,0,0,1,0
274596,3350,0,0,0,1,0
274740,3351,0,0,0,1,0
274784,3352,0,0,1,0,0
274904,3353,0,0,0,1,0
274971,3354,0,0,1,0,0
275163,3355,0,0,0,1,0
275166,3356,1,0,0,0,0
275347,3357,0,0,0,1,0
275470,3358,0,0,0,1,0
275597,3359,0,0,0,1,0
275766,3360,0,0,0,1,0
275920,3361,0,0,0,1,0
276036,3362,0,0,0,1,0
276184,3363,0,0,1,0,0
276240,3364,0,0,1,0,0
276378,3365,0,0,0,1,0
276439,3366,0,0,1,0,0
276551,3367,0,0,0,1,0
276689,3368,0,0,0,1,0
276822,3369,0,0,0,1,0
276982,3370,0,0,0,1,0
277106,3371,0,0,0,1,0
277130,3372,0,0,1,0,0
277310,3373,0,0,0,1,0
277446,3374,0,0,0,1,0
277608,3375,0,0,0,1,0
277763,3376,0,0,0,1,0
277952,3377,0,0,0,1,0
278142,3378,0,0,0,1,0
278272,3379,0,0,0,1,0
278395,3380,0,0,0,1,0
278535,3381,0,0,0,1,0
278543,3382,0,0,1,0,0
278544,3383,0,0,1,0,0
278668,3384,0,0,0,1,0
278674,3385,1,0,0,0,0
278863,3386,0,0,0,1,0
278971,3387,0,0,0,1,0
279161,3388,0,0,0,1,0
279329,3389,0,0,0,1,0
279342,3390,1,0,0,0,0
279477,3391,0,0,0,1,0
279620,3392,0,0,0,1,0
279809,3393,0,0,0,1,0
279829,3394,0,0,1,0,0
280040,3395,0,0,0,1,0
280272,3396,0,0,0,1,0
280311,3397,0,0,1,0,0
280496,3398,0,0,0,1,0
280638,3399,0,0,0,1,0
280727,3400,0,0,0,1,0
280870,3401,0,0,0,1,0
281047,3402,0,0,0,1,0
281197,3403,0,0,0,1,0
281355,3404,0,0,0,1,0
281357,3405,0,0,1,0,0
281504,3406,0,0,0,1,0
281658,3407,0,0,0,1,0
281812,3408,0,0,0,1,0
281844,3409,0,0,1,0,0
281895,3410,0,0,1,0,0
281963,3411,0,0,1,0,0
281971,3412,0,0,1,0,0
282094,3413,0,0,0,1,0
282271,3414,0,0,0,1,0
282429,3415,0,0,0,1,0
282496,3416,0,0,1,0,0
282683,3417,0,0,0,1,0
282846,3418,0,0,0,1,0
282977,3419,0,0,0,1,0
283116,3420,0,0,0,1,0
283239,3421,0,0,0,1,0
283361,3422,0,0,0,1,0
283559,3423,0,0,0,1,0
283689,3424,0,0,0,1,0
283733,3425,0,0,1,0,0
283937,3426,0,0,0,1,0
283948,3427,0,0,1,0,0
284114,3428,0,0,0,1,0
284235,3429,0,0,0,1,0
284383,3430,0,0,0,1,0
284494,3431,0,0,0,1,0
284637,3432,0,0,0,1,0
284772,3433,0,0,0,1,0
284775,3434,1,0,0,0,0
284975,3435,0,0,0,1,0
285102,3436,0,0,0,1,0
285247,3437,0,0,0,1,0
285373,3438,0,0,0,1,0
285459,3439,0,0,1,0,0
285616,3440,0,0,0,1,0
285617,3441,0,0,1,0,0
285618,3442,1,0,0,0,0
285740,3443,0,0,1,0,0
285917,3444,0,0,0,1,0
286053,3445,0,0,0,1,0
286168,3446,0,0,0,1,0
286274,3447,0,0,0,1,0
286303,3448,0,0,1,0,0
286356,3449,0,0,1,0,0
286533,3450,0,0,0,1,0
286679,3451,0,0,0,1,0
286841,3452,0,0,0,1,0
286998,3453,0,0,0,1,0
286999,3454,0,0,1,0,0
287127,3455,0,0,0,1,0
287253,3456,0,0,0,1,0
287431,3457,0,0,0,1,0
287542,3458,0,0,0,1,0
287543,3459,0,0,1,0,0
287727,3460,0,0,0,1,0
287780,3461,0,0,1,0,0
287876,3462,0,0,0,1,0
288017,3463,0,0,0,1,0
288189,3464,0,0,0,1,0
288362,3465,0,0,0,1,0
288515,3466,0,0,0,1,0
288671,3467,0,0,0,1,0
288734,3468,0,0,1,0,0
288929,3469,0,0,0,1,0
289112,3470,0,0,0,1,0
289289,3471,0,0,0,1,0
289343,3472,0,0,1,0,0
289480,3473,0,0,0,1,0
289635,3474,0,0,0,1,0
289641,3475,1,0,0,0,0
289645,3476,1,0,0,0,0
289830,3477,0,0,0,1,0
290004,3478,0,0,0,1,0
290159,3479,0,0,0,1,0
290212,3480,0,0,1,0,0
290224,3481,0,0,1,0,0
290307,3482,0,0,1,0,0
290435,3483,0,0,0,1,0
290598,3484,0,0,0,1,0
290773,3485,0,0,0,1,0
290826,3486,0,0,1,0,0
291019,3487,0,0,0,1,0
291021,3488,0,0,1,0,0
291174,3489,0,0,0,1,0
291323,3490,0,0,0,1,0
291529,3491,0,0,0,1,0
291755,3492,0,0,0,1,0
291914,3493,0,0,0,1,0
292087,3494,0,0,0,1,0
292276,3495,0,0,0,1,0
292340,3496,0,0,1,0,0
292512,3497,0,0,0,1,0
292697,3498,0,0,0,1,0
292878,3499,0,0,0,1,0
293021,3500,0,0,0,1,0
293196,3501,0,0,0,1,0
293363,3502,0,0,0,1,0
293540,3503,0,0,0,1,0
293615,3504,0,0,1,0,0
293814,3505,0,0,0,1,0
293815,3506,0,0,1,0,0
293929,3507,0,0,0,1,0
294030,3508,0,0,0,1,0
294032,3509,0,0,1,0,0
294071,3510,0,0,1,0,0
294274,3511,0,0,0,1,0
294430,3512,0,0,0,1,0
294545,3513,0,0,0,1,0
294696,3514,0,0,0,1,0
294820,3515,0,0,0,1,0
294961,3516,0,0,0,1,0
295107,3517,0,0,0,1,0
295272,3518,0,0,0,1,0
295467,3519,0,0,0,1,0
295593,3520,0,0,1,0,0
295714,3521,0,0,0,1,0
295927,3522,0,0,0,1,0
296149,3523,0,0,0,1,0
296296,3524,0,0,0,1,0
296410,3525,0,0,0,1,0
296474,3526,0,0,1,0,0
296477,3527,0,0,1,0,0
296599,3528,0,0,0,1,0
296608,3529,0,0,1,0,0
296775,3530,0,0,0,1,0
296945,3531,0,0,0,1,0
296950,3532,1,0,0,0,0
297082,3533,0,0,0,1,0
297223,3534,0,0,0,1,0
297409,3535,0,0,0,1,0
297521,3536,0,0,1,0,0
297656,3537,0,0,0,1,0
297681,3538,0,0,1,0,0
297817,3539,0,0,0,1,0
297818,3540,0,0,1,0,0
297895,3541,0,0,1,0,0
298105,3542,0,0,0,1,0
298145,3543,0,0,1,0,0
298292,3544,0,0,0,1,0
298300,3545,0,0,1,0,0
298421,3546,0,0,0,1,0
298529,3547,0,0,0,1,0
298667,3548,0,0,0,1,0
298791,3549,0,0,0,1,0
298959,3550,0,0,0,1,0
299072,3551,0,0,1,0,0
299201,3552,0,0,0,1,0
299355,3553,0,0,0,1,0
299477,3554,0,0,0,1,0
299647,3555,0,0,0,1,0
299793,3556,0,0,0,1,0
299892,3557,0,0,1,0,0
300017,3558,0,0,0,1,0
300049,3559,0,0,1,0,0
300146,3560,0,0,0,1,0
300190,3561,0,0,1,0,0
300303,3562,0,0,0,1,0
300377,3563,0,0,1,0,0
300483,3564,0,0,0,1,0
300665,3565,0,0,0,1,0
300814,3566,0,0,0,1,0
301026,3567,0,0,0,1,0
301187,3568,0,0,0,1,0
301285,3569,0,0,0,1,0
301490,3570,0,0,0,1,0
301637,3571,0,0,0,1,0
301804,3572,0,0,0,1,0
301858,3573,0,0,1,0,0
301917,3574,0,0,1,0,0
302092,3575,0,0,0,1,0
302098,3576,1,0,0,0,0
302105,3577,0,0,1,0,0
302216,3578,0,0,0,1,0
302382,3579,0,0,0,1,0
302562,3580,0,0,0,1,0
302727,3581,0,0,0,1,0
302906,3582,0,0,0,1,0
303088,3583,0,0,0,1,0
303238,3584,0,0,0,1,0
303242,3585,1,0,0,0,0
303390,3586,0,0,0,1,0
303397,3587,1,0,0,0,0
303531,3588,0,0,0,1,0
303737,3589,0,0,0,1,0
303891,3590,0,0,0,1,0
303959,3591,0,0,1,0,0
304114,3592,0,0,0,1,0
304123,3593,0,0,1,0,0
304288,3594,0,0,0,1,0
304483,3595,0,0,0,1,0
304504,3596,0,0,1,0,0
304529,3597,0,0,1,0,0
304530,3598,0,0,1,0,0
304561,3599,0,0,1,0,0
304755,3600,0,0,0,1,0
304866,3601,0,0,0,1,0
305023,3602,0,0,0,1,0
305025,3603,0,0,1,0,0
305033,3604,0,0,1,0,0
305156,3605,0,0,0,1,0
305283,3606,0,0,0,1,0
305287,3607,0,0,1,0,0
305455,3608,0,0,0,1,0
305602,3609,0,0,0,1,0
305755,3610,0,0,0,1,0
305933,3611,0,0,0,1,0
306106,3612,0,0,0,1,0
306237,3613,0,0,0,1,0
306392,3614,0,0,0,1,0
306563,3615,0,0,0,1,0
306747,3616,0,0,0,1,0
306854,3617,0,0,0,1,0
307075,3618,0,0,0,1,0
307080,3619,1,0,0,0,0
307260,3620,0,0,0,1,0
307390,3621,0,0,0,1,0
307394,3622,1,0,0,0,0
307452,3623,0,0,1,0,0
307624,3624,0,0,1,0,0
307625,3625,1,0,0,0,0
307729,3626,0,0,0,1,0
307895,3627,0,0,0,1,0
307915,3628,0,0,1,0,0
308052,3629,0,0,1,0,0
308181,3630,0,0,0,1,0
308338,3631,0,0,0,1,0
308351,3632,0,0,1,0,0
308497,3633,0,0,0,1,0
308608,3634,0,0,0,1,0
308806,3635,0,0,0,1,0
308913,3636,0,0,0,1,0
309052,3637,0,0,0,1,0
309189,3638,0,0,0,1,0
309278,3639,0,0,0,1,0
309480,3640,0,0,0,1,0
309610,3641,0,0,0,1,0
309716,3642,0,0,0,1,0
309915,3643,0,0,0,1,0
310043,3644,0,0,0,1,0
310048,3645,1,0,0,0,0
310184,3646,0,0,1,0,0
310301,3647,0,0,0,1,0
310475,3648,0,0,0,1,0
310669,3649,0,0,0,1,0
310835,3650,0,0,0,1,0
310975,3651,0,0,0,1,0
311096,3652,0,0,0,1,0
311310,3653,0,0,0,1,0
311530,3654,0,0,0,1,0
311635,3655,0,0,0,1,0
311772,3656,0,0,0,1,0
311893,3657,0,0,0,1,0
312094,3658,0,0,0,1,0
312101,3659,0,0,1,0,0
312236,3660,0,0,0,1,0
312278,3661,0,0,1,0,0
312437,3662,0,0,0,1,0
312583,3663,0,0,0,1,0
312586,3664,0,0,1,0,0
312791,3665,0,0,0,1,0
312940,3666,0,0,0,1,0
313134,3667,0,0,0,1,0
313269,3668,0,0,0,1,0
313402,3669,0,0,0,1,0
313479,3670,0,0,1,0,0
313572,3671,0,0,0,1,0
313680,3672,0,0,0,1,0
313823,3673,0,0,0,1,0
313964,3674,0,0,1,0,0
314107,3675,0,0,0,1,0
314262,3676,0,0,0,1,0
314431,3677,0,0,0,1,0
314609,3678,0,0,0,1,0
314623,3679,0,0,1,0,0
314794,3680,0,0,0,1,0
314859,3681,0,0,1,0,0
314860,3682,1,0,0,0,0
314989,3683,0,0,0,1,0
315135,3684,0,0,0,1,0
315341,3685,0,0,0,1,0
315461,3686,0,0,0,1,0
315577,3687,0,0,0,1,0
315687,3688,0,0,0,1,0
315829,3689,0,0,0,1,0
315971,3690,0,0,0,1,0
316185,3691,0,0,0,1,0
316329,3692,0,0,0,1,0
316466,3693,0,0,0,1,0
316599,3694,0,0,0,1,0
316782,3695,0,0,0,1,0
316906,3696,0,0,0,1,0
317034,3697,0,0,0,1,0
317073,3698,0,0,1,0,0
317244,3699,0,0,0,1,0
317420,3700,0,0,0,1,0
317571,3701,0,0,0,1,0
317759,3702,0,0,0,1,0
317902,3703,0,0,0,1,0
318020,3704,0,0,0,1,0
318145,3705,0,0,0,1,0
318320,3706,0,0,0,1,0
318480,3707,0,0,0,1,0
318485,3708,1,0,0,0,0
318492,3709,0,0,1,0,0
318650,3710,0,0,0,1,0
318752,3711,0,0,0,1,0
318827,3712,0,0,1,0,0
318830,3713,1,0,0,0,0
319034,3714,0,0,0,1,0
319151,3715,0,0,0,1,0
319291,3716,0,0,0,1,0
319429,3717,0,0,0,1,0
319597,3718,0,0,0,1,0
319607,3719,0,0,1,0,0
319771,3720,0,0,0,1,0
319964,3721,0,0,0,1,0
320090,3722,0,0,0,1,0
320223,3723,0,0,1,0,0
320348,3724,0,0,0,1,0
320477,3725,0,0,0,1,0
320480,3726,0,0,1,0,0
320639,3727,0,0,0,1,0
320748,3728,0,0,0,1,0
320845,3729,0,0,0,1,0
320847,3730,1,0,0,0,0
320956,3731,0,0,0,1,0
321080,3732,0,0,0,1,0
321260,3733,0,0,0,1,0
321443,3734,0,0,0,1,0
321567,3735,0,0,0,1,0
321713,3736,0,0,0,1,0
321918,3737,0,0,0,1,0
322131,3738,0,0,0,1,0
322244,3739,0,0,0,1,0
322341,3740,0,0,1,0,0
322514,3741,0,0,0,1,0
322655,3742,0,0,0,1,0
322875,3743,0,0,0,1,0
323072,3744,0,0,0,1,0
323073,3745,1,0,0,0,0
323257,3746,0,0,0,1,0
323262,3747,0,0,1,0,0
323468,3748,0,0,0,1,0
323577,3749,0,0,0,1,0
323710,3750,0,0,0,1,0
323893,3751,0,0,0,1,0
324055,3752,0,0,0,1,0
324252,3753,0,0,0,1,0
324403,3754,0,0,0,1,0
324551,3755,0,0,0,1,0
324682,3756,0,0,0,1,0
324823,3757,0,0,0,1,0
324995,3758,0,0,0,1,0
325112,3759,0,0,1,0,0
325245,3760,0,0,1,0,0
325370,3761,0,0,0,1,0
325540,3762,0,0,1,0,0
325622,3763,0,0,1,0,0
325764,3764,0,0,1,0,0
325908,3765,0,0,0,1,0
325928,3766,0,0,1,0,0
326116,3767,0,0,0,1,0
326162,3768,0,0,1,0,0
326344,3769,0,0,0,1,0
326482,3770,0,0,0,1,0
326685,3771,0,0,0,1,0
326854,3772,0,0,0,1,0
326943,3773,0,0,1,0,0
327116,3774,0,0,0,1,0
327243,3775,0,0,0,1,0
327444,3776,0,0,0,1,0
327567,3777,0,0,0,1,0
327719,3778,0,0,0,1,0
327852,3779,0,0,1,0,0
328054,3780,0,0,0,1,0
328186,3781,0,0,1,0,0
328286,3782,0,0,0,1,0
328452,3783,0,0,0,1,0
328604,3784,0,0,0,1,0
328676,3785,0,0,1,0,0
328871,3786,0,0,0,1,0
329064,3787,0,0,0,1,0
329215,3788,0,0,1,0,0
329336,3789,0,0,0,1,0
329464,3790,0,0,0,1,0
329668,3791,0,0,0,1,0
329781,3792,0,0,0,1,0
329913,3793,0,0,0,1,0
330067,3794,0,0,0,1,0
330083,3795,1,0,0,0,0
330309,3796,0,0,0,1,0
330408,3797,0,0,0,1,0
330558,3798,0,0,0,1,0
330677,3799,0,0,0,1,0
330698,3800,0,0,1,0,0
330881,3801,0,0,0,1,0
331077,3802,0,0,0,1,0
331180,3803,0,0,0,1,0
331211,3804,0,0,1,0,0
331396,3805,0,0,0,1,0
331559,3806,0,0,0,1,0
331716,3807,0,0,0,1,0
331722,3808,1,0,0,0,0
331724,3809,1,0,0,0,0
331725,3810,1,0,0,0,0
331869,3811,0,0,0,1,0
331998,3812,0,0,0,1,0
332192,3813,0,0,0,1,0
332384,3814,0,0,0,1,0
332570,3815,0,0,0,1,0
332705,3816,0,0,0,1,0
332764,3817,0,0,1,0,0
332941,3818,0,0,0,1,0
333120,3819,0,0,0,1,0
333252,3820,0,0,0,1,0
333255,3821,1,0,0,0,0
333383,3822,0,0,0,1,0
333562,3823,0,0,0,1,0
333708,3824,0,0,0,1,0
333879,3825,0,0,0,1,0
334079,3826,0,0,0,1,0
334220,3827,0,0,0,1,0
334244,3828,0,0,1,0,0
334431,3829,0,0,0,1,0
334614,3830,0,0,0,1,0
334798,3831,0,0,0,1,0
334921,3832,0,0,0,1,0
335091,3833,0,0,0,1,0
335236,3834,0,0,0,1,0
335237,3835,0,0,1,0,0
335370,3836,0,0,0,1,0
335562,3837,0,0,0,1,0
335759,3838,0,0,0,1,0
335852,3839,0,0,1,0,0
336035,3840,0,0,0,1,0
336233,3841,0,0,0,1,0
336419,3842,0,0,0,1,0
336631,3843,0,0,0,1,0
336808,3844,0,0,0,1,0
337057,3845,0,0,0,1,0
337265,3846,0,0,0,1,0
337451,3847,0,0,0,1,0
337654,3848,0,0,0,1,0
337772,3849,0,0,0,1,0
337828,3850,0,0,1,0,0
337977,3851,0,0,0,1,0
338092,3852,0,0,0,1,0
338277,3853,0,0,0,1,0
338430,3854,0,0,0,1,0
338580,3855,0,0,0,1,0
338738,3856,0,0,0,1,0
338885,3857,0,0,0,1,0
339021,3858,0,0,0,1,0
339026,3859,1,0,0,0,0
339201,3860,0,0,0,1,0
339332,3861,0,0,0,1,0
339449,3862,0,0,0,1,0
339514,3863,0,0,1,0,0
339694,3864,0,0,0,1,0
339871,3865,0,0,0,1,0
340084,3866,0,0,0,1,0
340218,3867,0,0,0,1,0
340379,3868,0,0,0,1,0
340571,3869,0,0,0,1,0
340690,3870,0,0,0,1,0
340743,3871,0,0,1,0,0
340888,3872,0,0,0,1,0
340889,3873,1,0,0,0,0
341005,3874,0,0,0,1,0
341006,3875,0,0,1,0,0
341195,3876,0,0,0,1,0
341393,3877,0,0,0,1,0
341563,3878,0,0,0,1,0
341706,3879,0,0,0,1,0
341874,3880,0,0,0,1,0
341979,3881,0,0,1,0,0
342133,3882,0,0,0,1,0
342139,3883,1,0,0,0,0
342203,3884,0,0,1,0,0
342357,3885,0,0,1,0,0
342449,3886,0,0,1,0,0
342452,3887,1,0,0,0,0
342459,3888,1,0,0,0,0
342568,3889,0,0,0,1,0
342622,3890,0,0,1,0,0
342624,3891,0,0,1,0,0
342813,3892,0,0,0,1,0
342944,3893,0,0,0,1,0
343019,3894,0,0,1,0,0
343150,3895,0,0,0,1,0
343193,3896,0,0,1,0,0
343302,3897,0,0,1,0,0
343420,3898,0,0,0,1,0
343556,3899,0,0,0,1,0
343576,3900,0,0,1,0,0
343692,3901,0,0,0,1,0
343827,3902,0,0,0,1,0
343954,3903,0,0,0,1,0
344141,3904,0,0,0,1,0
344321,3905,0,0,0,1,0
344452,3906,0,0,1,0,0
344613,3907,0,0,0,1,0
344793,3908,0,0,0,1,0
344945,3909,0,0,0,1,0
345004,3910,0,0,1,0,0
345349,3911,0,0,0,1,0
345511,3912,0,0,0,1,0
345643,3913,0,0,0,1,0
345754,3914,0,0,0,1,0
345974,3915,0,0,0,1,0
346143,3916,0,0,0,1,0
346324,3917,0,0,0,1,0
346428,3918,0,0,1,0,0
346595,3919,0,0,0,1,0
346749,3920,0,0,0,1,0
346908,3921,0,0,0,1,0
347111,3922,0,0,0,1,0
347119,3923,1,0,0,0,0
347121,3924,0,0,1,0,0
347294,3925,0,0,0,1,0
347404,3926,0,0,0,1,0
347406,3927,1,0,0,0,0
347408,3928,1,0,0,0,0
347665,3929,0,0,0,1,0
347795,3930,0,0,0,1,0
347949,3931,0,0,0,1,0
348108,3932,0,0,0,1,0
348250,3933,0,0,0,1,0
348427,3934,0,0,0,1,0
348601,3935,0,0,0,1,0
348606,3936,1,0,0,0,0
348719,3937,0,0,0,1,0
348724,3938,1,0,0,0,0
348846,3939,0,0,0,1,0
348854,3940,0,0,1,0,0
348857,3941,0,0,1,0,0
348858,3942,0,0,1,0,0
349043,3943,0,0,0,1,0
349213,3944,0,0,0,1,0
349388,3945,0,0,0,1,0
349571,3946,0,0,0,1,0
349691,3947,0,0,0,1,0
349844,3948,0,0,0,1,0
350017,3949,0,0,0,1,0
350190,3950,0,0,0,1,0
350354,3951,0,0,0,1,0
350504,3952,0,0,0,1,0
350508,3953,0,0,1,0,0
350609,3954,0,0,0,1,0
350611,3955,0,0,1,0,0
350802,3956,0,0,0,1,0
350919,3957,0,0,0,1,0
351059,3958,0,0,0,1,0
351246,3959,0,0,0,1,0
351255,3960,0,0,1,0,0
351460,3961,0,0,0,1,0
351638,3962,0,0,0,1,0
351832,3963,0,0,0,1,0
351838,3964,1,0,0,0,0
352074,3965,0,0,0,1,0
352090,3966,0,0,1,0,0
352333,3967,0,0,0,1,0
352532,3968,0,0,0,1,0
352587,3969,0,0,1,0,0
352793,3970,0,0,0,1,0
352955,3971,0,0,0,1,0
353092,3972,0,0,0,1,0
353280,3973,0,0,0,1,0
353441,3974,0,0,0,1,0
353641,3975,0,0,0,1,0
353845,3976,0,0,0,1,0
354019,3977,0,0,0,1,0
354119,3978,0,0,0,1,0
354282,3979,0,0,0,1,0
354461,3980,0,0,0,1,0
354602,3981,0,0,0,1,0
354781,3982,0,0,0,1,0
354934,3983,0,0,0,1,0
355094,3984,0,0,0,1,0
355307,3985,0,0,0,1,0
355474,3986,0,0,0,1,0
355602,3987,0,0,0,1,0
355609,3988,1,0,0,0,0
355635,3989,0,0,1,0,0
355640,3990,1,0,0,0,0
355821,3991,0,0,0,1,0
355983,3992,0,0,0,1,0
355997,3993,0,0,1,0,0
356116,3994,0,0,0,1,0
356237,3995,0,0,0,1,0
356390,3996,0,0,0,1,0
356602,3997,0,0,0,1,0
356765,3998,0,0,0,1,0
356768,3999,1,0,0,0,0
356857,4000,0,0,0,1,0
356860,4001,1,0,0,0,0
356971,4002,0,0,0,1,0
357058,4003,0,0,1,0,0
357210,4004,0,0,0,1,0
357340,4005,0,0,0,1,0
357527,4006,0,0,0,1,0
357725,4007,0,0,0,1,0
357927,4008,0,0,0,1,0
357928,4009,1,0,0,0,0
357934,4010,0,0,1,0,0
358106,4011,0,0,0,1,0
358332,4012,0,0,0,1,0
358333,4013,1,0,0,0,0
358502,4014,0,0,0,1,0
358630,4015,0,0,0,1,0
358824,4016,0,0,0,1,0
358943,4017,0,0,1,0,0
358945,4018,0,0,1,0,0
359134,4019,0,0,0,1,0
359326,4020,0,0,0,1,0
359529,4021,0,0,0,1,0
359732,4022,0,0,0,1,0
359943,4023,0,0,0,1,0
360131,4024,0,0,0,1,0
360263,4025,0,0,0,1,0
360388,4026,0,0,0,1,0
360535,4027,0,0,0,1,0
360668,4028,0,0,0,1,0
360852,4029,0,0,0,1,0
360859,4030,1,0,0,0,0
361002,4031,0,0,0,1,0
361183,4032,0,0,0,1,0
361332,4033,0,0,0,1,0
361441,4034,0,0,0,1,0
361565,4035,0,0,0,1,0
361758,4036,0,0,0,1,0
361769,4037,0,0,1,0,0
361903,4038,0,0,0,1,0
362035,4039,0,0,0,1,0
362156,4040,0,0,0,1,0
362228,4041,0,0,1,0,0
362365,4042,0,0,0,1,0
362558,4043,0,0,0,1,0
362687,4044,0,0,0,1,0
362844,4045,0,0,0,1,0
362951,4046,0,0,0,1,0
363090,4047,0,0,0,1,0
363273,4048,0,0,0,1,0
363387,4049,0,0,0,1,0
363397,4050,0,0,1,0,0
363490,4051,0,0,0,1,0
363640,4052,0,0,1,0,0
363693,4053,0,0,1,0,0
363917,4054,0,0,0,1,0
364083,4055,0,0,0,1,0
364351,4056,0,0,0,1,0
364544,4057,0,0,0,1,0
364705,4058,0,0,0,1,0
364811,4059,0,0,0,1,0
365093,4060,0,0,0,1,0
365177,4061,0,0,1,0,0
365359,4062,0,0,0,1,0
365528,4063,0,0,0,1,0
365635,4064,0,0,0,1,0
365730,4065,0,0,0,1,0
365832,4066,0,0,1,0,0
366028,4067,0,0,0,1,0
366173,4068,0,0,0,1,0
366369,4069,0,0,0,1,0
366503,4070,0,0,0,1,0
366700,4071,0,0,0,1,0
366915,4072,0,0,0,1,0
367394,4073,0,0,0,1,0
367545,4074,0,0,0,1,0
367678,4075,0,0,0,1,0
367899,4076,0,0,0,1,0
368013,4077,0,0,0,1,0
368189,4078,0,0,0,1,0
368464,4079,0,0,0,1,0
368623,4080,0,0,0,1,0
368781,4081,0,0,0,1,0
368945,4082,0,0,0,1,0
369138,4083,0,0,0,1,0
369357,4084,0,0,0,1,0
369532,4085,0,0,0,1,0
369538,4086,1,0,0,0,0
369697,4087,0,0,0,1,0
369869,4088,0,0,0,1,0
369973,4089,0,0,0,1,0
370142,4090,0,0,0,1,0
370318,4091,0,0,0,1,0
370464,4092,0,0,0,1,0
370553,4093,0,0,0,1,0
370792,4094,0,0,0,1,0
370946,4095,0,0,0,1,0
371088,4096,0,0,0,1,0
371304,4097,0,0,0,1,0
371412,4098,0,0,0,1,0
371607,4099,0,0,0,1,0
371717,4100,0,0,0,1,0
371723,4101,1,0,0,0,0
371886,4102,0,0,0,1,0
372055,4103,0,0,0,1,0
372246,4104,0,0,0,1,0
372414,4105,0,0,0,1,0
372415,4106,0,0,1,0,0
372611,4107,0,0,0,1,0
372788,4108,0,0,0,1,0
373082,4109,0,0,0,1,0
373206,4110,0,0,0,1,0
373394,4111,0,0,0,1,0
373575,4112,0,0,0,1,0
373737,4113,0,0,0,1,0
373923,4114,0,0,0,1,0
374183,4115,0,0,0,1,0
374202,4116,0,0,1,0,0
374381,4117,0,0,0,1,0
374566,4118,0,0,0,1,0
374752,4119,0,0,0,1,0
374878,4120,0,0,0,1,0
375002,4121,0,0,1,0,0
375112,4122,0,0,0,1,0
375325,4123,0,0,0,1,0
375496,4124,0,0,0,1,0
375661,4125,0,0,0,1,0
375782,4126,0,0,0,1,0
375906,4127,0,0,0,1,0
376093,4128,0,0,0,1,0
376185,4129,0,0,0,1,0
376220,4130,0,0,1,0,0
376436,4131,0,0,0,1,0
376658,4132,0,0,0,1,0
376845,4133,0,0,0,1,0
377015,4134,0,0,0,1,0
377080,4135,0,0,1,0,0
377246,4136,0,0,0,1,0
377422,4137,0,0,0,1,0
377563,4138,0,0,0,1,0
377697,4139,0,0,0,1,0
377703,4140,1,0,0,0,0
377912,4141,0,0,0,1,0
378412,4142,0,0,0,0,1
378562,4143,0,0,0,1,0
378596,4144,0,0,1,0,0
378671,4145,0,0,1,0,0
378794,4146,0,0,0,1,0
378953,4147,0,0,0,1,0
379042,4148,0,0,0,1,0
379183,4149,0,0,0,1,0
379188,4150,1,0,0,0,0
379318,4151,0,0,0,1,0
379513,4152,0,0,0,1,0
379739,4153,0,0,0,1,0
379933,4154,0,0,0,1,0
380112,4155,0,0,0,1,0
380281,4156,0,0,0,1,0
380394,4157,0,0,0,1,0
380517,4158,0,0,0,1,0
380606,4159,0,0,0,1,0
380761,4160,0,0,0,1,0
380804,4161,0,0,1,0,0
380975,4162,0,0,0,1,0
380980,4163,1,0,0,0,0
381148,4164,0,0,0,1,0
381158,4165,0,0,1,0,0
381270,4166,0,0,0,1,0
381375,4167,0,0,0,1,0
381480,4168,0,0,0,1,0
381662,4169,0,0,0,1,0
381784,4170,0,0,0,1,0
381922,4171,0,0,0,1,0
382030,4172,0,0,0,1,0
382180,4173,0,0,0,1,0
382368,4174,0,0,0,1,0
382498,4175,0,0,1,0,0
382706,4176,0,0,0,1,0
382893,4177,0,0,0,1,0
383062,4178,0,0,0,1,0
383279,4179,0,0,0,1,0
383381,4180,0,0,0,1,0
383550,4181,0,0,0,1,0
383753,4182,0,0,0,1,0
383851,4183,0,0,0,1,0
383852,4184,1,0,0,0,0
384009,4185,0,0,0,1,0
384122,4186,0,0,0,1,0
384126,4187,1,0,0,0,0
384137,4188,0,0,1,0,0
384325,4189,0,0,0,1,0
384485,4190,0,0,0,1,0
384689,4191,0,0,0,1,0
384690,4192,0,0,1,0,0
384894,4193,0,0,0,1,0
385037,4194,0,0,0,1,0
385171,4195,0,0,0,1,0
385306,4196,0,0,0,1,0
385493,4197,0,0,0,1,0
385587,4198,0,0,0,1,0
385739,4199,0,0,1,0,0
385884,4200,0,0,0,1,0
385988,4201,0,0,0,1,0
386108,4202,0,0,0,1,0
386125,4203,0,0,1,0,0
386254,4204,0,0,0,1,0
386387,4205,0,0,0,1,0
386603,4206,0,0,0,1,0
386767,4207,0,0,0,1,0
386927,4208,0,0,0,1,0
387102,4209,0,0,0,1,0
387276,4210,0,0,0,1,0
387432,4211,0,0,0,1,0
387637,4212,0,0,0,1,0
387823,4213,0,0,0,1,0
387996,4214,0,0,0,1,0
388150,4215,0,0,0,1,0
388329,4216,0,0,0,1,0
388444,4217,0,0,0,1,0
388601,4218,0,0,0,1,0
388712,4219,0,0,1,0,0
388885,4220,0,0,0,1,0
388887,4221,0,0,1,0,0
389063,4222,0,0,0,1,0
389141,4223,0,0,1,0,0
389294,4224,0,0,0,1,0
389547,4225,0,0,0,1,0
389747,4226,0,0,0,1,0
389900,4227,0,0,0,1,0
389989,4228,0,0,0,1,0
390164,4229,0,0,0,1,0
390352,4230,0,0,0,1,0
390591,4231,0,0,0,1,0
390782,4232,0,0,0,1,0
390931,4233,0,0,0,1,0
391142,4234,0,0,0,1,0
391231,4235,0,0,0,1,0
391246,4236,0,0,1,0,0
391423,4237,0,0,1,0,0
391601,4238,0,0,0,1,0
391745,4239,0,0,0,1,0
391800,4240,0,0,1,0,0
391983,4241,0,0,0,1,0
391985,4242,1,0,0,0,0
392155,4243,0,0,0,1,0
392159,4244,1,0,0,0,0
392396,4245,0,0,0,1,0
392496,4246,0,0,0,1,0
392594,4247,0,0,1,0,0
392811,4248,0,0,0,1,0
392913,4249,0,0,0,1,0
393084,4250,0,0,0,1,0
393265,4251,0,0,0,1,0
393472,4252,0,0,0,1,0
393606,4253,0,0,0,1,0
393781,4254,0,0,0,1,0
393958,4255,0,0,0,1,0
394010,4256,0,0,1,0,0
394213,4257,0,0,0,1,0
394365,4258,0,0,0,1,0
394404,4259,0,0,1,0,0
394538,4260,0,0,0,1,0
394680,4261,0,0,0,1,0
394951,4262,0,0,0,1,0
395118,4263,0,0,0,1,0
395257,4264,0,0,0,1,0
395515,4265,0,0,0,1,0
395636,4266,0,0,0,1,0
395642,4267,0,0,1,0,0
395797,4268,0,0,0,1,0
395802,4269,1,0,0,0,0
395809,4270,1,0,0,0,0
395952,4271,0,0,0,1,0
396020,4272,0,0,1,0,0
396232,4273,0,0,0,1,0
396233,4274,1,0,0,0,0
396378,4275,0,0,0,1,0
396505,4276,0,0,0,1,0
396631,4277,0,0,0,1,0
396726,4278,0,0,0,1,0
396939,4279,0,0,0,1,0
397136,4280,0,0,0,1,0
397278,4281,0,0,0,1,0
397471,4282,0,0,0,1,0
397472,4283,1,0,0,0,0
397649,4284,0,0,0,1,0
397651,4285,1,0,0,0,0
397834,4286,0,0,0,1,0
397986,4287,0,0,0,1,0
398134,4288,0,0,0,1,0
398139,4289,1,0,0,0,0
398282,4290,0,0,0,1,0
398430,4291,0,0,0,1,0
398574,4292,0,0,0,1,0
398739,4293,0,0,0,1,0
398859,4294,0,0,0,1,0
399011,4295,0,0,0,1,0
399148,4296,0,0,0,1,0
399374,4297,0,0,0,1,0
399518,4298,0,0,0,1,0
399631,4299,0,0,0,1,0
399790,4300,0,0,0,1,0
399792,4301,0,0,1,0,0
399954,4302,0,0,0,1,0
400146,4303,0,0,0,1,0
400274,4304,0,0,0,1,0
400428,4305,0,0,0,1,0
400567,4306,0,0,0,1,0
400684,4307,0,0,0,1,0
400718,4308,0,0,1,0,0
400826,4309,0,0,0,1,0
400833,4310,1,0,0,0,0
401047,4311,0,0,0,1,0
401334,4312,0,0,0,1,0
401451,4313,0,0,0,1,0
401656,4314,0,0,0,1,0
401907,4315,0,0,0,1,0
402127,4316,0,0,0,1,0
402312,4317,0,0,0,1,0
402456,4318,0,0,0,1,0
402609,4319,0,0,0,1,0
402848,4320,0,0,0,1,0
403046,4321,0,0,0,1,0
403252,4322,0,0,0,1,0
403404,4323,0,0,0,1,0
403540,4324,0,0,0,1,0
403732,4325,0,0,0,1,0
403913,4326,0,0,0,1,0
404134,4327,0,0,0,1,0
404432,4328,0,0,0,1,0
404664,4329,0,0,0,1,0
404885,4330,0,0,0,1,0
404927,4331,0,0,1,0,0
405069,4332,0,0,0,1,0
405569,4333,0,0,0,0,1
405708,4334,0,0,0,1,0
406121,4335,0,0,0,1,0
406267,4336,0,0,0,1,0
406476,4337,0,0,0,1,0
406647,4338,0,0,0,1,0
406770,4339,0,0,0,1,0
406771,4340,1,0,0,0,0
406974,4341,0,0,0,1,0
407112,4342,0,0,0,1,0
407288,4343,0,0,0,1,0
407399,4344,0,0,0,1,0
407528,4345,0,0,0,1,0
407723,4346,0,0,0,1,0
407856,4347,0,0,0,1,0
408060,4348,0,0,0,1,0
408143,4349,0,0,1,0,0
408308,4350,0,0,0,1,0
408482,4351,0,0,0,1,0
408673,4352,0,0,0,1,0
408855,4353,0,0,0,1,0
408856,4354,0,0,1,0,0
408995,4355,0,0,0,1,0
409128,4356,0,0,0,1,0
409328,4357,0,0,0,1,0
409464,4358,0,0,0,1,0
409631,4359,0,0,0,1,0
409934,4360,0,0,0,1,0
410434,4361,0,0,0,0,1
410701,4362,0,0,0,1,0
410703,4363,0,0,1,0,0
410707,4364,0,0,1,0,0
410891,4365,0,0,0,1,0
411089,4366,0,0,0,1,0
411312,4367,0,0,0,1,0
411565,4368,0,0,0,1,0
411708,4369,0,0,0,1,0
411828,4370,0,0,1,0,0
411942,4371,0,0,1,0,0
412108,4372,0,0,0,1,0
412274,4373,0,0,0,1,0
412379,4374,0,0,0,1,0
412879,4375,0,0,0,0,1
413018,4376,0,0,0,1,0
413022,4377,0,0,1,0,0
413234,4378,0,0,0,1,0
413373,4379,0,0,0,1,0
413557,4380,0,0,0,1,0
413666,4381,0,0,0,1,0
413869,4382,0,0,0,1,0
414083,4383,0,0,0,1,0
414172,4384,0,0,0,1,0
414308,4385,0,0,0,1,0
414561,4386,0,0,0,1,0
414691,4387,0,0,0,1,0
414852,4388,0,0,0,1,0
415107,4389,0,0,0,1,0
415240,4390,0,0,0,1,0
415241,4391,1,0,0,0,0
415640,4392,0,0,0,1,0
415786,4393,0,0,0,1,0
415959,4394,0,0,0,1,0
416126,4395,0,0,0,1,0
416287,4396,0,0,0,1,0
416462,4397,0,0,0,1,0
416551,4398,0,0,0,1,0
416630,4399,0,0,1,0,0
416744,4400,0,0,0,1,0
416879,4401,0,0,0,1,0
417012,4402,0,0,0,1,0
417079,4403,0,0,1,0,0
417208,4404,0,0,0,1,0
417363,4405,0,0,0,1,0
417566,4406,0,0,0,1,0
417771,4407,0,0,0,1,0
417929,4408,0,0,0,1,0
418033,4409,0,0,0,1,0
418134,4410,0,0,0,1,0
418135,4411,1,0,1,0,0
418338,4412,0,0,0,1,0
418434,4413,0,0,0,1,0
418598,4414,0,0,0,1,0
418789,4415,0,0,0,1,0
418901,4416,0,0,0,1,0
418950,4417,0,0,1,0,0
419133,4418,0,0,0,1,0
419299,4419,0,0,0,1,0
419408,4420,0,0,0,1,0
419410,4421,1,0,0,0,0
419565,4422,0,0,0,1,0
419566,4423,1,0,0,0,0
419742,4424,0,0,0,1,0
419949,4425,0,0,0,1,0
420147,4426,0,0,0,1,0
420352,4427,0,0,0,1,0
420590,4428,0,0,0,1,0
420805,4429,0,0,0,1,0
420979,4430,0,0,0,1,0
421226,4431,0,0,0,1,0
421392,4432,0,0,0,1,0
421523,4433,0,0,0,1,0
421530,4434,1,0,0,0,0
421684,4435,0,0,0,1,0
421895,4436,0,0,0,1,0
422072,4437,0,0,0,1,0
422307,4438,0,0,0,1,0
422339,4439,0,0,1,0,0
422546,4440,0,0,0,1,0
422663,4441,0,0,0,1,0
422850,4442,0,0,0,1,0
422977,4443,0,0,0,1,0
423141,4444,0,0,0,1,0
423362,4445,0,0,0,1,0
423407,4446,0,0,1,0,0
423408,4447,0,0,1,0,0
423454,4448,0,0,1,0,0
423610,4449,0,0,0,1,0
423729,4450,0,0,0,1,0
423901,4451,0,0,0,1,0
423993,4452,0,0,0,1,0
424174,4453,0,0,0,1,0
424364,4454,0,0,0,1,0
424542,4455,0,0,0,1,0
424680,4456,0,0,0,1,0
424853,4457,0,0,0,1,0
425035,4458,0,0,0,1,0
425171,4459,0,0,0,1,0
425376,4460,0,0,0,1,0
425445,4461,0,0,1,0,0
425692,4462,0,0,0,1,0
425855,4463,0,0,0,1,0
425983,4464,0,0,0,1,0
426146,4465,0,0,0,1,0
426327,4466,0,0,0,1,0
426473,4467,0,0,0,1,0
426596,4468,0,0,0,1,0
426784,4469,0,0,0,1,0
426964,4470,0,0,0,1,0
427093,4471,0,0,0,1,0
427333,4472,0,0,0,1,0
427417,4473,0,0,1,0,0
427577,4474,0,0,0,1,0
427774,4475,0,0,0,1,0
428037,4476,0,0,0,1,0
428173,4477,0,0,0,1,0
428361,4478,0,0,0,1,0
428681,4479,0,0,0,1,0
428871,4480,0,0,0,1,0
429021,4481,0,0,0,1,0
429155,4482,0,0,0,1,0
429272,4483,0,0,0,1,0
429376,4484,0,0,1,0,0
429377,4485,0,0,1,0,0
429478,4486,0,0,0,1,0
429627,4487,0,0,0,1,0
429818,4488,0,0,0,1,0
430010,4489,0,0,0,1,0
430216,4490,0,0,0,1,0
430331,4491,0,0,0,1,0
430493,4492,0,0,0,1,0
430571,4493,0,0,1,0,0
430707,4494,0,0,0,1,0
430863,4495,0,0,0,1,0
431050,4496,0,0,0,1,0
431127,4497,0,0,1,0,0
431128,4498,1,0,0,0,0
431289,4499,0,0,0,1,0
431415,4500,0,0,0,1,0
431567,4501,0,0,0,1,0
431715,4502,0,0,0,1,0
431895,4503,0,0,0,1,0
432084,4504,0,0,0,1,0
432265,4505,0,0,0,1,0
432446,4506,0,0,0,1,0
432535,4507,0,0,0,1,0
432616,4508,0,0,1,0,0
432742,4509,0,0,0,1,0
432857,4510,0,0,0,1,0
432997,4511,0,0,0,1,0
433190,4512,0,0,0,1,0
433349,4513,0,0,0,1,0
433528,4514,0,0,0,1,0
433686,4515,0,0,0,1,0
433794,4516,0,0,0,1,0
433974,4517,0,0,0,1,0
433975,4518,1,0,0,0,0
434099,4519,0,0,0,1,0
434279,4520,0,0,0,1,0
434529,4521,0,0,0,1,0
435029,4522,0,0,0,0,1
435140,4523,0,0,0,1,0
435275,4524,0,0,0,1,0
435490,4525,0,0,0,1,0
435509,4526,0,0,1,0,0
435638,4527,0,0,0,1,0
435731,4528,0,0,0,1,0
435943,4529,0,0,0,1,0
436060,4530,0,0,0,1,0
436254,4531,0,0,0,1,0
436467,4532,0,0,0,1,0
436539,4533,0,0,1,0,0
436678,4534,0,0,0,1,0
436849,4535,0,0,0,1,0
437047,4536,0,0,0,1,0
437234,4537,0,0,0,1,0
437394,4538,0,0,0,1,0
437517,4539,0,0,0,1,0
437657,4540,0,0,0,1,0
437871,4541,0,0,0,1,0
438038,4542,0,0,0,1,0
438225,4543,0,0,0,1,0
438400,4544,0,0,0,1,0
438539,4545,0,0,0,1,0
438676,4546,0,0,0,1,0
438690,4547,0,0,1,0,0
438698,4548,1,0,0,0,0
438835,4549,0,0,0,1,0
438866,4550,0,0,1,0,0
439006,4551,0,0,0,1,0
439011,4552,1,0,0,0,0
439156,4553,0,0,0,1,0
439375,4554,0,0,0,1,0
439505,4555,0,0,0,1,0
439779,4556,0,0,0,1,0
439879,4557,0,0,0,1,0
440068,4558,0,0,0,1,0
440290,4559,0,0,0,1,0
440350,4560,0,0,1,0,0
440467,4561,0,0,0,1,0
440607,4562,0,0,0,1,0
440797,4563,0,0,0,1,0
440956,4564,0,0,0,1,0
441095,4565,0,0,0,1,0
441260,4566,0,0,0,1,0
441368,4567,0,0,0,1,0
441557,4568,0,0,0,1,0
441733,4569,0,0,0,1,0
441923,4570,0,0,0,1,0
442111,4571,0,0,0,1,0
442254,4572,0,0,0,1,0
442423,4573,0,0,0,1,0
442579,4574,0,0,0,1,0
442581,4575,1,0,0,0,0
442774,4576,0,0,0,1,0
442864,4577,0,0,1,0,0
443047,4578,0,0,0,1,0
443230,4579,0,0,0,1,0
443478,4580,0,0,0,1,0
443603,4581,0,0,0,1,0
443757,4582,0,0,0,1,0
443982,4583,0,0,0,1,0
444172,4584,0,0,0,1,0
444382,4585,0,0,0,1,0
444435,4586,0,0,1,0,0
444441,4587,1,0,0,0,0
444549,4588,0,0,0,1,0
444741,4589,0,0,0,1,0
444836,4590,0,0,0,1,0
444923,4591,0,0,1,0,0
445075,4592,0,0,0,1,0
445238,4593,0,0,0,1,0
445419,4594,0,0,0,1,0
445567,4595,0,0,0,1,0
445570,4596,1,0,0,0,0
445765,4597,0,0,0,1,0
445930,4598,0,0,0,1,0
446128,4599,0,0,0,1,0
446133,4600,1,0,0,0,0
446242,4601,0,0,1,0,0
446450,4602,0,0,0,1,0
446546,4603,0,0,1,0,0
446757,4604,0,0,0,1,0
446758,4605,1,0,1,0,0
446861,4606,0,0,0,1,0
447001,4607,0,0,1,0,0
447196,4608,0,0,0,1,0
447322,4609,0,0,0,1,0
447544,4610,0,0,0,1,0
447661,4611,0,0,0,1,0
447804,4612,0,0,0,1,0
447941,4613,0,0,0,1,0
448090,4614,0,0,0,1,0
448296,4615,0,0,0,1,0
448445,4616,0,0,0,1,0
448619,4617,0,0,0,1,0
448745,4618,0,0,0,1,0
448895,4619,0,0,0,1,0
448984,4620,0,0,0,1,0
449204,4621,0,0,0,1,0
449340,4622,0,0,0,1,0
449502,4623,0,0,0,1,0
449669,4624,0,0,0,1,0
449791,4625,0,0,0,1,0
449988,4626,0,0,0,1,0
450083,4627,0,0,1,0,0
450258,4628,0,0,0,1,0
450493,4629,0,0,0,1,0
450623,4630,0,0,0,1,0
450831,4631,0,0,0,1,0
450981,4632,0,0,0,1,0
451163,4633,0,0,0,1,0
451288,4634,0,0,0,1,0
451434,4635,0,0,0,1,0
451641,4636,0,0,0,1,0
451646,4637,0,0,1,0,0
451782,4638,0,0,0,1,0
451916,4639,0,0,0,1,0
452087,4640,0,0,0,1,0
452283,4641,0,0,0,1,0
452453,4642,0,0,0,1,0
452585,4643,0,0,0,1,0
452792,4644,0,0,0,1,0
452798,4645,1,0,0,0,0
452872,4646,0,0,1,0,0
452963,4647,0,0,0,1,0
452968,4648,1,0,0,0,0
453100,4649,0,0,0,1,0
453229,4650,0,0,0,1,0
453383,4651,0,0,0,1,0
453604,4652,0,0,0,1,0
453730,4653,0,0,0,1,0
453875,4654,0,0,0,1,0
454014,4655,0,0,0,1,0
454048,4656,0,0,1,0,0
454056,4657,0,0,1,0,0
454198,4658,0,0,0,1,0
454341,4659,0,0,0,1,0
454509,4660,0,0,0,1,0
454680,4661,0,0,0,1,0
454842,4662,0,0,0,1,0
454967,4663,0,0,0,1,0
455147,4664,0,0,0,1,0
455286,4665,0,0,0,1,0
455288,4666,0,0,1,0,0
455454,4667,0,0,0,1,0
455602,4668,0,0,0,1,0
455752,4669,0,0,0,1,0
455874,4670,0,0,0,1,0
455984,4671,0,0,0,1,0
456116,4672,0,0,0,1,0
456273,4673,0,0,0,1,0
456433,4674,0,0,0,1,0
456635,4675,0,0,0,1,0
456830,4676,0,0,0,1,0
457044,4677,0,0,0,1,0
457049,4678,1,0,0,0,0
457233,4679,0,0,0,1,0
457366,4680,0,0,0,1,0
457515,4681,0,0,0,1,0
457706,4682,0,0,0,1,0
457708,4683,0,0,1,0,0
457812,4684,0,0,0,1,0
458012,4685,0,0,0,1,0
458193,4686,0,0,0,1,0
458378,4687,0,0,0,1,0
458560,4688,0,0,0,1,0
458683,4689,0,0,0,1,0
458818,4690,0,0,0,1,0
458997,4691,0,0,0,1,0
459132,4692,0,0,0,1,0
459142,4693,1,0,0,0,0
459316,4694,0,0,0,1,0
459531,4695,0,0,0,1,0
459655,4696,0,0,0,1,0
459769,4697,0,0,0,1,0
459868,4698,0,0,0,1,0
459871,4699,0,0,1,0,0
460064,4700,0,0,0,1,0
460323,4701,0,0,0,1,0
460416,4702,0,0,1,0,0
460524,4703,0,0,1,0,0
460678,4704,0,0,0,1,0
460684,4705,1,0,0,0,0
460685,4706,1,0,0,0,0
460854,4707,0,0,0,1,0
460952,4708,0,0,0,1,0
461172,4709,0,0,0,1,0
461366,4710,0,0,0,1,0
461460,4711,0,0,0,1,0
461588,4712,0,0,0,1,0
461735,4713,0,0,1,0,0
461853,4714,0,0,0,1,0
462049,4715,0,0,0,1,0
462261,4716,0,0,0,1,0
462417,4717,0,0,0,1,0
462629,4718,0,0,0,1,0
462785,4719,0,0,0,1,0
462977,4720,0,0,0,1,0
463161,4721,0,0,0,1,0
463329,4722,0,0,0,1,0
463504,4723,0,0,0,1,0
463697,4724,0,0,0,1,0
463875,4725,0,0,0,1,0
464045,4726,0,0,0,1,0
464250,4727,0,0,0,1,0
464442,4728,0,0,0,1,0
464443,4729,1,0,0,0,0
464598,4730,0,0,0,1,0
464759,4731,0,0,0,1,0
464915,4732,0,0,0,1,0
465089,4733,0,0,0,1,0
465268,4734,0,0,0,1,0
465386,4735,0,0,0,1,0
465573,4736,0,0,0,1,0
465772,4737,0,0,0,1,0
465948,4738,0,0,0,1,0
466158,4739,0,0,0,1,0
466326,4740,0,0,0,1,0
466328,4741,0,0,1,0,0
466516,4742,0,0,0,1,0
466664,4743,0,0,0,1,0
466881,4744,0,0,0,1,0
466996,4745,0,0,0,1,0
467211,4746,0,0,0,1,0
467399,4747,0,0,0,1,0
467517,4748,0,0,0,1,0
467606,4749,0,0,0,1,0
467799,4750,0,0,0,1,0
467966,4751,0,0,0,1,0
467971,4752,1,0,0,0,0
468108,4753,0,0,0,1,0
468299,4754,0,0,0,1,0
468464,4755,0,0,0,1,0
468660,4756,0,0,0,1,0
468773,4757,0,0,0,1,0
468881,4758,0,0,0,1,0
469051,4759,0,0,0,1,0
469212,4760,0,0,0,1,0
469414,4761,0,0,0,1,0
469571,4762,0,0,0,1,0
469703,4763,0,0,0,1,0
469844,4764,0,0,1,0,0
469993,4765,0,0,0,1,0
470099,4766,0,0,0,1,0
470230,4767,0,0,0,1,0
470435,4768,0,0,0,1,0
470441,4769,1,0,0,0,0
470647,4770,0,0,0,1,0
470652,4771,0,0,1,0,0
470793,4772,0,0,0,1,0
470939,4773,0,0,0,1,0
470990,4774,0,0,1,0,0
471236,4775,0,0,0,1,0
471371,4776,0,0,0,1,0
471536,4777,0,0,0,1,0
471745,4778,0,0,0,1,0
471909,4779,0,0,0,1,0
472039,4780,0,0,0,1,0
472049,4781,0,0,1,0,0
472194,4782,0,0,0,1,0
472337,4783,0,0,0,1,0
472463,4784,0,0,0,1,0
472682,4785,0,0,0,1,0
472844,4786,0,0,1,0,0
472973,4787,0,0,0,1,0
473118,4788,0,0,0,1,0
473168,4789,0,0,1,0,0
473306,4790,0,0,0,1,0
473520,4791,0,0,0,1,0
473686,4792,0,0,0,1,0
473798,4793,0,0,0,1,0
473998,4794,0,0,0,1,0
474159,4795,0,0,0,1,0
474322,4796,0,0,0,1,0
474522,4797,0,0,0,1,0
474650,4798,0,0,0,1,0
474823,4799,0,0,0,1,0
474829,4800,1,0,0,0,0
474993,4801,0,0,0,1,0
475158,4802,0,0,0,1,0
475299,4803,0,0,0,1,0
475399,4804,0,0,0,1,0
475899,4805,0,0,0,0,1
476066,4806,0,0,0,1,0
476242,4807,0,0,0,1,0
476742,4808,0,0,0,0,1
476898,4809,0,0,0,1,0
477094,4810,0,0,0,1,0
477259,4811,0,0,0,1,0
477379,4812,0,0,0,1,0
477507,4813,0,0,0,1,0
477689,4814,0,0,0,1,0
477837,4815,0,0,0,1,0
478292,4816,0,0,0,1,0
478792,4817,0,0,0,0,1
478904,4818,0,0,1,0,0
478910,4819,1,0,0,0,0
479093,4820,0,0,0,1,0
479097,4821,0,0,1,0,0
479291,4822,0,0,0,1,0
479471,4823,0,0,0,1,0
479476,4824,1,0,0,0,0
479629,4825,0,0,0,1,0
479743,4826,0,0,0,1,0
479935,4827,0,0,0,1,0
480124,4828,0,0,0,1,0
480126,4829,1,0,0,0,0
480315,4830,0,0,0,1,0
480436,4831,0,0,0,1,0
480596,4832,0,0,0,1,0
480762,4833,0,0,0,1,0
480921,4834,0,0,0,1,0
481421,4835,0,0,0,0,1
481564,4836,0,0,0,1,0
481753,4837,0,0,0,1,0
481928,4838,0,0,0,1,0
482080,4839,0,0,0,1,0
482218,4840,0,0,0,1,0
482392,4841,0,0,0,1,0
482551,4842,0,0,0,1,0
482669,4843,0,0,0,1,0
482839,4844,0,0,0,1,0
483037,4845,0,0,0,1,0
483224,4846,0,0,0,1,0
483320,4847,0,0,0,1,0
483474,4848,0,0,0,1,0
483576,4849,0,0,0,1,0
483753,4850,0,0,0,1,0
483966,4851,0,0,0,1,0
484108,4852,0,0,0,1,0
484111,4853,0,0,1,0,0
484299,4854,0,0,0,1,0
484458,4855,0,0,0,1,0
484630,4856,0,0,0,1,0
484784,4857,0,0,0,1,0
484925,4858,0,0,0,1,0
485083,4859,0,0,0,1,0
485279,4860,0,0,0,1,0
485437,4861,0,0,0,1,0
485438,4862,1,0,0,0,0
485613,4863,0,0,0,1,0
485757,4864,0,0,0,1,0
485916,4865,0,0,0,1,0
486125,4866,0,0,0,1,0
486238,4867,0,0,0,1,0
486396,4868,0,0,0,1,0
486452,4869,0,0,1,0,0
486603,4870,0,0,0,1,0
486741,4871,0,0,0,1,0
487241,4872,0,0,0,0,1
487398,4873,0,0,0,1,0
487575,4874,0,0,0,1,0
487693,4875,0,0,1,0,0
487817,4876,0,0,0,1,0
487957,4877,0,0,0,1,0
488073,4878,0,0,0,1,0
488102,4879,0,0,1,0,0
488237,4880,0,0,0,1,0
488365,4881,0,0,0,1,0
488560,4882,0,0,0,1,0
488733,4883,0,0,0,1,0
488736,4884,0,0,1,0,0
488874,4885,0,0,0,1,0
489057,4886,0,0,0,1,0
489261,4887,0,0,0,1,0
489380,4888,0,0,0,1,0
489512,4889,0,0,0,1,0
490012,4890,0,0,0,0,1
490198,4891,0,0,0,1,0
490305,4892,0,0,0,1,0
490453,4893,0,0,0,1,0
490466,4894,0,0,1,0,0
490640,4895,0,0,0,1,0
490804,4896,0,0,0,1,0
490997,4897,0,0,0,1,0
491497,4898,0,0,0,0,1
491651,4899,0,0,0,1,0
491755,4900,0,0,0,1,0
491763,4901,0,0,1,0,0
491856,4902,0,0,1,0,0
492356,4903,0,0,0,0,1
492357,4904,1,0,0,0,0
492515,4905,0,0,0,1,0
492675,4906,0,0,0,1,0
492681,4907,1,0,0,0,0
492907,4908,0,0,0,1,0
493112,4909,0,0,0,1,0
493136,4910,0,0,1,0,0
493273,4911,0,0,0,1,0
493480,4912,0,0,0,1,0
493598,4913,0,0,0,1,0
493749,4914,0,0,0,1,0
493942,4915,0,0,0,1,0
494197,4916,0,0,0,1,0
494662,4917,0,0,0,1,0
494835,4918,0,0,0,1,0
494837,4919,1,0,0,0,0
494977,4920,0,0,0,1,0
495135,4921,0,0,0,1,0
495317,4922,0,0,0,1,0
495514,4923,0,0,0,1,0
495684,4924,0,0,0,1,0
495828,4925,0,0,0,1,0
495983,4926,0,0,0,1,0
496123,4927,0,0,0,1,0
496297,4928,0,0,0,1,0
496507,4929,0,0,0,1,0
496716,4930,0,0,0,1,0
496998,4931,0,0,0,1,0
497162,4932,0,0,0,1,0
497316,4933,0,0,0,1,0
497354,4934,0,0,1,0,0
497527,4935,0,0,0,1,0
497565,4936,0,0,1,0,0
497785,4937,0,0,0,1,0
497913,4938,0,0,0,1,0
498121,4939,0,0,0,1,0
498300,4940,0,0,0,1,0
498492,4941,0,0,0,1,0
498585,4942,0,0,0,1,0
499072,4943,0,0,0,1,0
499225,4944,0,0,0,1,0
499380,4945,0,0,0,1,0
499387,4946,1,0,0,0,0
499420,4947,0,0,1,0,0
499569,4948,0,0,0,1,0
500030,4949,0,0,0,1,0
500234,4950,0,0,0,1,0
500438,4951,0,0,0,1,0
500567,4952,0,0,0,1,0
500748,4953,0,0,0,1,0
501248,4954,0,0,0,0,1
501414,4955,0,0,0,1,0
501560,4956,0,0,0,1,0
501670,4957,0,0,0,1,0
501671,4958,1,0,0,0,0
501808,4959,0,0,0,1,0
501977,4960,0,0,0,1,0
502089,4961,0,0,0,1,0
502217,4962,0,0,0,1,0
502222,4963,1,0,0,0,0
502385,4964,0,0,0,1,0
502386,4965,0,0,1,0,0
502584,4966,0,0,0,1,0
502795,4967,0,0,0,1,0
502916,4968,0,0,0,1,0
503048,4969,0,0,0,1,0
503225,4970,0,0,0,1,0
503410,4971,0,0,0,1,0
503553,4972,0,0,0,1,0
503746,4973,0,0,0,1,0
503911,4974,0,0,0,1,0
503914,4975,1,0,0,0,0
504104,4976,0,0,0,1,0
504495,4977,0,0,0,1,0
504505,4978,0,0,1,0,0
504694,4979,0,0,0,1,0
504895,4980,0,0,0,1,0
505001,4981,0,0,0,1,0
505119,4982,0,0,0,1,0
505196,4983,0,0,1,0,0
505359,4984,0,0,0,1,0
505481,4985,0,0,0,1,0
505612,4986,0,0,0,1,0
505808,4987,0,0,0,1,0
505918,4988,0,0,0,1,0
506063,4989,0,0,0,1,0
506207,4990,0,0,0,1,0
506355,4991,0,0,0,1,0
506855,4992,0,0,0,0,1
507355,4993,0,0,0,0,1
507360,4994,1,0,0,0,0
507521,4995,0,0,0,1,0
507682,4996,0,0,0,1,0
507825,4997,0,0,0,1,0
508010,4998,0,0,0,1,0
508196,4999,0,0,0,1,0
508338,5000,0,0,0,1,0
508532,5001,0,0,0,1,0
508692,5002,0,0,0,1,0
508904,5003,0,0,0,1,0
509056,5004,0,0,0,1,0
509185,5005,0,0,0,1,0
509395,5006,0,0,0,1,0
509512,5007,0,0,0,1,0
509644,5008,0,0,0,1,0
509823,5009,0,0,0,1,0
509973,5010,0,0,0,1,0
510120,5011,0,0,0,1,0
510305,5012,0,0,0,1,0
510445,5013,0,0,0,1,0
510580,5014,0,0,0,1,0
510735,5015,0,0,0,1,0
510927,5016,0,0,0,1,0
510931,5017,1,0,0,0,0
511044,5018,0,0,0,1,0
511208,5019,0,0,0,1,0
511708,5020,0,0,0,0,1
511883,5021,0,0,0,1,0
512069,5022,0,0,0,1,0
512192,5023,0,0,0,1,0
512199,5024,1,0,0,0,0
512319,5025,0,0,0,1,0
512517,5026,0,0,0,1,0
512657,5027,0,0,0,1,0
512758,5028,0,0,0,1,0
512766,5029,0,0,1,0,0
512923,5030,0,0,0,1,0
513109,5031,0,0,0,1,0
513289,5032,0,0,0,1,0
513396,5033,0,0,0,1,0
513398,5034,0,0,1,0,0
513559,5035,0,0,0,1,0
513719,5036,0,0,0,1,0
513925,5037,0,0,0,1,0
513930,5038,1,0,0,0,0
514118,5039,0,0,0,1,0
514322,5040,0,0,0,1,0
514422,5041,0,0,0,1,0
514589,5042,0,0,0,1,0
514688,5043,0,0,0,1,0
514820,5044,0,0,0,1,0
514826,5045,1,0,0,0,0
514957,5046,0,0,0,1,0
515193,5047,0,0,0,1,0
515316,5048,0,0,0,1,0
515435,5049,0,0,0,1,0
515576,5050,0,0,0,1,0
515670,5051,0,0,0,1,0
516170,5052,0,0,0,0,1
516328,5053,0,0,0,1,0
516520,5054,0,0,0,1,0
516706,5055,0,0,0,1,0
516802,5056,0,0,0,1,0
516829,5057,0,0,1,0,0
516964,5058,0,0,0,1,0
517075,5059,0,0,0,1,0
517279,5060,0,0,0,1,0
517474,5061,0,0,0,1,0
517593,5062,0,0,0,1,0
517769,5063,0,0,0,1,0
517952,5064,0,0,0,1,0
518155,5065,0,0,0,1,0
518272,5066,0,0,0,1,0
518278,5067,1,0,0,0,0
518282,5068,0,0,1,0,0
518483,5069,0,0,0,1,0
518627,5070,0,0,0,1,0
518812,5071,0,0,0,1,0
518935,5072,0,0,0,1,0
519130,5073,0,0,0,1,0
519161,5074,0,0,1,0,0
519342,5075,0,0,0,1,0
519489,5076,0,0,0,1,0
519656,5077,0,0,0,1,0
519812,5078,0,0,0,1,0
520029,5079,0,0,0,1,0
520154,5080,0,0,0,1,0
520253,5081,0,0,0,1,0
520420,5082,0,0,0,1,0
520426,5083,1,0,0,0,0
520571,5084,0,0,0,1,0
520773,5085,0,0,0,1,0
520906,5086,0,0,0,1,0
521031,5087,0,0,0,1,0
521148,5088,0,0,0,1,0
521495,5089,0,0,0,1,0
521682,5090,0,0,0,1,0
521837,5091,0,0,0,1,0
521997,5092,0,0,0,1,0
522129,5093,0,0,0,1,0
522135,5094,1,0,0,0,0
522331,5095,0,0,0,1,0
522453,5096,0,0,0,1,0
522662,5097,0,0,0,1,0
522790,5098,0,0,0,1,0
523015,5099,0,0,0,1,0
523282,5100,0,0,0,1,0
523404,5101,0,0,0,1,0
523554,5102,0,0,1,0,0
523721,5103,0,0,0,1,0
523885,5104,0,0,0,1,0
524050,5105,0,0,0,1,0
524178,5106,0,0,0,1,0
524311,5107,0,0,0,1,0
524425,5108,0,0,0,1,0
524572,5109,0,0,0,1,0
524751,5110,0,0,0,1,0
524890,5111,0,0,0,1,0
525002,5112,0,0,0,1,0
525065,5113,0,0,1,0,0
525071,5114,0,0,1,0,0
525216,5115,0,0,0,1,0
525377,5116,0,0,0,1,0
525581,5117,0,0,0,1,0
525582,5118,1,0,0,0,0
525712,5119,0,0,0,1,0
525714,5120,1,0,0,0,0
525872,5121,0,0,0,1,0
525992,5122,0,0,0,1,0
526165,5123,0,0,0,1,0
526168,5124,0,0,1,0,0
526300,5125,0,0,0,1,0
526472,5126,0,0,0,1,0
526519,5127,0,0,1,0,0
526722,5128,0,0,0,1,0
526863,5129,0,0,0,1,0
527009,5130,0,0,0,1,0
527153,5131,0,0,0,1,0
527358,5132,0,0,0,1,0
527545,5133,0,0,0,1,0
527675,5134,0,0,0,1,0
527789,5135,0,0,0,1,0
527969,5136,0,0,0,1,0
528110,5137,0,0,0,1,0
528308,5138,0,0,0,1,0
528364,5139,0,0,1,0,0
528599,5140,0,0,0,1,0
528741,5141,0,0,0,1,0
528959,5142,0,0,0,1,0
529104,5143,0,0,0,1,0
529217,5144,0,0,0,1,0
529358,5145,0,0,0,1,0
529471,5146,0,0,0,1,0
529672,5147,0,0,0,1,0
529884,5148,0,0,0,1,0
530011,5149,0,0,0,1,0
530186,5150,0,0,0,1,0
530312,5151,0,0,0,1,0
530494,5152,0,0,0,1,0
530618,5153,0,0,0,1,0
530770,5154,0,0,0,1,0
530975,5155,0,0,0,1,0
531036,5156,0,0,1,0,0
531187,5157,0,0,0,1,0
531296,5158,0,0,0,1,0
531429,5159,0,0,0,1,0
531562,5160,0,0,0,1,0
531740,5161,0,0,0,1,0
531744,5162,0,0,1,0,0
531818,5163,0,0,1,0,0
532016,5164,0,0,0,1,0
532208,5165,0,0,0,1,0
532361,5166,0,0,0,1,0
532405,5167,0,0,1,0,0
532608,5168,0,0,0,1,0
532744,5169,0,0,0,1,0
532896,5170,0,0,0,1,0
533126,5171,0,0,0,1,0
533292,5172,0,0,0,1,0
533487,5173,0,0,0,1,0
533671,5174,0,0,0,1,0
533895,5175,0,0,0,1,0
534076,5176,0,0,0,1,0
534229,5177,0,0,0,1,0
534230,5178,0,0,1,0,0
534349,5179,0,0,0,1,0
534488,5180,0,0,0,1,0
534611,5181,0,0,0,1,0
535111,5182,0,0,0,0,1
535254,5183,0,0,0,1,0
535393,5184,0,0,0,1,0
535539,5185,0,0,0,1,0
535667,5186,0,0,0,1,0
535788,5187,0,0,0,1,0
535924,5188,0,0,0,1,0
536072,5189,0,0,0,1,0
536245,5190,0,0,0,1,0
536448,5191,0,0,0,1,0
536597,5192,0,0,0,1,0
536777,5193,0,0,0,1,0
536935,5194,0,0,0,1,0
537045,5195,0,0,0,1,0
537086,5196,0,0,1,0,0
537252,5197,0,0,0,1,0
537421,5198,0,0,0,1,0
537585,5199,0,0,0,1,0
537714,5200,0,0,0,1,0
537854,5201,0,0,0,1,0
538040,5202,0,0,0,1,0
538170,5203,0,0,0,1,0
538332,5204,0,0,0,1,0
538336,5205,0,0,1,0,0
538523,5206,0,0,0,1,0
538530,5207,1,0,0,0,0
538675,5208,0,0,0,1,0
538852,5209,0,0,0,1,0
539019,5210,0,0,0,1,0
539147,5211,0,0,0,1,0
539251,5212,0,0,0,1,0
539446,5213,0,0,0,1,0
539636,5214,0,0,0,1,0
539681,5215,0,0,1,0,0
539862,5216,0,0,0,1,0
540048,5217,0,0,0,1,0
540234,5218,0,0,0,1,0
540734,5219,0,0,0,0,1
540922,5220,0,0,0,1,0
541145,5221,0,0,0,1,0
541303,5222,0,0,0,1,0
541499,5223,0,0,0,1,0
541667,5224,0,0,0,1,0
541672,5225,1,0,0,0,0
541806,5226,0,0,0,1,0
541969,5227,0,0,0,1,0
542155,5228,0,0,0,1,0
542378,5229,0,0,0,1,0
542531,5230,0,0,0,1,0
542713,5231,0,0,0,1,0
542904,5232,0,0,0,1,0
543058,5233,0,0,0,1,0
543173,5234,0,0,0,1,0
543346,5235,0,0,0,1,0
543546,5236,0,0,0,1,0
543747,5237,0,0,0,1,0
543963,5238,0,0,0,1,0
543973,5239,0,0,1,0,0
543980,5240,1,0,0,0,0
544154,5241,0,0,0,1,0
544310,5242,0,0,0,1,0
544519,5243,0,0,0,1,0
544693,5244,0,0,0,1,0
544859,5245,0,0,0,1,0
545035,5246,0,0,0,1,0
545289,5247,0,0,0,1,0
545474,5248,0,0,0,1,0
545630,5249,0,0,0,1,0
545774,5250,0,0,0,1,0
545782,5251,1,0,0,0,0
545934,5252,0,0,0,1,0
546125,5253,0,0,0,1,0
546292,5254,0,0,0,1,0
546299,5255,1,0,0,0,0
546465,5256,0,0,0,1,0
546610,5257,0,0,0,1,0
546690,5258,0,0,1,0,0
546791,5259,0,0,0,1,0
547000,5260,0,0,0,1,0
547157,5261,0,0,0,1,0
547325,5262,0,0,0,1,0
547493,5263,0,0,0,1,0
547869,5264,0,0,0,1,0
548044,5265,0,0,0,1,0
548181,5266,0,0,0,1,0
548378,5267,0,0,0,1,0
548479,5268,0,0,0,1,0
548631,5269,0,0,0,1,0
548855,5270,0,0,0,1,0
548997,5271,0,0,0,1,0
549059,5272,0,0,1,0,0
549240,5273,0,0,0,1,0
549401,5274,0,0,0,1,0
549846,5275,0,0,0,1,0
550027,5276,0,0,0,1,0
550150,5277,0,0,0,1,0
550260,5278,0,0,0,1,0
550409,5279,0,0,0,1,0
550549,5280,0,0,0,1,0
550553,5281,1,0,0,0,0
550737,5282,0,0,0,1,0
550995,5283,0,0,0,1,0
551113,5284,0,0,0,1,0
551272,5285,0,0,0,1,0
551455,5286,0,0,0,1,0
551460,5287,0,0,1,0,0
551647,5288,0,0,0,1,0
551794,5289,0,0,0,1,0
551795,5290,1,0,0,0,0
551931,5291,0,0,0,1,0
551935,5292,1,0,0,0,0
552104,5293,0,0,0,1,0
552107,5294,0,0,1,0,0
552275,5295,0,0,0,1,0
552437,5296,0,0,0,1,0
552604,5297,0,0,0,1,0
552788,5298,0,0,0,1,0
552929,5299,0,0,0,1,0
553048,5300,0,0,0,1,0
553144,5301,0,0,0,1,0
553336,5302,0,0,0,1,0
553492,5303,0,0,0,1,0
553671,5304,0,0,0,1,0
553834,5305,0,0,0,1,0
553881,5306,0,0,1,0,0
554084,5307,0,0,0,1,0
554227,5308,0,0,0,1,0
554413,5309,0,0,0,1,0
554415,5310,1,0,0,0,0
554554,5311,0,0,0,1,0
554688,5312,0,0,0,1,0
554834,5313,0,0,0,1,0
555014,5314,0,0,0,1,0
555186,5315,0,0,0,1,0
555315,5316,0,0,0,1,0
555461,5317,0,0,0,1,0
555510,5318,0,0,1,0,0
555517,5319,1,0,0,0,0
555713,5320,0,0,0,1,0
555808,5321,0,0,0,1,0
555813,5322,0,0,1,0,0
556035,5323,0,0,0,1,0
556155,5324,0,0,0,1,0
556158,5325,0,0,1,0,0
556359,5326,0,0,0,1,0
556508,5327,0,0,0,1,0
556640,5328,0,0,0,1,0
556801,5329,0,0,0,1,0
556961,5330,0,0,0,1,0
557038,5331,0,0,1,0,0
557162,5332,0,0,0,1,0
557327,5333,0,0,0,1,0
557459,5334,0,0,0,1,0
557875,5335,0,0,0,1,0
558027,5336,0,0,0,1,0
558299,5337,0,0,0,1,0
558411,5338,0,0,0,1,0
558532,5339,0,0,0,1,0
558662,5340,0,0,0,1,0
558789,5341,0,0,0,1,0
558914,5342,0,0,0,1,0
558920,5343,1,0,0,0,0
558927,5344,1,0,0,0,0
559063,5345,0,0,0,1,0
559210,5346,0,0,0,1,0
559395,5347,0,0,0,1,0
559575,5348,0,0,0,1,0
559700,5349,0,0,0,1,0
559806,5350,0,0,0,1,0
559926,5351,0,0,0,1,0
559954,5352,0,0,1,0,0
560112,5353,0,0,0,1,0
560258,5354,0,0,0,1,0
560416,5355,0,0,0,1,0
560549,5356,0,0,0,1,0
560703,5357,0,0,0,1,0
560898,5358,0,0,0,1,0
560902,5359,0,0,1,0,0
561145,5360,0,0,0,1,0
561263,5361,0,0,0,1,0
561456,5362,0,0,0,1,0
561654,5363,0,0,0,1,0
561830,5364,0,0,0,1,0
562045,5365,0,0,0,1,0
562228,5366,0,0,0,1,0
562349,5367,0,0,0,1,0
562521,5368,0,0,0,1,0
562672,5369,0,0,0,1,0
562863,5370,0,0,0,1,0
563034,5371,0,0,0,1,0
563182,5372,0,0,0,1,0
563186,5373,1,0,0,0,0
563192,5374,1,0,0,0,0
563319,5375,0,0,0,1,0
563463,5376,0,0,0,1,0
563615,5377,0,0,0,1,0
563648,5378,0,0,1,0,0
563810,5379,0,0,0,1,0
563907,5380,0,0,0,1,0
564010,5381,0,0,0,1,0
564259,5382,0,0,0,1,0
564265,5383,1,0,0,0,0
564423,5384,0,0,0,1,0
564601,5385,0,0,0,1,0
564769,5386,0,0,0,1,0
564878,5387,0,0,0,1,0
565008,5388,0,0,0,1,0
565138,5389,0,0,0,1,0
565334,5390,0,0,0,1,0
565512,5391,0,0,0,1,0
565653,5392,0,0,0,1,0
565821,5393,0,0,0,1,0
565919,5394,0,0,0,1,0
566022,5395,0,0,1,0,0
566211,5396,0,0,0,1,0
566382,5397,0,0,0,1,0
566538,5398,0,0,0,1,0
566544,5399,1,0,0,0,0
566720,5400,0,0,0,1,0
566839,5401,0,0,0,1,0
567000,5402,0,0,0,1,0
567141,5403,0,0,0,1,0
567288,5404,0,0,0,1,0
567465,5405,0,0,0,1,0
567630,5406,0,0,0,1,0
567826,5407,0,0,0,1,0
568003,5408,0,0,0,1,0
568008,5409,1,0,0,0,0
568012,5410,1,0,0,0,0
568191,5411,0,0,0,1,0
568395,5412,0,0,0,1,0
568587,5413,0,0,0,1,0
568700,5414,0,0,0,1,0
568863,5415,0,0,0,1,0
569077,5416,0,0,0,1,0
569203,5417,0,0,0,1,0
569368,5418,0,0,0,1,0
569503,5419,0,0,0,1,0
569678,5420,0,0,0,1,0
569905,5421,0,0,0,1,0
570052,5422,0,0,0,1,0
570251,5423,0,0,0,1,0
570374,5424,0,0,0,1,0
570531,5425,0,0,0,1,0
570689,5426,0,0,0,1,0
570877,5427,0,0,0,1,0
571084,5428,0,0,0,1,0
571190,5429,0,0,0,1,0
571402,5430,0,0,0,1,0
571570,5431,0,0,0,1,0
571571,5432,0,0,1,0,0
571749,5433,0,0,0,1,0
571752,5434,1,0,0,0,0
571887,5435,0,0,0,1,0
572093,5436,0,0,0,1,0
572331,5437,0,0,0,1,0
572344,5438,0,0,1,0,0
572477,5439,0,0,0,1,0
572640,5440,0,0,0,1,0
572829,5441,0,0,0,1,0
573012,5442,0,0,0,1,0
573181,5443,0,0,0,1,0
573338,5444,0,0,0,1,0
573542,5445,0,0,0,1,0
573692,5446,0,0,0,1,0
573894,5447,0,0,0,1,0
574103,5448,0,0,0,1,0
574365,5449,0,0,0,1,0
574507,5450,0,0,0,1,0
574678,5451,0,0,0,1,0
574842,5452,0,0,0,1,0
575019,5453,0,0,0,1,0
575206,5454,0,0,0,1,0
575410,5455,0,0,0,1,0
575413,5456,1,0,0,0,0
575583,5457,0,0,0,1,0
575731,5458,0,0,0,1,0
575738,5459,1,0,0,0,0
575912,5460,0,0,0,1,0
576013,5461,0,0,0,1,0
576110,5462,0,0,0,1,0
576215,5463,0,0,0,1,0
576400,5464,0,0,0,1,0
576408,5465,1,0,0,0,0
576595,5466,0,0,0,1,0
576791,5467,0,0,0,1,0
577291,5468,0,0,0,0,1
577491,5469,0,0,0,1,0
577496,5470,0,0,1,0,0
577634,5471,0,0,0,1,0
577777,5472,0,0,0,1,0
578277,5473,0,0,0,0,1
578416,5474,0,0,0,1,0
578916,5475,0,0,0,0,1
579065,5476,0,0,0,1,0
579207,5477,0,0,0,1,0
579390,5478,0,0,0,1,0
579531,5479,0,0,0,1,0
579532,5480,0,0,1,0,0
579770,5481,0,0,0,1,0
579971,5482,0,0,0,1,0
580068,5483,0,0,0,1,0
580253,5484,0,0,0,1,0
580456,5485,0,0,0,1,0
580623,5486,0,0,0,1,0
580705,5487,0,0,1,0,0
580815,5488,0,0,0,1,0
580968,5489,0,0,0,1,0
581036,5490,0,0,1,0,0
581198,5491,0,0,0,1,0
581205,5492,1,0,0,0,0
581337,5493,0,0,0,1,0
581534,5494,0,0,0,1,0
581676,5495,0,0,0,1,0
581783,5496,0,0,0,1,0
581975,5497,0,0,0,1,0
582162,5498,0,0,0,1,0
582318,5499,0,0,0,1,0
582432,5500,0,0,0,1,0
582438,5501,1,0,0,0,0
582606,5502,0,0,0,1,0
582744,5503,0,0,0,1,0
583065,5504,0,0,0,1,0
583256,5505,0,0,0,1,0
583472,5506,0,0,0,1,0
583610,5507,0,0,0,1,0
583615,5508,1,0,0,0,0
583797,5509,0,0,0,1,0
583834,5510,0,0,1,0,0
583978,5511,0,0,0,1,0
584135,5512,0,0,0,1,0
584339,5513,0,0,0,1,0
584535,5514,0,0,0,1,0
584689,5515,0,0,0,1,0
584983,5516,0,0,0,1,0
585184,5517,0,0,0,1,0
585284,5518,0,0,0,1,0
585413,5519,0,0,0,1,0
585603,5520,0,0,0,1,0
585783,5521,0,0,0,1,0
585930,5522,0,0,0,1,0
586136,5523,0,0,0,1,0
586141,5524,0,0,1,0,0
586320,5525,0,0,0,1,0
586456,5526,0,0,0,1,0
586661,5527,0,0,0,1,0
586856,5528,0,0,0,1,0
586860,5529,0,0,1,0,0
587026,5530,0,0,0,1,0
587139,5531,0,0,0,1,0
587592,5532,0,0,0,1,0
587779,5533,0,0,0,1,0
587892,5534,0,0,1,0,0
588085,5535,0,0,0,1,0
588241,5536,0,0,0,1,0
588473,5537,0,0,0,1,0
588648,5538,0,0,0,1,0
588759,5539,0,0,0,1,0
588761,5540,1,0,0,0,0
588924,5541,0,0,0,1,0
588930,5542,1,0,0,0,0
589101,5543,0,0,0,1,0
589105,5544,1,0,0,0,0
589240,5545,0,0,0,1,0
589398,5546,0,0,0,1,0
589603,5547,0,0,0,1,0
589811,5548,0,0,0,1,0
589967,5549,0,0,0,1,0
590118,5550,0,0,0,1,0
590332,5551,0,0,0,1,0
590519,5552,0,0,0,1,0
590646,5553,0,0,0,1,0
590835,5554,0,0,0,1,0
590974,5555,0,0,0,1,0
591102,5556,0,0,0,1,0
591303,5557,0,0,0,1,0
591307,5558,0,0,1,0,0
591458,5559,0,0,0,1,0
591618,5560,0,0,0,1,0
591731,5561,0,0,0,1,0
592231,5562,0,0,0,0,1
592370,5563,0,0,0,1,0
592568,5564,0,0,0,1,0
592747,5565,0,0,0,1,0
592955,5566,0,0,0,1,0
593142,5567,0,0,0,1,0
593336,5568,0,0,0,1,0
593337,5569,1,0,0,0,0
593450,5570,0,0,0,1,0
593652,5571,0,0,0,1,0
593857,5572,0,0,0,1,0
594051,5573,0,0,0,1,0
594145,5574,0,0,0,1,0
594287,5575,0,0,0,1,0
594419,5576,0,0,0,1,0
594542,5577,0,0,0,1,0
594708,5578,0,0,0,1,0
594846,5579,0,0,0,1,0
595046,5580,0,0,0,1,0
595226,5581,0,0,0,1,0
595424,5582,0,0,0,1,0
595632,5583,0,0,0,1,0
595845,5584,0,0,0,1,0
595995,5585,0,0,0,1,0
596002,5586,1,0,0,0,0
596190,5587,0,0,0,1,0
596380,5588,0,0,0,1,0
596556,5589,0,0,0,1,0
596739,5590,0,0,0,1,0
596742,5591,1,0,0,0,0
596900,5592,0,0,0,1,0
597119,5593,0,0,0,1,0
597261,5594,0,0,0,1,0
597446,5595,0,0,0,1,0
597616,5596,0,0,0,1,0
597814,5597,0,0,0,1,0
598012,5598,0,0,0,1,0
598017,5599,1,0,0,0,0
598517,5600,0,0,0,0,1
598521,5601,1,0,0,0,0
598707,5602,0,0,0,1,0
598869,5603,0,0,0,1,0
598972,5604,0,0,0,1,0
599087,5605,0,0,0,1,0
599232,5606,0,0,0,1,0
599239,5607,1,0,0,0,0
599628,5608,0,0,0,1,0
600042,5609,0,0,0,1,0
600157,5610,0,0,0,1,0
600160,5611,1,0,0,0,0
600312,5612,0,0,0,1,0
600522,5613,0,0,0,1,0
600731,5614,0,0,0,1,0
600878,5615,0,0,0,1,0
600991,5616,0,0,0,1,0
600992,5617,0,0,1,0,0
601139,5618,0,0,0,1,0
601141,5619,1,0,0,0,0
601313,5620,0,0,0,1,0
601506,5621,0,0,0,1,0
601704,5622,0,0,0,1,0
601876,5623,0,0,0,1,0
602025,5624,0,0,0,1,0
602172,5625,0,0,0,1,0
602271,5626,0,0,0,1,0
602427,5627,0,0,0,1,0
602583,5628,0,0,0,1,0
602801,5629,0,0,0,1,0
602967,5630,0,0,0,1,0
603269,5631,0,0,0,1,0
603379,5632,0,0,0,1,0
603584,5633,0,0,0,1,0
603769,5634,0,0,0,1,0
603879,5635,0,0,0,1,0
604043,5636,0,0,0,1,0
604206,5637,0,0,0,1,0
604319,5638,0,0,0,1,0
604517,5639,0,0,0,1,0
604651,5640,0,0,0,1,0
604757,5641,0,0,0,1,0
604887,5642,0,0,0,1,0
605028,5643,0,0,0,1,0
605214,5644,0,0,0,1,0
605223,5645,1,0,0,0,0
605373,5646,0,0,0,1,0
605546,5647,0,0,0,1,0
605738,5648,0,0,0,1,0
605742,5649,1,0,0,0,0
605911,5650,0,0,0,1,0
606212,5651,0,0,0,1,0
606397,5652,0,0,0,1,0
606406,5653,0,0,1,0,0
606436,5654,0,0,1,0,0
606609,5655,0,0,0,1,0
606758,5656,0,0,0,1,0
606916,5657,0,0,0,1,0
607104,5658,0,0,0,1,0
607301,5659,0,0,0,1,0
607495,5660,0,0,0,1,0
607597,5661,0,0,1,0,0
607785,5662,0,0,0,1,0
607993,5663,0,0,0,1,0
608204,5664,0,0,0,1,0
608344,5665,0,0,0,1,0
608474,5666,0,0,0,1,0
608578,5667,0,0,0,1,0
608583,5668,1,0,0,0,0
608720,5669,0,0,0,1,0
608853,5670,0,0,0,1,0
609026,5671,0,0,0,1,0
609189,5672,0,0,0,1,0
609292,5673,0,0,1,0,0
609414,5674,0,0,0,1,0
609619,5675,0,0,0,1,0
609625,5676,1,0,0,0,0
609735,5677,0,0,0,1,0
609880,5678,0,0,0,1,0
610200,5679,0,0,0,1,0
610341,5680,0,0,0,1,0
610461,5681,0,0,0,1,0
610468,5682,1,0,0,0,0
610559,5683,0,0,0,1,0
610755,5684,0,0,0,1,0
610918,5685,0,0,0,1,0
611038,5686,0,0,0,1,0
611156,5687,0,0,0,1,0
611157,5688,0,0,1,0,0
611317,5689,0,0,0,1,0
611523,5690,0,0,0,1,0
611632,5691,0,0,0,1,0
611778,5692,0,0,0,1,0
612001,5693,0,0,0,1,0
612173,5694,0,0,0,1,0
612357,5695,0,0,0,1,0
612541,5696,0,0,0,1,0
612629,5697,0,0,1,0,0
612784,5698,0,0,0,1,0
612969,5699,0,0,0,1,0
613085,5700,0,0,0,1,0
613088,5701,1,0,0,0,0
613210,5702,0,0,0,1,0
613366,5703,0,0,0,1,0
613545,5704,0,0,0,1,0
613746,5705,0,0,0,1,0
613914,5706,0,0,0,1,0
613920,5707,1,0,0,0,0
614063,5708,0,0,0,1,0
614237,5709,0,0,0,1,0
614415,5710,0,0,0,1,0
614567,5711,0,0,0,1,0
614750,5712,0,0,0,1,0
614943,5713,0,0,0,1,0
615123,5714,0,0,0,1,0
615320,5715,0,0,0,1,0
615498,5716,0,0,0,1,0
615678,5717,0,0,0,1,0
615816,5718,0,0,0,1,0
616019,5719,0,0,0,1,0
616130,5720,0,0,0,1,0
616270,5721,0,0,0,1,0
616382,5722,0,0,0,1,0
616384,5723,0,0,1,0,0
616592,5724,0,0,0,1,0
616714,5725,0,0,0,1,0
616806,5726,0,0,0,1,0
616979,5727,0,0,0,1,0
617135,5728,0,0,0,1,0
617289,5729,0,0,1,0,0
617290,5730,1,0,0,0,0
617470,5731,0,0,0,1,0
617604,5732,0,0,0,1,0
617714,5733,0,0,0,1,0
617816,5734,0,0,1,0,0
618020,5735,0,0,0,1,0
618213,5736,0,0,0,1,0
618331,5737,0,0,0,1,0
618506,5738,0,0,0,1,0
618693,5739,0,0,0,1,0
618873,5740,0,0,0,1,0
619001,5741,0,0,0,1,0
619196,5742,0,0,0,1,0
619367,5743,0,0,0,1,0
619568,5744,0,0,0,1,0
619734,5745,0,0,0,1,0
619824,5746,0,0,0,1,0
619973,5747,0,0,0,1,0
620132,5748,0,0,0,1,0
620259,5749,0,0,0,1,0
620473,5750,0,0,0,1,0
620658,5751,0,0,0,1,0
620808,5752,0,0,0,1,0
621018,5753,0,0,0,1,0
621191,5754,0,0,0,1,0
621350,5755,0,0,0,1,0
621492,5756,0,0,0,1,0
621629,5757,0,0,0,1,0
621638,5758,0,0,1,0,0
621824,5759,0,0,0,1,0
622014,5760,0,0,0,1,0
622155,5761,0,0,0,1,0
622320,5762,0,0,0,1,0
622505,5763,0,0,0,1,0
622695,5764,0,0,0,1,0
622828,5765,0,0,0,1,0
623052,5766,0,0,0,1,0
623155,5767,0,0,0,1,0
623268,5768,0,0,0,1,0
623484,5769,0,0,0,1,0
623692,5770,0,0,0,1,0
623903,5771,0,0,0,1,0
624033,5772,0,0,0,1,0
624246,5773,0,0,0,1,0
624388,5774,0,0,0,1,0
624514,5775,0,0,0,1,0
624644,5776,0,0,0,1,0
624778,5777,0,0,0,1,0
624961,5778,0,0,0,1,0
625155,5779,0,0,0,1,0
625160,5780,0,0,1,0,0
625269,5781,0,0,0,1,0
625465,5782,0,0,0,1,0
625644,5783,0,0,0,1,0
625835,5784,0,0,0,1,0
626038,5785,0,0,0,1,0
626188,5786,0,0,0,1,0
626376,5787,0,0,0,1,0
626510,5788,0,0,0,1,0
626512,5789,0,0,1,0,0
626654,5790,0,0,0,1,0
626768,5791,0,0,0,1,0
626939,5792,0,0,0,1,0
626940,5793,1,0,0,0,0
627150,5794,0,0,0,1,0
627360,5795,0,0,0,1,0
627362,5796,1,0,0,0,0
627511,5797,0,0,0,1,0
627691,5798,0,0,0,1,0
627885,5799,0,0,0,1,0
627890,5800,1,0,0,0,0
628023,5801,0,0,0,1,0
628129,5802,0,0,0,1,0
628298,5803,0,0,0,1,0
628458,5804,0,0,0,1,0
628474,5805,0,0,1,0,0
628631,5806,0,0,0,1,0
628809,5807,0,0,0,1,0
628925,5808,0,0,0,1,0
629059,5809,0,0,0,1,0
629187,5810,0,0,0,1,0
629384,5811,0,0,0,1,0
629551,5812,0,0,0,1,0
629673,5813,0,0,0,1,0
629835,5814,0,0,0,1,0
630033,5815,0,0,0,1,0
630227,5816,0,0,0,1,0
630374,5817,0,0,0,1,0
630497,5818,0,0,0,1,0
630674,5819,0,0,0,1,0
630713,5820,0,0,1,0,0
630892,5821,0,0,0,1,0
631036,5822,0,0,0,1,0
631196,5823,0,0,0,1,0
631345,5824,0,0,0,1,0
631469,5825,0,0,0,1,0
631597,5826,0,0,0,1,0
631756,5827,0,0,0,1,0
631919,5828,0,0,0,1,0
631921,5829,0,0,1,0,0
632040,5830,0,0,0,1,0
632194,5831,0,0,0,1,0
632325,5832,0,0,0,1,0
632516,5833,0,0,0,1,0
632685,5834,0,0,0,1,0
632694,5835,0,0,1,0,0
632861,5836,0,0,0,1,0
633080,5837,0,0,0,1,0
633260,5838,0,0,0,1,0
633446,5839,0,0,0,1,0
633447,5840,0,0,1,0,0
633570,5841,0,0,0,1,0
633763,5842,0,0,0,1,0
633950,5843,0,0,0,1,0
633955,5844,1,0,0,0,0
634130,5845,0,0,0,1,0
634327,5846,0,0,0,1,0
634546,5847,0,0,0,1,0
634587,5848,0,0,1,0,0
634797,5849,0,0,0,1,0
634938,5850,0,0,0,1,0
634947,5851,1,0,0,0,0
635103,5852,0,0,0,1,0
635275,5853,0,0,0,1,0
635473,5854,0,0,0,1,0
635679,5855,0,0,0,1,0
635834,5856,0,0,0,1,0
635992,5857,0,0,0,1,0
636166,5858,0,0,0,1,0
636367,5859,0,0,0,1,0
636570,5860,0,0,0,1,0
636631,5861,0,0,1,0,0
636844,5862,0,0,0,1,0
637002,5863,0,0,0,1,0
637147,5864,0,0,0,1,0
637347,5865,0,0,0,1,0
637464,5866,0,0,0,1,0
637616,5867,0,0,0,1,0
637821,5868,0,0,0,1,0
637952,5869,0,0,0,1,0
638148,5870,0,0,0,1,0
638253,5871,0,0,0,1,0
638428,5872,0,0,0,1,0
638609,5873,0,0,0,1,0
638714,5874,0,0,0,1,0
638872,5875,0,0,0,1,0
639077,5876,0,0,0,1,0
639214,5877,0,0,0,1,0
639218,5878,0,0,1,0,0
639376,5879,0,0,0,1,0
639465,5880,0,0,0,1,0
639692,5881,0,0,0,1,0
639822,5882,0,0,0,1,0
639823,5883,1,0,0,0,0
640003,5884,0,0,0,1,0
640004,5885,0,0,1,0,0
640186,5886,0,0,0,1,0
640361,5887,0,0,0,1,0
640478,5888,0,0,0,1,0
640658,5889,0,0,0,1,0
640812,5890,0,0,0,1,0
641010,5891,0,0,0,1,0
641189,5892,0,0,0,1,0
641360,5893,0,0,0,1,0
641556,5894,0,0,0,1,0
641663,5895,0,0,0,1,0
641833,5896,0,0,0,1,0
642007,5897,0,0,0,1,0
642208,5898,0,0,0,1,0
642411,5899,0,0,0,1,0
642551,5900,0,0,0,1,0
642749,5901,0,0,0,1,0
642867,5902,0,0,1,0,0
643066,5903,0,0,0,1,0
643221,5904,0,0,0,1,0
643399,5905,0,0,0,1,0
643585,5906,0,0,0,1,0
643703,5907,0,0,0,1,0
643872,5908,0,0,0,1,0
644038,5909,0,0,0,1,0
644243,5910,0,0,0,1,0
644411,5911,0,0,0,1,0
644562,5912,0,0,0,1,0
644695,5913,0,0,0,1,0
644799,5914,0,0,0,1,0
645001,5915,0,0,0,1,0
645225,5916,0,0,0,1,0
645403,5917,0,0,0,1,0
645593,5918,0,0,0,1,0
645713,5919,0,0,0,1,0
645839,5920,0,0,0,1,0
645953,5921,0,0,0,1,0
646069,5922,0,0,0,1,0
646262,5923,0,0,0,1,0
646415,5924,0,0,0,1,0
646550,5925,0,0,0,1,0
646721,5926,0,0,0,1,0
646912,5927,0,0,0,1,0
647082,5928,0,0,0,1,0
647231,5929,0,0,0,1,0
647390,5930,0,0,0,1,0
647574,5931,0,0,0,1,0
647880,5932,0,0,0,1,0
647987,5933,0,0,0,1,0
648187,5934,0,0,0,1,0
648390,5935,0,0,0,1,0
648569,5936,0,0,0,1,0
648691,5937,0,0,0,1,0
648873,5938,0,0,0,1,0
648878,5939,1,0,0,0,0
649026,5940,0,0,0,1,0
649183,5941,0,0,0,1,0
649340,5942,0,0,0,1,0
649491,5943,0,0,0,1,0
649691,5944,0,0,0,1,0
649847,5945,0,0,0,1,0
649985,5946,0,0,0,1,0
650131,5947,0,0,0,1,0
650303,5948,0,0,0,1,0
650463,5949,0,0,0,1,0
650646,5950,0,0,0,1,0
650791,5951,0,0,0,1,0
650917,5952,0,0,0,1,0
651104,5953,0,0,0,1,0
651256,5954,0,0,0,1,0
651414,5955,0,0,0,1,0
651685,5956,0,0,0,1,0
651878,5957,0,0,0,1,0
651993,5958,0,0,0,1,0
652145,5959,0,0,0,1,0
652369,5960,0,0,0,1,0
652533,5961,0,0,0,1,0
652719,5962,0,0,0,1,0
652894,5963,0,0,0,1,0
653080,5964,0,0,0,1,0
653262,5965,0,0,0,1,0
653407,5966,0,0,0,1,0
653591,5967,0,0,0,1,0
653786,5968,0,0,0,1,0
653973,5969,0,0,0,1,0
654021,5970,0,0,1,0,0
654161,5971,0,0,0,1,0
654307,5972,0,0,0,1,0
654497,5973,0,0,0,1,0
654685,5974,0,0,0,1,0
654875,5975,0,0,0,1,0
654880,5976,1,0,0,0,0
655073,5977,0,0,0,1,0
655235,5978,0,0,0,1,0
655376,5979,0,0,0,1,0
655382,5980,1,0,0,0,0
655503,5981,0,0,0,1,0
655714,5982,0,0,0,1,0
655884,5983,0,0,0,1,0
656057,5984,0,0,0,1,0
656178,5985,0,0,0,1,0
656302,5986,0,0,0,1,0
656400,5987,0,0,0,1,0
656490,5988,0,0,0,1,0
656632,5989,0,0,0,1,0
656794,5990,0,0,0,1,0
656873,5991,0,0,1,0,0
656998,5992,0,0,0,1,0
657134,5993,0,0,0,1,0
657297,5994,0,0,0,1,0
657470,5995,0,0,0,1,0
657478,5996,1,0,0,0,0
657594,5997,0,0,0,1,0
657692,5998,0,0,0,1,0
657867,5999,0,0,0,1,0
657999,6000,0,0,0,1,0
658318,6001,0,0,0,1,0
658470,6002,0,0,0,1,0
658686,6003,0,0,0,1,0
658885,6004,0,0,0,1,0
659063,6005,0,0,0,1,0
659320,6006,0,0,0,1,0
659498,6007,0,0,0,1,0
659700,6008,0,0,0,1,0
659908,6009,0,0,0,1,0
660095,6010,0,0,0,1,0
660219,6011,0,0,0,1,0
660380,6012,0,0,0,1,0
660593,6013,0,0,0,1,0
660787,6014,0,0,0,1,0
660985,6015,0,0,0,1,0
661137,6016,0,0,0,1,0
661142,6017,0,0,1,0,0
661335,6018,0,0,0,1,0
661540,6019,0,0,0,1,0
661565,6020,0,0,1,0,0
661715,6021,0,0,0,1,0
661903,6022,0,0,0,1,0
662026,6023,0,0,1,0,0
662148,6024,0,0,0,1,0
662153,6025,1,0,0,0,0
662368,6026,0,0,0,1,0
662490,6027,0,0,0,1,0
662707,6028,0,0,0,1,0
662859,6029,0,0,0,1,0
662862,6030,1,0,0,0,0
663003,6031,0,0,0,1,0
663173,6032,0,0,0,1,0
663332,6033,0,0,0,1,0
663478,6034,0,0,0,1,0
663666,6035,0,0,0,1,0
663873,6036,0,0,0,1,0
663982,6037,0,0,0,1,0
664217,6038,0,0,0,1,0
664398,6039,0,0,0,1,0
664488,6040,0,0,0,1,0
664619,6041,0,0,0,1,0
664810,6042,0,0,0,1,0
664989,6043,0,0,0,1,0
665150,6044,0,0,0,1,0
665316,6045,0,0,0,1,0
665467,6046,0,0,0,1,0
665622,6047,0,0,0,1,0
665766,6048,0,0,0,1,0
665926,6049,0,0,0,1,0
666099,6050,0,0,0,1,0
666289,6051,0,0,0,1,0
666465,6052,0,0,0,1,0
666633,6053,0,0,0,1,0
666864,6054,0,0,0,1,0
667045,6055,0,0,0,1,0
667222,6056,0,0,0,1,0
667239,6057,0,0,1,0,0
667277,6058,0,0,1,0,0
667382,6059,0,0,0,1,0
667594,6060,0,0,0,1,0
667702,6061,0,0,0,1,0
667818,6062,0,0,0,1,0
668035,6063,0,0,0,1,0
668141,6064,0,0,0,1,0
668239,6065,0,0,0,1,0
668369,6066,0,0,0,1,0
668544,6067,0,0,0,1,0
668709,6068,0,0,0,1,0
668836,6069,0,0,0,1,0
668987,6070,0,0,0,1,0
669068,6071,0,0,1,0,0
669280,6072,0,0,0,1,0
669283,6073,1,0,0,0,0
669459,6074,0,0,0,1,0
669686,6075,0,0,0,1,0
669902,6076,0,0,0,1,0
670080,6077,0,0,0,1,0
670263,6078,0,0,1,0,0
670462,6079,0,0,0,1,0
670645,6080,0,0,0,1,0
670811,6081,0,0,0,1,0
670836,6082,0,0,1,0,0
670994,6083,0,0,0,1,0
671173,6084,0,0,0,1,0
671174,6085,1,0,0,0,0
671289,6086,0,0,0,1,0
671476,6087,0,0,0,1,0
671616,6088,0,0,0,1,0
671778,6089,0,0,0,1,0
671960,6090,0,0,0,1,0
672095,6091,0,0,0,1,0
672275,6092,0,0,0,1,0
672428,6093,0,0,0,1,0
672429,6094,1,0,0,0,0
672608,6095,0,0,0,1,0
672807,6096,0,0,0,1,0
673026,6097,0,0,0,1,0
673217,6098,0,0,0,1,0
673391,6099,0,0,0,1,0
673568,6100,0,0,0,1,0
673765,6101,0,0,0,1,0
673903,6102,0,0,0,1,0
674069,6103,0,0,0,1,0
674166,6104,0,0,0,1,0
674289,6105,0,0,0,1,0
674432,6106,0,0,0,1,0
674600,6107,0,0,0,1,0
674795,6108,0,0,0,1,0
674804,6109,1,0,0,0,0
675009,6110,0,0,0,1,0
675168,6111,0,0,0,1,0
675380,6112,0,0,0,1,0
675550,6113,0,0,0,1,0
675771,6114,0,0,0,1,0
675913,6115,0,0,0,1,0
676079,6116,0,0,0,1,0
676189,6117,0,0,0,1,0
676322,6118,0,0,0,1,0
676445,6119,0,0,0,1,0
676621,6120,0,0,0,1,0
676750,6121,0,0,0,1,0
676939,6122,0,0,0,1,0
677071,6123,0,0,0,1,0
677244,6124,0,0,0,1,0
677392,6125,0,0,0,1,0
677579,6126,0,0,0,1,0
677707,6127,0,0,0,1,0
677809,6128,0,0,1,0,0
678028,6129,0,0,0,1,0
678145,6130,0,0,0,1,0
678337,6131,0,0,0,1,0
678469,6132,0,0,0,1,0
678594,6133,0,0,0,1,0
678718,6134,0,0,0,1,0
678943,6135,0,0,0,1,0
679118,6136,0,0,0,1,0
679320,6137,0,0,0,1,0
679474,6138,0,0,0,1,0
679572,6139,0,0,0,1,0
679721,6140,0,0,0,1,0
679930,6141,0,0,0,1,0
680093,6142,0,0,0,1,0
680275,6143,0,0,0,1,0
680415,6144,0,0,0,1,0
680514,6145,0,0,0,1,0
680686,6146,0,0,0,1,0
680863,6147,0,0,0,1,0
681058,6148,0,0,0,1,0
681141,6149,0,0,1,0,0
681284,6150,0,0,0,1,0
681473,6151,0,0,0,1,0
681667,6152,0,0,0,1,0
681863,6153,0,0,0,1,0
682054,6154,0,0,0,1,0
682192,6155,0,0,0,1,0
682413,6156,0,0,0,1,0
682564,6157,0,0,0,1,0
682749,6158,0,0,0,1,0
682851,6159,0,0,0,1,0
682968,6160,0,0,0,1,0
683126,6161,0,0,0,1,0
683135,6162,1,0,0,0,0
683294,6163,0,0,0,1,0
683486,6164,0,0,0,1,0
683676,6165,0,0,0,1,0
683864,6166,0,0,0,1,0
683992,6167,0,0,0,1,0
684085,6168,0,0,0,1,0
684220,6169,0,0,0,1,0
684417,6170,0,0,0,1,0
684571,6171,0,0,0,1,0
684761,6172,0,0,0,1,0
684962,6173,0,0,0,1,0
685180,6174,0,0,0,1,0
685332,6175,0,0,0,1,0
685476,6176,0,0,0,1,0
685585,6177,0,0,0,1,0
685693,6178,0,0,0,1,0
685851,6179,0,0,0,1,0
685988,6180,0,0,0,1,0
686135,6181,0,0,0,1,0
686139,6182,1,0,0,0,0
686338,6183,0,0,0,1,0
686428,6184,0,0,0,1,0
686605,6185,0,0,0,1,0
686759,6186,0,0,0,1,0
686870,6187,0,0,0,1,0
687069,6188,0,0,0,1,0
687238,6189,0,0,0,1,0
687347,6190,0,0,0,1,0
687459,6191,0,0,1,0,0
687607,6192,0,0,0,1,0
687800,6193,0,0,0,1,0
688012,6194,0,0,0,1,0
688218,6195,0,0,0,1,0
688397,6196,0,0,0,1,0
688519,6197,0,0,0,1,0
688526,6198,1,0,0,0,0
688623,6199,0,0,0,1,0
688784,6200,0,0,0,1,0
688907,6201,0,0,0,1,0
689059,6202,0,0,0,1,0
689226,6203,0,0,0,1,0
689331,6204,0,0,0,1,0
689523,6205,0,0,0,1,0
689669,6206,0,0,0,1,0
689683,6207,0,0,1,0,0
689814,6208,0,0,0,1,0
690004,6209,0,0,0,1,0
690199,6210,0,0,0,1,0
690368,6211,0,0,0,1,0
690506,6212,0,0,0,1,0
690624,6213,0,0,0,1,0
690627,6214,0,0,1,0,0
690893,6215,0,0,0,1,0
690900,6216,1,0,0,0,0
691004,6217,0,0,0,1,0
691006,6218,0,0,1,0,0
691184,6219,0,0,0,1,0
691381,6220,0,0,0,1,0
691568,6221,0,0,0,1,0
691676,6222,0,0,0,1,0
691868,6223,0,0,0,1,0
692064,6224,0,0,0,1,0
692265,6225,0,0,0,1,0
692451,6226,0,0,0,1,0
692567,6227,0,0,0,1,0
692753,6228,0,0,0,1,0
692851,6229,0,0,0,1,0
693185,6230,0,0,0,1,0
693348,6231,0,0,0,1,0
693491,6232,0,0,0,1,0
693661,6233,0,0,0,1,0
693832,6234,0,0,0,1,0
694030,6235,0,0,0,1,0
694210,6236,0,0,0,1,0
694327,6237,0,0,0,1,0
694827,6238,0,0,0,0,1
695260,6239,0,0,0,1,0
695435,6240,0,0,0,1,0
695633,6241,0,0,0,1,0
695681,6242,0,0,1,0,0
695829,6243,0,0,0,1,0
696035,6244,0,0,0,1,0
696120,6245,0,0,1,0,0
696250,6246,0,0,0,1,0
696418,6247,0,0,0,1,0
696539,6248,0,0,0,1,0
696745,6249,0,0,0,1,0
696889,6250,0,0,0,1,0
697050,6251,0,0,0,1,0
697212,6252,0,0,0,1,0
697400,6253,0,0,0,1,0
697584,6254,0,0,0,1,0
697739,6255,0,0,0,1,0
697883,6256,0,0,0,1,0
697887,6257,1,0,0,0,0
698008,6258,0,0,0,1,0
698183,6259,0,0,0,1,0
698186,6260,0,0,1,0,0
698383,6261,0,0,0,1,0
698542,6262,0,0,0,1,0
698546,6263,1,0,0,0,0
698695,6264,0,0,0,1,0
698837,6265,0,0,0,1,0
698926,6266,0,0,0,1,0
699042,6267,0,0,0,1,0
699185,6268,0,0,0,1,0
699385,6269,0,0,0,1,0
699571,6270,0,0,0,1,0
699744,6271,0,0,0,1,0
699916,6272,0,0,0,1,0
700114,6273,0,0,0,1,0
700325,6274,0,0,0,1,0
700538,6275,0,0,0,1,0
700727,6276,0,0,0,1,0
700850,6277,0,0,0,1,0
701014,6278,0,0,0,1,0
701206,6279,0,0,0,1,0
701356,6280,0,0,0,1,0
701540,6281,0,0,0,1,0
701666,6282,0,0,0,1,0
701825,6283,0,0,0,1,0
701963,6284,0,0,0,1,0
702128,6285,0,0,0,1,0
702236,6286,0,0,0,1,0
702242,6287,1,0,0,0,0
702419,6288,0,0,0,1,0
702568,6289,0,0,0,1,0
702745,6290,0,0,0,1,0
702862,6291,0,0,0,1,0
703039,6292,0,0,0,1,0
703182,6293,0,0,0,1,0
703214,6294,0,0,1,0,0
703400,6295,0,0,0,1,0
703609,6296,0,0,0,1,0
703810,6297,0,0,0,1,0
703971,6298,0,0,0,1,0
704157,6299,0,0,0,1,0
704348,6300,0,0,0,1,0
704586,6301,0,0,0,1,0
704791,6302,0,0,0,1,0
704919,6303,0,0,0,1,0
705071,6304,0,0,0,1,0
705183,6305,0,0,0,1,0
705331,6306,0,0,0,1,0
705510,6307,0,0,0,1,0
705670,6308,0,0,0,1,0
705836,6309,0,0,0,1,0
705988,6310,0,0,0,1,0
706196,6311,0,0,0,1,0
706405,6312,0,0,0,1,0
706433,6313,0,0,1,0,0
706600,6314,0,0,0,1,0
706709,6315,0,0,0,1,0
706909,6316,0,0,0,1,0
707021,6317,0,0,0,1,0
707229,6318,0,0,0,1,0
707324,6319,0,0,0,1,0
707537,6320,0,0,0,1,0
707687,6321,0,0,0,1,0
707881,6322,0,0,0,1,0
708038,6323,0,0,0,1,0
708220,6324,0,0,0,1,0
708226,6325,0,0,1,0,0
708405,6326,0,0,0,1,0
708475,6327,0,0,1,0,0
708591,6328,0,0,0,1,0
708696,6329,0,0,0,1,0
708862,6330,0,0,0,1,0
709045,6331,0,0,0,1,0
709259,6332,0,0,0,1,0
709411,6333,0,0,0,1,0
709569,6334,0,0,0,1,0
709718,6335,0,0,0,1,0
709891,6336,0,0,0,1,0
710051,6337,0,0,0,1,0
710160,6338,0,0,0,1,0
710370,6339,0,0,0,1,0
710468,6340,0,0,0,1,0
710474,6341,1,0,0,0,0
710526,6342,0,0,1,0,0
710675,6343,0,0,0,1,0
710795,6344,0,0,0,1,0
711001,6345,0,0,0,1,0
711004,6346,0,0,1,0,0
711124,6347,0,0,0,1,0
711276,6348,0,0,0,1,0
711414,6349,0,0,0,1,0
711612,6350,0,0,0,1,0
711797,6351,0,0,0,1,0
711961,6352,0,0,0,1,0
712148,6353,0,0,0,1,0
712176,6354,0,0,1,0,0
712357,6355,0,0,0,1,0
712540,6356,0,0,0,1,0
712649,6357,0,0,0,1,0
712789,6358,0,0,0,1,0
712972,6359,0,0,0,1,0
713166,6360,0,0,0,1,0
713311,6361,0,0,0,1,0
713471,6362,0,0,0,1,0
713672,6363,0,0,0,1,0
713852,6364,0,0,0,1,0
714058,6365,0,0,0,1,0
714231,6366,0,0,0,1,0
714340,6367,0,0,0,1,0
714540,6368,0,0,0,1,0
714664,6369,0,0,0,1,0
714867,6370,0,0,0,1,0
715013,6371,0,0,0,1,0
715214,6372,0,0,0,1,0
715404,6373,0,0,0,1,0
715567,6374,0,0,0,1,0
715811,6375,0,0,0,1,0
715950,6376,0,0,0,1,0
716142,6377,0,0,0,1,0
716326,6378,0,0,0,1,0
716458,6379,0,0,0,1,0
716646,6380,0,0,0,1,0
716790,6381,0,0,0,1,0
717005,6382,0,0,0,1,0
717199,6383,0,0,0,1,0
717237,6384,0,0,1,0,0
717381,6385,0,0,0,1,0
717480,6386,0,0,0,1,0
717675,6387,0,0,0,1,0
717870,6388,0,0,0,1,0
718070,6389,0,0,0,1,0
718291,6390,0,0,0,1,0
718509,6391,0,0,0,1,0
718704,6392,0,0,0,1,0
718861,6393,0,0,0,1,0
718867,6394,1,0,0,0,0
719069,6395,0,0,0,1,0
719290,6396,0,0,0,1,0
719403,6397,0,0,0,1,0
719561,6398,0,0,0,1,0
719683,6399,0,0,0,1,0
719875,6400,0,0,0,1,0
720036,6401,0,0,0,1,0
720267,6402,0,0,0,1,0
720430,6403,0,0,0,1,0
720624,6404,0,0,0,1,0
720845,6405,0,0,0,1,0
720968,6406,0,0,0,1,0
721072,6407,0,0,0,1,0
721106,6408,0,0,1,0,0
721246,6409,0,0,0,1,0
721360,6410,0,0,0,1,0
721459,6411,0,0,0,1,0
721678,6412,0,0,0,1,0
721858,6413,0,0,0,1,0
721863,6414,1,0,0,0,0
721998,6415,0,0,0,1,0
722191,6416,0,0,0,1,0
722393,6417,0,0,0,1,0
722541,6418,0,0,0,1,0
722706,6419,0,0,0,1,0
722709,6420,0,0,1,0,0
722713,6421,0,0,1,0,0
722855,6422,0,0,0,1,0
723006,6423,0,0,0,1,0
723183,6424,0,0,0,1,0
723275,6425,0,0,0,1,0
723489,6426,0,0,0,1,0
723664,6427,0,0,0,1,0
723827,6428,0,0,0,1,0
723991,6429,0,0,0,1,0
724152,6430,0,0,0,1,0
724395,6431,0,0,0,1,0
724584,6432,0,0,0,1,0
724770,6433,0,0,0,1,0
724859,6434,0,0,0,1,0
724984,6435,0,0,0,1,0
725164,6436,0,0,0,1,0
725315,6437,0,0,0,1,0
725486,6438,0,0,0,1,0
725617,6439,0,0,0,1,0
725866,6440,0,0,0,1,0
726047,6441,0,0,0,1,0
726223,6442,0,0,0,1,0
726334,6443,0,0,0,1,0
726498,6444,0,0,0,1,0
726640,6445,0,0,0,1,0
726744,6446,0,0,0,1,0
726892,6447,0,0,0,1,0
727088,6448,0,0,0,1,0
727182,6449,0,0,0,1,0
727368,6450,0,0,0,1,0
727507,6451,0,0,0,1,0
727656,6452,0,0,0,1,0
727844,6453,0,0,0,1,0
727955,6454,0,0,0,1,0
728130,6455,0,0,0,1,0
728259,6456,0,0,0,1,0
728436,6457,0,0,0,1,0
728645,6458,0,0,0,1,0
728850,6459,0,0,0,1,0
729032,6460,0,0,0,1,0
729197,6461,0,0,0,1,0
729375,6462,0,0,0,1,0
729543,6463,0,0,0,1,0
729544,6464,0,0,1,0,0
729719,6465,0,0,0,1,0
729896,6466,0,0,0,1,0
730052,6467,0,0,0,1,0
730195,6468,0,0,0,1,0
730201,6469,1,0,0,0,0
730326,6470,0,0,0,1,0
730330,6471,1,0,0,0,0
730532,6472,0,0,0,1,0
730691,6473,0,0,0,1,0
730872,6474,0,0,0,1,0
730968,6475,0,0,0,1,0
731165,6476,0,0,0,1,0
731355,6477,0,0,0,1,0
731356,6478,0,0,1,0,0
731369,6479,0,0,1,0,0
731514,6480,0,0,0,1,0
731647,6481,0,0,0,1,0
731749,6482,0,0,0,1,0
731935,6483,0,0,0,1,0
732117,6484,0,0,0,1,0
732272,6485,0,0,0,1,0
732386,6486,0,0,0,1,0
732523,6487,0,0,0,1,0
732765,6488,0,0,0,1,0
732937,6489,0,0,0,1,0
733039,6490,0,0,0,1,0
733209,6491,0,0,0,1,0
733346,6492,0,0,0,1,0
733488,6493,0,0,0,1,0
733680,6494,0,0,0,1,0
733836,6495,0,0,0,1,0
733979,6496,0,0,0,1,0
734141,6497,0,0,0,1,0
734335,6498,0,0,0,1,0
734517,6499,0,0,0,1,0
734570,6500,0,0,1,0,0
734745,6501,0,0,0,1,0
734917,6502,0,0,0,1,0
735104,6503,0,0,0,1,0
735272,6504,0,0,0,1,0
735379,6505,0,0,0,1,0
735512,6506,0,0,0,1,0
735685,6507,0,0,0,1,0
735821,6508,0,0,0,1,0
735986,6509,0,0,0,1,0
736109,6510,0,0,0,1,0
736112,6511,0,0,1,0,0
736272,6512,0,0,0,1,0
736456,6513,0,0,0,1,0
736609,6514,0,0,0,1,0
736734,6515,0,0,0,1,0
736925,6516,0,0,0,1,0
737138,6517,0,0,0,1,0
737297,6518,0,0,0,1,0
737403,6519,0,0,0,1,0
737532,6520,0,0,0,1,0
737732,6521,0,0,0,1,0
737869,6522,0,0,0,1,0
737875,6523,1,0,0,0,0
738042,6524,0,0,0,1,0
738254,6525,0,0,0,1,0
738396,6526,0,0,0,1,0
738551,6527,0,0,0,1,0
738675,6528,0,0,0,1,0
738809,6529,0,0,0,1,0
738985,6530,0,0,0,1,0
739105,6531,0,0,0,1,0
739242,6532,0,0,0,1,0
739383,6533,0,0,0,1,0
739554,6534,0,0,0,1,0
739758,6535,0,0,0,1,0
739885,6536,0,0,0,1,0
740015,6537,0,0,0,1,0
740159,6538,0,0,0,1,0
740257,6539,0,0,0,1,0
740412,6540,0,0,0,1,0
740628,6541,0,0,0,1,0
740831,6542,0,0,0,1,0
740998,6543,0,0,0,1,0
740999,6544,1,0,0,0,0
741101,6545,0,0,0,1,0
741242,6546,0,0,0,1,0
741415,6547,0,0,0,1,0
741601,6548,0,0,0,1,0
741727,6549,0,0,0,1,0
741880,6550,0,0,0,1,0
742020,6551,0,0,0,1,0
742219,6552,0,0,0,1,0
742317,6553,0,0,0,1,0
742415,6554,0,0,1,0,0
742520,6555,0,0,0,1,0
742655,6556,0,0,0,1,0
742867,6557,0,0,0,1,0
743029,6558,0,0,0,1,0
743214,6559,0,0,0,1,0
743333,6560,0,0,0,1,0
743422,6561,0,0,0,1,0
743565,6562,0,0,0,1,0
743785,6563,0,0,0,1,0
743904,6564,0,0,0,1,0
744017,6565,0,0,0,1,0
744238,6566,0,0,0,1,0
744246,6567,1,0,0,0,0
744388,6568,0,0,0,1,0
744570,6569,0,0,0,1,0
744794,6570,0,0,0,1,0
744801,6571,1,0,0,0,0
744975,6572,0,0,0,1,0
745200,6573,0,0,0,1,0
745394,6574,0,0,0,1,0
745402,6575,1,0,0,0,0
745536,6576,0,0,0,1,0
745718,6577,0,0,0,1,0
745830,6578,0,0,0,1,0
745919,6579,0,0,0,1,0
746025,6580,0,0,0,1,0
746150,6581,0,0,0,1,0
746358,6582,0,0,0,1,0
746570,6583,0,0,0,1,0
746735,6584,0,0,0,1,0
746930,6585,0,0,0,1,0
747125,6586,0,0,0,1,0
747303,6587,0,0,0,1,0
747436,6588,0,0,0,1,0
747456,6589,0,0,1,0,0
747554,6590,0,0,0,1,0
747714,6591,0,0,0,1,0
747717,6592,0,0,1,0,0
747866,6593,0,0,0,1,0
748061,6594,0,0,0,1,0
748216,6595,0,0,0,1,0
748331,6596,0,0,0,1,0
748533,6597,0,0,0,1,0
748537,6598,1,0,0,0,0
748754,6599,0,0,0,1,0
748980,6600,0,0,0,1,0
749127,6601,0,0,0,1,0
749139,6602,0,0,1,0,0
749338,6603,0,0,0,1,0
749383,6604,0,0,1,0,0
749534,6605,0,0,0,1,0
749678,6606,0,0,0,1,0
749845,6607,0,0,0,1,0
750037,6608,0,0,0,1,0
750192,6609,0,0,0,1,0
750388,6610,0,0,0,1,0
750489,6611,0,0,0,1,0
750639,6612,0,0,0,1,0
750832,6613,0,0,0,1,0
750839,6614,1,0,0,0,0
750960,6615,0,0,0,1,0
751101,6616,0,0,0,1,0
751243,6617,0,0,0,1,0
751423,6618,0,0,0,1,0
751596,6619,0,0,0,1,0
751687,6620,0,0,0,1,0
751735,6621,0,0,1,0,0
751827,6622,0,0,0,1,0
752029,6623,0,0,0,1,0
752197,6624,0,0,0,1,0
752374,6625,0,0,0,1,0
752491,6626,0,0,0,1,0
752676,6627,0,0,0,1,0
752843,6628,0,0,0,1,0
752850,6629,1,0,0,0,0
752860,6630,1,0,0,0,0
753065,6631,0,0,0,1,0
753233,6632,0,0,0,1,0
753428,6633,0,0,0,1,0
753432,6634,1,0,0,0,0
753615,6635,0,0,0,1,0
753725,6636,0,0,0,1,0
753863,6637,0,0,0,1,0
753986,6638,0,0,0,1,0
754160,6639,0,0,0,1,0
754318,6640,0,0,0,1,0
754484,6641,0,0,0,1,0
754624,6642,0,0,0,1,0
754629,6643,1,0,0,0,0
754805,6644,0,0,0,1,0
754951,6645,0,0,0,1,0
755140,6646,0,0,0,1,0
755235,6647,0,0,0,1,0
755349,6648,0,0,0,1,0
755544,6649,0,0,0,1,0
755742,6650,0,0,0,1,0
755871,6651,0,0,0,1,0
756053,6652,0,0,0,1,0
756162,6653,0,0,0,1,0
756300,6654,0,0,0,1,0
756504,6655,0,0,0,1,0
756627,6656,0,0,0,1,0
756768,6657,0,0,0,1,0
756965,6658,0,0,0,1,0
757135,6659,0,0,0,1,0
757315,6660,0,0,0,1,0
757514,6661,0,0,0,1,0
757714,6662,0,0,0,1,0
757920,6663,0,0,0,1,0
758116,6664,0,0,0,1,0
758285,6665,0,0,0,1,0
758493,6666,0,0,0,1,0
758662,6667,0,0,0,1,0
758804,6668,0,0,0,1,0
758902,6669,0,0,0,1,0
758940,6670,0,0,1,0,0
759059,6671,0,0,0,1,0
759276,6672,0,0,0,1,0
759471,6673,0,0,0,1,0
759547,6674,0,0,1,0,0
759690,6675,0,0,0,1,0
759874,6676,0,0,0,1,0
760016,6677,0,0,0,1,0
760197,6678,0,0,0,1,0
760338,6679,0,0,0,1,0
760541,6680,0,0,0,1,0
760670,6681,0,0,0,1,0
760858,6682,0,0,0,1,0
761019,6683,0,0,0,1,0
761198,6684,0,0,0,1,0
761306,6685,0,0,0,1,0
761521,6686,0,0,0,1,0
761526,6687,1,0,0,0,0
761682,6688,0,0,0,1,0
761844,6689,0,0,0,1,0
761896,6690,0,0,1,0,0
762071,6691,0,0,0,1,0
762161,6692,0,0,0,1,0
762316,6693,0,0,0,1,0
762453,6694,0,0,0,1,0
762605,6695,0,0,0,1,0
762798,6696,0,0,0,1,0
763007,6697,0,0,0,1,0
763187,6698,0,0,0,1,0
763289,6699,0,0,0,1,0
763451,6700,0,0,0,1,0
763622,6701,0,0,0,1,0
763794,6702,0,0,0,1,0
763982,6703,0,0,0,1,0
764178,6704,0,0,0,1,0
764335,6705,0,0,0,1,0
764470,6706,0,0,0,1,0
764649,6707,0,0,0,1,0
764834,6708,0,0,0,1,0
764840,6709,0,0,1,0,0
764964,6710,0,0,0,1,0
765136,6711,0,0,0,1,0
765140,6712,1,0,0,0,0
765264,6713,0,0,0,1,0
765461,6714,0,0,0,1,0
765677,6715,0,0,0,1,0
765871,6716,0,0,0,1,0
765894,6717,0,0,1,0,0
766056,6718,0,0,0,1,0
766174,6719,0,0,0,1,0
766364,6720,0,0,0,1,0
766500,6721,0,0,0,1,0
766503,6722,1,0,0,0,0
766637,6723,0,0,0,1,0
766788,6724,0,0,0,1,0
766989,6725,0,0,0,1,0
766999,6726,1,0,0,0,0
767142,6727,0,0,0,1,0
767334,6728,0,0,0,1,0
767437,6729,0,0,1,0,0
767652,6730,0,0,0,1,0
767796,6731,0,0,0,1,0
767960,6732,0,0,0,1,0
768112,6733,0,0,0,1,0
768321,6734,0,0,0,1,0
768497,6735,0,0,0,1,0
768589,6736,0,0,0,1,0
768593,6737,0,0,1,0,0
768726,6738,0,0,0,1,0
768914,6739,0,0,0,1,0
769135,6740,0,0,0,1,0
769258,6741,0,0,0,1,0
769414,6742,0,0,0,1,0
769422,6743,1,0,0,0,0
769578,6744,0,0,0,1,0
769735,6745,0,0,0,1,0
769885,6746,0,0,0,1,0
770057,6747,0,0,0,1,0
770215,6748,0,0,0,1,0
770407,6749,0,0,0,1,0
770565,6750,0,0,0,1,0
770724,6751,0,0,0,1,0
770898,6752,0,0,0,1,0
771103,6753,0,0,0,1,0
771231,6754,0,0,0,1,0
771373,6755,0,0,0,1,0
771463,6756,0,0,0,1,0
771626,6757,0,0,0,1,0
771822,6758,0,0,0,1,0
772022,6759,0,0,0,1,0
772235,6760,0,0,0,1,0
772424,6761,0,0,0,1,0
772621,6762,0,0,0,1,0
772723,6763,0,0,0,1,0
772875,6764,0,0,0,1,0
773058,6765,0,0,0,1,0
773246,6766,0,0,0,1,0
773352,6767,0,0,0,1,0
773500,6768,0,0,0,1,0
773658,6769,0,0,0,1,0
773665,6770,1,0,0,0,0
773864,6771,0,0,0,1,0
774074,6772,0,0,0,1,0
774238,6773,0,0,0,1,0
774427,6774,0,0,0,1,0
774617,6775,0,0,0,1,0
774828,6776,0,0,0,1,0
775046,6777,0,0,0,1,0
775251,6778,0,0,0,1,0
775442,6779,0,0,0,1,0
775545,6780,0,0,1,0,0
775550,6781,1,0,0,0,0
775748,6782,0,0,0,1,0
775897,6783,0,0,0,1,0
776054,6784,0,0,0,1,0
776154,6785,0,0,0,1,0
776287,6786,0,0,0,1,0
776428,6787,0,0,0,1,0
776540,6788,0,0,0,1,0
776686,6789,0,0,0,1,0
776879,6790,0,0,0,1,0
777003,6791,0,0,1,0,0
777111,6792,0,0,0,1,0
777245,6793,0,0,0,1,0
777423,6794,0,0,0,1,0
777586,6795,0,0,0,1,0
777725,6796,0,0,0,1,0
777858,6797,0,0,0,1,0
778038,6798,0,0,0,1,0
778164,6799,0,0,0,1,0
778341,6800,0,0,0,1,0
778500,6801,0,0,0,1,0
778847,6802,0,0,0,1,0
778964,6803,0,0,0,1,0
779101,6804,0,0,0,1,0
779304,6805,0,0,0,1,0
779497,6806,0,0,0,1,0
779705,6807,0,0,0,1,0
779862,6808,0,0,0,1,0
780016,6809,0,0,0,1,0
780200,6810,0,0,0,1,0
780270,6811,0,0,1,0,0
780385,6812,0,0,0,1,0
780388,6813,1,0,0,0,0
780541,6814,0,0,0,1,0
780673,6815,0,0,0,1,0
780678,6816,1,0,0,0,0
780865,6817,0,0,0,1,0
781001,6818,0,0,0,1,0
781100,6819,0,0,0,1,0
781105,6820,0,0,1,0,0
781282,6821,0,0,0,1,0
781440,6822,0,0,0,1,0
781614,6823,0,0,0,1,0
781819,6824,0,0,0,1,0
781978,6825,0,0,0,1,0
782150,6826,0,0,0,1,0
782304,6827,0,0,0,1,0
782480,6828,0,0,0,1,0
782658,6829,0,0,0,1,0
782693,6830,0,0,1,0,0
782899,6831,0,0,0,1,0
783094,6832,0,0,0,1,0
783229,6833,0,0,0,1,0
783424,6834,0,0,0,1,0
783552,6835,0,0,0,1,0
783681,6836,0,0,0,1,0
783855,6837,0,0,0,1,0
784000,6838,0,0,0,1,0
784160,6839,0,0,0,1,0
784304,6840,0,0,0,1,0
784467,6841,0,0,0,1,0
784602,6842,0,0,0,1,0
784745,6843,0,0,0,1,0
784923,6844,0,0,0,1,0
785073,6845,0,0,0,1,0
785284,6846,0,0,0,1,0
785448,6847,0,0,0,1,0
785451,6848,1,0,0,0,0
785609,6849,0,0,0,1,0
785752,6850,0,0,0,1,0
785937,6851,0,0,0,1,0
786092,6852,0,0,0,1,0
786202,6853,0,0,0,1,0
786364,6854,0,0,0,1,0
786536,6855,0,0,0,1,0
786665,6856,0,0,0,1,0
786791,6857,0,0,0,1,0
786997,6858,0,0,0,1,0
787190,6859,0,0,0,1,0
787331,6860,0,0,0,1,0
787369,6861,0,0,1,0,0
787501,6862,0,0,0,1,0
787707,6863,0,0,0,1,0
787713,6864,1,0,0,0,0
787898,6865,0,0,0,1,0
787954,6866,0,0,1,0,0
788116,6867,0,0,0,1,0
788292,6868,0,0,0,1,0
788403,6869,0,0,0,1,0
788536,6870,0,0,0,1,0
788684,6871,0,0,0,1,0
788872,6872,0,0,0,1,0
788970,6873,0,0,0,1,0
789147,6874,0,0,0,1,0
789288,6875,0,0,0,1,0
789410,6876,0,0,0,1,0
789564,6877,0,0,0,1,0
789730,6878,0,0,0,1,0
789958,6879,0,0,0,1,0
790177,6880,0,0,0,1,0
790185,6881,1,0,0,0,0
790274,6882,0,0,0,1,0
790476,6883,0,0,0,1,0
790600,6884,0,0,0,1,0
790720,6885,0,0,0,1,0
790848,6886,0,0,0,1,0
790850,6887,1,0,0,0,0
790981,6888,0,0,0,1,0
791170,6889,0,0,0,1,0
791285,6890,0,0,0,1,0
791497,6891,0,0,0,1,0
791587,6892,0,0,0,1,0
791702,6893,0,0,0,1,0
791894,6894,0,0,0,1,0
792096,6895,0,0,0,1,0
792295,6896,0,0,0,1,0
792297,6897,0,0,1,0,0
792446,6898,0,0,0,1,0
792623,6899,0,0,0,1,0
792625,6900,1,0,0,0,0
792785,6901,0,0,0,1,0
792946,6902,0,0,0,1,0
793123,6903,0,0,0,1,0
793127,6904,0,0,1,0,0
793183,6905,0,0,1,0,0
793191,6906,1,0,0,0,0
793326,6907,0,0,0,1,0
793531,6908,0,0,0,1,0
793680,6909,0,0,0,1,0
793823,6910,0,0,0,1,0
793831,6911,1,0,0,0,0
793836,6912,1,0,0,0,0
793961,6913,0,0,0,1,0
793968,6914,1,0,0,0,0
794123,6915,0,0,0,1,0
794281,6916,0,0,0,1,0
794434,6917,0,0,0,1,0
794580,6918,0,0,0,1,0
794743,6919,0,0,0,1,0
794906,6920,0,0,0,1,0
794916,6921,1,0,0,0,0
795105,6922,0,0,0,1,0
795299,6923,0,0,0,1,0
795463,6924,0,0,0,1,0
795636,6925,0,0,0,1,0
795813,6926,0,0,0,1,0
795974,6927,0,0,0,1,0
796147,6928,0,0,0,1,0
796301,6929,0,0,0,1,0
796445,6930,0,0,0,1,0
796648,6931,0,0,0,1,0
796846,6932,0,0,0,1,0
796960,6933,0,0,0,1,0
797158,6934,0,0,0,1,0
797306,6935,0,0,0,1,0
797477,6936,0,0,0,1,0
797607,6937,0,0,0,1,0
797783,6938,0,0,0,1,0
797962,6939,0,0,0,1,0
798136,6940,0,0,0,1,0
798279,6941,0,0,0,1,0
798461,6942,0,0,0,1,0
798651,6943,0,0,0,1,0
798658,6944,1,0,0,0,0
798831,6945,0,0,0,1,0
799008,6946,0,0,0,1,0
799213,6947,0,0,0,1,0
799389,6948,0,0,0,1,0
799565,6949,0,0,0,1,0
799773,6950,0,0,0,1,0
799980,6951,0,0,0,1,0
800119,6952,0,0,0,1,0
800320,6953,0,0,0,1,0
800322,6954,1,0,0,0,0
800441,6955,0,0,0,1,0
800575,6956,0,0,0,1,0
800755,6957,0,0,0,1,0
800902,6958,0,0,0,1,0
801089,6959,0,0,0,1,0
801208,6960,0,0,0,1,0
801214,6961,1,0,0,0,0
801411,6962,0,0,0,1,0
801608,6963,0,0,0,1,0
801819,6964,0,0,0,1,0
802015,6965,0,0,0,1,0
802154,6966,0,0,0,1,0
802303,6967,0,0,0,1,0
802447,6968,0,0,0,1,0
802606,6969,0,0,0,1,0
802718,6970,0,0,0,1,0
802723,6971,1,0,0,0,0
802838,6972,0,0,0,1,0
803030,6973,0,0,0,1,0
803036,6974,1,0,0,0,0
803223,6975,0,0,0,1,0
803357,6976,0,0,0,1,0
803556,6977,0,0,0,1,0
803693,6978,0,0,0,1,0
803886,6979,0,0,0,1,0
804040,6980,0,0,0,1,0
804155,6981,0,0,0,1,0
804287,6982,0,0,0,1,0
804486,6983,0,0,0,1,0
804621,6984,0,0,0,1,0
804724,6985,0,0,1,0,0
804904,6986,0,0,0,1,0
805092,6987,0,0,0,1,0
805228,6988,0,0,0,1,0
805389,6989,0,0,0,1,0
805554,6990,0,0,0,1,0
805720,6991,0,0,0,1,0
805873,6992,0,0,0,1,0
806048,6993,0,0,0,1,0
806268,6994,0,0,0,1,0
806429,6995,0,0,0,1,0
806598,6996,0,0,0,1,0
806738,6997,0,0,0,1,0
806875,6998,0,0,0,1,0
806878,6999,1,0,0,0,0
806998,7000,0,0,0,1,0
807192,7001,0,0,0,1,0
807197,7002,1,0,0,0,0
807349,7003,0,0,0,1,0
807492,7004,0,0,0,1,0
807702,7005,0,0,0,1,0
807864,7006,0,0,0,1,0
807973,7007,0,0,0,1,0
807977,7008,0,0,1,0,0
808097,7009,0,0,0,1,0
808214,7010,0,0,0,1,0
808393,7011,0,0,0,1,0
808568,7012,0,0,0,1,0
808692,7013,0,0,1,0,0
808822,7014,0,0,0,1,0
808921,7015,0,0,0,1,0
809112,7016,0,0,0,1,0
809268,7017,0,0,0,1,0
809394,7018,0,0,0,1,0
809519,7019,0,0,0,1,0
809650,7020,0,0,0,1,0
809778,7021,0,0,0,1,0
809898,7022,0,0,0,1,0
810101,7023,0,0,0,1,0
810284,7024,0,0,0,1,0
810435,7025,0,0,0,1,0
810633,7026,0,0,0,1,0
810817,7027,0,0,0,1,0
810941,7028,0,0,0,1,0
811119,7029,0,0,1,0,0
811234,7030,0,0,0,1,0
811454,7031,0,0,0,1,0
811455,7032,1,0,0,0,0
811603,7033,0,0,0,1,0
811770,7034,0,0,0,1,0
811926,7035,0,0,0,1,0
812040,7036,0,0,0,1,0
812183,7037,0,0,0,1,0
812351,7038,0,0,0,1,0
812479,7039,0,0,0,1,0
812584,7040,0,0,0,1,0
812721,7041,0,0,0,1,0
812724,7042,1,0,0,0,0
812864,7043,0,0,0,1,0
812963,7044,0,0,0,1,0
813072,7045,0,0,0,1,0
813204,7046,0,0,0,1,0
813343,7047,0,0,0,1,0
813485,7048,0,0,0,1,0
813609,7049,0,0,0,1,0
813763,7050,0,0,0,1,0
813976,7051,0,0,0,1,0
814049,7052,0,0,1,0,0
814164,7053,0,0,0,1,0
814305,7054,0,0,0,1,0
814448,7055,0,0,0,1,0
814541,7056,0,0,1,0,0
814717,7057,0,0,0,1,0
814836,7058,0,0,0,1,0
814977,7059,0,0,0,1,0
815111,7060,0,0,1,0,0
815280,7061,0,0,0,1,0
815452,7062,0,0,0,1,0
815648,7063,0,0,0,1,0
815839,7064,0,0,0,1,0
816005,7065,0,0,0,1,0
816132,7066,0,0,0,1,0
816272,7067,0,0,0,1,0
816361,7068,0,0,0,1,0
816535,7069,0,0,0,1,0
816653,7070,0,0,0,1,0
816842,7071,0,0,0,1,0
816996,7072,0,0,0,1,0
817206,7073,0,0,0,1,0
817362,7074,0,0,0,1,0
817466,7075,0,0,0,1,0
817622,7076,0,0,0,1,0
817830,7077,0,0,0,1,0
817959,7078,0,0,0,1,0
818151,7079,0,0,0,1,0
818321,7080,0,0,0,1,0
818322,7081,1,0,0,0,0
818472,7082,0,0,0,1,0
818613,7083,0,0,0,1,0
818619,7084,1,0,0,0,0
818648,7085,0,0,1,0,0
818853,7086,0,0,0,1,0
818984,7087,0,0,0,1,0
818989,7088,1,0,0,0,0
819127,7089,0,0,0,1,0
819256,7090,0,0,1,0,0
819358,7091,0,0,0,1,0
819566,7092,0,0,0,1,0
819724,7093,0,0,1,0,0
819727,7094,1,0,0,0,0
819817,7095,0,0,1,0,0
819862,7096,0,0,1,0,0
820054,7097,0,0,0,1,0
820247,7098,0,0,0,1,0
820379,7099,0,0,0,1,0
820559,7100,0,0,0,1,0
820560,7101,1,0,0,0,0
820696,7102,0,0,0,1,0
820697,7103,1,0,0,0,0
820850,7104,0,0,0,1,0
820936,7105,0,0,1,0,0
821041,7106,0,0,0,1,0
821175,7107,0,0,0,1,0
821379,7108,0,0,0,1,0
821544,7109,0,0,0,1,0
821685,7110,0,0,0,1,0
821693,7111,1,0,0,0,0
821889,7112,0,0,0,1,0
821985,7113,0,0,0,1,0
822165,7114,0,0,0,1,0
822168,7115,1,0,0,0,0
822344,7116,0,0,0,1,0
822469,7117,0,0,0,1,0
822661,7118,0,0,0,1,0
822857,7119,0,0,0,1,0
823053,7120,0,0,0,1,0
823169,7121,0,0,0,1,0
823333,7122,0,0,0,1,0
823480,7123,0,0,0,1,0
823608,7124,0,0,0,1,0
823610,7125,0,0,1,0,0
823700,7126,0,0,0,1,0
823844,7127,0,0,0,1,0
823944,7128,0,0,0,1,0
824033,7129,0,0,0,1,0
824190,7130,0,0,0,1,0
824310,7131,0,0,0,1,0
824458,7132,0,0,0,1,0
824587,7133,0,0,0,1,0
824749,7134,0,0,0,1,0
824919,7135,0,0,0,1,0
825116,7136,0,0,0,1,0
825122,7137,1,0,0,0,0
825262,7138,0,0,0,1,0
825442,7139,0,0,0,1,0
825628,7140,0,0,0,1,0
825787,7141,0,0,0,1,0
825788,7142,1,0,0,0,0
825925,7143,0,0,0,1,0
826078,7144,0,0,0,1,0
826271,7145,0,0,0,1,0
826416,7146,0,0,0,1,0
826558,7147,0,0,0,1,0
826565,7148,1,0,0,0,0
826756,7149,0,0,0,1,0
826848,7150,0,0,0,1,0
827032,7151,0,0,0,1,0
827240,7152,0,0,0,1,0
827355,7153,0,0,0,1,0
827541,7154,0,0,0,1,0
827666,7155,0,0,0,1,0
827784,7156,0,0,0,1,0
827940,7157,0,0,0,1,0
828070,7158,0,0,0,1,0
828216,7159,0,0,0,1,0
828285,7160,0,0,1,0,0
828288,7161,0,0,1,0,0
828391,7162,0,0,0,1,0
828559,7163,0,0,0,1,0
828721,7164,0,0,0,1,0
828722,7165,1,0,0,0,0
828910,7166,0,0,0,1,0
829115,7167,0,0,0,1,0
829290,7168,0,0,0,1,0
829446,7169,0,0,0,1,0
829648,7170,0,0,0,1,0
829769,7171,0,0,0,1,0
829923,7172,0,0,1,0,0
829926,7173,1,0,0,0,0
830070,7174,0,0,0,1,0
830169,7175,0,0,0,1,0
830343,7176,0,0,0,1,0
830530,7177,0,0,0,1,0
830721,7178,0,0,0,1,0
830914,7179,0,0,0,1,0
831066,7180,0,0,0,1,0
831153,7181,0,0,1,0,0
831264,7182,0,0,0,1,0
831368,7183,0,0,0,1,0
831559,7184,0,0,0,1,0
831706,7185,0,0,0,1,0
831835,7186,0,0,0,1,0
831950,7187,0,0,0,1,0
832134,7188,0,0,0,1,0
832271,7189,0,0,0,1,0
832403,7190,0,0,0,1,0
832541,7191,0,0,0,1,0
832732,7192,0,0,0,1,0
832917,7193,0,0,0,1,0
833061,7194,0,0,0,1,0
833229,7195,0,0,0,1,0
833373,7196,0,0,0,1,0
833424,7197,0,0,1,0,0
833557,7198,0,0,0,1,0
833712,7199,0,0,0,1,0
833890,7200,0,0,0,1,0
834001,7201,0,0,0,1,0
834200,7202,0,0,0,1,0
834406,7203,0,0,0,1,0
834589,7204,0,0,0,1,0
834723,7205,0,0,0,1,0
834852,7206,0,0,0,1,0
834857,7207,1,0,0,0,0
835059,7208,0,0,0,1,0
835223,7209,0,0,0,1,0
835401,7210,0,0,0,1,0
835572,7211,0,0,0,1,0
835781,7212,0,0,0,1,0
835972,7213,0,0,0,1,0
836154,7214,0,0,0,1,0
836266,7215,0,0,0,1,0
836269,7216,1,0,0,0,0
836443,7217,0,0,0,1,0
836573,7218,0,0,0,1,0
836699,7219,0,0,0,1,0
836788,7220,0,0,0,1,0
836990,7221,0,0,0,1,0
837186,7222,0,0,0,1,0
837290,7223,0,0,0,1,0
837507,7224,0,0,0,1,0
837700,7225,0,0,0,1,0
837815,7226,0,0,0,1,0
837967,7227,0,0,0,1,0
838147,7228,0,0,0,1,0
838359,7229,0,0,0,1,0
838534,7230,0,0,0,1,0
838689,7231,0,0,0,1,0
838825,7232,0,0,0,1,0
839046,7233,0,0,0,1,0
839201,7234,0,0,0,1,0
839360,7235,0,0,0,1,0
839552,7236,0,0,0,1,0
839673,7237,0,0,0,1,0
839811,7238,0,0,1,0,0
840011,7239,0,0,0,1,0
840213,7240,0,0,0,1,0
840362,7241,0,0,0,1,0
840530,7242,0,0,0,1,0
840658,7243,0,0,0,1,0
840822,7244,0,0,0,1,0
840984,7245,0,0,0,1,0
841157,7246,0,0,0,1,0
841323,7247,0,0,0,1,0
841479,7248,0,0,0,1,0
841657,7249,0,0,0,1,0
841841,7250,0,0,0,1,0
842047,7251,0,0,0,1,0
842245,7252,0,0,0,1,0
842310,7253,0,0,1,0,0
842316,7254,1,0,0,0,0
842500,7255,0,0,0,1,0
842665,7256,0,0,0,1,0
842849,7257,0,0,0,1,0
843018,7258,0,0,0,1,0
843210,7259,0,0,0,1,0
843315,7260,0,0,0,1,0
843469,7261,0,0,0,1,0
843654,7262,0,0,0,1,0
843717,7263,0,0,1,0,0
843847,7264,0,0,0,1,0
844012,7265,0,0,0,1,0
844067,7266,0,0,1,0,0
844270,7267,0,0,0,1,0
844437,7268,0,0,0,1,0
844526,7269,0,0,0,1,0
844675,7270,0,0,0,1,0
844833,7271,0,0,0,1,0
844899,7272,0,0,1,0,0
845089,7273,0,0,0,1,0
845181,7274,0,0,1,0,0
845372,7275,0,0,0,1,0
845375,7276,0,0,1,0,0
845535,7277,0,0,0,1,0
845735,7278,0,0,0,1,0
845918,7279,0,0,0,1,0
846107,7280,0,0,0,1,0
846220,7281,0,0,0,1,0
846397,7282,0,0,0,1,0
846494,7283,0,0,0,1,0
846495,7284,1,0,0,0,0
846638,7285,0,0,0,1,0
846807,7286,0,0,0,1,0
846934,7287,0,0,0,1,0
847131,7288,0,0,0,1,0
847338,7289,0,0,0,1,0
847539,7290,0,0,0,1,0
847679,7291,0,0,0,1,0
847878,7292,0,0,0,1,0
848018,7293,0,0,0,1,0
848019,7294,0,0,1,0,0
848169,7295,0,0,0,1,0
848320,7296,0,0,0,1,0
848503,7297,0,0,0,1,0
848640,7298,0,0,0,1,0
848835,7299,0,0,0,1,0
849006,7300,0,0,0,1,0
849135,7301,0,0,0,1,0
849281,7302,0,0,0,1,0
849389,7303,0,0,0,1,0
849558,7304,0,0,0,1,0
849720,7305,0,0,0,1,0
849904,7306,0,0,0,1,0
849907,7307,1,0,0,0,0
849928,7308,0,0,1,0,0
850087,7309,0,0,0,1,0
850088,7310,1,0,0,0,0
850227,7311,0,0,0,1,0
850434,7312,0,0,0,1,0
850577,7313,0,0,0,1,0
850751,7314,0,0,0,1,0
850925,7315,0,0,0,1,0
851093,7316,0,0,0,1,0
851208,7317,0,0,0,1,0
851402,7318,0,0,0,1,0
851559,7319,0,0,0,1,0
851677,7320,0,0,0,1,0
851882,7321,0,0,0,1,0
852064,7322,0,0,0,1,0
852204,7323,0,0,0,1,0
852322,7324,0,0,0,1,0
852509,7325,0,0,0,1,0
852724,7326,0,0,0,1,0
852913,7327,0,0,0,1,0
853082,7328,0,0,0,1,0
853220,7329,0,0,0,1,0
853365,7330,0,0,0,1,0
853526,7331,0,0,0,1,0
853658,7332,0,0,1,0,0
853820,7333,0,0,1,0,0
853925,7334,0,0,0,1,0
854074,7335,0,0,0,1,0
854272,7336,0,0,0,1,0
854277,7337,1,0,0,0,0
854413,7338,0,0,0,1,0
854567,7339,0,0,0,1,0
854739,7340,0,0,0,1,0
854880,7341,0,0,0,1,0
855029,7342,0,0,0,1,0
855176,7343,0,0,0,1,0
855312,7344,0,0,0,1,0
855426,7345,0,0,0,1,0
855519,7346,0,0,0,1,0
855678,7347,0,0,0,1,0
855802,7348,0,0,0,1,0
855936,7349,0,0,0,1,0
856115,7350,0,0,0,1,0
856301,7351,0,0,0,1,0
856483,7352,0,0,0,1,0
856678,7353,0,0,0,1,0
856837,7354,0,0,0,1,0
856992,7355,0,0,0,1,0
857190,7356,0,0,0,1,0
857392,7357,0,0,0,1,0
857556,7358,0,0,0,1,0
857712,7359,0,0,0,1,0
857854,7360,0,0,0,1,0
858009,7361,0,0,0,1,0
858010,7362,0,0,1,0,0
858126,7363,0,0,0,1,0
858308,7364,0,0,0,1,0
858315,7365,1,0,0,0,0
858434,7366,0,0,0,1,0
858473,7367,0,0,1,0,0
858628,7368,0,0,0,1,0
858769,7369,0,0,0,1,0
858776,7370,1,0,0,0,0
858953,7371,0,0,0,1,0
859080,7372,0,0,0,1,0
859267,7373,0,0,0,1,0
859383,7374,0,0,0,1,0
859519,7375,0,0,0,1,0
859667,7376,0,0,0,1,0
859845,7377,0,0,0,1,0
859942,7378,0,0,0,1,0
860074,7379,0,0,0,1,0
860260,7380,0,0,0,1,0
860473,7381,0,0,0,1,0
860655,7382,0,0,0,1,0
860804,7383,0,0,0,1,0
860944,7384,0,0,0,1,0
861030,7385,0,0,1,0,0
861185,7386,0,0,0,1,0
861358,7387,0,0,0,1,0
861483,7388,0,0,1,0,0
861674,7389,0,0,0,1,0
861824,7390,0,0,0,1,0
862020,7391,0,0,0,1,0
862178,7392,0,0,0,1,0
862366,7393,0,0,0,1,0
862503,7394,0,0,0,1,0
862677,7395,0,0,0,1,0
862874,7396,0,0,0,1,0
863015,7397,0,0,0,1,0
863180,7398,0,0,0,1,0
863342,7399,0,0,0,1,0
863468,7400,0,0,0,1,0
863596,7401,0,0,0,1,0
863758,7402,0,0,0,1,0
863951,7403,0,0,0,1,0
864064,7404,0,0,0,1,0
864240,7405,0,0,0,1,0
864408,7406,0,0,0,1,0
864599,7407,0,0,0,1,0
864760,7408,0,0,0,1,0
864853,7409,0,0,0,1,0
864969,7410,0,0,0,1,0
865166,7411,0,0,0,1,0
865347,7412,0,0,0,1,0
865493,7413,0,0,0,1,0
865494,7414,1,0,0,0,0
865636,7415,0,0,0,1,0
865771,7416,0,0,0,1,0
865931,7417,0,0,0,1,0
866142,7418,0,0,0,1,0
866321,7419,0,0,0,1,0
866534,7420,0,0,0,1,0
866686,7421,0,0,0,1,0
866881,7422,0,0,0,1,0
866882,7423,1,0,0,0,0
867076,7424,0,0,0,1,0
867216,7425,0,0,0,1,0
867386,7426,0,0,0,1,0
867509,7427,0,0,0,1,0
867655,7428,0,0,0,1,0
867809,7429,0,0,1,0,0
868017,7430,0,0,0,1,0
868156,7431,0,0,0,1,0
868358,7432,0,0,0,1,0
868527,7433,0,0,0,1,0
868685,7434,0,0,0,1,0
868893,7435,0,0,0,1,0
869048,7436,0,0,0,1,0
869180,7437,0,0,0,1,0
869320,7438,0,0,0,1,0
869500,7439,0,0,0,1,0
869683,7440,0,0,0,1,0
869795,7441,0,0,0,1,0
869939,7442,0,0,0,1,0
870145,7443,0,0,1,0,0
870309,7444,0,0,0,1,0
870427,7445,0,0,0,1,0
870520,7446,0,0,0,1,0
870686,7447,0,0,0,1,0
870693,7448,1,0,0,0,0
870812,7449,0,0,0,1,0
870930,7450,0,0,0,1,0
871077,7451,0,0,0,1,0
871274,7452,0,0,0,1,0
871427,7453,0,0,0,1,0
871608,7454,0,0,0,1,0
871821,7455,0,0,0,1,0
872033,7456,0,0,0,1,0
872150,7457,0,0,0,1,0
872363,7458,0,0,0,1,0
872547,7459,0,0,0,1,0
872752,7460,0,0,0,1,0
872823,7461,0,0,1,0,0
872945,7462,0,0,0,1,0
873166,7463,0,0,0,1,0
873342,7464,0,0,0,1,0
873352,7465,1,0,0,0,0
873479,7466,0,0,0,1,0
873675,7467,0,0,0,1,0
873810,7468,0,0,0,1,0
873982,7469,0,0,0,1,0
874176,7470,0,0,0,1,0
874292,7471,0,0,0,1,0
874426,7472,0,0,0,1,0
874610,7473,0,0,0,1,0
874755,7474,0,0,0,1,0
874948,7475,0,0,0,1,0
875139,7476,0,0,0,1,0
875258,7477,0,0,0,1,0
875385,7478,0,0,0,1,0
875567,7479,0,0,0,1,0
875717,7480,0,0,0,1,0
875827,7481,0,0,0,1,0
875938,7482,0,0,0,1,0
875947,7483,1,0,0,0,0
876109,7484,0,0,0,1,0
876263,7485,0,0,0,1,0
876448,7486,0,0,0,1,0
876586,7487,0,0,0,1,0
876783,7488,0,0,0,1,0
876943,7489,0,0,0,1,0
877062,7490,0,0,0,1,0
877155,7491,0,0,1,0,0
877372,7492,0,0,0,1,0
877536,7493,0,0,0,1,0
877640,7494,0,0,0,1,0
877804,7495,0,0,0,1,0
877903,7496,0,0,0,1,0
878051,7497,0,0,0,1,0
878194,7498,0,0,0,1,0
878348,7499,0,0,0,1,0
878529,7500,0,0,0,1,0
878727,7501,0,0,0,1,0
878873,7502,0,0,0,1,0
878964,7503,0,0,1,0,0
879140,7504,0,0,0,1,0
879276,7505,0,0,0,1,0
879391,7506,0,0,0,1,0
879540,7507,0,0,0,1,0
879741,7508,0,0,0,1,0
879894,7509,0,0,0,1,0
880061,7510,0,0,0,1,0
880218,7511,0,0,0,1,0
880376,7512,0,0,0,1,0
880489,7513,0,0,0,1,0
880587,7514,0,0,0,1,0
880726,7515,0,0,0,1,0
880918,7516,0,0,0,1,0
881039,7517,0,0,0,1,0
881041,7518,0,0,1,0,0
881182,7519,0,0,0,1,0
881319,7520,0,0,0,1,0
881529,7521,0,0,0,1,0
881632,7522,0,0,0,1,0
881786,7523,0,0,0,1,0
881978,7524,0,0,0,1,0
882134,7525,0,0,0,1,0
882329,7526,0,0,0,1,0
882555,7527,0,0,0,1,0
882703,7528,0,0,0,1,0
882872,7529,0,0,0,1,0
882974,7530,0,0,0,1,0
883170,7531,0,0,0,1,0
883327,7532,0,0,0,1,0
883334,7533,1,0,0,0,0
883394,7534,0,0,1,0,0
883575,7535,0,0,0,1,0
883753,7536,0,0,0,1,0
883976,7537,0,0,0,1,0
884170,7538,0,0,0,1,0
884307,7539,0,0,0,1,0
884477,7540,0,0,0,1,0
884690,7541,0,0,0,1,0
884822,7542,0,0,0,1,0
885032,7543,0,0,0,1,0
885147,7544,0,0,0,1,0
885341,7545,0,0,0,1,0
885543,7546,0,0,0,1,0
885716,7547,0,0,0,1,0
885723,7548,1,0,0,0,0
885836,7549,0,0,0,1,0
885996,7550,0,0,0,1,0
886001,7551,0,0,1,0,0
886194,7552,0,0,0,1,0
886387,7553,0,0,0,1,0
886575,7554,0,0,0,1,0
886682,7555,0,0,0,1,0
886850,7556,0,0,0,1,0
887027,7557,0,0,0,1,0
887128,7558,0,0,0,1,0
887318,7559,0,0,0,1,0
887455,7560,0,0,0,1,0
887591,7561,0,0,0,1,0
887744,7562,0,0,0,1,0
887780,7563,0,0,1,0,0
887971,7564,0,0,0,1,0
887978,7565,1,0,0,0,0
888166,7566,0,0,0,1,0
888372,7567,0,0,0,1,0
888479,7568,0,0,0,1,0
888656,7569,0,0,0,1,0
888839,7570,0,0,0,1,0
888976,7571,0,0,0,1,0
889159,7572,0,0,0,1,0
889310,7573,0,0,1,0,0
889311,7574,1,0,0,0,0
889443,7575,0,0,0,1,0
889600,7576,0,0,0,1,0
889818,7577,0,0,0,1,0
890004,7578,0,0,0,1,0
890125,7579,0,0,0,1,0
890239,7580,0,0,0,1,0
890401,7581,0,0,0,1,0
890591,7582,0,0,0,1,0
890813,7583,0,0,0,1,0
890920,7584,0,0,0,1,0
891037,7585,0,0,1,0,0
891228,7586,0,0,0,1,0
891406,7587,0,0,0,1,0
891588,7588,0,0,0,1,0
891794,7589,0,0,0,1,0
891929,7590,0,0,0,1,0
892105,7591,0,0,0,1,0
892214,7592,0,0,0,1,0
892387,7593,0,0,0,1,0
892565,7594,0,0,0,1,0
892705,7595,0,0,0,1,0
892907,7596,0,0,0,1,0
893095,7597,0,0,0,1,0
893192,7598,0,0,0,1,0
893306,7599,0,0,0,1,0
893492,7600,0,0,0,1,0
893530,7601,0,0,1,0,0
893678,7602,0,0,0,1,0
893862,7603,0,0,0,1,0
893995,7604,0,0,0,1,0
894197,7605,0,0,0,1,0
894295,7606,0,0,0,1,0
894466,7607,0,0,0,1,0
894652,7608,0,0,0,1,0
894792,7609,0,0,0,1,0
894928,7610,0,0,0,1,0
895058,7611,0,0,0,1,0
895193,7612,0,0,0,1,0
895351,7613,0,0,0,1,0
895530,7614,0,0,0,1,0
895636,7615,0,0,0,1,0
895827,7616,0,0,0,1,0
896039,7617,0,0,0,1,0
896184,7618,0,0,0,1,0
896304,7619,0,0,0,1,0
896473,7620,0,0,0,1,0
896661,7621,0,0,0,1,0
896799,7622,0,0,0,1,0
896930,7623,0,0,0,1,0
897045,7624,0,0,0,1,0
897052,7625,1,0,0,0,0
897194,7626,0,0,0,1,0
897375,7627,0,0,0,1,0
897386,7628,0,0,1,0,0
897550,7629,0,0,0,1,0
897685,7630,0,0,0,1,0
897864,7631,0,0,0,1,0
897871,7632,1,0,0,0,0
898010,7633,0,0,0,1,0
898106,7634,0,0,0,1,0
898315,7635,0,0,0,1,0
898413,7636,0,0,0,1,0
898589,7637,0,0,0,1,0
898777,7638,0,0,0,1,0
898971,7639,0,0,0,1,0
899098,7640,0,0,0,1,0
899103,7641,1,0,0,0,0
899270,7642,0,0,0,1,0
899408,7643,0,0,0,1,0
899513,7644,0,0,1,0,0
899602,7645,0,0,0,1,0
899800,7646,0,0,0,1,0
900003,7647,0,0,0,1,0
900133,7648,0,0,0,1,0
900305,7649,0,0,0,1,0
900403,7650,0,0,0,1,0
900588,7651,0,0,0,1,0
900762,7652,0,0,0,1,0
900936,7653,0,0,0,1,0
901096,7654,0,0,0,1,0
901185,7655,0,0,0,1,0
901345,7656,0,0,0,1,0
901557,7657,0,0,0,1,0
901689,7658,0,0,0,1,0
901822,7659,0,0,0,1,0
902036,7660,0,0,0,1,0
902038,7661,1,0,0,0,0
902221,7662,0,0,0,1,0
902364,7663,0,0,0,1,0
902526,7664,0,0,0,1,0
902724,7665,0,0,0,1,0
902861,7666,0,0,0,1,0
903067,7667,0,0,0,1,0
903289,7668,0,0,0,1,0
903456,7669,0,0,0,1,0
903590,7670,0,0,0,1,0
903719,7671,0,0,0,1,0
903918,7672,0,0,0,1,0
904087,7673,0,0,0,1,0
904244,7674,0,0,0,1,0
904333,7675,0,0,0,1,0
904454,7676,0,0,0,1,0
904631,7677,0,0,0,1,0
904748,7678,0,0,0,1,0
904847,7679,0,0,0,1,0
905026,7680,0,0,0,1,0
905187,7681,0,0,0,1,0
905364,7682,0,0,0,1,0
905384,7683,0,0,1,0,0
905494,7684,0,0,0,1,0
905663,7685,0,0,0,1,0
905825,7686,0,0,0,1,0
906007,7687,0,0,0,1,0
906175,7688,0,0,1,0,0
906291,7689,0,0,0,1,0
906457,7690,0,0,0,1,0
906667,7691,0,0,0,1,0
906674,7692,1,0,0,0,0
906831,7693,0,0,0,1,0
906998,7694,0,0,0,1,0
907125,7695,0,0,0,1,0
907275,7696,0,0,0,1,0
907420,7697,0,0,0,1,0
907626,7698,0,0,0,1,0
907800,7699,0,0,0,1,0
907965,7700,0,0,0,1,0
908143,7701,0,0,0,1,0
908284,7702,0,0,0,1,0
908457,7703,0,0,0,1,0
908671,7704,0,0,0,1,0
908859,7705,0,0,0,1,0
908879,7706,0,0,1,0,0
909042,7707,0,0,0,1,0
909249,7708,0,0,0,1,0
909411,7709,0,0,0,1,0
909550,7710,0,0,0,1,0
909746,7711,0,0,0,1,0
909949,7712,0,0,0,1,0
910108,7713,0,0,0,1,0
910213,7714,0,0,0,1,0
910312,7715,0,0,0,1,0
910483,7716,0,0,0,1,0
910588,7717,0,0,0,1,0
910694,7718,0,0,0,1,0
910916,7719,0,0,0,1,0
911032,7720,0,0,0,1,0
911168,7721,0,0,0,1,0
911377,7722,0,0,0,1,0
911503,7723,0,0,0,1,0
911681,7724,0,0,0,1,0
911868,7725,0,0,0,1,0
912010,7726,0,0,0,1,0
912189,7727,0,0,0,1,0
912370,7728,0,0,0,1,0
912538,7729,0,0,0,1,0
912706,7730,0,0,0,1,0
912894,7731,0,0,0,1,0
913072,7732,0,0,0,1,0
913073,7733,1,0,0,0,0
913178,7734,0,0,1,0,0
913181,7735,0,0,1,0,0
913324,7736,0,0,0,1,0
913487,7737,0,0,0,1,0
913658,7738,0,0,0,1,0
913831,7739,0,0,0,1,0
913988,7740,0,0,0,1,0
914086,7741,0,0,0,1,0
914227,7742,0,0,0,1,0
914408,7743,0,0,0,1,0
914631,7744,0,0,0,1,0
914793,7745,0,0,0,1,0
914936,7746,0,0,0,1,0
915121,7747,0,0,0,1,0
915303,7748,0,0,0,1,0
915487,7749,0,0,0,1,0
915656,7750,0,0,0,1,0
915845,7751,0,0,0,1,0
916018,7752,0,0,0,1,0
916182,7753,0,0,0,1,0
916393,7754,0,0,0,1,0
916505,7755,0,0,0,1,0
916659,7756,0,0,0,1,0
916846,7757,0,0,0,1,0
917043,7758,0,0,0,1,0
917214,7759,0,0,0,1,0
917380,7760,0,0,0,1,0
917520,7761,0,0,0,1,0
917743,7762,0,0,0,1,0
917944,7763,0,0,0,1,0
918146,7764,0,0,0,1,0
918179,7765,0,0,1,0,0
918278,7766,0,0,0,1,0
918440,7767,0,0,0,1,0
918557,7768,0,0,0,1,0
918716,7769,0,0,0,1,0
918842,7770,0,0,0,1,0
919004,7771,0,0,0,1,0
919121,7772,0,0,0,1,0
919329,7773,0,0,0,1,0
919509,7774,0,0,0,1,0
919664,7775,0,0,0,1,0
919665,7776,1,0,0,0,0
919773,7777,0,0,0,1,0
919883,7778,0,0,0,1,0
920048,7779,0,0,0,1,0
920189,7780,0,0,0,1,0
920289,7781,0,0,0,1,0
920414,7782,0,0,0,1,0
920576,7783,0,0,0,1,0
920584,7784,1,0,0,0,0
920762,7785,0,0,0,1,0
920927,7786,0,0,0,1,0
921077,7787,0,0,0,1,0
921134,7788,0,0,1,0,0
921287,7789,0,0,0,1,0
921393,7790,0,0,0,1,0
921547,7791,0,0,0,1,0
921763,7792,0,0,0,1,0
921872,7793,0,0,0,1,0
921993,7794,0,0,0,1,0
922155,7795,0,0,0,1,0
922267,7796,0,0,0,1,0
922385,7797,0,0,0,1,0
922554,7798,0,0,0,1,0
922716,7799,0,0,0,1,0
922839,7800,0,0,0,1,0
922909,7801,0,0,1,0,0
923103,7802,0,0,0,1,0
923323,7803,0,0,0,1,0
923490,7804,0,0,0,1,0
923677,7805,0,0,0,1,0
923873,7806,0,0,0,1,0
924079,7807,0,0,0,1,0
924278,7808,0,0,0,1,0
924428,7809,0,0,0,1,0
924595,7810,0,0,0,1,0
924793,7811,0,0,0,1,0
924992,7812,0,0,0,1,0
925134,7813,0,0,0,1,0
925331,7814,0,0,0,1,0
925460,7815,0,0,0,1,0
925594,7816,0,0,0,1,0
925703,7817,0,0,0,1,0
925840,7818,0,0,0,1,0
925997,7819,0,0,0,1,0
926184,7820,0,0,0,1,0
926242,7821,0,0,1,0,0
926244,7822,1,0,0,0,0
926407,7823,0,0,0,1,0
926586,7824,0,0,0,1,0
926744,7825,0,0,0,1,0
926915,7826,0,0,0,1,0
927136,7827,0,0,0,1,0
927321,7828,0,0,0,1,0
927338,7829,0,0,1,0,0
927535,7830,0,0,0,1,0
927666,7831,0,0,0,1,0
927831,7832,0,0,0,1,0
927835,7833,1,0,0,0,0
927978,7834,0,0,0,1,0
928136,7835,0,0,0,1,0
928342,7836,0,0,0,1,0
928479,7837,0,0,0,1,0
928485,7838,1,0,0,0,0
928486,7839,1,0,0,0,0
928492,7840,1,0,0,0,0
928608,7841,0,0,0,1,0
928756,7842,0,0,0,1,0
928950,7843,0,0,0,1,0
929093,7844,0,0,0,1,0
929276,7845,0,0,0,1,0
929475,7846,0,0,0,1,0
929667,7847,0,0,0,1,0
929837,7848,0,0,0,1,0
930054,7849,0,0,0,1,0
930224,7850,0,0,0,1,0
930336,7851,0,0,0,1,0
930442,7852,0,0,0,1,0
930588,7853,0,0,0,1,0
930772,7854,0,0,0,1,0
930946,7855,0,0,0,1,0
931059,7856,0,0,0,1,0
931273,7857,0,0,0,1,0
931280,7858,1,0,0,0,0
931415,7859,0,0,0,1,0
931561,7860,0,0,0,1,0
931660,7861,0,0,1,0,0
931873,7862,0,0,0,1,0
932009,7863,0,0,0,1,0
932013,7864,0,0,1,0,0
932150,7865,0,0,0,1,0
932277,7866,0,0,0,1,0
932282,7867,0,0,1,0,0
932471,7868,0,0,0,1,0
932646,7869,0,0,0,1,0
932797,7870,0,0,0,1,0
932964,7871,0,0,0,1,0
933173,7872,0,0,0,1,0
933278,7873,0,0,0,1,0
933458,7874,0,0,0,1,0
933469,7875,1,0,0,0,0
933671,7876,0,0,0,1,0
933856,7877,0,0,0,1,0
934011,7878,0,0,0,1,0
934178,7879,0,0,0,1,0
934368,7880,0,0,0,1,0
934547,7881,0,0,0,1,0
934704,7882,0,0,0,1,0
934824,7883,0,0,0,1,0
935013,7884,0,0,0,1,0
935196,7885,0,0,0,1,0
935372,7886,0,0,0,1,0
935520,7887,0,0,0,1,0
935707,7888,0,0,0,1,0
935835,7889,0,0,0,1,0
936007,7890,0,0,0,1,0
936203,7891,0,0,0,1,0
936347,7892,0,0,0,1,0
936480,7893,0,0,0,1,0
936614,7894,0,0,0,1,0
936789,7895,0,0,0,1,0
936915,7896,0,0,0,1,0
937090,7897,0,0,0,1,0
937257,7898,0,0,0,1,0
937402,7899,0,0,0,1,0
937403,7900,1,0,0,0,0
937532,7901,0,0,0,1,0
937717,7902,0,0,0,1,0
937807,7903,0,0,0,1,0
937960,7904,0,0,0,1,0
938154,7905,0,0,0,1,0
938260,7906,0,0,0,1,0
938392,7907,0,0,0,1,0
938585,7908,0,0,0,1,0
938590,7909,1,0,0,0,0
938779,7910,0,0,0,1,0
938928,7911,0,0,0,1,0
939072,7912,0,0,0,1,0
939122,7913,0,0,1,0,0
939276,7914,0,0,0,1,0
939482,7915,0,0,0,1,0
939610,7916,0,0,0,1,0
939763,7917,0,0,0,1,0
939889,7918,0,0,0,1,0
940031,7919,0,0,0,1,0
940208,7920,0,0,0,1,0
940416,7921,0,0,0,1,0
940616,7922,0,0,0,1,0
940812,7923,0,0,0,1,0
940876,7924,0,0,1,0,0
941014,7925,0,0,0,1,0
941201,7926,0,0,0,1,0
941376,7927,0,0,0,1,0
941476,7928,0,0,0,1,0
941691,7929,0,0,0,1,0
941902,7930,0,0,0,1,0
942059,7931,0,0,0,1,0
942271,7932,0,0,0,1,0
942464,7933,0,0,0,1,0
942665,7934,0,0,0,1,0
942768,7935,0,0,0,1,0
942974,7936,0,0,0,1,0
943071,7937,0,0,0,1,0
943206,7938,0,0,0,1,0
943364,7939,0,0,0,1,0
943565,7940,0,0,0,1,0
943726,7941,0,0,0,1,0
943837,7942,0,0,0,1,0
944012,7943,0,0,0,1,0
944204,7944,0,0,0,1,0
944359,7945,0,0,0,1,0
944558,7946,0,0,0,1,0
944737,7947,0,0,0,1,0
944741,7948,1,0,0,0,0
944920,7949,0,0,0,1,0
945098,7950,0,0,0,1,0
945292,7951,0,0,0,1,0
945449,7952,0,0,0,1,0
945589,7953,0,0,0,1,0
945760,7954,0,0,0,1,0
945945,7955,0,0,0,1,0
946105,7956,0,0,0,1,0
946110,7957,1,0,0,0,0
946216,7958,0,0,0,1,0
946391,7959,0,0,0,1,0
946549,7960,0,0,0,1,0
946740,7961,0,0,0,1,0
946950,7962,0,0,0,1,0
947146,7963,0,0,0,1,0
947152,7964,1,0,0,0,0
947324,7965,0,0,0,1,0
947329,7966,1,0,0,0,0
947492,7967,0,0,0,1,0
947545,7968,0,0,1,0,0
947752,7969,0,0,0,1,0
947862,7970,0,0,0,1,0
948002,7971,0,0,0,1,0
948091,7972,0,0,0,1,0
948296,7973,0,0,0,1,0
948504,7974,0,0,0,1,0
948651,7975,0,0,0,1,0
948852,7976,0,0,0,1,0
949036,7977,0,0,0,1,0
949207,7978,0,0,0,1,0
949405,7979,0,0,0,1,0
949574,7980,0,0,0,1,0
949755,7981,0,0,0,1,0
949906,7982,0,0,0,1,0
950081,7983,0,0,0,1,0
950243,7984,0,0,0,1,0
950409,7985,0,0,0,1,0
950578,7986,0,0,0,1,0
950730,7987,0,0,0,1,0
950932,7988,0,0,0,1,0
951131,7989,0,0,0,1,0
951312,7990,0,0,0,1,0
951475,7991,0,0,0,1,0
951633,7992,0,0,0,1,0
951815,7993,0,0,0,1,0
951964,7994,0,0,0,1,0
952068,7995,0,0,0,1,0
952274,7996,0,0,0,1,0
952393,7997,0,0,0,1,0
952575,7998,0,0,0,1,0
952760,7999,0,0,0,1,0
952763,8000,0,0,1,0,0
952895,8001,0,0,0,1,0
953082,8002,0,0,0,1,0
953084,8003,1,0,0,0,0
953270,8004,0,0,0,1,0
953419,8005,0,0,0,1,0
953609,8006,0,0,0,1,0
953771,8007,0,0,0,1,0
953927,8008,0,0,0,1,0
954075,8009,0,0,0,1,0
954184,8010,0,0,0,1,0
954384,8011,0,0,0,1,0
954390,8012,1,0,0,0,0
954602,8013,0,0,0,1,0
954802,8014,0,0,0,1,0
955006,8015,0,0,0,1,0
955198,8016,0,0,0,1,0
955407,8017,0,0,0,1,0
955581,8018,0,0,0,1,0
955733,8019,0,0,0,1,0
955922,8020,0,0,0,1,0
956068,8021,0,0,0,1,0
956131,8022,0,0,1,0,0
956312,8023,0,0,0,1,0
956467,8024,0,0,0,1,0
956635,8025,0,0,0,1,0
956857,8026,0,0,0,1,0
957034,8027,0,0,0,1,0
957244,8028,0,0,0,1,0
957442,8029,0,0,0,1,0
957605,8030,0,0,0,1,0
957731,8031,0,0,0,1,0
957732,8032,1,0,0,0,0
957837,8033,0,0,0,1,0
957847,8034,1,0,0,0,0
958000,8035,0,0,0,1,0
958055,8036,0,0,1,0,0
958252,8037,0,0,0,1,0
958413,8038,0,0,0,1,0
958559,8039,0,0,0,1,0
958678,8040,0,0,0,1,0
958681,8041,0,0,1,0,0
958870,8042,0,0,0,1,0
959013,8043,0,0,0,1,0
959121,8044,0,0,0,1,0
959225,8045,0,0,0,1,0
959438,8046,0,0,0,1,0
959610,8047,0,0,0,1,0
959721,8048,0,0,0,1,0
959913,8049,0,0,0,1,0
959914,8050,1,0,0,0,0
960093,8051,0,0,0,1,0
960208,8052,0,0,1,0,0
960308,8053,0,0,0,1,0
960434,8054,0,0,0,1,0
960618,8055,0,0,0,1,0
960765,8056,0,0,0,1,0
960951,8057,0,0,0,1,0
960984,8058,0,0,1,0,0
961135,8059,0,0,0,1,0
961295,8060,0,0,0,1,0
961296,8061,1,0,0,0,0
961522,8062,0,0,0,1,0
961564,8063,0,0,1,0,0
961739,8064,0,0,0,1,0
961945,8065,0,0,0,1,0
962105,8066,0,0,0,1,0
962299,8067,0,0,0,1,0
962458,8068,0,0,0,1,0
962653,8069,0,0,0,1,0
962819,8070,0,0,0,1,0
962875,8071,0,0,1,0,0
963058,8072,0,0,0,1,0
963258,8073,0,0,0,1,0
963415,8074,0,0,0,1,0
963417,8075,1,0,0,0,0
963604,8076,0,0,0,1,0
963793,8077,0,0,0,1,0
964004,8078,0,0,0,1,0
964164,8079,0,0,0,1,0
964304,8080,0,0,0,1,0
964448,8081,0,0,0,1,0
964623,8082,0,0,0,1,0
964797,8083,0,0,0,1,0
964902,8084,0,0,0,1,0
965104,8085,0,0,0,1,0
965272,8086,0,0,0,1,0
965433,8087,0,0,0,1,0
965564,8088,0,0,0,1,0
965673,8089,0,0,0,1,0
965887,8090,0,0,0,1,0
966047,8091,0,0,0,1,0
966056,8092,1,0,0,0,0
966239,8093,0,0,0,1,0
966415,8094,0,0,0,1,0
966524,8095,0,0,0,1,0
966667,8096,0,0,0,1,0
966868,8097,0,0,0,1,0
966986,8098,0,0,0,1,0
967175,8099,0,0,0,1,0
967297,8100,0,0,0,1,0
967500,8101,0,0,0,1,0
967680,8102,0,0,0,1,0
967810,8103,0,0,0,1,0
967976,8104,0,0,0,1,0
968140,8105,0,0,0,1,0
968253,8106,0,0,0,1,0
968451,8107,0,0,0,1,0
968566,8108,0,0,0,1,0
968737,8109,0,0,0,1,0
968929,8110,0,0,0,1,0
969055,8111,0,0,0,1,0
969241,8112,0,0,0,1,0
969330,8113,0,0,0,1,0
969427,8114,0,0,0,1,0
969577,8115,0,0,0,1,0
969771,8116,0,0,0,1,0
969897,8117,0,0,0,1,0
970085,8118,0,0,0,1,0
970230,8119,0,0,0,1,0
970429,8120,0,0,0,1,0
970533,8121,0,0,0,1,0
970722,8122,0,0,0,1,0
970838,8123,0,0,0,1,0
971015,8124,0,0,0,1,0
971123,8125,0,0,0,1,0
971264,8126,0,0,0,1,0
971472,8127,0,0,0,1,0
971608,8128,0,0,0,1,0
971613,8129,1,0,0,0,0
971747,8130,0,0,0,1,0
971755,8131,1,0,0,0,0
971922,8132,0,0,0,1,0
972053,8133,0,0,0,1,0
972261,8134,0,0,0,1,0
972437,8135,0,0,0,1,0
972567,8136,0,0,0,1,0
972573,8137,1,0,0,0,0
972765,8138,0,0,0,1,0
972885,8139,0,0,0,1,0
972886,8140,0,0,1,0,0
973045,8141,0,0,0,1,0
973053,8142,0,0,1,0,0
973248,8143,0,0,0,1,0
973345,8144,0,0,0,1,0
973476,8145,0,0,0,1,0
973633,8146,0,0,0,1,0
973737,8147,0,0,0,1,0
973874,8148,0,0,0,1,0
974090,8149,0,0,0,1,0
974243,8150,0,0,0,1,0
974406,8151,0,0,0,1,0
974512,8152,0,0,1,0,0
974668,8153,0,0,0,1,0
974875,8154,0,0,0,1,0
974876,8155,1,0,0,0,0
975031,8156,0,0,0,1,0
975193,8157,0,0,0,1,0
975394,8158,0,0,0,1,0
975629,8159,0,0,0,1,0
975822,8160,0,0,0,1,0
975982,8161,0,0,0,1,0
976160,8162,0,0,0,1,0
976355,8163,0,0,0,1,0
976526,8164,0,0,0,1,0
976658,8165,0,0,0,1,0
976821,8166,0,0,0,1,0
977005,8167,0,0,0,1,0
977178,8168,0,0,0,1,0
977346,8169,0,0,0,1,0
977514,8170,0,0,0,1,0
977662,8171,0,0,0,1,0
977774,8172,0,0,1,0,0
977886,8173,0,0,0,1,0
978085,8174,0,0,0,1,0
978236,8175,0,0,0,1,0
978440,8176,0,0,0,1,0
978576,8177,0,0,0,1,0
978748,8178,0,0,0,1,0
978901,8179,0,0,0,1,0
979042,8180,0,0,0,1,0
979195,8181,0,0,0,1,0
979312,8182,0,0,0,1,0
979425,8183,0,0,0,1,0
979578,8184,0,0,0,1,0
979713,8185,0,0,0,1,0
979912,8186,0,0,0,1,0
980081,8187,0,0,0,1,0
980211,8188,0,0,0,1,0
980369,8189,0,0,0,1,0
980489,8190,0,0,0,1,0
980660,8191,0,0,0,1,0
980836,8192,0,0,0,1,0
980983,8193,0,0,0,1,0
981121,8194,0,0,0,1,0
981239,8195,0,0,0,1,0
981365,8196,0,0,0,1,0
981511,8197,0,0,0,1,0
981624,8198,0,0,0,1,0
981807,8199,0,0,0,1,0
981977,8200,0,0,0,1,0
982137,8201,0,0,0,1,0
982307,8202,0,0,0,1,0
982374,8203,0,0,1,0,0
982475,8204,0,0,0,1,0
982691,8205,0,0,0,1,0
982789,8206,0,0,0,1,0
983010,8207,0,0,0,1,0
983116,8208,0,0,0,1,0
983216,8209,0,0,0,1,0
983315,8210,0,0,0,1,0
983461,8211,0,0,0,1,0
983605,8212,0,0,0,1,0
983797,8213,0,0,0,1,0
983964,8214,0,0,0,1,0
984139,8215,0,0,0,1,0
984293,8216,0,0,0,1,0
984507,8217,0,0,0,1,0
984708,8218,0,0,0,1,0
984867,8219,0,0,0,1,0
984960,8220,0,0,1,0,0
985081,8221,0,0,0,1,0
985207,8222,0,0,0,1,0
985390,8223,0,0,0,1,0
985571,8224,0,0,0,1,0
985782,8225,0,0,0,1,0
985968,8226,0,0,0,1,0
986128,8227,0,0,0,1,0
986293,8228,0,0,0,1,0
986341,8229,0,0,1,0,0
986477,8230,0,0,0,1,0
986669,8231,0,0,0,1,0
986858,8232,0,0,0,1,0
987047,8233,0,0,0,1,0
987249,8234,0,0,0,1,0
987413,8235,0,0,0,1,0
987558,8236,0,0,0,1,0
987750,8237,0,0,0,1,0
987770,8238,0,0,1,0,0
987874,8239,0,0,0,1,0
988063,8240,0,0,0,1,0
988200,8241,0,0,0,1,0
988341,8242,0,0,0,1,0
988502,8243,0,0,0,1,0
988659,8244,0,0,0,1,0
988815,8245,0,0,0,1,0
988822,8246,1,0,0,0,0
989022,8247,0,0,0,1,0
989023,8248,1,0,0,0,0
989208,8249,0,0,0,1,0
989352,8250,0,0,0,1,0
989357,8251,0,0,1,0,0
989543,8252,0,0,0,1,0
989668,8253,0,0,0,1,0
989866,8254,0,0,0,1,0
989955,8255,0,0,0,1,0
990146,8256,0,0,0,1,0
990337,8257,0,0,0,1,0
990479,8258,0,0,0,1,0
990651,8259,0,0,0,1,0
990780,8260,0,0,0,1,0
990970,8261,0,0,0,1,0
990979,8262,1,0,0,0,0
991150,8263,0,0,0,1,0
991358,8264,0,0,0,1,0
991542,8265,0,0,0,1,0
991691,8266,0,0,0,1,0
991816,8267,0,0,0,1,0
991993,8268,0,0,0,1,0
991997,8269,0,0,1,0,0
992131,8270,0,0,0,1,0
992307,8271,0,0,0,1,0
992443,8272,0,0,0,1,0
992655,8273,0,0,0,1,0
992793,8274,0,0,0,1,0
992971,8275,0,0,0,1,0
993165,8276,0,0,0,1,0
993360,8277,0,0,0,1,0
993462,8278,0,0,0,1,0
993593,8279,0,0,0,1,0
993727,8280,0,0,0,1,0
993929,8281,0,0,1,0,0
994100,8282,0,0,0,1,0
994254,8283,0,0,0,1,0
994411,8284,0,0,0,1,0
994528,8285,0,0,0,1,0
994710,8286,0,0,0,1,0
994830,8287,0,0,0,1,0
994998,8288,0,0,0,1,0
995164,8289,0,0,0,1,0
995286,8290,0,0,0,1,0
995446,8291,0,0,0,1,0
995643,8292,0,0,0,1,0
995835,8293,0,0,0,1,0
996043,8294,0,0,0,1,0
996209,8295,0,0,0,1,0
996330,8296,0,0,0,1,0
996510,8297,0,0,0,1,0
996620,8298,0,0,0,1,0
996627,8299,1,0,0,0,0
996825,8300,0,0,0,1,0
996941,8301,0,0,0,1,0
997133,8302,0,0,0,1,0
997189,8303,0,0,1,0,0
997376,8304,0,0,0,1,0
997570,8305,0,0,0,1,0
997571,8306,1,0,0,0,0
997771,8307,0,0,0,1,0
997772,8308,0,0,1,0,0
997869,8309,0,0,0,1,0
998093,8310,0,0,0,1,0
998269,8311,0,0,0,1,0
998415,8312,0,0,0,1,0
998592,8313,0,0,0,1,0
998793,8314,0,0,0,1,0
998936,8315,0,0,1,0,0
999116,8316,0,0,0,1,0
999263,8317,0,0,0,1,0
999397,8318,0,0,0,1,0
999602,8319,0,0,0,1,0
999735,8320,0,0,0,1,0
999876,8321,0,0,0,1,0
1000074,8322,0,0,0,1,0
1000209,8323,0,0,0,1,0
1000417,8324,0,0,0,1,0
1000529,8325,0,0,0,1,0
1000740,8326,0,0,0,1,0
1000942,8327,0,0,0,1,0
1001098,8328,0,0,0,1,0
1001301,8329,0,0,0,1,0
1001442,8330,0,0,1,0,0
