#{"t_start": 1787816846.780852, "env_id": "None"}
r,l,t
-11.932485,13,1.832981
9.116157,73,3.39964
-1.553728,33,4.114739
-1.429302,16,4.441763
-5.912257,19,4.920289
-3.885166,26,5.479964
-5.748936,21,5.938833
-7.131048,9,6.136952
-10.0,1,6.203152
-4.234594,11,6.486208
-8.773812,3,6.592048
-3.962273,22,7.063244
-10.198422,2,7.165596
-8.578275,3,7.262352
-10.0,1,7.323195
-8.6,5,7.471358
-9.32,2,7.55515
-9.309516,8,7.817094
-6.743253,6,7.960473
-6.531266,18,8.384871
-8.258251,12,8.654374
9.022197,38,9.506011
-10.0,1,9.585062
-2.791371,30,10.381604
-6.896702,15,10.77886
-10.0,1,10.846821
-9.284562,5,11.032448
-8.24,5,11.171026
4.101212,28,11.774867
-1.477906,27,12.357249
-1.168507,14,12.677762
4.403331,31,13.253605
-10.86861,11,13.526119
8.325732,40,14.380147
2.568505,22,14.841729
6.297235,30,15.476753
5.255024,33,16.159409
-10.326385,21,16.642344
-6.955554,6,16.787717
0.571272,24,17.26717
33.630355,78,18.90141
-8.36,10,19.127064
-4.929445,10,19.397171
15.227066,40,20.189187
-8.48,2,20.292632
-10.6264,2,20.391119
-10.0,1,20.45899
-0.383927,38,21.208451
-9.32,2,21.290107
-7.125667,4,21.400647
6.18952,30,21.997061
2.353207,19,22.359837
-8.8,3,22.456934
0.723341,23,22.90864
-10.0,1,22.97287
6.481476,36,23.734194
-9.129619,2,23.815111
-5.344295,9,24.036973
10.654589,64,25.39315
-10.0,1,25.467937
-6.856343,18,25.934731
-10.0,1,26.006031
-9.32,2,26.091165
-8.8,3,26.190221
-8.48,8,26.385652
-7.640002,8,26.593241
-4.627416,15,26.925798
-0.910332,21,27.338264
-9.129139,2,27.419542
-8.924201,6,27.603657
-8.343872,4,27.748064
-5.112528,10,27.966542
-7.959183,12,28.231327
-2.429747,18,28.619837
2.014863,39,29.428604
-10.673506,4,29.596192
-8.44,4,29.726157
-8.723489,8,29.950915
-8.770727,3,30.060216
-7.119491,16,30.443158
-5.385872,11,30.689772
-1.49903,28,31.400274
14.350095,82,33.134663
-5.915394,13,33.49192
-8.08,5,33.658854
-10.0,1,33.72736
-7.503816,10,33.995895
1.134822,24,34.476197
-5.193953,22,35.017962
-8.8,3,35.121076
-9.254721,2,35.200922
-7.430342,18,35.571963
-6.630344,6,35.725505
-8.634174,9,35.977043
-6.579767,13,36.24435
-9.32,2,36.333638
-7.4,5,36.493067
-7.333507,8,36.683493
-5.07036,12,36.95141
-6.361121,5,37.07854
0.278072,30,37.655906
-4.34103,18,38.059778
-9.119056,7,38.269172
-9.32,2,38.350568
-8.31885,10,38.586046
-8.422702,12,38.832011
-5.055111,9,39.072472
-2.250502,27,39.636037
3.856525,37,40.415634
18.148419,52,41.46955
-9.759917,4,41.605707
-2.12289,35,42.38023
-8.23121,3,42.486646
2.417739,20,42.949974
-2.969808,19,43.403758
-6.420687,17,43.767686
-12.551499,5,43.931347
-7.510588,15,44.233816
-10.0,1,44.303511
-10.513975,3,44.428766
-8.57643,8,44.635468
-8.292444,7,44.814101
16.96653,59,45.912872
-8.8,3,46.015594
-2.578109,19,46.371364
13.85727,65,47.747865
-8.655252,10,48.01036
-9.32,2,48.089987
-8.2,6,48.232035
-5.008308,6,49.175629
-3.54776,11,49.426777
4.828996,17,49.774948
-9.254394,11,50.032885
-7.36,9,50.279273
7.325482,52,51.3728
-8.595697,3,51.477513
-6.0,5,51.617671
-9.528905,19,52.085765
-7.031619,16,52.497217
7.251759,40,53.240066
10.950883,47,54.045605
-10.0,1,54.109749
-10.0,1,54.175696
2.320271,21,54.590503
-9.004939,20,54.993769
-3.451413,9,55.179246
-5.284123,14,55.49735
-6.42106,14,55.830676
-7.031087,8,56.027327
-8.140954,3,56.133242
-10.0,1,56.207907
-7.078405,5,56.345882
22.64942,69,57.684528
5.055201,22,58.146731
-2.802678,17,58.56972
-7.739084,16,58.912617
0.38143,20,59.345733
-5.511242,18,59.803782
2.070519,26,60.383977
9.364288,40,61.243553
-6.762104,19,61.689828
-6.393068,8,61.896181
-10.0,1,61.962046
10.887888,50,62.866517
-7.023012,8,63.052795
-8.203019,8,63.28924
-8.36,8,63.480176
-8.44,4,63.590137
-9.16,8,63.792453
-7.809304,4,63.905795
-6.35509,11,64.151189
-8.8,3,64.245258
22.819593,77,65.664065
-10.0,1,65.73069
-6.515242,8,65.968027
-4.109267,23,66.49551
-5.984321,12,66.785786
5.535154,20,67.16575
-10.0,1,67.23102
6.263087,45,68.106155
-10.047931,3,68.217611
2.034964,36,68.923413
-8.36,8,69.098769
-1.975103,22,69.551718
1.988689,34,70.225705
-0.060076,40,71.096097
-9.32,2,71.182071
3.551144,21,71.588893
5.995413,42,72.456093
-6.695458,6,72.600114
-3.491782,19,72.993428
-10.0,1,73.065515
16.360978,81,74.617638
12.546603,65,75.917234
-9.32,2,76.001327
-7.778164,13,76.302932
-10.0,1,76.372017
1.098294,26,76.943912
-4.127222,15,77.316005
-1.165066,14,77.622876
-4.875893,13,77.922137
-7.428243,14,78.245048
-9.32,2,78.334343
-4.602071,13,78.647517
-3.972223,13,78.921697
-10.73253,3,79.042538
-7.618786,6,79.233113
14.783253,35,79.936686
-9.12,4,80.084784
-8.48,2,80.186703
-10.0,1,80.260626
-4.502711,13,80.591968
-7.103017,11,80.878123
-4.19242,11,81.150617
-8.125961,3,81.261487
8.777594,25,81.753366
-8.4,6,81.912628
-7.64322,4,82.022651
-1.983866,20,82.523525
-6.0,5,82.682024
-6.901727,15,83.064062
-8.170475,3,83.164413
-9.16,1,83.246717
0.963235,25,83.76525
1.858456,33,84.376118
-9.052054,13,84.713747
-9.32,2,84.798459
-5.420088,18,85.224855
-8.2,6,85.375316
-7.886738,18,85.782732
-9.32,2,85.868996
9.240546,39,86.703703
-0.532659,30,87.41796
5.343476,43,88.364219
-5.089732,21,88.864669
-7.52886,9,89.113842
-9.119499,2,89.205883
-9.0,3,89.325766
-6.894196,5,89.459816
-8.24,5,89.600238
-6.00859,7,89.783034
-2.111641,18,90.185306
-8.224899,19,90.682775
-8.44,4,90.80929
-10.0,1,90.884045
2.759611,17,91.23126
9.141104,41,92.139119
-5.429758,10,92.436699
-9.0,2,92.525723
-6.366322,20,92.956651
47.350045,77,94.657017
-0.224901,17,95.799459
-4.931297,13,96.090402
-9.063912,2,96.171727
-6.99752,8,96.347507
-8.084526,3,96.44892
-9.12,4,96.587649
-3.346092,16,96.916637
5.169282,27,97.466578
-1.328515,30,98.063549
1.88096,23,98.575869
-6.214734,5,98.717184
-4.062369,17,99.107713
24.76134,44,99.888345
-9.258873,2,99.972851
15.131705,36,100.593546
-9.12,4,100.72489
1.33843,35,101.378881
13.091047,38,102.084996
-7.52,8,102.281852
-8.798073,3,102.376647
-7.750062,5,102.502669
-7.158836,6,102.695929
-2.174053,15,103.012771
-9.32,2,103.098736
2.234605,26,103.652704
-0.934123,19,104.048281
-10.332692,12,104.358793
0.983902,31,104.997998
-3.671719,13,105.319931
-1.390026,25,105.908772
-10.0,1,105.98758
-11.04,10,106.303629
11.399792,67,107.688802
9.303577,59,108.873257
1.187488,39,109.816807
-8.692445,3,109.917198
-7.716526,7,110.091541
-9.32,2,110.206754
-10.0,1,110.271568
-6.779913,20,110.688347
-7.293738,5,110.823204
2.71583,41,111.692178
-8.0,3,111.790202
-8.32,7,111.956254
-7.14345,12,112.289846
-6.867553,10,112.546296
-4.796248,9,112.739805
-4.676275,25,113.287697
-4.335567,29,113.930871
-2.056174,16,114.24977
-3.420637,34,114.957652
-10.0,1,115.026418
-8.13566,11,115.283782
-9.32,2,115.366928
-5.427051,12,115.642531
-3.860534,14,115.951369
2.988446,44,116.864348
19.443676,44,117.736275
0.501891,14,118.021109
-9.8,8,118.234429
68.739657,81,119.641748
-7.351254,4,119.755423
-8.24,5,119.890581
-6.0492,7,120.066253
-8.621877,7,120.245631
12.893825,48,121.165346
-6.747601,15,121.487319
-9.32,2,121.569072
-8.793313,7,121.756439
-8.88,6,121.920596
-1.387703,19,122.251067
-9.560686,13,122.605717
-10.0,1,122.676586
-4.805104,26,123.21105
-8.982525,6,123.390793
-3.778373,19,123.773889
-4.321112,14,124.077643
-9.280671,2,124.167339
-8.36,8,124.353531
-8.8,3,124.45754
-10.46071,11,124.724818
-9.36,7,124.932181
-8.96,4,125.063454
-9.24,6,125.23928
-3.19722,27,125.815612
-10.0,1,125.883576
-6.177062,19,126.308291
-8.2,6,126.502791
3.437721,25,126.987772
-11.31016,4,127.129613
-4.892038,13,127.426801
-7.111545,7,127.638879
-6.913184,12,127.887907
-7.036226,5,128.014821
-6.15529,17,128.355914
-6.316377,9,128.568296
26.64895,75,129.965081
-4.356384,15,130.304841
-4.918269,7,130.465007
0.035873,29,131.025229
-10.0,1,131.093302
6.114404,41,131.860445
-3.259764,8,132.039443
-7.00712,3,132.161881
-7.4,5,132.31235
-7.142087,6,132.465629
-4.592335,8,132.647363
9.766192,46,133.487369
-4.95021,8,133.66631
-9.32,2,133.750931
-7.869365,10,133.95883
-7.597793,10,134.200163
-5.179747,9,134.432234
-8.8,3,134.530349
3.959509,38,135.297962
-8.737388,6,135.474662
-8.8,3,135.577319
-1.320282,16,135.88588
-9.120305,2,135.979406
-4.972091,23,136.486731
-6.75033,12,136.762855
-4.866664,16,137.160797
-1.295401,15,137.528987
-7.359594,14,137.870931
-10.0,1,137.945205
-8.744475,16,138.307831
-5.222065,18,138.748081
-2.287172,13,139.010024
-2.333569,24,139.543201
-8.44,4,139.66415
-7.994407,20,140.075367
-7.858681,5,140.235765
-4.434612,24,141.531328
-3.678826,9,141.730898
0.256051,13,142.003958
-5.086068,13,142.310846
-10.327749,4,142.455651
-12.179297,14,142.824957
-8.48,2,142.940648
9.614887,29,143.524367
-3.232048,11,143.797585
-7.881828,4,143.916603
-6.580552,7,144.110583
0.760724,24,144.617315
1.875295,47,145.620229
-10.0,1,145.687015
-9.32,2,145.770666
-8.38374,4,145.951011
47.177332,95,147.705674
-9.16,1,147.791871
3.282756,36,148.54055
-8.24,5,148.671103
-6.826659,5,148.80084
-7.561322,6,148.988697
-3.159569,10,149.209587
-8.32,7,149.398641
-5.629173,14,149.72035
43.384512,104,151.588675
79.38271,96,153.097947
-8.44,4,153.206741
-8.330001,4,153.317446
16.002608,42,154.143357
-11.2728,2,154.250592
-6.057373,6,154.391006
3.939957,27,154.930423
-9.411736,4,155.06133
-10.0,1,155.125301
48.50136,91,156.650265
-4.541799,23,157.146944
0.677857,33,157.746883
6.172746,43,158.64469
-2.914871,25,159.195303
-6.441012,21,159.714993
-8.44,4,159.836455
-7.130567,4,159.956963
3.286719,23,160.385926
-8.404204,5,160.530807
33.455906,71,161.801194
6.078588,28,162.31595
-0.234589,19,162.6899
-10.0,1,162.754012
-10.0,1,162.820067
2.416436,25,163.291343
-4.157354,14,163.608512
14.695092,43,164.441918
-6.059244,4,164.564944
31.115771,72,165.923167
-2.737665,12,166.191509
-6.540731,9,166.397366
-8.988072,10,166.627458
1.806301,36,167.261378
4.083547,19,167.62364
-6.259378,13,167.876402
-10.815721,8,168.106715
-6.283956,10,168.346773
-8.205161,2,168.447845
10.081345,35,169.116643
-8.36,8,169.305725
-8.24,5,169.435041
-9.32,2,169.51691
-4.262516,7,169.679873
-4.698357,16,170.082525
-10.0,1,170.151
-4.107971,13,170.451497
-4.897559,8,170.650041
56.405293,104,172.582049
-7.513312,9,172.807116
-7.026629,22,173.275459
3.403084,23,173.770339
-8.777054,3,173.885288
-8.44,4,174.013807
-7.432397,5,174.154958
-2.812155,35,174.925972
78.776242,86,176.469507
-6.039305,13,176.830946
1.358792,18,177.194072
14.16876,47,178.063712
20.35693,42,178.859657
-6.672859,20,179.269341
-9.32,2,179.3645
-10.0,1,179.431625
-9.16,10,179.674485
-1.075235,19,180.040961
-9.32,2,180.145701
0.926406,15,180.417063
-5.68017,22,180.837803
-6.435604,12,181.116033
-8.36,10,181.315785
-3.429175,17,181.682487
-1.978282,19,182.085832
-10.0,1,182.150226
-0.974542,16,182.47569
-8.76,5,182.615642
-10.0,1,182.680415
23.759668,88,184.938161
5.123455,48,185.810591
-8.673715,3,185.90496
-9.32,2,185.988066
2.447466,29,186.531933
-7.92,5,186.685505
-9.285924,11,186.974261
4.358439,29,187.578675
-2.640815,16,187.945318
12.199665,38,188.620957
-2.152512,18,189.032232
-3.925595,25,189.459502
15.4466,75,190.757461
-9.190705,2,190.839479
0.607125,23,191.250022
-6.262246,25,191.744304
-10.0,1,191.81134
-2.190069,27,192.31041
60.790554,101,194.079032
29.273503,81,195.859958
24.860377,79,197.286136
6.504143,19,197.66615
-9.017505,11,197.959236
-2.169837,26,198.620045
-7.867634,16,198.977515
-10.0,1,199.051831
-8.073918,3,199.164259
54.899292,81,201.034201
-8.8,3,201.176325
-8.8,3,201.304683
-7.562166,5,201.493859
-6.825393,10,201.704565
-7.704657,4,201.829718
-9.836981,5,201.988505
-9.48,3,202.113785
32.876153,51,202.987342
-9.32,2,203.094221
-8.32,7,203.268977
-5.32,6,203.467206
-6.603667,5,203.608762
-8.44,4,203.729941
9.811905,37,204.537074
-6.512154,12,204.856908
23.181806,36,205.510247
-10.0,1,205.578333
11.159214,46,206.446223
12.5284,41,207.32595
-6.670798,17,207.716082
-3.586555,12,208.084729
69.479424,118,210.251378
7.238859,40,210.989717
-7.380226,6,211.156566
-1.558527,17,211.530535
-9.32,2,211.613754
-8.32,7,211.76794
-8.212561,3,211.914785
-10.0,1,211.98401
-9.16,1,212.065132
1.652111,34,212.674851
49.773864,80,214.10445
-8.073794,3,214.206997
24.566813,91,215.861354
8.001117,38,216.510208
-10.0,1,216.576336
-8.441583,3,216.669732
-0.309802,20,217.037143
8.840667,28,217.545655
-8.44,4,217.660379
11.326663,23,218.042896
48.277277,61,218.942614
-8.580674,4,219.08269
-9.070606,17,219.509209
-4.924817,15,219.863998
-7.589512,8,220.103154
5.105645,41,220.944369
12.261115,55,221.971918
-6.635111,13,222.247063
-9.199073,2,222.333779
7.527956,27,222.790938
-4.15903,9,223.001563
-5.05188,16,223.357968
15.0198,38,224.137174
-7.148392,5,224.270825
38.604284,99,226.778665
-9.8,8,226.990458
5.104355,41,227.755468
2.818764,18,228.130639
36.207944,77,229.763463
2.850848,20,230.190031
-1.03297,14,230.485344
-8.48,2,230.581113
-4.688781,15,230.880705
5.209605,28,231.444723
-5.504774,20,231.865667
-10.0,1,231.935021
-8.36,8,232.126169
62.000324,94,233.766931
-7.344534,5,233.915943
-7.309152,4,234.024679
-7.02215,14,234.331999
-5.539732,8,234.510552
-8.32,7,234.666523
28.741609,74,235.93361
-8.2,6,236.083115
-1.734835,10,236.294582
-6.107716,21,236.711933
-5.497945,16,237.063555
-2.949966,22,237.508179
2.188296,20,237.93998
32.157172,64,239.172193
-7.819944,15,239.469493
37.307002,76,240.742632
-8.533808,4,240.871319
-0.044434,24,241.322192
-10.0,1,241.388242
-8.261798,12,241.647039
-6.921427,7,241.816846
-2.336869,25,242.287363
-8.32,7,242.444828
29.952053,47,243.250929
-3.252352,15,243.560045
4.276638,22,243.968947
-7.568131,5,244.10023
-10.0,1,244.169239
-8.59143,5,244.340529
-7.533083,7,244.536742
73.561972,97,246.196515
-10.0,1,246.261821
-8.999293,9,246.526332
-9.0,2,246.604351
69.783499,98,248.20377
-10.0,1,248.267169
29.849846,66,249.354993
-4.994654,23,249.776066
-11.0,1,249.874331
10.017759,45,250.621686
-8.8,3,250.713675
-4.274257,25,251.188277
2.48934,26,251.666674
-4.378858,6,251.818458
7.207016,32,252.382545
-6.120631,11,252.634546
-2.284544,22,253.06189
-7.17682,3,253.169834
-3.336506,12,253.468168
-7.955452,8,253.63687
-10.718221,9,253.883031
-8.047568,6,254.03675
-8.8,3,254.130781
-3.94583,12,254.389477
-5.631476,24,254.850681
-7.998845,4,254.96094
-2.359176,15,255.269783
-8.157032,5,255.40076
-7.067484,8,255.616997
-8.44,4,255.726754
8.548284,25,256.184757
-3.384282,25,256.640456
-7.1861,9,256.83832
-7.263532,6,256.977925
3.122885,16,257.265136
3.369583,28,257.760279
0.699993,30,258.310196
74.935542,124,260.552644
-5.945609,9,260.765883
-7.4,5,260.92135
1.663175,36,261.608003
-2.804156,9,261.807594
-9.16,1,261.894733
-9.279319,6,262.085413
-5.147797,11,262.3487
32.915165,64,263.545415
-7.689493,4,263.67968
-3.273238,17,264.05809
-6.09099,18,264.481735
-1.620853,13,264.818887
-8.298154,12,265.072817
-7.187495,7,265.262305
1.758097,18,265.601939
-8.24,5,265.727411
67.088512,118,268.556155
-2.409624,27,269.012426
-0.632494,35,269.714413
9.521893,33,270.32397
-9.32,2,270.410379
-7.160745,12,270.64675
-10.0,1,270.717427
-7.6,4,270.851484
-8.8,3,270.949508
3.531801,32,271.643117
5.464081,28,272.16383
-8.8,3,272.261546
20.884855,62,273.350154
6.068598,22,273.795636
8.706081,29,274.30921
-8.36,7,274.491033
1.625653,29,275.022016
45.085883,87,276.652152
-3.060764,7,276.814729
-3.575276,9,277.008126
-9.32,2,277.093126
-9.32,2,277.175164
0.693381,32,277.78422
-4.074117,7,277.992796
-8.259901,6,278.172248
-9.32,2,278.262098
-6.252734,23,278.771257
76.935286,128,281.136989
61.598127,103,282.962016
74.773003,102,284.689795
-9.32,2,284.767463
-2.360208,17,285.113477
-10.0,1,285.179658
51.026379,88,286.754921
9.608083,48,287.548103
-5.190396,6,287.684684
5.973444,41,288.389894
-3.186136,20,288.744805
-6.030163,7,288.89914
-3.710051,20,289.311502
-2.801191,21,289.747058
-7.96,3,289.864355
-8.194094,8,290.056811
12.84553,36,290.665807
73.786728,92,292.222203
70.974756,106,294.067041
25.507871,72,295.296812
-8.24,5,295.428704
-7.035661,8,295.601811
-7.597258,7,295.769305
-9.32,2,295.850898
0.853221,35,296.457473
0.291558,24,296.897304
-3.110953,14,297.17595
4.39399,27,297.661351
-1.107743,35,298.295716
3.140174,23,298.765824
-8.2,6,298.91228
6.651479,53,299.947733
6.323155,23,300.425587
9.246467,34,301.053817
-7.641293,17,301.400285
21.246262,59,302.484657
-8.48,2,302.576063
-4.145362,8,302.748855
-9.32,2,302.828821
-3.492465,25,303.352301
-9.249634,2,303.434078
63.732115,97,305.128081
-9.287319,2,305.211058
16.985715,40,306.701379
-9.32,2,306.780341
-8.735146,11,307.016842
1.349157,42,307.777501
-8.504234,4,307.908738
-10.0,1,307.972381
-8.371606,4,308.083859
62.105543,84,309.489035
2.7167,25,309.95181
-8.56,6,310.109536
71.71998,160,312.685041
6.604032,44,313.469544
-6.933951,9,313.6796
20.393463,82,315.217472
17.418147,45,316.033962
-2.083461,14,316.311594
10.058386,29,316.814005
-10.0,1,316.879736
-8.44,4,316.991466
-8.186113,6,317.134841
-2.63858,13,317.399493
-10.0,1,317.462789
61.277984,101,319.177987
-6.76944,7,319.356617
-4.984661,21,319.739366
-8.797088,3,319.842364
-9.12,4,319.977578
-9.200429,2,320.062283
4.632989,26,320.497542
-2.544117,9,320.682275
-6.795376,12,320.953495
86.048627,99,322.514899
68.50044,107,324.339167
2.513446,24,324.850424
-8.8,3,324.94629
3.469828,19,325.337332
-8.79395,14,325.641026
-10.0,1,325.711009
-9.16,1,325.794947
-6.93621,8,326.008205
41.930084,63,327.103622
44.48778,102,328.900773
-8.36,11,329.127716
-10.731141,3,329.245834
3.218225,18,329.603123
-8.24,5,329.740294
-2.02042,20,330.179101
3.097388,27,330.705869
-2.818267,12,330.967035
-10.0,1,331.037161
16.258896,50,331.981783
4.992021,22,332.39515
21.057674,54,333.268534
33.932921,80,334.631484
78.149964,127,336.699427
-7.432575,4,336.811924
-3.415748,14,337.106738
-10.0,1,337.186108
24.746752,62,338.230508
13.712872,37,338.891282
-1.14637,22,339.329902
-6.041544,11,339.614769
17.937423,59,340.605451
-7.96,3,340.723757
-5.126178,12,340.991523
-7.4,5,341.134927
-9.32,2,341.22066
-1.709533,18,341.642865
-8.600385,3,341.748759
-1.731153,17,342.096649
15.128552,43,342.85149
-4.020709,12,343.127072
-8.8,3,343.225172
-3.975318,22,343.685257
-1.518939,25,344.139358
-8.44,4,344.251219
-1.237951,20,344.640614
-8.8,3,344.737859
-9.32,2,345.630657
2.503883,28,346.177135
80.239854,113,347.929093
13.810672,47,348.726501
-5.236201,16,349.047012
17.527853,66,350.328007
86.804549,98,351.956669
3.461253,27,352.471871
-8.234313,9,352.66635
86.414595,114,354.725138
-6.900571,8,354.947953
43.553867,66,356.114972
67.717151,131,358.216641
6.256287,38,358.903877
-7.601356,4,359.021192
4.626188,38,359.81973
11.13152,27,360.383107
-1.579138,19,360.779341
10.478247,30,361.385882
-6.555812,14,361.696124
1.848645,27,362.177116
-10.0,1,362.244011
-2.070099,15,362.573952
9.578977,45,363.397354
1.313743,14,363.654071
82.237028,124,365.649867
-9.103021,7,365.827436
-10.0,1,365.892653
-8.8,3,365.989469
-9.0,7,366.163365
-8.677871,3,366.263386
5.404608,38,366.921298
-5.974639,16,367.25311
-3.490627,25,367.695146
-0.82969,16,367.992481
-0.34112,16,368.274642
-5.588667,12,368.513433
-9.32,2,368.590965
-12.0,2,368.685098
-8.240819,10,368.880774
12.369875,31,369.377729
28.210281,64,370.351357
-10.0,1,370.414611
-8.680073,3,370.510784
40.316128,66,371.552864
10.797448,30,372.060352
-9.32,2,372.152113
-6.703275,17,372.488498
79.68833,137,374.650987
-9.0,7,374.852603
24.930406,38,375.500788
-1.133146,20,375.862515
-8.060643,6,376.029461
29.750694,59,376.947581
8.767596,26,377.3777
-8.44,4,377.486995
-10.706422,3,377.601128
71.191442,86,378.922696
35.82758,87,380.321787
-8.44,4,380.434736
66.607683,136,383.398973
2.709566,23,383.83605
-6.537455,8,384.014771
23.16906,62,385.096
-8.44,4,385.220127
7.695501,24,385.710679
71.16916,91,387.38391
84.45355,152,389.923961
-2.055919,14,390.236361
68.588347,114,392.19288
-8.8,3,392.288815
-5.31191,13,392.570985
19.985816,54,393.488362
-5.159361,6,393.644692
-8.430492,16,393.956829
82.158622,186,396.65902
25.335948,63,397.738625
-8.2,6,397.889045
74.862724,102,399.607961
-6.342945,11,399.870663
27.756473,42,400.56543
-2.733922,10,400.768544
5.6673,44,401.546484
-6.951009,8,401.718241
20.867528,67,402.879557
2.519161,16,403.196594
23.340211,56,404.259178
6.519968,32,404.877302
-8.790062,4,405.004768
2.373425,14,405.248595
79.807375,103,406.847207
3.843017,15,407.116036
7.156008,43,407.781189
76.60421,100,409.346637
-8.8,3,409.441665
-5.08817,8,409.621385
89.319282,112,411.194534
0.701135,16,411.470945
-9.32,2,411.550103
3.855303,37,412.211872
0.600329,16,412.50989
-4.421072,11,412.752699
-7.52417,4,412.864304
-8.24,5,412.997422
11.760546,40,413.716179
-8.044267,8,413.923487
-2.900185,11,414.150691
7.490616,21,414.52827
46.636377,128,416.717529
-0.750468,21,417.157312
83.764462,158,420.614254
0.80626,24,421.125956
0.583178,26,421.583445
-10.0,1,421.651341
-6.149266,7,421.808002
-8.8,3,421.913831
-9.32,2,421.996209
-3.404651,10,422.195889
-7.6,4,422.324275
17.284529,37,422.977833
-8.72,6,423.139355
11.35131,49,424.007907
-5.870273,20,424.424572
9.993652,44,425.191095
-8.28876,8,425.358636
23.257246,73,426.577777
78.78576,112,428.326707
-6.99631,6,428.489145
-4.544548,23,428.91645
-9.32,2,428.995074
20.183242,62,430.027928
-3.796364,8,430.211808
16.421315,56,431.24698
-7.96,3,431.362785
-10.0,1,431.433031
-3.830938,12,431.70379
-6.333976,7,431.861984
-8.649933,10,432.086224
-4.107026,16,432.424456
9.314988,47,433.275981
80.051275,98,434.84538
-10.0,1,434.918291
72.308739,101,436.600013
67.58987,118,438.496967
-7.06239,4,438.621062
-4.125176,8,438.793785
-7.6,4,438.930181
66.673825,124,441.118754
5.136889,29,441.687787
-8.8,3,441.785652
-6.396577,6,441.937501
78.075147,144,444.402331
-9.32,2,444.498453
-10.0,1,444.574734
-6.907358,7,444.743385
75.260439,107,446.668726
-1.904232,21,447.109358
-9.32,2,447.21302
69.565494,114,449.444655
70.647214,158,452.202514
15.647511,66,453.441743
0.389525,15,453.759137
27.088304,43,454.523743
-0.614702,30,455.093511
75.550191,94,457.391727
-8.8,3,457.489371
57.227686,75,458.689251
-9.32,2,458.770957
-7.36,6,458.933753
37.476596,54,459.876796
-1.855405,12,460.123204
0.407277,21,460.49863
-6.253282,6,460.644241
-3.944925,26,461.236485
87.712183,106,462.957226
7.732001,34,463.617166
2.566318,38,464.363648
-4.334494,13,464.643919
5.099583,40,465.392873
-2.168451,12,465.641239
59.992186,177,468.321925
83.34862,116,470.330252
75.394691,95,471.968997
3.356211,29,472.525685
-9.0,1,472.604223
-0.52795,11,472.825664
-8.2,6,472.983843
20.565639,42,473.786798
3.734006,30,474.355788
17.981527,45,475.284979
22.355569,84,476.822906
10.606602,51,477.719727
-8.203568,4,477.837795
77.406059,117,479.95507
10.201673,37,480.646492
76.001605,95,482.277545
-10.0,1,482.344917
76.483169,116,484.191921
70.058702,92,485.800925
-9.121778,2,485.881503
15.420393,33,486.436854
76.988693,101,488.058451
70.772041,99,489.749862
1.462317,24,490.275581
-8.24,5,490.402555
49.037931,68,491.547246
-9.308681,2,491.63308
-8.8,3,491.776568
5.040913,35,492.446764
-9.2,7,492.694878
-8.44,4,492.821091
-8.8,3,492.923528
-0.120367,20,494.201001
-10.0,1,494.260021
-8.44,4,494.372712
11.584806,38,495.093344
1.074311,16,495.438705
76.851846,105,497.181792
89.392053,99,498.831986
20.38266,61,499.85239
29.921684,72,501.161915
-2.702685,19,501.537022
-9.257146,2,501.62011
-8.8,3,501.713466
6.100493,30,502.2081
46.568279,70,503.264359
3.815482,33,503.890473
-9.12,4,504.016766
-8.32,7,504.172431
27.311682,103,505.813433
-9.32,2,505.89347
77.742407,182,508.758338
-6.169123,5,508.887684
-8.235841,14,509.193996
22.568074,59,510.267472
7.423024,42,511.087246
2.551786,28,511.662561
11.074236,50,512.611095
-9.36,11,512.864939
-8.44,4,512.992147
-9.32,2,513.07963
73.223068,119,515.124609
-9.405941,5,515.272662
-8.48,2,515.370641
-10.0,1,515.437017
33.897222,62,516.45675
-9.199962,2,516.540542
80.017034,122,518.494659
45.17226,92,520.068822
49.035745,212,523.120078
70.495342,101,524.845246
-8.44,4,524.9563
1.034017,24,525.418029
-6.834943,7,525.599024
-9.32,2,525.67828
-3.388642,9,525.857225
-10.0,1,525.921531
17.080247,42,526.651648
62.270073,99,528.47571
8.499726,29,529.052605
-3.043331,13,529.35398
13.768202,36,530.833687
75.424469,96,532.348175
4.624706,39,533.037712
0.536664,21,533.470454
74.398325,89,535.0945
-5.360418,17,535.443691
17.484826,37,536.137091
1.343917,35,536.799601
80.113833,100,538.693305
84.91135,151,541.371014
-8.232797,9,541.588233
27.662463,71,542.865219
-5.538552,14,543.160117
-1.652753,12,543.420305
79.306634,119,545.402876
-12.91388,5,545.5737
11.135779,32,546.127238
81.759387,130,548.17894
43.564671,73,549.361884
11.812745,38,550.037699
-9.32,2,550.151604
13.403684,35,550.741652
-3.39161,11,551.015244
75.474863,103,552.889493
65.607587,122,554.846351
58.26322,144,557.191999
-9.308116,2,557.280583
-8.274414,8,557.513886
6.64598,37,558.12078
-10.0,1,558.187555
-9.059306,2,558.267064
71.618355,129,560.236115
59.241808,88,561.732289
-8.2,6,561.870096
-5.540466,8,562.048362
-0.497967,12,562.271931
-10.0,1,562.337675
82.587334,96,563.853628
0.018042,21,564.301538
37.75875,69,565.540062
-8.112723,4,565.666719
-7.199554,3,565.774874
54.620468,109,568.325393
37.158183,93,569.874614
8.856384,38,570.623816
2.035303,26,571.075544
8.139028,22,571.4601
81.587129,114,573.395206
-7.4,5,573.53906
-8.698692,5,573.681756
-9.32,2,573.768717
85.508916,92,575.082249
-3.192902,13,575.328052
-4.786081,11,575.550186
3.036406,26,576.031722
83.66556,100,577.656355
18.745241,49,578.52718
-2.814894,12,578.752253
-11.997781,4,578.878126
-6.734964,6,579.029744
75.204039,111,580.929744
-9.48,3,581.046705
-8.059376,2,581.144658
78.083334,124,583.223954
84.479516,139,585.476155
4.6028,30,585.99428
69.258435,139,588.17506
86.103841,96,589.716371
22.682906,61,590.720424
9.506479,33,591.266982
82.167438,89,592.663687
13.513067,48,593.449123
10.513058,33,594.02289
82.465424,107,595.779724
30.708687,75,597.018477
-7.330463,6,597.182927
-7.88,6,597.355893
6.260638,22,597.770327
57.790512,160,600.207556
-8.24,5,600.336257
10.689122,42,601.099463
-1.849798,14,601.409321
79.164885,150,604.685723
81.21894,152,607.473797
82.041332,265,611.204724
82.992627,114,613.338748
87.095772,117,615.383388
86.675636,112,617.099952
1.804757,17,617.418875
-7.375892,4,617.539744
82.730002,105,619.246618
69.695867,119,621.296284
72.548946,89,622.763613
82.772044,204,625.76881
-5.575443,7,625.938504
65.143125,88,627.445919
-0.676312,24,627.896209
48.102319,65,629.0136
-9.32,2,629.109314
73.435428,113,631.012682
5.296289,27,631.49413
12.676268,38,632.14939
89.340738,91,633.589442
80.290907,154,636.052738
-1.400557,17,636.385661
-7.660225,6,637.339236
-9.16,1,637.42072
14.42017,63,638.483846
31.513455,55,639.342354
64.9846,103,641.110337
81.960027,96,642.55653
3.879413,18,642.877804
-9.32,2,642.958809
-3.361003,17,643.275492
-6.437998,5,643.421383
-2.638945,20,643.857313
84.077815,207,646.967486
-9.668241,5,647.103559
-8.8,3,647.214354
21.688414,80,648.485496
85.927953,136,650.562324
51.401167,136,652.720314
13.509511,30,653.21972
-7.755337,8,653.387625
85.122815,141,655.457829
-7.982875,6,655.596902
-8.8,3,655.688191
5.139688,17,655.984304
-9.32,2,656.068146
81.26988,105,657.824084
39.34322,65,658.834147
-3.507942,19,659.188625
11.639441,38,659.819637
3.252314,26,660.301394
-0.154972,16,660.604431
80.844421,112,662.311644
27.593059,61,663.265323
15.353955,51,664.086022
17.01555,51,664.911033
-4.184236,21,665.320121
5.471185,41,666.081607
48.045345,76,667.321693
7.147958,32,667.908956
84.143845,96,669.651994
-8.24,5,669.79772
76.6068,102,672.37546
60.589399,108,674.196652
-7.428565,6,674.34569
-5.248567,6,674.493324
68.69782,148,676.875598
8.804841,25,677.332694
0.648446,25,677.816946
-8.8,3,677.916994
-9.32,2,677.99898
23.405918,66,679.096833
23.897741,63,680.128799
78.741314,115,681.964155
86.022566,139,684.279923
4.039944,25,684.753264
-9.32,2,684.836833
-7.165912,5,684.964533
84.5074,128,687.051242
17.99828,60,688.066566
23.143759,66,689.168082
-6.589931,7,689.346693
-10.0,1,689.410612
89.143309,136,691.460347
-6.902799,11,691.672823
77.03188,153,694.034508
-1.150801,18,694.391266
79.560417,130,696.497012
4.762542,35,697.129519
2.822325,31,697.723994
54.423229,90,699.127849
43.603354,104,700.806295
75.798106,107,702.543635
85.70153,106,704.384558
78.874117,108,706.864901
84.687061,131,708.800114
4.689536,24,709.246171
80.254155,128,711.184747
35.948528,60,712.142875
85.855686,105,713.805135
-0.000211,14,714.070044
-8.238022,4,714.181647
10.652275,34,714.786656
9.230239,36,715.454649
10.898698,37,716.152517
-8.76,5,716.301047
-8.052162,2,716.39909
34.695622,94,717.981263
-8.24,5,718.125774
-5.885831,6,718.271694
76.988065,98,720.070304
82.442956,110,721.827781
-9.16,1,721.912248
-8.48,2,722.007156
-4.474629,10,722.249976
-9.088136,13,722.540631
82.356899,91,724.124679
82.630506,100,725.943218
14.848199,36,726.652629
-7.280597,7,726.844644
-8.36,8,727.036704
86.45653,177,729.67436
1.122591,16,729.968356
2.632524,20,730.344289
89.39008,93,731.680215
12.452601,45,732.491456
-4.096016,11,732.726991
82.627789,117,734.624643
-8.19496,20,735.033648
-1.457912,33,735.607172
-9.32,2,735.687117
75.822418,101,737.320729
17.180555,38,737.941148
-1.898403,13,738.195984
85.358401,88,739.52564
-10.0,1,739.591719
-0.66437,15,739.867347
-10.0,1,739.937708
8.760341,33,740.530181
79.707727,89,742.936329
79.905706,109,744.672639
84.577559,174,747.146825
10.500874,25,747.584708
35.617746,62,748.575529
35.818687,94,750.350865
85.082755,110,752.176153
77.02341,136,754.254576
51.004289,81,755.535255
-8.546539,3,755.632727
6.514384,34,756.233686
13.984559,35,756.794558
1.652278,24,757.254708
87.755275,181,760.001082
-7.187866,8,760.216099
-8.44,4,760.328268
-2.509659,12,760.602175
85.656927,387,765.018802
78.478548,110,766.7926
11.375409,42,767.523724
1.753679,14,767.827846
5.859547,24,768.303824
-8.109741,7,768.5301
74.871706,109,770.554617
-10.0,1,770.620997
17.800524,48,771.468075
86.920096,173,774.093063
-9.25886,2,774.174792
-1.108632,13,775.269247
36.690721,101,777.077787
-2.785153,13,777.368635
85.967167,145,779.892032
-7.867436,8,780.095766
50.790158,130,782.410681
4.071417,21,782.821244
10.29634,46,783.620954
-10.0,1,783.685913
-10.0,1,783.750968
88.146185,445,788.591116
-7.492785,8,788.817539
79.198336,179,791.644218
85.955248,114,793.618003
8.745075,36,794.317668
13.792546,45,795.212113
-9.32,2,795.291775
0.73498,21,795.672225
-7.36,7,795.841754
89.060285,103,797.426364
1.959318,22,797.852097
85.877322,214,800.878086
24.970905,66,802.013628
-8.44,4,802.119899
75.017709,93,803.762338
86.558426,110,805.685738
-10.0,1,805.755655
-5.402692,6,805.896341
14.788369,41,806.709118
86.569883,445,813.518526
4.561564,19,813.896362
37.609167,98,815.60577
1.04325,21,816.076286
89.180044,130,818.192595
79.827811,104,819.821435
3.845271,33,820.387152
5.007209,21,820.764956
85.650836,314,824.465812
79.212954,186,827.283804
-8.8,3,827.377759
-2.911316,10,827.636484
85.563301,98,829.334576
88.319478,167,831.928761
89.138081,102,833.395159
80.09185,101,835.036101
-8.8,3,835.13852
89.084914,105,836.738954
88.019178,135,839.013232
-10.0,1,839.082245
-7.377203,5,839.21856
19.590063,55,841.014144
81.390208,118,842.962488
85.665866,122,844.969645
-7.271083,4,845.094273
79.703694,103,846.944092
88.501816,125,849.146344
53.999983,107,851.071826
6.991379,23,851.513866
32.261673,63,852.685851
14.762619,53,853.589634
2.463559,18,853.923388
81.007963,113,855.850561
85.415221,120,857.817275
42.272952,66,858.98317
86.650615,125,861.111374
9.479778,34,861.699729
-7.135875,9,861.955199
86.634232,140,864.496665
-9.32,2,864.588194
-4.416517,9,864.823513
5.471293,20,865.206776
-3.51666,13,865.495103
80.987722,106,867.551125
86.795027,152,869.997688
-8.44,4,870.136564
88.523384,195,873.357744
83.241753,118,875.402948
76.547547,92,877.921009
3.263656,15,878.209215
86.661535,140,880.485671
85.390459,170,883.200494
4.648049,24,883.650488
7.468348,30,884.165768
82.997516,178,886.996109
89.666086,94,888.499662
27.547058,52,889.394343
34.468293,68,890.505688
-10.0,1,890.572522
82.150542,116,892.60704
-8.8,3,892.712574
-10.0,1,892.78349
-10.0,1,892.850929
81.004784,129,895.133241
4.523009,29,895.685661
78.387136,99,897.416985
5.680854,24,897.90078
88.883112,148,900.40668
79.663566,109,902.150202
-8.44,4,902.258866
83.702638,125,904.288955
1.31561,22,904.730909
-1.099872,16,905.044454
86.177071,138,907.078252
13.552314,54,907.961994
79.270964,175,910.916833
-8.8,3,911.009958
21.205997,45,912.599101
80.263988,104,914.329728
10.158744,36,915.029577
39.260988,104,916.847267
-8.8,3,916.960498
10.016116,26,917.504481
9.505861,28,917.986701
9.237523,41,918.690435
-3.651558,16,918.96794
83.502142,127,920.990946
15.346607,59,922.058517
83.428164,402,926.568509
85.616481,167,929.385864
83.889677,153,931.841896
-3.405537,10,932.046679
82.525315,90,933.676672
15.185237,43,934.572654
-8.8,3,934.690561
32.457408,81,936.111646
83.410772,107,937.970656
-7.954658,9,938.21326
65.646045,500,944.137895
8.345281,34,944.772491
86.072742,198,947.984677
-1.98283,19,948.414785
79.916385,500,954.022358
86.252004,147,956.392966
86.399985,182,959.136062
88.758916,132,961.257002
83.880847,163,963.742086
82.843242,91,965.176258
34.656042,87,966.617996
5.092918,18,966.954407
1.629821,21,967.309458
79.456852,97,968.918885
-2.815268,14,969.220135
88.756937,214,972.409033
87.181888,123,975.409161
79.583251,145,977.719354
-7.822708,6,977.863962
-10.0,1,977.93544
-1.439199,14,978.2065
-2.842856,13,978.498808
-10.0,1,978.566878
-10.0,1,978.62966
86.497521,124,980.623617
30.114061,81,981.932208
-6.349353,9,982.121541
88.884412,191,985.005919
83.42872,112,987.008497
83.293133,108,988.920885
80.399541,105,990.712723
-8.44,4,990.83446
3.311892,16,991.16452
86.575505,206,994.267901
-6.36247,4,994.40064
84.53423,134,996.54679
86.221849,183,999.404769
85.251775,187,1002.186774
86.110503,124,1004.142549
-8.44,4,1004.254857
81.061179,246,1008.941438
88.644688,200,1012.124553
87.144735,197,1015.20278
88.70718,182,1017.891468
88.536338,203,1020.987871
8.925987,32,1021.533875
88.630494,167,1024.165896
7.973785,47,1024.989783
64.002216,91,1026.554766
0.279817,17,1026.86979
85.803961,96,1028.397216
41.107674,126,1030.409801
-5.494169,11,1030.635275
-9.68,10,1030.886811
-2.41413,24,1031.326337
-8.6,5,1031.473311
-7.850373,6,1031.616744
9.179779,30,1032.150004
11.321092,52,1033.118735
-9.32,2,1033.202266
10.183366,46,1034.00769
6.143434,22,1034.398941
83.959485,167,1037.02656
88.675146,202,1039.868794
89.169602,96,1042.18211
78.915103,130,1044.343087
77.528767,128,1046.595726
-7.96,3,1046.731825
26.131925,92,1048.459817
12.699556,36,1049.114897
-8.76,5,1049.267876
-7.4,5,1049.415861
71.296086,166,1052.154646
32.697804,64,1053.273266
43.695206,82,1054.726546
2.313786,23,1055.171187
87.182192,115,1056.993652
-7.36,12,1057.246382
63.821709,100,1058.887826
-3.037698,7,1059.047797
-8.585002,5,1059.204656
1.89706,15,1059.492639
86.14581,115,1061.335851
8.062315,39,1062.092285
11.482778,31,1062.63428
-8.8,3,1062.747043
81.27755,132,1064.978481
-1.310333,13,1065.228303
-10.0,1,1065.294562
88.837888,122,1067.142247
-8.2,6,1067.279329
-8.92,5,1067.420679
-8.112,2,1067.511793
86.248256,194,1070.209128
71.287626,98,1071.765987
3.555916,37,1072.452863
86.232181,159,1074.890234
-1.229239,19,1075.248269
-10.0,1,1075.315468
10.195529,43,1076.129938
86.096243,160,1079.546159
-6.174174,12,1079.836787
86.277693,176,1082.429542
64.620175,127,1084.41385
88.425388,204,1087.531204
81.736827,95,1089.008716
87.432484,190,1091.863225
85.312333,216,1094.868278
82.558176,132,1096.890108
11.515587,36,1097.526956
88.981923,137,1099.755151
88.693311,193,1102.692142
12.287152,25,1103.114261
-8.268442,3,1103.212692
89.295799,109,1104.910341
85.928391,117,1106.834248
85.664536,110,1108.581762
86.148565,179,1112.163167
-0.664799,13,1112.408826
87.417494,203,1115.245039
22.539954,51,1116.076154
88.372188,194,1119.001374
85.576087,202,1122.053267
-9.32,2,1122.133863
87.450425,107,1124.064982
-8.8,3,1124.173461
88.441676,170,1126.933448
88.627084,189,1129.827653
83.946064,491,1135.600028
6.085118,31,1136.214835
61.716617,95,1137.97269
-0.679779,21,1138.396747
87.187804,150,1141.942577
85.357893,189,1144.982957
-8.24,5,1145.11639
-4.272015,10,1145.337162
88.455589,188,1148.095583
-8.8,3,1148.204296
88.457025,308,1151.910266
82.687103,167,1154.413623
83.91317,117,1156.291489
25.66429,59,1157.336716
85.613195,187,1160.254739
83.35516,97,1161.901022
89.017311,112,1163.724518
-8.24,5,1163.858375
80.924682,156,1166.47195
-6.187696,6,1166.625721
88.389667,192,1169.428452
73.071603,144,1171.641856
75.11659,168,1175.21039
32.436178,96,1176.796469
86.296986,178,1179.504905
84.630527,192,1182.426392
83.431393,122,1184.98664
11.359732,40,1185.838093
-8.249984,3,1185.944084
88.918778,100,1187.640586
-4.162027,13,1187.927459
86.45623,119,1190.033366
88.778602,181,1193.010265
83.566104,139,1195.538853
36.356849,82,1196.93857
-6.973467,17,1197.262392
88.986343,127,1199.369979
80.985602,142,1201.659225
-10.0,1,1201.727073
86.382827,110,1203.560047
-5.311792,21,1203.974141
-9.32,2,1204.059625
-9.32,2,1204.141977
19.336625,57,1205.072296
-8.8,3,1205.181041
83.112692,127,1207.365886
88.77931,148,1211.429752
88.684163,214,1214.878925
-10.0,1,1214.943041
-1.110195,14,1215.257053
85.652067,92,1216.760702
2.204888,30,1217.342058
-10.0,1,1217.4096
89.519837,91,1218.828749
88.888648,148,1221.250367
80.398187,104,1223.056036
89.572063,100,1224.667923
4.265572,24,1225.112056
47.782381,123,1227.17869
14.332561,43,1228.003903
86.783568,135,1230.594739
79.217373,158,1233.718593
88.65644,177,1236.775911
0.934055,15,1237.114911
-2.778402,11,1237.366802
-2.870786,9,1237.573155
-3.342386,16,1237.897519
86.184814,118,1239.859175
-7.680879,14,1240.153026
86.483917,190,1243.385524
87.183776,171,1246.868038
-5.524455,9,1247.055
21.34917,49,1247.90086
81.869955,181,1250.544299
-10.0,1,1250.60934
86.473316,146,1252.854589
83.349889,120,1254.80699
6.148752,26,1255.332932
86.286264,127,1257.415371
87.127287,119,1259.410885
89.070071,96,1260.97835
-10.0,1,1261.049732
-8.307165,3,1261.148489
71.522679,164,1263.680339
28.288716,84,1265.034601
22.573754,38,1265.66369
88.764724,137,1267.783628
82.629795,126,1269.787776
74.642233,91,1271.349367
85.382107,143,1273.844109
88.839186,187,1276.881093
80.772487,148,1279.291952
87.164893,101,1281.848572
85.766563,184,1284.640837
14.922,39,1285.273388
86.845343,128,1287.349308
8.035324,39,1288.02787
85.905213,129,1290.083595
84.838362,306,1293.598705
88.423227,195,1296.434908
86.704293,202,1299.390933
5.176334,20,1299.753676
88.491374,162,1302.389186
86.255742,144,1304.710848
57.693263,500,1310.903865
88.97517,140,1313.13838
88.447515,154,1315.66912
81.931541,176,1318.261977
-9.022394,1,1318.34158
85.77655,114,1320.085613
42.464991,87,1321.512416
30.094346,68,1322.581238
88.370915,206,1325.740314
18.00613,43,1326.477083
86.440838,111,1328.270295
-9.48,3,1328.391495
86.356062,200,1331.495358
-2.786846,17,1331.820159
-5.748399,12,1332.105384
88.475133,178,1335.036633
-10.0,1,1335.112613
-10.0,1,1335.189359
22.815164,48,1336.060289
81.361738,138,1338.302348
88.602419,138,1340.478321
-9.32,2,1340.566847
85.634567,161,1343.821751
39.030274,76,1345.01209
79.644933,128,1347.081813
86.523469,262,1350.509545
86.19495,105,1352.258089
88.102956,494,1357.566203
83.308089,148,1360.329947
-3.901978,22,1360.732475
88.541665,214,1363.809971
87.022081,120,1365.686366
-8.24,5,1365.824951
85.943147,157,1368.201828
-8.8,3,1368.298607
88.55761,177,1371.200718
81.935525,129,1374.21669
63.038771,135,1376.422144
83.994577,174,1379.056755
7.012871,24,1379.475349
3.828895,22,1379.889282
81.818841,113,1381.811675
89.34538,145,1384.063253
-9.32,2,1384.14602
86.154749,161,1386.644
85.84277,115,1388.599752
88.924442,109,1390.386388
-4.389299,10,1390.591774
88.761891,216,1393.795372
88.283811,399,1398.135583
89.470872,142,1400.316401
-9.32,2,1400.399404
87.308607,116,1402.233096
-3.630344,10,1402.458274
86.243936,161,1405.993733
86.387102,152,1408.626968
-5.195643,6,1408.814205
88.475383,185,1411.718114
12.214187,36,1412.381351
-9.04,7,1412.576873
-9.16,1,1412.65699
88.728345,138,1414.88094
21.415329,59,1416.018598
-9.16,1,1416.10236
89.013168,104,1417.77212
-0.223739,25,1418.234378
88.696042,177,1421.145618
-10.0,1,1421.214301
-8.44,4,1421.330183
33.97919,75,1422.671395
86.682614,128,1424.832512
83.691712,102,1426.521424
88.647529,153,1429.304755
88.846655,169,1432.150955
81.599752,148,1434.550018
88.496095,185,1437.685069
88.926397,175,1441.425307
30.150316,72,1442.647902
89.039771,230,1445.878417
86.108531,119,1447.742649
84.206391,126,1449.77248
86.96223,194,1452.893178
-7.6,4,1453.029652
89.525541,91,1454.503018
-7.4,5,1454.654126
51.798352,135,1456.984717
88.785703,171,1460.259344
83.77375,166,1462.975034
35.351588,89,1464.44938
89.593796,103,1466.142579
-10.0,1,1466.208626
76.587647,114,1468.207522
74.933339,300,1472.286086
86.473153,200,1476.40258
-5.293255,9,1476.617968
-9.32,2,1476.732897
84.253151,136,1479.206641
88.603232,148,1481.570767
87.001147,142,1483.926132
86.228306,163,1486.532825
-9.32,2,1486.61597
86.268901,140,1488.874554
82.574704,118,1490.812465
88.860013,109,1492.532033
86.510258,175,1495.152245
89.401916,111,1496.899148
36.164175,73,1498.123255
88.377126,172,1500.794795
87.056161,153,1503.206358
86.465721,139,1505.553175
81.387655,167,1508.212312
-6.443862,7,1508.380106
88.997783,176,1511.910116
-8.20624,10,1512.118142
89.247864,92,1513.545279
83.659752,141,1515.810471
82.817489,144,1518.39965
21.05621,54,1519.299835
-6.350645,8,1519.492697
80.68799,116,1521.333166
82.250348,134,1523.370643
85.941908,195,1526.405602
5.858565,30,1527.010167
75.383953,178,1529.741387
86.749655,208,1532.57422
86.921594,114,1534.343986
7.668457,24,1534.754818
6.492124,22,1535.197553
-8.36,9,1535.398301
88.496429,203,1538.413965
-8.24,5,1538.537785
82.928577,97,1540.17415
86.873846,237,1544.381303
87.497945,160,1546.94302
8.533468,35,1547.543544
81.481166,118,1549.530625
9.546696,34,1550.174075
75.847052,137,1552.805676
-3.187069,14,1553.093203
89.526311,107,1554.951035
-6.288935,9,1555.171364
88.449164,176,1557.936288
88.774654,202,1560.838157
88.723241,183,1563.837746
81.727957,144,1566.266761
86.353658,157,1568.898873
82.795429,143,1571.309208
8.639277,23,1571.777832
-9.24,6,1571.984252
-8.48,2,1572.091689
77.874784,99,1573.908714
86.440854,150,1576.364083
86.018267,200,1580.11112
-7.063103,8,1580.335021
-5.863763,7,1580.493115
79.421663,123,1582.429916
86.637123,185,1585.096081
21.954741,51,1585.942522
55.950123,153,1588.302119
88.849616,112,1590.190965
86.296146,171,1592.922123
85.03393,174,1596.264174
87.136307,107,1598.302938
52.19002,148,1601.014965
-7.478193,11,1601.249994
86.559539,180,1604.302701
88.985787,155,1606.761736
76.9633,100,1608.602973
-9.16,1,1608.683001
83.88146,116,1610.663062
86.414981,143,1613.724548
81.910611,169,1616.37467
88.477391,190,1619.094144
-10.0,1,1619.161512
89.940375,92,1620.556676
86.510438,99,1622.192029
86.060191,142,1624.380101
88.78501,193,1627.355333
88.491425,163,1629.88062
88.597133,190,1632.81881
20.838932,51,1633.7912
78.956716,92,1635.470017
86.106546,186,1638.430164
83.384421,161,1641.310185
85.572333,157,1644.021611
86.592179,192,1648.13985
88.504151,202,1651.663091
88.447604,192,1654.650038
88.629988,162,1657.334093
77.124408,111,1659.143688
-3.259858,9,1659.352524
-8.32,7,1659.511063
-7.398931,7,1659.677418
87.615714,151,1662.041201
89.390437,92,1663.42723
86.351577,99,1664.99369
83.180656,197,1667.822902
34.773903,83,1669.212192
72.022949,182,1672.099107
88.766919,159,1674.611867
89.005456,113,1676.423092
89.113154,117,1678.297987
88.779954,178,1682.186291
88.984795,154,1684.685977
82.560459,191,1687.527869
86.759266,145,1689.749427
86.401272,135,1691.871671
89.451716,110,1693.6272
38.398768,68,1694.750566
4.598611,19,1695.152619
17.407028,42,1695.910594
88.57127,208,1699.224406
-8.36,9,1699.427105
88.624781,195,1702.567461
-6.447137,8,1702.749228
79.840561,103,1704.595409
86.42744,211,1708.338586
88.393558,197,1711.755717
7.206304,21,1712.126942
86.628171,141,1715.156633
12.461506,42,1715.874188
86.257714,162,1718.293509
89.634107,91,1719.574279
86.653744,156,1722.068862
-7.393395,7,1722.230747
8.593552,30,1722.739359
82.084041,110,1724.567599
88.190193,440,1729.399139
82.380512,100,1731.057413
89.554413,91,1732.479838
88.695603,166,1734.965976
80.505092,173,1737.710197
-5.11335,15,1738.002274
88.656335,189,1741.110231
0.971773,15,1741.431161
86.363472,387,1747.444963
0.212677,21,1747.886381
86.543638,191,1750.897259
-9.638281,5,1751.058161
-9.32,2,1751.144262
86.150904,97,1752.817724
67.612263,151,1755.134705
60.384843,96,1756.624088
-10.877211,10,1756.901869
84.4954,150,1759.305787
23.002682,70,1760.451509
85.568933,158,1762.955595
89.292638,99,1764.542182
86.36959,193,1767.423534
85.317915,209,1770.802573
-7.037305,7,1770.980514
1.89515,24,1771.430268
30.758985,62,1772.514341
88.721531,196,1776.069432
88.946527,185,1780.28812
86.964901,103,1781.963966
11.674412,40,1782.641938
-8.2,6,1782.81471
80.404183,117,1785.062159
88.810942,115,1787.073433
83.732764,147,1789.593601
83.62616,131,1791.799677
86.182367,139,1794.092042
-10.0,1,1794.162942
86.813882,99,1795.804752
88.555444,213,1799.069134
85.718205,187,1802.12622
-8.72,6,1802.2939
-3.533069,11,1802.521999
35.728815,83,1803.9949
-9.32,2,1804.08174
-6.059938,4,1804.217029
-8.28,4,1804.366087
-8.8,3,1804.479035
-6.0,4,1804.606654
-7.706599,9,1804.813279
4.965081,43,1805.561677
82.890726,117,1807.496563
53.948104,126,1809.485502
88.598948,234,1812.700576
-6.401694,9,1812.890928
86.219481,262,1817.317435
83.109555,366,1821.609058
60.857678,116,1823.581149
54.260936,120,1825.5442
86.028485,102,1827.250876
85.763937,290,1831.096225
5.76686,21,1831.476357
-9.16,1,1831.5577
29.454965,66,1832.701512
6.355505,25,1833.151125
10.380446,37,1833.789479
88.609214,169,1836.349156
86.314595,105,1837.971383
88.898748,158,1840.393893
88.85987,174,1843.237594
86.448285,161,1846.769829
-7.6,4,1846.920799
89.493149,128,1849.29362
-8.2,6,1849.478343
24.402608,75,1850.875825
83.972582,114,1853.01907
89.374515,121,1855.132418
-8.84,7,1855.326684
86.415232,154,1857.790203
88.405488,204,1860.982963
84.212336,123,1862.963923
39.065595,91,1864.437787
88.612661,201,1867.376402
-9.16,1,1867.460278
88.979296,167,1870.000434
86.587284,146,1872.521788
88.932723,103,1874.315876
89.146966,187,1877.313664
85.931628,105,1879.065683
88.660637,173,1882.785615
27.889997,75,1884.101083
-1.109372,14,1884.390543
88.64702,185,1887.424977
86.26381,173,1890.19124
88.79097,153,1892.565678
86.161982,104,1894.242197
85.977406,147,1896.664639
84.110466,149,1899.145874
85.947823,157,1901.750941
83.402333,133,1904.130428
85.012379,143,1906.722945
88.850061,132,1908.922011
-7.36,6,1909.089359
89.073596,149,1911.476471
86.627236,181,1914.217242
89.165438,101,1916.676589
88.926488,175,1919.426793
-8.762777,3,1919.520831
-11.0,4,1919.663755
86.400103,194,1922.770103
7.502644,40,1923.522415
88.86711,191,1926.607326
40.895676,103,1928.287376
86.020548,171,1930.879375
-10.0,1,1930.947276
43.518436,87,1932.366946
86.621049,150,1934.913383
86.086416,292,1939.138506
-9.32,2,1939.222621
2.611118,22,1939.656343
88.704297,145,1942.115656
12.708775,39,1942.801817
-10.0,1,1942.865218
88.715322,196,1945.650464
88.503816,218,1949.898294
7.827414,31,1950.447093
80.762897,171,1953.143761
88.682153,188,1956.02093
-0.732424,36,1956.649698
86.210431,218,1959.749152
85.870851,145,1962.194365
11.106213,45,1962.957136
89.236216,129,1965.12588
-10.0,1,1965.193106
88.92545,191,1968.146729
35.571261,89,1969.573829
15.640834,44,1970.383982
85.787841,136,1972.683547
88.740821,174,1975.929232
-7.6,4,1976.085573
89.011188,102,1977.741285
88.809016,191,1980.780901
-8.8,3,1980.899511
89.264898,118,1983.699825
87.538756,134,1985.876189
82.760185,165,1988.517564
86.477862,179,1991.338653
-1.599634,19,1991.678552
88.633807,151,1994.21876
86.476702,206,1997.443534
38.077549,58,1998.50405
7.484036,33,1999.099574
11.400034,41,1999.87384
89.083099,127,2002.014592
86.526091,171,2004.561353
86.626967,147,2006.833046
85.529447,119,2008.748269
82.348763,189,2011.954259
85.566342,206,2015.43527
47.302074,110,2018.133775
45.179127,90,2019.558579
5.617951,25,2020.024935
86.42084,206,2023.51373
88.413165,216,2027.408068
-10.0,1,2027.49003
-3.398003,10,2027.785264
88.460923,200,2031.270768
88.449543,201,2034.416625
81.515004,142,2036.971879
83.391104,136,2039.203565
18.795011,59,2040.267108
82.729434,123,2042.458623
88.704557,202,2045.819314
30.361024,81,2047.285621
88.529046,178,2050.282972
86.167792,149,2053.964017
89.412278,124,2056.308255
86.322187,100,2058.204045
85.701436,193,2061.384516
84.235698,160,2064.120642
86.352567,104,2065.92915
5.63214,27,2066.469174
83.637976,180,2069.674429
-3.368885,10,2069.926013
-9.140313,1,2070.027914
89.148245,90,2071.810955
-9.32,2,2071.913185
88.885078,151,2074.862345
19.245583,49,2075.773363
-8.48,2,2075.876786
80.740862,142,2078.472962
-7.36,6,2078.637029
88.517055,215,2082.05337
89.194572,116,2084.14552
-3.349364,7,2084.362075
88.869583,170,2087.530387
86.482765,193,2092.026203
86.906125,113,2093.873279
-4.805538,8,2094.056903
-8.32,7,2094.224967
85.432071,149,2096.838208
86.45452,121,2098.81661
31.612956,86,2100.235275
86.514612,102,2102.116643
85.933153,152,2104.756546
-9.32,2,2104.848707
-6.112807,6,2105.007609
-8.36,8,2105.225728
87.509416,158,2108.349143
61.709365,158,2111.095622
-5.063545,12,2111.34796
61.455359,113,2113.30375
7.890939,30,2113.930568
86.255134,119,2115.96197
88.322075,255,2119.492556
88.476677,201,2122.437906
85.872854,119,2124.6383
84.950475,187,2128.944195
85.457189,155,2131.699625
86.510469,105,2133.350151
-1.443422,18,2133.742975
-4.934442,16,2134.12237
86.395235,142,2136.517798
88.757078,118,2138.678901
-8.32,7,2138.844434
88.826236,145,2141.352348
89.746117,92,2142.970012
88.510899,181,2145.968104
83.129205,107,2147.766045
86.661511,131,2149.766439
-9.32,2,2149.850187
83.626194,168,2152.394305
86.90129,170,2155.100164
88.513017,178,2157.678622
80.897242,147,2160.022895
87.474302,191,2163.635142
86.293073,163,2166.248436
86.445652,105,2168.152016
85.897985,119,2170.364097
89.045955,107,2172.471131
-9.16,1,2172.581099
85.656444,147,2175.201793
88.644259,174,2178.251017
85.971373,197,2181.784902
14.319453,36,2182.460197
85.128496,194,2185.61663
86.935476,139,2188.311155
-9.32,2,2188.402883
88.867463,119,2190.43641
88.441689,199,2193.51774
3.926186,20,2193.884615
85.952389,167,2196.719163
88.728283,133,2200.31107
88.630719,186,2203.40954
79.575175,117,2205.432569
85.671592,115,2207.538977
6.445869,29,2208.079073
86.274856,165,2210.775698
88.408137,176,2213.604377
85.382264,137,2215.776377
-7.6,4,2215.902299
90.069915,90,2217.237368
83.822745,118,2219.104935
86.303952,110,2220.858536
-8.24,5,2220.990808
82.910467,125,2223.074638
83.521557,126,2225.058306
83.935844,143,2227.342856
88.609131,192,2230.337951
88.927263,164,2233.961499
86.184091,188,2237.045837
0.631027,14,2237.306614
88.561594,172,2239.892678
88.532174,195,2242.82001
89.109973,96,2244.353183
32.34805,56,2245.260088
0.220418,23,2245.653592
89.034973,187,2248.541637
85.662085,115,2250.382543
87.109638,129,2252.354558
87.372011,103,2254.030252
89.466744,123,2256.07901
88.794872,143,2258.306813
88.85847,169,2261.020585
-8.2,6,2261.165752
-8.44,4,2261.276631
85.604209,141,2263.632644
13.156882,44,2264.608871
-8.44,4,2264.733057
88.755195,175,2268.501092
-5.542405,8,2268.699268
86.905723,187,2271.958208
-8.243869,4,2272.074812
22.389663,58,2273.087748
82.735262,116,2275.091007
88.526039,214,2278.047856
-1.871829,13,2278.330908
-9.32,2,2278.413642
-10.0,1,2278.487207
85.774507,117,2280.404144
4.882446,26,2280.877735
86.362607,177,2283.978213
89.860452,90,2285.550824
88.790827,137,2287.874426
79.999113,150,2290.57385
86.010506,178,2293.61594
86.418777,148,2296.223407
12.475421,59,2297.253364
85.564052,179,2300.427211
88.487519,224,2304.881412
88.916909,157,2308.112602
88.46262,199,2311.316594
-7.36,7,2311.513897
-9.32,2,2311.602229
81.388193,154,2314.174974
88.604014,174,2316.856291
86.40785,134,2319.187413
89.050823,172,2322.108307
-11.1112,2,2322.227415
88.867601,169,2325.35503
85.428015,175,2328.726108
86.831426,168,2331.60434
88.643783,185,2334.837054
-8.4,6,2335.011024
-6.553597,9,2335.255246
-5.438805,10,2335.498268
89.161847,132,2337.844272
89.02878,111,2340.613394
-6.801319,7,2340.782887
82.811972,137,2343.051563
88.778381,143,2345.40687
0.094536,14,2345.674681
83.726379,157,2348.140687
88.682001,115,2349.951432
-4.297898,6,2350.105424
88.495214,171,2352.690311
88.707267,157,2355.269758
89.058729,118,2357.264077
0.558053,20,2357.657075
88.749925,175,2360.463243
86.594476,98,2362.125903
21.020829,38,2362.789327
79.103478,139,2365.120979
88.962552,120,2367.104563
83.869202,142,2369.505123
38.624696,99,2371.114798
-10.0,1,2371.199122
88.825116,122,2373.128372
87.012261,189,2376.854976
86.438715,140,2379.061195
-8.120074,5,2379.19403
88.758827,168,2382.049645
89.135435,123,2383.925935
88.549551,207,2386.894119
86.505369,165,2389.671109
-7.36,7,2389.847845
86.423611,107,2391.665147
12.873046,40,2392.496504
86.166277,154,2395.326253
88.840079,169,2398.090094
88.629382,161,2400.657436
88.772941,165,2403.326947
-7.63626,6,2403.460154
89.72522,89,2404.800977
1.282782,14,2405.101792
89.187427,151,2407.566157
78.697231,109,2410.244656
89.080984,126,2412.2551
86.960283,146,2414.509519
88.972132,172,2417.209004
89.162973,190,2420.316345
10.132961,61,2421.582569
84.691067,143,2423.855363
88.58419,163,2426.518856
88.741536,179,2429.39473
86.710199,176,2432.362038
-9.32,2,2432.454442
88.409702,229,2436.08928
88.375598,198,2439.584902
89.82613,89,2441.104339
-6.904594,7,2441.281785
39.838659,70,2442.486056
83.818698,121,2445.361125
86.490872,142,2447.63737
-7.6,4,2447.771657
89.09215,162,2450.251596
51.179567,142,2452.410816
88.754453,165,2455.006673
89.541878,95,2456.6093
-5.825458,9,2456.822816
-9.32,2,2456.906674
-6.075424,8,2457.102079
83.913571,156,2459.546857
87.22213,132,2461.620759
88.447234,206,2464.651216
85.984824,122,2466.630285
87.818826,141,2468.819429
7.326914,24,2469.217303
82.352242,153,2471.593713
89.414476,100,2473.328527
88.852786,193,2476.970598
88.866798,156,2479.445604
84.785628,161,2481.916336
84.059676,163,2484.679513
88.746422,212,2487.659911
-7.4,5,2487.799075
88.86875,141,2490.013368
0.861317,27,2490.529977
88.684758,188,2493.358305
88.606637,207,2496.504556
-7.96,3,2496.613594
81.901066,131,2498.667233
83.84475,137,2500.756228
20.756277,52,2501.567914
86.447723,106,2503.195987
-12.0,2,2503.293735
86.161951,173,2505.953779
-3.23837,15,2506.245594
85.915493,130,2508.285069
50.543862,85,2510.546997
83.199746,149,2512.930457
-0.102633,17,2513.25316
-6.955027,7,2513.425007
82.386352,97,2514.948207
88.582978,187,2517.79289
84.20817,186,2520.680269
-10.0,1,2520.756203
36.871234,81,2522.098775
-2.512066,20,2522.489539
78.913259,107,2524.334374
-1.367664,19,2524.734557
88.795418,178,2527.835372
42.956076,86,2529.356599
88.765377,157,2531.889843
-7.854185,4,2532.008073
86.755114,103,2533.561677
83.533808,159,2536.237912
84.438411,142,2538.609401
25.5476,71,2539.854857
82.855459,93,2541.488483
89.180489,153,2544.542813
10.682566,31,2545.038893
88.464933,181,2547.738325
88.800201,239,2551.269896
87.061811,129,2553.24276
73.289754,168,2555.774861
88.775955,171,2558.322068
88.472362,195,2561.099536
89.111408,132,2563.156091
88.902329,168,2565.817739
-10.0,1,2565.881573
-8.44,4,2565.995404
86.085646,122,2567.918274
89.111077,130,2570.056391
88.596632,197,2572.942463
88.411053,209,2577.469036
86.659335,99,2579.715604
-9.32,2,2579.817866
86.133513,150,2582.609802
54.016819,126,2584.648919
89.496964,106,2586.318605
86.617267,101,2587.930544
85.773367,134,2590.133358
89.268642,159,2592.846131
88.854862,119,2594.914514
-1.829801,11,2595.152268
18.130034,48,2595.944374
43.139874,111,2597.78882
86.889987,139,2600.04017
12.343543,30,2600.556548
88.630395,206,2603.718551
89.016517,130,2606.013736
-8.8,3,2606.111681
88.941775,172,2608.880594
88.614974,213,2613.125692
16.752894,48,2614.02313
87.673338,125,2616.204929
86.412772,138,2618.565807
7.492439,34,2619.153098
-8.2,6,2619.328037
-8.541001,9,2619.530116
88.373363,207,2622.656496
89.238546,119,2624.722002
26.037849,57,2625.68536
89.106147,102,2627.297048
89.107383,157,2629.802887
88.434507,195,2632.768843
88.569531,173,2635.47053
7.079087,37,2636.110373
86.595514,209,2639.112439
83.576142,170,2641.800257
88.9993,126,2643.826686
88.604991,153,2647.122791
83.945394,110,2648.922291
89.773064,106,2650.590443
88.671851,165,2652.993766
87.588627,127,2654.951108
1.141441,22,2655.359941
85.447472,131,2657.381133
-9.32,2,2657.467876
89.23768,101,2659.047345
86.002396,164,2661.818149
88.477071,190,2664.653435
16.283868,42,2665.316957
-1.830649,17,2665.629802
88.65471,176,2668.189142
87.462222,157,2670.588772
88.58202,180,2673.125715
33.54835,97,2674.611065
88.375434,198,2678.412068
23.051691,65,2679.480831
83.84316,148,2681.932624
88.850429,129,2684.081413
21.249751,58,2685.216302
89.089728,157,2687.774681
83.167932,136,2690.106961
88.29645,181,2692.874883
88.785508,189,2695.702153
84.2668,133,2697.847446
86.526249,142,2700.072311
-18.32,7,2700.232128
88.891477,188,2702.909187
22.152182,58,2703.802159
18.776444,58,2704.753243
75.993286,175,2707.563725
83.23534,133,2709.864343
86.596245,140,2712.928157
-8.36,8,2713.10927
88.985635,144,2715.35183
89.025289,139,2717.767848
88.889117,174,2720.551779
86.485893,208,2723.648919
88.528214,181,2726.259074
88.427161,210,2729.211949
88.896436,140,2731.435604
85.798242,117,2733.226963
-8.24,5,2733.356126
83.436776,153,2735.963194
84.130798,135,2738.368634
-8.8,3,2738.47759
-3.800927,9,2738.673695
88.834197,138,2740.965917
88.409285,205,2744.061214
89.06885,175,2747.474207
-8.8,3,2747.571557
86.360802,159,2750.089977
88.320125,205,2753.169378
87.066997,146,2755.434849
77.679284,108,2757.393553
88.487593,199,2760.48064
86.882247,99,2762.353131
87.076599,131,2764.666115
89.090662,117,2766.777557
18.485926,44,2767.553504
38.127954,92,2769.11987
-10.0,1,2769.187083
86.47257,189,2772.140772
86.349771,180,2775.125098
86.577546,94,2776.69867
86.29678,111,2779.607171
84.187367,116,2781.681912
36.946383,75,2783.067939
86.071509,123,2785.326934
83.56045,92,2786.941909
86.355821,197,2790.07194
86.429025,131,2792.237251
88.674658,202,2795.080689
89.366917,113,2796.857534
88.591684,197,2799.749143
87.39278,138,2801.829381
88.699846,193,2804.651934
89.12225,130,2806.608307
88.998777,157,2809.126457
-7.21273,3,2809.237145
88.58329,181,2813.038872
88.736771,141,2815.555674
86.380905,151,2818.142731
-8.8,3,2818.247418
85.732717,140,2820.53147
3.722906,37,2821.172632
88.710277,211,2824.285813
87.028452,159,2826.901141
85.797753,150,2829.333277
88.502967,198,2832.191963
88.516721,193,2835.231897
-7.6,4,2835.37869
89.293497,160,2838.19093
33.537976,91,2839.76911
84.40438,179,2842.548758
83.709903,134,2844.59246
83.665528,119,2847.215434
85.913975,123,2849.357525
22.5144,66,2850.563082
86.79698,135,2852.695386
33.276697,79,2854.072687
88.77865,160,2856.542379
85.621712,131,2858.748312
89.036974,152,2861.384127
10.810835,41,2862.206645
-10.0,1,2862.281635
88.486719,169,2865.687494
88.336792,223,2869.425286
29.125194,88,2870.913571
89.200222,122,2872.823231
83.964083,153,2875.363086
10.877282,45,2876.147065
-7.0,3,2876.254736
-6.573834,14,2876.515215
88.502936,193,2879.497982
89.138302,107,2881.221046
-9.32,2,2881.300764
88.304082,204,2885.093713
89.261433,101,2886.703235
88.537526,193,2889.69777
30.038799,67,2890.785188
86.257351,165,2893.214719
86.584835,143,2895.38475
88.704872,205,2898.344425
84.221936,136,2900.443941
-1.869286,18,2900.772701
89.06748,128,2902.937306
85.244798,167,2905.540362
22.613111,60,2906.53312
88.586783,201,2909.65283
33.172338,85,2911.165538
85.212549,172,2914.090975
89.381906,110,2916.761859
88.913074,118,2918.682558
88.585327,219,2921.872607
-8.32,7,2922.024356
0.888861,30,2922.51515
86.309403,179,2925.216629
-9.16,1,2925.294433
88.748769,179,2928.041339
86.732015,130,2930.191456
88.85009,144,2932.384705
84.494886,142,2934.647345
89.221703,131,2936.797143
83.126737,145,2939.216732
89.054295,135,2941.366034
88.845195,161,2943.934368
86.073343,163,2946.508631
88.776713,200,2950.546984
88.450045,191,2953.543523
87.338752,185,2956.597602
88.439219,187,2959.623557
86.548797,146,2962.259604
88.894419,168,2964.760371
-8.28,4,2964.912178
86.220295,128,2966.857423
89.162186,136,2968.967515
88.675031,188,2972.001927
88.293689,207,2975.168446
86.664645,134,2977.457023
89.496207,100,2979.069024
45.137871,90,2980.650839
14.235159,37,2981.341421
-9.32,2,2981.435268
88.876978,155,2984.971698
81.792344,148,2987.519658
86.392802,197,2990.627886
83.207014,179,2993.258654
-8.36,8,2993.441171
-10.0,1,2993.508028
-9.32,2,2993.590465
88.434843,186,2996.465475
88.749336,128,2998.637843
89.239571,114,3000.419774
-8.12,4,3000.570433
88.424686,200,3003.583386
-7.36,6,3003.797723
85.691341,149,3006.243072
85.85027,152,3008.605742
89.040275,155,3011.058221
36.555253,94,3012.712876
88.707702,148,3015.066551
88.742187,158,3018.222547
-8.36,8,3018.421158
-6.621249,14,3018.721068
88.58508,217,3021.877461
83.388733,157,3024.587755
88.925124,151,3027.170738
88.404304,194,3030.204366
86.09517,128,3032.239815
-7.36,6,3032.395948
88.61849,150,3034.875863
88.47659,167,3037.853131
88.525798,207,3041.067676
86.519126,161,3043.890075
86.411319,192,3046.983415
88.611994,172,3049.75831
-6.965157,6,3049.921172
88.609497,163,3053.252167
89.402977,111,3054.969676
84.212767,137,3057.29681
85.500792,113,3059.110373
88.81719,188,3062.045592
84.224548,114,3063.92603
88.835172,152,3066.427035
82.189664,86,3067.74884
89.115903,107,3069.387902
86.094086,179,3072.229909
88.997915,109,3074.021403
88.865434,149,3076.342299
88.972422,105,3078.071053
86.852138,179,3081.048919
87.081744,117,3083.208949
-7.6,4,3083.366767
88.891454,147,3086.893894
86.352043,150,3089.463101
86.885721,158,3091.935077
84.517764,113,3093.764707
88.579069,183,3096.873907
-8.48,2,3096.971427
81.793919,197,3099.93125
86.280484,198,3102.719575
86.278041,133,3104.895366
88.709924,176,3107.65805
88.856856,104,3109.370178
3.368155,29,3109.892771
-7.4,5,3110.041103
-7.4,5,3110.20218
89.399361,108,3112.00181
83.916856,127,3114.240062
33.095236,87,3115.694946
-8.2,6,3115.854947
86.174938,174,3119.837555
-10.0,1,3119.915627
87.040288,143,3122.282531
86.519543,116,3124.152418
86.635693,184,3127.102014
88.753842,148,3129.502221
88.467234,201,3132.597339
89.023348,155,3135.067331
-8.28,4,3135.207061
89.622367,110,3136.897082
84.20163,159,3139.429354
89.352922,126,3141.451163
86.044107,101,3143.127466
87.612348,115,3145.031811
86.130932,156,3147.547435
88.76432,166,3150.274639
88.362439,197,3153.977752
86.261736,142,3156.175848
88.901828,159,3158.68775
84.835128,266,3162.405161
86.546349,113,3164.37627
88.709729,204,3167.473593
87.099428,147,3169.821034
88.580924,159,3172.229171
88.756487,122,3174.484027
-8.24,5,3174.628305
86.044575,124,3176.772352
-9.32,2,3176.857517
88.506855,181,3179.593893
89.212606,136,3182.016973
88.514791,188,3185.002014
-8.48,2,3185.093245
-8.8,3,3185.189647
86.134348,200,3188.989395
34.657528,71,3190.137558
-7.96,3,3190.246228
88.687252,154,3192.689172
88.691705,150,3195.033485
88.355222,204,3198.011897
6.876488,36,3198.633833
89.024919,163,3201.312866
89.232077,112,3203.115655
88.925784,103,3204.719247
-7.36,7,3204.934827
85.638646,140,3207.083483
-9.16,1,3207.161855
81.965431,180,3209.807761
88.892666,129,3211.79261
88.756991,157,3214.276082
60.595588,103,3216.119279
86.243241,108,3217.959217
89.246144,99,3220.857295
86.580707,179,3224.126472
14.177953,40,3224.849291
89.146371,133,3227.357279
89.34584,117,3229.536631
88.434124,174,3232.224015
83.929226,145,3234.38612
87.001061,139,3236.441946
-7.36,6,3236.595706
88.84279,141,3238.761294
88.854195,155,3241.161591
86.371532,104,3242.771445
84.161691,200,3245.572902
89.527319,113,3247.329415
88.88657,165,3249.77427
88.828578,175,3252.436305
84.144387,174,3256.009682
83.190261,173,3258.789124
86.437024,131,3260.959631
16.9928,60,3261.981136
88.794788,158,3264.628893
85.662375,138,3266.994902
88.725352,192,3269.958642
89.044805,134,3272.107414
88.754574,177,3274.807628
89.610546,100,3276.539216
83.898713,178,3279.311661
-5.827001,10,3279.515557
86.005777,102,3281.11265
86.700761,175,3283.761473
88.731201,196,3287.583259
88.876116,182,3290.597977
89.06499,106,3292.374851
88.339313,214,3295.509808
88.731599,139,3297.703956
86.933281,167,3300.32869
88.323538,211,3303.383157
89.055257,117,3305.225201
-7.363731,3,3305.333462
-6.044796,4,3305.455245
86.432848,140,3307.714837
86.293324,140,3310.007579
87.752927,126,3312.056069
86.071839,121,3314.008931
88.908761,172,3316.639272
83.978182,144,3318.947267
85.828409,214,3322.983855
88.406324,215,3326.373092
30.494193,90,3327.945821
88.557076,149,3330.271722
86.272147,139,3332.374915
88.768283,126,3334.361534
-4.063742,6,3334.522234
88.460899,193,3337.295446
83.358947,109,3339.033159
85.969475,162,3341.452778
-8.8,3,3341.554865
4.261494,31,3342.08649
85.484284,106,3343.750943
-2.089486,11,3343.98858
4.1068,34,3344.577645
89.58513,100,3346.216755
88.916727,137,3348.388002
86.094964,127,3350.377041
89.147366,100,3351.893023
89.622303,112,3354.448554
64.053729,87,3355.785722
88.629483,159,3358.137058
82.486071,139,3360.266414
86.351142,169,3362.889358
88.851566,170,3365.643415
46.597197,134,3367.792726
86.145774,151,3370.235356
82.867781,112,3372.062457
-1.754516,12,3372.289632
84.839764,116,3374.244117
-3.104371,14,3374.547258
86.2074,168,3377.453489
86.292639,212,3380.937623
5.857749,34,3381.557904
43.109907,114,3383.453586
88.735725,196,3387.407821
87.10119,208,3390.520824
88.466967,210,3393.580595
89.063018,125,3395.678804
88.615417,214,3398.697421
89.013521,147,3401.070113
88.746116,184,3403.805781
88.708017,164,3406.309038
88.518593,196,3409.273061
89.261961,98,3410.932778
-8.2,6,3411.082912
86.643088,197,3413.977363
-9.16,1,3414.056017
86.899881,134,3416.475531
89.213986,116,3418.404486
86.709561,141,3421.552149
88.860709,128,3423.653329
89.103695,94,3425.228305
88.981179,143,3427.846268
86.414562,136,3430.357642
85.60337,398,3435.562847
85.497755,102,3437.374946
88.878457,117,3439.51595
2.287542,19,3439.939916
-8.36,9,3440.167931
88.962934,122,3442.192528
86.485073,180,3444.871427
86.883643,169,3447.430978
89.337525,126,3449.399721
86.486296,192,3452.312032
88.656486,158,3455.438552
60.015204,139,3457.552379
86.07004,175,3460.154327
88.75292,157,3462.703912
88.513876,167,3465.242821
86.180374,186,3467.93266
88.800554,116,3469.749137
-7.6,4,3469.872802
88.472077,193,3472.720179
-8.32,7,3472.888497
86.696589,206,3475.969174
83.262808,147,3478.295074
85.854832,193,3481.203033
-8.692163,3,3481.30811
88.526369,155,3483.820934
86.484853,209,3488.083845
88.734423,155,3490.418293
90.123596,89,3491.672661
86.58086,166,3494.201771
88.742575,140,3496.625783
85.716752,146,3499.112186
86.145028,132,3501.410372
71.123723,173,3503.978313
57.459246,89,3505.346464
89.14053,99,3506.890186
87.88414,149,3509.255599
33.763072,81,3510.588385
88.677307,175,3513.297942
3.873889,20,3513.646708
87.203956,120,3515.522338
89.211355,130,3517.733698
-7.770806,6,3517.872826
85.665033,158,3521.204639
-7.68,9,3521.421726
85.904119,138,3523.590329
88.597093,186,3526.499973
85.880084,187,3529.497689
88.90482,170,3532.205091
88.8465,138,3534.570915
-7.36,10,3534.789853
88.746774,136,3537.10358
90.079625,89,3538.534261
86.296147,99,3540.32138
88.656283,222,3543.959051
89.331906,118,3546.117063
24.183019,83,3547.561936
88.863607,150,3549.915889
88.647609,213,3553.679872
88.861056,253,3557.195691
88.691519,180,3560.099858
85.926381,110,3561.946403
88.428639,192,3565.040917
6.236763,43,3565.784611
86.47037,155,3568.284111
87.608274,153,3570.68176
86.694862,124,3572.635423
86.359399,140,3574.900808
89.257219,117,3576.773846
88.592968,196,3579.607269
88.601638,162,3582.317349
88.635098,180,3585.226539
88.340188,212,3589.279788
88.826003,140,3591.489024
-9.32,2,3591.57195
86.24473,127,3593.962117
89.116458,134,3596.358171
83.368852,135,3598.577037
84.83188,165,3601.207779
88.768735,169,3603.679093
88.421638,199,3606.624384
85.784882,163,3609.105256
84.398181,191,3612.033692
-8.44,4,3612.141085
-7.4,5,3612.289921
86.893108,118,3614.170291
89.384789,100,3615.796841
88.633337,131,3618.026008
82.822337,106,3620.842475
85.500211,147,3623.367773
89.14771,102,3625.07492
86.337427,188,3627.88744
86.790466,130,3630.032194
88.405389,216,3633.091233
86.479958,191,3636.001653
84.241649,174,3638.631065
78.898302,133,3640.761131
-8.36,8,3640.93108
89.365459,126,3643.005259
5.191215,25,3643.478833
25.392727,80,3644.920934
88.613565,166,3647.580757
-9.32,2,3647.676239
79.8416,130,3649.810682
89.196097,139,3651.984318
-8.24,5,3652.110038
88.604421,196,3655.858887
83.126381,146,3658.114568
12.198065,44,3658.8402
-9.16,1,3658.922021
88.686599,189,3661.768172
84.044664,154,3664.30471
89.383716,102,3665.982364
-7.4,5,3666.125126
85.569652,141,3668.330498
86.419584,140,3670.470481
85.943666,149,3672.694355
88.703415,167,3675.314886
-1.82278,14,3675.621813
88.908248,144,3677.862911
88.539041,154,3680.246747
89.133804,111,3681.963225
89.220619,131,3684.079185
88.819862,186,3687.756932
89.158558,133,3689.817346
86.713209,133,3691.835937
89.014302,109,3693.500717
-7.96,3,3693.610463
82.866677,113,3695.600653
88.64172,157,3698.065784
89.461697,105,3699.750736
86.488005,208,3702.719016
86.643087,160,3705.29359
11.753347,38,3705.963757
53.607288,78,3707.251976
86.416079,198,3710.625719
-8.32,7,3710.789199
86.377901,136,3713.309566
88.628174,141,3715.734368
88.37557,208,3718.916365
86.053717,144,3722.096758
88.400026,186,3724.931262
88.513747,213,3728.404701
-8.96,4,3728.543222
89.023198,115,3730.466029
89.497492,94,3731.986647
58.703863,154,3734.495744
45.002156,98,3735.978973
86.808222,141,3738.112974
86.80228,175,3741.021355
88.787386,181,3743.858222
-7.4,5,3744.012466
86.564428,144,3746.304722
82.532652,188,3749.548852
89.930742,89,3750.943431
88.691822,196,3754.687373
83.652187,113,3756.687667
49.265239,68,3757.845193
87.427138,127,3760.017426
83.78048,161,3763.098178
88.873928,131,3765.846182
88.613471,152,3768.380368
-7.36,6,3768.536482
88.697866,128,3770.707799
85.740253,107,3772.531563
84.308158,162,3775.230911
88.846585,161,3778.000824
83.640652,172,3780.863546
2.074811,21,3781.273817
-2.788981,20,3781.663837
86.511834,102,3783.420438
-7.96,3,3783.541322
88.956013,151,3786.04127
88.809134,209,3789.162659
83.41365,105,3791.744906
89.456311,97,3793.352065
44.869161,107,3795.126932
88.398658,206,3798.277048
88.415445,213,3801.874405
-7.36,8,3802.089598
88.551205,173,3804.78271
88.500153,165,3807.526976
88.516284,177,3810.319409
88.566434,163,3812.754781
88.710215,179,3815.405351
90.123596,89,3816.655033
88.889206,176,3819.225771
88.384106,200,3822.047788
-1.44398,18,3823.27464
58.023229,110,3825.028695
83.624994,142,3827.290478
89.418145,136,3829.594022
88.862868,117,3831.535994
17.457782,54,3832.386152
88.688728,179,3835.066681
88.995523,105,3836.741868
87.044106,196,3839.699823
88.603349,195,3842.649474
87.385216,175,3845.225178
88.914724,169,3847.787192
88.567872,177,3850.370981
88.503164,196,3853.295509
86.218723,117,3855.968166
86.51697,138,3858.247253
82.099112,118,3860.195656
88.913306,138,3862.307621
88.558795,209,3865.476775
88.751084,194,3868.5502
88.639702,151,3871.151199
88.440017,198,3874.509886
88.856471,148,3877.150916
86.605502,192,3880.288846
88.998209,133,3882.439986
85.973973,185,3885.263439
88.718778,193,3888.113051
85.042393,172,3891.61449
-7.36,7,3891.784795
88.571403,171,3894.445234
12.736519,49,3895.291168
85.742604,143,3897.744136
2.553853,36,3898.45519
86.182916,123,3901.080751
89.537631,109,3902.859463
3.245054,21,3903.26273
-7.36,6,3903.428203
-9.32,2,3903.516964
89.54242,103,3905.233676
87.461835,133,3907.31453
89.252954,154,3909.705731
-8.48,2,3909.798353
88.601945,192,3912.80056
-7.4,5,3912.964366
21.02424,67,3914.164246
88.904516,130,3916.266317
86.167726,136,3918.55319
88.736712,143,3920.855332
89.150698,144,3923.320913
89.089812,103,3925.742798
88.583133,223,3928.753105
88.767944,179,3931.484047
52.181747,141,3933.713168
88.413889,202,3936.523274
86.286321,153,3938.736531
82.848426,128,3940.690101
86.454545,173,3943.278503
88.628236,180,3946.063224
88.663899,213,3949.151664
86.044093,153,3951.534652
86.797769,127,3953.598886
88.868922,186,3957.365789
86.76146,127,3959.325816
86.165195,145,3961.652569
88.557933,189,3965.083121
88.962104,113,3967.160025
89.177023,123,3969.590328
86.7454,179,3972.727216
88.596082,202,3975.915609
87.47205,201,3978.930735
2.630495,18,3979.259168
14.399378,55,3980.182092
88.595509,146,3982.47266
88.497317,226,3985.789973
-8.48,2,3985.901682
83.14908,123,3987.906998
-10.0,1,3987.982229
5.687348,30,3988.502774
-4.102723,14,3988.780998
88.633439,146,3991.9726
88.953374,108,3994.092263
86.085465,209,3997.429612
89.586379,101,3999.074129
22.394648,54,4000.04148
88.259711,292,4004.121296
88.902311,117,4006.248146
-6.0,4,4006.384438
86.639806,139,4008.83197
89.654267,114,4010.876052
88.594431,168,4013.789823
-3.893689,7,4013.98778
88.908281,136,4016.290128
88.755237,150,4018.831679
89.094026,133,4021.102132
88.516669,218,4024.266468
-5.941257,10,4025.40104
88.819622,168,4028.363757
86.665876,193,4031.907777
-8.32,7,4032.09023
88.510471,207,4035.584725
-10.0,1,4035.653335
89.126696,137,4037.92776
88.709681,167,4040.526241
76.301521,145,4042.792829
90.123596,89,4044.110164
89.329873,116,4046.205916
88.683956,147,4048.763091
85.884728,187,4051.990288
86.728519,148,4054.758196
88.372736,204,4057.838026
88.733481,205,4062.122458
88.915947,143,4064.50743
85.976596,171,4067.115249
86.228054,123,4069.147002
88.940226,146,4071.540242
86.413797,97,4073.335918
88.984322,141,4075.916728
89.101393,123,4078.099408
10.970069,41,4078.788928
85.492155,150,4081.229882
2.442203,26,4081.699405
88.904553,123,4083.670769
89.459337,117,4085.515646
86.985115,120,4087.533309
88.435684,176,4090.267628
88.471068,205,4093.26601
88.657761,159,4096.464799
88.750045,136,4098.516143
88.500482,224,4101.749468
86.192395,192,4104.594749
84.113769,160,4107.10524
88.79845,156,4109.491888
85.653215,192,4112.321463
89.229088,119,4114.217597
88.624204,156,4116.74472
-9.0,1,4116.828352
88.525759,205,4120.083505
85.806064,182,4122.936889
88.562401,177,4125.655413
86.731108,140,4128.979603
88.965806,136,4131.349428
86.896288,179,4134.389733
-8.8,3,4134.499193
85.851606,131,4136.600159
88.762929,213,4139.886936
88.410875,178,4142.604642
83.721303,148,4145.031548
88.879243,107,4146.735955
88.926013,150,4149.160973
86.090298,149,4151.620975
90.123596,89,4152.945274
29.551043,44,4153.713695
88.988828,133,4155.850665
-10.0,1,4155.917165
3.061773,29,4156.431996
88.591007,210,4159.635199
88.637377,175,4163.173818
83.623261,134,4165.312626
86.002042,108,4167.126983
86.064098,152,4169.539758
89.222073,130,4171.687981
88.770723,162,4174.475996
6.391546,39,4175.21844
45.941593,85,4176.845253
86.112476,111,4178.657959
86.827193,137,4180.901207
-8.16,10,4181.176465
-7.4,5,4181.319489
-9.32,2,4181.408391
70.775485,179,4184.320274
86.593129,179,4187.340074
88.761857,138,4189.461766
88.776837,197,4192.346611
88.654294,172,4195.731257
88.531394,170,4198.344979
89.219683,132,4200.402083
86.684656,129,4202.486171
85.897274,168,4205.070218
86.690679,198,4208.054111
-8.24,5,4208.180124
85.8991,145,4210.507213
-9.32,2,4210.597721
88.834187,196,4213.955025
87.910926,153,4216.598603
-4.0,6,4216.777158
88.87488,158,4219.473205
88.582971,153,4221.827648
85.963038,132,4223.939793
86.482834,138,4226.099494
86.91782,150,4228.514718
86.337482,139,4231.652107
86.237462,170,4234.238068
10.342051,56,4235.186465
86.280464,172,4237.93324
83.462912,113,4239.783731
88.934871,154,4242.204466
-9.0,1,4242.290146
89.170147,137,4244.615055
-7.36,8,4244.819422
88.742188,204,4247.951031
88.906096,115,4250.014746
-4.32643,10,4250.259728
88.591885,202,4253.413672
88.624321,180,4256.081029
88.570364,203,4259.161266
83.152717,127,4261.30896
88.987098,113,4263.882444
88.470231,172,4266.801544
55.384078,82,4268.140582
83.819037,137,4270.462792
86.128395,172,4273.046439
86.526478,194,4276.302498
88.649332,128,4278.372734
87.576901,98,4280.072675
88.574712,171,4282.765074
88.830009,146,4285.165211
86.071611,175,4288.095659
6.613533,38,4288.748688
88.847785,171,4291.352813
88.766976,138,4293.482282
88.692524,168,4296.309409
21.297672,63,4298.598089
88.650055,166,4301.529169
89.064795,128,4304.119897
42.886949,93,4305.784678
86.337768,146,4308.331832
-8.36,10,4308.553781
86.077573,138,4311.045768
88.813365,165,4313.741794
86.073112,159,4316.368687
88.899552,150,4318.913753
80.198599,149,4321.431839
85.956344,174,4324.312157
88.854469,192,4327.441526
80.251002,157,4330.156967
89.34531,111,4331.98304
88.376927,201,4335.956477
88.794316,159,4338.551134
86.441471,171,4341.183923
85.992262,182,4343.970223
88.613173,219,4347.400104
13.491559,41,4348.194775
89.011685,176,4351.194974
89.230586,122,4353.191225
88.676153,196,4356.21743
88.487488,216,4359.38705
88.873438,153,4362.224909
3.394506,27,4362.772624
86.922906,161,4365.753295
-9.32,2,4365.849103
88.443338,190,4369.759832
-10.0,1,4369.829007
88.872156,123,4371.943498
88.941247,170,4375.115358
-10.0,1,4375.195661
88.904372,114,4377.207744
88.974233,128,4379.455046
88.709616,193,4382.35011
88.364787,200,4385.603475
88.746732,209,4388.799963
88.356322,201,4391.936142
-7.36,7,4392.111388
88.853251,178,4394.683847
86.173957,127,4396.61203
88.869282,114,4398.413383
88.846012,136,4400.606367
88.828316,144,4403.940446
-7.913172,3,4404.049843
83.634193,165,4406.773784
-7.36,6,4406.959383
88.512759,184,4409.940726
89.873165,99,4411.650295
53.83052,138,4414.144585
88.864454,115,4416.168006
83.911312,95,4417.976501
89.123007,115,4420.33511
19.146073,55,4421.357186
88.795974,140,4424.138386
13.617675,44,4425.09092
85.565388,139,4427.6495
88.82995,175,4430.816956
88.67805,171,4433.728153
88.712369,193,4436.729812
88.762456,168,4440.507063
89.090455,131,4442.624832
85.490904,118,4444.514132
88.811672,155,4446.930869
86.796032,135,4449.192229
42.272905,109,4451.246164
86.447904,207,4454.592141
88.744014,147,4457.192551
88.52829,156,4459.820737
88.99639,148,4462.466579
85.346207,165,4465.099962
88.611365,215,4468.13695
88.306432,214,4471.433348
86.406953,131,4474.363862
88.773018,163,4476.834658
85.785844,215,4479.884
-5.03267,5,4480.024688
88.683883,205,4482.941593
88.560341,170,4485.892912
89.276565,89,4487.2811
83.390019,109,4489.27851
-9.32,2,4489.368697
-4.0,6,4489.529947
85.875925,194,4492.538107
88.660411,179,4495.132437
89.160649,123,4497.089832
86.853666,191,4499.827012
88.542741,200,4502.829341
85.989853,195,4506.683734
48.904301,124,4508.73437
88.71039,178,4511.693304
86.707819,172,4514.545902
86.781959,135,4516.713218
89.036522,146,4519.06603
86.018955,178,4521.996634
88.403383,188,4524.977459
85.417947,153,4527.382972
82.928548,108,4529.168259
86.235723,165,4531.679181
83.000688,140,4534.126474
86.475727,185,4537.299851
86.092793,157,4540.962594
21.586197,72,4542.152812
83.024194,130,4544.581202
85.604213,140,4546.996094
88.700624,181,4550.162109
86.334595,166,4553.268811
88.7173,173,4556.390653
88.510155,186,4559.674946
-8.24,5,4559.861338
80.200969,118,4561.919146
88.925019,178,4564.750996
-9.0,1,4564.833932
22.357037,66,4565.886847
85.150456,137,4568.16207
88.704351,137,4570.399557
88.592403,155,4573.009073
89.225472,173,4575.922134
83.447673,122,4578.749612
89.556883,103,4580.551061
88.836584,153,4583.118396
89.190333,100,4584.804523
54.392262,140,4587.113052
86.910349,110,4588.940512
15.58105,47,4589.748596
13.447404,45,4590.597114
88.671243,148,4593.10385
86.128759,177,4595.939467
89.368692,94,4597.528333
47.659537,102,4599.182199
88.452738,203,4602.319185
89.1528,133,4604.652419
-8.96,4,4604.795689
85.729321,175,4608.104416
88.808057,119,4610.509027
88.638462,163,4614.606231
88.836951,152,4617.376088
88.963434,102,4619.107388
87.383476,153,4621.650661
89.221637,133,4623.722291
85.669763,158,4626.322191
89.095412,99,4627.980159
83.989071,105,4629.761442
34.903901,70,4631.045874
-0.458038,13,4631.319445
84.371612,151,4633.918888
82.698091,134,4636.452081
89.164849,105,4638.174989
85.77242,142,4640.614683
89.331941,119,4642.703898
18.040285,59,4643.831055
58.024663,116,4646.045858
88.964915,144,4648.723714
88.637487,173,4652.333934
86.398673,144,4654.65337
7.399047,44,4655.401109
84.005458,120,4657.530842
24.754301,67,4658.809628
87.599094,192,4662.333831
-7.0,3,4662.529219
88.62455,181,4665.89474
88.884696,123,4668.11366
82.701708,127,4670.287572
89.189538,169,4673.38738
88.751477,154,4676.42922
86.400157,116,4678.415965
67.501977,148,4680.986009
22.867933,56,4681.935108
88.982969,138,4684.180538
25.522861,61,4685.234454
84.127672,112,4688.000932
88.58887,138,4690.566686
88.641543,133,4692.924425
86.47382,160,4695.804763
86.209706,124,4698.030371
1.035816,24,4698.523837
88.477831,180,4701.592939
87.87584,136,4704.003184
85.614495,162,4706.962126
84.969263,155,4709.881457
87.061429,189,4713.005147
86.7301,190,4716.072352
89.320562,130,4718.086278
88.951862,123,4720.096332
85.680191,140,4723.1304
-9.16,8,4723.341219
-10.0,1,4723.405336
83.793584,124,4725.410383
-4.0,6,4725.571358
88.425676,189,4728.552513
87.341538,108,4730.344279
88.807046,190,4733.328078
88.616297,168,4736.25058
-7.68,13,4736.586817
83.237637,135,4739.490765
89.006835,143,4742.387378
88.607715,189,4745.567128
-3.653059,20,4745.938183
88.760189,211,4749.060942
88.855701,232,4752.523898
4.973775,39,4753.19915
88.687973,185,4755.961904
88.786006,142,4758.987433
89.947928,89,4760.325467
83.872438,143,4762.550174
88.516504,177,4765.126268
83.170883,150,4767.540535
80.353149,158,4770.238343
-9.32,2,4770.325593
86.397119,147,4772.789189
88.884672,154,4775.545448
88.684593,154,4778.090359
4.594854,32,4778.669773
17.074707,51,4779.569428
20.861589,68,4780.827593
-3.613895,8,4781.030821
83.657041,123,4783.173126
86.134056,177,4786.196679
88.781114,158,4788.767935
19.078404,67,4789.890122
86.424838,187,4793.582346
86.307508,163,4796.134282
88.831127,131,4798.20848
88.68706,139,4800.438646
88.772985,123,4802.448693
83.28417,122,4804.451518
88.703562,198,4807.391914
79.844881,130,4809.713838
9.756483,44,4810.492238
88.83325,204,4813.608422
-8.056056,11,4813.852494
89.012602,166,4816.645984
86.344359,121,4818.796998
88.548643,148,4821.348146
86.412138,111,4823.30305
88.941946,143,4825.635911
86.35925,135,4828.807389
-7.96,3,4828.921695
79.964793,200,4832.430712
81.646417,127,4834.754829
88.78621,145,4837.508698
85.564229,126,4839.917585
39.624883,86,4841.498811
88.954157,157,4844.176588
-10.0,1,4844.250855
-9.16,1,4844.338426
58.322591,122,4846.460458
83.184587,177,4849.378542
89.106568,136,4851.550895
86.439973,115,4853.472402
83.357352,106,4855.591454
-0.409113,29,4856.158592
10.259635,53,4857.147099
86.518105,177,4860.63452
88.700765,146,4863.472667
86.275489,162,4867.204346
88.683629,157,4869.731631
-10.0,1,4869.799635
89.403343,128,4871.804922
86.653062,126,4873.787085
88.607538,178,4876.620654
86.90296,111,4878.51194
-10.0,1,4878.578934
88.689464,184,4881.955001
17.293712,53,4883.015324
89.664611,96,4884.646873
89.040725,141,4887.358222
88.68953,172,4890.606142
83.201294,173,4893.894262
84.597089,153,4897.069722
86.165833,156,4899.82884
15.235363,63,4901.120358
86.067353,195,4906.562965
88.679388,183,4909.971095
88.476571,177,4913.384795
12.789654,54,4914.362833
89.035734,137,4916.840349
86.730782,155,4919.666888
-7.36,6,4919.841444
-7.6,4,4920.024076
85.832308,185,4923.302458
86.210918,174,4926.624796
88.638646,155,4929.421668
19.238832,53,4930.392254
-9.36,12,4930.722044
54.209913,83,4932.180956
89.100371,128,4934.711058
88.912206,163,4937.820858
88.639762,175,4941.015189
15.956963,53,4942.882936
86.657821,193,4946.432067
-9.32,2,4946.520256
88.63123,153,4949.333225
81.762156,149,4952.289871
88.721161,206,4956.183685
88.718862,226,4959.655639
88.487132,159,4962.261926
88.895483,173,4965.18944
89.143595,189,4968.106606
22.471356,64,4969.155224
88.728644,172,4971.840678
88.574881,185,4975.068916
86.303765,181,4979.200385
86.684116,143,4981.984332
88.576523,175,4984.664224
88.703353,167,4987.452214
83.821993,177,4990.218714
21.388554,75,4991.631093
88.581283,199,4994.777665
-10.0,1,4994.851842
88.866693,114,4996.712952
89.202712,101,4998.36473
-9.32,2,4998.447594
3.231953,39,4999.16471
88.474675,203,5002.623214
87.085187,156,5005.114159
87.660544,115,5007.058269
86.249802,151,5009.607243
86.66976,124,5011.740099
88.89996,141,5014.725279
86.171676,146,5017.040375
88.819102,165,5019.631678
81.063075,195,5022.998175
46.13769,126,5025.426322
86.935561,121,5027.641014
88.952717,213,5031.128424
88.539971,222,5034.467721
88.910866,147,5036.977486
89.569901,114,5039.182801
17.973532,64,5040.365321
-8.8,3,5040.468362
89.253604,122,5042.398367
-5.32419,9,5042.597374
88.612599,167,5045.09574
88.41817,170,5047.670858
-5.0,5,5047.799549
83.481087,132,5050.61002
88.893212,141,5052.883178
88.775613,186,5056.069909
44.503547,112,5057.991018
88.874646,135,5060.484999
7.555282,25,5060.964523
89.048287,136,5063.347176
-10.0,1,5063.417475
21.220716,77,5064.834823
88.284313,210,5068.460824
23.926379,40,5069.161814
86.196935,147,5071.667611
-8.36,8,5071.836637
89.110001,121,5073.814102
82.810088,108,5075.653114
84.539993,138,5078.094576
89.176774,124,5080.089742
88.560613,168,5082.830467
37.22948,113,5085.627022
89.074553,129,5087.921142
83.369804,154,5090.572344
89.083662,122,5092.65203
88.587553,170,5095.372153
86.256927,146,5097.714859
28.727196,99,5099.341927
86.658292,125,5101.407505
11.951975,32,5101.955851
89.380371,97,5103.45301
10.255344,44,5104.180331
88.830795,113,5106.023398
27.327442,74,5107.186858
89.551458,106,5108.959138
86.020424,182,5111.931581
88.576425,149,5114.421173
88.699152,212,5117.542473
86.108701,161,5120.878666
89.401677,98,5122.47051
89.000895,205,5125.521504
88.715032,147,5127.77058
88.367695,167,5130.306713
15.757188,54,5131.158685
17.869292,59,5132.075355
82.763176,175,5134.998184
-7.36,6,5135.15923
-8.32,7,5135.317221
86.873878,111,5137.04114
87.639204,166,5139.658828
88.653511,180,5142.512926
88.999777,165,5145.606468
83.615395,179,5148.830081
85.732576,182,5151.845102
85.949726,150,5155.089799
-6.454167,4,5155.215009
88.651661,148,5157.723342
-7.36,7,5157.909974
89.21952,134,5160.738478
88.403452,206,5164.372852
88.824264,154,5167.202057
29.262721,68,5168.356371
88.696158,155,5170.734173
-8.259428,9,5170.917764
88.661886,165,5173.448096
85.9916,195,5176.510501
3.533968,21,5176.897067
3.948082,25,5177.34932
-10.0,1,5177.414331
10.246313,31,5177.953922
88.492615,194,5181.019683
86.459223,111,5182.944713
88.662667,157,5185.679832
-9.32,2,5185.77466
-5.233343,8,5185.976426
86.546106,123,5189.043735
88.925683,127,5191.267072
-8.44,4,5191.392323
88.546962,168,5194.396458
89.165596,147,5197.182852
86.493928,153,5199.755142
86.531713,178,5202.457917
82.509517,173,5205.409979
89.119851,131,5207.887451
88.673067,155,5210.844948
88.781054,171,5213.852997
88.465586,184,5217.102028
86.858251,107,5219.1112
88.682222,221,5222.475978
-7.4,5,5222.619338
83.545362,180,5226.294811
88.803078,130,5228.474265
-6.081627,4,5228.609515
23.803219,58,5229.583738
73.52605,172,5232.447643
-9.16,1,5232.538998
89.037665,104,5234.257683
86.215443,166,5236.946989
3.951011,20,5237.29272
56.403303,137,5239.5063
84.547152,129,5241.644667
88.946153,157,5244.198207
-2.822016,13,5244.461165
86.222148,146,5246.801488
89.14387,111,5248.565002
88.529744,198,5251.656685
89.29132,107,5253.471061
88.966549,139,5255.98691
88.889577,137,5258.385236
90.123596,89,5260.573426
86.2602,202,5263.640297
89.229154,130,5265.686179
89.241551,106,5267.392959
88.557827,199,5270.37756
86.694899,128,5272.415465
-7.4,5,5272.574047
55.588849,136,5274.938951
89.403045,117,5277.15668
88.602881,174,5280.164867
88.690398,194,5283.524406
86.387941,166,5286.672352
88.929883,140,5289.666008
86.277436,121,5291.953739
88.661847,214,5296.850483
88.404584,220,5300.968835
89.232202,105,5302.826656
88.80099,137,5305.180819
85.918745,121,5307.482168
88.315931,201,5310.692289
-5.957096,7,5310.855206
83.967426,135,5313.055052
8.340515,42,5313.786996
86.413022,159,5316.491057
84.06219,146,5319.102441
-8.8,3,5319.20327
88.426401,205,5323.016642
82.920351,149,5326.639052
88.93062,194,5332.834029
82.680297,135,5336.046264
86.806315,133,5339.356104
25.605343,77,5341.142758
86.370923,93,5342.982793
89.232133,108,5345.122463
85.850145,143,5347.783517
63.793799,141,5350.312252
85.89711,143,5352.864659
88.877617,155,5355.823698
88.710256,169,5359.188263
88.781553,178,5362.413213
-1.867227,14,5362.714273
86.167092,171,5365.727405
20.610602,65,5366.843898
-9.066123,1,5366.936208
86.269033,129,5369.632824
88.685636,146,5372.336609
88.460815,206,5375.793414
86.03055,120,5378.641531
86.708634,116,5380.685883
88.96891,110,5382.642782
88.853463,142,5385.180393
86.35274,142,5387.728204
88.634544,214,5391.529204
88.662388,144,5394.29537
88.898547,137,5397.492527
89.310385,133,5400.412277
85.896312,183,5403.829884
89.221874,124,5406.14851
89.067663,128,5408.370967
6.214351,39,5409.057823
88.894066,171,5411.8405
85.97615,176,5414.776661
89.023247,151,5418.435061
88.807932,188,5422.085875
84.0429,143,5424.698362
89.116708,118,5426.932299
87.441695,125,5429.403889
88.517141,175,5432.434701
86.57684,160,5434.977423
-7.4,5,5435.128784
-6.52775,7,5435.300778
86.576292,158,5438.142229
89.7128,102,5440.091898
26.243212,75,5441.741402
-7.077627,3,5441.85804
88.51635,204,5445.571409
89.088711,117,5447.576984
88.99942,140,5449.884683
86.725168,138,5452.132164
88.933584,168,5455.601763
-8.36,10,5455.821691
88.685972,164,5458.675169
88.387945,193,5461.961869
86.526233,126,5464.187463
55.184517,133,5466.564681
85.842628,125,5468.787164
82.424567,129,5470.977791
-8.8,3,5471.088238
88.48385,159,5473.793106
88.941022,109,5475.706789
89.278479,97,5477.484518
-8.024264,2,5477.592851
83.279968,109,5479.422946
88.845079,124,5481.532289
88.749638,180,5484.588123
82.852404,183,5487.393043
89.083389,124,5490.453181
86.394396,146,5493.403251
88.560904,205,5497.35593
88.460496,213,5500.464883
86.73567,113,5502.31972
56.844466,97,5504.043237
86.578202,173,5507.647797
86.465953,141,5510.538624
88.538496,220,5514.193871
86.478272,197,5517.516917
-9.05663,1,5517.601554
84.178641,184,5520.754399
-8.24,5,5520.876673
85.576781,206,5524.102731
89.406368,109,5526.057594
88.835314,133,5529.361972
85.890245,183,5532.239437
84.407301,162,5535.018219
88.37428,197,5538.035096
88.825861,151,5540.467714
88.579876,148,5543.023681
89.125155,131,5545.16772
86.283046,141,5547.617061
88.470303,172,5550.747432
46.405035,117,5552.750479
40.235841,133,5555.13202
87.189056,125,5557.522306
67.653486,170,5560.558433
35.992741,82,5562.088449
54.142851,142,5565.64678
83.767488,144,5568.060335
2.16694,20,5568.427213
86.431193,188,5571.312269
19.746168,46,5572.097042
88.75946,182,5575.165164
86.569943,138,5577.490866
86.094905,203,5580.815891
88.444711,169,5583.929978
32.772361,89,5585.664409
86.646231,173,5588.418193
85.847649,127,5590.570686
88.377747,201,5593.680268
86.467905,123,5595.78625
88.849313,152,5598.955957
50.722543,133,5601.272994
88.390133,202,5604.737681
44.418702,132,5607.827108
89.054394,100,5609.832654
88.975532,166,5612.636811
88.752393,152,5615.03492
49.975443,72,5616.153778
88.538963,195,5618.973335
88.482236,193,5621.95096
58.94323,151,5624.387486
86.226135,121,5626.477311
83.286478,128,5628.861545
88.439395,204,5632.121545
87.153144,113,5634.822999
86.483913,132,5636.94671
88.846942,154,5639.506138
-6.204143,16,5639.903447
88.546174,226,5643.197935
89.34992,99,5644.757888
83.348111,150,5647.343424
86.64111,119,5649.519974
-1.512035,21,5650.033079
88.718214,183,5653.320564
88.80539,196,5656.846685
85.940343,103,5658.612355
9.297176,31,5659.179753
88.403441,185,5662.127859
86.621096,163,5664.919482
85.987423,157,5667.546633
-7.36,6,5667.71377
-9.32,2,5667.830674
-9.16,1,5667.915342
86.070473,144,5671.240795
87.974524,129,5673.697367
86.664199,194,5677.107355
88.347566,192,5680.21752
87.24417,186,5683.291132
85.905595,135,5685.882843
11.954553,59,5686.948437
88.84509,177,5690.097609
88.710301,179,5693.022792
88.954029,132,5695.441515
-8.8,3,5695.620757
89.434963,128,5697.834472
88.936703,179,5701.001785
85.558766,146,5703.345319
88.721462,171,5707.371138
88.576696,200,5710.663628
86.844087,141,5713.069628
3.113251,24,5713.525099
88.654854,187,5716.555052
88.668675,183,5719.729426
81.87401,184,5722.658457
83.644238,123,5724.647727
88.884532,170,5727.671261
88.6927,145,5730.630694
-10.0,1,5730.701144
89.152768,133,5733.177141
86.646818,192,5736.625894
88.718073,197,5739.673878
29.331207,93,5741.250606
88.624267,183,5745.442438
88.575635,198,5748.877893
85.832705,186,5752.186219
88.51148,212,5755.259727
85.742778,177,5758.267018
84.734306,249,5762.048938
85.508121,208,5765.235797
85.015755,186,5768.397058
88.52613,203,5771.574977
89.307673,118,5773.747501
20.894098,56,5774.81945
86.395173,149,5778.152937
88.849533,115,5780.487933
88.483005,185,5784.224177
85.474699,153,5787.33887
86.131847,150,5790.375933
88.835202,158,5793.652137
89.081187,147,5797.037426
88.77278,136,5799.929104
-7.4,5,5800.101752
81.626566,175,5803.664357
88.946152,131,5806.184951
87.091006,117,5808.431066
42.643481,65,5809.67815
83.471593,180,5812.62544
85.627021,177,5815.559386
88.474012,213,5819.886296
89.002472,134,5822.352879
88.677788,161,5825.284633
88.562821,192,5828.764424
89.220762,119,5830.914233
23.836506,53,5831.918163
88.834656,145,5834.768831
-9.16,1,5834.863607
82.998047,116,5837.089812
-10.0,1,5837.160096
88.369607,189,5840.214931
85.845036,198,5843.291175
83.752362,170,5846.103049
88.936577,143,5848.715882
88.49023,168,5851.617017
46.774574,105,5853.314172
88.98432,154,5856.868381
-4.190493,6,5857.038271
25.859183,64,5858.140343
55.155848,154,5860.567066
31.292486,92,5862.131678
-7.96,3,5862.262491
-7.36,7,5862.448188
89.218673,109,5864.424451
7.634428,54,5865.379686
-9.32,2,5865.464982
88.543882,189,5868.553387
89.233964,131,5870.642404
29.102515,75,5871.925529
89.022762,131,5874.054085
16.565462,43,5874.79547
37.282523,109,5876.577927
89.083969,118,5878.712179
89.181885,136,5881.014266
2.111406,20,5881.431699
84.019446,116,5883.370078
84.945338,135,5885.81935
85.669914,127,5887.932753
88.756871,187,5891.676107
88.810233,180,5894.533746
55.3236,131,5896.62608
81.339585,161,5899.341454
86.105413,180,5902.323796
88.791713,152,5904.724611
15.516163,59,5905.710881
88.158874,345,5910.099677
86.412652,162,5912.758517
88.63563,132,5914.947375
89.203534,111,5916.867889
88.386051,220,5920.195527
86.117044,169,5923.915093
88.569997,181,5926.80827
71.764883,104,5928.748905
88.35105,167,5931.670465
86.425665,154,5934.268425
88.96039,159,5936.892226
88.468133,203,5940.116118
-7.36,8,5940.323657
-9.32,2,5940.406871
88.479856,173,5943.108964
89.386272,110,5945.083955
-8.0,2,5945.191208
-8.48,2,5945.308033
88.617187,257,5949.24124
88.783605,130,5951.493159
86.398439,154,5954.037884
86.526892,159,5956.873765
88.985617,142,5960.28833
88.522029,177,5963.346224
85.011867,174,5966.107645
-7.4,5,5966.254669
89.306723,113,5968.443357
-7.4,5,5968.621027
82.847985,122,5971.088218
-8.8,8,5971.286805
-8.8,3,5971.399849
-10.0,1,5971.473109
88.561796,185,5974.756906
86.458227,170,5977.758825
88.423618,175,5980.655214
88.572352,183,5983.504186
85.794373,120,5985.505851
86.587527,153,5988.054331
83.302684,173,5990.882122
88.871674,173,5993.546417
88.739781,164,5996.965029
88.986349,150,5999.36845
-8.44,4,5999.494747
86.090428,101,6001.348735
-9.32,2,6001.438049
88.254752,191,6004.846997
85.792211,117,6006.904683
88.639758,140,6009.570284
88.74081,187,6012.997207
-6.179725,9,6013.271562
88.439952,205,6016.998961
85.963373,178,6019.983171
88.523789,194,6023.177895
-7.36,6,6023.340892
88.342429,236,6026.484298
-5.456688,16,6026.786804
88.287734,243,6031.11131
88.387223,199,6034.293465
22.180088,55,6035.318525
88.425311,206,6038.704089
88.69118,162,6041.37452
89.572553,137,6043.835314
88.590038,188,6047.04058
86.02041,161,6049.656323
86.013146,200,6052.758044
88.587925,204,6055.825567
88.500549,174,6058.679352
89.55231,100,6060.429248
85.490571,163,6063.261073
85.806725,179,6067.141921
86.568879,141,6069.834942
83.790172,179,6072.863749
88.931155,153,6075.650351
88.50437,160,6078.505141
88.541526,213,6082.08002
88.636533,167,6085.144543
84.746311,128,6087.483132
-3.665768,7,6087.705753
1.664091,26,6088.268706
-7.4,5,6088.418894
88.367584,181,6091.29924
84.493756,162,6094.198791
-8.208374,14,6094.577965
86.718265,119,6096.944122
89.436975,121,6099.994545
88.737894,153,6104.049243
88.368691,212,6107.739144
88.631656,163,6110.540175
-11.0,3,6110.675254
90.123596,89,6112.000452
-7.96,3,6112.113781
86.880603,111,6114.013028
33.301551,87,6115.496047
89.029328,152,6118.012993
88.931654,130,6120.264112
88.395778,187,6123.505405
88.585493,198,6126.83814
86.081667,202,6130.22645
-9.16,1,6130.30392
-8.2,6,6130.450183
88.715962,172,6133.086664
85.083666,226,6136.738132
-9.0,1,6136.815461
86.280789,169,6140.151222
88.831549,128,6142.215217
86.282024,194,6145.213962
43.898115,119,6147.187022
-9.32,2,6147.265854
88.614957,189,6150.231726
83.694752,192,6153.243397
88.482686,203,6156.188669
85.32274,203,6159.48776
88.667792,211,6162.945255
88.694465,188,6165.942691
89.303221,132,6168.132397
86.901656,125,6170.326493
86.233176,147,6173.758351
89.043217,133,6176.056315
88.53504,184,6178.975681
-7.36,7,6179.163525
88.683932,143,6181.459554
86.126414,181,6184.307525
88.687506,149,6186.655222
86.47306,109,6188.429454
89.363729,124,6190.530588
88.749645,193,6193.585957
-8.36,11,6193.826932
88.870361,134,6195.939752
86.543125,132,6198.101304
85.845717,121,6200.343561
33.007418,72,6201.585355
86.469408,137,6204.109693
88.4174,193,6208.066085
89.1594,129,6210.213999
86.845666,157,6212.792001
89.440474,107,6214.712531
88.935196,139,6216.975675
88.538963,183,6219.884849
89.317701,114,6221.893314
-4.325662,10,6222.107755
89.426224,93,6223.71603
55.471452,150,6226.210018
18.593796,53,6227.100225
88.291227,224,6230.580615
86.5192,166,6233.327048
88.105206,268,6237.064661
88.657954,193,6240.209128
88.957718,161,6243.641263
89.561831,106,6245.285844
88.287661,282,6249.144468
31.196112,84,6250.490882
88.336407,182,6253.446325
88.759903,169,6256.418983
89.641023,107,6258.164652
89.126223,95,6259.814507
45.169187,102,6261.580207
88.46796,196,6264.66511
86.284571,145,6267.23386
88.349345,196,6270.365319
88.741826,134,6272.618202
88.657965,197,6276.988131
88.43615,215,6280.068164
88.134114,479,6285.46125
86.748074,151,6288.153497
86.490175,133,6290.417424
88.412702,221,6293.87113
86.236034,114,6295.668814
88.835742,176,6298.514858
88.281585,275,6302.466559
85.468145,159,6305.18839
88.999998,158,6308.855659
88.735828,164,6311.704135
88.406659,193,6314.772121
85.240418,219,6318.001116
88.806942,175,6320.987073
-4.037012,6,6321.173013
88.651,159,6323.868331
88.574146,172,6326.925903
89.09238,104,6329.147325
84.453772,169,6332.479436
86.335005,176,6335.608836
85.953724,146,6337.951179
90.123596,89,6339.328362
88.331546,239,6343.806315
88.575481,154,6346.431422
88.554318,142,6348.808275
88.672437,216,6352.006154
88.902163,108,6353.872926
86.118792,195,6357.05388
86.445602,110,6358.98795
-7.36,6,6359.175822
88.466482,163,6362.442156
86.588703,169,6365.196776
88.359847,191,6368.224956
89.211538,168,6371.140844
-10.0,1,6371.21605
88.585589,196,6374.517842
88.887044,177,6378.042569
88.189925,294,6381.758324
89.325618,124,6383.958779
85.743523,188,6387.331657
85.970146,181,6390.371148
86.436231,162,6392.918895
88.647144,186,6395.916434
86.162258,260,6399.308551
-0.122701,19,6399.665598
85.867742,179,6402.445224
88.467046,185,6405.302265
88.576399,186,6408.123335
89.192314,126,6411.211465
44.965756,124,6413.2859
89.584963,110,6415.169839
88.461044,213,6418.759247
88.415079,171,6421.775013
85.771374,165,6424.855677
82.169274,121,6427.329693
85.866813,124,6429.766487
88.417482,187,6432.786913
89.272273,92,6434.337632
11.113456,35,6435.035107
88.673366,216,6438.18604
88.253855,222,6441.326573
85.662533,187,6445.224122
88.780262,170,6448.09793
17.907651,65,6449.268347
86.373518,166,6452.3599
88.537203,176,6455.042944
84.693642,141,6457.37692
86.345787,134,6459.760011
-7.36,6,6459.937067
88.5509,209,6463.325617
83.871189,500,6468.544522
86.483342,150,6471.016954
0.196975,34,6471.58263
37.545204,75,6472.780939
86.056582,123,6474.861051
86.048892,159,6478.473164
90.123596,89,6479.85101
83.752834,141,6482.168953
-6.185679,5,6482.322898
84.196374,130,6484.594779
83.862059,195,6487.793974
85.256821,226,6491.632212
88.37723,194,6495.221389
86.12403,179,6498.412915
86.230511,169,6501.157379
86.469554,113,6502.970949
89.221198,123,6504.91829
90.123596,89,6506.600864
88.923224,155,6509.13772
7.353088,43,6509.92318
88.715348,171,6513.546287
-7.4,5,6513.697422
86.041795,168,6516.4475
-5.951852,10,6516.733225
86.069823,112,6518.902555
87.352861,105,6520.862388
89.328789,105,6522.578064
88.460555,182,6525.664331
89.04146,122,6527.867001
89.221233,138,6530.782438
89.531949,108,6532.892411
88.607511,150,6535.610594
88.365783,188,6538.976073
62.77406,130,6541.310496
88.276617,208,6544.869955
88.553835,187,6547.762438
86.032633,169,6551.334746
88.459449,217,6555.166263
85.821846,102,6556.985925
86.284365,169,6559.74945
88.630033,203,6562.910539
89.467055,98,6564.587636
-9.16,1,6564.669595
88.971076,157,6567.333151
89.441505,113,6569.187043
-6.0,4,6569.307472
-5.344856,11,6569.541697
88.79284,188,6572.518495
88.98283,160,6575.314111
88.574776,204,6578.621229
-10.0,1,6578.68958
88.507466,204,6581.976227
88.827595,143,6585.451057
89.13043,134,6587.751586
89.237143,135,6589.960196
84.128682,187,6592.869462
89.626794,94,6594.423721
62.003763,152,6597.033682
88.810971,145,6599.44857
85.95654,104,6601.30099
88.791685,120,6603.347514
-3.412134,17,6603.692864
88.809047,129,6605.81477
88.797197,133,6608.106685
88.305204,216,6611.543113
88.479334,164,6614.388442
88.515964,160,6617.060838
88.63286,175,6620.920757
88.67053,174,6623.676227
88.781862,156,6626.452012
88.579023,205,6630.428741
88.580568,186,6633.864575
85.235054,173,6637.290423
86.265049,154,6639.970441
88.394778,179,6643.111978
88.987711,115,6645.302138
86.377632,157,6648.258368
71.59324,111,6650.358557
88.527548,173,6653.581532
-9.32,2,6653.674411
88.382873,176,6656.578905
19.852831,78,6658.733363
86.413208,153,6661.444098
88.206637,253,6665.855081
88.436025,200,6668.984917
88.664042,153,6671.663634
90.123596,89,6673.176368
84.130864,175,6676.563262
88.519514,188,6679.832347
86.494009,239,6683.430645
88.546341,191,6686.512653
88.536191,149,6689.125884
88.32591,211,6692.7444
90.123596,89,6695.231221
2.745194,15,6695.570074
75.258535,177,6698.653777
88.44454,178,6701.758992
88.865121,144,6704.193336
18.872704,55,6705.186876
85.458868,183,6708.182072
-8.48,2,6708.292852
88.550183,170,6711.016414
-6.197875,4,6711.151563
88.406076,237,6714.557391
86.366208,100,6716.21699
34.714145,98,6717.950147
86.504743,217,6721.582068
85.663207,102,6723.42996
88.50189,171,6726.498026
88.373387,181,6730.206272
88.559635,207,6733.443008
88.753023,134,6735.660954
88.543118,175,6738.370318
85.45604,177,6741.644288
21.463737,52,6742.658801
88.65572,203,6746.948713
89.121678,152,6749.735206
8.121634,39,6750.529933
89.256937,134,6752.861878
88.671658,142,6755.142753
88.180587,271,6758.739273
88.483265,167,6761.425776
86.485859,139,6763.867041
86.652355,258,6768.479748
89.062787,121,6770.642753
-7.13873,6,6770.789786
88.659752,155,6773.497855
-5.016478,5,6773.654893
-7.36,7,6773.871964
86.565848,143,6776.536769
18.951506,68,6777.730578
88.448323,212,6781.127707
-9.16,1,6781.205511
89.079175,145,6783.608191
86.254443,127,6785.723036
86.665834,126,6787.965542
89.473805,95,6789.422503
88.459526,213,6792.522711
88.536221,197,6795.512681
88.511334,142,6797.733295
86.445779,193,6801.466907
-9.16,1,6801.5483
88.713766,177,6804.199314
-8.040307,2,6804.293586
86.58004,183,6807.118607
88.593034,152,6809.470907
88.554877,148,6811.769974
-7.4,5,6811.919989
88.764287,143,6814.264886
88.677157,148,6816.726435
85.783063,144,6819.038116
89.037138,165,6821.564034
86.752966,120,6823.528132
86.382531,152,6826.069211
88.710192,137,6828.52667
88.358871,226,6833.14661
88.737042,144,6835.562333
89.004288,113,6837.543236
86.140012,159,6840.631131
-9.32,2,6840.738441
83.193722,162,6843.514603
88.498956,192,6846.962299
89.113448,128,6849.466481
88.446102,154,6852.418128
89.067377,139,6855.101493
89.419819,117,6857.06072
4.762839,34,6857.640081
89.147955,108,6859.392068
-3.299401,7,6859.574028
88.425534,214,6863.221317
84.468001,287,6867.02467
88.791841,117,6869.632897
88.454046,205,6872.66512
88.410661,251,6876.394542
88.45352,220,6879.661731
88.588033,185,6882.751909
88.91489,144,6885.27493
85.629715,153,6888.04146
88.365177,239,6891.688846
88.380253,198,6894.425446
88.382374,206,6897.611894
88.686701,152,6900.234571
89.191571,136,6903.222867
89.068553,192,6906.288162
88.330562,181,6909.429859
88.231269,221,6913.218493
88.234046,298,6917.403264
85.254994,232,6920.824899
88.531994,221,6924.289361
8.978451,42,6925.010736
88.83881,142,6927.352462
81.562702,500,6934.437676
88.62167,139,6937.323396
85.672906,413,6942.585334
82.156397,146,6945.25351
88.372438,209,6948.41644
86.683181,171,6951.041449
89.235629,123,6953.246101
-9.16,1,6953.347993
88.547602,203,6956.667001
88.852163,138,6959.372337
86.026091,176,6962.346682
89.479837,111,6964.449089
86.304847,129,6967.101731
88.545006,195,6971.276182
88.641457,133,6973.74643
88.498896,204,6977.322404
26.558941,83,6978.750739
88.581303,165,6981.37195
86.327567,174,6984.174855
86.413509,191,6987.368593
88.575882,182,6990.481327
-10.0,1,6990.549503
89.084373,139,6992.869584
89.185788,133,6995.255603
88.401277,200,6998.4696
86.282023,136,7000.895352
86.161867,167,7004.494685
88.054976,303,7008.289003
77.491821,500,7014.292672
88.132863,267,7017.943959
-9.32,2,7018.029209
-8.96,4,7018.169918
88.640618,184,7021.266324
86.240811,198,7024.793692
88.285029,223,7027.912395
88.16286,253,7031.649846
86.71576,143,7034.704253
52.230937,120,7036.654791
40.825465,114,7038.53809
88.485747,166,7041.31919
86.199236,166,7044.295657
89.33136,105,7046.207969
62.996572,500,7052.000712
86.642921,139,7054.429726
-8.44,4,7054.55757
88.457334,212,7057.866276
85.889612,139,7060.145832
88.645937,184,7062.98115
86.353144,109,7064.989924
88.579601,203,7069.238811
88.393445,214,7072.611582
90.123596,89,7073.985804
89.050962,136,7076.277357
88.209934,253,7080.063484
88.986879,130,7082.405702
88.840173,161,7085.348441
88.28049,255,7089.426771
86.312363,133,7091.795532
-9.16,1,7091.879074
88.016312,399,7096.462086
89.095549,146,7099.596725
88.379088,173,7102.451772
88.765614,167,7105.070425
88.689078,161,7107.700547
86.133508,175,7110.464713
89.813574,89,7111.864229
19.791898,79,7113.158796
86.121744,114,7115.037276
87.092484,135,7117.321829
89.352202,133,7119.421738
51.190853,67,7120.483608
87.233059,129,7122.543732
88.715055,155,7125.25056
88.408157,203,7128.50549
88.619122,205,7131.63012
86.438169,158,7135.228511
86.625974,104,7137.17874
89.739042,101,7138.924486
-10.0,1,7138.993509
88.508248,203,7142.319935
89.407211,96,7144.107235
88.629308,164,7147.132599
88.517443,191,7150.472764
85.962741,112,7152.30796
12.137471,49,7153.185738
88.619181,183,7155.98548
88.610149,166,7158.552309
89.075732,109,7160.609732
-8.095995,2,7160.733779
86.391274,155,7163.374778
-9.16,1,7163.461677
88.420448,176,7166.505549
88.376022,207,7170.920651
88.464588,198,7174.144572
86.523423,205,7177.275581
88.284587,238,7180.727006
88.251712,215,7184.327021
88.468286,174,7187.881387
88.341137,247,7192.212289
86.196007,166,7195.525769
88.648342,131,7197.735792
-7.36,7,7197.935098
89.021515,154,7200.409292
85.383875,211,7204.3648
88.718975,177,7207.442416
88.325047,235,7211.093404
8.923827,32,7211.669772
86.143673,207,7215.225574
86.325733,117,7217.325747
88.41605,187,7220.842562
89.018778,127,7223.045622
88.624102,164,7225.691264
88.283899,221,7229.302441
7.35079,45,7230.113922
-10.0,1,7230.18321
24.168151,46,7231.052116
85.620969,156,7233.587966
88.896895,119,7235.665929
88.826391,172,7238.389509
89.790425,92,7240.826594
86.09098,181,7244.301821
88.800291,190,7247.60453
85.799104,178,7250.609189
88.920426,138,7252.944781
88.855318,173,7256.212993
88.687525,182,7259.113401
88.69959,136,7261.528618
88.657886,205,7264.742498
32.836088,69,7265.861312
88.402598,247,7269.365729
88.754371,163,7272.197204
89.198655,128,7274.725291
86.24156,163,7278.368337
88.375872,181,7281.289345
88.729187,146,7283.805371
85.971814,123,7285.861971
88.423531,188,7288.917779
88.725125,180,7291.776914
88.913671,129,7293.827966
86.024407,240,7297.247601
27.837546,84,7298.788366
87.18354,160,7301.416506
83.331525,197,7304.344066
88.094097,263,7308.643006
89.062412,136,7310.945823
88.7001,188,7313.764555
88.035469,320,7317.77503
88.586632,190,7320.757684
80.434578,150,7323.235439
89.25981,134,7325.531333
86.099246,117,7327.530108
36.553242,104,7329.35433
-10.0,1,7329.422188
89.600501,101,7331.088664
88.720665,149,7333.643697
88.661868,191,7336.977596
88.393447,192,7340.280803
85.948786,206,7344.447525
89.387402,115,7346.395712
85.140843,162,7349.113734
21.867195,78,7350.45437
89.037313,136,7352.671088
88.931247,156,7355.202395
88.663109,187,7358.172402
31.46767,77,7359.468814
-9.16,1,7359.556327
88.883569,161,7362.070286
89.229867,126,7364.148534
88.632215,152,7366.738565
88.80017,148,7369.24245
88.529945,180,7372.066474
86.441957,189,7375.110256
88.555574,181,7380.037308
88.663406,181,7384.111798
89.796779,89,7385.501858
41.278387,81,7387.021883
89.081254,126,7389.062899
88.776263,115,7391.166123
89.093824,140,7393.538444
83.719482,193,7396.533481
88.49933,159,7399.11298
86.652047,179,7402.173226
84.274248,158,7405.104617
89.264745,108,7406.911213
88.693427,180,7409.539452
-9.16,1,7409.621836
85.376655,124,7411.541553
88.40875,180,7415.179252
84.583241,250,7419.065667
79.507672,500,7424.509396
89.440313,111,7426.359212
88.734064,135,7428.442464
88.449634,215,7431.737711
2.159888,19,7432.144758
88.983195,129,7434.512844
89.265416,93,7436.382715
88.34867,212,7439.90945
89.146287,117,7442.097416
85.509122,194,7446.913466
88.524734,213,7450.415806
46.234197,72,7451.687088
86.430983,139,7454.144667
88.672082,171,7457.266772
88.345872,198,7460.577303
88.629304,187,7463.762404
89.056178,160,7466.631743
89.293806,123,7468.989566
84.664098,140,7471.950299
86.119127,214,7475.938571
86.471152,167,7478.79359
88.430109,187,7481.735185
88.703543,175,7485.396351
86.273188,139,7487.67422
89.039364,137,7489.939737
0.987402,14,7490.228451
-7.36,8,7490.436122
88.791672,137,7492.592588
2.467705,31,7493.127875
89.248261,140,7495.304611
-7.4,5,7495.452045
88.660113,145,7497.738312
88.295255,219,7501.110138
89.125745,130,7503.19133
88.149115,274,7506.885397
89.088049,100,7508.487781
88.743167,189,7511.288321
86.500822,222,7514.940604
22.796723,60,7516.935595
89.121278,117,7518.943339
89.06791,140,7521.238912
88.53784,190,7524.464224
88.968255,159,7527.747423
88.696982,139,7530.402773
85.76205,165,7533.69734
89.652556,108,7535.975656
88.646184,189,7539.355927
88.858924,176,7542.44622
88.382408,190,7546.019972
88.365499,188,7549.158058
88.883521,143,7551.925356
88.536243,169,7555.685693
88.574682,156,7558.378435
-8.0,2,7558.485066
88.53895,193,7561.565269
40.639532,90,7563.004056
86.607408,183,7565.741296
88.471643,183,7568.60877
88.124012,248,7572.247748
88.906519,125,7574.301237
88.695897,154,7576.741875
88.627185,225,7580.053219
86.277154,190,7583.084927
88.469273,210,7586.611428
23.593388,53,7588.326203
-7.36,6,7588.496728
88.921105,108,7590.324289
83.806248,192,7593.281498
89.986406,95,7594.942551
46.615375,87,7596.510395
88.612223,152,7598.96816
88.702582,163,7601.54673
88.357236,181,7604.410016
89.211653,148,7606.799879
-7.96,3,7606.920918
88.450204,195,7610.476486
88.809523,165,7613.279946
88.599247,198,7616.872967
-7.4,5,7617.034554
58.578742,109,7619.18415
88.518025,208,7623.062853
33.102598,96,7625.801867
88.47416,211,7629.259972
-10.0,1,7629.331874
89.476969,103,7631.164779
47.020658,140,7634.154723
88.724261,195,7638.72874
86.438453,126,7641.173761
88.68334,222,7644.773186
85.950544,117,7646.816296
89.020141,143,7649.160079
89.179446,137,7651.456715
88.739585,149,7653.800472
88.326835,206,7657.044824
85.985532,149,7659.989817
88.853383,174,7663.992691
89.556537,126,7666.243196
86.861864,150,7668.953702
90.123596,89,7670.63336
88.280662,220,7674.158107
86.300774,136,7677.04783
86.341035,162,7680.071865
88.450472,167,7682.825057
88.820804,122,7684.872547
88.859639,197,7687.875126
38.684561,95,7689.378473
86.056521,175,7692.322247
88.354306,235,7695.808626
86.34887,130,7698.838386
88.335908,208,7702.181351
86.528015,150,7705.067403
86.133219,182,7708.429775
89.139588,125,7710.559201
88.927874,146,7712.871811
88.734033,207,7716.02408
-8.24,5,7716.159384
88.963877,136,7718.391576
86.167662,134,7720.443221
88.443991,171,7723.684383
88.727523,196,7727.416582
85.247283,170,7730.998161
89.566823,132,7733.134031
88.286415,207,7737.520125
-7.36,6,7737.717673
25.850758,74,7739.134042
89.75854,91,7740.807187
-7.4,5,7740.982019
89.099566,132,7743.225425
89.153522,129,7745.560853
88.788161,154,7748.0849
88.416695,221,7751.476911
88.800507,126,7753.513903
88.802205,145,7756.089959
88.739916,139,7758.481891
6.662164,34,7759.116425
-8.36,8,7759.295777
86.199708,142,7761.673911
89.124225,143,7764.035022
85.986479,168,7766.843147
84.078152,171,7770.685586
85.345702,162,7773.141743
89.205472,125,7775.184099
88.664934,180,7777.90806
86.402708,139,7780.214552
-9.32,2,7780.292361
89.014553,166,7782.939703
85.810028,148,7785.488879
88.680933,150,7787.981977
88.956938,122,7790.132806
89.102668,110,7792.002495
89.171278,132,7794.050283
88.586611,157,7796.482624
86.243565,160,7798.978168
88.365789,202,7802.166007
88.348593,195,7805.955955
88.665876,214,7809.20067
-7.4,5,7809.36411
88.50361,184,7812.835478
86.589286,133,7815.302226
85.902697,149,7817.518795
88.617511,191,7820.443164
-9.32,2,7820.531559
85.823181,104,7822.202977
88.302061,200,7825.41532
88.3953,181,7828.48071
88.73404,185,7831.870821
88.780857,182,7835.110515
89.190781,123,7837.677675
88.950641,135,7840.766771
88.461764,179,7843.652203
88.837585,135,7845.872448
-7.36,10,7846.118112
88.661756,174,7849.122205
88.271555,215,7852.480181
88.905708,124,7854.497209
87.812361,114,7856.596434
89.230448,99,7858.316921
-9.48,3,7858.451845
88.598503,193,7861.454013
88.277742,259,7865.153792
51.263352,93,7866.699993
57.030749,108,7868.550289
85.582857,154,7871.139702
-8.2,6,7871.344549
-9.16,1,7871.441273
88.598323,169,7875.119143
89.041912,98,7876.862131
88.641773,220,7880.493793
88.406196,194,7884.038344
89.679881,94,7885.775759
85.520687,128,7888.098148
59.901667,147,7890.457977
89.380399,118,7892.343724
86.001515,196,7895.271681
88.465769,212,7898.468806
88.58786,156,7900.840326
85.742786,212,7904.074741
88.688519,156,7906.56612
88.552513,192,7910.413266
88.40349,184,7913.187588
86.862443,168,7916.323931
84.038571,175,7919.339977
88.690873,193,7922.437429
88.577883,178,7925.188758
88.715419,170,7928.025689
88.615579,205,7931.051758
88.522143,192,7933.998038
-9.0,1,7934.079577
88.747375,155,7936.596996
88.541971,161,7939.238031
88.783138,156,7942.573581
88.422607,174,7945.086636
88.679888,179,7947.833824
88.890226,118,7949.906486
84.059278,187,7952.951109
88.616098,199,7956.362462
86.198313,176,7959.361039
88.47795,210,7962.812381
88.499484,168,7965.732905
-9.32,2,7965.827391
88.461042,188,7969.034428
89.042529,148,7971.662234
88.29505,217,7975.089459
83.379586,115,7977.957578
88.339009,215,7981.166233
88.647598,188,7984.309595
86.223824,118,7986.391188
90.123596,89,7987.864008
85.809324,193,7990.948472
88.649292,167,7993.748847
-7.4,5,7993.917937
89.258753,137,7996.314
88.338917,191,7999.503925
88.867099,165,8002.341819
88.354057,196,8005.670108
89.034876,113,8007.578313
89.17931,108,8009.559322
88.665035,170,8013.275278
85.99161,161,8015.875113
88.56017,202,8018.87386
88.967321,157,8021.436167
89.001133,132,8023.663934
61.828704,141,8026.030273
89.075276,149,8028.678371
88.945442,106,8030.790947
86.349284,131,8033.469962
88.554894,205,8037.407996
-7.36,6,8037.602867
82.578229,206,8041.700023
-8.24,5,8041.881748
86.543511,141,8044.460366
88.869341,146,8046.889518
11.562407,51,8047.837993
88.385735,246,8052.66529
88.648421,135,8055.20709
88.703924,165,8058.270966
88.668507,209,8061.347949
88.549451,164,8064.00298
88.746904,130,8066.323215
-8.36,10,8066.584081
88.945231,145,8069.114504
85.763493,143,8071.698101
89.299117,126,8074.006641
88.630682,219,8077.962484
74.54021,162,8080.582127
89.246325,129,8082.618038
88.763116,145,8085.849906
10.57077,50,8086.727396
88.665722,138,8089.250248
88.517926,214,8092.577488
88.442294,166,8095.352617
89.07579,112,8097.4252
88.622484,200,8100.884191
88.824443,161,8103.815949
88.626038,163,8106.485223
88.341846,200,8109.801195
88.944289,128,8111.833414
88.843481,173,8114.73157
-7.36,6,8114.91712
88.484552,164,8117.796321
88.859031,165,8121.789688
88.85355,141,8124.258178
89.58516,100,8126.083633
44.879379,500,8132.236445
88.802074,167,8135.036727
88.605006,176,8137.976611
77.973727,500,8143.311271
88.761769,156,8145.80332
88.638802,196,8149.033825
88.496582,165,8152.689226
88.842497,120,8154.769771
88.833486,128,8157.200065
88.784247,182,8160.170891
85.504469,148,8162.79389
87.935592,455,8168.198498
69.139615,500,8173.51862
39.702902,112,8175.317435
-7.36,6,8175.497126
85.539208,183,8178.580934
-8.44,4,8178.703846
88.663283,194,8182.884024
88.71955,180,8185.785344
-6.238135,5,8185.949213
88.758335,153,8188.497755
88.969065,114,8190.355138
88.595777,192,8193.264107
88.601713,189,8196.454486
-8.48,2,8196.561022
88.418432,189,8200.041597
86.0646,121,8202.127856
88.479136,160,8205.051029
88.566062,166,8207.636854
88.598812,159,8210.312696
41.814289,500,8216.755046
87.001534,143,8219.135974
81.486005,189,8222.182949
88.550749,175,8224.869209
88.995804,152,8227.456849
88.815821,138,8229.788286
88.588352,174,8232.648738
88.596208,159,8235.524975
89.137305,118,8237.642331
88.753105,170,8240.632872
88.668132,198,8244.137968
88.635015,187,8247.126629
89.242086,96,8248.703753
88.863727,154,8252.066736
89.208021,102,8253.853082
88.569533,177,8256.999212
88.293506,213,8260.558575
89.047316,142,8262.987868
-8.8,3,8263.101121
88.452338,188,8266.314921
88.891888,159,8268.877
88.75141,172,8271.628138
88.801148,154,8274.182415
88.769096,141,8276.821501
88.606859,158,8279.640392
88.661826,196,8282.916058
88.966424,158,8286.576756
-9.16,1,8286.657783
88.476766,175,8290.209538
88.758201,144,8292.767923
88.7665,159,8295.347195
88.388092,209,8298.360823
89.425734,113,8300.258852
89.063146,158,8302.951112
15.164169,56,8304.037055
88.981167,151,8306.869466
88.904304,138,8309.458017
81.46676,500,8314.929636
88.562132,157,8317.467518
88.600567,177,8321.193208
43.538171,118,8323.195875
89.022696,124,8325.331115
88.98494,140,8327.647429
89.093763,116,8329.951521
10.23684,29,8330.482047
89.039049,135,8332.731163
88.738237,128,8334.82718
85.998066,195,8337.8235
87.627661,173,8340.631936
-8.259829,3,8340.73121
85.782763,138,8343.124871
88.400168,183,8345.993291
88.400732,204,8349.095251
89.046927,119,8351.042701
89.064749,132,8354.086391
80.297349,500,8359.657099
88.566146,186,8362.804625
86.823787,107,8364.575733
89.041542,148,8366.855067
-2.739911,13,8367.102179
88.528635,174,8370.270518
88.610451,164,8373.256209
88.709723,193,8376.390425
72.425531,500,8381.521117
88.39123,154,8385.00608
89.136503,104,8386.685422
-8.36,8,8386.863957
50.876529,93,8388.433808
61.689091,500,8393.641005
-9.16,1,8393.723542
88.55444,158,8396.22202
88.537872,160,8398.834207
-7.36,6,8399.031936
88.227272,226,8402.609728
88.735293,205,8405.802187
6.943836,24,8406.226092
88.640687,137,8408.565459
88.330876,207,8411.947331
85.951404,118,8414.91622
88.943204,151,8417.395643
88.659093,193,8420.585712
88.101,255,8424.008383
87.989698,465,8429.849812
86.846371,173,8432.715058
-8.068275,2,8432.811225
88.612945,140,8435.092965
85.917332,158,8437.653608
88.435549,182,8440.515102
85.045812,197,8443.863332
83.713282,170,8447.745522
89.100157,144,8450.25439
88.6172,155,8453.086933
89.078315,140,8455.479977
88.441795,174,8458.325349
88.308108,210,8461.699707
88.357401,209,8465.155483
88.094173,282,8469.039776
88.740414,164,8471.608692
88.565868,154,8474.288456
3.164017,38,8475.001934
88.808105,173,8477.866997
17.452032,38,8478.549576
88.651297,220,8482.714341
88.729647,128,8485.087696
88.691692,208,8488.604958
88.675964,179,8491.870759
88.535737,192,8494.98203
89.385719,93,8496.628323
87.99505,487,8502.381718
88.666766,153,8505.063077
88.989959,155,8507.638715
-7.36,7,8507.816975
13.8741,33,8508.407384
88.666192,149,8510.828184
87.919447,461,8517.051722
88.454993,204,8520.420138
88.618838,204,8523.767069
88.722513,129,8526.01107
88.666067,181,8529.514127
61.891876,500,8535.172361
85.042662,166,8537.86736
85.102459,146,8540.215278
89.226449,110,8542.09021
-9.16,1,8542.168495
86.480613,137,8545.099348
88.799799,169,8548.04739
89.632716,112,8550.072311
86.643175,128,8552.142064
-7.4,5,8552.289787
88.678582,163,8555.018643
-10.0,1,8555.089213
88.678171,198,8558.491937
88.357656,211,8561.98284
88.986508,121,8564.172315
89.160147,132,8566.559247
86.329362,177,8569.61438
88.354008,185,8572.663848
89.151634,143,8575.047621
88.472863,193,8578.453106
88.849267,165,8582.130501
-7.96,3,8582.256305
88.410991,190,8585.765039
88.072358,391,8591.230541
-2.087392,10,8591.432256
88.566757,189,8594.29697
88.766454,201,8597.670316
85.436518,106,8599.520996
88.881753,118,8601.526942
35.757443,77,8602.829527
88.5258,163,8605.541107
85.783726,122,8608.097986
88.926661,131,8610.48448
88.773948,196,8613.513621
89.397972,110,8616.018069
85.521958,145,8618.449098
80.79042,144,8620.833394
88.84258,148,8623.372317
51.820655,500,8628.75596
82.877198,500,8634.389258
-7.92,5,8634.576119
88.725463,161,8637.382441
88.827772,161,8640.159386
88.79919,143,8642.603989
88.495482,185,8646.319546
88.342474,186,8649.246232
87.257611,142,8651.685347
88.491681,194,8654.837321
88.820166,160,8657.487418
88.614649,212,8660.532451
88.729219,152,8663.049918
88.862625,129,8665.086343
88.395612,210,8668.319165
85.75164,117,8670.385369
89.387802,132,8672.762405
88.651708,179,8675.813746
88.635621,150,8679.20649
85.516245,147,8681.805183
88.679675,185,8684.917499
88.808083,140,8687.258093
89.300961,135,8689.471926
88.549068,155,8692.031769
88.573538,192,8695.149271
-7.6,4,8695.283323
89.470965,113,8697.311585
86.264877,164,8700.312104
86.337864,500,8706.388155
88.574536,175,8709.482868
88.654688,186,8713.642293
83.079105,123,8715.673552
-3.251225,7,8715.892649
88.837173,120,8717.898572
88.476044,198,8721.145382
88.966459,140,8723.356332
89.824762,101,8725.051418
-8.36,8,8725.228202
88.855519,157,8727.748445
88.581601,186,8731.543085
88.442277,180,8734.917224
89.629154,107,8737.395966
-9.32,2,8737.483478
88.683386,161,8740.087486
82.071548,160,8742.63209
88.666355,206,8746.028167
-7.4,5,8746.17509
88.636758,188,8749.993286
88.31786,204,8752.97237
89.113417,100,8754.625165
88.648367,167,8757.317321
86.456995,99,8759.077832
89.283078,132,8761.315749
-7.36,6,8761.492857
88.858988,131,8763.541363
88.236977,236,8766.724462
89.091035,123,8768.752392
85.654122,119,8770.724853
86.464778,141,8773.118341
89.462835,94,8774.632784
68.622071,500,8780.821599
88.669639,158,8783.490972
88.568497,192,8786.616231
88.731788,186,8789.815845
89.577668,96,8791.435896
3.905013,27,8791.940062
88.775657,135,8794.09572
85.762827,111,8795.951382
88.499023,204,8799.230526
88.454946,195,8802.474097
88.822496,119,8804.569579
88.474091,176,8807.467783
88.432111,183,8810.48085
88.69594,203,8814.58375
86.332874,117,8816.732318
-7.36,6,8816.940503
-7.779784,4,8817.082062
86.272804,201,8820.550323
88.587835,144,8823.288541
88.383675,185,8826.530199
88.975675,123,8828.813825
88.443855,195,8832.45707
9.723831,31,8833.062901
88.426944,181,8836.196712
88.602699,147,8838.66491
84.574308,167,8841.594725
88.610735,156,8844.289321
88.689939,217,8847.459224
88.760723,125,8849.829643
89.227259,99,8852.220086
88.514847,167,8855.134887
-4.098948,6,8855.32129
86.544882,145,8857.895104
88.512579,202,8861.356699
89.156625,133,8863.537616
88.892317,125,8865.99427
89.096005,117,8868.075006
88.154209,347,8872.463266
88.758152,187,8875.603932
88.583807,155,8878.663568
88.642282,160,8881.405927
88.680089,132,8883.617952
-4.177689,6,8883.772271
88.533404,196,8887.792456
88.744359,122,8889.741123
88.397497,209,8892.837181
85.784349,128,8895.162631
88.659938,225,8898.894657
88.245435,267,8902.98315
86.781326,122,8904.952774
74.42511,150,8907.449553
86.382533,167,8910.059708
88.455099,164,8912.587545
86.075213,165,8914.996471
89.109193,128,8916.997993
88.610699,133,8920.008959
86.830002,114,8921.92482
88.543016,147,8924.337238
88.488441,179,8927.462789
88.687666,139,8929.963997
89.042919,112,8932.002002
13.78661,63,8933.200744
-8.2,6,8933.351948
88.635143,145,8935.81619
88.840415,161,8938.333346
88.386635,204,8941.420856
-9.16,1,8941.513193
88.847855,130,8943.74595
-8.0,2,8943.851231
83.523388,158,8946.554903
89.256314,120,8948.484593
85.749583,173,8951.340452
-8.8,3,8951.445535
88.812398,132,8953.941721
84.88216,172,8958.044218
20.842121,47,8958.906078
88.314041,203,8962.062376
88.753986,141,8964.336807
89.162599,146,8966.790857
87.250564,144,8969.298238
88.425245,205,8972.758515
88.525449,187,8975.62936
86.433087,130,8977.943601
86.450338,114,8980.103074
88.788687,180,8983.256237
88.48584,141,8985.810075
88.550879,198,8989.072276
12.517903,56,8990.054831
88.333601,235,8994.089459
85.829678,142,8996.350585
88.585623,218,8999.670057
88.732777,145,9002.232352
89.004389,113,9004.277505
86.28717,141,9006.683522
89.257161,113,9008.581608
88.553563,201,9011.631829
88.365554,212,9014.662201
82.844714,127,9016.999248
86.317553,175,9019.787006
88.73164,126,9021.897773
88.812781,182,9025.541596
88.742677,124,9027.511921
88.922251,152,9030.049714
88.66212,205,9033.111895
13.269645,61,9034.235899
88.632964,151,9036.767407
89.130475,109,9038.617844
89.216394,133,9040.975279
88.904546,133,9043.165823
88.700907,178,9045.850219
-8.44,4,9045.965585
26.63347,74,9047.188141
88.442027,198,9050.401432
85.865117,192,9053.683873
88.811879,153,9056.434395
12.841989,44,9057.310467
88.448144,203,9061.196565
88.893943,136,9063.3084
89.043331,152,9065.715166
85.455085,230,9069.148043
87.491076,166,9071.758285
88.589692,195,9074.96138
88.789505,184,9077.991447
88.475672,224,9081.626971
88.375322,181,9084.890195
88.65433,153,9087.369274
-10.0,1,9087.438844
89.081129,119,9089.634256
88.689606,139,9091.938431
89.168717,123,9094.837556
63.777168,500,9100.86188
89.029696,143,9103.214544
88.58276,139,9105.800404
88.792558,146,9108.370838
86.179225,128,9110.420882
89.001433,121,9112.347102
83.396617,136,9114.579372
86.752561,148,9117.129281
86.072798,173,9120.186233
88.76814,203,9123.581961
89.043076,149,9126.949845
86.186953,180,9129.696082
86.470759,158,9132.22374
89.562227,110,9134.148373
2.656588,41,9134.99324
88.658244,166,9138.013442
88.422773,169,9141.021125
88.679531,164,9143.871098
85.805853,129,9146.118165
89.008862,140,9148.410306
88.440669,186,9151.383592
88.873577,130,9153.464301
88.504252,162,9156.258178
-8.44,4,9156.380101
85.105687,187,9159.386294
-7.52,7,9159.617256
88.751818,145,9163.000365
88.688774,177,9166.363406
88.893055,167,9169.244181
89.204061,128,9171.3595
86.027426,104,9173.249029
88.482966,195,9177.047444
88.43517,190,9180.405352
14.857996,45,9181.182599
88.40719,181,9183.894294
88.3755,186,9187.010983
88.407887,186,9190.249952
80.594989,500,9197.622413
88.527602,188,9200.96634
86.029702,223,9204.42777
88.698031,158,9207.369749
88.424239,196,9210.940765
86.387272,168,9213.86135
-7.4,5,9214.01106
88.806867,134,9216.211551
86.531417,163,9218.89478
88.620924,186,9221.962737
88.62051,223,9225.471976
88.664812,153,9228.223422
88.685165,182,9231.470244
88.535124,191,9235.57451
89.036812,154,9238.413951
89.145286,115,9240.589674
88.443421,173,9243.52108
88.463988,200,9247.101562
88.349467,201,9250.465429
88.593667,216,9253.775557
-6.409589,10,9253.977956
-7.36,7,9254.167185
88.702138,174,9256.809228
88.866938,156,9259.166621
88.525518,209,9262.263436
86.468219,174,9265.339525
88.406648,166,9268.912668
88.820272,176,9271.707019
88.294282,254,9275.77318
88.554054,185,9278.676958
88.894989,156,9281.19822
88.646015,144,9283.483047
-7.36,8,9283.670783
88.733219,152,9286.237515
88.335554,191,9289.12482
86.224695,167,9291.830654
-7.36,7,9291.999831
88.763081,166,9294.702137
88.869506,145,9297.157861
29.202302,80,9298.443077
86.672196,101,9300.079776
88.308814,209,9303.979602
88.791186,157,9306.453367
88.800891,168,9309.276479
88.48844,168,9312.05556
88.349888,376,9316.550179
88.911084,175,9319.510981
89.094373,137,9321.877051
88.210317,197,9324.755004
89.165926,101,9326.252292
88.953506,152,9328.666872
88.425724,224,9331.903957
89.088593,142,9334.922874
21.410613,62,9336.022388
88.526557,181,9338.90764
88.65709,161,9341.549301
88.239548,445,9346.295939
88.826487,181,9349.187689
89.264613,123,9351.261127
88.940235,110,9353.254026
88.610268,149,9355.69203
88.954911,140,9358.05229
-6.084981,4,9358.18803
88.584367,184,9361.197335
88.185549,258,9365.271823
86.219066,118,9367.176851
89.009426,159,9369.810547
88.382154,183,9372.52019
-8.24,5,9372.650674
88.739625,187,9375.520257
85.989845,147,9377.891344
-9.16,1,9377.973049
88.890115,136,9380.314828
-6.327675,4,9380.451281
88.652976,169,9383.118535
-8.8,3,9383.211719
88.563022,168,9386.221978
82.845699,162,9388.854515
88.541226,167,9391.945184
88.674806,184,9395.598027
89.036876,141,9398.559152
89.553054,119,9401.67935
89.019995,96,9403.801065
85.793731,192,9407.055825
82.007362,156,9409.613147
88.742414,179,9412.284832
88.63816,163,9414.883062
11.269597,47,9415.643783
88.622663,203,9419.041533
88.810308,143,9421.32874
88.697209,186,9424.175169
-8.48,2,9424.27178
89.078947,139,9426.447724
88.714469,134,9428.49773
88.526157,146,9430.668923
85.519639,180,9434.27034
88.57238,172,9437.131338
85.382288,129,9439.281814
88.554832,146,9441.849754
21.845582,49,9442.767995
-3.434671,7,9442.952363
88.515351,196,9446.174051
89.102976,95,9447.865922
-8.24,5,9447.998686
88.237157,222,9451.466269
89.170625,120,9453.365833
-8.8,3,9453.477974
88.471583,201,9456.633675
88.926121,149,9459.090019
88.91649,132,9461.318063
88.435595,161,9463.994426
88.655132,160,9466.625736
27.344928,77,9467.792986
89.195514,124,9470.659669
88.484672,165,9473.473723
89.034455,132,9475.828314
86.036433,416,9480.909233
88.56872,152,9483.345982
88.162787,272,9487.020426
89.672348,112,9488.945968
89.221501,121,9491.182489
83.44412,130,9493.492857
88.829277,127,9495.573287
88.907547,125,9497.516394
-7.36,6,9497.674384
-4.710433,7,9497.845398
89.279284,136,9500.112611
89.269378,147,9503.289752
88.531121,185,9506.171867
87.528418,180,9509.063624
89.340306,125,9511.2624
88.885337,106,9512.988049
89.28042,120,9514.968184
7.379998,28,9515.488589
88.764226,158,9517.998652
88.584305,146,9520.281501
88.862226,158,9522.921011
88.740579,133,9525.209852
88.649446,154,9527.745241
88.423126,195,9530.753201
-7.388409,4,9530.877145
88.549495,243,9534.592918
85.37437,118,9537.727655
88.52331,193,9540.9635
88.455707,198,9544.609685
88.54409,176,9547.75567
88.467659,215,9551.432995
88.733824,183,9554.401521
88.963501,121,9556.389571
88.66587,172,9559.429806
88.745972,151,9562.570295
88.527648,191,9566.090235
88.472323,171,9568.843372
89.203836,148,9571.301164
-8.28,4,9571.465419
-7.36,6,9571.641254
88.744242,127,9574.4684
88.785174,144,9576.780815
89.06974,152,9579.252667
15.516856,33,9579.88234
88.646415,162,9582.396522
89.459362,97,9584.028243
89.421243,103,9585.784941
88.769576,249,9589.613355
-7.36,6,9589.810116
88.535365,158,9592.444401
88.690638,178,9595.415776
88.543862,168,9598.52184
89.422922,109,9600.940917
89.387799,130,9603.333286
89.18521,130,9605.654536
86.15811,196,9609.965578
88.647071,178,9613.230726
88.746701,141,9615.733476
88.675061,168,9618.797669
85.778025,98,9620.740314
40.853226,103,9622.562222
80.161594,189,9626.115048
88.535278,171,9629.079962
88.907501,156,9631.768003
-4.235892,6,9631.917637
88.536217,176,9634.603467
88.811821,119,9636.501001
88.686456,161,9638.935868
88.827932,141,9641.270613
88.770999,147,9643.69659
88.491921,177,9647.449654
88.643076,165,9650.352641
88.429781,196,9653.350925
86.105792,177,9656.310019
-7.4,5,9656.469734
-7.6,4,9656.618592
88.690832,179,9659.697046
88.361773,204,9663.301285
88.304662,192,9666.567981
85.783814,113,9668.659197
88.438581,163,9671.688651
85.103438,214,9676.236288
86.409426,126,9679.022651
86.625147,165,9682.977837
88.910469,135,9685.076896
89.016265,175,9687.945086
88.554576,227,9691.308669
86.352302,147,9694.019515
88.451516,199,9697.332505
88.758585,123,9699.447654
88.740553,157,9702.091379
88.466443,158,9704.873157
88.50003,188,9708.002862
84.959388,207,9712.236144
89.439872,106,9714.110404
88.700005,212,9718.181749
88.505289,168,9721.122335
-10.0,1,9721.193577
88.417899,178,9724.165822
-7.96,3,9724.307198
88.89351,135,9726.552021
88.685263,206,9730.071742
88.465478,238,9734.37823
-0.208889,13,9734.68209
87.186456,133,9737.296967
88.5498,163,9740.441189
88.371632,189,9743.725267
88.706388,183,9747.095214
88.293953,169,9750.311015
88.866491,157,9752.999476
88.354253,204,9757.283348
85.38237,150,9760.02558
88.353832,202,9763.241591
88.442379,209,9766.718691
88.417839,262,9770.424083
89.216429,142,9772.927788
88.861815,171,9776.509159
88.523964,164,9779.895311
88.681398,177,9783.064962
88.555,187,9786.118067
88.639954,204,9789.343996
-7.96,3,9789.45877
88.597973,170,9792.991937
88.693627,148,9795.839878
-7.36,7,9796.044358
87.227472,174,9799.097957
88.996707,101,9800.764231
89.261762,97,9802.352766
88.973252,105,9804.026201
88.547024,185,9807.086365
-2.885752,8,9807.264618
86.485667,187,9810.369323
88.387561,196,9813.260655
83.179683,500,9818.621918
88.545996,200,9821.973699
-8.24,5,9822.116851
88.922136,138,9825.343119
88.709546,143,9828.070246
47.913426,500,9833.98199
89.045912,139,9836.59982
83.977125,500,9842.904165
88.700333,149,9845.894756
88.64377,142,9848.765541
88.495108,183,9851.746949
88.799265,141,9854.176999
-10.0,1,9854.277266
88.261588,238,9858.851444
88.38228,201,9862.456242
89.183539,97,9864.236178
88.529363,185,9867.460873
88.499024,203,9871.219088
89.031448,167,9874.248673
25.994039,82,9875.796224
85.897102,110,9878.024737
89.21967,153,9881.257669
30.01709,68,9882.724372
85.832631,162,9885.523707
-7.36,7,9885.720149
88.993045,132,9887.99467
88.437556,197,9891.669093
85.939591,142,9895.048249
86.899698,107,9896.966803
88.609217,192,9900.434859
88.811596,187,9903.410066
88.572688,156,9905.99527
89.343532,114,9907.901261
-4.583549,6,9908.069895
88.439314,168,9910.733231
89.114324,138,9912.915257
88.243496,321,9917.393103
88.715174,191,9920.497948
88.599035,216,9923.964963
86.262786,138,9926.385587
-7.4,5,9926.58321
88.360994,182,9930.704255
11.996151,37,9931.386584
88.558165,144,9933.78116
88.819627,157,9936.364355
88.344292,204,9939.581682
88.481218,196,9943.066137
88.798764,154,9945.874547
88.325288,294,9949.810872
88.357129,201,9952.808466
86.035721,100,9954.500671
89.131626,129,9956.925013
88.721696,190,9960.45426
88.799613,180,9964.277993
88.545888,147,9966.731772
88.331842,206,9969.987821
-8.24,5,9970.129102
86.642005,179,9973.166148
77.055244,136,9975.692311
88.56373,205,9978.941453
88.423834,195,9982.334967
-8.44,4,9982.448792
88.824811,166,9985.184306
86.068583,113,9987.060421
88.361505,453,9992.63514
88.634832,187,9996.646143
35.032217,113,9998.849826
88.723214,193,10002.268379
88.620591,156,10005.011925
88.49675,232,10008.27142
88.650173,175,10011.02362
89.433692,111,10012.893943
-9.32,2,10013.019499
88.52365,163,10015.84668
-7.36,6,10016.046466
88.68575,171,10019.189217
-6.617608,4,10019.369275
88.698302,135,10022.327501
88.515166,158,10025.489035
88.640455,205,10029.045605
88.615706,208,10032.267024
88.761875,156,10035.590025
88.938632,151,10038.22511
88.244369,214,10041.471667
88.587465,187,10044.4961
88.876186,127,10046.766545
88.318002,189,10050.062733
88.899329,139,10052.307087
86.015601,128,10054.503599
85.025807,201,10057.575515
-8.44,4,10057.691268
88.697383,151,10060.121709
88.679962,160,10063.024555
89.383793,113,10065.043729
81.088929,500,10071.099755
86.284409,139,10073.281419
88.593393,198,10076.404282
88.568182,179,10079.25801
88.701395,208,10082.224703
88.791841,187,10085.007525
88.776327,194,10087.872398
-9.16,1,10087.955377
89.537835,113,10089.827019
88.627874,202,10092.991798
88.286413,205,10096.402589
88.61638,194,10100.646277
89.644919,94,10102.251556
89.014821,142,10104.759169
89.293345,132,10106.828405
89.253766,123,10108.862956
88.733454,166,10111.608431
88.968507,138,10113.888743
88.579513,200,10116.974958
88.472273,180,10119.706055
88.632071,198,10122.695707
88.682478,208,10125.97729
88.636272,213,10129.289845
88.931674,150,10132.404467
-5.085038,7,10132.594411
88.342909,188,10135.473412
88.412177,190,10138.557283
88.624985,176,10141.662205
88.5568,183,10144.998185
-7.96,3,10145.110981
88.55827,158,10147.732224
88.475006,219,10150.817866
88.739784,142,10153.434806
88.665339,185,10156.771463
88.718214,170,10159.678888
88.46003,198,10162.830405
88.465924,198,10165.800604
-7.4,5,10166.735675
84.55161,500,10172.072692
-6.37272,4,10172.196619
88.477567,186,10175.131985
88.484471,162,10177.766056
89.148231,103,10179.435122
89.282181,115,10181.324023
88.806399,145,10183.765139
-7.36,7,10183.952002
88.08479,389,10188.383155
88.248331,414,10192.994354
89.332736,115,10195.799812
-7.96,3,10195.933197
88.541445,152,10198.596295
88.508703,210,10201.796489
88.579804,209,10204.837363
89.099074,147,10207.260195
89.210565,113,10209.221204
-10.0,1,10209.294268
88.706078,147,10211.652689
-8.48,2,10211.752145
88.774592,172,10214.616293
88.355433,193,10217.983484
88.794944,198,10221.467705
88.714244,172,10224.351828
88.952478,149,10226.759125
88.970846,147,10230.151854
88.974128,99,10231.760051
88.63465,156,10234.135221
88.769241,156,10236.503014
88.484071,218,10240.014756
86.328292,166,10242.913445
88.16747,302,10247.086422
88.834653,110,10248.938206
88.81248,205,10251.93082
85.094062,185,10254.714455
85.79912,110,10256.534127
88.893652,164,10259.137632
88.666465,163,10262.472386
88.790083,113,10264.257804
88.577602,198,10267.33783
88.93642,134,10269.497298
87.059667,106,10271.200687
89.109388,130,10273.227715
88.766774,141,10275.421522
88.434306,186,10278.224811
-7.36,9,10278.441646
86.53934,150,10281.157798
86.070599,173,10284.413797
88.546334,192,10287.433656
-7.6,4,10287.5616
88.578403,169,10290.154907
86.278073,301,10294.512981
88.532942,185,10297.50958
-4.199556,9,10297.73185
10.817558,30,10298.28689
88.405955,173,10300.933775
88.741761,149,10303.345515
86.923577,158,10305.846357
88.764173,188,10308.808403
88.564621,197,10311.808386
88.324647,194,10315.344463
38.616555,102,10317.293534
88.839082,188,10320.81352
88.344299,208,10325.264309
88.682286,211,10329.360749
86.25065,140,10332.367872
89.027229,130,10334.431993
89.054501,104,10336.458916
-7.4,5,10336.605955
88.935039,137,10338.929364
88.748866,133,10341.41028
88.954805,173,10344.147707
88.590174,163,10346.978121
42.509396,103,10348.739908
89.210203,122,10350.760927
88.325237,205,10354.21278
-7.36,6,10354.382403
89.159909,110,10356.982404
88.730938,145,10360.359854
88.21659,320,10365.351527
89.276477,141,10369.055078
83.148178,120,10371.525416
-7.36,7,10371.726215
89.830037,91,10373.411261
88.615927,196,10378.032859
88.514019,163,10381.554852
89.209196,120,10383.75363
86.630778,118,10386.000482
-10.0,1,10386.075018
88.772675,160,10389.167098
88.722309,206,10392.726512
89.323639,109,10394.699531
85.971778,146,10397.118815
88.490488,223,10400.552158
88.838658,172,10403.314327
88.366707,184,10407.277236
88.727221,184,10411.278282
35.351069,88,10412.859691
88.99101,155,10415.449094
88.449861,185,10418.26187
89.490285,116,10420.306548
-7.96,3,10420.427447
89.2381,122,10422.54718
88.685838,156,10425.431789
88.61291,179,10428.262088
88.495559,201,10431.276279
85.551829,168,10433.97209
-4.100489,6,10434.125389
89.179076,143,10436.566638
88.791335,174,10439.599899
88.865266,178,10443.370364
88.551095,152,10445.752319
88.427106,183,10448.657059
88.533196,193,10451.655369
86.872058,180,10454.470024
88.393123,197,10457.310308
88.654606,178,10460.104486
88.943771,180,10462.913481
86.246849,138,10465.465851
88.605233,203,10468.617513
89.071655,111,10470.531672
88.558599,140,10472.922024
85.873332,112,10474.880211
-9.32,2,10474.96304
88.412009,208,10478.898144
89.026384,122,10480.941667
85.814173,92,10482.53982
88.447315,173,10485.735278
88.840993,156,10488.503471
58.619204,154,10490.964253
-9.066138,1,10491.060065
88.421212,180,10493.845488
88.848777,134,10496.049708
89.196435,110,10497.955717
38.100023,102,10499.76504
88.571938,204,10503.200244
88.38626,193,10506.35493
89.238867,118,10508.423911
86.408604,175,10512.025789
88.550119,187,10514.998862
88.47812,180,10517.803271
89.20453,128,10519.826355
88.53759,195,10522.768054
88.519758,171,10525.483818
88.354836,201,10528.620169
88.961812,166,10531.333331
89.691134,90,10532.67452
88.751619,149,10535.115081
88.7373,159,10537.678101
85.856709,127,10539.730265
88.41321,214,10543.003997
88.453036,185,10546.744245
89.082803,150,10549.243444
88.341345,210,10552.641267
88.840142,173,10555.238159
88.841838,159,10557.769397
88.811879,142,10559.995479
89.460791,137,10562.184332
-5.74616,9,10562.38606
88.724956,186,10565.421546
85.832298,190,10568.871235
88.676479,141,10571.193847
88.85902,165,10574.264826
86.29353,185,10577.329555
88.64148,190,10581.629352
89.182177,133,10583.731485
88.318543,224,10587.130385
89.740855,103,10588.849068
89.540987,113,10590.77551
88.575375,216,10594.129661
88.391366,208,10597.252737
88.357577,211,10600.37427
88.97614,130,10602.406428
88.443347,213,10605.532044
83.424783,142,10607.784144
88.947502,126,10609.760364
85.14772,130,10612.701427
88.717681,134,10615.005122
88.608156,183,10618.049915
88.697249,194,10621.285297
-8.24,5,10621.42805
89.376017,109,10623.473885
86.331915,196,10626.478059
88.779338,179,10629.205621
88.436263,191,10632.07704
88.460136,203,10635.05402
88.58295,150,10637.471247
88.732471,188,10640.394711
89.080483,134,10642.576027
-9.32,2,10642.657533
86.138496,142,10644.882065
89.506245,114,10647.677005
88.722511,171,10650.785403
-9.16,1,10650.8799
88.465977,210,10654.26948
88.498396,210,10657.312285
-8.07358,2,10657.401294
88.999121,149,10659.942512
88.350475,180,10662.880375
88.479909,194,10665.985629
-5.069753,5,10666.140347
88.930996,133,10668.561548
89.433046,106,10670.747125
85.405924,169,10673.48888
85.885547,160,10675.999718
2.602113,16,10676.354545
88.514781,157,10679.408034
89.053873,178,10683.256693
89.125034,116,10685.172924
88.727829,134,10687.258717
86.763833,128,10689.376979
88.489547,197,10692.362892
86.040558,167,10695.357194
89.447969,122,10697.383093
88.672222,162,10699.930813
87.516566,198,10702.974088
88.506083,194,10705.952489
83.226676,147,10708.67106
88.830686,123,10710.877362
88.850561,177,10714.066387
12.374244,39,10714.833442
88.506077,179,10719.013462
86.520709,144,10721.597128
88.793043,160,10724.278289
88.587664,149,10726.855227
89.271525,124,10729.095042
89.301598,128,10731.622002
88.74159,159,10734.183094
88.853488,163,10736.757765
-9.32,2,10736.835574
89.236777,119,10738.789929
86.993768,154,10741.338041
85.746112,131,10743.452797
88.380397,191,10746.595455
88.434039,169,10749.552318
-8.36,9,10749.810814
88.729159,167,10753.597821
88.337155,219,10757.36965
88.368121,180,10760.440966
88.585238,186,10763.260504
-10.0,1,10763.32232
88.869081,123,10765.393107
88.660428,193,10768.577673
88.656434,187,10771.652626
-7.4,5,10771.806117
88.895069,175,10774.845478
88.653434,197,10777.923275
88.523375,219,10781.363766
11.885766,41,10782.089716
88.374606,210,10785.824137
85.681208,141,10788.928241
-7.36,9,10789.163032
88.633904,156,10791.760279
88.888227,172,10794.912538
88.595898,198,10798.151911
88.652354,206,10801.527765
88.880402,155,10804.139261
88.731207,158,10806.799959
86.642934,174,10809.586926
86.807361,201,10812.817026
88.665246,203,10816.282931
26.392273,61,10817.334478
88.491104,213,10820.476913
88.468741,158,10823.940226
86.512537,145,10826.412004
88.312129,200,10829.716839
88.936482,117,10831.73471
88.766897,152,10834.311011
88.750653,205,10837.262387
89.259719,131,10839.383038
88.453258,196,10842.217511
89.530823,105,10843.913776
88.874004,175,10846.792853
88.487514,181,10849.656216
86.600454,105,10851.459696
88.71786,158,10854.022419
88.610422,205,10857.880672
89.039549,137,10860.169129
-8.44,4,10860.28654
88.732059,158,10863.137147
89.786438,89,10864.745804
88.340174,227,10869.051552
88.986021,130,10871.381323
-9.106826,1,10871.469837
88.499033,180,10874.407145
-10.0,1,10874.481487
88.564212,182,10877.353897
88.583261,175,10880.149665
89.064508,117,10882.03395
88.577842,180,10884.923684
88.882107,154,10887.349535
88.649411,198,10890.614944
88.52973,179,10894.176641
88.492201,171,10896.805207
88.527808,196,10899.725802
89.053211,107,10901.378632
88.846484,170,10904.548322
88.455502,174,10907.571703
88.389296,201,10910.92414
88.535406,203,10913.980539
88.9546,140,10916.172838
88.716164,198,10919.208644
56.812442,118,10921.093352
88.488417,199,10924.092265
86.329141,155,10927.46347
88.559112,178,10930.165037
88.927274,186,10933.147412
89.126924,118,10935.079132
88.793446,169,10937.617635
88.603257,166,10940.083127
88.662439,205,10943.10492
89.085347,168,10945.635363
88.560777,151,10947.996918
89.183943,133,10950.091599
86.574912,104,10951.759169
88.446774,202,10954.684586
88.319359,224,10958.641022
88.940165,178,10961.523838
88.720454,190,10964.426797
83.184913,120,10966.349467
86.994113,126,10968.584218
87.042385,114,10970.472898
88.950928,116,10972.293228
88.660717,193,10975.310906
88.851333,153,10977.779311
89.102378,135,10980.005723
86.477994,171,10982.780939
88.327509,191,10985.878596
88.806374,170,10988.575953
88.760206,149,10991.930089
88.745778,159,10994.522686
88.598903,184,10997.540628
88.123301,306,11001.675207
89.312333,107,11003.43289
88.41005,200,11006.506945
88.830436,203,11009.657376
88.693951,179,11012.421493
89.057035,122,11014.295435
86.092078,182,11017.263431
-7.4,5,11017.414586
88.694683,148,11019.903924
88.747009,157,11022.448647
88.945603,157,11025.904821
88.6372,151,11028.483729
88.51476,200,11031.962466
88.534018,156,11034.370556
88.756918,138,11036.683741
88.599549,146,11039.039723
86.080446,172,11041.859323
89.031838,160,11044.504265
88.733981,183,11047.598459
86.673002,145,11050.14445
88.700993,126,11052.162535
88.650034,187,11055.117982
88.870052,152,11057.440435
89.040945,158,11060.726359
88.252674,271,11064.559881
88.525697,193,11067.581044
88.972134,115,11069.40335
89.048349,152,11071.760724
88.392126,224,11074.960198
88.510722,164,11077.428882
88.48831,186,11080.12245
88.705372,175,11082.790058
88.56138,186,11085.785433
88.722525,182,11088.8626
88.679709,145,11092.190828
88.689236,184,11094.985684
88.440217,195,11098.033369
88.764736,187,11101.028905
27.540107,48,11101.82957
89.113455,140,11104.090581
89.092145,146,11106.389087
88.560532,190,11109.431872
88.492716,188,11112.361004
88.474163,190,11115.588551
-7.4,5,11115.740673
88.488992,193,11118.99072
88.480013,162,11122.077068
88.631003,141,11125.188387
-7.36,6,11125.341142
88.979056,121,11127.222456
88.4858,211,11130.652273
88.401468,170,11133.299213
88.573679,173,11136.05567
87.023182,121,11138.245293
89.284209,124,11140.434234
89.448129,98,11142.121921
89.198645,90,11143.442502
88.865751,142,11145.757697
88.50637,162,11148.364691
48.228127,79,11149.736632
83.854494,125,11151.827521
88.718373,136,11154.029585
88.606147,163,11156.429012
88.802168,173,11160.076556
-7.36,8,11160.268936
89.297191,116,11162.231179
89.255981,98,11163.80313
88.596432,175,11166.374672
86.645479,132,11168.40845
88.321001,319,11172.440154
89.039199,152,11174.941599
88.780849,216,11178.557824
88.597614,199,11182.590869
86.212067,178,11185.665685
88.177167,257,11190.087627
88.576475,178,11194.061754
88.336459,202,11197.054706
88.580929,208,11200.166881
88.653275,187,11203.3603
88.772665,124,11205.628839
88.839032,161,11208.20796
88.615334,213,11211.900259
88.512046,194,11215.255358
88.419404,198,11218.149346
88.672779,152,11220.493445
-8.24,5,11220.623628
88.506531,193,11223.506092
88.720048,205,11227.397167
6.23472,25,11227.835788
88.948254,150,11230.236395
88.717919,188,11233.112032
38.74091,123,11235.145634
88.89103,122,11237.122741
-5.019093,5,11237.271856
88.477296,215,11240.575471
85.639991,122,11242.573078
88.413046,217,11246.180415
88.797095,152,11248.659319
-7.0,3,11248.774464
89.252255,141,11251.339816
88.726063,170,11253.984003
85.906867,159,11256.537566
88.748622,146,11258.835846
88.533949,188,11262.710079
88.345927,207,11266.006354
83.122119,109,11267.965988
88.16798,235,11271.698002
88.797706,181,11274.639732
90.069839,90,11276.198845
89.178995,131,11278.331247
88.543414,191,11281.334174
88.770296,179,11284.052525
86.792695,161,11286.623857
88.556657,166,11289.37025
87.113699,151,11291.801894
88.906956,155,11294.961463
88.97615,144,11297.187497
88.84152,160,11299.76514
84.994091,173,11302.576464
88.699392,190,11305.687914
88.89783,176,11308.536528
88.434148,168,11311.599615
88.351427,231,11315.636573
88.721207,181,11318.603517
86.481279,177,11321.559182
0.731591,17,11321.932568
18.847643,38,11322.675038
86.057453,105,11324.389576
88.440356,212,11327.533513
86.125136,108,11330.159002
88.876183,116,11332.055561
88.619389,217,11335.145898
89.067135,106,11336.872235
85.759404,98,11338.644383
88.692311,130,11340.780085
88.696326,175,11343.554953
88.558815,165,11346.188091
89.018201,127,11348.32857
88.634597,151,11350.795489
24.345058,81,11352.096704
88.357332,212,11355.165074
-7.96,3,11355.270349
88.80459,176,11357.902929
88.570529,227,11361.255983
88.322784,216,11365.643684
88.500356,178,11368.530627
69.689552,183,11371.442347
88.414241,199,11374.503746
88.79127,183,11377.367058
88.641615,166,11380.040801
7.646508,25,11380.481723
86.782651,158,11382.910261
88.525381,179,11385.782686
-9.041107,1,11385.870677
86.629198,115,11387.818902
88.37856,187,11390.712565
86.073858,140,11393.08906
88.532689,162,11396.679942
88.352197,182,11399.503884
86.297995,135,11401.683921
88.801812,180,11404.46114
88.649496,153,11406.901176
-9.16,1,11406.999398
88.473637,179,11410.073496
88.782042,199,11413.985153
88.590606,219,11417.822214
87.484555,191,11420.784455
88.719619,174,11423.535009
86.146851,177,11426.438037
88.548617,197,11429.49442
88.848505,138,11432.479348
88.851132,166,11435.242733
86.234432,97,11436.868948
88.834668,123,11438.89286
89.012555,143,11441.120763
88.990489,168,11443.78944
88.599761,195,11446.789685
-7.36,9,11446.996408
88.588452,205,11449.864359
88.714057,159,11452.397971
88.419669,212,11455.767929
88.894325,170,11458.574948
88.358573,221,11461.762117
88.574494,142,11464.980407
88.983541,166,11467.630869
82.707399,110,11469.553699
86.063606,133,11471.908966
89.18533,123,11474.030607
88.726148,176,11477.037511
85.916834,129,11479.257704
88.376497,189,11482.432882
85.609547,132,11484.557105
88.74566,173,11487.238326
88.743657,148,11489.606868
88.413763,187,11492.490299
88.925602,128,11494.434425
32.26052,102,11496.035214
88.258087,219,11499.975892
89.227085,117,11501.83386
88.459256,192,11504.800342
86.811009,132,11506.993275
89.233089,125,11509.011894
89.290409,124,11510.980576
88.550763,225,11514.011207
88.702936,175,11516.757826
88.337866,202,11519.849898
88.595081,154,11522.543504
89.226345,98,11524.279752
88.681946,149,11526.950588
88.66639,209,11530.447334
86.477398,163,11534.075552
88.494116,182,11536.89541
88.6516,140,11539.20325
89.586354,99,11540.937706
88.804111,172,11543.660289
88.428788,177,11546.485682
88.595663,195,11549.599991
31.142717,83,11550.992995
88.578507,143,11553.348679
88.383179,189,11556.451187
88.677664,194,11559.349651
88.648512,196,11562.575497
88.537511,191,11566.766447
89.027912,138,11569.036827
88.635447,221,11572.22774
88.724853,151,11574.617486
88.394115,185,11577.468755
89.527991,102,11579.059146
88.905151,117,11581.028021
88.79827,158,11583.590255
-7.36,9,11583.803327
88.885488,159,11586.342989
88.734053,192,11589.250493
88.891699,190,11592.134482
86.488906,188,11595.055612
85.842557,128,11597.110123
89.232518,93,11599.580399
89.32958,135,11601.783597
88.409338,197,11604.623497
88.657026,154,11607.170184
88.754526,190,11610.22191
88.606184,201,11613.627608
88.389086,218,11617.094962
85.646003,152,11619.687639
87.076095,144,11622.303072
89.547421,109,11624.225245
89.011354,108,11625.930557
88.730205,158,11628.562726
88.799803,137,11631.080166
88.666859,147,11634.416007
-7.6,4,11634.571452
86.217761,199,11637.877269
89.686229,90,11639.475514
88.77721,177,11642.717714
88.945776,154,11645.283035
85.885495,111,11647.105709
85.373414,199,11650.311464
88.596699,169,11653.336864
87.032613,109,11655.648307
40.674639,112,11658.032881
85.579437,148,11661.198563
88.618818,193,11664.461899
88.648552,212,11667.669118
88.696774,206,11671.603104
88.344856,179,11674.383319
85.944564,122,11676.427464
-7.36,7,11676.631404
89.823483,97,11678.322636
86.080261,161,11681.16854
89.000155,123,11683.113612
88.723504,152,11685.631181
88.631864,167,11688.302983
89.610185,105,11690.271518
88.636907,192,11693.462962
86.327654,146,11695.953032
0.155321,14,11696.269013
89.067662,131,11698.424446
88.448921,190,11701.611951
88.517533,195,11705.568104
88.590304,169,11708.34257
89.151252,138,11710.999031
89.193113,118,11713.297309
-8.8,3,11713.3987
88.111114,266,11717.195709
-3.682259,7,11717.390674
89.518614,104,11719.166116
-9.32,2,11719.263194
88.805843,178,11722.17427
88.437152,197,11725.000271
88.639196,187,11727.85068
85.946911,108,11729.645757
88.509249,192,11732.607222
88.900099,196,11735.686963
88.411807,201,11739.484995
88.515287,186,11742.401918
88.937717,116,11744.394717
88.408791,186,11747.409024
89.562737,98,11749.285995
88.213842,334,11754.642166
88.695235,163,11757.340014
88.703117,143,11759.765597
85.671676,170,11763.055073
88.623703,171,11766.038689
88.434247,198,11769.344064
88.427426,180,11772.053655
89.049728,117,11774.643336
83.362405,500,11780.333756
88.049883,433,11785.505036
88.843376,175,11788.436122
88.457573,198,11791.391317
24.424839,48,11792.17357
89.005376,148,11794.542027
88.542428,206,11797.894001
46.418799,85,11799.392038
86.542712,130,11801.700489
86.55038,168,11805.342769
86.690305,121,11807.233702
88.678652,206,11810.275927
88.543243,144,11812.462539
88.637294,161,11814.965979
88.504782,162,11817.45736
88.655357,188,11820.374406
88.705712,184,11823.199436
88.522966,155,11825.602466
88.879031,144,11828.033003
-6.0,4,11828.16174
88.760723,121,11830.213187
88.67986,175,11832.871116
-8.8,3,11832.974982
88.676399,197,11836.702322
88.91024,159,11839.023016
-7.6,4,11839.147376
88.846899,149,11841.524694
89.018932,142,11843.785315
89.750096,89,11845.099011
86.316009,116,11846.977609
89.059246,143,11849.320166
88.647652,200,11852.275429
88.558629,186,11855.014997
88.517236,173,11857.601934
86.770222,172,11860.418864
88.784062,198,11863.546017
88.292434,211,11866.47138
88.356955,213,11870.412397
85.92851,189,11873.29418
88.936491,123,11875.201069
88.498401,164,11877.76349
88.362421,192,11880.838352
88.492522,150,11883.244891
88.858201,184,11886.184621
89.055734,126,11888.182503
85.610404,159,11890.679177
86.866553,138,11892.850267
88.539732,165,11895.42847
89.090452,108,11897.092198
-4.073605,6,11897.246718
88.768055,177,11899.9556
88.801256,149,11903.087005
88.392206,177,11905.856037
88.723161,117,11907.775641
88.855412,177,11910.401763
88.741276,143,11912.536328
4.58775,32,11913.104897
88.675306,186,11915.862586
88.406895,209,11918.898389
88.636278,201,11921.962303
88.695738,161,11924.562527
88.617285,186,11927.332169
88.341528,191,11930.235975
88.504104,238,11934.663987
88.543517,205,11938.203563
85.395161,128,11940.819943
88.556359,152,11943.700861
89.487363,112,11945.784507
88.916206,148,11948.296925
86.03954,179,11951.15228
88.85469,160,11953.693866
86.721464,166,11956.829868
88.887067,152,11959.508418
88.349296,208,11962.958948
88.330339,209,11966.471681
2.079735,28,11967.099399
88.83575,167,11970.663048
89.194221,109,11972.361497
88.31406,200,11976.350844
89.474856,112,11978.390263
88.438265,208,11981.738036
85.922091,95,11983.500364
88.761098,213,11987.060209
88.636813,150,11989.710891
88.635292,194,11992.552011
88.506783,157,11995.072706
82.089956,182,11998.070071
-6.97563,6,11998.226631
89.056076,179,12001.082972
25.843198,70,12002.188148
88.865403,116,12004.149523
89.411319,105,12007.251192
88.844138,166,12010.09518
87.621525,183,12013.09064
88.680932,214,12016.7374
86.228294,152,12019.081443
88.549928,158,12021.584048
89.167452,149,12024.1731
88.762484,173,12026.94424
88.901491,160,12029.745653
89.614998,109,12031.734303
88.508016,210,12035.070509
89.848234,98,12036.713879
-4.109179,6,12036.875522
32.29173,52,12037.793958
89.026416,149,12041.29104
89.432573,120,12043.641108
88.482413,206,12047.277855
-8.8,3,12047.376517
89.195074,120,12049.803211
88.591194,152,12052.543911
89.023003,138,12055.243164
88.67805,198,12058.586034
87.490048,185,12061.656558
86.27303,164,12064.23841
88.629201,187,12067.324945
6.377895,28,12067.81236
88.7032,181,12070.943667
88.379989,183,12074.025783
89.546249,109,12075.844327
89.118155,140,12078.994001
88.408657,183,12081.845927
88.506949,194,12084.921589
88.897891,145,12087.385869
88.857097,160,12089.925273
88.797264,201,12093.022436
88.533577,180,12095.779629
85.35374,206,12098.824638
88.67648,173,12101.631026
89.409679,109,12103.508585
88.7647,200,12106.606397
89.386064,124,12108.590184
88.256465,203,12112.800608
88.724969,146,12115.45876
88.495211,201,12118.806547
88.338581,190,12121.923638
88.780797,163,12124.591118
88.242158,244,12128.298487
88.625219,139,12130.793832
88.56911,192,12133.951726
88.615271,184,12136.989716
88.781075,132,12139.012031
88.431361,188,12141.868765
88.985797,144,12144.074383
88.317237,215,12148.081994
88.685168,194,12151.262151
10.354995,38,12152.035982
86.563674,144,12154.491579
89.682961,99,12156.140789
88.385404,195,12159.037091
88.469112,195,12161.917507
88.29334,200,12165.24949
88.591073,221,12168.766711
88.576142,218,12171.962668
88.654206,195,12174.860364
88.557002,157,12178.616672
-7.36,6,12178.793116
88.561465,202,12182.003942
88.450774,221,12185.283226
86.256046,113,12187.363551
88.848808,158,12189.807928
88.869503,122,12191.73245
88.642315,192,12194.645194
88.527903,161,12197.184341
88.383633,231,12200.517236
88.530737,163,12203.243417
88.555625,194,12206.237095
88.483375,221,12209.575783
89.223645,123,12212.384598
88.960352,104,12214.028191
13.897438,34,12214.638112
88.865767,140,12216.906778
86.017252,114,12218.696001
89.093615,99,12220.294282
88.657233,219,12223.674404
85.767382,180,12226.784638
-7.4,5,12226.928317
88.73906,135,12229.253461
88.682462,193,12232.647223
88.592835,202,12236.176688
88.727396,148,12238.751115
88.584422,165,12241.617541
-8.8,3,12241.713983
-8.382701,4,12241.829828
89.209801,142,12243.994698
88.836993,151,12247.61996
88.734015,177,12250.537811
89.494142,92,12252.115352
88.632979,214,12255.777117
88.496103,175,12258.737765
88.755276,163,12261.702693
88.765111,164,12264.422622
88.764762,161,12267.186428
88.647975,243,12270.969817
88.516003,189,12274.234663
88.724389,186,12277.275649
89.783255,89,12278.58451
86.082731,125,12280.588248
85.822907,180,12284.271568
88.694549,151,12286.741432
88.51019,171,12289.407908
88.797924,131,12291.509744
88.238764,249,12295.152231
88.810471,181,12298.203509
88.562723,176,12301.185322
89.054407,111,12303.000243
88.523113,164,12305.668052
88.791484,142,12308.133141
86.3042,104,12309.962016
87.188125,148,12312.403407
88.640904,196,12316.177632
89.614759,94,12317.680425
88.823621,186,12320.285849
89.018851,139,12322.493219
86.751472,149,12325.073516
88.786926,188,12328.078116
89.155438,111,12330.187768
88.531096,175,12333.347111
89.220678,129,12335.66354
88.735583,177,12338.665332
88.869841,209,12341.76413
88.383427,205,12345.297911
88.606235,182,12348.257057
88.584129,165,12351.642634
88.718264,178,12354.322931
88.483049,168,12357.156368
-10.0,1,12357.227441
88.517779,175,12360.090415
88.703865,177,12363.02549
89.012253,156,12365.851399
86.474231,143,12368.257397
-7.36,6,12368.423655
88.764944,125,12370.479237
-7.6,4,12370.607666
88.412626,202,12373.810827
88.666046,159,12376.682965
88.360026,181,12379.569411
89.258263,96,12381.129182
88.641652,197,12384.835619
88.717448,190,12388.223351
-10.0,1,12388.289896
-1.383511,13,12388.544395
88.775526,145,12391.031466
89.442545,133,12393.494156
89.057253,102,12395.152937
88.72627,186,12397.985935
88.696532,182,12400.922723
86.347694,155,12403.600681
88.92822,114,12405.831378
89.025869,137,12408.360215
85.173233,242,12411.779243
88.580981,172,12414.45009
89.500661,102,12416.151385
88.655731,170,12419.819764
89.061156,137,12422.119357
89.105296,142,12424.687744
88.588267,192,12427.835844
89.025141,156,12430.341302
88.87333,143,12432.663341
88.88232,162,12435.474763
88.650215,194,12438.56197
88.710886,182,12441.401644
23.765002,53,12442.265552
86.082286,175,12445.113089
88.63242,172,12447.989669
88.534688,187,12451.170107
88.670099,168,12454.481555
86.820359,107,12456.134488
83.733117,133,12458.250065
88.919562,173,12461.001966
88.662744,136,12463.13549
88.747221,165,12465.900009
89.168417,123,12467.908573
-8.8,3,12468.011187
88.522873,160,12470.773072
88.654476,184,12473.917588
88.695203,153,12476.836928
88.760034,125,12479.002944
88.664873,191,12482.142025
88.426392,213,12485.860847
88.668612,159,12489.176211
88.995752,106,12490.872819
88.894472,129,12492.879037
88.39302,200,12495.766281
89.186994,137,12497.93475
-7.36,6,12498.086598
88.783995,167,12500.735455
88.642246,212,12504.03186
87.033007,142,12506.768028
88.760951,155,12509.715132
86.884183,124,12511.989022
86.291832,134,12514.172101
88.657314,176,12516.899391
86.319784,120,12518.782449
89.0431,137,12520.989352
88.747822,141,12524.536191
88.908986,171,12527.666648
88.424469,204,12531.575056
89.064901,127,12533.57769
88.972284,130,12535.645211
88.790192,144,12538.069043
89.011835,98,12539.616621
88.485883,155,12542.070747
88.563182,216,12545.164697
88.356963,203,12548.321956
88.565846,167,12551.004848
-9.16,1,12551.085903
89.766289,102,12552.807458
88.665788,141,12555.239972
88.758609,173,12558.941972
88.567227,186,12562.117514
88.774454,126,12564.209666
88.871916,153,12566.764175
88.743316,140,12569.227642
88.657488,199,12572.321886
86.765006,98,12573.982935
54.519921,98,12575.744224
89.051271,105,12577.458177
88.939241,135,12579.87743
88.559906,212,12583.326323
88.611761,162,12586.173826
88.744062,185,12588.949981
89.33898,119,12590.897066
89.751693,89,12592.231477
86.646797,143,12595.384024
88.669429,220,12598.585778
88.80154,119,12600.52887
88.973687,113,12602.345363
88.337836,221,12605.556901
-7.36,8,12605.754521
86.137365,142,12608.148992
88.862313,182,12611.01943
88.587464,224,12614.175514
-3.0,7,12614.357642
82.62275,174,12617.352175
88.734913,225,12620.928425
88.418327,194,12624.067025
-3.417632,8,12624.268073
89.207169,134,12627.32487
88.467228,182,12630.498069
89.366309,112,12632.560065
89.646753,89,12634.138514
89.053236,106,12636.152565
87.137055,125,12638.192965
86.57681,208,12641.539471
88.304299,212,12644.831708
85.10565,165,12647.427372
88.561788,195,12650.585096
88.314304,195,12653.694029
85.819726,178,12656.438993
88.878671,133,12658.527017
1.646666,20,12658.869842
85.973592,98,12661.267957
89.000796,160,12663.781744
-8.8,3,12663.886522
89.141472,149,12666.210078
88.357712,195,12669.099663
88.591856,155,12671.60549
89.155277,115,12673.518608
88.445239,202,12676.466728
-6.073639,4,12676.588833
88.40178,217,12679.852243
88.46419,226,12683.009471
89.043659,147,12685.258025
0.271754,12,12685.497296
88.687597,199,12688.400332
10.678075,45,12689.128819
88.615735,151,12691.696951
88.740804,144,12694.701449
88.654314,167,12697.439474
88.668256,192,12700.332441
88.75003,155,12702.771863
88.339274,196,12705.815211
89.26492,101,12707.428419
89.06256,150,12709.797514
88.802634,193,12712.71735
-7.36,7,12712.902877
89.367784,121,12714.81731
88.774888,141,12717.260968
89.097706,142,12719.674139
88.660523,180,12722.660248
88.473108,173,12725.242845
90.056972,91,12727.408022
13.354991,48,12728.188369
89.72401,92,12729.619018
88.659238,202,12732.618053
88.897017,168,12735.604378
88.435552,177,12738.479177
89.283484,117,12740.456272
88.80453,185,12743.368226
88.775749,167,12746.022605
-7.36,7,12746.207469
-7.36,10,12746.451243
88.727449,205,12749.499168
86.015895,168,12752.252767
88.723449,195,12755.649429
-7.6,4,12755.806133
88.856513,183,12758.618891
89.455578,110,12761.184416
89.173906,138,12763.48431
88.748446,123,12765.682586
88.748071,174,12768.648525
86.466905,158,12771.042049
88.999952,166,12773.662732
89.001648,140,12775.813714
-7.4,5,12775.960276
88.42043,176,12778.843259
88.771345,146,12781.386542
88.726306,189,12784.250169
89.58071,95,12785.71591
86.466635,114,12787.614242
88.480852,195,12790.869907
88.370224,198,12795.03944
88.839136,129,12797.150196
88.549997,182,12800.104936
89.355512,109,12801.960398
89.255774,138,12804.447907
88.561914,204,12807.721723
88.876269,123,12809.852319
88.988976,141,12812.238055
86.171925,197,12815.186768
88.582039,170,12818.06926
86.521465,180,12820.886251
88.638233,199,12823.879093
88.456976,200,12826.997054
88.354591,206,12831.178263
86.237522,196,12834.136548
86.388871,169,12837.202559
88.230185,208,12840.672171
88.680403,169,12843.343937
89.115746,142,12845.798082
87.090058,98,12847.391704
16.245043,38,12848.025614
89.364778,119,12849.915407
88.519014,217,12853.496888
88.735411,195,12857.415647
39.434351,76,12858.748329
88.911695,143,12861.17733
88.688763,184,12864.863625
89.14045,142,12867.469612
88.789635,181,12870.817469
89.135295,141,12873.194925
88.643375,203,12876.170936
89.182337,129,12878.243476
88.473473,188,12881.211168
88.953821,161,12884.024121
89.024359,179,12886.725624
85.862704,108,12888.533304
88.340396,215,12891.996619
-7.4,5,12892.155376
88.961996,156,12894.774209
88.813005,162,12897.452178
20.008507,52,12899.158166
88.633583,175,12901.883242
89.32774,90,12903.444485
88.842692,155,12905.916213
88.777383,137,12908.198765
88.882423,152,12910.749436
88.57952,193,12914.206124
86.217394,209,12917.475399
83.820116,180,12920.675859
89.312268,102,12922.414311
86.164086,162,12925.04168
88.666276,171,12927.638156
88.639743,172,12930.503948
88.878405,188,12934.602409
88.667732,196,12937.646862
89.061744,157,12940.181086
88.959297,135,12942.647413
88.483418,179,12945.797551
86.191102,185,12948.861673
-8.2,6,12949.038313
87.2282,124,12951.75161
88.803756,172,12954.820031
-7.6,4,12954.953687
88.954948,124,12957.054482
86.036974,197,12960.395708
88.380559,216,12963.743565
88.405871,194,12966.907106
5.963484,23,12967.349911
88.713838,162,12971.38175
85.762949,118,12973.600195
88.77684,190,12977.347612
89.366196,136,12980.521738
-7.817968,3,12980.655732
85.579759,134,12983.24124
89.047188,151,12985.68719
88.326771,201,12988.913944
-7.36,10,12989.198082
89.145188,143,12991.756763
88.366607,192,12994.669647
43.155637,103,12996.360209
88.520671,215,12999.877607
88.751938,144,13002.515482
88.892667,164,13005.659942
88.923721,152,13009.118864
88.700604,209,13012.55955
88.434788,176,13016.568384
89.865702,92,13018.843719
-8.44,4,13018.977007
85.738221,133,13021.502418
88.48359,188,13024.503728
89.025214,221,13028.232415
88.96327,123,13030.421619
86.56295,156,13032.995226
-4.960611,8,13033.207343
88.714429,156,13036.363365
88.969868,157,13039.476636
88.819404,150,13042.173234
88.581482,172,13045.97674
88.674082,158,13048.777723
88.847853,192,13052.074054
88.762194,158,13054.752256
88.722763,159,13057.44999
86.531498,174,13060.248986
88.342932,205,13063.352324
88.892774,128,13065.597691
88.716283,142,13067.922652
89.879408,90,13069.298754
87.04094,163,13071.826294
86.451414,196,13075.042724
88.409573,200,13078.99385
88.505038,213,13083.501082
88.704846,189,13086.467932
88.455939,197,13089.38321
89.662577,102,13091.16558
89.141658,152,13093.673552
88.539038,183,13096.700627
88.655327,188,13099.886653
89.002579,106,13101.850156
88.898527,148,13104.1587
88.896646,158,13106.800139
-7.36,7,13106.990588
88.544964,199,13110.550594
88.61251,210,13113.83252
88.54805,164,13117.653671
88.64893,189,13121.235164
86.822652,190,13124.476921
88.39495,211,13128.308507
88.34938,218,13132.232497
88.409803,205,13135.89644
88.782457,191,13139.474241
29.554195,103,13141.198941
-7.4,5,13141.345107
88.682825,198,13144.212727
89.060473,149,13146.720683
88.544408,157,13149.751936
89.527397,100,13151.405653
88.905428,133,13154.472868
88.572641,141,13156.690378
89.288849,112,13158.459449
88.644002,146,13160.745699
88.610773,193,13163.539545
58.819076,124,13165.495239
89.211312,108,13167.233172
85.338115,134,13169.80224
88.536915,178,13172.712982
88.489,163,13175.458543
88.680077,139,13177.983744
89.146903,133,13180.058206
88.652968,180,13182.805324
89.273377,126,13184.872712
88.786317,177,13188.75661
88.738877,159,13191.66376
88.252957,347,13196.048564
89.467838,117,13198.118714
88.685985,137,13200.312508
88.434154,203,13203.51594
88.424928,193,13206.573503
88.57351,208,13209.842363
87.24531,157,13212.680618
88.775284,154,13215.437559
88.517515,184,13218.835935
21.452957,70,13220.150091
88.971163,115,13223.249509
-7.96,3,13223.377968
88.537976,153,13227.099483
89.187697,132,13230.0377
-7.4,5,13230.240707
88.567083,187,13233.721132
89.204576,136,13236.074717
89.445502,99,13237.717764
-8.24,5,13237.847168
88.629294,177,13240.618276
88.794718,158,13243.247122
88.704173,174,13246.148263
85.209389,205,13249.305609
88.819791,159,13251.736203
88.717349,172,13254.536572
88.931685,154,13256.891249
88.563362,176,13260.574457
86.945563,178,13263.340872
14.393708,35,13263.942371
86.455186,206,13267.27323
86.69737,195,13270.580277
89.611424,135,13273.087194
88.50391,195,13276.930769
87.53111,128,13279.250148
89.200945,129,13281.560765
88.544763,174,13284.370226
86.514593,145,13286.709918
88.796522,160,13289.399997
86.525193,144,13291.699482
88.675312,163,13295.051272
89.463197,135,13297.302427
88.817332,143,13299.74805
88.60547,178,13302.804719
88.617404,150,13305.332679
88.41158,211,13308.602326
88.882811,164,13311.277708
-7.96,3,13311.3938
87.015273,158,13314.110902
88.932075,143,13316.546074
88.578339,185,13319.593769
88.798393,155,13322.396882
86.267264,110,13324.286398
89.200777,162,13327.035562
88.841395,172,13330.739106
89.319635,129,13333.115596
88.94105,126,13335.235604
88.63,206,13338.475906
88.561664,193,13341.617785
88.847319,141,13343.929761
10.667651,38,13344.548766
89.074202,132,13346.847042
88.458439,206,13350.05236
-7.36,6,13350.209148
88.864148,185,13353.144072
29.568597,56,13354.104745
88.740873,162,13356.916136
88.5287,176,13359.77689
89.03127,111,13361.620516
83.574921,133,13364.827674
88.998798,148,13367.282529
88.365081,188,13370.440284
89.536555,98,13372.180427
88.790693,177,13375.08317
88.950734,141,13377.882612
88.803023,122,13380.220158
88.782221,154,13382.938245
88.562521,166,13385.948346
78.673825,228,13389.854147
88.549308,219,13393.263664
-7.36,8,13393.475761
90.117692,89,13395.152286
88.40597,202,13398.835083
89.203159,124,13402.254206
89.535015,120,13404.447435
85.791376,128,13406.818016
-8.037594,2,13406.919764
83.852363,131,13409.387791
88.43827,189,13412.470156
88.823432,115,13414.306409
88.328941,212,13417.772437
89.891166,90,13419.41946
89.303125,115,13421.440307
88.670794,192,13424.777128
88.50087,202,13428.245567
88.697396,199,13431.585384
-9.32,2,13431.673984
86.239077,149,13434.235568
88.677139,177,13438.175963
-8.161501,2,13438.27852
88.896709,160,13440.895347
88.714108,161,13443.510248
88.729667,177,13446.263657
-8.44,4,13446.376703
27.741169,56,13447.297335
-7.36,8,13447.489736
86.617166,135,13449.657841
88.340135,205,13453.179668
87.050755,149,13455.828243
88.849158,143,13458.274554
-7.36,8,13458.487212
-7.4,5,13458.64774
88.987079,125,13460.815358
-7.36,7,13460.99617
88.542952,155,13463.590978
88.509941,158,13466.158775
88.60876,153,13468.892478
88.755722,146,13471.767608
86.588917,163,13475.29389
88.733595,163,13478.040097
-7.36,10,13478.266216
85.988501,189,13481.240209
88.437024,194,13484.470485
88.503561,164,13487.167189
88.417805,173,13490.030523
89.124034,177,13493.081336
88.500322,161,13495.853916
88.474148,173,13498.891185
88.560493,154,13501.59839
88.945644,144,13504.08415
88.610376,203,13507.37909
88.708586,198,13511.447875
89.023637,114,13513.313975
88.3456,198,13516.400468
88.983736,148,13518.867383
88.900297,171,13522.278102
88.711987,130,13524.968632
86.483288,176,13528.111702
88.337734,179,13531.262527
88.505402,174,13534.032849
88.807908,143,13536.471983
88.565636,182,13539.68336
88.748763,190,13543.050245
-7.36,7,13543.273892
88.648309,173,13547.237867
88.64286,177,13550.541587
88.552069,205,13553.682704
88.717368,176,13556.746106
88.875652,176,13559.837956
88.584612,208,13563.093135
88.684449,207,13566.547805
88.753197,139,13568.979659
88.363582,201,13572.304324
-8.0,2,13572.399418
88.935276,119,13574.436526
88.843093,134,13576.641726
88.706088,180,13579.705139
89.232541,147,13582.980605
86.430845,187,13586.348251
89.399614,119,13588.600212
-7.36,6,13588.801499
88.501555,197,13592.50402
88.683286,197,13595.559011
88.564153,211,13598.816581
88.576274,196,13602.083691
88.989631,139,13604.568801
86.555958,149,13606.972915
88.880883,144,13609.549517
88.647487,159,13612.403798
88.927432,112,13614.336226
-5.0,5,13614.492886
87.115925,115,13617.271558
88.593754,192,13620.669482
-7.36,6,13620.837271
88.47715,187,13623.844675
85.888691,134,13626.132389
88.424343,199,13629.370655
86.716421,137,13631.959533
89.059436,193,13635.367382
88.984454,154,13637.908845
85.303275,115,13640.169305
88.769887,132,13642.589183
88.696428,199,13645.670761
85.703207,135,13648.175138
47.054242,103,13650.067056
88.709149,180,13654.09725
88.792676,188,13657.536576
89.074396,136,13660.47467
89.014471,161,13663.26409
88.810761,165,13666.166757
88.726655,166,13669.11448
88.699532,153,13671.712817
85.747059,175,13674.687436
88.335466,220,13678.322234
86.842315,161,13680.882151
88.762895,169,13683.708489
83.449448,140,13686.145561
86.590006,137,13688.829389
-7.095689,3,13688.95056
89.267155,120,13691.82568
88.713365,194,13695.152303
-7.4,5,13695.308948
86.655695,152,13697.842591
88.552836,143,13700.12673
88.659328,210,13703.385478
86.104399,162,13706.027818
86.691658,109,13707.833241
-8.44,4,13707.945234
83.133589,120,13709.881817
88.948456,117,13711.751054
88.831609,179,13714.587476
86.372968,175,13717.303326
58.547761,124,13719.574613
88.900821,130,13721.939799
89.192317,99,13723.884075
88.587968,191,13728.237361
88.547591,156,13730.905488
89.209971,126,13733.084325
89.351084,125,13735.378937
86.848638,131,13737.924195
84.794094,128,13740.385375
89.521822,120,13742.540878
88.65359,203,13745.854282
88.531578,183,13749.150111
88.917582,151,13751.929764
88.333343,198,13755.213358
88.813919,184,13758.01863
84.534123,124,13760.274481
71.28071,178,13764.103545
89.290612,115,13766.054211
88.520829,220,13769.736917
-9.16,1,13769.831055
88.958817,148,13772.462171
88.704907,167,13775.366542
88.661737,156,13778.224373
89.098206,114,13780.699564
87.128536,143,13783.632406
86.586511,168,13786.748294
86.08383,128,13789.256841
89.715503,105,13791.023052
88.910191,137,13793.402367
-7.0,3,13793.516957
85.175043,140,13795.81026
89.618164,99,13797.438019
89.08531,109,13799.916521
87.096209,132,13801.95402
88.674562,139,13804.171928
88.840038,142,13806.344666
87.307025,124,13808.267079
88.711223,154,13810.631893
88.609375,213,13813.759551
22.543343,73,13814.941719
89.533919,115,13816.758334
86.688419,141,13819.023851
88.871904,143,13821.486538
46.209852,93,13823.391361
88.712221,176,13826.126207
86.264045,119,13828.143747
88.634354,141,13830.460173
63.233283,134,13833.307203
88.54665,169,13836.099986
88.680957,172,13839.112802
88.428104,196,13842.633286
88.724336,191,13845.839584
88.949761,166,13848.657263
89.447335,127,13850.813102
89.243339,140,13852.963591
90.123596,89,13854.281892
86.398277,174,13857.032084
88.886566,118,13858.95753
88.671669,189,13862.002383
88.837432,154,13864.392123
88.410455,210,13868.430803
89.415857,156,13871.088369
89.416202,104,13873.192476
86.267536,156,13875.852636
88.655512,208,13879.372524
86.673631,129,13881.587731
88.377087,192,13885.067662
88.773661,170,13889.377807
-9.16,1,13889.486224
86.535708,150,13892.432763
87.299038,141,13894.697332
-4.0,6,13894.848879
7.892332,29,13895.35523
88.385577,205,13898.564529
86.530148,131,13900.835087
-7.4,5,13900.988024
86.282549,138,13903.127432
45.216366,129,13906.366487
86.210762,102,13908.131698
88.463627,208,13911.418202
69.773594,158,13914.158694
-7.0,3,13914.28009
26.610763,90,13915.885109
11.701601,45,13916.887914
88.414359,192,13920.312295
88.564271,193,13923.322411
88.975309,132,13925.556915
85.762371,180,13928.513862
-9.001173,1,13928.592368
88.630041,136,13930.77375
-9.16,1,13930.856529
88.61232,153,13933.370735
47.532559,86,13934.88891
89.65226,105,13936.733161
85.556934,134,13939.026294
88.434075,204,13942.984218
88.872551,165,13945.540431
88.940681,141,13948.303586
-7.36,8,13948.558538
88.414212,196,13952.203047
89.602793,96,13954.10269
88.358484,180,13956.953306
-7.96,3,13957.067076
88.577052,176,13959.847367
88.997266,125,13962.250576
88.506235,192,13965.731
88.694826,196,13969.071164
88.530328,196,13972.621275
89.451329,116,13974.91948
88.833312,164,13979.1843
88.908196,147,13982.428749
88.90876,128,13985.050879
-9.32,2,13985.152458
90.012925,90,13986.771049
88.859668,144,13989.577408
89.749555,100,13991.274224
90.031901,89,13992.664168
88.531982,157,13995.296533
89.273006,120,13997.382545
88.656539,148,14000.073717
88.821667,129,14002.387673
88.961877,162,14005.215517
88.8016,170,14008.364898
88.325035,197,14011.872511
-7.36,6,14012.038432
88.676967,140,14014.448219
86.317813,180,14018.381071
88.406854,186,14021.532139
88.684103,159,14024.276582
-9.16,1,14024.358757
88.985268,137,14026.70929
88.974791,153,14029.747663
88.797282,193,14033.428792
89.040078,145,14036.121693
87.306991,142,14039.001412
-7.36,7,14039.210737
86.017737,191,14042.728434
89.90046,92,14044.294765
88.688987,184,14047.188213
88.36121,208,14050.936181
88.909362,115,14052.969279
88.466565,186,14056.842578
88.740912,125,14058.957656
88.941729,118,14061.076057
88.90463,156,14063.7577
89.127958,130,14065.84077
88.797097,146,14068.312137
38.688763,69,14069.552638
-8.8,3,14069.677525
86.063589,103,14071.611495
88.799716,168,14074.204259
88.695076,162,14076.924233
-9.16,1,14077.028999
88.533005,188,14080.703616
88.472179,205,14083.981773
88.789624,175,14087.059588
88.69437,156,14090.914716
88.63176,202,14094.447951
89.211238,121,14096.530215
55.36771,154,14099.602544
-7.96,3,14099.740645
88.949791,144,14102.620174
85.854824,99,14104.612037
88.583912,174,14107.466745
86.463487,187,14110.400283
88.688842,191,14113.292993
88.534662,193,14116.807009
89.048516,152,14119.614827
23.987495,87,14121.30498
85.646241,111,14123.540441
86.796244,104,14125.412116
88.563958,191,14129.676495
89.077445,147,14132.057946
89.176875,129,14134.214051
85.929892,115,14136.408553
88.652188,184,14139.723168
87.222801,137,14142.364491
85.813765,132,14145.100488
86.262488,138,14147.47443
88.57545,191,14150.494358
89.05629,185,14153.452999
88.870047,144,14155.74471
88.834147,168,14158.613828
89.142602,144,14161.395831
23.767094,51,14162.363317
88.817706,133,14165.658215
88.84304,155,14168.306393
88.7252,178,14171.659124
89.323815,111,14173.947541
88.606,199,14177.767617
88.648136,206,14181.677197
89.193303,183,14185.461999
89.058453,134,14188.706612
88.913318,129,14191.427713
-5.364996,5,14191.579823
87.027298,202,14195.043759
88.95022,164,14197.972689
85.69328,178,14201.388261
88.953731,171,14204.744183
88.7133,209,14209.334147
86.390332,191,14212.54774
88.673714,182,14215.662229
88.962684,112,14217.816028
-7.0,3,14217.966908
88.80338,174,14220.808762
89.266195,130,14223.148707
86.322659,126,14225.348326
90.123596,89,14226.753332
88.432238,202,14230.082358
88.43675,196,14233.475225
88.924858,104,14235.407024
88.561659,217,14238.820505
88.380029,193,14242.892945
89.209448,115,14244.751
88.994851,152,14247.511095
88.551355,180,14250.979541
88.60862,212,14254.378393
86.548909,175,14257.206731
88.870096,155,14260.12193
88.994331,136,14262.773781
88.417051,221,14266.883829
86.197891,155,14270.185724
88.668559,159,14272.96421
88.576053,192,14276.314333
86.802477,121,14278.430013
50.55797,138,14281.735272
88.535932,200,14284.780646
88.397612,202,14287.919232
88.784767,149,14290.428154
88.701486,168,14293.330234
88.883586,128,14295.713155
85.087359,164,14298.48775
88.453879,162,14301.648357
88.798794,173,14305.431039
89.041588,166,14308.886204
89.029943,156,14311.626219
88.57969,178,14314.461339
88.53076,184,14318.174507
88.329721,206,14321.490546
88.448512,198,14324.589498
23.147676,65,14325.697181
-7.36,6,14325.853564
88.571391,184,14328.816087
88.492144,165,14331.583079
88.381701,184,14334.55477
86.262687,169,14337.90608
88.5895,192,14342.162899
89.463902,105,14344.593946
88.540868,154,14347.840928
88.63623,185,14350.743507
19.887896,63,14351.748192
89.037363,130,14354.80511
88.509418,165,14357.664283
17.945251,55,14358.687151
88.33028,203,14362.005418
88.478153,167,14365.246751
90.123596,89,14367.144493
89.023733,149,14369.649028
88.931063,158,14372.214375
33.932851,66,14373.306773
88.640241,190,14376.720416
38.765117,92,14378.345363
88.706001,191,14382.318522
-8.8,3,14382.441957
88.455749,160,14385.491152
88.714281,200,14388.690985
86.296416,183,14392.421807
88.794482,189,14395.395109
86.727383,113,14397.208965
86.493223,177,14400.281686
89.180341,97,14402.181056
-9.16,1,14402.293371
88.866765,143,14405.23927
88.701591,169,14408.246974
88.815629,127,14410.291936
88.407715,197,14413.829279
88.353265,207,14417.309923
88.658296,201,14420.734541
86.00943,140,14423.243903
88.671067,199,14427.265909
88.750302,140,14429.669647
-10.0,1,14429.751223
89.013434,150,14432.141196
88.597493,151,14434.508054
88.786046,183,14437.396924
88.736891,137,14439.718109
88.496995,195,14442.999238
88.816202,171,14446.072659
88.741415,129,14448.391939
88.749713,146,14451.161607
89.379294,108,14453.06064
88.78835,169,14455.85335
88.751078,162,14458.654599
88.621659,184,14461.546517
-7.069397,3,14461.659106
4.747525,21,14462.944779
88.971731,159,14465.543061
-9.16,1,14465.623101
88.642608,139,14467.818546
88.317114,207,14471.058415
89.014816,143,14473.505232
88.484491,174,14476.834485
88.550315,174,14480.37899
88.641125,168,14484.430891
85.966104,115,14487.206829
88.530974,194,14490.802471
88.847825,157,14494.020361
88.788143,118,14496.456742
88.597005,205,14500.395062
88.35948,182,14504.889617
86.629036,140,14507.386081
89.028431,118,14509.527466
88.652676,187,14512.781446
88.47751,215,14516.888398
88.651743,189,14520.406646
88.986496,169,14523.663221
88.612181,138,14526.41324
88.994379,145,14529.211527
88.875748,161,14531.960322
58.045895,132,14534.232553
71.000416,162,14536.894146
86.0384,105,14538.822156
88.966802,149,14542.41252
88.443406,198,14545.933169
-7.4,5,14546.089057
88.637111,136,14548.900567
88.97506,154,14551.806423
88.621457,172,14554.547752
89.087478,141,14556.794683
88.523735,149,14559.71976
89.119834,147,14562.848564
89.118364,136,14565.305918
89.035246,114,14567.49906
89.397064,93,14569.314321
85.449818,159,14571.984945
88.752168,124,14573.998346
88.729064,134,14576.403374
88.384882,179,14580.826591
88.614793,186,14583.792118
88.426388,182,14586.93025
88.411851,195,14590.414642
88.564018,159,14593.483002
88.612758,155,14596.385216
88.711735,198,14599.941792
88.673826,202,14603.960839
86.088976,164,14606.949357
88.913157,156,14610.228327
88.768893,142,14612.865069
88.678899,155,14615.873348
-10.0,1,14615.954257
88.775795,116,14619.682948
88.798506,182,14622.919176
-7.36,7,14623.100459
89.175168,119,14625.22511
8.732509,39,14625.972549
88.893336,155,14629.110885
88.769751,141,14632.134885
-7.36,7,14632.359196
88.547084,177,14635.892736
88.903886,127,14638.499718
88.404269,187,14642.203652
86.152422,116,14644.548698
89.282823,136,14647.218672
84.689202,148,14649.949292
88.428642,178,14653.705038
86.40733,97,14656.111372
89.223421,132,14658.610018
88.383043,186,14662.594394
88.633786,213,14666.227582
88.824438,182,14669.645145
89.081635,149,14672.609892
86.65813,140,14675.226894
26.583817,86,14676.991972
88.964977,155,14679.90327
88.565945,173,14683.196102
70.534178,125,14685.619447
88.593952,191,14688.855151
86.584055,150,14691.406558
88.470232,196,14694.637698
85.948206,158,14697.234899
88.750022,188,14700.989838
88.836101,137,14703.299915
88.827536,174,14706.09895
88.368805,197,14709.203211
89.124366,141,14711.667318
88.860756,165,14714.515553
88.763283,162,14717.08026
89.263878,126,14719.46994
83.555676,128,14722.089026
83.397652,162,14725.218266
88.420329,193,14728.752463
89.400901,113,14730.738093
88.43367,176,14733.626314
86.158302,168,14737.358005
88.527994,191,14740.530039
88.921162,161,14743.371634
86.206126,93,14745.072823
89.209189,116,14747.027875
88.399846,197,14750.507964
88.410331,181,14753.773314
86.250338,146,14756.252477
-9.16,1,14756.333926
85.501683,142,14758.876543
88.790546,135,14761.561594
88.762846,160,14764.292222
88.515217,211,14767.871608
88.439429,179,14771.626083
88.333852,213,14775.205369
88.762277,152,14778.143201
88.426164,195,14781.899715
-9.16,1,14781.994389
88.585393,194,14785.352705
88.671252,140,14787.919008
88.542678,170,14790.58897
88.742183,123,14792.757069
88.727523,146,14795.617189
60.26137,154,14798.753879
88.457586,208,14802.530037
88.611819,139,14805.179657
86.479983,202,14809.665983
88.657433,169,14812.996833
88.724527,158,14816.130222
88.334655,208,14819.582032
88.711336,155,14822.160603
89.151386,132,14824.369045
88.93987,140,14826.997477
88.502382,180,14830.511997
88.629654,183,14833.859412
88.922166,112,14835.784778
88.849483,144,14838.292154
72.778422,206,14842.246234
88.987019,164,14844.990763
88.863391,118,14848.659675
86.163354,93,14850.711515
88.662076,166,14854.009166
-5.344214,7,14854.207067
89.432863,119,14856.218977
89.293393,118,14858.132672
88.703667,147,14860.752403
88.512175,197,14864.072199
86.569285,153,14866.825449
88.450372,181,14870.199349
88.539336,213,14873.998794
88.450514,212,14877.646812
89.299655,117,14879.633398
88.541023,213,14883.375886
89.018683,184,14887.686747
88.330405,205,14891.596896
24.91135,71,14892.798623
89.335586,122,14894.941746
88.537034,221,14898.316024
88.408817,176,14901.195006
-4.059958,10,14901.420183
88.796381,127,14903.399139
88.475634,196,14906.508191
88.808193,135,14908.745289
88.749225,172,14911.591009
88.688439,194,14914.703682
89.250687,116,14916.589621
88.880142,134,14919.080237
88.429562,184,14923.205367
88.779793,145,14925.877368
88.718275,193,14929.07394
88.534085,191,14932.379319
89.087748,119,14934.276715
89.031092,127,14936.402085
88.428265,182,14939.930496
88.660885,150,14942.582205
89.523779,110,14944.760965
89.264712,111,14946.828755
-7.36,9,14947.109339
86.726614,162,14950.483046
88.736734,154,14953.169487
88.448499,185,14956.353018
88.750699,138,14959.375924
88.644705,197,14962.450206
88.825057,160,14965.03002
89.408672,119,14967.01618
34.852384,93,14968.614668
88.315063,217,14971.795325
88.523993,164,14974.53035
86.972127,104,14976.500932
88.50948,164,14979.345245
89.182326,99,14981.275456
86.44794,148,14983.922616
86.140292,143,14986.534943
88.607464,154,14989.248694
88.893118,181,14992.045492
88.671131,198,14996.055527
88.888739,146,14998.583748
47.242433,91,15000.27448
88.499342,176,15003.242993
88.792944,136,15005.472274
89.36842,115,15007.471967
88.74253,149,15009.888776
88.379696,201,15012.924435
87.172038,153,15015.32914
88.442762,167,15018.038561
88.725081,157,15020.778144
88.714528,158,15023.558897
86.987245,113,15025.35479
89.866163,98,15026.9019
89.076634,139,15030.261232
88.719064,192,15033.554819
89.13977,121,15035.851275
-9.147242,2,15035.948292
89.182956,141,15038.385622
88.862135,137,15040.701105
88.399478,210,15044.112995
89.230131,103,15045.963715
89.052215,154,15048.639433
88.613731,192,15051.859132
88.894273,156,15054.482586
88.595954,195,15057.672166
88.410054,226,15061.545098
88.927064,148,15065.263535
86.518516,169,15068.21126
89.285987,102,15070.256201
84.914182,196,15073.808311
88.833777,157,15076.583606
-7.36,7,15076.800505
33.756499,60,15077.947447
86.199717,181,15081.676966
87.363777,178,15085.265948
88.537473,223,15089.059379
88.612445,194,15092.207204
89.08149,137,15094.776746
88.491648,170,15097.771237
88.273554,213,15101.303646
88.855579,132,15104.759083
88.345803,210,15108.000391
89.549217,115,15110.167263
88.706796,194,15113.632996
88.353883,202,15117.246793
88.578401,173,15121.110808
-3.157232,7,15121.334442
89.089158,113,15123.464058
88.976403,160,15127.489668
-8.24,5,15127.707254
88.524693,193,15131.528788
88.732092,193,15134.864552
88.711871,188,15138.63527
89.800272,107,15140.741679
86.364714,168,15144.920471
88.403499,177,15149.053541
89.505455,101,15150.835494
86.543328,190,15153.892828
89.184467,137,15156.20845
86.676928,136,15158.452254
89.035828,153,15161.153387
1.210721,36,15161.796743
88.515926,191,15164.778497
-7.36,7,15164.961271
88.751399,188,15168.022189
88.687116,206,15171.886178
89.04597,107,15174.085509
88.871277,177,15178.676473
88.389888,183,15183.603417
88.997839,137,15186.509473
88.679798,183,15190.337673
57.154917,151,15193.637483
-9.16,1,15193.731523
88.74789,132,15196.163188
88.998024,157,15199.091086
88.54853,218,15203.086714
88.63943,186,15207.369644
88.821925,121,15210.458045
88.998304,114,15212.808569
88.904178,162,15216.151713
88.337659,190,15219.386738
88.504061,222,15222.674927
89.078539,107,15225.811641
43.622154,117,15228.147911
88.603056,191,15233.093306
89.061699,178,15236.78343
88.630639,182,15240.099364
88.480577,206,15243.569391
88.929789,135,15246.123545
88.574427,176,15249.04508
88.87119,109,15250.938127
88.879487,173,15254.288433
88.528903,178,15257.992913
89.030544,140,15260.5392
88.555039,202,15263.78319
86.681026,188,15268.080711
89.021778,97,15270.224307
89.117053,114,15272.531492
88.373365,186,15276.346372
6.691781,38,15277.229813
88.963103,148,15280.809598
88.643068,184,15284.000971
86.473946,133,15286.279979
88.705099,202,15289.43549
89.575015,98,15291.007906
88.641894,171,15293.660295
88.62509,186,15296.677593
89.149525,140,15299.02896
88.882414,136,15301.314176
89.14839,130,15304.153535
88.931416,135,15306.290872
89.026935,158,15308.781009
88.404896,179,15311.515862
88.77002,106,15313.252721
88.686229,191,15316.243173
88.603975,212,15319.516542
85.986762,145,15321.948946
89.273858,120,15324.078803
88.733066,169,15326.942645
88.61357,188,15330.170343
88.651585,138,15332.552537
89.005514,131,15334.866504
89.138432,115,15337.71029
-7.36,7,15337.892011
88.960356,142,15340.192383
89.229058,181,15343.105416
-4.514848,11,15343.342719
86.190764,164,15346.290598
89.179867,135,15348.639937
88.741456,179,15351.823809
-7.36,7,15352.005828
88.800804,139,15354.392939
89.893832,96,15356.19201
88.461163,209,15359.926954
89.651841,98,15362.090229
88.867328,176,15365.031498
88.713215,188,15368.403721
88.752103,194,15371.696532
88.888375,127,15374.607805
-7.4,5,15374.752114
88.517034,167,15377.539745
88.954315,138,15379.962529
42.902087,105,15381.900993
90.123596,89,15383.388249
88.527672,198,15386.825872
88.452568,203,15390.93985
88.825182,130,15392.997102
88.893658,172,15395.774733
89.514877,98,15397.336226
88.638236,185,15400.290332
88.817541,174,15403.193717
88.775676,174,15406.574838
88.730403,160,15409.249607
90.123596,89,15411.603228
88.871049,160,15414.604379
88.581617,212,15418.63497
86.693522,132,15421.272182
89.289858,133,15423.920658
88.560833,214,15427.69832
-8.48,2,15427.797658
88.781997,183,15430.924743
89.217988,143,15433.674504
88.723139,162,15436.525862
88.366025,198,15439.736135
86.199221,137,15442.078628
88.647483,206,15445.369921
88.559896,222,15449.809341
88.752943,167,15452.783432
88.663088,134,15455.209442
88.689432,129,15457.326652
88.814415,199,15460.458845
88.832397,169,15463.515011
86.033453,157,15466.510123
90.123596,89,15468.035898
89.374034,121,15470.073963
88.957378,177,15472.797274
89.45269,117,15474.765971
89.326162,99,15476.424386
85.242962,179,15479.418461
86.154563,161,15482.115167
88.953917,177,15485.920167
1.229266,20,15486.344245
88.888527,110,15488.652709
84.852725,169,15491.96237
88.449512,162,15494.843105
88.466962,182,15498.908235
65.81212,168,15502.92386
89.153002,116,15505.410322
88.568373,166,15509.153962
88.473087,210,15512.898647
-7.36,7,15513.097117
88.912541,157,15515.868069
88.987338,167,15518.785395
85.636376,127,15520.900413
88.630171,150,15524.345754
89.098667,145,15526.750559
88.424683,206,15530.136137
86.641132,174,15533.038381
88.765472,165,15535.675824
88.587408,178,15538.529107
89.1423,141,15541.120742
88.845096,173,15544.283971
88.640545,214,15547.738677
88.873091,188,15551.059366
0.728601,20,15551.461776
88.961553,163,15554.614414
88.333508,207,15558.091244
88.720539,162,15561.579724
88.976973,139,15563.851249
88.612649,196,15567.061795
88.297393,203,15570.738559
89.463327,159,15574.338563
89.479088,105,15576.666332
89.013454,99,15578.342357
88.634974,171,15581.309441
89.135551,105,15583.144744
88.967645,106,15585.097843
88.347293,222,15588.527982
86.23865,116,15590.6116
86.558993,136,15592.790345
88.368751,209,15596.923141
89.186879,126,15599.004979
88.512816,178,15602.075542
86.707099,187,15605.061568
86.488954,142,15607.306059
88.603377,179,15610.174451
88.542909,181,15613.120698
89.211922,168,15616.25566
88.693982,168,15619.540317
88.439203,188,15622.855695
88.502028,178,15625.740191
-9.16,1,15625.821556
47.395931,105,15627.667512
-8.8,3,15627.7711
88.639146,143,15630.289233
88.930957,163,15633.888721
88.763452,171,15636.652746
88.619246,173,15639.466619
88.89937,157,15642.101816
86.885416,98,15643.966167
89.094196,141,15646.423963
88.642195,181,15649.225605
88.496924,223,15652.379723
88.746657,162,15655.023528
85.602614,143,15657.571533
88.789835,185,15660.795123
88.78089,182,15664.060405
88.655577,184,15667.754902
88.667739,169,15670.377794
88.767148,189,15673.416575
88.61186,173,15676.507627
88.877938,164,15679.194376
88.633154,211,15682.418099
89.076599,112,15684.194365
88.903295,154,15686.716527
88.671566,187,15689.628775
88.673628,197,15692.622543
83.112794,171,15695.526581
88.477703,166,15698.542057
89.046764,140,15702.016824
88.333164,223,15705.490554
88.678976,201,15708.819261
88.422031,202,15711.986285
9.842865,33,15712.594713
89.416217,99,15714.287044
88.776094,162,15717.191218
89.111701,117,15719.626264
88.983042,159,15722.509827
88.806426,126,15724.575199
88.830138,162,15727.263859
89.357918,117,15729.193436
88.642574,208,15732.129282
88.576721,180,15734.862246
88.519798,155,15738.339192
-9.16,1,15738.420409
83.38871,108,15740.230744
89.436129,110,15742.147817
88.894037,165,15744.793178
86.610921,141,15747.461231
89.082405,100,15749.189736
89.238481,125,15751.47918
88.700296,162,15754.068687
-7.36,8,15754.27436
88.548347,178,15757.132084
88.658247,165,15759.738356
88.658355,150,15762.41405
23.476116,57,15763.385128
88.620704,153,15766.035936
86.169886,106,15767.886543
86.771527,154,15770.513798
88.42165,216,15774.423336
86.056974,109,15776.456114
89.399566,121,15778.519466
88.729255,162,15781.298887
88.92038,112,15783.124632
88.801843,118,15785.061589
88.830258,169,15788.03255
88.929557,162,15790.989443
88.960644,123,15793.366587
29.629427,70,15794.673323
88.58785,194,15798.104686
88.640377,220,15801.900484
88.727504,167,15804.662513
88.704558,187,15809.095615
88.449563,196,15812.535482
88.452489,206,15816.386488
88.403797,199,15819.860319
86.414705,150,15822.432079
88.567677,167,15825.21838
88.603446,198,15828.316196
88.368358,199,15831.694691
88.966027,142,15834.152017
88.305755,197,15837.421584
85.839763,129,15839.658324
88.967881,134,15842.144265
88.9069,109,15844.831855
86.277878,137,15847.429914
88.557784,157,15850.428945
88.593532,187,15853.453751
21.314708,58,15854.401475
-8.063917,2,15854.497654
88.575936,163,15857.075414
88.48381,179,15860.155946
85.498173,158,15862.789213
85.839052,171,15865.720339
88.587098,221,15870.663433
88.729756,185,15874.478267
-2.721569,17,15874.888762
88.515669,197,15879.217694
85.30826,131,15881.533979
88.852405,165,15885.853583
-7.6,4,15886.092689
88.738804,143,15888.924391
88.675916,158,15891.691518
88.627591,206,15895.032872
89.142033,137,15897.578704
-7.36,6,15897.881658
-9.16,1,15897.999747
-4.050717,6,15898.209996
89.46593,116,15900.335958
88.683507,148,15902.921507
88.776417,194,15905.856353
88.699801,143,15908.36463
88.792811,183,15911.357513
88.526133,199,15914.573376
88.457663,192,15917.801747
88.784371,170,15921.915106
88.729251,217,15925.952526
88.686623,170,15929.633202
89.046073,112,15931.911149
85.991468,106,15933.956971
88.740777,146,15936.554022
88.763987,184,15939.877482
88.736761,174,15943.2928
89.005198,113,15945.30517
88.977756,214,15948.518626
-7.36,7,15948.69384
89.203849,135,15950.869827
88.796418,146,15953.133225
66.569401,99,15954.741151
88.327538,213,15958.75701
88.973245,136,15961.16294
-8.44,4,15961.284051
88.944037,137,15963.581788
88.985169,127,15965.685689
-8.24,5,15965.823728
88.504901,189,15968.799344
88.724175,175,15971.644583
88.90752,151,15974.281404
88.475396,167,15976.942658
88.403152,209,15980.073808
89.492502,105,15981.833109
88.401282,180,15984.703236
-7.36,11,15984.944955
88.452139,202,15988.330532
88.463081,185,15991.39954
88.806558,155,15995.225037
88.473975,167,15998.120782
88.57166,190,16000.949746
88.809422,179,16003.829005
88.77846,157,16006.47752
86.559725,120,16008.477662
86.62337,189,16011.437993
86.247619,183,16015.069928
88.532842,176,16018.376964
88.687835,148,16020.972702
86.578416,187,16023.875783
89.483339,128,16026.07313
86.822799,172,16029.829375
83.970102,196,16033.216951
82.800615,144,16035.715455
89.264305,133,16038.032573
88.896937,134,16040.258149
88.586277,175,16043.226603
89.30478,126,16045.490344
88.645635,175,16048.348573
88.815431,167,16050.953789
86.597692,145,16053.373004
-9.16,1,16053.453354
86.427957,129,16055.55741
88.381192,185,16058.523336
89.862425,90,16059.997418
88.854788,153,16062.6606
88.631193,194,16067.207841
89.684821,106,16069.165988
86.221843,132,16071.646669
88.417007,193,16074.619948
-7.4,5,16074.759604
88.540275,189,16077.523386
88.654326,149,16080.133276
88.862928,144,16082.636347
25.042733,50,16083.555224
88.899146,154,16085.983717
88.394398,206,16089.212074
89.007588,128,16091.338133
88.582382,153,16093.820359
88.806683,126,16095.803711
89.209455,142,16098.033537
88.864976,177,16101.846772
88.393209,208,16104.779529
86.324725,200,16108.153958
88.487463,196,16112.013228
37.110012,64,16113.488502
85.454734,138,16116.082094
88.58768,187,16119.319446
88.547475,175,16122.435639
89.602466,100,16124.382239
88.407768,215,16128.032327
88.481714,211,16131.368649
88.71261,157,16133.88914
88.421486,212,16137.972705
88.619255,193,16141.193461
88.486141,201,16144.551735
89.216815,103,16146.260712
88.572275,206,16149.726191
89.689729,97,16151.325198
88.96887,135,16153.654353
88.84426,158,16156.285825
88.551793,201,16159.4251
86.075875,161,16162.096111
85.843539,111,16163.997761
88.522956,175,16166.787808
85.88535,192,16170.908271
88.60041,155,16173.396426
88.548756,199,16176.450645
88.801877,179,16179.262134
-7.6,4,16179.386104
88.546731,179,16182.116626
88.784474,178,16185.082117
88.506777,194,16188.225299
89.057375,157,16190.795757
89.19321,140,16193.142841
88.453942,171,16196.030683
88.40931,185,16199.196662
87.499916,160,16202.066007
-5.050246,5,16202.217573
86.347305,106,16205.103695
88.902605,175,16208.590576
88.694445,158,16212.164944
88.495919,191,16217.078883
86.506593,210,16221.034458
86.665561,196,16225.003789
-7.36,6,16225.1899
86.92983,172,16228.234604
-7.4,5,16228.380438
88.616703,163,16231.099011
11.191586,53,16232.010063
88.548498,207,16235.261155
89.322615,110,16237.206867
86.044979,140,16239.653455
90.123596,89,16241.117066
88.342758,205,16245.502813
88.348825,208,16248.817376
86.19135,147,16251.498045
88.324795,201,16254.887325
88.391969,184,16258.24728
88.871771,171,16261.72984
88.798913,198,16265.528903
88.749905,169,16268.335413
88.613276,181,16271.504489
88.652783,151,16274.129207
88.408557,175,16277.150263
88.892001,162,16280.012899
88.708339,166,16283.75995
88.84784,169,16286.704144
88.696425,152,16289.265155
88.400347,202,16292.460523
88.338614,199,16295.660454
88.50638,181,16298.588606
88.687384,163,16301.317144
88.835973,158,16303.925141
88.356132,182,16307.041215
84.009422,149,16309.96249
86.068819,104,16312.009784
88.482879,206,16315.895011
86.27692,119,16319.073252
88.648959,182,16322.066713
88.365863,185,16325.257863
-8.8,3,16325.362037
89.170432,132,16327.580372
88.417305,187,16330.535378
-8.48,2,16330.634431
88.751292,186,16333.642189
88.8846,149,16336.467585
88.50891,190,16339.687595
88.553487,162,16342.336256
89.08734,156,16344.825818
88.546447,148,16347.316035
86.23602,109,16349.308121
86.531,200,16353.435227
-7.36,6,16353.602171
88.44707,212,16356.922251
88.624889,200,16360.572724
88.38385,204,16364.52348
88.615639,192,16368.541821
88.636181,209,16372.049226
88.630355,174,16374.962189
89.097704,152,16377.638199
88.645614,189,16380.952295
86.312792,146,16383.512689
20.361102,63,16384.54542
88.440181,181,16387.446467
88.829325,155,16390.810766
88.876577,168,16393.419135
88.399548,222,16396.68168
88.774749,177,16399.427532
88.367025,210,16402.436035
88.881854,198,16405.37352
88.572451,163,16408.01077
85.591239,126,16410.13782
-9.030146,1,16410.219909
89.021693,105,16412.172368
-7.36,10,16412.398001
88.914283,153,16414.835014
12.061949,55,16415.777266
88.509642,197,16418.871951
88.817055,161,16421.472751
84.549983,146,16424.890448
85.963959,119,16427.126278
-8.8,3,16427.23641
85.468665,189,16430.520543
89.252375,143,16433.225471
89.25808,108,16434.942048
89.602429,104,16436.600491
85.765085,213,16439.802178
86.261638,172,16442.509188
85.929827,111,16444.382024
88.661129,192,16447.740115
-9.16,1,16447.835146
88.634851,179,16451.02772
46.402707,115,16453.21727
89.155421,100,16455.074963
89.101159,126,16457.253386
88.375753,184,16461.174102
89.046706,147,16463.637687
88.441334,186,16466.580039
14.294374,33,16467.169435
88.628103,151,16469.965272
86.185027,160,16472.769931
-9.16,1,16472.853422
88.507539,226,16476.908346
12.212664,42,16477.79885
88.604774,175,16481.150057
88.314706,206,16485.133467
88.922868,160,16488.319622
88.531827,194,16491.627468
88.613319,159,16494.249076
88.77146,195,16498.396745
88.724263,166,16501.083158
17.550306,56,16502.073185
88.617032,183,16505.291631
88.627419,200,16508.714559
85.69971,157,16511.758324
-8.410185,2,16511.87268
88.451221,187,16514.827815
88.804387,189,16517.702
88.720121,211,16520.891016
88.837236,160,16523.49216
88.635352,140,16525.863805
89.064779,144,16528.308517
88.748442,175,16532.068128
86.353768,174,16535.043225
89.295567,105,16536.949683
88.522783,202,16540.138763
88.587383,168,16543.298964
88.56165,161,16546.342051
86.927872,131,16548.578538
89.496309,109,16550.387465
88.422887,214,16553.671494
86.672465,160,16556.464705
-7.36,9,16556.691818
88.714657,183,16559.707949
88.421174,176,16562.65085
89.097384,109,16564.441697
88.759194,143,16567.793592
88.343042,201,16571.136857
88.893595,118,16573.220462
88.640996,189,16576.638389
89.381952,122,16578.969083
88.581561,203,16582.113634
88.523358,180,16585.036323
88.800133,130,16587.226179
88.510602,166,16590.530818
88.823346,164,16593.989761
88.84148,113,16596.974446
88.494322,198,16601.91756
89.28509,115,16604.310464
88.750099,171,16608.275967
88.310759,192,16612.112008
89.080133,126,16614.276999
88.787375,186,16617.660898
90.123596,89,16619.104211
89.767356,97,16620.839214
88.553601,150,16623.356253
88.628866,194,16626.373048
89.420972,126,16628.437618
89.1124,188,16631.558005
88.906157,145,16633.898504
88.358889,199,16637.117214
89.307877,104,16638.765708
88.479672,189,16641.682426
89.135869,116,16644.344325
88.462348,177,16647.341266
89.357734,108,16649.201083
86.823291,141,16651.64837
88.653506,208,16655.023626
88.956377,136,16657.160429
-7.4,5,16657.312452
89.077654,134,16659.635853
-7.36,8,16659.854911
88.735085,167,16663.037088
88.719266,131,16665.687721
88.584634,208,16670.165536
88.836813,176,16673.002272
89.029417,130,16675.245361
-4.795585,6,16675.418157
88.57828,192,16678.567136
89.301348,120,16681.459052
-10.0,1,16681.528383
88.657427,159,16684.035154
-8.36,8,16684.221109
88.719179,195,16687.341823
89.163537,97,16689.048467
88.667056,131,16691.341473
88.693132,157,16693.9692
89.301856,104,16695.726865
88.781923,137,16697.936081
88.465309,216,16701.356247
88.48265,153,16703.846689
88.741766,163,16706.630076
41.76147,106,16708.399444
88.549844,156,16710.831631
88.413076,207,16714.685253
-9.16,1,16714.766776
88.975085,155,16717.387686
88.630755,162,16720.378953
88.838623,201,16724.313173
88.41607,235,16729.133779
88.568947,193,16732.366134
88.558053,160,16735.605384
88.998797,178,16739.750835
88.633476,195,16743.738037
88.675156,171,16746.762165
89.222642,132,16748.925656
88.73107,163,16751.775808
88.46088,184,16755.451277
88.434138,173,16758.424774
88.497957,168,16761.901097
88.688601,168,16765.182316
88.928483,148,16767.837896
39.766296,112,16769.740312
89.038116,112,16771.588342
88.69632,199,16774.944651
88.88327,151,16777.424845
88.35221,204,16781.173461
89.095524,136,16784.108258
88.433427,172,16787.169552
85.949994,153,16789.947572
83.750971,141,16793.194912
88.75854,153,16796.070881
88.818874,117,16798.217113
89.404867,113,16800.431491
89.088864,153,16803.617729
88.774809,135,16806.477358
86.034196,199,16810.930676
88.406447,169,16813.635564
89.168106,130,16816.104266
88.547044,158,16818.844269
89.114606,120,16820.913583
88.537798,171,16823.616085
88.837107,176,16826.475087
88.911936,147,16828.907655
88.635389,138,16832.236943
88.869475,118,16834.122707
89.305756,126,16836.085863
89.048767,146,16838.411816
89.255276,113,16840.2804
86.710034,183,16843.405016
88.458023,170,16846.310297
88.631615,160,16849.024246
88.45986,170,16851.853165
18.535484,67,16852.974374
89.878138,101,16854.566175
88.537735,216,16857.801906
89.224458,98,16859.360414
88.25622,221,16862.773037
85.831959,106,16865.641856
89.627584,100,16867.465352
86.282019,99,16869.223641
86.48706,146,16871.544303
88.605568,144,16873.830147
88.636352,192,16876.834845
88.847738,167,16879.411412
88.84177,175,16882.130669
88.630021,154,16884.468827
88.555566,214,16887.706459
88.413021,201,16890.994779
85.982029,159,16893.865157
72.387378,93,16895.6014
88.975265,121,16897.668059
89.03731,126,16900.796091
88.616431,183,16903.894008
89.004268,181,16907.22646
88.556127,211,16910.777251
86.551926,186,16913.554352
88.839065,160,16915.992404
88.736384,165,16918.834723
26.076022,48,16919.676258
88.729264,136,16921.96024
88.387797,192,16925.131553
88.413913,189,16928.681624
88.346253,189,16931.858897
88.573572,202,16936.034838
88.523365,164,16938.693042
88.669224,145,16941.126126
86.242649,192,16943.968982
3.601462,20,16944.385388
86.337546,104,16946.19454
88.742279,189,16949.133169
88.929078,137,16951.427158
83.367148,141,16953.611417
88.416178,161,16956.227452
88.989865,157,16958.85788
89.004426,156,16961.312188
-3.468337,7,16961.488635
88.504447,200,16964.923819
-9.16,1,16965.014783
88.519723,185,16968.873501
88.961509,144,16971.667776
-8.24,5,16971.819807
88.462692,186,16975.087905
89.181134,125,16977.630268
83.390717,198,16980.779816
90.123596,89,16982.228646
88.458123,191,16985.358697
88.541058,191,16988.919563
88.860558,142,16991.642848
89.048428,172,16995.379374
89.205987,129,16998.020744
88.520573,190,17002.487547
-7.36,9,17002.792896
88.464876,171,17006.034858
88.505031,208,17010.538778
85.865553,184,17013.307075
86.371441,149,17015.824676
85.852723,125,17017.904017
88.703245,177,17021.27629
-8.391542,4,17021.410608
88.802789,134,17023.80037
88.600122,176,17026.896735
89.105589,136,17029.315272
88.688782,212,17033.390898
89.066295,138,17035.95872
88.707961,178,17039.080251
88.477898,194,17042.676419
88.77617,195,17047.223403
89.065333,102,17049.633909
89.124304,131,17052.753716
88.947442,134,17055.902426
72.800403,202,17059.197378
88.897303,171,17061.974034
86.329986,154,17064.360906
88.588763,157,17066.902072
86.539524,117,17068.91747
88.389846,182,17071.859504
89.033532,120,17073.81208
88.902338,168,17076.550138
88.839678,166,17079.783183
89.196555,122,17082.272854
88.972497,160,17086.591249
88.512957,197,17090.632317
88.780952,192,17093.65326
88.415531,208,17096.856292
88.457188,166,17099.687159
88.922614,121,17101.819823
88.607597,180,17104.697207
85.196779,110,17106.601984
-5.267343,7,17106.789016
86.023514,198,17109.897291
89.004376,116,17111.927541
83.413556,192,17115.219352
24.827537,56,17116.497663
88.480052,187,17120.660402
88.775699,194,17125.61873
-9.16,1,17125.714055
88.767742,200,17129.436746
-10.0,1,17129.511737
89.467559,97,17131.243907
88.618534,224,17134.773639
88.471311,176,17137.84008
88.570705,146,17140.25841
89.166086,177,17143.312286
88.601586,201,17147.031358
64.089399,143,17149.695168
88.516237,180,17152.544568
88.65945,147,17155.197392
86.977697,134,17157.42386
88.979169,205,17161.770855
86.359711,133,17164.081581
88.721002,141,17166.409383
88.54323,198,17169.421085
89.255328,135,17171.607521
88.516773,208,17174.864027
89.458725,112,17176.782721
88.479067,211,17180.043913
88.626262,202,17183.014263
88.718118,156,17185.536408
88.431954,203,17189.01763
55.096535,141,17191.443575
