timestep,episode,collision,near_collision,outside_road,reached_exit,max_steps
1,0,0,0,1,0,0
17,1,0,0,1,0,0
34,2,0,0,1,0,0
63,3,0,0,1,0,0
81,4,0,0,1,0,0
102,5,0,0,1,0,0
162,6,0,0,1,0,0
168,7,0,0,1,0,0
172,8,0,0,1,0,0
174,9,0,0,1,0,0
191,10,0,0,1,0,0
200,11,1,0,0,0,0
217,12,0,0,1,0,0
219,13,0,0,1,0,0
220,14,0,0,1,0,0
226,15,0,0,1,0,0
238,16,0,0,1,0,0
241,17,0,0,1,0,0
245,18,0,0,1,0,0
249,19,0,0,1,0,0
261,20,0,0,1,0,0
263,21,0,0,1,0,0
275,22,0,0,1,0,0
278,23,0,0,1,0,0
297,24,0,0,1,0,0
300,25,0,0,1,0,0
313,26,0,0,1,0,0
314,27,0,0,1,0,0
319,28,0,0,1,0,0
337,29,0,0,1,0,0
338,30,0,0,1,0,0
346,31,0,0,1,0,0
353,32,0,0,1,0,0
355,33,0,0,1,0,0
362,34,0,0,1,0,0
363,35,0,0,1,0,0
369,36,0,0,1,0,0
382,37,0,0,1,0,0
386,38,0,0,1,0,0
397,39,0,0,1,0,0
421,40,0,0,1,0,0
428,41,0,0,1,0,0
451,42,0,0,1,0,0
452,43,0,0,1,0,0
459,44,0,0,1,0,0
466,45,0,0,1,0,0
468,46,0,0,1,0,0
491,47,0,0,1,0,0
494,48,0,0,1,0,0
518,49,0,0,1,0,0
523,50,0,0,1,0,0
524,51,0,0,1,0,0
527,52,0,0,1,0,0
528,53,0,0,1,0,0
532,54,0,0,1,0,0
543,55,0,0,1,0,0
555,56,0,0,1,0,0
560,57,0,0,1,0,0
565,58,0,0,1,0,0
571,59,0,0,1,0,0
574,60,0,0,1,0,0
610,61,0,0,1,0,0
618,62,0,0,1,0,0
629,63,0,0,1,0,0
661,64,0,0,1,0,0
673,65,0,0,1,0,0
688,66,0,0,1,0,0
701,67,0,0,1,0,0
703,68,0,0,1,0,0
710,69,0,0,1,0,0
724,70,0,0,1,0,0
754,71,0,0,1,0,0
772,72,0,0,1,0,0
775,73,0,0,1,0,0
815,74,0,0,1,0,0
823,75,0,0,1,0,0
836,76,0,0,1,0,0
890,77,0,0,1,0,0
895,78,0,0,1,0,0
930,79,0,0,1,0,0
1015,80,0,0,0,1,0
1062,81,0,0,1,0,0
1070,82,0,0,1,0,0
1086,83,0,0,1,0,0
1094,84,0,0,1,0,0
1100,85,0,0,1,0,0
1114,86,0,0,1,0,0
1127,87,0,0,1,0,0
1142,88,0,0,1,0,0
1155,89,0,0,1,0,0
1165,90,0,0,1,0,0
1174,91,0,0,1,0,0
1187,92,0,0,1,0,0
1210,93,0,0,1,0,0
1213,94,0,0,1,0,0
1220,95,0,0,1,0,0
1241,96,0,0,1,0,0
1247,97,0,0,1,0,0
1255,98,0,0,1,0,0
1259,99,0,0,1,0,0
1265,100,0,0,1,0,0
1272,101,0,0,1,0,0
1277,102,0,0,1,0,0
1296,103,0,0,1,0,0
1331,104,0,0,1,0,0
1365,105,0,0,1,0,0
1379,106,0,0,1,0,0
1388,107,0,0,1,0,0
1394,108,0,0,1,0,0
1407,109,0,0,1,0,0
1410,110,0,0,1,0,0
1427,111,0,0,1,0,0
1432,112,0,0,1,0,0
1455,113,0,0,1,0,0
1463,114,0,0,1,0,0
1481,115,0,0,1,0,0
1483,116,0,0,1,0,0
1486,117,0,0,1,0,0
1491,118,0,0,1,0,0
1492,119,0,0,1,0,0
1497,120,0,0,1,0,0
1510,121,0,0,1,0,0
1512,122,0,0,1,0,0
1515,123,0,0,1,0,0
1544,124,0,0,1,0,0
1547,125,0,0,1,0,0
1569,126,0,0,1,0,0
1581,127,0,0,1,0,0
1594,128,0,0,1,0,0
1595,129,0,0,1,0,0
1596,130,0,0,1,0,0
1613,131,0,0,1,0,0
1636,132,0,0,1,0,0
1640,133,0,0,1,0,0
1680,134,0,0,1,0,0
1688,135,0,0,1,0,0
1699,136,0,0,1,0,0
1715,137,0,0,1,0,0
1726,138,0,0,1,0,0
1744,139,0,0,1,0,0
1752,140,0,0,1,0,0
1753,141,0,0,1,0,0
1764,142,0,0,1,0,0
1769,143,0,0,1,0,0
1770,144,0,0,1,0,0
1774,145,0,0,1,0,0
1785,146,0,0,1,0,0
1787,147,0,0,1,0,0
1819,148,0,0,1,0,0
1842,149,0,0,1,0,0
1848,150,0,0,1,0,0
1860,151,0,0,1,0,0
1865,152,0,0,1,0,0
1892,153,0,0,1,0,0
1894,154,0,0,1,0,0
1916,155,0,0,1,0,0
1969,156,0,0,1,0,0
1978,157,0,0,1,0,0
1989,158,0,0,1,0,0
2012,159,0,0,1,0,0
2024,160,0,0,1,0,0
2042,161,0,0,1,0,0
2055,162,0,0,1,0,0
2061,163,0,0,1,0,0
2062,164,0,0,1,0,0
2107,165,0,0,1,0,0
2120,166,0,0,1,0,0
2124,167,0,0,1,0,0
2133,168,0,0,1,0,0
2140,169,0,0,1,0,0
2152,170,0,0,1,0,0
2158,171,0,0,1,0,0
2175,172,0,0,1,0,0
2199,173,0,0,1,0,0
2203,174,0,0,1,0,0
2211,175,0,0,1,0,0
2225,176,0,0,1,0,0
2237,177,0,0,1,0,0
2250,178,0,0,1,0,0
2256,179,0,0,1,0,0
2275,180,0,0,1,0,0
2283,181,0,0,1,0,0
2315,182,0,0,1,0,0
2329,183,0,0,1,0,0
2355,184,0,0,1,0,0
2365,185,0,0,1,0,0
2379,186,0,0,1,0,0
2384,187,0,0,1,0,0
2399,188,0,0,1,0,0
2413,189,0,0,1,0,0
2415,190,0,0,1,0,0
2424,191,0,0,1,0,0
2425,192,0,0,1,0,0
2430,193,0,0,1,0,0
2450,194,0,0,1,0,0
2461,195,0,0,1,0,0
2466,196,0,0,1,0,0
2473,197,0,0,1,0,0
2493,198,0,0,1,0,0
2509,199,0,0,1,0,0
2521,200,0,0,1,0,0
2531,201,0,0,1,0,0
2569,202,0,0,1,0,0
2593,203,0,0,1,0,0
2595,204,0,0,1,0,0
2605,205,0,0,1,0,0
2608,206,0,0,1,0,0
2626,207,0,0,1,0,0
2632,208,0,0,1,0,0
2639,209,0,0,1,0,0
2696,210,0,0,1,0,0
2708,211,0,0,1,0,0
2750,212,0,0,1,0,0
2752,213,0,0,1,0,0
2759,214,0,0,1,0,0
2766,215,0,0,1,0,0
2783,216,0,0,1,0,0
2790,217,0,0,1,0,0
2820,218,0,0,1,0,0
2825,219,0,0,1,0,0
2831,220,0,0,1,0,0
2835,221,0,0,1,0,0
2839,222,0,0,1,0,0
2856,223,0,0,1,0,0
2859,224,0,0,1,0,0
2868,225,0,0,1,0,0
2899,226,0,0,1,0,0
2915,227,0,0,1,0,0
2918,228,0,0,1,0,0
2926,229,0,0,1,0,0
2931,230,0,0,1,0,0
2962,231,0,0,1,0,0
2972,232,0,0,1,0,0
2982,233,0,0,1,0,0
2996,234,0,0,1,0,0
3012,235,0,0,1,0,0
3032,236,0,0,1,0,0
3033,237,0,0,1,0,0
3064,238,0,0,1,0,0
3074,239,0,0,1,0,0
3083,240,1,0,0,0,0
3089,241,0,0,1,0,0
3096,242,0,0,1,0,0
3106,243,0,0,1,0,0
3107,244,0,0,1,0,0
3116,245,0,0,1,0,0
3134,246,0,0,1,0,0
3156,247,0,0,1,0,0
3184,248,0,0,1,0,0
3217,249,0,0,1,0,0
3221,250,0,0,1,0,0
3228,251,0,0,1,0,0
3257,252,0,0,1,0,0
3264,253,0,0,1,0,0
3269,254,0,0,1,0,0
3270,255,0,0,1,0,0
3275,256,0,0,1,0,0
3278,257,0,0,1,0,0
3284,258,0,0,1,0,0
3298,259,0,0,1,0,0
3329,260,0,0,1,0,0
3371,261,0,0,1,0,0
3403,262,0,0,1,0,0
3418,263,0,0,1,0,0
3448,264,0,0,1,0,0
3485,265,0,0,1,0,0
3496,266,0,0,1,0,0
3498,267,0,0,1,0,0
3520,268,0,0,1,0,0
3521,269,0,0,1,0,0
3528,270,0,0,1,0,0
3531,271,0,0,1,0,0
3546,272,0,0,1,0,0
3562,273,0,0,1,0,0
3563,274,0,0,1,0,0
3576,275,0,0,1,0,0
3579,276,0,0,1,0,0
3588,277,0,0,1,0,0
3591,278,0,0,1,0,0
3594,279,0,0,1,0,0
3608,280,0,0,1,0,0
3614,281,0,0,1,0,0
3621,282,0,0,1,0,0
3647,283,0,0,1,0,0
3649,284,1,0,0,0,0
3661,285,0,0,1,0,0
3702,286,0,0,1,0,0
3728,287,0,0,1,0,0
3744,288,0,0,1,0,0
3753,289,0,0,1,0,0
3786,290,0,0,1,0,0
3787,291,0,0,1,0,0
3836,292,0,0,1,0,0
3837,293,0,0,1,0,0
3883,294,0,0,1,0,0
3887,295,0,0,1,0,0
3899,296,0,0,1,0,0
3929,297,0,0,1,0,0
3941,298,0,0,1,0,0
3942,299,0,0,1,0,0
3951,300,0,0,1,0,0
3955,301,0,0,1,0,0
3958,302,1,0,0,0,0
3963,303,0,0,1,0,0
3973,304,0,0,1,0,0
3985,305,0,0,1,0,0
4002,306,0,0,1,0,0
4013,307,0,0,1,0,0
4032,308,0,0,1,0,0
4071,309,0,0,1,0,0
4081,310,0,0,1,0,0
4083,311,0,0,1,0,0
4122,312,0,0,1,0,0
4124,313,0,0,1,0,0
4133,314,0,0,1,0,0
4173,315,0,0,1,0,0
4184,316,0,0,1,0,0
4185,317,0,0,1,0,0
4218,318,0,0,1,0,0
4241,319,0,0,1,0,0
4244,320,0,0,1,0,0
4250,321,0,0,1,0,0
4277,322,0,0,1,0,0
4281,323,0,0,1,0,0
4284,324,0,0,1,0,0
4305,325,0,0,1,0,0
4306,326,0,0,1,0,0
4311,327,0,0,1,0,0
4318,328,0,0,1,0,0
4347,329,0,0,1,0,0
4348,330,0,0,1,0,0
4373,331,0,0,1,0,0
4382,332,0,0,1,0,0
4384,333,0,0,1,0,0
4396,334,0,0,1,0,0
4400,335,0,0,1,0,0
4413,336,0,0,1,0,0
4433,337,0,0,1,0,0
4435,338,0,0,1,0,0
4441,339,0,0,1,0,0
4446,340,0,0,1,0,0
4450,341,0,0,1,0,0
4491,342,0,0,1,0,0
4510,343,0,0,1,0,0
4517,344,0,0,1,0,0
4528,345,0,0,1,0,0
4538,346,0,0,1,0,0
4543,347,0,0,1,0,0
4544,348,0,0,1,0,0
4583,349,0,0,1,0,0
4584,350,0,0,1,0,0
4595,351,0,0,1,0,0
4599,352,0,0,1,0,0
4604,353,0,0,1,0,0
4609,354,0,0,1,0,0
4615,355,0,0,1,0,0
4618,356,0,0,1,0,0
4628,357,0,0,1,0,0
4676,358,0,0,1,0,0
4684,359,0,0,1,0,0
4707,360,0,0,1,0,0
4757,361,0,0,1,0,0
4759,362,0,0,1,0,0
4797,363,0,0,1,0,0
4798,364,0,0,1,0,0
4810,365,0,0,1,0,0
4830,366,0,0,1,0,0
4832,367,0,0,1,0,0
4833,368,0,0,1,0,0
4837,369,0,0,1,0,0
4869,370,0,0,1,0,0
4946,371,0,0,1,0,0
4971,372,0,0,1,0,0
5003,373,0,0,1,0,0
5021,374,0,0,1,0,0
5031,375,0,0,1,0,0
5035,376,0,0,1,0,0
5043,377,0,0,1,0,0
5056,378,0,0,1,0,0
5065,379,0,0,1,0,0
5070,380,0,0,1,0,0
5079,381,0,0,1,0,0
5105,382,0,0,1,0,0
5120,383,0,0,1,0,0
5131,384,0,0,1,0,0
5142,385,0,0,1,0,0
5179,386,0,0,1,0,0
5189,387,0,0,1,0,0
5254,388,0,0,0,1,0
5258,389,0,0,1,0,0
5264,390,0,0,1,0,0
5325,391,0,0,1,0,0
5342,392,0,0,1,0,0
5346,393,0,0,1,0,0
5361,394,0,0,1,0,0
5379,395,0,0,1,0,0
5383,396,0,0,1,0,0
5396,397,0,0,1,0,0
5400,398,0,0,1,0,0
5414,399,0,0,1,0,0
5425,400,0,0,1,0,0
5431,401,0,0,1,0,0
5443,402,0,0,1,0,0
5452,403,0,0,1,0,0
5453,404,0,0,1,0,0
5476,405,0,0,1,0,0
5484,406,0,0,1,0,0
5499,407,0,0,1,0,0
5505,408,0,0,1,0,0
5530,409,0,0,1,0,0
5560,410,0,0,1,0,0
5579,411,0,0,1,0,0
5612,412,0,0,1,0,0
5632,413,0,0,1,0,0
5641,414,0,0,1,0,0
5644,415,0,0,1,0,0
5645,416,0,0,1,0,0
5659,417,0,0,1,0,0
5683,418,0,0,1,0,0
5689,419,0,0,1,0,0
5723,420,0,0,1,0,0
5739,421,0,0,1,0,0
5743,422,0,0,1,0,0
5772,423,0,0,1,0,0
5775,424,0,0,1,0,0
5789,425,0,0,1,0,0
5800,426,0,0,1,0,0
5809,427,0,0,1,0,0
5838,428,0,0,1,0,0
5862,429,0,0,1,0,0
5868,430,0,0,1,0,0
5881,431,0,0,1,0,0
5892,432,0,0,1,0,0
5925,433,0,0,1,0,0
5956,434,0,0,1,0,0
5977,435,0,0,1,0,0
5996,436,0,0,1,0,0
6000,437,0,0,1,0,0
6010,438,0,0,1,0,0
6026,439,0,0,1,0,0
6027,440,0,0,1,0,0
6028,441,0,0,1,0,0
6030,442,0,0,1,0,0
6074,443,0,0,1,0,0
6075,444,0,0,1,0,0
6090,445,0,0,1,0,0
6092,446,0,0,1,0,0
6105,447,0,0,1,0,0
6122,448,0,0,1,0,0
6152,449,0,0,1,0,0
6163,450,0,0,1,0,0
6173,451,0,0,1,0,0
6181,452,0,0,1,0,0
6183,453,0,0,1,0,0
6218,454,0,0,1,0,0
6262,455,0,0,1,0,0
6274,456,0,0,1,0,0
6276,457,0,0,1,0,0
6279,458,0,0,1,0,0
6287,459,0,0,1,0,0
6298,460,0,0,1,0,0
6313,461,0,0,1,0,0
6325,462,0,0,1,0,0
6332,463,0,0,1,0,0
6344,464,0,0,1,0,0
6348,465,0,0,1,0,0
6390,466,0,0,1,0,0
6393,467,0,0,1,0,0
6410,468,0,0,1,0,0
6415,469,0,0,1,0,0
6418,470,0,0,1,0,0
6441,471,1,0,0,0,0
6461,472,0,0,1,0,0
6463,473,0,0,1,0,0
6466,474,0,0,1,0,0
6470,475,0,0,1,0,0
6471,476,0,0,1,0,0
6476,477,0,0,1,0,0
6489,478,0,0,1,0,0
6492,479,0,0,1,0,0
6497,480,0,0,1,0,0
6524,481,0,0,1,0,0
6550,482,0,0,1,0,0
6551,483,0,0,1,0,0
6566,484,0,0,1,0,0
6573,485,0,0,1,0,0
6574,486,0,0,1,0,0
6659,487,0,0,1,0,0
6675,488,0,0,1,0,0
6677,489,0,0,1,0,0
6682,490,0,0,1,0,0
6711,491,0,0,1,0,0
6721,492,0,0,1,0,0
6758,493,0,0,1,0,0
6774,494,0,0,1,0,0
6801,495,0,0,1,0,0
6822,496,0,0,1,0,0
6834,497,0,0,1,0,0
6838,498,0,0,1,0,0
6861,499,0,0,1,0,0
6869,500,0,0,1,0,0
6884,501,0,0,1,0,0
6886,502,0,0,1,0,0
6920,503,0,0,1,0,0
6923,504,0,0,1,0,0
6941,505,0,0,1,0,0
6946,506,0,0,1,0,0
6954,507,0,0,1,0,0
7011,508,0,0,1,0,0
7013,509,0,0,1,0,0
7044,510,0,0,1,0,0
7060,511,0,0,1,0,0
7072,512,0,0,1,0,0
7091,513,0,0,1,0,0
7098,514,0,0,1,0,0
7104,515,0,0,1,0,0
7133,516,0,0,1,0,0
7139,517,0,0,1,0,0
7144,518,0,0,1,0,0
7192,519,0,0,1,0,0
7193,520,0,0,1,0,0
7200,521,0,0,1,0,0
7204,522,0,0,1,0,0
7210,523,0,0,1,0,0
7236,524,0,0,1,0,0
7249,525,0,0,1,0,0
7258,526,0,0,1,0,0
7290,527,0,0,1,0,0
7318,528,0,0,1,0,0
7322,529,0,0,1,0,0
7346,530,0,0,1,0,0
7347,531,0,0,1,0,0
7358,532,0,0,1,0,0
7361,533,0,0,1,0,0
7397,534,0,0,1,0,0
7404,535,0,0,1,0,0
7406,536,0,0,1,0,0
7413,537,0,0,1,0,0
7415,538,0,0,1,0,0
7423,539,0,0,1,0,0
7428,540,0,0,1,0,0
7436,541,0,0,1,0,0
7439,542,0,0,1,0,0
7471,543,0,0,1,0,0
7494,544,0,0,1,0,0
7533,545,0,0,1,0,0
7535,546,0,0,1,0,0
7558,547,0,0,1,0,0
7566,548,0,0,1,0,0
7589,549,0,0,1,0,0
7591,550,0,0,1,0,0
7599,551,0,0,1,0,0
7607,552,0,0,1,0,0
7642,553,0,0,1,0,0
7645,554,0,0,1,0,0
7661,555,0,0,1,0,0
7685,556,0,0,1,0,0
7747,557,0,0,1,0,0
7753,558,0,0,1,0,0
7800,559,0,0,1,0,0
7825,560,0,0,1,0,0
7827,561,0,0,1,0,0
7839,562,0,0,1,0,0
7875,563,0,0,1,0,0
7876,564,0,0,1,0,0
7904,565,0,0,1,0,0
7917,566,0,0,1,0,0
7928,567,0,0,1,0,0
7943,568,0,0,1,0,0
7961,569,0,0,1,0,0
7964,570,0,0,1,0,0
7975,571,0,0,1,0,0
7979,572,0,0,1,0,0
7998,573,0,0,1,0,0
8001,574,0,0,1,0,0
8002,575,0,0,1,0,0
8005,576,0,0,1,0,0
8006,577,0,0,1,0,0
8008,578,0,0,1,0,0
8027,579,0,0,1,0,0
8038,580,0,0,1,0,0
8040,581,0,0,1,0,0
8049,582,0,0,1,0,0
8054,583,0,0,1,0,0
8056,584,0,0,1,0,0
8098,585,0,0,1,0,0
8110,586,0,0,1,0,0
8116,587,0,0,1,0,0
8122,588,0,0,1,0,0
8137,589,0,0,1,0,0
8142,590,0,0,1,0,0
8146,591,0,0,1,0,0
8151,592,0,0,1,0,0
8171,593,0,0,1,0,0
8174,594,0,0,1,0,0
8200,595,0,0,1,0,0
8207,596,0,0,1,0,0
8232,597,0,0,1,0,0
8252,598,0,0,1,0,0
8266,599,0,0,1,0,0
8286,600,0,0,1,0,0
8302,601,0,0,1,0,0
8304,602,0,0,1,0,0
8319,603,0,0,1,0,0
8339,604,0,0,1,0,0
8353,605,0,0,1,0,0
8366,606,0,0,1,0,0
8386,607,0,0,1,0,0
8393,608,0,0,1,0,0
8410,609,0,0,1,0,0
8413,610,0,0,1,0,0
8415,611,0,0,1,0,0
8453,612,0,0,1,0,0
8458,613,0,0,1,0,0
8478,614,0,0,1,0,0
8490,615,0,0,1,0,0
8509,616,0,0,1,0,0
8513,617,0,0,1,0,0
8528,618,0,0,1,0,0
8583,619,0,0,1,0,0
8586,620,0,0,1,0,0
8620,621,0,0,1,0,0
8645,622,0,0,1,0,0
8675,623,0,0,1,0,0
8676,624,0,0,1,0,0
8677,625,0,0,1,0,0
8708,626,0,0,1,0,0
8725,627,0,0,1,0,0
8726,628,0,0,1,0,0
8728,629,0,0,1,0,0
8734,630,0,0,1,0,0
8739,631,0,0,1,0,0
8753,632,0,0,1,0,0
8761,633,0,0,1,0,0
8765,634,0,0,1,0,0
8776,635,0,0,1,0,0
8782,636,0,0,1,0,0
8805,637,0,0,1,0,0
8815,638,0,0,1,0,0
8824,639,0,0,1,0,0
8827,640,0,0,1,0,0
8838,641,0,0,1,0,0
8853,642,0,0,1,0,0
8863,643,0,0,1,0,0
8873,644,0,0,1,0,0
8877,645,0,0,1,0,0
8882,646,0,0,1,0,0
8907,647,0,0,1,0,0
8923,648,0,0,1,0,0
8924,649,0,0,1,0,0
8932,650,0,0,1,0,0
8959,651,0,0,1,0,0
8961,652,0,0,1,0,0
8974,653,0,0,1,0,0
8975,654,0,0,1,0,0
9001,655,0,0,1,0,0
9020,656,0,0,1,0,0
9024,657,0,0,1,0,0
9044,658,0,0,1,0,0
9058,659,0,0,1,0,0
9063,660,0,0,1,0,0
9084,661,0,0,1,0,0
9104,662,0,0,1,0,0
9113,663,0,0,1,0,0
9122,664,0,0,1,0,0
9123,665,0,0,1,0,0
9128,666,0,0,1,0,0
9145,667,0,0,1,0,0
9166,668,0,0,1,0,0
9177,669,0,0,1,0,0
9201,670,0,0,1,0,0
9203,671,0,0,1,0,0
9207,672,0,0,1,0,0
9213,673,0,0,1,0,0
9220,674,0,0,1,0,0
9232,675,0,0,1,0,0
9243,676,0,0,1,0,0
9245,677,0,0,1,0,0
9257,678,0,0,1,0,0
9266,679,0,0,1,0,0
9280,680,0,0,1,0,0
9309,681,0,0,1,0,0
9343,682,0,0,1,0,0
9348,683,0,0,1,0,0
9366,684,0,0,1,0,0
9370,685,0,0,1,0,0
9410,686,0,0,1,0,0
9422,687,0,0,1,0,0
9425,688,0,0,1,0,0
9430,689,0,0,1,0,0
9436,690,0,0,1,0,0
9438,691,0,0,1,0,0
9461,692,0,0,1,0,0
9502,693,0,0,1,0,0
9525,694,0,0,1,0,0
9541,695,0,0,1,0,0
9554,696,0,0,1,0,0
9560,697,0,0,1,0,0
9568,698,0,0,1,0,0
9606,699,0,0,1,0,0
9624,700,0,0,1,0,0
9640,701,0,0,1,0,0
9692,702,0,0,1,0,0
9700,703,0,0,1,0,0
9702,704,0,0,1,0,0
9708,705,0,0,1,0,0
9712,706,0,0,1,0,0
9713,707,0,0,1,0,0
9714,708,0,0,1,0,0
9720,709,0,0,1,0,0
9729,710,0,0,1,0,0
9774,711,0,0,1,0,0
9791,712,0,0,1,0,0
9796,713,1,0,0,0,0
9803,714,0,0,1,0,0
9849,715,0,0,1,0,0
9861,716,0,0,1,0,0
9876,717,0,0,1,0,0
9883,718,0,0,1,0,0
9890,719,0,0,1,0,0
9892,720,0,0,1,0,0
9902,721,0,0,1,0,0
9910,722,0,0,1,0,0
9911,723,0,0,1,0,0
9916,724,0,0,1,0,0
9924,725,0,0,1,0,0
9954,726,0,0,1,0,0
9955,727,0,0,1,0,0
9971,728,0,0,1,0,0
9977,729,0,0,1,0,0
10010,730,0,0,1,0,0
10013,731,0,0,1,0,0
10021,732,0,0,1,0,0
10022,733,0,0,1,0,0
10028,734,0,0,1,0,0
10030,735,0,0,1,0,0
10049,736,0,0,1,0,0
10064,737,0,0,1,0,0
10069,738,0,0,1,0,0
10074,739,0,0,1,0,0
10077,740,0,0,1,0,0
10095,741,0,0,1,0,0
10111,742,0,0,1,0,0
10118,743,0,0,1,0,0
10141,744,0,0,1,0,0
10173,745,0,0,1,0,0
10221,746,0,0,1,0,0
10237,747,0,0,1,0,0
10249,748,0,0,1,0,0
10342,749,0,0,1,0,0
10344,750,0,0,1,0,0
10352,751,0,0,1,0,0
10374,752,0,0,1,0,0
10377,753,1,0,0,0,0
10389,754,0,0,1,0,0
10421,755,0,0,1,0,0
10481,756,0,0,1,0,0
10487,757,0,0,1,0,0
10489,758,0,0,1,0,0
10515,759,0,0,1,0,0
10529,760,0,0,1,0,0
10570,761,0,0,1,0,0
10579,762,0,0,1,0,0
10584,763,0,0,1,0,0
10594,764,0,0,1,0,0
10602,765,0,0,1,0,0
10607,766,0,0,1,0,0
10616,767,0,0,1,0,0
10621,768,0,0,1,0,0
10630,769,0,0,1,0,0
10659,770,0,0,1,0,0
10681,771,0,0,1,0,0
10685,772,0,0,1,0,0
10703,773,0,0,1,0,0
10712,774,0,0,1,0,0
10744,775,0,0,1,0,0
10753,776,0,0,1,0,0
10755,777,0,0,1,0,0
10789,778,0,0,1,0,0
10809,779,0,0,1,0,0
10833,780,0,0,1,0,0
10834,781,0,0,1,0,0
10837,782,0,0,1,0,0
10874,783,0,0,1,0,0
10882,784,0,0,1,0,0
10901,785,0,0,1,0,0
10930,786,0,0,1,0,0
10933,787,0,0,1,0,0
10959,788,0,0,1,0,0
10961,789,0,0,1,0,0
10966,790,0,0,1,0,0
11025,791,0,0,1,0,0
11049,792,0,0,1,0,0
11060,793,0,0,1,0,0
11073,794,0,0,1,0,0
11088,795,0,0,1,0,0
11092,796,0,0,1,0,0
11108,797,0,0,1,0,0
11123,798,0,0,1,0,0
11134,799,0,0,1,0,0
11135,800,0,0,1,0,0
11141,801,0,0,1,0,0
11159,802,0,0,1,0,0
11195,803,0,0,1,0,0
11201,804,0,0,1,0,0
11214,805,0,0,1,0,0
11215,806,0,0,1,0,0
11216,807,0,0,1,0,0
11230,808,0,0,1,0,0
11263,809,0,0,1,0,0
11266,810,0,0,1,0,0
11269,811,0,0,1,0,0
11275,812,0,0,1,0,0
11286,813,0,0,1,0,0
11298,814,0,0,1,0,0
11338,815,0,0,1,0,0
11345,816,0,0,1,0,0
11373,817,0,0,1,0,0
11379,818,0,0,1,0,0
11390,819,0,0,1,0,0
11422,820,0,0,1,0,0
11427,821,0,0,1,0,0
11446,822,0,0,1,0,0
11464,823,0,0,1,0,0
11489,824,0,0,1,0,0
11500,825,0,0,1,0,0
11508,826,0,0,1,0,0
11542,827,0,0,1,0,0
11549,828,0,0,1,0,0
11570,829,0,0,1,0,0
11573,830,0,0,1,0,0
11601,831,0,0,1,0,0
11625,832,0,0,1,0,0
11654,833,0,0,1,0,0
11683,834,0,0,1,0,0
11689,835,0,0,1,0,0
11691,836,0,0,1,0,0
11694,837,0,0,1,0,0
11697,838,0,0,1,0,0
11715,839,0,0,1,0,0
11723,840,0,0,1,0,0
11724,841,0,0,1,0,0
11727,842,0,0,1,0,0
11730,843,0,0,1,0,0
11773,844,0,0,1,0,0
11788,845,0,0,1,0,0
11792,846,0,0,1,0,0
11796,847,0,0,1,0,0
11798,848,0,0,1,0,0
11817,849,0,0,1,0,0
11824,850,0,0,1,0,0
11836,851,0,0,1,0,0
11886,852,0,0,1,0,0
11891,853,0,0,1,0,0
11894,854,0,0,1,0,0
11918,855,0,0,1,0,0
11938,856,0,0,1,0,0
11941,857,0,0,1,0,0
11959,858,0,0,1,0,0
11981,859,0,0,1,0,0
11985,860,0,0,1,0,0
11994,861,0,0,1,0,0
12001,862,0,0,1,0,0
12010,863,0,0,1,0,0
12045,864,0,0,1,0,0
12055,865,0,0,1,0,0
12056,866,0,0,1,0,0
12072,867,0,0,1,0,0
12084,868,0,0,1,0,0
12089,869,0,0,1,0,0
12094,870,0,0,1,0,0
12096,871,0,0,1,0,0
12110,872,0,0,1,0,0
12121,873,0,0,1,0,0
12136,874,0,0,1,0,0
12140,875,0,0,1,0,0
12151,876,0,0,1,0,0
12157,877,0,0,1,0,0
12179,878,0,0,1,0,0
12188,879,0,0,1,0,0
12195,880,0,0,1,0,0
12205,881,0,0,1,0,0
12220,882,0,0,1,0,0
12221,883,0,0,1,0,0
12236,884,0,0,1,0,0
12257,885,0,0,1,0,0
12286,886,0,0,1,0,0
12365,887,0,0,1,0,0
12369,888,0,0,1,0,0
12377,889,0,0,1,0,0
12393,890,0,0,1,0,0
12416,891,0,0,1,0,0
12417,892,0,0,1,0,0
12448,893,0,0,1,0,0
12451,894,0,0,1,0,0
12464,895,0,0,1,0,0
12471,896,0,0,1,0,0
12479,897,0,0,1,0,0
12480,898,0,0,1,0,0
12505,899,0,0,1,0,0
12543,900,0,0,1,0,0
12569,901,0,0,1,0,0
12616,902,0,0,1,0,0
12621,903,0,0,1,0,0
12622,904,0,0,1,0,0
12630,905,0,0,1,0,0
12644,906,0,0,1,0,0
12650,907,0,0,1,0,0
12674,908,0,0,1,0,0
12691,909,0,0,1,0,0
12736,910,0,0,1,0,0
12737,911,0,0,1,0,0
12758,912,0,0,1,0,0
12760,913,0,0,1,0,0
12840,914,0,0,0,1,0
12843,915,0,0,1,0,0
12845,916,0,0,1,0,0
12853,917,0,0,1,0,0
12865,918,0,0,1,0,0
12869,919,0,0,1,0,0
12905,920,0,0,1,0,0
12944,921,0,0,1,0,0
12959,922,0,0,1,0,0
12984,923,0,0,1,0,0
13003,924,0,0,1,0,0
13006,925,0,0,1,0,0
13007,926,0,0,1,0,0
13020,927,0,0,1,0,0
13023,928,0,0,1,0,0
13032,929,0,0,1,0,0
13050,930,0,0,1,0,0
13054,931,0,0,1,0,0
13066,932,0,0,1,0,0
13080,933,0,0,1,0,0
13088,934,0,0,1,0,0
13089,935,0,0,1,0,0
13098,936,0,0,1,0,0
13099,937,0,0,1,0,0
13100,938,0,0,1,0,0
13117,939,0,0,1,0,0
13135,940,0,0,1,0,0
13138,941,1,0,0,0,0
13139,942,0,0,1,0,0
13161,943,0,0,1,0,0
13177,944,0,0,1,0,0
13189,945,0,0,1,0,0
13214,946,0,0,1,0,0
13215,947,0,0,1,0,0
13216,948,0,0,1,0,0
13221,949,0,0,1,0,0
13223,950,0,0,1,0,0
13224,951,0,0,1,0,0
13225,952,0,0,1,0,0
13231,953,0,0,1,0,0
13248,954,0,0,1,0,0
13265,955,0,0,1,0,0
13285,956,0,0,1,0,0
13288,957,0,0,1,0,0
13289,958,0,0,1,0,0
13294,959,0,0,1,0,0
13310,960,0,0,1,0,0
13324,961,0,0,1,0,0
13340,962,0,0,1,0,0
13348,963,0,0,1,0,0
13352,964,0,0,1,0,0
13355,965,0,0,1,0,0
13367,966,0,0,1,0,0
13371,967,0,0,1,0,0
13383,968,0,0,1,0,0
13384,969,0,0,1,0,0
13393,970,0,0,1,0,0
13395,971,0,0,1,0,0
13468,972,0,0,1,0,0
13469,973,0,0,1,0,0
13474,974,0,0,1,0,0
13492,975,0,0,1,0,0
13502,976,0,0,1,0,0
13533,977,0,0,1,0,0
13545,978,0,0,1,0,0
13559,979,0,0,1,0,0
13603,980,0,0,1,0,0
13641,981,0,0,1,0,0
13652,982,0,0,1,0,0
13658,983,0,0,1,0,0
13659,984,0,0,1,0,0
13668,985,0,0,1,0,0
13701,986,0,0,1,0,0
13709,987,0,0,1,0,0
13742,988,0,0,1,0,0
13754,989,0,0,1,0,0
13803,990,0,0,1,0,0
13856,991,0,0,1,0,0
13859,992,0,0,1,0,0
13866,993,0,0,1,0,0
13869,994,0,0,1,0,0
13901,995,0,0,1,0,0
13925,996,0,0,1,0,0
13960,997,0,0,1,0,0
13973,998,0,0,1,0,0
13987,999,0,0,1,0,0
13992,1000,0,0,1,0,0
14003,1001,0,0,1,0,0
14031,1002,0,0,1,0,0
14053,1003,0,0,1,0,0
14059,1004,0,0,1,0,0
14067,1005,0,0,1,0,0
14073,1006,0,0,1,0,0
14078,1007,1,0,0,0,0
14100,1008,0,0,1,0,0
14101,1009,0,0,1,0,0
14111,1010,0,0,1,0,0
14142,1011,0,0,1,0,0
14145,1012,0,0,1,0,0
14146,1013,0,0,1,0,0
14147,1014,0,0,1,0,0
14162,1015,0,0,1,0,0
14168,1016,0,0,1,0,0
14176,1017,0,0,1,0,0
14184,1018,0,0,1,0,0
14212,1019,0,0,1,0,0
14213,1020,0,0,1,0,0
14215,1021,0,0,1,0,0
14217,1022,0,0,1,0,0
14227,1023,0,0,1,0,0
14228,1024,0,0,1,0,0
14250,1025,0,0,1,0,0
14257,1026,0,0,1,0,0
14273,1027,0,0,1,0,0
14274,1028,0,0,1,0,0
14280,1029,0,0,1,0,0
14284,1030,0,0,1,0,0
14333,1031,0,0,1,0,0
14359,1032,0,0,1,0,0
14394,1033,0,0,1,0,0
14406,1034,0,0,1,0,0
14413,1035,0,0,1,0,0
14416,1036,0,0,1,0,0
14430,1037,0,0,1,0,0
14475,1038,0,0,1,0,0
14491,1039,0,0,1,0,0
14503,1040,0,0,1,0,0
14514,1041,0,0,1,0,0
14524,1042,0,0,1,0,0
14528,1043,0,0,1,0,0
14547,1044,0,0,1,0,0
14552,1045,0,0,1,0,0
14556,1046,0,0,1,0,0
14575,1047,0,0,1,0,0
14590,1048,0,0,1,0,0
14592,1049,0,0,1,0,0
14594,1050,0,0,1,0,0
14596,1051,0,0,1,0,0
14600,1052,0,0,1,0,0
14606,1053,0,0,1,0,0
14618,1054,0,0,1,0,0
14620,1055,0,0,1,0,0
14627,1056,0,0,1,0,0
14643,1057,0,0,1,0,0
14654,1058,0,0,1,0,0
14665,1059,0,0,1,0,0
14667,1060,0,0,1,0,0
14709,1061,0,0,1,0,0
14713,1062,0,0,1,0,0
14716,1063,0,0,1,0,0
14723,1064,0,0,1,0,0
14724,1065,0,0,1,0,0
14725,1066,0,0,1,0,0
14749,1067,0,0,1,0,0
14759,1068,0,0,1,0,0
14821,1069,0,0,1,0,0
14833,1070,0,0,1,0,0
14838,1071,0,0,1,0,0
14912,1072,0,0,1,0,0
14928,1073,0,0,1,0,0
14947,1074,0,0,1,0,0
14948,1075,0,0,1,0,0
14974,1076,0,0,1,0,0
14975,1077,0,0,1,0,0
14985,1078,0,0,1,0,0
14992,1079,0,0,1,0,0
15005,1080,0,0,1,0,0
15007,1081,0,0,1,0,0
15013,1082,0,0,1,0,0
15021,1083,0,0,1,0,0
15035,1084,0,0,1,0,0
15044,1085,0,0,1,0,0
15075,1086,0,0,1,0,0
15077,1087,0,0,1,0,0
15087,1088,0,0,1,0,0
15092,1089,0,0,1,0,0
15093,1090,0,0,1,0,0
15094,1091,0,0,1,0,0
15098,1092,0,0,1,0,0
15166,1093,0,0,0,1,0
15186,1094,0,0,1,0,0
15190,1095,0,0,1,0,0
15214,1096,0,0,1,0,0
15222,1097,0,0,1,0,0
15238,1098,0,0,1,0,0
15239,1099,0,0,1,0,0
15250,1100,0,0,1,0,0
15252,1101,0,0,1,0,0
15256,1102,0,0,1,0,0
15274,1103,0,0,1,0,0
15275,1104,0,0,1,0,0
15320,1105,0,0,1,0,0
15327,1106,0,0,1,0,0
15376,1107,0,0,1,0,0
15384,1108,0,0,1,0,0
15390,1109,0,0,1,0,0
15404,1110,0,0,1,0,0
15411,1111,0,0,1,0,0
15427,1112,0,0,1,0,0
15429,1113,0,0,1,0,0
15434,1114,0,0,1,0,0
15476,1115,0,0,1,0,0
15494,1116,0,0,1,0,0
15495,1117,0,0,1,0,0
15513,1118,0,0,1,0,0
15516,1119,0,0,1,0,0
15518,1120,1,0,0,0,0
15528,1121,0,0,1,0,0
15529,1122,0,0,1,0,0
15534,1123,0,0,1,0,0
15556,1124,0,0,1,0,0
15579,1125,0,0,1,0,0
15645,1126,0,0,1,0,0
15648,1127,0,0,1,0,0
15689,1128,0,0,1,0,0
15696,1129,0,0,1,0,0
15708,1130,0,0,1,0,0
15725,1131,0,0,1,0,0
15736,1132,0,0,1,0,0
15744,1133,0,0,1,0,0
15767,1134,0,0,1,0,0
15771,1135,0,0,1,0,0
15774,1136,0,0,1,0,0
15777,1137,0,0,1,0,0
15812,1138,0,0,1,0,0
15845,1139,0,0,1,0,0
15861,1140,0,0,1,0,0
15863,1141,1,0,0,0,0
15894,1142,0,0,1,0,0
15950,1143,0,0,1,0,0
15956,1144,0,0,1,0,0
15970,1145,0,0,1,0,0
15988,1146,0,0,1,0,0
15998,1147,0,0,1,0,0
16002,1148,0,0,1,0,0
16016,1149,0,0,1,0,0
16018,1150,0,0,1,0,0
16073,1151,0,0,1,0,0
16086,1152,0,0,1,0,0
16087,1153,0,0,1,0,0
16088,1154,0,0,1,0,0
16092,1155,0,0,1,0,0
16119,1156,0,0,1,0,0
16122,1157,0,0,1,0,0
16125,1158,0,0,1,0,0
16156,1159,0,0,1,0,0
16158,1160,0,0,1,0,0
16179,1161,0,0,1,0,0
16180,1162,0,0,1,0,0
16238,1163,0,0,1,0,0
16256,1164,0,0,1,0,0
16273,1165,0,0,1,0,0
16295,1166,0,0,1,0,0
16304,1167,0,0,1,0,0
16329,1168,0,0,1,0,0
16334,1169,0,0,1,0,0
16358,1170,0,0,1,0,0
16367,1171,0,0,1,0,0
16370,1172,0,0,1,0,0
16378,1173,0,0,1,0,0
16385,1174,0,0,1,0,0
16388,1175,0,0,1,0,0
16396,1176,0,0,1,0,0
16427,1177,0,0,1,0,0
16448,1178,0,0,1,0,0
16469,1179,0,0,1,0,0
16473,1180,0,0,1,0,0
16474,1181,0,0,1,0,0
16508,1182,0,0,1,0,0
16536,1183,0,0,1,0,0
16540,1184,0,0,1,0,0
16575,1185,0,0,1,0,0
16578,1186,1,0,0,0,0
16639,1187,0,0,1,0,0
16645,1188,0,0,1,0,0
16665,1189,0,0,1,0,0
16667,1190,0,0,1,0,0
16706,1191,0,0,1,0,0
16805,1192,0,0,0,1,0
16808,1193,0,0,1,0,0
16818,1194,0,0,1,0,0
16840,1195,0,0,1,0,0
16852,1196,0,0,1,0,0
16885,1197,0,0,1,0,0
16891,1198,0,0,1,0,0
16925,1199,0,0,1,0,0
16929,1200,0,0,1,0,0
16950,1201,0,0,1,0,0
16962,1202,0,0,1,0,0
16966,1203,0,0,1,0,0
17028,1204,0,0,1,0,0
17050,1205,0,0,1,0,0
17068,1206,0,0,1,0,0
17093,1207,0,0,1,0,0
17094,1208,0,0,1,0,0
17110,1209,0,0,1,0,0
17124,1210,0,0,1,0,0
17133,1211,0,0,1,0,0
17146,1212,0,0,1,0,0
17166,1213,0,0,1,0,0
17171,1214,0,0,1,0,0
17185,1215,0,0,1,0,0
17194,1216,0,0,1,0,0
17221,1217,0,0,1,0,0
17268,1218,0,0,1,0,0
17294,1219,0,0,1,0,0
17302,1220,0,0,1,0,0
17311,1221,0,0,1,0,0
17316,1222,0,0,1,0,0
17320,1223,0,0,1,0,0
17328,1224,0,0,1,0,0
17336,1225,0,0,1,0,0
17338,1226,0,0,1,0,0
17370,1227,0,0,1,0,0
17374,1228,0,0,1,0,0
17388,1229,0,0,1,0,0
17393,1230,0,0,1,0,0
17398,1231,0,0,1,0,0
17415,1232,0,0,1,0,0
17432,1233,0,0,1,0,0
17434,1234,0,0,1,0,0
17435,1235,0,0,1,0,0
17436,1236,0,0,1,0,0
17438,1237,0,0,1,0,0
17444,1238,0,0,1,0,0
17451,1239,0,0,1,0,0
17475,1240,0,0,1,0,0
17490,1241,0,0,1,0,0
17491,1242,0,0,1,0,0
17501,1243,0,0,1,0,0
17504,1244,0,0,1,0,0
17509,1245,0,0,1,0,0
17516,1246,0,0,1,0,0
17522,1247,0,0,1,0,0
17540,1248,0,0,1,0,0
17585,1249,0,0,1,0,0
17586,1250,0,0,1,0,0
17612,1251,0,0,1,0,0
17626,1252,0,0,1,0,0
17646,1253,0,0,1,0,0
17649,1254,0,0,1,0,0
17662,1255,0,0,1,0,0
17672,1256,0,0,1,0,0
17673,1257,0,0,1,0,0
17699,1258,0,0,1,0,0
17734,1259,0,0,1,0,0
17763,1260,0,0,1,0,0
17768,1261,0,0,1,0,0
17771,1262,0,0,1,0,0
17780,1263,0,0,1,0,0
17791,1264,0,0,1,0,0
17802,1265,0,0,1,0,0
17811,1266,0,0,1,0,0
17832,1267,0,0,1,0,0
17840,1268,0,0,1,0,0
17884,1269,0,0,1,0,0
17887,1270,0,0,1,0,0
17890,1271,0,0,1,0,0
17928,1272,0,0,1,0,0
17929,1273,0,0,1,0,0
17954,1274,0,0,1,0,0
17955,1275,0,0,1,0,0
17969,1276,0,0,1,0,0
18001,1277,0,0,1,0,0
18012,1278,0,0,1,0,0
18026,1279,0,0,1,0,0
18030,1280,0,0,1,0,0
18039,1281,0,0,1,0,0
18053,1282,0,0,1,0,0
18092,1283,0,0,1,0,0
18096,1284,0,0,1,0,0
18101,1285,0,0,1,0,0
18105,1286,0,0,1,0,0
18122,1287,0,0,1,0,0
18129,1288,0,0,1,0,0
18144,1289,0,0,1,0,0
18156,1290,0,0,1,0,0
18161,1291,0,0,1,0,0
18211,1292,0,0,1,0,0
18241,1293,0,0,1,0,0
18255,1294,0,0,1,0,0
18259,1295,0,0,1,0,0
18277,1296,0,0,1,0,0
18287,1297,0,0,1,0,0
18311,1298,0,0,1,0,0
18319,1299,0,0,1,0,0
18326,1300,0,0,1,0,0
18327,1301,0,0,1,0,0
18337,1302,0,0,1,0,0
18348,1303,0,0,1,0,0
18383,1304,0,0,1,0,0
18385,1305,0,0,1,0,0
18391,1306,0,0,1,0,0
18440,1307,0,0,1,0,0
18450,1308,0,0,1,0,0
18463,1309,0,0,1,0,0
18491,1310,0,0,1,0,0
18505,1311,0,0,1,0,0
18517,1312,0,0,1,0,0
18521,1313,1,0,0,0,0
18550,1314,0,0,1,0,0
18552,1315,0,0,1,0,0
18557,1316,0,0,1,0,0
18561,1317,0,0,1,0,0
18580,1318,0,0,1,0,0
18601,1319,0,0,1,0,0
18606,1320,0,0,1,0,0
18608,1321,0,0,1,0,0
18610,1322,0,0,1,0,0
18620,1323,0,0,1,0,0
18638,1324,0,0,1,0,0
18652,1325,0,0,1,0,0
18653,1326,0,0,1,0,0
18681,1327,0,0,1,0,0
18683,1328,0,0,1,0,0
18732,1329,0,0,1,0,0
18735,1330,0,0,1,0,0
18755,1331,0,0,1,0,0
18771,1332,0,0,1,0,0
18797,1333,0,0,1,0,0
18805,1334,0,0,1,0,0
18813,1335,0,0,1,0,0
18823,1336,0,0,1,0,0
18830,1337,0,0,1,0,0
18841,1338,0,0,1,0,0
18878,1339,0,0,1,0,0
18881,1340,0,0,1,0,0
18931,1341,0,0,1,0,0
18938,1342,0,0,1,0,0
18940,1343,0,0,1,0,0
18947,1344,0,0,1,0,0
18958,1345,0,0,1,0,0
18969,1346,0,0,1,0,0
18991,1347,0,0,1,0,0
19019,1348,0,0,1,0,0
19034,1349,0,0,1,0,0
19037,1350,0,0,1,0,0
19052,1351,0,0,1,0,0
19062,1352,0,0,1,0,0
19065,1353,0,0,1,0,0
19081,1354,0,0,1,0,0
19083,1355,0,0,1,0,0
19090,1356,0,0,1,0,0
19093,1357,0,0,1,0,0
19094,1358,0,0,1,0,0
19112,1359,0,0,1,0,0
19157,1360,0,0,1,0,0
19166,1361,0,0,1,0,0
19217,1362,0,0,1,0,0
19218,1363,0,0,1,0,0
19269,1364,0,0,1,0,0
19309,1365,0,0,1,0,0
19315,1366,0,0,1,0,0
19391,1367,0,0,0,1,0
19392,1368,0,0,1,0,0
19398,1369,0,0,1,0,0
19490,1370,0,0,0,1,0
19496,1371,0,0,1,0,0
19497,1372,0,0,1,0,0
19521,1373,0,0,1,0,0
19526,1374,0,0,1,0,0
19528,1375,0,0,1,0,0
19566,1376,0,0,1,0,0
19582,1377,0,0,1,0,0
19617,1378,0,0,1,0,0
19618,1379,0,0,1,0,0
19620,1380,0,0,1,0,0
19633,1381,0,0,1,0,0
19642,1382,0,0,1,0,0
19650,1383,0,0,1,0,0
19657,1384,0,0,1,0,0
19686,1385,0,0,1,0,0
19693,1386,0,0,1,0,0
19703,1387,0,0,1,0,0
19711,1388,0,0,1,0,0
19728,1389,0,0,1,0,0
19744,1390,0,0,1,0,0
19745,1391,0,0,1,0,0
19773,1392,0,0,1,0,0
19776,1393,0,0,1,0,0
19780,1394,0,0,1,0,0
19786,1395,0,0,1,0,0
19799,1396,0,0,1,0,0
19827,1397,0,0,1,0,0
19839,1398,0,0,1,0,0
19854,1399,0,0,1,0,0
19900,1400,0,0,1,0,0
19909,1401,0,0,1,0,0
19947,1402,0,0,1,0,0
19962,1403,0,0,1,0,0
19963,1404,0,0,1,0,0
20004,1405,0,0,1,0,0
20009,1406,0,0,1,0,0
20017,1407,0,0,1,0,0
20028,1408,0,0,1,0,0
20043,1409,0,0,1,0,0
20047,1410,0,0,1,0,0
20056,1411,0,0,1,0,0
20087,1412,0,0,1,0,0
20112,1413,0,0,1,0,0
20120,1414,0,0,1,0,0
20121,1415,0,0,1,0,0
20154,1416,0,0,1,0,0
20188,1417,0,0,1,0,0
20194,1418,0,0,1,0,0
20238,1419,0,0,1,0,0
20248,1420,0,0,1,0,0
20291,1421,0,0,1,0,0
20300,1422,0,0,1,0,0
20339,1423,0,0,1,0,0
20345,1424,0,0,1,0,0
20356,1425,0,0,1,0,0
20370,1426,0,0,1,0,0
20384,1427,0,0,1,0,0
20386,1428,0,0,1,0,0
20407,1429,0,0,1,0,0
20447,1430,0,0,1,0,0
20492,1431,0,0,1,0,0
20526,1432,0,0,1,0,0
20533,1433,0,0,1,0,0
20540,1434,0,0,1,0,0
20553,1435,0,0,1,0,0
20574,1436,0,0,1,0,0
20578,1437,0,0,1,0,0
20593,1438,0,0,1,0,0
20623,1439,0,0,1,0,0
20628,1440,0,0,1,0,0
20648,1441,0,0,1,0,0
20694,1442,0,0,1,0,0
20734,1443,0,0,1,0,0
20736,1444,0,0,1,0,0
20758,1445,0,0,1,0,0
20760,1446,0,0,1,0,0
20770,1447,0,0,1,0,0
20814,1448,0,0,1,0,0
20827,1449,0,0,1,0,0
20828,1450,0,0,1,0,0
20842,1451,0,0,1,0,0
20849,1452,0,0,1,0,0
20851,1453,0,0,1,0,0
20854,1454,0,0,1,0,0
20875,1455,0,0,1,0,0
20890,1456,0,0,1,0,0
20913,1457,0,0,1,0,0
20931,1458,0,0,1,0,0
20951,1459,0,0,1,0,0
20955,1460,0,0,1,0,0
20959,1461,0,0,1,0,0
21020,1462,0,0,1,0,0
21038,1463,0,0,1,0,0
21042,1464,0,0,1,0,0
21080,1465,0,0,1,0,0
21098,1466,0,0,1,0,0
21110,1467,0,0,1,0,0
21123,1468,0,0,1,0,0
21131,1469,0,0,1,0,0
21145,1470,0,0,1,0,0
21147,1471,0,0,1,0,0
21148,1472,0,0,1,0,0
21165,1473,0,0,1,0,0
21184,1474,0,0,1,0,0
21189,1475,0,0,1,0,0
21223,1476,0,0,1,0,0
21253,1477,0,0,1,0,0
21287,1478,0,0,1,0,0
21292,1479,0,0,1,0,0
21325,1480,0,0,1,0,0
21338,1481,0,0,1,0,0
21340,1482,0,0,1,0,0
21343,1483,0,0,1,0,0
21365,1484,0,0,1,0,0
21382,1485,0,0,1,0,0
21432,1486,0,0,1,0,0
21437,1487,0,0,1,0,0
21439,1488,0,0,1,0,0
21473,1489,0,0,1,0,0
21482,1490,0,0,1,0,0
21502,1491,0,0,1,0,0
21515,1492,0,0,1,0,0
21522,1493,0,0,1,0,0
21535,1494,0,0,1,0,0
21539,1495,0,0,1,0,0
21553,1496,0,0,1,0,0
21567,1497,0,0,1,0,0
21583,1498,0,0,1,0,0
21590,1499,0,0,1,0,0
21595,1500,0,0,1,0,0
21624,1501,0,0,1,0,0
21646,1502,0,0,1,0,0
21670,1503,0,0,1,0,0
21678,1504,0,0,1,0,0
21680,1505,0,0,1,0,0
21691,1506,0,0,1,0,0
21706,1507,0,0,1,0,0
21727,1508,0,0,1,0,0
21769,1509,0,0,1,0,0
21775,1510,0,0,1,0,0
21782,1511,0,0,1,0,0
21799,1512,0,0,1,0,0
21824,1513,0,0,1,0,0
21898,1514,0,0,1,0,0
21908,1515,0,0,1,0,0
21920,1516,0,0,1,0,0
21929,1517,0,0,1,0,0
21933,1518,0,0,1,0,0
22016,1519,0,0,1,0,0
22057,1520,0,0,1,0,0
22068,1521,0,0,1,0,0
22082,1522,0,0,1,0,0
22109,1523,0,0,1,0,0
22113,1524,0,0,1,0,0
22118,1525,0,0,1,0,0
22167,1526,0,0,1,0,0
22189,1527,0,0,1,0,0
22228,1528,0,0,1,0,0
22281,1529,0,0,1,0,0
22324,1530,0,0,1,0,0
22334,1531,0,0,1,0,0
22362,1532,0,0,1,0,0
22391,1533,0,0,1,0,0
22392,1534,0,0,1,0,0
22394,1535,0,0,1,0,0
22398,1536,0,0,1,0,0
22406,1537,0,0,1,0,0
22427,1538,0,0,1,0,0
22431,1539,0,0,1,0,0
22436,1540,0,0,1,0,0
22443,1541,0,0,1,0,0
22454,1542,0,0,1,0,0
22455,1543,0,0,1,0,0
22463,1544,0,0,1,0,0
22465,1545,0,0,1,0,0
22471,1546,0,0,1,0,0
22500,1547,0,0,1,0,0
22513,1548,0,0,1,0,0
22540,1549,0,0,1,0,0
22556,1550,0,0,1,0,0
22561,1551,0,0,1,0,0
22576,1552,0,0,1,0,0
22602,1553,0,0,1,0,0
22633,1554,0,0,1,0,0
22637,1555,0,0,1,0,0
22663,1556,0,0,1,0,0
22668,1557,0,0,1,0,0
22678,1558,0,0,1,0,0
22680,1559,0,0,1,0,0
22689,1560,0,0,1,0,0
22697,1561,0,0,1,0,0
22725,1562,0,0,1,0,0
22728,1563,1,0,0,0,0
22770,1564,0,0,1,0,0
22789,1565,0,0,1,0,0
22791,1566,0,0,1,0,0
22813,1567,0,0,1,0,0
22825,1568,0,0,1,0,0
22857,1569,0,0,1,0,0
22898,1570,0,0,1,0,0
22903,1571,0,0,1,0,0
22908,1572,0,0,1,0,0
22911,1573,0,0,1,0,0
22912,1574,0,0,1,0,0
22915,1575,0,0,1,0,0
22924,1576,0,0,1,0,0
22961,1577,0,0,1,0,0
22969,1578,0,0,1,0,0
22982,1579,0,0,1,0,0
22986,1580,0,0,1,0,0
23003,1581,0,0,1,0,0
23011,1582,0,0,1,0,0
23016,1583,0,0,1,0,0
23061,1584,0,0,1,0,0
23063,1585,0,0,1,0,0
23071,1586,0,0,1,0,0
23092,1587,0,0,1,0,0
23097,1588,0,0,1,0,0
23122,1589,0,0,1,0,0
23135,1590,0,0,1,0,0
23138,1591,0,0,1,0,0
23155,1592,0,0,1,0,0
23166,1593,0,0,1,0,0
23173,1594,0,0,1,0,0
23190,1595,0,0,1,0,0
23191,1596,0,0,1,0,0
23214,1597,0,0,1,0,0
23255,1598,0,0,1,0,0
23316,1599,0,0,1,0,0
23333,1600,0,0,1,0,0
23383,1601,0,0,1,0,0
23385,1602,0,0,1,0,0
23397,1603,0,0,1,0,0
23411,1604,0,0,1,0,0
23444,1605,0,0,1,0,0
23449,1606,0,0,1,0,0
23455,1607,0,0,1,0,0
23457,1608,0,0,1,0,0
23458,1609,0,0,1,0,0
23470,1610,0,0,1,0,0
23478,1611,0,0,1,0,0
23483,1612,0,0,1,0,0
23485,1613,0,0,1,0,0
23530,1614,0,0,1,0,0
23576,1615,0,0,1,0,0
23602,1616,0,0,1,0,0
23622,1617,0,0,1,0,0
23629,1618,0,0,1,0,0
23638,1619,0,0,1,0,0
23680,1620,0,0,1,0,0
23681,1621,0,0,1,0,0
23742,1622,0,0,1,0,0
23757,1623,0,0,1,0,0
23784,1624,0,0,1,0,0
23796,1625,0,0,1,0,0
23806,1626,0,0,1,0,0
23818,1627,0,0,1,0,0
23819,1628,0,0,1,0,0
23833,1629,0,0,1,0,0
23835,1630,0,0,1,0,0
23855,1631,0,0,1,0,0
23865,1632,0,0,1,0,0
23886,1633,0,0,1,0,0
23898,1634,0,0,1,0,0
23918,1635,0,0,1,0,0
23973,1636,0,0,1,0,0
23985,1637,0,0,1,0,0
24009,1638,0,0,1,0,0
24033,1639,0,0,1,0,0
24065,1640,0,0,1,0,0
24069,1641,0,0,1,0,0
24096,1642,0,0,1,0,0
24115,1643,0,0,1,0,0
24141,1644,0,0,1,0,0
24143,1645,0,0,1,0,0
24175,1646,0,0,1,0,0
24177,1647,0,0,1,0,0
24189,1648,0,0,1,0,0
24193,1649,0,0,1,0,0
24208,1650,0,0,1,0,0
24211,1651,0,0,1,0,0
24213,1652,0,0,1,0,0
24215,1653,0,0,1,0,0
24216,1654,0,0,1,0,0
24218,1655,0,0,1,0,0
24260,1656,0,0,1,0,0
24272,1657,0,0,1,0,0
24299,1658,0,0,1,0,0
24310,1659,0,0,1,0,0
24336,1660,0,0,1,0,0
24344,1661,0,0,1,0,0
24374,1662,0,0,1,0,0
24380,1663,0,0,1,0,0
24381,1664,0,0,1,0,0
24392,1665,0,0,1,0,0
24399,1666,0,0,1,0,0
24400,1667,0,0,1,0,0
24410,1668,0,0,1,0,0
24430,1669,0,0,1,0,0
24483,1670,0,0,1,0,0
24540,1671,0,0,1,0,0
24555,1672,0,0,1,0,0
24559,1673,0,0,1,0,0
24575,1674,0,0,1,0,0
24582,1675,0,0,1,0,0
24586,1676,0,0,1,0,0
24599,1677,0,0,1,0,0
24607,1678,0,0,1,0,0
24623,1679,0,0,1,0,0
24630,1680,0,0,1,0,0
24635,1681,0,0,1,0,0
24643,1682,0,0,1,0,0
24665,1683,0,0,1,0,0
24673,1684,0,0,1,0,0
24676,1685,0,0,1,0,0
24688,1686,0,0,1,0,0
24698,1687,0,0,1,0,0
24710,1688,0,0,1,0,0
24769,1689,0,0,1,0,0
24808,1690,0,0,1,0,0
24809,1691,0,0,1,0,0
24810,1692,0,0,1,0,0
24814,1693,0,0,1,0,0
24847,1694,0,0,1,0,0
24866,1695,0,0,1,0,0
24873,1696,0,0,1,0,0
24880,1697,0,0,1,0,0
24883,1698,0,0,1,0,0
24887,1699,0,0,1,0,0
24899,1700,0,0,1,0,0
24923,1701,0,0,1,0,0
24928,1702,0,0,1,0,0
24948,1703,0,0,1,0,0
24993,1704,0,0,1,0,0
25014,1705,0,0,1,0,0
25015,1706,0,0,1,0,0
25017,1707,0,0,1,0,0
25021,1708,0,0,1,0,0
25024,1709,0,0,1,0,0
25037,1710,0,0,1,0,0
25040,1711,0,0,1,0,0
25059,1712,0,0,1,0,0
25066,1713,0,0,1,0,0
25093,1714,0,0,1,0,0
25102,1715,0,0,1,0,0
25105,1716,0,0,1,0,0
25107,1717,0,0,1,0,0
25158,1718,0,0,1,0,0
25164,1719,0,0,1,0,0
25191,1720,0,0,1,0,0
25197,1721,0,0,1,0,0
25241,1722,0,0,1,0,0
25256,1723,0,0,1,0,0
25267,1724,0,0,1,0,0
25280,1725,0,0,1,0,0
25284,1726,0,0,1,0,0
25316,1727,0,0,1,0,0
25327,1728,0,0,1,0,0
25352,1729,0,0,1,0,0
25398,1730,0,0,1,0,0
25399,1731,0,0,1,0,0
25413,1732,0,0,1,0,0
25421,1733,0,0,1,0,0
25437,1734,0,0,1,0,0
25455,1735,0,0,1,0,0
25462,1736,0,0,1,0,0
25490,1737,0,0,1,0,0
25528,1738,0,0,1,0,0
25537,1739,0,0,1,0,0
25568,1740,0,0,1,0,0
25594,1741,0,0,1,0,0
25608,1742,0,0,1,0,0
25611,1743,0,0,1,0,0
25621,1744,0,0,1,0,0
25623,1745,0,0,1,0,0
25636,1746,0,0,1,0,0
25654,1747,0,0,1,0,0
25660,1748,0,0,1,0,0
25668,1749,0,0,1,0,0
25700,1750,0,0,1,0,0
25702,1751,0,0,1,0,0
25719,1752,0,0,1,0,0
25725,1753,0,0,1,0,0
25732,1754,0,0,1,0,0
25739,1755,0,0,1,0,0
25759,1756,0,0,1,0,0
25768,1757,0,0,1,0,0
25780,1758,0,0,1,0,0
25782,1759,0,0,1,0,0
25796,1760,0,0,1,0,0
25802,1761,0,0,1,0,0
25810,1762,0,0,1,0,0
25828,1763,0,0,1,0,0
25863,1764,0,0,1,0,0
25873,1765,0,0,1,0,0
25881,1766,0,0,1,0,0
25886,1767,0,0,1,0,0
25962,1768,0,0,1,0,0
25965,1769,0,0,1,0,0
25987,1770,0,0,1,0,0
25990,1771,0,0,1,0,0
25993,1772,0,0,1,0,0
26014,1773,0,0,1,0,0
26015,1774,0,0,1,0,0
26049,1775,0,0,1,0,0
26104,1776,0,0,1,0,0
26126,1777,0,0,1,0,0
26190,1778,0,0,1,0,0
26220,1779,0,0,1,0,0
26223,1780,0,0,1,0,0
26224,1781,0,0,1,0,0
26242,1782,0,0,1,0,0
26251,1783,0,0,1,0,0
26278,1784,0,0,1,0,0
26351,1785,0,0,0,1,0
26369,1786,0,0,1,0,0
26373,1787,0,0,1,0,0
26381,1788,0,0,1,0,0
26399,1789,0,0,1,0,0
26425,1790,0,0,1,0,0
26433,1791,0,0,1,0,0
26444,1792,0,0,1,0,0
26521,1793,0,0,0,1,0
26523,1794,0,0,1,0,0
26529,1795,0,0,1,0,0
26540,1796,0,0,1,0,0
26585,1797,0,0,1,0,0
26604,1798,0,0,1,0,0
26619,1799,0,0,1,0,0
26624,1800,0,0,1,0,0
26631,1801,0,0,1,0,0
26639,1802,0,0,1,0,0
26646,1803,0,0,1,0,0
26660,1804,0,0,1,0,0
26712,1805,0,0,1,0,0
26713,1806,0,0,1,0,0
26741,1807,0,0,1,0,0
26760,1808,0,0,1,0,0
26771,1809,0,0,1,0,0
26778,1810,0,0,1,0,0
26782,1811,0,0,1,0,0
26785,1812,0,0,1,0,0
26799,1813,0,0,1,0,0
26872,1814,0,0,1,0,0
26888,1815,0,0,1,0,0
26960,1816,0,0,1,0,0
26968,1817,0,0,1,0,0
26973,1818,1,0,0,0,0
26992,1819,0,0,1,0,0
26998,1820,0,0,1,0,0
27002,1821,0,0,1,0,0
27003,1822,0,0,1,0,0
27004,1823,0,0,1,0,0
27006,1824,0,0,1,0,0
27007,1825,0,0,1,0,0
27010,1826,0,0,1,0,0
27015,1827,0,0,1,0,0
27026,1828,0,0,1,0,0
27047,1829,0,0,1,0,0
27056,1830,0,0,1,0,0
27109,1831,0,0,1,0,0
27111,1832,0,0,1,0,0
27112,1833,0,0,1,0,0
27168,1834,0,0,1,0,0
27174,1835,0,0,1,0,0
27206,1836,0,0,1,0,0
27210,1837,0,0,1,0,0
27212,1838,0,0,1,0,0
27213,1839,0,0,1,0,0
27260,1840,0,0,1,0,0
27307,1841,0,0,1,0,0
27332,1842,0,0,1,0,0
27337,1843,0,0,1,0,0
27350,1844,0,0,1,0,0
27361,1845,0,0,1,0,0
27437,1846,0,0,1,0,0
27455,1847,0,0,1,0,0
27485,1848,0,0,1,0,0
27498,1849,0,0,1,0,0
27532,1850,0,0,1,0,0
27549,1851,0,0,1,0,0
27576,1852,0,0,1,0,0
27599,1853,0,0,1,0,0
27627,1854,0,0,1,0,0
27640,1855,0,0,1,0,0
27652,1856,0,0,1,0,0
27663,1857,0,0,1,0,0
27667,1858,0,0,1,0,0
27671,1859,0,0,1,0,0
27755,1860,0,0,0,1,0
27770,1861,0,0,1,0,0
27771,1862,0,0,1,0,0
27819,1863,0,0,1,0,0
27825,1864,1,0,0,0,0
27827,1865,0,0,1,0,0
27852,1866,0,0,1,0,0
27858,1867,0,0,1,0,0
27862,1868,0,0,1,0,0
27865,1869,0,0,1,0,0
27880,1870,0,0,1,0,0
27889,1871,0,0,1,0,0
27898,1872,0,0,1,0,0
27985,1873,0,0,1,0,0
28005,1874,0,0,1,0,0
28014,1875,0,0,1,0,0
28026,1876,0,0,1,0,0
28068,1877,0,0,1,0,0
28071,1878,0,0,1,0,0
28078,1879,0,0,1,0,0
28104,1880,0,0,1,0,0
28118,1881,0,0,1,0,0
28120,1882,0,0,1,0,0
28145,1883,0,0,1,0,0
28171,1884,0,0,1,0,0
28203,1885,0,0,1,0,0
28214,1886,0,0,1,0,0
28217,1887,0,0,1,0,0
28246,1888,0,0,1,0,0
28260,1889,0,0,1,0,0
28265,1890,0,0,1,0,0
28283,1891,0,0,1,0,0
28325,1892,0,0,1,0,0
28326,1893,0,0,1,0,0
28345,1894,0,0,1,0,0
28356,1895,0,0,1,0,0
28367,1896,0,0,1,0,0
28393,1897,0,0,1,0,0
28394,1898,0,0,1,0,0
28395,1899,0,0,1,0,0
28397,1900,0,0,1,0,0
28414,1901,0,0,1,0,0
28435,1902,0,0,1,0,0
28450,1903,0,0,1,0,0
28453,1904,0,0,1,0,0
28470,1905,0,0,1,0,0
28540,1906,0,0,1,0,0
28567,1907,0,0,1,0,0
28586,1908,0,0,1,0,0
28590,1909,0,0,1,0,0
28596,1910,0,0,1,0,0
28620,1911,0,0,1,0,0
28636,1912,0,0,1,0,0
28665,1913,0,0,1,0,0
28697,1914,0,0,1,0,0
28698,1915,0,0,1,0,0
28708,1916,0,0,1,0,0
28721,1917,0,0,1,0,0
28727,1918,0,0,1,0,0
28753,1919,0,0,1,0,0
28754,1920,0,0,1,0,0
28759,1921,0,0,1,0,0
28766,1922,0,0,1,0,0
28779,1923,0,0,1,0,0
28808,1924,0,0,1,0,0
28822,1925,0,0,1,0,0
28840,1926,0,0,1,0,0
28879,1927,0,0,1,0,0
28886,1928,0,0,1,0,0
28914,1929,0,0,1,0,0
28921,1930,0,0,1,0,0
28947,1931,0,0,1,0,0
28973,1932,0,0,1,0,0
29060,1933,0,0,1,0,0
29063,1934,0,0,1,0,0
29071,1935,0,0,1,0,0
29123,1936,0,0,1,0,0
29140,1937,0,0,1,0,0
29160,1938,0,0,1,0,0
29181,1939,0,0,1,0,0
29209,1940,0,0,1,0,0
29210,1941,0,0,1,0,0
29223,1942,0,0,1,0,0
29230,1943,0,0,1,0,0
29234,1944,0,0,1,0,0
29262,1945,0,0,1,0,0
29263,1946,0,0,1,0,0
29265,1947,0,0,1,0,0
29274,1948,0,0,1,0,0
29287,1949,0,0,1,0,0
29293,1950,0,0,1,0,0
29305,1951,0,0,1,0,0
29322,1952,0,0,1,0,0
29344,1953,0,0,1,0,0
29345,1954,0,0,1,0,0
29378,1955,0,0,1,0,0
29387,1956,0,0,1,0,0
29407,1957,0,0,1,0,0
29428,1958,0,0,1,0,0
29449,1959,0,0,1,0,0
29458,1960,0,0,1,0,0
29468,1961,0,0,1,0,0
29489,1962,0,0,1,0,0
29510,1963,0,0,1,0,0
29569,1964,0,0,1,0,0
29585,1965,0,0,1,0,0
29587,1966,0,0,1,0,0
29599,1967,0,0,1,0,0
29609,1968,0,0,1,0,0
29621,1969,0,0,1,0,0
29647,1970,0,0,1,0,0
29664,1971,0,0,1,0,0
29682,1972,0,0,1,0,0
29695,1973,0,0,1,0,0
29717,1974,0,0,1,0,0
29737,1975,0,0,1,0,0
29808,1976,0,0,1,0,0
29822,1977,0,0,1,0,0
29828,1978,0,0,1,0,0
29848,1979,0,0,1,0,0
29849,1980,0,0,1,0,0
29851,1981,0,0,1,0,0
29857,1982,0,0,1,0,0
29931,1983,0,0,1,0,0
29974,1984,0,0,1,0,0
29986,1985,0,0,1,0,0
30038,1986,0,0,1,0,0
30067,1987,0,0,1,0,0
30121,1988,0,0,1,0,0
30133,1989,0,0,1,0,0
30155,1990,0,0,1,0,0
30181,1991,0,0,1,0,0
30205,1992,0,0,1,0,0
30208,1993,0,0,1,0,0
30220,1994,0,0,1,0,0
30271,1995,0,0,1,0,0
30291,1996,0,0,1,0,0
30293,1997,0,0,1,0,0
30304,1998,0,0,1,0,0
30346,1999,0,0,1,0,0
30378,2000,0,0,1,0,0
30397,2001,0,0,1,0,0
30421,2002,0,0,1,0,0
30433,2003,0,0,1,0,0
30493,2004,0,0,1,0,0
30544,2005,0,0,1,0,0
30551,2006,0,0,1,0,0
30565,2007,0,0,1,0,0
30602,2008,0,0,1,0,0
30660,2009,0,0,1,0,0
30665,2010,0,0,1,0,0
30670,2011,0,0,1,0,0
30677,2012,0,0,1,0,0
30678,2013,0,0,1,0,0
30681,2014,0,0,1,0,0
30705,2015,0,0,1,0,0
30740,2016,0,0,1,0,0
30765,2017,0,0,1,0,0
30811,2018,0,0,1,0,0
30866,2019,0,0,1,0,0
30868,2020,0,0,1,0,0
30875,2021,0,0,1,0,0
30884,2022,0,0,1,0,0
30896,2023,0,0,1,0,0
30939,2024,0,0,1,0,0
30955,2025,0,0,1,0,0
30970,2026,0,0,1,0,0
30988,2027,0,0,1,0,0
30995,2028,0,0,1,0,0
31002,2029,0,0,1,0,0
31022,2030,0,0,1,0,0
31023,2031,0,0,1,0,0
31043,2032,0,0,1,0,0
31053,2033,0,0,1,0,0
31112,2034,0,0,1,0,0
31125,2035,0,0,1,0,0
31149,2036,0,0,1,0,0
31233,2037,0,0,0,1,0
31249,2038,0,0,1,0,0
31250,2039,0,0,1,0,0
31274,2040,0,0,1,0,0
31276,2041,0,0,1,0,0
31279,2042,0,0,1,0,0
31281,2043,0,0,1,0,0
31288,2044,0,0,1,0,0
31295,2045,0,0,1,0,0
31315,2046,0,0,1,0,0
31321,2047,0,0,1,0,0
31333,2048,0,0,1,0,0
31345,2049,0,0,1,0,0
31352,2050,0,0,1,0,0
31365,2051,0,0,1,0,0
31370,2052,0,0,1,0,0
31389,2053,0,0,1,0,0
31392,2054,0,0,1,0,0
31397,2055,0,0,1,0,0
31408,2056,0,0,1,0,0
31458,2057,0,0,1,0,0
31491,2058,0,0,1,0,0
31505,2059,0,0,1,0,0
31510,2060,0,0,1,0,0
31512,2061,1,0,0,0,0
31513,2062,0,0,1,0,0
31526,2063,0,0,1,0,0
31538,2064,0,0,1,0,0
31580,2065,0,0,1,0,0
31581,2066,0,0,1,0,0
31598,2067,0,0,1,0,0
31620,2068,0,0,1,0,0
31642,2069,0,0,1,0,0
31682,2070,0,0,1,0,0
31684,2071,0,0,1,0,0
31698,2072,0,0,1,0,0
31716,2073,0,0,1,0,0
31732,2074,0,0,1,0,0
31761,2075,0,0,1,0,0
31785,2076,0,0,1,0,0
31812,2077,0,0,1,0,0
31849,2078,0,0,1,0,0
31857,2079,0,0,1,0,0
31865,2080,0,0,1,0,0
31895,2081,0,0,1,0,0
31903,2082,0,0,1,0,0
31912,2083,0,0,1,0,0
31929,2084,0,0,1,0,0
31991,2085,0,0,0,1,0
32010,2086,0,0,1,0,0
32015,2087,0,0,1,0,0
32021,2088,0,0,1,0,0
32022,2089,0,0,1,0,0
32027,2090,0,0,1,0,0
32047,2091,0,0,1,0,0
32096,2092,0,0,1,0,0
32104,2093,0,0,1,0,0
32105,2094,0,0,1,0,0
32126,2095,0,0,1,0,0
32133,2096,0,0,1,0,0
32138,2097,0,0,1,0,0
32142,2098,0,0,1,0,0
32154,2099,0,0,1,0,0
32156,2100,0,0,1,0,0
32178,2101,0,0,1,0,0
32256,2102,0,0,0,1,0
32275,2103,0,0,1,0,0
32356,2104,0,0,1,0,0
32420,2105,0,0,1,0,0
32426,2106,0,0,1,0,0
32447,2107,0,0,1,0,0
32450,2108,0,0,1,0,0
32452,2109,0,0,1,0,0
32494,2110,0,0,1,0,0
32518,2111,0,0,1,0,0
32523,2112,0,0,1,0,0
32547,2113,0,0,1,0,0
32567,2114,0,0,1,0,0
32570,2115,0,0,1,0,0
32602,2116,0,0,1,0,0
32612,2117,0,0,1,0,0
32621,2118,0,0,1,0,0
32689,2119,0,0,1,0,0
32697,2120,0,0,1,0,0
32703,2121,0,0,1,0,0
32708,2122,0,0,1,0,0
32724,2123,0,0,1,0,0
32733,2124,0,0,1,0,0
32759,2125,0,0,1,0,0
32764,2126,0,0,1,0,0
32783,2127,0,0,1,0,0
32801,2128,0,0,1,0,0
32802,2129,0,0,1,0,0
32815,2130,0,0,1,0,0
32821,2131,0,0,1,0,0
32843,2132,0,0,1,0,0
32851,2133,0,0,1,0,0
32852,2134,0,0,1,0,0
32894,2135,0,0,1,0,0
32910,2136,0,0,1,0,0
32918,2137,0,0,1,0,0
32928,2138,0,0,1,0,0
32949,2139,0,0,1,0,0
32953,2140,0,0,1,0,0
32964,2141,0,0,1,0,0
32997,2142,0,0,1,0,0
33015,2143,0,0,1,0,0
33023,2144,0,0,1,0,0
33034,2145,0,0,1,0,0
33040,2146,0,0,1,0,0
33052,2147,0,0,1,0,0
33055,2148,0,0,1,0,0
33062,2149,0,0,1,0,0
33074,2150,0,0,1,0,0
33076,2151,0,0,1,0,0
33077,2152,0,0,1,0,0
33098,2153,0,0,1,0,0
33105,2154,0,0,1,0,0
33135,2155,0,0,1,0,0
33136,2156,0,0,1,0,0
33156,2157,0,0,1,0,0
33157,2158,0,0,1,0,0
33215,2159,0,0,1,0,0
33221,2160,0,0,1,0,0
33226,2161,0,0,1,0,0
33235,2162,0,0,1,0,0
33272,2163,0,0,1,0,0
33312,2164,0,0,1,0,0
33360,2165,0,0,1,0,0
33365,2166,0,0,1,0,0
33378,2167,0,0,1,0,0
33409,2168,0,0,1,0,0
33456,2169,0,0,1,0,0
33499,2170,0,0,1,0,0
33528,2171,0,0,1,0,0
33548,2172,0,0,1,0,0
33553,2173,0,0,1,0,0
33554,2174,0,0,1,0,0
33563,2175,0,0,1,0,0
33588,2176,0,0,1,0,0
33597,2177,0,0,1,0,0
33600,2178,0,0,1,0,0
33603,2179,0,0,1,0,0
33636,2180,0,0,1,0,0
33640,2181,0,0,1,0,0
33642,2182,0,0,1,0,0
33657,2183,0,0,1,0,0
33659,2184,0,0,1,0,0
33713,2185,0,0,1,0,0
33725,2186,0,0,1,0,0
33727,2187,0,0,1,0,0
33770,2188,0,0,1,0,0
33773,2189,0,0,1,0,0
33785,2190,0,0,1,0,0
33795,2191,0,0,1,0,0
33802,2192,0,0,1,0,0
33821,2193,0,0,1,0,0
33880,2194,0,0,1,0,0
33898,2195,0,0,1,0,0
33899,2196,0,0,1,0,0
33905,2197,0,0,1,0,0
33918,2198,0,0,1,0,0
33974,2199,0,0,1,0,0
33975,2200,0,0,1,0,0
33986,2201,0,0,1,0,0
34006,2202,0,0,1,0,0
34014,2203,0,0,1,0,0
34089,2204,0,0,0,1,0
34095,2205,0,0,1,0,0
34099,2206,0,0,1,0,0
34109,2207,0,0,1,0,0
34113,2208,0,0,1,0,0
34114,2209,0,0,1,0,0
34189,2210,0,0,1,0,0
34190,2211,0,0,1,0,0
34251,2212,0,0,1,0,0
34266,2213,0,0,1,0,0
34272,2214,0,0,1,0,0
34289,2215,0,0,1,0,0
34290,2216,0,0,1,0,0
34324,2217,0,0,1,0,0
34337,2218,0,0,1,0,0
34362,2219,0,0,1,0,0
34366,2220,0,0,1,0,0
34419,2221,0,0,1,0,0
34449,2222,0,0,1,0,0
34476,2223,0,0,1,0,0
34477,2224,0,0,1,0,0
34481,2225,0,0,1,0,0
34485,2226,0,0,1,0,0
34523,2227,0,0,1,0,0
34532,2228,0,0,1,0,0
34553,2229,0,0,1,0,0
34624,2230,0,0,1,0,0
34630,2231,0,0,1,0,0
34632,2232,0,0,1,0,0
34649,2233,0,0,1,0,0
34705,2234,0,0,1,0,0
34735,2235,0,0,1,0,0
34749,2236,0,0,1,0,0
34801,2237,0,0,1,0,0
34821,2238,0,0,1,0,0
34830,2239,0,0,1,0,0
34865,2240,0,0,1,0,0
34878,2241,0,0,1,0,0
34900,2242,0,0,1,0,0
34914,2243,0,0,1,0,0
34918,2244,0,0,1,0,0
34932,2245,0,0,1,0,0
34962,2246,0,0,1,0,0
35055,2247,0,0,0,1,0
35138,2248,0,0,1,0,0
35140,2249,0,0,1,0,0
35143,2250,0,0,1,0,0
35147,2251,0,0,1,0,0
35173,2252,0,0,1,0,0
35192,2253,0,0,1,0,0
35219,2254,0,0,1,0,0
35243,2255,0,0,1,0,0
35250,2256,0,0,1,0,0
35254,2257,0,0,1,0,0
35261,2258,0,0,1,0,0
35303,2259,0,0,1,0,0
35314,2260,0,0,1,0,0
35327,2261,0,0,1,0,0
35350,2262,0,0,1,0,0
35356,2263,0,0,1,0,0
35359,2264,0,0,1,0,0
35367,2265,0,0,1,0,0
35368,2266,1,0,0,0,0
35371,2267,0,0,1,0,0
35378,2268,0,0,1,0,0
35431,2269,0,0,1,0,0
35481,2270,0,0,1,0,0
35491,2271,0,0,1,0,0
35493,2272,0,0,1,0,0
35497,2273,0,0,1,0,0
35539,2274,0,0,1,0,0
35577,2275,0,0,1,0,0
35585,2276,0,0,1,0,0
35609,2277,0,0,1,0,0
35619,2278,0,0,1,0,0
35650,2279,0,0,1,0,0
35664,2280,0,0,1,0,0
35710,2281,0,0,1,0,0
35728,2282,0,0,1,0,0
35757,2283,0,0,1,0,0
35788,2284,0,0,1,0,0
35831,2285,0,0,1,0,0
35832,2286,0,0,1,0,0
35849,2287,0,0,1,0,0
35940,2288,0,0,0,1,0
35964,2289,0,0,1,0,0
36015,2290,0,0,1,0,0
36016,2291,0,0,1,0,0
36055,2292,0,0,1,0,0
36056,2293,0,0,1,0,0
36061,2294,0,0,1,0,0
36071,2295,0,0,1,0,0
36090,2296,0,0,1,0,0
36126,2297,0,0,1,0,0
36141,2298,0,0,1,0,0
36161,2299,0,0,1,0,0
36222,2300,0,0,1,0,0
36252,2301,0,0,1,0,0
36266,2302,0,0,1,0,0
36270,2303,0,0,1,0,0
36273,2304,0,0,1,0,0
36281,2305,0,0,1,0,0
36284,2306,0,0,1,0,0
36285,2307,0,0,1,0,0
36338,2308,0,0,1,0,0
36347,2309,0,0,1,0,0
36363,2310,0,0,1,0,0
36364,2311,0,0,1,0,0
36369,2312,0,0,1,0,0
36370,2313,0,0,1,0,0
36377,2314,0,0,1,0,0
36421,2315,0,0,1,0,0
36461,2316,0,0,1,0,0
36515,2317,0,0,1,0,0
36570,2318,0,0,1,0,0
36572,2319,0,0,1,0,0
36575,2320,0,0,1,0,0
36589,2321,0,0,1,0,0
36591,2322,0,0,1,0,0
36642,2323,0,0,1,0,0
36658,2324,0,0,1,0,0
36670,2325,0,0,1,0,0
36676,2326,0,0,1,0,0
36688,2327,0,0,1,0,0
36751,2328,0,0,1,0,0
36800,2329,0,0,1,0,0
36810,2330,0,0,1,0,0
36837,2331,0,0,1,0,0
36875,2332,0,0,1,0,0
36907,2333,0,0,1,0,0
36933,2334,0,0,1,0,0
36948,2335,0,0,1,0,0
36954,2336,0,0,1,0,0
36977,2337,0,0,1,0,0
36997,2338,0,0,1,0,0
37049,2339,0,0,1,0,0
37126,2340,0,0,0,1,0
37128,2341,0,0,1,0,0
37211,2342,0,0,0,1,0
37279,2343,0,0,0,1,0
37289,2344,0,0,1,0,0
37328,2345,0,0,1,0,0
37342,2346,0,0,1,0,0
37406,2347,0,0,1,0,0
37407,2348,0,0,1,0,0
37435,2349,0,0,1,0,0
37472,2350,0,0,1,0,0
37479,2351,0,0,1,0,0
37525,2352,0,0,1,0,0
37544,2353,0,0,1,0,0
37574,2354,0,0,1,0,0
37581,2355,0,0,1,0,0
37601,2356,0,0,1,0,0
37627,2357,0,0,1,0,0
37636,2358,0,0,1,0,0
37667,2359,0,0,1,0,0
37678,2360,0,0,1,0,0
37682,2361,0,0,1,0,0
37689,2362,0,0,1,0,0
37730,2363,0,0,1,0,0
37743,2364,0,0,1,0,0
37800,2365,0,0,1,0,0
37801,2366,0,0,1,0,0
37802,2367,0,0,1,0,0
37803,2368,0,0,1,0,0
37811,2369,0,0,1,0,0
37834,2370,0,0,1,0,0
37845,2371,0,0,1,0,0
37846,2372,0,0,1,0,0
37847,2373,0,0,1,0,0
37849,2374,0,0,1,0,0
37873,2375,0,0,1,0,0
37880,2376,0,0,1,0,0
37906,2377,0,0,1,0,0
37963,2378,0,0,1,0,0
38000,2379,0,0,1,0,0
38002,2380,0,0,1,0,0
38017,2381,0,0,1,0,0
38018,2382,0,0,1,0,0
38021,2383,0,0,1,0,0
38028,2384,0,0,1,0,0
38032,2385,0,0,1,0,0
38036,2386,0,0,1,0,0
38049,2387,0,0,1,0,0
38076,2388,0,0,1,0,0
38141,2389,0,0,1,0,0
38172,2390,0,0,1,0,0
38182,2391,0,0,1,0,0
38208,2392,0,0,1,0,0
38243,2393,0,0,1,0,0
38260,2394,0,0,1,0,0
38286,2395,0,0,1,0,0
38302,2396,0,0,1,0,0
38308,2397,0,0,1,0,0
38331,2398,0,0,1,0,0
38374,2399,0,0,1,0,0
38391,2400,0,0,1,0,0
38397,2401,0,0,1,0,0
38478,2402,0,0,1,0,0
38486,2403,0,0,1,0,0
38500,2404,0,0,1,0,0
38510,2405,0,0,1,0,0
38526,2406,0,0,1,0,0
38547,2407,0,0,1,0,0
38568,2408,0,0,1,0,0
38582,2409,0,0,1,0,0
38617,2410,0,0,1,0,0
38633,2411,0,0,1,0,0
38642,2412,0,0,1,0,0
38653,2413,0,0,1,0,0
38708,2414,0,0,1,0,0
38729,2415,0,0,1,0,0
38733,2416,0,0,1,0,0
38736,2417,0,0,1,0,0
38751,2418,0,0,1,0,0
38778,2419,0,0,1,0,0
38855,2420,0,0,1,0,0
38898,2421,0,0,1,0,0
38963,2422,0,0,1,0,0
38999,2423,0,0,1,0,0
39004,2424,0,0,1,0,0
39012,2425,0,0,1,0,0
39030,2426,0,0,1,0,0
39070,2427,0,0,1,0,0
39075,2428,0,0,1,0,0
39078,2429,0,0,1,0,0
39087,2430,0,0,1,0,0
39101,2431,0,0,1,0,0
39119,2432,0,0,1,0,0
39142,2433,0,0,1,0,0
39155,2434,0,0,1,0,0
39162,2435,0,0,1,0,0
39200,2436,0,0,1,0,0
39219,2437,0,0,1,0,0
39230,2438,0,0,1,0,0
39243,2439,0,0,1,0,0
39245,2440,0,0,1,0,0
39277,2441,0,0,1,0,0
39289,2442,0,0,1,0,0
39328,2443,0,0,1,0,0
39332,2444,0,0,1,0,0
39364,2445,0,0,1,0,0
39373,2446,0,0,1,0,0
39393,2447,0,0,1,0,0
39411,2448,0,0,1,0,0
39446,2449,0,0,1,0,0
39464,2450,0,0,1,0,0
39485,2451,0,0,1,0,0
39493,2452,0,0,1,0,0
39571,2453,0,0,1,0,0
39597,2454,0,0,1,0,0
39611,2455,0,0,1,0,0
39641,2456,0,0,1,0,0
39648,2457,0,0,1,0,0
39674,2458,0,0,1,0,0
39723,2459,0,0,1,0,0
39737,2460,0,0,1,0,0
39753,2461,0,0,1,0,0
39756,2462,0,0,1,0,0
39796,2463,0,0,1,0,0
39829,2464,0,0,1,0,0
39848,2465,0,0,1,0,0
39868,2466,0,0,1,0,0
39953,2467,0,0,1,0,0
39976,2468,0,0,1,0,0
39985,2469,0,0,1,0,0
40040,2470,0,0,1,0,0
40103,2471,0,0,1,0,0
40133,2472,0,0,1,0,0
40152,2473,0,0,1,0,0
40160,2474,0,0,1,0,0
40189,2475,0,0,1,0,0
40196,2476,0,0,1,0,0
40219,2477,0,0,1,0,0
40228,2478,0,0,1,0,0
40230,2479,0,0,1,0,0
40254,2480,0,0,1,0,0
40284,2481,0,0,1,0,0
40319,2482,0,0,1,0,0
40330,2483,0,0,1,0,0
40369,2484,0,0,1,0,0
40383,2485,0,0,1,0,0
40386,2486,0,0,1,0,0
40390,2487,0,0,1,0,0
40400,2488,0,0,1,0,0
40407,2489,0,0,1,0,0
40442,2490,0,0,1,0,0
40464,2491,0,0,1,0,0
40520,2492,0,0,1,0,0
40591,2493,0,0,1,0,0
40641,2494,0,0,1,0,0
40653,2495,0,0,1,0,0
40656,2496,0,0,1,0,0
40723,2497,0,0,1,0,0
40771,2498,0,0,1,0,0
40774,2499,0,0,1,0,0
40776,2500,0,0,1,0,0
40780,2501,0,0,1,0,0
40793,2502,0,0,1,0,0
40815,2503,0,0,1,0,0
40854,2504,0,0,1,0,0
40860,2505,0,0,1,0,0
40871,2506,0,0,1,0,0
40914,2507,0,0,1,0,0
40919,2508,0,0,1,0,0
40933,2509,0,0,1,0,0
40939,2510,0,0,1,0,0
40947,2511,0,0,1,0,0
40954,2512,0,0,1,0,0
40962,2513,0,0,1,0,0
40970,2514,0,0,1,0,0
40976,2515,0,0,1,0,0
41014,2516,0,0,1,0,0
41032,2517,0,0,1,0,0
41045,2518,0,0,1,0,0
41061,2519,0,0,1,0,0
41074,2520,0,0,1,0,0
41076,2521,0,0,1,0,0
41082,2522,0,0,1,0,0
41091,2523,0,0,1,0,0
41099,2524,0,0,1,0,0
41103,2525,0,0,1,0,0
41110,2526,0,0,1,0,0
41169,2527,0,0,1,0,0
41187,2528,0,0,1,0,0
41202,2529,0,0,1,0,0
41229,2530,0,0,1,0,0
41243,2531,0,0,1,0,0
41264,2532,0,0,1,0,0
41296,2533,0,0,1,0,0
41307,2534,0,0,1,0,0
41311,2535,0,0,1,0,0
41324,2536,0,0,1,0,0
41326,2537,0,0,1,0,0
41331,2538,0,0,1,0,0
41332,2539,0,0,1,0,0
41346,2540,0,0,1,0,0
41379,2541,0,0,1,0,0
41387,2542,0,0,1,0,0
41424,2543,0,0,1,0,0
41425,2544,0,0,1,0,0
41431,2545,0,0,1,0,0
41488,2546,0,0,1,0,0
41500,2547,0,0,1,0,0
41519,2548,0,0,1,0,0
41533,2549,0,0,1,0,0
41540,2550,0,0,1,0,0
41559,2551,0,0,1,0,0
41635,2552,0,0,1,0,0
41678,2553,0,0,1,0,0
41683,2554,0,0,1,0,0
41704,2555,0,0,1,0,0
41747,2556,0,0,1,0,0
41791,2557,0,0,1,0,0
41871,2558,0,0,1,0,0
41876,2559,0,0,1,0,0
41900,2560,0,0,1,0,0
41919,2561,0,0,1,0,0
41923,2562,0,0,1,0,0
41965,2563,0,0,1,0,0
41970,2564,0,0,1,0,0
41986,2565,0,0,1,0,0
42032,2566,0,0,1,0,0
42035,2567,0,0,1,0,0
42065,2568,0,0,1,0,0
42072,2569,0,0,1,0,0
42149,2570,0,0,0,1,0
42155,2571,0,0,1,0,0
42161,2572,0,0,1,0,0
42199,2573,0,0,1,0,0
42202,2574,0,0,1,0,0
42206,2575,0,0,1,0,0
42271,2576,0,0,1,0,0
42343,2577,0,0,1,0,0
42410,2578,0,0,1,0,0
42438,2579,0,0,1,0,0
42444,2580,0,0,1,0,0
42453,2581,0,0,1,0,0
42461,2582,0,0,1,0,0
42499,2583,0,0,1,0,0
42509,2584,0,0,1,0,0
42518,2585,0,0,1,0,0
42520,2586,0,0,1,0,0
42526,2587,0,0,1,0,0
42539,2588,0,0,1,0,0
42548,2589,0,0,1,0,0
42585,2590,0,0,1,0,0
42604,2591,0,0,1,0,0
42626,2592,0,0,1,0,0
42637,2593,0,0,1,0,0
42697,2594,0,0,1,0,0
42743,2595,0,0,1,0,0
42763,2596,0,0,1,0,0
42798,2597,0,0,1,0,0
42810,2598,0,0,1,0,0
42813,2599,0,0,1,0,0
42845,2600,0,0,1,0,0
42872,2601,0,0,1,0,0
42889,2602,0,0,1,0,0
42948,2603,0,0,1,0,0
42970,2604,0,0,1,0,0
42976,2605,0,0,1,0,0
42980,2606,0,0,1,0,0
43081,2607,0,0,1,0,0
43115,2608,0,0,1,0,0
43178,2609,0,0,1,0,0
43190,2610,0,0,1,0,0
43209,2611,0,0,1,0,0
43211,2612,0,0,1,0,0
43213,2613,0,0,1,0,0
43216,2614,0,0,1,0,0
43217,2615,0,0,1,0,0
43296,2616,0,0,0,1,0
43348,2617,0,0,1,0,0
43379,2618,0,0,1,0,0
43398,2619,0,0,1,0,0
43415,2620,0,0,1,0,0
43440,2621,0,0,1,0,0
43461,2622,0,0,1,0,0
43465,2623,0,0,1,0,0
43495,2624,0,0,1,0,0
43506,2625,0,0,1,0,0
43510,2626,0,0,1,0,0
43524,2627,0,0,1,0,0
43534,2628,0,0,1,0,0
43549,2629,0,0,1,0,0
43556,2630,0,0,1,0,0
43654,2631,0,0,0,1,0
43679,2632,0,0,1,0,0
43681,2633,0,0,1,0,0
43689,2634,0,0,1,0,0
43699,2635,0,0,1,0,0
43705,2636,0,0,1,0,0
43733,2637,0,0,1,0,0
43744,2638,0,0,1,0,0
43745,2639,0,0,1,0,0
43772,2640,0,0,1,0,0
43788,2641,0,0,1,0,0
43791,2642,1,0,0,0,0
43826,2643,0,0,1,0,0
43832,2644,0,0,1,0,0
43854,2645,0,0,1,0,0
43881,2646,0,0,1,0,0
43882,2647,0,0,1,0,0
43953,2648,0,0,1,0,0
43958,2649,0,0,1,0,0
44024,2650,0,0,1,0,0
44026,2651,0,0,1,0,0
44060,2652,0,0,1,0,0
44088,2653,0,0,1,0,0
44092,2654,1,0,0,0,0
44101,2655,0,0,1,0,0
44134,2656,0,0,1,0,0
44209,2657,0,0,1,0,0
44211,2658,0,0,1,0,0
44249,2659,0,0,1,0,0
44266,2660,0,0,1,0,0
44272,2661,0,0,1,0,0
44294,2662,0,0,1,0,0
44309,2663,0,0,1,0,0
44324,2664,0,0,1,0,0
44352,2665,0,0,1,0,0
44357,2666,0,0,1,0,0
44360,2667,1,0,0,0,0
44361,2668,0,0,1,0,0
44363,2669,0,0,1,0,0
44371,2670,0,0,1,0,0
44399,2671,0,0,1,0,0
44435,2672,0,0,1,0,0
44500,2673,0,0,1,0,0
44511,2674,0,0,1,0,0
44515,2675,0,0,1,0,0
44549,2676,0,0,1,0,0
44622,2677,0,0,1,0,0
44643,2678,0,0,1,0,0
44645,2679,0,0,1,0,0
44646,2680,0,0,1,0,0
44662,2681,0,0,1,0,0
44722,2682,0,0,1,0,0
44724,2683,0,0,1,0,0
44753,2684,0,0,1,0,0
44759,2685,0,0,1,0,0
44789,2686,0,0,1,0,0
44827,2687,0,0,1,0,0
44848,2688,0,0,1,0,0
44865,2689,0,0,1,0,0
44911,2690,0,0,1,0,0
44977,2691,0,0,1,0,0
44994,2692,0,0,1,0,0
44997,2693,0,0,1,0,0
45006,2694,0,0,1,0,0
45034,2695,0,0,1,0,0
45036,2696,0,0,1,0,0
45066,2697,0,0,1,0,0
45087,2698,0,0,1,0,0
45178,2699,0,0,0,1,0
45217,2700,0,0,1,0,0
45249,2701,0,0,1,0,0
45252,2702,0,0,1,0,0
45255,2703,0,0,1,0,0
45283,2704,0,0,1,0,0
45299,2705,0,0,1,0,0
45307,2706,0,0,1,0,0
45346,2707,0,0,1,0,0
45367,2708,0,0,1,0,0
45443,2709,0,0,1,0,0
45459,2710,0,0,1,0,0
45461,2711,0,0,1,0,0
45472,2712,0,0,1,0,0
45498,2713,0,0,1,0,0
45524,2714,0,0,1,0,0
45530,2715,0,0,1,0,0
45555,2716,0,0,1,0,0
45568,2717,0,0,1,0,0
45591,2718,0,0,1,0,0
45650,2719,0,0,1,0,0
45686,2720,0,0,1,0,0
45722,2721,0,0,1,0,0
45761,2722,0,0,1,0,0
45769,2723,0,0,1,0,0
45861,2724,0,0,1,0,0
45919,2725,0,0,1,0,0
45949,2726,0,0,1,0,0
45974,2727,0,0,1,0,0
46000,2728,0,0,1,0,0
46015,2729,0,0,1,0,0
46042,2730,0,0,1,0,0
46085,2731,0,0,1,0,0
46099,2732,0,0,1,0,0
46100,2733,0,0,1,0,0
46138,2734,0,0,1,0,0
46202,2735,0,0,1,0,0
46218,2736,0,0,1,0,0
46269,2737,0,0,1,0,0
46323,2738,0,0,1,0,0
46420,2739,0,0,1,0,0
46506,2740,0,0,0,1,0
46570,2741,0,0,1,0,0
46572,2742,0,0,1,0,0
46623,2743,0,0,1,0,0
46627,2744,0,0,1,0,0
46640,2745,0,0,1,0,0
46647,2746,0,0,1,0,0
46750,2747,0,0,0,1,0
46760,2748,0,0,1,0,0
46773,2749,0,0,1,0,0
46823,2750,0,0,1,0,0
46831,2751,0,0,1,0,0
46844,2752,0,0,1,0,0
46847,2753,0,0,1,0,0
46849,2754,0,0,1,0,0
46852,2755,0,0,1,0,0
46857,2756,0,0,1,0,0
46861,2757,0,0,1,0,0
46886,2758,0,0,1,0,0
46947,2759,0,0,1,0,0
46970,2760,0,0,1,0,0
46976,2761,0,0,1,0,0
46987,2762,0,0,1,0,0
47056,2763,0,0,1,0,0
47118,2764,0,0,1,0,0
47161,2765,0,0,1,0,0
47201,2766,0,0,1,0,0
47214,2767,0,0,1,0,0
47224,2768,0,0,1,0,0
47300,2769,0,0,0,1,0
47365,2770,0,0,1,0,0
47374,2771,0,0,1,0,0
47422,2772,0,0,1,0,0
47424,2773,0,0,1,0,0
47503,2774,0,0,0,1,0
47524,2775,0,0,1,0,0
47528,2776,0,0,1,0,0
47546,2777,0,0,1,0,0
47590,2778,0,0,1,0,0
47600,2779,0,0,1,0,0
47621,2780,0,0,1,0,0
47672,2781,0,0,1,0,0
47677,2782,0,0,1,0,0
47711,2783,0,0,1,0,0
47789,2784,0,0,1,0,0
47803,2785,0,0,1,0,0
47836,2786,0,0,1,0,0
47875,2787,0,0,1,0,0
47881,2788,0,0,1,0,0
47957,2789,0,0,1,0,0
48003,2790,0,0,1,0,0
48017,2791,0,0,1,0,0
48052,2792,0,0,1,0,0
48070,2793,0,0,1,0,0
48079,2794,0,0,1,0,0
48169,2795,0,0,0,1,0
48179,2796,0,0,1,0,0
48202,2797,0,0,1,0,0
48215,2798,0,0,1,0,0
48230,2799,0,0,1,0,0
48237,2800,0,0,1,0,0
48274,2801,0,0,1,0,0
48351,2802,0,0,1,0,0
48356,2803,0,0,1,0,0
48360,2804,0,0,1,0,0
48443,2805,0,0,1,0,0
48484,2806,0,0,1,0,0
48530,2807,0,0,1,0,0
48539,2808,0,0,1,0,0
48542,2809,0,0,1,0,0
48548,2810,0,0,1,0,0
48554,2811,0,0,1,0,0
48654,2812,0,0,0,1,0
48660,2813,0,0,1,0,0
48708,2814,0,0,1,0,0
48729,2815,0,0,1,0,0
48730,2816,0,0,1,0,0
48731,2817,0,0,1,0,0
48741,2818,0,0,1,0,0
48787,2819,0,0,1,0,0
48847,2820,0,0,0,1,0
48854,2821,0,0,1,0,0
48872,2822,0,0,1,0,0
48875,2823,0,0,1,0,0
48894,2824,0,0,1,0,0
48895,2825,0,0,1,0,0
48901,2826,0,0,1,0,0
48918,2827,0,0,1,0,0
49013,2828,0,0,0,1,0
49044,2829,0,0,1,0,0
49139,2830,0,0,0,1,0
49140,2831,1,0,0,0,0
49214,2832,0,0,1,0,0
49229,2833,0,0,1,0,0
49230,2834,0,0,1,0,0
49233,2835,0,0,1,0,0
49255,2836,0,0,1,0,0
49315,2837,0,0,1,0,0
49331,2838,0,0,1,0,0
49353,2839,0,0,1,0,0
49355,2840,0,0,1,0,0
49356,2841,0,0,1,0,0
49406,2842,0,0,1,0,0
49433,2843,0,0,1,0,0
49458,2844,0,0,1,0,0
49507,2845,0,0,1,0,0
49574,2846,0,0,1,0,0
49594,2847,0,0,1,0,0
49595,2848,1,0,0,0,0
49605,2849,0,0,1,0,0
49618,2850,0,0,1,0,0
49625,2851,1,0,0,0,0
49673,2852,0,0,1,0,0
49698,2853,0,0,1,0,0
49705,2854,0,0,1,0,0
49721,2855,0,0,1,0,0
49763,2856,0,0,1,0,0
49810,2857,0,0,1,0,0
49820,2858,0,0,1,0,0
49836,2859,0,0,1,0,0
49845,2860,0,0,1,0,0
49851,2861,0,0,1,0,0
49853,2862,0,0,1,0,0
49907,2863,0,0,1,0,0
49910,2864,0,0,1,0,0
49928,2865,0,0,1,0,0
49931,2866,0,0,1,0,0
49959,2867,0,0,1,0,0
50032,2868,0,0,1,0,0
50033,2869,0,0,1,0,0
50070,2870,0,0,1,0,0
50076,2871,0,0,1,0,0
50100,2872,0,0,1,0,0
50135,2873,0,0,1,0,0
50171,2874,0,0,1,0,0
50199,2875,0,0,1,0,0
50215,2876,0,0,1,0,0
50216,2877,0,0,1,0,0
50223,2878,0,0,1,0,0
50241,2879,0,0,1,0,0
50270,2880,0,0,1,0,0
50308,2881,0,0,1,0,0
50338,2882,0,0,1,0,0
50339,2883,0,0,1,0,0
50392,2884,0,0,1,0,0
50410,2885,0,0,1,0,0
50468,2886,0,0,1,0,0
50497,2887,0,0,1,0,0
50504,2888,0,0,1,0,0
50535,2889,0,0,1,0,0
50536,2890,0,0,1,0,0
50545,2891,0,0,1,0,0
50547,2892,0,0,1,0,0
50552,2893,0,0,1,0,0
50621,2894,0,0,1,0,0
50689,2895,0,0,1,0,0
50720,2896,0,0,1,0,0
50748,2897,0,0,1,0,0
50764,2898,0,0,1,0,0
50786,2899,0,0,1,0,0
50791,2900,0,0,1,0,0
50792,2901,0,0,1,0,0
50823,2902,0,0,1,0,0
50853,2903,0,0,1,0,0
50858,2904,0,0,1,0,0
50871,2905,0,0,1,0,0
50940,2906,0,0,1,0,0
50941,2907,0,0,1,0,0
50951,2908,0,0,1,0,0
50966,2909,0,0,1,0,0
50980,2910,0,0,1,0,0
51013,2911,0,0,1,0,0
51019,2912,0,0,1,0,0
51036,2913,0,0,1,0,0
51038,2914,0,0,1,0,0
51060,2915,0,0,1,0,0
51084,2916,0,0,1,0,0
51086,2917,0,0,1,0,0
51097,2918,0,0,1,0,0
51124,2919,0,0,1,0,0
51127,2920,0,0,1,0,0
51217,2921,0,0,0,1,0
51220,2922,0,0,1,0,0
51228,2923,0,0,1,0,0
51235,2924,0,0,1,0,0
51236,2925,0,0,1,0,0
51251,2926,0,0,1,0,0
51265,2927,0,0,1,0,0
51292,2928,0,0,1,0,0
51341,2929,0,0,1,0,0
51349,2930,0,0,1,0,0
51363,2931,0,0,1,0,0
51389,2932,0,0,1,0,0
51391,2933,0,0,1,0,0
51392,2934,0,0,1,0,0
51433,2935,0,0,1,0,0
51435,2936,0,0,1,0,0
51482,2937,0,0,1,0,0
51520,2938,0,0,1,0,0
51611,2939,0,0,1,0,0
51714,2940,0,0,0,1,0
51729,2941,0,0,1,0,0
51738,2942,0,0,1,0,0
51752,2943,0,0,1,0,0
51762,2944,0,0,1,0,0
51785,2945,0,0,1,0,0
51831,2946,0,0,1,0,0
51833,2947,0,0,1,0,0
51869,2948,0,0,1,0,0
51929,2949,0,0,1,0,0
51952,2950,0,0,1,0,0
51965,2951,0,0,1,0,0
51998,2952,0,0,1,0,0
52000,2953,0,0,1,0,0
52007,2954,0,0,1,0,0
52032,2955,0,0,1,0,0
52037,2956,0,0,1,0,0
52068,2957,0,0,1,0,0
52180,2958,0,0,1,0,0
52188,2959,0,0,1,0,0
52192,2960,0,0,1,0,0
52233,2961,0,0,1,0,0
52291,2962,0,0,1,0,0
52322,2963,0,0,1,0,0
52351,2964,0,0,1,0,0
52421,2965,0,0,1,0,0
52425,2966,0,0,1,0,0
52430,2967,0,0,1,0,0
52433,2968,0,0,1,0,0
52443,2969,0,0,1,0,0
52450,2970,0,0,1,0,0
52476,2971,0,0,1,0,0
52480,2972,0,0,1,0,0
52483,2973,0,0,1,0,0
52486,2974,0,0,1,0,0
52498,2975,0,0,1,0,0
52503,2976,0,0,1,0,0
52528,2977,0,0,1,0,0
52529,2978,0,0,1,0,0
52545,2979,0,0,1,0,0
52572,2980,0,0,1,0,0
52650,2981,0,0,1,0,0
52656,2982,0,0,1,0,0
52677,2983,0,0,1,0,0
52748,2984,0,0,1,0,0
52783,2985,0,0,1,0,0
52798,2986,0,0,1,0,0
52800,2987,0,0,1,0,0
52805,2988,0,0,1,0,0
52809,2989,0,0,1,0,0
52840,2990,0,0,1,0,0
52928,2991,0,0,0,1,0
52940,2992,0,0,1,0,0
52976,2993,0,0,1,0,0
52981,2994,0,0,1,0,0
53026,2995,0,0,1,0,0
53031,2996,0,0,1,0,0
53047,2997,0,0,1,0,0
53054,2998,0,0,1,0,0
53059,2999,0,0,1,0,0
53060,3000,0,0,1,0,0
53088,3001,0,0,1,0,0
53090,3002,0,0,1,0,0
53094,3003,0,0,1,0,0
53109,3004,0,0,1,0,0
53113,3005,0,0,1,0,0
53120,3006,0,0,1,0,0
53135,3007,0,0,1,0,0
53166,3008,0,0,1,0,0
53200,3009,0,0,1,0,0
53243,3010,0,0,1,0,0
53312,3011,0,0,1,0,0
53355,3012,0,0,1,0,0
53367,3013,0,0,1,0,0
53392,3014,0,0,1,0,0
53419,3015,0,0,1,0,0
53446,3016,0,0,1,0,0
53476,3017,0,0,1,0,0
53511,3018,0,0,1,0,0
53534,3019,0,0,1,0,0
53541,3020,0,0,1,0,0
53583,3021,0,0,1,0,0
53602,3022,0,0,1,0,0
53610,3023,0,0,1,0,0
53630,3024,0,0,1,0,0
53643,3025,0,0,1,0,0
53691,3026,0,0,1,0,0
53694,3027,0,0,1,0,0
53723,3028,0,0,1,0,0
53755,3029,0,0,1,0,0
53795,3030,0,0,1,0,0
53819,3031,0,0,1,0,0
53831,3032,0,0,1,0,0
53886,3033,0,0,1,0,0
53919,3034,0,0,1,0,0
53926,3035,0,0,1,0,0
53961,3036,0,0,1,0,0
53972,3037,0,0,1,0,0
53982,3038,0,0,1,0,0
54057,3039,0,0,1,0,0
54082,3040,0,0,1,0,0
54109,3041,0,0,1,0,0
54156,3042,0,0,1,0,0
54178,3043,0,0,1,0,0
54180,3044,0,0,1,0,0
54184,3045,0,0,1,0,0
54258,3046,0,0,1,0,0
54299,3047,0,0,1,0,0
54339,3048,0,0,1,0,0
54371,3049,0,0,1,0,0
54400,3050,0,0,1,0,0
54425,3051,0,0,1,0,0
54440,3052,0,0,1,0,0
54503,3053,0,0,1,0,0
54534,3054,0,0,1,0,0
54600,3055,0,0,1,0,0
54606,3056,1,0,0,0,0
54611,3057,0,0,1,0,0
54628,3058,0,0,1,0,0
54691,3059,0,0,1,0,0
54766,3060,0,0,1,0,0
54792,3061,0,0,1,0,0
54924,3062,0,0,1,0,0
54939,3063,0,0,1,0,0
54958,3064,0,0,1,0,0
54991,3065,0,0,1,0,0
55016,3066,0,0,1,0,0
55056,3067,0,0,1,0,0
55069,3068,0,0,1,0,0
55105,3069,0,0,1,0,0
55188,3070,0,0,0,1,0
55216,3071,0,0,1,0,0
55264,3072,0,0,1,0,0
55266,3073,0,0,1,0,0
55341,3074,0,0,1,0,0
55369,3075,0,0,1,0,0
55413,3076,0,0,1,0,0
55454,3077,0,0,1,0,0
55470,3078,0,0,1,0,0
55489,3079,0,0,1,0,0
55490,3080,0,0,1,0,0
55532,3081,0,0,1,0,0
55557,3082,0,0,1,0,0
55602,3083,0,0,1,0,0
55686,3084,0,0,1,0,0
55717,3085,0,0,1,0,0
55826,3086,0,0,1,0,0
55854,3087,0,0,1,0,0
55905,3088,0,0,1,0,0
55919,3089,0,0,1,0,0
55926,3090,0,0,1,0,0
55970,3091,0,0,1,0,0
56037,3092,0,0,1,0,0
56048,3093,0,0,1,0,0
56109,3094,0,0,1,0,0
56112,3095,0,0,1,0,0
56188,3096,0,0,1,0,0
56215,3097,0,0,1,0,0
56282,3098,0,0,1,0,0
56347,3099,0,0,1,0,0
56359,3100,0,0,1,0,0
56393,3101,0,0,1,0,0
56404,3102,0,0,1,0,0
56439,3103,0,0,1,0,0
56443,3104,0,0,1,0,0
56444,3105,0,0,1,0,0
56480,3106,0,0,1,0,0
56547,3107,0,0,1,0,0
56587,3108,0,0,1,0,0
56646,3109,0,0,1,0,0
56653,3110,0,0,1,0,0
56666,3111,0,0,1,0,0
56687,3112,0,0,1,0,0
56716,3113,0,0,1,0,0
56724,3114,0,0,1,0,0
56725,3115,0,0,1,0,0
56782,3116,0,0,1,0,0
56787,3117,0,0,1,0,0
56813,3118,0,0,1,0,0
56914,3119,0,0,1,0,0
56953,3120,0,0,1,0,0
56963,3121,0,0,1,0,0
57007,3122,0,0,1,0,0
57020,3123,0,0,1,0,0
57114,3124,0,0,0,1,0
57142,3125,0,0,1,0,0
57213,3126,0,0,1,0,0
57221,3127,0,0,1,0,0
57239,3128,0,0,1,0,0
57273,3129,0,0,1,0,0
57277,3130,0,0,1,0,0
57282,3131,0,0,1,0,0
57291,3132,0,0,1,0,0
57299,3133,0,0,1,0,0
57330,3134,0,0,1,0,0
57345,3135,0,0,1,0,0
57356,3136,0,0,1,0,0
57368,3137,0,0,1,0,0
57454,3138,0,0,1,0,0
57533,3139,0,0,1,0,0
57553,3140,0,0,1,0,0
57606,3141,0,0,1,0,0
57612,3142,0,0,1,0,0
57613,3143,0,0,1,0,0
57615,3144,0,0,1,0,0
57619,3145,0,0,1,0,0
57621,3146,0,0,1,0,0
57696,3147,0,0,1,0,0
57756,3148,0,0,1,0,0
57764,3149,0,0,1,0,0
57817,3150,0,0,1,0,0
57901,3151,0,0,0,1,0
57904,3152,0,0,1,0,0
57984,3153,0,0,1,0,0
58022,3154,0,0,1,0,0
58024,3155,0,0,1,0,0
58037,3156,0,0,1,0,0
58046,3157,0,0,1,0,0
58108,3158,0,0,1,0,0
58130,3159,0,0,1,0,0
58157,3160,0,0,1,0,0
58168,3161,0,0,1,0,0
58261,3162,0,0,0,1,0
58262,3163,0,0,1,0,0
58350,3164,0,0,1,0,0
58388,3165,0,0,1,0,0
58395,3166,0,0,1,0,0
58426,3167,0,0,1,0,0
58458,3168,0,0,1,0,0
58460,3169,0,0,1,0,0
58481,3170,0,0,1,0,0
58484,3171,0,0,1,0,0
58573,3172,0,0,1,0,0
58582,3173,0,0,1,0,0
58585,3174,0,0,1,0,0
58654,3175,0,0,1,0,0
58715,3176,0,0,1,0,0
58748,3177,0,0,1,0,0
58830,3178,0,0,1,0,0
58877,3179,0,0,1,0,0
58930,3180,0,0,1,0,0
58941,3181,0,0,1,0,0
58952,3182,0,0,1,0,0
59031,3183,0,0,0,1,0
59036,3184,0,0,1,0,0
59042,3185,0,0,1,0,0
59079,3186,0,0,1,0,0
59100,3187,0,0,1,0,0
59104,3188,0,0,1,0,0
59116,3189,0,0,1,0,0
59212,3190,0,0,1,0,0
59290,3191,0,0,1,0,0
59305,3192,0,0,1,0,0
59336,3193,0,0,1,0,0
59370,3194,0,0,1,0,0
59413,3195,0,0,1,0,0
59419,3196,0,0,1,0,0
59421,3197,0,0,1,0,0
59486,3198,0,0,1,0,0
59487,3199,0,0,1,0,0
59493,3200,0,0,1,0,0
59503,3201,0,0,1,0,0
59507,3202,0,0,1,0,0
59560,3203,0,0,1,0,0
59577,3204,0,0,1,0,0
59579,3205,0,0,1,0,0
59594,3206,0,0,1,0,0
59635,3207,0,0,1,0,0
59665,3208,0,0,1,0,0
59755,3209,0,0,1,0,0
59837,3210,0,0,1,0,0
59920,3211,0,0,0,1,0
59921,3212,0,0,1,0,0
59932,3213,0,0,1,0,0
59953,3214,0,0,1,0,0
60159,3215,0,0,1,0,0
60220,3216,0,0,1,0,0
60227,3217,0,0,1,0,0
60242,3218,0,0,1,0,0
60279,3219,0,0,1,0,0
60285,3220,0,0,1,0,0
60375,3221,0,0,0,1,0
60418,3222,0,0,1,0,0
60421,3223,0,0,1,0,0
60465,3224,0,0,1,0,0
60489,3225,0,0,1,0,0
60494,3226,0,0,1,0,0
60520,3227,0,0,1,0,0
60525,3228,0,0,1,0,0
60582,3229,0,0,1,0,0
60589,3230,0,0,1,0,0
60598,3231,0,0,1,0,0
60614,3232,0,0,1,0,0
60741,3233,0,0,1,0,0
60791,3234,0,0,1,0,0
60876,3235,0,0,1,0,0
60880,3236,0,0,1,0,0
60885,3237,0,0,1,0,0
60938,3238,0,0,1,0,0
60940,3239,1,0,0,0,0
60990,3240,0,0,1,0,0
61040,3241,0,0,1,0,0
61080,3242,0,0,1,0,0
61124,3243,0,0,1,0,0
61137,3244,0,0,1,0,0
61172,3245,0,0,1,0,0
61173,3246,0,0,1,0,0
61211,3247,0,0,1,0,0
61219,3248,0,0,1,0,0
61224,3249,0,0,1,0,0
61338,3250,0,0,1,0,0
61339,3251,0,0,1,0,0
61422,3252,0,0,1,0,0
61437,3253,0,0,1,0,0
61494,3254,0,0,1,0,0
61496,3255,0,0,1,0,0
61499,3256,0,0,1,0,0
61597,3257,0,0,0,1,0
61645,3258,0,0,1,0,0
61725,3259,0,0,1,0,0
61747,3260,0,0,1,0,0
61820,3261,0,0,1,0,0
61862,3262,0,0,1,0,0
61896,3263,0,0,1,0,0
61917,3264,0,0,1,0,0
62004,3265,0,0,0,1,0
62037,3266,0,0,1,0,0
62066,3267,0,0,1,0,0
62142,3268,0,0,1,0,0
62167,3269,0,0,1,0,0
62168,3270,0,0,1,0,0
62200,3271,0,0,1,0,0
62220,3272,0,0,1,0,0
62306,3273,0,0,1,0,0
62372,3274,0,0,1,0,0
62441,3275,0,0,1,0,0
62501,3276,0,0,1,0,0
62600,3277,0,0,1,0,0
62608,3278,0,0,1,0,0
62628,3279,0,0,1,0,0
62655,3280,0,0,1,0,0
62704,3281,0,0,1,0,0
62733,3282,0,0,1,0,0
62735,3283,0,0,1,0,0
62781,3284,0,0,1,0,0
62826,3285,0,0,1,0,0
62840,3286,0,0,1,0,0
62843,3287,0,0,1,0,0
62856,3288,0,0,1,0,0
62896,3289,0,0,1,0,0
62904,3290,0,0,1,0,0
63030,3291,0,0,1,0,0
63060,3292,0,0,1,0,0
63113,3293,0,0,1,0,0
63115,3294,0,0,1,0,0
63156,3295,0,0,1,0,0
63242,3296,0,0,0,1,0
63267,3297,0,0,1,0,0
63342,3298,0,0,0,1,0
63379,3299,0,0,1,0,0
63389,3300,0,0,1,0,0
63451,3301,0,0,1,0,0
63469,3302,0,0,1,0,0
63498,3303,0,0,1,0,0
63526,3304,0,0,1,0,0
63557,3305,0,0,1,0,0
63591,3306,0,0,1,0,0
63633,3307,0,0,1,0,0
63637,3308,0,0,1,0,0
63639,3309,0,0,1,0,0
63716,3310,0,0,1,0,0
63801,3311,0,0,1,0,0
63874,3312,0,0,1,0,0
63901,3313,0,0,1,0,0
63905,3314,0,0,1,0,0
63915,3315,0,0,1,0,0
63981,3316,0,0,1,0,0
64010,3317,0,0,1,0,0
64073,3318,0,0,1,0,0
64074,3319,0,0,1,0,0
64102,3320,0,0,1,0,0
64118,3321,0,0,1,0,0
64123,3322,0,0,1,0,0
64193,3323,0,0,1,0,0
64215,3324,0,0,1,0,0
64230,3325,0,0,1,0,0
64277,3326,0,0,1,0,0
64288,3327,0,0,1,0,0
64311,3328,0,0,1,0,0
64339,3329,0,0,1,0,0
64378,3330,0,0,1,0,0
64458,3331,0,0,1,0,0
64466,3332,0,0,1,0,0
64493,3333,0,0,1,0,0
64501,3334,0,0,1,0,0
64503,3335,0,0,1,0,0
64558,3336,0,0,1,0,0
64578,3337,0,0,1,0,0
64579,3338,0,0,1,0,0
64666,3339,0,0,1,0,0
64732,3340,0,0,1,0,0
64740,3341,0,0,1,0,0
64801,3342,0,0,1,0,0
64817,3343,0,0,1,0,0
64922,3344,0,0,0,1,0
64948,3345,0,0,1,0,0
64955,3346,1,0,0,0,0
64969,3347,0,0,1,0,0
65031,3348,0,0,1,0,0
65058,3349,0,0,1,0,0
65106,3350,0,0,1,0,0
65112,3351,0,0,1,0,0
65180,3352,0,0,1,0,0
65186,3353,0,0,1,0,0
65198,3354,0,0,1,0,0
65199,3355,0,0,1,0,0
65208,3356,0,0,1,0,0
65213,3357,1,0,0,0,0
65292,3358,0,0,1,0,0
65344,3359,0,0,1,0,0
65417,3360,0,0,1,0,0
65428,3361,0,0,1,0,0
65456,3362,0,0,1,0,0
65502,3363,0,0,1,0,0
65582,3364,0,0,1,0,0
65596,3365,0,0,1,0,0
65681,3366,0,0,1,0,0
65709,3367,0,0,1,0,0
65737,3368,0,0,1,0,0
65789,3369,0,0,1,0,0
65820,3370,0,0,1,0,0
65835,3371,0,0,1,0,0
65916,3372,0,0,0,1,0
65995,3373,0,0,0,1,0
66074,3374,0,0,1,0,0
66159,3375,0,0,1,0,0
66169,3376,0,0,1,0,0
66181,3377,0,0,1,0,0
66221,3378,0,0,1,0,0
66275,3379,0,0,1,0,0
66284,3380,0,0,1,0,0
66301,3381,0,0,1,0,0
66322,3382,0,0,1,0,0
66366,3383,0,0,1,0,0
66406,3384,0,0,1,0,0
66425,3385,0,0,1,0,0
66439,3386,0,0,1,0,0
66497,3387,0,0,1,0,0
66522,3388,0,0,1,0,0
66616,3389,0,0,0,1,0
66685,3390,0,0,1,0,0
66734,3391,0,0,1,0,0
66747,3392,0,0,1,0,0
66809,3393,0,0,1,0,0
66867,3394,0,0,1,0,0
66904,3395,0,0,1,0,0
66912,3396,0,0,1,0,0
66960,3397,0,0,1,0,0
66991,3398,0,0,1,0,0
67065,3399,0,0,1,0,0
67066,3400,0,0,1,0,0
67134,3401,0,0,1,0,0
67137,3402,0,0,1,0,0
67153,3403,0,0,1,0,0
67160,3404,0,0,1,0,0
67173,3405,0,0,1,0,0
67192,3406,0,0,1,0,0
67229,3407,0,0,1,0,0
67230,3408,0,0,1,0,0
67248,3409,0,0,1,0,0
67326,3410,0,0,1,0,0
67330,3411,0,0,1,0,0
67358,3412,0,0,1,0,0
67363,3413,0,0,1,0,0
67374,3414,0,0,1,0,0
67384,3415,0,0,1,0,0
67405,3416,0,0,1,0,0
67457,3417,0,0,1,0,0
67522,3418,0,0,1,0,0
67607,3419,0,0,0,1,0
67685,3420,0,0,1,0,0
67785,3421,0,0,0,1,0
67794,3422,0,0,1,0,0
67899,3423,0,0,1,0,0
67938,3424,0,0,1,0,0
67945,3425,0,0,1,0,0
67996,3426,0,0,1,0,0
68087,3427,0,0,1,0,0
68176,3428,0,0,0,1,0
68209,3429,0,0,1,0,0
68277,3430,0,0,1,0,0
68310,3431,0,0,1,0,0
68345,3432,0,0,1,0,0
68363,3433,0,0,1,0,0
68546,3434,0,0,1,0,0
68587,3435,0,0,1,0,0
68610,3436,0,0,1,0,0
68611,3437,0,0,1,0,0
68695,3438,0,0,0,1,0
68760,3439,0,0,1,0,0
68855,3440,0,0,0,1,0
68892,3441,0,0,1,0,0
68934,3442,0,0,1,0,0
68946,3443,0,0,1,0,0
69012,3444,0,0,1,0,0
69026,3445,0,0,1,0,0
69068,3446,0,0,1,0,0
69086,3447,0,0,1,0,0
69168,3448,0,0,1,0,0
69185,3449,0,0,1,0,0
69328,3450,0,0,1,0,0
69404,3451,0,0,0,1,0
69406,3452,0,0,1,0,0
69409,3453,0,0,1,0,0
69485,3454,0,0,0,1,0
69587,3455,0,0,1,0,0
69677,3456,0,0,0,1,0
69683,3457,0,0,1,0,0
69788,3458,0,0,0,1,0
69878,3459,0,0,0,1,0
69960,3460,0,0,0,1,0
70020,3461,0,0,1,0,0
70102,3462,0,0,0,1,0
70160,3463,0,0,1,0,0
70173,3464,0,0,1,0,0
70199,3465,0,0,1,0,0
70226,3466,0,0,1,0,0
70292,3467,0,0,1,0,0
70348,3468,0,0,1,0,0
70424,3469,0,0,1,0,0
70512,3470,0,0,1,0,0
70518,3471,0,0,1,0,0
70553,3472,0,0,1,0,0
70585,3473,0,0,1,0,0
70612,3474,0,0,1,0,0
70636,3475,0,0,1,0,0
70659,3476,0,0,1,0,0
70674,3477,0,0,1,0,0
70761,3478,0,0,1,0,0
70772,3479,0,0,1,0,0
70795,3480,0,0,1,0,0
70846,3481,0,0,1,0,0
70847,3482,0,0,1,0,0
70888,3483,0,0,1,0,0
70976,3484,0,0,1,0,0
71049,3485,0,0,1,0,0
71051,3486,0,0,1,0,0
71140,3487,0,0,1,0,0
71173,3488,0,0,1,0,0
71179,3489,0,0,1,0,0
71250,3490,0,0,1,0,0
71298,3491,0,0,1,0,0
71313,3492,0,0,1,0,0
71376,3493,0,0,1,0,0
71438,3494,0,0,1,0,0
71535,3495,0,0,0,1,0
71541,3496,0,0,1,0,0
71637,3497,0,0,0,1,0
71694,3498,0,0,1,0,0
71739,3499,0,0,1,0,0
71756,3500,0,0,1,0,0
71770,3501,0,0,1,0,0
71834,3502,0,0,1,0,0
71860,3503,0,0,1,0,0
72026,3504,0,0,0,1,0
72091,3505,0,0,1,0,0
72131,3506,0,0,1,0,0
72211,3507,0,0,0,1,0
72214,3508,0,0,1,0,0
72323,3509,0,0,1,0,0
72342,3510,0,0,1,0,0
72429,3511,0,0,1,0,0
72471,3512,0,0,1,0,0
72548,3513,0,0,1,0,0
72556,3514,0,0,1,0,0
72634,3515,0,0,1,0,0
72700,3516,0,0,1,0,0
72801,3517,0,0,1,0,0
72857,3518,0,0,1,0,0
72946,3519,0,0,0,1,0
72996,3520,0,0,1,0,0
73015,3521,0,0,1,0,0
73089,3522,0,0,1,0,0
73174,3523,0,0,1,0,0
73207,3524,0,0,1,0,0
73299,3525,0,0,0,1,0
73426,3526,0,0,1,0,0
73507,3527,0,0,0,1,0
73510,3528,0,0,1,0,0
73553,3529,0,0,1,0,0
73598,3530,0,0,1,0,0
73625,3531,0,0,1,0,0
73693,3532,0,0,1,0,0
73755,3533,0,0,1,0,0
73765,3534,0,0,1,0,0
73832,3535,0,0,1,0,0
73856,3536,0,0,1,0,0
73895,3537,0,0,1,0,0
73941,3538,0,0,1,0,0
74015,3539,0,0,1,0,0
74102,3540,0,0,1,0,0
74110,3541,0,0,1,0,0
74250,3542,0,0,1,0,0
74253,3543,0,0,1,0,0
74349,3544,0,0,0,1,0
74387,3545,0,0,1,0,0
74423,3546,0,0,1,0,0
74426,3547,0,0,1,0,0
74500,3548,0,0,1,0,0
74558,3549,0,0,1,0,0
74651,3550,0,0,0,1,0
74787,3551,0,0,1,0,0
74828,3552,0,0,1,0,0
74905,3553,0,0,0,1,0
74978,3554,0,0,0,1,0
75008,3555,0,0,1,0,0
75214,3556,0,0,1,0,0
75272,3557,0,0,1,0,0
75343,3558,0,0,1,0,0
75361,3559,0,0,1,0,0
75374,3560,0,0,1,0,0
75406,3561,0,0,1,0,0
75491,3562,0,0,0,1,0
75525,3563,0,0,1,0,0
75592,3564,0,0,1,0,0
75624,3565,0,0,1,0,0
75655,3566,0,0,1,0,0
75672,3567,0,0,1,0,0
75753,3568,0,0,0,1,0
75832,3569,0,0,0,1,0
75835,3570,0,0,1,0,0
75843,3571,0,0,1,0,0
75871,3572,0,0,1,0,0
75956,3573,0,0,1,0,0
76056,3574,0,0,1,0,0
76149,3575,0,0,1,0,0
76308,3576,0,0,1,0,0
76368,3577,0,0,1,0,0
76442,3578,0,0,1,0,0
76524,3579,0,0,1,0,0
76527,3580,0,0,1,0,0
76604,3581,0,0,1,0,0
76699,3582,0,0,0,1,0
76758,3583,0,0,1,0,0
76891,3584,0,0,1,0,0
76898,3585,0,0,1,0,0
76964,3586,0,0,1,0,0
76976,3587,0,0,1,0,0
77011,3588,0,0,1,0,0
77083,3589,0,0,1,0,0
77091,3590,0,0,1,0,0
77109,3591,0,0,1,0,0
77218,3592,0,0,0,1,0
77252,3593,0,0,1,0,0
77290,3594,0,0,1,0,0
77363,3595,0,0,1,0,0
77371,3596,0,0,1,0,0
77453,3597,0,0,1,0,0
77528,3598,0,0,1,0,0
77612,3599,0,0,0,1,0
77698,3600,0,0,1,0,0
77722,3601,0,0,1,0,0
77788,3602,0,0,1,0,0
77875,3603,0,0,0,1,0
77958,3604,0,0,0,1,0
77982,3605,0,0,1,0,0
78068,3606,0,0,0,1,0
78164,3607,0,0,0,1,0
78187,3608,0,0,1,0,0
78246,3609,0,0,1,0,0
78325,3610,0,0,0,1,0
78417,3611,0,0,0,1,0
78498,3612,0,0,1,0,0
78578,3613,0,0,1,0,0
78746,3614,0,0,0,1,0
78747,3615,1,0,0,0,0
78775,3616,0,0,1,0,0
78832,3617,0,0,1,0,0
78923,3618,0,0,0,1,0
78926,3619,0,0,1,0,0
78981,3620,0,0,1,0,0
79087,3621,0,0,0,1,0
79192,3622,0,0,1,0,0
79275,3623,0,0,1,0,0
79299,3624,0,0,1,0,0
79365,3625,0,0,1,0,0
79421,3626,0,0,1,0,0
79423,3627,0,0,1,0,0
79426,3628,1,0,0,0,0
79600,3629,0,0,1,0,0
79660,3630,0,0,1,0,0
79723,3631,0,0,1,0,0
79840,3632,0,0,1,0,0
79846,3633,0,0,1,0,0
79925,3634,0,0,1,0,0
80030,3635,0,0,0,1,0
80132,3636,0,0,0,1,0
80145,3637,0,0,1,0,0
80199,3638,0,0,1,0,0
80277,3639,0,0,0,1,0
80354,3640,0,0,1,0,0
80445,3641,0,0,0,1,0
80531,3642,0,0,1,0,0
80597,3643,0,0,1,0,0
80693,3644,0,0,1,0,0
80959,3645,0,0,1,0,0
81080,3646,0,0,1,0,0
81129,3647,0,0,1,0,0
81250,3648,0,0,0,1,0
81328,3649,0,0,1,0,0
81561,3650,0,0,1,0,0
81632,3651,0,0,1,0,0
81718,3652,0,0,0,1,0
81761,3653,0,0,1,0,0
81770,3654,0,0,1,0,0
81796,3655,0,0,1,0,0
81821,3656,0,0,1,0,0
81864,3657,0,0,1,0,0
81878,3658,0,0,1,0,0
81885,3659,0,0,1,0,0
81888,3660,1,0,0,0,0
81989,3661,0,0,0,1,0
81996,3662,0,0,1,0,0
82018,3663,0,0,1,0,0
82097,3664,0,0,0,1,0
82174,3665,0,0,0,1,0
82265,3666,0,0,0,1,0
82347,3667,0,0,1,0,0
82452,3668,0,0,0,1,0
82460,3669,0,0,1,0,0
82461,3670,0,0,1,0,0
82506,3671,0,0,1,0,0
82603,3672,0,0,1,0,0
82697,3673,0,0,0,1,0
82731,3674,1,0,0,0,0
82757,3675,0,0,1,0,0
82848,3676,0,0,0,1,0
82901,3677,0,0,1,0,0
82903,3678,0,0,1,0,0
82923,3679,0,0,1,0,0
82952,3680,0,0,1,0,0
83073,3681,0,0,0,1,0
83077,3682,0,0,1,0,0
83168,3683,0,0,1,0,0
83171,3684,0,0,1,0,0
83237,3685,0,0,1,0,0
83306,3686,0,0,1,0,0
83308,3687,0,0,1,0,0
83388,3688,0,0,1,0,0
83436,3689,0,0,1,0,0
83440,3690,0,0,1,0,0
83549,3691,0,0,0,1,0
83652,3692,0,0,0,1,0
83658,3693,0,0,1,0,0
83741,3694,0,0,1,0,0
83821,3695,0,0,1,0,0
83895,3696,0,0,1,0,0
83931,3697,0,0,1,0,0
83989,3698,0,0,1,0,0
84010,3699,0,0,1,0,0
84096,3700,0,0,0,1,0
84155,3701,0,0,1,0,0
84275,3702,0,0,1,0,0
84343,3703,0,0,1,0,0
84405,3704,0,0,1,0,0
84497,3705,0,0,0,1,0
84571,3706,0,0,1,0,0
84575,3707,0,0,1,0,0
84687,3708,0,0,0,1,0
84754,3709,0,0,1,0,0
84798,3710,0,0,1,0,0
84859,3711,0,0,1,0,0
84864,3712,0,0,1,0,0
84870,3713,0,0,1,0,0
84871,3714,0,0,1,0,0
84982,3715,0,0,0,1,0
84985,3716,0,0,1,0,0
85077,3717,0,0,0,1,0
85090,3718,0,0,1,0,0
85147,3719,0,0,1,0,0
85184,3720,0,0,1,0,0
85427,3721,0,0,1,0,0
85517,3722,0,0,1,0,0
85518,3723,0,0,1,0,0
85571,3724,0,0,1,0,0
85572,3725,1,0,0,0,0
85607,3726,0,0,1,0,0
85616,3727,0,0,1,0,0
85623,3728,0,0,1,0,0
85650,3729,0,0,1,0,0
85713,3730,0,0,1,0,0
85807,3731,0,0,1,0,0
85883,3732,0,0,1,0,0
85963,3733,0,0,1,0,0
86053,3734,0,0,1,0,0
86158,3735,0,0,1,0,0
86242,3736,0,0,1,0,0
86312,3737,0,0,1,0,0
86376,3738,0,0,1,0,0
86449,3739,0,0,1,0,0
86530,3740,0,0,1,0,0
86618,3741,0,0,1,0,0
86657,3742,0,0,1,0,0
86731,3743,0,0,1,0,0
86844,3744,0,0,1,0,0
86919,3745,0,0,1,0,0
87004,3746,0,0,0,1,0
87098,3747,0,0,1,0,0
87132,3748,0,0,1,0,0
87225,3749,0,0,0,1,0
87237,3750,0,0,1,0,0
87274,3751,0,0,1,0,0
87335,3752,0,0,1,0,0
87339,3753,0,0,1,0,0
87466,3754,0,0,1,0,0
87563,3755,0,0,0,1,0
87595,3756,0,0,1,0,0
87742,3757,0,0,1,0,0
87901,3758,0,0,1,0,0
88123,3759,0,0,0,1,0
88171,3760,0,0,1,0,0
88290,3761,0,0,1,0,0
88377,3762,0,0,0,1,0
88466,3763,0,0,1,0,0
88468,3764,0,0,1,0,0
88697,3765,0,0,0,1,0
88737,3766,0,0,1,0,0
88877,3767,0,0,1,0,0
89166,3768,0,0,0,1,0
89282,3769,0,0,1,0,0
89322,3770,0,0,1,0,0
89412,3771,0,0,0,1,0
89506,3772,0,0,1,0,0
89521,3773,0,0,1,0,0
89624,3774,0,0,0,1,0
89641,3775,0,0,1,0,0
89960,3776,0,0,0,1,0
89983,3777,0,0,1,0,0
90058,3778,0,0,1,0,0
90060,3779,0,0,1,0,0
90131,3780,0,0,1,0,0
90250,3781,0,0,1,0,0
90268,3782,0,0,1,0,0
90304,3783,0,0,1,0,0
90400,3784,0,0,0,1,0
90471,3785,0,0,1,0,0
90500,3786,0,0,1,0,0
90712,3787,0,0,1,0,0
90738,3788,0,0,1,0,0
90756,3789,0,0,1,0,0
90866,3790,0,0,0,1,0
90990,3791,0,0,0,1,0
91076,3792,0,0,1,0,0
91195,3793,0,0,1,0,0
91351,3794,0,0,1,0,0
91356,3795,0,0,1,0,0
91530,3796,0,0,0,1,0
91804,3797,0,0,0,1,0
91866,3798,0,0,1,0,0
91984,3799,0,0,0,1,0
92094,3800,0,0,0,1,0
92214,3801,0,0,1,0,0
92413,3802,0,0,1,0,0
92742,3803,0,0,1,0,0
92863,3804,0,0,0,1,0
92886,3805,0,0,1,0,0
93123,3806,0,0,0,1,0
93254,3807,0,0,1,0,0
93255,3808,0,0,1,0,0
93326,3809,0,0,1,0,0
93407,3810,0,0,1,0,0
93532,3811,0,0,0,1,0
93648,3812,0,0,0,1,0
93746,3813,0,0,0,1,0
93883,3814,0,0,0,1,0
93979,3815,0,0,0,1,0
94111,3816,0,0,0,1,0
94204,3817,0,0,0,1,0
94320,3818,0,0,0,1,0
94351,3819,0,0,1,0,0
94462,3820,0,0,0,1,0
94585,3821,0,0,0,1,0
94796,3822,0,0,1,0,0
94859,3823,0,0,1,0,0
94980,3824,0,0,0,1,0
95046,3825,0,0,1,0,0
95147,3826,0,0,0,1,0
95289,3827,0,0,1,0,0
95405,3828,0,0,0,1,0
95507,3829,0,0,0,1,0
95599,3830,0,0,1,0,0
95718,3831,0,0,0,1,0
95826,3832,0,0,1,0,0
96015,3833,0,0,0,1,0
96037,3834,0,0,1,0,0
96308,3835,0,0,0,1,0
96529,3836,0,0,1,0,0
96539,3837,0,0,1,0,0
96715,3838,0,0,1,0,0
96900,3839,0,0,1,0,0
97009,3840,0,0,1,0,0
97079,3841,0,0,1,0,0
97188,3842,0,0,0,1,0
97312,3843,0,0,0,1,0
97406,3844,0,0,1,0,0
97489,3845,0,0,1,0,0
97589,3846,0,0,1,0,0
97715,3847,0,0,1,0,0
97841,3848,0,0,0,1,0
97982,3849,0,0,0,1,0
98014,3850,0,0,1,0,0
98123,3851,0,0,0,1,0
98249,3852,0,0,0,1,0
98378,3853,0,0,0,1,0
98510,3854,0,0,0,1,0
98548,3855,0,0,1,0,0
98688,3856,0,0,1,0,0
98784,3857,0,0,0,1,0
98885,3858,0,0,0,1,0
99003,3859,0,0,0,1,0
99008,3860,1,0,0,0,0
99050,3861,1,0,0,0,0
99239,3862,0,0,0,1,0
99327,3863,0,0,0,1,0
99437,3864,0,0,0,1,0
99551,3865,0,0,0,1,0
99665,3866,0,0,0,1,0
99848,3867,0,0,0,1,0
99934,3868,0,0,1,0,0
99995,3869,0,0,1,0,0
100223,3870,0,0,0,1,0
100233,3871,0,0,1,0,0
100327,3872,0,0,1,0,0
100661,3873,0,0,0,1,0
100890,3874,0,0,1,0,0
101043,3875,0,0,0,1,0
101128,3876,0,0,1,0,0
101237,3877,0,0,0,1,0
101386,3878,0,0,0,1,0
101491,3879,0,0,0,1,0
101828,3880,0,0,1,0,0
101853,3881,0,0,1,0,0
101995,3882,0,0,0,1,0
102090,3883,0,0,1,0,0
102367,3884,0,0,0,1,0
102469,3885,0,0,0,1,0
102573,3886,0,0,0,1,0
102790,3887,0,0,1,0,0
102904,3888,0,0,0,1,0
103192,3889,0,0,0,1,0
103443,3890,0,0,0,1,0
103508,3891,0,0,1,0,0
103629,3892,0,0,0,1,0
103720,3893,0,0,0,1,0
103797,3894,0,0,1,0,0
103914,3895,0,0,1,0,0
104101,3896,0,0,1,0,0
104181,3897,0,0,1,0,0
104256,3898,0,0,1,0,0
104358,3899,0,0,0,1,0
104467,3900,0,0,0,1,0
104594,3901,0,0,0,1,0
104678,3902,0,0,0,1,0
104773,3903,0,0,0,1,0
104874,3904,0,0,0,1,0
104912,3905,0,0,1,0,0
105122,3906,0,0,1,0,0
105299,3907,0,0,1,0,0
105340,3908,0,0,1,0,0
105840,3909,0,0,0,0,1
105909,3910,0,0,1,0,0
106239,3911,0,0,0,1,0
106331,3912,0,0,1,0,0
106480,3913,0,0,1,0,0
106583,3914,0,0,0,1,0
106586,3915,0,0,1,0,0
106731,3916,0,0,0,1,0
106856,3917,0,0,0,1,0
106963,3918,0,0,0,1,0
107029,3919,0,0,1,0,0
107096,3920,0,0,1,0,0
107238,3921,0,0,0,1,0
107350,3922,0,0,1,0,0
107468,3923,0,0,0,1,0
107567,3924,0,0,0,1,0
107772,3925,0,0,0,1,0
107866,3926,0,0,0,1,0
107867,3927,0,0,1,0,0
107978,3928,0,0,0,1,0
108074,3929,0,0,0,1,0
108207,3930,0,0,0,1,0
108312,3931,0,0,0,1,0
108424,3932,0,0,0,1,0
108551,3933,0,0,0,1,0
108802,3934,0,0,0,1,0
108922,3935,0,0,0,1,0
109015,3936,0,0,0,1,0
109124,3937,0,0,0,1,0
109228,3938,0,0,0,1,0
109366,3939,0,0,0,1,0
109476,3940,0,0,0,1,0
109573,3941,0,0,0,1,0
109710,3942,0,0,0,1,0
109845,3943,0,0,0,1,0
110104,3944,0,0,1,0,0
110585,3945,0,0,1,0,0
110744,3946,0,0,1,0,0
110898,3947,0,0,0,1,0
111191,3948,0,0,0,1,0
111332,3949,0,0,1,0,0
111520,3950,0,0,1,0,0
111673,3951,0,0,1,0,0
111713,3952,0,0,1,0,0
111870,3953,0,0,0,1,0
112041,3954,0,0,1,0,0
112187,3955,0,0,0,1,0
112419,3956,0,0,0,1,0
112476,3957,0,0,1,0,0
112642,3958,0,0,0,1,0
112743,3959,0,0,0,1,0
112878,3960,0,0,0,1,0
113133,3961,0,0,0,1,0
113335,3962,0,0,0,1,0
113448,3963,0,0,0,1,0
113568,3964,0,0,0,1,0
113680,3965,0,0,0,1,0
113791,3966,0,0,0,1,0
113896,3967,0,0,0,1,0
114115,3968,0,0,0,1,0
114116,3969,0,0,1,0,0
114224,3970,0,0,0,1,0
114299,3971,0,0,1,0,0
114410,3972,0,0,0,1,0
114511,3973,0,0,0,1,0
114547,3974,0,0,1,0,0
114676,3975,0,0,0,1,0
115031,3976,0,0,0,1,0
115142,3977,0,0,0,1,0
115368,3978,0,0,1,0,0
115509,3979,0,0,0,1,0
115641,3980,0,0,0,1,0
115760,3981,0,0,0,1,0
115869,3982,0,0,0,1,0
115977,3983,0,0,0,1,0
116072,3984,0,0,0,1,0
116185,3985,0,0,0,1,0
116289,3986,0,0,0,1,0
116398,3987,0,0,0,1,0
116505,3988,0,0,0,1,0
116707,3989,0,0,0,1,0
116997,3990,0,0,0,1,0
117032,3991,0,0,1,0,0
117155,3992,0,0,0,1,0
117195,3993,0,0,1,0,0
117322,3994,0,0,1,0,0
117447,3995,0,0,0,1,0
117541,3996,0,0,0,1,0
117574,3997,0,0,1,0,0
117731,3998,0,0,0,1,0
118147,3999,0,0,0,1,0
118262,4000,0,0,0,1,0
118368,4001,0,0,0,1,0
118474,4002,0,0,0,1,0
118574,4003,0,0,1,0,0
118675,4004,0,0,0,1,0
118769,4005,0,0,0,1,0
118869,4006,0,0,0,1,0
118978,4007,0,0,0,1,0
119074,4008,0,0,0,1,0
119199,4009,0,0,0,1,0
119293,4010,0,0,0,1,0
119383,4011,0,0,0,1,0
119498,4012,0,0,0,1,0
119600,4013,0,0,0,1,0
119735,4014,0,0,1,0,0
119845,4015,0,0,0,1,0
119980,4016,0,0,1,0,0
120087,4017,0,0,0,1,0
120209,4018,0,0,0,1,0
120305,4019,0,0,0,1,0
120408,4020,0,0,0,1,0
120520,4021,0,0,0,1,0
120619,4022,0,0,0,1,0
120623,4023,0,0,1,0,0
120752,4024,0,0,1,0,0
120950,4025,0,0,0,1,0
121053,4026,0,0,0,1,0
121084,4027,0,0,1,0,0
121221,4028,0,0,0,1,0
121320,4029,0,0,1,0,0
121410,4030,0,0,0,1,0
121504,4031,0,0,0,1,0
121629,4032,0,0,0,1,0
121709,4033,0,0,1,0,0
121831,4034,0,0,0,1,0
121871,4035,0,0,1,0,0
122007,4036,0,0,0,1,0
122110,4037,0,0,0,1,0
122124,4038,0,0,1,0,0
122258,4039,0,0,0,1,0
122447,4040,0,0,0,1,0
122572,4041,0,0,0,1,0
122680,4042,0,0,0,1,0
122801,4043,0,0,0,1,0
122939,4044,0,0,0,1,0
123050,4045,0,0,0,1,0
123161,4046,0,0,0,1,0
123276,4047,0,0,0,1,0
123399,4048,0,0,0,1,0
123502,4049,0,0,0,1,0
123733,4050,0,0,1,0,0
123745,4051,0,0,1,0,0
123962,4052,0,0,0,1,0
124162,4053,0,0,0,1,0
124273,4054,0,0,0,1,0
124379,4055,0,0,0,1,0
124475,4056,0,0,0,1,0
124660,4057,0,0,0,1,0
124664,4058,0,0,1,0,0
124685,4059,0,0,1,0,0
124780,4060,0,0,0,1,0
124943,4061,0,0,1,0,0
124947,4062,0,0,1,0,0
125045,4063,0,0,0,1,0
125167,4064,0,0,0,1,0
125348,4065,0,0,1,0,0
125551,4066,0,0,0,1,0
125998,4067,0,0,0,1,0
126088,4068,0,0,0,1,0
126192,4069,0,0,1,0,0
126197,4070,0,0,1,0,0
126294,4071,0,0,0,1,0
126527,4072,0,0,1,0,0
126653,4073,0,0,0,1,0
126759,4074,0,0,0,1,0
126855,4075,0,0,0,1,0
126963,4076,0,0,0,1,0
127069,4077,0,0,0,1,0
127199,4078,0,0,0,1,0
127637,4079,0,0,1,0,0
127758,4080,0,0,0,1,0
127870,4081,0,0,0,1,0
127958,4082,0,0,1,0,0
128048,4083,0,0,1,0,0
128110,4084,0,0,1,0,0
128114,4085,1,0,0,0,0
128124,4086,0,0,1,0,0
128216,4087,0,0,0,1,0
128305,4088,0,0,0,1,0
128429,4089,0,0,0,1,0
128567,4090,0,0,0,1,0
128664,4091,0,0,0,1,0
128788,4092,0,0,0,1,0
128873,4093,0,0,1,0,0
129101,4094,0,0,0,1,0
129214,4095,0,0,0,1,0
129325,4096,0,0,0,1,0
129462,4097,0,0,0,1,0
129553,4098,0,0,0,1,0
129653,4099,0,0,0,1,0
129865,4100,0,0,0,1,0
129983,4101,0,0,0,1,0
129993,4102,0,0,1,0,0
130221,4103,0,0,0,1,0
130225,4104,0,0,1,0,0
130360,4105,0,0,0,1,0
130444,4106,0,0,0,1,0
130576,4107,0,0,1,0,0
130701,4108,0,0,1,0,0
130826,4109,0,0,0,1,0
131172,4110,0,0,0,1,0
131408,4111,0,0,0,1,0
131466,4112,0,0,1,0,0
131966,4113,0,0,0,0,1
132091,4114,0,0,1,0,0
132233,4115,0,0,1,0,0
132492,4116,0,0,1,0,0
132777,4117,0,0,0,1,0
133048,4118,0,0,1,0,0
133148,4119,0,0,1,0,0
133166,4120,0,0,1,0,0
133404,4121,0,0,0,1,0
133697,4122,0,0,0,1,0
133794,4123,0,0,0,1,0
133911,4124,0,0,0,1,0
134025,4125,0,0,0,1,0
134030,4126,0,0,1,0,0
134138,4127,0,0,0,1,0
134187,4128,0,0,1,0,0
134311,4129,0,0,0,1,0
134443,4130,0,0,0,1,0
134546,4131,0,0,1,0,0
134650,4132,0,0,0,1,0
134749,4133,0,0,0,1,0
134844,4134,0,0,0,1,0
134966,4135,0,0,0,1,0
135082,4136,0,0,0,1,0
135088,4137,0,0,1,0,0
135190,4138,0,0,0,1,0
135289,4139,0,0,1,0,0
135342,4140,0,0,1,0,0
135400,4141,0,0,1,0,0
135505,4142,0,0,0,1,0
135599,4143,0,0,0,1,0
135688,4144,0,0,0,1,0
135783,4145,0,0,0,1,0
135877,4146,0,0,0,1,0
135970,4147,0,0,0,1,0
136062,4148,0,0,0,1,0
136158,4149,0,0,0,1,0
136283,4150,0,0,0,1,0
136403,4151,0,0,0,1,0
136511,4152,0,0,0,1,0
136611,4153,0,0,1,0,0
136615,4154,0,0,1,0,0
136731,4155,0,0,0,1,0
136819,4156,0,0,0,1,0
136916,4157,0,0,0,1,0
137045,4158,0,0,1,0,0
137159,4159,0,0,0,1,0
137272,4160,0,0,0,1,0
137389,4161,0,0,0,1,0
137432,4162,0,0,1,0,0
137595,4163,0,0,0,1,0
137726,4164,0,0,0,1,0
137833,4165,0,0,1,0,0
137955,4166,0,0,0,1,0
138069,4167,0,0,0,1,0
138078,4168,0,0,1,0,0
138304,4169,0,0,1,0,0
138449,4170,0,0,0,1,0
138577,4171,0,0,0,1,0
138687,4172,0,0,0,1,0
138829,4173,0,0,0,1,0
138951,4174,0,0,0,1,0
139105,4175,0,0,0,1,0
139223,4176,0,0,1,0,0
139361,4177,0,0,0,1,0
139372,4178,0,0,1,0,0
139374,4179,0,0,1,0,0
139429,4180,0,0,1,0,0
139749,4181,0,0,0,1,0
139856,4182,0,0,0,1,0
139968,4183,0,0,0,1,0
140260,4184,0,0,0,1,0
140362,4185,0,0,1,0,0
140464,4186,0,0,0,1,0
140574,4187,0,0,0,1,0
140633,4188,0,0,1,0,0
140733,4189,0,0,0,1,0
140848,4190,0,0,1,0,0
140903,4191,0,0,1,0,0
140945,4192,0,0,1,0,0
141056,4193,0,0,0,1,0
141164,4194,0,0,0,1,0
141270,4195,0,0,0,1,0
141396,4196,0,0,0,1,0
141507,4197,0,0,0,1,0
141723,4198,0,0,0,1,0
141827,4199,0,0,1,0,0
141892,4200,0,0,1,0,0
142014,4201,0,0,0,1,0
142142,4202,0,0,0,1,0
142401,4203,0,0,0,1,0
142528,4204,0,0,0,1,0
142626,4205,0,0,0,1,0
142781,4206,0,0,0,1,0
142912,4207,0,0,0,1,0
142972,4208,0,0,1,0,0
143092,4209,0,0,0,1,0
143198,4210,0,0,0,1,0
143545,4211,0,0,0,1,0
143652,4212,0,0,0,1,0
143771,4213,0,0,0,1,0
143884,4214,0,0,0,1,0
143979,4215,0,0,1,0,0
144114,4216,0,0,0,1,0
144251,4217,0,0,0,1,0
144337,4218,0,0,1,0,0
144434,4219,0,0,0,1,0
144493,4220,0,0,1,0,0
144596,4221,0,0,1,0,0
144621,4222,0,0,1,0,0
144755,4223,0,0,0,1,0
144826,4224,0,0,1,0,0
144959,4225,0,0,0,1,0
145072,4226,0,0,0,1,0
145160,4227,0,0,0,1,0
145178,4228,0,0,1,0,0
145281,4229,0,0,1,0,0
145579,4230,0,0,0,1,0
145597,4231,0,0,1,0,0
145708,4232,0,0,0,1,0
145729,4233,0,0,1,0,0
145905,4234,0,0,1,0,0
145994,4235,0,0,0,1,0
146218,4236,0,0,0,1,0
146404,4237,0,0,1,0,0
146625,4238,0,0,1,0,0
146737,4239,0,0,0,1,0
146846,4240,0,0,0,1,0
146952,4241,0,0,0,1,0
146993,4242,0,0,1,0,0
147043,4243,0,0,1,0,0
147214,4244,0,0,0,1,0
147288,4245,0,0,1,0,0
147406,4246,0,0,0,1,0
147673,4247,0,0,0,1,0
147752,4248,0,0,1,0,0
147756,4249,0,0,1,0,0
147885,4250,0,0,0,1,0
148002,4251,0,0,0,1,0
148127,4252,0,0,0,1,0
148228,4253,0,0,0,1,0
148332,4254,0,0,0,1,0
148442,4255,0,0,0,1,0
148598,4256,0,0,0,1,0
148702,4257,0,0,0,1,0
148816,4258,0,0,0,1,0
148821,4259,1,0,0,0,0
148926,4260,0,0,1,0,0
149031,4261,0,0,0,1,0
149038,4262,0,0,1,0,0
149122,4263,0,0,1,0,0
149253,4264,0,0,0,1,0
149347,4265,0,0,0,1,0
149458,4266,0,0,0,1,0
149543,4267,0,0,0,1,0
149668,4268,0,0,0,1,0
149683,4269,0,0,1,0,0
149808,4270,0,0,0,1,0
149914,4271,0,0,1,0,0
150033,4272,0,0,0,1,0
150145,4273,0,0,0,1,0
150398,4274,0,0,0,1,0
150404,4275,0,0,1,0,0
150517,4276,0,0,0,1,0
150644,4277,0,0,1,0,0
151055,4278,0,0,0,1,0
151123,4279,0,0,1,0,0
151274,4280,0,0,0,1,0
151373,4281,0,0,1,0,0
151385,4282,0,0,1,0,0
151532,4283,0,0,1,0,0
151646,4284,0,0,1,0,0
151959,4285,0,0,0,1,0
152010,4286,0,0,1,0,0
152108,4287,0,0,0,1,0
152212,4288,0,0,0,1,0
152339,4289,0,0,0,1,0
152423,4290,0,0,1,0,0
152529,4291,0,0,0,1,0
152530,4292,0,0,1,0,0
152640,4293,0,0,0,1,0
152744,4294,0,0,1,0,0
152855,4295,0,0,0,1,0
152901,4296,0,0,1,0,0
153019,4297,0,0,0,1,0
153061,4298,0,0,1,0,0
153173,4299,0,0,0,1,0
153351,4300,0,0,0,1,0
153458,4301,0,0,0,1,0
153560,4302,0,0,0,1,0
153695,4303,0,0,0,1,0
153801,4304,0,0,0,1,0
153999,4305,0,0,0,1,0
154089,4306,0,0,0,1,0
154224,4307,0,0,0,1,0
154313,4308,0,0,0,1,0
154434,4309,0,0,1,0,0
154557,4310,0,0,0,1,0
154657,4311,0,0,0,1,0
154764,4312,0,0,0,1,0
154860,4313,0,0,0,1,0
154990,4314,0,0,0,1,0
155110,4315,0,0,0,1,0
155297,4316,0,0,0,1,0
155404,4317,0,0,0,1,0
155532,4318,0,0,0,1,0
155632,4319,0,0,0,1,0
155721,4320,0,0,0,1,0
155846,4321,0,0,0,1,0
156022,4322,0,0,0,1,0
156026,4323,0,0,1,0,0
156128,4324,0,0,1,0,0
156193,4325,0,0,1,0,0
156294,4326,0,0,0,1,0
156357,4327,0,0,1,0,0
156471,4328,0,0,0,1,0
156598,4329,0,0,0,1,0
156623,4330,0,0,1,0,0
156721,4331,0,0,0,1,0
156811,4332,0,0,0,1,0
156925,4333,0,0,0,1,0
157039,4334,0,0,0,1,0
157143,4335,0,0,0,1,0
157245,4336,0,0,0,1,0
157338,4337,0,0,0,1,0
157403,4338,0,0,1,0,0
157430,4339,0,0,1,0,0
157544,4340,0,0,0,1,0
157659,4341,0,0,0,1,0
157777,4342,0,0,0,1,0
157873,4343,0,0,0,1,0
157977,4344,0,0,0,1,0
158091,4345,0,0,0,1,0
158180,4346,0,0,0,1,0
158284,4347,0,0,0,1,0
158337,4348,0,0,1,0,0
158430,4349,0,0,0,1,0
158527,4350,0,0,0,1,0
158619,4351,0,0,0,1,0
158722,4352,0,0,0,1,0
158811,4353,0,0,0,1,0
158942,4354,0,0,0,1,0
159036,4355,0,0,0,1,0
159089,4356,0,0,1,0,0
159200,4357,0,0,0,1,0
159300,4358,0,0,1,0,0
159401,4359,0,0,0,1,0
159501,4360,0,0,0,1,0
159613,4361,0,0,0,1,0
159730,4362,0,0,0,1,0
159825,4363,0,0,0,1,0
159906,4364,0,0,0,1,0
159969,4365,0,0,1,0,0
160078,4366,0,0,0,1,0
160079,4367,1,0,0,0,0
160192,4368,0,0,0,1,0
160255,4369,0,0,1,0,0
160343,4370,0,0,0,1,0
160449,4371,0,0,0,1,0
160518,4372,0,0,1,0,0
160541,4373,0,0,1,0,0
160653,4374,0,0,0,1,0
160778,4375,0,0,0,1,0
161230,4376,0,0,0,1,0
161314,4377,0,0,1,0,0
161421,4378,0,0,0,1,0
161671,4379,0,0,0,1,0
161774,4380,0,0,0,1,0
161884,4381,0,0,0,1,0
161976,4382,0,0,0,1,0
162029,4383,0,0,1,0,0
162074,4384,0,0,1,0,0
162465,4385,0,0,0,1,0
162517,4386,0,0,1,0,0
162742,4387,0,0,1,0,0
162858,4388,0,0,0,1,0
162952,4389,0,0,0,1,0
163058,4390,0,0,0,1,0
163198,4391,0,0,1,0,0
163321,4392,0,0,0,1,0
163452,4393,0,0,0,1,0
163574,4394,0,0,0,1,0
163641,4395,0,0,1,0,0
163838,4396,0,0,0,1,0
163947,4397,0,0,0,1,0
164054,4398,0,0,0,1,0
164083,4399,0,0,1,0,0
164193,4400,0,0,0,1,0
164542,4401,0,0,0,1,0
164569,4402,0,0,1,0,0
164672,4403,0,0,0,1,0
164801,4404,0,0,0,1,0
164902,4405,0,0,0,1,0
165008,4406,0,0,0,1,0
165123,4407,0,0,0,1,0
165253,4408,0,0,0,1,0
165260,4409,0,0,1,0,0
165359,4410,0,0,0,1,0
165490,4411,0,0,0,1,0
165784,4412,0,0,0,1,0
165876,4413,0,0,1,0,0
165945,4414,0,0,1,0,0
165954,4415,0,0,1,0,0
166085,4416,0,0,0,1,0
166090,4417,0,0,1,0,0
166375,4418,0,0,0,1,0
166379,4419,0,0,1,0,0
166518,4420,0,0,0,1,0
166542,4421,0,0,1,0,0
166639,4422,0,0,0,1,0
166739,4423,0,0,0,1,0
166960,4424,0,0,0,1,0
167119,4425,0,0,0,1,0
167208,4426,0,0,0,1,0
167390,4427,0,0,0,1,0
167532,4428,0,0,1,0,0
167638,4429,0,0,1,0,0
167643,4430,0,0,1,0,0
167667,4431,0,0,1,0,0
167769,4432,0,0,0,1,0
167775,4433,0,0,1,0,0
167843,4434,0,0,1,0,0
167984,4435,0,0,0,1,0
168096,4436,0,0,0,1,0
168307,4437,0,0,0,1,0
168414,4438,0,0,0,1,0
168546,4439,0,0,0,1,0
168639,4440,0,0,0,1,0
168756,4441,0,0,0,1,0
168870,4442,0,0,0,1,0
168997,4443,0,0,0,1,0
169106,4444,0,0,0,1,0
169226,4445,0,0,0,1,0
169318,4446,0,0,1,0,0
169433,4447,0,0,0,1,0
169490,4448,0,0,1,0,0
169795,4449,0,0,0,1,0
169916,4450,0,0,0,1,0
169955,4451,0,0,1,0,0
170052,4452,0,0,0,1,0
170293,4453,0,0,0,1,0
170407,4454,0,0,1,0,0
170500,4455,0,0,0,1,0
170738,4456,0,0,1,0,0
170815,4457,0,0,1,0,0
170914,4458,0,0,0,1,0
170981,4459,0,0,1,0,0
171108,4460,0,0,0,1,0
171232,4461,0,0,0,1,0
171344,4462,0,0,0,1,0
171454,4463,0,0,1,0,0
171577,4464,0,0,0,1,0
171679,4465,0,0,0,1,0
171762,4466,0,0,1,0,0
171865,4467,0,0,0,1,0
171869,4468,1,0,0,0,0
171963,4469,0,0,1,0,0
172063,4470,0,0,0,1,0
172079,4471,0,0,1,0,0
172171,4472,0,0,0,1,0
172302,4473,0,0,0,1,0
172319,4474,0,0,1,0,0
172427,4475,0,0,0,1,0
172533,4476,0,0,0,1,0
172636,4477,0,0,0,1,0
172731,4478,0,0,0,1,0
172826,4479,0,0,0,1,0
172931,4480,0,0,0,1,0
173049,4481,0,0,0,1,0
173194,4482,0,0,1,0,0
173295,4483,0,0,0,1,0
173299,4484,0,0,1,0,0
173400,4485,0,0,1,0,0
173499,4486,0,0,0,1,0
173706,4487,0,0,0,1,0
173815,4488,0,0,0,1,0
174021,4489,0,0,1,0,0
174108,4490,0,0,0,1,0
174215,4491,0,0,0,1,0
174307,4492,0,0,0,1,0
174489,4493,0,0,0,1,0
174783,4494,0,0,0,1,0
174836,4495,0,0,1,0,0
175093,4496,0,0,0,1,0
175274,4497,0,0,0,1,0
175309,4498,0,0,1,0,0
175444,4499,0,0,0,1,0
175583,4500,0,0,1,0,0
175832,4501,0,0,0,1,0
175936,4502,0,0,0,1,0
176048,4503,0,0,0,1,0
176213,4504,0,0,0,1,0
176365,4505,0,0,0,1,0
176475,4506,0,0,0,1,0
176587,4507,0,0,0,1,0
176709,4508,0,0,0,1,0
176829,4509,0,0,0,1,0
176944,4510,0,0,0,1,0
177041,4511,0,0,0,1,0
177130,4512,0,0,0,1,0
177235,4513,0,0,0,1,0
177357,4514,0,0,0,1,0
177410,4515,0,0,1,0,0
177498,4516,0,0,0,1,0
177592,4517,0,0,0,1,0
177598,4518,0,0,1,0,0
177625,4519,0,0,1,0,0
177815,4520,0,0,0,1,0
177906,4521,0,0,0,1,0
178014,4522,0,0,0,1,0
178155,4523,0,0,0,1,0
178159,4524,0,0,1,0,0
178271,4525,0,0,0,1,0
178314,4526,0,0,1,0,0
178401,4527,0,0,1,0,0
178514,4528,0,0,0,1,0
178640,4529,0,0,0,1,0
178732,4530,0,0,0,1,0
178846,4531,0,0,0,1,0
178888,4532,0,0,1,0,0
178988,4533,0,0,0,1,0
179106,4534,0,0,0,1,0
179209,4535,0,0,0,1,0
179303,4536,0,0,0,1,0
179313,4537,0,0,1,0,0
179421,4538,0,0,0,1,0
179427,4539,0,0,1,0,0
179551,4540,0,0,0,1,0
179663,4541,0,0,0,1,0
179770,4542,0,0,0,1,0
179891,4543,0,0,0,1,0
180002,4544,0,0,1,0,0
180149,4545,0,0,0,1,0
180197,4546,0,0,1,0,0
180361,4547,0,0,0,1,0
180549,4548,0,0,0,1,0
180663,4549,0,0,0,1,0
180758,4550,0,0,0,1,0
180865,4551,0,0,0,1,0
180892,4552,0,0,1,0,0
180992,4553,0,0,0,1,0
181104,4554,0,0,0,1,0
181232,4555,0,0,0,1,0
181358,4556,0,0,0,1,0
181466,4557,0,0,0,1,0
181581,4558,0,0,0,1,0
181708,4559,0,0,0,1,0
181794,4560,0,0,1,0,0
181823,4561,0,0,1,0,0
181959,4562,0,0,0,1,0
182030,4563,0,0,1,0,0
182057,4564,0,0,1,0,0
182087,4565,0,0,1,0,0
182116,4566,0,0,1,0,0
182215,4567,0,0,0,1,0
182329,4568,0,0,0,1,0
182427,4569,0,0,0,1,0
182500,4570,0,0,1,0,0
182510,4571,0,0,1,0,0
182628,4572,0,0,0,1,0
182712,4573,0,0,1,0,0
182817,4574,0,0,0,1,0
182919,4575,0,0,0,1,0
183017,4576,0,0,0,1,0
183229,4577,0,0,0,1,0
183364,4578,0,0,0,1,0
183387,4579,0,0,1,0,0
183555,4580,0,0,0,1,0
183666,4581,0,0,1,0,0
183776,4582,0,0,0,1,0
183869,4583,0,0,0,1,0
183912,4584,0,0,1,0,0
184021,4585,0,0,0,1,0
184023,4586,0,0,1,0,0
184366,4587,0,0,0,1,0
184520,4588,0,0,0,1,0
184711,4589,0,0,1,0,0
184931,4590,0,0,0,1,0
185138,4591,0,0,1,0,0
185522,4592,0,0,0,1,0
185573,4593,0,0,1,0,0
185973,4594,0,0,0,1,0
186053,4595,0,0,1,0,0
186237,4596,0,0,0,1,0
186283,4597,0,0,1,0,0
186425,4598,0,0,0,1,0
186493,4599,0,0,1,0,0
186614,4600,0,0,1,0,0
187017,4601,0,0,0,1,0
187128,4602,0,0,0,1,0
187178,4603,0,0,1,0,0
187300,4604,0,0,0,1,0
187430,4605,0,0,0,1,0
187448,4606,0,0,1,0,0
187606,4607,0,0,1,0,0
187711,4608,0,0,0,1,0
187730,4609,0,0,1,0,0
187841,4610,0,0,1,0,0
187948,4611,0,0,0,1,0
188046,4612,0,0,1,0,0
188340,4613,0,0,1,0,0
188455,4614,0,0,0,1,0
188571,4615,0,0,0,1,0
188601,4616,0,0,1,0,0
188717,4617,0,0,0,1,0
188817,4618,0,0,0,1,0
188840,4619,0,0,1,0,0
188999,4620,0,0,0,1,0
189128,4621,0,0,1,0,0
189247,4622,0,0,0,1,0
189377,4623,0,0,0,1,0
189495,4624,0,0,1,0,0
189499,4625,1,0,0,0,0
189575,4626,0,0,1,0,0
189581,4627,0,0,1,0,0
189634,4628,0,0,1,0,0
189703,4629,0,0,1,0,0
189816,4630,0,0,0,1,0
189838,4631,0,0,1,0,0
189849,4632,0,0,1,0,0
189909,4633,0,0,1,0,0
190193,4634,0,0,0,1,0
190319,4635,0,0,0,1,0
190454,4636,0,0,0,1,0
190565,4637,0,0,0,1,0
190640,4638,0,0,1,0,0
190951,4639,0,0,0,1,0
190974,4640,0,0,1,0,0
191127,4641,0,0,1,0,0
191216,4642,0,0,0,1,0
191332,4643,0,0,0,1,0
191384,4644,0,0,1,0,0
191512,4645,0,0,0,1,0
191633,4646,0,0,0,1,0
191714,4647,0,0,1,0,0
191849,4648,0,0,0,1,0
191878,4649,0,0,1,0,0
192165,4650,0,0,0,1,0
192411,4651,0,0,0,1,0
192533,4652,0,0,0,1,0
192694,4653,0,0,0,1,0
192828,4654,0,0,0,1,0
192920,4655,0,0,1,0,0
193145,4656,0,0,0,1,0
193190,4657,0,0,1,0,0
193496,4658,0,0,0,1,0
193610,4659,0,0,0,1,0
193718,4660,0,0,0,1,0
193823,4661,0,0,0,1,0
193961,4662,0,0,0,1,0
194076,4663,0,0,0,1,0
194185,4664,0,0,0,1,0
194311,4665,0,0,0,1,0
194371,4666,0,0,1,0,0
194477,4667,0,0,0,1,0
194534,4668,0,0,1,0,0
194649,4669,0,0,0,1,0
194670,4670,0,0,1,0,0
194756,4671,0,0,0,1,0
194851,4672,0,0,0,1,0
194927,4673,0,0,1,0,0
195043,4674,0,0,0,1,0
195143,4675,0,0,0,1,0
195272,4676,0,0,0,1,0
195277,4677,1,0,0,0,0
195380,4678,0,0,0,1,0
195394,4679,0,0,1,0,0
195502,4680,0,0,0,1,0
195592,4681,0,0,0,1,0
195703,4682,0,0,0,1,0
195761,4683,0,0,1,0,0
195858,4684,0,0,0,1,0
195957,4685,0,0,1,0,0
196014,4686,0,0,1,0,0
196134,4687,0,0,0,1,0
196241,4688,0,0,0,1,0
196368,4689,0,0,0,1,0
196489,4690,0,0,0,1,0
196608,4691,0,0,0,1,0
196639,4692,0,0,1,0,0
196757,4693,0,0,0,1,0
196897,4694,0,0,0,1,0
196991,4695,0,0,0,1,0
197124,4696,0,0,0,1,0
197235,4697,0,0,0,1,0
197296,4698,0,0,1,0,0
197351,4699,0,0,1,0,0
197446,4700,0,0,0,1,0
197540,4701,0,0,0,1,0
197638,4702,0,0,0,1,0
197756,4703,0,0,0,1,0
197874,4704,0,0,0,1,0
197955,4705,0,0,0,1,0
198052,4706,0,0,0,1,0
198155,4707,0,0,0,1,0
198251,4708,0,0,0,1,0
198369,4709,0,0,0,1,0
198475,4710,0,0,0,1,0
198587,4711,0,0,0,1,0
198731,4712,0,0,0,1,0
198850,4713,0,0,0,1,0
198973,4714,0,0,0,1,0
198994,4715,0,0,1,0,0
199098,4716,0,0,0,1,0
199112,4717,1,0,0,0,0
199210,4718,0,0,0,1,0
199334,4719,0,0,0,1,0
199456,4720,0,0,0,1,0
199559,4721,0,0,0,1,0
199657,4722,0,0,1,0,0
199784,4723,0,0,0,1,0
199789,4724,0,0,1,0,0
199854,4725,0,0,1,0,0
199974,4726,0,0,0,1,0
200439,4727,0,0,0,1,0
200560,4728,0,0,1,0,0
200731,4729,0,0,0,1,0
201231,4730,0,0,0,0,1
201351,4731,0,0,0,1,0
201649,4732,0,0,0,1,0
201897,4733,0,0,0,1,0
202036,4734,0,0,0,1,0
202122,4735,0,0,1,0,0
202236,4736,0,0,0,1,0
202412,4737,0,0,0,1,0
202735,4738,0,0,1,0,0
202829,4739,0,0,1,0,0
203063,4740,0,0,1,0,0
203144,4741,0,0,1,0,0
203422,4742,0,0,1,0,0
203455,4743,0,0,1,0,0
203556,4744,0,0,1,0,0
203903,4745,0,0,1,0,0
204083,4746,0,0,0,1,0
204181,4747,0,0,1,0,0
204363,4748,0,0,1,0,0
204607,4749,0,0,0,1,0
204686,4750,0,0,1,0,0
204700,4751,0,0,1,0,0
204924,4752,0,0,0,1,0
205152,4753,0,0,0,1,0
205299,4754,0,0,1,0,0
205548,4755,0,0,1,0,0
205629,4756,0,0,1,0,0
205947,4757,0,0,1,0,0
206056,4758,0,0,0,1,0
206271,4759,0,0,0,1,0
206369,4760,0,0,0,1,0
206476,4761,0,0,0,1,0
206608,4762,0,0,0,1,0
206710,4763,0,0,1,0,0
206840,4764,0,0,0,1,0
206911,4765,0,0,1,0,0
207021,4766,0,0,0,1,0
207147,4767,0,0,0,1,0
207273,4768,0,0,0,1,0
207382,4769,0,0,1,0,0
207390,4770,0,0,1,0,0
207485,4771,0,0,0,1,0
207601,4772,0,0,0,1,0
207694,4773,0,0,0,1,0
207797,4774,0,0,1,0,0
207897,4775,0,0,0,1,0
208017,4776,0,0,0,1,0
208115,4777,0,0,1,0,0
208222,4778,0,0,0,1,0
208321,4779,0,0,0,1,0
208338,4780,0,0,1,0,0
208453,4781,0,0,1,0,0
208498,4782,0,0,1,0,0
208511,4783,0,0,1,0,0
208657,4784,0,0,0,1,0
208759,4785,0,0,0,1,0
208861,4786,0,0,0,1,0
208988,4787,0,0,0,1,0
209100,4788,0,0,0,1,0
209230,4789,0,0,0,1,0
209242,4790,0,0,1,0,0
209362,4791,0,0,0,1,0
209471,4792,0,0,0,1,0
209604,4793,0,0,1,0,0
209813,4794,0,0,0,1,0
209913,4795,0,0,0,1,0
210043,4796,0,0,0,1,0
210079,4797,0,0,1,0,0
210285,4798,0,0,0,1,0
210415,4799,0,0,0,1,0
210511,4800,0,0,0,1,0
210636,4801,0,0,0,1,0
210729,4802,0,0,0,1,0
210831,4803,0,0,0,1,0
210965,4804,0,0,1,0,0
211053,4805,0,0,1,0,0
211139,4806,0,0,0,1,0
211251,4807,0,0,0,1,0
211363,4808,0,0,0,1,0
211482,4809,0,0,0,1,0
211618,4810,0,0,0,1,0
211686,4811,0,0,1,0,0
211694,4812,0,0,1,0,0
211824,4813,0,0,0,1,0
211935,4814,0,0,1,0,0
212074,4815,0,0,0,1,0
212129,4816,0,0,1,0,0
212241,4817,0,0,0,1,0
212352,4818,0,0,0,1,0
212476,4819,0,0,0,1,0
212547,4820,0,0,1,0,0
212662,4821,0,0,0,1,0
212707,4822,0,0,1,0,0
212812,4823,0,0,0,1,0
212889,4824,0,0,1,0,0
212985,4825,0,0,1,0,0
213090,4826,0,0,0,1,0
213251,4827,0,0,0,1,0
213358,4828,0,0,0,1,0
213535,4829,0,0,1,0,0
213674,4830,0,0,0,1,0
213781,4831,0,0,0,1,0
213871,4832,0,0,0,1,0
214090,4833,0,0,1,0,0
214232,4834,0,0,0,1,0
214355,4835,0,0,1,0,0
214377,4836,0,0,1,0,0
214533,4837,0,0,0,1,0
214679,4838,0,0,1,0,0
214824,4839,0,0,1,0,0
215061,4840,0,0,1,0,0
215090,4841,0,0,1,0,0
215142,4842,0,0,1,0,0
215151,4843,0,0,1,0,0
215181,4844,0,0,1,0,0
215307,4845,0,0,0,1,0
215627,4846,0,0,1,0,0
215838,4847,0,0,0,1,0
215887,4848,0,0,1,0,0
215892,4849,1,0,0,0,0
215960,4850,0,0,1,0,0
216024,4851,0,0,1,0,0
216065,4852,0,0,1,0,0
216143,4853,0,0,1,0,0
216218,4854,0,0,1,0,0
216352,4855,0,0,0,1,0
216454,4856,0,0,0,1,0
216572,4857,0,0,0,1,0
216574,4858,0,0,1,0,0
216668,4859,0,0,0,1,0
216764,4860,0,0,0,1,0
216874,4861,0,0,0,1,0
216996,4862,0,0,0,1,0
217009,4863,0,0,1,0,0
217107,4864,0,0,0,1,0
217213,4865,0,0,0,1,0
217309,4866,0,0,0,1,0
217423,4867,0,0,0,1,0
217542,4868,0,0,0,1,0
217553,4869,0,0,1,0,0
217687,4870,0,0,0,1,0
217793,4871,0,0,0,1,0
217921,4872,0,0,0,1,0
217999,4873,0,0,0,1,0
218074,4874,0,0,1,0,0
218077,4875,0,0,1,0,0
218318,4876,0,0,0,1,0
218403,4877,0,0,1,0,0
218546,4878,0,0,0,1,0
218702,4879,0,0,0,1,0
218818,4880,0,0,0,1,0
218835,4881,0,0,1,0,0
218929,4882,0,0,1,0,0
219055,4883,0,0,0,1,0
219157,4884,0,0,0,1,0
219289,4885,0,0,0,1,0
219414,4886,0,0,1,0,0
219605,4887,0,0,1,0,0
219741,4888,0,0,0,1,0
219840,4889,0,0,0,1,0
219863,4890,0,0,1,0,0
220000,4891,0,0,0,1,0
220052,4892,0,0,1,0,0
220185,4893,0,0,1,0,0
220195,4894,0,0,1,0,0
220267,4895,0,0,1,0,0
220283,4896,0,0,1,0,0
220405,4897,0,0,0,1,0
220429,4898,0,0,1,0,0
220483,4899,0,0,1,0,0
220563,4900,0,0,1,0,0
220699,4901,0,0,1,0,0
220841,4902,0,0,0,1,0
220889,4903,0,0,1,0,0
221032,4904,0,0,0,1,0
221156,4905,0,0,0,1,0
221275,4906,0,0,1,0,0
221276,4907,0,0,1,0,0
221396,4908,0,0,0,1,0
221517,4909,0,0,0,1,0
221537,4910,0,0,1,0,0
221665,4911,0,0,0,1,0
221787,4912,0,0,0,1,0
221915,4913,0,0,0,1,0
222032,4914,0,0,0,1,0
222153,4915,0,0,0,1,0
222369,4916,0,0,1,0,0
222530,4917,0,0,1,0,0
222536,4918,0,0,1,0,0
222800,4919,0,0,0,1,0
222941,4920,0,0,0,1,0
223041,4921,0,0,0,1,0
223158,4922,0,0,0,1,0
223270,4923,0,0,0,1,0
223306,4924,0,0,1,0,0
223361,4925,0,0,1,0,0
223481,4926,0,0,0,1,0
223601,4927,0,0,0,1,0
223723,4928,0,0,0,1,0
223835,4929,0,0,0,1,0
223932,4930,0,0,0,1,0
224059,4931,0,0,0,1,0
224171,4932,0,0,0,1,0
224173,4933,0,0,1,0,0
224282,4934,0,0,0,1,0
224414,4935,0,0,0,1,0
224535,4936,0,0,0,1,0
224644,4937,0,0,0,1,0
224756,4938,0,0,0,1,0
224849,4939,0,0,0,1,0
224955,4940,0,0,0,1,0
225060,4941,0,0,0,1,0
225158,4942,0,0,0,1,0
225263,4943,0,0,0,1,0
225353,4944,0,0,1,0,0
225444,4945,0,0,0,1,0
225550,4946,0,0,0,1,0
225642,4947,0,0,0,1,0
225743,4948,0,0,0,1,0
225771,4949,0,0,1,0,0
225918,4950,0,0,0,1,0
225929,4951,0,0,1,0,0
226045,4952,0,0,0,1,0
226141,4953,0,0,0,1,0
226227,4954,0,0,1,0,0
226349,4955,0,0,0,1,0
226458,4956,0,0,0,1,0
226582,4957,0,0,0,1,0
226701,4958,0,0,0,1,0
226818,4959,0,0,0,1,0
226935,4960,0,0,0,1,0
227035,4961,0,0,0,1,0
227139,4962,0,0,0,1,0
227291,4963,0,0,0,1,0
227400,4964,0,0,0,1,0
227505,4965,0,0,0,1,0
227528,4966,0,0,1,0,0
227641,4967,0,0,0,1,0
227712,4968,0,0,1,0,0
227801,4969,0,0,0,1,0
227803,4970,1,0,0,0,0
227804,4971,0,0,1,0,0
227902,4972,0,0,0,1,0
227995,4973,0,0,0,1,0
228127,4974,0,0,0,1,0
228226,4975,0,0,0,1,0
228362,4976,0,0,1,0,0
228485,4977,0,0,0,1,0
228574,4978,0,0,0,1,0
228684,4979,0,0,0,1,0
228812,4980,0,0,0,1,0
228945,4981,0,0,0,1,0
229038,4982,0,0,0,1,0
229124,4983,0,0,0,1,0
229218,4984,0,0,0,1,0
229267,4985,0,0,1,0,0
229418,4986,0,0,1,0,0
229423,4987,0,0,1,0,0
229527,4988,0,0,0,1,0
229623,4989,0,0,0,1,0
229730,4990,0,0,0,1,0
229731,4991,0,0,1,0,0
229834,4992,0,0,0,1,0
229965,4993,0,0,0,1,0
230025,4994,0,0,1,0,0
230146,4995,0,0,0,1,0
230163,4996,0,0,1,0,0
230247,4997,0,0,1,0,0
230250,4998,0,0,1,0,0
230254,4999,0,0,1,0,0
230276,5000,0,0,1,0,0
230368,5001,0,0,0,1,0
230468,5002,0,0,0,1,0
230470,5003,0,0,1,0,0
230540,5004,0,0,1,0,0
230541,5005,0,0,1,0,0
230627,5006,0,0,0,1,0
230730,5007,0,0,0,1,0
230840,5008,0,0,0,1,0
230950,5009,0,0,0,1,0
231073,5010,0,0,0,1,0
231151,5011,0,0,1,0,0
231285,5012,0,0,0,1,0
231404,5013,0,0,0,1,0
231526,5014,0,0,0,1,0
231648,5015,0,0,0,1,0
231674,5016,0,0,1,0,0
231785,5017,0,0,0,1,0
231880,5018,0,0,0,1,0
231964,5019,0,0,0,1,0
232007,5020,0,0,1,0,0
232039,5021,0,0,1,0,0
232072,5022,0,0,1,0,0
232190,5023,0,0,0,1,0
232272,5024,0,0,1,0,0
232383,5025,0,0,0,1,0
232431,5026,0,0,1,0,0
232558,5027,0,0,0,1,0
232649,5028,0,0,1,0,0
232669,5029,0,0,1,0,0
232818,5030,0,0,0,1,0
232936,5031,0,0,0,1,0
233046,5032,0,0,0,1,0
233178,5033,0,0,0,1,0
233316,5034,0,0,0,1,0
233323,5035,0,0,1,0,0
233340,5036,0,0,1,0,0
233411,5037,0,0,1,0,0
233529,5038,0,0,0,1,0
233650,5039,0,0,0,1,0
233740,5040,0,0,0,1,0
233837,5041,0,0,0,1,0
233950,5042,0,0,0,1,0
234069,5043,0,0,0,1,0
234127,5044,0,0,1,0,0
234233,5045,0,0,0,1,0
234273,5046,0,0,1,0,0
234396,5047,0,0,0,1,0
234424,5048,0,0,1,0,0
234466,5049,0,0,1,0,0
234559,5050,0,0,0,1,0
234657,5051,0,0,0,1,0
234756,5052,0,0,1,0,0
234855,5053,0,0,0,1,0
234962,5054,0,0,0,1,0
235102,5055,0,0,0,1,0
235154,5056,0,0,1,0,0
235244,5057,0,0,1,0,0
235334,5058,0,0,0,1,0
235421,5059,0,0,0,1,0
235449,5060,0,0,1,0,0
235524,5061,0,0,1,0,0
235641,5062,0,0,0,1,0
235736,5063,0,0,0,1,0
235846,5064,0,0,0,1,0
235929,5065,0,0,1,0,0
236069,5066,0,0,0,1,0
236181,5067,0,0,0,1,0
236242,5068,0,0,1,0,0
236391,5069,0,0,0,1,0
236518,5070,0,0,0,1,0
236648,5071,0,0,0,1,0
236755,5072,0,0,0,1,0
236866,5073,0,0,0,1,0
236901,5074,0,0,1,0,0
236992,5075,0,0,1,0,0
237008,5076,0,0,1,0,0
237113,5077,0,0,0,1,0
237117,5078,1,0,0,0,0
237258,5079,0,0,0,1,0
237269,5080,0,0,1,0,0
237365,5081,0,0,1,0,0
237490,5082,0,0,0,1,0
237506,5083,0,0,1,0,0
237615,5084,0,0,0,1,0
237748,5085,0,0,0,1,0
237870,5086,0,0,0,1,0
237987,5087,0,0,0,1,0
238103,5088,0,0,0,1,0
238184,5089,0,0,0,1,0
238291,5090,0,0,0,1,0
238379,5091,0,0,0,1,0
238478,5092,0,0,0,1,0
238595,5093,0,0,0,1,0
238731,5094,0,0,0,1,0
238794,5095,0,0,1,0,0
238903,5096,0,0,0,1,0
239035,5097,0,0,0,1,0
239149,5098,0,0,0,1,0
239285,5099,0,0,1,0,0
239423,5100,0,0,0,1,0
239588,5101,0,0,0,1,0
239714,5102,0,0,0,1,0
239795,5103,0,0,1,0,0
239910,5104,0,0,0,1,0
240027,5105,0,0,0,1,0
240067,5106,0,0,1,0,0
240165,5107,0,0,0,1,0
240292,5108,0,0,0,1,0
240412,5109,0,0,0,1,0
240527,5110,0,0,0,1,0
240618,5111,0,0,0,1,0
240749,5112,0,0,0,1,0
240885,5113,0,0,0,1,0
240927,5114,0,0,1,0,0
241052,5115,0,0,0,1,0
241194,5116,0,0,0,1,0
241309,5117,0,0,1,0,0
241342,5118,0,0,1,0,0
241464,5119,0,0,0,1,0
241610,5120,0,0,0,1,0
241767,5121,0,0,0,1,0
241879,5122,0,0,1,0,0
242001,5123,0,0,0,1,0
242107,5124,0,0,1,0,0
242221,5125,0,0,1,0,0
242311,5126,0,0,0,1,0
242436,5127,0,0,0,1,0
242572,5128,0,0,0,1,0
242687,5129,0,0,0,1,0
242877,5130,0,0,0,1,0
242972,5131,0,0,0,1,0
243119,5132,0,0,0,1,0
243264,5133,0,0,0,1,0
243399,5134,0,0,0,1,0
243522,5135,0,0,0,1,0
243644,5136,0,0,0,1,0
243789,5137,0,0,0,1,0
243978,5138,0,0,0,1,0
244105,5139,0,0,0,1,0
244223,5140,0,0,0,1,0
244283,5141,0,0,1,0,0
244501,5142,0,0,0,1,0
244561,5143,0,0,1,0,0
244662,5144,0,0,0,1,0
244767,5145,0,0,0,1,0
244875,5146,0,0,1,0,0
244970,5147,0,0,1,0,0
245065,5148,0,0,0,1,0
245174,5149,0,0,0,1,0
245291,5150,0,0,0,1,0
245385,5151,0,0,0,1,0
245494,5152,0,0,0,1,0
245592,5153,0,0,0,1,0
245687,5154,0,0,0,1,0
245794,5155,0,0,0,1,0
245854,5156,0,0,1,0,0
245972,5157,0,0,0,1,0
245974,5158,0,0,1,0,0
246075,5159,0,0,0,1,0
246192,5160,0,0,0,1,0
246241,5161,0,0,1,0,0
246368,5162,0,0,0,1,0
246474,5163,0,0,1,0,0
246534,5164,0,0,1,0,0
246666,5165,0,0,0,1,0
246706,5166,0,0,1,0,0
246727,5167,0,0,1,0,0
246820,5168,0,0,0,1,0
246936,5169,0,0,0,1,0
246992,5170,0,0,1,0,0
247085,5171,0,0,0,1,0
247210,5172,0,0,0,1,0
247342,5173,0,0,0,1,0
247455,5174,0,0,0,1,0
247483,5175,0,0,1,0,0
247576,5176,0,0,0,1,0
247672,5177,0,0,0,1,0
247785,5178,0,0,1,0,0
247909,5179,0,0,0,1,0
248000,5180,0,0,0,1,0
248080,5181,0,0,1,0,0
248210,5182,0,0,0,1,0
248308,5183,0,0,0,1,0
248381,5184,0,0,1,0,0
248520,5185,0,0,0,1,0
248674,5186,0,0,0,1,0
248786,5187,0,0,0,1,0
248905,5188,0,0,0,1,0
248915,5189,0,0,1,0,0
248940,5190,0,0,1,0,0
249018,5191,0,0,1,0,0
249134,5192,0,0,0,1,0
249252,5193,0,0,0,1,0
249410,5194,0,0,0,1,0
249594,5195,0,0,0,1,0
249731,5196,0,0,0,1,0
249818,5197,0,0,0,1,0
249958,5198,0,0,0,1,0
250084,5199,0,0,0,1,0
250185,5200,0,0,0,1,0
250269,5201,0,0,0,1,0
250405,5202,0,0,0,1,0
250411,5203,0,0,1,0,0
250511,5204,0,0,1,0,0
250657,5205,0,0,0,1,0
250804,5206,0,0,0,1,0
250931,5207,0,0,1,0,0
251030,5208,0,0,0,1,0
251143,5209,0,0,0,1,0
251176,5210,0,0,1,0,0
251188,5211,0,0,1,0,0
251323,5212,0,0,0,1,0
251435,5213,0,0,0,1,0
251566,5214,0,0,0,1,0
251674,5215,0,0,0,1,0
251780,5216,0,0,0,1,0
251846,5217,0,0,1,0,0
251930,5218,0,0,0,1,0
252105,5219,0,0,0,1,0
252241,5220,0,0,0,1,0
252372,5221,0,0,0,1,0
252494,5222,0,0,1,0,0
252625,5223,0,0,0,1,0
252782,5224,0,0,0,1,0
252971,5225,0,0,1,0,0
253098,5226,0,0,1,0,0
253198,5227,0,0,1,0,0
253284,5228,0,0,0,1,0
253389,5229,0,0,0,1,0
253512,5230,0,0,0,1,0
253710,5231,0,0,0,1,0
253759,5232,0,0,1,0,0
253925,5233,0,0,0,1,0
253969,5234,0,0,1,0,0
254091,5235,0,0,0,1,0
254101,5236,0,0,1,0,0
254181,5237,0,0,1,0,0
254289,5238,0,0,0,1,0
254375,5239,0,0,0,1,0
254440,5240,0,0,1,0,0
254444,5241,1,0,0,0,0
254541,5242,0,0,0,1,0
254686,5243,0,0,0,1,0
254811,5244,0,0,0,1,0
254922,5245,0,0,0,1,0
255043,5246,0,0,0,1,0
255141,5247,0,0,0,1,0
255148,5248,0,0,1,0,0
255293,5249,0,0,0,1,0
255381,5250,0,0,0,1,0
255482,5251,0,0,0,1,0
255568,5252,0,0,0,1,0
255701,5253,0,0,0,1,0
255984,5254,0,0,1,0,0
256100,5255,0,0,0,1,0
256216,5256,0,0,0,1,0
256229,5257,0,0,1,0,0
256231,5258,0,0,1,0,0
256339,5259,0,0,0,1,0
256347,5260,0,0,1,0,0
256459,5261,0,0,0,1,0
256552,5262,0,0,1,0,0
256687,5263,0,0,0,1,0
256799,5264,0,0,0,1,0
256896,5265,0,0,0,1,0
257000,5266,0,0,0,1,0
257087,5267,0,0,1,0,0
257186,5268,0,0,0,1,0
257374,5269,0,0,1,0,0
257499,5270,0,0,0,1,0
257663,5271,0,0,1,0,0
257742,5272,0,0,0,1,0
257796,5273,0,0,1,0,0
257914,5274,0,0,0,1,0
258025,5275,0,0,0,1,0
258132,5276,0,0,0,1,0
258230,5277,0,0,0,1,0
258241,5278,0,0,1,0,0
258472,5279,0,0,0,1,0
258577,5280,0,0,0,1,0
258664,5281,0,0,1,0,0
258770,5282,0,0,0,1,0
258869,5283,0,0,0,1,0
259031,5284,0,0,0,1,0
259069,5285,0,0,1,0,0
259198,5286,0,0,0,1,0
259325,5287,0,0,0,1,0
259490,5288,0,0,0,1,0
259632,5289,0,0,0,1,0
259717,5290,0,0,1,0,0
259800,5291,0,0,1,0,0
259891,5292,0,0,0,1,0
260019,5293,0,0,1,0,0
260146,5294,0,0,0,1,0
260250,5295,0,0,0,1,0
260386,5296,0,0,0,1,0
260478,5297,0,0,0,1,0
260602,5298,0,0,0,1,0
260664,5299,0,0,1,0,0
260695,5300,0,0,1,0,0
260801,5301,0,0,1,0,0
260920,5302,0,0,0,1,0
261037,5303,0,0,0,1,0
261126,5304,0,0,0,1,0
261261,5305,0,0,0,1,0
261273,5306,0,0,1,0,0
261361,5307,0,0,1,0,0
261459,5308,0,0,0,1,0
261585,5309,0,0,0,1,0
261703,5310,0,0,0,1,0
261757,5311,0,0,1,0,0
261879,5312,0,0,0,1,0
262009,5313,0,0,0,1,0
262098,5314,0,0,0,1,0
262207,5315,0,0,0,1,0
262305,5316,0,0,0,1,0
262410,5317,0,0,0,1,0
262479,5318,0,0,1,0,0
262591,5319,0,0,0,1,0
262685,5320,0,0,0,1,0
262800,5321,0,0,0,1,0
262904,5322,0,0,0,1,0
263001,5323,0,0,1,0,0
263126,5324,0,0,0,1,0
263237,5325,0,0,0,1,0
263318,5326,0,0,0,1,0
263423,5327,0,0,0,1,0
263509,5328,0,0,0,1,0
263510,5329,0,0,1,0,0
263635,5330,0,0,0,1,0
263740,5331,0,0,0,1,0
263838,5332,0,0,0,1,0
263940,5333,0,0,0,1,0
264035,5334,0,0,0,1,0
264124,5335,0,0,0,1,0
264264,5336,0,0,0,1,0
264385,5337,0,0,0,1,0
264413,5338,0,0,1,0,0
264510,5339,0,0,0,1,0
264598,5340,0,0,0,1,0
264706,5341,0,0,0,1,0
264830,5342,0,0,0,1,0
264996,5343,0,0,0,1,0
265096,5344,0,0,1,0,0
265242,5345,0,0,0,1,0
265367,5346,0,0,0,1,0
265483,5347,0,0,0,1,0
265577,5348,0,0,0,1,0
265683,5349,0,0,0,1,0
265821,5350,0,0,0,1,0
265948,5351,0,0,0,1,0
266053,5352,0,0,0,1,0
266172,5353,0,0,0,1,0
266288,5354,0,0,0,1,0
266411,5355,0,0,0,1,0
266524,5356,0,0,0,1,0
266640,5357,0,0,0,1,0
266742,5358,0,0,0,1,0
266847,5359,0,0,0,1,0
266956,5360,0,0,0,1,0
267070,5361,0,0,0,1,0
267175,5362,0,0,0,1,0
267220,5363,0,0,1,0,0
267400,5364,0,0,1,0,0
267501,5365,0,0,0,1,0
267507,5366,0,0,1,0,0
267543,5367,0,0,1,0,0
267665,5368,0,0,0,1,0
267749,5369,0,0,1,0,0
267848,5370,0,0,0,1,0
267939,5371,0,0,0,1,0
268048,5372,0,0,0,1,0
268175,5373,0,0,0,1,0
268290,5374,0,0,0,1,0
268398,5375,0,0,0,1,0
268498,5376,0,0,0,1,0
268596,5377,0,0,0,1,0
268731,5378,0,0,0,1,0
268839,5379,0,0,0,1,0
268948,5380,0,0,0,1,0
269037,5381,0,0,0,1,0
269159,5382,0,0,0,1,0
269249,5383,0,0,0,1,0
269347,5384,0,0,0,1,0
269446,5385,0,0,0,1,0
269468,5386,0,0,1,0,0
269580,5387,0,0,0,1,0
269646,5388,0,0,1,0,0
269783,5389,0,0,0,1,0
269896,5390,0,0,0,1,0
269952,5391,0,0,1,0,0
270071,5392,0,0,0,1,0
270166,5393,0,0,0,1,0
270185,5394,0,0,1,0,0
270283,5395,0,0,0,1,0
270289,5396,0,0,1,0,0
270363,5397,0,0,1,0,0
270459,5398,0,0,0,1,0
270529,5399,0,0,1,0,0
270589,5400,0,0,1,0,0
270630,5401,0,0,1,0,0
270672,5402,0,0,1,0,0
270784,5403,0,0,0,1,0
270808,5404,0,0,1,0,0
270906,5405,0,0,0,1,0
271017,5406,0,0,0,1,0
271068,5407,0,0,1,0,0
271173,5408,0,0,0,1,0
271231,5409,0,0,1,0,0
271334,5410,0,0,0,1,0
271452,5411,0,0,0,1,0
271552,5412,0,0,0,1,0
271635,5413,0,0,1,0,0
271646,5414,0,0,1,0,0
271648,5415,0,0,1,0,0
271745,5416,0,0,0,1,0
271889,5417,0,0,0,1,0
271989,5418,0,0,0,1,0
272100,5419,0,0,1,0,0
272197,5420,0,0,0,1,0
272310,5421,0,0,0,1,0
272427,5422,0,0,0,1,0
272544,5423,0,0,0,1,0
272649,5424,0,0,0,1,0
272763,5425,0,0,0,1,0
272854,5426,0,0,1,0,0
272950,5427,0,0,0,1,0
273073,5428,0,0,0,1,0
273213,5429,0,0,0,1,0
273300,5430,0,0,0,1,0
273398,5431,0,0,0,1,0
273523,5432,0,0,0,1,0
273626,5433,0,0,0,1,0
273715,5434,0,0,0,1,0
273818,5435,0,0,0,1,0
273943,5436,0,0,0,1,0
274053,5437,0,0,0,1,0
274128,5438,0,0,1,0,0
274171,5439,0,0,1,0,0
274325,5440,0,0,1,0,0
274454,5441,0,0,0,1,0
274549,5442,0,0,0,1,0
274551,5443,0,0,1,0,0
274658,5444,0,0,0,1,0
274771,5445,0,0,1,0,0
274879,5446,0,0,0,1,0
274985,5447,0,0,0,1,0
275082,5448,0,0,0,1,0
275186,5449,0,0,0,1,0
275267,5450,0,0,1,0,0
275358,5451,0,0,0,1,0
275393,5452,0,0,1,0,0
275443,5453,0,0,1,0,0
275468,5454,0,0,1,0,0
275567,5455,0,0,0,1,0
275633,5456,0,0,1,0,0
275687,5457,0,0,1,0,0
275766,5458,0,0,1,0,0
275868,5459,0,0,0,1,0
275948,5460,0,0,1,0,0
276075,5461,0,0,0,1,0
276159,5462,0,0,0,1,0
276257,5463,0,0,1,0,0
276363,5464,0,0,0,1,0
276376,5465,0,0,1,0,0
276503,5466,0,0,0,1,0
276548,5467,0,0,1,0,0
276628,5468,0,0,1,0,0
276665,5469,0,0,1,0,0
276716,5470,0,0,1,0,0
276845,5471,0,0,0,1,0
276881,5472,0,0,1,0,0
277006,5473,0,0,0,1,0
277134,5474,0,0,0,1,0
277189,5475,0,0,1,0,0
277317,5476,0,0,0,1,0
277321,5477,0,0,1,0,0
277414,5478,0,0,0,1,0
277526,5479,0,0,0,1,0
277610,5480,0,0,0,1,0
277710,5481,0,0,0,1,0
277832,5482,0,0,0,1,0
277929,5483,0,0,0,1,0
278068,5484,0,0,0,1,0
278174,5485,0,0,0,1,0
278291,5486,0,0,0,1,0
278292,5487,0,0,1,0,0
278423,5488,0,0,1,0,0
278513,5489,0,0,0,1,0
278627,5490,0,0,0,1,0
278745,5491,0,0,0,1,0
278867,5492,0,0,0,1,0
279001,5493,0,0,0,1,0
279090,5494,0,0,1,0,0
279196,5495,0,0,0,1,0
279273,5496,0,0,1,0,0
279275,5497,0,0,1,0,0
279413,5498,0,0,0,1,0
279536,5499,0,0,0,1,0
279662,5500,0,0,0,1,0
279775,5501,0,0,0,1,0
279877,5502,0,0,0,1,0
279986,5503,0,0,0,1,0
280103,5504,0,0,0,1,0
280155,5505,0,0,1,0,0
280247,5506,0,0,0,1,0
280351,5507,0,0,0,1,0
280481,5508,0,0,0,1,0
280579,5509,0,0,0,1,0
280698,5510,0,0,0,1,0
280798,5511,0,0,1,0,0
280816,5512,0,0,1,0,0
280913,5513,0,0,0,1,0
281015,5514,0,0,1,0,0
281128,5515,0,0,0,1,0
281240,5516,0,0,0,1,0
281362,5517,0,0,0,1,0
281453,5518,0,0,0,1,0
281560,5519,0,0,0,1,0
281682,5520,0,0,0,1,0
281771,5521,0,0,1,0,0
281868,5522,0,0,0,1,0
281993,5523,0,0,1,0,0
282085,5524,0,0,1,0,0
282210,5525,0,0,0,1,0
282235,5526,0,0,1,0,0
282375,5527,0,0,0,1,0
282403,5528,0,0,1,0,0
282507,5529,0,0,0,1,0
282587,5530,0,0,1,0,0
282696,5531,0,0,0,1,0
282829,5532,0,0,0,1,0
282929,5533,0,0,0,1,0
283048,5534,0,0,0,1,0
283069,5535,0,0,1,0,0
283184,5536,0,0,0,1,0
283274,5537,0,0,1,0,0
283291,5538,0,0,1,0,0
283424,5539,0,0,0,1,0
283559,5540,0,0,0,1,0
283658,5541,0,0,0,1,0
283760,5542,0,0,1,0,0
283983,5543,0,0,0,1,0
284187,5544,0,0,0,1,0
284219,5545,0,0,1,0,0
284349,5546,0,0,0,1,0
284475,5547,0,0,0,1,0
284593,5548,0,0,0,1,0
284734,5549,0,0,0,1,0
284770,5550,0,0,1,0,0
284961,5551,0,0,0,1,0
285130,5552,0,0,0,1,0
285237,5553,0,0,0,1,0
285410,5554,0,0,0,1,0
285531,5555,0,0,0,1,0
285668,5556,0,0,0,1,0
285767,5557,0,0,1,0,0
285949,5558,0,0,0,1,0
285950,5559,0,0,1,0,0
286056,5560,0,0,1,0,0
286080,5561,0,0,1,0,0
286205,5562,0,0,0,1,0
286338,5563,0,0,0,1,0
286530,5564,0,0,0,1,0
286591,5565,0,0,1,0,0
286718,5566,0,0,0,1,0
286852,5567,0,0,0,1,0
286927,5568,0,0,1,0,0
286985,5569,0,0,1,0,0
287093,5570,0,0,0,1,0
287248,5571,0,0,0,1,0
287392,5572,0,0,0,1,0
287429,5573,0,0,1,0,0
287693,5574,0,0,1,0,0
287947,5575,0,0,0,1,0
288040,5576,0,0,0,1,0
288137,5577,0,0,0,1,0
288241,5578,0,0,1,0,0
288281,5579,0,0,1,0,0
288410,5580,0,0,0,1,0
288522,5581,0,0,1,0,0
288700,5582,0,0,0,1,0
288779,5583,0,0,1,0,0
288900,5584,0,0,0,1,0
289007,5585,0,0,0,1,0
289115,5586,0,0,0,1,0
289237,5587,0,0,0,1,0
289344,5588,0,0,0,1,0
289379,5589,0,0,1,0,0
289490,5590,0,0,0,1,0
289518,5591,0,0,1,0,0
289567,5592,0,0,1,0,0
289604,5593,0,0,1,0,0
289749,5594,0,0,0,1,0
289858,5595,0,0,0,1,0
290022,5596,0,0,0,1,0
290078,5597,0,0,1,0,0
290193,5598,0,0,0,1,0
290323,5599,0,0,0,1,0
290449,5600,0,0,0,1,0
290584,5601,0,0,0,1,0
290713,5602,0,0,0,1,0
290842,5603,0,0,0,1,0
290907,5604,0,0,1,0,0
291017,5605,0,0,0,1,0
291141,5606,0,0,0,1,0
291146,5607,1,0,0,0,0
291276,5608,0,0,0,1,0
291410,5609,0,0,0,1,0
291541,5610,0,0,0,1,0
291674,5611,0,0,0,1,0
291777,5612,0,0,0,1,0
291915,5613,0,0,0,1,0
292050,5614,0,0,0,1,0
292139,5615,0,0,0,1,0
292254,5616,0,0,1,0,0
292394,5617,0,0,0,1,0
292407,5618,0,0,1,0,0
292531,5619,0,0,0,1,0
292673,5620,0,0,0,1,0
292786,5621,0,0,0,1,0
292896,5622,0,0,0,1,0
293031,5623,0,0,0,1,0
293038,5624,0,0,1,0,0
293147,5625,0,0,0,1,0
293236,5626,0,0,0,1,0
293340,5627,0,0,0,1,0
293420,5628,0,0,1,0,0
293554,5629,0,0,0,1,0
293677,5630,0,0,0,1,0
293752,5631,0,0,1,0,0
293866,5632,0,0,0,1,0
293961,5633,0,0,0,1,0
294073,5634,0,0,0,1,0
294161,5635,0,0,0,1,0
294291,5636,0,0,0,1,0
294427,5637,0,0,0,1,0
294547,5638,0,0,0,1,0
294666,5639,0,0,0,1,0
294752,5640,0,0,0,1,0
294875,5641,0,0,0,1,0
294988,5642,0,0,0,1,0
295099,5643,0,0,0,1,0
295206,5644,0,0,0,1,0
295313,5645,0,0,0,1,0
295435,5646,0,0,0,1,0
295504,5647,0,0,1,0,0
295617,5648,0,0,0,1,0
295731,5649,0,0,0,1,0
295805,5650,0,0,1,0,0
295872,5651,0,0,1,0,0
295988,5652,0,0,0,1,0
296091,5653,0,0,1,0,0
296209,5654,0,0,0,1,0
296213,5655,1,0,0,0,0
296357,5656,0,0,0,1,0
296487,5657,0,0,0,1,0
296608,5658,0,0,0,1,0
296695,5659,0,0,0,1,0
296810,5660,0,0,0,1,0
296856,5661,0,0,1,0,0
296947,5662,0,0,0,1,0
297086,5663,0,0,0,1,0
297181,5664,0,0,0,1,0
297236,5665,0,0,1,0,0
297304,5666,0,0,1,0,0
297430,5667,0,0,0,1,0
297523,5668,0,0,0,1,0
297637,5669,0,0,0,1,0
297663,5670,0,0,1,0,0
297737,5671,0,0,1,0,0
297833,5672,0,0,0,1,0
297953,5673,0,0,1,0,0
298089,5674,0,0,0,1,0
298132,5675,0,0,1,0,0
298264,5676,0,0,0,1,0
298349,5677,0,0,0,1,0
298361,5678,0,0,1,0,0
298481,5679,0,0,0,1,0
298608,5680,0,0,0,1,0
298695,5681,0,0,1,0,0
298785,5682,0,0,0,1,0
298870,5683,0,0,1,0,0
299020,5684,0,0,0,1,0
299117,5685,0,0,0,1,0
299119,5686,0,0,1,0,0
299156,5687,0,0,1,0,0
299264,5688,0,0,0,1,0
299399,5689,0,0,0,1,0
299517,5690,0,0,1,0,0
299663,5691,0,0,0,1,0
299761,5692,0,0,1,0,0
299876,5693,0,0,0,1,0
299982,5694,0,0,0,1,0
300039,5695,0,0,1,0,0
300154,5696,0,0,0,1,0
300271,5697,0,0,0,1,0
300382,5698,0,0,0,1,0
300514,5699,0,0,0,1,0
300552,5700,0,0,1,0,0
300668,5701,0,0,0,1,0
300716,5702,0,0,1,0,0
300840,5703,0,0,1,0,0
300991,5704,0,0,0,1,0
301092,5705,0,0,1,0,0
301217,5706,0,0,1,0,0
301354,5707,0,0,0,1,0
301495,5708,0,0,0,1,0
301667,5709,0,0,0,1,0
301783,5710,0,0,0,1,0
302185,5711,0,0,0,1,0
302329,5712,0,0,0,1,0
302356,5713,0,0,1,0,0
302416,5714,0,0,1,0,0
302556,5715,0,0,0,1,0
302702,5716,0,0,0,1,0
302838,5717,0,0,0,1,0
302944,5718,0,0,0,1,0
303043,5719,0,0,0,1,0
303064,5720,0,0,1,0,0
303070,5721,1,0,0,0,0
303175,5722,0,0,0,1,0
303294,5723,0,0,0,1,0
303359,5724,0,0,1,0,0
303455,5725,0,0,0,1,0
303508,5726,0,0,1,0,0
303636,5727,0,0,0,1,0
303735,5728,0,0,0,1,0
303839,5729,0,0,0,1,0
303932,5730,0,0,0,1,0
303983,5731,0,0,1,0,0
304024,5732,0,0,1,0,0
304123,5733,0,0,0,1,0
304250,5734,0,0,0,1,0
304346,5735,0,0,0,1,0
304379,5736,0,0,1,0,0
304484,5737,0,0,0,1,0
304586,5738,0,0,0,1,0
304718,5739,0,0,0,1,0
304823,5740,0,0,0,1,0
304881,5741,0,0,1,0,0
305005,5742,0,0,0,1,0
305127,5743,0,0,0,1,0
305192,5744,0,0,1,0,0
305328,5745,0,0,0,1,0
305454,5746,0,0,0,1,0
305459,5747,0,0,1,0,0
305559,5748,0,0,0,1,0
305694,5749,0,0,0,1,0
305697,5750,0,0,1,0,0
305812,5751,0,0,0,1,0
305923,5752,0,0,0,1,0
306035,5753,0,0,0,1,0
306128,5754,0,0,0,1,0
306257,5755,0,0,0,1,0
306379,5756,0,0,0,1,0
306476,5757,0,0,0,1,0
306599,5758,0,0,0,1,0
306672,5759,0,0,1,0,0
306793,5760,0,0,0,1,0
306800,5761,0,0,1,0,0
306856,5762,0,0,1,0,0
306976,5763,0,0,0,1,0
307092,5764,0,0,0,1,0
307234,5765,0,0,0,1,0
307274,5766,0,0,1,0,0
307371,5767,0,0,0,1,0
307480,5768,0,0,0,1,0
307601,5769,0,0,0,1,0
307602,5770,0,0,1,0,0
307723,5771,0,0,0,1,0
307736,5772,0,0,1,0,0
307858,5773,0,0,0,1,0
307895,5774,0,0,1,0,0
307912,5775,0,0,1,0,0
308004,5776,0,0,0,1,0
308115,5777,0,0,0,1,0
308222,5778,0,0,0,1,0
308364,5779,0,0,0,1,0
308477,5780,0,0,0,1,0
308577,5781,0,0,1,0,0
308701,5782,0,0,0,1,0
308823,5783,0,0,0,1,0
308925,5784,0,0,0,1,0
308944,5785,0,0,1,0,0
309043,5786,0,0,0,1,0
309137,5787,0,0,0,1,0
309240,5788,0,0,0,1,0
309356,5789,0,0,0,1,0
309399,5790,0,0,1,0,0
309432,5791,0,0,1,0,0
309536,5792,0,0,0,1,0
309602,5793,0,0,1,0,0
309718,5794,0,0,1,0,0
309819,5795,0,0,0,1,0
309956,5796,0,0,0,1,0
309963,5797,0,0,1,0,0
310087,5798,0,0,0,1,0
310195,5799,0,0,0,1,0
310286,5800,0,0,0,1,0
310417,5801,0,0,0,1,0
310502,5802,0,0,0,1,0
310613,5803,0,0,0,1,0
310723,5804,0,0,0,1,0
310841,5805,0,0,0,1,0
310955,5806,0,0,1,0,0
310971,5807,0,0,1,0,0
311016,5808,0,0,1,0,0
311022,5809,0,0,1,0,0
311127,5810,0,0,0,1,0
311191,5811,0,0,1,0,0
311244,5812,0,0,1,0,0
311383,5813,0,0,0,1,0
311391,5814,0,0,1,0,0
311520,5815,0,0,1,0,0
311630,5816,0,0,0,1,0
311684,5817,0,0,1,0,0
311795,5818,0,0,0,1,0
311927,5819,0,0,0,1,0
311955,5820,0,0,1,0,0
312048,5821,0,0,0,1,0
312065,5822,0,0,1,0,0
312112,5823,0,0,1,0,0
312231,5824,0,0,0,1,0
312368,5825,0,0,0,1,0
312472,5826,0,0,1,0,0
312539,5827,0,0,1,0,0
312640,5828,0,0,0,1,0
312747,5829,0,0,0,1,0
312864,5830,0,0,0,1,0
312865,5831,0,0,1,0,0
312965,5832,0,0,0,1,0
313101,5833,0,0,0,1,0
313108,5834,0,0,1,0,0
313149,5835,0,0,1,0,0
313277,5836,0,0,0,1,0
313386,5837,0,0,0,1,0
313502,5838,0,0,0,1,0
313639,5839,0,0,0,1,0
313714,5840,0,0,1,0,0
313814,5841,0,0,0,1,0
313904,5842,0,0,0,1,0
313997,5843,0,0,0,1,0
314086,5844,0,0,0,1,0
314212,5845,0,0,0,1,0
314266,5846,0,0,1,0,0
314385,5847,0,0,0,1,0
314482,5848,0,0,1,0,0
314604,5849,0,0,0,1,0
314716,5850,0,0,0,1,0
314720,5851,0,0,1,0,0
314742,5852,0,0,1,0,0
314843,5853,0,0,0,1,0
314993,5854,0,0,0,1,0
315112,5855,0,0,0,1,0
315238,5856,0,0,0,1,0
315364,5857,0,0,0,1,0
315381,5858,0,0,1,0,0
315488,5859,0,0,0,1,0
315594,5860,0,0,0,1,0
315709,5861,0,0,0,1,0
315818,5862,0,0,0,1,0
315905,5863,0,0,0,1,0
316019,5864,0,0,0,1,0
316134,5865,0,0,0,1,0
316228,5866,0,0,0,1,0
316252,5867,0,0,1,0,0
316364,5868,0,0,0,1,0
316492,5869,0,0,0,1,0
316618,5870,0,0,0,1,0
316716,5871,0,0,0,1,0
316831,5872,0,0,0,1,0
316940,5873,0,0,0,1,0
317068,5874,0,0,0,1,0
317091,5875,0,0,1,0,0
317213,5876,0,0,0,1,0
317358,5877,0,0,0,1,0
317484,5878,0,0,0,1,0
317635,5879,0,0,0,1,0
317749,5880,0,0,0,1,0
317870,5881,0,0,0,1,0
317976,5882,0,0,0,1,0
318081,5883,0,0,0,1,0
318206,5884,0,0,0,1,0
318311,5885,0,0,0,1,0
318431,5886,0,0,0,1,0
318437,5887,1,0,0,0,0
318564,5888,0,0,0,1,0
318686,5889,0,0,0,1,0
318712,5890,0,0,1,0,0
318806,5891,0,0,0,1,0
318924,5892,0,0,0,1,0
319023,5893,0,0,0,1,0
319140,5894,0,0,1,0,0
319263,5895,0,0,0,1,0
319266,5896,0,0,1,0,0
319387,5897,0,0,0,1,0
319509,5898,0,0,0,1,0
319624,5899,0,0,0,1,0
319636,5900,0,0,1,0,0
319747,5901,0,0,0,1,0
319853,5902,0,0,0,1,0
320001,5903,0,0,0,1,0
320121,5904,0,0,0,1,0
320261,5905,0,0,0,1,0
320348,5906,0,0,0,1,0
320445,5907,0,0,1,0,0
320554,5908,0,0,0,1,0
320665,5909,0,0,0,1,0
320792,5910,0,0,0,1,0
320903,5911,0,0,0,1,0
321041,5912,0,0,0,1,0
321174,5913,0,0,0,1,0
321187,5914,0,0,1,0,0
321310,5915,0,0,0,1,0
321362,5916,0,0,1,0,0
321391,5917,0,0,1,0,0
321494,5918,0,0,0,1,0
321595,5919,0,0,0,1,0
321714,5920,0,0,0,1,0
321743,5921,0,0,1,0,0
321933,5922,0,0,0,1,0
322076,5923,0,0,0,1,0
322192,5924,0,0,0,1,0
322306,5925,0,0,0,1,0
322415,5926,0,0,0,1,0
322568,5927,0,0,0,1,0
322683,5928,0,0,0,1,0
322771,5929,0,0,0,1,0
322887,5930,0,0,0,1,0
323025,5931,0,0,0,1,0
323150,5932,0,0,0,1,0
323276,5933,0,0,0,1,0
323277,5934,0,0,1,0,0
323396,5935,0,0,0,1,0
323536,5936,0,0,0,1,0
323620,5937,0,0,1,0,0
323746,5938,0,0,0,1,0
323773,5939,0,0,1,0,0
323898,5940,0,0,0,1,0
324019,5941,0,0,0,1,0
324088,5942,0,0,1,0,0
324202,5943,0,0,0,1,0
324322,5944,0,0,0,1,0
324326,5945,0,0,1,0,0
324432,5946,0,0,1,0,0
324524,5947,0,0,0,1,0
324624,5948,0,0,0,1,0
324651,5949,0,0,1,0,0
324739,5950,0,0,1,0,0
324848,5951,0,0,0,1,0
324937,5952,0,0,1,0,0
324941,5953,0,0,1,0,0
325046,5954,0,0,0,1,0
325153,5955,0,0,0,1,0
325252,5956,0,0,0,1,0
325368,5957,0,0,0,1,0
325445,5958,0,0,1,0,0
325555,5959,0,0,0,1,0
325557,5960,0,0,1,0,0
325641,5961,0,0,0,1,0
325750,5962,0,0,0,1,0
325800,5963,0,0,1,0,0
325870,5964,0,0,1,0,0
325994,5965,0,0,0,1,0
326100,5966,0,0,0,1,0
326146,5967,0,0,1,0,0
326255,5968,0,0,0,1,0
326349,5969,0,0,0,1,0
326397,5970,0,0,1,0,0
326398,5971,0,0,1,0,0
326501,5972,0,0,0,1,0
326570,5973,0,0,1,0,0
326699,5974,0,0,0,1,0
326788,5975,0,0,0,1,0
326807,5976,0,0,1,0,0
326911,5977,0,0,0,1,0
327024,5978,0,0,0,1,0
327096,5979,0,0,1,0,0
327214,5980,0,0,0,1,0
327325,5981,0,0,0,1,0
327426,5982,0,0,0,1,0
327458,5983,0,0,1,0,0
327588,5984,0,0,0,1,0
327685,5985,0,0,0,1,0
327779,5986,0,0,0,1,0
327886,5987,0,0,0,1,0
328103,5988,0,0,0,1,0
328221,5989,0,0,0,1,0
328370,5990,0,0,0,1,0
328488,5991,0,0,0,1,0
328611,5992,0,0,0,1,0
328718,5993,0,0,0,1,0
328753,5994,0,0,1,0,0
328810,5995,0,0,1,0,0
328899,5996,0,0,0,1,0
328966,5997,0,0,1,0,0
329051,5998,0,0,1,0,0
329177,5999,0,0,0,1,0
329535,6000,0,0,0,1,0
329648,6001,0,0,0,1,0
329750,6002,0,0,0,1,0
329850,6003,0,0,1,0,0
329984,6004,0,0,0,1,0
330103,6005,0,0,0,1,0
330198,6006,0,0,0,1,0
330293,6007,0,0,0,1,0
330359,6008,0,0,1,0,0
330465,6009,0,0,0,1,0
330499,6010,0,0,1,0,0
330616,6011,0,0,0,1,0
330617,6012,1,0,0,0,0
330726,6013,0,0,0,1,0
330784,6014,0,0,1,0,0
330785,6015,0,0,1,0,0
330813,6016,0,0,1,0,0
330938,6017,0,0,0,1,0
331037,6018,0,0,0,1,0
331092,6019,0,0,1,0,0
331105,6020,0,0,1,0,0
331122,6021,0,0,1,0,0
331229,6022,0,0,0,1,0
331300,6023,0,0,1,0,0
331307,6024,0,0,1,0,0
331433,6025,0,0,1,0,0
331437,6026,1,0,0,0,0
331561,6027,0,0,0,1,0
331707,6028,0,0,0,1,0
331792,6029,0,0,1,0,0
331924,6030,0,0,0,1,0
331964,6031,0,0,1,0,0
332002,6032,0,0,1,0,0
332069,6033,0,0,1,0,0
332167,6034,0,0,0,1,0
332281,6035,0,0,0,1,0
332433,6036,0,0,0,1,0
332656,6037,0,0,0,1,0
332835,6038,0,0,0,1,0
332982,6039,0,0,0,1,0
333098,6040,0,0,1,0,0
333213,6041,0,0,0,1,0
333347,6042,0,0,0,1,0
333493,6043,0,0,0,1,0
333674,6044,0,0,0,1,0
333797,6045,0,0,0,1,0
333926,6046,0,0,0,1,0
334052,6047,0,0,0,1,0
334062,6048,0,0,1,0,0
334069,6049,0,0,1,0,0
334201,6050,0,0,0,1,0
334325,6051,0,0,0,1,0
334342,6052,0,0,1,0,0
334347,6053,1,0,0,0,0
334468,6054,0,0,0,1,0
334609,6055,0,0,0,1,0
334699,6056,0,0,0,1,0
334815,6057,0,0,0,1,0
334953,6058,0,0,0,1,0
335004,6059,0,0,1,0,0
335132,6060,0,0,0,1,0
335206,6061,0,0,1,0,0
335327,6062,0,0,0,1,0
335366,6063,0,0,1,0,0
335428,6064,0,0,1,0,0
335519,6065,0,0,0,1,0
335644,6066,0,0,0,1,0
335665,6067,0,0,1,0,0
335797,6068,0,0,0,1,0
335845,6069,0,0,1,0,0
335956,6070,0,0,0,1,0
336074,6071,0,0,0,1,0
336171,6072,0,0,0,1,0
336303,6073,0,0,0,1,0
336420,6074,0,0,1,0,0
336494,6075,0,0,1,0,0
336629,6076,0,0,0,1,0
336762,6077,0,0,0,1,0
336882,6078,0,0,0,1,0
336993,6079,0,0,0,1,0
337149,6080,0,0,0,1,0
337284,6081,0,0,0,1,0
337424,6082,0,0,0,1,0
337517,6083,0,0,1,0,0
337620,6084,0,0,0,1,0
337766,6085,0,0,0,1,0
337776,6086,0,0,1,0,0
337856,6087,0,0,0,1,0
337908,6088,0,0,1,0,0
338027,6089,0,0,0,1,0
338161,6090,0,0,0,1,0
338296,6091,0,0,0,1,0
338425,6092,0,0,1,0,0
338552,6093,0,0,0,1,0
338671,6094,0,0,0,1,0
338786,6095,0,0,0,1,0
338902,6096,0,0,0,1,0
339020,6097,0,0,0,1,0
339131,6098,0,0,0,1,0
339240,6099,0,0,0,1,0
339321,6100,0,0,1,0,0
339363,6101,0,0,1,0,0
339477,6102,0,0,0,1,0
339499,6103,0,0,1,0,0
339608,6104,0,0,0,1,0
339617,6105,0,0,1,0,0
339713,6106,0,0,0,1,0
339726,6107,0,0,1,0,0
339835,6108,0,0,0,1,0
339969,6109,0,0,0,1,0
340012,6110,0,0,1,0,0
340114,6111,0,0,0,1,0
340205,6112,0,0,0,1,0
340330,6113,0,0,0,1,0
340341,6114,0,0,1,0,0
340377,6115,0,0,1,0,0
340506,6116,0,0,0,1,0
340564,6117,0,0,1,0,0
340580,6118,0,0,1,0,0
340650,6119,0,0,1,0,0
340749,6120,0,0,0,1,0
340775,6121,0,0,1,0,0
340883,6122,0,0,0,1,0
340972,6123,0,0,0,1,0
341020,6124,0,0,1,0,0
341103,6125,0,0,1,0,0
341125,6126,0,0,1,0,0
341212,6127,0,0,0,1,0
341225,6128,0,0,1,0,0
341261,6129,0,0,1,0,0
341378,6130,0,0,0,1,0
341476,6131,0,0,1,0,0
341670,6132,0,0,0,1,0
341776,6133,0,0,0,1,0
341879,6134,0,0,1,0,0
341968,6135,0,0,0,1,0
342077,6136,0,0,0,1,0
342198,6137,0,0,0,1,0
342259,6138,0,0,1,0,0
342392,6139,0,0,0,1,0
342521,6140,0,0,0,1,0
342644,6141,0,0,1,0,0
342761,6142,0,0,0,1,0
342795,6143,0,0,1,0,0
342922,6144,0,0,0,1,0
342941,6145,0,0,1,0,0
343033,6146,0,0,0,1,0
343140,6147,0,0,0,1,0
343166,6148,0,0,1,0,0
343287,6149,0,0,0,1,0
343400,6150,0,0,0,1,0
343537,6151,0,0,0,1,0
343637,6152,0,0,0,1,0
343643,6153,0,0,1,0,0
343749,6154,0,0,0,1,0
343850,6155,0,0,1,0,0
343971,6156,0,0,0,1,0
344088,6157,0,0,0,1,0
344228,6158,0,0,0,1,0
344359,6159,0,0,0,1,0
344468,6160,0,0,0,1,0
344569,6161,0,0,1,0,0
344623,6162,0,0,1,0,0
344745,6163,0,0,0,1,0
344873,6164,0,0,0,1,0
344999,6165,0,0,0,1,0
345007,6166,0,0,1,0,0
345104,6167,0,0,1,0,0
345141,6168,0,0,1,0,0
345271,6169,0,0,0,1,0
345346,6170,0,0,1,0,0
345349,6171,0,0,1,0,0
345486,6172,0,0,0,1,0
345608,6173,0,0,0,1,0
345648,6174,0,0,1,0,0
345765,6175,0,0,0,1,0
345777,6176,0,0,1,0,0
345879,6177,0,0,0,1,0
346026,6178,0,0,0,1,0
346154,6179,0,0,0,1,0
346211,6180,0,0,1,0,0
346334,6181,0,0,0,1,0
346456,6182,0,0,1,0,0
346524,6183,0,0,1,0,0
346629,6184,0,0,1,0,0
346681,6185,0,0,1,0,0
346809,6186,0,0,0,1,0
346936,6187,0,0,0,1,0
346985,6188,0,0,1,0,0
347100,6189,0,0,0,1,0
347213,6190,0,0,0,1,0
347232,6191,0,0,1,0,0
347350,6192,0,0,0,1,0
347468,6193,0,0,0,1,0
347608,6194,0,0,0,1,0
347717,6195,0,0,0,1,0
347850,6196,0,0,0,1,0
347949,6197,0,0,0,1,0
348047,6198,0,0,0,1,0
348142,6199,0,0,0,1,0
348270,6200,0,0,0,1,0
348328,6201,0,0,1,0,0
348448,6202,0,0,0,1,0
348531,6203,0,0,0,1,0
348623,6204,0,0,1,0,0
348669,6205,0,0,1,0,0
348802,6206,0,0,0,1,0
348911,6207,0,0,0,1,0
348999,6208,0,0,0,1,0
349091,6209,0,0,0,1,0
349192,6210,0,0,0,1,0
349294,6211,0,0,0,1,0
349387,6212,0,0,0,1,0
349520,6213,0,0,0,1,0
349611,6214,0,0,0,1,0
349715,6215,0,0,0,1,0
349831,6216,0,0,0,1,0
349933,6217,0,0,0,1,0
349990,6218,0,0,1,0,0
350044,6219,0,0,1,0,0
350131,6220,0,0,0,1,0
350264,6221,0,0,0,1,0
350372,6222,0,0,0,1,0
350489,6223,0,0,0,1,0
350595,6224,0,0,0,1,0
350718,6225,0,0,0,1,0
350825,6226,0,0,0,1,0
350938,6227,0,0,0,1,0
350985,6228,0,0,1,0,0
351124,6229,0,0,0,1,0
351228,6230,0,0,0,1,0
351320,6231,0,0,0,1,0
351407,6232,0,0,0,1,0
351531,6233,0,0,0,1,0
351648,6234,0,0,0,1,0
351670,6235,0,0,1,0,0
351760,6236,0,0,0,1,0
351776,6237,0,0,1,0,0
351896,6238,0,0,0,1,0
352012,6239,0,0,0,1,0
352114,6240,0,0,0,1,0
352239,6241,0,0,0,1,0
352337,6242,0,0,0,1,0
352443,6243,0,0,0,1,0
352447,6244,1,0,0,0,0
352540,6245,0,0,0,1,0
352549,6246,0,0,1,0,0
352663,6247,0,0,0,1,0
352677,6248,0,0,1,0,0
352688,6249,0,0,1,0,0
352819,6250,0,0,0,1,0
352865,6251,0,0,1,0,0
352986,6252,0,0,0,1,0
352994,6253,0,0,1,0,0
353102,6254,0,0,0,1,0
353203,6255,0,0,0,1,0
353314,6256,0,0,0,1,0
353361,6257,0,0,1,0,0
353486,6258,0,0,0,1,0
353508,6259,0,0,1,0,0
353531,6260,0,0,1,0,0
353653,6261,0,0,0,1,0
353676,6262,0,0,1,0,0
353821,6263,0,0,0,1,0
353944,6264,0,0,0,1,0
354084,6265,0,0,0,1,0
354117,6266,0,0,1,0,0
354254,6267,0,0,0,1,0
354358,6268,0,0,0,1,0
354454,6269,0,0,0,1,0
354568,6270,0,0,0,1,0
354694,6271,0,0,0,1,0
354849,6272,0,0,0,1,0
354976,6273,0,0,0,1,0
355011,6274,0,0,1,0,0
355034,6275,0,0,1,0,0
355114,6276,0,0,0,1,0
355118,6277,0,0,1,0,0
355217,6278,0,0,0,1,0
355313,6279,0,0,1,0,0
355380,6280,0,0,1,0,0
355472,6281,0,0,0,1,0
355563,6282,0,0,0,1,0
355680,6283,0,0,0,1,0
355815,6284,0,0,0,1,0
355874,6285,0,0,1,0,0
355989,6286,0,0,0,1,0
356113,6287,0,0,0,1,0
356209,6288,0,0,0,1,0
356317,6289,0,0,0,1,0
356445,6290,0,0,0,1,0
356529,6291,0,0,0,1,0
356625,6292,0,0,0,1,0
356666,6293,0,0,1,0,0
356791,6294,0,0,0,1,0
356932,6295,0,0,0,1,0
357085,6296,0,0,0,1,0
357190,6297,0,0,1,0,0
357196,6298,0,0,1,0,0
357280,6299,0,0,1,0,0
357414,6300,0,0,0,1,0
357499,6301,0,0,0,1,0
357549,6302,0,0,1,0,0
357689,6303,0,0,0,1,0
357802,6304,0,0,0,1,0
357931,6305,0,0,0,1,0
358078,6306,0,0,1,0,0
358209,6307,0,0,0,1,0
358310,6308,0,0,1,0,0
358431,6309,0,0,0,1,0
358463,6310,0,0,1,0,0
358572,6311,0,0,0,1,0
358686,6312,0,0,0,1,0
358822,6313,0,0,0,1,0
358906,6314,0,0,0,1,0
358924,6315,0,0,1,0,0
358947,6316,0,0,1,0,0
359046,6317,0,0,0,1,0
359152,6318,0,0,0,1,0
359281,6319,0,0,0,1,0
359387,6320,0,0,0,1,0
359567,6321,0,0,0,1,0
359702,6322,0,0,0,1,0
359781,6323,0,0,0,1,0
359889,6324,0,0,0,1,0
360105,6325,0,0,0,1,0
360232,6326,0,0,0,1,0
360363,6327,0,0,0,1,0
360595,6328,0,0,0,1,0
360733,6329,0,0,0,1,0
360845,6330,0,0,0,1,0
360949,6331,0,0,0,1,0
361067,6332,0,0,0,1,0
361128,6333,0,0,1,0,0
361251,6334,0,0,0,1,0
361359,6335,0,0,0,1,0
361480,6336,0,0,0,1,0
361617,6337,0,0,0,1,0
361728,6338,0,0,0,1,0
361853,6339,0,0,0,1,0
361962,6340,0,0,0,1,0
361990,6341,0,0,1,0,0
362056,6342,0,0,1,0,0
362163,6343,0,0,0,1,0
362292,6344,0,0,0,1,0
362394,6345,0,0,0,1,0
362512,6346,0,0,0,1,0
362618,6347,0,0,0,1,0
362622,6348,0,0,1,0,0
362693,6349,0,0,1,0,0
362805,6350,0,0,0,1,0
362902,6351,0,0,0,1,0
363024,6352,0,0,0,1,0
363160,6353,0,0,0,1,0
363252,6354,0,0,0,1,0
363363,6355,0,0,0,1,0
363490,6356,0,0,0,1,0
363600,6357,0,0,1,0,0
363731,6358,0,0,0,1,0
363894,6359,0,0,0,1,0
363980,6360,0,0,0,1,0
364070,6361,0,0,1,0,0
364195,6362,0,0,0,1,0
364336,6363,0,0,0,1,0
364447,6364,0,0,0,1,0
364555,6365,0,0,0,1,0
364671,6366,0,0,0,1,0
364791,6367,0,0,0,1,0
364792,6368,0,0,1,0,0
364886,6369,0,0,1,0,0
365001,6370,0,0,0,1,0
365115,6371,0,0,0,1,0
365236,6372,0,0,0,1,0
365326,6373,0,0,0,1,0
365374,6374,0,0,1,0,0
365466,6375,0,0,1,0,0
365572,6376,0,0,0,1,0
365695,6377,0,0,0,1,0
365750,6378,0,0,1,0,0
365872,6379,0,0,0,1,0
365888,6380,0,0,1,0,0
365942,6381,0,0,1,0,0
366026,6382,0,0,0,1,0
366147,6383,0,0,0,1,0
366274,6384,0,0,0,1,0
366360,6385,0,0,1,0,0
366446,6386,0,0,1,0,0
366581,6387,0,0,0,1,0
366860,6388,0,0,0,1,0
367007,6389,0,0,1,0,0
367044,6390,0,0,1,0,0
367243,6391,0,0,0,1,0
367350,6392,0,0,0,1,0
367443,6393,0,0,0,1,0
367584,6394,0,0,0,1,0
367713,6395,0,0,0,1,0
367841,6396,0,0,0,1,0
367845,6397,0,0,1,0,0
367855,6398,0,0,1,0,0
367961,6399,0,0,1,0,0
368048,6400,0,0,1,0,0
368179,6401,0,0,0,1,0
368295,6402,0,0,0,1,0
368411,6403,0,0,0,1,0
368541,6404,0,0,0,1,0
368656,6405,0,0,1,0,0
368679,6406,0,0,1,0,0
368814,6407,0,0,0,1,0
368928,6408,0,0,0,1,0
369043,6409,0,0,0,1,0
369183,6410,0,0,0,1,0
369345,6411,0,0,0,1,0
369432,6412,0,0,0,1,0
369522,6413,0,0,0,1,0
369645,6414,0,0,0,1,0
369850,6415,0,0,0,1,0
369964,6416,0,0,0,1,0
369969,6417,0,0,1,0,0
370083,6418,0,0,0,1,0
370188,6419,0,0,0,1,0
370608,6420,0,0,0,1,0
370733,6421,0,0,0,1,0
370837,6422,0,0,1,0,0
370866,6423,0,0,1,0,0
370990,6424,0,0,0,1,0
371034,6425,0,0,1,0,0
371154,6426,0,0,0,1,0
371282,6427,0,0,0,1,0
371397,6428,0,0,0,1,0
371493,6429,0,0,1,0,0
371543,6430,0,0,1,0,0
371580,6431,0,0,1,0,0
371656,6432,0,0,1,0,0
371749,6433,0,0,1,0,0
371753,6434,0,0,1,0,0
371891,6435,0,0,0,1,0
372033,6436,0,0,0,1,0
372136,6437,0,0,0,1,0
372254,6438,0,0,0,1,0
372344,6439,0,0,0,1,0
372522,6440,0,0,0,1,0
372549,6441,0,0,1,0,0
372643,6442,0,0,1,0,0
372761,6443,0,0,0,1,0
372877,6444,0,0,0,1,0
373051,6445,0,0,0,1,0
373054,6446,0,0,1,0,0
373133,6447,0,0,1,0,0
373145,6448,0,0,1,0,0
373275,6449,0,0,0,1,0
373365,6450,0,0,0,1,0
373501,6451,0,0,0,1,0
373659,6452,0,0,0,1,0
373822,6453,0,0,0,1,0
374043,6454,0,0,1,0,0
374155,6455,0,0,1,0,0
374280,6456,0,0,0,1,0
374368,6457,0,0,0,1,0
374490,6458,0,0,0,1,0
374620,6459,0,0,0,1,0
374756,6460,0,0,0,1,0
374864,6461,0,0,0,1,0
374983,6462,0,0,0,1,0
375093,6463,0,0,0,1,0
375190,6464,0,0,0,1,0
375305,6465,0,0,0,1,0
375398,6466,0,0,0,1,0
375495,6467,0,0,1,0,0
375615,6468,0,0,0,1,0
375744,6469,0,0,0,1,0
375875,6470,0,0,0,1,0
375995,6471,0,0,0,1,0
376095,6472,0,0,0,1,0
376182,6473,0,0,0,1,0
376288,6474,0,0,0,1,0
376438,6475,0,0,0,1,0
376539,6476,0,0,0,1,0
376760,6477,0,0,0,1,0
376908,6478,0,0,0,1,0
377021,6479,0,0,0,1,0
377115,6480,0,0,0,1,0
377221,6481,0,0,0,1,0
377333,6482,0,0,0,1,0
377417,6483,0,0,1,0,0
377529,6484,0,0,0,1,0
377627,6485,0,0,0,1,0
377738,6486,0,0,0,1,0
377763,6487,0,0,1,0,0
377798,6488,0,0,1,0,0
377868,6489,0,0,1,0,0
377979,6490,0,0,0,1,0
378081,6491,0,0,0,1,0
378170,6492,0,0,0,1,0
378173,6493,1,0,0,0,0
378280,6494,0,0,0,1,0
378393,6495,0,0,0,1,0
378520,6496,0,0,0,1,0
378624,6497,0,0,0,1,0
378741,6498,0,0,0,1,0
378792,6499,0,0,1,0,0
378931,6500,0,0,0,1,0
378946,6501,0,0,1,0,0
379064,6502,0,0,0,1,0
379187,6503,0,0,0,1,0
379320,6504,0,0,0,1,0
379443,6505,0,0,0,1,0
379590,6506,0,0,0,1,0
379715,6507,0,0,0,1,0
379842,6508,0,0,0,1,0
379848,6509,0,0,1,0,0
379853,6510,1,0,0,0,0
379871,6511,0,0,1,0,0
379984,6512,0,0,0,1,0
380013,6513,0,0,1,0,0
380128,6514,0,0,0,1,0
380224,6515,0,0,0,1,0
380335,6516,0,0,0,1,0
380337,6517,0,0,1,0,0
380449,6518,0,0,1,0,0
380560,6519,0,0,0,1,0
380677,6520,0,0,0,1,0
380735,6521,0,0,1,0,0
380850,6522,0,0,0,1,0
380983,6523,0,0,0,1,0
381097,6524,0,0,0,1,0
381192,6525,0,0,0,1,0
381200,6526,0,0,1,0,0
381333,6527,0,0,0,1,0
381416,6528,0,0,0,1,0
381469,6529,0,0,1,0,0
381561,6530,0,0,1,0,0
381568,6531,0,0,1,0,0
381712,6532,0,0,0,1,0
381831,6533,0,0,0,1,0
381959,6534,0,0,0,1,0
382048,6535,0,0,0,1,0
382180,6536,0,0,0,1,0
382196,6537,0,0,1,0,0
382304,6538,0,0,0,1,0
382367,6539,0,0,1,0,0
382462,6540,0,0,0,1,0
382587,6541,0,0,0,1,0
382694,6542,0,0,0,1,0
382777,6543,0,0,0,1,0
382848,6544,0,0,1,0,0
382895,6545,0,0,1,0,0
382987,6546,0,0,0,1,0
383047,6547,0,0,1,0,0
383173,6548,0,0,0,1,0
383297,6549,0,0,0,1,0
383406,6550,0,0,0,1,0
383511,6551,0,0,0,1,0
383620,6552,0,0,0,1,0
383710,6553,0,0,0,1,0
383832,6554,0,0,0,1,0
383920,6555,0,0,0,1,0
384030,6556,0,0,0,1,0
384119,6557,0,0,0,1,0
384245,6558,0,0,0,1,0
384365,6559,0,0,0,1,0
384482,6560,0,0,0,1,0
384609,6561,0,0,0,1,0
384718,6562,0,0,0,1,0
384852,6563,0,0,0,1,0
384984,6564,0,0,0,1,0
385072,6565,0,0,0,1,0
385172,6566,0,0,1,0,0
385295,6567,0,0,0,1,0
385424,6568,0,0,0,1,0
385533,6569,0,0,0,1,0
385573,6570,0,0,1,0,0
385640,6571,0,0,1,0,0
385755,6572,0,0,0,1,0
385886,6573,0,0,0,1,0
385899,6574,0,0,1,0,0
386017,6575,0,0,0,1,0
386143,6576,0,0,0,1,0
386246,6577,0,0,0,1,0
386358,6578,0,0,0,1,0
386452,6579,0,0,0,1,0
386509,6580,1,0,0,0,0
386623,6581,0,0,0,1,0
386738,6582,0,0,1,0,0
386825,6583,0,0,0,1,0
386934,6584,0,0,0,1,0
387042,6585,0,0,0,1,0
387119,6586,0,0,1,0,0
387130,6587,0,0,1,0,0
387158,6588,0,0,1,0,0
387249,6589,0,0,0,1,0
387361,6590,0,0,0,1,0
387449,6591,0,0,1,0,0
387534,6592,0,0,1,0,0
387685,6593,0,0,0,1,0
387711,6594,0,0,1,0,0
387737,6595,0,0,1,0,0
387791,6596,0,0,1,0,0
387835,6597,0,0,1,0,0
387946,6598,0,0,0,1,0
388089,6599,0,0,0,1,0
388199,6600,0,0,0,1,0
388333,6601,0,0,0,1,0
388408,6602,0,0,1,0,0
388446,6603,0,0,1,0,0
388525,6604,0,0,1,0,0
388598,6605,0,0,1,0,0
388743,6606,0,0,0,1,0
388867,6607,0,0,0,1,0
388994,6608,0,0,0,1,0
389148,6609,0,0,0,1,0
389268,6610,0,0,0,1,0
389369,6611,0,0,0,1,0
389374,6612,0,0,1,0,0
389492,6613,0,0,0,1,0
389544,6614,0,0,1,0,0
389661,6615,0,0,0,1,0
389746,6616,0,0,1,0,0
389754,6617,0,0,1,0,0
389855,6618,0,0,0,1,0
389961,6619,0,0,0,1,0
390017,6620,0,0,1,0,0
390023,6621,1,0,0,0,0
390128,6622,0,0,0,1,0
390259,6623,0,0,0,1,0
390378,6624,0,0,0,1,0
390479,6625,0,0,0,1,0
390580,6626,0,0,0,1,0
390676,6627,0,0,0,1,0
390792,6628,0,0,0,1,0
390918,6629,0,0,0,1,0
391011,6630,0,0,0,1,0
391120,6631,0,0,0,1,0
391136,6632,0,0,1,0,0
391260,6633,0,0,0,1,0
391320,6634,0,0,1,0,0
391332,6635,0,0,1,0,0
391447,6636,0,0,0,1,0
391551,6637,0,0,0,1,0
391668,6638,0,0,0,1,0
391815,6639,0,0,0,1,0
391861,6640,0,0,1,0,0
391910,6641,0,0,1,0,0
391980,6642,0,0,1,0,0
391997,6643,0,0,1,0,0
392050,6644,0,0,1,0,0
392180,6645,0,0,0,1,0
392321,6646,0,0,0,1,0
392440,6647,0,0,1,0,0
392574,6648,0,0,0,1,0
392700,6649,0,0,0,1,0
392834,6650,0,0,0,1,0
392900,6651,0,0,1,0,0
393046,6652,0,0,0,1,0
393181,6653,0,0,0,1,0
393189,6654,0,0,1,0,0
393314,6655,0,0,0,1,0
393416,6656,0,0,0,1,0
393507,6657,0,0,0,1,0
393653,6658,0,0,0,1,0
393742,6659,0,0,0,1,0
393817,6660,0,0,1,0,0
393936,6661,0,0,0,1,0
394057,6662,0,0,0,1,0
394160,6663,0,0,0,1,0
394282,6664,0,0,0,1,0
394399,6665,0,0,0,1,0
394495,6666,0,0,1,0,0
394584,6667,0,0,0,1,0
394719,6668,0,0,0,1,0
394722,6669,0,0,1,0,0
394948,6670,0,0,0,1,0
395078,6671,0,0,0,1,0
395152,6672,0,0,1,0,0
395261,6673,0,0,0,1,0
395317,6674,0,0,1,0,0
395443,6675,0,0,0,1,0
395573,6676,0,0,0,1,0
395646,6677,0,0,1,0,0
395653,6678,1,0,0,0,0
395721,6679,0,0,1,0,0
395842,6680,0,0,0,1,0
395985,6681,0,0,1,0,0
396054,6682,0,0,1,0,0
396284,6683,0,0,1,0,0
396377,6684,0,0,1,0,0
396388,6685,0,0,1,0,0
396417,6686,0,0,1,0,0
396541,6687,0,0,0,1,0
396697,6688,0,0,0,1,0
396836,6689,0,0,0,1,0
396900,6690,0,0,1,0,0
397019,6691,0,0,0,1,0
397041,6692,0,0,1,0,0
397135,6693,0,0,1,0,0
397350,6694,0,0,0,1,0
397476,6695,0,0,0,1,0
397587,6696,0,0,0,1,0
397678,6697,0,0,0,1,0
397783,6698,0,0,0,1,0
397902,6699,0,0,0,1,0
398017,6700,0,0,0,1,0
398106,6701,0,0,0,1,0
398206,6702,0,0,0,1,0
398346,6703,0,0,0,1,0
398441,6704,0,0,1,0,0
398578,6705,0,0,0,1,0
398706,6706,0,0,0,1,0
398841,6707,0,0,0,1,0
398936,6708,0,0,0,1,0
399062,6709,0,0,0,1,0
399187,6710,0,0,0,1,0
399192,6711,0,0,1,0,0
399302,6712,0,0,0,1,0
399357,6713,0,0,1,0,0
399446,6714,0,0,0,1,0
399570,6715,0,0,0,1,0
399675,6716,0,0,1,0,0
399762,6717,0,0,1,0,0
399910,6718,0,0,0,1,0
399940,6719,0,0,1,0,0
400042,6720,0,0,0,1,0
400153,6721,0,0,0,1,0
400184,6722,0,0,1,0,0
400282,6723,0,0,0,1,0
400300,6724,0,0,1,0,0
400411,6725,0,0,1,0,0
400417,6726,0,0,1,0,0
400537,6727,0,0,0,1,0
400581,6728,0,0,1,0,0
400667,6729,0,0,1,0,0
400692,6730,0,0,1,0,0
400800,6731,0,0,0,1,0
400917,6732,0,0,1,0,0
401039,6733,0,0,0,1,0
401059,6734,0,0,1,0,0
401160,6735,0,0,0,1,0
401241,6736,0,0,1,0,0
401346,6737,0,0,0,1,0
401454,6738,0,0,0,1,0
401535,6739,0,0,1,0,0
401593,6740,0,0,1,0,0
401682,6741,0,0,0,1,0
401776,6742,0,0,0,1,0
401888,6743,0,0,0,1,0
401998,6744,0,0,0,1,0
402124,6745,0,0,0,1,0
402220,6746,0,0,0,1,0
402342,6747,0,0,0,1,0
402373,6748,0,0,1,0,0
402482,6749,0,0,0,1,0
402489,6750,0,0,1,0,0
402593,6751,0,0,0,1,0
402601,6752,0,0,1,0,0
402696,6753,0,0,0,1,0
402794,6754,0,0,1,0,0
402905,6755,0,0,0,1,0
403019,6756,0,0,0,1,0
403151,6757,0,0,0,1,0
403181,6758,0,0,1,0,0
403231,6759,0,0,1,0,0
403359,6760,0,0,0,1,0
403441,6761,0,0,0,1,0
403538,6762,0,0,0,1,0
403586,6763,0,0,1,0,0
403718,6764,0,0,0,1,0
403822,6765,0,0,0,1,0
403940,6766,0,0,0,1,0
404057,6767,0,0,0,1,0
404081,6768,0,0,1,0,0
404203,6769,0,0,0,1,0
404206,6770,0,0,1,0,0
404338,6771,0,0,0,1,0
404411,6772,0,0,1,0,0
404522,6773,0,0,0,1,0
404525,6774,0,0,1,0,0
404645,6775,0,0,0,1,0
404656,6776,0,0,1,0,0
404727,6777,0,0,1,0,0
404728,6778,1,0,0,0,0
404769,6779,0,0,1,0,0
404833,6780,0,0,1,0,0
404949,6781,0,0,0,1,0
405046,6782,0,0,0,1,0
405125,6783,0,0,1,0,0
405181,6784,0,0,1,0,0
405310,6785,0,0,0,1,0
405429,6786,0,0,0,1,0
405526,6787,0,0,1,0,0
405647,6788,0,0,0,1,0
405658,6789,0,0,1,0,0
405747,6790,0,0,0,1,0
405846,6791,0,0,0,1,0
405995,6792,0,0,0,1,0
406125,6793,0,0,0,1,0
406254,6794,0,0,0,1,0
406319,6795,0,0,1,0,0
406449,6796,0,0,0,1,0
406658,6797,0,0,0,1,0
406794,6798,0,0,0,1,0
406925,6799,0,0,0,1,0
407041,6800,0,0,0,1,0
407095,6801,0,0,1,0,0
407184,6802,0,0,1,0,0
407319,6803,0,0,0,1,0
407448,6804,0,0,0,1,0
407563,6805,0,0,0,1,0
407643,6806,0,0,1,0,0
407675,6807,0,0,1,0,0
407790,6808,0,0,1,0,0
407910,6809,0,0,0,1,0
408017,6810,0,0,0,1,0
408052,6811,0,0,1,0,0
408063,6812,0,0,1,0,0
408181,6813,0,0,0,1,0
408263,6814,0,0,1,0,0
408408,6815,0,0,0,1,0
408551,6816,0,0,0,1,0
408640,6817,0,0,0,1,0
408785,6818,0,0,0,1,0
408915,6819,0,0,0,1,0
408971,6820,0,0,1,0,0
408991,6821,0,0,1,0,0
409021,6822,0,0,1,0,0
409059,6823,0,0,1,0,0
409187,6824,0,0,0,1,0
409193,6825,0,0,1,0,0
409311,6826,0,0,1,0,0
409408,6827,0,0,0,1,0
409466,6828,0,0,1,0,0
409585,6829,0,0,1,0,0
409713,6830,0,0,0,1,0
409819,6831,0,0,0,1,0
409959,6832,0,0,0,1,0
410060,6833,0,0,0,1,0
410175,6834,0,0,0,1,0
410201,6835,0,0,1,0,0
410319,6836,0,0,0,1,0
410421,6837,0,0,0,1,0
410506,6838,0,0,1,0,0
410552,6839,0,0,1,0,0
410598,6840,0,0,1,0,0
410727,6841,0,0,0,1,0
410834,6842,0,0,0,1,0
411004,6843,0,0,0,1,0
411090,6844,0,0,1,0,0
411267,6845,0,0,0,1,0
411398,6846,0,0,0,1,0
411489,6847,0,0,1,0,0
411615,6848,0,0,0,1,0
411732,6849,0,0,0,1,0
411859,6850,0,0,0,1,0
411909,6851,0,0,1,0,0
412053,6852,0,0,0,1,0
412140,6853,0,0,1,0,0
412189,6854,0,0,1,0,0
412301,6855,0,0,0,1,0
412313,6856,0,0,1,0,0
412461,6857,0,0,0,1,0
412599,6858,0,0,0,1,0
412715,6859,0,0,0,1,0
412831,6860,0,0,0,1,0
412851,6861,0,0,1,0,0
412854,6862,1,0,0,0,0
412943,6863,0,0,0,1,0
413054,6864,0,0,0,1,0
413176,6865,0,0,0,1,0
413277,6866,0,0,0,1,0
413305,6867,0,0,1,0,0
413541,6868,0,0,1,0,0
413556,6869,0,0,1,0,0
413671,6870,0,0,0,1,0
413772,6871,0,0,0,1,0
413833,6872,0,0,1,0,0
413884,6873,0,0,1,0,0
413996,6874,0,0,0,1,0
414090,6875,0,0,0,1,0
414209,6876,0,0,0,1,0
414337,6877,0,0,0,1,0
414469,6878,0,0,0,1,0
414576,6879,0,0,0,1,0
414674,6880,0,0,0,1,0
414801,6881,0,0,0,1,0
414802,6882,0,0,1,0,0
414872,6883,0,0,1,0,0
414900,6884,0,0,1,0,0
415400,6885,0,0,0,0,1
415416,6886,0,0,1,0,0
415457,6887,0,0,1,0,0
415475,6888,0,0,1,0,0
415496,6889,0,0,1,0,0
415601,6890,0,0,0,1,0
415638,6891,0,0,1,0,0
415738,6892,0,0,0,1,0
415846,6893,0,0,0,1,0
415980,6894,0,0,0,1,0
416079,6895,0,0,0,1,0
416203,6896,0,0,0,1,0
416268,6897,0,0,1,0,0
416385,6898,0,0,0,1,0
416389,6899,1,0,0,0,0
416524,6900,0,0,0,1,0
416593,6901,0,0,1,0,0
416711,6902,0,0,0,1,0
416836,6903,0,0,0,1,0
416933,6904,0,0,1,0,0
417063,6905,0,0,0,1,0
417210,6906,0,0,0,1,0
417299,6907,0,0,0,1,0
417439,6908,0,0,0,1,0
417573,6909,0,0,0,1,0
417689,6910,0,0,0,1,0
417782,6911,0,0,0,1,0
417927,6912,0,0,0,1,0
418023,6913,0,0,0,1,0
418125,6914,0,0,0,1,0
418233,6915,0,0,0,1,0
418358,6916,0,0,1,0,0
418476,6917,0,0,0,1,0
418589,6918,0,0,1,0,0
418602,6919,0,0,1,0,0
418701,6920,0,0,1,0,0
418740,6921,0,0,1,0,0
418834,6922,0,0,0,1,0
418855,6923,0,0,1,0,0
418963,6924,0,0,0,1,0
418991,6925,0,0,1,0,0
419082,6926,0,0,0,1,0
419191,6927,0,0,1,0,0
419217,6928,0,0,1,0,0
419348,6929,0,0,0,1,0
419476,6930,0,0,0,1,0
419520,6931,0,0,1,0,0
419619,6932,0,0,0,1,0
419741,6933,0,0,0,1,0
419872,6934,0,0,0,1,0
419873,6935,1,0,0,0,0
419968,6936,0,0,1,0,0
420069,6937,0,0,0,1,0
420169,6938,0,0,1,0,0
420309,6939,0,0,0,1,0
420427,6940,0,0,0,1,0
420495,6941,0,0,1,0,0
420627,6942,0,0,0,1,0
420719,6943,0,0,0,1,0
420863,6944,0,0,0,1,0
420972,6945,0,0,0,1,0
421081,6946,0,0,0,1,0
421201,6947,0,0,1,0,0
421314,6948,0,0,0,1,0
421447,6949,0,0,0,1,0
421550,6950,0,0,0,1,0
421611,6951,0,0,1,0,0
421735,6952,0,0,0,1,0
421830,6953,0,0,1,0,0
421961,6954,0,0,1,0,0
422077,6955,0,0,0,1,0
422233,6956,0,0,0,1,0
422370,6957,0,0,0,1,0
422372,6958,0,0,1,0,0
422511,6959,0,0,0,1,0
422514,6960,0,0,1,0,0
422678,6961,0,0,0,1,0
422745,6962,0,0,1,0,0
422901,6963,0,0,0,1,0
423034,6964,0,0,0,1,0
423180,6965,0,0,0,1,0
423305,6966,0,0,0,1,0
423428,6967,0,0,0,1,0
423517,6968,0,0,0,1,0
423637,6969,0,0,0,1,0
423741,6970,0,0,0,1,0
423772,6971,0,0,1,0,0
423891,6972,0,0,0,1,0
423937,6973,0,0,1,0,0
424028,6974,0,0,0,1,0
424120,6975,0,0,0,1,0
424239,6976,0,0,0,1,0
424356,6977,0,0,0,1,0
424484,6978,0,0,0,1,0
424595,6979,0,0,1,0,0
424685,6980,0,0,1,0,0
424733,6981,0,0,1,0,0
424839,6982,0,0,0,1,0
424961,6983,0,0,0,1,0
425028,6984,0,0,1,0,0
425141,6985,0,0,0,1,0
425153,6986,0,0,1,0,0
425273,6987,0,0,0,1,0
425390,6988,0,0,0,1,0
425445,6989,0,0,1,0,0
425579,6990,0,0,0,1,0
425672,6991,0,0,0,1,0
425761,6992,0,0,0,1,0
425857,6993,0,0,1,0,0
425927,6994,0,0,1,0,0
426022,6995,0,0,0,1,0
426134,6996,0,0,0,1,0
426149,6997,0,0,1,0,0
426196,6998,0,0,1,0,0
426241,6999,0,0,1,0,0
426383,7000,0,0,0,1,0
426483,7001,0,0,1,0,0
426588,7002,0,0,1,0,0
426605,7003,0,0,1,0,0
426730,7004,0,0,0,1,0
426824,7005,0,0,0,1,0
426881,7006,0,0,1,0,0
426996,7007,0,0,0,1,0
427017,7008,0,0,1,0,0
427121,7009,0,0,0,1,0
427231,7010,0,0,0,1,0
427357,7011,0,0,0,1,0
427471,7012,0,0,0,1,0
427474,7013,1,0,0,0,0
427498,7014,0,0,1,0,0
427548,7015,0,0,1,0,0
427647,7016,0,0,0,1,0
427662,7017,0,0,1,0,0
427765,7018,0,0,0,1,0
427776,7019,0,0,1,0,0
427798,7020,0,0,1,0,0
427926,7021,0,0,0,1,0
428047,7022,0,0,0,1,0
428155,7023,0,0,1,0,0
428263,7024,0,0,0,1,0
428269,7025,0,0,1,0,0
428302,7026,0,0,1,0,0
428426,7027,0,0,0,1,0
428528,7028,0,0,0,1,0
428625,7029,0,0,0,1,0
428670,7030,0,0,1,0,0
428791,7031,0,0,0,1,0
428885,7032,0,0,0,1,0
428968,7033,0,0,0,1,0
429058,7034,0,0,0,1,0
429160,7035,0,0,0,1,0
429260,7036,0,0,0,1,0
429371,7037,0,0,0,1,0
429423,7038,0,0,1,0,0
429516,7039,0,0,0,1,0
429611,7040,0,0,0,1,0
429720,7041,0,0,0,1,0
429724,7042,0,0,1,0,0
429821,7043,0,0,1,0,0
429920,7044,0,0,0,1,0
430132,7045,0,0,0,1,0
430265,7046,0,0,0,1,0
430283,7047,0,0,1,0,0
430413,7048,0,0,0,1,0
430469,7049,0,0,1,0,0
430473,7050,1,0,0,0,0
430506,7051,0,0,1,0,0
430545,7052,0,0,1,0,0
430650,7053,0,0,1,0,0
430730,7054,0,0,1,0,0
430756,7055,0,0,1,0,0
430846,7056,0,0,0,1,0
430956,7057,0,0,0,1,0
430970,7058,0,0,1,0,0
431109,7059,0,0,0,1,0
431250,7060,0,0,0,1,0
431353,7061,0,0,0,1,0
431464,7062,0,0,1,0,0
431587,7063,0,0,0,1,0
431753,7064,0,0,0,1,0
432115,7065,0,0,1,0,0
432166,7066,0,0,1,0,0
432265,7067,0,0,1,0,0
432312,7068,0,0,1,0,0
432443,7069,0,0,0,1,0
432568,7070,0,0,0,1,0
432701,7071,0,0,0,1,0
432994,7072,0,0,0,1,0
433141,7073,0,0,0,1,0
433295,7074,0,0,0,1,0
433419,7075,0,0,1,0,0
433559,7076,0,0,0,1,0
433585,7077,0,0,1,0,0
433700,7078,0,0,0,1,0
433842,7079,0,0,0,1,0
433953,7080,0,0,0,1,0
434072,7081,0,0,0,1,0
434178,7082,0,0,0,1,0
434191,7083,0,0,1,0,0
434339,7084,0,0,0,1,0
434454,7085,0,0,0,1,0
434579,7086,0,0,0,1,0
434706,7087,0,0,0,1,0
434827,7088,0,0,0,1,0
434925,7089,0,0,1,0,0
435054,7090,0,0,0,1,0
435125,7091,0,0,1,0,0
435217,7092,0,0,1,0,0
435333,7093,0,0,0,1,0
435441,7094,0,0,0,1,0
435542,7095,0,0,1,0,0
435640,7096,0,0,0,1,0
435768,7097,0,0,0,1,0
435886,7098,0,0,0,1,0
435968,7099,0,0,1,0,0
436095,7100,0,0,0,1,0
436448,7101,0,0,0,1,0
436576,7102,0,0,0,1,0
436665,7103,0,0,0,1,0
436796,7104,0,0,0,1,0
436799,7105,0,0,1,0,0
436912,7106,0,0,0,1,0
437026,7107,0,0,0,1,0
437156,7108,0,0,0,1,0
437295,7109,0,0,0,1,0
437381,7110,0,0,1,0,0
437506,7111,0,0,0,1,0
437637,7112,0,0,0,1,0
437779,7113,0,0,0,1,0
437900,7114,0,0,0,1,0
438067,7115,0,0,1,0,0
438155,7116,0,0,1,0,0
438306,7117,0,0,0,1,0
438429,7118,0,0,0,1,0
438473,7119,0,0,1,0,0
438616,7120,0,0,0,1,0
438753,7121,0,0,0,1,0
438757,7122,1,0,0,0,0
438900,7123,0,0,0,1,0
439073,7124,0,0,0,1,0
439371,7125,0,0,0,1,0
439445,7126,0,0,1,0,0
439467,7127,0,0,1,0,0
439609,7128,0,0,0,1,0
439768,7129,0,0,0,1,0
440121,7130,0,0,0,1,0
440241,7131,0,0,0,1,0
440283,7132,0,0,1,0,0
440425,7133,0,0,0,1,0
440557,7134,0,0,0,1,0
440691,7135,0,0,0,1,0
440818,7136,0,0,0,1,0
440838,7137,0,0,1,0,0
440979,7138,0,0,0,1,0
441042,7139,0,0,1,0,0
441164,7140,0,0,0,1,0
441265,7141,0,0,0,1,0
441364,7142,0,0,0,1,0
441384,7143,0,0,1,0,0
441394,7144,0,0,1,0,0
441396,7145,1,0,0,0,0
441505,7146,0,0,0,1,0
441622,7147,0,0,0,1,0
441741,7148,0,0,0,1,0
441825,7149,0,0,0,1,0
441938,7150,0,0,0,1,0
442286,7151,0,0,0,1,0
442431,7152,0,0,0,1,0
442519,7153,0,0,1,0,0
442596,7154,1,0,0,0,0
442701,7155,0,0,0,1,0
442812,7156,0,0,0,1,0
443047,7157,0,0,0,1,0
443184,7158,0,0,0,1,0
443302,7159,0,0,0,1,0
443332,7160,0,0,1,0,0
443465,7161,0,0,0,1,0
443572,7162,0,0,0,1,0
443653,7163,0,0,1,0,0
443748,7164,0,0,0,1,0
443780,7165,0,0,1,0,0
443796,7166,0,0,1,0,0
443918,7167,0,0,0,1,0
444029,7168,0,0,0,1,0
444095,7169,0,0,1,0,0
444195,7170,0,0,0,1,0
444308,7171,0,0,0,1,0
444434,7172,0,0,0,1,0
444568,7173,0,0,0,1,0
444716,7174,0,0,0,1,0
444839,7175,0,0,0,1,0
444933,7176,0,0,0,1,0
445084,7177,0,0,0,1,0
445094,7178,0,0,1,0,0
445114,7179,0,0,1,0,0
445231,7180,0,0,0,1,0
445345,7181,0,0,1,0,0
445463,7182,0,0,0,1,0
445587,7183,0,0,0,1,0
445701,7184,0,0,0,1,0
445824,7185,0,0,0,1,0
445916,7186,0,0,0,1,0
445930,7187,0,0,1,0,0
446048,7188,0,0,0,1,0
446156,7189,0,0,0,1,0
446274,7190,0,0,0,1,0
446358,7191,0,0,1,0,0
446466,7192,0,0,0,1,0
446570,7193,0,0,0,1,0
446692,7194,0,0,0,1,0
446807,7195,0,0,0,1,0
446957,7196,0,0,0,1,0
447044,7197,0,0,0,1,0
447172,7198,0,0,0,1,0
447206,7199,0,0,1,0,0
447335,7200,0,0,0,1,0
447440,7201,0,0,0,1,0
447555,7202,0,0,0,1,0
447667,7203,0,0,0,1,0
447787,7204,0,0,0,1,0
447793,7205,0,0,1,0,0
447808,7206,0,0,1,0,0
447901,7207,0,0,0,1,0
447913,7208,0,0,1,0,0
448012,7209,0,0,0,1,0
448102,7210,0,0,0,1,0
448185,7211,0,0,0,1,0
448196,7212,0,0,1,0,0
448287,7213,0,0,0,1,0
448370,7214,0,0,0,1,0
448420,7215,0,0,1,0,0
448507,7216,0,0,0,1,0
448608,7217,0,0,0,1,0
448612,7218,0,0,1,0,0
448717,7219,0,0,0,1,0
448848,7220,0,0,0,1,0
448969,7221,0,0,0,1,0
449100,7222,0,0,0,1,0
449189,7223,0,0,1,0,0
449320,7224,0,0,0,1,0
449403,7225,0,0,0,1,0
449547,7226,0,0,0,1,0
449632,7227,0,0,1,0,0
449683,7228,0,0,1,0,0
449783,7229,0,0,0,1,0
449918,7230,0,0,1,0,0
449934,7231,0,0,1,0,0
450052,7232,0,0,0,1,0
450162,7233,0,0,0,1,0
450246,7234,0,0,1,0,0
450274,7235,0,0,1,0,0
450405,7236,0,0,0,1,0
450464,7237,0,0,1,0,0
450466,7238,0,0,1,0,0
450599,7239,0,0,0,1,0
450620,7240,0,0,1,0,0
450715,7241,0,0,0,1,0
450828,7242,0,0,0,1,0
450867,7243,0,0,1,0,0
450973,7244,0,0,0,1,0
451096,7245,0,0,0,1,0
451098,7246,0,0,1,0,0
451221,7247,0,0,0,1,0
451366,7248,0,0,0,1,0
451508,7249,0,0,0,1,0
451640,7250,0,0,0,1,0
451754,7251,0,0,0,1,0
451850,7252,0,0,0,1,0
451949,7253,0,0,0,1,0
452053,7254,0,0,0,1,0
452195,7255,0,0,0,1,0
452306,7256,0,0,0,1,0
452388,7257,0,0,1,0,0
452399,7258,0,0,1,0,0
452545,7259,0,0,0,1,0
452674,7260,0,0,0,1,0
452804,7261,0,0,0,1,0
452931,7262,0,0,1,0,0
453064,7263,0,0,0,1,0
453184,7264,0,0,0,1,0
453207,7265,0,0,1,0,0
453303,7266,0,0,0,1,0
453407,7267,0,0,0,1,0
453512,7268,0,0,0,1,0
453646,7269,0,0,0,1,0
453759,7270,0,0,0,1,0
453814,7271,0,0,1,0,0
453940,7272,0,0,0,1,0
454051,7273,0,0,1,0,0
454150,7274,0,0,0,1,0
454275,7275,0,0,0,1,0
454389,7276,0,0,0,1,0
454504,7277,0,0,0,1,0
454642,7278,0,0,1,0,0
454718,7279,0,0,1,0,0
454815,7280,0,0,0,1,0
454830,7281,0,0,1,0,0
454953,7282,0,0,0,1,0
454977,7283,0,0,1,0,0
455073,7284,0,0,0,1,0
455123,7285,0,0,1,0,0
455229,7286,0,0,1,0,0
455325,7287,0,0,0,1,0
455444,7288,0,0,0,1,0
455553,7289,0,0,0,1,0
455590,7290,0,0,1,0,0
455695,7291,0,0,0,1,0
455800,7292,0,0,0,1,0
455929,7293,0,0,0,1,0
456084,7294,0,0,0,1,0
456182,7295,0,0,0,1,0
456310,7296,0,0,0,1,0
456434,7297,0,0,0,1,0
456481,7298,0,0,1,0,0
456529,7299,0,0,1,0,0
456633,7300,0,0,0,1,0
456760,7301,0,0,0,1,0
456894,7302,0,0,0,1,0
456952,7303,0,0,1,0,0
457056,7304,0,0,0,1,0
457091,7305,0,0,1,0,0
457122,7306,0,0,1,0,0
457247,7307,0,0,0,1,0
457350,7308,0,0,0,1,0
457450,7309,0,0,0,1,0
457548,7310,0,0,0,1,0
457669,7311,0,0,0,1,0
457677,7312,1,0,0,0,0
457747,7313,0,0,1,0,0
457848,7314,0,0,0,1,0
457983,7315,0,0,0,1,0
458222,7316,0,0,0,1,0
458345,7317,0,0,0,1,0
458457,7318,0,0,1,0,0
458600,7319,0,0,0,1,0
458603,7320,0,0,1,0,0
458728,7321,0,0,0,1,0
458733,7322,1,0,0,0,0
458838,7323,0,0,0,1,0
459113,7324,0,0,1,0,0
459209,7325,0,0,1,0,0
459436,7326,0,0,1,0,0
459448,7327,0,0,1,0,0
459610,7328,0,0,0,1,0
459754,7329,0,0,0,1,0
459867,7330,0,0,0,1,0
460027,7331,0,0,0,1,0
460078,7332,0,0,1,0,0
460113,7333,0,0,1,0,0
460232,7334,0,0,0,1,0
460518,7335,0,0,1,0,0
460668,7336,0,0,0,1,0
460807,7337,0,0,0,1,0
460931,7338,0,0,0,1,0
461030,7339,0,0,0,1,0
461143,7340,0,0,0,1,0
461258,7341,0,0,0,1,0
461326,7342,0,0,1,0,0
461421,7343,0,0,0,1,0
461540,7344,0,0,0,1,0
461653,7345,0,0,0,1,0
461716,7346,0,0,1,0,0
461767,7347,0,0,1,0,0
461831,7348,0,0,1,0,0
461962,7349,0,0,0,1,0
462132,7350,0,0,0,1,0
462261,7351,0,0,0,1,0
462355,7352,0,0,0,1,0
462499,7353,0,0,0,1,0
462571,7354,0,0,1,0,0
462781,7355,0,0,1,0,0
462899,7356,0,0,0,1,0
463031,7357,0,0,0,1,0
463151,7358,0,0,0,1,0
463271,7359,0,0,0,1,0
463275,7360,0,0,1,0,0
463409,7361,0,0,0,1,0
463501,7362,0,0,0,1,0
463589,7363,0,0,1,0,0
463676,7364,0,0,0,1,0
463761,7365,0,0,1,0,0
463947,7366,0,0,0,1,0
464097,7367,0,0,0,1,0
464177,7368,0,0,1,0,0
464303,7369,0,0,0,1,0
464404,7370,0,0,0,1,0
464503,7371,0,0,0,1,0
464639,7372,0,0,0,1,0
464659,7373,0,0,1,0,0
464684,7374,0,0,1,0,0
464809,7375,0,0,1,0,0
464907,7376,0,0,1,0,0
465043,7377,0,0,0,1,0
465071,7378,0,0,1,0,0
465085,7379,0,0,1,0,0
465211,7380,0,0,0,1,0
465214,7381,0,0,1,0,0
465266,7382,0,0,1,0,0
465411,7383,0,0,1,0,0
465425,7384,0,0,1,0,0
465552,7385,0,0,0,1,0
465622,7386,0,0,1,0,0
465663,7387,0,0,1,0,0
465669,7388,0,0,1,0,0
465733,7389,0,0,1,0,0
465856,7390,0,0,1,0,0
465897,7391,0,0,1,0,0
466035,7392,0,0,0,1,0
466073,7393,0,0,1,0,0
466168,7394,0,0,1,0,0
466297,7395,0,0,0,1,0
466397,7396,0,0,0,1,0
466431,7397,0,0,1,0,0
466547,7398,0,0,0,1,0
466646,7399,0,0,0,1,0
466728,7400,0,0,1,0,0
466838,7401,0,0,0,1,0
466975,7402,0,0,0,1,0
466997,7403,0,0,1,0,0
467085,7404,0,0,1,0,0
467131,7405,0,0,1,0,0
467263,7406,0,0,0,1,0
467385,7407,0,0,0,1,0
467458,7408,0,0,1,0,0
467587,7409,0,0,0,1,0
467730,7410,0,0,0,1,0
467771,7411,0,0,1,0,0
467877,7412,0,0,0,1,0
467903,7413,0,0,1,0,0
468011,7414,0,0,1,0,0
468029,7415,0,0,1,0,0
468125,7416,0,0,1,0,0
468219,7417,0,0,0,1,0
468352,7418,0,0,0,1,0
468584,7419,0,0,0,1,0
468670,7420,0,0,0,1,0
468802,7421,0,0,0,1,0
468916,7422,0,0,0,1,0
469004,7423,0,0,1,0,0
469074,7424,0,0,1,0,0
469095,7425,0,0,1,0,0
469175,7426,0,0,1,0,0
469300,7427,0,0,0,1,0
469310,7428,0,0,1,0,0
469431,7429,0,0,0,1,0
469464,7430,0,0,1,0,0
469539,7431,0,0,1,0,0
469684,7432,0,0,0,1,0
469788,7433,0,0,1,0,0
469810,7434,0,0,1,0,0
469814,7435,0,0,1,0,0
469921,7436,0,0,0,1,0
469995,7437,0,0,1,0,0
470043,7438,0,0,1,0,0
470118,7439,0,0,1,0,0
470267,7440,0,0,0,1,0
470382,7441,0,0,0,1,0
470437,7442,0,0,1,0,0
470547,7443,0,0,0,1,0
470639,7444,0,0,0,1,0
470684,7445,0,0,1,0,0
470685,7446,0,0,1,0,0
470792,7447,0,0,0,1,0
470886,7448,0,0,0,1,0
471005,7449,0,0,0,1,0
471100,7450,0,0,1,0,0
471200,7451,0,0,0,1,0
471335,7452,0,0,0,1,0
471476,7453,0,0,0,1,0
471589,7454,0,0,0,1,0
471710,7455,0,0,0,1,0
471825,7456,0,0,1,0,0
471922,7457,0,0,1,0,0
472044,7458,0,0,0,1,0
472181,7459,0,0,0,1,0
472325,7460,0,0,0,1,0
472371,7461,0,0,1,0,0
472490,7462,0,0,0,1,0
472601,7463,0,0,0,1,0
472731,7464,0,0,0,1,0
472789,7465,0,0,1,0,0
472957,7466,0,0,0,1,0
473008,7467,0,0,1,0,0
473139,7468,0,0,0,1,0
473152,7469,0,0,1,0,0
473289,7470,0,0,1,0,0
473407,7471,0,0,0,1,0
473501,7472,0,0,0,1,0
473518,7473,0,0,1,0,0
473536,7474,0,0,1,0,0
473615,7475,0,0,1,0,0
473731,7476,0,0,0,1,0
473839,7477,0,0,1,0,0
473960,7478,0,0,1,0,0
474087,7479,0,0,0,1,0
474173,7480,0,0,0,1,0
474264,7481,0,0,0,1,0
474385,7482,0,0,0,1,0
474442,7483,0,0,1,0,0
474501,7484,0,0,1,0,0
474643,7485,0,0,0,1,0
474720,7486,0,0,1,0,0
474736,7487,0,0,1,0,0
474840,7488,0,0,0,1,0
474949,7489,0,0,0,1,0
475063,7490,0,0,0,1,0
475167,7491,0,0,0,1,0
475174,7492,0,0,1,0,0
475310,7493,0,0,0,1,0
475408,7494,0,0,0,1,0
475531,7495,0,0,0,1,0
475621,7496,0,0,0,1,0
475720,7497,0,0,0,1,0
475856,7498,0,0,0,1,0
475956,7499,0,0,0,1,0
476048,7500,0,0,0,1,0
476155,7501,0,0,0,1,0
476294,7502,0,0,1,0,0
476413,7503,0,0,0,1,0
476518,7504,0,0,0,1,0
476636,7505,0,0,0,1,0
476778,7506,0,0,0,1,0
476821,7507,0,0,1,0,0
476853,7508,0,0,1,0,0
476861,7509,0,0,1,0,0
476998,7510,0,0,0,1,0
477135,7511,0,0,0,1,0
477258,7512,0,0,0,1,0
477326,7513,0,0,1,0,0
477349,7514,0,0,1,0,0
477357,7515,0,0,1,0,0
477366,7516,0,0,1,0,0
477370,7517,0,0,1,0,0
477474,7518,0,0,0,1,0
477579,7519,0,0,0,1,0
477711,7520,0,0,0,1,0
477804,7521,0,0,0,1,0
477908,7522,0,0,0,1,0
478004,7523,0,0,0,1,0
478053,7524,0,0,1,0,0
478070,7525,0,0,1,0,0
478163,7526,0,0,1,0,0
478176,7527,0,0,1,0,0
478268,7528,0,0,0,1,0
478314,7529,0,0,1,0,0
478348,7530,1,0,0,0,0
478445,7531,0,0,0,1,0
478548,7532,0,0,0,1,0
478636,7533,0,0,1,0,0
478756,7534,0,0,0,1,0
478870,7535,0,0,0,1,0
478981,7536,0,0,0,1,0
479118,7537,0,0,0,1,0
479180,7538,0,0,1,0,0
479276,7539,0,0,0,1,0
479408,7540,0,0,1,0,0
479529,7541,0,0,0,1,0
479658,7542,0,0,0,1,0
479746,7543,0,0,1,0,0
479846,7544,0,0,0,1,0
479941,7545,0,0,0,1,0
480054,7546,0,0,0,1,0
480163,7547,0,0,0,1,0
480254,7548,0,0,0,1,0
480351,7549,0,0,0,1,0
480444,7550,0,0,1,0,0
480543,7551,0,0,0,1,0
480661,7552,0,0,0,1,0
480768,7553,0,0,0,1,0
480871,7554,0,0,0,1,0
480951,7555,0,0,1,0,0
481093,7556,0,0,0,1,0
481099,7557,1,0,0,0,0
481236,7558,0,0,0,1,0
481329,7559,0,0,0,1,0
481438,7560,0,0,0,1,0
481459,7561,0,0,1,0,0
481511,7562,0,0,1,0,0
481568,7563,0,0,1,0,0
481626,7564,0,0,1,0,0
481630,7565,0,0,1,0,0
481755,7566,0,0,0,1,0
481872,7567,0,0,0,1,0
482009,7568,0,0,0,1,0
482126,7569,0,0,0,1,0
482213,7570,0,0,0,1,0
482259,7571,0,0,1,0,0
482386,7572,0,0,0,1,0
482424,7573,0,0,1,0,0
482857,7574,0,0,0,1,0
483052,7575,0,0,0,1,0
483187,7576,0,0,0,1,0
483267,7577,0,0,0,1,0
483392,7578,0,0,0,1,0
483436,7579,0,0,1,0,0
483560,7580,0,0,0,1,0
483614,7581,0,0,1,0,0
483736,7582,0,0,0,1,0
483873,7583,0,0,0,1,0
484012,7584,0,0,0,1,0
484120,7585,0,0,1,0,0
484219,7586,0,0,0,1,0
484314,7587,0,0,1,0,0
484428,7588,0,0,0,1,0
484542,7589,0,0,0,1,0
484637,7590,0,0,0,1,0
484723,7591,0,0,1,0,0
484745,7592,0,0,1,0,0
484880,7593,0,0,0,1,0
485005,7594,0,0,0,1,0
485134,7595,0,0,0,1,0
485268,7596,0,0,0,1,0
485291,7597,0,0,1,0,0
485413,7598,0,0,1,0,0
485432,7599,0,0,1,0,0
485559,7600,0,0,0,1,0
485669,7601,0,0,0,1,0
485788,7602,0,0,0,1,0
485874,7603,0,0,1,0,0
485969,7604,0,0,0,1,0
486078,7605,0,0,0,1,0
486215,7606,0,0,0,1,0
486295,7607,0,0,1,0,0
486447,7608,0,0,0,1,0
486466,7609,0,0,1,0,0
486587,7610,0,0,0,1,0
486661,7611,0,0,1,0,0
486785,7612,0,0,0,1,0
486898,7613,0,0,0,1,0
486904,7614,1,0,0,0,0
487002,7615,0,0,1,0,0
487120,7616,0,0,0,1,0
487159,7617,0,0,1,0,0
487258,7618,0,0,0,1,0
487283,7619,0,0,1,0,0
487425,7620,0,0,0,1,0
487551,7621,0,0,0,1,0
487656,7622,0,0,0,1,0
487745,7623,0,0,0,1,0
487846,7624,0,0,1,0,0
487937,7625,0,0,0,1,0
488043,7626,0,0,0,1,0
488093,7627,0,0,1,0,0
488264,7628,0,0,0,1,0
488274,7629,0,0,1,0,0
488324,7630,0,0,1,0,0
488434,7631,0,0,0,1,0
488632,7632,0,0,0,1,0
488642,7633,0,0,1,0,0
488768,7634,0,0,0,1,0
488888,7635,0,0,1,0,0
488902,7636,0,0,1,0,0
489034,7637,0,0,0,1,0
489134,7638,0,0,0,1,0
489154,7639,0,0,1,0,0
489216,7640,0,0,1,0,0
489328,7641,0,0,0,1,0
489424,7642,0,0,0,1,0
489548,7643,0,0,0,1,0
489551,7644,1,0,0,0,0
489634,7645,0,0,0,1,0
489742,7646,0,0,0,1,0
489758,7647,0,0,1,0,0
489874,7648,0,0,0,1,0
489987,7649,0,0,0,1,0
490041,7650,0,0,1,0,0
490148,7651,0,0,1,0,0
490239,7652,0,0,1,0,0
490337,7653,0,0,1,0,0
490457,7654,0,0,0,1,0
490587,7655,0,0,0,1,0
490727,7656,0,0,0,1,0
490781,7657,0,0,1,0,0
490920,7658,0,0,0,1,0
491021,7659,0,0,0,1,0
491150,7660,0,0,0,1,0
491242,7661,0,0,0,1,0
491289,7662,0,0,1,0,0
491314,7663,0,0,1,0,0
491403,7664,0,0,0,1,0
491531,7665,0,0,0,1,0
491635,7666,0,0,0,1,0
491761,7667,0,0,0,1,0
491869,7668,0,0,0,1,0
491910,7669,0,0,1,0,0
491964,7670,0,0,1,0,0
492066,7671,0,0,1,0,0
492140,7672,0,0,1,0,0
492256,7673,0,0,0,1,0
492355,7674,0,0,1,0,0
492444,7675,0,0,0,1,0
492561,7676,0,0,0,1,0
492672,7677,0,0,0,1,0
492814,7678,0,0,0,1,0
492907,7679,0,0,1,0,0
493027,7680,0,0,0,1,0
493156,7681,0,0,0,1,0
493291,7682,0,0,0,1,0
493430,7683,0,0,0,1,0
493484,7684,0,0,1,0,0
493612,7685,0,0,0,1,0
493774,7686,0,0,0,1,0
493901,7687,0,0,0,1,0
493928,7688,0,0,1,0,0
493952,7689,0,0,1,0,0
494075,7690,0,0,0,1,0
494085,7691,0,0,1,0,0
494088,7692,0,0,1,0,0
494202,7693,0,0,0,1,0
494224,7694,0,0,1,0,0
494372,7695,0,0,0,1,0
494491,7696,0,0,0,1,0
494624,7697,0,0,0,1,0
494692,7698,0,0,1,0,0
494809,7699,0,0,1,0,0
494856,7700,0,0,1,0,0
494957,7701,0,0,0,1,0
495076,7702,0,0,0,1,0
495144,7703,0,0,1,0,0
495272,7704,0,0,0,1,0
495356,7705,0,0,0,1,0
495497,7706,0,0,0,1,0
495621,7707,0,0,0,1,0
495741,7708,0,0,0,1,0
495855,7709,0,0,0,1,0
495963,7710,0,0,0,1,0
496080,7711,0,0,0,1,0
496210,7712,0,0,0,1,0
496214,7713,0,0,1,0,0
496250,7714,0,0,1,0,0
496370,7715,0,0,0,1,0
496451,7716,0,0,1,0,0
496465,7717,0,0,1,0,0
496566,7718,0,0,0,1,0
496593,7719,0,0,1,0,0
496713,7720,0,0,0,1,0
496824,7721,0,0,0,1,0
496826,7722,0,0,1,0,0
496903,7723,0,0,1,0,0
496926,7724,0,0,1,0,0
496989,7725,0,0,1,0,0
496997,7726,0,0,1,0,0
497028,7727,0,0,1,0,0
497143,7728,0,0,0,1,0
497264,7729,0,0,0,1,0
497366,7730,0,0,0,1,0
497508,7731,0,0,0,1,0
497593,7732,0,0,1,0,0
497601,7733,0,0,1,0,0
497750,7734,0,0,1,0,0
497960,7735,0,0,1,0,0
498059,7736,0,0,0,1,0
498084,7737,0,0,1,0,0
498093,7738,0,0,1,0,0
498096,7739,0,0,1,0,0
498226,7740,0,0,0,1,0
498361,7741,0,0,0,1,0
498479,7742,0,0,0,1,0
498586,7743,0,0,0,1,0
498684,7744,0,0,0,1,0
498771,7745,0,0,0,1,0
498876,7746,0,0,0,1,0
498981,7747,0,0,0,1,0
499088,7748,0,0,0,1,0
499228,7749,0,0,0,1,0
499329,7750,0,0,0,1,0
499419,7751,0,0,0,1,0
499444,7752,0,0,1,0,0
499504,7753,0,0,1,0,0
499642,7754,0,0,0,1,0
499741,7755,0,0,0,1,0
499777,7756,0,0,1,0,0
499873,7757,0,0,0,1,0
499941,7758,0,0,1,0,0
500037,7759,0,0,0,1,0
500138,7760,0,0,0,1,0
500159,7761,0,0,1,0,0
500291,7762,0,0,0,1,0
500352,7763,0,0,1,0,0
500390,7764,0,0,1,0,0
500489,7765,0,0,0,1,0
500576,7766,0,0,0,1,0
500616,7767,0,0,1,0,0
500638,7768,0,0,1,0,0
500771,7769,0,0,0,1,0
500877,7770,0,0,0,1,0
500933,7771,0,0,1,0,0
501000,7772,0,0,1,0,0
501066,7773,0,0,1,0,0
501128,7774,0,0,1,0,0
501271,7775,0,0,0,1,0
501353,7776,0,0,1,0,0
501463,7777,0,0,0,1,0
501548,7778,0,0,1,0,0
501569,7779,0,0,1,0,0
501698,7780,0,0,0,1,0
501841,7781,0,0,0,1,0
501868,7782,0,0,1,0,0
501990,7783,0,0,0,1,0
502072,7784,0,0,1,0,0
502132,7785,0,0,1,0,0
502168,7786,0,0,1,0,0
502296,7787,0,0,0,1,0
502405,7788,0,0,0,1,0
502525,7789,0,0,0,1,0
502589,7790,0,0,1,0,0
502687,7791,0,0,0,1,0
502824,7792,0,0,0,1,0
502951,7793,0,0,0,1,0
503089,7794,0,0,0,1,0
503124,7795,0,0,1,0,0
503335,7796,0,0,1,0,0
503457,7797,0,0,0,1,0
503511,7798,0,0,1,0,0
503647,7799,0,0,0,1,0
503693,7800,0,0,1,0,0
503749,7801,0,0,1,0,0
503867,7802,0,0,0,1,0
503901,7803,0,0,1,0,0
504046,7804,0,0,0,1,0
504116,7805,0,0,1,0,0
504233,7806,0,0,0,1,0
504375,7807,0,0,0,1,0
504473,7808,0,0,0,1,0
504717,7809,0,0,1,0,0
504897,7810,0,0,0,1,0
504936,7811,0,0,1,0,0
504949,7812,0,0,1,0,0
504987,7813,0,0,1,0,0
505095,7814,0,0,0,1,0
505223,7815,0,0,0,1,0
505329,7816,0,0,0,1,0
505336,7817,0,0,1,0,0
505363,7818,0,0,1,0,0
505393,7819,0,0,1,0,0
505416,7820,0,0,1,0,0
505447,7821,0,0,1,0,0
505462,7822,0,0,1,0,0
505566,7823,0,0,0,1,0
505698,7824,0,0,0,1,0
505795,7825,0,0,0,1,0
505821,7826,0,0,1,0,0
505840,7827,0,0,1,0,0
505966,7828,0,0,0,1,0
506109,7829,0,0,0,1,0
506241,7830,0,0,0,1,0
506373,7831,0,0,0,1,0
506471,7832,0,0,0,1,0
506587,7833,0,0,0,1,0
506710,7834,0,0,0,1,0
506787,7835,0,0,1,0,0
506927,7836,0,0,1,0,0
507028,7837,0,0,0,1,0
507154,7838,0,0,0,1,0
507244,7839,0,0,0,1,0
507363,7840,0,0,1,0,0
507495,7841,0,0,0,1,0
507585,7842,0,0,1,0,0
507703,7843,0,0,1,0,0
507779,7844,0,0,1,0,0
507878,7845,0,0,1,0,0
508033,7846,0,0,0,1,0
508172,7847,0,0,0,1,0
508260,7848,0,0,0,1,0
508395,7849,0,0,0,1,0
508442,7850,0,0,1,0,0
508586,7851,0,0,0,1,0
508708,7852,0,0,0,1,0
508809,7853,0,0,1,0,0
508885,7854,0,0,1,0,0
508976,7855,0,0,1,0,0
509036,7856,0,0,1,0,0
509080,7857,0,0,1,0,0
509193,7858,0,0,0,1,0
509288,7859,0,0,0,1,0
509359,7860,0,0,1,0,0
509460,7861,0,0,0,1,0
509588,7862,0,0,0,1,0
509685,7863,0,0,0,1,0
509805,7864,0,0,0,1,0
509946,7865,0,0,0,1,0
510082,7866,0,0,0,1,0
510100,7867,0,0,1,0,0
510234,7868,0,0,0,1,0
510251,7869,0,0,1,0,0
510302,7870,0,0,1,0,0
510412,7871,0,0,0,1,0
510510,7872,0,0,0,1,0
510549,7873,0,0,1,0,0
510658,7874,0,0,0,1,0
510790,7875,0,0,0,1,0
510831,7876,0,0,1,0,0
510935,7877,0,0,0,1,0
510956,7878,0,0,1,0,0
511080,7879,0,0,0,1,0
511229,7880,0,0,0,1,0
511234,7881,1,0,0,0,0
511242,7882,0,0,1,0,0
511349,7883,0,0,0,1,0
511461,7884,0,0,0,1,0
511553,7885,0,0,0,1,0
511664,7886,0,0,1,0,0
511780,7887,0,0,0,1,0
511801,7888,1,0,0,0,0
511923,7889,0,0,0,1,0
512037,7890,0,0,0,1,0
512129,7891,0,0,1,0,0
512252,7892,0,0,0,1,0
512350,7893,0,0,0,1,0
512442,7894,0,0,0,1,0
512445,7895,0,0,1,0,0
512552,7896,0,0,0,1,0
512559,7897,0,0,1,0,0
512694,7898,0,0,0,1,0
512809,7899,0,0,0,1,0
512910,7900,0,0,0,1,0
512952,7901,0,0,1,0,0
513060,7902,0,0,1,0,0
513212,7903,0,0,1,0,0
513331,7904,0,0,0,1,0
513453,7905,0,0,0,1,0
513574,7906,0,0,0,1,0
513685,7907,0,0,0,1,0
513772,7908,0,0,0,1,0
513855,7909,0,0,1,0,0
513991,7910,0,0,0,1,0
514118,7911,0,0,0,1,0
514234,7912,0,0,0,1,0
514373,7913,0,0,0,1,0
514440,7914,0,0,1,0,0
514460,7915,0,0,1,0,0
514581,7916,0,0,0,1,0
514737,7917,0,0,0,1,0
514881,7918,0,0,0,1,0
514929,7919,0,0,1,0,0
514978,7920,0,0,1,0,0
515067,7921,0,0,0,1,0
515209,7922,0,0,0,1,0
515327,7923,0,0,1,0,0
515455,7924,0,0,0,1,0
515476,7925,0,0,1,0,0
515625,7926,0,0,0,1,0
515702,7927,0,0,1,0,0
515839,7928,0,0,0,1,0
515964,7929,0,0,0,1,0
516097,7930,0,0,0,1,0
516232,7931,0,0,0,1,0
516318,7932,0,0,0,1,0
516433,7933,0,0,1,0,0
516445,7934,0,0,1,0,0
516525,7935,0,0,1,0,0
516551,7936,0,0,1,0,0
516669,7937,0,0,0,1,0
516792,7938,0,0,0,1,0
516927,7939,0,0,0,1,0
516987,7940,0,0,1,0,0
517107,7941,0,0,0,1,0
517212,7942,0,0,1,0,0
517291,7943,0,0,1,0,0
517298,7944,0,0,1,0,0
517467,7945,0,0,1,0,0
517491,7946,0,0,1,0,0
517624,7947,0,0,0,1,0
517803,7948,0,0,1,0,0
517928,7949,0,0,0,1,0
518008,7950,0,0,1,0,0
518018,7951,0,0,1,0,0
518142,7952,0,0,0,1,0
518235,7953,0,0,1,0,0
518363,7954,0,0,0,1,0
518495,7955,0,0,0,1,0
518603,7956,0,0,0,1,0
518730,7957,0,0,0,1,0
518867,7958,0,0,0,1,0
519013,7959,0,0,0,1,0
519107,7960,0,0,0,1,0
519204,7961,0,0,1,0,0
519352,7962,0,0,0,1,0
519478,7963,0,0,0,1,0
519604,7964,0,0,0,1,0
519628,7965,0,0,1,0,0
519652,7966,0,0,1,0,0
519664,7967,0,0,1,0,0
519778,7968,0,0,0,1,0
519782,7969,0,0,1,0,0
519886,7970,0,0,1,0,0
520011,7971,0,0,0,1,0
520098,7972,0,0,1,0,0
520209,7973,0,0,1,0,0
520301,7974,0,0,1,0,0
520395,7975,0,0,0,1,0
520474,7976,0,0,1,0,0
520527,7977,0,0,1,0,0
520531,7978,1,0,0,0,0
520631,7979,0,0,0,1,0
520654,7980,0,0,1,0,0
520715,7981,0,0,1,0,0
520753,7982,0,0,1,0,0
520894,7983,0,0,0,1,0
521007,7984,0,0,0,1,0
521125,7985,0,0,0,1,0
521236,7986,0,0,0,1,0
521262,7987,0,0,1,0,0
521369,7988,0,0,0,1,0
521473,7989,0,0,0,1,0
521574,7990,0,0,0,1,0
521626,7991,0,0,1,0,0
521636,7992,0,0,1,0,0
521689,7993,0,0,1,0,0
521846,7994,0,0,0,1,0
521946,7995,0,0,0,1,0
522084,7996,0,0,0,1,0
522146,7997,0,0,1,0,0
522260,7998,0,0,1,0,0
522366,7999,0,0,1,0,0
522479,8000,0,0,0,1,0
522586,8001,0,0,0,1,0
522608,8002,0,0,1,0,0
522711,8003,0,0,0,1,0
522766,8004,0,0,1,0,0
522799,8005,0,0,1,0,0
522895,8006,0,0,1,0,0
522900,8007,1,0,0,0,0
523028,8008,0,0,0,1,0
523148,8009,0,0,0,1,0
523153,8010,0,0,1,0,0
523220,8011,0,0,1,0,0
523337,8012,0,0,0,1,0
523383,8013,0,0,1,0,0
523532,8014,0,0,0,1,0
523659,8015,0,0,0,1,0
523664,8016,1,0,0,0,0
523780,8017,0,0,0,1,0
523930,8018,0,0,0,1,0
524040,8019,0,0,0,1,0
524179,8020,0,0,0,1,0
524294,8021,0,0,0,1,0
524399,8022,0,0,0,1,0
524459,8023,0,0,1,0,0
524488,8024,0,0,1,0,0
524609,8025,0,0,0,1,0
524732,8026,0,0,0,1,0
524858,8027,0,0,0,1,0
524977,8028,0,0,0,1,0
525073,8029,0,0,0,1,0
525201,8030,0,0,0,1,0
525305,8031,0,0,0,1,0
525423,8032,0,0,0,1,0
525425,8033,0,0,1,0,0
525498,8034,0,0,1,0,0
525618,8035,0,0,0,1,0
525715,8036,0,0,1,0,0
525829,8037,0,0,0,1,0
525915,8038,0,0,0,1,0
526014,8039,0,0,0,1,0
526167,8040,0,0,0,1,0
526281,8041,0,0,0,1,0
526359,8042,0,0,0,1,0
526396,8043,0,0,1,0,0
526508,8044,0,0,0,1,0
526608,8045,0,0,0,1,0
526737,8046,0,0,0,1,0
526854,8047,0,0,0,1,0
526984,8048,0,0,0,1,0
526998,8049,0,0,1,0,0
527027,8050,0,0,1,0,0
527165,8051,0,0,0,1,0
527183,8052,0,0,1,0,0
527189,8053,0,0,1,0,0
527292,8054,0,0,0,1,0
527411,8055,0,0,0,1,0
527508,8056,0,0,0,1,0
527608,8057,0,0,0,1,0
527723,8058,0,0,0,1,0
527817,8059,0,0,0,1,0
527921,8060,0,0,0,1,0
528014,8061,0,0,0,1,0
528098,8062,0,0,0,1,0
528207,8063,0,0,0,1,0
528320,8064,0,0,0,1,0
528401,8065,0,0,0,1,0
528485,8066,0,0,0,1,0
528576,8067,0,0,0,1,0
528681,8068,0,0,0,1,0
528791,8069,0,0,0,1,0
528905,8070,0,0,0,1,0
529025,8071,0,0,0,1,0
529145,8072,0,0,0,1,0
529182,8073,0,0,1,0,0
529315,8074,0,0,0,1,0
529337,8075,0,0,1,0,0
529417,8076,0,0,1,0,0
529470,8077,0,0,1,0,0
529587,8078,0,0,0,1,0
529715,8079,0,0,0,1,0
529852,8080,0,0,0,1,0
529967,8081,0,0,0,1,0
530037,8082,0,0,1,0,0
530169,8083,0,0,0,1,0
530206,8084,0,0,1,0,0
530333,8085,0,0,0,1,0
530469,8086,0,0,0,1,0
530573,8087,0,0,0,1,0
530678,8088,0,0,0,1,0
530789,8089,0,0,0,1,0
530884,8090,0,0,0,1,0
530946,8091,0,0,1,0,0
531000,8092,0,0,1,0,0
531113,8093,0,0,0,1,0
531280,8094,0,0,0,1,0
531431,8095,0,0,0,1,0
531448,8096,0,0,1,0,0
531554,8097,0,0,0,1,0
531632,8098,0,0,1,0,0
531637,8099,0,0,1,0,0
531724,8100,0,0,1,0,0
531763,8101,0,0,1,0,0
531875,8102,0,0,0,1,0
531999,8103,0,0,0,1,0
532114,8104,0,0,0,1,0
532222,8105,0,0,1,0,0
532246,8106,0,0,1,0,0
532266,8107,0,0,1,0,0
532375,8108,0,0,0,1,0
532500,8109,0,0,0,1,0
532505,8110,0,0,1,0,0
532607,8111,0,0,0,1,0
532741,8112,0,0,0,1,0
532841,8113,0,0,0,1,0
532964,8114,0,0,0,1,0
533098,8115,0,0,0,1,0
533197,8116,0,0,1,0,0
533297,8117,0,0,0,1,0
533423,8118,0,0,0,1,0
533540,8119,0,0,0,1,0
533609,8120,0,0,0,1,0
533745,8121,0,0,0,1,0
533854,8122,0,0,1,0,0
533965,8123,0,0,0,1,0
534043,8124,0,0,1,0,0
534146,8125,0,0,0,1,0
534266,8126,0,0,0,1,0
534304,8127,0,0,1,0,0
534426,8128,0,0,0,1,0
534540,8129,0,0,0,1,0
534597,8130,0,0,1,0,0
534694,8131,0,0,0,1,0
534782,8132,0,0,0,1,0
534920,8133,0,0,0,1,0
534983,8134,0,0,1,0,0
535082,8135,0,0,1,0,0
535191,8136,0,0,0,1,0
535289,8137,0,0,0,1,0
535407,8138,0,0,0,1,0
535508,8139,0,0,0,1,0
535523,8140,0,0,1,0,0
535535,8141,0,0,1,0,0
535548,8142,0,0,1,0,0
535567,8143,0,0,1,0,0
535676,8144,0,0,1,0,0
535799,8145,0,0,0,1,0
535930,8146,0,0,1,0,0
536042,8147,0,0,0,1,0
536129,8148,0,0,0,1,0
536216,8149,0,0,0,1,0
536336,8150,0,0,0,1,0
536450,8151,0,0,0,1,0
536563,8152,0,0,0,1,0
536672,8153,0,0,0,1,0
536756,8154,0,0,1,0,0
536845,8155,0,0,0,1,0
536945,8156,0,0,0,1,0
536947,8157,0,0,1,0,0
537027,8158,0,0,0,1,0
537115,8159,0,0,0,1,0
537216,8160,0,0,0,1,0
537328,8161,0,0,0,1,0
537411,8162,0,0,1,0,0
537527,8163,0,0,0,1,0
537630,8164,0,0,0,1,0
537743,8165,0,0,0,1,0
537759,8166,0,0,1,0,0
537885,8167,0,0,0,1,0
537998,8168,0,0,0,1,0
538099,8169,0,0,0,1,0
538201,8170,0,0,0,1,0
538332,8171,0,0,0,1,0
538471,8172,0,0,1,0,0
538563,8173,0,0,1,0,0
538706,8174,0,0,0,1,0
538855,8175,0,0,0,1,0
538957,8176,0,0,1,0,0
539042,8177,0,0,1,0,0
539145,8178,0,0,0,1,0
539151,8179,0,0,1,0,0
539250,8180,0,0,0,1,0
539294,8181,0,0,1,0,0
539405,8182,0,0,0,1,0
539433,8183,0,0,1,0,0
539558,8184,0,0,0,1,0
539663,8185,0,0,0,1,0
539777,8186,0,0,0,1,0
539779,8187,0,0,1,0,0
539878,8188,0,0,0,1,0
539978,8189,0,0,0,1,0
540074,8190,0,0,1,0,0
540146,8191,0,0,1,0,0
540267,8192,0,0,0,1,0
540395,8193,0,0,0,1,0
540467,8194,0,0,1,0,0
540595,8195,0,0,0,1,0
540708,8196,0,0,0,1,0
540797,8197,0,0,0,1,0
540899,8198,0,0,0,1,0
541099,8199,0,0,0,1,0
541171,8200,0,0,1,0,0
541317,8201,0,0,1,0,0
541439,8202,0,0,0,1,0
541495,8203,0,0,1,0,0
541607,8204,0,0,0,1,0
541670,8205,0,0,1,0,0
541780,8206,0,0,0,1,0
541910,8207,0,0,0,1,0
541998,8208,0,0,0,1,0
542108,8209,0,0,0,1,0
542127,8210,0,0,1,0,0
542244,8211,0,0,0,1,0
542389,8212,0,0,0,1,0
542421,8213,0,0,1,0,0
542537,8214,0,0,0,1,0
542555,8215,0,0,1,0,0
542663,8216,0,0,0,1,0
542777,8217,0,0,0,1,0
542876,8218,0,0,0,1,0
542980,8219,0,0,0,1,0
543097,8220,0,0,0,1,0
543197,8221,0,0,1,0,0
543300,8222,0,0,0,1,0
543384,8223,0,0,1,0,0
543508,8224,0,0,0,1,0
543521,8225,0,0,1,0,0
543534,8226,0,0,1,0,0
543658,8227,0,0,0,1,0
543806,8228,0,0,0,1,0
543853,8229,0,0,1,0,0
544010,8230,0,0,0,1,0
544047,8231,0,0,1,0,0
544138,8232,0,0,1,0,0
544288,8233,0,0,0,1,0
544420,8234,0,0,0,1,0
544561,8235,0,0,1,0,0
544686,8236,0,0,0,1,0
544793,8237,0,0,1,0,0
544903,8238,0,0,1,0,0
545031,8239,0,0,0,1,0
545113,8240,0,0,0,1,0
545249,8241,0,0,1,0,0
545395,8242,0,0,0,1,0
545479,8243,0,0,1,0,0
545607,8244,0,0,0,1,0
545734,8245,0,0,0,1,0
545860,8246,0,0,0,1,0
546003,8247,0,0,0,1,0
546115,8248,0,0,0,1,0
546203,8249,0,0,1,0,0
546319,8250,0,0,0,1,0
546427,8251,0,0,0,1,0
546511,8252,0,0,1,0,0
546615,8253,0,0,1,0,0
546713,8254,0,0,0,1,0
546804,8255,0,0,0,1,0
546845,8256,0,0,1,0,0
546941,8257,0,0,0,1,0
547054,8258,0,0,0,1,0
547191,8259,0,0,0,1,0
547320,8260,0,0,0,1,0
547416,8261,0,0,0,1,0
547426,8262,0,0,1,0,0
547445,8263,0,0,1,0,0
547501,8264,0,0,1,0,0
547623,8265,0,0,0,1,0
547645,8266,0,0,1,0,0
547770,8267,0,0,1,0,0
547895,8268,0,0,0,1,0
548008,8269,0,0,0,1,0
548017,8270,0,0,1,0,0
548031,8271,0,0,1,0,0
548148,8272,0,0,0,1,0
548257,8273,0,0,0,1,0
548381,8274,0,0,0,1,0
548472,8275,0,0,0,1,0
548575,8276,0,0,0,1,0
548729,8277,0,0,0,1,0
548864,8278,0,0,0,1,0
548968,8279,0,0,0,1,0
549092,8280,0,0,0,1,0
549182,8281,0,0,0,1,0
549292,8282,0,0,0,1,0
549320,8283,0,0,1,0,0
549423,8284,0,0,0,1,0
549456,8285,0,0,1,0,0
549565,8286,0,0,0,1,0
549690,8287,0,0,0,1,0
549827,8288,0,0,0,1,0
549942,8289,0,0,0,1,0
550070,8290,0,0,0,1,0
550175,8291,0,0,0,1,0
550275,8292,0,0,1,0,0
550403,8293,0,0,0,1,0
550540,8294,0,0,1,0,0
550562,8295,0,0,1,0,0
550569,8296,0,0,1,0,0
550625,8297,0,0,1,0,0
550742,8298,0,0,0,1,0
550871,8299,0,0,0,1,0
550994,8300,0,0,0,1,0
551097,8301,0,0,0,1,0
551227,8302,0,0,0,1,0
551307,8303,0,0,1,0,0
551319,8304,0,0,1,0,0
551441,8305,0,0,0,1,0
551464,8306,0,0,1,0,0
551594,8307,0,0,0,1,0
551598,8308,0,0,1,0,0
551737,8309,0,0,0,1,0
551827,8310,0,0,1,0,0
552031,8311,0,0,1,0,0
552120,8312,0,0,1,0,0
552255,8313,0,0,0,1,0
552295,8314,0,0,1,0,0
552369,8315,0,0,1,0,0
552415,8316,0,0,1,0,0
552480,8317,0,0,1,0,0
552566,8318,0,0,1,0,0
552677,8319,0,0,0,1,0
552775,8320,0,0,0,1,0
552907,8321,0,0,0,1,0
553029,8322,0,0,0,1,0
553076,8323,0,0,1,0,0
553190,8324,0,0,0,1,0
553193,8325,0,0,1,0,0
553255,8326,0,0,1,0,0
553333,8327,0,0,1,0,0
553462,8328,0,0,0,1,0
553554,8329,0,0,0,1,0
553694,8330,0,0,0,1,0
553816,8331,0,0,0,1,0
553941,8332,0,0,0,1,0
554036,8333,0,0,0,1,0
554148,8334,0,0,0,1,0
554161,8335,0,0,1,0,0
554276,8336,0,0,0,1,0
554457,8337,0,0,0,1,0
554581,8338,0,0,0,1,0
554936,8339,0,0,0,1,0
554958,8340,0,0,1,0,0
555189,8341,0,0,0,1,0
555295,8342,0,0,1,0,0
555298,8343,0,0,1,0,0
555436,8344,0,0,0,1,0
555546,8345,0,0,0,1,0
555676,8346,0,0,0,1,0
555775,8347,0,0,0,1,0
555895,8348,0,0,0,1,0
556026,8349,0,0,0,1,0
556134,8350,0,0,1,0,0
556256,8351,0,0,0,1,0
556305,8352,0,0,1,0,0
556428,8353,0,0,1,0,0
556554,8354,0,0,0,1,0
556678,8355,0,0,0,1,0
556810,8356,0,0,0,1,0
556956,8357,0,0,0,1,0
557099,8358,0,0,0,1,0
557233,8359,0,0,0,1,0
557344,8360,0,0,0,1,0
557445,8361,0,0,1,0,0
557555,8362,0,0,0,1,0
557563,8363,0,0,1,0,0
557657,8364,0,0,0,1,0
557780,8365,0,0,0,1,0
557825,8366,0,0,1,0,0
557924,8367,0,0,0,1,0
558011,8368,0,0,0,1,0
558123,8369,0,0,0,1,0
558228,8370,0,0,0,1,0
558356,8371,0,0,0,1,0
558479,8372,0,0,0,1,0
558592,8373,0,0,0,1,0
558714,8374,0,0,0,1,0
558840,8375,0,0,0,1,0
558963,8376,0,0,0,1,0
559047,8377,0,0,0,1,0
559139,8378,0,0,0,1,0
559218,8379,0,0,0,1,0
559308,8380,0,0,0,1,0
559401,8381,0,0,0,1,0
559520,8382,0,0,0,1,0
559641,8383,0,0,0,1,0
559708,8384,0,0,1,0,0
559808,8385,0,0,0,1,0
559928,8386,0,0,0,1,0
559940,8387,0,0,1,0,0
559962,8388,0,0,1,0,0
560142,8389,0,0,0,1,0
560221,8390,0,0,1,0,0
560311,8391,0,0,1,0,0
560440,8392,0,0,0,1,0
560573,8393,0,0,0,1,0
560697,8394,0,0,0,1,0
560814,8395,0,0,0,1,0
560831,8396,0,0,1,0,0
560842,8397,0,0,1,0,0
560958,8398,0,0,0,1,0
561059,8399,0,0,0,1,0
561071,8400,0,0,1,0,0
561081,8401,0,0,1,0,0
561189,8402,0,0,0,1,0
561288,8403,0,0,0,1,0
561394,8404,0,0,0,1,0
561502,8405,0,0,0,1,0
561615,8406,0,0,0,1,0
561701,8407,0,0,1,0,0
561829,8408,0,0,0,1,0
561926,8409,0,0,0,1,0
561939,8410,0,0,1,0,0
562074,8411,0,0,0,1,0
562194,8412,0,0,0,1,0
562298,8413,0,0,0,1,0
562430,8414,0,0,0,1,0
562555,8415,0,0,0,1,0
562641,8416,0,0,0,1,0
562727,8417,0,0,1,0,0
562759,8418,0,0,1,0,0
562846,8419,0,0,0,1,0
562967,8420,0,0,0,1,0
563012,8421,0,0,1,0,0
563049,8422,0,0,1,0,0
563182,8423,0,0,1,0,0
563301,8424,0,0,0,1,0
563421,8425,0,0,0,1,0
563522,8426,0,0,1,0,0
563645,8427,0,0,0,1,0
563748,8428,0,0,1,0,0
563839,8429,0,0,1,0,0
563993,8430,0,0,0,1,0
564019,8431,0,0,1,0,0
564096,8432,0,0,1,0,0
564170,8433,0,0,1,0,0
564275,8434,0,0,0,1,0
564389,8435,0,0,0,1,0
564481,8436,0,0,1,0,0
564804,8437,0,0,0,1,0
564855,8438,0,0,1,0,0
564893,8439,0,0,1,0,0
564911,8440,0,0,1,0,0
564920,8441,0,0,1,0,0
565038,8442,0,0,0,1,0
565156,8443,0,0,0,1,0
565266,8444,0,0,0,1,0
565276,8445,0,0,1,0,0
565406,8446,0,0,0,1,0
565492,8447,0,0,0,1,0
565580,8448,0,0,0,1,0
565704,8449,0,0,0,1,0
565714,8450,0,0,1,0,0
565715,8451,0,0,1,0,0
565839,8452,0,0,0,1,0
565962,8453,0,0,0,1,0
565991,8454,0,0,1,0,0
566122,8455,0,0,0,1,0
566203,8456,0,0,1,0,0
566336,8457,0,0,0,1,0
566491,8458,0,0,0,1,0
566632,8459,0,0,0,1,0
566781,8460,0,0,0,1,0
566942,8461,0,0,0,1,0
567083,8462,0,0,0,1,0
567217,8463,0,0,0,1,0
567224,8464,0,0,1,0,0
567338,8465,0,0,0,1,0
567477,8466,0,0,0,1,0
567580,8467,0,0,0,1,0
567780,8468,0,0,0,1,0
567912,8469,0,0,0,1,0
567936,8470,0,0,1,0,0
568008,8471,0,0,1,0,0
568123,8472,0,0,0,1,0
568186,8473,1,0,0,0,0
568224,8474,0,0,1,0,0
568329,8475,0,0,0,1,0
568378,8476,0,0,1,0,0
568415,8477,0,0,1,0,0
568533,8478,0,0,1,0,0
568681,8479,0,0,0,1,0
568977,8480,0,0,0,1,0
569125,8481,0,0,0,1,0
569258,8482,0,0,0,1,0
569351,8483,0,0,1,0,0
569445,8484,0,0,0,1,0
569526,8485,0,0,1,0,0
569586,8486,0,0,1,0,0
569731,8487,0,0,0,1,0
569858,8488,0,0,0,1,0
569862,8489,0,0,1,0,0
569982,8490,0,0,0,1,0
570093,8491,0,0,0,1,0
570212,8492,0,0,0,1,0
570323,8493,0,0,0,1,0
570443,8494,0,0,0,1,0
570567,8495,0,0,0,1,0
570680,8496,0,0,0,1,0
570757,8497,0,0,1,0,0
570868,8498,0,0,0,1,0
570969,8499,0,0,0,1,0
571076,8500,0,0,0,1,0
571159,8501,0,0,1,0,0
571174,8502,0,0,1,0,0
571279,8503,0,0,0,1,0
571296,8504,0,0,1,0,0
571327,8505,0,0,1,0,0
571470,8506,0,0,0,1,0
571567,8507,0,0,0,1,0
571657,8508,0,0,0,1,0
571716,8509,0,0,1,0,0
571814,8510,0,0,0,1,0
571933,8511,0,0,0,1,0
571967,8512,0,0,1,0,0
572003,8513,0,0,1,0,0
572034,8514,0,0,1,0,0
572122,8515,0,0,0,1,0
572215,8516,0,0,1,0,0
572238,8517,0,0,1,0,0
572351,8518,0,0,0,1,0
572477,8519,0,0,0,1,0
572620,8520,0,0,0,1,0
572739,8521,0,0,0,1,0
572872,8522,0,0,0,1,0
573066,8523,0,0,0,1,0
573101,8524,0,0,1,0,0
573223,8525,0,0,0,1,0
573348,8526,0,0,0,1,0
573350,8527,0,0,1,0,0
573483,8528,0,0,0,1,0
573579,8529,0,0,0,1,0
573731,8530,0,0,1,0,0
573821,8531,0,0,0,1,0
573929,8532,0,0,1,0,0
574040,8533,0,0,0,1,0
574175,8534,0,0,0,1,0
574308,8535,0,0,1,0,0
574358,8536,0,0,1,0,0
574475,8537,0,0,0,1,0
574600,8538,0,0,0,1,0
574745,8539,0,0,0,1,0
574870,8540,0,0,0,1,0
574972,8541,0,0,0,1,0
575056,8542,0,0,1,0,0
575185,8543,0,0,0,1,0
575265,8544,0,0,1,0,0
575380,8545,0,0,0,1,0
575485,8546,0,0,1,0,0
575615,8547,0,0,0,1,0
575754,8548,0,0,0,1,0
575859,8549,0,0,0,1,0
575997,8550,0,0,0,1,0
576112,8551,0,0,0,1,0
576121,8552,0,0,1,0,0
576246,8553,0,0,0,1,0
576367,8554,0,0,0,1,0
576384,8555,0,0,1,0,0
576456,8556,0,0,1,0,0
576536,8557,0,0,1,0,0
576545,8558,0,0,1,0,0
576553,8559,0,0,1,0,0
576661,8560,0,0,0,1,0
576674,8561,0,0,1,0,0
576749,8562,0,0,1,0,0
576879,8563,0,0,0,1,0
576996,8564,0,0,0,1,0
577022,8565,0,0,1,0,0
577138,8566,0,0,0,1,0
577248,8567,0,0,0,1,0
577253,8568,1,0,0,0,0
577349,8569,0,0,0,1,0
577443,8570,0,0,1,0,0
577475,8571,0,0,1,0,0
577585,8572,0,0,0,1,0
577702,8573,0,0,0,1,0
577831,8574,0,0,0,1,0
577939,8575,0,0,0,1,0
578238,8576,0,0,0,1,0
578246,8577,0,0,1,0,0
578309,8578,0,0,1,0,0
578365,8579,0,0,1,0,0
578547,8580,0,0,0,1,0
578550,8581,1,0,0,0,0
578682,8582,0,0,0,1,0
578834,8583,0,0,0,1,0
578983,8584,0,0,0,1,0
579106,8585,0,0,0,1,0
579123,8586,0,0,1,0,0
579232,8587,0,0,0,1,0
579354,8588,0,0,0,1,0
579422,8589,0,0,1,0,0
579430,8590,0,0,1,0,0
579569,8591,0,0,0,1,0
579592,8592,0,0,1,0,0
579716,8593,0,0,1,0,0
579820,8594,0,0,0,1,0
579866,8595,0,0,1,0,0
579919,8596,0,0,1,0,0
580011,8597,0,0,1,0,0
580016,8598,0,0,1,0,0
580111,8599,0,0,1,0,0
580212,8600,0,0,0,1,0
580347,8601,0,0,0,1,0
580458,8602,0,0,0,1,0
580550,8603,0,0,0,1,0
580609,8604,0,0,1,0,0
580663,8605,0,0,1,0,0
580803,8606,0,0,0,1,0
580893,8607,0,0,0,1,0
581099,8608,0,0,0,1,0
581285,8609,0,0,0,1,0
581431,8610,0,0,0,1,0
581530,8611,0,0,1,0,0
581639,8612,0,0,0,1,0
581684,8613,0,0,1,0,0
581828,8614,0,0,1,0,0
581830,8615,0,0,1,0,0
581980,8616,0,0,0,1,0
582062,8617,0,0,1,0,0
582154,8618,0,0,0,1,0
582287,8619,0,0,0,1,0
582345,8620,0,0,1,0,0
582411,8621,0,0,1,0,0
582433,8622,0,0,1,0,0
582528,8623,0,0,0,1,0
582637,8624,0,0,0,1,0
582720,8625,0,0,1,0,0
582766,8626,0,0,1,0,0
582841,8627,0,0,1,0,0
582863,8628,0,0,1,0,0
583277,8629,0,0,0,1,0
583380,8630,0,0,0,1,0
583518,8631,0,0,0,1,0
583647,8632,0,0,0,1,0
583738,8633,0,0,1,0,0
583902,8634,0,0,0,1,0
584030,8635,0,0,0,1,0
584157,8636,0,0,0,1,0
584200,8637,0,0,1,0,0
584273,8638,0,0,1,0,0
584409,8639,0,0,0,1,0
584532,8640,0,0,0,1,0
584640,8641,0,0,0,1,0
584741,8642,0,0,0,1,0
584749,8643,0,0,1,0,0
584892,8644,0,0,0,1,0
584995,8645,0,0,0,1,0
585051,8646,0,0,1,0,0
585102,8647,0,0,1,0,0
585117,8648,0,0,1,0,0
585230,8649,0,0,0,1,0
585363,8650,0,0,0,1,0
585380,8651,0,0,1,0,0
585383,8652,0,0,1,0,0
585515,8653,0,0,0,1,0
585648,8654,0,0,0,1,0
585759,8655,0,0,0,1,0
585880,8656,0,0,0,1,0
586003,8657,0,0,1,0,0
586127,8658,0,0,0,1,0
586244,8659,0,0,0,1,0
586358,8660,0,0,0,1,0
586479,8661,0,0,0,1,0
586599,8662,0,0,0,1,0
586607,8663,0,0,1,0,0
586718,8664,0,0,0,1,0
586847,8665,0,0,0,1,0
586942,8666,0,0,0,1,0
587099,8667,0,0,0,1,0
587215,8668,0,0,0,1,0
587318,8669,0,0,1,0,0
587402,8670,0,0,1,0,0
587504,8671,0,0,0,1,0
587717,8672,0,0,0,1,0
587848,8673,0,0,0,1,0
587904,8674,0,0,1,0,0
588012,8675,0,0,0,1,0
588135,8676,0,0,0,1,0
588239,8677,0,0,0,1,0
588330,8678,0,0,1,0,0
588422,8679,0,0,1,0,0
588552,8680,0,0,0,1,0
588672,8681,0,0,0,1,0
588777,8682,0,0,0,1,0
588814,8683,0,0,1,0,0
588944,8684,0,0,0,1,0
589037,8685,0,0,1,0,0
589138,8686,0,0,0,1,0
589153,8687,0,0,1,0,0
589200,8688,0,0,1,0,0
589265,8689,0,0,1,0,0
589337,8690,0,0,1,0,0
589438,8691,0,0,0,1,0
589527,8692,0,0,0,1,0
589669,8693,0,0,0,1,0
589676,8694,0,0,1,0,0
589785,8695,0,0,0,1,0
589831,8696,0,0,1,0,0
589908,8697,0,0,1,0,0
590018,8698,0,0,0,1,0
590056,8699,0,0,1,0,0
590175,8700,0,0,0,1,0
590190,8701,0,0,1,0,0
590217,8702,0,0,1,0,0
590349,8703,0,0,0,1,0
590466,8704,0,0,0,1,0
590511,8705,0,0,1,0,0
590514,8706,1,0,0,0,0
590768,8707,0,0,0,1,0
590881,8708,0,0,0,1,0
591016,8709,0,0,0,1,0
591136,8710,0,0,0,1,0
591257,8711,0,0,0,1,0
591403,8712,0,0,0,1,0
591520,8713,0,0,0,1,0
591694,8714,0,0,0,1,0
591819,8715,0,0,1,0,0
591852,8716,0,0,1,0,0
591971,8717,0,0,0,1,0
592132,8718,0,0,1,0,0
592264,8719,0,0,1,0,0
592360,8720,0,0,1,0,0
592377,8721,0,0,1,0,0
592510,8722,0,0,0,1,0
592614,8723,0,0,0,1,0
592743,8724,0,0,0,1,0
592838,8725,0,0,1,0,0
592968,8726,0,0,0,1,0
593063,8727,0,0,0,1,0
593159,8728,0,0,0,1,0
593285,8729,0,0,0,1,0
593309,8730,0,0,1,0,0
593413,8731,0,0,0,1,0
593491,8732,0,0,1,0,0
593708,8733,0,0,1,0,0
593851,8734,0,0,0,1,0
593954,8735,0,0,0,1,0
594070,8736,0,0,0,1,0
594086,8737,0,0,1,0,0
594228,8738,0,0,0,1,0
594274,8739,0,0,1,0,0
594278,8740,0,0,1,0,0
594372,8741,0,0,0,1,0
594473,8742,0,0,0,1,0
594607,8743,0,0,0,1,0
594645,8744,0,0,1,0,0
594762,8745,0,0,0,1,0
594867,8746,0,0,1,0,0
594960,8747,0,0,0,1,0
595028,8748,0,0,1,0,0
595142,8749,0,0,0,1,0
595265,8750,0,0,0,1,0
595352,8751,0,0,1,0,0
595462,8752,0,0,0,1,0
595582,8753,0,0,0,1,0
595703,8754,0,0,0,1,0
595795,8755,0,0,0,1,0
595849,8756,0,0,1,0,0
595970,8757,0,0,0,1,0
596078,8758,0,0,0,1,0
596096,8759,0,0,1,0,0
596230,8760,0,0,0,1,0
596254,8761,0,0,1,0,0
596356,8762,0,0,0,1,0
596496,8763,0,0,0,1,0
596604,8764,0,0,0,1,0
596743,8765,0,0,0,1,0
596853,8766,0,0,0,1,0
596967,8767,0,0,1,0,0
597080,8768,0,0,0,1,0
597205,8769,0,0,0,1,0
597237,8770,0,0,1,0,0
597256,8771,0,0,1,0,0
597397,8772,0,0,0,1,0
597513,8773,0,0,0,1,0
597640,8774,0,0,0,1,0
597760,8775,0,0,0,1,0
597895,8776,0,0,1,0,0
597955,8777,0,0,1,0,0
597963,8778,0,0,1,0,0
598162,8779,0,0,1,0,0
598272,8780,0,0,0,1,0
598390,8781,0,0,0,1,0
598543,8782,0,0,1,0,0
598669,8783,0,0,0,1,0
598760,8784,0,0,1,0,0
598904,8785,0,0,0,1,0
599034,8786,0,0,0,1,0
599136,8787,0,0,0,1,0
599276,8788,0,0,0,1,0
599382,8789,0,0,0,1,0
599486,8790,0,0,0,1,0
599516,8791,0,0,1,0,0
599666,8792,0,0,0,1,0
599769,8793,0,0,0,1,0
599807,8794,0,0,1,0,0
599817,8795,0,0,1,0,0
599930,8796,0,0,1,0,0
599968,8797,0,0,1,0,0
600073,8798,0,0,0,1,0
600105,8799,0,0,1,0,0
600214,8800,0,0,1,0,0
600329,8801,0,0,0,1,0
600437,8802,0,0,0,1,0
600537,8803,0,0,0,1,0
600612,8804,0,0,1,0,0
600710,8805,0,0,0,1,0
600810,8806,0,0,1,0,0
600854,8807,0,0,1,0,0
600958,8808,0,0,0,1,0
600975,8809,0,0,1,0,0
600988,8810,0,0,1,0,0
601104,8811,0,0,0,1,0
601216,8812,0,0,0,1,0
601335,8813,0,0,0,1,0
601463,8814,0,0,0,1,0
601500,8815,0,0,1,0,0
601601,8816,0,0,0,1,0
601705,8817,0,0,0,1,0
601708,8818,0,0,1,0,0
601748,8819,0,0,1,0,0
601799,8820,0,0,1,0,0
601909,8821,0,0,0,1,0
602037,8822,0,0,0,1,0
602181,8823,0,0,0,1,0
602203,8824,0,0,1,0,0
602313,8825,0,0,0,1,0
602359,8826,0,0,1,0,0
602482,8827,0,0,0,1,0
602573,8828,0,0,1,0,0
602637,8829,0,0,1,0,0
602649,8830,0,0,1,0,0
602749,8831,0,0,0,1,0
602873,8832,0,0,0,1,0
602992,8833,0,0,0,1,0
603101,8834,0,0,0,1,0
603202,8835,0,0,0,1,0
603320,8836,0,0,0,1,0
603447,8837,0,0,0,1,0
603454,8838,0,0,1,0,0
603573,8839,0,0,0,1,0
603751,8840,0,0,0,1,0
603885,8841,0,0,0,1,0
603977,8842,0,0,1,0,0
604085,8843,0,0,0,1,0
604192,8844,0,0,1,0,0
604324,8845,0,0,0,1,0
604426,8846,0,0,0,1,0
604549,8847,0,0,0,1,0
604675,8848,0,0,0,1,0
604793,8849,0,0,0,1,0
604943,8850,0,0,0,1,0
605052,8851,0,0,0,1,0
605192,8852,0,0,0,1,0
605211,8853,0,0,1,0,0
605345,8854,0,0,0,1,0
605565,8855,0,0,0,1,0
605689,8856,0,0,0,1,0
605798,8857,0,0,0,1,0
605911,8858,0,0,0,1,0
606036,8859,0,0,0,1,0
606182,8860,0,0,0,1,0
606240,8861,0,0,1,0,0
606381,8862,0,0,0,1,0
606403,8863,0,0,1,0,0
606515,8864,0,0,0,1,0
606568,8865,0,0,1,0,0
606703,8866,0,0,0,1,0
606867,8867,0,0,0,1,0
607000,8868,0,0,0,1,0
607198,8869,0,0,1,0,0
607387,8870,0,0,1,0,0
607403,8871,0,0,1,0,0
607708,8872,0,0,0,1,0
607793,8873,0,0,0,1,0
607940,8874,0,0,0,1,0
607941,8875,1,0,0,0,0
608090,8876,0,0,0,1,0
608112,8877,0,0,1,0,0
608201,8878,0,0,0,1,0
608332,8879,0,0,0,1,0
608344,8880,0,0,1,0,0
608462,8881,0,0,1,0,0
608496,8882,0,0,1,0,0
608620,8883,0,0,0,1,0
608729,8884,0,0,1,0,0
608816,8885,0,0,0,1,0
608880,8886,0,0,1,0,0
608990,8887,0,0,0,1,0
609040,8888,0,0,1,0,0
609167,8889,0,0,0,1,0
609272,8890,0,0,0,1,0
609288,8891,0,0,1,0,0
609385,8892,0,0,0,1,0
609506,8893,0,0,0,1,0
609581,8894,0,0,0,1,0
609582,8895,1,0,0,0,0
609630,8896,0,0,1,0,0
609713,8897,0,0,0,1,0
609827,8898,0,0,0,1,0
609926,8899,0,0,0,1,0
609978,8900,0,0,1,0,0
610041,8901,0,0,1,0,0
610140,8902,0,0,0,1,0
610186,8903,0,0,1,0,0
610277,8904,0,0,0,1,0
610385,8905,0,0,0,1,0
610447,8906,0,0,1,0,0
610547,8907,0,0,0,1,0
610587,8908,0,0,1,0,0
610599,8909,0,0,1,0,0
610703,8910,0,0,0,1,0
610733,8911,0,0,1,0,0
610839,8912,0,0,0,1,0
610884,8913,0,0,1,0,0
611013,8914,0,0,0,1,0
611028,8915,0,0,1,0,0
611117,8916,0,0,0,1,0
611222,8917,0,0,1,0,0
611226,8918,0,0,1,0,0
611247,8919,0,0,1,0,0
611365,8920,0,0,1,0,0
611475,8921,0,0,0,1,0
611509,8922,0,0,1,0,0
611630,8923,0,0,0,1,0
611719,8924,0,0,0,1,0
611727,8925,0,0,1,0,0
611820,8926,0,0,0,1,0
611879,8927,0,0,1,0,0
612008,8928,0,0,0,1,0
612046,8929,0,0,1,0,0
612163,8930,0,0,0,1,0
612287,8931,0,0,0,1,0
612400,8932,0,0,0,1,0
612511,8933,0,0,1,0,0
612623,8934,0,0,0,1,0
612698,8935,0,0,1,0,0
612808,8936,0,0,0,1,0
612923,8937,0,0,0,1,0
613008,8938,0,0,0,1,0
613064,8939,0,0,1,0,0
613167,8940,0,0,0,1,0
613249,8941,0,0,0,1,0
613277,8942,0,0,1,0,0
613394,8943,0,0,0,1,0
613505,8944,0,0,0,1,0
613575,8945,0,0,1,0,0
613689,8946,0,0,1,0,0
613805,8947,0,0,0,1,0
613912,8948,0,0,0,1,0
614013,8949,0,0,0,1,0
614144,8950,0,0,0,1,0
614251,8951,0,0,0,1,0
614399,8952,0,0,0,1,0
614528,8953,0,0,0,1,0
614654,8954,0,0,0,1,0
614766,8955,0,0,0,1,0
614791,8956,0,0,1,0,0
614889,8957,0,0,0,1,0
614920,8958,0,0,1,0,0
615020,8959,0,0,0,1,0
615141,8960,0,0,0,1,0
615264,8961,0,0,0,1,0
615299,8962,0,0,1,0,0
615327,8963,0,0,1,0,0
615412,8964,0,0,1,0,0
615549,8965,0,0,1,0,0
615667,8966,0,0,0,1,0
615769,8967,0,0,0,1,0
615907,8968,0,0,0,1,0
616033,8969,0,0,0,1,0
616065,8970,0,0,1,0,0
616149,8971,0,0,1,0,0
616260,8972,0,0,1,0,0
616379,8973,0,0,0,1,0
616385,8974,0,0,1,0,0
616487,8975,0,0,0,1,0
616597,8976,0,0,0,1,0
616709,8977,0,0,0,1,0
616805,8978,0,0,0,1,0
616927,8979,0,0,0,1,0
617050,8980,0,0,0,1,0
617122,8981,0,0,1,0,0
617241,8982,0,0,0,1,0
617375,8983,0,0,0,1,0
617377,8984,0,0,1,0,0
617503,8985,0,0,0,1,0
617659,8986,0,0,0,1,0
617847,8987,0,0,1,0,0
617961,8988,0,0,1,0,0
618126,8989,0,0,0,1,0
618237,8990,0,0,0,1,0
618365,8991,0,0,0,1,0
618389,8992,0,0,1,0,0
618492,8993,0,0,0,1,0
618504,8994,0,0,1,0,0
618635,8995,0,0,0,1,0
618743,8996,0,0,1,0,0
618781,8997,0,0,1,0,0
618904,8998,0,0,0,1,0
619022,8999,0,0,0,1,0
619164,9000,0,0,0,1,0
619262,9001,0,0,0,1,0
619387,9002,0,0,0,1,0
619473,9003,0,0,0,1,0
619478,9004,1,0,0,0,0
619588,9005,0,0,0,1,0
619622,9006,0,0,1,0,0
619698,9007,0,0,1,0,0
619823,9008,0,0,0,1,0
619860,9009,0,0,1,0,0
619865,9010,0,0,1,0,0
619996,9011,0,0,0,1,0
620138,9012,0,0,0,1,0
620193,9013,0,0,1,0,0
620296,9014,0,0,1,0,0
620509,9015,0,0,0,1,0
620518,9016,0,0,1,0,0
620632,9017,0,0,0,1,0
620782,9018,0,0,1,0,0
620868,9019,0,0,1,0,0
620903,9020,0,0,1,0,0
621039,9021,0,0,1,0,0
621189,9022,0,0,0,1,0
621319,9023,0,0,0,1,0
621460,9024,0,0,0,1,0
621494,9025,0,0,1,0,0
621622,9026,0,0,0,1,0
621714,9027,0,0,1,0,0
621745,9028,0,0,1,0,0
621888,9029,0,0,0,1,0
621998,9030,0,0,1,0,0
622121,9031,0,0,0,1,0
622233,9032,0,0,0,1,0
622246,9033,0,0,1,0,0
622349,9034,0,0,0,1,0
622471,9035,0,0,0,1,0
622588,9036,0,0,0,1,0
622718,9037,0,0,0,1,0
622809,9038,0,0,1,0,0
622944,9039,0,0,0,1,0
623074,9040,0,0,0,1,0
623167,9041,0,0,0,1,0
623264,9042,0,0,0,1,0
623268,9043,0,0,1,0,0
623385,9044,0,0,0,1,0
623388,9045,0,0,1,0,0
623513,9046,0,0,0,1,0
623548,9047,0,0,1,0,0
623666,9048,0,0,0,1,0
623785,9049,0,0,1,0,0
623802,9050,0,0,1,0,0
623855,9051,0,0,1,0,0
623979,9052,0,0,0,1,0
624051,9053,0,0,1,0,0
624057,9054,0,0,1,0,0
624192,9055,0,0,0,1,0
624285,9056,0,0,0,1,0
624377,9057,0,0,0,1,0
624509,9058,0,0,0,1,0
624626,9059,0,0,0,1,0
624647,9060,0,0,1,0,0
624881,9061,0,0,1,0,0
624977,9062,0,0,1,0,0
625101,9063,0,0,0,1,0
625220,9064,0,0,0,1,0
625241,9065,0,0,1,0,0
625373,9066,0,0,0,1,0
625439,9067,0,0,1,0,0
625479,9068,0,0,1,0,0
625609,9069,0,0,0,1,0
625758,9070,0,0,0,1,0
625926,9071,0,0,1,0,0
626051,9072,0,0,0,1,0
626112,9073,0,0,1,0,0
626163,9074,0,0,1,0,0
626286,9075,0,0,0,1,0
626437,9076,0,0,0,1,0
626558,9077,0,0,0,1,0
626683,9078,0,0,0,1,0
626801,9079,0,0,0,1,0
626918,9080,0,0,0,1,0
626974,9081,0,0,1,0,0
626997,9082,0,0,1,0,0
626998,9083,0,0,1,0,0
627123,9084,0,0,0,1,0
627250,9085,0,0,0,1,0
627299,9086,0,0,1,0,0
627372,9087,0,0,1,0,0
627428,9088,0,0,1,0,0
627541,9089,0,0,0,1,0
627554,9090,0,0,1,0,0
627612,9091,0,0,1,0,0
627762,9092,0,0,0,1,0
627873,9093,0,0,0,1,0
627978,9094,0,0,0,1,0
628100,9095,0,0,0,1,0
628217,9096,0,0,0,1,0
628306,9097,0,0,0,1,0
628416,9098,0,0,0,1,0
628440,9099,0,0,1,0,0
628586,9100,0,0,0,1,0
628692,9101,0,0,0,1,0
628811,9102,0,0,0,1,0
628921,9103,0,0,1,0,0
629027,9104,0,0,0,1,0
629150,9105,0,0,0,1,0
629277,9106,0,0,0,1,0
629282,9107,0,0,1,0,0
629408,9108,0,0,1,0,0
629626,9109,0,0,0,1,0
629777,9110,0,0,0,1,0
629898,9111,0,0,1,0,0
629989,9112,0,0,0,1,0
630087,9113,0,0,0,1,0
630148,9114,0,0,0,1,0
630167,9115,0,0,1,0,0
630175,9116,0,0,1,0,0
630314,9117,0,0,0,1,0
630372,9118,0,0,1,0,0
630474,9119,0,0,0,1,0
630565,9120,0,0,0,1,0
630662,9121,0,0,0,1,0
630796,9122,0,0,0,1,0
630801,9123,0,0,1,0,0
630850,9124,0,0,1,0,0
630952,9125,0,0,0,1,0
631134,9126,0,0,0,1,0
631248,9127,0,0,1,0,0
631335,9128,0,0,0,1,0
631454,9129,0,0,0,1,0
631646,9130,0,0,0,1,0
631776,9131,0,0,0,1,0
631916,9132,0,0,0,1,0
632039,9133,0,0,0,1,0
632165,9134,0,0,0,1,0
632273,9135,0,0,0,1,0
632300,9136,0,0,1,0,0
632422,9137,0,0,0,1,0
632547,9138,0,0,0,1,0
632550,9139,0,0,1,0,0
632673,9140,0,0,0,1,0
632703,9141,0,0,1,0,0
632815,9142,0,0,0,1,0
632936,9143,0,0,0,1,0
633067,9144,0,0,0,1,0
633179,9145,0,0,1,0,0
633274,9146,0,0,1,0,0
633283,9147,0,0,1,0,0
633401,9148,0,0,0,1,0
633412,9149,0,0,1,0,0
633490,9150,0,0,1,0,0
633511,9151,0,0,1,0,0
633540,9152,0,0,1,0,0
633664,9153,0,0,0,1,0
633775,9154,0,0,0,1,0
633896,9155,0,0,0,1,0
633928,9156,0,0,1,0,0
634066,9157,0,0,0,1,0
634181,9158,0,0,0,1,0
634311,9159,0,0,0,1,0
634454,9160,0,0,0,1,0
634466,9161,0,0,1,0,0
634552,9162,0,0,1,0,0
634677,9163,0,0,0,1,0
634795,9164,0,0,0,1,0
634822,9165,0,0,1,0,0
634927,9166,0,0,1,0,0
635015,9167,0,0,1,0,0
635108,9168,0,0,0,1,0
635240,9169,0,0,0,1,0
635326,9170,0,0,1,0,0
635494,9171,0,0,0,1,0
635616,9172,0,0,0,1,0
635646,9173,0,0,1,0,0
635733,9174,0,0,1,0,0
635824,9175,0,0,0,1,0
635871,9176,0,0,1,0,0
635994,9177,0,0,0,1,0
636077,9178,0,0,0,1,0
636280,9179,0,0,0,1,0
636357,9180,0,0,1,0,0
636402,9181,0,0,1,0,0
636553,9182,0,0,0,1,0
636701,9183,0,0,0,1,0
636905,9184,0,0,0,1,0
637030,9185,0,0,0,1,0
637131,9186,0,0,0,1,0
637243,9187,0,0,0,1,0
637250,9188,0,0,1,0,0
637288,9189,0,0,1,0,0
637383,9190,0,0,1,0,0
637459,9191,0,0,1,0,0
637567,9192,0,0,0,1,0
637685,9193,0,0,0,1,0
637784,9194,0,0,0,1,0
637848,9195,0,0,1,0,0
637975,9196,0,0,0,1,0
638084,9197,0,0,0,1,0
638088,9198,1,0,0,0,0
638128,9199,0,0,1,0,0
638233,9200,0,0,0,1,0
638340,9201,0,0,0,1,0
638460,9202,0,0,0,1,0
638504,9203,0,0,1,0,0
638594,9204,0,0,0,1,0
638865,9205,0,0,1,0,0
639001,9206,0,0,0,1,0
639036,9207,0,0,1,0,0
639072,9208,0,0,1,0,0
639174,9209,0,0,0,1,0
639295,9210,0,0,0,1,0
639414,9211,0,0,0,1,0
639504,9212,0,0,0,1,0
639603,9213,0,0,0,1,0
639711,9214,0,0,0,1,0
639746,9215,0,0,1,0,0
639879,9216,0,0,0,1,0
639941,9217,0,0,1,0,0
640021,9218,0,0,1,0,0
640126,9219,0,0,0,1,0
640222,9220,0,0,0,1,0
640340,9221,0,0,0,1,0
640379,9222,0,0,1,0,0
640501,9223,0,0,0,1,0
640592,9224,0,0,0,1,0
640717,9225,0,0,0,1,0
640851,9226,0,0,0,1,0
640852,9227,0,0,1,0,0
640979,9228,0,0,0,1,0
641104,9229,0,0,0,1,0
641186,9230,0,0,1,0,0
641318,9231,0,0,0,1,0
641361,9232,0,0,1,0,0
641480,9233,0,0,0,1,0
641549,9234,0,0,1,0,0
641655,9235,0,0,0,1,0
641673,9236,0,0,1,0,0
641787,9237,0,0,0,1,0
641888,9238,0,0,0,1,0
641891,9239,1,0,0,0,0
641920,9240,0,0,1,0,0
642047,9241,0,0,0,1,0
642167,9242,0,0,0,1,0
642348,9243,0,0,0,1,0
642514,9244,0,0,0,1,0
642632,9245,0,0,1,0,0
642741,9246,0,0,1,0,0
642853,9247,0,0,0,1,0
642970,9248,0,0,0,1,0
643028,9249,0,0,1,0,0
643144,9250,0,0,0,1,0
643248,9251,0,0,0,1,0
643427,9252,0,0,0,1,0
643630,9253,0,0,0,1,0
643772,9254,0,0,0,1,0
643909,9255,0,0,0,1,0
644032,9256,0,0,0,1,0
644198,9257,0,0,1,0,0
644207,9258,1,0,0,0,0
644340,9259,0,0,0,1,0
644422,9260,0,0,1,0,0
644506,9261,0,0,0,1,0
644655,9262,0,0,0,1,0
644733,9263,0,0,1,0,0
644864,9264,0,0,0,1,0
644966,9265,0,0,0,1,0
645009,9266,0,0,1,0,0
645123,9267,0,0,0,1,0
645299,9268,0,0,1,0,0
645313,9269,0,0,1,0,0
645462,9270,0,0,0,1,0
645480,9271,0,0,1,0,0
645580,9272,0,0,0,1,0
645674,9273,0,0,0,1,0
645791,9274,0,0,0,1,0
645848,9275,0,0,1,0,0
645872,9276,0,0,1,0,0
645926,9277,0,0,1,0,0
645930,9278,0,0,1,0,0
646017,9279,0,0,0,1,0
646133,9280,0,0,0,1,0
646253,9281,0,0,0,1,0
646356,9282,0,0,0,1,0
646463,9283,0,0,0,1,0
646605,9284,0,0,0,1,0
646748,9285,0,0,0,1,0
646868,9286,0,0,0,1,0
646966,9287,0,0,0,1,0
646974,9288,0,0,1,0,0
647121,9289,0,0,0,1,0
647251,9290,0,0,0,1,0
647306,9291,0,0,1,0,0
647377,9292,0,0,1,0,0
647515,9293,0,0,0,1,0
647578,9294,0,0,1,0,0
647585,9295,0,0,1,0,0
647684,9296,0,0,1,0,0
647807,9297,0,0,0,1,0
647828,9298,0,0,1,0,0
647841,9299,0,0,1,0,0
647890,9300,0,0,1,0,0
647987,9301,0,0,0,1,0
648261,9302,0,0,0,1,0
648369,9303,0,0,0,1,0
648375,9304,0,0,1,0,0
648391,9305,0,0,1,0,0
648499,9306,0,0,0,1,0
648615,9307,0,0,0,1,0
648697,9308,0,0,1,0,0
648804,9309,0,0,0,1,0
648948,9310,0,0,0,1,0
649090,9311,0,0,0,1,0
649195,9312,0,0,0,1,0
649305,9313,0,0,0,1,0
649414,9314,0,0,0,1,0
649486,9315,0,0,1,0,0
649600,9316,0,0,0,1,0
649700,9317,0,0,1,0,0
649815,9318,0,0,0,1,0
649838,9319,0,0,1,0,0
649930,9320,0,0,1,0,0
650054,9321,0,0,1,0,0
650174,9322,0,0,0,1,0
650263,9323,0,0,0,1,0
650414,9324,0,0,0,1,0
650571,9325,0,0,1,0,0
650693,9326,0,0,0,1,0
650726,9327,0,0,1,0,0
650835,9328,0,0,0,1,0
650995,9329,0,0,0,1,0
651128,9330,0,0,1,0,0
651132,9331,1,0,0,0,0
651261,9332,0,0,0,1,0
651415,9333,0,0,0,1,0
651567,9334,0,0,0,1,0
651730,9335,0,0,0,1,0
651869,9336,0,0,0,1,0
651980,9337,0,0,1,0,0
652101,9338,0,0,0,1,0
652225,9339,0,0,0,1,0
652331,9340,0,0,1,0,0
652353,9341,0,0,1,0,0
652487,9342,0,0,0,1,0
652511,9343,0,0,1,0,0
652647,9344,0,0,0,1,0
652706,9345,0,0,1,0,0
652804,9346,0,0,0,1,0
652905,9347,0,0,0,1,0
653048,9348,0,0,0,1,0
653067,9349,0,0,1,0,0
653191,9350,0,0,0,1,0
653297,9351,0,0,0,1,0
653421,9352,0,0,0,1,0
653524,9353,0,0,0,1,0
653614,9354,0,0,1,0,0
653667,9355,0,0,1,0,0
653807,9356,0,0,0,1,0
653919,9357,0,0,0,1,0
654070,9358,0,0,0,1,0
654190,9359,0,0,0,1,0
654319,9360,0,0,0,1,0
654364,9361,0,0,1,0,0
654512,9362,0,0,0,1,0
654642,9363,0,0,0,1,0
654782,9364,0,0,0,1,0
654791,9365,0,0,1,0,0
654930,9366,0,0,0,1,0
655063,9367,0,0,0,1,0
655190,9368,0,0,0,1,0
655332,9369,0,0,0,1,0
655363,9370,0,0,1,0,0
655490,9371,0,0,0,1,0
655524,9372,0,0,1,0,0
655668,9373,0,0,0,1,0
655803,9374,0,0,0,1,0
655807,9375,1,0,0,0,0
655923,9376,0,0,0,1,0
656059,9377,0,0,0,1,0
656103,9378,0,0,1,0,0
656215,9379,0,0,0,1,0
656286,9380,0,0,1,0,0
656422,9381,0,0,0,1,0
656540,9382,0,0,0,1,0
656557,9383,0,0,1,0,0
656692,9384,0,0,0,1,0
656693,9385,0,0,1,0,0
656821,9386,0,0,0,1,0
656923,9387,0,0,1,0,0
657042,9388,0,0,0,1,0
657178,9389,0,0,0,1,0
657448,9390,0,0,0,1,0
657484,9391,0,0,1,0,0
657612,9392,0,0,0,1,0
657719,9393,0,0,1,0,0
657823,9394,0,0,1,0,0
657890,9395,0,0,1,0,0
657894,9396,0,0,1,0,0
658102,9397,0,0,0,1,0
658226,9398,0,0,0,1,0
658339,9399,0,0,0,1,0
658400,9400,0,0,1,0,0
658508,9401,0,0,0,1,0
658639,9402,0,0,0,1,0
658717,9403,0,0,1,0,0
658765,9404,0,0,1,0,0
658856,9405,0,0,0,1,0
658896,9406,0,0,1,0,0
659015,9407,0,0,0,1,0
659032,9408,0,0,1,0,0
659179,9409,0,0,0,1,0
659284,9410,0,0,0,1,0
659372,9411,0,0,0,1,0
659494,9412,0,0,0,1,0
659596,9413,0,0,0,1,0
659699,9414,0,0,0,1,0
659759,9415,0,0,1,0,0
659813,9416,0,0,1,0,0
659828,9417,0,0,1,0,0
659973,9418,0,0,0,1,0
660109,9419,0,0,0,1,0
660234,9420,0,0,0,1,0
660351,9421,0,0,0,1,0
660523,9422,0,0,0,1,0
660658,9423,0,0,0,1,0
660770,9424,0,0,0,1,0
660895,9425,0,0,0,1,0
660992,9426,0,0,0,1,0
661062,9427,0,0,1,0,0
661135,9428,0,0,0,1,0
661144,9429,0,0,1,0,0
661291,9430,0,0,0,1,0
661420,9431,0,0,0,1,0
661540,9432,0,0,0,1,0
661711,9433,0,0,0,1,0
661821,9434,0,0,1,0,0
661954,9435,0,0,0,1,0
662110,9436,0,0,0,1,0
662195,9437,0,0,1,0,0
662319,9438,0,0,0,1,0
662437,9439,0,0,0,1,0
662547,9440,0,0,0,1,0
662625,9441,0,0,1,0,0
662650,9442,0,0,1,0,0
662702,9443,0,0,1,0,0
662770,9444,0,0,1,0,0
662860,9445,0,0,0,1,0
662983,9446,0,0,0,1,0
663103,9447,0,0,0,1,0
663143,9448,0,0,1,0,0
663186,9449,0,0,1,0,0
663200,9450,0,0,1,0,0
663204,9451,0,0,1,0,0
663303,9452,0,0,0,1,0
663452,9453,0,0,0,1,0
663559,9454,0,0,0,1,0
663681,9455,0,0,0,1,0
663763,9456,0,0,1,0,0
663857,9457,0,0,1,0,0
663945,9458,0,0,1,0,0
664054,9459,0,0,0,1,0
664067,9460,0,0,1,0,0
664181,9461,0,0,1,0,0
664526,9462,0,0,0,1,0
664616,9463,0,0,0,1,0
664737,9464,0,0,0,1,0
664867,9465,0,0,0,1,0
665000,9466,0,0,0,1,0
665123,9467,0,0,0,1,0
665242,9468,0,0,0,1,0
665366,9469,0,0,0,1,0
665396,9470,0,0,1,0,0
665460,9471,0,0,1,0,0
665595,9472,0,0,0,1,0
665819,9473,0,0,0,1,0
665945,9474,0,0,0,1,0
665968,9475,0,0,1,0,0
666104,9476,0,0,0,1,0
666148,9477,0,0,1,0,0
666268,9478,0,0,0,1,0
666280,9479,0,0,1,0,0
666374,9480,0,0,0,1,0
666494,9481,0,0,0,1,0
666640,9482,0,0,0,1,0
666749,9483,0,0,0,1,0
666867,9484,0,0,0,1,0
666961,9485,0,0,1,0,0
667040,9486,0,0,1,0,0
667166,9487,0,0,1,0,0
667254,9488,0,0,1,0,0
667400,9489,0,0,0,1,0
667563,9490,0,0,0,1,0
667717,9491,0,0,0,1,0
667886,9492,0,0,0,1,0
667989,9493,0,0,1,0,0
668049,9494,0,0,1,0,0
668201,9495,0,0,0,1,0
668356,9496,0,0,0,1,0
668534,9497,0,0,0,1,0
668579,9498,0,0,1,0,0
668605,9499,0,0,1,0,0
668682,9500,0,0,1,0,0
668800,9501,0,0,0,1,0
668837,9502,0,0,1,0,0
668980,9503,0,0,0,1,0
669016,9504,0,0,1,0,0
669369,9505,0,0,1,0,0
669515,9506,0,0,0,1,0
669614,9507,0,0,1,0,0
669737,9508,0,0,0,1,0
669848,9509,0,0,0,1,0
669948,9510,0,0,1,0,0
670058,9511,0,0,0,1,0
670177,9512,0,0,0,1,0
670240,9513,0,0,1,0,0
670383,9514,0,0,0,1,0
670505,9515,0,0,1,0,0
670608,9516,0,0,0,1,0
670757,9517,0,0,0,1,0
670894,9518,0,0,0,1,0
670943,9519,0,0,1,0,0
671012,9520,0,0,1,0,0
671101,9521,0,0,0,1,0
671184,9522,0,0,0,1,0
671187,9523,0,0,1,0,0
671234,9524,0,0,1,0,0
671323,9525,0,0,0,1,0
671343,9526,0,0,1,0,0
671367,9527,0,0,1,0,0
671424,9528,0,0,1,0,0
671484,9529,0,0,1,0,0
671617,9530,0,0,0,1,0
671760,9531,0,0,0,1,0
671772,9532,0,0,1,0,0
671777,9533,0,0,1,0,0
671808,9534,0,0,1,0,0
671953,9535,0,0,0,1,0
672053,9536,0,0,0,1,0
672104,9537,0,0,1,0,0
672222,9538,0,0,0,1,0
672280,9539,0,0,1,0,0
672344,9540,0,0,1,0,0
672358,9541,0,0,1,0,0
672475,9542,0,0,0,1,0
672594,9543,0,0,0,1,0
672712,9544,0,0,0,1,0
672828,9545,0,0,0,1,0
672960,9546,0,0,0,1,0
673078,9547,0,0,0,1,0
673203,9548,0,0,0,1,0
673212,9549,0,0,1,0,0
673306,9550,0,0,1,0,0
673395,9551,0,0,1,0,0
673526,9552,0,0,0,1,0
673592,9553,0,0,1,0,0
673674,9554,0,0,1,0,0
673754,9555,0,0,1,0,0
673828,9556,0,0,1,0,0
673943,9557,0,0,0,1,0
673958,9558,0,0,1,0,0
674066,9559,0,0,0,1,0
674147,9560,0,0,1,0,0
674237,9561,0,0,0,1,0
674338,9562,0,0,1,0,0
674340,9563,0,0,1,0,0
674389,9564,0,0,1,0,0
674477,9565,0,0,0,1,0
674560,9566,0,0,1,0,0
674661,9567,0,0,0,1,0
674667,9568,0,0,1,0,0
674792,9569,0,0,0,1,0
674853,9570,0,0,1,0,0
674929,9571,0,0,1,0,0
675052,9572,0,0,0,1,0
675150,9573,0,0,1,0,0
675218,9574,0,0,1,0,0
675231,9575,0,0,1,0,0
675322,9576,0,0,0,1,0
675345,9577,0,0,1,0,0
675358,9578,0,0,1,0,0
675479,9579,0,0,0,1,0
675576,9580,0,0,0,1,0
675691,9581,0,0,0,1,0
675803,9582,0,0,0,1,0
675955,9583,0,0,0,1,0
676039,9584,0,0,1,0,0
676045,9585,0,0,1,0,0
676078,9586,0,0,1,0,0
676362,9587,0,0,0,1,0
676371,9588,0,0,1,0,0
676512,9589,0,0,0,1,0
676597,9590,0,0,0,1,0
676714,9591,0,0,0,1,0
676774,9592,0,0,1,0,0
676911,9593,0,0,1,0,0
677026,9594,0,0,0,1,0
677037,9595,0,0,1,0,0
677244,9596,0,0,0,1,0
677373,9597,0,0,0,1,0
677417,9598,0,0,1,0,0
677504,9599,0,0,0,1,0
677562,9600,0,0,1,0,0
677652,9601,0,0,0,1,0
677926,9602,0,0,1,0,0
678029,9603,0,0,0,1,0
678072,9604,0,0,1,0,0
678116,9605,0,0,1,0,0
678228,9606,0,0,0,1,0
678343,9607,0,0,0,1,0
678465,9608,0,0,0,1,0
678556,9609,0,0,1,0,0
678618,9610,0,0,0,1,0
678821,9611,0,0,0,1,0
678892,9612,0,0,1,0,0
678993,9613,0,0,0,1,0
679132,9614,0,0,0,1,0
679208,9615,0,0,1,0,0
679235,9616,0,0,1,0,0
679320,9617,0,0,0,1,0
679442,9618,0,0,0,1,0
679491,9619,0,0,1,0,0
679604,9620,0,0,0,1,0
679727,9621,0,0,1,0,0
679840,9622,0,0,0,1,0
679947,9623,0,0,0,1,0
679971,9624,0,0,1,0,0
680046,9625,0,0,1,0,0
680145,9626,0,0,0,1,0
680161,9627,0,0,1,0,0
680273,9628,0,0,0,1,0
680323,9629,0,0,1,0,0
680434,9630,0,0,0,1,0
680463,9631,0,0,1,0,0
680553,9632,0,0,0,1,0
680686,9633,0,0,0,1,0
680808,9634,0,0,0,1,0
680924,9635,0,0,0,1,0
681048,9636,0,0,0,1,0
681138,9637,0,0,0,1,0
681266,9638,0,0,0,1,0
681336,9639,0,0,1,0,0
681467,9640,0,0,1,0,0
681564,9641,0,0,1,0,0
681674,9642,0,0,0,1,0
681768,9643,0,0,1,0,0
681887,9644,0,0,0,1,0
681928,9645,0,0,1,0,0
682040,9646,0,0,0,1,0
682072,9647,0,0,1,0,0
682175,9648,0,0,0,1,0
682252,9649,0,0,1,0,0
682345,9650,0,0,0,1,0
682391,9651,0,0,1,0,0
682395,9652,0,0,1,0,0
682423,9653,0,0,1,0,0
682544,9654,0,0,0,1,0
682633,9655,0,0,0,1,0
682736,9656,0,0,1,0,0
682856,9657,0,0,0,1,0
682957,9658,0,0,0,1,0
683035,9659,0,0,1,0,0
683123,9660,0,0,0,1,0
683238,9661,0,0,0,1,0
683298,9662,0,0,1,0,0
683406,9663,0,0,0,1,0
683561,9664,0,0,0,1,0
683677,9665,0,0,1,0,0
683682,9666,0,0,1,0,0
683810,9667,0,0,0,1,0
683929,9668,0,0,0,1,0
684019,9669,0,0,0,1,0
684142,9670,0,0,0,1,0
684237,9671,0,0,1,0,0
684353,9672,0,0,0,1,0
684474,9673,0,0,0,1,0
684595,9674,0,0,0,1,0
684707,9675,0,0,0,1,0
684708,9676,1,0,0,0,0
684768,9677,0,0,1,0,0
684887,9678,0,0,0,1,0
684896,9679,0,0,1,0,0
684978,9680,0,0,0,1,0
685021,9681,0,0,1,0,0
685146,9682,0,0,1,0,0
685288,9683,0,0,1,0,0
685411,9684,0,0,0,1,0
685530,9685,0,0,0,1,0
685543,9686,0,0,1,0,0
685657,9687,0,0,0,1,0
685681,9688,0,0,1,0,0
685814,9689,0,0,0,1,0
685892,9690,0,0,1,0,0
686016,9691,0,0,1,0,0
686125,9692,0,0,0,1,0
686222,9693,0,0,0,1,0
686302,9694,0,0,1,0,0
686422,9695,0,0,0,1,0
686538,9696,0,0,0,1,0
686563,9697,0,0,1,0,0
686578,9698,0,0,1,0,0
686656,9699,0,0,1,0,0
686781,9700,0,0,0,1,0
686839,9701,0,0,1,0,0
686877,9702,0,0,1,0,0
686940,9703,0,0,1,0,0
687048,9704,0,0,0,1,0
687162,9705,0,0,1,0,0
687280,9706,0,0,0,1,0
687333,9707,0,0,1,0,0
687471,9708,0,0,0,1,0
687594,9709,0,0,0,1,0
687706,9710,0,0,0,1,0
687730,9711,0,0,1,0,0
687809,9712,0,0,1,0,0
687951,9713,0,0,0,1,0
688140,9714,0,0,0,1,0
688312,9715,0,0,1,0,0
688391,9716,0,0,1,0,0
688445,9717,0,0,1,0,0
688568,9718,0,0,0,1,0
688629,9719,0,0,1,0,0
688737,9720,0,0,1,0,0
688812,9721,0,0,1,0,0
688952,9722,0,0,0,1,0
689075,9723,0,0,1,0,0
689153,9724,0,0,1,0,0
689445,9725,0,0,0,1,0
689542,9726,0,0,1,0,0
689663,9727,0,0,0,1,0
689787,9728,0,0,0,1,0
689879,9729,0,0,1,0,0
689920,9730,0,0,1,0,0
690058,9731,0,0,0,1,0
690149,9732,0,0,0,1,0
690281,9733,0,0,0,1,0
690409,9734,0,0,0,1,0
690508,9735,0,0,0,1,0
690622,9736,0,0,0,1,0
690644,9737,0,0,1,0,0
690784,9738,0,0,0,1,0
690787,9739,0,0,1,0,0
690901,9740,0,0,0,1,0
691027,9741,0,0,0,1,0
691035,9742,0,0,1,0,0
691141,9743,0,0,1,0,0
691267,9744,0,0,1,0,0
691398,9745,0,0,0,1,0
691514,9746,0,0,0,1,0
691579,9747,0,0,1,0,0
691668,9748,0,0,1,0,0
691730,9749,0,0,1,0,0
691768,9750,0,0,1,0,0
691895,9751,0,0,0,1,0
692001,9752,0,0,1,0,0
692160,9753,0,0,0,1,0
692325,9754,0,0,0,1,0
692461,9755,0,0,1,0,0
692624,9756,0,0,0,1,0
692746,9757,0,0,0,1,0
692876,9758,0,0,0,1,0
692968,9759,0,0,0,1,0
692976,9760,0,0,1,0,0
693101,9761,0,0,0,1,0
693214,9762,0,0,0,1,0
693335,9763,0,0,0,1,0
693452,9764,0,0,0,1,0
693585,9765,0,0,0,1,0
693703,9766,0,0,0,1,0
693794,9767,0,0,0,1,0
693851,9768,0,0,1,0,0
693960,9769,0,0,0,1,0
694053,9770,0,0,1,0,0
694161,9771,0,0,0,1,0
694266,9772,0,0,0,1,0
694351,9773,0,0,0,1,0
694446,9774,0,0,1,0,0
694544,9775,0,0,0,1,0
694661,9776,0,0,0,1,0
694789,9777,0,0,0,1,0
694929,9778,0,0,0,1,0
695002,9779,0,0,1,0,0
695114,9780,0,0,0,1,0
695234,9781,0,0,0,1,0
695480,9782,0,0,0,1,0
695619,9783,0,0,0,1,0
695733,9784,0,0,0,1,0
695834,9785,0,0,1,0,0
695849,9786,1,0,0,0,0
695854,9787,0,0,1,0,0
695963,9788,0,0,0,1,0
696092,9789,0,0,0,1,0
696114,9790,0,0,1,0,0
696210,9791,0,0,0,1,0
696236,9792,0,0,1,0,0
696245,9793,0,0,1,0,0
696348,9794,0,0,0,1,0
696428,9795,0,0,0,1,0
696528,9796,0,0,0,1,0
696668,9797,0,0,0,1,0
696815,9798,0,0,0,1,0
696902,9799,0,0,0,1,0
696992,9800,0,0,0,1,0
697103,9801,0,0,0,1,0
697231,9802,0,0,0,1,0
697374,9803,0,0,0,1,0
697463,9804,0,0,0,1,0
697586,9805,0,0,0,1,0
697698,9806,0,0,0,1,0
697710,9807,0,0,1,0,0
697848,9808,0,0,0,1,0
698022,9809,0,0,0,1,0
698155,9810,0,0,0,1,0
698200,9811,0,0,1,0,0
698316,9812,0,0,1,0,0
698428,9813,0,0,0,1,0
698562,9814,0,0,0,1,0
698694,9815,0,0,0,1,0
698807,9816,0,0,0,1,0
698929,9817,0,0,0,1,0
699055,9818,0,0,0,1,0
699155,9819,0,0,0,1,0
699253,9820,0,0,0,1,0
699345,9821,0,0,1,0,0
699347,9822,0,0,1,0,0
699437,9823,0,0,0,1,0
699550,9824,0,0,0,1,0
699657,9825,0,0,0,1,0
699766,9826,0,0,0,1,0
699816,9827,0,0,1,0,0
699907,9828,0,0,0,1,0
700057,9829,0,0,0,1,0
700178,9830,0,0,0,1,0
700296,9831,0,0,0,1,0
700395,9832,0,0,0,1,0
700524,9833,0,0,0,1,0
700620,9834,0,0,0,1,0
700738,9835,0,0,0,1,0
700799,9836,0,0,1,0,0
700942,9837,0,0,0,1,0
701094,9838,0,0,0,1,0
701211,9839,0,0,0,1,0
701219,9840,0,0,1,0,0
701330,9841,0,0,1,0,0
701451,9842,0,0,0,1,0
701460,9843,0,0,1,0,0
701532,9844,0,0,1,0,0
701667,9845,0,0,0,1,0
701669,9846,0,0,1,0,0
701758,9847,0,0,0,1,0
701887,9848,0,0,0,1,0
701938,9849,0,0,1,0,0
702091,9850,0,0,0,1,0
702220,9851,0,0,0,1,0
702346,9852,0,0,1,0,0
702381,9853,0,0,1,0,0
702502,9854,0,0,1,0,0
702665,9855,0,0,1,0,0
702688,9856,0,0,1,0,0
702805,9857,0,0,0,1,0
702920,9858,0,0,1,0,0
702976,9859,0,0,1,0,0
703110,9860,0,0,0,1,0
703230,9861,0,0,0,1,0
703368,9862,0,0,0,1,0
703481,9863,0,0,0,1,0
703504,9864,0,0,1,0,0
703556,9865,0,0,1,0,0
703685,9866,0,0,0,1,0
703798,9867,0,0,0,1,0
703922,9868,0,0,0,1,0
704041,9869,0,0,0,1,0
704047,9870,0,0,1,0,0
704166,9871,0,0,0,1,0
704292,9872,0,0,0,1,0
704365,9873,0,0,1,0,0
704383,9874,0,0,1,0,0
704493,9875,0,0,0,1,0
704588,9876,0,0,0,1,0
704727,9877,0,0,0,1,0
704827,9878,0,0,0,1,0
704950,9879,0,0,0,1,0
705050,9880,0,0,1,0,0
705175,9881,0,0,0,1,0
705299,9882,0,0,0,1,0
705434,9883,0,0,0,1,0
705496,9884,0,0,1,0,0
705537,9885,0,0,1,0,0
705540,9886,1,0,0,0,0
705630,9887,0,0,0,1,0
705746,9888,0,0,0,1,0
705887,9889,0,0,0,1,0
705966,9890,0,0,1,0,0
706057,9891,0,0,0,1,0
706111,9892,0,0,1,0,0
706146,9893,0,0,1,0,0
706188,9894,0,0,1,0,0
706189,9895,0,0,1,0,0
706324,9896,0,0,0,1,0
706447,9897,0,0,0,1,0
706471,9898,0,0,1,0,0
706605,9899,0,0,0,1,0
706704,9900,0,0,0,1,0
706790,9901,0,0,0,1,0
706819,9902,0,0,1,0,0
706838,9903,0,0,1,0,0
706884,9904,0,0,1,0,0
706986,9905,0,0,0,1,0
707086,9906,0,0,1,0,0
707117,9907,0,0,1,0,0
707121,9908,0,0,1,0,0
707186,9909,0,0,1,0,0
707245,9910,0,0,1,0,0
707365,9911,0,0,0,1,0
707476,9912,0,0,0,1,0
707487,9913,0,0,1,0,0
707594,9914,0,0,0,1,0
707621,9915,0,0,1,0,0
707740,9916,0,0,0,1,0
707792,9917,0,0,1,0,0
707905,9918,0,0,0,1,0
708022,9919,0,0,0,1,0
708052,9920,0,0,1,0,0
708064,9921,0,0,1,0,0
708189,9922,0,0,1,0,0
708202,9923,0,0,1,0,0
708332,9924,0,0,0,1,0
708455,9925,0,0,0,1,0
708582,9926,0,0,0,1,0
708723,9927,0,0,1,0,0
708780,9928,0,0,1,0,0
708908,9929,0,0,0,1,0
709028,9930,0,0,0,1,0
709154,9931,0,0,0,1,0
709246,9932,0,0,0,1,0
709316,9933,0,0,1,0,0
709437,9934,0,0,0,1,0
709559,9935,0,0,0,1,0
709673,9936,0,0,0,1,0
709720,9937,0,0,1,0,0
709739,9938,0,0,1,0,0
709877,9939,0,0,0,1,0
709950,9940,0,0,1,0,0
710038,9941,0,0,1,0,0
710090,9942,0,0,1,0,0
710168,9943,0,0,1,0,0
710254,9944,0,0,0,1,0
710388,9945,0,0,0,1,0
710486,9946,0,0,0,1,0
710562,9947,0,0,1,0,0
710685,9948,0,0,0,1,0
710847,9949,0,0,0,1,0
710967,9950,0,0,0,1,0
711073,9951,0,0,0,1,0
711151,9952,0,0,1,0,0
711155,9953,0,0,1,0,0
711161,9954,0,0,1,0,0
711170,9955,1,0,0,0,0
711300,9956,0,0,0,1,0
711411,9957,0,0,0,1,0
711540,9958,0,0,0,1,0
711713,9959,0,0,1,0,0
711799,9960,0,0,1,0,0
711826,9961,0,0,1,0,0
711946,9962,0,0,0,1,0
711978,9963,0,0,1,0,0
712141,9964,0,0,0,1,0
712272,9965,0,0,1,0,0
712394,9966,0,0,0,1,0
712496,9967,0,0,1,0,0
712510,9968,0,0,1,0,0
712514,9969,0,0,1,0,0
712661,9970,0,0,0,1,0
712726,9971,0,0,1,0,0
712847,9972,0,0,0,1,0
712903,9973,0,0,1,0,0
713024,9974,0,0,0,1,0
713118,9975,0,0,0,1,0
713247,9976,0,0,1,0,0
713345,9977,0,0,0,1,0
713352,9978,1,0,0,0,0
713500,9979,0,0,0,1,0
713550,9980,0,0,1,0,0
713674,9981,0,0,0,1,0
713776,9982,0,0,0,1,0
713866,9983,0,0,0,1,0
713998,9984,0,0,0,1,0
714082,9985,0,0,0,1,0
714083,9986,0,0,1,0,0
714169,9987,0,0,1,0,0
714273,9988,0,0,0,1,0
714290,9989,0,0,1,0,0
714383,9990,0,0,0,1,0
714472,9991,0,0,1,0,0
714528,9992,0,0,1,0,0
714657,9993,0,0,0,1,0
714760,9994,0,0,0,1,0
714888,9995,0,0,0,1,0
715005,9996,0,0,0,1,0
715009,9997,1,0,0,0,0
715017,9998,0,0,1,0,0
715023,9999,1,0,0,0,0
715145,10000,0,0,0,1,0
715152,10001,0,0,1,0,0
715189,10002,0,0,1,0,0
715297,10003,0,0,1,0,0
715413,10004,0,0,0,1,0
715450,10005,0,0,1,0,0
715557,10006,0,0,0,1,0
715679,10007,0,0,0,1,0
715791,10008,0,0,0,1,0
715830,10009,0,0,1,0,0
715958,10010,0,0,0,1,0
716051,10011,0,0,0,1,0
716172,10012,0,0,1,0,0
716301,10013,0,0,0,1,0
716354,10014,0,0,1,0,0
716387,10015,0,0,1,0,0
716388,10016,0,0,1,0,0
716500,10017,0,0,0,1,0
716609,10018,0,0,0,1,0
716737,10019,0,0,0,1,0
716741,10020,0,0,1,0,0
716836,10021,0,0,0,1,0
716944,10022,0,0,0,1,0
717072,10023,0,0,0,1,0
717214,10024,0,0,0,1,0
717222,10025,0,0,1,0,0
717273,10026,0,0,1,0,0
717393,10027,0,0,1,0,0
717516,10028,0,0,0,1,0
717616,10029,0,0,0,1,0
717690,10030,0,0,1,0,0
717833,10031,0,0,0,1,0
717923,10032,0,0,0,1,0
718040,10033,0,0,0,1,0
718191,10034,0,0,0,1,0
718241,10035,0,0,1,0,0
718254,10036,0,0,1,0,0
718362,10037,0,0,0,1,0
718472,10038,0,0,0,1,0
718599,10039,0,0,0,1,0
718626,10040,0,0,1,0,0
718694,10041,0,0,1,0,0
718732,10042,0,0,1,0,0
719071,10043,0,0,0,1,0
719171,10044,0,0,0,1,0
719226,10045,0,0,1,0,0
719365,10046,0,0,0,1,0
719471,10047,0,0,0,1,0
719481,10048,0,0,1,0,0
719604,10049,0,0,0,1,0
719732,10050,0,0,0,1,0
719776,10051,0,0,1,0,0
719853,10052,0,0,1,0,0
719944,10053,0,0,1,0,0
720068,10054,0,0,1,0,0
720154,10055,0,0,1,0,0
720307,10056,0,0,0,1,0
720315,10057,0,0,1,0,0
720444,10058,0,0,0,1,0
720551,10059,0,0,0,1,0
720613,10060,0,0,1,0,0
720704,10061,0,0,0,1,0
720839,10062,0,0,0,1,0
720903,10063,0,0,1,0,0
720969,10064,0,0,1,0,0
721085,10065,0,0,0,1,0
721222,10066,0,0,0,1,0
721296,10067,0,0,1,0,0
721430,10068,0,0,0,1,0
721543,10069,0,0,0,1,0
721655,10070,0,0,0,1,0
721776,10071,0,0,1,0,0
721889,10072,0,0,0,1,0
721963,10073,0,0,1,0,0
722089,10074,0,0,0,1,0
722175,10075,0,0,0,1,0
722292,10076,0,0,0,1,0
722401,10077,0,0,1,0,0
722453,10078,0,0,1,0,0
722459,10079,0,0,1,0,0
722571,10080,0,0,0,1,0
722676,10081,0,0,0,1,0
722798,10082,0,0,1,0,0
722973,10083,0,0,1,0,0
723031,10084,0,0,1,0,0
723132,10085,0,0,0,1,0
723260,10086,0,0,0,1,0
723360,10087,0,0,0,1,0
723443,10088,0,0,1,0,0
723554,10089,0,0,1,0,0
723676,10090,0,0,0,1,0
723693,10091,0,0,1,0,0
723802,10092,0,0,1,0,0
723938,10093,0,0,0,1,0
724060,10094,0,0,0,1,0
724200,10095,0,0,0,1,0
724213,10096,0,0,1,0,0
724330,10097,0,0,0,1,0
724337,10098,0,0,1,0,0
724499,10099,0,0,0,1,0
724590,10100,0,0,0,1,0
724662,10101,0,0,1,0,0
724810,10102,0,0,0,1,0
724932,10103,0,0,0,1,0
725050,10104,0,0,1,0,0
725117,10105,0,0,1,0,0
725232,10106,0,0,0,1,0
725260,10107,0,0,1,0,0
725365,10108,0,0,1,0,0
725375,10109,0,0,1,0,0
725469,10110,0,0,1,0,0
725573,10111,0,0,1,0,0
725596,10112,0,0,1,0,0
725626,10113,0,0,1,0,0
725747,10114,0,0,0,1,0
725789,10115,0,0,1,0,0
725874,10116,0,0,1,0,0
726006,10117,0,0,0,1,0
726082,10118,0,0,1,0,0
726171,10119,0,0,0,1,0
726301,10120,0,0,0,1,0
726370,10121,0,0,1,0,0
726434,10122,0,0,1,0,0
726439,10123,1,0,0,0,0
726519,10124,0,0,1,0,0
726629,10125,0,0,0,1,0
726705,10126,0,0,1,0,0
726809,10127,0,0,0,1,0
726935,10128,0,0,0,1,0
727048,10129,0,0,1,0,0
727152,10130,0,0,0,1,0
727272,10131,0,0,0,1,0
727279,10132,1,0,0,0,0
727285,10133,0,0,1,0,0
727405,10134,0,0,0,1,0
727497,10135,0,0,1,0,0
727499,10136,0,0,1,0,0
727594,10137,0,0,0,1,0
727695,10138,0,0,0,1,0
727801,10139,0,0,0,1,0
727911,10140,0,0,0,1,0
728031,10141,0,0,0,1,0
728128,10142,0,0,1,0,0
728211,10143,0,0,0,1,0
728301,10144,0,0,1,0,0
728389,10145,0,0,1,0,0
728507,10146,0,0,0,1,0
728629,10147,0,0,0,1,0
728641,10148,0,0,1,0,0
728761,10149,0,0,0,1,0
728864,10150,0,0,0,1,0
728971,10151,0,0,0,1,0
729003,10152,0,0,1,0,0
729124,10153,0,0,0,1,0
729180,10154,0,0,1,0,0
729257,10155,0,0,1,0,0
729294,10156,0,0,1,0,0
729373,10157,0,0,1,0,0
729382,10158,0,0,1,0,0
729500,10159,0,0,0,1,0
729618,10160,0,0,0,1,0
729701,10161,0,0,0,1,0
729706,10162,0,0,1,0,0
729834,10163,0,0,0,1,0
729952,10164,0,0,0,1,0
730082,10165,0,0,1,0,0
730127,10166,0,0,1,0,0
730251,10167,0,0,0,1,0
730381,10168,0,0,0,1,0
730404,10169,0,0,1,0,0
730449,10170,0,0,1,0,0
730570,10171,0,0,0,1,0
730683,10172,0,0,0,1,0
730804,10173,0,0,0,1,0
730807,10174,0,0,1,0,0
730817,10175,0,0,1,0,0
730907,10176,0,0,0,1,0
730993,10177,0,0,0,1,0
731098,10178,0,0,1,0,0
731206,10179,0,0,0,1,0
731322,10180,0,0,0,1,0
731336,10181,0,0,1,0,0
731442,10182,0,0,0,1,0
731542,10183,0,0,0,1,0
731568,10184,0,0,1,0,0
731678,10185,0,0,1,0,0
731684,10186,0,0,1,0,0
731814,10187,0,0,0,1,0
731835,10188,0,0,1,0,0
731966,10189,0,0,0,1,0
732087,10190,0,0,0,1,0
732202,10191,0,0,0,1,0
732319,10192,0,0,0,1,0
732426,10193,0,0,0,1,0
732528,10194,0,0,0,1,0
732612,10195,0,0,0,1,0
732746,10196,0,0,0,1,0
732866,10197,0,0,0,1,0
732964,10198,0,0,0,1,0
733102,10199,0,0,0,1,0
733181,10200,0,0,1,0,0
733185,10201,0,0,1,0,0
733286,10202,0,0,0,1,0
733326,10203,0,0,1,0,0
733454,10204,0,0,0,1,0
733580,10205,0,0,0,1,0
733702,10206,0,0,0,1,0
733724,10207,0,0,1,0,0
733813,10208,0,0,0,1,0
733898,10209,0,0,0,1,0
734030,10210,0,0,0,1,0
734098,10211,0,0,1,0,0
734222,10212,0,0,1,0,0
734264,10213,0,0,1,0,0
734351,10214,0,0,1,0,0
734365,10215,0,0,1,0,0
734451,10216,0,0,1,0,0
734560,10217,0,0,0,1,0
734673,10218,0,0,0,1,0
734764,10219,0,0,0,1,0
734813,10220,0,0,1,0,0
734910,10221,0,0,0,1,0
735033,10222,0,0,0,1,0
735142,10223,0,0,0,1,0
735262,10224,0,0,0,1,0
735323,10225,0,0,1,0,0
735354,10226,0,0,1,0,0
735405,10227,0,0,1,0,0
735667,10228,0,0,0,1,0
735795,10229,0,0,0,1,0
735911,10230,0,0,0,1,0
736009,10231,0,0,0,1,0
736129,10232,0,0,0,1,0
736218,10233,0,0,1,0,0
736347,10234,0,0,1,0,0
736355,10235,0,0,1,0,0
736473,10236,0,0,0,1,0
736598,10237,0,0,0,1,0
736747,10238,0,0,0,1,0
736868,10239,0,0,0,1,0
736984,10240,0,0,0,1,0
737068,10241,0,0,1,0,0
737074,10242,0,0,1,0,0
737211,10243,0,0,0,1,0
737248,10244,0,0,1,0,0
737371,10245,0,0,0,1,0
737515,10246,0,0,0,1,0
737653,10247,0,0,0,1,0
737773,10248,0,0,0,1,0
737914,10249,0,0,0,1,0
737996,10250,0,0,1,0,0
738060,10251,0,0,1,0,0
738442,10252,0,0,0,1,0
738575,10253,0,0,0,1,0
738715,10254,0,0,0,1,0
738804,10255,0,0,1,0,0
738944,10256,0,0,0,1,0
738974,10257,0,0,1,0,0
739167,10258,0,0,0,1,0
739169,10259,0,0,1,0,0
739253,10260,0,0,1,0,0
739309,10261,0,0,1,0,0
739465,10262,0,0,0,1,0
739618,10263,0,0,0,1,0
739689,10264,0,0,1,0,0
739741,10265,0,0,1,0,0
739765,10266,0,0,1,0,0
739799,10267,0,0,1,0,0
739931,10268,0,0,0,1,0
740009,10269,0,0,1,0,0
740131,10270,0,0,0,1,0
740145,10271,0,0,1,0,0
740182,10272,0,0,1,0,0
740218,10273,0,0,1,0,0
740232,10274,0,0,1,0,0
740359,10275,0,0,0,1,0
740483,10276,0,0,0,1,0
740533,10277,0,0,1,0,0
740537,10278,0,0,1,0,0
740608,10279,0,0,1,0,0
740743,10280,0,0,0,1,0
740865,10281,0,0,0,1,0
740997,10282,0,0,0,1,0
741092,10283,0,0,1,0,0
741151,10284,0,0,1,0,0
741252,10285,0,0,0,1,0
741340,10286,0,0,1,0,0
741435,10287,0,0,0,1,0
741570,10288,0,0,0,1,0
741631,10289,0,0,1,0,0
741750,10290,0,0,1,0,0
741753,10291,0,0,1,0,0
741858,10292,0,0,1,0,0
741988,10293,0,0,1,0,0
742109,10294,0,0,0,1,0
742225,10295,0,0,0,1,0
742358,10296,0,0,1,0,0
742459,10297,0,0,0,1,0
742476,10298,0,0,1,0,0
742593,10299,0,0,0,1,0
742721,10300,0,0,0,1,0
742861,10301,0,0,0,1,0
742945,10302,0,0,0,1,0
743021,10303,0,0,1,0,0
743059,10304,0,0,1,0,0
743185,10305,0,0,0,1,0
743306,10306,0,0,0,1,0
743334,10307,0,0,1,0,0
743432,10308,0,0,0,1,0
743556,10309,0,0,0,1,0
743618,10310,0,0,1,0,0
743734,10311,0,0,0,1,0
743768,10312,0,0,1,0,0
743776,10313,0,0,1,0,0
743836,10314,0,0,1,0,0
743883,10315,0,0,1,0,0
743987,10316,0,0,0,1,0
744093,10317,0,0,0,1,0
744136,10318,0,0,1,0,0
744375,10319,0,0,0,1,0
744451,10320,0,0,1,0,0
744573,10321,0,0,1,0,0
744611,10322,0,0,1,0,0
744701,10323,0,0,0,1,0
744804,10324,0,0,0,1,0
744941,10325,0,0,0,1,0
745077,10326,0,0,0,1,0
745196,10327,0,0,0,1,0
745315,10328,0,0,0,1,0
745403,10329,0,0,1,0,0
745527,10330,0,0,0,1,0
745661,10331,0,0,0,1,0
745767,10332,0,0,0,1,0
745876,10333,0,0,0,1,0
745999,10334,0,0,0,1,0
746126,10335,0,0,0,1,0
746264,10336,0,0,0,1,0
746385,10337,0,0,0,1,0
746475,10338,0,0,0,1,0
746573,10339,0,0,0,1,0
746673,10340,0,0,0,1,0
746769,10341,0,0,0,1,0
746891,10342,0,0,0,1,0
746988,10343,0,0,0,1,0
747076,10344,0,0,0,1,0
747113,10345,0,0,1,0,0
747116,10346,0,0,1,0,0
747235,10347,0,0,0,1,0
747262,10348,0,0,1,0,0
747310,10349,0,0,1,0,0
747434,10350,0,0,0,1,0
747486,10351,0,0,1,0,0
747497,10352,0,0,1,0,0
747598,10353,0,0,1,0,0
747720,10354,0,0,0,1,0
747766,10355,0,0,1,0,0
747815,10356,0,0,1,0,0
747919,10357,0,0,0,1,0
747997,10358,0,0,1,0,0
748097,10359,0,0,1,0,0
748198,10360,0,0,1,0,0
748307,10361,0,0,0,1,0
748379,10362,0,0,1,0,0
748511,10363,0,0,0,1,0
748643,10364,0,0,0,1,0
748749,10365,0,0,0,1,0
748867,10366,0,0,0,1,0
748881,10367,0,0,1,0,0
748988,10368,0,0,1,0,0
749128,10369,0,0,0,1,0
749205,10370,0,0,1,0,0
749295,10371,0,0,1,0,0
749439,10372,0,0,0,1,0
749542,10373,0,0,1,0,0
749642,10374,0,0,0,1,0
749668,10375,0,0,1,0,0
749764,10376,0,0,0,1,0
749869,10377,0,0,0,1,0
749983,10378,0,0,0,1,0
750051,10379,0,0,1,0,0
750168,10380,0,0,0,1,0
750184,10381,0,0,1,0,0
750315,10382,0,0,0,1,0
750433,10383,0,0,0,1,0
750567,10384,0,0,0,1,0
750701,10385,0,0,0,1,0
750789,10386,0,0,1,0,0
750885,10387,0,0,1,0,0
751011,10388,0,0,0,1,0
751100,10389,0,0,0,1,0
751226,10390,0,0,0,1,0
751350,10391,0,0,0,1,0
751479,10392,0,0,0,1,0
751497,10393,0,0,1,0,0
751588,10394,0,0,1,0,0
751692,10395,0,0,0,1,0
751819,10396,0,0,0,1,0
751826,10397,0,0,1,0,0
751915,10398,0,0,0,1,0
752023,10399,0,0,0,1,0
752071,10400,0,0,1,0,0
752180,10401,0,0,1,0,0
752286,10402,0,0,0,1,0
752449,10403,0,0,0,1,0
752540,10404,0,0,0,1,0
752645,10405,0,0,0,1,0
752759,10406,0,0,0,1,0
752870,10407,0,0,1,0,0
752951,10408,0,0,1,0,0
753071,10409,0,0,1,0,0
753185,10410,0,0,0,1,0
753302,10411,0,0,0,1,0
753403,10412,0,0,0,1,0
753525,10413,0,0,1,0,0
753599,10414,0,0,1,0,0
753618,10415,0,0,1,0,0
753761,10416,0,0,0,1,0
753870,10417,0,0,0,1,0
753956,10418,0,0,0,1,0
753969,10419,0,0,1,0,0
754032,10420,0,0,1,0,0
754118,10421,0,0,1,0,0
754139,10422,0,0,1,0,0
754175,10423,0,0,1,0,0
754202,10424,0,0,1,0,0
754277,10425,0,0,1,0,0
754315,10426,0,0,1,0,0
754394,10427,0,0,0,1,0
754484,10428,0,0,0,1,0
754525,10429,0,0,1,0,0
754674,10430,0,0,0,1,0
754769,10431,0,0,0,1,0
754859,10432,0,0,0,1,0
754963,10433,0,0,0,1,0
754985,10434,0,0,1,0,0
755078,10435,0,0,0,1,0
755194,10436,0,0,0,1,0
755302,10437,0,0,1,0,0
755391,10438,0,0,0,1,0
755516,10439,0,0,0,1,0
755521,10440,0,0,1,0,0
755561,10441,0,0,1,0,0
755678,10442,0,0,0,1,0
755821,10443,0,0,0,1,0
755904,10444,0,0,0,1,0
755915,10445,0,0,1,0,0
756027,10446,0,0,0,1,0
756178,10447,0,0,0,1,0
756231,10448,0,0,1,0,0
756320,10449,0,0,0,1,0
756433,10450,0,0,0,1,0
756553,10451,0,0,0,1,0
756574,10452,0,0,1,0,0
756600,10453,0,0,1,0,0
756723,10454,0,0,0,1,0
756858,10455,0,0,0,1,0
756895,10456,0,0,1,0,0
757010,10457,0,0,0,1,0
757042,10458,0,0,1,0,0
757169,10459,0,0,0,1,0
757290,10460,0,0,0,1,0
757418,10461,0,0,0,1,0
757504,10462,0,0,0,1,0
757634,10463,0,0,0,1,0
757756,10464,0,0,0,1,0
757844,10465,0,0,0,1,0
757940,10466,0,0,0,1,0
758035,10467,0,0,1,0,0
758129,10468,0,0,0,1,0
758151,10469,0,0,1,0,0
758199,10470,0,0,1,0,0
758295,10471,0,0,0,1,0
758424,10472,0,0,0,1,0
758464,10473,0,0,1,0,0
758581,10474,0,0,0,1,0
758670,10475,0,0,0,1,0
758795,10476,0,0,0,1,0
758884,10477,0,0,1,0,0
758967,10478,0,0,0,1,0
759083,10479,0,0,0,1,0
759203,10480,0,0,0,1,0
759289,10481,0,0,0,1,0
759314,10482,0,0,1,0,0
759415,10483,0,0,0,1,0
759418,10484,1,0,0,0,0
759425,10485,0,0,1,0,0
759479,10486,0,0,1,0,0
759539,10487,0,0,1,0,0
759566,10488,0,0,1,0,0
759684,10489,0,0,0,1,0
759803,10490,0,0,0,1,0
759954,10491,0,0,0,1,0
760057,10492,0,0,0,1,0
760134,10493,0,0,1,0,0
760163,10494,0,0,1,0,0
760166,10495,0,0,1,0,0
760254,10496,0,0,1,0,0
760320,10497,0,0,1,0,0
760384,10498,0,0,1,0,0
760418,10499,0,0,1,0,0
760523,10500,0,0,0,1,0
760543,10501,0,0,1,0,0
760565,10502,0,0,1,0,0
760702,10503,0,0,0,1,0
760708,10504,1,0,0,0,0
760811,10505,0,0,0,1,0
760912,10506,0,0,0,1,0
761035,10507,0,0,0,1,0
761153,10508,0,0,0,1,0
761276,10509,0,0,0,1,0
761316,10510,0,0,1,0,0
761395,10511,0,0,1,0,0
761503,10512,0,0,0,1,0
761557,10513,0,0,1,0,0
761670,10514,0,0,0,1,0
761698,10515,0,0,1,0,0
761718,10516,0,0,1,0,0
761834,10517,0,0,0,1,0
761893,10518,0,0,1,0,0
761965,10519,0,0,1,0,0
762020,10520,0,0,1,0,0
762064,10521,0,0,1,0,0
762091,10522,0,0,1,0,0
762177,10523,0,0,1,0,0
762314,10524,0,0,1,0,0
762438,10525,0,0,0,1,0
762588,10526,0,0,0,1,0
762646,10527,0,0,1,0,0
762665,10528,0,0,1,0,0
762784,10529,0,0,0,1,0
762922,10530,0,0,0,1,0
763045,10531,0,0,0,1,0
763141,10532,0,0,1,0,0
763282,10533,0,0,0,1,0
763392,10534,0,0,0,1,0
763458,10535,0,0,1,0,0
763485,10536,0,0,1,0,0
763606,10537,0,0,0,1,0
763723,10538,0,0,0,1,0
763834,10539,0,0,0,1,0
763915,10540,0,0,1,0,0
764031,10541,0,0,0,1,0
764136,10542,0,0,0,1,0
764217,10543,0,0,1,0,0
764254,10544,0,0,1,0,0
764259,10545,1,0,0,0,0
764377,10546,0,0,0,1,0
764452,10547,0,0,1,0,0
764542,10548,0,0,1,0,0
764632,10549,0,0,1,0,0
764761,10550,0,0,0,1,0
764899,10551,0,0,0,1,0
764949,10552,0,0,1,0,0
765087,10553,0,0,0,1,0
765215,10554,0,0,1,0,0
765242,10555,0,0,1,0,0
765358,10556,0,0,0,1,0
765384,10557,0,0,1,0,0
765505,10558,0,0,0,1,0
765636,10559,0,0,0,1,0
765757,10560,0,0,0,1,0
765773,10561,0,0,1,0,0
765885,10562,0,0,1,0,0
765964,10563,0,0,1,0,0
766093,10564,0,0,0,1,0
766224,10565,0,0,0,1,0
766336,10566,0,0,0,1,0
766382,10567,0,0,1,0,0
766493,10568,0,0,1,0,0
766602,10569,0,0,1,0,0
766746,10570,0,0,0,1,0
766797,10571,0,0,1,0,0
767058,10572,0,0,1,0,0
767151,10573,0,0,0,1,0
767269,10574,0,0,1,0,0
767407,10575,0,0,0,1,0
767537,10576,0,0,0,1,0
767641,10577,0,0,1,0,0
767743,10578,0,0,1,0,0
767877,10579,0,0,0,1,0
767976,10580,0,0,1,0,0
768115,10581,0,0,0,1,0
768211,10582,0,0,0,1,0
768298,10583,0,0,1,0,0
768427,10584,0,0,0,1,0
768536,10585,0,0,0,1,0
768634,10586,0,0,0,1,0
768641,10587,0,0,1,0,0
768734,10588,0,0,1,0,0
768832,10589,0,0,0,1,0
768944,10590,0,0,0,1,0
769034,10591,0,0,0,1,0
769125,10592,0,0,0,1,0
769214,10593,0,0,1,0,0
769249,10594,0,0,1,0,0
769306,10595,0,0,1,0,0
769395,10596,0,0,0,1,0
769481,10597,0,0,0,1,0
769668,10598,0,0,0,1,0
769806,10599,0,0,0,1,0
769860,10600,0,0,1,0,0
769944,10601,0,0,1,0,0
770038,10602,0,0,1,0,0
770185,10603,0,0,0,1,0
770257,10604,0,0,1,0,0
770326,10605,0,0,1,0,0
770360,10606,0,0,1,0,0
770432,10607,0,0,1,0,0
770532,10608,0,0,0,1,0
770583,10609,0,0,1,0,0
770693,10610,0,0,0,1,0
770775,10611,0,0,1,0,0
770886,10612,0,0,1,0,0
770903,10613,0,0,1,0,0
770937,10614,0,0,1,0,0
771037,10615,0,0,1,0,0
771144,10616,0,0,1,0,0
771222,10617,0,0,1,0,0
771247,10618,0,0,1,0,0
771297,10619,0,0,1,0,0
771336,10620,0,0,1,0,0
771435,10621,0,0,1,0,0
771464,10622,0,0,1,0,0
771473,10623,0,0,1,0,0
771540,10624,0,0,1,0,0
771606,10625,0,0,1,0,0
771774,10626,0,0,0,1,0
771913,10627,0,0,0,1,0
771988,10628,0,0,1,0,0
772119,10629,0,0,0,1,0
772241,10630,0,0,1,0,0
772350,10631,0,0,0,1,0
772420,10632,0,0,1,0,0
772528,10633,0,0,0,1,0
772647,10634,0,0,1,0,0
772763,10635,0,0,0,1,0
772873,10636,0,0,0,1,0
772994,10637,0,0,0,1,0
773124,10638,0,0,0,1,0
773230,10639,0,0,0,1,0
773240,10640,0,0,1,0,0
773279,10641,0,0,1,0,0
773299,10642,0,0,1,0,0
773382,10643,0,0,1,0,0
773383,10644,0,0,1,0,0
773413,10645,0,0,1,0,0
773539,10646,0,0,0,1,0
773580,10647,0,0,1,0,0
773704,10648,0,0,0,1,0
773722,10649,0,0,1,0,0
773786,10650,0,0,1,0,0
773891,10651,0,0,0,1,0
773999,10652,0,0,0,1,0
774122,10653,0,0,0,1,0
774160,10654,0,0,1,0,0
774195,10655,0,0,1,0,0
774260,10656,0,0,1,0,0
774285,10657,0,0,1,0,0
774393,10658,0,0,0,1,0
774522,10659,0,0,0,1,0
774632,10660,0,0,0,1,0
774751,10661,0,0,0,1,0
774826,10662,0,0,1,0,0
774958,10663,0,0,0,1,0
774976,10664,0,0,1,0,0
775083,10665,0,0,1,0,0
775197,10666,0,0,0,1,0
775231,10667,0,0,1,0,0
775363,10668,0,0,0,1,0
775469,10669,0,0,0,1,0
775551,10670,0,0,0,1,0
775673,10671,0,0,0,1,0
775790,10672,0,0,0,1,0
775901,10673,0,0,0,1,0
776101,10674,0,0,0,1,0
776252,10675,0,0,0,1,0
776360,10676,0,0,1,0,0
776477,10677,0,0,0,1,0
776589,10678,0,0,0,1,0
776704,10679,0,0,0,1,0
776772,10680,0,0,1,0,0
776804,10681,0,0,1,0,0
776900,10682,0,0,1,0,0
776912,10683,0,0,1,0,0
776999,10684,0,0,1,0,0
777118,10685,0,0,0,1,0
777235,10686,0,0,0,1,0
777248,10687,0,0,1,0,0
777353,10688,0,0,0,1,0
777495,10689,0,0,0,1,0
777541,10690,0,0,1,0,0
777645,10691,0,0,0,1,0
777689,10692,0,0,1,0,0
777786,10693,0,0,0,1,0
777930,10694,0,0,0,1,0
778046,10695,0,0,0,1,0
778178,10696,0,0,0,1,0
778288,10697,0,0,0,1,0
778401,10698,0,0,0,1,0
778409,10699,0,0,1,0,0
778558,10700,0,0,1,0,0
778663,10701,0,0,0,1,0
778786,10702,0,0,0,1,0
778875,10703,0,0,0,1,0
778989,10704,0,0,0,1,0
779097,10705,0,0,1,0,0
779195,10706,0,0,1,0,0
779329,10707,0,0,0,1,0
779359,10708,0,0,1,0,0
779403,10709,0,0,1,0,0
779506,10710,0,0,1,0,0
779575,10711,0,0,1,0,0
779683,10712,0,0,0,1,0
779773,10713,0,0,0,1,0
779774,10714,1,0,0,0,0
779869,10715,0,0,1,0,0
780008,10716,0,0,0,1,0
780139,10717,0,0,0,1,0
780252,10718,0,0,0,1,0
780360,10719,0,0,1,0,0
780484,10720,0,0,0,1,0
780493,10721,0,0,1,0,0
780611,10722,0,0,0,1,0
780737,10723,0,0,0,1,0
780862,10724,0,0,0,1,0
780891,10725,0,0,1,0,0
780998,10726,0,0,0,1,0
781114,10727,0,0,0,1,0
781216,10728,0,0,1,0,0
781315,10729,0,0,0,1,0
781328,10730,0,0,1,0,0
781451,10731,0,0,0,1,0
781529,10732,0,0,1,0,0
781535,10733,0,0,1,0,0
781562,10734,0,0,1,0,0
781644,10735,0,0,1,0,0
781763,10736,0,0,0,1,0
781846,10737,0,0,0,1,0
781960,10738,0,0,0,1,0
782048,10739,0,0,0,1,0
782089,10740,0,0,1,0,0
782216,10741,0,0,0,1,0
782249,10742,0,0,1,0,0
782380,10743,0,0,0,1,0
782505,10744,0,0,0,1,0
782592,10745,0,0,1,0,0
782610,10746,0,0,1,0,0
782737,10747,0,0,0,1,0
782823,10748,0,0,0,1,0
782915,10749,0,0,1,0,0
783043,10750,0,0,0,1,0
783048,10751,0,0,1,0,0
783059,10752,0,0,1,0,0
783163,10753,0,0,0,1,0
783275,10754,0,0,1,0,0
783398,10755,0,0,0,1,0
783504,10756,0,0,0,1,0
783592,10757,0,0,0,1,0
783707,10758,0,0,0,1,0
783790,10759,0,0,1,0,0
783856,10760,0,0,1,0,0
783966,10761,0,0,0,1,0
784084,10762,0,0,0,1,0
784208,10763,0,0,0,1,0
784227,10764,0,0,1,0,0
784325,10765,0,0,0,1,0
784345,10766,0,0,1,0,0
784472,10767,0,0,0,1,0
784602,10768,0,0,0,1,0
784669,10769,0,0,1,0,0
784743,10770,0,0,1,0,0
784835,10771,0,0,0,1,0
784882,10772,0,0,1,0,0
784905,10773,0,0,1,0,0
785013,10774,0,0,0,1,0
785065,10775,0,0,1,0,0
785119,10776,0,0,1,0,0
785181,10777,0,0,1,0,0
785314,10778,0,0,0,1,0
785432,10779,0,0,0,1,0
785523,10780,0,0,1,0,0
785612,10781,0,0,0,1,0
785724,10782,0,0,1,0,0
785767,10783,0,0,1,0,0
785883,10784,0,0,0,1,0
786038,10785,0,0,1,0,0
786176,10786,0,0,0,1,0
786302,10787,0,0,0,1,0
786391,10788,0,0,0,1,0
786444,10789,0,0,1,0,0
786527,10790,0,0,0,1,0
786646,10791,0,0,0,1,0
786683,10792,0,0,1,0,0
786693,10793,0,0,1,0,0
786821,10794,0,0,0,1,0
786874,10795,0,0,1,0,0
787006,10796,0,0,0,1,0
787129,10797,0,0,0,1,0
787218,10798,0,0,0,1,0
787338,10799,0,0,0,1,0
787456,10800,0,0,1,0,0
787532,10801,0,0,1,0,0
787597,10802,0,0,1,0,0
787618,10803,0,0,1,0,0
787667,10804,0,0,1,0,0
787788,10805,0,0,0,1,0
787811,10806,0,0,1,0,0
787851,10807,0,0,1,0,0
787928,10808,0,0,0,1,0
788037,10809,0,0,0,1,0
788150,10810,0,0,0,1,0
788176,10811,0,0,1,0,0
788301,10812,0,0,0,1,0
788332,10813,0,0,1,0,0
788343,10814,0,0,1,0,0
788351,10815,0,0,1,0,0
788479,10816,0,0,0,1,0
788603,10817,0,0,0,1,0
788642,10818,0,0,1,0,0
788740,10819,0,0,0,1,0
788744,10820,1,0,0,0,0
788776,10821,0,0,1,0,0
788835,10822,0,0,1,0,0
788901,10823,0,0,1,0,0
789026,10824,0,0,0,1,0
789128,10825,0,0,0,1,0
789243,10826,0,0,0,1,0
789281,10827,0,0,1,0,0
789325,10828,0,0,1,0,0
789346,10829,0,0,1,0,0
789403,10830,0,0,1,0,0
789511,10831,0,0,0,1,0
789604,10832,0,0,0,1,0
789608,10833,0,0,1,0,0
789662,10834,0,0,1,0,0
789754,10835,0,0,0,1,0
789771,10836,0,0,1,0,0
789876,10837,0,0,0,1,0
789959,10838,0,0,0,1,0
790081,10839,0,0,0,1,0
790213,10840,0,0,0,1,0
790309,10841,0,0,0,1,0
790428,10842,0,0,0,1,0
790538,10843,0,0,0,1,0
790626,10844,0,0,0,1,0
790697,10845,0,0,1,0,0
790816,10846,0,0,0,1,0
790897,10847,0,0,0,1,0
790942,10848,0,0,1,0,0
791053,10849,0,0,0,1,0
791176,10850,0,0,0,1,0
791181,10851,0,0,1,0,0
791234,10852,0,0,1,0,0
791249,10853,0,0,1,0,0
791307,10854,0,0,1,0,0
791365,10855,0,0,1,0,0
791484,10856,0,0,0,1,0
791579,10857,0,0,0,1,0
791639,10858,0,0,0,1,0
791658,10859,0,0,1,0,0
791750,10860,0,0,0,1,0
791833,10861,0,0,0,1,0
791934,10862,0,0,0,1,0
792000,10863,0,0,1,0,0
792011,10864,0,0,1,0,0
792063,10865,0,0,0,1,0
792155,10866,0,0,0,1,0
792188,10867,0,0,1,0,0
792278,10868,0,0,0,1,0
792289,10869,0,0,1,0,0
792374,10870,0,0,0,1,0
792380,10871,0,0,1,0,0
792504,10872,0,0,0,1,0
792571,10873,0,0,1,0,0
792655,10874,0,0,0,1,0
792762,10875,0,0,0,1,0
792881,10876,0,0,0,1,0
792889,10877,0,0,1,0,0
793010,10878,0,0,0,1,0
793133,10879,0,0,0,1,0
793147,10880,0,0,1,0,0
793238,10881,0,0,0,1,0
793370,10882,0,0,0,1,0
793464,10883,0,0,0,1,0
793550,10884,0,0,0,1,0
793663,10885,0,0,1,0,0
793774,10886,0,0,1,0,0
793905,10887,0,0,0,1,0
793989,10888,0,0,0,1,0
794092,10889,0,0,0,1,0
794219,10890,0,0,0,1,0
794230,10891,0,0,1,0,0
794326,10892,0,0,0,1,0
794436,10893,0,0,0,1,0
794532,10894,0,0,0,1,0
794621,10895,0,0,0,1,0
794750,10896,0,0,0,1,0
794839,10897,0,0,0,1,0
794972,10898,0,0,0,1,0
795064,10899,0,0,1,0,0
795141,10900,0,0,1,0,0
795235,10901,0,0,1,0,0
795316,10902,0,0,1,0,0
795331,10903,0,0,1,0,0
795455,10904,0,0,0,1,0
795491,10905,0,0,1,0,0
795534,10906,0,0,1,0,0
795627,10907,0,0,1,0,0
795745,10908,0,0,0,1,0
795815,10909,0,0,1,0,0
795931,10910,0,0,1,0,0
796069,10911,0,0,0,1,0
796118,10912,0,0,1,0,0
796247,10913,0,0,0,1,0
796366,10914,0,0,0,1,0
796553,10915,0,0,0,1,0
796669,10916,0,0,0,1,0
796698,10917,0,0,1,0,0
796818,10918,0,0,0,1,0
796937,10919,0,0,0,1,0
797071,10920,0,0,0,1,0
797173,10921,0,0,1,0,0
797271,10922,0,0,0,1,0
797378,10923,0,0,0,1,0
797485,10924,0,0,0,1,0
797620,10925,0,0,0,1,0
797699,10926,0,0,1,0,0
797808,10927,0,0,1,0,0
797956,10928,0,0,0,1,0
798068,10929,0,0,0,1,0
798173,10930,0,0,0,1,0
798203,10931,0,0,1,0,0
798297,10932,0,0,1,0,0
798400,10933,0,0,0,1,0
798408,10934,0,0,1,0,0
798538,10935,0,0,0,1,0
798639,10936,0,0,1,0,0
798732,10937,0,0,0,1,0
798841,10938,0,0,0,1,0
798926,10939,0,0,1,0,0
798950,10940,0,0,1,0,0
798961,10941,0,0,1,0,0
799061,10942,0,0,0,1,0
799202,10943,0,0,0,1,0
799320,10944,0,0,1,0,0
799438,10945,0,0,0,1,0
799496,10946,0,0,1,0,0
799521,10947,0,0,1,0,0
799641,10948,0,0,0,1,0
799647,10949,1,0,0,0,0
799744,10950,0,0,1,0,0
799786,10951,0,0,1,0,0
799910,10952,0,0,0,1,0
800044,10953,0,0,0,1,0
800081,10954,0,0,1,0,0
800194,10955,0,0,0,1,0
800228,10956,0,0,1,0,0
800329,10957,0,0,0,1,0
800375,10958,0,0,1,0,0
800414,10959,0,0,1,0,0
800533,10960,0,0,1,0,0
800611,10961,0,0,1,0,0
800718,10962,0,0,0,1,0
800737,10963,0,0,1,0,0
800866,10964,0,0,0,1,0
800956,10965,0,0,1,0,0
801075,10966,0,0,0,1,0
801177,10967,0,0,1,0,0
801182,10968,0,0,1,0,0
801270,10969,0,0,1,0,0
801330,10970,0,0,1,0,0
801466,10971,0,0,0,1,0
801469,10972,1,0,0,0,0
801596,10973,0,0,0,1,0
801663,10974,0,0,1,0,0
801692,10975,0,0,1,0,0
801799,10976,0,0,0,1,0
801888,10977,0,0,0,1,0
801899,10978,0,0,1,0,0
801984,10979,0,0,0,1,0
802002,10980,0,0,1,0,0
802072,10981,0,0,1,0,0
802123,10982,0,0,1,0,0
802280,10983,0,0,0,1,0
802367,10984,0,0,1,0,0
802490,10985,0,0,0,1,0
802550,10986,0,0,1,0,0
802650,10987,0,0,1,0,0
802759,10988,0,0,0,1,0
802846,10989,0,0,0,1,0
802961,10990,0,0,0,1,0
802981,10991,0,0,1,0,0
803114,10992,0,0,0,1,0
803181,10993,0,0,0,1,0
803287,10994,0,0,0,1,0
803348,10995,0,0,1,0,0
803397,10996,0,0,1,0,0
803461,10997,0,0,1,0,0
803607,10998,0,0,0,1,0
803760,10999,0,0,0,1,0
803779,11000,0,0,1,0,0
803859,11001,0,0,1,0,0
803920,11002,0,0,1,0,0
804032,11003,0,0,0,1,0
804108,11004,0,0,0,1,0
804199,11005,0,0,0,1,0
804300,11006,0,0,0,1,0
804400,11007,0,0,0,1,0
804502,11008,0,0,0,1,0
804609,11009,0,0,0,1,0
804696,11010,0,0,0,1,0
804748,11011,0,0,1,0,0
804860,11012,0,0,0,1,0
804940,11013,0,0,0,1,0
805057,11014,0,0,0,1,0
805077,11015,0,0,1,0,0
805184,11016,0,0,0,1,0
805300,11017,0,0,0,1,0
805421,11018,0,0,0,1,0
805487,11019,0,0,0,1,0
805593,11020,0,0,0,1,0
805715,11021,0,0,0,1,0
805855,11022,0,0,0,1,0
805877,11023,0,0,1,0,0
805994,11024,0,0,0,1,0
806099,11025,0,0,0,1,0
806108,11026,0,0,1,0,0
806195,11027,0,0,0,1,0
806314,11028,0,0,0,1,0
806428,11029,0,0,0,1,0
806441,11030,0,0,1,0,0
806537,11031,0,0,0,1,0
806540,11032,0,0,1,0,0
806657,11033,0,0,0,1,0
806779,11034,0,0,0,1,0
806878,11035,0,0,0,1,0
806973,11036,0,0,0,1,0
807104,11037,0,0,0,1,0
807153,11038,0,0,1,0,0
807269,11039,0,0,0,1,0
807396,11040,0,0,0,1,0
807508,11041,0,0,0,1,0
807624,11042,0,0,0,1,0
807626,11043,0,0,1,0,0
807751,11044,0,0,0,1,0
807868,11045,0,0,0,1,0
807995,11046,0,0,0,1,0
808124,11047,0,0,0,1,0
808236,11048,0,0,1,0,0
808318,11049,0,0,0,1,0
808377,11050,0,0,1,0,0
808508,11051,0,0,0,1,0
808601,11052,0,0,0,1,0
808714,11053,0,0,0,1,0
808733,11054,0,0,1,0,0
808749,11055,0,0,1,0,0
808812,11056,0,0,0,1,0
808824,11057,0,0,1,0,0
808910,11058,0,0,0,1,0
809016,11059,0,0,0,1,0
809038,11060,0,0,1,0,0
809098,11061,0,0,1,0,0
809307,11062,0,0,1,0,0
809362,11063,0,0,1,0,0
809436,11064,0,0,1,0,0
809486,11065,0,0,1,0,0
809618,11066,0,0,0,1,0
809744,11067,0,0,0,1,0
809839,11068,0,0,0,1,0
809936,11069,0,0,1,0,0
810025,11070,0,0,0,1,0
810122,11071,0,0,0,1,0
810212,11072,0,0,1,0,0
810302,11073,0,0,1,0,0
810397,11074,0,0,0,1,0
810432,11075,0,0,1,0,0
810535,11076,0,0,0,1,0
810613,11077,0,0,1,0,0
810679,11078,0,0,1,0,0
810802,11079,0,0,0,1,0
810883,11080,0,0,0,1,0
810889,11081,0,0,1,0,0
810971,11082,0,0,1,0,0
811095,11083,0,0,0,1,0
811138,11084,0,0,1,0,0
811254,11085,0,0,0,1,0
811380,11086,0,0,0,1,0
811484,11087,0,0,1,0,0
811497,11088,0,0,1,0,0
811502,11089,0,0,1,0,0
811577,11090,0,0,1,0,0
811662,11091,0,0,0,1,0
811715,11092,0,0,1,0,0
811765,11093,0,0,1,0,0
811849,11094,0,0,1,0,0
811886,11095,0,0,1,0,0
811978,11096,0,0,1,0,0
812035,11097,0,0,1,0,0
812202,11098,0,0,1,0,0
812213,11099,0,0,1,0,0
812342,11100,0,0,0,1,0
812417,11101,0,0,0,1,0
812500,11102,0,0,0,1,0
812571,11103,0,0,1,0,0
812623,11104,0,0,1,0,0
812719,11105,0,0,0,1,0
812738,11106,0,0,1,0,0
812803,11107,0,0,1,0,0
812908,11108,1,0,0,0,0
812943,11109,0,0,1,0,0
813016,11110,0,0,0,1,0
813083,11111,0,0,1,0,0
813088,11112,0,0,1,0,0
813203,11113,0,0,0,1,0
813288,11114,0,0,1,0,0
813358,11115,0,0,0,1,0
813575,11116,0,0,0,1,0
813618,11117,0,0,1,0,0
813626,11118,0,0,1,0,0
813741,11119,0,0,1,0,0
813830,11120,0,0,0,1,0
813952,11121,0,0,0,1,0
814050,11122,0,0,1,0,0
814159,11123,0,0,0,1,0
814261,11124,0,0,1,0,0
814386,11125,0,0,0,1,0
814387,11126,0,0,1,0,0
814514,11127,0,0,0,1,0
814644,11128,0,0,0,1,0
814738,11129,0,0,0,1,0
814768,11130,0,0,1,0,0
814848,11131,0,0,1,0,0
814972,11132,0,0,0,1,0
815059,11133,0,0,0,1,0
815183,11134,0,0,0,1,0
815278,11135,0,0,0,1,0
815317,11136,0,0,1,0,0
815451,11137,0,0,0,1,0
815536,11138,0,0,0,1,0
815567,11139,0,0,1,0,0
815693,11140,0,0,0,1,0
815702,11141,0,0,1,0,0
815772,11142,0,0,1,0,0
815914,11143,0,0,0,1,0
816004,11144,0,0,1,0,0
816007,11145,1,0,0,0,0
816039,11146,0,0,1,0,0
816128,11147,0,0,0,1,0
816239,11148,0,0,0,1,0
816323,11149,0,0,1,0,0
816378,11150,0,0,1,0,0
816469,11151,0,0,0,1,0
816599,11152,0,0,0,1,0
816631,11153,0,0,1,0,0
816744,11154,0,0,0,1,0
816873,11155,0,0,0,1,0
816875,11156,0,0,1,0,0
816993,11157,0,0,0,1,0
817102,11158,0,0,0,1,0
817229,11159,0,0,0,1,0
817308,11160,0,0,0,1,0
817387,11161,0,0,1,0,0
817404,11162,0,0,1,0,0
817431,11163,0,0,1,0,0
817490,11164,0,0,1,0,0
817596,11165,0,0,0,1,0
817653,11166,0,0,1,0,0
817666,11167,0,0,1,0,0
817704,11168,0,0,1,0,0
817813,11169,0,0,0,1,0
817831,11170,0,0,1,0,0
817890,11171,0,0,1,0,0
817977,11172,0,0,0,1,0
818073,11173,0,0,0,1,0
818209,11174,0,0,0,1,0
818307,11175,0,0,0,1,0
818407,11176,0,0,0,1,0
818418,11177,0,0,1,0,0
818520,11178,0,0,0,1,0
818630,11179,0,0,0,1,0
818706,11180,0,0,0,1,0
818755,11181,0,0,1,0,0
818841,11182,0,0,0,1,0
818925,11183,0,0,0,1,0
819035,11184,0,0,0,1,0
819038,11185,0,0,1,0,0
819043,11186,1,0,0,0,0
819111,11187,0,0,1,0,0
819205,11188,0,0,0,1,0
819303,11189,0,0,0,1,0
819419,11190,0,0,0,1,0
819482,11191,0,0,1,0,0
819508,11192,0,0,1,0,0
819566,11193,0,0,1,0,0
819652,11194,0,0,0,1,0
819748,11195,0,0,1,0,0
819817,11196,0,0,1,0,0
819908,11197,0,0,0,1,0
819927,11198,0,0,1,0,0
820017,11199,0,0,1,0,0
820146,11200,0,0,0,1,0
820246,11201,0,0,0,1,0
820281,11202,0,0,1,0,0
820342,11203,1,0,0,0,0
820467,11204,0,0,0,1,0
820576,11205,0,0,1,0,0
820674,11206,0,0,0,1,0
820733,11207,0,0,0,1,0
820786,11208,0,0,1,0,0
820791,11209,0,0,1,0,0
820848,11210,0,0,1,0,0
820920,11211,0,0,0,1,0
821003,11212,0,0,0,1,0
821088,11213,0,0,0,1,0
821142,11214,0,0,1,0,0
821291,11215,0,0,0,1,0
821388,11216,0,0,0,1,0
821486,11217,0,0,0,1,0
821495,11218,0,0,1,0,0
821636,11219,0,0,0,1,0
821717,11220,0,0,1,0,0
821839,11221,0,0,0,1,0
821974,11222,0,0,0,1,0
822106,11223,0,0,0,1,0
822226,11224,0,0,0,1,0
822363,11225,0,0,0,1,0
822433,11226,0,0,0,1,0
822616,11227,0,0,0,1,0
822736,11228,0,0,0,1,0
822858,11229,0,0,0,1,0
823014,11230,0,0,0,1,0
823154,11231,0,0,0,1,0
823278,11232,0,0,0,1,0
823327,11233,0,0,1,0,0
823451,11234,0,0,0,1,0
823580,11235,0,0,0,1,0
823700,11236,0,0,0,1,0
823750,11237,0,0,1,0,0
823899,11238,0,0,0,1,0
823926,11239,0,0,1,0,0
824028,11240,0,0,0,1,0
824048,11241,0,0,1,0,0
824182,11242,0,0,1,0,0
824283,11243,0,0,1,0,0
824398,11244,0,0,0,1,0
824492,11245,0,0,1,0,0
824619,11246,0,0,0,1,0
824794,11247,0,0,0,1,0
824941,11248,0,0,0,1,0
825087,11249,0,0,0,1,0
825090,11250,0,0,1,0,0
825170,11251,0,0,1,0,0
825288,11252,0,0,1,0,0
825366,11253,0,0,1,0,0
825401,11254,0,0,1,0,0
825514,11255,0,0,1,0,0
825596,11256,0,0,0,1,0
825676,11257,0,0,1,0,0
825754,11258,0,0,1,0,0
825835,11259,0,0,1,0,0
825857,11260,0,0,1,0,0
825894,11261,0,0,1,0,0
826002,11262,0,0,0,1,0
826116,11263,0,0,0,1,0
826169,11264,0,0,1,0,0
826175,11265,0,0,1,0,0
826309,11266,0,0,0,1,0
826441,11267,0,0,0,1,0
826514,11268,0,0,0,1,0
826566,11269,0,0,0,1,0
826645,11270,0,0,1,0,0
826738,11271,0,0,0,1,0
826739,11272,0,0,1,0,0
826888,11273,0,0,0,1,0
826902,11274,0,0,1,0,0
826938,11275,0,0,1,0,0
827013,11276,0,0,0,1,0
827043,11277,0,0,1,0,0
827138,11278,0,0,0,1,0
827246,11279,0,0,0,1,0
827380,11280,0,0,0,1,0
827464,11281,0,0,1,0,0
827558,11282,0,0,0,1,0
827674,11283,0,0,0,1,0
827786,11284,0,0,0,1,0
827894,11285,0,0,0,1,0
827963,11286,0,0,0,1,0
827989,11287,0,0,1,0,0
828083,11288,0,0,0,1,0
828108,11289,0,0,1,0,0
828171,11290,0,0,1,0,0
828282,11291,0,0,0,1,0
828367,11292,0,0,0,1,0
828483,11293,0,0,0,1,0
828487,11294,0,0,1,0,0
828616,11295,0,0,0,1,0
828729,11296,0,0,1,0,0
828766,11297,0,0,1,0,0
828862,11298,0,0,1,0,0
828930,11299,0,0,1,0,0
828991,11300,0,0,1,0,0
829046,11301,0,0,1,0,0
829057,11302,0,0,1,0,0
829101,11303,0,0,1,0,0
829104,11304,0,0,1,0,0
829189,11305,0,0,1,0,0
829251,11306,0,0,1,0,0
829381,11307,0,0,0,1,0
829485,11308,0,0,1,0,0
829492,11309,0,0,1,0,0
829493,11310,0,0,1,0,0
829537,11311,0,0,1,0,0
829663,11312,0,0,0,1,0
829699,11313,0,0,1,0,0
829726,11314,0,0,1,0,0
829959,11315,0,0,0,1,0
830079,11316,0,0,1,0,0
830175,11317,0,0,1,0,0
830224,11318,0,0,1,0,0
830235,11319,0,0,1,0,0
830275,11320,0,0,1,0,0
830348,11321,0,0,1,0,0
830383,11322,0,0,1,0,0
830454,11323,0,0,1,0,0
830518,11324,0,0,1,0,0
830623,11325,0,0,1,0,0
830642,11326,0,0,1,0,0
830725,11327,0,0,0,1,0
830805,11328,0,0,0,1,0
830857,11329,0,0,1,0,0
830961,11330,0,0,1,0,0
831010,11331,0,0,1,0,0
831014,11332,0,0,1,0,0
831132,11333,0,0,0,1,0
831420,11334,0,0,0,1,0
831465,11335,0,0,1,0,0
831549,11336,0,0,1,0,0
831574,11337,0,0,1,0,0
831606,11338,0,0,1,0,0
831663,11339,0,0,1,0,0
831749,11340,0,0,0,1,0
831818,11341,0,0,1,0,0
831866,11342,0,0,1,0,0
831908,11343,0,0,1,0,0
831919,11344,0,0,1,0,0
831952,11345,0,0,1,0,0
832003,11346,0,0,1,0,0
832077,11347,0,0,0,1,0
832128,11348,0,0,1,0,0
832144,11349,0,0,1,0,0
832174,11350,0,0,1,0,0
832193,11351,0,0,1,0,0
832271,11352,0,0,1,0,0
832300,11353,0,0,1,0,0
832329,11354,0,0,1,0,0
832415,11355,0,0,0,1,0
832436,11356,0,0,1,0,0
832479,11357,0,0,1,0,0
832503,11358,0,0,1,0,0
832538,11359,0,0,1,0,0
832542,11360,0,0,1,0,0
832577,11361,0,0,1,0,0
832626,11362,0,0,1,0,0
832697,11363,0,0,0,1,0
832779,11364,0,0,1,0,0
832852,11365,0,0,1,0,0
832913,11366,0,0,1,0,0
832963,11367,0,0,1,0,0
832996,11368,0,0,1,0,0
833033,11369,0,0,1,0,0
833105,11370,0,0,1,0,0
833226,11371,0,0,0,1,0
833322,11372,0,0,0,1,0
833434,11373,0,0,0,1,0
833507,11374,0,0,0,1,0
833578,11375,0,0,1,0,0
833613,11376,0,0,1,0,0
833693,11377,0,0,0,1,0
833784,11378,0,0,0,1,0
833859,11379,0,0,1,0,0
833966,11380,0,0,1,0,0
834085,11381,0,0,0,1,0
834199,11382,0,0,0,1,0
834250,11383,0,0,1,0,0
834308,11384,0,0,1,0,0
834446,11385,0,0,0,1,0
834475,11386,0,0,1,0,0
834600,11387,0,0,0,1,0
834676,11388,0,0,1,0,0
834757,11389,0,0,1,0,0
834840,11390,0,0,1,0,0
834955,11391,0,0,1,0,0
835060,11392,0,0,1,0,0
835129,11393,0,0,1,0,0
835178,11394,0,0,1,0,0
835197,11395,0,0,1,0,0
835290,11396,0,0,0,1,0
835387,11397,0,0,0,1,0
835416,11398,0,0,1,0,0
835524,11399,0,0,0,1,0
835638,11400,0,0,1,0,0
835703,11401,0,0,1,0,0
835732,11402,0,0,1,0,0
835819,11403,0,0,0,1,0
835860,11404,0,0,1,0,0
835992,11405,0,0,0,1,0
836102,11406,0,0,0,1,0
836239,11407,0,0,0,1,0
836368,11408,0,0,0,1,0
836427,11409,0,0,1,0,0
836435,11410,1,0,0,0,0
836563,11411,0,0,0,1,0
836686,11412,0,0,1,0,0
836806,11413,0,0,0,1,0
836923,11414,0,0,0,1,0
836962,11415,0,0,1,0,0
837084,11416,0,0,0,1,0
837123,11417,0,0,1,0,0
837234,11418,0,0,1,0,0
837326,11419,0,0,0,1,0
837418,11420,0,0,0,1,0
837424,11421,0,0,1,0,0
837455,11422,0,0,1,0,0
837566,11423,0,0,0,1,0
837678,11424,0,0,0,1,0
837809,11425,0,0,0,1,0
837933,11426,0,0,0,1,0
838029,11427,0,0,0,1,0
838129,11428,0,0,1,0,0
838257,11429,0,0,0,1,0
838354,11430,0,0,0,1,0
838441,11431,0,0,0,1,0
838557,11432,0,0,0,1,0
838609,11433,0,0,1,0,0
838655,11434,0,0,1,0,0
838797,11435,0,0,1,0,0
838827,11436,0,0,1,0,0
838942,11437,0,0,0,1,0
839041,11438,0,0,0,1,0
839192,11439,0,0,0,1,0
839365,11440,0,0,0,1,0
839494,11441,0,0,0,1,0
839512,11442,0,0,1,0,0
839617,11443,0,0,0,1,0
839700,11444,0,0,1,0,0
839712,11445,0,0,1,0,0
839819,11446,0,0,0,1,0
839858,11447,0,0,1,0,0
839980,11448,0,0,0,1,0
840117,11449,0,0,0,1,0
840278,11450,0,0,0,1,0
840280,11451,0,0,1,0,0
840398,11452,0,0,0,1,0
840401,11453,0,0,1,0,0
840684,11454,0,0,1,0,0
840803,11455,0,0,0,1,0
840906,11456,0,0,0,1,0
840974,11457,0,0,1,0,0
841112,11458,0,0,0,1,0
841270,11459,0,0,1,0,0
841352,11460,0,0,1,0,0
841476,11461,0,0,0,1,0
841618,11462,0,0,0,1,0
841777,11463,0,0,0,1,0
841901,11464,0,0,0,1,0
842018,11465,0,0,0,1,0
842022,11466,0,0,1,0,0
842133,11467,0,0,1,0,0
842226,11468,0,0,1,0,0
842352,11469,0,0,0,1,0
842462,11470,0,0,1,0,0
842639,11471,0,0,1,0,0
842648,11472,0,0,1,0,0
842770,11473,0,0,0,1,0
842793,11474,0,0,1,0,0
843023,11475,0,0,0,1,0
843034,11476,0,0,1,0,0
843146,11477,0,0,0,1,0
843173,11478,0,0,1,0,0
843297,11479,0,0,0,1,0
843327,11480,0,0,1,0,0
843448,11481,0,0,0,1,0
843462,11482,0,0,1,0,0
843597,11483,0,0,0,1,0
843667,11484,0,0,1,0,0
843755,11485,0,0,0,1,0
843857,11486,0,0,0,1,0
843875,11487,0,0,1,0,0
843995,11488,0,0,0,1,0
844118,11489,0,0,0,1,0
844240,11490,0,0,0,1,0
844244,11491,0,0,1,0,0
844284,11492,0,0,1,0,0
844398,11493,0,0,0,1,0
844452,11494,0,0,1,0,0
844568,11495,0,0,0,1,0
844690,11496,0,0,0,1,0
844791,11497,0,0,0,1,0
844837,11498,0,0,1,0,0
844915,11499,0,0,0,1,0
844999,11500,0,0,0,1,0
845083,11501,0,0,0,1,0
845121,11502,0,0,1,0,0
845206,11503,0,0,0,1,0
845236,11504,0,0,1,0,0
845247,11505,0,0,1,0,0
845341,11506,0,0,0,1,0
845391,11507,0,0,1,0,0
845466,11508,0,0,1,0,0
845575,11509,0,0,0,1,0
845621,11510,0,0,1,0,0
845714,11511,0,0,0,1,0
845834,11512,0,0,0,1,0
845957,11513,0,0,1,0,0
846079,11514,0,0,0,1,0
846088,11515,0,0,1,0,0
846098,11516,0,0,1,0,0
846117,11517,0,0,1,0,0
846224,11518,0,0,0,1,0
846275,11519,0,0,1,0,0
846363,11520,0,0,0,1,0
846439,11521,0,0,1,0,0
846497,11522,0,0,1,0,0
846602,11523,0,0,0,1,0
846697,11524,0,0,0,1,0
846781,11525,0,0,0,1,0
846897,11526,0,0,0,1,0
846954,11527,0,0,0,1,0
846978,11528,0,0,1,0,0
847027,11529,0,0,1,0,0
847141,11530,0,0,0,1,0
847241,11531,0,0,0,1,0
847342,11532,0,0,0,1,0
847421,11533,0,0,0,1,0
847480,11534,0,0,1,0,0
847592,11535,0,0,1,0,0
847676,11536,0,0,1,0,0
847711,11537,0,0,1,0,0
847828,11538,0,0,0,1,0
847944,11539,0,0,1,0,0
848019,11540,0,0,0,1,0
848167,11541,0,0,0,1,0
848170,11542,0,0,1,0,0
848262,11543,0,0,1,0,0
848276,11544,0,0,1,0,0
848346,11545,0,0,1,0,0
848468,11546,0,0,0,1,0
848548,11547,0,0,1,0,0
848672,11548,0,0,0,1,0
848743,11549,0,0,1,0,0
848755,11550,0,0,1,0,0
848861,11551,0,0,0,1,0
848996,11552,0,0,0,1,0
849151,11553,0,0,1,0,0
849207,11554,0,0,1,0,0
849332,11555,0,0,0,1,0
849445,11556,0,0,0,1,0
849522,11557,0,0,0,1,0
849637,11558,0,0,0,1,0
849681,11559,0,0,1,0,0
849826,11560,0,0,0,1,0
849924,11561,0,0,0,1,0
850057,11562,0,0,0,1,0
850179,11563,0,0,0,1,0
850231,11564,0,0,1,0,0
850353,11565,0,0,0,1,0
850382,11566,0,0,1,0,0
850523,11567,0,0,0,1,0
850656,11568,0,0,0,1,0
850698,11569,0,0,1,0,0
850818,11570,0,0,0,1,0
850919,11571,0,0,1,0,0
851041,11572,0,0,0,1,0
851163,11573,0,0,0,1,0
851200,11574,0,0,1,0,0
851253,11575,0,0,1,0,0
851380,11576,0,0,0,1,0
851430,11577,0,0,1,0,0
851487,11578,0,0,1,0,0
851558,11579,0,0,1,0,0
851669,11580,0,0,0,1,0
851711,11581,0,0,1,0,0
851735,11582,0,0,1,0,0
851748,11583,0,0,1,0,0
851766,11584,0,0,1,0,0
851886,11585,0,0,0,1,0
852006,11586,0,0,1,0,0
852073,11587,0,0,1,0,0
852185,11588,0,0,0,1,0
852320,11589,0,0,0,1,0
852365,11590,0,0,1,0,0
852417,11591,0,0,1,0,0
852419,11592,0,0,1,0,0
852513,11593,0,0,1,0,0
852523,11594,0,0,1,0,0
852552,11595,0,0,1,0,0
852668,11596,0,0,0,1,0
852800,11597,0,0,0,1,0
852810,11598,0,0,1,0,0
852930,11599,0,0,0,1,0
852969,11600,0,0,1,0,0
852991,11601,0,0,1,0,0
853055,11602,0,0,1,0,0
853130,11603,0,0,1,0,0
853159,11604,0,0,1,0,0
853182,11605,0,0,1,0,0
853313,11606,0,0,0,1,0
853314,11607,1,0,0,0,0
853428,11608,0,0,0,1,0
853490,11609,0,0,1,0,0
853507,11610,0,0,1,0,0
853591,11611,0,0,0,1,0
853725,11612,0,0,0,1,0
853833,11613,0,0,0,1,0
853951,11614,0,0,1,0,0
854068,11615,0,0,0,1,0
854165,11616,0,0,0,1,0
854283,11617,0,0,0,1,0
854361,11618,0,0,1,0,0
854459,11619,0,0,0,1,0
854540,11620,0,0,1,0,0
854666,11621,0,0,0,1,0
854762,11622,0,0,0,1,0
854782,11623,0,0,1,0,0
854909,11624,0,0,0,1,0
855041,11625,0,0,0,1,0
855044,11626,1,0,0,0,0
855136,11627,0,0,1,0,0
855154,11628,0,0,1,0,0
855299,11629,0,0,0,1,0
855420,11630,0,0,0,1,0
855538,11631,0,0,0,1,0
855592,11632,0,0,1,0,0
855710,11633,0,0,0,1,0
855768,11634,0,0,1,0,0
855892,11635,0,0,0,1,0
856018,11636,0,0,0,1,0
856044,11637,0,0,1,0,0
856136,11638,0,0,0,1,0
856249,11639,0,0,0,1,0
856371,11640,0,0,0,1,0
856491,11641,0,0,0,1,0
856614,11642,0,0,0,1,0
856751,11643,0,0,0,1,0
856847,11644,0,0,0,1,0
856961,11645,0,0,0,1,0
857054,11646,0,0,1,0,0
857153,11647,0,0,0,1,0
857262,11648,0,0,0,1,0
857382,11649,0,0,0,1,0
857409,11650,0,0,1,0,0
857508,11651,0,0,0,1,0
857618,11652,0,0,0,1,0
857685,11653,0,0,1,0,0
857786,11654,0,0,0,1,0
857888,11655,0,0,0,1,0
857918,11656,0,0,1,0,0
858040,11657,0,0,0,1,0
858125,11658,0,0,1,0,0
858215,11659,0,0,0,1,0
858284,11660,0,0,1,0,0
858412,11661,0,0,0,1,0
858545,11662,0,0,0,1,0
858693,11663,0,0,0,1,0
858850,11664,0,0,0,1,0
858974,11665,0,0,0,1,0
859067,11666,0,0,1,0,0
859160,11667,0,0,0,1,0
859252,11668,0,0,1,0,0
859298,11669,0,0,1,0,0
859391,11670,0,0,0,1,0
859479,11671,0,0,0,1,0
859576,11672,0,0,0,1,0
859652,11673,0,0,1,0,0
859699,11674,0,0,1,0,0
859800,11675,0,0,0,1,0
859827,11676,0,0,1,0,0
859838,11677,0,0,1,0,0
859886,11678,0,0,1,0,0
860001,11679,0,0,0,1,0
860031,11680,0,0,1,0,0
860157,11681,0,0,0,1,0
860179,11682,0,0,1,0,0
860281,11683,0,0,0,1,0
860293,11684,0,0,1,0,0
860347,11685,0,0,1,0,0
860436,11686,0,0,0,1,0
860564,11687,0,0,0,1,0
860658,11688,0,0,0,1,0
860714,11689,0,0,1,0,0
860842,11690,0,0,0,1,0
860962,11691,0,0,0,1,0
861080,11692,0,0,0,1,0
861220,11693,0,0,0,1,0
861385,11694,0,0,0,1,0
861400,11695,0,0,1,0,0
861523,11696,0,0,0,1,0
861645,11697,0,0,0,1,0
861764,11698,0,0,0,1,0
861769,11699,1,0,0,0,0
861859,11700,0,0,0,1,0
861974,11701,0,0,0,1,0
861977,11702,0,0,1,0,0
862043,11703,0,0,1,0,0
862046,11704,0,0,1,0,0
862138,11705,0,0,0,1,0
862222,11706,0,0,0,1,0
862333,11707,0,0,0,1,0
862441,11708,0,0,0,1,0
862468,11709,0,0,1,0,0
862545,11710,0,0,1,0,0
862720,11711,0,0,1,0,0
862845,11712,0,0,0,1,0
862964,11713,0,0,1,0,0
863096,11714,0,0,0,1,0
863123,11715,0,0,1,0,0
863213,11716,0,0,1,0,0
863332,11717,0,0,0,1,0
863371,11718,0,0,1,0,0
863485,11719,0,0,0,1,0
863571,11720,0,0,0,1,0
863628,11721,0,0,1,0,0
863725,11722,0,0,0,1,0
863849,11723,0,0,0,1,0
863850,11724,1,0,0,0,0
863970,11725,0,0,0,1,0
864095,11726,0,0,0,1,0
864217,11727,0,0,0,1,0
864310,11728,0,0,0,1,0
864314,11729,1,0,0,0,0
864383,11730,0,0,1,0,0
864481,11731,0,0,0,1,0
864599,11732,0,0,0,1,0
864704,11733,0,0,0,1,0
864829,11734,0,0,0,1,0
864944,11735,0,0,0,1,0
865037,11736,0,0,0,1,0
865170,11737,0,0,0,1,0
865307,11738,0,0,0,1,0
865327,11739,0,0,1,0,0
865420,11740,0,0,0,1,0
865514,11741,0,0,0,1,0
865691,11742,0,0,1,0,0
865750,11743,0,0,1,0,0
865841,11744,0,0,0,1,0
865935,11745,0,0,1,0,0
866001,11746,0,0,1,0,0
866130,11747,0,0,0,1,0
866224,11748,0,0,0,1,0
866355,11749,0,0,0,1,0
866461,11750,0,0,0,1,0
866580,11751,0,0,0,1,0
866615,11752,0,0,1,0,0
866727,11753,0,0,0,1,0
866878,11754,0,0,0,1,0
867021,11755,0,0,0,1,0
867144,11756,0,0,0,1,0
867229,11757,0,0,1,0,0
867364,11758,0,0,0,1,0
867529,11759,0,0,0,1,0
867660,11760,0,0,0,1,0
867754,11761,0,0,0,1,0
867772,11762,0,0,1,0,0
867880,11763,0,0,0,1,0
867997,11764,0,0,0,1,0
868117,11765,0,0,1,0,0
868265,11766,0,0,0,1,0
868272,11767,0,0,1,0,0
868298,11768,0,0,1,0,0
868362,11769,0,0,1,0,0
868408,11770,0,0,1,0,0
868440,11771,0,0,1,0,0
868499,11772,0,0,1,0,0
868606,11773,0,0,0,1,0
868721,11774,0,0,0,1,0
868822,11775,0,0,0,1,0
868930,11776,0,0,0,1,0
869025,11777,0,0,0,1,0
869119,11778,0,0,0,1,0
869187,11779,0,0,1,0,0
869265,11780,0,0,0,1,0
869297,11781,0,0,1,0,0
869399,11782,0,0,0,1,0
869473,11783,0,0,1,0,0
869502,11784,0,0,1,0,0
869585,11785,0,0,1,0,0
869678,11786,0,0,0,1,0
869748,11787,0,0,1,0,0
869853,11788,0,0,0,1,0
869968,11789,0,0,0,1,0
870062,11790,0,0,0,1,0
870144,11791,0,0,0,1,0
870266,11792,0,0,0,1,0
870382,11793,0,0,0,1,0
870446,11794,0,0,1,0,0
870549,11795,0,0,0,1,0
870652,11796,0,0,0,1,0
870741,11797,0,0,1,0,0
870826,11798,0,0,0,1,0
870868,11799,0,0,1,0,0
870968,11800,0,0,0,1,0
871075,11801,0,0,0,1,0
871097,11802,0,0,1,0,0
871134,11803,0,0,1,0,0
871172,11804,0,0,1,0,0
871185,11805,0,0,1,0,0
871315,11806,0,0,1,0,0
871435,11807,0,0,0,1,0
871515,11808,0,0,0,1,0
871587,11809,0,0,0,1,0
871699,11810,0,0,0,1,0
871789,11811,0,0,1,0,0
871811,11812,0,0,1,0,0
871927,11813,0,0,0,1,0
872106,11814,0,0,0,1,0
872256,11815,0,0,0,1,0
872376,11816,0,0,0,1,0
872509,11817,0,0,0,1,0
872554,11818,0,0,1,0,0
872588,11819,0,0,1,0,0
872665,11820,0,0,0,1,0
872772,11821,0,0,0,1,0
872851,11822,0,0,0,1,0
873009,11823,0,0,0,1,0
873089,11824,0,0,1,0,0
873116,11825,0,0,1,0,0
873180,11826,0,0,1,0,0
873323,11827,0,0,0,1,0
873390,11828,0,0,1,0,0
873453,11829,0,0,1,0,0
873583,11830,0,0,0,1,0
873904,11831,0,0,0,1,0
874027,11832,0,0,0,1,0
874113,11833,0,0,1,0,0
874179,11834,0,0,1,0,0
874249,11835,0,0,1,0,0
874271,11836,0,0,1,0,0
874359,11837,0,0,0,1,0
874457,11838,0,0,0,1,0
874484,11839,0,0,1,0,0
874614,11840,0,0,0,1,0
874702,11841,0,0,0,1,0
874832,11842,0,0,0,1,0
874913,11843,0,0,1,0,0
874957,11844,0,0,1,0,0
875001,11845,0,0,1,0,0
875197,11846,0,0,1,0,0
875286,11847,0,0,0,1,0
875412,11848,0,0,0,1,0
875552,11849,0,0,0,1,0
875709,11850,0,0,0,1,0
875874,11851,0,0,0,1,0
876004,11852,0,0,0,1,0
876013,11853,0,0,1,0,0
876111,11854,0,0,1,0,0
876136,11855,0,0,1,0,0
876177,11856,0,0,1,0,0
876292,11857,0,0,0,1,0
876416,11858,0,0,0,1,0
876516,11859,0,0,0,1,0
876613,11860,0,0,0,1,0
876744,11861,0,0,0,1,0
876848,11862,0,0,0,1,0
876956,11863,0,0,0,1,0
876996,11864,0,0,1,0,0
877031,11865,0,0,1,0,0
877062,11866,0,0,1,0,0
877120,11867,0,0,1,0,0
877232,11868,0,0,1,0,0
877290,11869,0,0,1,0,0
877408,11870,0,0,0,1,0
877426,11871,0,0,1,0,0
877514,11872,0,0,1,0,0
877537,11873,0,0,1,0,0
877663,11874,0,0,0,1,0
877736,11875,0,0,1,0,0
877827,11876,0,0,0,1,0
877915,11877,0,0,1,0,0
877956,11878,0,0,1,0,0
877996,11879,0,0,1,0,0
878103,11880,0,0,0,1,0
878159,11881,0,0,1,0,0
878203,11882,0,0,1,0,0
878290,11883,0,0,0,1,0
878378,11884,0,0,0,1,0
878483,11885,0,0,1,0,0
878486,11886,0,0,1,0,0
878576,11887,0,0,0,1,0
878580,11888,0,0,1,0,0
878582,11889,0,0,1,0,0
878710,11890,0,0,0,1,0
878827,11891,0,0,0,1,0
878864,11892,0,0,1,0,0
878924,11893,0,0,1,0,0
879019,11894,0,0,1,0,0
879099,11895,0,0,1,0,0
879132,11896,0,0,1,0,0
879135,11897,0,0,1,0,0
879141,11898,0,0,1,0,0
879252,11899,0,0,0,1,0
879269,11900,0,0,1,0,0
879404,11901,0,0,1,0,0
879447,11902,0,0,1,0,0
879670,11903,0,0,0,1,0
879788,11904,0,0,0,1,0
879926,11905,0,0,0,1,0
880000,11906,0,0,1,0,0
880066,11907,0,0,1,0,0
880167,11908,0,0,1,0,0
880302,11909,0,0,0,1,0
880432,11910,0,0,0,1,0
880562,11911,0,0,0,1,0
880680,11912,0,0,0,1,0
880800,11913,0,0,0,1,0
880863,11914,0,0,1,0,0
880998,11915,0,0,0,1,0
881011,11916,0,0,1,0,0
881131,11917,0,0,0,1,0
881148,11918,0,0,1,0,0
881218,11919,0,0,1,0,0
881258,11920,0,0,1,0,0
881368,11921,0,0,0,1,0
881384,11922,0,0,1,0,0
881564,11923,0,0,0,1,0
881670,11924,0,0,0,1,0
881678,11925,0,0,1,0,0
881749,11926,0,0,1,0,0
881858,11927,0,0,0,1,0
881942,11928,0,0,0,1,0
882005,11929,0,0,1,0,0
882107,11930,0,0,1,0,0
882207,11931,0,0,1,0,0
882229,11932,0,0,1,0,0
882334,11933,0,0,0,1,0
882469,11934,0,0,0,1,0
882591,11935,0,0,1,0,0
882682,11936,0,0,0,1,0
882817,11937,0,0,0,1,0
882906,11938,0,0,0,1,0
883023,11939,0,0,0,1,0
883153,11940,0,0,0,1,0
883168,11941,0,0,1,0,0
883263,11942,0,0,1,0,0
883371,11943,0,0,0,1,0
883468,11944,0,0,1,0,0
883596,11945,0,0,0,1,0
883674,11946,0,0,1,0,0
883812,11947,0,0,0,1,0
883875,11948,0,0,1,0,0
883982,11949,0,0,1,0,0
884128,11950,0,0,0,1,0
884252,11951,0,0,0,1,0
884295,11952,0,0,1,0,0
884441,11953,0,0,0,1,0
884476,11954,0,0,1,0,0
884537,11955,0,0,1,0,0
884660,11956,0,0,0,1,0
884758,11957,0,0,0,1,0
884897,11958,0,0,0,1,0
885031,11959,0,0,0,1,0
885144,11960,0,0,1,0,0
885234,11961,0,0,1,0,0
885367,11962,0,0,0,1,0
885373,11963,0,0,1,0,0
885486,11964,0,0,0,1,0
885580,11965,0,0,0,1,0
885632,11966,0,0,1,0,0
885757,11967,0,0,0,1,0
885853,11968,0,0,0,1,0
885941,11969,0,0,1,0,0
886044,11970,0,0,0,1,0
886111,11971,0,0,0,1,0
886194,11972,0,0,0,1,0
886351,11973,0,0,0,1,0
886444,11974,0,0,1,0,0
886550,11975,0,0,1,0,0
886676,11976,0,0,0,1,0
886697,11977,0,0,1,0,0
886711,11978,0,0,1,0,0
886783,11979,0,0,1,0,0
886909,11980,0,0,0,1,0
887011,11981,0,0,0,1,0
887013,11982,1,0,0,0,0
887138,11983,0,0,0,1,0
887168,11984,0,0,1,0,0
887189,11985,0,0,1,0,0
887289,11986,0,0,1,0,0
887412,11987,0,0,0,1,0
887527,11988,0,0,0,1,0
887589,11989,0,0,1,0,0
887603,11990,0,0,1,0,0
887635,11991,0,0,1,0,0
887648,11992,0,0,1,0,0
887746,11993,0,0,0,1,0
887760,11994,0,0,1,0,0
887810,11995,0,0,1,0,0
887939,11996,0,0,0,1,0
888076,11997,0,0,0,1,0
888186,11998,0,0,0,1,0
888266,11999,0,0,1,0,0
888377,12000,0,0,0,1,0
888510,12001,0,0,1,0,0
888579,12002,0,0,1,0,0
888871,12003,0,0,0,1,0
888909,12004,0,0,1,0,0
889001,12005,0,0,0,1,0
889120,12006,0,0,0,1,0
889156,12007,0,0,1,0,0
889201,12008,0,0,1,0,0
889232,12009,0,0,1,0,0
889323,12010,0,0,1,0,0
889382,12011,0,0,1,0,0
889483,12012,0,0,0,1,0
889528,12013,0,0,1,0,0
889611,12014,0,0,1,0,0
889650,12015,0,0,1,0,0
889683,12016,0,0,1,0,0
889786,12017,0,0,0,1,0
889909,12018,0,0,1,0,0
889987,12019,0,0,0,1,0
890083,12020,0,0,0,1,0
890155,12021,0,0,1,0,0
890251,12022,0,0,0,1,0
890360,12023,0,0,0,1,0
890472,12024,0,0,0,1,0
890581,12025,0,0,0,1,0
890675,12026,0,0,0,1,0
890813,12027,0,0,0,1,0
890928,12028,0,0,0,1,0
891040,12029,0,0,0,1,0
891164,12030,0,0,0,1,0
891216,12031,0,0,1,0,0
891320,12032,0,0,0,1,0
891403,12033,0,0,1,0,0
891416,12034,0,0,1,0,0
891533,12035,0,0,0,1,0
891665,12036,0,0,0,1,0
891770,12037,0,0,0,1,0
891877,12038,0,0,0,1,0
892010,12039,0,0,0,1,0
892129,12040,0,0,0,1,0
892215,12041,0,0,0,1,0
892329,12042,0,0,0,1,0
892471,12043,0,0,0,1,0
892591,12044,0,0,0,1,0
892717,12045,0,0,0,1,0
892832,12046,0,0,0,1,0
892960,12047,0,0,0,1,0
893112,12048,0,0,0,1,0
893130,12049,0,0,1,0,0
893458,12050,0,0,0,1,0
893485,12051,0,0,1,0,0
893586,12052,0,0,0,1,0
893667,12053,0,0,1,0,0
893747,12054,0,0,0,1,0
893849,12055,0,0,0,1,0
893964,12056,0,0,0,1,0
894083,12057,0,0,0,1,0
894159,12058,0,0,1,0,0
894249,12059,0,0,0,1,0
894295,12060,0,0,1,0,0
894429,12061,0,0,0,1,0
894527,12062,0,0,0,1,0
894619,12063,0,0,0,1,0
894695,12064,0,0,1,0,0
894778,12065,0,0,0,1,0
894865,12066,0,0,0,1,0
894967,12067,0,0,0,1,0
894992,12068,0,0,1,0,0
895097,12069,0,0,0,1,0
895124,12070,0,0,1,0,0
895175,12071,0,0,1,0,0
895269,12072,0,0,0,1,0
895362,12073,0,0,0,1,0
895453,12074,0,0,0,1,0
895568,12075,0,0,0,1,0
895591,12076,0,0,1,0,0
895623,12077,0,0,1,0,0
895665,12078,0,0,1,0,0
895746,12079,0,0,0,1,0
895768,12080,0,0,1,0,0
895782,12081,0,0,1,0,0
895886,12082,0,0,0,1,0
895995,12083,0,0,1,0,0
896095,12084,0,0,0,1,0
896148,12085,0,0,1,0,0
896175,12086,0,0,1,0,0
896252,12087,0,0,0,1,0
896333,12088,0,0,0,1,0
896416,12089,0,0,0,1,0
896529,12090,0,0,0,1,0
896639,12091,0,0,0,1,0
896741,12092,0,0,0,1,0
896846,12093,0,0,0,1,0
896940,12094,0,0,1,0,0
897030,12095,0,0,0,1,0
897043,12096,0,0,1,0,0
897141,12097,0,0,0,1,0
897244,12098,0,0,1,0,0
897256,12099,0,0,1,0,0
897382,12100,0,0,0,1,0
897486,12101,0,0,0,1,0
897559,12102,0,0,1,0,0
897684,12103,0,0,0,1,0
897795,12104,0,0,0,1,0
897890,12105,0,0,0,1,0
897999,12106,0,0,0,1,0
898101,12107,0,0,0,1,0
898156,12108,0,0,1,0,0
898225,12109,0,0,1,0,0
898334,12110,0,0,0,1,0
898348,12111,0,0,1,0,0
898467,12112,0,0,0,1,0
898567,12113,0,0,0,1,0
898677,12114,0,0,0,1,0
898690,12115,0,0,1,0,0
898821,12116,0,0,0,1,0
898845,12117,0,0,1,0,0
898953,12118,0,0,1,0,0
898985,12119,0,0,1,0,0
899021,12120,0,0,1,0,0
899041,12121,0,0,1,0,0
899088,12122,0,0,1,0,0
899114,12123,0,0,1,0,0
899120,12124,0,0,1,0,0
899215,12125,0,0,0,1,0
899253,12126,0,0,1,0,0
899367,12127,0,0,1,0,0
899495,12128,0,0,0,1,0
899626,12129,0,0,0,1,0
899740,12130,0,0,0,1,0
899817,12131,0,0,1,0,0
899952,12132,0,0,0,1,0
900077,12133,0,0,0,1,0
900124,12134,0,0,1,0,0
900153,12135,0,0,1,0,0
900178,12136,0,0,1,0,0
900264,12137,0,0,1,0,0
900295,12138,0,0,1,0,0
900406,12139,0,0,0,1,0
900446,12140,0,0,1,0,0
900559,12141,0,0,0,1,0
900662,12142,0,0,0,1,0
900778,12143,0,0,0,1,0
900892,12144,0,0,0,1,0
900893,12145,1,0,0,0,0
901001,12146,0,0,0,1,0
901015,12147,0,0,1,0,0
901131,12148,0,0,0,1,0
901175,12149,0,0,1,0,0
901198,12150,0,0,1,0,0
901327,12151,0,0,0,1,0
901369,12152,0,0,1,0,0
901488,12153,0,0,0,1,0
901588,12154,0,0,1,0,0
901594,12155,0,0,1,0,0
901702,12156,0,0,0,1,0
901776,12157,0,0,1,0,0
901920,12158,0,0,0,1,0
901980,12159,0,0,1,0,0
902105,12160,0,0,0,1,0
902236,12161,0,0,0,1,0
902371,12162,0,0,0,1,0
902385,12163,0,0,1,0,0
902397,12164,0,0,1,0,0
902448,12165,0,0,1,0,0
902463,12166,0,0,1,0,0
902477,12167,0,0,1,0,0
902577,12168,0,0,1,0,0
902716,12169,0,0,0,1,0
902845,12170,0,0,1,0,0
902969,12171,0,0,0,1,0
902976,12172,0,0,1,0,0
903100,12173,0,0,0,1,0
903178,12174,0,0,1,0,0
903313,12175,0,0,0,1,0
903438,12176,0,0,0,1,0
903547,12177,0,0,0,1,0
903640,12178,0,0,0,1,0
903781,12179,0,0,0,1,0
903879,12180,0,0,0,1,0
903935,12181,0,0,1,0,0
904057,12182,0,0,0,1,0
904156,12183,0,0,0,1,0
904176,12184,0,0,1,0,0
904290,12185,0,0,0,1,0
904378,12186,0,0,0,1,0
904390,12187,0,0,1,0,0
904461,12188,0,0,1,0,0
904488,12189,0,0,1,0,0
904577,12190,0,0,0,1,0
904699,12191,0,0,0,1,0
904820,12192,0,0,0,1,0
904948,12193,0,0,0,1,0
905040,12194,0,0,0,1,0
905129,12195,0,0,0,1,0
905272,12196,0,0,0,1,0
905376,12197,0,0,0,1,0
905502,12198,0,0,0,1,0
905622,12199,0,0,0,1,0
905746,12200,0,0,0,1,0
905814,12201,0,0,1,0,0
905941,12202,0,0,0,1,0
905998,12203,0,0,1,0,0
906111,12204,0,0,1,0,0
906254,12205,0,0,0,1,0
906406,12206,0,0,0,1,0
906714,12207,0,0,1,0,0
906828,12208,0,0,0,1,0
906952,12209,0,0,0,1,0
906954,12210,0,0,1,0,0
906989,12211,0,0,1,0,0
907068,12212,0,0,0,1,0
907173,12213,0,0,0,1,0
907253,12214,0,0,0,1,0
907354,12215,0,0,0,1,0
907461,12216,0,0,0,1,0
907475,12217,0,0,1,0,0
907615,12218,0,0,0,1,0
907632,12219,0,0,1,0,0
907636,12220,0,0,1,0,0
907721,12221,0,0,0,1,0
907787,12222,0,0,0,1,0
907882,12223,0,0,0,1,0
907969,12224,0,0,0,1,0
908017,12225,0,0,0,1,0
908139,12226,0,0,0,1,0
908210,12227,0,0,0,1,0
908327,12228,0,0,1,0,0
908444,12229,0,0,0,1,0
908514,12230,0,0,1,0,0
908636,12231,0,0,0,1,0
908756,12232,0,0,0,1,0
908863,12233,0,0,0,1,0
908885,12234,0,0,1,0,0
908939,12235,0,0,1,0,0
909087,12236,0,0,0,1,0
909186,12237,0,0,0,1,0
909240,12238,0,0,1,0,0
909340,12239,0,0,0,1,0
909450,12240,0,0,0,1,0
909567,12241,0,0,0,1,0
909593,12242,0,0,1,0,0
909709,12243,0,0,0,1,0
909738,12244,0,0,1,0,0
909842,12245,0,0,1,0,0
909975,12246,0,0,0,1,0
910069,12247,0,0,1,0,0
910153,12248,0,0,1,0,0
910277,12249,0,0,0,1,0
910330,12250,0,0,1,0,0
910363,12251,0,0,1,0,0
910473,12252,0,0,0,1,0
910591,12253,0,0,1,0,0
910752,12254,0,0,1,0,0
910827,12255,0,0,1,0,0
910918,12256,0,0,0,1,0
910959,12257,0,0,1,0,0
911075,12258,0,0,1,0,0
911091,12259,0,0,1,0,0
911218,12260,0,0,0,1,0
911334,12261,0,0,0,1,0
911446,12262,0,0,0,1,0
911559,12263,0,0,0,1,0
911584,12264,0,0,1,0,0
911696,12265,0,0,1,0,0
911813,12266,0,0,0,1,0
911930,12267,0,0,0,1,0
912059,12268,0,0,0,1,0
912152,12269,0,0,0,1,0
912217,12270,0,0,1,0,0
912346,12271,0,0,0,1,0
912364,12272,0,0,1,0,0
912464,12273,0,0,1,0,0
912475,12274,0,0,1,0,0
912486,12275,0,0,1,0,0
912621,12276,0,0,0,1,0
912624,12277,0,0,1,0,0
912714,12278,0,0,1,0,0
912737,12279,0,0,1,0,0
912869,12280,0,0,0,1,0
912995,12281,0,0,0,1,0
913059,12282,0,0,1,0,0
913147,12283,0,0,0,1,0
913246,12284,0,0,1,0,0
913368,12285,0,0,0,1,0
913371,12286,1,0,0,0,0
913456,12287,0,0,0,1,0
913545,12288,0,0,0,1,0
913640,12289,0,0,0,1,0
913776,12290,0,0,0,1,0
913904,12291,0,0,0,1,0
914027,12292,0,0,0,1,0
914045,12293,0,0,1,0,0
914070,12294,0,0,1,0,0
914072,12295,0,0,1,0,0
914184,12296,0,0,1,0,0
914251,12297,0,0,1,0,0
914386,12298,0,0,1,0,0
914509,12299,0,0,0,1,0
914612,12300,0,0,1,0,0
914729,12301,0,0,0,1,0
914849,12302,0,0,0,1,0
914970,12303,0,0,1,0,0
915033,12304,0,0,1,0,0
915039,12305,0,0,1,0,0
915104,12306,0,0,1,0,0
915169,12307,0,0,1,0,0
915225,12308,0,0,1,0,0
915250,12309,0,0,1,0,0
915308,12310,0,0,1,0,0
915421,12311,0,0,0,1,0
915509,12312,0,0,0,1,0
915618,12313,0,0,0,1,0
915704,12314,0,0,0,1,0
915793,12315,0,0,0,1,0
915903,12316,0,0,0,1,0
915965,12317,0,0,1,0,0
916041,12318,0,0,0,1,0
916077,12319,0,0,1,0,0
916158,12320,0,0,0,1,0
916214,12321,0,0,0,1,0
916307,12322,0,0,0,1,0
916401,12323,0,0,0,1,0
916427,12324,0,0,1,0,0
916509,12325,0,0,1,0,0
916563,12326,0,0,1,0,0
916620,12327,0,0,1,0,0
916701,12328,0,0,0,1,0
916767,12329,0,0,1,0,0
916807,12330,0,0,1,0,0
916860,12331,0,0,1,0,0
916959,12332,0,0,0,1,0
917035,12333,0,0,1,0,0
917049,12334,0,0,1,0,0
917061,12335,1,0,0,0,0
917107,12336,0,0,1,0,0
917157,12337,0,0,1,0,0
917172,12338,0,0,1,0,0
917202,12339,0,0,1,0,0
917232,12340,0,0,1,0,0
917347,12341,0,0,0,1,0
917408,12342,0,0,1,0,0
917448,12343,0,0,1,0,0
917501,12344,0,0,1,0,0
917554,12345,0,0,1,0,0
917617,12346,0,0,1,0,0
917681,12347,0,0,1,0,0
917735,12348,0,0,1,0,0
917790,12349,0,0,1,0,0
917812,12350,0,0,1,0,0
917877,12351,0,0,1,0,0
917914,12352,0,0,1,0,0
917977,12353,0,0,1,0,0
918019,12354,0,0,1,0,0
918141,12355,0,0,0,1,0
918181,12356,0,0,1,0,0
918229,12357,0,0,1,0,0
918281,12358,0,0,1,0,0
918371,12359,0,0,1,0,0
918415,12360,0,0,1,0,0
918484,12361,0,0,0,1,0
918529,12362,0,0,1,0,0
918606,12363,0,0,0,1,0
918700,12364,0,0,1,0,0
918724,12365,0,0,1,0,0
918793,12366,0,0,1,0,0
918826,12367,0,0,1,0,0
918874,12368,0,0,1,0,0
918931,12369,0,0,1,0,0
918977,12370,0,0,1,0,0
919001,12371,0,0,1,0,0
919119,12372,0,0,0,1,0
919165,12373,0,0,1,0,0
919218,12374,0,0,1,0,0
919219,12375,0,0,1,0,0
919259,12376,0,0,1,0,0
919290,12377,0,0,1,0,0
919341,12378,0,0,1,0,0
919372,12379,0,0,1,0,0
919401,12380,0,0,1,0,0
919431,12381,0,0,1,0,0
919497,12382,0,0,1,0,0
919539,12383,0,0,1,0,0
919540,12384,0,0,1,0,0
919666,12385,0,0,0,1,0
919668,12386,0,0,1,0,0
919717,12387,0,0,1,0,0
919802,12388,0,0,0,1,0
919835,12389,0,0,0,1,0
919842,12390,0,0,1,0,0
919889,12391,0,0,1,0,0
919942,12392,0,0,1,0,0
919974,12393,0,0,1,0,0
919999,12394,0,0,1,0,0
920010,12395,0,0,1,0,0
920055,12396,0,0,1,0,0
920101,12397,0,0,1,0,0
920136,12398,0,0,1,0,0
920199,12399,0,0,1,0,0
920238,12400,0,0,1,0,0
920333,12401,0,0,1,0,0
920355,12402,0,0,1,0,0
920423,12403,0,0,0,1,0
920525,12404,0,0,0,1,0
920563,12405,0,0,1,0,0
920616,12406,0,0,1,0,0
920726,12407,0,0,1,0,0
920752,12408,0,0,1,0,0
920770,12409,0,0,1,0,0
920865,12410,0,0,0,1,0
920935,12411,0,0,1,0,0
920955,12412,0,0,1,0,0
921012,12413,0,0,1,0,0
921117,12414,0,0,0,1,0
921216,12415,0,0,0,1,0
921334,12416,0,0,0,1,0
921441,12417,0,0,0,1,0
921469,12418,0,0,1,0,0
921498,12419,0,0,1,0,0
921599,12420,0,0,1,0,0
921700,12421,0,0,0,1,0
921815,12422,0,0,0,1,0
921824,12423,0,0,1,0,0
921939,12424,0,0,0,1,0
921955,12425,0,0,1,0,0
922061,12426,0,0,0,1,0
922075,12427,0,0,1,0,0
922196,12428,0,0,0,1,0
922213,12429,0,0,1,0,0
922242,12430,0,0,1,0,0
922256,12431,0,0,1,0,0
922359,12432,0,0,0,1,0
922490,12433,0,0,0,1,0
922610,12434,0,0,0,1,0
922725,12435,0,0,0,1,0
922851,12436,0,0,0,1,0
922946,12437,0,0,0,1,0
923072,12438,0,0,0,1,0
923208,12439,0,0,0,1,0
923298,12440,0,0,0,1,0
923422,12441,0,0,0,1,0
923513,12442,0,0,1,0,0
923590,12443,0,0,1,0,0
923605,12444,0,0,1,0,0
923667,12445,0,0,1,0,0
923690,12446,0,0,1,0,0
923813,12447,0,0,0,1,0
923940,12448,0,0,0,1,0
924084,12449,0,0,0,1,0
924172,12450,0,0,1,0,0
924242,12451,0,0,1,0,0
924247,12452,0,0,1,0,0
924294,12453,0,0,1,0,0
924369,12454,0,0,0,1,0
924386,12455,0,0,1,0,0
924398,12456,0,0,1,0,0
924512,12457,0,0,0,1,0
924638,12458,0,0,0,1,0
924763,12459,0,0,0,1,0
924861,12460,0,0,0,1,0
924956,12461,0,0,0,1,0
925077,12462,0,0,0,1,0
925166,12463,0,0,0,1,0
925266,12464,0,0,0,1,0
925414,12465,0,0,0,1,0
925445,12466,0,0,1,0,0
925587,12467,0,0,0,1,0
925696,12468,0,0,0,1,0
925797,12469,0,0,0,1,0
925930,12470,0,0,0,1,0
926044,12471,0,0,0,1,0
926108,12472,0,0,1,0,0
926211,12473,0,0,1,0,0
926228,12474,0,0,1,0,0
926348,12475,0,0,0,1,0
926359,12476,0,0,1,0,0
926467,12477,0,0,0,1,0
926503,12478,0,0,1,0,0
926539,12479,0,0,1,0,0
926626,12480,0,0,1,0,0
926748,12481,0,0,0,1,0
926819,12482,0,0,1,0,0
926879,12483,0,0,1,0,0
927011,12484,0,0,0,1,0
927056,12485,0,0,1,0,0
927121,12486,0,0,1,0,0
927257,12487,0,0,0,1,0
927376,12488,0,0,0,1,0
927494,12489,0,0,0,1,0
927523,12490,0,0,1,0,0
927609,12491,0,0,1,0,0
927719,12492,0,0,0,1,0
927753,12493,0,0,1,0,0
927813,12494,0,0,1,0,0
927931,12495,0,0,0,1,0
928040,12496,0,0,0,1,0
928136,12497,0,0,0,1,0
928251,12498,0,0,0,1,0
928374,12499,0,0,0,1,0
928482,12500,0,0,0,1,0
928603,12501,0,0,0,1,0
928700,12502,0,0,0,1,0
928785,12503,0,0,0,1,0
928890,12504,0,0,1,0,0
928996,12505,0,0,0,1,0
928999,12506,1,0,0,0,0
929127,12507,0,0,0,1,0
929244,12508,0,0,0,1,0
929295,12509,0,0,1,0,0
929337,12510,0,0,1,0,0
929429,12511,0,0,0,1,0
929559,12512,0,0,0,1,0
929688,12513,0,0,1,0,0
929769,12514,0,0,1,0,0
929792,12515,0,0,1,0,0
929896,12516,0,0,0,1,0
930035,12517,0,0,0,1,0
930059,12518,0,0,1,0,0
930168,12519,0,0,0,1,0
930291,12520,0,0,0,1,0
930401,12521,0,0,0,1,0
930524,12522,0,0,0,1,0
930644,12523,0,0,0,1,0
930657,12524,0,0,1,0,0
930758,12525,0,0,0,1,0
930865,12526,0,0,0,1,0
930979,12527,0,0,1,0,0
931126,12528,0,0,0,1,0
931224,12529,0,0,0,1,0
931463,12530,0,0,1,0,0
931588,12531,0,0,0,1,0
931657,12532,0,0,1,0,0
931790,12533,0,0,0,1,0
931901,12534,0,0,0,1,0
932028,12535,0,0,0,1,0
932150,12536,0,0,0,1,0
932281,12537,0,0,0,1,0
932315,12538,0,0,1,0,0
932414,12539,0,0,0,1,0
932450,12540,0,0,1,0,0
932493,12541,0,0,1,0,0
932593,12542,0,0,0,1,0
932716,12543,0,0,0,1,0
932841,12544,0,0,0,1,0
932883,12545,0,0,1,0,0
932910,12546,0,0,1,0,0
933022,12547,0,0,0,1,0
933034,12548,0,0,1,0,0
933067,12549,0,0,1,0,0
933191,12550,0,0,0,1,0
933260,12551,0,0,1,0,0
933309,12552,0,0,1,0,0
933448,12553,0,0,0,1,0
933489,12554,0,0,1,0,0
933584,12555,0,0,0,1,0
933646,12556,0,0,1,0,0
933650,12557,0,0,1,0,0
933769,12558,0,0,0,1,0
933885,12559,0,0,0,1,0
934010,12560,0,0,0,1,0
934136,12561,0,0,0,1,0
934240,12562,0,0,0,1,0
934416,12563,0,0,1,0,0
934527,12564,0,0,0,1,0
934571,12565,0,0,1,0,0
934581,12566,0,0,1,0,0
934687,12567,0,0,1,0,0
934804,12568,0,0,0,1,0
934946,12569,0,0,0,1,0
935010,12570,0,0,1,0,0
935115,12571,0,0,1,0,0
935255,12572,0,0,0,1,0
935365,12573,0,0,0,1,0
935439,12574,0,0,1,0,0
935481,12575,0,0,1,0,0
935600,12576,0,0,0,1,0
935629,12577,0,0,1,0,0
935775,12578,0,0,0,1,0
935837,12579,0,0,1,0,0
936070,12580,0,0,0,1,0
936165,12581,0,0,0,1,0
936285,12582,0,0,1,0,0
936315,12583,0,0,1,0,0
936318,12584,1,0,0,0,0
936384,12585,0,0,1,0,0
936439,12586,0,0,1,0,0
936522,12587,0,0,1,0,0
936574,12588,0,0,1,0,0
936681,12589,0,0,1,0,0
936792,12590,0,0,0,1,0
936903,12591,0,0,0,1,0
936907,12592,1,0,0,0,0
936988,12593,0,0,1,0,0
937112,12594,0,0,0,1,0
937248,12595,0,0,0,1,0
937360,12596,0,0,1,0,0
937534,12597,0,0,1,0,0
937655,12598,0,0,0,1,0
937747,12599,0,0,1,0,0
937881,12600,0,0,0,1,0
938000,12601,0,0,1,0,0
938046,12602,0,0,1,0,0
938096,12603,0,0,1,0,0
938218,12604,0,0,1,0,0
938326,12605,0,0,1,0,0
938451,12606,0,0,0,1,0
938461,12607,0,0,1,0,0
938561,12608,0,0,0,1,0
938676,12609,0,0,0,1,0
938818,12610,0,0,0,1,0
938885,12611,0,0,1,0,0
938947,12612,0,0,1,0,0
939063,12613,0,0,0,1,0
939078,12614,0,0,1,0,0
939208,12615,0,0,0,1,0
939221,12616,0,0,1,0,0
939354,12617,0,0,0,1,0
939460,12618,0,0,1,0,0
939586,12619,0,0,0,1,0
939633,12620,0,0,1,0,0
939741,12621,0,0,0,1,0
939858,12622,0,0,0,1,0
939901,12623,0,0,1,0,0
940024,12624,0,0,0,1,0
940136,12625,0,0,0,1,0
940208,12626,0,0,1,0,0
940335,12627,0,0,0,1,0
940368,12628,0,0,1,0,0
940459,12629,0,0,0,1,0
940483,12630,0,0,1,0,0
940604,12631,0,0,0,1,0
940648,12632,0,0,1,0,0
940736,12633,0,0,1,0,0
940826,12634,0,0,0,1,0
940930,12635,0,0,0,1,0
940938,12636,0,0,1,0,0
941070,12637,0,0,0,1,0
941180,12638,0,0,0,1,0
941325,12639,0,0,0,1,0
941395,12640,0,0,1,0,0
941515,12641,0,0,0,1,0
941652,12642,0,0,0,1,0
941669,12643,0,0,1,0,0
941797,12644,0,0,0,1,0
941910,12645,0,0,0,1,0
942016,12646,0,0,0,1,0
942148,12647,0,0,0,1,0
942198,12648,0,0,1,0,0
942319,12649,0,0,0,1,0
942388,12650,0,0,1,0,0
942427,12651,0,0,1,0,0
942551,12652,0,0,0,1,0
942655,12653,0,0,0,1,0
942793,12654,0,0,0,1,0
942883,12655,0,0,0,1,0
942886,12656,0,0,1,0,0
942998,12657,0,0,0,1,0
943112,12658,0,0,0,1,0
943245,12659,0,0,0,1,0
943248,12660,0,0,1,0,0
943353,12661,0,0,0,1,0
943428,12662,0,0,1,0,0
943546,12663,0,0,0,1,0
943570,12664,0,0,1,0,0
943698,12665,0,0,0,1,0
943710,12666,0,0,1,0,0
943847,12667,0,0,1,0,0
943951,12668,0,0,0,1,0
944079,12669,0,0,0,1,0
944169,12670,0,0,1,0,0
944256,12671,0,0,0,1,0
944369,12672,0,0,0,1,0
944490,12673,0,0,0,1,0
944622,12674,0,0,1,0,0
944629,12675,0,0,1,0,0
944746,12676,0,0,0,1,0
944860,12677,0,0,0,1,0
944974,12678,0,0,0,1,0
945098,12679,0,0,0,1,0
945225,12680,0,0,0,1,0
945341,12681,0,0,0,1,0
945464,12682,0,0,0,1,0
945564,12683,0,0,1,0,0
945661,12684,0,0,0,1,0
945774,12685,0,0,1,0,0
945880,12686,0,0,0,1,0
945909,12687,0,0,1,0,0
946031,12688,0,0,0,1,0
946135,12689,0,0,0,1,0
946159,12690,0,0,1,0,0
946221,12691,0,0,1,0,0
946242,12692,0,0,1,0,0
946251,12693,0,0,1,0,0
946344,12694,0,0,0,1,0
946370,12695,0,0,1,0,0
946456,12696,0,0,0,1,0
946536,12697,0,0,0,1,0
946611,12698,0,0,1,0,0
946728,12699,0,0,0,1,0
946805,12700,0,0,0,1,0
946832,12701,0,0,1,0,0
946856,12702,0,0,1,0,0
946982,12703,0,0,0,1,0
947114,12704,0,0,0,1,0
947171,12705,0,0,1,0,0
947265,12706,0,0,0,1,0
947358,12707,0,0,0,1,0
947386,12708,0,0,1,0,0
947454,12709,0,0,1,0,0
947545,12710,0,0,0,1,0
947603,12711,0,0,1,0,0
947704,12712,0,0,1,0,0
947815,12713,0,0,1,0,0
947942,12714,0,0,0,1,0
948023,12715,0,0,1,0,0
948146,12716,0,0,0,1,0
948223,12717,0,0,1,0,0
948335,12718,0,0,0,1,0
948396,12719,0,0,1,0,0
948427,12720,0,0,1,0,0
948536,12721,0,0,0,1,0
948646,12722,0,0,0,1,0
948761,12723,0,0,0,1,0
948784,12724,0,0,1,0,0
948832,12725,0,0,1,0,0
948872,12726,0,0,1,0,0
948994,12727,0,0,0,1,0
949071,12728,0,0,1,0,0
949129,12729,0,0,1,0,0
949264,12730,0,0,0,1,0
949388,12731,0,0,1,0,0
949429,12732,0,0,1,0,0
949495,12733,0,0,1,0,0
949593,12734,0,0,1,0,0
949636,12735,0,0,1,0,0
949681,12736,0,0,1,0,0
949818,12737,0,0,0,1,0
949946,12738,0,0,0,1,0
950075,12739,0,0,0,1,0
950125,12740,0,0,1,0,0
950245,12741,0,0,0,1,0
950363,12742,0,0,0,1,0
950367,12743,1,0,0,0,0
950490,12744,0,0,0,1,0
950580,12745,0,0,0,1,0
950594,12746,0,0,1,0,0
950598,12747,1,0,0,0,0
950604,12748,0,0,1,0,0
950709,12749,0,0,0,1,0
950769,12750,0,0,1,0,0
950864,12751,0,0,0,1,0
950870,12752,0,0,1,0,0
950933,12753,0,0,1,0,0
951004,12754,0,0,1,0,0
951122,12755,0,0,0,1,0
951167,12756,0,0,1,0,0
951233,12757,0,0,1,0,0
951373,12758,0,0,0,1,0
951412,12759,0,0,1,0,0
951502,12760,0,0,1,0,0
951538,12761,0,0,1,0,0
951563,12762,0,0,1,0,0
951615,12763,0,0,1,0,0
951739,12764,0,0,1,0,0
951825,12765,0,0,0,1,0
951956,12766,0,0,0,1,0
951991,12767,0,0,1,0,0
952017,12768,0,0,1,0,0
952071,12769,0,0,1,0,0
952198,12770,0,0,0,1,0
952313,12771,0,0,1,0,0
952377,12772,0,0,1,0,0
952398,12773,0,0,1,0,0
952415,12774,0,0,1,0,0
952424,12775,0,0,1,0,0
952510,12776,0,0,1,0,0
952625,12777,0,0,1,0,0
952688,12778,0,0,1,0,0
952792,12779,0,0,0,1,0
952878,12780,0,0,0,1,0
952987,12781,0,0,0,1,0
953095,12782,0,0,0,1,0
953208,12783,0,0,0,1,0
953328,12784,0,0,0,1,0
953417,12785,0,0,1,0,0
953550,12786,0,0,0,1,0
953569,12787,0,0,1,0,0
953641,12788,0,0,1,0,0
953730,12789,0,0,1,0,0
953796,12790,0,0,1,0,0
953903,12791,0,0,0,1,0
953929,12792,0,0,1,0,0
954031,12793,0,0,0,1,0
954160,12794,0,0,0,1,0
954201,12795,0,0,1,0,0
954212,12796,0,0,1,0,0
954315,12797,0,0,0,1,0
954415,12798,0,0,0,1,0
954476,12799,0,0,1,0,0
954610,12800,0,0,0,1,0
954705,12801,0,0,0,1,0
954712,12802,0,0,1,0,0
954794,12803,0,0,1,0,0
954914,12804,0,0,0,1,0
954915,12805,0,0,1,0,0
955045,12806,0,0,0,1,0
955167,12807,0,0,0,1,0
955239,12808,0,0,1,0,0
955339,12809,0,0,0,1,0
955448,12810,0,0,0,1,0
955538,12811,0,0,1,0,0
955549,12812,0,0,1,0,0
955684,12813,0,0,0,1,0
955712,12814,0,0,1,0,0
955827,12815,0,0,0,1,0
955941,12816,0,0,0,1,0
956037,12817,0,0,0,1,0
956167,12818,0,0,0,1,0
956194,12819,0,0,1,0,0
956297,12820,0,0,0,1,0
956403,12821,0,0,0,1,0
956513,12822,0,0,1,0,0
956633,12823,0,0,0,1,0
956742,12824,0,0,0,1,0
956755,12825,0,0,1,0,0
956760,12826,0,0,1,0,0
956892,12827,0,0,0,1,0
956978,12828,0,0,0,1,0
957109,12829,0,0,0,1,0
957222,12830,0,0,0,1,0
957230,12831,0,0,1,0,0
957238,12832,0,0,1,0,0
957349,12833,0,0,1,0,0
957370,12834,0,0,1,0,0
957388,12835,0,0,1,0,0
957423,12836,0,0,1,0,0
957424,12837,0,0,1,0,0
957519,12838,0,0,0,1,0
957536,12839,0,0,1,0,0
957577,12840,0,0,1,0,0
957615,12841,0,0,1,0,0
957705,12842,0,0,0,1,0
957779,12843,0,0,0,1,0
957862,12844,0,0,0,1,0
957874,12845,0,0,1,0,0
957880,12846,0,0,1,0,0
958006,12847,0,0,0,1,0
958032,12848,0,0,1,0,0
958151,12849,0,0,0,1,0
958235,12850,0,0,0,1,0
958304,12851,0,0,1,0,0
958401,12852,0,0,0,1,0
958421,12853,0,0,1,0,0
958489,12854,0,0,1,0,0
958618,12855,0,0,0,1,0
958698,12856,0,0,0,1,0
958789,12857,0,0,0,1,0
958889,12858,0,0,1,0,0
958970,12859,0,0,1,0,0
959072,12860,0,0,0,1,0
959148,12861,0,0,1,0,0
959173,12862,0,0,1,0,0
959299,12863,0,0,0,1,0
959410,12864,0,0,0,1,0
959424,12865,0,0,1,0,0
959569,12866,0,0,0,1,0
959697,12867,0,0,0,1,0
959801,12868,0,0,0,1,0
959933,12869,0,0,0,1,0
960063,12870,0,0,1,0,0
960152,12871,0,0,0,1,0
960298,12872,0,0,0,1,0
960407,12873,0,0,0,1,0
960526,12874,0,0,0,1,0
960531,12875,0,0,1,0,0
960594,12876,0,0,1,0,0
960679,12877,0,0,0,1,0
960798,12878,0,0,0,1,0
960921,12879,0,0,0,1,0
961052,12880,0,0,0,1,0
961116,12881,0,0,1,0,0
961241,12882,0,0,0,1,0
961364,12883,0,0,0,1,0
961367,12884,0,0,1,0,0
961481,12885,0,0,1,0,0
961579,12886,0,0,0,1,0
961698,12887,0,0,0,1,0
961793,12888,0,0,1,0,0
961929,12889,0,0,0,1,0
962048,12890,0,0,0,1,0
962056,12891,0,0,1,0,0
962157,12892,0,0,0,1,0
962246,12893,0,0,0,1,0
962265,12894,0,0,1,0,0
962284,12895,0,0,1,0,0
962306,12896,0,0,1,0,0
962406,12897,0,0,0,1,0
962516,12898,0,0,0,1,0
962642,12899,0,0,0,1,0
962770,12900,0,0,0,1,0
962904,12901,0,0,0,1,0
962983,12902,0,0,0,1,0
963127,12903,0,0,0,1,0
963194,12904,0,0,1,0,0
963287,12905,0,0,0,1,0
963293,12906,0,0,1,0,0
963390,12907,0,0,0,1,0
963514,12908,0,0,0,1,0
963576,12909,0,0,1,0,0
963633,12910,0,0,1,0,0
963725,12911,0,0,0,1,0
963756,12912,0,0,1,0,0
963838,12913,0,0,0,1,0
963907,12914,0,0,1,0,0
964030,12915,0,0,0,1,0
964153,12916,0,0,1,0,0
964279,12917,0,0,0,1,0
964415,12918,0,0,0,1,0
964497,12919,0,0,1,0,0
964500,12920,0,0,1,0,0
964610,12921,0,0,0,1,0
964730,12922,0,0,0,1,0
964782,12923,0,0,1,0,0
964889,12924,0,0,0,1,0
965009,12925,0,0,0,1,0
965130,12926,0,0,0,1,0
965241,12927,0,0,0,1,0
965334,12928,0,0,1,0,0
965366,12929,0,0,1,0,0
965390,12930,0,0,1,0,0
965498,12931,0,0,0,1,0
965605,12932,0,0,0,1,0
965695,12933,0,0,0,1,0
965798,12934,0,0,0,1,0
965907,12935,0,0,0,1,0
965960,12936,0,0,1,0,0
966101,12937,0,0,0,1,0
966181,12938,0,0,1,0,0
966272,12939,0,0,0,1,0
966292,12940,0,0,1,0,0
966398,12941,0,0,0,1,0
966508,12942,0,0,0,1,0
966626,12943,0,0,0,1,0
966731,12944,0,0,0,1,0
966838,12945,0,0,0,1,0
966894,12946,0,0,1,0,0
966923,12947,0,0,1,0,0
967014,12948,0,0,1,0,0
967158,12949,0,0,0,1,0
967284,12950,0,0,0,1,0
967377,12951,0,0,0,1,0
967496,12952,0,0,0,1,0
967606,12953,0,0,1,0,0
967721,12954,0,0,0,1,0
967847,12955,0,0,0,1,0
967964,12956,0,0,0,1,0
968048,12957,0,0,0,1,0
968147,12958,0,0,1,0,0
968175,12959,0,0,1,0,0
968251,12960,0,0,0,1,0
968348,12961,0,0,0,1,0
968378,12962,0,0,1,0,0
968505,12963,0,0,0,1,0
968587,12964,0,0,1,0,0
968721,12965,0,0,0,1,0
968850,12966,0,0,0,1,0
968859,12967,0,0,1,0,0
968875,12968,0,0,1,0,0
968929,12969,0,0,1,0,0
969030,12970,0,0,0,1,0
969141,12971,0,0,0,1,0
969197,12972,0,0,1,0,0
969297,12973,0,0,0,1,0
969416,12974,0,0,0,1,0
969537,12975,0,0,0,1,0
969560,12976,0,0,1,0,0
969650,12977,0,0,1,0,0
969767,12978,0,0,0,1,0
969867,12979,0,0,0,1,0
969952,12980,0,0,1,0,0
969953,12981,0,0,1,0,0
970005,12982,0,0,1,0,0
970137,12983,0,0,0,1,0
970276,12984,0,0,0,1,0
970408,12985,0,0,1,0,0
970538,12986,0,0,1,0,0
970677,12987,0,0,0,1,0
970851,12988,0,0,0,1,0
970998,12989,0,0,0,1,0
971107,12990,0,0,0,1,0
971225,12991,0,0,0,1,0
971356,12992,0,0,0,1,0
971464,12993,0,0,0,1,0
971591,12994,0,0,1,0,0
971659,12995,0,0,0,1,0
971784,12996,0,0,0,1,0
971914,12997,0,0,0,1,0
972046,12998,0,0,0,1,0
972183,12999,0,0,0,1,0
972296,13000,0,0,0,1,0
972451,13001,0,0,0,1,0
972482,13002,0,0,1,0,0
972490,13003,0,0,1,0,0
972539,13004,0,0,1,0,0
972648,13005,0,0,0,1,0
972753,13006,0,0,0,1,0
972883,13007,0,0,0,1,0
972912,13008,0,0,1,0,0
972914,13009,0,0,1,0,0
973021,13010,0,0,0,1,0
973145,13011,0,0,0,1,0
973279,13012,0,0,0,1,0
973285,13013,0,0,1,0,0
973410,13014,0,0,0,1,0
973448,13015,0,0,1,0,0
973595,13016,0,0,0,1,0
973721,13017,0,0,0,1,0
973764,13018,0,0,1,0,0
973767,13019,1,0,0,0,0
973836,13020,0,0,1,0,0
973962,13021,0,0,0,1,0
974075,13022,0,0,0,1,0
974161,13023,0,0,1,0,0
974181,13024,0,0,1,0,0
974253,13025,0,0,1,0,0
974301,13026,0,0,1,0,0
974389,13027,0,0,0,1,0
974489,13028,0,0,0,1,0
974521,13029,0,0,1,0,0
974553,13030,0,0,1,0,0
974683,13031,0,0,0,1,0
974814,13032,0,0,0,1,0
974851,13033,0,0,1,0,0
974945,13034,0,0,0,1,0
975039,13035,0,0,0,1,0
975138,13036,0,0,1,0,0
975249,13037,0,0,0,1,0
975343,13038,0,0,0,1,0
975462,13039,0,0,0,1,0
975507,13040,0,0,1,0,0
975554,13041,0,0,1,0,0
975619,13042,0,0,1,0,0
975748,13043,0,0,0,1,0
975822,13044,0,0,1,0,0
975829,13045,0,0,1,0,0
975931,13046,0,0,1,0,0
976057,13047,0,0,0,1,0
976195,13048,0,0,0,1,0
976267,13049,0,0,1,0,0
976380,13050,0,0,0,1,0
976487,13051,0,0,1,0,0
976623,13052,0,0,0,1,0
976754,13053,0,0,0,1,0
976861,13054,0,0,1,0,0
976975,13055,0,0,0,1,0
976980,13056,0,0,1,0,0
977103,13057,0,0,0,1,0
977200,13058,0,0,1,0,0
977224,13059,0,0,1,0,0
977349,13060,0,0,1,0,0
977470,13061,0,0,1,0,0
977501,13062,0,0,1,0,0
977535,13063,0,0,1,0,0
977552,13064,0,0,1,0,0
977645,13065,0,0,1,0,0
977777,13066,0,0,1,0,0
977827,13067,0,0,0,1,0
977929,13068,0,0,0,1,0
978030,13069,0,0,0,1,0
978125,13070,0,0,0,1,0
978134,13071,0,0,1,0,0
978208,13072,0,0,0,1,0
978325,13073,0,0,0,1,0
978462,13074,0,0,0,1,0
978531,13075,0,0,1,0,0
978666,13076,0,0,0,1,0
978754,13077,0,0,1,0,0
978817,13078,0,0,1,0,0
978936,13079,0,0,0,1,0
979035,13080,0,0,1,0,0
979100,13081,0,0,1,0,0
979210,13082,0,0,0,1,0
979215,13083,0,0,1,0,0
979300,13084,0,0,1,0,0
979340,13085,0,0,1,0,0
979466,13086,0,0,0,1,0
979512,13087,0,0,1,0,0
979582,13088,0,0,1,0,0
979616,13089,0,0,1,0,0
979692,13090,0,0,0,1,0
979730,13091,0,0,1,0,0
979822,13092,0,0,0,1,0
979919,13093,0,0,0,1,0
979958,13094,0,0,1,0,0
980011,13095,0,0,1,0,0
980081,13096,0,0,1,0,0
980208,13097,0,0,0,1,0
980235,13098,0,0,1,0,0
980351,13099,0,0,0,1,0
980443,13100,0,0,0,1,0
980450,13101,0,0,1,0,0
980566,13102,0,0,0,1,0
980691,13103,0,0,0,1,0
980710,13104,0,0,1,0,0
980822,13105,0,0,0,1,0
980924,13106,0,0,0,1,0
980972,13107,0,0,1,0,0
980975,13108,1,0,0,0,0
981035,13109,0,0,1,0,0
981068,13110,0,0,1,0,0
981119,13111,0,0,1,0,0
981176,13112,1,0,0,0,0
981291,13113,0,0,0,1,0
981295,13114,0,0,1,0,0
981370,13115,0,0,1,0,0
981399,13116,0,0,1,0,0
981486,13117,0,0,1,0,0
981551,13118,0,0,1,0,0
981585,13119,0,0,1,0,0
981743,13120,0,0,0,1,0
981863,13121,0,0,1,0,0
981982,13122,0,0,0,1,0
982044,13123,0,0,1,0,0
982052,13124,0,0,1,0,0
982055,13125,0,0,1,0,0
982136,13126,0,0,1,0,0
982152,13127,0,0,1,0,0
982218,13128,0,0,1,0,0
982238,13129,0,0,1,0,0
982351,13130,0,0,0,1,0
982408,13131,0,0,1,0,0
982459,13132,0,0,1,0,0
982585,13133,0,0,0,1,0
982695,13134,0,0,0,1,0
982840,13135,0,0,0,1,0
982914,13136,0,0,1,0,0
983031,13137,0,0,0,1,0
983109,13138,0,0,1,0,0
983141,13139,0,0,1,0,0
983176,13140,0,0,1,0,0
983266,13141,0,0,0,1,0
983395,13142,0,0,0,1,0
983410,13143,0,0,1,0,0
983459,13144,0,0,1,0,0
983553,13145,0,0,0,1,0
983638,13146,0,0,0,1,0
983764,13147,0,0,0,1,0
983820,13148,0,0,0,1,0
983873,13149,0,0,0,1,0
983976,13150,0,0,1,0,0
984041,13151,0,0,0,1,0
984072,13152,0,0,1,0,0
984155,13153,0,0,1,0,0
984224,13154,0,0,1,0,0
984290,13155,0,0,1,0,0
984393,13156,0,0,0,1,0
984497,13157,0,0,0,1,0
984621,13158,0,0,0,1,0
984765,13159,0,0,0,1,0
984878,13160,0,0,0,1,0
985002,13161,0,0,0,1,0
985122,13162,0,0,0,1,0
985211,13163,0,0,0,1,0
985327,13164,0,0,0,1,0
985386,13165,0,0,1,0,0
985501,13166,0,0,1,0,0
985585,13167,0,0,1,0,0
985688,13168,0,0,1,0,0
985809,13169,0,0,0,1,0
985830,13170,0,0,1,0,0
985962,13171,0,0,0,1,0
986089,13172,0,0,0,1,0
986167,13173,0,0,0,1,0
986179,13174,0,0,1,0,0
986246,13175,0,0,1,0,0
986354,13176,0,0,1,0,0
986479,13177,0,0,0,1,0
986597,13178,0,0,0,1,0
986602,13179,0,0,1,0,0
986713,13180,0,0,0,1,0
986775,13181,0,0,1,0,0
986913,13182,0,0,0,1,0
987051,13183,0,0,0,1,0
987161,13184,0,0,1,0,0
987193,13185,0,0,1,0,0
987317,13186,0,0,0,1,0
987387,13187,0,0,1,0,0
987513,13188,0,0,0,1,0
987531,13189,0,0,1,0,0
987557,13190,0,0,1,0,0
987601,13191,0,0,1,0,0
987650,13192,0,0,1,0,0
987723,13193,0,0,1,0,0
987785,13194,0,0,1,0,0
987822,13195,0,0,1,0,0
988017,13196,0,0,0,1,0
988103,13197,0,0,0,1,0
988187,13198,0,0,1,0,0
988315,13199,0,0,0,1,0
988417,13200,0,0,0,1,0
988520,13201,0,0,1,0,0
988577,13202,0,0,1,0,0
988592,13203,0,0,1,0,0
988820,13204,0,0,0,1,0
988947,13205,0,0,0,1,0
989044,13206,0,0,0,1,0
989144,13207,0,0,0,1,0
989279,13208,0,0,0,1,0
989399,13209,0,0,0,1,0
989509,13210,0,0,0,1,0
989597,13211,0,0,1,0,0
989695,13212,0,0,0,1,0
989802,13213,0,0,0,1,0
989933,13214,0,0,0,1,0
990046,13215,0,0,0,1,0
990140,13216,0,0,0,1,0
990247,13217,0,0,0,1,0
990338,13218,0,0,0,1,0
990452,13219,0,0,0,1,0
990593,13220,0,0,0,1,0
990726,13221,0,0,0,1,0
991207,13222,0,0,0,1,0
991333,13223,0,0,0,1,0
991375,13224,0,0,1,0,0
991493,13225,0,0,0,1,0
991495,13226,0,0,1,0,0
991618,13227,0,0,0,1,0
991741,13228,0,0,0,1,0
991773,13229,0,0,1,0,0
991888,13230,0,0,0,1,0
991940,13231,0,0,1,0,0
991957,13232,0,0,1,0,0
992091,13233,0,0,0,1,0
992205,13234,0,0,0,1,0
992295,13235,0,0,0,1,0
992386,13236,0,0,1,0,0
992521,13237,0,0,0,1,0
992618,13238,0,0,1,0,0
992707,13239,0,0,1,0,0
992712,13240,1,0,0,0,0
992733,13241,0,0,1,0,0
992796,13242,0,0,1,0,0
992845,13243,0,0,1,0,0
992944,13244,0,0,1,0,0
993065,13245,0,0,0,1,0
993163,13246,0,0,0,1,0
993165,13247,0,0,1,0,0
993227,13248,0,0,1,0,0
993313,13249,0,0,0,1,0
993415,13250,0,0,0,1,0
993553,13251,0,0,0,1,0
993620,13252,0,0,1,0,0
993623,13253,1,0,0,0,0
993757,13254,0,0,0,1,0
993836,13255,0,0,1,0,0
993948,13256,0,0,0,1,0
993975,13257,0,0,1,0,0
994010,13258,0,0,1,0,0
994112,13259,0,0,0,1,0
994227,13260,0,0,0,1,0
994288,13261,0,0,1,0,0
994367,13262,0,0,1,0,0
994551,13263,0,0,1,0,0
994668,13264,0,0,0,1,0
994709,13265,0,0,1,0,0
994737,13266,1,0,0,0,0
994748,13267,0,0,1,0,0
994866,13268,0,0,1,0,0
994978,13269,0,0,0,1,0
995077,13270,0,0,0,1,0
995078,13271,0,0,1,0,0
995135,13272,0,0,1,0,0
995232,13273,0,0,0,1,0
995257,13274,0,0,1,0,0
995340,13275,0,0,1,0,0
995473,13276,0,0,0,1,0
995493,13277,0,0,1,0,0
995598,13278,0,0,0,1,0
995790,13279,0,0,0,1,0
995886,13280,0,0,0,1,0
995962,13281,0,0,1,0,0
996034,13282,0,0,0,1,0
996127,13283,0,0,0,1,0
996146,13284,0,0,1,0,0
996218,13285,0,0,0,1,0
996265,13286,0,0,1,0,0
996341,13287,0,0,1,0,0
996429,13288,0,0,0,1,0
996442,13289,0,0,1,0,0
996536,13290,0,0,0,1,0
996619,13291,0,0,0,1,0
996705,13292,0,0,0,1,0
996839,13293,0,0,0,1,0
996852,13294,0,0,1,0,0
996955,13295,0,0,1,0,0
997086,13296,0,0,0,1,0
997215,13297,0,0,0,1,0
997347,13298,0,0,0,1,0
997495,13299,0,0,0,1,0
997609,13300,0,0,0,1,0
997702,13301,0,0,1,0,0
997816,13302,0,0,0,1,0
997938,13303,0,0,0,1,0
998043,13304,0,0,0,1,0
998116,13305,0,0,1,0,0
998143,13306,0,0,1,0,0
998256,13307,0,0,1,0,0
998270,13308,0,0,1,0,0
998282,13309,0,0,1,0,0
998392,13310,0,0,0,1,0
998481,13311,0,0,0,1,0
998629,13312,0,0,0,1,0
998730,13313,0,0,0,1,0
998836,13314,0,0,0,1,0
998926,13315,0,0,0,1,0
999049,13316,0,0,0,1,0
999172,13317,0,0,0,1,0
999212,13318,0,0,1,0,0
999265,13319,0,0,1,0,0
999321,13320,0,0,1,0,0
999420,13321,0,0,0,1,0
999594,13322,0,0,0,1,0
999739,13323,0,0,1,0,0
999851,13324,0,0,0,1,0
999918,13325,0,0,1,0,0
