#{"t_start": 1787059823.1067524, "env_id": "None"}
r,l,t
-10.0,1,1.269847
-2.568503,16,1.446184
-8.230855,17,1.664955
6.062096,29,2.000026
2.085918,18,2.197812
0.037029,21,2.45147
27.52274,60,3.292934
-6.265415,6,3.402492
-7.078034,4,3.488001
-11.7576,2,3.543205
-0.690204,17,3.806316
-2.529138,9,3.965014
-4.930865,17,4.245432
-9.32,2,4.296492
-10.0,1,4.334454
-7.669448,6,4.434802
-4.027176,12,4.660651
-8.125408,3,4.741924
-7.0,4,4.832172
-8.124119,4,4.944592
-0.782457,12,5.172472
-9.32,2,5.237122
-1.345058,12,5.457895
-10.074866,3,5.545542
-4.29323,19,5.829798
-11.790863,3,5.910847
-4.327425,13,6.113103
-10.0,1,6.154605
-7.049362,5,6.252861
2.687382,18,6.51195
-10.0,1,6.550953
-7.196669,8,6.690716
-4.50433,7,6.804782
-9.32,2,6.858092
-6.958675,7,6.977829
-10.0,1,7.018003
-5.055358,6,7.113927
-3.602021,13,7.327706
-8.621761,4,7.411532
-1.132606,11,7.560038
1.18954,24,7.894651
-5.636616,7,8.016438
4.536347,23,8.347187
-10.0,1,8.387035
-5.411538,7,8.511725
-5.126628,7,8.629531
-9.042017,2,8.685655
0.244163,23,9.033215
-8.697684,3,9.104795
2.265314,24,9.440954
-9.218488,5,9.55324
-10.0,1,9.596529
-8.168123,3,9.663604
-10.0,1,9.702042
-8.44,4,9.781185
-6.31553,11,9.945104
-3.600639,12,10.147542
-8.24,5,10.236228
-8.24,5,10.320795
-5.221949,6,10.423222
-8.197025,3,10.492449
9.790682,36,11.014
-6.365764,8,11.160575
-4.60338,11,11.335757
12.431179,32,11.787552
-2.992781,12,11.964879
-5.577607,15,12.195989
-2.513146,13,12.390831
-9.091257,2,12.44305
-5.925369,7,12.569032
-1.775533,14,12.776325
-2.544401,30,13.224099
1.344541,18,13.481727
-9.005671,3,13.552335
6.435947,40,14.111722
-7.499845,8,14.239253
-4.400597,13,14.454276
13.111041,54,15.272546
-8.14166,5,15.385963
6.534167,35,15.953639
41.38888,85,17.189175
12.485374,47,17.872788
-6.399666,8,18.018804
1.647628,16,18.276931
-4.892092,8,18.410768
-5.0,6,18.521595
-1.34655,14,18.788367
-5.892782,13,19.027534
0.98648,15,19.307854
2.0,13,19.527268
-6.422939,10,19.708611
-7.596398,9,19.881015
-6.843813,13,20.142424
4.065345,23,20.539145
-9.48,3,20.665526
-5.083272,7,20.855036
1.847269,21,21.190108
-6.387284,6,21.308766
-6.251686,8,21.451531
-8.095953,4,21.536128
-5.863751,6,21.638871
-6.791795,7,21.761951
-6.05183,5,21.851802
-10.469649,19,22.150677
10.607395,35,22.724262
9.240374,34,23.250331
-7.171541,14,23.477726
-6.504846,9,23.648477
-8.525676,6,23.771688
-2.344144,13,24.024476
-8.629896,3,24.112281
-4.288152,17,24.474929
-12.818659,5,24.622964
-0.09993,23,25.073081
-7.49521,8,25.237428
-0.771383,18,25.550777
-9.0,2,25.61082
-8.425211,3,25.679969
-7.699408,5,25.784608
-10.0,1,25.821429
-6.855069,5,25.914352
-3.680566,13,26.160718
-9.32,2,26.225043
-9.343095,3,26.321841
7.70782,29,26.83017
-9.934417,3,26.91623
-0.33969,22,27.268843
-4.492878,12,27.500528
0.363914,13,27.76487
-10.0,1,27.819438
-10.0,1,27.870747
-1.760864,17,28.204145
0.709133,23,28.624614
-7.299234,4,28.726606
19.931251,40,29.43466
-8.36,8,29.631725
-3.356933,11,29.886604
-5.456897,16,30.180922
-4.907579,11,30.375184
-0.975542,18,30.659335
-6.373642,8,30.814715
-10.0,1,30.859193
-5.41779,11,31.063413
-6.041743,5,31.15859
-10.0,1,31.203058
-9.64,4,31.300991
-3.185023,11,31.486987
-9.32,2,31.543068
6.356189,32,32.035449
4.834576,23,32.401622
-7.640658,6,32.518025
-0.683069,12,32.719728
-8.583678,5,32.835014
-1.124138,27,33.267223
-9.32,2,33.322359
-4.351976,22,33.667886
9.858804,53,34.479489
-4.112104,9,34.626434
-3.069198,11,34.842997
-0.477374,23,35.259738
-4.656777,12,35.473095
-6.125829,18,35.74739
-2.823441,13,35.949707
-6.184798,6,36.063605
-10.0,1,36.108222
10.125957,45,36.776124
-1.257803,13,37.024585
-8.273177,4,37.124278
-6.70318,9,37.304789
-4.152303,7,37.427326
-3.045402,12,37.636598
-6.742946,6,37.76772
-3.909592,17,38.072656
3.546097,24,38.434131
-7.157323,4,38.523837
-5.295063,8,38.671243
0.841039,14,38.904315
-3.220491,12,39.097743
-4.735734,13,39.309906
-8.184175,6,39.422353
-1.456801,19,39.737723
-4.681582,8,39.876031
11.625914,32,40.36369
1.090645,14,40.58909
2.68836,26,40.980931
-5.154427,10,41.15077
-4.392232,14,41.367461
-6.019839,5,41.456945
-0.940173,15,41.693366
-2.054077,14,41.911636
-9.095443,2,41.964481
-3.690602,9,42.138426
-10.0,1,42.198224
-7.942244,5,42.298981
-0.998484,20,42.649492
-3.466879,11,42.835701
-8.134239,5,42.942784
-8.433917,7,43.085473
3.980279,20,43.399157
-4.477424,16,43.656484
-5.266075,12,43.856244
-1.227824,10,44.006218
5.276304,38,44.595355
-0.05605,24,45.068659
-9.32,2,45.122521
-4.98299,10,45.301234
-8.775113,3,45.372365
3.438533,18,45.656232
-7.867656,6,45.782738
-8.055965,7,45.907565
22.737978,57,46.729705
-3.188615,12,46.939988
17.31777,42,47.552898
-10.341252,2,47.609792
-8.810277,7,47.74175
-4.623465,7,47.866049
-5.184961,17,48.157283
-8.143552,7,48.281608
-0.235753,30,48.743728
-6.391541,5,48.849417
-9.345406,6,48.976945
-7.577824,4,49.061051
-8.02136,4,49.149541
-3.274221,17,49.414253
-8.708791,3,49.493463
-2.484246,9,49.645337
4.920082,31,50.176075
0.217826,16,50.434402
-8.220889,3,50.507921
-5.493181,8,50.645419
-6.026497,5,50.7442
4.476481,31,51.247871
-4.959512,10,51.436828
-8.097339,10,51.603899
-2.824581,14,51.831565
-2.723859,16,52.086344
2.979005,20,52.392433
-10.0,1,52.43344
10.588514,31,52.876883
-8.194161,10,53.0516
-2.238045,9,53.210993
-8.319405,6,53.334934
-4.90227,7,53.454033
-4.026009,10,53.637953
-10.0,1,53.686609
-4.531286,9,53.846404
-1.162809,18,54.10851
5.16847,22,54.421497
-4.087819,28,54.827287
10.470264,33,55.291652
-8.44,4,55.371047
-5.035112,7,55.493365
1.063818,29,55.955173
-5.670404,7,56.081174
-7.0,5,56.182443
-10.0,1,56.225407
-9.826531,5,56.338789
-10.703808,3,56.41314
-8.2,6,56.517462
-2.144833,14,56.768685
10.636818,31,57.194081
11.079618,42,57.745514
12.843343,32,58.217535
-2.442879,15,58.448176
3.154064,30,58.897257
19.361737,37,59.431086
-4.850133,11,59.596153
-9.142954,2,59.651554
0.057426,22,60.009695
-10.0,1,60.054224
-4.974109,7,60.165051
-8.0,3,60.227052
-3.065486,15,60.460682
1.988452,16,60.69458
-10.0,1,60.731891
0.0,13,60.927152
-9.02136,3,60.999612
-8.342476,9,61.141696
-8.0,3,61.203325
-8.330762,3,61.26902
-10.943082,14,61.505404
-5.210887,6,61.619368
-9.104022,7,61.774263
3.902876,26,62.151896
-8.48,2,62.22569
-7.024896,12,62.422492
4.89403,41,63.013681
3.501101,26,63.421917
0.442238,16,63.657943
-5.390099,9,63.798141
8.286556,33,64.253844
-10.0,1,64.290643
22.531797,49,64.924143
-10.0,1,64.963545
18.698183,46,65.545376
-7.192447,4,65.617734
-3.739437,12,65.790217
8.325924,30,66.18914
-4.52769,12,66.369514
-10.0,1,66.406215
-5.754974,9,66.547866
-7.01424,4,66.616394
-7.96,3,66.694266
-7.164858,5,66.778788
-2.649855,10,66.927117
-3.933906,12,67.107642
-8.561123,17,67.363461
-3.50618,11,67.522993
-2.504712,19,67.795607
14.453282,39,68.29466
-4.991944,10,68.441641
-9.210255,2,68.49111
9.501481,39,69.012259
-9.32,2,69.063131
-3.114007,9,69.196379
10.034203,40,69.723066
-5.355895,11,69.877918
-10.0,1,69.916318
14.05886,33,70.342773
2.14967,23,70.663952
-9.0,3,70.730162
-8.536683,6,70.837867
8.350708,27,71.195919
-8.44,4,71.26825
-8.009319,3,71.32962
-2.304458,21,71.627394
-10.0,1,71.66574
-8.24,5,71.771738
-8.046041,7,71.907268
4.130364,29,72.323145
-10.0,1,72.371975
8.324059,25,72.732005
-5.220634,9,72.880125
-9.32,2,72.933901
-3.574086,12,73.112306
-9.050172,4,73.19994
-2.326075,13,73.391062
-1.627941,20,73.656658
-9.0,2,73.705256
-7.912316,6,73.80074
-6.572834,5,73.887762
-7.01424,4,73.960619
17.259969,41,74.467028
3.707315,19,74.736875
-5.902931,7,74.849443
-6.589313,11,75.008989
-2.479958,10,75.152665
-6.118067,5,75.235019
-10.0,1,75.272452
20.962309,39,75.763301
-10.0,1,75.801628
-5.126105,11,75.968964
-9.12,4,76.047951
-6.045784,5,76.131003
-6.0,5,76.209762
-7.784518,6,76.321647
-8.042061,3,76.384083
-6.971045,10,76.528194
12.016997,48,77.148051
-6.621001,8,77.295726
1.253145,23,77.628477
10.78927,50,78.325847
-9.0,2,78.37635
16.77559,38,78.874809
-10.0,1,78.921703
-3.850238,12,79.13712
4.489621,20,79.44548
-10.597594,2,79.511899
-10.0,1,79.559085
-8.006816,4,79.652665
13.586656,32,80.158715
31.98187,77,81.267709
-0.268573,25,81.700947
9.475457,32,82.199633
1.930415,18,82.507112
-5.750538,10,82.690541
-10.624066,4,82.789899
-4.851692,8,82.933041
-2.428847,13,83.163166
-7.409036,9,83.342915
-8.109847,5,83.457222
-5.699758,9,83.67678
9.830814,26,84.144883
-3.089051,15,84.434622
-5.660268,11,84.654332
-4.713472,11,84.875886
7.890333,37,85.482044
-3.116632,10,85.680156
41.681355,65,86.820941
-8.115814,4,86.921042
-6.309493,6,87.049389
23.932594,61,88.076957
-1.208532,17,88.381928
-10.019391,4,88.482761
-3.986899,15,88.782796
2.861628,18,89.12935
-7.121858,4,89.231635
-0.584518,13,89.48547
-8.43461,4,89.582394
-4.008083,14,89.874189
-2.027262,11,90.079233
-6.025303,6,90.193187
-1.109281,12,90.407454
-3.362002,9,90.574279
-10.0,1,90.627998
-0.914086,23,91.045272
-4.196141,8,91.201661
-1.952711,15,91.475033
-6.466252,6,91.609432
3.8383,25,92.060853
1.586279,30,92.575867
-2.213136,19,92.936449
3.153259,33,93.498116
-2.56193,20,93.886005
-2.785565,9,94.056149
-8.203215,3,94.127449
-10.0,1,94.176761
-4.786395,14,94.449248
4.000922,24,94.868659
-5.895106,6,94.991706
5.533207,34,95.607421
-1.304353,16,95.908205
-8.341438,4,96.016191
10.534747,29,96.48018
-8.8,3,96.567857
-0.206413,14,96.840037
-7.753049,11,97.067059
-4.486854,9,97.256782
10.217192,29,97.766603
4.204532,24,98.201305
-7.211857,6,98.346076
-0.567463,13,98.584278
-5.116636,11,98.803557
16.997062,33,99.336016
6.71923,31,99.889505
-3.704018,21,100.29425
-5.267996,19,100.660118
-7.0,4,100.753149
-9.687426,10,100.973161
-6.527261,16,101.28113
-10.0,1,101.328342
-10.0,1,101.37612
-9.32,2,101.444218
18.259729,44,102.201414
-10.0,1,102.247642
-1.04081,15,102.531242
-9.32,2,102.600241
-7.843181,13,102.856051
-10.476721,17,103.196986
7.124376,30,103.721349
-7.213466,11,103.957514
-1.273675,10,104.139367
-4.79273,8,104.319618
-9.32,2,104.399226
11.321163,35,105.065525
16.344307,44,105.697405
-1.441889,12,105.88162
-9.0,2,105.930527
-9.48,3,105.998127
-6.471057,8,106.130394
-7.880351,11,106.318502
1.232503,15,106.53319
-8.38898,12,106.716345
-4.0,7,106.820162
-6.015459,12,107.018131
-8.160486,4,107.09496
18.00175,42,107.655962
-8.270789,3,107.719041
1.201811,17,107.949031
-9.44,5,108.054383
-8.8,3,108.120434
4.204997,23,108.470988
0.303522,20,108.770274
-9.107605,2,108.820904
-8.565974,3,108.883281
-7.23063,4,108.953453
-10.0,1,108.994182
-6.388284,5,109.077281
-6.949681,13,109.279189
-10.343427,3,109.343208
-6.0,5,109.422585
6.133336,27,109.815261
9.022291,26,110.239775
-10.0,1,110.282735
-2.6952,15,110.531669
-7.682968,7,110.656093
-10.0,1,110.700237
42.696167,85,111.743699
-4.247098,16,111.982822
-9.32,2,112.033472
-6.035586,5,112.114733
6.76868,29,112.502667
-5.574886,10,112.662494
13.680351,37,113.135867
-4.093987,16,113.363665
9.889166,27,113.750015
0.409391,21,114.092928
-2.959249,12,114.278665
-7.671167,4,114.355193
3.333848,23,114.67562
-6.010113,8,114.798324
-1.868303,15,115.032401
-9.02975,2,115.111423
13.298297,34,115.670511
-8.8,3,115.747245
1.305561,18,116.073939
-7.230408,5,116.158449
-5.226162,8,116.295141
16.197369,57,117.049481
-9.020259,2,117.097086
8.927504,31,117.473341
-3.974403,16,117.708014
-4.164361,12,117.882417
-3.738647,19,118.17821
-4.055358,7,118.279357
-7.363253,6,118.374534
4.848606,29,118.786478
-6.091247,6,118.880467
-6.07369,5,118.963577
13.171067,48,119.594245
-10.0,1,119.633688
-6.157398,7,119.758254
-7.084677,4,119.835272
-7.997146,6,119.945071
-0.718744,26,120.305869
0.335876,13,120.48004
-3.441463,9,120.610267
0.014103,32,121.034064
8.113966,28,121.385635
-7.436027,4,121.458852
2.041448,24,121.766669
-10.0,1,121.801146
-4.905633,11,121.972916
-9.106183,3,122.037334
9.091842,36,122.503336
-8.855403,7,122.618201
-9.138191,2,122.66899
-8.279738,7,122.783487
-9.32,2,122.831074
-7.156784,8,122.955416
-6.103179,5,123.041456
-6.577279,8,123.179111
-9.0,3,123.272198
11.055841,32,123.669099
-0.100032,23,124.00266
4.88356,39,124.506333
-9.212661,2,124.553834
-2.988604,23,124.851208
-6.246621,8,124.979638
-0.049814,23,125.2792
-9.32,2,125.330644
-7.976481,8,125.447788
-7.007571,8,125.573766
8.35605,35,126.046149
-8.8,3,126.104973
-4.89741,16,126.314541
-2.046254,24,126.641931
27.069718,62,127.410182
-5.139866,6,127.503723
4.113763,47,128.139654
7.596267,25,128.46752
-9.32,2,128.514741
-3.472395,12,128.692036
8.329473,36,129.232633
-10.0,1,129.276901
-1.073431,28,129.645322
-7.351254,13,129.861225
-2.59789,11,130.036496
-3.920144,15,130.282245
-1.610335,18,130.572823
-8.527226,3,130.635579
-2.327588,11,130.801991
-9.148443,4,130.884939
-6.621506,19,131.152968
-8.708704,3,131.2211
-10.0,1,131.258894
-8.219448,3,131.321841
-10.0,1,131.360205
-9.32,2,131.414501
-0.148543,19,131.703558
-5.687468,11,131.864968
-9.030687,2,131.918735
-6.185116,9,132.075462
-6.187318,5,132.166222
-9.32,2,132.219836
13.176912,42,132.787096
-4.641859,12,132.968885
-6.53614,6,133.074731
-5.610178,6,133.177646
-3.280466,15,133.403044
-7.449097,5,133.501618
-8.023314,4,133.583013
-6.0,5,133.669989
-8.767126,20,133.944944
-8.593691,3,134.006347
4.433854,26,134.381555
-10.08,7,134.532884
-1.589391,25,134.895711
-10.410102,20,135.211097
-5.935378,14,135.417397
1.202757,20,135.723907
-1.872329,16,135.964505
-9.32,2,136.014259
-3.03691,15,136.23537
-4.143508,20,136.546119
-1.665466,14,136.767065
-2.011533,13,136.965207
-6.086932,20,137.285702
-6.876542,7,137.411915
-0.029585,17,137.683628
-8.489524,3,137.751946
-9.019484,2,137.804056
0.571925,38,138.349102
-7.8,5,138.441852
0.853845,20,138.731975
-6.687011,12,138.920528
3.072474,19,139.22165
-7.162036,4,139.295933
-5.147122,15,139.521946
16.10732,55,140.301958
-8.172893,3,140.37595
8.221116,34,140.875942
2.939922,25,141.260506
6.84672,30,141.690661
-10.0,1,141.738644
-10.0,1,141.78184
4.917145,31,142.201509
-2.774189,17,142.472663
-10.0,1,142.518761
-9.0,2,142.572669
-8.714271,6,142.695459
-9.012233,5,142.806467
0.068799,14,143.028116
-5.685546,8,143.171453
-8.920772,4,143.253345
-0.821799,11,143.417246
-7.463582,6,143.537073
1.956599,23,143.846558
-6.673081,10,144.01886
-2.168486,9,144.163155
-8.8,3,144.235626
-10.444757,11,144.416534
-0.833386,15,144.659058
-5.872753,10,144.842791
-5.838891,10,145.017588
-7.092578,4,145.106279
-10.123187,5,145.2194
3.519671,25,145.559269
-4.702377,16,145.814919
-10.0,1,145.856375
-4.166683,8,145.986312
3.774941,27,146.392337
-9.049824,2,146.45359
-3.172141,13,146.657313
-10.0,1,146.70027
6.394546,26,147.081914
-4.678146,19,147.377955
-8.44,4,147.460968
-3.409405,20,147.771797
2.192835,14,147.980266
-7.13992,5,148.082462
0.304571,21,148.407039
-3.125271,20,148.745986
-5.405898,9,148.918314
-2.037591,9,149.068448
-10.0,1,149.110119
-7.908344,5,149.209385
2.909182,17,149.469408
-1.665905,21,149.831416
-3.579888,11,150.015542
5.819926,24,150.371061
-9.0,2,150.422204
-7.005819,4,150.506022
-6.562879,6,150.621529
-7.972715,7,150.753623
-2.94978,12,150.935477
-2.80131,11,151.127133
-9.03311,2,151.18042
-1.535145,12,151.368522
-6.106921,9,151.535241
-0.586439,14,151.755195
11.84295,29,152.171991
8.650405,34,152.650877
-6.892968,5,152.740491
0.33712,18,153.030183
-8.488316,4,153.120819
16.722339,40,153.676392
-5.319217,12,153.869252
-8.8,3,153.933383
-7.922274,5,154.022324
-9.838992,6,154.124797
-9.32,2,154.177695
3.295434,23,154.507159
15.222202,41,155.07314
0.084211,23,155.403944
-2.183365,16,155.641537
-4.27748,13,155.839782
-8.066807,6,155.9365
-3.515106,8,156.056712
14.604476,38,156.551309
-3.080773,18,156.829592
-0.641949,16,157.091838
17.751369,52,157.814912
-6.463504,8,157.959645
-9.129621,2,158.022593
-8.2,6,158.125977
-7.023108,4,158.198122
-10.0,1,158.241031
-10.0,1,158.282505
-6.823373,6,158.394303
-6.248686,9,158.559418
13.535601,45,159.19254
-2.763028,17,159.462903
-6.772933,5,159.57471
-4.90575,7,159.70898
16.682732,46,160.418757
-0.006135,12,160.605424
-0.522611,15,160.840841
-4.134075,7,160.952777
-5.263285,7,161.071966
-9.053289,2,161.125823
-3.081226,10,161.277625
-6.820877,8,161.426404
-10.0,1,161.469717
-6.248103,5,161.574037
-7.103748,8,161.73146
-1.095043,30,162.20837
-10.0,1,162.245793
2.576763,16,162.517065
-7.03637,6,162.649629
4.740158,33,163.181446
-8.400957,3,163.253648
-4.943132,8,163.396487
-10.0,1,163.436748
-7.405257,6,163.554339
-9.0,2,163.610979
-5.516287,19,163.947249
3.562606,15,164.195827
-7.127478,5,164.323334
-6.564043,5,164.419101
-9.48,3,164.503304
-0.186748,18,164.776475
-1.984896,16,165.050204
-8.902203,7,165.193597
2.061649,23,165.585693
4.986555,32,166.123624
19.359972,48,166.812235
-6.49527,16,167.043885
-4.027536,12,167.246707
28.086317,93,168.457649
-10.058912,2,168.514387
-7.068318,8,168.653079
-6.766728,22,168.965093
-7.96,3,169.040644
-2.834802,12,169.208105
5.878134,32,169.652508
22.225824,60,170.505181
-8.2,6,170.620556
-9.028719,2,170.713582
4.234092,26,171.164595
-6.061377,14,171.399195
9.835684,41,171.976326
-5.059013,9,172.138364
-6.0,5,172.224526
-5.661284,10,172.396098
-6.309274,8,172.555718
-6.576721,5,172.651671
-4.307666,9,172.819311
-8.377429,5,172.923966
-6.143828,9,173.090751
0.963754,29,173.593447
-2.514993,22,173.982164
-11.29562,4,174.08146
-1.459929,18,174.378939
-7.274695,9,174.551458
11.96509,32,175.086146
-6.588832,9,175.271459
-9.32,2,175.334247
10.056611,34,175.79371
3.714054,20,176.065622
-1.055399,24,176.424726
-10.0,1,176.464703
-8.8,3,176.530731
7.273205,37,177.049739
-6.948672,8,177.167817
1.384751,19,177.432676
5.154697,29,177.832936
-9.100101,3,177.908116
8.217029,26,178.265117
-10.843815,2,178.324139
-7.038482,5,178.41284
19.040727,59,179.242455
6.844408,24,179.586079
-9.052319,11,179.757937
-4.704804,13,179.961321
-6.145495,15,180.186407
-8.44,4,180.260978
-2.20165,16,180.489047
-8.986808,15,180.746189
-2.878985,11,180.915015
-10.0,1,180.953352
-6.217147,6,181.055981
1.898417,18,181.311045
6.427351,36,181.801817
-6.941156,6,181.913368
0.28171,13,182.096126
-10.0,1,182.13605
-10.0,1,182.174391
-4.047919,14,182.385784
8.928212,33,182.862273
-8.8,3,182.931366
-8.148674,3,182.999209
-8.88,6,183.115426
-3.728079,11,183.30019
-6.605462,12,183.478196
14.057782,40,184.052254
-6.801485,7,184.175619
1.795633,28,184.592168
-6.835191,6,184.702249
-4.376705,11,184.892101
13.18132,32,185.354768
-7.286045,5,185.459145
2.082261,19,185.75373
2.345794,18,186.004499
1.004034,25,186.393305
-1.530629,11,186.549576
-7.426762,8,186.690868
8.443588,34,187.185295
-6.688416,7,187.343923
6.199013,21,187.747217
-8.0,3,187.829566
5.543328,28,188.34149
7.705357,24,188.765502
8.007948,29,189.300329
6.288908,29,189.756893
-6.876499,6,189.878587
-9.32,2,189.960259
-8.8,3,190.057832
-8.0,3,190.153356
3.514294,18,190.520594
-9.004187,8,190.694952
-10.0,1,190.747595
-8.8,3,190.829071
-8.8,3,190.901992
8.658626,43,191.559501
-4.217189,15,191.786387
-8.093264,4,191.877783
-8.075676,4,191.956179
-9.0,2,192.011388
-0.41619,19,192.309798
-8.52,7,192.438018
-4.176151,12,192.636081
14.884535,50,193.306973
-8.6,5,193.408215
-8.148209,3,193.473948
1.015091,24,193.813373
-0.36403,20,194.150891
-8.457367,3,194.217361
-2.900958,18,194.510644
5.316807,22,194.830086
-9.231516,4,194.916424
-7.545042,9,195.071956
-7.623693,7,195.204916
-4.389278,9,195.36037
19.053594,35,195.848057
-1.359973,10,196.000096
-10.0,1,196.059386
4.383257,16,196.370019
-5.28084,12,196.66804
-6.058086,5,196.7843
-6.01424,5,196.890415
-9.32,2,196.939308
-1.67437,14,197.165343
-4.107915,11,197.351454
-2.836448,15,197.58789
-8.44,4,197.660052
-0.313551,11,197.829215
-6.753423,6,197.938824
8.427165,22,198.267591
-2.124018,9,198.394897
-8.736486,7,198.521806
-10.232931,10,198.698267
0.286527,15,198.903524
-10.0,1,198.944459
-2.207319,15,199.176992
-2.920302,21,199.480169
6.696502,29,199.897004
28.752411,79,200.943508
-8.44,4,201.022255
-7.13428,8,201.147463
2.00225,16,201.374577
7.583671,23,201.683772
-10.0,1,201.725145
3.712331,31,202.144364
-8.67716,3,202.208437
-5.85448,13,202.411693
-8.08402,7,202.529462
-5.965616,8,202.648855
-10.0,1,202.685551
-0.193023,25,203.016835
5.406221,38,203.559375
-8.80995,26,203.938859
18.399116,47,204.549066
-6.160505,5,204.640337
-10.0,1,204.681612
-5.198711,8,204.799219
-4.33146,14,205.006361
-6.243186,6,205.098317
-2.481534,24,205.477664
-4.049092,17,205.733493
17.103407,45,206.340475
-10.0,1,206.38499
-0.846714,21,206.688321
-9.319651,2,206.734612
42.258693,80,207.95146
-9.110031,3,208.030468
-9.021412,2,208.091845
-3.432603,8,208.23207
-3.387359,12,208.447043
-8.44,4,208.529709
4.549967,36,209.071975
6.270904,39,209.640456
-2.433279,15,209.893877
1.57637,25,210.246778
-1.74456,19,210.543049
-9.48,3,210.61584
-10.0,1,210.657151
1.757134,13,210.835418
-8.161287,3,210.906386
-8.301465,9,211.067638
-2.828583,18,211.321765
-8.44,4,211.404157
-4.851837,12,211.618927
-7.070836,14,211.857763
-7.294997,8,211.999392
-10.0,1,212.043861
-5.35793,9,212.203236
-10.0,1,212.244404
-10.0,1,212.286229
-1.022078,17,212.537251
1.017223,18,212.801777
-9.18098,3,212.889058
-10.0,1,212.930827
0.23736,22,213.244518
-4.135149,16,213.471334
-7.021246,12,213.679549
1.187437,25,214.03344
-10.0,1,214.072071
-10.0,1,214.113437
-7.604713,5,214.204159
-9.128127,2,214.256908
-10.0,1,214.296651
-10.0,1,214.341736
-5.528745,6,214.442079
-4.630078,17,214.706026
2.033632,17,214.936565
3.067407,20,215.239222
-8.01424,3,215.30267
-10.0,1,215.343971
-10.274991,5,215.445168
-3.91712,16,215.675127
-4.508043,14,215.890977
1.980168,16,216.111503
-10.116181,8,216.247535
-8.252622,4,216.335011
-8.687082,3,216.395557
-3.919451,12,216.580776
-7.235516,4,216.658833
-3.052904,12,216.844509
-10.0,1,216.882821
-3.593704,9,217.034234
-10.685021,2,217.091974
25.790482,73,218.096163
-10.0,1,218.141415
-7.105448,5,218.231889
1.595393,18,218.48055
-1.807544,10,218.632419
6.693925,31,219.06436
-5.968525,12,219.268598
-1.533233,14,219.482284
13.08165,44,220.077162
11.994407,38,220.632405
-4.849367,11,220.804598
-7.597893,6,220.915026
-10.0,1,220.956068
-2.129502,9,221.096967
6.549703,33,221.599126
-9.669708,8,221.742501
13.863298,33,222.212759
-1.601055,12,222.392321
18.197849,49,223.006917
12.885779,53,223.688018
-8.8,3,223.755459
-4.313922,7,223.863458
-8.407698,3,223.927546
6.556517,32,224.365652
-2.108568,24,224.722997
4.539497,35,225.246934
-1.748294,13,225.454726
-1.354274,14,225.67355
-8.24,5,225.770901
-4.109651,11,225.955623
6.84786,28,226.366131
5.98921,22,226.690595
-5.211941,6,226.800463
-5.90902,8,226.930129
-5.036195,6,227.030022
-7.4,5,227.125977
-0.027452,22,227.434541
-10.0,1,227.472817
-7.048628,10,227.632703
11.08126,31,228.104
-8.0,3,228.171275
-10.0,1,228.213805
-10.0,1,228.25531
-1.852791,15,228.487072
-6.372556,6,228.591202
-8.208721,8,228.706609
-4.32,8,228.81993
4.555015,28,229.213276
-10.0,1,229.254739
-9.044269,2,229.303979
-11.4344,2,229.365917
-6.793977,10,229.52018
-10.0,1,229.562696
-1.280001,22,229.928455
-4.223985,7,230.053191
-3.179636,16,230.35637
-10.0,1,230.40683
-6.317449,6,230.508826
-8.466021,4,230.597035
13.268244,49,231.31521
2.972097,26,231.726779
5.750803,35,232.228845
-4.380056,12,232.410377
-6.276164,7,232.517954
-8.8,3,232.577827
-2.148639,14,232.791835
15.97298,45,233.38188
-9.405627,16,233.614594
-2.827238,12,233.783466
-5.681755,11,233.941829
-6.035078,10,234.084218
-7.799826,4,234.153291
7.085273,19,234.396472
-6.048964,5,234.479251
-7.219103,4,234.548922
-3.93841,19,234.813392
-2.076304,15,235.019695
-9.0,2,235.064049
-9.32,2,235.117731
-9.159283,2,235.169139
-8.44,4,235.241477
-7.443578,6,235.334442
-2.199016,12,235.499817
-9.32,2,235.545708
-5.368889,7,235.648199
-3.465672,16,235.867136
-5.888647,11,236.033438
-2.494343,11,236.189517
-9.017725,2,236.239542
14.958416,42,236.752346
-7.072437,4,236.819243
-8.261148,3,236.878852
-5.37749,7,236.984627
-10.0,1,237.021349
-10.0,1,237.06156
4.880521,24,237.367858
-2.361864,10,237.511977
19.56234,62,238.32387
-5.113666,12,238.518244
-7.865046,5,238.600783
37.881778,74,239.549934
-1.186918,16,239.778062
-2.177409,19,240.050861
-10.0,1,240.089239
4.927362,26,240.416019
-10.0,1,240.449813
-5.731379,10,240.587586
-5.759316,7,240.694614
-0.334618,13,240.875364
-9.32,2,240.924442
-11.28321,6,241.030383
-6.292923,8,241.151504
-3.700422,14,241.339993
-4.275315,9,241.479151
1.619492,31,241.887001
-9.32,2,241.937495
-5.586452,10,242.087366
-8.203927,5,242.165521
-10.0,1,242.2084
-10.0,1,242.243696
-7.792416,4,242.315619
44.103437,68,243.16587
-0.511177,20,243.430418
-8.786259,4,243.507122
-5.410602,24,243.843212
-4.965056,8,243.962133
0.950466,16,244.171352
-10.0,1,244.212757
-7.844452,11,244.383125
-9.0,2,244.427497
-8.471464,4,244.504199
-1.40837,18,244.741942
-10.0,1,244.781867
11.083285,45,245.360283
-5.04193,7,245.47964
21.111875,49,246.104999
-10.030912,8,246.237801
-6.608971,6,246.335867
-1.530404,14,246.523854
-5.686408,7,246.628517
-1.233778,16,246.852685
-9.01424,2,246.903696
-6.392087,5,246.98544
9.196109,42,247.514772
0.492811,18,247.777614
-10.0,1,247.809815
0.470938,18,248.043002
-8.8,3,248.099688
-9.177136,2,248.168754
-7.572142,10,248.330134
-10.0,1,248.368478
-8.380455,5,248.455848
6.500229,22,248.737486
6.965607,23,249.037488
24.451937,66,249.885329
-8.8,3,249.94304
23.613321,41,250.442751
-5.948243,7,250.55335
-2.524455,12,250.713486
2.102196,17,250.936569
-5.440027,11,251.088943
-3.537185,8,251.20615
5.573061,23,251.495031
-8.003882,4,251.570347
-9.917575,3,251.640841
-8.259961,3,251.703267
7.400096,35,252.135581
8.022513,33,252.635955
1.942576,16,252.858656
-8.48,2,252.92001
6.863326,31,253.360235
22.458015,56,254.084417
-6.042834,6,254.187166
-3.739687,14,254.394813
-11.677816,18,254.658
-4.712583,10,254.806366
-9.04893,4,254.904562
2.417565,14,255.082561
-9.32,2,255.134764
28.354093,55,255.816442
-3.474339,13,256.030679
-10.0,1,256.066005
-10.0,1,256.101452
-9.12,4,256.178075
1.331094,27,256.559787
-8.078887,3,256.624375
-9.656984,3,256.696063
10.261095,31,257.129682
-10.465761,2,257.190506
4.118463,21,257.509243
-10.0,1,257.550423
24.277973,58,258.458314
1.392756,18,258.792287
0.764941,17,259.068631
3.885397,22,259.394375
-7.19085,9,259.562374
1.24216,25,259.947501
-7.941856,5,260.041084
3.385078,24,260.391762
-8.631051,9,260.549612
-10.237616,3,260.628914
-6.963701,8,260.774221
-6.067102,7,260.896138
-10.215668,3,260.971538
-5.947367,8,261.117778
12.133122,31,261.550751
-1.044553,21,261.869954
1.327844,21,262.223291
-8.484128,4,262.314151
-10.0,1,262.357013
9.716991,34,262.853323
7.98684,28,263.265107
-7.145708,4,263.348035
8.552472,35,263.920391
-7.96,3,264.025478
23.387782,61,265.031748
-8.2,6,265.153398
2.820042,20,265.480114
-9.32,2,265.541888
12.732059,39,266.218675
56.184257,99,267.820387
-8.416595,3,267.892204
-4.178508,10,268.084541
1.962438,22,268.457845
-4.294412,12,268.675782
8.116627,33,269.178783
-7.40373,6,269.312576
9.357874,34,269.827382
-10.309579,4,269.931092
2.828352,21,270.252335
-1.18637,12,270.44077
-7.044777,4,270.520494
22.961154,62,271.398765
-3.060125,22,271.74076
1.015779,18,272.021773
6.915797,25,272.376709
-10.0,1,272.420818
-2.044697,16,272.660213
-4.932287,14,272.887663
-7.423185,9,273.04222
-6.802284,13,273.242971
6.361098,20,273.546314
-7.816993,5,273.646398
-11.029527,14,273.874217
-2.672361,9,274.028486
3.753248,27,274.44263
18.162161,47,275.148283
5.67067,26,275.567597
-6.378559,8,275.712867
-6.655184,9,275.862864
-6.01424,5,275.950341
-7.268469,4,276.03418
-5.645755,8,276.174022
-7.251943,8,276.320712
-9.085784,2,276.376461
11.603502,32,276.849773
-7.0,4,276.948703
1.768741,14,277.196588
-7.554213,5,277.298634
-6.127217,5,277.393349
-3.904748,17,277.677146
-0.918598,17,277.943296
-9.098948,2,277.999758
-10.0,1,278.041694
-10.0,1,278.082758
-9.0,2,278.134957
-7.646005,6,278.243207
-7.852071,7,278.363842
-6.174655,24,278.753048
-4.956924,15,278.984073
-10.0,1,279.027639
-4.393157,10,279.191085
-8.571868,3,279.25706
-7.137636,5,279.356731
-7.100991,7,279.479599
-7.46912,6,279.602986
4.71501,18,279.865315
21.718454,45,280.496634
-10.0,1,280.53141
3.941318,26,280.8792
-0.437707,14,281.064892
-1.399785,20,281.334485
-9.782632,3,281.40019
-2.582973,13,281.581338
-5.777794,10,281.733285
-10.0,1,281.773093
7.851601,26,282.101576
13.507538,35,282.520021
3.734606,29,282.892374
-6.409007,5,282.970056
-8.132315,3,283.027811
-3.961566,9,283.147497
-2.472474,11,283.289582
-2.802026,11,283.443653
-4.897297,9,283.566146
-0.70015,21,283.844311
-4.699761,8,283.981097
14.885823,44,284.535929
-9.02136,3,284.620753
-8.032174,3,284.704585
6.661272,38,285.341669
-10.0,1,285.387651
-0.790017,25,285.773405
-10.0,1,285.813999
-2.018872,14,286.041957
6.191731,32,286.488172
-5.628342,11,286.645221
-5.737481,14,286.847845
-7.385229,4,286.920818
-6.460006,9,287.065725
0.066721,14,287.279847
13.252068,39,287.766447
-8.205615,4,287.843053
-7.437433,5,287.930361
-8.382976,4,288.000847
-0.189546,17,288.221372
-8.173011,7,288.334257
-1.758945,15,288.539027
0.039626,12,288.718307
-8.24,5,288.814315
18.669307,50,289.475548
12.000625,30,289.854299
-0.068009,14,290.045018
-7.054059,4,290.121576
-3.307227,18,290.410182
-3.785099,10,290.560716
1.675822,24,290.907195
-4.528989,8,291.03158
-5.927026,7,291.134264
-10.0,1,291.170617
-2.90172,10,291.327393
-5.991832,11,291.509976
10.800969,35,291.98542
-9.064018,2,292.033617
-7.053859,6,292.141147
13.042409,49,292.741619
-1.092074,10,292.887858
-0.561079,13,293.074744
3.655677,28,293.432966
-6.154214,14,293.638066
-3.258097,12,293.824367
-7.522311,4,293.917872
6.274172,29,294.315909
-9.0,2,294.363849
-8.6,5,294.454321
-8.425839,4,294.524627
-0.737587,19,294.775003
2.700239,21,295.07622
-7.825819,5,295.166577
-9.32,2,295.220164
-9.0,2,295.273322
-5.053987,10,295.441042
2.756731,18,295.67329
0.385693,14,295.855648
-10.0,1,295.893299
0.359303,28,296.305653
-9.014054,2,296.359347
15.582304,49,296.969538
-9.97348,3,297.033909
-2.093038,20,297.30176
0.104014,16,297.527036
11.975743,26,297.988521
-7.304435,8,298.128391
-3.387576,8,298.25876
-4.394721,10,298.456644
-4.022026,7,298.584257
-3.10446,11,298.810802
11.855228,37,299.39282
-8.030735,3,299.477767
19.200395,50,300.216887
-6.683401,7,300.324143
-9.0,2,300.373155
-7.607676,7,300.502487
-3.3671,11,300.666181
-1.312074,11,300.815546
2.675927,22,301.108614
6.087272,28,301.521309
-1.999498,15,301.729919
-8.285487,3,301.789626
0.630931,15,301.994938
-7.084508,10,302.140323
-8.064824,3,302.198456
-7.458002,16,302.416039
-9.0,2,302.461053
-4.101629,7,302.555449
-8.8,3,302.613617
-10.0,1,302.647218
-2.511921,18,302.908363
6.638015,45,303.458314
-3.914966,9,303.583389
9.349393,51,304.233612
-10.0,1,304.274734
17.543397,51,304.918607
9.758182,40,305.436152
-7.394251,6,305.539597
60.860925,76,306.461271
-10.0,1,306.505018
-5.021218,6,306.60514
47.017062,92,307.723217
-7.018337,6,307.82971
-10.0,1,307.871295
4.384803,24,308.18496
-8.475473,5,308.27493
-9.04011,2,308.3192
11.953953,38,308.817077
0.058475,16,309.042865
5.836095,35,309.503943
-10.0,1,309.542389
-9.104663,2,309.590483
-3.198699,13,309.792699
-4.123958,9,309.929337
-5.958346,8,310.065248
-4.435141,7,310.170681
13.289614,29,310.539445
-6.838953,7,310.657451
-4.776292,10,310.812569
-5.11727,8,310.943353
-0.454614,17,311.208783
-6.083537,16,311.434189
-10.0,1,311.475544
11.484181,28,311.861375
-8.8,3,311.916022
-8.44,4,311.988017
-5.348136,6,312.081224
-2.386208,13,312.276177
3.029035,28,312.662791
-5.26359,12,312.863883
-1.867532,15,313.091211
10.009279,46,313.820063
-5.235398,9,313.990574
13.47421,38,314.540033
-3.798277,15,314.817574
-10.0,1,314.859527
16.216101,41,315.448647
-8.393112,5,315.552943
-6.955397,8,315.696009
-3.27746,11,315.876528
-3.617035,15,316.151526
-8.393856,4,316.236817
-8.319857,9,316.381856
11.244396,31,316.816675
-1.079198,25,317.196329
-5.17847,8,317.359915
-10.0,1,317.399439
17.411054,33,317.852629
6.025623,34,318.366622
-5.108724,6,318.476368
15.078691,44,319.095336
-11.5681,10,319.283079
14.362654,43,319.911986
-7.443282,9,320.07186
11.55337,39,320.613588
-5.361558,6,320.71131
-4.704242,11,320.874185
-1.318081,14,321.094468
2.838096,14,321.302053
-9.277776,2,321.364761
1.762393,21,321.688181
2.602663,40,322.233371
23.785617,45,322.848047
4.014897,34,323.328877
-6.885027,7,323.461885
-6.973954,7,323.588747
-2.751261,13,323.764151
2.131295,21,324.053651
-7.225427,4,324.123416
0.894807,15,324.33307
9.576088,30,324.787471
-7.926191,5,324.870468
4.788786,20,325.145186
3.842713,46,325.822301
10.159318,40,326.373584
-9.246984,2,326.423554
-2.922129,22,326.793443
-9.014739,2,326.849769
-3.477512,10,327.035346
18.750136,44,327.656078
-4.39835,13,327.849005
-10.0,1,327.894209
1.022016,14,328.114494
-5.878396,7,328.245099
-10.342211,2,328.314035
-8.371836,3,328.385208
-3.798193,21,328.727244
-1.036042,15,328.967754
0.793221,23,329.322328
2.603907,18,329.623029
-0.764925,20,329.948208
-7.611315,4,330.023312
-8.202746,4,330.100786
31.578497,61,330.8634
4.12955,18,331.128845
-10.179313,4,331.214588
7.718199,38,331.827298
-1.26671,18,332.089856
-5.69874,12,332.28798
0.11509,13,332.499278
-5.232795,8,332.631019
-4.274712,14,332.84401
-9.32,2,332.898287
-10.0,1,332.946217
0.993159,17,333.227464
1.762698,19,333.5254
-6.112226,5,333.605122
9.47499,34,334.072604
2.316203,30,334.50086
6.492548,34,335.005356
-6.126492,5,335.091623
5.372177,33,335.547019
0.0,13,335.723522
-9.32,2,335.767965
-9.415052,3,335.840172
-8.721478,22,336.148386
-2.211435,17,336.438138
17.221418,50,337.107161
-7.951956,5,337.212994
-9.32,2,337.27423
9.083944,34,337.762657
-4.248433,9,337.911077
-11.429129,20,338.223418
-1.931318,13,338.430103
-5.279581,7,338.548483
-1.944153,13,338.758601
-8.036057,4,338.841307
0.273051,14,339.04389
-6.409192,14,339.272304
-1.995182,16,339.516755
-4.075795,7,339.613295
-6.117958,5,339.695356
7.691342,29,340.079703
2.508287,22,340.376046
10.193777,24,340.686385
-7.098435,8,340.853833
-9.142861,2,340.910182
-1.439493,11,341.070902
-7.536828,15,341.298289
0.94119,21,341.597516
13.937051,42,342.133271
-6.894501,6,342.245376
-4.581523,7,342.358354
1.518559,17,342.590313
-2.858797,25,343.009781
27.430627,74,343.993043
-2.45209,10,344.129512
-4.860672,12,344.329556
-5.335422,9,344.476707
-7.362042,4,344.546349
44.695364,83,345.624198
3.046522,41,346.187881
-8.894794,11,346.354177
-0.02084,14,346.56021
5.175503,27,346.940945
-8.425036,4,347.023188
-7.597183,5,347.110746
18.550722,49,347.772613
0.742917,22,348.082674
12.165534,39,348.578446
14.246395,53,349.313335
24.441607,43,349.851472
-6.829635,10,350.015569
3.829831,28,350.438103
7.210421,29,350.827803
-10.0,1,350.867927
-9.045839,2,350.919373
-7.503203,4,351.00013
-4.161009,8,351.126281
-8.095018,21,351.453691
-8.202581,4,351.533788
-8.24,5,351.624037
-8.279298,7,351.736476
-2.2036,11,351.895685
-10.0,1,351.935588
-6.319689,8,352.062958
-9.042063,2,352.114838
-7.709521,6,352.221357
11.324103,29,352.589409
-8.531256,13,352.77892
6.773368,27,353.133664
4.318021,16,353.348211
-6.893475,5,353.441828
2.766258,15,353.634374
4.425472,26,353.999908
8.649969,31,354.438122
-8.0,4,354.516111
4.535941,26,354.871407
-8.24,5,354.960235
-4.876499,10,355.117824
-9.02297,2,355.164011
-6.950588,9,355.311927
-5.824851,8,355.432932
1.487868,28,355.838213
-7.96,3,355.9064
0.251785,42,356.476655
-1.15366,19,356.731521
-9.034888,2,356.774674
4.284586,22,357.060706
-5.063178,12,357.224494
6.389828,32,357.655586
15.686433,41,358.246628
-6.0,5,358.340948
-7.70151,5,358.447414
-8.8,3,358.522598
-10.0,1,358.565728
-8.085906,3,358.6316
-8.277757,9,358.80173
13.566732,37,359.357207
-6.686373,8,359.49002
-1.192611,13,359.686192
-7.228211,4,359.770646
0.505633,17,360.02373
-7.225713,8,360.149698
-6.0,5,360.227597
9.5427,45,360.815633
-9.01424,2,360.863925
-8.348701,8,360.984217
-1.578927,21,361.299575
-7.771403,5,361.397065
2.494158,25,361.728945
-0.392558,13,361.911598
-8.0,3,361.971293
0.632029,17,362.217759
-8.767054,11,362.38425
-6.030083,7,362.504792
-3.775684,17,362.780488
-10.0,1,362.824934
-0.155216,23,363.186359
17.981126,41,363.715165
32.210808,61,364.548731
4.262749,17,364.791519
13.815254,50,365.532531
-9.005584,2,365.596802
-6.087464,12,365.794266
-3.359563,14,366.03116
3.875003,33,366.507914
-7.832996,5,366.62335
-5.892378,6,366.724529
-10.346442,2,366.788664
-10.0,1,366.830033
-4.916815,12,367.024605
-4.655256,8,367.140491
-8.24,5,367.232272
-9.0,2,367.286012
14.394594,45,367.879717
16.705627,46,368.493813
3.619618,26,368.839476
-0.476514,20,369.126943
-7.044622,7,369.259462
-3.306513,9,369.392652
9.647884,42,369.946133
-10.0,1,369.987462
29.014133,61,370.819988
-7.201167,15,371.042246
5.072531,27,371.436114
-5.001352,12,371.632626
-4.861297,10,371.780798
-1.609641,12,371.949484
-10.0,1,371.98987
-1.893095,14,372.184605
-9.0,2,372.229109
0.199857,20,372.520165
-2.296279,10,372.684611
4.882624,21,372.98895
-3.043698,12,373.159655
0.484014,20,373.460527
23.689165,55,374.170686
0.627089,12,374.32998
1.750302,24,374.701406
1.087878,24,375.043403
5.718867,32,375.499169
-7.0,4,375.567794
2.416684,27,375.94277
1.073839,19,376.202427
-1.150685,26,376.575975
-9.184262,2,376.630699
12.137372,32,377.05706
-9.0,2,377.116321
-10.155169,12,377.321062
-8.31665,4,377.405022
1.743323,15,377.601567
-8.51557,3,377.664634
-9.122523,2,377.719404
-9.32,2,377.76696
-10.0,1,377.802324
-9.32,2,377.854584
23.506814,42,378.386253
-1.437894,12,378.552176
7.417738,27,378.922968
-3.162664,11,379.097634
10.304037,26,379.466432
-7.746551,8,379.603323
11.4134,30,380.01776
-8.33841,6,380.128082
-10.0,1,380.171001
-1.998094,11,380.327283
-7.989626,7,380.452105
-10.0,1,380.488908
-3.013818,10,380.632302
1.789442,20,380.894643
25.018629,53,381.634434
21.216682,57,382.400009
-2.67021,15,382.627567
-7.0,4,382.700624
-3.848564,16,382.931847
-4.0,7,383.038914
-7.0,4,383.121531
-4.529371,13,383.317616
-3.143887,8,383.439497
4.614432,16,383.653794
-5.426891,7,383.774942
-6.607017,5,383.860749
-3.414812,8,383.981205
7.172203,22,384.276118
-6.598568,8,384.405499
-10.114485,3,384.47526
0.860096,12,384.633078
-3.95313,10,384.787487
-1.363103,12,384.966522
18.830333,59,385.734651
15.031617,39,386.245964
-10.0,1,386.28376
-10.0,1,386.328098
-7.372024,4,386.409728
2.228798,33,386.872849
6.670594,19,387.122992
-5.251073,7,387.248382
-4.533917,7,387.359576
-8.322791,3,387.423573
-8.909775,4,387.505771
-2.001869,12,387.684108
3.226371,24,388.022345
-7.657949,5,388.119017
3.076465,20,388.426895
14.806427,45,389.084591
0.978621,21,389.39055
-10.0,1,389.433434
-9.114068,2,389.493464
-7.677993,4,389.578909
-8.067792,3,389.647875
-2.990015,13,389.867633
-8.63642,3,389.927273
-1.070024,19,390.195492
-4.238204,7,390.307639
11.501404,27,390.665329
-3.1969,9,390.807788
-10.0,3,390.893115
-9.001296,2,390.943616
23.402771,51,391.555899
-7.055002,6,391.665932
2.792008,27,392.062144
-8.830162,6,392.176732
10.490999,44,392.759751
1.19814,15,392.965093
-1.356427,11,393.120147
-8.226553,13,393.323778
-8.44,4,393.397847
5.779257,32,393.825499
-0.297337,11,393.970969
7.082973,25,394.335737
19.148862,46,394.970959
-10.0,1,395.008385
1.640805,14,395.215691
-4.265161,8,395.34433
-1.689171,16,395.599202
-0.191316,18,395.855509
-8.251361,7,395.978409
10.82385,28,396.387128
16.042739,38,396.860576
-9.531905,9,397.041198
4.314492,31,397.443532
5.109024,26,397.822964
-2.643338,14,398.020695
-8.227548,3,398.077434
-4.270854,10,398.226108
-9.32,2,398.276832
-4.41051,13,398.454018
1.11186,18,398.749557
-5.392921,6,398.869885
-4.606238,8,399.003345
8.899776,32,399.489389
-9.032498,2,399.548989
3.967042,17,399.803484
-7.837049,6,399.914868
-7.682569,7,400.022743
-5.751241,7,400.146067
-6.973596,20,400.436358
-2.819687,9,400.561092
-6.226724,12,400.737482
-10.61243,2,400.791108
-3.487496,14,400.999359
-6.559827,6,401.091451
-5.520622,8,401.215954
1.212143,18,401.454887
5.737376,35,401.889492
-1.526953,10,402.022629
-4.281428,8,402.140165
-9.876896,5,402.250121
33.924655,76,403.190486
-8.8,3,403.248176
6.915521,22,403.517018
-8.745945,3,403.575113
-8.440812,3,403.631825
2.180481,21,403.894859
-10.0,1,403.930116
14.551614,34,404.324558
23.395146,55,405.031359
-0.298965,22,405.313788
26.792814,64,406.102725
7.90002,30,406.504421
-8.0,3,406.56004
-10.0,1,406.598832
1.035389,18,406.832228
-5.443604,9,406.973236
-1.00787,27,407.308662
60.726608,73,408.251136
-7.1502,18,408.595624
-7.230721,4,408.669428
-5.010738,8,408.808181
3.223683,18,409.073654
7.089139,26,409.463326
-3.414755,8,409.580634
-0.592652,11,409.741367
50.947691,77,410.840881
-9.012945,2,410.893328
-7.27222,6,411.006618
-4.445972,11,411.16011
16.151021,45,411.826197
1.600022,19,412.148917
-3.115773,15,412.374021
-7.366179,5,412.462904
-4.835625,7,412.574495
-5.48175,8,412.754587
-6.560369,7,412.882447
-4.333095,14,413.11263
13.34973,52,414.178424
-10.0,1,414.241497
9.848483,28,414.778037
1.150681,19,415.104865
-4.38012,11,415.289723
-5.069761,7,415.43315
-8.44,4,415.545683
-8.403754,3,415.657204
-1.848691,14,415.926081
31.664501,73,417.009396
0.535641,16,417.248099
26.137505,72,418.248755
-7.021789,8,418.390988
-7.4,5,418.500715
-0.918897,19,418.792081
-7.880051,6,418.924172
-7.008037,4,419.012736
-10.0,1,419.059283
-10.0,1,419.101333
-9.0,2,419.159166
-10.0,1,419.201592
-8.303104,3,419.273376
-7.395062,5,419.371175
-6.780251,11,419.554153
3.810653,21,419.870454
-4.830815,9,420.0359
17.375605,53,420.761347
-9.084384,2,420.811823
-10.0,1,420.847851
28.383159,56,421.602797
-7.234362,6,421.70589
7.902755,32,422.153869
-8.44,4,422.237001
-9.32,2,422.296286
-10.0,1,422.335209
14.237034,47,423.024565
15.112419,47,423.710708
6.803472,25,424.066087
-11.454393,5,424.1632
-3.857815,13,424.370859
-6.154367,11,424.536802
24.361094,76,425.590942
0.397972,18,425.860102
11.978389,30,426.291314
-4.524903,13,426.497584
9.883253,34,426.995439
1.492711,17,427.253196
-0.342895,27,427.651814
1.450255,23,428.024547
2.947683,28,428.439087
-3.396965,13,428.654901
-3.260033,12,428.846213
-1.588758,11,429.029956
-8.275385,4,429.124027
-11.133978,4,429.255658
39.529281,84,430.587425
-2.707237,15,430.799518
-10.0,1,430.841727
21.792169,48,431.57529
-7.56,6,431.70269
-9.0,2,431.753376
2.838454,25,432.136185
-9.243393,6,432.290186
-7.069792,4,432.403294
-8.0,3,432.47586
-0.40235,15,432.745173
-4.83545,9,432.910954
-5.311325,9,433.070314
39.928517,87,434.337469
-0.668229,20,434.632045
-3.963268,9,434.773913
-6.899208,12,434.972129
22.330607,42,435.54999
-8.065415,3,435.618318
-11.902588,7,435.7718
3.299169,26,436.121239
0.924881,14,436.334517
-9.301045,2,436.393592
3.170642,25,436.796432
7.307705,26,437.165836
8.194485,32,437.692566
-3.60484,11,437.882773
-9.48,3,437.959034
4.88336,29,438.375889
-2.548535,14,438.586842
-8.525631,5,438.6876
-1.620072,18,438.992812
13.774022,42,439.601803
-10.0,1,439.6406
-2.897869,19,439.9062
-7.927283,11,440.083045
-4.708666,11,440.280303
-1.764789,26,440.614763
-10.0,1,440.655867
-10.0,1,440.694457
-9.32,2,440.743508
4.84294,17,441.021242
2.660159,21,441.351958
-5.596849,15,441.586758
-8.0,3,441.661184
-5.524294,17,441.903004
32.62679,70,442.787822
4.942448,27,443.15555
2.772548,19,443.401735
-7.17835,4,443.48192
-8.097588,6,443.581416
3.441747,24,443.931201
-2.303563,16,444.194206
0.918403,29,444.631574
3.025719,32,445.086833
-10.0,1,445.124273
-3.072517,10,445.265932
-3.282246,13,445.456639
-6.804792,6,445.569608
6.205567,26,445.975243
-10.0,1,446.016146
-6.026094,5,446.105433
-5.072372,7,446.227202
-5.615181,13,446.448653
1.54036,29,446.859842
-3.722971,14,447.085936
0.275365,18,447.371918
18.330222,39,447.937446
-8.25458,7,448.076796
6.804218,28,448.473288
-5.370155,7,448.605068
7.017878,26,449.127097
-0.105883,26,449.562664
32.061247,87,450.881884
-8.742975,3,450.943649
-6.206355,8,451.059227
20.202493,52,451.728062
-1.808748,17,451.972346
5.076651,20,452.23687
1.205521,21,452.506505
3.365416,28,452.877068
-10.0,1,452.915086
1.164322,13,453.079679
-5.439012,7,453.18548
-8.464956,4,453.261597
1.197346,28,453.677611
-10.0,1,453.714767
-9.32,2,453.763098
-6.163297,9,453.901292
-0.655286,13,454.069502
-8.472466,6,454.171451
-4.129261,12,454.356511
0.068829,17,454.601238
3.183184,22,454.891412
-10.0,1,454.931788
12.008637,33,455.329917
-8.535664,9,455.477428
-0.245019,20,455.735389
-6.146104,21,456.061647
2.227617,21,456.357903
-5.098573,9,456.494284
-3.436202,10,456.634338
6.378369,21,456.901711
1.243102,21,457.206971
16.890364,59,457.929587
-1.657328,16,458.150395
-9.091484,2,458.197715
-7.011237,12,458.355181
-1.112274,10,458.48356
-1.896199,12,458.651233
-1.022242,26,459.018932
2.915322,17,459.236043
-0.359704,18,459.47717
-4.112219,13,459.665952
1.706137,22,459.964334
3.158361,20,460.226873
17.533353,71,461.172404
0.546335,14,461.368225
-8.519776,6,461.469611
-6.856916,20,461.763367
-10.0,1,461.810261
-9.32,2,461.865228
-8.2,6,461.961376
39.221728,74,462.885932
15.090447,43,463.492538
-1.475605,12,463.685834
17.479536,52,464.424168
5.310838,29,464.82462
38.379363,54,465.458502
-3.455006,12,465.654712
3.413877,22,465.981376
2.339455,26,466.389357
0.006182,24,466.764364
-8.8,3,466.826162
-0.689991,12,467.011281
22.238613,51,467.786792
7.0,20,468.138785
-9.0,2,468.208568
-2.073175,11,468.429272
12.730451,42,469.032066
9.51784,32,469.45718
6.280174,19,469.713518
4.479183,24,470.071257
-4.229872,12,470.242962
28.392587,60,471.072252
14.90538,51,471.751479
-5.850415,7,471.865951
-1.932145,14,472.078431
14.565704,37,472.584885
31.188801,58,473.315304
-7.819266,5,473.42193
-6.161751,5,473.512461
-6.151064,7,473.640878
-10.0,1,473.680064
-8.8,3,473.739812
-0.400848,24,474.093693
17.891437,35,474.562436
4.069654,25,474.929023
18.446555,46,475.532007
12.932142,55,476.254755
-10.72054,2,476.319062
-4.035416,7,476.420007
-5.078435,9,476.553474
-5.078742,12,476.738885
21.96419,43,477.2903
1.175302,16,477.510532
-0.760586,15,477.750307
-2.525658,18,478.022594
-6.367429,7,478.175406
-6.031381,7,478.319504
2.789718,20,478.630183
-10.0,1,478.673073
6.0,20,478.973532
-1.760449,10,479.148605
30.173347,59,479.983398
-0.198074,13,480.173556
6.851052,24,480.49743
64.51412,84,481.56992
2.412805,16,481.794129
-10.0,1,481.835163
5.372061,24,482.172764
-9.040157,2,482.222718
-8.707772,3,482.291833
-9.0,2,482.345743
-7.581305,7,482.470605
-5.691444,7,482.585187
4.223127,20,482.856915
-5.218315,6,482.956261
-2.923129,12,483.13269
-0.823112,12,483.305102
-4.161751,7,483.415285
-8.201979,13,483.612921
-8.372607,5,483.719001
-2.933034,19,484.013942
-8.8,3,484.076933
-6.088286,5,484.154315
-1.654976,11,484.307241
18.159929,50,484.979529
19.197501,33,485.415271
-0.957107,14,485.641726
-7.792172,5,485.72584
-8.48,2,485.78276
-10.0,1,485.824139
1.246266,13,486.005768
-3.986587,12,486.208615
16.538688,42,486.760185
-10.0,1,486.808786
2.292197,17,487.05254
-2.481364,22,487.357198
5.965373,22,487.642581
17.243678,40,488.205859
-9.077861,2,488.260512
-2.224358,14,488.482464
1.7875,18,488.756577
-3.382713,16,489.005441
0.116497,29,489.427537
-3.252771,24,489.786917
1.67662,27,490.188137
12.186136,37,490.715095
-4.815148,8,490.837717
-3.023108,8,490.969231
10.11616,30,491.356646
-4.756128,8,491.485204
-3.526204,9,491.626249
-1.676251,17,491.858581
47.7103,62,492.690904
-3.477569,19,492.984046
-6.24208,5,493.080386
-5.433064,6,493.187512
-10.0,1,493.225793
-7.799726,5,493.311527
1.013876,20,493.604679
17.774573,49,494.335216
-3.510567,8,494.469659
-10.0,1,494.515557
5.377996,21,494.838929
-6.340941,7,494.9576
-7.351467,5,495.051247
-8.44,4,495.142333
-2.59782,12,495.324241
-9.148055,2,495.376427
6.195244,22,495.677793
42.104771,78,496.707079
-0.00264,19,496.976053
31.887706,81,497.978541
27.345569,64,498.871162
-5.171036,6,498.976718
4.708855,21,499.276548
-8.0,3,499.343144
-9.0,2,499.390411
21.066646,42,499.97068
-0.084998,24,500.324102
-7.520333,5,500.438029
1.644096,24,500.790216
5.7295,20,501.075273
-11.436,3,501.164457
7.336488,32,501.625746
-4.578563,10,501.766598
-3.011569,9,501.912747
30.792809,68,502.819051
-5.868155,8,502.955903
-8.612322,6,503.070983
-7.020003,5,503.164515
0.30169,16,503.398661
-8.057721,9,503.546553
4.296736,26,503.927883
-7.971639,5,504.017632
2.221932,19,504.305576
-9.271234,18,504.561755
-10.0,1,504.59823
-4.986256,13,504.795027
-11.205797,6,504.902878
-0.319466,22,505.232539
-4.17496,8,505.353362
-10.0,1,505.397793
12.425174,42,505.958854
2.131388,16,506.164347
-8.347817,8,506.290752
-8.17552,10,506.450176
-3.798055,21,506.752695
-8.258612,4,506.835568
-6.302161,11,506.991354
6.819458,33,507.4473
4.056016,18,507.702423
-7.575645,8,507.826074
-1.08789,11,507.970413
-6.644276,6,508.067678
-4.279775,12,508.273536
-8.8,3,508.340292
-6.375272,7,508.456486
-5.095413,12,508.63936
-9.163897,2,508.690096
-10.0,1,508.739525
2.599101,21,509.111865
-8.776409,7,509.252906
4.634983,30,509.738302
-10.0,1,509.783009
3.662591,20,510.076758
-10.0,1,510.112107
33.554133,58,510.858944
-5.15491,6,510.964733
-7.54917,5,511.064396
-7.533621,9,511.223611
15.962234,37,511.680282
15.846648,40,512.204171
19.355272,48,512.856928
-11.683294,5,512.953298
-4.026299,13,513.182951
6.398609,31,513.611925
15.070546,47,514.274621
14.641058,43,514.823654
3.636639,29,515.216582
1.845576,20,515.495281
-7.444217,5,515.590849
-10.0,1,515.630714
-3.949326,9,515.769486
2.052419,25,516.125888
-3.713965,9,516.259598
-11.880063,3,516.328443
-9.285817,3,516.399139
0.536913,33,516.834567
-7.10361,4,516.9111
-9.049955,2,516.980428
-5.531319,15,517.23492
-9.024543,2,517.302011
22.102471,54,517.984862
-7.01908,12,518.148052
-9.32,2,518.195839
20.654979,43,518.791976
-9.028414,3,518.865458
-5.247708,12,519.053379
-1.0,10,519.194428
-7.894862,7,519.322869
-0.415227,19,519.616992
15.414042,59,520.451234
-2.101968,18,520.699987
-10.0,1,520.742973
-5.33951,6,520.836559
0.195769,13,521.009969
28.883068,56,521.800408
-10.0,1,521.839172
-3.496367,11,522.000329
-3.730312,20,522.29796
-6.23365,8,522.436168
35.285054,75,523.537184
-8.656027,6,523.647635
-8.44,4,523.722613
-5.692397,10,523.885072
-8.44,4,523.958953
-10.0,1,523.996455
30.410334,75,525.033235
-10.0,1,525.072173
18.497257,61,525.884631
-4.054641,15,526.117944
-5.0,6,526.209955
0.361683,17,526.465496
-10.0,1,526.511393
16.221813,34,526.96086
-1.770891,13,527.153892
4.458284,25,527.541013
-7.0,4,527.614083
18.377769,53,528.312284
5.998514,30,528.726299
3.109084,27,529.134724
-10.0,1,529.180575
-7.747696,4,529.261984
-7.586855,4,529.338452
9.565213,38,529.836596
-4.489578,9,529.968613
6.671544,21,530.247942
29.280786,71,531.20395
-6.341968,6,531.317706
-9.32,2,531.371633
3.124999,17,531.603341
25.389803,56,532.38717
3.772501,30,532.780997
0.30788,14,532.981593
19.006435,52,533.67932
1.733488,20,533.96097
-3.805727,9,534.091221
8.12042,35,534.574925
0.736696,13,534.853148
2.247164,22,535.210096
2.7131,14,535.413677
-11.257051,4,535.504373
-2.542196,14,535.719784
11.375876,30,536.141576
52.459023,93,537.410833
49.330514,83,538.54152
-9.0,2,538.59562
-8.212037,3,538.662429
-7.978163,4,538.742608
4.656242,26,539.144675
0.329266,19,539.454633
2.347027,27,539.865475
5.018107,24,540.241359
-8.434085,7,540.385862
-11.134408,4,540.493285
-4.864339,7,540.615254
21.073348,42,541.122835
-1.689962,11,541.295305
-4.909401,13,541.465254
4.516769,23,541.744768
-5.185357,6,541.831797
-8.403228,3,541.889492
-3.491212,8,541.999376
-9.16,1,542.043835
-8.747176,3,542.103863
-5.899492,7,542.208442
20.876502,53,542.898937
16.710005,50,543.502117
-5.703464,10,543.640838
-9.027319,2,543.69498
-9.517037,4,543.778976
12.028782,42,544.30575
10.60084,38,544.825441
-3.296265,8,544.937278
2.936154,24,545.255572
-3.947188,10,545.397032
1.990672,31,545.830575
-3.478119,14,546.017348
15.904852,46,546.580909
-2.204838,18,546.830406
1.575342,29,547.210179
7.356911,31,547.578308
14.398281,43,548.127675
-10.0,1,548.162909
0.352788,17,548.397233
48.282745,91,549.54054
1.494888,24,549.850373
29.40373,51,550.45775
-10.0,1,550.493057
15.148325,39,550.973475
-10.0,1,551.015367
-8.24,5,551.108527
-3.403006,10,551.249276
1.904698,19,551.501866
11.447952,36,551.919329
-3.060658,15,552.12131
0.228549,20,552.372865
37.536294,61,553.036548
7.417625,30,553.409904
-2.563459,14,553.594916
-8.346532,4,553.660746
-8.8,3,553.715941
-5.293506,8,553.835507
-8.128019,3,553.889076
-10.0,1,553.922696
27.14951,53,554.661514
-6.432195,9,554.813787
-1.394872,16,555.038611
-10.0,1,555.073772
-7.893265,5,555.156473
-10.0,1,555.191812
-7.642457,7,555.303064
22.030538,44,555.822514
11.483275,40,556.336971
24.875689,54,556.966778
30.407385,55,557.667214
-9.32,2,557.715833
-8.0,3,557.772004
-9.744072,14,557.955764
-9.32,2,557.998732
19.817327,51,558.593161
2.566301,16,558.802934
-3.319405,12,558.967276
-7.027611,6,559.078012
-4.213424,12,559.258563
18.812842,63,560.047363
27.341618,49,560.63145
-3.350795,10,560.761798
11.513553,27,561.094404
20.48131,38,561.55257
2.107572,32,561.982727
-1.4401,26,562.295574
-0.862047,15,562.496621
-6.784551,6,562.601325
0.034085,23,562.902081
1.146014,20,563.174316
22.754637,52,563.836887
59.341093,77,564.744821
-9.32,2,564.789358
59.781201,83,565.801884
39.867103,68,566.619727
-4.383599,10,566.760608
16.323306,39,567.197278
1.535491,14,567.367317
31.065355,64,568.101214
-10.0,1,568.138035
11.970297,28,568.458016
3.171093,37,569.012937
-6.841088,7,569.151449
20.094634,46,569.84841
3.372597,19,570.154597
11.47277,30,570.586284
-5.390441,7,570.708622
1.083938,20,571.026229
4.811595,26,571.414121
-4.249886,9,571.553939
6.654872,31,571.944797
-5.734066,11,572.105405
-7.100429,4,572.181866
-6.844705,7,572.293584
13.297407,41,572.832978
-2.12032,13,573.01166
30.352818,57,573.689915
-10.0,1,573.731377
-10.0,1,573.766885
-10.0,1,573.809924
-7.587166,8,573.934485
1.59496,23,574.257423
-1.117871,11,574.416027
-10.0,1,574.455225
-10.0,1,574.494561
-9.32,2,574.543239
-2.112862,24,574.926605
-5.071196,7,575.040989
0.003516,26,575.391379
33.244838,57,576.096799
11.408785,37,576.568383
-9.32,2,576.637081
-7.381377,15,576.866874
-10.0,1,576.905139
-8.66753,3,576.977002
-6.420792,7,577.095653
-7.061938,4,577.168717
-10.175702,4,577.250697
0.88653,13,577.429703
3.697187,27,577.801537
20.009249,65,578.573126
9.325641,31,578.99957
-8.173744,10,579.137462
5.61467,26,579.52011
8.685178,35,580.034078
-0.432825,17,580.268406
5.454401,26,580.629066
1.511191,16,580.852417
-6.072934,6,580.953619
5.183336,23,581.289485
12.600384,43,581.826965
2.431525,17,582.042608
-5.641358,6,582.132069
42.889633,81,583.113695
-5.084781,8,583.231622
-3.753533,14,583.42253
-2.792328,10,583.570429
1.692491,16,583.80692
3.066327,21,584.090153
5.60965,21,584.344894
-0.384365,14,584.527514
6.289951,35,584.973827
4.521541,16,585.172552
-8.060451,9,585.307081
-2.306068,11,585.467764
21.195488,55,586.135968
3.686649,21,586.41439
-8.679466,4,586.494422
-10.524488,3,586.555281
-3.628019,15,586.762254
3.850082,27,587.101872
27.309005,77,588.078758
16.988236,43,588.597779
29.358449,65,589.404656
8.442473,36,589.848926
-8.24,5,589.931714
-5.367008,8,590.054119
3.947274,18,590.27702
8.561067,40,590.82419
-6.070722,5,590.908318
-8.455832,3,590.962275
-5.88931,9,591.08864
-3.15965,14,591.285758
-5.028805,18,591.535717
9.671458,23,591.817856
-9.964016,13,592.02032
-5.908147,7,592.122922
11.259072,38,592.622635
4.199979,19,592.852348
-5.054294,11,593.019239
-3.771328,13,593.214293
-12.0,2,593.28041
16.783617,32,593.674205
-6.400699,12,593.842583
14.309423,39,594.358413
-7.430556,4,594.430561
10.947838,32,594.808707
-6.856649,9,594.949244
3.174961,20,595.199051
2.761761,18,595.431159
7.222393,35,595.892553
0.99716,18,596.141899
7.077565,21,596.412879
-3.836974,8,596.525636
36.295982,78,597.495979
3.805419,26,597.812565
-5.51151,14,597.999408
6.121693,30,598.369731
-4.588666,7,598.488947
10.346414,26,598.824662
22.824463,49,599.418365
-2.866647,14,599.655851
0.429082,16,599.907986
-8.8,3,599.98349
20.482039,40,600.518245
7.208498,33,600.967178
-2.422813,19,601.221067
2.821554,20,601.469952
46.545658,85,602.413239
6.126947,23,602.69493
-5.759489,9,602.823663
20.831669,55,603.590194
35.820799,63,604.359976
8.905567,30,604.755584
3.427737,19,605.016069
-5.896508,8,605.139999
2.700093,29,605.521702
-7.097822,7,605.62623
-7.907738,23,605.919834
-5.770279,9,606.045219
-9.04046,2,606.091093
11.24202,24,606.36928
4.774698,30,606.725402
16.51415,35,607.139636
-0.779318,11,607.282317
20.395569,39,607.733711
0.83522,14,607.910028
-9.098836,3,607.9723
-7.212871,4,608.039534
-3.435935,10,608.182923
-4.407893,7,608.281067
14.762206,35,608.740045
5.347631,22,609.03699
24.576691,56,609.735725
48.666469,71,610.535189
9.550864,50,611.137037
-3.559301,12,611.301356
-9.241469,3,611.363905
36.116927,67,612.172581
13.900194,48,612.752754
-8.0,3,612.818813
-9.022348,2,612.876265
-7.171043,4,612.956081
-2.715305,13,613.152476
-0.143432,22,613.447073
14.753652,39,613.920781
-7.789903,6,614.032601
-10.010872,11,614.207541
11.831881,43,614.744915
-7.96566,5,614.827081
-5.176444,14,615.035002
-5.535152,6,615.12848
-4.451469,8,615.265002
-9.0,7,615.387919
-6.668707,8,615.51423
-7.947819,8,615.637915
-5.531063,6,615.732934
8.284912,38,616.21064
-3.148433,18,616.454075
-2.929835,13,616.632084
-3.855062,16,616.850258
-1.702923,13,617.023448
-11.2728,2,617.075461
-5.489677,6,617.177875
-3.321326,9,617.3222
-3.985366,8,617.435528
-7.121855,4,617.503994
-6.360858,7,617.61923
16.049644,59,618.348455
4.024943,18,618.583609
-2.744421,15,618.790191
5.767004,27,619.125493
-3.296126,14,619.3556
1.485943,21,619.652129
7.637061,32,620.033405
-9.140002,11,620.183572
-7.666967,4,620.254509
-7.326665,13,620.436391
-10.384,2,620.497283
-6.0,5,620.589335
-10.0,1,620.634345
-1.773366,14,620.846174
12.677424,33,621.272612
-4.318544,8,621.392321
15.396922,37,621.863906
-10.0,1,621.911621
-5.453042,6,622.016095
24.811747,57,622.734663
-2.450207,12,622.917655
3.550553,19,623.160507
0.423276,14,623.367824
-5.469689,7,623.471633
2.841483,19,623.729255
32.043591,76,624.651243
12.200904,43,625.190626
-8.681854,5,625.282586
5.452655,21,625.540274
18.282544,43,626.056143
22.731995,44,626.610548
49.301338,80,627.524806
-6.061917,5,627.598394
5.941894,24,627.897008
-3.67612,19,628.202686
-8.433798,4,628.273329
19.082558,42,628.807344
-8.948895,5,628.899194
-3.653594,16,629.130012
17.260863,46,629.738882
-10.725134,3,629.812246
13.105916,30,630.220478
-8.434179,7,630.362056
42.068212,77,631.381177
-5.657131,6,631.474713
-5.128896,6,631.568268
12.477811,38,632.066282
-8.766311,3,632.130525
-10.848433,4,632.221334
34.582471,65,632.968886
30.835132,72,633.878697
40.154953,67,634.67642
11.891622,28,635.038881
-6.099026,6,635.143182
-6.546771,9,635.265341
-4.091807,8,635.372313
22.777959,38,635.813857
-6.772436,10,635.956747
-5.090004,9,636.077868
-9.32,2,636.125416
-7.27959,6,636.219949
-2.36402,13,636.394942
-5.480728,9,636.526864
9.269594,37,637.046505
2.931083,19,637.382124
6.706498,22,637.670558
-2.494135,11,637.840984
22.847423,60,638.624997
14.309299,46,639.192515
-1.60635,20,639.483102
14.097609,35,639.90338
-0.133463,12,640.052072
-8.8,3,640.110319
1.493832,32,640.521519
6.773457,27,640.854912
2.741241,17,641.069548
34.677677,59,641.755688
4.713283,22,642.033087
-5.245183,6,642.117399
-7.205172,4,642.18486
36.409465,101,643.334138
11.671597,34,643.82014
24.301491,63,644.590235
-0.735566,12,644.760178
3.649948,19,645.056782
-9.048738,2,645.111254
-9.32,2,645.166165
-8.489276,3,645.225982
-10.0,1,645.265872
57.41262,79,646.199507
20.42104,52,646.884264
4.455212,31,647.266671
5.497104,19,647.506201
3.22037,17,647.717484
-0.382827,25,648.073234
1.72923,21,648.357573
-8.318737,4,648.431063
9.84977,30,648.801397
-4.60101,11,648.957155
-7.0,4,649.023387
-2.129376,14,649.240008
-5.503747,10,649.432937
1.466174,15,649.655751
-7.291038,7,649.771819
43.261771,98,650.993551
7.269882,25,651.384549
-9.052735,2,651.434982
-3.902618,8,651.546374
-2.675569,10,651.708358
-8.2,6,651.823433
3.534118,28,652.208891
-5.436092,11,652.366412
-10.0,1,652.407218
3.10596,27,652.797757
-1.025057,16,653.056075
-7.96,3,653.134988
5.872092,35,653.576633
-8.2,6,653.685054
0.261445,22,653.995937
9.813803,27,654.354869
-10.0,1,654.393279
43.187388,71,655.325978
-7.911321,5,655.404145
28.727911,66,656.277622
-10.3032,2,656.337334
11.622331,34,656.819009
7.968813,28,657.221026
-7.6,4,657.306915
-6.312142,9,657.445202
17.290281,33,657.869431
38.349986,75,658.764565
-9.31604,2,658.818463
12.69181,38,659.33265
0.647498,17,659.574581
-5.235718,6,659.679767
3.373277,22,659.975512
3.0,15,660.169247
0.732839,15,660.384703
9.274785,28,660.772929
-6.602406,5,660.855435
-7.96,3,660.921497
-10.0,1,660.963061
-9.024391,2,661.013759
-4.056658,8,661.133205
5.742344,28,661.469222
11.315847,36,661.897846
24.121475,65,662.628461
-7.675973,11,662.787129
-8.44,4,662.852957
10.712585,34,663.256902
16.242814,73,664.27253
2.433116,21,664.572609
-9.0,2,664.628793
-10.0,1,664.67281
-1.023259,16,664.928411
23.562333,60,665.801948
-9.180511,2,665.858717
8.691111,29,666.24262
-5.859543,6,666.338757
12.10433,30,666.7053
20.041426,38,667.196296
1.688395,21,667.471704
1.87148,17,667.71235
18.497457,46,668.327704
23.215743,66,669.245996
0.093931,17,669.544784
-8.253309,3,669.607463
-2.342439,9,669.74636
3.259885,28,670.11497
-9.166862,2,670.165869
-1.1312,30,670.561538
2.414524,21,670.913566
52.284749,91,672.269489
18.240563,39,672.802632
5.268656,32,673.273618
-9.437288,3,673.346336
-8.0,3,673.430127
4.851727,28,673.849789
-2.064668,16,674.087238
-8.10582,8,674.235507
16.36471,39,674.727958
0.95894,21,675.072669
20.177818,76,676.057151
3.311473,16,676.273917
-9.32,2,676.327595
-2.247602,11,676.538862
3.73673,26,676.918051
2.12879,26,677.264209
-5.128171,6,677.358007
5.623931,25,677.707802
-2.81741,13,677.89052
2.659948,23,678.210451
24.796884,59,679.029155
10.202202,36,679.510529
6.511843,36,680.009985
22.947132,39,680.528557
-4.36088,8,680.652954
45.969855,92,681.809253
17.105066,58,682.607302
3.587191,30,683.128208
7.331279,25,683.471759
-1.48829,26,683.843688
-1.130199,15,684.069101
-1.372742,27,684.462395
12.596184,43,685.116517
-4.597858,14,685.336452
-10.0,1,685.374859
13.81527,38,685.863668
29.109207,64,686.72554
-4.182696,16,686.974979
20.659769,51,687.606308
17.455851,54,688.333333
38.290721,97,689.63487
47.111915,86,690.839553
33.405321,64,691.668019
-9.090407,2,691.720073
15.979136,51,692.334603
-8.539387,4,692.414011
-3.947204,13,692.579878
-5.200515,7,692.686956
67.820029,103,693.914192
-1.384489,10,694.074872
-5.022064,13,694.250469
22.656824,50,694.825938
-4.385742,8,694.933027
-1.235045,13,695.106496
-8.8,3,695.16297
-9.0,2,695.208323
-8.012678,3,695.263717
-6.760257,5,695.346761
-8.0,4,695.415003
4.450904,25,695.727545
32.334333,61,696.508003
-0.311676,23,696.805758
-8.2,6,696.894002
-0.277492,11,697.052809
30.334165,69,697.910464
34.998764,62,698.66601
16.070909,43,699.201999
12.542826,40,699.731055
-2.376332,13,699.93122
-6.903754,10,700.067456
56.89512,76,700.954392
15.767381,65,701.727209
-8.822125,9,701.868177
12.087479,48,702.43447
-10.26266,2,702.484207
58.179243,79,703.449664
-0.735604,21,703.758724
-8.21823,4,703.837783
-6.488392,18,704.082983
20.557148,44,704.571903
-1.100891,10,704.740597
3.803255,21,705.085711
29.358392,51,705.718118
-8.092246,5,705.8264
11.932992,34,706.323901
37.692865,78,707.342416
0.539863,14,707.5274
4.115376,33,707.957975
11.612028,39,708.462731
-5.510287,6,708.565483
34.365795,76,709.450222
10.912984,46,710.028525
2.669067,14,710.199273
8.161273,35,710.618108
2.039821,18,710.881074
-7.472541,9,711.023514
48.944819,90,712.193295
-5.892249,10,712.353945
2.84082,23,712.681591
1.05262,13,712.8476
3.141609,15,713.039264
-8.32,7,713.15517
12.620811,37,713.608573
38.212607,77,714.576945
-8.24,5,714.65474
-7.530369,4,714.726838
38.247364,83,715.719749
14.902003,41,716.226413
23.833266,46,716.754768
-4.754338,9,716.883454
-8.604711,3,716.938179
-7.682604,6,717.030504
-5.277755,6,717.121636
59.066418,100,718.244987
-5.053741,6,718.33037
13.259633,48,718.890897
-1.433413,21,719.155482
-10.0,1,719.193121
-10.0,1,719.23141
-2.670705,10,719.378419
10.985372,46,719.988123
39.361239,60,720.788279
-5.437613,7,720.906898
-0.870046,18,721.147255
-8.075709,3,721.207015
1.522411,19,721.444081
-10.0,1,721.477789
-7.941623,6,721.569528
-2.173795,17,721.781721
73.068905,95,722.897685
2.116418,31,723.321483
56.058814,95,724.519766
-9.16,1,724.567749
39.744831,74,725.525752
2.532043,15,725.71526
-10.0,1,725.752528
-8.68206,3,725.810407
5.170712,22,726.116891
35.697429,60,726.814212
0.766123,16,727.02104
3.306061,22,727.330717
-9.27877,2,727.381315
-10.0,1,727.416583
15.631366,50,728.01867
-4.518693,27,728.337718
3.849507,25,728.657326
7.15232,49,729.251305
29.12504,67,730.07162
8.052396,20,730.310795
-9.16,1,730.358237
-8.81178,10,730.518205
-5.181758,13,730.690835
-7.52,7,730.826413
16.144832,48,731.411192
2.517787,25,731.71244
-6.731488,7,731.824121
-7.351704,16,732.04794
6.976183,42,732.574664
22.757034,47,733.16052
-4.133692,10,733.313682
-4.275431,16,733.554584
-3.259669,9,733.691391
-7.674622,6,733.784903
-9.32,2,733.840219
20.118266,54,734.554947
-9.017784,3,734.625135
-0.626117,18,734.884723
-8.8,3,734.949595
4.861247,28,735.327743
39.225435,73,736.236401
-10.0,1,736.276491
8.512554,37,736.758148
-5.966754,6,736.855207
4.05381,24,737.188832
7.846575,35,737.648222
11.568967,36,738.121842
11.371799,28,738.48041
-2.537589,16,738.723875
-10.0,1,738.769799
-6.81281,7,738.907696
1.674306,18,739.164682
5.377337,29,739.53599
10.481307,38,740.150871
7.598235,30,740.725071
-10.0,1,740.775316
30.549601,53,741.434939
2.813137,18,741.695258
12.980395,58,742.451812
6.950999,29,742.840997
-4.225796,7,742.962902
7.516802,31,743.379132
-10.0,1,743.416112
-3.169857,9,743.550746
-9.194163,2,743.606073
-6.049532,5,743.6918
27.570274,69,744.567227
24.10029,68,745.514877
11.165693,31,745.973729
7.785887,28,746.322881
1.362269,16,746.551915
3.344279,22,746.831379
-6.779352,5,746.920165
-10.0,1,746.960516
9.827166,31,747.346562
6.320393,30,747.736414
-7.60776,5,747.827824
-2.011264,13,748.010483
37.142079,69,748.850482
-10.0,1,748.888778
-1.516213,10,749.040426
-2.669775,15,749.248067
2.231563,14,749.455313
13.106669,33,749.912931
-6.888591,6,750.02774
3.657055,17,750.268208
-9.0,2,750.322474
-1.833546,22,750.643845
3.790858,24,750.986268
-9.061578,2,751.040609
-3.750458,11,751.212604
4.801309,27,751.552486
-8.0,3,751.613883
59.268251,90,752.716842
-8.779716,3,752.77194
-3.777789,8,752.891063
-7.498644,7,753.009572
-10.0,1,753.046528
0.023927,15,753.260393
-2.11629,14,753.446317
3.186097,27,753.787598
21.53639,49,754.415307
-3.508239,8,754.538155
1.094221,14,754.722024
3.200668,26,755.105091
-9.216337,2,755.149268
-10.0,1,755.186983
7.771968,41,755.740905
-9.32,2,755.788675
20.595553,47,756.3615
12.834151,38,756.836821
47.335255,91,757.947144
60.401741,103,759.203387
3.459382,15,759.39561
-4.544456,9,759.527093
-0.03594,14,759.723801
-4.230174,10,759.877151
0.457677,23,760.191222
24.958341,46,760.78894
-9.035163,2,760.839385
14.859846,36,761.291627
21.477653,60,762.133251
1.819459,23,762.438333
-0.8078,13,762.61489
2.639331,33,763.027813
-9.32,2,763.075341
-4.189542,7,763.190195
7.600154,25,763.508601
-7.748812,5,763.604192
13.116051,31,764.001431
46.308092,112,765.290917
-8.729251,8,765.427466
-8.44,4,765.505792
16.4961,41,766.01037
24.99513,58,766.724145
10.802355,31,767.105171
-0.287963,29,767.454075
39.808737,70,768.303344
-8.01718,4,768.373203
-8.24,5,768.460642
-8.065736,3,768.521747
-1.339469,10,768.651586
-5.393569,7,768.758522
6.665019,26,769.0943
-7.994667,4,769.185256
-8.184262,3,769.255359
-9.48,3,769.332727
-0.755179,12,769.531734
-8.24,5,769.636002
6.48886,25,770.031523
-10.0,1,770.07447
-2.457761,16,770.301332
3.121402,27,770.641479
30.853167,78,771.584123
-5.679918,6,771.683384
-1.118804,21,771.969543
35.157444,71,772.888733
19.47162,35,773.322628
1.975718,15,773.527274
-9.024091,2,773.569596
-7.392845,5,773.65373
-7.16713,4,773.719173
6.084831,31,774.128758
58.192145,88,775.283224
-6.597767,12,775.482347
17.045701,36,776.037598
-6.930174,5,776.138074
20.222694,45,776.708818
-6.0,5,776.798288
-0.353991,16,777.017979
-6.101548,7,777.134907
-9.299501,5,777.225201
-10.0,1,777.265182
10.633611,28,777.602142
-9.32,2,777.650704
-7.0,4,777.719173
0.909116,15,777.927381
-8.209333,4,777.99785
-6.42511,7,778.106989
-3.065942,15,778.34436
6.003632,31,778.74061
9.240935,34,779.15689
14.751669,43,779.711927
31.08489,69,780.626639
15.297228,43,781.188804
-2.935648,12,781.343232
3.769657,25,781.657063
1.455262,27,781.992614
1.957914,27,782.341154
1.427166,30,782.73265
12.429107,35,783.131259
4.214923,23,783.412564
-8.528386,7,783.532984
16.088689,42,784.031323
4.058096,19,784.269865
-7.365998,8,784.385951
0.171406,20,784.638713
-3.497115,13,784.846521
13.970106,48,785.399961
-8.66919,3,785.461043
7.212403,29,785.809146
9.108401,32,786.223125
12.416044,40,786.727598
10.807949,24,787.024434
-8.901258,12,787.193942
26.63181,55,787.885316
9.83264,33,788.281832
-8.819371,7,788.404083
4.211586,35,788.904608
-5.431049,11,789.062638
-4.415001,10,789.20458
25.293587,75,790.092967
3.572946,25,790.444584
10.974258,27,790.796732
14.626709,47,791.360364
7.716201,22,791.624621
-9.251132,2,791.675211
-7.040872,4,791.742715
44.980573,74,792.644781
12.054652,41,793.130333
13.026284,40,793.642989
7.217932,32,794.052243
10.150974,29,794.416611
5.259271,25,794.760186
3.405901,15,794.942927
30.560563,63,795.749768
12.113442,31,796.224628
27.898497,66,797.093489
-5.257479,6,797.216465
-6.532499,5,797.305559
3.882441,17,797.533528
34.477625,63,798.284619
43.680919,75,799.317523
4.398168,26,799.708807
30.420434,132,801.31924
1.317499,15,801.499388
1.765113,19,801.737798
13.872453,33,802.135061
8.907602,25,802.449392
12.448786,40,802.932527
-4.613653,13,803.121031
17.755892,36,803.581373
56.417248,83,804.600457
6.274783,28,804.981991
11.849005,48,805.552711
-9.080957,2,805.597137
37.589961,75,806.46186
5.729236,28,806.862169
15.171503,44,807.418664
18.571868,41,807.935604
-6.400777,16,808.134547
-0.33124,19,808.386034
-10.0,1,808.425001
10.742636,42,808.944448
2.061913,25,809.247795
5.652836,45,809.857341
49.937496,84,810.871938
10.267248,31,811.255288
30.333071,109,812.462534
5.626896,28,812.799263
14.757478,51,813.39626
-0.086251,14,813.579952
-6.753502,7,813.680453
19.967566,44,814.188592
20.464381,67,814.983148
-3.376901,11,815.133239
20.829728,61,815.849682
-8.172029,3,815.900223
28.302424,76,816.758555
7.511495,27,817.11027
38.670635,67,817.870013
36.827118,65,818.625445
-0.017656,12,818.790295
15.316328,34,819.184831
-8.288561,11,819.33785
11.250265,35,819.752711
-7.777568,4,819.821425
-10.0,1,819.85507
18.306599,36,820.277176
35.192702,67,821.030845
14.587152,40,821.498621
14.720552,59,822.134887
-4.205761,7,822.231305
-0.921682,13,822.393533
4.44071,21,822.648614
2.450894,29,823.010629
-3.324391,8,823.11455
-10.0,1,823.149695
22.909813,57,823.812311
-6.926058,5,823.890422
3.791148,26,824.180011
33.688243,101,825.292933
11.988625,39,825.740075
-2.817347,10,825.877783
15.924806,44,826.384536
0.170017,13,826.55054
51.014261,94,827.63911
5.628002,28,828.072599
37.429832,71,828.9646
-5.799357,8,829.076952
-1.492336,18,829.301768
13.007009,34,829.702047
-8.12089,4,829.77073
-6.555488,5,829.852376
-3.906775,9,829.978349
-6.027817,8,830.104147
7.827166,31,830.474965
-1.37594,15,830.657211
-6.357381,11,830.819254
-7.729134,12,830.972344
45.912535,86,831.935539
17.355344,79,832.826243
-2.294973,20,833.142794
24.510033,53,833.903457
-5.0,6,833.986818
-10.0,1,834.025178
-9.015939,2,834.074598
-7.0,4,834.139935
-9.32,2,834.187754
39.212393,75,835.042464
21.651044,60,835.744731
-6.533625,8,835.854749
21.107376,53,836.473836
53.83453,84,837.436654
-8.151291,3,837.494722
16.637267,80,838.408738
10.88936,38,838.87976
-9.0,2,838.924037
1.182686,13,839.089158
-4.29123,9,839.22039
39.309197,62,840.008527
7.361708,22,840.288582
8.207571,27,840.683186
-3.481872,11,840.886743
40.8712,93,842.074507
-10.0,1,842.109804
45.848726,88,843.133245
21.915224,38,843.549543
-6.352605,7,843.673594
12.26356,31,844.03658
1.122777,32,844.407564
-9.32,2,844.455569
2.445919,21,844.713202
-8.624375,3,844.770098
37.618066,89,845.805018
-2.212406,9,845.91467
-8.332553,3,845.972837
43.653425,69,846.746287
22.294199,61,847.45114
20.306917,33,847.82483
43.382714,82,848.744125
11.654215,47,849.323924
19.695856,53,849.929454
-2.118785,11,850.079925
-3.692638,11,850.231666
42.370302,79,851.161719
-6.167153,5,851.242853
-6.480599,6,851.331331
9.513364,37,851.77344
3.047979,21,852.030296
-9.066092,4,852.108029
-5.492986,12,852.268327
39.755043,96,853.327469
42.419966,78,854.205571
0.263073,15,854.401514
6.172569,31,854.768216
5.092679,34,855.178513
15.677745,43,855.676915
-6.171788,6,855.768857
-9.32,2,855.818851
33.387018,65,856.545393
-10.0,1,856.580606
-6.073017,6,856.670524
-2.893793,10,856.829149
-7.091984,4,856.907959
36.935876,53,857.658677
1.684864,17,857.893183
-9.013891,2,857.939147
1.7852,15,858.129803
7.716957,41,858.625852
15.365409,30,858.972366
32.803563,90,860.044269
41.984158,82,861.080126
57.420052,83,862.118279
-10.0,1,862.171644
-2.403655,11,862.352864
1.135469,21,862.686898
45.879683,206,864.706524
24.462963,61,865.553079
-4.947474,7,865.686471
-6.227375,15,865.900344
10.189879,37,866.344903
-6.278853,6,866.44141
58.86221,90,867.461103
16.847927,43,867.954154
-8.345166,3,868.010911
21.222439,44,868.51153
-0.315518,24,868.819804
-6.252075,5,868.89945
5.827551,26,869.20875
-6.010309,5,869.299131
29.85162,57,870.007845
-5.081753,7,870.115021
-2.948466,9,870.248019
0.629303,16,870.473939
19.240176,127,871.885403
18.472027,50,872.468175
41.516311,85,873.416995
-7.091018,4,873.480864
-6.314097,5,873.560597
25.238858,53,874.155343
-8.48,2,874.222459
20.631728,50,874.882573
27.202277,50,875.488617
17.306338,40,876.022737
16.841342,44,876.539285
1.039264,13,876.708872
9.11294,35,877.131592
-10.0,1,877.168473
16.079405,38,877.613563
-3.126109,8,877.728577
-6.305101,5,877.805115
36.261124,114,879.090322
-10.0,1,879.120968
42.025776,83,880.061296
-0.103677,15,880.255413
19.925192,57,880.917338
-9.32,2,880.964801
-8.16085,3,881.027528
67.639496,98,882.133497
7.04873,48,882.690652
57.8573,80,883.548674
3.251103,22,883.820242
31.904804,73,884.638798
6.779819,42,885.136515
1.304497,34,885.637865
0.61879,21,885.964819
57.023698,87,887.015571
19.632105,33,887.39582
10.507504,29,887.74182
34.477202,76,888.620374
7.113625,25,888.914495
-10.0,1,888.951154
4.382765,32,889.381565
-3.274496,20,889.630448
38.533931,86,890.611488
5.001657,66,891.388314
33.120907,69,892.305303
17.89434,60,893.009025
47.889815,99,894.109449
-7.088914,8,894.226858
8.811535,20,894.459287
8.524893,27,894.780653
17.49109,49,895.325329
15.444362,29,895.661022
-9.186407,2,895.710158
12.696342,46,896.228906
22.95404,45,896.745722
1.277785,14,896.920929
-8.8,3,896.976004
-1.243146,13,897.158174
14.924058,40,897.746713
-8.234654,8,897.899323
37.252085,126,899.283783
4.402303,30,899.691031
21.268265,53,900.375623
-9.0,2,900.424995
19.416936,41,900.984924
56.454673,86,901.974698
-1.100478,25,902.274777
60.312172,75,903.124527
17.425484,37,903.568875
-1.276928,10,903.698841
22.25125,62,904.375359
1.482439,18,904.589165
6.360912,29,904.953503
0.566664,28,905.302046
0.823555,31,905.672513
13.701775,34,906.061299
18.790934,42,906.545372
-7.0,4,906.611408
-9.0,2,906.653245
39.478145,77,907.565996
62.04878,85,908.719491
36.191203,73,909.785143
9.325622,27,910.147098
-7.200364,4,910.214122
-1.141036,10,910.338025
31.303601,66,911.111791
13.172768,29,911.466533
27.15754,63,912.188621
-10.0,1,912.225388
7.919937,28,912.571168
-3.230231,16,912.785017
-6.299047,5,912.864569
27.999321,70,913.658268
-1.349839,22,913.92739
3.98576,15,914.097354
13.657814,47,914.706686
-3.314372,11,914.855883
6.96559,23,915.138014
5.757053,28,915.475972
18.645462,39,915.934191
44.071105,80,916.81938
-3.579189,8,916.931109
3.72716,27,917.248071
-5.663621,8,917.356035
-9.32,2,917.401905
25.940701,55,918.029037
-2.3865,20,918.275577
-10.0,1,918.311915
23.651481,87,919.297474
20.715563,66,920.09264
-4.0,8,920.200887
30.420934,61,920.916219
0.905408,16,921.115945
62.218526,105,922.358148
9.623704,26,922.748993
-4.026794,7,922.887118
0.622986,14,923.09499
37.626392,62,923.764071
1.865917,27,924.094612
18.863187,48,924.651039
-5.124112,6,924.735678
41.069141,68,925.484823
-6.42609,6,925.574483
-0.342667,12,925.719854
-10.0,1,925.752046
-7.683504,9,925.920544
-7.76,5,926.015461
31.559072,79,926.898061
17.406572,52,927.497059
23.012952,73,928.332817
-0.096834,11,928.463485
12.109327,28,928.863289
14.347206,46,929.555237
35.660235,80,930.527406
-0.371045,14,930.706747
51.52568,85,931.681323
13.325724,28,931.996062
2.740555,28,932.347014
21.588043,52,932.960211
7.986403,31,933.32807
-3.345539,15,933.531225
64.843434,81,934.456322
62.400129,79,935.365319
39.263235,79,936.294412
47.780694,85,937.272246
-7.093821,10,937.420784
-2.608494,12,937.581447
19.08513,40,938.0392
19.088787,54,938.667055
-6.48348,9,938.800565
1.938352,17,939.019019
2.546848,21,939.311707
21.43214,44,939.822528
13.9814,40,940.268003
-3.684457,19,940.528106
-3.144923,14,940.710181
32.727852,58,941.378862
1.814142,25,941.738336
65.43951,94,942.885521
18.047481,69,943.742947
9.833151,49,944.305462
-7.754961,13,944.472815
21.744973,62,945.172477
27.051436,58,945.831637
6.644596,37,946.267731
-5.09431,8,946.379251
17.131018,48,946.941653
7.598059,31,947.306537
36.476811,74,948.1375
-10.0,1,948.178394
5.770292,68,948.959336
-8.797171,3,949.018471
1.244824,16,949.223885
-10.373887,7,949.336547
-4.52093,13,949.512195
-1.397383,19,949.752644
12.018613,37,950.189611
-10.0,1,950.225988
-2.495445,18,950.485897
40.242767,78,951.54266
-7.412421,4,951.606935
7.481186,28,951.929168
-6.830461,5,952.00818
-0.265267,11,952.14975
-4.001758,10,952.282978
1.823438,21,952.546746
7.315413,52,953.157011
28.826141,65,953.969638
49.873971,85,955.049528
49.881584,78,955.920473
59.839534,100,957.047436
-7.206549,9,957.185882
45.417703,105,958.338785
17.408944,39,958.794508
-9.15895,7,958.894407
7.984978,51,959.543591
41.520088,91,960.635359
64.928792,89,961.776235
5.477111,33,962.266514
39.316747,68,963.04796
16.28167,33,963.434691
9.09357,35,963.85404
1.305691,18,964.075233
63.298092,183,965.968068
15.838501,41,966.493773
3.649881,23,966.862155
-10.0,1,966.901968
48.301412,84,967.945518
23.100608,65,968.695624
76.068887,95,969.760381
5.138035,37,970.22767
11.771639,42,970.706379
0.277279,12,970.859435
37.080134,66,971.604614
-2.484553,14,971.786875
13.227688,42,972.287024
-2.212686,18,972.501648
42.068289,82,973.408348
-1.052238,17,973.631299
33.061803,143,975.145711
54.591196,76,976.101758
-9.09031,2,976.151157
-8.8,3,976.207791
59.35512,76,977.35064
48.357268,102,978.505416
55.289315,90,979.560576
-5.030355,6,979.653711
71.711775,105,980.813884
62.289021,90,981.8491
52.162606,82,982.926723
29.841368,60,983.711175
70.907233,82,984.626832
27.800577,58,985.306037
-7.683044,13,985.498673
8.980323,26,985.820235
1.792531,27,986.151515
26.389946,66,986.93311
15.068389,56,987.602339
47.938684,76,988.464058
51.689547,88,989.446643
-7.243272,6,989.549933
21.339931,35,989.944447
5.276862,32,990.360674
9.988145,27,990.712182
9.76237,24,991.009113
6.818377,23,991.302545
3.22156,15,991.508687
39.575831,87,992.489677
-6.010619,11,992.634984
4.055731,23,992.913203
23.934378,51,993.523506
-10.0,1,993.560196
13.999875,41,994.032025
39.695415,88,995.033749
25.550796,73,995.849419
-9.32,2,995.89507
23.36454,89,996.913984
7.78655,33,997.324578
-5.583387,6,997.414977
32.049256,71,998.215876
4.360539,48,998.783332
-1.862648,15,999.002463
25.919868,63,999.788067
32.315907,62,1000.504134
61.175296,97,1001.617785
-6.243875,6,1001.712727
62.17241,96,1002.797824
19.028795,57,1003.45722
15.829292,45,1003.984464
-4.22995,17,1004.205506
-6.748409,14,1004.390777
25.498958,64,1005.109257
1.012607,26,1005.421773
72.515105,166,1007.180052
5.296542,65,1007.920332
15.157114,40,1008.382461
64.88293,80,1009.446009
-8.706453,3,1009.534599
46.826743,109,1010.908754
0.424868,19,1011.186857
45.693572,87,1012.161491
8.626625,42,1012.819106
59.234201,77,1013.707506
-4.315663,8,1013.817172
34.400049,78,1014.704971
31.442645,66,1015.472012
55.341239,101,1016.595673
27.546241,56,1017.257413
58.173197,89,1018.268322
23.840173,50,1018.803193
2.245176,19,1019.035854
35.070837,74,1019.956019
54.524356,85,1020.956247
8.055358,33,1021.362315
68.067076,92,1022.39361
47.121448,127,1023.771813
51.483585,81,1024.719578
-8.282022,3,1024.779464
12.976522,43,1025.303267
22.249916,45,1025.82521
12.015687,27,1026.148777
28.999953,68,1026.913455
31.581237,62,1027.604472
-7.716457,10,1027.747967
25.3661,67,1028.515631
-1.580428,24,1028.831034
9.876306,39,1029.325376
24.901583,46,1029.852264
24.559342,74,1030.703557
38.712253,87,1031.68811
-6.212834,8,1031.801664
54.971811,140,1033.27106
-8.0,3,1033.327739
72.89612,96,1034.420402
10.643668,38,1034.871907
16.856815,36,1035.29465
-8.8,3,1035.349857
38.5025,74,1036.207904
21.63144,58,1036.871026
60.67552,93,1037.915166
18.541636,136,1039.377057
14.867553,41,1039.872062
56.766977,77,1040.768502
55.689635,73,1041.620878
5.959754,30,1041.992308
34.914131,206,1044.098919
23.975411,58,1044.806278
37.270764,71,1045.615913
0.639431,18,1045.830913
-1.020311,13,1045.998974
1.958366,32,1046.374403
59.803042,85,1047.377779
8.232238,34,1047.801697
34.576755,67,1048.698179
9.516322,32,1049.153847
7.786405,31,1049.614828
4.710213,17,1049.869779
61.67359,81,1050.877371
51.341534,79,1051.811095
-8.8,3,1051.877007
-4.032047,8,1051.986689
12.511097,28,1052.329139
44.88599,85,1053.262244
59.447106,100,1054.351374
25.969079,93,1055.408041
54.092451,159,1057.092072
26.675121,60,1057.765275
34.259174,74,1058.589041
39.086023,82,1059.529164
-8.024844,3,1059.58889
34.523889,77,1060.480687
66.986536,95,1061.550965
21.952413,59,1062.259526
32.126787,133,1063.866703
-6.779191,7,1063.977654
40.797898,66,1064.759802
-2.366043,12,1064.915442
8.526469,35,1065.342832
30.574379,72,1066.142022
-8.755487,8,1066.272506
2.703119,18,1066.493415
69.099803,109,1067.713493
18.783726,34,1068.09444
16.797568,38,1068.563784
36.999653,73,1069.563233
-7.740802,8,1069.68683
46.495777,82,1070.602416
41.025641,75,1071.462377
39.40261,84,1072.465838
44.438464,86,1073.440656
0.168692,24,1073.734727
28.259531,66,1074.486961
59.737496,87,1075.483234
74.620895,83,1076.392248
2.503201,24,1076.700543
70.561223,86,1077.802807
66.17107,96,1079.07461
9.077485,23,1079.373574
21.74648,59,1080.122764
64.927164,79,1081.080052
69.243499,92,1082.126413
49.490878,81,1083.006149
39.638353,80,1083.914061
73.602575,168,1085.725388
-9.16,1,1085.768465
14.728081,28,1086.09202
20.146932,57,1086.764716
79.853685,91,1087.782445
-8.108145,3,1087.839129
26.804813,55,1088.486659
80.098483,106,1089.664283
57.399488,105,1090.838268
32.670361,83,1091.790628
1.101567,24,1092.093342
26.44671,66,1092.837665
18.994541,56,1093.508052
-9.023717,2,1093.556417
-9.333819,3,1093.645809
15.652418,174,1095.438047
14.18068,60,1096.158691
20.885086,63,1096.888571
53.796036,117,1098.136962
-5.340631,6,1098.22102
38.330432,79,1099.098713
74.578246,105,1100.275988
69.534533,102,1101.619567
-3.428311,13,1101.785608
23.634293,54,1102.422045
53.627517,78,1103.332869
40.496628,77,1104.204966
72.85381,91,1105.223948
44.316332,86,1106.206404
15.792517,66,1106.966285
63.505287,96,1108.226421
54.327755,266,1110.763608
39.636985,121,1112.086714
21.385523,49,1112.64502
74.220228,121,1113.994527
38.814122,78,1114.867354
49.541667,233,1117.143832
39.357836,71,1118.08393
55.92899,86,1119.178442
19.0889,43,1119.666895
-2.678696,9,1119.787459
4.983217,26,1120.093621
2.986586,25,1120.403735
23.785883,43,1120.89103
1.092618,14,1121.07322
-4.101803,7,1121.171008
-7.96,3,1121.23839
69.016688,101,1122.368854
-7.941926,7,1122.474212
2.831675,22,1122.742228
55.621368,79,1123.714515
67.18616,77,1124.571402
73.203912,91,1125.590981
55.538769,82,1126.492394
67.181874,105,1127.672724
-3.152309,8,1127.77848
-10.0,1,1127.81373
14.699479,45,1128.345488
27.415386,97,1129.463954
82.09677,94,1130.669043
11.732018,34,1131.077889
3.314982,26,1131.395706
68.474758,91,1132.450726
16.304084,53,1133.051
-9.14762,2,1133.096602
7.048017,20,1133.332902
12.905037,29,1133.64178
66.830493,121,1134.94664
-8.1589,4,1135.018608
51.230114,91,1136.028857
-8.743682,3,1136.094612
41.880569,66,1136.838308
35.570504,69,1137.618917
-9.098942,2,1137.66333
42.591097,80,1138.540081
13.850567,48,1139.133581
-7.016163,4,1139.216037
59.50775,109,1140.740136
60.671656,103,1141.92368
-5.0,6,1142.006187
48.888029,83,1142.940511
30.573055,80,1143.820278
15.760053,74,1144.649322
21.351569,36,1145.072135
23.748804,58,1145.738186
0.599273,21,1146.007232
71.284106,86,1146.969033
7.546493,59,1147.733352
16.041722,120,1149.176219
22.249069,68,1149.950978
37.384849,62,1150.662141
76.365547,92,1151.767184
27.131291,74,1152.892626
-8.174509,4,1152.968796
66.435011,112,1154.236027
40.207503,67,1154.982005
12.159073,44,1155.488898
27.580744,61,1156.168335
-6.980012,5,1156.247959
-5.0,6,1156.33056
-10.0,1,1156.361195
66.066374,111,1157.592741
-8.049592,3,1157.654909
67.152986,92,1158.706737
-0.323142,13,1158.881435
24.59212,57,1159.527803
13.380468,37,1159.953546
51.760405,243,1162.236574
51.346955,90,1163.240166
-10.0,1,1163.270777
24.80634,53,1163.876665
-9.16,1,1163.940103
13.310817,35,1164.34988
-6.273441,9,1164.47518
-6.005405,7,1164.578221
0.483539,27,1164.899604
29.377473,63,1165.617675
62.465377,94,1166.649603
44.962367,76,1167.414775
50.353743,80,1168.288674
41.399845,90,1169.320356
53.576091,105,1170.591481
46.040468,84,1171.584752
22.463491,70,1172.423639
32.79606,64,1173.197753
53.138563,73,1174.025438
14.412426,81,1174.990903
50.349393,88,1175.958254
9.91944,39,1176.401448
22.057578,74,1177.246466
13.435427,113,1178.472961
24.992301,75,1179.322902
81.149886,85,1180.252728
14.408291,94,1181.282675
8.787784,34,1181.694951
66.605056,93,1182.738681
-4.762179,12,1182.905588
18.522178,37,1183.324769
31.995355,61,1184.002476
-7.015048,4,1184.066199
46.012721,127,1185.572239
81.039921,97,1186.740186
5.785339,32,1187.114767
40.900719,147,1188.658113
40.676549,159,1190.319623
71.909371,222,1192.7135
12.719436,48,1193.282348
8.275431,119,1194.575288
63.381917,87,1195.558816
37.019618,89,1196.577621
-9.137017,2,1196.62747
54.663312,229,1198.758606
15.611193,40,1199.24298
49.417477,140,1200.877867
68.595565,289,1203.762969
64.09887,116,1205.046641
9.284257,40,1205.537089
73.538464,90,1206.549444
42.380911,94,1207.582812
4.0,15,1207.749698
74.40281,103,1208.876651
4.0,17,1209.083139
71.153405,319,1211.913008
11.279369,23,1212.184339
44.259057,75,1213.026339
-9.090213,2,1213.069222
15.330919,71,1213.901484
17.660091,119,1215.230739
-1.856861,18,1215.455105
12.515475,36,1215.885005
76.562239,96,1216.981235
46.858677,71,1217.772694
10.53685,29,1218.13546
42.4407,212,1220.44679
13.495718,26,1220.767322
3.596496,18,1220.991635
71.746091,110,1222.273208
75.619119,124,1223.659254
13.786863,86,1224.63938
29.614236,119,1226.092008
59.54273,156,1227.93477
-9.606351,5,1228.027036
74.614638,174,1230.046979
74.515811,274,1232.902784
27.259871,62,1233.830518
74.075953,118,1235.357829
76.853298,110,1236.727453
39.027261,120,1238.176042
15.70488,199,1240.335445
24.598374,329,1243.68917
76.195466,121,1245.282689
9.964388,23,1245.582939
77.426092,237,1248.118613
66.080242,131,1249.655236
-10.0,1,1249.697549
35.376979,71,1250.572119
43.089258,81,1251.653198
82.432707,125,1253.257306
79.987444,116,1254.738696
69.393784,98,1256.036184
83.175341,137,1257.761788
72.435687,96,1259.031196
82.533194,132,1260.733011
78.461467,93,1261.905901
78.562312,116,1263.290436
17.02661,31,1263.698243
83.532917,111,1264.99698
85.743077,123,1266.44447
22.562619,211,1268.973667
44.098819,63,1269.80423
83.31717,121,1271.289222
21.453371,66,1272.196421
67.201906,101,1273.528473
37.197403,142,1275.095644
71.342027,116,1276.471426
79.787868,102,1277.673475
52.45088,92,1278.830287
85.501599,119,1280.253626
48.836773,108,1281.633855
79.997586,189,1283.86783
5.295768,22,1284.168729
81.062632,271,1286.960982
20.560795,221,1289.431638
-2.224463,10,1289.59489
43.620859,176,1291.794364
31.974044,185,1293.955924
67.150884,109,1295.321837
24.676953,70,1296.241325
83.951568,109,1297.657869
88.75179,124,1299.272926
52.79799,94,1300.474281
38.109319,83,1301.58223
66.946819,100,1302.800966
69.738379,126,1304.27438
88.649596,126,1305.725754
83.967162,141,1307.365065
12.079044,32,1307.755558
69.493556,109,1309.178135
82.45651,126,1310.779689
83.149159,129,1312.414658
82.066264,132,1313.932687
17.095365,38,1314.396993
68.347194,140,1316.036471
72.911278,96,1317.261494
73.977731,101,1318.534781
85.872985,118,1320.064681
-7.4,5,1320.17285
13.080729,42,1320.761121
82.273356,189,1322.883719
86.13443,88,1324.016286
87.403284,110,1325.386273
82.856327,114,1326.823316
83.498233,114,1328.263774
81.872803,183,1330.457974
32.635323,86,1331.609229
28.12696,61,1332.41977
84.360227,228,1334.928431
-2.359507,10,1335.092203
18.212134,94,1336.340975
77.808417,334,1339.489741
70.157826,229,1341.901961
84.189131,153,1343.552795
11.871088,85,1344.502473
82.459865,109,1345.676006
79.350425,149,1347.408439
85.42408,105,1348.69587
48.448182,337,1352.030059
12.806299,25,1352.336861
84.527346,142,1354.03882
47.426421,95,1355.272449
85.944112,277,1358.282629
79.172624,102,1359.487743
89.340321,104,1360.684772
47.299929,217,1362.815376
85.068541,114,1364.173245
82.299687,288,1366.825285
75.808946,251,1369.311106
28.494835,65,1370.307508
76.152908,121,1371.895697
82.254367,91,1373.056883
45.825355,77,1374.020592
27.986178,117,1375.512182
70.518272,187,1377.764537
42.088873,80,1378.804058
38.747835,75,1379.934825
82.946435,102,1381.528569
82.471453,109,1383.085773
76.871746,127,1384.772709
78.159,84,1385.884905
78.248233,95,1387.152035
79.47057,101,1388.456647
11.484543,38,1388.97685
38.692687,210,1391.622374
37.810404,177,1393.657558
14.951064,41,1394.179525
70.596443,500,1398.941787
37.297415,69,1399.877242
81.788893,330,1403.186883
51.9411,92,1404.339407
69.874455,149,1405.987424
78.978328,103,1407.224365
-8.014874,3,1407.285715
78.239805,145,1408.955989
88.936647,125,1410.620077
73.04238,107,1412.057455
21.481252,66,1412.886136
13.37168,67,1413.924921
80.667602,142,1415.757016
41.54646,112,1417.093543
85.86369,118,1418.497474
79.347328,99,1419.676847
80.456969,205,1421.938677
75.048533,94,1423.065501
-10.0,1,1423.105413
82.129124,111,1424.419158
85.855171,96,1425.488983
88.687189,133,1427.187638
85.799928,105,1428.471763
76.889904,112,1429.946537
79.969997,127,1431.678964
85.614937,251,1434.46628
85.395679,120,1436.110534
81.720419,93,1437.358825
85.071058,109,1438.669466
82.905526,104,1440.01372
88.662973,138,1441.802454
85.624008,110,1443.149888
78.364129,97,1444.335135
82.579962,137,1445.928355
85.920709,135,1447.511039
38.299309,259,1450.183818
57.785303,481,1454.646018
36.446643,159,1456.620581
84.117543,154,1458.497208
83.419126,293,1461.560681
27.902129,141,1463.301135
54.392765,188,1465.274811
75.907909,153,1467.002453
15.132508,40,1467.51443
83.204354,157,1469.17494
34.373409,171,1471.389251
81.294996,146,1473.069476
82.646098,232,1475.422104
23.091994,57,1476.125773
83.070387,166,1478.025425
80.199794,101,1479.15712
80.939824,135,1480.606378
78.031873,255,1483.043532
84.939448,202,1485.445843
82.472473,113,1486.70028
85.431731,120,1487.994442
85.961718,112,1489.24851
82.879561,111,1490.543007
73.991393,105,1491.825264
74.046407,219,1494.377242
-10.0,1,1494.419328
79.83805,108,1495.829437
15.093534,75,1496.847742
86.10358,111,1498.341687
82.421275,101,1499.707932
8.972511,36,1500.268751
85.637411,129,1501.971755
84.419595,355,1506.013928
76.828828,111,1507.412367
63.122445,226,1510.179237
86.39622,141,1511.918797
88.978854,132,1513.609823
79.519913,119,1515.327464
86.179266,109,1516.749457
86.43358,108,1518.009817
89.500392,95,1519.247094
76.326754,113,1520.683832
83.004891,104,1522.043787
73.709345,109,1523.455829
85.813442,107,1524.875533
75.765878,202,1527.28093
86.129462,290,1530.616923
24.0,35,1531.087222
78.157672,123,1532.736033
24.174038,40,1533.261734
7.880099,127,1534.88939
83.641293,125,1536.490006
81.966604,94,1537.831715
7.637394,33,1538.233858
81.098423,157,1540.093331
80.483635,416,1543.969706
86.304268,115,1545.453995
82.361244,106,1546.731836
86.45018,106,1547.953262
70.670957,100,1549.079368
82.637594,101,1550.253196
82.047952,94,1551.367491
76.833143,100,1552.511986
82.187042,109,1553.795996
88.989084,96,1554.829637
85.860161,125,1556.311512
71.591231,94,1557.441349
76.048315,90,1558.454398
77.249093,115,1559.800522
85.122331,102,1561.098696
33.766947,135,1562.645519
79.349552,110,1563.953236
57.230759,135,1565.554124
73.487347,107,1566.894672
76.921814,122,1568.368961
82.972148,96,1569.556211
85.60393,103,1570.840102
85.972547,112,1572.372981
79.410013,99,1573.700375
-7.663803,4,1573.775838
12.223293,129,1575.241553
83.462146,198,1577.400882
82.833738,103,1578.67572
20.0,31,1579.033285
88.631306,137,1580.711744
54.587486,99,1581.833025
89.778396,90,1582.869678
69.698836,94,1584.085645
86.643021,125,1585.660507
45.873799,80,1586.647767
82.25427,122,1588.281331
20.676711,40,1588.907429
85.873762,136,1591.080306
86.965093,103,1592.610516
3.0,14,1592.969783
86.881974,134,1595.204009
85.916762,189,1597.866552
77.3468,125,1599.80157
82.375916,108,1601.329661
85.094446,121,1603.068309
85.888751,138,1605.089178
83.065648,111,1606.702552
85.904536,111,1608.26537
84.9827,115,1609.910726
86.787527,123,1611.645746
75.303223,103,1612.86551
34.908889,231,1615.109002
-0.102641,12,1615.266877
79.224731,217,1617.52419
84.2725,200,1619.718511
83.908848,111,1621.197224
76.5846,106,1622.532766
72.341103,96,1623.76537
88.416371,185,1625.806201
-7.599903,4,1625.885651
10.0,21,1626.146592
82.359189,95,1627.335735
46.936779,163,1629.121006
-7.290936,4,1629.184318
76.01318,98,1630.274785
84.37642,122,1631.61908
34.675789,181,1633.420181
79.762206,203,1635.476878
82.515777,447,1639.400569
81.773205,90,1640.478183
73.165051,104,1641.629756
-6.423856,5,1641.711566
85.837432,97,1642.805834
59.970956,233,1645.276129
86.496448,126,1646.74447
73.534026,106,1647.961023
78.629402,96,1649.157204
79.131259,108,1650.490106
85.959756,106,1651.843579
79.515439,130,1653.394681
43.124596,438,1657.38397
86.395927,121,1658.809173
79.585014,112,1660.176747
51.946324,88,1661.226429
64.056095,90,1662.28623
37.613862,62,1663.050067
-7.6,4,1663.131358
-2.66705,10,1663.263584
82.682067,92,1664.49048
90.123596,89,1665.511013
82.923758,124,1666.949255
89.013555,138,1668.761213
82.623901,97,1669.936552
89.083707,124,1671.433692
60.864426,85,1673.137296
85.783783,228,1676.427006
86.636523,113,1678.051721
89.572016,111,1679.624002
86.844632,137,1681.664214
85.72468,91,1682.722228
73.683414,100,1683.912386
86.233149,212,1686.38652
86.512509,118,1687.841034
-2.645231,10,1688.009912
83.629202,228,1690.317502
-7.020072,4,1690.383303
88.904703,135,1692.069654
82.045986,84,1693.039808
46.368628,132,1694.657451
35.09051,125,1696.156484
83.329404,125,1697.563572
78.705018,346,1700.900198
84.218066,236,1703.396557
7.509919,58,1704.089204
45.076063,500,1708.595551
54.807254,125,1710.220961
46.645516,142,1711.965082
28.047208,259,1714.728326
80.118218,285,1717.655293
40.096484,271,1720.343021
42.915257,100,1721.492365
0.763495,18,1721.753186
84.172415,238,1724.136189
82.79544,293,1726.930141
73.47188,97,1728.084829
88.61075,117,1729.426449
73.132214,114,1730.82672
-6.185986,5,1730.899624
89.496267,108,1732.192064
28.262961,49,1732.787633
84.765127,124,1734.205367
85.995305,132,1735.736781
57.746502,103,1736.944068
83.176196,104,1738.165341
89.564503,99,1739.316381
79.338758,95,1740.652644
85.231907,122,1742.150318
86.605761,116,1743.493572
-5.532948,6,1743.588063
76.41219,102,1744.798068
57.283173,99,1745.800802
41.0,53,1746.410203
28.781352,58,1747.119172
80.639522,105,1748.361396
89.625586,94,1749.463286
85.918987,89,1750.502647
75.915092,95,1751.6075
79.439239,94,1752.649288
85.908459,93,1753.734006
89.256343,92,1754.753335
85.919491,96,1755.903035
80.251668,125,1757.372988
88.733586,120,1758.826335
77.27859,108,1760.276165
68.438559,100,1761.510319
-7.889453,4,1761.579279
80.605425,116,1762.891927
74.709492,88,1763.947345
83.089371,97,1765.069136
70.711559,129,1766.559929
78.934935,114,1767.860415
86.292623,113,1769.138525
85.783791,117,1770.644289
25.708689,43,1771.185568
80.740551,163,1772.938051
89.284955,131,1774.553963
67.510971,107,1775.841012
81.326528,122,1777.271143
76.092177,114,1778.626782
-2.0,9,1778.760138
60.233891,226,1781.122511
85.905801,145,1782.78333
89.348101,128,1784.254577
87.169461,110,1785.524825
88.756106,142,1787.127191
86.231299,122,1788.487076
79.286314,154,1790.226023
31.888407,118,1791.566681
84.931362,138,1793.175111
-0.869983,11,1793.330418
-9.0,2,1793.379978
23.669625,55,1794.047473
78.873269,320,1796.953496
89.542803,107,1798.180209
79.161761,112,1799.505755
86.003454,292,1802.379819
35.45967,102,1803.536433
80.070556,102,1804.708215
85.653607,110,1805.958535
35.067499,59,1806.63468
83.069852,100,1807.903343
69.908623,115,1809.303773
27.837558,55,1809.934075
24.472961,42,1810.419972
88.837416,111,1811.674497
82.694944,108,1812.949046
88.980776,106,1814.070835
75.563827,126,1815.485332
80.004847,111,1816.763051
78.648772,216,1818.96625
38.857521,104,1820.184737
37.102368,65,1820.944175
89.09644,122,1822.3453
77.808942,128,1823.823328
72.725361,259,1826.368805
79.714752,127,1827.98435
83.134131,98,1829.124564
80.003727,155,1831.031697
89.255575,131,1832.53515
41.20966,60,1833.231098
89.356245,120,1834.592855
67.139205,106,1835.974055
88.450539,347,1839.167551
87.152221,107,1840.592947
78.150848,119,1842.125146
86.393913,113,1843.43233
60.429842,95,1844.531892
89.232511,135,1846.151914
86.085019,137,1847.722275
60.313379,86,1848.686416
78.65401,97,1849.782606
47.95644,59,1850.393897
65.542606,103,1851.651078
3.571836,25,1851.962326
88.508748,134,1853.451097
34.208742,71,1854.262788
82.662833,133,1855.74278
77.169578,113,1857.021294
82.384511,88,1858.04173
5.208388,18,1858.266798
33.594407,103,1859.505205
77.99675,298,1862.374948
3.395843,18,1862.623267
75.328202,111,1864.05498
3.990393,21,1864.312482
57.163985,176,1866.376819
90.123596,89,1867.37825
88.927799,224,1869.599747
12.992032,186,1871.51437
29.582535,221,1873.648942
82.859083,112,1875.069719
79.687526,109,1876.418165
83.134752,106,1877.627294
18.647787,41,1878.129329
17.419672,50,1878.735736
75.354956,171,1880.563709
37.123943,74,1881.436542
89.228746,118,1882.807124
74.287343,267,1885.665482
52.769821,79,1886.633
-7.186448,4,1886.700247
80.174771,129,1888.148331
86.011539,117,1889.533624
76.971736,125,1891.192772
77.233944,101,1892.40388
85.98862,104,1893.57463
89.177905,110,1894.829167
81.758082,156,1896.745133
82.564418,104,1897.981284
82.74966,114,1899.507347
-7.4,5,1899.601918
57.176743,105,1900.798238
74.816209,105,1902.015691
-6.76266,7,1902.131359
54.440131,84,1903.1207
88.986546,131,1904.61639
79.875281,94,1905.727168
78.996084,111,1907.066047
57.601742,85,1908.119099
82.836108,125,1909.567278
-1.969146,15,1909.769308
80.723236,125,1911.206009
61.388554,106,1912.54082
80.953505,119,1914.017287
80.003339,112,1915.325165
76.991955,253,1917.986354
-6.043675,6,1918.092669
82.769216,113,1919.536259
37.897904,127,1921.118223
83.364837,411,1924.503265
46.058953,68,1925.26379
81.21156,151,1926.999467
49.670072,99,1928.268617
-0.39179,12,1928.433614
41.299876,147,1930.254773
68.000612,114,1931.623005
84.611183,313,1934.398645
7.7054,51,1935.026582
86.46647,98,1936.129035
85.996313,104,1937.328568
85.265089,127,1938.782903
56.449831,84,1939.769533
79.168904,106,1940.990376
-10.0,1,1941.025621
86.662295,110,1942.28968
66.960337,104,1943.494632
79.426351,111,1944.811208
17.980877,46,1945.36552
80.17224,118,1946.753247
18.816974,42,1947.263615
81.961524,112,1948.585984
85.253893,178,1950.64521
83.226485,107,1952.00824
76.153812,102,1953.332924
80.246856,135,1954.889333
81.345309,106,1956.145544
80.336379,198,1958.245983
81.978217,90,1959.285165
85.97978,135,1960.860093
89.796113,89,1961.842322
63.187875,121,1963.256235
86.009818,123,1964.703978
86.060134,100,1965.915014
86.1388,107,1967.143552
85.918442,96,1968.255157
77.849468,130,1969.817311
83.014297,120,1971.257579
88.520525,187,1973.480436
79.704742,107,1974.753377
88.823821,128,1976.212126
85.948357,100,1977.36549
81.394768,89,1978.454215
86.078144,125,1980.128634
87.146051,176,1982.188295
-7.242833,4,1982.258666
67.956402,102,1983.417953
35.193508,65,1984.169213
79.032648,101,1985.385711
30.63498,63,1986.216034
82.612584,114,1987.638317
86.396037,127,1989.305875
11.337732,25,1989.672379
75.854727,98,1991.034669
84.966242,90,1992.132589
82.866555,114,1993.548135
86.338633,114,1994.975587
83.254354,104,1996.214699
82.419878,102,1997.414103
77.904132,93,1998.513644
34.957449,65,1999.279078
6.846802,27,1999.624563
86.318917,114,2000.959437
86.46544,115,2002.449232
78.971577,118,2003.878005
83.017292,96,2005.096519
89.55676,104,2006.457676
79.457222,114,2007.922493
89.354526,89,2008.877035
83.363115,104,2010.249094
24.548743,53,2010.975177
85.768367,93,2012.066582
82.701365,97,2013.200096
85.803726,92,2014.302979
85.271165,103,2015.565983
74.398801,89,2016.836921
88.900735,131,2018.411734
78.371143,94,2019.640276
34.270641,53,2020.475325
85.704177,111,2022.070055
48.863121,100,2023.328607
89.964172,101,2024.5452
78.516336,100,2025.734443
80.395832,112,2027.059174
85.306666,117,2028.441899
72.365803,95,2029.589097
74.989503,81,2030.606421
31.143275,63,2031.381392
77.113584,109,2032.667459
-9.16,1,2032.716695
85.972708,113,2034.03613
28.969793,63,2034.778449
85.584772,88,2035.798942
84.960127,106,2037.079956
53.954655,69,2037.872823
10.125736,23,2038.155097
82.492311,112,2039.482238
89.322671,125,2041.107768
75.941755,452,2044.901619
30.787205,84,2046.018803
85.456851,107,2047.310398
85.063513,250,2049.832803
83.300234,103,2051.166649
86.657991,110,2052.631109
79.240338,92,2053.812065
24.827657,53,2054.492658
18.492625,45,2055.066721
73.456204,391,2058.584854
25.551114,52,2059.228008
35.199366,225,2061.59967
82.114984,116,2062.99538
72.663762,94,2064.124561
82.608751,106,2065.406773
7.373611,140,2067.094774
89.285909,123,2068.49924
83.345916,131,2070.134467
82.093588,122,2071.722331
54.278043,67,2072.486146
84.15058,197,2074.719681
85.643876,109,2076.126762
82.869681,107,2077.542506
16.350094,29,2077.951382
82.545451,110,2079.425278
82.137134,349,2082.966688
3.835997,27,2083.349134
68.008308,103,2084.719589
88.96594,129,2086.428906
82.170125,101,2087.797586
80.3334,106,2089.243554
85.557471,115,2090.749364
85.937414,130,2092.405111
-4.928124,7,2092.522164
79.254315,99,2093.80845
88.789697,131,2095.477452
84.20132,294,2098.228178
48.359201,92,2099.343163
38.328904,69,2100.300698
-3.278496,9,2100.45709
82.571788,131,2102.157337
-6.006714,5,2102.256737
83.637602,285,2105.131097
-7.079816,4,2105.196969
86.110246,139,2106.858494
11.100129,24,2107.184223
86.124017,97,2108.278204
78.046667,100,2109.478688
82.073239,221,2112.006727
83.225735,159,2113.958665
75.818851,89,2115.077433
85.304383,182,2117.232284
52.735794,142,2118.968178
23.295576,106,2120.247906
-7.680354,5,2120.336416
13.0,24,2120.642722
79.761909,102,2121.937236
-11.833485,6,2122.071503
43.819547,68,2122.95373
73.59256,141,2124.57913
82.815508,112,2125.946564
82.670655,211,2128.221264
86.411936,107,2129.664153
80.356335,132,2131.400086
85.235914,93,2132.507253
86.312526,117,2133.976189
86.830572,114,2135.32569
85.304825,127,2136.846033
82.96859,109,2138.179708
76.153028,120,2139.622919
68.368177,92,2140.770956
70.261056,115,2142.256752
13.990752,57,2142.993608
82.876971,305,2145.938662
79.383811,121,2147.559711
8.955635,39,2148.045969
75.201577,97,2149.263191
87.063072,241,2151.699735
22.399033,114,2153.06909
74.75086,93,2154.220715
72.644667,238,2156.580658
59.489627,77,2157.490783
83.383977,99,2158.66047
30.328769,67,2159.543449
84.42117,127,2161.250822
89.215327,124,2162.87751
82.189993,112,2164.31501
64.126412,110,2165.695674
85.81031,123,2167.207439
85.883857,102,2168.452623
47.766259,83,2169.5039
85.333864,103,2170.775048
-7.6,4,2170.866845
23.574405,94,2171.989047
81.948876,100,2173.193546
2.889801,16,2173.401502
89.244715,92,2174.372779
79.570406,131,2175.927773
1.978066,17,2176.155015
85.724363,108,2177.441145
87.652151,106,2178.67778
85.480471,103,2179.881269
89.15348,95,2180.998751
82.750425,95,2182.28196
78.982423,105,2183.549932
82.546473,118,2184.973643
41.334761,145,2186.579276
83.474065,101,2187.919705
-7.0,4,2187.995999
56.189862,101,2189.143524
89.420911,99,2190.404625
88.687415,207,2192.543496
85.376801,109,2193.796637
20.704565,206,2196.073829
86.065121,87,2197.039786
85.837185,107,2198.301036
89.156738,92,2199.407614
81.779188,182,2201.399743
84.09555,294,2204.5416
16.958327,53,2205.199007
79.107669,257,2207.653573
78.656524,181,2209.653587
19.098344,35,2210.082298
86.607389,135,2211.649556
24.133953,139,2213.374496
86.468574,249,2215.968762
82.350324,104,2217.167299
88.917824,112,2218.477983
83.74944,165,2220.494846
88.682119,152,2222.301077
85.474682,110,2223.569223
85.557082,112,2225.027025
82.239632,122,2226.45339
89.105363,120,2227.84627
86.114041,115,2229.184478
89.817031,97,2230.309525
85.729781,89,2231.405069
89.183471,105,2232.600345
85.014918,122,2234.018751
29.053908,53,2234.677839
86.088155,88,2235.6683
89.332573,94,2236.78904
-5.035884,6,2236.880959
7.656043,27,2237.284879
74.339409,190,2239.583603
79.507436,91,2240.650798
85.835602,108,2241.911759
89.069787,141,2243.498737
-7.0,4,2243.572232
82.336835,112,2244.864343
18.507113,43,2245.368719
58.693208,87,2246.399654
82.558543,113,2247.715901
83.229937,126,2249.172426
89.381605,92,2250.326278
85.532864,114,2251.720338
15.47171,42,2252.234686
85.196144,100,2253.558577
86.074368,118,2254.952463
86.040279,103,2256.148448
85.642001,94,2257.248008
-2.783673,10,2257.397877
85.597791,108,2258.731525
-5.336922,6,2258.84734
85.86336,124,2260.356481
82.237957,112,2261.637535
82.34387,107,2262.899309
80.015915,121,2264.36109
69.38443,111,2265.675547
89.095566,147,2267.599514
19.310162,48,2268.173607
79.463875,164,2269.988694
78.739508,188,2272.137741
89.256511,114,2273.552152
86.540694,95,2274.67286
86.70382,107,2275.911148
5.597019,27,2276.248502
82.473306,100,2277.45968
86.149354,112,2278.755173
89.144816,128,2280.32955
83.099707,126,2281.870517
85.824529,108,2283.151061
82.480539,115,2284.514297
89.349623,127,2286.023155
53.383429,86,2287.021581
13.02038,29,2287.384184
85.962343,136,2288.917596
43.303648,71,2289.751911
5.496668,27,2290.088376
17.354903,30,2290.42158
7.819006,29,2290.771635
82.695956,99,2291.952474
85.644652,114,2293.26543
89.348234,98,2294.510954
30.206002,73,2295.416142
-2.049296,10,2295.566944
86.184189,118,2297.098008
64.359861,84,2298.081681
83.183449,105,2299.312937
79.93893,102,2300.502312
82.343169,98,2301.684533
84.322173,212,2303.842452
85.862286,135,2305.503728
10.526693,23,2305.81511
74.25827,168,2307.708086
27.500174,111,2308.995995
82.57731,110,2310.419616
86.873694,93,2311.53228
13.518524,43,2312.069356
89.441008,109,2313.353091
-9.32,2,2313.402538
86.982724,343,2316.643499
87.860805,154,2318.386961
13.102529,191,2320.422144
85.885032,220,2322.840023
24.022768,207,2324.960307
75.657628,384,2328.264945
7.560801,51,2328.854698
88.784766,400,2332.421829
68.0,80,2333.283783
79.619717,184,2335.357476
4.152977,46,2335.907687
82.366344,142,2337.498052
5.547637,68,2338.344523
24.61094,121,2339.879184
85.459215,403,2343.494808
82.253421,111,2344.790121
34.951774,50,2345.544175
86.529195,122,2346.977926
85.782021,130,2348.495028
6.760313,18,2348.717658
76.395455,158,2350.472722
87.412272,105,2351.685356
5.915327,19,2351.931727
58.426045,111,2353.194575
86.1539,107,2354.427726
72.478537,98,2355.586809
71.506501,294,2358.263855
82.832864,115,2359.722027
82.354781,116,2361.079669
19.0,30,2361.41357
89.527125,116,2362.710208
82.675434,100,2363.858643
8.567526,23,2364.160263
85.395001,159,2365.852506
41.741791,129,2367.285941
82.98554,119,2368.634379
89.268548,130,2370.261175
63.906216,118,2371.782845
-7.6,4,2371.866667
65.0,76,2372.709577
-5.022434,6,2372.828286
22.550478,53,2373.487478
38.115169,69,2374.299581
89.109707,113,2375.597524
-3.145717,22,2375.860659
-0.763175,11,2376.018532
32.037913,60,2376.715949
76.461965,284,2379.516062
83.169631,126,2380.976363
88.534433,135,2382.432079
89.428442,111,2383.705179
45.096568,75,2384.573457
76.721199,311,2387.339982
2.757432,23,2387.62628
58.921045,153,2389.29806
89.984738,89,2390.214258
86.699733,116,2391.550146
25.800194,52,2392.141993
82.797187,128,2393.595862
86.188459,121,2394.975617
19.432491,81,2395.940655
88.759752,135,2397.503017
10.028039,29,2397.945913
86.212803,287,2400.803654
86.497694,246,2403.197463
83.291065,122,2404.548736
89.401629,161,2406.619586
86.0453,134,2408.156298
48.912455,92,2409.243475
78.92956,225,2411.664564
9.347248,45,2412.19464
83.258145,306,2414.88246
88.930821,114,2416.164482
86.514633,108,2417.404084
86.528498,105,2418.58925
82.716502,138,2420.159306
89.154224,115,2421.524964
89.29748,109,2422.772937
82.601722,126,2424.174134
38.40794,60,2424.86948
80.258648,106,2426.079096
35.544063,57,2426.757311
85.429863,115,2428.05409
6.759105,21,2428.318197
85.470147,86,2429.280699
82.949122,95,2430.54278
45.145848,76,2431.484369
83.069996,116,2432.803387
85.857189,100,2434.17272
83.493613,129,2435.651132
-7.4,5,2435.75082
82.859053,103,2436.945667
1.821343,14,2437.130661
85.172032,108,2438.351687
71.827801,90,2439.550384
72.84263,111,2440.934901
27.478933,58,2441.629624
85.963031,97,2442.90353
48.81572,99,2444.045683
24.615729,57,2444.719071
82.779951,120,2446.140059
81.842222,107,2447.413281
89.277797,127,2449.028907
86.211038,121,2450.429166
86.122306,119,2451.870142
9.573365,31,2452.235955
89.45428,118,2453.584544
85.14303,140,2455.160544
82.708267,94,2456.236676
86.618922,133,2457.84477
83.598925,111,2459.153867
35.81472,61,2459.921321
28.331117,55,2460.768489
72.826542,95,2461.955563
69.3427,94,2463.207364
78.389478,98,2464.372275
82.999727,118,2465.759928
82.511671,118,2467.283447
70.565541,81,2468.254179
68.737578,97,2469.405468
85.981314,103,2470.576317
74.042552,96,2471.708695
86.113313,118,2473.217824
82.531148,106,2474.603894
89.155766,112,2475.952213
83.53432,144,2477.581674
82.804086,119,2478.96178
86.179464,123,2480.378105
0.633417,21,2480.64357
78.918045,104,2481.81899
2.815352,14,2482.000868
82.791288,98,2483.103538
87.786154,124,2484.488924
85.891724,122,2485.892051
82.297322,103,2487.059052
48.611185,98,2488.060164
83.422615,127,2489.529469
-6.158297,5,2489.624323
40.898149,65,2490.468554
63.323717,120,2491.934896
84.560139,465,2495.882419
16.265081,121,2497.245601
81.186231,171,2499.138032
63.371789,500,2503.437592
81.765704,120,2504.83415
88.48835,298,2507.797272
79.596414,248,2510.176636
89.105825,139,2511.78172
22.89424,86,2512.789381
84.635197,114,2514.066957
82.972502,176,2515.984236
30.146078,323,2518.85883
6.822547,94,2520.101377
15.834651,234,2522.565698
22.466867,81,2523.502813
35.471116,278,2526.262616
21.267592,33,2526.628826
14.978592,101,2527.754955
49.77639,347,2530.775742
82.32029,180,2532.682123
38.301644,98,2533.947011
32.990567,182,2535.888296
85.989051,244,2538.521487
20.91715,79,2539.478903
3.0,14,2539.658473
80.751418,224,2541.961611
85.198422,228,2544.299446
57.67909,147,2546.030519
46.453984,249,2548.464002
32.404525,81,2549.418766
61.049313,318,2552.47874
85.545078,109,2553.885495
88.157789,215,2556.321419
89.176902,98,2557.578353
83.150733,107,2558.87379
80.4741,132,2560.431901
62.103617,102,2561.596995
89.20935,130,2563.043508
41.30694,71,2563.886184
80.040714,110,2565.116324
77.663709,126,2566.539153
88.702997,126,2567.980793
69.386523,109,2569.190345
-3.99713,8,2569.304308
85.889947,95,2570.404594
79.183816,116,2571.763322
89.622653,93,2572.84905
67.608282,103,2574.033402
82.074792,100,2575.204257
89.164333,120,2576.550744
46.819964,98,2577.720024
79.219948,107,2578.944836
81.706699,99,2580.23592
-1.80292,17,2580.477346
61.993126,115,2582.032443
21.32008,45,2582.595931
-2.578308,13,2582.761238
78.011645,146,2584.437646
82.092507,102,2585.614521
89.317934,102,2586.814727
70.02351,127,2588.269681
82.526579,112,2589.676417
83.840303,130,2591.259646
-4.174904,12,2591.419267
75.549504,120,2592.82303
86.128279,109,2594.063709
61.810112,133,2595.599722
88.15738,209,2598.067361
89.452655,100,2599.214098
85.393567,130,2600.750079
8.669127,36,2601.180423
74.110413,206,2603.532997
83.01145,130,2605.024565
83.083085,96,2606.153995
77.356622,125,2607.59863
85.902811,93,2608.679177
79.321664,102,2609.998322
67.599094,134,2611.646839
62.334272,88,2612.647748
73.520772,86,2613.685802
80.521276,112,2614.9764
79.710493,112,2616.260657
76.014226,119,2617.637071
86.384759,136,2619.179127
33.715433,68,2619.968722
-3.0,8,2620.080454
89.081816,130,2621.791468
66.978608,111,2623.121083
85.508148,139,2624.825658
24.928002,55,2625.50289
86.20841,112,2626.820904
89.133133,111,2628.094275
86.418451,124,2629.560116
60.0,71,2630.331662
79.335384,115,2631.709014
20.334132,45,2632.240558
88.963938,105,2633.442189
50.561497,77,2634.425325
48.089923,96,2635.634119
80.376888,105,2636.888193
88.446014,161,2638.658291
88.798883,107,2640.088698
29.690128,177,2642.136755
88.634574,139,2643.724617
88.91821,107,2644.938224
85.915351,90,2645.912123
64.569963,219,2648.281362
85.028072,142,2649.847896
61.824046,123,2651.286886
0.320567,22,2651.572681
87.519424,156,2653.348732
50.698425,146,2654.966093
42.275915,145,2656.628505
72.16384,237,2659.096089
4.539221,29,2659.515866
25.172675,52,2660.245397
-3.393325,9,2660.378898
5.65933,30,2660.753213
81.75935,126,2662.1936
58.430793,320,2665.149873
85.322688,211,2667.368058
10.984806,49,2667.945142
-7.4,5,2668.040055
34.287291,68,2668.836404
15.455962,64,2669.634383
22.428653,41,2670.20598
42.466017,78,2671.183819
37.943284,75,2672.068016
85.937114,134,2673.581323
89.533879,102,2674.721626
88.962482,118,2676.272485
-9.031732,2,2676.318461
85.630514,94,2677.426778
86.534276,96,2678.577809
85.924505,110,2679.855038
82.972601,122,2681.307342
-5.756977,13,2681.479117
82.987269,98,2682.64
82.388322,106,2683.818588
78.811409,96,2685.003275
78.569711,114,2686.388228
80.322784,119,2687.821032
0.0,11,2687.966006
88.855955,134,2689.394866
82.632982,106,2690.742342
81.116778,128,2692.273062
67.018367,78,2693.179846
31.048699,75,2694.06007
-8.8,3,2694.118216
81.741965,241,2696.535081
55.362025,85,2697.527862
88.618757,143,2699.115002
83.318477,156,2701.111877
85.902385,116,2702.406974
0.097351,17,2702.616135
47.898902,94,2703.804053
83.122114,126,2705.268795
78.061823,102,2706.389373
82.872073,132,2707.868489
70.375533,125,2709.283843
70.693423,191,2711.464758
88.851811,136,2712.939577
78.684927,99,2714.036932
1.232535,23,2714.312554
78.531378,137,2715.811624
14.296973,52,2716.433451
65.602485,133,2718.129494
-1.407681,10,2718.267353
35.667055,72,2719.103274
-4.434681,16,2719.307518
88.941431,122,2720.724828
5.863195,24,2721.011235
13.271312,54,2721.628426
48.654352,80,2722.663632
64.115922,136,2724.377422
86.315231,142,2726.011001
22.101947,48,2726.575974
88.933053,143,2728.180667
83.021352,124,2729.619878
57.768629,119,2731.235156
-10.0,1,2731.27296
87.227122,120,2732.63685
81.82755,121,2734.065067
0.151866,20,2734.319178
85.365861,128,2735.797457
86.254256,122,2737.214499
84.933267,128,2738.663579
89.306608,117,2740.012066
86.068221,121,2741.379062
30.174428,216,2743.757252
41.044449,161,2745.496491
-6.223231,6,2745.589525
62.026072,264,2748.099509
80.520435,141,2749.713855
80.039377,100,2750.907365
82.892872,117,2752.275988
79.968283,112,2753.547242
12.221857,36,2753.996617
40.096238,55,2754.660791
77.121449,120,2756.051131
81.037845,120,2757.538994
66.858956,122,2759.019165
86.769355,112,2760.404527
77.342067,97,2761.606133
88.670602,127,2763.07337
78.700202,112,2764.334643
-9.042557,2,2764.382085
78.421174,109,2765.640605
78.360128,132,2767.110361
79.471449,121,2768.662653
83.197497,109,2769.92129
85.264555,112,2771.188876
84.028768,93,2772.274421
80.256478,106,2773.501367
76.424296,105,2774.704977
86.681887,98,2775.824448
82.697618,105,2777.022532
51.57941,90,2778.041449
77.292558,91,2779.096828
75.496396,106,2780.33351
82.673248,92,2781.328693
85.837622,101,2782.469208
15.005954,28,2782.775695
88.962067,147,2784.384094
-4.132497,11,2784.525889
86.333485,116,2785.83471
82.011744,96,2787.110379
75.0,86,2787.970668
85.670489,122,2789.359284
77.335159,109,2790.868313
83.006458,124,2792.437523
80.415392,119,2793.812757
80.335234,117,2795.174045
79.743501,117,2796.526308
76.207005,100,2797.807682
89.598963,104,2799.158049
88.619355,152,2801.026465
83.229333,109,2802.281328
86.210464,105,2803.499144
4.083804,23,2803.796283
88.947654,113,2805.133081
47.089435,71,2805.942203
74.444581,89,2806.994439
-8.48,2,2807.052794
-10.0,1,2807.088481
68.193059,98,2808.4432
85.861766,93,2809.500776
83.233367,132,2811.03433
86.531184,99,2812.204151
67.39531,136,2813.743345
88.816275,123,2815.112735
88.658664,89,2816.032883
79.181567,110,2817.322267
85.067796,128,2818.801729
86.792187,133,2820.453513
81.944993,93,2821.741579
85.821217,86,2822.631413
81.385516,94,2823.713927
38.0,49,2824.289684
44.556828,151,2826.223084
-6.9027,5,2826.308912
82.050368,104,2827.545715
89.574899,96,2828.636636
83.821179,107,2829.843555
-10.0,1,2829.885596
89.682344,103,2831.037448
85.919185,131,2832.667652
28.909184,60,2833.373269
85.245118,121,2834.696301
-7.082591,17,2834.930457
43.279879,84,2835.841914
-8.005759,3,2835.898738
-7.191803,4,2835.964309
9.005187,22,2836.255885
68.576097,92,2837.312294
86.559291,100,2838.611273
-9.119832,2,2838.660267
19.066763,70,2839.434646
-10.0,1,2839.47608
78.27031,86,2840.48573
83.697075,103,2841.649182
82.840085,110,2842.875194
86.570475,110,2844.079798
86.28096,123,2845.492288
40.7105,78,2846.366756
88.968469,134,2848.054138
75.448584,119,2849.439862
85.59726,122,2851.029718
79.466451,122,2852.45572
11.30543,26,2852.777583
77.343798,111,2854.061369
86.00201,95,2855.176438
68.359345,84,2856.184404
12.327219,43,2856.816624
18.493381,32,2857.241208
11.127334,33,2857.67151
86.393426,118,2859.092306
48.104323,82,2860.063093
89.012579,111,2861.284984
19.430929,48,2861.857325
79.585394,127,2863.416832
57.454813,91,2864.55934
8.216821,20,2864.815694
88.604644,149,2866.549011
89.316594,118,2868.027548
83.129608,110,2869.303351
81.271668,132,2870.782236
86.151612,138,2872.342933
-4.843697,7,2872.439871
3.81522,17,2872.654035
40.106924,71,2873.452619
80.343739,118,2874.864522
88.976122,121,2876.260554
78.852921,90,2877.336593
79.016221,97,2878.468463
85.706305,113,2879.820797
77.847281,119,2881.33615
27.365645,58,2882.011722
82.924318,106,2883.415378
24.576673,40,2883.869952
86.163223,123,2885.243616
8.22943,28,2885.587822
14.729709,42,2886.083372
82.745701,93,2887.306403
78.308993,98,2888.417552
58.620533,99,2889.565423
87.275638,99,2890.859869
85.56783,107,2892.189934
88.997521,140,2893.814983
20.4235,52,2894.411056
48.527895,90,2895.384907
82.323803,90,2896.394551
85.8447,87,2897.393851
9.076138,28,2897.752246
39.979861,75,2898.596522
82.466374,117,2899.906928
81.862039,95,2900.992709
82.867764,110,2902.227432
46.138405,83,2903.199582
86.121612,140,2904.931962
85.776615,112,2906.217868
33.000462,61,2906.920947
88.956917,149,2908.723586
85.962615,127,2910.302628
83.163777,130,2911.856408
85.940513,107,2913.184034
83.291891,111,2914.535524
15.022275,35,2914.944731
44.250422,91,2916.009144
3.471331,16,2916.214773
82.21848,105,2917.432591
-7.6,4,2917.51172
89.027309,141,2919.102574
-2.784511,11,2919.25585
62.189749,96,2920.357445
87.05776,125,2921.901829
5.0,16,2922.088656
81.088824,109,2923.422107
85.360112,133,2925.143182
76.69868,122,2926.637794
85.229107,117,2928.008472
83.071625,116,2929.359371
70.267954,81,2930.325844
86.125844,107,2931.618529
85.238853,88,2932.744167
78.413568,99,2933.881869
85.235494,117,2935.217426
83.468044,136,2936.777998
17.018475,63,2937.490014
89.72445,109,2938.749089
86.57876,132,2940.503037
89.046472,114,2941.869196
63.793552,136,2943.421985
81.384286,138,2944.959348
85.261463,165,2946.739801
83.371406,126,2948.196219
32.392595,81,2949.297357
82.86135,115,2950.64361
86.037775,117,2951.959106
16.352558,40,2952.428363
72.517011,98,2953.581748
85.772572,127,2955.16032
81.840398,120,2956.69407
79.40467,115,2958.06839
80.27648,91,2959.371018
86.018373,131,2960.937737
89.350097,136,2962.470135
13.58041,42,2962.983565
80.319685,125,2964.444491
86.076914,142,2966.060918
61.521066,115,2967.361782
16.235772,33,2967.752532
68.981372,122,2969.159014
82.170863,146,2971.008338
80.499603,157,2972.927792
50.773504,112,2974.341562
87.237338,122,2975.738927
50.153851,106,2976.955748
70.231761,114,2978.187234
90.04859,90,2979.116838
80.061244,125,2980.513111
83.530752,136,2982.037655
86.513505,115,2983.354422
86.12346,190,2985.405371
80.517278,95,2986.61456
89.367816,147,2988.243942
88.871878,145,2989.875185
83.303806,135,2991.414552
76.577811,123,2992.94397
86.1764,122,2994.368685
86.230277,145,2995.964811
76.145235,189,2998.21983
83.477217,127,2999.743002
89.006858,118,3001.193994
26.82646,60,3001.918242
85.642645,218,3004.053215
29.252919,60,3004.739897
82.290162,101,3005.875202
86.263422,105,3007.075499
34.734492,108,3008.283792
66.995889,95,3009.352845
84.090455,95,3010.410235
70.26924,109,3011.688967
86.089148,117,3013.025756
85.934307,94,3014.162501
78.408392,109,3015.57857
77.161881,98,3016.974348
82.160036,95,3018.096106
85.164435,107,3019.341702
31.735672,60,3020.060881
88.837105,118,3021.424663
-9.021391,2,3021.468961
86.933419,101,3022.639629
85.869336,117,3024.149605
22.767415,49,3024.725897
85.886768,127,3026.285957
60.110544,106,3027.545028
35.509779,60,3028.257832
82.434244,132,3029.813422
28.66049,40,3030.291213
-4.086673,21,3030.58658
85.639281,93,3031.704741
86.216728,116,3033.235054
43.390063,56,3033.877038
82.642062,93,3035.027164
86.839561,125,3036.596921
88.842974,132,3038.155257
85.968112,113,3039.445805
7.930917,28,3039.792692
85.795129,93,3040.859858
89.218068,96,3042.009788
63.161155,113,3043.313488
89.043858,124,3044.780016
85.544419,91,3045.875123
45.622134,80,3046.794441
88.940541,130,3048.257204
85.188611,98,3049.332704
41.10174,73,3050.164761
88.907291,139,3051.831439
88.920954,154,3053.521296
88.978783,112,3054.784603
85.755819,119,3056.128432
-2.958654,10,3056.277587
9.843506,25,3056.5697
31.266391,78,3057.450774
83.217504,116,3058.787068
83.089571,118,3060.363142
88.839224,158,3062.260802
88.772438,184,3064.19605
89.011336,137,3065.775141
86.023761,87,3066.733684
85.96605,140,3068.427205
85.746252,126,3069.877635
82.882704,101,3071.069462
82.140347,84,3071.978583
89.333034,136,3073.661571
-7.352378,6,3073.763973
42.705341,100,3074.912024
86.605819,146,3076.681823
85.395296,147,3078.353342
66.794352,127,3079.78104
78.337142,99,3080.905784
82.835535,113,3082.350439
11.681118,33,3082.752956
-1.900961,12,3082.914949
89.272646,135,3084.413853
86.139371,112,3085.678362
89.845032,131,3087.101772
85.452161,108,3088.324366
85.411615,106,3089.535959
30.855422,66,3090.393579
70.357318,84,3091.475847
83.95133,175,3093.442131
85.832778,136,3095.118507
82.701587,131,3096.623327
50.394926,122,3098.019786
82.543961,131,3099.723905
85.5262,157,3101.555275
59.032384,189,3103.609259
59.27408,127,3105.062123
43.8609,100,3106.2037
86.147381,86,3107.112239
86.027228,105,3108.324675
89.025421,123,3109.702778
81.863195,198,3111.925574
38.0,49,3112.445981
79.481679,166,3114.28298
19.059438,44,3114.775721
80.750378,122,3116.185206
-5.05122,10,3116.322158
52.863975,80,3117.239012
85.489036,108,3118.653935
72.038957,86,3119.765892
45.274831,65,3120.60904
-7.6,4,3120.69916
82.27606,97,3121.853126
88.555059,145,3123.48077
85.728188,125,3124.859297
85.48461,111,3126.115625
85.919648,121,3127.465061
79.605619,98,3128.645787
-5.996184,7,3128.751784
89.188268,145,3130.269235
78.927372,88,3131.305809
85.85602,101,3132.441832
85.605856,86,3133.432449
89.183511,133,3135.027722
69.136594,283,3138.076673
82.784288,116,3139.505466
86.800506,116,3140.864347
1.850832,13,3141.025569
-9.32,2,3141.07331
86.114412,108,3142.30081
-3.011117,8,3142.398551
82.788915,112,3143.672925
54.028678,93,3144.71085
82.742823,135,3146.219098
80.440793,112,3147.540059
82.108793,97,3148.672163
89.252592,104,3149.901007
52.827072,87,3151.051433
85.902187,99,3152.180356
59.741993,188,3154.203686
86.213205,125,3155.631656
71.923874,164,3157.463305
70.568277,79,3158.411846
29.897477,54,3159.048945
86.18019,118,3160.387486
85.383341,111,3161.675527
88.920275,107,3162.883352
89.474291,98,3164.026475
-1.086249,11,3164.181363
83.735662,231,3166.564208
82.912034,105,3167.754989
40.913631,87,3168.767485
79.229147,106,3170.096257
86.3212,99,3171.307058
74.783275,162,3173.028899
13.686557,38,3173.474864
86.861909,129,3174.931854
85.846481,127,3176.395593
82.133544,165,3178.220793
83.401935,142,3179.898802
48.416231,85,3181.053737
45.782144,83,3182.005654
75.754508,91,3183.048387
57.630567,128,3184.466137
88.375738,127,3185.880643
71.91695,104,3187.231365
79.613407,136,3188.880989
85.834353,92,3190.080421
88.706967,124,3191.468148
31.612879,62,3192.195492
17.355198,31,3192.57058
50.2828,106,3193.787539
85.983366,119,3195.125409
80.592023,117,3196.427696
78.998539,89,3197.462205
83.176186,135,3198.994169
-4.516262,12,3199.161508
49.401422,88,3200.196112
76.146468,98,3201.335871
80.194435,126,3203.010005
82.245006,118,3204.450511
24.144416,54,3205.082192
85.817928,122,3206.522391
85.754795,130,3208.042441
71.220711,89,3209.183045
85.129172,109,3210.581194
76.955587,98,3211.811009
76.968852,105,3213.032589
53.743141,69,3213.809402
85.971643,112,3215.104027
78.360144,94,3216.180078
89.551812,115,3217.546757
76.281386,104,3218.922649
62.235349,97,3220.036304
86.120361,125,3221.471343
72.984567,111,3222.76868
77.360843,81,3223.666183
87.907496,105,3224.870065
75.220491,86,3225.851492
-10.0,1,3225.883677
76.767282,125,3227.327472
82.006431,105,3228.536419
79.545247,98,3229.672176
76.909146,102,3230.850625
75.882943,95,3231.983006
89.971052,89,3232.926908
84.771507,140,3234.713596
86.07121,121,3236.118145
5.410343,28,3236.448536
82.115225,97,3237.577509
78.787496,88,3238.792721
85.168036,108,3240.334501
86.059437,124,3241.799693
84.834235,166,3243.622893
50.259662,100,3244.813929
88.907537,146,3246.503518
82.032423,125,3247.924986
80.008786,116,3249.307198
82.138163,94,3250.401447
83.143219,106,3251.63485
83.204638,138,3253.216808
88.996486,127,3254.630638
89.382852,105,3255.861117
86.32191,119,3257.232375
82.863894,116,3258.742686
86.251166,123,3260.150429
82.747686,113,3261.430495
73.72562,116,3262.776797
83.494012,102,3263.955218
73.682147,105,3265.3729
80.263589,109,3266.615538
78.438065,114,3267.951637
80.192274,105,3269.111285
24.602969,45,3269.709151
69.333561,180,3271.831288
79.849915,101,3273.178414
-5.018999,6,3273.29066
13.609745,36,3273.746738
89.077229,122,3275.146181
47.79467,84,3276.12141
73.99338,99,3277.472438
69.008018,91,3278.555425
85.842945,109,3279.857184
80.611521,127,3281.2876
80.190754,115,3282.607277
86.089549,108,3283.846167
83.553893,100,3284.98198
86.117582,98,3286.274362
83.828807,135,3287.819747
85.940133,108,3289.050762
86.445235,109,3290.469488
90.123596,89,3291.384851
83.018841,122,3292.763214
86.093887,90,3293.806433
75.877474,98,3295.10323
89.076257,99,3296.218913
6.016967,22,3296.488728
82.654299,112,3297.779272
52.047628,66,3298.699181
86.403687,137,3300.545164
82.758479,113,3301.92846
21.107111,56,3302.593063
82.521717,119,3303.964244
89.670429,95,3305.112146
7.375337,19,3305.373568
79.101713,98,3306.58057
-8.2,6,3306.682008
47.036577,74,3307.529521
78.683077,96,3308.661383
55.269572,70,3309.46763
23.465822,60,3310.348559
25.852723,41,3310.859619
18.867736,42,3311.364682
80.149989,112,3312.619559
4.151481,24,3312.900227
89.561352,98,3314.004916
89.102948,111,3315.265615
29.574433,51,3315.934634
76.563004,105,3317.388897
31.000618,58,3318.125405
82.449514,103,3319.414724
89.403651,118,3320.836955
89.195991,100,3322.228128
52.619612,83,3323.180365
-3.882312,11,3323.343434
-9.063239,2,3323.393575
83.375932,97,3324.500336
87.014045,144,3326.074992
89.078111,100,3327.22012
65.533854,111,3328.466803
83.365889,97,3329.670554
80.188597,113,3331.158556
88.84845,117,3332.52658
83.353689,117,3333.916232
86.539802,105,3335.138822
86.230157,114,3336.461099
63.972206,91,3337.659842
85.075385,96,3338.768313
84.162847,123,3340.21965
89.1554,140,3341.955119
85.839547,87,3342.973678
76.30425,98,3344.151177
83.953031,125,3345.592201
86.001346,103,3346.742764
89.702163,89,3347.742508
89.222636,103,3349.016068
88.868551,125,3350.474481
86.004446,110,3351.752695
56.95772,75,3352.622497
22.049314,43,3353.112211
69.32742,154,3355.067306
80.234733,129,3356.653041
89.463135,95,3357.679114
-9.160348,2,3357.727995
79.661148,107,3358.987906
62.019016,113,3360.405842
85.014715,108,3361.713683
86.864905,106,3362.935084
80.542753,97,3364.145408
86.049418,104,3365.46887
62.674327,81,3366.390348
82.238521,91,3367.477812
8.2958,35,3367.901124
30.14831,50,3368.481478
8.988358,25,3368.805067
85.434039,99,3369.930073
53.572674,66,3370.678275
25.566492,54,3371.31101
49.841148,79,3372.204918
81.818912,102,3373.378646
31.085317,80,3374.284567
82.696464,127,3375.92035
75.202384,84,3376.917525
54.498995,98,3378.10359
89.267134,106,3379.434182
-1.541725,13,3379.623944
82.841312,127,3381.072916
17.869737,45,3381.591723
52.788787,80,3382.521719
19.937502,37,3382.953332
38.893635,51,3383.523449
88.854663,129,3384.979948
17.763831,36,3385.490206
86.558307,125,3386.998187
89.253247,128,3388.501806
29.787801,55,3389.192654
88.846392,128,3390.903807
-7.602559,4,3390.980492
82.568538,93,3392.077237
82.481218,112,3393.35726
81.900158,84,3394.33655
89.090761,100,3395.511681
85.797517,122,3397.017578
85.431524,97,3398.227918
88.917045,139,3400.072955
85.489315,106,3401.275966
86.008492,117,3402.602402
-10.0,1,3402.64535
55.773497,131,3404.142736
85.975139,90,3405.208962
88.919586,114,3406.668961
82.444454,118,3408.002765
88.81059,122,3409.405822
88.93862,134,3411.063326
45.785774,89,3412.104411
85.731775,106,3413.324894
35.620119,77,3414.230783
-9.078681,2,3414.272717
85.304631,138,3415.842942
77.352938,123,3417.232687
85.78329,126,3418.683475
79.558258,113,3420.148751
82.519107,102,3421.444928
75.923179,109,3422.776991
89.324156,117,3424.170051
20.658599,52,3424.832664
85.759735,92,3425.915256
85.795585,104,3427.083254
89.006428,130,3428.55395
85.781626,98,3429.677445
89.250319,119,3430.999135
65.93934,100,3432.1456
1.698009,18,3432.382761
85.475757,97,3433.489232
68.417862,102,3434.641403
89.373757,113,3435.932838
86.158673,112,3437.212058
86.141089,122,3438.763445
72.405857,91,3439.862272
83.282516,107,3441.081626
83.146919,122,3442.488584
61.086754,89,3443.517736
81.790816,97,3444.666286
69.731943,125,3446.086755
41.668907,92,3447.157251
89.260893,125,3448.562334
9.87327,25,3448.88349
85.725714,140,3450.804677
6.847272,28,3451.186618
79.772269,104,3452.400826
44.425688,80,3453.516788
86.198869,109,3454.767505
89.018199,133,3456.348212
86.647851,100,3457.771162
85.915113,119,3459.210635
3.336334,21,3459.470591
76.596738,115,3460.853517
32.83393,90,3461.913093
4.581743,17,3462.137258
88.921381,133,3463.699355
82.78012,135,3465.272867
86.508468,99,3466.463096
48.231941,102,3467.630766
83.106794,223,3469.923842
87.687402,204,3472.041819
9.882954,32,3472.437689
77.189179,130,3473.975635
84.009276,126,3475.596678
79.241446,118,3476.96659
84.826184,141,3478.609946
25.0,36,3479.020361
83.526527,191,3481.489277
84.179798,169,3483.293286
82.15004,107,3484.500558
85.852129,173,3486.39262
86.885562,121,3487.943009
89.169215,137,3489.483581
64.490942,99,3490.622636
82.920165,182,3492.847298
-10.0,1,3492.884663
58.685436,106,3494.150444
5.437926,24,3494.475049
80.969453,125,3495.915874
85.632776,133,3497.469881
85.880767,192,3499.542823
17.42643,61,3500.233347
84.905437,127,3501.689089
87.727557,134,3503.411973
50.454645,75,3504.259401
22.021406,58,3504.959799
76.592531,108,3506.206606
86.270258,155,3507.988679
82.757002,144,3509.780724
6.882228,37,3510.276866
50.859853,264,3512.872283
81.775656,254,3515.547893
81.289544,93,3516.541371
86.029109,97,3517.696445
67.591332,104,3518.998496
6.905829,40,3519.514934
86.742098,129,3520.944261
57.478319,112,3522.22226
87.591434,178,3524.154004
24.434964,79,3525.078908
79.551937,121,3526.603409
86.404699,107,3527.851157
89.279044,108,3529.126776
76.909581,122,3530.560001
89.268064,107,3531.854505
4.306581,35,3532.356123
83.102939,111,3533.625148
3.726686,28,3533.985495
25.679014,49,3534.575679
23.644631,37,3534.993446
86.905787,145,3536.588243
82.834768,109,3537.869289
85.747071,164,3540.004985
24.637562,56,3540.753564
81.563987,115,3542.096595
86.270002,130,3543.564756
89.119985,126,3544.983083
86.868606,135,3546.695403
83.434183,129,3548.173866
88.780609,129,3549.642748
48.574386,65,3550.407993
85.613149,110,3551.845104
82.749036,124,3553.259748
-7.4,5,3553.351446
84.321138,130,3554.840116
88.817825,134,3556.376911
87.139369,131,3557.866075
81.758115,133,3559.499528
85.676654,103,3560.718473
85.932707,138,3562.355268
89.77784,135,3563.824253
90.123596,89,3564.746867
72.227144,115,3566.040175
86.398648,140,3567.647464
-0.367396,13,3567.824548
84.645099,124,3569.230869
87.002586,142,3571.050735
80.268339,113,3572.381622
85.190881,110,3573.670316
84.733801,135,3575.271005
-4.810823,7,3575.370821
78.569951,109,3576.664354
89.918559,89,3577.757395
85.734854,104,3578.990267
51.459238,80,3579.944005
88.908288,134,3581.525954
76.674967,123,3583.104339
50.304393,75,3583.977723
79.716612,114,3585.304033
86.272738,95,3586.430538
77.582086,112,3587.842313
82.571065,88,3588.952163
82.532922,130,3590.45981
86.421172,136,3592.092063
88.775975,120,3593.511154
85.541921,119,3594.970302
86.162791,86,3596.049308
83.499755,123,3597.56283
87.438701,113,3598.91214
85.989331,111,3600.365619
83.108332,107,3601.702478
85.985708,107,3602.94677
87.454857,122,3604.51895
46.564418,69,3605.331198
85.232122,113,3606.640498
89.393067,114,3607.943725
42.643395,74,3608.969265
51.397756,67,3609.731152
77.281694,116,3611.076907
53.413335,103,3612.259482
89.107774,118,3613.609315
-7.6,4,3613.686689
86.252203,144,3615.343343
89.068423,130,3616.966804
83.505546,121,3618.341076
81.809161,87,3619.37105
86.563233,115,3620.705748
17.288696,46,3621.256043
82.287751,91,3622.293886
85.155119,139,3623.879061
82.244227,95,3625.011208
21.071412,55,3625.657482
34.793498,68,3626.470783
86.588383,126,3628.02425
89.254761,93,3629.308344
89.177275,114,3630.822751
8.991774,26,3631.172592
35.730227,74,3632.032269
79.225676,96,3633.19832
65.448554,120,3634.598823
88.935188,136,3636.286963
28.590161,43,3636.812677
85.979563,132,3638.34533
78.733288,85,3639.323188
-5.777241,12,3639.490641
82.282748,120,3640.869923
85.009784,127,3642.473538
55.365435,87,3643.488955
85.373158,90,3644.550833
61.199778,85,3645.608263
88.935246,150,3647.306425
85.482898,97,3648.411589
-9.32,2,3648.456036
7.989176,37,3648.921215
75.919863,108,3650.165228
86.589754,135,3651.777448
53.362594,118,3653.168155
77.22297,146,3654.867834
63.35292,98,3656.046522
85.950136,115,3657.411326
85.653504,106,3658.68669
30.421008,57,3659.395462
82.383002,115,3660.91966
85.231552,117,3662.318336
84.016719,111,3663.67172
86.454647,132,3665.271311
15.013923,38,3665.720913
80.255786,116,3667.06441
28.88004,48,3667.599166
59.309487,124,3668.988813
83.446244,151,3670.673071
38.555659,101,3671.835203
53.222169,125,3673.15685
82.257636,137,3674.672171
87.319398,141,3676.222992
84.62099,172,3678.254259
81.306528,116,3679.566862
78.295027,402,3683.191807
86.230097,144,3684.780574
7.829407,27,3685.096098
18.216906,60,3685.778174
86.484942,140,3687.335554
81.698586,146,3688.892318
76.669565,136,3690.590047
89.341198,106,3691.836773
74.656855,99,3692.997925
1.176563,21,3693.278069
-7.36,6,3693.396371
79.34529,105,3694.783633
85.733735,119,3696.1472
38.026236,65,3697.012442
82.360454,96,3698.298174
27.972704,53,3698.950211
89.350149,128,3700.511906
82.379121,99,3701.678679
89.129485,104,3702.848857
85.670956,93,3703.907339
28.404508,51,3704.506759
14.143994,41,3705.003649
80.339326,99,3706.147374
78.998024,127,3707.597401
85.086288,96,3708.706588
11.06688,33,3709.112583
77.870411,105,3710.4014
89.245002,102,3711.696745
85.863498,132,3713.182413
88.917703,105,3714.353647
33.076262,58,3715.024775
85.959788,124,3716.435865
80.875389,122,3717.862352
39.918206,65,3718.773028
85.953206,136,3720.441774
85.507229,126,3721.937242
-7.508738,5,3722.021871
79.981202,100,3723.170505
88.649362,135,3724.690703
-8.0,3,3724.747539
89.456813,115,3726.044864
89.161851,111,3727.44856
89.733983,112,3728.755695
83.781476,93,3729.845819
87.372774,129,3731.456616
88.981505,122,3732.939439
85.686716,97,3734.044033
85.939263,123,3735.455794
48.130193,73,3736.320346
82.15854,121,3737.731789
-6.032131,7,3737.832876
30.663164,56,3738.494468
79.644485,120,3739.886281
88.97726,116,3741.229471
88.895965,142,3743.004651
24.187088,40,3743.475982
83.25989,97,3744.625632
89.437291,109,3745.842312
79.930983,121,3747.257364
-10.0,1,3747.292388
88.730721,121,3748.675873
-8.360142,13,3748.896957
86.301167,122,3750.558219
9.377748,37,3751.049418
-1.817963,17,3751.271785
82.829162,92,3752.357283
89.035681,111,3753.794402
86.568654,107,3755.014787
88.732635,142,3756.847918
86.000517,113,3758.286886
54.074959,100,3759.427428
82.536772,124,3760.834176
85.742349,122,3762.234763
85.134254,102,3763.390264
-5.544135,19,3763.651265
78.335959,99,3764.966214
86.140378,94,3766.156694
89.305183,103,3767.389569
86.075384,116,3768.699338
25.40841,43,3769.199868
15.15389,33,3769.592877
83.4487,104,3770.789097
36.267357,66,3771.552255
67.243707,116,3772.869942
81.928535,101,3774.035597
86.51094,137,3775.584789
-4.462101,7,3775.692136
82.957865,124,3777.120303
82.536891,108,3778.352094
82.170642,91,3779.449567
89.531526,131,3781.148763
81.692033,85,3782.114555
86.530872,111,3783.36657
82.520979,110,3784.628429
89.046504,118,3785.946291
66.905886,114,3787.233722
-4.665669,16,3787.46394
9.666866,45,3788.09496
-7.109219,6,3788.188917
79.055024,105,3789.733516
17.272,64,3790.617913
13.408068,53,3791.317256
83.468852,139,3792.945711
-3.885061,8,3793.064217
64.232331,129,3794.782521
85.837972,110,3796.133884
11.755102,54,3796.785089
85.323431,111,3798.091264
83.493418,132,3799.793937
7.836113,28,3800.196475
89.877,93,3801.260855
1.517875,17,3801.479317
13.36442,47,3802.035944
85.977398,119,3803.415858
86.823578,137,3805.016161
59.858306,104,3806.260157
43.417807,67,3807.028922
79.493872,101,3808.297787
86.262612,107,3809.615815
89.140274,117,3811.112262
-10.0,1,3811.150028
85.997625,100,3812.309824
89.02505,136,3813.842686
-8.32,7,3813.953087
18.600656,41,3814.469355
85.583922,128,3815.966382
89.371897,109,3817.397541
82.434207,116,3818.776642
83.48796,137,3820.322451
37.230055,75,3821.234328
67.724062,100,3822.468032
82.621618,90,3823.515691
86.260382,93,3824.500975
89.514414,89,3825.581148
89.281329,126,3827.104253
42.160912,54,3827.735081
89.294687,119,3829.118522
46.446448,97,3830.222466
80.566991,122,3831.666046
84.417905,112,3833.110365
-8.44,4,3833.1997
8.037667,22,3833.489533
85.955954,101,3834.833778
85.923429,150,3836.553725
83.025797,119,3837.951512
86.139546,126,3839.678628
89.313688,126,3841.305726
-1.572232,17,3841.530531
83.126068,107,3842.774632
89.410272,106,3844.130574
86.560614,115,3845.483067
86.546514,109,3846.78285
78.084276,87,3847.808928
82.46419,114,3849.201556
86.444018,115,3850.536962
82.451252,94,3851.627622
2.052053,24,3851.924541
85.731779,112,3853.2148
89.082635,128,3854.720607
86.427973,126,3856.191396
86.463503,98,3857.315912
82.890801,115,3858.659126
86.857534,109,3859.941484
85.882266,128,3861.407676
2.161944,23,3861.723171
87.839796,122,3863.116706
89.052823,145,3864.802585
72.897594,126,3866.394708
81.494779,151,3868.273451
88.910437,114,3869.680353
88.899443,121,3871.300048
82.302609,106,3872.512377
85.811159,105,3873.716397
79.474134,125,3875.188567
86.024209,105,3876.41585
82.766651,120,3877.895923
-7.36,6,3878.03048
86.313297,127,3879.5632
85.962222,122,3880.993602
7.541108,26,3881.309994
78.480954,94,3882.41858
86.090215,118,3883.82404
83.481393,99,3884.973236
59.857785,117,3886.355725
81.707097,123,3887.917895
-8.0,3,3887.980784
81.808582,121,3889.369603
86.486778,122,3890.767127
89.439345,115,3892.0566
-0.075244,12,3892.221824
85.732755,111,3893.492029
86.881434,106,3894.717144
88.975563,148,3896.446471
81.955069,120,3897.872456
86.479265,140,3899.530143
82.363029,87,3900.711134
55.986178,97,3901.943215
82.594918,109,3903.212815
83.274927,111,3904.485414
80.221591,127,3905.959224
85.35736,111,3907.207397
86.935178,138,3908.948987
86.358081,133,3910.455609
-1.458791,13,3910.632076
86.289632,123,3912.020581
24.51197,52,3912.65756
13.59032,29,3913.002829
84.069131,103,3914.386021
85.968355,101,3915.559457
83.31295,119,3916.919399
5.906692,29,3917.273077
85.372566,190,3919.29631
88.127138,143,3920.956168
82.592965,116,3922.276531
80.665293,114,3923.652396
86.033153,109,3925.001234
85.59443,153,3926.847836
81.455009,115,3928.221174
75.003689,88,3929.270203
89.069302,116,3930.803013
85.600161,138,3932.635343
76.092719,125,3934.409168
88.895514,126,3936.0055
-10.0,1,3936.043808
86.061393,119,3937.471826
88.820895,140,3939.196347
43.351194,84,3940.223262
85.930208,126,3941.70943
8.53852,27,3942.057872
82.028602,125,3943.536224
86.086485,121,3944.895388
42.644497,69,3945.838177
82.439265,114,3947.122809
83.403146,120,3948.535367
-8.44,4,3948.612346
59.356151,106,3949.879444
89.284465,92,3950.992256
85.695699,100,3952.332196
11.833562,27,3952.807774
46.241249,88,3953.93333
86.499848,109,3955.332061
73.12815,89,3956.449861
-7.0,4,3956.522012
82.763767,105,3957.960865
80.117864,107,3959.278478
86.813472,99,3960.64769
88.864383,116,3962.151345
35.23314,77,3963.133961
88.942957,110,3964.503594
-9.024766,2,3964.556276
74.790381,84,3965.711456
86.701942,109,3967.130425
35.758929,50,3967.768907
33.150188,70,3968.650544
85.81729,124,3970.121913
83.137423,106,3971.306591
21.202877,46,3971.802404
89.104938,109,3972.985325
85.655347,94,3974.058589
20.980051,48,3974.650843
-10.0,1,3974.69284
86.477271,103,3975.966315
41.052317,69,3976.776666
85.536993,129,3978.42469
89.230668,89,3979.495776
-2.822871,19,3979.773268
82.330709,104,3980.994567
85.896177,113,3982.311132
36.611323,72,3983.164739
85.65187,118,3984.546097
86.883506,111,3985.846453
78.251245,101,3987.009995
17.434233,32,3987.398425
82.941212,130,3988.874866
73.249483,97,3990.155228
85.909255,94,3991.374068
81.645822,107,3992.667693
88.549412,217,3995.004755
85.778186,118,3996.366349
86.199786,149,3998.121833
82.56376,118,3999.557978
88.888622,123,4001.1073
82.832812,107,4002.509093
10.334824,35,4002.997724
21.543877,57,4003.705969
89.192662,89,4004.66881
30.857783,67,4005.481298
38.615127,85,4006.498926
82.557424,126,4008.014174
75.233625,358,4011.447898
89.09236,113,4012.782957
78.396361,102,4013.97001
63.777707,100,4015.18451
83.947432,134,4016.811965
81.598294,119,4018.286521
82.838581,95,4019.514367
81.492737,95,4020.810533
33.75844,66,4021.684502
76.14417,106,4022.974903
16.145714,34,4023.399843
83.181263,117,4024.742275
-9.16,1,4024.796057
74.445755,109,4026.016088
29.033668,58,4026.653569
-10.0,1,4026.69505
3.853407,28,4027.028202
80.371113,125,4028.419864
85.922982,99,4029.515996
43.955728,55,4030.114623
1.370136,13,4030.264231
-0.93638,17,4030.477076
85.57974,107,4031.64698
50.180012,71,4032.434864
-4.500486,7,4032.533595
73.560928,126,4033.915862
-7.6,4,4033.99493
74.561515,124,4035.498675
89.016326,146,4037.173167
57.909582,85,4038.150224
80.157486,132,4039.627471
23.231788,40,4040.099423
7.97118,38,4040.583154
29.496878,67,4041.382874
75.740173,98,4042.513451
82.747038,114,4043.893865
86.324409,152,4045.69707
85.453151,223,4047.988649
78.557865,179,4050.126294
88.904792,147,4051.968541
67.92591,116,4053.446025
79.837296,115,4054.937635
84.127111,134,4056.60198
88.79506,146,4058.363404
84.743304,181,4060.389584
81.281371,123,4061.828571
89.419983,129,4063.373134
89.058641,126,4064.937684
-3.168966,10,4065.090623
-6.22548,7,4065.222028
87.092909,132,4066.867144
83.7566,124,4068.4015
-1.968189,17,4068.636779
-7.4,5,4068.737986
77.026467,121,4070.159565
85.977699,141,4071.701803
89.419681,90,4072.607135
77.877739,116,4073.870361
87.004856,138,4075.417029
8.638778,51,4076.000515
84.990006,128,4077.432919
32.034865,74,4078.330361
86.440684,121,4079.864996
20.198481,39,4080.432966
28.599287,62,4081.292563
82.022455,91,4082.341411
74.987402,125,4083.904089
7.638206,21,4084.163612
89.146402,132,4085.743379
5.774566,48,4086.340551
86.752676,111,4087.792042
86.68125,118,4089.605265
85.838836,97,4091.024137
88.758267,132,4092.900719
57.566814,117,4094.646412
22.491835,74,4095.772184
86.565561,135,4097.782113
87.870342,133,4099.747777
83.286223,120,4101.453736
79.512982,111,4103.168639
83.961794,156,4105.44737
88.94204,135,4107.406501
83.992349,140,4109.316957
48.328673,93,4110.436899
85.174027,103,4111.602185
79.791347,146,4113.165795
-5.861576,10,4113.297487
78.146357,80,4114.17255
6.116812,52,4114.759215
83.527517,119,4116.053266
81.060386,134,4117.537481
83.204137,135,4119.026387
67.96985,129,4120.447601
85.906282,127,4121.856434
86.017991,119,4123.359756
86.481177,115,4124.786462
86.35116,116,4126.138817
80.369696,118,4127.58339
78.824564,111,4129.006077
82.050805,109,4130.351835
57.166588,81,4131.310483
18.900415,42,4131.833025
85.209027,114,4133.290179
8.102168,22,4133.626858
81.738681,109,4135.484925
-3.204645,9,4135.671025
85.404072,96,4137.242335
-4.40519,13,4137.533607
82.830146,109,4139.296073
86.341398,134,4141.235344
17.72036,43,4141.873782
82.539895,102,4143.393776
89.8801,91,4144.657571
89.270926,125,4146.406814
-0.626629,11,4146.596166
13.640916,36,4147.129017
85.958585,129,4149.011745
26.29569,58,4149.859311
0.592633,16,4150.112324
54.474031,70,4151.156876
83.716986,99,4152.58033
9.107781,26,4152.977064
86.219003,108,4154.503741
85.960115,89,4155.753971
19.051745,48,4156.465811
61.7701,83,4157.653489
3.728718,22,4158.001253
85.606552,87,4159.182205
-7.555259,13,4159.407448
6.271297,36,4159.942498
86.178408,117,4161.612184
51.907185,98,4162.988776
88.301301,194,4165.427588
89.55837,106,4166.870817
43.66194,103,4168.12216
90.123596,89,4169.110732
79.603818,109,4170.793741
72.106917,121,4172.495546
16.512601,61,4173.155939
87.333779,133,4174.600825
87.579581,129,4175.946387
58.336192,123,4177.304755
88.779232,117,4178.571526
16.44828,34,4178.953457
86.89408,127,4180.29853
2.706247,19,4180.530205
85.298868,92,4181.477487
85.171446,107,4182.678875
8.523623,26,4182.986835
88.784984,121,4184.313842
89.447814,113,4185.547679
77.708233,137,4187.054375
78.484054,100,4188.155033
-5.080467,6,4188.240788
78.968052,106,4189.378879
69.718496,101,4190.457013
81.487064,121,4191.953648
85.809246,117,4193.227379
85.058819,140,4194.701548
76.678897,131,4196.140247
82.652216,109,4197.314636
53.558203,101,4198.400347
10.620165,54,4198.995177
85.478674,122,4200.578933
86.089144,128,4202.007544
83.497661,126,4203.399212
-6.577591,8,4203.510705
44.320223,97,4204.589997
23.91114,37,4205.051619
75.316131,130,4206.489945
34.241089,75,4207.293064
-8.8,3,4207.351428
83.248809,137,4208.821559
85.228109,122,4210.137669
6.55125,40,4210.579445
83.794178,117,4211.842304
-0.749915,12,4211.991203
85.609279,102,4213.078934
86.040655,147,4214.646302
82.827558,128,4216.028189
38.537309,57,4216.651035
89.863933,123,4217.955836
70.816978,122,4219.24213
24.131234,68,4219.982871
55.009542,105,4221.118927
9.051552,52,4221.713341
83.48082,128,4223.284428
89.564697,127,4224.766699
13.780862,49,4225.331931
81.511634,115,4226.644253
83.967332,113,4227.90112
5.626961,19,4228.143454
85.261232,118,4229.62031
79.342345,118,4231.333467
88.979943,140,4233.089507
85.847525,109,4234.818852
88.988451,133,4236.601124
86.176315,99,4238.199068
82.115694,98,4239.735283
71.727139,95,4240.977405
82.994922,128,4242.699121
23.588626,58,4243.42855
85.951225,120,4244.907647
81.938694,83,4245.88918
64.543822,92,4246.9727
31.411786,46,4247.529421
86.562107,133,4249.093118
82.261787,109,4250.533808
86.02918,88,4251.67753
85.602601,92,4252.764863
89.280004,101,4254.106369
85.622256,102,4255.493972
89.768292,93,4256.584007
89.176791,133,4258.094368
85.556302,91,4259.156555
86.303816,104,4260.729286
85.754889,116,4262.44307
86.356251,102,4263.923543
27.732616,57,4264.647343
32.192193,54,4265.342901
81.936795,87,4266.420993
89.195361,133,4268.049412
82.824742,108,4269.547014
85.93865,117,4271.558098
78.684452,106,4273.318106
85.717495,123,4274.94976
80.720126,107,4276.215698
88.916191,113,4277.528556
16.378015,47,4278.126616
88.770103,139,4279.806204
86.378532,104,4281.019284
81.867312,92,4282.123485
85.80261,87,4283.207383
84.907134,124,4284.643052
89.384566,117,4286.003631
4.495052,22,4286.266544
89.83515,90,4287.331949
3.192078,16,4287.562591
86.215144,120,4289.450884
86.566558,116,4291.445307
89.533002,102,4293.039174
86.483782,125,4294.889575
85.865954,98,4296.236535
83.294945,106,4297.486877
-7.6,4,4297.574508
89.363858,93,4298.71069
-2.009186,9,4298.848745
86.21005,114,4300.318882
-0.252277,14,4300.533075
-2.503706,11,4300.687634
86.512206,131,4302.238363
18.358782,46,4302.775583
89.153858,121,4304.204769
-3.908898,8,4304.355791
79.744017,108,4305.933525
89.122468,101,4307.21213
82.740454,111,4308.713389
25.743472,47,4309.365671
86.023896,125,4310.880552
9.828117,22,4311.165336
6.31192,23,4311.482775
80.432324,122,4312.969177
7.668013,23,4313.239116
84.060811,145,4314.930211
83.366128,123,4316.582724
82.703773,140,4318.294861
10.39643,33,4318.831409
88.959721,137,4321.151404
82.267797,104,4322.781715
85.681841,96,4323.933359
83.456838,114,4325.296289
85.985969,126,4326.801441
87.123516,155,4328.624211
80.704972,127,4330.232395
11.74951,35,4330.685977
10.824676,23,4331.005259
74.156482,80,4332.239087
-7.0,4,4332.327306
86.170343,99,4333.680229
49.026531,96,4335.103907
45.34635,67,4336.275721
85.532972,92,4337.67149
85.753562,91,4339.365479
89.014916,117,4341.965914
82.965364,135,4344.009491
40.146409,59,4344.904856
86.481069,115,4346.655406
87.680841,124,4348.319331
85.821142,96,4349.666093
76.537875,108,4351.108516
72.323807,128,4352.704244
71.907258,84,4353.776348
86.60744,96,4354.946987
19.138968,41,4355.433162
80.460326,125,4356.968404
85.119608,141,4358.633974
86.892161,153,4360.528877
44.136241,105,4361.819348
-5.540121,6,4361.919091
35.433418,84,4362.994347
89.149853,134,4364.716111
83.303722,85,4365.727206
39.0,50,4366.303032
81.55975,140,4367.948604
81.947251,113,4369.395625
84.55403,129,4370.982746
71.39559,147,4372.749706
74.493948,131,4374.386825
34.885416,101,4375.754876
80.996744,121,4377.269653
12.185934,32,4377.7025
79.263649,109,4379.050703
82.414028,114,4380.620518
85.777473,136,4382.318833
68.445263,84,4383.37518
-4.07069,18,4383.616118
7.328856,23,4383.941437
85.615515,99,4385.168594
88.976327,106,4386.427758
88.707721,129,4387.984213
80.313852,106,4389.29043
80.659353,180,4391.37472
85.217174,135,4393.009927
65.402567,79,4393.996219
85.745043,108,4395.305462
83.064254,216,4397.774411
82.888757,127,4399.280236
84.927823,131,4400.855012
87.409962,232,4403.303746
88.693359,138,4405.027931
83.453937,112,4406.369883
82.741797,104,4407.654443
76.00456,118,4409.172244
44.336545,61,4410.085813
86.630683,123,4411.681638
85.482326,108,4412.951373
89.067563,121,4414.467836
89.193086,137,4416.148716
85.220367,111,4417.5093
76.522252,125,4419.076984
82.62598,109,4420.403907
8.120901,28,4420.782212
28.390533,66,4421.596127
85.448896,107,4422.877313
84.828455,129,4424.43232
75.077319,102,4425.727706
80.758797,118,4427.20679
82.803005,106,4428.482105
-8.44,4,4428.56222
37.175906,71,4429.41469
79.781862,112,4430.762578
89.590853,97,4432.074316
85.88851,122,4434.156543
89.015366,136,4436.098743
85.959973,92,4437.215655
89.486086,111,4438.554405
84.629303,127,4440.23257
60.241251,110,4441.646086
85.959825,131,4443.380472
79.816701,163,4445.308166
85.93494,86,4446.381315
45.416648,90,4447.52209
82.07424,125,4449.047286
85.587303,141,4450.810167
86.553105,111,4452.26256
83.889735,108,4453.845234
89.559932,116,4455.669039
77.404565,120,4457.155381
-10.0,1,4457.195173
68.823442,94,4458.365726
89.257237,115,4459.857836
86.689707,114,4461.422315
85.564718,121,4462.930546
82.428978,90,4464.460925
24.980035,48,4465.234109
59.057573,92,4466.416217
86.098446,106,4467.909762
79.993062,123,4469.525789
35.197075,55,4470.316869
83.591821,122,4471.886739
-5.630797,16,4472.125473
29.314916,54,4472.767668
78.686322,84,4473.880255
89.496271,121,4475.505517
83.632156,127,4477.395617
62.962556,86,4478.559315
47.093299,86,4479.598291
83.660229,135,4481.425559
85.695907,279,4484.268884
71.635185,147,4485.974227
3.138843,37,4486.467333
87.01705,199,4488.692206
86.75845,107,4490.075836
78.275318,93,4491.1985
83.506059,141,4492.914383
78.543385,129,4494.478248
83.373473,128,4496.010726
-7.092768,4,4496.087034
-3.283123,10,4496.24291
54.450561,106,4497.693515
62.008623,87,4498.996228
86.091456,131,4500.950185
89.285681,116,4502.426454
84.025037,116,4503.909283
86.03799,130,4505.441174
59.675969,115,4506.891715
6.204746,23,4507.193325
81.758576,135,4508.840758
82.439279,114,4510.377063
77.201558,115,4511.741382
88.947058,140,4513.437261
88.66624,162,4515.467805
87.148732,87,4516.394939
86.187309,90,4517.547128
82.502065,123,4519.24188
77.690576,205,4521.921642
71.818701,114,4523.350026
-6.0,5,4523.508745
82.870704,114,4525.170156
89.478503,105,4526.586745
81.727983,420,4531.0172
89.329063,125,4532.634154
74.592811,104,4534.034484
10.055261,29,4534.380291
89.148088,124,4535.933329
9.497214,44,4536.641155
86.322406,120,4538.246946
89.090558,128,4539.937921
87.481557,115,4541.257797
46.356917,96,4542.378082
11.539926,50,4543.051244
-1.702691,37,4543.570633
65.0,76,4544.441504
50.922399,93,4545.535458
-7.0,4,4545.610784
86.25035,138,4547.267549
86.042929,142,4548.932773
78.267855,103,4550.158118
80.990939,118,4551.584965
79.582362,90,4552.668463
84.674134,178,4554.676822
14.895969,27,4555.021861
27.74532,94,4556.175861
85.524339,118,4557.646221
82.892572,116,4559.012383
88.744754,174,4561.311877
-8.72623,3,4561.385029
29.083077,79,4562.374515
-1.242961,12,4562.54392
86.403172,130,4564.043792
89.528684,90,4564.965039
81.666669,136,4566.487882
78.569855,158,4568.279937
85.511393,163,4570.11129
15.748936,221,4572.339549
49.374954,112,4573.608554
87.775942,125,4575.005053
78.890313,88,4576.039463
82.356457,122,4577.545527
76.634568,130,4579.101869
85.930554,136,4580.62429
83.627588,108,4581.8852
82.67896,119,4583.239331
70.104448,110,4584.534596
78.513561,97,4585.650663
85.642393,115,4586.939271
89.483064,93,4587.923307
52.396757,97,4589.033372
86.243562,120,4590.408043
82.63782,129,4592.085802
85.475384,131,4593.583796
80.287864,120,4594.950404
82.807258,100,4596.111845
85.906359,87,4597.116832
82.07169,106,4598.322875
84.774633,150,4599.933147
85.821819,101,4601.083108
82.15015,221,4603.328611
85.197194,148,4604.981408
79.001894,113,4606.301005
89.233475,94,4607.354824
89.497775,106,4608.601371
86.120963,112,4609.954672
38.135425,84,4611.019582
83.553959,112,4612.343355
85.471,98,4613.473863
86.209732,111,4614.7469
-1.337806,25,4615.056438
7.19308,35,4615.480154
34.003995,70,4616.274998
78.931068,111,4617.585521
89.209834,102,4618.767412
90.123596,89,4619.705169
-7.96,3,4619.774604
80.483173,107,4621.206857
85.56367,113,4622.513765
86.096329,127,4623.935025
89.319577,104,4625.115716
84.513876,117,4626.454321
27.055751,51,4627.054163
85.530768,139,4628.633119
2.651205,15,4628.820557
83.521329,118,4630.181142
77.069943,123,4631.611626
88.890612,133,4633.100738
82.438327,123,4634.536395
89.029778,147,4636.147937
89.295057,125,4637.562064
88.726667,127,4638.985752
-6.059223,6,4639.079446
-7.4,5,4639.174325
-2.907287,18,4639.398091
83.132552,113,4640.696934
13.515129,29,4641.081656
89.32147,115,4642.371119
82.110402,96,4643.555866
76.055762,111,4644.979283
-9.32,2,4645.031806
68.138855,112,4646.277492
85.861773,111,4647.533816
86.760553,117,4648.836846
21.293118,58,4649.505215
89.790016,115,4650.920304
88.643359,133,4652.522251
83.717883,114,4653.821738
78.295145,95,4654.907909
-3.72268,8,4655.020444
89.597608,133,4656.51731
73.80965,83,4657.517385
21.714733,53,4658.133646
53.736472,92,4659.189061
-4.871918,7,4659.288191
82.162766,144,4660.933969
79.408992,119,4662.279421
81.604087,128,4663.719182
90.123596,89,4664.653386
83.465104,132,4666.099921
2.028222,16,4666.313815
88.918864,108,4667.53167
34.362877,63,4668.270171
79.074039,95,4669.3644
85.927103,125,4670.827034
80.34134,107,4672.065072
69.687691,83,4673.085252
41.701367,71,4673.919962
17.02727,47,4674.496855
85.560177,92,4675.558999
36.258556,60,4676.290136
83.888635,126,4677.885904
76.610402,124,4679.366119
79.754325,109,4680.719862
77.138246,105,4682.070184
78.778952,109,4683.310777
85.376697,90,4684.348864
79.572116,122,4685.751496
81.570584,88,4686.767125
76.853627,110,4688.058518
77.909712,89,4689.111608
86.315787,126,4690.525708
85.798346,120,4691.939428
80.22058,117,4693.349131
89.334182,127,4694.807795
86.794481,109,4696.05825
88.752134,134,4697.601141
79.342616,132,4699.164664
86.158404,88,4700.102116
57.538725,100,4701.239336
83.529939,123,4702.652854
86.232909,129,4704.128701
89.565863,109,4705.361764
27.117245,40,4705.831304
51.619066,67,4706.629386
85.985153,115,4707.933524
83.205331,131,4709.454815
-2.82651,13,4709.64176
86.692793,118,4711.292573
86.257514,126,4712.818545
82.622525,103,4714.044055
78.964739,112,4715.370763
80.619435,94,4716.475843
29.355387,57,4717.174643
76.664043,114,4718.485048
62.371093,115,4719.810547
77.816029,87,4720.81029
82.378201,109,4722.067402
73.035733,108,4723.344872
50.869913,77,4724.227973
-0.306177,11,4724.367946
8.552285,28,4724.714715
82.276773,91,4725.70615
89.228574,112,4726.97842
35.895829,88,4727.986239
48.83706,85,4728.93644
79.523746,151,4730.618968
-0.797825,26,4730.935885
10.741653,26,4731.255836
9.184583,54,4731.872324
6.172384,44,4732.389707
83.022183,111,4733.662155
82.155263,143,4735.240592
83.466066,110,4736.521622
88.944882,134,4738.028234
41.30321,75,4738.922607
-0.626748,38,4739.409305
40.248964,79,4740.356455
29.918021,73,4741.374197
84.516189,145,4743.416096
81.481812,124,4745.319966
82.530765,127,4747.197396
87.686348,154,4749.284623
88.831587,120,4750.700448
86.34795,101,4751.906463
-6.816179,5,4751.985902
86.496435,118,4753.341783
18.473904,52,4753.948574
86.217986,117,4755.2731
42.445595,85,4756.24093
-3.171398,8,4756.348769
86.201254,101,4757.518485
89.254061,106,4758.710338
30.226403,56,4759.388985
-7.36,6,4759.487197
82.702824,105,4760.645813
88.661793,131,4762.129226
89.270722,119,4763.46557
80.67508,101,4764.628205
83.183144,101,4765.737419
89.353678,96,4766.794404
86.489318,116,4768.06947
79.478919,126,4769.517852
86.027291,93,4770.677123
86.701264,109,4772.108615
4.757953,16,4772.336338
85.916293,124,4773.95671
38.673175,60,4774.789351
-4.178321,12,4774.949157
89.674714,115,4776.249132
79.524864,104,4777.54439
85.80938,117,4779.254776
88.765517,147,4781.114602
9.392656,46,4781.746912
6.479513,49,4782.424488
26.152623,70,4783.404128
-1.568522,17,4783.620532
9.426225,53,4784.2629
89.333927,130,4785.73734
85.872408,141,4787.321524
54.757171,119,4788.827633
79.531029,134,4790.332297
88.834423,126,4791.777071
86.561096,134,4793.293864
53.470551,66,4794.029108
80.968853,146,4795.683995
85.048143,135,4797.20745
-8.347269,8,4797.3236
89.279225,125,4798.758224
86.749485,102,4799.997518
85.858052,91,4801.057686
88.985554,146,4802.695189
90.123596,89,4803.602013
38.729514,75,4804.451101
87.095645,119,4805.811912
87.208321,121,4807.200902
83.356757,103,4808.381155
86.068953,122,4809.947887
87.447181,117,4811.349854
48.987092,96,4812.782276
89.674171,89,4813.971544
85.719098,135,4815.528554
-8.252418,3,4815.587627
87.951485,226,4817.838571
86.291416,130,4819.257382
27.356116,74,4820.085491
72.407723,109,4821.333979
9.749167,56,4821.993029
85.138956,126,4823.422364
85.775313,130,4824.893167
38.813341,73,4825.710155
-7.36,7,4825.826011
23.331818,68,4826.632469
83.248651,121,4828.002607
70.541842,143,4829.575501
36.320811,69,4830.388149
67.377333,230,4832.59204
54.523403,93,4833.753594
-4.716842,11,4833.909769
0.55734,29,4834.291818
89.538231,124,4835.753164
81.182059,156,4837.48031
89.06964,139,4839.049528
50.936645,64,4839.777218
89.486869,119,4841.093625
9.206371,22,4841.379849
63.580204,94,4842.534691
83.406766,215,4844.935362
86.523129,126,4846.370425
79.449298,111,4847.732829
86.098401,91,4848.830459
76.728884,105,4850.089507
86.039888,119,4851.512836
89.086993,115,4852.999828
90.123596,89,4853.926419
85.324656,100,4855.107458
86.113552,140,4856.73094
56.281534,95,4857.9695
86.326382,137,4859.539147
88.890626,128,4860.971905
89.158946,135,4862.463703
74.729158,95,4863.556546
86.279356,126,4864.98546
80.274326,125,4866.443965
-7.02136,5,4866.533558
85.791275,110,4868.079038
22.377188,55,4868.769992
81.89842,89,4869.826997
83.23365,124,4871.237441
68.324344,105,4872.656683
44.601659,87,4873.804501
89.12795,148,4875.545682
3.959082,30,4875.897687
83.301135,102,4877.079398
84.705684,111,4878.341977
10.486795,31,4878.695573
85.934858,98,4879.816142
-0.848218,18,4880.038893
67.228516,111,4881.423032
-6.941418,6,4881.545882
88.806013,120,4882.975212
17.274733,44,4883.49033
63.536201,86,4884.63127
6.117083,25,4884.936469
86.192659,108,4886.163151
72.679286,117,4887.502583
88.669444,122,4888.882942
4.878274,20,4889.129941
82.1304,101,4890.280726
62.999037,81,4891.209413
85.565729,105,4892.45432
83.360789,108,4893.802779
47.702847,81,4894.771318
29.827908,58,4895.559161
90.123596,89,4896.483389
79.387645,94,4897.631745
85.73452,112,4899.025601
89.214768,110,4900.491346
82.957637,126,4902.199658
86.358645,96,4903.477633
86.319701,122,4904.996773
13.574389,31,4905.377452
86.505113,109,4906.601712
-4.055358,7,4906.698327
82.630643,104,4907.890139
-4.446384,8,4908.006923
85.912908,95,4909.081961
58.108855,98,4910.214632
85.731728,111,4911.687879
89.14462,114,4912.993913
86.525045,132,4914.478426
10.218521,30,4914.83953
30.456938,50,4915.510485
85.76897,128,4917.048299
77.9449,82,4917.95343
79.023742,97,4919.082027
25.142292,48,4919.658096
89.270739,132,4921.161309
83.527211,104,4922.354696
79.356504,118,4923.727008
86.155662,117,4925.068438
5.804884,24,4925.385285
88.93751,122,4926.819719
-8.8,3,4926.880672
85.470769,132,4928.369157
33.952774,73,4929.211363
89.665706,111,4930.434897
-8.092536,3,4930.497701
88.856867,120,4931.837625
-2.750632,11,4931.985448
40.353846,71,4932.806775
-9.16,1,4932.857521
22.450741,41,4933.394142
33.395317,64,4934.277938
84.965657,116,4935.692607
86.115346,97,4936.844245
47.756153,79,4937.760217
27.658082,56,4938.409436
89.096203,129,4939.864274
86.016855,119,4941.217599
56.769509,97,4942.472897
86.450629,121,4943.872729
-2.316773,11,4944.027799
82.616924,89,4945.047081
89.800437,99,4946.310848
84.585965,149,4947.997066
89.624296,130,4949.506286
85.87956,129,4950.978928
40.642649,65,4951.716745
88.938971,130,4953.171444
81.527201,209,4955.170869
82.346012,136,4956.862157
86.034506,131,4958.476349
85.955562,116,4959.931153
16.463108,54,4960.557029
40.20835,89,4961.550447
89.088149,135,4963.11067
86.263403,129,4964.735628
85.956876,115,4966.039794
41.436475,80,4966.984787
15.631688,32,4967.425909
62.058994,115,4968.850098
89.372527,120,4970.215451
83.431144,107,4971.494003
14.192129,35,4971.904528
-4.628241,11,4972.048776
85.934096,118,4973.366579
58.914079,82,4974.299285
85.716456,145,4975.912344
89.364106,143,4977.4979
90.123596,89,4978.415935
88.613679,145,4980.041175
81.72209,130,4981.523628
32.765167,56,4982.159551
7.08164,20,4982.413143
18.297633,30,4982.766779
21.272286,38,4983.209424
84.993897,128,4984.582181
-6.210251,6,4984.6744
70.437137,118,4985.95567
86.713111,97,4987.077643
31.00868,58,4987.826065
59.798189,119,4989.289537
79.851195,128,4990.86232
82.598542,106,4992.118965
89.104723,140,4993.791031
86.084274,101,4995.019683
85.896615,115,4996.358209
12.28965,26,4996.677877
83.238933,118,4998.066078
81.596981,102,4999.226668
59.683611,85,5000.195324
22.973502,46,5000.768767
32.44007,46,5001.466045
84.003601,129,5003.15465
88.930115,107,5004.473947
85.198078,170,5006.319103
47.346859,86,5007.265696
86.214183,177,5009.110444
85.1972,131,5010.568247
54.20517,91,5011.771292
88.903044,126,5013.197876
85.829499,117,5014.541547
89.166658,127,5015.979432
20.532182,50,5016.567729
88.773927,144,5018.382246
62.622782,87,5019.537179
18.669259,49,5020.111829
85.758723,112,5021.401171
-2.056251,12,5021.568165
88.579175,148,5023.443275
84.534974,138,5025.066025
87.163352,116,5026.395874
88.883098,116,5027.738428
-4.94887,20,5027.982236
-7.96,3,5028.050805
89.978352,89,5029.028717
80.06099,111,5030.445329
87.032671,122,5031.825131
89.727274,101,5032.989299
5.503592,28,5033.338654
59.691186,236,5035.904496
3.908992,15,5036.119115
81.934126,115,5037.47172
79.052181,101,5038.662155
32.019706,61,5039.381549
27.089561,51,5039.976293
76.842036,112,5041.281715
85.784945,94,5042.340175
85.770235,119,5043.715353
85.894838,128,5045.118449
88.811079,132,5046.641768
85.917225,107,5048.030205
81.981154,98,5049.166844
76.243107,127,5050.613154
-10.0,1,5050.648752
42.684118,70,5051.451478
4.728007,28,5051.789222
79.287175,500,5056.026178
-0.603193,16,5056.238113
2.47351,41,5056.711976
0.109303,18,5056.949853
4.672987,21,5057.228926
89.234165,105,5058.437678
20.501835,37,5058.864254
89.833965,100,5060.004936
78.771686,108,5061.238453
82.331919,134,5062.891419
85.674117,99,5064.094932
83.547649,124,5065.499951
39.467512,65,5066.231888
84.725479,117,5067.531391
-7.6,4,5067.606336
89.207546,135,5069.225684
26.876915,69,5070.033011
82.072285,118,5071.565071
86.173174,125,5073.010576
65.190846,97,5074.113487
85.857439,130,5075.592536
88.845802,147,5077.093487
81.516547,89,5078.277293
86.990601,140,5079.86938
88.717795,134,5081.5095
82.790093,116,5082.84359
86.243653,93,5084.003659
83.1668,145,5085.667091
89.842338,96,5086.759405
89.815575,102,5087.861891
82.104074,108,5089.091809
71.690605,125,5090.660933
85.901171,118,5092.008651
69.827477,113,5093.302727
0.939344,13,5093.477353
54.470496,99,5094.649658
14.65059,39,5095.095166
89.088319,94,5096.167546
5.11437,21,5096.429151
80.749292,108,5097.67994
4.595666,28,5098.04509
78.826973,91,5099.136697
71.207478,109,5100.523672
13.76149,26,5100.834891
89.106334,131,5102.478975
89.587985,128,5104.003829
14.900835,44,5104.524498
89.693419,99,5105.614182
84.506482,122,5106.97079
89.189183,131,5108.469959
-9.16,1,5108.515751
70.07031,95,5109.498061
81.716906,101,5110.678252
55.947744,100,5111.811864
86.329659,140,5113.408807
87.610045,118,5114.829564
27.761631,68,5115.597295
89.627065,132,5117.075568
82.327108,92,5118.114145
88.935387,144,5119.708709
82.535071,109,5120.969282
79.84599,109,5122.213317
64.773695,120,5123.536528
89.34209,113,5124.810396
80.9083,133,5126.260823
82.62658,103,5127.408743
27.769791,61,5128.123327
83.822824,124,5129.531646
45.473636,95,5130.633021
61.743013,131,5132.083897
87.61482,116,5133.377236
88.866032,156,5135.165987
88.930192,137,5136.819536
-9.32,2,5136.869653
80.247963,139,5138.477523
-8.237133,3,5138.535494
84.112589,164,5140.337019
13.484576,67,5141.111426
88.511828,156,5142.792448
88.93895,133,5144.390785
89.072304,146,5146.041425
82.580653,125,5147.48376
83.42078,123,5148.893326
89.401161,89,5149.845796
84.989416,120,5151.382118
85.631849,104,5152.516585
10.40638,31,5152.903103
89.386095,119,5154.254112
18.865748,46,5154.778663
86.430571,91,5155.79714
89.432923,92,5156.927862
88.909018,119,5158.306777
82.185554,117,5159.630883
88.750377,128,5161.066951
60.161483,111,5162.327742
66.253048,90,5163.279417
20.434108,48,5163.822834
89.4651,106,5165.017225
86.375204,122,5166.409103
50.914621,67,5167.264413
81.856466,113,5168.631689
-5.193543,12,5168.813157
85.530115,120,5170.434653
85.692456,117,5171.760665
34.360244,55,5172.400008
86.713458,134,5173.970115
81.946365,93,5175.095747
90.123596,89,5176.022064
58.667166,96,5177.123029
39.057593,70,5177.943168
89.363491,95,5179.031769
83.575815,112,5180.481068
-3.801974,15,5180.682452
33.178457,47,5181.187982
22.7955,45,5181.727529
88.80437,142,5183.338484
67.473221,100,5184.470499
61.379203,105,5185.659663
3.712547,17,5185.878754
86.30403,125,5187.267482
78.408433,94,5188.544698
41.317468,57,5189.224161
77.093892,115,5190.560761
4.460035,21,5190.833321
85.959699,104,5192.012732
79.893808,110,5193.263968
86.843074,126,5194.672049
88.765379,114,5195.982459
-7.96,3,5196.046615
7.227423,24,5196.335409
38.840483,50,5196.861359
82.2219,99,5198.198923
3.098161,15,5198.387517
82.853962,103,5199.677506
-5.918592,11,5199.835453
5.07394,22,5200.116032
86.040272,128,5201.587796
89.162301,121,5203.179431
58.112526,108,5204.644257
86.066527,108,5205.925491
-5.214724,6,5206.01814
18.918068,33,5206.413594
86.121865,124,5207.842758
82.02913,102,5209.081735
86.015308,97,5210.323879
24.154444,45,5210.855886
86.71869,121,5212.218136
81.46018,94,5213.26438
78.034962,83,5214.411335
86.393585,90,5215.428977
89.166159,102,5216.596286
89.421997,100,5217.721094
82.692105,111,5218.996404
33.812822,52,5219.605242
90.058847,93,5220.663101
86.556546,95,5221.757409
83.347088,109,5223.001317
-7.0,4,5223.066305
58.948512,97,5224.189592
84.533899,99,5225.326765
86.421393,212,5227.721075
85.469406,133,5229.254064
7.0,18,5229.469615
88.677569,130,5230.913702
41.461148,56,5231.557735
-7.6,4,5231.649704
13.240352,33,5232.073653
20.968949,39,5232.530074
51.450141,105,5233.797499
36.303225,80,5234.791884
11.036601,26,5235.134691
85.161584,90,5236.482104
86.855871,110,5237.875403
2.205867,14,5238.060776
84.974174,139,5239.618312
89.028771,141,5241.257378
89.184043,103,5242.373057
52.175283,111,5243.756069
85.278408,123,5245.245227
88.711773,166,5247.228667
59.473482,362,5250.4333
8.865502,51,5251.048539
47.481939,99,5252.187861
6.546795,47,5252.742704
89.494504,131,5254.420617
81.804126,125,5255.864994
85.818932,133,5257.375594
80.84125,293,5260.149342
87.685285,147,5261.829568
86.026818,154,5263.502992
67.65627,124,5264.923679
82.906912,140,5266.614418
6.082981,26,5266.971303
83.117025,115,5268.430594
88.594889,142,5270.262752
82.720163,111,5271.690663
84.978704,119,5273.186521
82.130891,106,5274.525806
0.908373,13,5274.695709
83.164749,148,5276.391316
86.089555,115,5277.769236
88.959638,125,5279.272317
79.900315,127,5280.787559
82.982297,121,5282.237381
40.973799,98,5283.399122
89.00471,129,5284.944698
46.924686,71,5285.826422
56.052036,92,5286.944685
83.362031,116,5288.388961
78.178808,108,5289.756743
65.252069,101,5290.975077
82.308469,98,5292.188849
80.066156,128,5293.74981
82.631328,118,5295.250632
47.839537,82,5296.362004
88.944245,127,5298.027098
79.223301,353,5301.215698
85.109834,128,5302.73093
85.622598,89,5303.911492
85.918802,131,5305.555152
-8.101431,3,5305.618784
81.830223,113,5306.990023
89.039592,114,5308.498885
85.903864,130,5310.170296
88.83838,139,5312.00554
52.087624,86,5313.171591
89.122628,125,5314.916456
85.973432,131,5316.523309
83.343388,142,5318.214505
86.060531,121,5319.663717
64.359889,167,5321.649829
38.556591,88,5322.733793
86.808875,151,5324.57189
85.127393,123,5326.065727
6.063453,44,5326.696566
87.399787,143,5328.420698
87.061013,137,5330.075013
-7.6,4,5330.163548
86.944259,143,5331.885966
86.210283,173,5333.924065
83.427801,298,5336.852784
28.888887,74,5337.785414
-3.105143,22,5338.09459
85.371969,142,5339.809762
87.374905,159,5341.626774
83.69167,353,5344.867552
89.415651,120,5346.19873
2.525928,42,5346.723184
89.078868,142,5348.4153
86.483569,132,5349.97148
89.283022,134,5351.522067
78.834779,127,5353.01252
4.715179,20,5353.258953
85.897534,141,5354.877466
30.305884,63,5355.757777
86.133459,122,5357.384728
86.067727,101,5358.612058
82.584595,99,5359.837794
-0.26823,20,5360.105453
-3.994654,10,5360.265407
-8.48,2,5360.329663
78.550835,109,5361.642728
85.367751,117,5363.069853
83.031565,119,5364.539021
68.114715,84,5365.651906
85.263732,113,5367.012408
80.551323,348,5370.436965
84.554436,145,5372.264941
52.175162,88,5373.346234
35.326804,77,5374.31192
82.969949,105,5375.608215
85.776144,111,5376.976574
82.178526,235,5379.427642
83.739758,137,5381.050401
83.293964,118,5382.440881
14.583406,30,5382.815724
88.969222,133,5384.401858
80.314053,107,5385.776769
43.754852,81,5386.86599
76.671596,95,5388.068134
5.123698,32,5388.511068
1.41602,16,5388.739478
85.997086,122,5390.217438
81.805249,111,5391.55055
37.057505,66,5392.364686
85.802796,100,5393.766398
76.41535,113,5395.210472
89.205009,126,5396.782552
89.204987,134,5398.480077
88.912809,148,5400.408239
82.530955,123,5401.938385
82.371713,94,5403.110813
87.964464,151,5405.009419
-1.161627,10,5405.162357
2.289725,20,5405.44344
86.515933,117,5406.861694
64.769113,114,5408.183287
84.760477,118,5409.554991
88.849125,124,5411.061461
86.198283,114,5412.424138
89.098913,123,5413.933521
73.681368,92,5415.071388
3.0,14,5415.264663
89.153543,118,5416.802558
86.791212,108,5418.145329
85.677892,118,5419.56241
55.155626,84,5420.519073
85.917076,108,5421.834247
85.37471,104,5423.362144
82.612678,122,5425.077368
82.071959,115,5426.451727
88.815323,150,5428.232787
85.548461,87,5429.27614
85.868281,128,5431.039867
13.086667,34,5431.513841
78.197197,129,5433.166065
89.567711,105,5434.473632
79.678719,115,5435.894472
85.981453,112,5437.288444
83.456765,120,5438.760157
-6.619563,6,5438.864558
2.856325,15,5439.07585
89.279259,93,5440.217489
-3.825699,12,5440.400537
89.079081,99,5441.620696
78.630899,90,5442.717578
81.873803,83,5443.623254
-4.146297,11,5443.784317
79.179629,91,5444.952754
78.359576,83,5446.045506
30.28677,50,5446.749878
86.199824,87,5447.806906
89.589798,101,5449.068659
-8.44,4,5449.152876
86.168392,105,5450.444409
89.033036,131,5452.12608
88.940325,121,5453.546902
84.227501,131,5455.167595
47.705227,89,5456.21906
83.154153,131,5457.807891
82.016098,83,5458.740872
86.392069,144,5460.487927
45.823179,85,5461.467283
39.958461,51,5462.06393
83.229856,100,5463.320306
72.756514,135,5465.060194
4.916338,16,5465.313727
88.931927,118,5466.780228
85.730269,110,5468.15766
54.943835,84,5469.285536
12.621672,28,5469.654321
86.637751,131,5471.289031
37.144561,59,5471.9868
-9.077854,2,5472.02947
89.027917,133,5473.621744
3.957185,21,5473.89011
76.390744,95,5475.036084
86.687587,113,5476.516729
15.83177,39,5477.028075
89.333885,106,5478.245995
85.166191,123,5479.66504
-9.038403,2,5479.712817
82.100224,123,5481.13625
89.083859,145,5482.914371
88.975535,142,5484.946126
86.629874,132,5486.677697
86.151039,114,5488.417673
86.312013,96,5489.71254
89.053055,99,5490.90611
85.91796,104,5492.248776
89.01507,142,5493.959872
83.31823,111,5495.303754
58.074147,82,5496.306063
-2.234656,11,5496.473387
88.742494,146,5498.297808
86.039957,129,5500.032609
88.696968,130,5501.642398
77.222971,127,5503.245794
85.422061,133,5504.8951
83.130839,120,5506.46512
6.437443,23,5506.775944
89.050349,96,5507.970014
89.137247,104,5509.28504
83.723817,105,5510.511899
86.126092,134,5512.29909
82.302002,113,5513.72043
28.145764,55,5514.411169
79.879099,126,5515.900594
59.228741,111,5517.305398
89.490859,99,5518.565433
83.004306,125,5520.405736
85.30987,114,5521.830656
86.116354,115,5523.202744
65.993397,138,5524.903146
37.067012,76,5525.80452
89.388745,97,5527.04356
3.700276,15,5527.233263
89.017453,123,5528.728313
10.040017,24,5529.048455
85.772991,96,5530.270366
19.663292,50,5530.920875
70.702939,106,5532.202333
83.398747,96,5533.464894
82.834471,119,5534.972077
83.184462,109,5536.374001
14.695429,37,5536.926162
78.441752,105,5538.239156
82.410443,105,5539.589058
85.956876,129,5541.110876
81.543784,155,5542.93214
89.846445,98,5544.223745
86.305102,128,5546.127252
89.135747,124,5548.052492
19.000014,47,5548.668599
29.490088,48,5549.337434
85.942285,104,5550.631295
89.332158,127,5552.562762
88.749645,134,5554.355341
37.078753,58,5555.091959
89.64722,104,5556.514962
10.72919,35,5557.027754
5.486573,31,5557.429037
82.826307,125,5558.90201
86.684098,103,5560.106215
89.741576,100,5561.322908
85.888577,98,5562.528513
82.81586,121,5563.957849
-7.52,8,5564.098891
38.607872,70,5564.958
85.418234,101,5566.278559
88.583838,135,5567.973668
82.23939,239,5570.453168
88.818767,123,5571.949789
63.798651,112,5573.314265
89.194902,143,5575.034861
-8.8,3,5575.099987
89.673804,125,5576.583716
-7.4,5,5576.686716
89.24358,105,5577.88664
62.122329,275,5580.528002
31.750099,96,5581.716344
26.226037,227,5584.125953
-1.37075,12,5584.296575
88.520003,162,5586.184473
89.530821,144,5588.129825
80.905742,113,5589.726632
86.616942,160,5591.928953
18.430508,51,5592.580057
19.055466,35,5593.034076
89.276066,119,5594.563673
73.525903,286,5597.69575
85.651604,150,5599.492151
85.691782,139,5601.132021
88.907567,124,5602.680892
85.656863,99,5603.984023
86.32734,113,5605.370867
85.750395,115,5606.766732
37.008915,68,5607.655644
85.815347,95,5608.802551
86.16398,119,5610.300866
85.768339,113,5611.674614
26.885542,63,5612.479027
20.637551,51,5613.142702
33.064771,64,5614.006424
85.869536,131,5615.646372
82.09389,170,5617.674803
85.150111,129,5619.369623
85.526378,94,5620.623509
85.431726,144,5622.440216
41.54784,72,5623.354533
55.722595,210,5625.755116
89.761596,118,5627.336616
83.265104,132,5628.996945
89.467207,120,5630.480984
89.225351,120,5632.033394
-8.44,4,5632.115053
82.112787,134,5633.777413
76.062666,92,5634.923438
56.767698,88,5636.064957
74.230095,87,5637.154989
42.479668,85,5638.177308
87.107556,186,5640.330361
86.002941,150,5642.145932
33.568025,80,5643.1887
85.288147,126,5644.759238
89.583186,101,5646.029156
89.766706,99,5647.229216
85.649289,136,5649.088266
5.617183,20,5649.365955
11.930258,25,5649.714967
60.707927,125,5651.382665
52.107007,98,5652.621275
88.102338,136,5654.48763
9.395219,28,5654.85938
-4.638023,14,5655.065507
89.044888,126,5656.763314
-8.0,3,5656.833975
27.430868,52,5657.47909
70.444182,145,5659.255255
-2.145436,14,5659.454097
84.183311,127,5661.021139
23.015271,70,5661.898616
7.187032,41,5662.528739
-5.895276,6,5662.637772
15.696353,64,5663.394528
64.811586,123,5664.914932
2.155229,41,5665.429868
88.83257,138,5667.254706
16.90243,38,5667.716146
42.750177,95,5668.914376
88.669491,129,5670.653589
89.830925,100,5671.866342
21.895396,34,5672.286233
89.44072,116,5673.667268
89.329606,99,5674.805143
43.737424,82,5675.762336
89.260473,110,5677.034742
89.195128,137,5678.623944
11.0,22,5678.872737
31.835699,88,5679.901931
22.99585,46,5680.445523
85.929126,132,5681.989852
86.018829,122,5683.450803
56.505684,73,5684.410147
88.678639,129,5686.001223
88.89344,143,5687.929767
28.394786,41,5688.513322
89.431089,106,5689.871971
7.132917,26,5690.192054
70.006468,108,5691.440815
-0.710621,18,5691.666499
73.318457,96,5692.856777
89.450974,94,5694.061526
87.241597,133,5695.716663
82.883172,232,5698.122231
85.386249,86,5699.078884
81.682178,132,5700.683802
89.008344,114,5702.366952
62.031215,88,5703.624826
36.878473,70,5704.574799
0.773945,21,5704.876133
37.605507,80,5705.910893
89.014396,125,5707.62065
-1.0,10,5707.777921
89.223506,121,5709.534528
11.833689,33,5710.027163
45.578394,75,5711.011851
88.830919,145,5712.794898
51.478082,104,5714.237446
5.228656,22,5714.63881
-7.360694,4,5714.716951
85.915573,107,5716.220783
55.828845,74,5717.236695
34.548483,48,5717.863595
62.0,75,5718.739214
88.738818,149,5720.725451
82.940847,115,5722.26885
24.453601,55,5722.924061
85.742905,110,5724.21401
89.435985,92,5725.254958
21.886568,45,5725.784569
-10.0,1,5725.828913
82.507318,107,5727.051343
75.162682,94,5728.219283
89.563169,119,5729.65087
45.061736,95,5730.860755
82.866106,100,5732.108939
89.000983,135,5733.854482
88.757599,141,5735.69399
85.963448,113,5737.086974
85.563854,121,5738.648949
70.462311,115,5740.054397
58.401116,97,5741.439597
88.907869,122,5743.174177
88.821578,137,5744.90506
79.741217,144,5746.994479
6.967377,46,5747.630237
75.606079,119,5749.192764
83.484184,111,5750.570513
86.115476,130,5752.155731
16.19798,58,5752.870206
88.965532,168,5754.858816
16.988256,51,5755.464693
86.716643,131,5757.177938
1.454579,13,5757.362267
68.427888,137,5759.082883
87.538579,118,5761.12094
81.791692,94,5762.411911
1.841472,17,5762.637305
-0.008014,18,5762.876826
37.612054,79,5763.863937
89.046107,116,5765.245556
54.726492,108,5766.674008
62.667377,121,5768.323963
86.298733,127,5769.912382
85.736492,86,5770.99564
82.712625,91,5772.213492
86.683323,121,5773.796375
32.159243,57,5774.535838
26.178508,59,5775.293188
84.616005,142,5777.260659
41.947531,77,5778.176552
-2.881364,16,5778.393802
79.105247,104,5779.744392
87.20121,109,5781.071286
85.980693,114,5782.441258
82.559164,104,5783.838272
-4.040627,7,5783.954413
88.721933,136,5785.695152
89.425227,98,5786.942554
78.133114,123,5788.5936
81.728929,90,5789.802316
76.303458,99,5791.07743
82.892461,136,5792.741906
82.164034,100,5794.070146
82.171817,92,5795.262639
86.42168,107,5796.651573
74.49139,139,5798.503434
81.463798,119,5800.140142
82.287361,105,5801.538583
79.913711,118,5803.066324
89.10333,142,5804.756086
8.215086,43,5805.312873
10.537793,32,5805.753838
-5.00675,8,5805.887528
86.085212,137,5807.718202
88.680051,137,5809.429893
87.576526,123,5810.894064
21.233522,68,5811.709927
11.064486,23,5812.02038
-7.979906,8,5812.149002
-2.746068,9,5812.335234
-8.44,4,5812.447318
86.427937,104,5813.892111
75.210024,105,5815.184335
83.783253,132,5816.92392
80.471898,93,5818.069942
85.839769,104,5819.280562
86.094551,96,5820.421423
24.992053,49,5820.998203
-6.139997,17,5821.223716
48.363978,93,5822.357736
-0.539786,13,5822.535877
85.693529,92,5823.641787
35.0,46,5824.133296
10.794313,34,5824.584399
78.777992,97,5825.774963
89.71777,103,5827.004445
70.916157,88,5828.24522
88.735046,120,5829.771093
81.942637,114,5831.24165
79.277774,111,5832.663962
85.358058,137,5834.495563
43.188943,62,5835.567028
85.400526,96,5836.922379
73.325503,132,5838.745382
89.180562,121,5840.234479
89.124917,129,5841.828517
57.956176,88,5842.910367
82.539531,100,5844.16978
82.583613,95,5845.348844
76.761219,113,5846.766577
89.143519,109,5848.070655
89.767209,91,5849.260309
86.07595,97,5850.584961
56.263855,93,5851.71402
85.78731,99,5852.991453
82.089799,118,5854.486095
85.835932,107,5855.865795
82.813323,103,5857.220381
45.503778,80,5858.277144
88.894943,142,5860.067636
-7.36,6,5860.18996
88.662395,137,5862.002602
76.841557,93,5863.226388
79.238058,109,5864.627891
5.689559,21,5864.934442
13.252435,52,5865.592961
26.062474,57,5866.257447
42.396445,58,5867.03388
-7.213704,4,5867.132973
88.734412,125,5868.990421
86.276909,117,5870.495522
88.734594,137,5872.145814
80.313678,117,5873.612133
78.319441,87,5874.627667
26.506896,46,5875.285841
88.086992,127,5876.902823
3.115408,38,5877.401365
78.944776,433,5881.493219
83.750873,195,5883.677827
82.488364,135,5885.332679
74.30754,80,5886.44666
85.845637,125,5888.012513
20.977485,44,5888.568993
82.567213,124,5890.089094
20.447193,54,5890.805084
85.850124,122,5892.332857
88.917261,137,5893.985955
79.453966,139,5895.712281
52.143512,108,5897.091585
82.146524,99,5898.458315
35.542989,95,5899.752513
82.300624,114,5901.309514
79.659912,114,5902.840009
89.747943,95,5904.206891
52.358896,86,5905.391391
3.8469,22,5905.742672
80.197615,135,5907.449965
86.211427,125,5909.015558
86.770763,129,5910.66717
86.069694,134,5912.482689
6.872306,23,5912.79475
65.884911,122,5914.25138
-2.554146,19,5914.501716
85.69972,127,5916.025189
88.651353,110,5917.260355
83.620537,119,5918.700047
43.859507,86,5919.723319
85.750368,95,5920.891958
83.14235,109,5922.363419
89.643837,137,5924.000895
50.875404,80,5924.93943
83.250279,152,5926.718286
8.0,19,5926.956693
82.544023,121,5928.624135
48.134946,74,5929.614395
80.027433,124,5931.133696
78.537262,113,5932.650345
-7.36,6,5932.758848
54.212879,98,5933.995255
86.859173,118,5935.652788
8.262935,39,5936.250516
75.623645,99,5937.559552
6.219379,25,5937.913492
85.177443,142,5939.585027
81.833268,126,5941.101131
79.253931,105,5942.380375
90.123596,89,5943.365379
60.482592,101,5944.590967
85.823891,91,5945.676357
89.245549,106,5946.929631
26.247353,50,5947.547682
81.567767,171,5949.651524
-5.008561,10,5949.834824
12.410073,50,5950.574778
76.83156,110,5952.195224
85.117979,198,5954.46287
-5.568128,10,5954.611391
85.916843,126,5956.155095
48.471113,120,5957.74123
-0.80597,14,5957.962928
85.945513,132,5959.750055
86.261172,100,5961.05085
9.0,20,5961.300418
23.152023,62,5962.075046
82.730972,112,5963.478957
89.192447,96,5964.550993
83.696123,124,5966.105068
-7.96,3,5966.185028
78.657987,83,5967.212194
85.097747,108,5968.539448
2.01252,16,5968.734215
86.366273,116,5970.199508
82.306035,113,5971.732639
25.596444,54,5972.44204
44.974437,107,5973.749007
60.033465,91,5974.861449
51.530591,98,5976.031394
89.126189,120,5977.639436
88.865111,130,5979.305497
88.941251,140,5980.982584
15.035351,54,5981.710869
81.901623,139,5983.473869
85.392173,101,5984.770877
88.780143,129,5986.386989
85.623139,92,5987.601961
14.126587,47,5988.377195
7.829326,25,5988.768538
90.123596,89,5989.922641
83.929745,128,5991.855652
85.984635,104,5993.197701
89.398397,126,5994.746775
89.131296,108,5996.059828
27.083434,41,5996.560563
21.909564,54,5997.248926
74.045595,102,5998.486967
41.390741,74,5999.469958
85.100179,116,6000.997124
68.157637,99,6002.4869
90.123596,89,6003.695119
86.013959,117,6005.268446
82.152527,111,6006.679766
76.161119,142,6008.412491
60.20027,93,6009.529588
85.081324,120,6010.951935
89.347912,129,6012.551482
89.605555,135,6014.150421
86.103496,139,6015.781671
8.974009,54,6016.417513
89.077749,128,6018.097692
86.308916,162,6020.141777
86.30726,127,6021.690514
2.403528,27,6022.086694
6.018331,24,6022.435445
81.327776,123,6024.277987
-5.677401,10,6024.451656
-8.729069,3,6024.517467
89.538953,114,6025.930379
2.461851,22,6026.220556
83.780995,148,6028.011682
86.186273,119,6029.508715
86.701742,133,6031.110367
39.368002,68,6031.957561
59.810592,117,6033.36552
28.088439,47,6033.983024
80.90537,101,6035.21922
85.692701,119,6036.7497
22.413894,68,6037.682228
80.708894,128,6039.545826
81.932242,84,6040.708292
88.85176,141,6042.486856
82.968453,124,6044.006242
80.322893,120,6045.565207
85.744627,114,6046.944413
82.450125,108,6048.521725
85.576062,117,6050.103319
89.032975,130,6051.70019
-7.238807,4,6051.772417
11.623623,36,6052.227987
88.76318,120,6053.677398
47.860479,81,6054.682579
0.432172,14,6054.874267
89.49284,101,6056.078323
13.944525,27,6056.397758
89.16016,120,6057.863481
89.515271,111,6059.244569
-9.237598,2,6059.292977
38.867112,77,6060.196509
1.44423,23,6060.494114
32.894302,63,6061.235548
-4.135174,8,6061.357785
10.63174,31,6061.730961
86.654473,115,6063.058688
86.477329,121,6064.424754
86.109066,102,6065.635515
88.753334,142,6067.268393
64.574583,85,6068.426565
-6.197906,8,6068.565976
42.007852,149,6070.519078
64.633564,210,6073.084947
85.66888,99,6074.43246
7.451193,25,6074.780192
-2.190254,9,6074.943264
-8.8,3,6075.019735
82.80034,130,6076.784431
86.351808,135,6078.724681
82.875776,118,6080.225783
82.189552,107,6081.543661
79.864064,98,6082.740906
78.592028,87,6083.823555
81.193603,105,6085.026451
82.216749,105,6086.462648
85.554673,107,6087.763634
89.0473,140,6089.420653
82.756884,101,6090.644588
82.407124,90,6091.730624
5.65288,25,6092.041085
32.527775,60,6092.762179
86.171332,138,6094.36767
85.835733,99,6095.531865
17.781671,36,6095.994319
85.814433,96,6097.205443
32.241942,68,6098.019532
85.645292,96,6099.339643
79.511168,101,6100.619355
-2.067471,21,6100.913035
88.964218,132,6102.470427
27.777554,61,6103.2422
10.478535,38,6103.726074
89.583876,99,6105.017918
77.732129,87,6106.110205
23.673535,40,6106.587421
9.695922,22,6106.888475
85.99555,133,6108.706438
82.398126,106,6110.025357
45.0,56,6110.673639
33.296265,67,6111.565986
39.342506,66,6112.417041
39.702429,62,6113.213931
89.092618,143,6115.079199
45.401139,82,6116.058932
81.451127,110,6117.557093
47.115789,85,6118.770263
4.226611,21,6119.158937
83.447276,129,6120.99021
83.339123,143,6122.67785
-3.24882,27,6123.04744
81.721551,122,6124.481177
32.473401,82,6125.446368
10.919206,60,6126.123688
-5.243571,36,6126.563484
83.527938,128,6128.06533
80.979443,109,6129.391016
83.880189,120,6130.850821
41.464374,64,6131.588568
81.277651,98,6132.772198
89.482984,137,6134.366878
79.527165,127,6135.903718
86.572914,138,6137.596777
21.492464,35,6138.140673
52.797937,211,6140.66787
79.829919,122,6142.190168
27.235038,54,6142.886689
84.127573,136,6144.522274
11.297415,46,6145.08726
10.383769,56,6145.859502
77.810259,118,6147.598785
23.0,34,6147.979985
86.885115,145,6149.629248
22.942608,70,6150.549886
85.11459,117,6152.005014
85.747069,142,6153.760362
81.271182,98,6154.968387
37.54661,244,6157.764536
79.028655,180,6159.866006
18.354042,39,6160.327239
-7.468718,13,6160.510468
16.0554,38,6160.996475
83.029765,108,6162.297804
83.624118,128,6163.861281
89.456513,106,6165.172387
-4.893143,7,6165.283467
7.050756,27,6165.650133
18.916689,30,6165.996286
5.941314,23,6166.301711
11.475075,31,6166.694613
4.0,15,6166.88136
85.40431,104,6168.300807
83.119616,132,6169.960958
70.980787,97,6171.189133
2.767543,26,6171.554027
-0.704151,19,6171.816919
79.925503,126,6173.412374
81.237734,143,6175.308827
89.49178,132,6176.930314
89.205816,132,6178.597786
81.871403,98,6179.948337
89.335411,116,6181.419486
70.478071,123,6182.978877
35.269352,77,6183.939325
74.708001,140,6185.621462
82.653518,101,6186.842171
86.246864,126,6188.310063
82.289459,90,6189.464397
64.721481,119,6191.028513
86.081935,132,6192.645718
38.70494,90,6193.770273
60.733862,118,6195.149104
37.691515,76,6196.08061
56.345637,99,6197.309768
87.574916,155,6199.424091
86.839807,139,6201.196577
85.28647,88,6202.210917
86.14882,135,6203.82575
10.688182,47,6204.418759
86.207706,144,6206.172762
89.329296,122,6207.608042
53.379194,101,6208.810481
43.958244,76,6209.734647
42.698583,91,6210.835317
23.293983,60,6211.608856
16.861101,44,6212.175321
88.819049,113,6213.535529
81.973689,95,6214.759053
38.259662,71,6215.695944
76.257703,101,6216.950827
85.033163,128,6218.898152
85.928878,97,6220.14044
80.215554,120,6221.726706
85.442022,141,6223.553716
89.160601,136,6225.345478
-0.870309,18,6225.597631
85.811072,134,6227.304262
5.605897,17,6227.55934
24.452782,51,6228.257349
82.310619,110,6229.740539
72.071029,98,6231.026361
13.226029,39,6231.516274
76.256358,109,6232.852592
89.157185,132,6234.666568
21.282067,41,6235.307899
82.417392,104,6236.707115
8.824126,21,6236.99365
85.921243,124,6238.53125
88.969258,149,6240.505852
-7.4,5,6240.605705
-4.451659,8,6240.724083
82.674378,107,6242.019745
80.852901,112,6243.567039
86.156194,92,6244.698042
64.28334,111,6246.077857
88.916632,116,6247.500744
3.662658,21,6247.810186
81.088822,122,6249.283348
89.270166,114,6250.676628
53.095524,92,6251.793185
85.534687,123,6253.33946
85.847891,98,6254.539969
89.125723,92,6255.6539
-8.8,3,6255.718385
89.451655,107,6257.084139
-4.197744,7,6257.220537
89.027682,135,6259.032542
83.53723,115,6260.425589
81.983151,101,6261.625323
17.595447,42,6262.152979
59.843021,108,6263.449357
77.630868,152,6265.193655
85.449252,119,6266.620758
77.345913,122,6268.173993
89.013911,121,6269.793187
85.59637,111,6271.377668
78.129363,87,6272.984173
30.716018,83,6274.170237
80.642446,136,6276.041033
77.785834,127,6278.004802
86.774195,116,6279.514931
88.87149,139,6281.254628
25.880868,67,6282.141492
4.482369,20,6282.405676
83.532335,121,6283.925062
81.154434,156,6285.877355
88.650284,144,6287.70059
33.417031,48,6288.356995
6.313443,49,6289.035602
89.293065,89,6290.106649
84.502215,142,6292.001639
49.073107,118,6293.432816
82.922478,128,6294.92851
0.860378,21,6295.23133
85.367286,149,6296.987175
34.743598,77,6297.941937
85.493933,137,6299.655484
87.732223,125,6301.197411
89.313112,133,6302.897451
85.253275,135,6304.574115
86.162791,86,6305.559673
54.410972,115,6307.074537
-9.546376,12,6307.319668
35.528717,80,6308.425749
7.499394,26,6308.817983
85.939234,118,6310.310052
80.482424,123,6311.817544
72.461185,135,6313.495233
8.630419,60,6314.230874
79.464135,120,6315.845045
45.766742,105,6317.081424
26.913161,79,6318.170958
-6.263724,7,6318.30022
56.760005,169,6320.380234
7.35199,24,6320.687767
85.350392,133,6322.329046
64.855652,179,6324.443697
80.022102,125,6326.074496
38.054441,80,6327.130609
-6.304712,10,6327.305914
85.902684,124,6328.919863
39.877586,93,6330.087572
76.231263,128,6331.710501
82.643171,132,6333.280918
80.783295,108,6334.685669
71.845432,127,6336.478955
86.190026,137,6338.152725
81.49911,146,6339.804914
79.135459,94,6340.982959
48.935579,97,6342.169778
81.036371,148,6343.953322
83.858857,126,6345.507276
85.215782,126,6346.965506
9.311272,24,6347.312597
4.520421,24,6347.661514
-1.044908,12,6347.836049
89.152922,114,6349.380212
-7.188001,4,6349.453258
58.451932,104,6350.695662
85.130689,125,6352.212852
42.285164,87,6353.273343
74.494308,111,6355.083295
48.583457,92,6356.326583
89.063406,94,6357.584604
43.227734,79,6358.651176
19.83747,53,6359.345792
-7.6,4,6359.437655
84.574343,100,6360.695661
6.880779,23,6361.021094
48.823716,61,6361.771023
17.155358,38,6362.338198
89.10626,141,6364.190087
81.983461,113,6366.113398
85.38022,118,6367.924502
84.98498,111,6369.345621
4.848982,26,6369.693467
85.753578,107,6371.277678
82.283376,104,6372.724292
82.306439,101,6374.384438
17.8929,52,6375.384787
-4.568868,10,6375.533677
23.659135,53,6376.200645
82.738803,157,6378.285414
79.062881,100,6379.703652
82.940308,138,6381.507222
33.738556,62,6382.337986
66.896354,114,6383.820429
67.976345,106,6385.204168
81.35579,113,6386.684495
79.872799,107,6388.103077
7.828335,22,6388.408388
82.171536,103,6389.77693
30.799109,55,6390.521664
5.500996,33,6391.004878
49.712653,96,6392.370419
-7.4,5,6392.482532
85.484509,128,6394.094091
81.938106,120,6395.596384
-6.964947,5,6395.687834
29.625612,67,6396.504969
89.055944,117,6398.005143
21.487742,46,6398.595628
89.621251,149,6400.46469
75.993624,127,6402.042108
-7.4,5,6402.14492
81.169508,116,6403.556556
89.189339,150,6405.410798
86.167655,110,6406.787599
86.313802,139,6408.670791
80.742312,115,6410.273232
82.208907,105,6411.648605
35.280469,60,6412.413694
5.078026,29,6412.785486
85.796336,121,6414.244696
89.343223,123,6415.78543
86.39983,126,6417.321042
85.396509,119,6418.771085
82.094402,96,6420.03118
88.926836,128,6421.58491
74.368762,104,6422.934934
85.696956,118,6424.391747
-9.040851,2,6424.458984
40.53914,73,6425.481565
82.995981,120,6426.984363
50.903557,97,6428.176581
83.388171,114,6429.69481
71.463252,86,6430.85343
80.142581,99,6432.636181
85.137324,153,6434.683767
77.504448,114,6436.147481
52.680444,78,6437.245758
9.639243,37,6437.720345
82.908677,112,6439.155988
85.344916,100,6440.570718
82.8188,129,6442.169752
85.962494,117,6443.614646
72.382941,130,6445.235964
3.0,14,6445.411741
5.456647,29,6445.800249
86.947257,138,6447.481576
2.020841,18,6447.713566
-6.284518,6,6447.813147
76.273891,103,6449.119287
60.998377,119,6450.655791
76.12676,97,6451.873511
61.46562,100,6453.217667
78.844559,115,6454.673093
76.086767,94,6455.882797
76.347029,104,6457.242529
78.775925,93,6458.571246
57.442801,84,6459.774388
84.240398,109,6461.193786
74.53328,113,6462.555686
69.139347,81,6463.582396
82.258833,84,6464.537595
65.579397,91,6465.672606
75.205085,105,6466.979282
76.042195,110,6468.291482
82.474205,114,6469.783977
82.6497,120,6471.364347
89.475222,120,6472.838802
18.53684,37,6473.302393
77.51728,133,6475.00441
4.95107,22,6475.347769
37.819679,80,6476.393623
35.005509,53,6477.100214
83.397617,117,6478.564786
85.983422,128,6480.128692
88.889019,137,6481.749192
79.128878,115,6483.251426
28.139185,70,6484.063585
86.294558,132,6485.556571
20.849347,37,6486.042261
79.675092,127,6487.552121
83.192416,136,6489.067171
85.192796,104,6490.314544
82.808025,105,6491.628146
86.176719,111,6492.978418
77.039641,95,6494.197556
37.140283,62,6495.016738
39.892054,54,6495.666669
82.090965,113,6497.062304
88.564812,167,6499.021451
85.621183,151,6501.077636
3.896039,17,6501.326446
81.969016,106,6502.668901
58.733792,78,6503.65187
-8.24,5,6503.765264
40.599474,87,6504.895717
23.530859,39,6505.364367
74.788021,112,6506.690925
88.762328,124,6508.11631
85.386137,115,6509.453035
57.433345,108,6510.700522
12.957041,24,6510.979177
6.904494,20,6511.221364
82.928701,109,6512.409245
86.203288,125,6513.745701
-6.207424,5,6513.823723
85.031647,102,6515.017637
86.227844,134,6516.505906
70.622124,100,6517.671937
85.872281,123,6519.107044
89.070898,134,6520.672031
53.008149,99,6521.764352
82.262959,100,6522.939507
89.55567,126,6524.400634
78.422273,117,6525.960867
62.71031,69,6526.823196
80.004826,136,6528.342682
66.706825,109,6529.579112
82.686,111,6530.836215
46.759377,78,6531.713219
85.872521,103,6532.96104
88.880135,120,6534.542704
12.069811,38,6535.017808
84.117777,122,6536.529773
79.844997,114,6537.902977
31.716398,57,6538.6134
83.297723,97,6539.830799
73.510833,88,6540.921927
86.24803,138,6542.707876
33.454025,63,6543.514686
50.505697,99,6544.728439
86.815094,109,6546.022825
83.03263,98,6547.137897
79.854387,118,6548.539941
82.415636,101,6549.687946
-1.551494,15,6549.887127
-2.654338,12,6550.050287
-0.680345,13,6550.232582
2.043502,19,6550.470066
63.260042,109,6551.672428
89.147757,123,6552.992513
47.073944,131,6554.280898
85.473474,112,6555.522391
82.540621,87,6556.515061
74.496042,87,6557.48035
84.305722,120,6558.856811
80.687654,114,6560.191606
77.040672,113,6561.44881
86.462651,109,6562.924613
45.25557,84,6563.918327
81.754962,89,6565.007839
86.084321,100,6566.233362
-9.32,2,6566.288222
77.96443,80,6567.240034
74.825631,88,6568.347122
86.51543,101,6569.61838
83.662674,112,6570.950911
50.824936,83,6571.976171
86.165339,116,6573.696789
84.014747,103,6575.237101
85.914776,113,6576.710898
4.154374,16,6576.919314
82.938614,126,6578.339175
82.917742,113,6579.664701
81.798172,101,6580.968483
78.477213,102,6582.148482
83.934718,131,6583.587474
59.028382,139,6585.301151
45.71447,92,6586.42249
88.050943,143,6588.11969
86.418126,149,6589.928616
52.436739,102,6591.259166
46.157889,85,6592.589102
89.660502,103,6594.09687
-5.012244,6,6594.222056
85.34474,99,6595.508579
24.451655,44,6596.028455
83.251829,111,6597.36024
7.628527,28,6597.71016
86.379041,125,6599.221899
82.677714,105,6600.478645
87.134127,114,6601.840554
-9.083634,2,6601.888083
86.577625,99,6603.17434
79.073287,100,6604.598002
64.938414,96,6605.921369
41.526859,72,6606.875315
80.245365,121,6608.360977
88.915185,128,6609.958624
31.153036,72,6610.80454
82.5616,128,6612.384097
82.910732,113,6613.670304
89.594931,89,6614.610096
80.835481,102,6615.792028
80.426322,200,6617.935482
42.058035,72,6618.72729
71.685281,146,6620.360257
75.881823,122,6621.801042
24.008021,56,6622.498529
85.760672,112,6623.796145
30.75927,63,6624.511454
83.261205,110,6625.970428
86.001479,130,6627.625273
82.171356,88,6628.630541
82.458285,110,6630.005579
-3.557241,19,6630.244417
86.095857,117,6631.542243
81.942092,145,6633.094832
15.573206,32,6633.520494
82.887204,116,6635.02333
7.0,18,6635.366709
85.423285,108,6637.175673
84.451223,114,6638.944128
82.099705,99,6640.275196
82.246705,104,6641.567971
88.938699,117,6643.214205
74.104429,100,6644.549047
79.754192,103,6645.927887
52.501725,84,6647.003683
85.88849,124,6648.470358
-4.280926,13,6648.64469
-2.390685,13,6648.841139
89.29155,124,6650.400446
83.454312,148,6652.166086
1.287401,47,6652.72142
80.19626,157,6654.509125
18.844542,37,6654.970391
42.205655,91,6656.053169
84.974877,150,6657.83224
85.875834,132,6659.352158
67.037338,141,6661.008265
82.42248,125,6662.473203
57.392274,107,6663.69391
52.449437,110,6665.061862
89.346651,128,6666.815149
77.991527,82,6668.105883
63.440282,136,6669.944319
88.845561,146,6672.099177
42.177729,84,6673.374568
86.136341,128,6674.943208
78.129255,127,6676.956764
86.136407,126,6678.738069
85.57096,143,6680.581209
83.774855,112,6682.088673
29.563528,88,6683.188507
83.149547,116,6684.633667
82.880924,108,6686.14849
50.897189,84,6687.299842
54.399162,104,6688.589853
85.447048,98,6689.850317
85.781888,91,6690.804376
20.729076,41,6691.35823
85.89624,96,6692.631267
79.302694,113,6693.926949
85.885855,137,6695.467652
85.998806,129,6697.165528
79.040476,96,6698.403896
-3.28703,10,6698.579994
1.420694,19,6698.850024
21.49213,56,6699.638385
83.000477,122,6701.339209
3.40983,22,6701.699687
72.67051,125,6703.446504
85.791018,125,6705.067388
82.063528,113,6706.433319
-3.680872,9,6706.571954
-0.841781,14,6706.764265
86.069585,117,6708.163412
89.081727,109,6709.449231
89.407462,124,6711.001619
86.123797,91,6712.007727
83.089211,103,6713.175763
83.924914,154,6715.243685
86.074419,135,6717.016485
89.437414,104,6718.287088
86.497024,124,6719.804209
86.056937,90,6720.902267
89.56492,110,6722.242101
13.609347,28,6722.622051
85.927918,103,6723.843598
10.484087,33,6724.265614
89.655778,109,6725.587359
86.345709,125,6727.040176
85.492185,137,6728.653948
82.902577,115,6730.061232
89.336782,128,6731.646958
82.473966,105,6733.248992
55.825812,100,6734.62475
89.342708,128,6736.474494
71.190559,137,6738.332876
1.976593,22,6738.676878
-8.32,7,6738.795836
5.519824,56,6739.610979
89.391058,117,6741.044035
86.390117,129,6742.601084
82.962623,123,6744.275239
85.621558,103,6745.668732
89.074715,130,6747.154936
42.754472,80,6748.093707
-1.452126,12,6748.258995
88.952153,122,6749.685387
6.085573,23,6749.965365
89.096808,130,6751.421025
-7.01424,4,6751.490741
80.948222,139,6753.186356
51.260718,90,6754.214389
63.106977,204,6756.380897
32.410407,89,6757.408581
81.449231,135,6758.903058
3.094906,40,6759.363721
56.547407,74,6760.149436
3.325952,46,6760.681127
11.05146,65,6761.429635
35.875176,86,6762.472603
82.822763,111,6763.797389
86.313938,98,6764.914295
85.977805,132,6766.399716
83.070927,122,6767.780835
24.734353,47,6768.394452
82.866295,114,6769.778132
-8.145556,3,6769.846992
43.801374,62,6770.602358
36.565826,78,6771.53248
85.641047,129,6772.984929
79.2463,92,6774.021902
86.505318,140,6775.719704
85.861361,122,6777.357611
85.823808,125,6778.95227
82.347618,95,6780.183059
89.421499,112,6781.578692
-0.811493,13,6781.775328
83.428745,115,6783.182715
81.967229,181,6785.139456
89.003669,124,6786.597541
88.14997,355,6789.95353
2.364323,22,6790.279524
84.125471,231,6792.948213
24.689071,106,6794.133632
-8.8,3,6794.193935
86.050134,138,6795.705265
85.952426,110,6796.935143
88.698813,130,6798.337359
86.078541,99,6799.430015
85.970549,120,6800.778535
88.973122,131,6802.509729
56.160515,108,6803.817586
87.372293,122,6805.322793
2.42141,49,6805.901649
50.015793,123,6807.254208
89.529094,126,6808.625124
81.91556,124,6810.011417
88.965174,132,6811.467237
83.922583,146,6813.058981
87.825472,143,6814.716072
85.706361,134,6816.240614
83.464584,111,6817.468831
66.349796,101,6818.589224
81.496468,110,6819.79841
-8.36,8,6819.912977
80.456063,94,6820.981672
85.814063,123,6822.391731
8.436384,45,6822.919815
86.783232,99,6824.074761
75.615616,87,6825.081581
80.004713,112,6826.319785
82.414144,105,6827.495943
86.157059,128,6828.92565
82.954059,123,6830.325704
82.761488,113,6831.571427
85.858978,122,6833.132723
89.322703,126,6834.558579
81.430923,123,6835.999297
78.705541,84,6837.186425
79.747083,92,6838.279266
70.702421,79,6839.147769
89.475096,90,6840.097333
83.110947,93,6841.171736
89.263078,119,6842.648868
77.094602,121,6844.139086
40.360482,67,6844.935566
78.692562,100,6846.198239
85.839307,120,6847.63669
0.921728,12,6847.820203
7.304808,22,6848.147043
82.515244,180,6850.164573
34.681425,79,6851.052492
34.406171,90,6852.112357
88.912679,129,6853.8287
85.519586,133,6855.447103
80.424315,124,6856.944187
89.070819,117,6858.362152
3.663477,17,6858.593515
-0.991423,11,6858.747655
82.372181,116,6860.140017
77.488166,101,6861.375003
0.107033,12,6861.535145
-4.214796,10,6861.678884
86.029349,108,6863.017875
82.677602,99,6864.177325
82.258259,106,6865.544115
85.629834,108,6866.828233
86.221063,113,6868.145168
58.614523,86,6869.182084
83.273396,128,6870.750646
87.065733,97,6871.92309
0.6151,13,6872.101588
88.7092,135,6873.735235
85.870637,120,6875.162498
88.901701,104,6876.490547
80.090473,132,6878.194841
85.617944,125,6879.745212
85.180615,86,6880.764208
51.295875,86,6881.939358
11.599709,32,6882.379364
82.615038,87,6883.491984
81.311875,121,6884.954575
19.332053,45,6885.560071
5.094502,37,6886.073779
72.641782,133,6887.723014
88.950523,119,6889.117833
85.818712,120,6890.605215
72.794062,101,6891.769007
79.20247,123,6893.36159
65.891731,103,6894.876618
41.244173,91,6896.009731
88.721206,154,6897.870239
8.762499,26,6898.226716
28.971554,77,6899.177568
29.200886,74,6900.118658
82.881311,105,6901.431466
85.887329,114,6902.892598
49.229477,92,6904.146947
83.362679,323,6907.41595
28.134291,51,6908.042453
21.516779,38,6908.526946
-1.937747,18,6908.770733
-3.137454,9,6908.904889
79.641522,118,6910.320078
87.429568,118,6911.75143
82.456878,110,6913.222843
-4.196421,10,6913.383256
85.385335,130,6915.019906
78.436107,86,6916.088464
86.13755,88,6917.293909
85.990983,124,6919.090712
-1.6093,10,6919.252062
-10.0,1,6919.294128
83.480177,124,6921.032686
89.128493,123,6922.496652
5.145997,29,6922.896066
89.502888,131,6924.425876
29.723526,81,6925.351424
86.802067,133,6926.779724
84.856825,155,6928.405156
78.489131,141,6929.947856
89.506509,149,6931.592304
81.404723,161,6933.313265
89.031375,141,6934.859015
89.640431,134,6936.375211
-4.16773,7,6936.47478
89.331485,114,6937.77224
89.522806,139,6939.361786
89.219146,103,6940.49436
80.292414,200,6942.602018
86.151306,132,6944.124656
6.065791,24,6944.409561
33.947999,72,6945.240225
86.467427,115,6946.520168
27.1778,63,6947.246777
20.604004,38,6947.670393
89.132733,105,6948.807349
19.36937,49,6949.350703
0.028223,37,6949.779253
60.90237,118,6951.168016
89.415582,148,6952.870224
82.254916,296,6955.856983
89.068413,148,6957.437902
88.753161,133,6958.863756
66.096243,93,6960.056547
89.281119,94,6961.086077
47.988886,81,6961.984955
32.932463,60,6962.648664
88.818654,145,6964.250142
88.724592,127,6965.639817
-8.44,4,6965.70858
86.169136,120,6967.032475
86.684986,111,6968.310686
82.51693,119,6969.699301
83.154049,111,6970.945116
80.172124,120,6972.304595
89.374311,124,6973.735368
82.985198,113,6974.999928
61.770918,77,6975.861121
86.770384,111,6977.11542
85.740975,101,6978.218783
85.799866,107,6979.408279
51.019269,83,6980.367039
0.660448,15,6980.574818
82.279724,105,6981.768183
4.021573,17,6981.970737
10.226206,31,6982.339064
88.694395,143,6983.971947
89.885942,97,6985.165658
85.765903,90,6986.385267
44.563179,59,6987.174397
86.274608,98,6988.438842
88.930972,119,6989.894897
19.876297,34,6990.287971
20.534737,36,6990.715396
11.624053,31,6991.096391
74.802965,88,6992.078707
60.544063,93,6993.123173
4.121442,23,6993.389914
81.676677,113,6994.660159
81.236281,126,6996.019581
86.186457,143,6997.588364
76.950321,119,6999.002949
84.183207,133,7000.53832
79.961206,194,7002.58363
3.853614,35,7003.021659
85.539108,122,7004.434366
84.55122,125,7005.790113
-9.0,2,7005.841351
89.010268,133,7007.308643
83.162791,96,7008.321923
70.139474,152,7009.953051
85.594076,90,7010.963183
65.308446,108,7012.145531
89.213477,111,7013.456359
82.651615,135,7015.09584
64.855353,133,7016.562045
11.50815,50,7017.12832
83.371634,117,7018.417329
89.452355,125,7019.820783
89.131677,145,7021.660423
84.415752,125,7023.144912
85.624348,102,7024.31159
40.966366,84,7025.239489
86.980779,129,7026.698203
35.526634,80,7027.629114
85.995056,115,7028.989007
62.119644,105,7030.202154
79.663153,130,7031.737034
86.885465,139,7033.395033
75.612022,105,7034.626639
88.775284,138,7036.202583
80.81568,115,7037.67508
-8.319497,9,7037.813456
89.827822,125,7039.20013
83.776883,121,7040.702764
1.303912,17,7040.950258
25.472718,72,7041.746856
44.844246,80,7042.646214
-8.259502,9,7042.771506
-3.661183,8,7042.883629
82.007492,108,7044.106925
1.21864,13,7044.275773
37.22184,75,7045.148451
83.969797,130,7046.548233
89.372157,117,7047.984793
4.665239,26,7048.294814
89.728318,116,7049.580045
84.890318,110,7050.806596
-7.4,5,7050.899384
78.402244,96,7052.145899
57.380497,94,7053.200444
19.4565,32,7053.596051
85.274324,110,7054.898326
85.681634,117,7056.384764
82.427039,129,7058.033829
85.630105,108,7059.319485
83.78793,299,7062.182945
-4.697816,8,7062.297149
17.395422,63,7063.024917
34.522709,56,7063.65818
86.240515,182,7065.53132
-7.96,3,7065.60497
87.66832,132,7067.261785
81.277828,152,7068.859725
81.160076,149,7070.473933
86.313807,123,7071.985606
-1.952856,17,7072.226683
85.577126,109,7073.769395
85.253622,122,7075.208886
21.111016,68,7076.052173
-3.50146,8,7076.175845
88.858851,139,7077.924034
3.556459,23,7078.211262
64.827185,124,7079.745073
86.123078,104,7081.014332
21.942835,46,7081.557565
21.856327,53,7082.206034
53.154393,92,7083.304663
-6.002905,5,7083.403133
44.612558,95,7084.650263
83.025667,101,7085.924144
85.822255,135,7087.426722
89.000878,111,7088.670541
85.32787,92,7089.881862
33.846356,59,7090.647085
24.308312,54,7091.34615
85.227617,140,7093.314625
89.250688,90,7094.42072
73.166125,206,7096.672923
88.545201,186,7098.723726
87.867315,146,7100.409657
46.344589,99,7101.586866
83.285375,109,7102.847795
28.452785,45,7103.383547
73.4205,144,7105.074783
-9.01424,2,7105.128349
78.356802,150,7106.767603
58.525528,82,7107.847898
85.730639,92,7108.966112
79.961822,133,7110.586432
15.457529,58,7111.294095
50.299376,66,7112.084674
11.0,22,7112.346351
82.575837,95,7113.495585
89.229364,109,7114.767213
46.636217,83,7115.671449
15.764735,46,7116.211897
43.213699,75,7117.084228
10.673543,22,7117.354903
82.203416,414,7120.929669
82.16318,103,7122.099297
85.984497,138,7123.907102
87.326457,129,7125.40258
46.021393,91,7126.426489
80.031077,164,7128.143011
82.937256,128,7129.53941
82.541875,127,7130.906982
23.597953,43,7131.388624
35.272505,73,7132.361818
88.603346,136,7133.89107
85.903092,123,7135.389464
86.487848,108,7136.726434
82.32072,101,7138.204834
-7.037364,8,7138.335448
89.130137,143,7140.067081
78.664349,103,7141.406591
29.241876,56,7142.110288
7.960243,51,7142.770163
-7.003652,15,7142.997709
82.218749,113,7144.373674
88.952533,133,7146.03455
2.887131,17,7146.262638
-8.757527,3,7146.325711
82.077,132,7148.0014
85.685707,133,7149.651993
89.390165,111,7150.930699
89.160713,121,7152.30945
69.641774,123,7153.778564
85.845208,124,7155.150209
89.442687,117,7156.523217
82.430935,114,7157.898538
88.937233,121,7159.260415
86.062003,120,7160.6257
-5.445615,8,7160.737023
89.635257,111,7161.945225
86.422318,129,7163.37381
85.653831,95,7164.428341
86.530944,157,7166.264384
84.480081,116,7167.691028
61.351253,103,7168.870959
51.485655,84,7169.808338
86.900542,102,7170.940964
78.741494,213,7173.222311
89.501618,131,7174.698482
22.348363,56,7175.378907
89.596711,108,7176.629977
86.363806,123,7178.030542
88.937717,104,7179.187361
50.038026,91,7180.188873
43.743434,92,7181.197314
86.28375,130,7182.710444
88.955593,120,7184.181134
89.232086,105,7185.3963
12.014184,37,7185.841734
89.713341,130,7187.301991
43.336399,93,7188.433952
85.91798,101,7189.828946
-1.819369,15,7190.146956
25.73185,47,7190.821896
39.304008,65,7191.69123
39.286964,72,7192.651188
89.258763,101,7194.087314
85.231728,89,7195.171058
88.574515,142,7196.87065
-6.190573,7,7196.988377
85.634464,109,7198.29797
31.063453,46,7198.877042
33.093897,77,7199.907533
81.265873,110,7201.307375
4.584908,38,7201.79113
83.114768,119,7203.17768
3.055651,15,7203.378336
1.863312,27,7203.73392
85.13786,132,7205.393154
86.328515,117,7207.096776
18.299067,45,7207.708779
-8.64,3,7207.815572
86.399273,254,7211.461807
76.721385,113,7213.17963
82.190184,135,7214.936324
77.766366,120,7216.322443
82.623019,121,7217.763461
85.122315,146,7219.444133
78.904235,117,7220.918814
89.097325,174,7223.137156
59.721846,125,7224.966536
2.124249,33,7225.462788
80.757614,119,7227.282339
60.356783,161,7229.347591
72.761766,132,7231.017939
38.830797,96,7232.270303
4.552089,17,7232.525178
89.26604,133,7234.202999
86.347532,104,7235.617715
89.157176,129,7237.316652
53.551041,95,7238.498896
89.139525,130,7240.18695
82.197587,95,7241.352173
75.390099,96,7242.579163
86.111212,126,7244.194882
8.200352,24,7244.523126
85.875797,104,7245.911127
48.380326,78,7246.872166
62.440783,217,7249.138297
88.669794,143,7250.874649
85.757572,103,7252.487478
88.752634,116,7254.098726
0.342878,16,7254.337316
89.085518,142,7256.150159
26.870445,46,7256.770589
-7.0,4,7256.846451
87.056569,94,7258.064197
82.904566,101,7259.511327
86.124758,134,7261.204834
3.943177,38,7261.723432
85.925347,117,7263.214049
53.587158,105,7264.587706
85.230493,93,7265.671102
54.938817,68,7266.453984
89.354808,114,7267.79259
83.1517,123,7269.239099
46.422313,87,7270.269515
89.191193,110,7271.769539
85.895209,120,7273.424317
86.342486,121,7275.1424
89.799768,92,7276.235523
25.993214,54,7276.902165
86.183612,121,7278.329677
89.380759,108,7279.658951
-4.663223,18,7279.907743
82.369286,134,7281.503501
4.784723,24,7281.830338
89.101256,102,7283.120089
88.852113,140,7284.833094
85.448871,108,7286.324196
89.267685,139,7288.104553
77.940509,110,7289.626911
63.795191,114,7290.883679
82.480054,113,7292.455635
86.228102,125,7294.452033
11.53819,32,7294.822273
5.270047,19,7295.054231
89.139602,141,7297.052731
80.220923,116,7298.570938
89.34312,127,7300.399346
83.792193,120,7301.966674
72.309495,135,7303.800276
33.7493,60,7304.562619
-5.678458,8,7304.703954
58.76029,199,7306.856676
89.383529,110,7308.201299
86.263959,118,7309.650603
41.073368,153,7311.422409
82.715686,126,7312.960909
42.433938,91,7314.107405
85.61907,144,7315.865533
85.314967,130,7317.262896
89.374773,102,7318.383773
84.714312,140,7320.140363
89.089235,106,7321.329355
89.248145,104,7322.497993
11.509519,30,7322.839352
84.999561,150,7324.456312
85.743366,103,7325.700548
19.408046,38,7326.204272
-1.674635,10,7326.353152
64.198144,113,7327.706082
22.619087,38,7328.152611
82.617042,105,7329.394985
8.785565,32,7329.791817
61.318378,109,7331.034055
83.075339,115,7332.348833
83.238051,108,7333.641527
86.319427,100,7334.98589
43.974618,75,7335.835623
82.747876,98,7336.925314
56.718541,100,7338.030727
26.430697,44,7338.531906
86.468952,104,7339.71588
3.971798,17,7339.925802
2.0,13,7340.080804
88.763348,116,7341.358027
85.882406,112,7342.623542
89.033505,119,7343.960175
82.025701,128,7345.406262
17.57407,37,7345.8223
89.193071,101,7346.981375
85.904961,104,7348.224798
-8.219473,3,7348.286004
18.975383,40,7348.791344
6.847174,51,7349.409672
83.123099,110,7350.624674
89.021524,128,7352.066142
88.563862,144,7353.6734
0.041517,22,7353.943199
75.38725,110,7355.16431
19.39363,46,7355.683927
85.373461,123,7357.089074
54.476009,91,7358.128253
33.443756,64,7358.869149
-0.384695,12,7359.018703
78.525986,100,7360.197834
83.900417,124,7361.670785
88.761604,119,7363.058048
89.445274,109,7364.315929
86.411481,101,7365.440878
89.496479,118,7366.756795
81.475316,127,7368.180507
-6.008286,7,7368.286402
85.402106,119,7369.606983
83.352567,178,7371.504043
86.379848,134,7373.106891
40.323012,92,7374.292478
89.146283,108,7375.661468
64.83582,107,7376.98635
88.638767,132,7378.660417
89.657737,102,7379.942015
88.934506,123,7381.352814
88.827623,126,7382.831532
89.207399,118,7384.164459
85.24445,150,7385.766038
82.424894,109,7386.947113
85.853462,140,7388.686062
0.752606,19,7388.996509
81.883068,134,7390.965674
77.031216,220,7393.506256
83.010893,124,7395.29625
80.383988,109,7396.606287
81.59316,113,7397.910736
89.486124,125,7399.323225
86.107709,146,7400.969113
11.049087,58,7401.681462
84.978669,141,7403.406197
2.488045,22,7403.688186
87.232854,112,7405.062727
19.383333,53,7405.782793
88.772638,135,7407.485778
88.652575,164,7409.311667
85.686328,133,7410.772607
68.084135,198,7412.836566
29.295253,189,7414.856779
-2.33051,16,7415.068618
82.011944,305,7418.031209
82.125645,85,7418.968463
83.970503,147,7420.649818
-9.16,1,7420.698738
81.674662,149,7422.438488
2.633838,22,7422.733704
84.993702,89,7423.784358
87.322472,131,7425.405186
-1.358016,12,7425.6408
67.407057,118,7426.987466
1.131835,34,7427.47861
86.237136,124,7429.150735
69.778516,109,7430.597074
81.912864,87,7431.760419
20.392144,64,7432.601251
79.586812,110,7433.937888
19.373344,50,7434.545869
82.362277,127,7435.963936
82.01476,105,7437.188221
-1.696351,16,7437.399037
85.985867,97,7438.539591
75.79811,121,7439.94661
60.214173,75,7440.842973
-9.16,1,7440.891147
17.497221,48,7441.480197
78.313374,83,7442.483875
86.128438,114,7443.842773
78.925368,99,7445.021985
30.167811,52,7445.65391
52.0,63,7446.32147
72.060737,99,7447.460885
15.926557,46,7448.006244
86.703869,91,7449.096924
83.091231,108,7450.38281
19.172608,62,7451.109646
81.262723,100,7452.506621
12.779695,40,7453.14309
-4.350991,12,7453.321193
82.58729,104,7455.019308
1.921457,30,7455.43143
73.28614,106,7456.907565
14.38648,45,7457.614825
86.915707,129,7459.431595
3.430833,15,7459.637645
82.02353,89,7460.811022
60.800352,105,7462.247037
-7.736437,4,7462.323112
6.936395,21,7462.621515
64.260765,118,7464.074824
82.633686,110,7465.463457
8.853773,34,7465.910403
83.751212,121,7467.396705
90.123596,89,7468.303899
-4.626238,8,7468.416406
82.369765,93,7469.475253
24.189682,59,7470.130655
79.602724,129,7471.564309
20.051774,38,7471.999228
82.600618,117,7473.380572
89.037411,124,7474.804254
82.676044,113,7476.05562
60.710512,111,7477.340901
89.217636,112,7478.611775
41.328633,75,7479.497685
89.676419,110,7480.75753
85.962652,115,7482.105226
81.838789,85,7483.157548
34.059249,56,7483.82952
89.526656,103,7485.050949
74.178767,82,7486.024146
6.117857,28,7486.361103
81.935771,117,7487.710714
82.704076,111,7489.039598
33.140405,70,7489.830424
60.770944,114,7491.158071
86.0613,116,7492.465366
89.409723,107,7493.753358
89.656929,101,7494.952781
87.238322,131,7496.601548
83.131876,107,7497.877356
88.621836,148,7499.526381
89.016479,129,7500.991899
88.836226,126,7502.349622
86.464083,112,7503.654189
1.836122,25,7503.964648
86.455748,98,7505.062166
19.460615,31,7505.434702
87.111851,100,7506.581614
79.228766,121,7507.941726
83.987253,123,7509.353748
6.788577,35,7509.774278
15.31942,28,7510.130756
40.433316,85,7511.102087
54.088627,137,7512.555717
83.445141,118,7513.918375
82.722738,102,7515.091522
83.810831,138,7516.606147
88.701554,126,7518.033642
-0.338241,32,7518.397247
34.603368,84,7519.418355
64.293173,111,7520.605335
84.257324,119,7521.943862
-8.2,6,7522.045371
83.396286,102,7523.220335
79.403413,110,7524.478696
89.14065,112,7525.712929
85.371482,96,7526.792894
88.861878,122,7528.137237
82.470324,123,7529.652592
45.209651,72,7530.533345
89.417244,119,7531.983868
89.014801,134,7533.686476
-10.557875,2,7533.749528
83.251008,126,7535.412941
85.841715,156,7537.253086
51.490931,188,7539.482001
46.408373,114,7540.833443
83.769643,165,7542.899945
82.894689,111,7544.315626
84.004286,128,7545.801497
-5.176725,24,7546.101269
85.333262,103,7547.299916
-2.0092,12,7547.480007
86.284727,131,7548.967533
65.106404,108,7550.210108
18.007212,38,7550.655595
85.255017,123,7551.977765
86.906879,118,7553.28232
82.805826,142,7554.91539
83.389853,98,7556.074539
85.490935,125,7557.585773
86.078807,86,7558.467144
-7.4,5,7558.572039
86.788957,110,7559.864808
4.183692,34,7560.267424
11.203939,76,7561.172688
83.477581,125,7562.590864
24.346411,37,7563.050646
-8.24,5,7563.142815
89.583303,131,7564.66314
87.832219,142,7566.329369
9.995224,55,7567.035254
53.63522,103,7568.311312
88.438118,213,7570.584566
-8.172034,9,7570.704096
89.134336,114,7571.971966
52.400341,150,7573.720961
26.66423,86,7574.733808
4.667106,35,7575.182969
71.307026,136,7576.735331
88.611811,150,7578.426885
81.751394,130,7579.911849
87.340047,141,7581.530692
1.142417,34,7581.943412
89.116261,128,7583.533677
47.588533,92,7584.672592
2.596844,31,7585.075489
89.157272,143,7587.441802
62.716979,110,7589.296412
87.575933,123,7591.128396
89.152559,112,7592.540516
-0.330211,13,7592.732169
88.988072,103,7593.944201
86.126927,122,7595.487419
82.914151,117,7596.945791
88.85292,130,7598.534075
41.775636,91,7599.764258
89.080886,135,7601.56937
85.675704,130,7603.24895
85.866998,93,7604.433825
82.255753,97,7605.664141
-8.44,4,7605.737841
86.242562,117,7607.211471
-8.8,3,7607.269309
85.849754,125,7608.755808
13.949333,35,7609.184782
83.704413,118,7610.649733
47.839425,119,7612.063335
2.465924,17,7612.293072
21.720887,53,7612.959545
86.17346,124,7614.518209
45.807668,72,7615.403178
-7.521424,6,7615.506475
83.315661,135,7617.184699
78.285053,93,7618.362326
85.70346,92,7619.515608
88.667609,132,7621.128091
86.059253,117,7622.536741
5.72092,21,7622.824143
62.029047,234,7625.524112
60.848299,96,7626.652464
87.044621,124,7628.181169
86.317197,119,7629.625583
6.967643,21,7629.920031
87.951438,132,7631.477747
41.481708,66,7632.272328
23.394242,40,7632.807745
84.828715,130,7634.392537
89.178852,149,7636.279716
70.686452,168,7638.085575
84.33672,125,7639.534701
13.366932,61,7640.311754
5.145421,51,7640.960198
78.145338,123,7642.451437
87.755025,151,7644.210558
89.192333,121,7645.587566
85.752885,125,7647.024222
89.252469,118,7648.463175
85.445458,117,7649.825669
43.629935,56,7650.445698
1.349578,23,7650.740534
-10.0,1,7650.774791
86.377386,125,7652.202695
85.272459,127,7653.622684
13.662526,49,7654.202112
38.384022,73,7655.027827
24.540783,56,7655.670895
89.258395,113,7656.972021
1.745262,13,7657.150606
33.431811,58,7657.837085
82.522208,150,7659.469929
86.242507,111,7660.969982
85.951709,105,7662.356659
85.675814,122,7663.983048
85.44268,117,7665.635317
78.577184,89,7666.784122
85.876646,110,7668.125747
1.563553,24,7668.464313
85.392749,146,7670.68648
82.299125,106,7672.244925
74.070239,119,7674.047647
66.617862,110,7675.737023
85.361598,106,7677.269531
86.971972,123,7679.061039
89.225112,127,7680.88467
-7.028414,5,7680.988153
55.362475,126,7682.814395
86.189444,218,7685.569174
88.700992,151,7687.655063
73.384673,121,7689.31916
82.990036,91,7690.651546
75.770904,98,7692.142061
50.799738,61,7693.159475
5.629646,19,7693.46605
-3.338206,8,7693.621944
86.259252,139,7695.566972
33.816785,58,7696.366273
89.534253,102,7697.81313
82.797705,91,7699.092927
74.22058,97,7700.519663
88.982614,134,7702.450331
-9.036171,5,7702.566802
35.942188,49,7703.301095
82.650765,102,7704.758578
72.912899,182,7706.997963
59.205738,114,7708.362718
85.12986,87,7709.380853
82.545002,119,7710.707221
85.915658,192,7712.738369
86.174627,130,7714.260182
88.6639,140,7715.920298
85.635969,123,7717.397086
89.779753,126,7718.825759
72.560325,108,7720.068664
1.878428,27,7720.391905
78.550828,122,7721.795156
82.607643,125,7723.251625
-8.106688,3,7723.311578
89.787133,123,7724.808302
1.174133,30,7725.228034
75.768766,112,7726.516519
89.679285,121,7727.923444
86.153803,131,7729.529483
62.478329,112,7730.804887
51.897674,95,7732.031526
-2.549234,9,7732.200161
85.544192,118,7733.802324
-6.628531,11,7733.949101
35.418337,78,7734.876858
-3.338219,21,7735.161279
13.678181,29,7735.579194
85.966854,124,7737.304945
79.883504,111,7738.757326
82.199629,121,7740.183877
11.282335,32,7740.596993
82.030599,138,7742.285978
78.37196,115,7743.581249
85.547851,130,7745.021805
85.922474,143,7746.599271
-1.176515,12,7746.761434
49.961138,86,7747.711776
89.72914,125,7749.066587
86.652373,118,7750.379978
16.0,27,7750.671203
65.221626,105,7751.830675
58.875681,88,7752.811182
79.146157,93,7753.884499
89.08397,132,7755.37894
37.623334,86,7756.342465
84.222222,168,7758.144707
88.921747,122,7759.628385
7.051673,30,7760.029426
62.570857,87,7761.055989
89.130321,91,7762.050451
18.757641,47,7762.633022
83.42357,123,7764.178424
74.377963,83,7765.443201
83.926683,203,7768.063913
46.035158,77,7768.993603
19.756406,45,7769.59028
79.517008,151,7771.451246
80.713566,148,7773.087789
88.403322,204,7775.162505
89.054014,125,7776.54349
85.727502,101,7777.686992
85.339745,112,7778.900103
-4.36593,7,7779.002377
21.590727,38,7779.44179
52.728265,95,7780.496037
31.102847,76,7781.348484
81.019014,108,7782.60168
86.568205,118,7783.983138
86.077464,99,7785.084388
42.539298,64,7785.786727
89.68821,127,7787.18116
82.695874,109,7788.567926
-7.6,4,7788.657199
21.928793,40,7789.128285
86.289751,105,7790.419893
88.858551,107,7791.669728
86.148804,120,7793.129561
14.949131,44,7793.680442
79.789322,90,7794.823395
51.920379,271,7797.62332
89.037096,136,7799.17666
21.419374,35,7799.702231
11.714844,36,7800.168063
89.779288,102,7801.372942
85.300578,121,7802.799531
89.473726,119,7804.308195
75.92185,90,7805.476857
79.590259,99,7806.660636
82.878105,108,7807.924639
16.104744,35,7808.359275
88.779881,133,7809.934341
29.255889,62,7810.64695
54.275252,80,7811.611075
89.598514,105,7812.893455
85.499207,96,7814.128711
89.039603,118,7815.542475
19.34149,39,7816.011589
84.986245,122,7817.416475
81.724802,91,7818.518251
85.73213,125,7820.003429
86.237931,134,7821.504779
-10.0,1,7821.558141
89.738148,127,7823.151888
86.905615,125,7824.77511
36.24461,82,7825.678787
86.297045,132,7827.23812
24.122851,43,7827.764751
87.605847,119,7829.101312
22.401979,69,7829.868443
89.717008,106,7831.008785
6.887776,18,7831.228255
82.6346,114,7832.47426
86.131186,101,7833.594609
-7.96,3,7833.66106
14.105606,29,7834.021135
86.833325,127,7835.462226
82.860945,120,7836.782444
85.348993,181,7838.868794
85.584505,166,7840.700005
52.698726,118,7841.990117
63.729109,109,7843.265914
82.769115,112,7844.559797
82.728611,117,7845.966619
11.415554,58,7846.603642
78.714564,116,7847.872092
80.748895,104,7849.071003
88.568561,179,7851.270354
86.029117,203,7853.567011
88.683018,142,7855.412443
85.300809,137,7857.097333
85.349537,123,7858.629357
70.727304,166,7860.560819
-7.52,9,7860.710564
86.38914,133,7862.209335
41.727172,82,7863.123704
77.626113,84,7864.086305
88.668307,149,7865.702599
28.978758,78,7866.562954
85.429805,131,7868.037215
83.872592,102,7869.093873
17.455448,43,7869.610168
79.482469,114,7870.893912
46.363341,176,7873.013466
1.043815,14,7873.195631
84.720395,149,7874.863923
0.964159,18,7875.08621
86.233525,100,7876.254771
57.959649,94,7877.412736
83.408965,117,7878.890191
19.183595,57,7879.632216
3.879242,24,7880.011536
11.184767,54,7880.684075
-7.0,4,7880.766864
82.141921,87,7881.876866
82.774205,116,7883.363409
89.157696,120,7884.799234
79.467095,103,7886.272175
70.288327,107,7887.615856
88.747644,142,7889.433765
89.092567,143,7890.988484
78.715234,120,7892.363364
86.268836,98,7893.467132
-3.750488,8,7893.586186
88.664146,147,7895.193001
81.999367,130,7896.666418
3.124262,55,7897.347661
36.076742,71,7898.158411
82.469144,138,7899.834735
7.849944,63,7900.555629
-8.476826,7,7900.665301
49.61365,99,7901.843247
89.334167,123,7903.462886
0.789942,21,7903.789497
-3.21442,13,7903.995826
4.898871,49,7904.674704
82.125345,97,7906.132605
80.91136,274,7909.155818
85.782685,108,7910.509905
-5.026588,6,7910.600635
-5.277182,16,7910.816114
89.397196,108,7912.12542
82.957201,116,7913.837835
40.648161,82,7914.887531
86.206748,107,7916.221119
88.619888,144,7917.97022
82.551005,142,7919.751064
85.053674,105,7921.025671
86.363406,110,7922.453787
83.291596,109,7924.443187
57.359991,72,7925.382683
82.193385,114,7926.850712
66.204923,100,7928.135635
80.546778,115,7929.698613
8.761965,23,7929.993838
52.193013,92,7931.129767
73.871338,124,7932.642821
82.074831,120,7934.176965
89.572313,89,7935.316275
78.418974,151,7937.217951
56.708398,157,7939.19961
83.523968,122,7940.753185
13.17886,33,7941.177763
82.643295,109,7942.469889
85.037809,160,7944.344293
54.346189,133,7945.839342
-7.6,4,7945.918983
89.029225,129,7947.392313
86.445895,154,7949.212384
88.996879,152,7950.920461
87.78222,163,7952.718591
81.863239,139,7954.32477
60.736704,111,7955.530343
85.009264,121,7956.929498
85.968074,124,7958.369569
62.695398,106,7959.514215
6.11958,22,7959.779179
88.685567,134,7961.229783
10.076029,24,7961.530143
85.937055,136,7963.084211
37.792484,59,7963.77693
79.328921,98,7965.016363
82.739079,101,7966.16799
88.640847,143,7967.767858
5.209702,19,7968.003762
79.502264,124,7969.393309
89.203627,106,7970.560857
84.21238,124,7971.950958
75.693689,103,7973.218724
58.077704,90,7974.329521
21.18671,53,7974.94287
88.832776,140,7976.528238
76.622158,112,7977.945797
88.921846,151,7979.86006
81.181772,120,7981.481477
89.480229,129,7983.16267
8.006066,45,7983.726616
85.046175,148,7985.562704
78.53293,130,7987.123948
89.595247,140,7988.88011
-5.03861,9,7989.025255
86.036314,139,7990.754938
88.846671,133,7992.395297
84.257264,127,7993.912652
86.643798,142,7995.530491
-5.217519,31,7995.95046
89.567391,127,7997.540271
9.118332,34,7997.989719
84.139317,144,7999.701052
89.570366,135,8001.35742
-7.6,4,8001.451583
86.713809,116,8002.907133
88.776781,136,8004.516936
13.552884,44,8005.055665
86.301428,112,8006.489508
45.194944,71,8007.404335
75.486755,136,8009.185252
86.367402,118,8010.671119
5.298935,17,8010.921581
89.239959,135,8012.84217
-10.0,1,8012.891764
89.407187,128,8014.931732
58.359546,102,8016.532729
87.566213,119,8018.30972
89.04962,136,8020.028782
83.048686,270,8023.166825
7.665785,36,8023.688583
86.511967,128,8025.505896
56.769928,107,8026.822902
52.333952,104,8028.151199
32.573021,67,8028.986009
-7.613178,4,8029.068028
88.554231,208,8031.473452
85.978599,124,8033.039686
85.880417,113,8034.398646
32.270024,61,8035.141097
89.195756,108,8036.479787
89.036544,131,8038.211151
35.948278,78,8039.179888
30.514856,48,8039.822834
89.6575,91,8041.071334
19.066277,40,8041.618656
89.246335,119,8043.117038
1.063998,17,8043.356201
86.100432,147,8045.124754
86.329084,105,8046.417037
85.199059,88,8047.456517
86.040883,122,8048.892619
85.848567,102,8050.135641
84.507913,103,8051.622864
29.727179,60,8052.373516
26.945471,54,8053.060927
-1.656931,15,8053.275987
89.196913,145,8055.123242
86.246753,136,8056.881081
89.029238,125,8058.413821
82.804932,117,8059.883556
80.045787,172,8061.885202
88.955286,135,8063.485152
76.671071,112,8064.86722
85.892279,125,8066.361333
85.056761,97,8067.528314
30.742105,70,8068.413239
63.880418,73,8069.371451
-3.064769,9,8069.506187
89.617961,147,8071.230257
84.204022,129,8072.729286
84.436612,120,8074.275705
85.319132,171,8076.387309
48.237772,110,8077.695179
81.211739,133,8079.317135
88.911496,156,8081.106058
32.350614,85,8082.118701
83.009757,124,8083.542849
79.971032,118,8085.033366
87.031961,110,8086.448395
39.753824,78,8087.39103
11.691732,25,8087.708329
25.826422,52,8088.39492
34.125585,68,8089.220058
57.180178,90,8090.350685
88.915444,123,8091.827083
89.070772,120,8093.211483
14.716186,40,8093.717399
31.91921,43,8094.195486
-3.399895,14,8094.40379
-8.174937,4,8094.480367
76.464394,99,8095.666552
73.954033,149,8097.349408
79.043902,107,8098.676015
83.758831,122,8100.335167
43.697586,82,8101.356688
51.775153,94,8102.527501
50.638198,88,8103.525336
84.212536,109,8104.768684
-2.901024,13,8104.937344
67.603003,114,8106.410511
66.98515,345,8109.807853
74.944769,90,8111.040279
79.728,121,8112.591333
89.22325,130,8114.118464
85.933762,133,8115.81723
87.437524,123,8117.275788
88.934851,119,8118.638997
82.873375,124,8120.082652
12.193764,30,8120.454674
36.880148,64,8121.238774
82.437286,135,8122.898637
85.231223,224,8125.271226
82.511379,126,8126.725827
3.24872,23,8127.010244
89.540795,136,8128.638782
5.287255,44,8129.242927
79.859145,120,8130.795412
0.679625,12,8130.955813
86.187418,94,8132.104416
76.693933,120,8133.595386
88.6527,146,8135.379245
85.846207,109,8136.754874
78.842235,118,8138.244459
42.133297,94,8139.537028
41.450524,79,8140.630061
73.3984,126,8142.821127
33.830967,88,8144.342047
84.547208,146,8146.530298
83.368952,163,8148.647477
89.390765,154,8150.802024
86.906145,169,8153.146118
23.524311,103,8154.800856
8.386483,60,8155.647977
83.145816,152,8157.643426
83.106025,155,8159.612666
83.514888,178,8161.915727
23.977866,45,8162.527997
10.480026,26,8162.917313
35.059348,77,8164.013649
89.355555,118,8165.633423
0.682724,37,8166.2091
82.298663,143,8168.369064
-0.245874,36,8168.887986
36.982553,353,8172.36797
83.563844,146,8174.123512
52.473596,99,8175.421842
86.349202,123,8177.140182
86.185567,111,8178.51425
49.852835,100,8179.750878
88.887908,110,8181.083374
89.333925,119,8182.542766
34.981222,63,8183.362535
83.270329,143,8185.11094
71.354724,122,8186.990136
89.344535,103,8188.390939
84.898114,149,8190.297335
82.735034,137,8192.05027
18.638278,49,8192.717088
29.339926,69,8193.644988
75.770018,89,8194.829467
82.204819,83,8195.855271
-8.138991,3,8195.928931
34.3271,47,8196.569694
89.993667,89,8197.665813
4.389063,20,8197.955535
9.169725,24,8198.333972
33.523976,57,8199.124959
36.930139,60,8199.998585
79.623728,133,8201.784568
89.123715,143,8203.662929
-0.005837,12,8203.877088
-9.99661,5,8203.980478
10.388268,31,8204.403011
87.102251,145,8206.203772
79.459122,100,8207.54349
31.333334,51,8208.187792
83.413302,118,8209.636851
26.640446,58,8210.367337
42.683654,64,8211.143258
-1.779089,14,8211.349941
86.1767,117,8212.773938
81.677642,119,8214.231891
82.611441,118,8215.713963
72.312042,116,8217.264965
85.331855,132,8218.941954
79.002338,118,8220.674541
79.013313,125,8222.335166
-8.28383,9,8222.479641
58.568352,94,8223.710519
48.425761,89,8224.834555
86.439732,131,8226.453405
27.849763,66,8227.395798
47.833029,82,8228.457126
45.931154,80,8229.41079
41.923688,74,8230.349345
74.6101,115,8231.793991
-1.291459,15,8232.016398
85.634175,108,8233.298446
36.068168,81,8234.289474
86.622009,90,8235.395575
58.528807,101,8236.852274
-10.092718,2,8236.921299
24.657243,49,8237.746559
72.81098,88,8238.880059
41.446093,83,8239.894864
81.713336,101,8241.201104
-6.711909,6,8241.304375
79.790489,125,8242.926749
14.41554,61,8243.708617
35.345419,76,8244.69691
84.929511,123,8246.254587
51.707123,98,8247.491837
40.64303,68,8248.330805
0.937111,13,8248.512313
89.649522,91,8249.613038
10.987305,23,8249.920321
0.501322,13,8250.102237
82.148562,121,8251.65639
81.203513,97,8252.81175
81.655683,115,8254.315473
82.726341,112,8255.790333
87.171371,152,8257.598325
71.929777,84,8258.550036
-7.31189,6,8258.647817
10.957352,33,8259.063975
83.679718,284,8261.809736
-2.250906,9,8261.940193
88.763145,141,8263.689583
78.569296,85,8264.823536
89.415799,117,8266.445014
25.253935,60,8267.359233
68.961463,137,8269.102745
83.107608,115,8270.531749
-1.233182,11,8270.703917
88.691732,207,8272.905666
83.940057,129,8274.553655
16.244459,44,8275.140836
85.496262,87,8276.212646
29.099176,58,8276.934884
89.585831,90,8277.948895
43.296991,274,8280.857676
81.848929,103,8282.272888
19.399053,43,8282.841451
17.558897,44,8283.406561
85.975266,112,8284.856913
79.466333,115,8286.317343
78.803233,122,8287.853073
55.282167,91,8289.010053
51.58619,62,8289.858086
85.245296,203,8292.17467
38.868697,71,8293.108143
71.770753,101,8294.455145
83.706291,139,8296.455185
32.972183,76,8297.594867
8.746781,27,8297.987185
74.434789,85,8299.139712
73.89248,122,8300.759861
23.062608,49,8301.409417
83.753899,113,8302.877303
56.380874,123,8304.485198
89.066988,113,8305.929721
79.194034,107,8307.33034
4.851985,24,8307.666362
47.343437,75,8308.668401
78.402564,99,8310.097006
1.298999,16,8310.373901
83.149862,112,8311.780478
22.977076,50,8312.422892
82.804843,111,8313.823736
12.62318,29,8314.198207
81.47346,90,8315.377635
78.153314,133,8317.077239
85.314028,122,8318.603294
88.835529,116,8320.18554
89.784473,124,8322.072205
83.37329,90,8323.218349
86.443291,128,8324.833325
44.581683,70,8325.746607
68.298556,131,8327.662137
44.715197,97,8329.021643
80.158971,110,8330.394695
56.228438,94,8331.638804
88.763003,119,8333.087573
23.201752,41,8333.598463
85.794798,112,8335.075933
9.598413,32,8335.537001
79.523865,103,8336.855374
46.181084,77,8337.809788
82.464625,93,8339.039306
27.462004,46,8339.671891
-8.44,4,8339.754305
7.943878,28,8340.171892
86.047228,121,8341.755245
89.987927,89,8342.753732
63.604129,103,8344.02603
81.540238,120,8345.577214
82.332719,101,8346.895418
36.987364,78,8347.852188
85.268381,88,8348.916203
84.778152,115,8350.368739
26.457145,60,8351.10911
81.720425,108,8352.428408
83.73055,155,8354.265007
68.232053,116,8355.827922
-7.053378,5,8355.92382
84.921707,128,8357.656701
84.973447,119,8359.29802
82.1663,90,8360.382749
86.20331,123,8361.802356
61.65173,95,8362.876505
88.997231,116,8364.234069
83.036624,121,8365.655831
85.59161,121,8367.180885
79.380093,112,8368.506737
-9.16,1,8368.555288
37.313344,60,8369.244124
89.361279,119,8370.65484
-3.321753,9,8370.782374
77.91989,82,8371.793141
18.44131,43,8372.342674
66.466182,125,8373.981731
66.026683,142,8375.589562
89.205639,123,8377.028296
82.503232,119,8378.419057
-2.869879,13,8378.588117
82.958302,114,8379.910551
7.408288,24,8380.23168
88.833865,133,8381.766502
35.27629,78,8382.693073
72.616439,124,8384.157007
86.019713,109,8385.450553
81.855243,97,8386.690781
53.437465,80,8387.734356
89.0177,120,8389.279483
82.565643,116,8390.684283
13.592499,25,8390.994082
4.0,15,8391.174416
47.293835,78,8392.07977
86.505939,125,8393.531719
39.961657,58,8394.211222
11.519852,38,8394.668416
51.653499,63,8395.396702
79.995909,108,8396.652983
73.116839,114,8397.980382
89.377053,118,8399.355775
7.456944,53,8399.976518
82.552433,138,8401.571804
89.848828,123,8402.946073
83.536154,112,8404.230065
0.126078,24,8404.542601
34.745765,79,8405.48099
88.875498,142,8407.069853
88.555759,189,8409.078458
51.582359,172,8410.982723
23.346747,79,8411.915314
33.22095,54,8412.565656
83.109064,123,8414.003289
20.118971,61,8414.721716
48.213487,108,8416.020241
31.529389,75,8417.102842
89.004103,140,8418.806122
64.476218,123,8420.20253
33.446079,78,8421.118734
85.507019,292,8424.05852
76.942772,97,8425.15507
87.741628,121,8426.537462
85.741743,124,8427.963231
50.502607,92,8429.026803
16.084872,41,8429.513883
83.840924,138,8431.078616
89.787042,91,8432.121534
82.878263,132,8433.732644
88.753577,128,8435.296654
82.111869,99,8436.451344
89.158476,114,8437.771441
10.72445,22,8438.023789
88.970887,140,8439.629155
-8.8,3,8439.684325
81.790084,114,8441.04117
86.449759,126,8442.515338
-8.339883,8,8442.640503
58.14166,106,8443.884169
70.320248,126,8445.445732
89.020596,131,8447.194223
82.422668,116,8448.643187
27.577599,65,8449.399602
50.566029,89,8450.415363
30.587458,62,8451.257508
13.25246,38,8451.713354
85.952163,127,8453.208724
52.88655,106,8454.498355
88.871886,159,8456.279379
87.563948,165,8458.082909
66.8977,136,8459.636643
88.829423,163,8461.430304
82.561126,122,8462.831672
89.086865,130,8464.280061
85.839598,92,8465.367376
-7.145047,8,8465.486926
86.865602,125,8467.000063
82.728683,113,8468.409972
75.214152,121,8469.807037
82.367184,117,8471.132252
84.108858,133,8472.6537
85.049645,118,8473.949182
76.120829,91,8475.015144
35.422157,57,8475.709016
89.026352,109,8477.180264
66.201893,93,8478.419473
82.972736,108,8479.728254
78.872128,105,8480.972581
69.266801,85,8481.940474
74.45591,95,8483.019734
73.904814,98,8484.168791
89.196088,117,8485.507175
76.447373,128,8487.026105
87.542405,140,8488.629817
49.620163,73,8489.477718
87.187282,112,8490.765437
86.480508,120,8492.176866
83.058399,246,8494.724818
86.528971,139,8496.337258
79.595435,114,8497.664314
60.750902,101,8498.880798
3.73327,15,8499.107043
-7.938937,5,8499.197014
86.388501,109,8500.574792
89.271572,129,8502.170387
0.030452,22,8502.461713
89.261898,96,8503.595622
12.377057,26,8503.917097
-4.43432,9,8504.046984
78.925366,103,8505.419389
77.912182,80,8506.511458
82.580465,100,8507.824593
89.004779,140,8509.485449
87.224914,147,8511.211177
81.925834,87,8512.23229
78.4048,90,8513.318328
85.956859,111,8514.619975
86.173714,128,8516.140974
88.66424,143,8517.820637
90.025688,89,8518.806311
81.390403,123,8520.214389
89.667805,112,8521.488921
-2.759026,12,8521.658869
89.205501,138,8523.237685
78.703959,174,8525.209621
79.981814,133,8526.788401
30.173504,45,8527.324627
69.044142,116,8528.65314
82.29156,112,8529.95556
79.2551,134,8531.544577
84.127155,132,8533.104589
79.68134,113,8534.557839
89.101238,122,8536.107515
88.762404,126,8537.754574
79.177673,100,8538.986684
89.25888,98,8540.135171
35.103873,92,8541.203313
-9.150483,2,8541.250792
85.706111,90,8542.296457
85.419803,113,8543.628236
82.696518,107,8544.883287
83.000297,109,8546.15964
29.311325,50,8546.744504
81.942033,91,8547.820775
79.60347,150,8549.525636
85.421082,121,8550.929321
83.011364,118,8552.311332
89.559391,99,8553.475167
82.573263,129,8554.973691
79.464636,96,8556.093138
85.222151,118,8557.554307
11.333925,61,8558.289586
88.658686,143,8559.913768
89.108658,152,8561.632267
89.633548,117,8562.978754
-4.670687,8,8563.092923
65.878028,111,8564.362582
87.754804,121,8565.809708
-5.055852,9,8565.948546
22.681401,72,8566.975092
82.022487,135,8568.777774
-9.036895,2,8568.825042
90.123596,89,8569.769337
83.235903,129,8571.256176
7.087067,51,8571.863523
83.973237,153,8573.624441
87.395476,129,8575.131445
70.395768,126,8576.609811
12.701076,35,8577.030809
62.739427,121,8578.392309
66.813837,163,8580.195486
4.131467,23,8580.490181
82.746432,117,8581.980418
63.769604,115,8583.326419
38.558477,56,8583.950506
81.996163,134,8585.457445
86.52722,120,8586.831673
89.066263,138,8588.411341
85.575912,113,8589.717759
-1.370298,23,8590.009434
15.182392,52,8590.609943
89.059898,129,8592.07087
76.948065,113,8593.403975
88.928993,124,8594.861997
85.639128,119,8596.373038
-6.094691,6,8596.472341
88.936008,119,8597.921658
89.205738,126,8599.351475
42.067892,73,8600.166793
-1.903545,18,8600.385935
82.257987,110,8601.796603
82.273208,95,8602.961997
82.990867,139,8604.58283
84.05435,100,8605.748369
85.661124,123,8607.174302
59.856023,100,8608.348744
85.986623,125,8609.779216
83.8584,124,8611.242557
81.264136,135,8612.859524
27.917914,62,8613.61454
19.806944,41,8614.100363
-7.96,3,8614.170733
85.323695,90,8615.290523
85.666367,116,8616.770262
82.964341,141,8618.44933
39.275123,79,8619.372309
77.996891,91,8620.502243
30.969279,54,8621.162455
18.423876,35,8621.595053
24.074268,42,8622.13436
-10.0,1,8622.175093
85.854089,135,8623.911799
86.130721,123,8625.386546
11.612652,24,8625.714082
82.915964,134,8627.434206
89.909124,99,8628.609831
81.660019,86,8629.642347
14.263328,29,8629.998779
3.193294,19,8630.241038
30.420469,46,8630.79415
89.136158,102,8632.028979
52.787107,100,8633.233944
7.874892,31,8633.627346
-7.027189,4,8633.716806
43.329589,65,8634.705564
26.274978,59,8635.550633
80.002815,120,8637.144658
83.761338,111,8638.444074
-7.964792,11,8638.598848
81.553406,107,8640.024293
1.579672,27,8640.360541
82.973005,119,8641.803005
7.167617,52,8642.427939
81.905199,113,8643.90347
80.971957,117,8645.270261
7.525862,30,8645.647211
0.772721,12,8645.818866
55.042373,125,8647.268208
-0.323338,13,8647.460254
81.771044,130,8649.003567
79.014289,123,8650.451148
85.481517,127,8651.922538
56.937665,141,8653.763009
13.972114,57,8654.447904
86.625918,128,8656.010722
84.94944,120,8657.524415
85.940525,126,8659.045319
81.776309,92,8660.11006
36.889208,70,8660.965029
82.969723,121,8662.390948
86.280751,122,8663.864988
82.62316,114,8665.231165
20.827354,47,8665.832232
7.148529,19,8666.074816
86.060711,138,8667.713162
24.274098,73,8668.691359
34.869812,88,8669.79744
33.589558,52,8670.401167
33.80685,78,8671.327833
81.82792,86,8672.367002
83.302642,134,8673.943695
82.478406,98,8675.092914
28.18538,76,8676.163845
85.490604,123,8677.588019
84.281111,162,8679.456576
89.042162,120,8680.827279
89.092221,106,8682.089755
46.85392,78,8683.021513
-7.11821,4,8683.095019
-6.822589,6,8683.190509
-7.84,9,8683.339645
86.413026,130,8685.017888
80.420288,111,8686.367992
85.536971,129,8688.164663
40.811618,173,8689.968641
28.466595,86,8690.98819
0.730827,27,8691.330148
82.60664,120,8692.753373
8.734802,32,8693.1768
89.005716,163,8695.05367
70.82177,131,8696.727167
78.348897,122,8698.146442
38.750896,102,8699.365846
2.726888,14,8699.539191
-7.223069,4,8699.614474
86.604607,147,8701.354505
15.404836,65,8702.185964
84.575883,121,8703.612346
9.882915,56,8704.285605
85.584455,121,8705.665707
89.204337,94,8706.762177
66.670573,129,8708.31167
89.25022,98,8709.55175
-5.586095,7,8709.700114
86.17546,148,8711.396313
13.915367,50,8712.001838
86.021519,124,8713.425192
85.969758,102,8714.599672
81.579435,90,8715.662745
88.834747,132,8717.493159
81.953652,84,8718.52688
-10.0,1,8718.56583
33.37388,86,8719.581576
82.800018,104,8720.806724
5.316548,17,8721.027595
89.842018,93,8722.122234
55.468266,89,8723.150825
30.862626,56,8723.815922
82.486183,129,8725.370102
79.120641,103,8726.62738
86.186549,128,8728.115943
82.855156,117,8729.494482
-7.6,4,8729.575427
-5.169292,8,8729.718006
-7.36,6,8729.856643
79.722062,122,8731.412796
-7.395796,7,8731.541595
13.598586,37,8732.102803
69.569179,108,8733.350222
89.388774,116,8734.796793
11.509376,37,8735.361618
85.687759,107,8736.767755
89.520616,122,8738.21535
82.139557,112,8739.532438
7.376338,39,8740.002424
86.133288,128,8741.517799
78.556849,93,8742.638867
68.323578,121,8744.06655
88.905133,129,8745.760059
28.071951,53,8746.414407
13.494267,33,8746.864666
-10.0,1,8746.90613
82.709521,112,8748.387758
89.68678,109,8749.851718
83.340247,128,8751.371523
-7.124292,4,8751.44411
85.388741,95,8752.560476
89.074898,108,8753.817557
89.096926,128,8755.283864
88.667169,142,8756.881907
-3.645667,8,8757.004876
12.897335,51,8757.606046
68.482461,120,8758.945091
83.655646,123,8760.403903
78.459213,100,8761.687164
45.271177,74,8762.608758
88.786347,143,8764.259777
89.239767,90,8765.200482
85.29106,117,8766.558424
88.809539,151,8768.47737
17.690048,50,8769.11619
-1.936986,13,8769.327825
88.940513,108,8770.630833
85.411168,110,8771.895213
89.103958,127,8773.376712
-4.341891,27,8773.724199
36.458359,68,8774.545532
12.178773,38,8775.008473
81.548162,339,8778.271481
80.413686,100,8779.620671
25.617361,55,8780.256938
85.784182,139,8781.888637
80.797363,106,8783.150466
-5.246152,10,8783.301095
78.825309,123,8784.719265
88.977738,128,8786.243619
10.060181,44,8786.830226
39.403877,77,8787.740493
43.858052,91,8788.814958
74.979618,124,8790.27231
73.582662,86,8791.251245
85.626881,153,8792.967804
-3.344081,8,8793.085494
86.362911,129,8794.557091
89.294526,107,8795.9375
48.41458,62,8796.694507
88.999705,91,8797.68872
88.929473,135,8799.505281
31.540212,64,8800.26708
33.469184,66,8801.064917
89.249061,116,8802.490225
89.090365,137,8804.157245
28.935034,74,8805.035008
88.654632,134,8806.586361
87.536508,113,8807.997369
83.726366,112,8809.352961
69.498563,121,8810.959122
80.299781,113,8812.302766
43.76506,74,8813.144047
88.860908,126,8814.618757
71.90793,86,8815.638942
76.911267,117,8817.021435
55.801462,109,8818.457113
29.042485,52,8819.104549
-7.571753,6,8819.195556
89.105239,112,8820.510985
86.16653,105,8821.734617
70.296959,122,8823.100024
64.052764,175,8825.167689
14.197971,58,8825.856786
76.70697,101,8827.100695
89.106585,128,8828.585364
78.503073,100,8829.759793
48.488531,83,8830.721506
58.093923,111,8832.153457
89.217058,122,8833.614201
3.76535,17,8833.829351
57.006495,109,8835.117466
89.241119,136,8836.878839
87.496736,122,8838.524606
89.196275,140,8840.325018
-0.024109,13,8840.509798
77.088491,117,8842.019967
-7.185132,7,8842.124912
81.718643,162,8844.041479
71.491731,91,8845.190848
38.933167,72,8846.048707
82.102307,148,8847.750823
76.042173,122,8849.222213
68.314389,118,8850.602826
34.091762,67,8851.405537
85.878788,115,8852.782648
14.09439,28,8853.133722
62.326411,105,8854.371961
-2.879444,10,8854.516385
72.831874,94,8855.549088
36.997257,104,8856.9375
3.970549,23,8857.249488
2.014632,30,8857.625673
79.439791,121,8859.086642
13.854831,42,8859.613083
43.64796,85,8860.660427
87.052989,132,8862.247952
33.450142,76,8863.353209
89.496897,89,8864.326739
88.986846,130,8865.889877
25.840973,69,8866.694416
14.271712,64,8867.492301
-7.4,5,8867.598042
31.502512,80,8868.647583
86.828107,110,8870.07591
36.076359,76,8870.999099
75.787544,104,8872.218235
85.022552,126,8873.732791
63.167424,113,8875.055453
82.712142,104,8876.330468
89.077465,120,8877.735131
-7.36,7,8877.851266
-6.417787,6,8877.961908
76.030678,120,8879.453016
62.065106,92,8880.51457
-9.049387,2,8880.565225
71.371835,95,8881.779322
82.097893,101,8883.042909
87.215463,106,8884.299964
82.891085,110,8885.599215
82.460324,120,8887.04793
53.845928,97,8888.201092
78.399197,83,8889.252363
52.54706,90,8890.348567
47.349144,88,8891.413646
86.074063,118,8892.766622
77.755056,122,8894.169947
-4.939225,12,8894.342519
80.747028,120,8895.72117
86.107742,103,8896.920888
85.554954,107,8898.313593
13.346073,32,8898.852094
83.002257,121,8900.479367
28.293627,56,8901.245493
32.612492,77,8902.121608
22.810085,37,8902.657728
66.223785,79,8903.614877
-3.242558,9,8903.769798
82.37445,118,8905.22655
85.237814,118,8906.682111
72.079454,83,8907.735699
-7.410662,5,8907.831451
88.879694,128,8909.418278
86.004021,118,8910.878956
70.26652,130,8912.430187
6.251405,45,8912.994061
76.494388,124,8914.508646
89.31293,130,8916.041227
7.784911,23,8916.339947
6.455453,45,8916.90683
81.477347,121,8918.358087
86.675906,113,8919.725023
81.965543,121,8921.196726
-8.059264,3,8921.260082
-1.29977,10,8921.404971
89.940875,90,8922.424712
71.894343,86,8923.492382
63.022497,105,8924.72043
81.38116,108,8926.036619
84.95608,116,8927.395457
0.194213,14,8927.588961
85.654161,106,8928.874638
81.079251,100,8930.10727
6.028714,26,8930.484151
62.754099,110,8931.864903
-5.0,6,8931.957305
86.247678,130,8933.521932
6.749272,21,8933.799429
88.902196,131,8935.469879
87.636798,121,8937.084899
85.416051,115,8938.492273
76.729291,117,8939.937282
68.510409,107,8941.261886
72.454938,102,8942.713289
81.435865,84,8943.747769
82.819846,134,8945.390008
89.113822,120,8946.84548
81.939551,98,8948.081047
88.804179,138,8949.831316
65.722096,79,8950.759383
-8.44,4,8950.834285
80.255425,101,8952.090258
16.385592,40,8952.616109
88.785603,128,8954.395294
89.482787,126,8955.912783
86.933441,122,8957.350242
3.747945,22,8957.615623
82.156371,89,8958.697546
78.412976,85,8959.828731
86.544885,132,8961.61172
23.462818,68,8962.461555
69.597985,124,8963.932879
23.050505,42,8964.437125
47.458965,87,8965.490154
0.513418,14,8965.686156
52.426677,86,8966.702913
78.9255,109,8968.026626
82.517778,113,8969.377698
82.115643,91,8970.612051
29.715665,49,8971.28128
78.890098,97,8972.512772
85.873094,123,8974.013909
88.98725,109,8975.308079
89.155515,120,8976.745339
34.687796,61,8977.520928
11.801575,31,8977.915982
22.055181,51,8978.587603
76.945152,262,8981.369377
89.32266,128,8982.834414
82.357945,116,8984.22243
85.705035,98,8985.424629
80.007084,120,8986.89578
49.646072,89,8987.992026
75.655258,129,8989.563241
-4.793128,8,8989.698324
84.476135,118,8991.345518
86.451616,125,8992.94762
88.513488,149,8994.87566
88.761585,121,8996.345701
87.412658,116,8997.722958
57.725588,84,8998.763958
-6.230079,6,8998.871534
84.978652,137,9000.512235
9.62277,37,9000.985391
79.453569,123,9002.546781
89.015072,144,9004.270096
83.275927,138,9005.976978
89.000386,120,9007.694527
88.115144,141,9009.426374
38.995063,82,9010.415989
17.519744,64,9011.280797
80.052503,382,9015.138406
85.383032,133,9016.807515
83.443116,140,9018.552082
38.827121,89,9019.685572
84.617037,140,9021.48176
2.596628,30,9021.88031
88.643787,193,9024.265435
-9.32,2,9024.320348
38.091143,84,9025.332592
16.54396,56,9025.996159
86.081792,156,9027.956671
79.134048,153,9029.775434
26.084058,71,9030.635531
8.083656,52,9031.261016
2.035499,24,9031.585669
-0.190901,34,9032.026817
85.342976,132,9033.637979
35.686538,78,9034.581661
82.845235,122,9036.043373
1.084071,14,9036.227458
15.250169,37,9036.707785
14.754246,36,9037.180515
-0.01599,14,9037.381214
76.632273,127,9038.999139
85.826489,124,9040.45242
9.272707,50,9041.071618
-7.097165,4,9041.144662
23.674835,71,9041.993269
89.036744,135,9043.648423
80.62183,122,9045.210155
85.077625,132,9046.907758
59.567116,95,9048.097097
29.983908,59,9048.824706
79.006345,101,9050.09714
58.308482,88,9051.314668
85.633423,95,9052.55746
88.661548,135,9054.28143
35.150795,61,9055.085043
50.814088,119,9056.561314
-10.371414,3,9056.632735
52.169882,105,9057.878004
75.039919,130,9059.353398
85.433263,121,9060.770166
83.004657,116,9062.165893
75.49115,133,9063.730569
89.955226,101,9064.94657
0.365134,17,9065.177933
85.751686,117,9066.560391
82.478845,128,9068.085449
89.025159,140,9069.707217
82.837324,84,9070.67187
39.277195,76,9071.6018
18.867095,38,9072.076691
89.635591,126,9073.572714
87.645779,121,9074.968162
-0.287569,28,9075.307196
89.796112,98,9076.501321
85.753849,124,9078.006028
51.0,62,9078.877444
88.649902,116,9080.33235
2.044231,34,9080.805408
-8.211453,8,9080.934482
17.605116,60,9081.639986
25.574578,47,9082.20107
80.151056,104,9083.476266
79.281025,106,9084.880574
13.958982,43,9085.609794
85.194186,239,9088.299667
45.514863,76,9089.167033
63.722603,122,9090.640848
14.825966,38,9091.148941
89.395187,90,9092.248402
78.699542,103,9093.49385
88.910203,137,9095.096042
80.671843,136,9096.769145
77.105783,119,9098.264108
83.038326,119,9099.809903
53.642733,88,9100.919606
88.823573,124,9102.44305
89.212185,134,9103.988487
89.637418,106,9105.255741
76.751923,109,9106.583146
81.717925,123,9108.129155
82.605117,127,9109.682867
85.788878,138,9111.324737
85.982496,121,9112.735877
90.04859,90,9113.714593
89.632494,98,9114.913605
76.37606,100,9116.338109
81.907413,96,9117.554976
86.048933,122,9119.141001
79.182332,97,9120.418112
85.465808,88,9121.483555
18.158778,37,9121.957177
-8.0,3,9122.009381
86.456837,119,9123.472321
13.677043,27,9123.82705
26.324844,48,9124.423256
84.89445,124,9126.101682
19.428101,52,9126.82953
-4.587084,11,9126.992616
58.261755,101,9128.270136
89.303493,122,9129.994806
18.77884,46,9130.57565
15.215278,49,9131.224699
89.39391,104,9132.537529
39.857122,78,9133.483788
52.81211,100,9134.629715
54.346022,101,9135.776104
79.318816,109,9137.099729
46.219541,72,9137.958416
85.63744,132,9139.674813
89.154245,132,9141.297514
86.232836,106,9142.655224
85.641656,118,9144.084407
-0.367456,14,9144.283908
63.972491,107,9145.7897
85.234543,140,9147.698577
31.148642,77,9148.622952
47.468144,90,9149.700722
85.20155,144,9151.420634
49.340253,103,9152.840823
76.374641,100,9154.335902
5.659111,26,9154.800226
82.640881,96,9156.11187
89.510211,105,9157.450379
86.484395,114,9158.834275
43.976636,68,9159.690243
86.334572,117,9161.159157
1.718791,16,9161.392375
85.091161,131,9162.97665
89.688114,118,9164.434819
87.063373,134,9166.098674
85.728895,134,9167.724842
41.78946,88,9168.782197
53.20108,96,9169.944945
82.345573,126,9171.517918
89.82308,89,9172.575883
85.632992,126,9174.347919
82.480253,124,9176.012567
89.001712,129,9177.965911
2.119291,18,9178.212956
68.408107,91,9179.437667
83.198389,104,9180.740381
83.8808,127,9182.409134
-4.367535,7,9182.526122
90.123596,89,9183.603938
89.597421,108,9184.915412
18.612186,48,9185.638792
77.115995,109,9187.168457
82.995664,106,9188.747452
83.746333,163,9191.360298
85.728666,91,9192.637968
85.336261,105,9194.0733
80.551375,114,9195.551116
60.462877,111,9196.922367
53.331028,81,9197.92602
62.131743,120,9199.444637
82.84212,114,9200.927127
83.91509,117,9202.352899
89.311726,101,9203.61682
63.492429,122,9205.161187
34.760506,74,9206.224066
0.900462,19,9206.507895
88.953471,143,9208.325243
83.246415,109,9209.669215
86.162791,86,9210.644535
-4.057268,13,9210.850049
28.325691,63,9211.685958
49.224245,86,9212.719451
8.866734,21,9213.003421
21.179351,36,9213.424474
7.40617,27,9213.78805
62.978855,75,9214.6311
11.648234,38,9215.104627
74.253031,79,9216.164984
75.083285,90,9217.395862
20.053679,41,9217.925462
77.933932,149,9219.829471
82.151932,95,9221.077509
71.833807,90,9222.21635
89.308038,104,9223.354351
9.156847,22,9223.635214
74.528692,93,9224.777606
86.239526,116,9226.359391
65.785667,108,9227.719941
71.266749,89,9228.941957
86.166209,125,9230.471148
-7.142683,5,9230.567371
26.713896,40,9231.047136
88.258635,117,9232.432563
89.041543,143,9234.141798
81.89605,83,9235.075722
-2.374033,11,9235.263088
76.75413,112,9236.786143
78.422754,151,9238.751092
33.989552,53,9239.381737
69.654747,89,9240.485227
78.821201,113,9241.82401
84.427946,120,9243.247105
-1.631066,21,9243.542417
-0.459767,26,9243.959832
78.034135,123,9245.495642
88.064329,135,9247.116946
11.679281,37,9247.597231
80.154145,115,9248.990515
1.185455,32,9249.388984
85.354122,127,9250.904444
80.491932,121,9252.523703
82.526862,128,9254.31471
85.785294,86,9255.357457
81.579285,130,9256.945117
80.827702,122,9258.422397
68.947405,88,9259.504126
72.625696,96,9260.680436
46.821635,95,9261.819699
65.376824,94,9263.249906
2.160167,22,9263.561775
18.585646,48,9264.188291
71.96741,96,9265.517647
89.010614,129,9267.379052
14.976646,40,9267.918425
81.435929,117,9269.259987
63.279946,89,9270.450617
84.979805,125,9271.854431
53.468122,89,9272.854123
73.66469,83,9273.798401
81.230963,116,9275.193224
74.003824,120,9276.697555
72.413163,86,9277.782449
-2.015489,25,9278.080722
73.777861,101,9279.273067
-7.96,3,9279.342532
-6.783406,7,9279.445164
33.644988,54,9280.103765
21.892013,60,9280.804421
5.64445,27,9281.142047
72.137256,118,9282.458293
74.384762,119,9283.767961
80.926819,151,9285.510892
85.771153,103,9286.856735
39.425397,77,9287.822402
10.264946,29,9288.235082
-8.130805,3,9288.297837
69.100797,88,9289.322467
43.109986,66,9290.104464
25.653355,64,9290.89033
17.806866,34,9291.346716
83.053029,105,9292.670764
7.344461,20,9292.93372
7.732281,22,9293.233016
83.705334,137,9295.038198
-7.36,6,9295.159965
82.879882,103,9296.558437
72.438925,101,9297.894176
85.458407,123,9299.452402
82.487079,118,9300.934459
88.735565,123,9302.467557
8.57997,40,9302.969468
34.918047,79,9303.940959
89.451894,108,9305.193222
38.370848,54,9305.861351
83.452524,113,9307.321222
11.725951,28,9307.72276
3.563124,20,9308.003436
81.929721,116,9309.390726
28.459349,59,9310.124075
30.288412,72,9311.154452
11.50617,55,9311.966399
3.437986,44,9312.874712
8.950253,27,9313.370515
62.767445,86,9314.802047
71.493751,137,9316.499874
85.893356,124,9317.996472
83.361964,150,9319.813419
9.520445,58,9320.678909
5.346478,19,9321.003291
82.89698,119,9322.730326
89.390572,138,9324.437759
78.230374,123,9326.152946
51.01485,96,9327.439456
86.233977,141,9329.590646
89.108344,110,9331.146424
30.402985,66,9332.09138
7.810287,27,9332.471334
86.115828,121,9334.192975
78.724214,117,9335.750031
85.794497,111,9337.23372
38.128869,81,9338.274294
79.730044,116,9339.823032
87.051476,105,9341.179731
65.687545,81,9342.272395
22.160298,37,9342.792674
-7.4,5,9342.892328
82.913282,118,9344.332188
44.74607,75,9345.215457
47.857854,90,9346.285767
50.636878,90,9347.35638
77.360056,129,9349.031953
79.55599,138,9350.818021
8.282872,50,9351.51895
84.891324,138,9353.310471
56.095455,128,9354.951376
15.713912,27,9355.362781
82.456569,116,9356.980724
11.126845,26,9357.313088
83.007783,121,9358.775749
88.664825,131,9360.38598
86.142304,121,9361.845295
-0.932478,16,9362.072829
60.013755,112,9363.455171
29.158975,79,9364.405584
86.043919,129,9365.995087
88.739331,131,9367.80335
78.841563,112,9369.343571
9.343655,46,9369.921693
64.96949,111,9371.390431
62.793908,109,9372.829243
82.173539,144,9374.669688
15.493023,51,9375.345172
50.83932,261,9378.127041
86.928522,93,9379.346456
58.624369,118,9380.874417
88.652105,138,9382.640721
85.449591,130,9384.313825
43.963278,104,9385.677397
44.574339,102,9387.056746
77.791725,134,9388.811728
41.485828,99,9390.075486
85.166216,139,9391.718935
81.826811,96,9392.956266
39.420526,87,9394.022099
74.762356,129,9395.650647
77.543281,109,9397.019961
69.161105,98,9398.292767
-4.0,7,9398.392634
56.422147,93,9399.623485
75.644259,98,9400.929153
84.331692,112,9402.379118
62.624459,90,9403.527285
78.98867,91,9404.638965
42.97771,89,9405.750713
20.934875,35,9406.240055
29.866181,57,9407.052262
90.035999,89,9408.070886
82.841712,86,9409.067329
80.020026,187,9411.265161
89.600616,138,9413.120001
16.503638,54,9413.847062
33.749005,84,9414.907413
66.767076,94,9416.157438
79.323393,147,9418.049142
25.058012,72,9418.981543
34.999016,69,9419.839953
5.135239,34,9420.273109
35.114864,72,9421.421821
82.223616,100,9422.695592
22.118401,51,9423.363249
78.142378,110,9424.735174
29.762558,82,9425.789921
51.133138,111,9427.16072
1.322208,17,9427.390125
5.588018,34,9427.823059
52.506795,100,9429.007436
53.257662,107,9430.300207
27.339462,78,9431.260559
-2.674994,25,9431.583649
6.99042,50,9432.213713
11.86219,39,9432.691797
69.329635,99,9433.938328
7.364588,29,9434.352376
-2.556826,9,9434.492986
15.755279,67,9435.409941
18.122356,66,9436.288259
88.796834,168,9438.237627
88.821657,139,9439.954166
41.152279,75,9440.880589
89.072251,131,9442.621936
69.363469,122,9444.290101
83.113253,109,9445.884971
31.467863,70,9447.014793
83.222954,108,9448.356277
64.855773,119,9449.885859
83.829003,116,9451.306667
78.993769,110,9452.690849
85.728352,121,9454.138814
89.235761,130,9455.699142
78.799853,106,9457.04414
-5.711974,10,9457.201241
12.927792,39,9457.692928
7.652894,20,9457.954106
52.533912,83,9458.949588
-10.0,1,9458.99367
12.186873,30,9459.366743
83.070395,126,9460.867743
11.245174,41,9461.411073
82.03304,124,9463.048333
-0.791077,18,9463.336384
49.525423,64,9464.097797
78.112551,105,9465.429994
74.770828,108,9466.778025
82.383433,123,9468.430571
20.942316,38,9469.001905
20.362729,35,9469.482844
39.122446,65,9470.323196
12.415215,25,9470.674466
83.903007,108,9472.098157
81.240133,129,9473.794682
89.563583,110,9475.251342
85.43784,119,9476.952571
44.686121,75,9477.900104
88.687539,132,9479.549352
-1.899157,18,9479.864697
72.686284,107,9481.239646
86.553825,114,9482.662531
19.104268,34,9483.113974
88.876238,132,9484.69611
82.597023,106,9485.957285
75.510357,82,9486.918427
85.360622,122,9488.347038
84.754853,117,9489.789861
83.098265,111,9491.142174
87.826271,200,9493.209795
81.104456,151,9494.991572
56.791571,108,9496.246929
85.114083,117,9497.755647
85.892153,112,9499.215756
86.910136,115,9500.713658
44.489532,68,9501.682689
9.775529,32,9502.24039
57.108811,96,9503.580907
1.0,12,9503.762639
54.511746,87,9505.059824
79.424331,119,9506.757709
87.076753,117,9508.297249
1.778839,13,9508.478821
86.033887,105,9509.839819
88.662072,142,9511.612609
20.910301,46,9512.210046
79.888727,104,9513.54255
20.27468,44,9514.122084
87.493391,97,9515.393785
83.568632,144,9517.053289
83.964219,116,9518.518626
83.308298,132,9520.146141
85.963713,110,9521.491346
86.935903,113,9522.906002
-5.439419,8,9523.032663
57.837649,149,9524.787837
89.295902,105,9526.092635
85.367612,123,9527.585639
86.129296,89,9528.668505
81.86435,114,9530.116749
54.552648,108,9531.454829
46.507421,98,9532.639585
89.232527,134,9534.240504
6.603333,30,9534.661428
24.394963,44,9535.278008
52.014473,103,9536.791254
22.841469,69,9537.660923
81.485727,108,9538.964297
82.071543,90,9540.093466
-9.16,1,9540.143859
43.150067,95,9541.328243
88.826977,139,9543.057558
88.827425,131,9544.66895
82.624396,113,9546.125622
60.061103,108,9547.451637
86.516307,124,9548.984257
-2.069771,9,9549.119119
87.450246,118,9550.563682
84.431502,126,9552.120255
78.928599,125,9553.634835
12.477988,29,9554.017233
83.026306,107,9555.380706
85.560928,116,9556.86498
58.130402,102,9558.14744
82.533288,99,9559.408969
-2.525252,13,9559.603822
85.637833,123,9561.12533
61.629154,78,9562.122933
-7.710267,6,9562.225214
14.038226,27,9562.589101
45.757438,82,9563.591619
86.505876,119,9565.083013
78.243578,83,9566.327578
79.465727,114,9567.821182
69.196333,88,9569.065954
3.291659,41,9569.678154
85.830349,127,9571.303306
1.479355,33,9571.738488
84.970191,131,9573.388809
86.031959,125,9575.019956
38.190176,87,9576.159646
3.128198,18,9576.401661
89.470726,127,9578.015131
86.097526,86,9578.975806
51.134202,92,9580.159097
89.058299,128,9581.761891
-6.519398,5,9581.855386
-4.581882,11,9582.034771
85.86124,104,9583.371802
66.094506,112,9584.741148
86.435092,123,9586.205757
89.242946,106,9587.488773
84.100662,88,9588.543438
85.294525,115,9589.975275
53.166015,83,9590.996312
33.27443,66,9591.805087
87.085396,110,9593.143703
86.830196,118,9594.567139
77.866388,124,9596.229195
-1.151042,19,9596.515532
86.773779,98,9597.825243
-2.849461,20,9598.117921
88.820376,127,9599.666161
89.288075,130,9601.201034
45.288863,67,9602.054955
29.746861,74,9603.077806
81.968021,92,9604.376022
23.559049,47,9605.017793
9.620493,23,9605.320695
77.33632,108,9606.751973
12.897662,52,9607.478341
17.457094,54,9608.197308
17.75218,62,9608.994585
85.90624,133,9610.694405
89.01583,118,9612.200323
43.411336,91,9613.360748
90.123596,89,9614.403591
58.834016,112,9615.840137
32.0,43,9616.360515
85.864097,116,9617.876958
67.590167,155,9619.835366
89.432915,138,9621.543293
89.222409,126,9623.366214
90.123447,89,9624.518496
19.815322,53,9625.39081
67.779974,83,9626.618449
86.13657,119,9628.19498
6.599417,37,9628.700752
-9.288436,10,9628.86991
89.309398,128,9630.497447
23.880938,53,9631.191819
79.614448,132,9632.856378
77.125144,123,9634.3958
77.181838,89,9635.638439
77.282191,120,9637.250022
65.869022,118,9638.696108
60.365707,76,9639.648866
30.777286,65,9640.454376
-0.032945,21,9640.740113
4.882268,49,9641.366044
86.141704,121,9642.870329
2.192231,23,9643.180462
16.770098,40,9643.704725
63.376449,77,9644.709139
86.497709,109,9646.128142
79.801182,113,9647.522356
-0.271498,26,9647.863383
85.80338,125,9649.371045
2.365295,31,9649.755971
-0.858413,11,9649.915673
-7.350375,8,9650.033762
82.156061,128,9651.694702
86.237397,124,9653.164969
10.794383,39,9653.689924
87.457233,98,9654.89073
-7.6,4,9654.982432
2.768219,32,9655.417734
29.496075,59,9656.220736
20.936272,66,9657.094669
86.026622,125,9658.601639
79.617612,102,9659.865438
64.736245,115,9661.349642
3.84413,38,9661.861687
19.219151,44,9662.437109
0.551159,21,9662.722665
15.765697,57,9663.408234
69.81066,108,9664.703556
68.700713,93,9665.891925
-9.552551,4,9665.993965
22.073363,54,9666.707251
69.513558,92,9667.849906
-0.28722,17,9668.104939
81.967408,105,9669.56461
54.192327,83,9670.791062
83.079217,122,9672.357522
89.067567,132,9674.016154
75.402056,96,9675.275646
85.929201,119,9676.932009
89.03708,110,9678.328587
67.796389,88,9679.486092
45.529637,71,9680.432924
81.450491,119,9681.958287
72.275614,81,9683.230459
25.976928,45,9683.832585
84.81702,111,9685.263808
87.982437,123,9687.020988
-8.420828,5,9687.130835
25.826085,53,9687.864393
-0.085517,15,9688.164574
12.450022,58,9689.111178
12.632618,58,9689.926301
77.516028,119,9691.570504
78.568753,95,9692.782267
27.408585,60,9693.682597
5.666033,19,9693.944392
67.471579,92,9695.19144
48.544017,83,9696.558694
82.683492,101,9697.952195
29.977805,66,9698.827006
-5.591969,11,9699.027744
32.629053,52,9699.889539
89.639054,92,9701.258407
22.0,33,9701.653254
89.418373,90,9702.855471
-5.529747,11,9703.086537
78.147365,85,9704.264529
-5.221049,6,9704.375906
89.310036,124,9705.968387
47.794916,67,9706.916751
69.252358,84,9708.04675
76.575373,107,9709.437611
71.011176,119,9710.959235
-5.307544,8,9711.113951
75.288308,121,9712.697431
88.984026,123,9714.399554
-5.504607,14,9714.647398
81.201244,91,9715.946574
86.914814,132,9717.751146
46.183113,94,9719.096243
74.316174,86,9720.287564
57.191745,113,9721.877892
58.551041,111,9723.322283
88.888109,131,9725.031392
67.892731,84,9726.171837
74.861766,103,9727.555465
84.585275,127,9729.043915
-1.419628,11,9729.204479
54.704673,96,9730.434132
77.871759,110,9731.786225
81.778466,96,9733.010499
76.406479,89,9734.309303
89.32616,129,9735.918663
90.042101,89,9737.035546
89.03719,133,9738.748677
57.700769,92,9739.897546
52.321325,77,9740.86237
56.680764,94,9742.01923
54.560617,81,9743.006811
3.858644,15,9743.203314
79.253732,124,9744.752144
15.856493,36,9745.228483
26.007116,43,9745.808039
71.260159,93,9747.028496
80.678483,118,9748.565709
30.722676,70,9749.427781
67.247139,116,9750.874402
81.157042,138,9752.588748
29.618697,49,9753.183326
86.852951,129,9754.71269
82.509723,119,9756.335769
88.847321,187,9758.855515
81.982687,116,9760.337162
12.382117,29,9760.740138
83.416385,120,9762.247058
89.172721,119,9763.743736
89.142936,134,9765.395767
41.353911,102,9766.641399
76.236143,98,9767.8816
81.229686,107,9769.270521
82.825606,107,9770.782483
84.069715,135,9772.478067
31.664473,79,9773.459414
58.331973,109,9774.795179
82.749646,148,9776.575318
85.623315,112,9778.185913
81.603635,105,9779.550657
13.182587,30,9779.943489
40.994124,94,9781.125477
86.125817,103,9782.388775
-4.277404,8,9782.513143
89.21466,130,9784.103949
49.078084,101,9785.392182
86.095079,93,9786.52513
88.809957,109,9788.042989
61.660648,85,9789.086386
8.833193,24,9789.44983
-5.657157,11,9789.628018
78.531411,100,9791.172868
84.917599,141,9792.871108
71.83983,118,9794.339739
86.407498,118,9795.796737
33.041664,58,9796.539324
0.82726,25,9796.863177
87.278386,120,9798.287454
-7.36,6,9798.397226
74.201497,97,9799.611902
14.098242,42,9800.168759
86.099771,124,9801.742573
89.235163,134,9803.367517
18.79182,37,9803.876679
85.764364,113,9805.403269
13.984835,34,9805.833461
85.129952,101,9807.157156
18.412857,46,9807.757448
13.706909,39,9808.332275
63.954509,119,9809.74136
43.88077,78,9810.796174
70.514966,107,9812.235864
1.130103,19,9812.479557
89.62656,129,9813.938368
34.633188,90,9815.034388
85.110364,119,9816.489629
56.801123,102,9817.784149
-6.878049,5,9817.873366
44.176162,88,9818.976911
42.87714,60,9819.712078
85.449986,136,9821.42697
-7.96,3,9821.506755
81.867561,127,9823.151061
30.863327,67,9824.035965
9.517571,29,9824.483621
77.200074,107,9825.889384
90.123596,89,9826.902331
-1.018603,11,9827.059995
82.340354,85,9828.044303
-4.361553,18,9828.303267
18.20138,70,9829.186978
16.353032,51,9829.840533
88.70208,157,9831.747009
41.995245,87,9832.845623
78.625826,123,9834.342149
20.887856,60,9835.108088
52.151324,100,9836.330379
80.556903,109,9837.783836
86.141639,87,9838.896219
76.551694,115,9840.329282
0.790702,20,9840.614453
83.078835,133,9842.235697
47.506863,67,9843.149183
81.44431,106,9844.4407
18.101555,61,9845.35758
11.107307,49,9845.987382
36.022021,64,9846.796707
78.035474,146,9848.539289
80.842149,153,9850.368473
2.714641,19,9850.619894
29.679446,80,9851.635026
19.19594,61,9852.405494
80.032581,112,9853.870971
66.54066,76,9854.908705
71.556636,91,9856.053668
76.139228,101,9857.388532
75.117802,100,9858.747946
74.686567,102,9859.997842
80.74416,107,9861.308439
83.775708,87,9862.430094
10.126588,52,9863.0754
77.400819,112,9864.649526
78.113121,80,9865.592086
74.082214,117,9867.269294
3.92786,20,9867.555295
81.970135,107,9868.956341
75.474659,116,9870.360619
85.644356,121,9871.84758
53.312753,66,9872.7541
86.184433,106,9874.080984
85.810307,122,9875.579828
80.707186,140,9877.319514
4.321311,22,9877.592799
72.022219,117,9879.049173
88.997278,105,9880.339359
-9.019971,9,9880.466543
57.029497,87,9881.633345
85.159071,119,9883.078648
82.573563,114,9884.502792
-0.759772,13,9884.698948
79.43431,96,9885.907691
-8.8,3,9885.970022
84.897086,117,9887.411738
77.521777,122,9889.125379
72.71798,99,9890.478432
74.939241,95,9891.820877
82.909449,131,9893.518265
38.0,49,9894.10683
77.13259,116,9895.576807
85.213774,127,9897.200056
73.533337,112,9898.720325
86.112013,116,9900.170408
-9.0,2,9900.221317
82.324943,125,9901.74185
87.369716,117,9903.161332
81.935548,127,9904.631896
85.243214,129,9906.246289
70.636278,112,9907.782609
77.260947,82,9908.769739
33.660061,59,9909.497412
86.736942,131,9911.080696
66.200039,93,9912.407748
85.531598,113,9913.77218
2.210815,19,9914.067132
-0.985825,16,9914.304834
54.791805,63,9915.095249
-2.547131,12,9915.271446
74.220056,86,9916.293506
58.952091,106,9917.666112
0.053492,22,9917.984074
12.764443,60,9918.739566
36.182653,209,9921.001706
5.360442,55,9921.681471
15.607527,74,9922.776904
20.190077,50,9923.424025
82.515477,132,9925.19392
82.622429,126,9926.745044
84.028359,95,9927.967018
40.181902,97,9929.327371
90.122414,89,9930.367766
78.766948,97,9931.605597
45.21718,90,9932.737727
42.203037,90,9933.849929
89.725936,95,9935.199008
13.09025,35,9935.658229
82.210296,103,9937.037006
37.026672,78,9938.095924
23.812982,66,9938.939938
81.832973,123,9940.419404
57.002223,81,9941.458326
-7.422083,6,9941.574286
49.76464,82,9942.58698
81.991286,124,9944.14565
11.02675,43,9944.679266
73.925339,116,9946.131327
89.269104,126,9947.738402
52.66558,104,9949.066636
-3.875491,13,9949.265198
-8.24,5,9949.345555
30.554967,75,9950.294039
78.35056,85,9951.516343
20.024976,53,9952.187983
24.103448,50,9952.820505
65.766159,84,9953.818693
5.222667,37,9954.284825
54.544534,92,9955.383368
17.45459,57,9956.103027
58.340377,167,9958.243501
-5.825898,11,9958.488438
83.257906,129,9960.306369
60.731291,75,9961.283909
70.295886,83,9962.339104
42.791625,71,9963.243921
14.484689,52,9963.915004
85.713695,96,9965.132675
-2.073805,19,9965.396
42.451878,65,9966.228403
55.161675,105,9967.558155
3.695546,35,9968.061365
63.056097,73,9969.108758
21.796067,67,9969.973378
-9.021785,5,9970.070015
70.830658,115,9971.528208
38.063593,85,9972.570482
62.318596,70,9973.452336
78.075396,217,9975.844478
8.866893,43,9976.473366
-4.002611,8,9976.601833
51.629595,115,9978.206091
56.71482,89,9979.386039
89.188211,122,9980.856042
52.915568,98,9982.222869
85.948336,109,9983.576237
43.536931,102,9984.776901
86.549172,125,9986.251308
-10.0,1,9986.287928
85.72763,127,9987.819238
84.124702,130,9989.554781
69.900391,94,9990.742574
18.077514,30,9991.147949
27.583174,80,9992.236544
81.682631,124,9993.778183
85.879757,87,9994.781322
87.263018,124,9996.300181
82.621716,95,9997.486139
14.746121,39,9998.057732
83.035256,134,9999.963891
82.329201,85,10000.929331
18.708361,31,10001.346221
87.938347,126,10003.037507
-4.005534,9,10003.189821
37.26326,70,10004.084673
83.924693,142,10005.907834
65.834428,90,10007.066437
-7.96,3,10007.142401
13.67958,32,10007.562241
81.947358,89,10008.671653
79.677099,111,10010.047707
55.245875,84,10011.255576
27.48627,55,10011.947284
81.485914,91,10013.092766
83.338027,130,10014.72905
15.694667,32,10015.110477
89.388542,113,10016.466617
84.945638,129,10018.063386
-11.192,2,10018.132782
86.382074,118,10019.852982
86.122077,109,10021.300695
84.556694,127,10022.84124
48.265744,79,10023.921368
64.551833,79,10024.866601
2.540351,17,10025.094686
10.962404,27,10025.478654
23.467691,59,10026.282988
82.444884,106,10027.657498
29.170539,57,10028.368115
-0.001095,13,10028.552202
22.24822,38,10029.059515
79.332821,109,10030.444285
-4.655392,18,10030.686688
24.338777,59,10031.480363
76.238198,87,10032.665928
86.318751,96,10033.989117
88.805808,136,10035.696546
63.645062,98,10037.028413
72.283352,100,10038.342494
-4.422558,11,10038.508989
71.003542,102,10039.853971
89.016746,110,10041.147775
41.874843,76,10042.230036
18.229661,49,10042.874197
66.141526,86,10044.125495
75.191958,84,10045.220489
75.276762,110,10046.825426
-9.550287,3,10046.896192
-9.129423,5,10047.023432
26.169245,68,10047.947566
65.182493,94,10049.272664
82.485634,98,10050.523921
73.204312,116,10051.959268
19.526282,63,10052.718112
14.113728,26,10053.047235
42.842833,58,10053.719661
62.028651,86,10054.797665
63.489033,96,10056.06114
38.211492,69,10056.951023
63.816719,91,10058.13182
4.712226,19,10058.408308
48.041045,90,10059.579524
89.104411,129,10061.152969
86.349822,100,10062.341744
13.308465,35,10062.786885
24.64421,61,10063.534367
82.689611,125,10065.195089
54.385428,109,10066.636721
61.230235,98,10067.94745
38.535923,59,10068.726847
35.272535,53,10069.366382
-8.24,5,10069.45535
34.340926,57,10070.16849
36.088757,72,10071.30064
78.41944,83,10072.324663
75.180979,85,10073.397218
13.042688,54,10074.164447
89.109636,149,10075.952031
78.9854,97,10077.146575
84.410634,98,10078.387524
-6.975523,9,10078.54179
86.767274,141,10080.298339
46.587169,81,10081.282
82.618371,122,10082.697829
89.065894,135,10084.292934
89.125124,132,10085.813383
85.140821,120,10087.30128
88.639003,137,10088.917513
63.347838,70,10089.744391
70.645377,183,10091.757357
79.258489,120,10093.301251
73.635643,122,10094.784523
88.838976,156,10096.590094
84.151774,140,10098.203364
85.056049,124,10099.724408
14.478451,49,10100.362263
79.929784,124,10101.876227
85.593715,129,10103.380465
87.403627,120,10104.796627
30.502768,50,10105.402009
80.737258,149,10107.114074
14.516842,27,10107.440037
85.615366,102,10108.635926
5.209158,20,10108.921847
60.629958,134,10110.546409
65.406187,101,10111.75454
82.472154,115,10113.145329
49.107835,94,10114.255875
86.69907,127,10115.918891
84.154264,175,10117.900771
86.208767,147,10119.637113
81.327152,146,10121.32273
-8.8,3,10121.378035
17.620607,80,10122.346836
41.307355,118,10123.890946
33.343417,78,10124.815668
19.873199,35,10125.315435
40.140256,113,10126.770392
78.72905,82,10127.672947
32.497443,80,10128.625047
61.403494,78,10129.570959
41.634314,81,10130.531836
5.076557,22,10130.849677
14.090072,37,10131.326153
79.803631,108,10132.623108
82.792986,114,10134.028976
14.683997,53,10134.79206
-6.206414,6,10134.881028
83.404452,134,10136.480294
76.252001,132,10138.088151
57.041305,73,10139.131245
35.928578,52,10139.946902
27.641929,79,10141.049614
72.602346,93,10142.154683
-10.0,1,10142.193028
86.046229,149,10143.825583
-0.972807,14,10144.019284
5.012627,36,10144.471593
64.426842,75,10145.447406
6.332437,30,10145.827091
86.028039,95,10146.958585
82.269407,108,10148.230612
89.09164,134,10149.941286
60.919681,84,10150.972457
74.134457,94,10152.111316
78.824526,116,10153.633442
78.985173,112,10154.954639
86.691463,108,10156.247988
56.007808,69,10157.131944
4.520526,26,10157.458159
84.731838,94,10158.619779
8.372594,25,10158.981766
36.118037,63,10159.824903
79.172478,111,10161.214658
62.762882,85,10162.305678
73.464991,116,10163.748462
-8.44,4,10163.822151
85.817551,129,10165.31938
49.985398,113,10166.823623
0.661404,37,10167.296517
41.960239,96,10168.629413
15.760652,68,10169.609161
17.12206,61,10170.45331
8.080678,55,10171.162349
-4.967586,11,10171.354104
3.024262,44,10172.035326
-9.927085,3,10172.118601
30.782466,85,10173.469429
11.419022,62,10174.42413
86.668321,130,10176.055062
15.88826,104,10177.636257
-8.387317,7,10177.7608
-10.0,1,10177.799211
3.783186,44,10178.375716
72.753602,126,10180.03241
0.673373,36,10180.515067
7.806806,27,10180.877789
75.087308,233,10183.336151
57.592862,120,10184.917444
48.894861,96,10186.297045
7.720664,49,10186.961728
-5.543035,11,10187.151573
-0.171602,40,10187.731127
29.953579,73,10188.728597
10.894622,35,10189.234222
32.022567,71,10190.135927
20.900129,64,10190.948792
59.385809,105,10192.324433
4.531192,19,10192.60676
74.717913,83,10193.82835
77.64158,80,10194.914488
12.413181,52,10195.658353
49.213041,104,10197.043802
11.402395,49,10197.680237
-12.060521,4,10197.781242
84.018659,118,10199.556353
80.668075,288,10202.58616
4.135193,45,10203.223472
37.730633,84,10204.371168
-1.26211,25,10204.738562
1.831224,32,10205.162971
11.593723,57,10205.941875
86.162791,86,10206.961095
13.991137,69,10207.848135
9.15853,48,10208.468296
3.510182,42,10209.062298
-7.848919,11,10209.25123
-1.311901,33,10209.748037
5.341452,51,10210.478971
69.972866,74,10211.409223
10.974668,51,10212.062649
2.233894,16,10212.295133
0.298203,30,10212.724784
1.951366,19,10212.990869
23.152393,78,10213.927067
13.854957,29,10214.303582
0.928328,29,10214.69484
85.604758,86,10215.659367
-0.147314,21,10215.948866
4.896904,43,10216.531854
2.557809,24,10216.907601
0.591668,35,10217.344989
-9.112623,4,10217.430104
4.448242,35,10217.862236
12.491304,49,10218.43851
34.720534,71,10219.388775
25.573651,82,10220.363145
16.932767,73,10221.257364
12.792705,61,10222.037361
15.02723,50,10222.663478
0.821919,33,10223.089325
2.099373,37,10223.548426
27.896005,72,10224.392311
82.324251,121,10225.81842
77.500977,96,10227.126433
76.284834,112,10228.544294
58.245672,73,10229.551372
25.358717,71,10230.436165
2.245256,35,10230.915147
47.011375,80,10231.957189
85.518865,91,10233.091702
34.489114,75,10234.267478
63.821494,107,10235.645323
81.810676,119,10237.246473
82.912991,114,10238.636853
38.0,51,10239.209887
21.048182,58,10239.928505
81.882041,138,10241.685666
9.944086,29,10242.043463
82.218736,125,10243.681962
33.37114,76,10244.62143
33.259915,81,10245.661859
36.304513,83,10246.637391
62.92216,115,10248.036739
70.708608,105,10249.284816
31.912111,69,10250.129296
23.149515,49,10250.90826
7.157499,19,10251.184922
74.895723,93,10252.399133
69.569354,97,10253.7655
8.975816,29,10254.159618
82.319233,108,10255.453708
50.164115,114,10256.958773
20.487177,65,10257.759454
10.893049,29,10258.160673
67.603904,87,10259.339351
13.994066,41,10259.920405
81.22497,132,10261.477645
82.822274,110,10262.780262
78.777461,137,10264.570812
88.972053,129,10266.110873
39.362951,59,10266.849378
-3.261343,8,10267.0308
88.955659,128,10268.64061
67.573451,123,10270.133415
87.5796,120,10271.542509
89.049988,117,10272.913576
9.096827,39,10273.406229
83.257183,122,10275.056638
23.592342,39,10275.511362
55.524708,111,10276.802036
87.218995,92,10277.91133
81.96181,92,10279.046786
-5.192534,6,10279.142813
19.06483,31,10279.50686
75.998304,111,10281.039489
83.207101,112,10282.404974
88.989427,131,10283.960905
88.830451,124,10285.451767
78.810116,96,10286.660811
50.747813,100,10288.033194
86.110127,128,10289.713737
86.361785,97,10290.935724
82.493554,87,10292.010256
83.219935,116,10293.366044
33.235458,52,10294.018416
33.013478,46,10294.567627
60.997634,142,10296.370189
9.102105,30,10296.781724
85.317995,115,10298.212204
82.201303,99,10299.476007
88.723921,151,10301.50688
69.47476,173,10303.564324
83.001411,129,10305.123341
7.0,18,10305.352107
85.790373,105,10306.602108
42.162413,83,10307.614067
-2.1913,12,10307.794254
79.150282,107,10309.105753
4.731343,39,10309.586423
84.087618,122,10311.081381
83.672269,137,10312.811214
87.114294,161,10314.815626
-9.32,2,10314.868141
75.223462,118,10316.281647
-8.8,3,10316.344328
69.791909,283,10319.325095
83.898756,119,10320.899982
77.462863,103,10322.346548
15.485935,68,10323.280034
80.591127,138,10325.084188
51.097844,158,10327.034109
25.177413,82,10328.102636
86.584444,124,10329.574835
86.72924,142,10331.255136
69.833286,159,10333.122686
84.117488,124,10334.673441
74.848713,117,10336.189416
-10.783717,4,10336.285712
45.813746,111,10337.6621
42.146171,93,10338.769908
76.634415,126,10340.302366
59.837913,110,10341.604444
65.60023,177,10343.48579
-7.883961,9,10343.631018
80.161345,122,10345.291288
1.167231,23,10345.594244
78.882232,230,10347.86423
-1.358725,11,10348.027692
86.215519,112,10349.347048
1.67135,27,10349.699132
81.415702,124,10351.334738
13.348032,30,10351.76638
89.214763,121,10353.184803
-6.141314,14,10353.396606
87.929929,135,10355.0206
26.250766,70,10355.939926
74.76039,88,10357.254221
85.674801,102,10358.690571
-1.442817,18,10358.939785
85.981318,120,10360.39819
83.97774,123,10361.989285
87.957467,122,10363.438436
-7.900531,4,10363.514464
6.849209,40,10364.021103
78.949828,114,10365.372242
34.784792,54,10366.031443
82.532725,116,10367.536305
86.082391,122,10369.074558
73.916015,101,10370.531218
28.725174,46,10371.11474
43.254211,78,10372.159233
61.421019,84,10373.242206
74.740588,84,10374.241701
19.484788,38,10374.717278
78.976477,85,10375.709053
11.655556,30,10376.098725
-1.431052,11,10376.251209
65.73124,94,10377.453946
22.533327,50,10378.073082
36.457759,75,10379.010667
81.454078,109,10380.365852
15.52544,46,10380.946206
69.903679,93,10382.076433
89.444893,120,10383.438616
65.100217,123,10384.87512
86.349873,122,10386.421399
-7.325053,9,10386.58756
-1.24955,10,10386.74924
-4.945442,19,10387.030193
79.199797,107,10388.386484
34.21848,51,10389.005008
64.556264,88,10390.138194
39.549818,76,10391.06147
14.232322,58,10391.780182
75.41207,105,10393.011756
59.955908,95,10394.201216
46.998434,84,10395.287327
82.63105,116,10396.668901
35.753552,57,10397.468946
6.581057,24,10397.782813
24.500637,49,10398.415162
89.112646,114,10399.733597
79.915471,100,10400.909214
85.816485,101,10402.145092
41.418195,79,10403.415914
17.738303,59,10404.191488
54.975859,112,10405.505141
40.622037,84,10406.483273
11.686033,35,10406.902162
78.0113,117,10408.222244
41.596294,116,10409.544015
63.839889,75,10410.478394
84.906198,148,10412.221077
-8.8,3,10412.275409
39.873301,92,10413.380263
-2.390648,14,10413.574239
21.445231,70,10414.404696
88.528915,122,10415.853992
66.084838,80,10416.819303
79.17235,124,10418.397923
27.789848,71,10419.260381
-0.599823,12,10419.43036
66.674736,106,10420.685783
88.939457,135,10422.293405
54.057791,155,10424.052412
8.600173,56,10424.750392
81.819792,125,10426.246904
79.192018,113,10427.598529
67.368226,77,10428.537482
79.908738,115,10429.869134
17.602665,44,10430.437471
89.223912,145,10432.072715
70.820561,98,10433.270023
80.291866,133,10434.996896
87.113187,122,10436.476516
28.688671,52,10437.153418
86.374754,122,10438.591216
2.26824,29,10438.945405
81.658976,141,10440.541631
88.658375,133,10442.071104
28.139297,42,10442.576993
82.13307,120,10444.011039
38.211922,101,10445.208891
85.353098,122,10446.663981
77.537816,122,10448.226477
20.736986,37,10448.69446
32.495524,53,10449.319291
86.164202,127,10450.781924
12.466137,50,10451.379297
33.991604,57,10452.039146
26.219005,71,10452.977463
74.033273,111,10454.418198
19.465091,42,10454.92209
-2.238448,24,10455.247235
-7.333867,13,10455.435275
1.136027,18,10455.68469
86.498708,120,10457.175391
73.724853,120,10458.574177
51.402795,67,10459.357806
83.85355,112,10460.7829
80.401371,135,10462.385617
12.232987,45,10462.936574
29.894489,52,10463.613722
-10.108726,2,10463.668604
63.070231,94,10464.802977
-1.081489,10,10464.951504
13.95085,29,10465.294978
79.173113,116,10466.833807
82.536278,132,10468.385005
-4.511286,10,10468.530944
83.337253,120,10470.016736
7.063165,39,10470.534467
-1.201018,22,10470.819058
12.418577,64,10471.619597
35.129378,75,10472.517468
17.20752,29,10472.887181
-0.423791,23,10473.198246
86.120184,131,10474.707143
-9.16,1,10474.756513
78.243879,114,10476.123007
26.184814,62,10476.97902
0.29811,17,10477.23333
81.741554,84,10478.251528
81.693791,134,10479.837979
83.813842,108,10481.114082
68.476171,118,10482.47495
89.551121,117,10483.856579
89.52233,97,10484.977895
88.921878,118,10486.310366
41.764369,78,10487.233922
85.897119,98,10488.365707
44.208131,81,10489.314912
89.095364,126,10490.880412
81.978716,96,10492.118673
-0.023526,20,10492.368847
86.055308,127,10493.855744
78.266092,132,10495.379046
-7.96,3,10495.472993
54.926579,92,10496.539345
2.887347,18,10496.786773
85.76675,145,10498.606402
82.054598,121,10500.05649
83.928374,118,10501.435004
14.719066,54,10502.08281
76.033545,118,10503.677058
9.608579,58,10504.455753
85.239632,124,10505.943238
89.123955,126,10507.548434
11.33885,26,10507.911866
75.325485,92,10509.014828
79.051939,113,10510.351475
79.764944,122,10511.881683
82.677851,120,10513.323022
68.60221,123,10514.746249
84.363963,137,10516.330803
86.023429,96,10517.679759
78.56879,114,10519.107899
57.668244,93,10520.167248
82.390535,99,10521.45379
81.16414,109,10522.810272
79.268115,120,10524.212532
9.393408,27,10524.548626
85.659424,99,10525.696307
77.172883,110,10526.970464
37.412489,67,10527.760488
87.557314,101,10528.939064
78.481943,102,10530.123163
4.51812,30,10530.522608
88.998159,122,10531.89032
54.456838,85,10532.997753
75.336707,90,10534.118685
46.328668,69,10534.924733
89.207946,128,10536.480567
83.390233,133,10538.203581
80.956841,148,10539.902256
86.26377,157,10541.655227
82.052718,124,10543.094593
45.891767,93,10544.211289
85.79129,93,10545.466061
72.033145,92,10546.577687
21.635903,46,10547.176557
72.170816,93,10548.430892
86.104562,88,10549.49868
85.793799,97,10550.652958
53.964426,76,10551.532766
24.785915,47,10552.094963
80.221242,101,10553.332795
8.51364,27,10553.675898
-4.206207,11,10553.830488
26.032583,48,10554.56966
82.971501,115,10556.131655
12.311553,30,10556.524142
89.22598,126,10557.992028
10.550049,22,10558.267006
85.533526,102,10559.507406
-1.648088,12,10559.68141
21.185071,54,10560.329825
89.708728,89,10561.314959
88.795181,128,10562.921488
89.949708,94,10564.027193
23.268311,56,10564.678535
86.838891,128,10566.159328
86.309124,120,10567.673465
86.528085,118,10569.139385
86.577893,140,10570.785793
80.758052,165,10572.681257
2.193279,15,10572.873266
85.439487,123,10574.488466
82.867618,122,10575.946272
79.580778,119,10577.358425
-7.4,5,10577.451802
86.011628,90,10578.495074
84.201034,115,10579.819288
-8.8,3,10579.880409
22.338407,66,10580.704656
-8.8,3,10580.77346
82.10697,92,10581.862368
82.382652,84,10582.788406
81.814432,111,10584.229386
89.430317,108,10585.507313
13.371316,27,10585.816072
50.565024,77,10586.787738
66.843252,175,10588.834734
78.280924,125,10590.36893
70.809632,119,10591.73584
88.844308,132,10593.242421
12.74984,27,10593.582297
65.876865,90,10594.801796
89.580529,119,10596.196396
5.114188,39,10596.722468
83.931156,114,10598.153631
86.162791,86,10599.19493
14.347184,57,10600.019706
85.544748,97,10601.203537
88.579914,124,10602.670243
-9.16,1,10602.716975
89.129297,120,10604.107636
79.19562,125,10605.605356
89.713217,122,10606.98879
85.797547,93,10608.059228
-7.6,4,10608.151737
46.235275,69,10608.939328
76.059475,98,10610.268014
79.254953,118,10611.671497
85.495797,105,10612.921969
79.715935,125,10614.387446
85.654942,115,10615.697098
85.267731,93,10616.786854
88.868111,133,10618.401561
86.465062,137,10620.095011
5.746991,20,10620.357154
77.189165,93,10621.504469
81.72385,94,10622.708064
63.340264,177,10624.615421
48.0,59,10625.212774
83.094884,91,10626.264361
55.680172,94,10627.456085
27.4181,66,10628.393014
85.252301,129,10629.977146
89.214572,94,10631.09961
89.233886,131,10632.7539
89.584887,106,10634.015406
81.737293,119,10635.395455
15.522345,35,10635.83734
83.453338,112,10637.165759
83.933927,151,10638.880358
86.092996,143,10640.607316
78.751572,123,10642.044884
29.438942,85,10643.058821
84.575968,135,10644.599766
82.222961,165,10646.404779
80.675858,131,10647.9189
79.902275,94,10649.017092
-4.812737,18,10649.24855
76.880788,108,10650.647713
85.553952,117,10651.999848
54.50417,120,10653.518175
79.362324,148,10655.368364
-7.166366,7,10655.479664
8.12129,26,10655.870461
41.635065,64,10656.873556
24.014691,46,10657.491627
3.262771,32,10657.962737
40.693373,59,10658.757222
71.036731,107,10660.076973
78.259203,115,10661.43793
57.156448,101,10662.700655
71.908934,108,10663.972647
76.109392,95,10665.146093
52.87319,94,10666.369868
18.126261,68,10667.23198
67.96527,78,10668.204912
12.609857,32,10668.58358
58.453487,102,10669.833699
52.471837,74,10670.683798
12.423088,29,10671.051946
33.511305,83,10672.032579
67.786724,93,10673.157033
48.343558,70,10674.010555
76.069167,105,10675.230657
76.836405,115,10676.596127
85.831511,94,10677.709206
78.064297,82,10678.672538
71.911288,122,10680.116184
82.774417,116,10681.456717
30.072186,64,10682.219083
75.354944,103,10683.410671
76.613202,103,10684.799223
48.784962,89,10685.887095
78.669628,85,10686.97706
14.322334,42,10687.548934
77.482987,100,10688.925802
79.413689,107,10690.271079
7.169197,22,10690.56365
16.346021,37,10691.013899
8.203839,38,10691.494655
-4.889293,13,10691.708459
75.117054,130,10693.186874
79.80885,120,10694.600416
63.595278,80,10695.763436
61.551753,72,10696.629762
68.166357,112,10698.003095
22.884699,90,10699.030235
4.337921,22,10699.310874
67.244736,116,10700.716823
84.078014,179,10702.641017
79.289081,150,10704.347927
81.867655,120,10705.758276
85.38384,133,10707.262175
18.934326,45,10707.791312
0.858566,34,10708.212335
73.762189,77,10709.075728
69.245818,107,10710.340773
36.989925,79,10711.355485
86.683261,158,10713.09098
20.31423,80,10714.131229
1.668131,27,10714.507677
15.393015,64,10715.39274
77.700458,143,10717.152705
12.986459,67,10718.054932
18.773988,63,10718.847674
75.249372,130,10720.385551
85.713348,321,10723.485991
85.096688,123,10724.942479
29.187852,86,10725.953266
13.031003,66,10726.721414
15.699659,70,10727.56218
5.137481,22,10727.87469
88.136208,88,10728.809541
89.306428,98,10729.943666
10.740499,27,10730.285209
86.087661,130,10731.826128
86.287825,88,10732.910876
86.200318,130,10734.434058
38.507951,81,10735.373379
5.795302,44,10735.897514
0.350931,44,10736.429023
62.169724,196,10738.491827
90.123596,89,10739.425852
81.906722,126,10740.89973
85.762267,140,10742.425575
80.048971,157,10744.199684
77.627705,165,10746.064779
87.065497,130,10747.699623
-6.209772,9,10747.856176
70.912286,98,10749.060861
13.976892,25,10749.343985
25.645723,41,10749.852242
85.43005,115,10751.183398
81.162952,124,10752.811111
82.088434,100,10753.953448
89.593346,97,10755.103929
76.146429,131,10756.714139
85.752708,104,10757.958942
70.239292,108,10759.285235
15.77574,40,10759.769782
17.476593,35,10760.208674
13.534845,31,10760.588247
32.161761,58,10761.246693
57.593109,112,10762.538087
21.259185,58,10763.222774
83.545329,118,10764.683601
-2.080094,18,10764.988445
31.750592,88,10766.023474
10.648773,23,10766.3099
81.939965,126,10767.781956
35.643812,73,10768.63292
82.362791,91,10769.695721
63.509258,88,10770.764084
19.556795,41,10771.364246
16.835441,40,10771.863873
75.564439,107,10773.170169
39.526688,56,10773.825767
22.761446,44,10774.369602
81.951147,87,10775.407719
87.607031,88,10776.372265
54.209843,105,10777.731003
-8.049592,3,10777.792443
72.304743,90,10778.931681
-8.44,4,10779.004446
-9.060669,2,10779.059731
87.83229,128,10780.490893
75.017495,117,10781.888134
9.017732,37,10782.344162
17.323061,60,10783.052565
50.482262,95,10784.177581
32.999596,80,10785.097904
9.479256,33,10785.512961
-8.0,3,10785.577764
-5.449026,6,10785.669363
83.315705,111,10786.955955
1.882298,17,10787.181053
77.578356,135,10788.808903
10.846769,43,10789.412137
74.193748,223,10791.884686
80.293067,118,10793.257013
88.630805,138,10794.871107
34.534763,74,10795.732738
29.350151,66,10796.605451
62.328362,101,10797.873287
75.997086,135,10799.441332
81.164789,130,10800.944626
88.877346,130,10802.464071
81.331297,118,10803.803724
82.554393,120,10805.156759
14.82043,63,10805.955971
83.618041,135,10807.726764
0.396128,13,10807.935596
86.070249,120,10809.450073
-4.142906,17,10809.722864
46.529583,70,10810.596986
15.546714,40,10811.084549
82.58636,110,10812.361285
-0.530615,16,10812.577056
76.384079,180,10814.555499
85.971741,106,10815.797379
-8.36,8,10815.910919
44.524039,71,10816.761551
89.615211,109,10818.024726
81.581199,84,10818.952238
48.57853,63,10819.701471
34.150475,102,10820.910052
50.901422,100,10822.064417
4.807748,22,10822.338776
76.377743,105,10823.728215
88.752662,135,10825.393641
61.102833,122,10826.795148
81.970573,91,10827.861297
85.228141,135,10829.54776
89.356721,89,10830.515839
81.262512,117,10831.905485
88.689403,130,10833.43509
1.534162,15,10833.634459
42.40858,95,10834.747941
76.102499,108,10836.189978
57.477134,97,10837.460388
87.381363,128,10839.035884
34.045515,78,10839.938155
86.321968,138,10841.62333
32.280992,63,10842.387243
64.928455,107,10843.613201
84.313548,146,10845.346898
89.388745,124,10846.749303
22.838916,43,10847.297793
83.603156,146,10848.942912
12.132946,35,10849.35023
24.639628,61,10850.230519
81.337241,123,10851.634925
89.322937,98,10852.796569
81.530091,139,10854.378013
86.517951,134,10855.914817
49.673221,113,10857.252838
39.275881,90,10858.39855
79.482204,133,10860.062667
-9.937504,6,10860.182322
80.422727,113,10861.638847
68.814611,94,10862.78262
22.649549,52,10863.41355
78.842118,125,10864.850073
51.863451,96,10866.191836
33.290604,88,10867.380419
76.665289,103,10868.746533
35.616678,67,10869.661912
82.161583,83,10870.571771
85.708622,157,10872.203346
70.143732,93,10873.308227
60.517264,106,10874.639335
69.399637,126,10876.127165
5.66666,21,10876.406072
-0.835863,14,10876.600281
21.465906,72,10877.453793
85.036136,126,10878.898859
82.309469,102,10880.056168
-8.48,2,10880.114297
88.725387,125,10881.720412
11.977322,30,10882.088916
4.353289,21,10882.347804
44.948705,100,10883.533537
81.003229,123,10884.963371
89.807837,115,10886.42238
27.465936,62,10887.244058
-5.730716,14,10887.430537
9.065415,32,10887.818594
1.582537,13,10887.982155
85.703872,98,10889.138757
-1.77179,14,10889.326869
6.250761,50,10889.952192
89.266091,129,10891.509701
77.099275,137,10893.196413
82.405929,110,10894.524909
32.471861,80,10895.44103
81.483453,111,10896.761815
70.039461,133,10898.501193
22.649252,69,10899.490561
88.396064,292,10902.217918
16.753831,38,10902.689846
61.618097,92,10903.827338
67.315628,119,10905.253522
13.590129,36,10905.695771
9.405787,45,10906.228204
12.188741,31,10906.600873
58.17786,91,10907.639796
42.907907,59,10908.316622
67.422573,101,10909.549428
23.444871,45,10910.080109
48.53484,83,10911.099268
17.273339,39,10911.686296
10.051564,33,10912.10144
81.939186,103,10913.318248
64.696598,123,10914.868953
74.221029,78,10915.79476
89.564828,96,10916.936587
45.499836,72,10917.843478
82.648342,96,10919.028091
81.55314,109,10920.328979
86.574263,112,10921.624477
83.451927,109,10922.881675
76.60149,94,10924.076163
89.675906,138,10925.861463
75.391335,115,10927.378684
82.28737,112,10928.772155
82.914512,124,10930.239566
18.975027,52,10930.907975
75.225845,104,10932.230802
40.215853,83,10933.246177
-0.080075,13,10933.432857
85.732234,117,10934.801826
82.987319,132,10936.323584
76.081795,105,10937.570842
87.07892,107,10938.925085
84.654207,133,10940.47782
83.667425,119,10941.855004
77.760732,86,10942.875906
82.843275,114,10944.231352
84.585039,142,10945.841309
80.418752,120,10947.252337
77.735573,126,10948.770242
86.307224,115,10950.084138
78.434774,128,10951.736538
87.99826,152,10953.478184
-2.986226,18,10953.709646
72.910825,328,10956.789578
2.574535,27,10957.172513
78.444536,101,10958.564673
60.653923,81,10959.571335
56.894604,80,10960.626178
76.518982,102,10961.864711
79.143779,115,10963.208852
89.272718,119,10964.598528
43.11509,76,10965.490746
75.492043,90,10966.592046
25.651703,46,10967.171521
78.212483,134,10968.731494
65.576356,98,10969.902139
79.15719,92,10970.962846
44.317739,76,10971.852506
70.621699,83,10972.870554
85.958804,87,10973.806308
85.906903,102,10974.919785
3.968749,25,10975.235509
86.07259,105,10976.449271
8.108328,27,10976.788869
27.227636,51,10977.40593
80.821961,94,10978.513772
75.688887,93,10979.638661
54.572573,91,10980.77778
85.363651,115,10982.079745
-2.917568,23,10982.359221
8.588125,32,10982.764798
13.590036,42,10983.352868
52.276961,81,10984.514524
5.360165,22,10984.795212
-5.955167,14,10984.978544
68.940447,104,10986.23829
58.056959,109,10987.669141
66.587155,100,10989.123509
11.857774,53,10989.863344
11.664919,27,10990.282835
37.322037,77,10991.391348
41.102671,81,10992.57003
81.087099,83,10993.560922
73.653124,113,10995.140138
82.790142,110,10996.552982
78.284489,102,10997.848792
81.495014,105,10999.124862
56.255721,94,11000.266615
73.393839,90,11001.400586
-3.281849,13,11001.59046
87.023625,98,11002.763762
51.733634,103,11004.011474
-2.981972,12,11004.175869
79.524565,126,11005.741426
82.993269,104,11007.021764
35.913692,73,11007.944918
85.716897,125,11009.43874
79.507562,111,11010.813027
82.745922,95,11011.966469
82.215126,109,11013.302237
89.68398,102,11014.589418
29.946316,55,11015.42732
15.94585,69,11016.294829
80.18451,109,11017.774364
-6.365146,14,11017.975721
87.370605,119,11019.473725
82.415713,100,11020.700027
83.348911,110,11022.046179
-0.747191,13,11022.234003
85.911122,131,11023.802132
5.440892,24,11024.125253
53.448516,108,11025.510047
18.02995,32,11025.937217
-1.162635,36,11026.403998
-4.666701,20,11026.690411
9.085249,47,11027.311036
4.428086,26,11027.641913
-7.003001,6,11027.736864
82.761904,95,11028.912333
24.42234,38,11029.399114
70.094326,114,11030.759758
88.901606,128,11032.297251
81.535989,131,11033.83528
86.245536,114,11035.194738
29.943736,77,11036.104982
83.73591,135,11037.729378
85.606801,125,11039.276659
27.822167,47,11039.945308
5.717975,29,11040.388428
2.694896,25,11040.716102
46.620914,86,11041.763593
14.572913,31,11042.163404
85.902483,111,11043.494091
10.498044,40,11043.984806
88.795559,113,11045.233054
84.159653,103,11046.464073
83.212355,116,11048.131972
82.7083,114,11049.58488
-9.16,1,11049.635644
88.994748,108,11050.9274
2.550878,14,11051.110768
83.822888,116,11052.610173
13.659456,44,11053.154624
8.325933,23,11053.456903
89.28318,129,11054.967458
10.246322,42,11055.473267
80.43706,119,11057.0646
58.456273,100,11058.416774
-5.212884,6,11058.516231
82.322249,108,11059.926826
33.392196,74,11060.885461
86.38431,144,11062.598059
46.011432,60,11063.27523
85.632973,125,11064.738331
88.694259,131,11066.318725
86.912614,135,11067.927221
-2.385154,14,11068.110921
-1.04889,12,11068.304044
11.241673,51,11068.913608
-1.639445,15,11069.109743
2.305025,14,11069.292635
52.657155,100,11070.501968
86.469058,139,11072.116829
55.428134,129,11073.716323
83.729825,124,11075.257072
-5.248855,7,11075.361
85.682127,124,11076.837511
35.729891,78,11077.871242
89.014951,135,11079.474161
89.181504,125,11080.928046
84.174493,109,11082.189124
86.283231,93,11083.270201
80.934987,141,11085.086779
85.927799,98,11086.245777
39.280408,56,11086.939513
89.006986,122,11088.350661
89.775066,99,11089.563573
6.61846,20,11089.881448
89.442957,114,11091.225283
85.735927,88,11092.254084
-1.092557,12,11092.41168
45.758635,71,11093.333173
5.952338,27,11093.71265
81.851994,89,11094.803552
89.373441,122,11096.319636
88.836003,121,11097.747667
83.14007,128,11099.259773
81.965906,92,11100.310878
90.123596,89,11101.274763
89.005187,143,11102.902734
85.746972,104,11104.140295
88.915291,126,11105.771844
85.730657,120,11107.256107
85.725332,124,11108.818024
19.511441,68,11109.612847
87.225475,127,11111.106222
16.045572,57,11111.778793
52.900226,113,11113.115507
89.216848,143,11114.776154
85.553487,152,11116.525815
58.411446,308,11119.312323
74.211244,114,11120.688294
81.296554,124,11122.043299
-9.32,2,11122.094992
19.996017,35,11122.515514
60.191242,79,11123.470876
63.424475,105,11124.771892
53.404341,80,11125.79437
66.726835,101,11127.041235
79.60429,107,11128.385085
2.488133,14,11128.553519
88.985624,140,11130.368991
-1.739612,17,11130.580332
-7.0,4,11130.653574
53.117427,85,11131.76237
16.277664,66,11132.738466
44.482142,95,11134.086798
39.390539,87,11135.252125
23.742868,48,11135.959506
33.782516,122,11137.533606
44.953898,71,11138.569989
67.284234,117,11139.910243
73.317601,117,11141.325685
23.610706,70,11142.178365
84.747438,122,11143.614241
88.995294,120,11145.040501
67.733956,107,11146.431149
4.197543,22,11146.7734
26.679712,54,11147.425485
83.164934,148,11149.120826
68.23894,99,11150.350481
25.507232,54,11150.978245
78.41214,100,11152.158766
63.381485,110,11153.465812
85.024335,117,11154.832613
8.24907,26,11155.155348
78.079205,116,11156.501039
7.400733,29,11156.878805
59.274571,104,11158.105102
77.932078,133,11159.663936
42.65817,94,11160.79116
52.242175,84,11161.77963
81.747413,124,11163.359641
15.65934,53,11163.994709
5.718774,33,11164.410202
82.880149,110,11165.691636
61.347471,118,11167.156191
62.006698,161,11169.244544
30.485197,75,11170.128884
86.383315,91,11171.093914
12.450171,41,11171.579021
61.398678,116,11172.901713
0.219326,16,11173.118957
87.272092,127,11174.693645
76.742959,116,11176.110456
73.865159,112,11177.432473
79.319787,113,11178.768713
1.711856,25,11179.098262
59.376353,112,11180.405501
79.749264,117,11181.801105
73.387301,117,11183.178271
89.411538,129,11184.83383
82.603855,93,11186.086163
31.151698,65,11186.865856
86.782538,129,11188.331932
6.960589,18,11188.560798
54.112526,100,11189.697631
-1.055923,11,11189.859132
-2.395672,11,11190.018287
77.531111,135,11191.573482
-8.164323,3,11191.630023
42.829709,90,11192.854805
11.772427,23,11193.13217
85.721326,132,11194.684537
86.457499,126,11196.151367
42.334815,64,11196.965081
82.448065,88,11198.191784
71.848788,99,11199.483967
86.297576,122,11201.005873
-7.96,3,11201.085669
67.13875,85,11202.182222
90.123596,89,11203.130869
89.82483,95,11204.267781
80.635113,136,11205.845803
83.315116,128,11207.295921
81.872859,123,11208.743197
4.283775,18,11208.979129
1.959195,25,11209.292006
-9.05993,2,11209.341104
60.901372,112,11210.620352
14.551102,67,11211.399426
59.849043,135,11212.889648
81.308082,123,11214.338638
57.032824,103,11215.674319
74.676808,117,11217.077081
78.336353,120,11218.618536
63.732845,121,11220.017018
12.519245,63,11220.795873
-9.349015,6,11220.896718
21.199665,65,11221.675118
13.989076,65,11222.449293
8.591899,56,11223.130384
-0.315591,25,11223.45753
11.4667,58,11224.283351
79.167693,113,11225.668387
44.545928,88,11226.815696
60.82688,109,11228.265367
36.68194,86,11229.389995
44.034811,89,11230.52145
69.259104,110,11231.826015
15.361169,62,11232.593162
54.692788,76,11233.557097
15.370061,36,11234.042553
62.615946,81,11235.190279
35.033881,56,11236.024732
75.718181,93,11237.315649
78.335538,94,11238.517446
3.385782,26,11238.907187
24.491431,82,11239.886658
7.865247,54,11240.553707
5.945224,57,11241.292207
77.944801,81,11242.195352
9.654521,66,11243.011632
4.112263,40,11243.525987
8.760245,53,11244.279064
63.89658,99,11245.54872
16.752282,76,11246.503748
0.95925,14,11246.690212
-5.408322,12,11246.919464
5.020246,46,11247.487397
3.330851,50,11248.110222
4.0,15,11248.291896
-2.01265,30,11248.696339
-2.571125,30,11249.130075
73.073615,115,11250.629802
11.475765,61,11251.411535
18.495094,40,11251.949651
8.55925,53,11252.620259
7.339737,53,11253.287103
12.059244,63,11254.104005
12.575604,64,11255.094855
10.76006,54,11255.815708
7.25195,55,11256.51536
4.019263,22,11256.838574
12.516664,65,11257.767522
-1.431934,37,11258.364635
21.100324,63,11259.143374
16.669845,42,11259.663015
80.917699,122,11261.069889
4.484472,40,11261.558944
8.060513,48,11262.144413
9.437386,52,11262.783278
46.504693,90,11263.896698
9.701124,44,11264.480588
59.936525,69,11265.435384
4.457994,45,11266.088228
74.168413,77,11266.960449
37.800339,94,11268.199302
-3.618457,24,11268.556254
17.283707,69,11269.486551
4.14801,33,11269.919445
1.148342,48,11270.530594
10.245467,57,11271.256309
1.629676,46,11271.845196
2.515975,24,11272.147733
66.161157,118,11273.576651
5.985957,46,11274.14277
6.749274,53,11274.809476
-10.0,1,11274.846351
0.201279,40,11275.378402
0.324933,31,11275.817597
6.375364,51,11276.582667
-0.529181,31,11276.984955
-1.241662,29,11277.398265
-1.53324,30,11277.819046
14.604367,66,11278.676655
0.929421,42,11279.258811
-10.0,1,11279.301961
61.360085,126,11280.74186
-10.7072,2,11280.802076
3.965684,49,11281.48546
83.630321,85,11282.515229
13.302453,33,11283.102087
-8.14189,7,11283.212496
-0.925846,47,11283.961786
7.113228,53,11284.651607
-3.2576,32,11285.107366
1.233755,25,11285.445075
-1.999178,11,11285.620507
3.244368,45,11286.206336
4.927658,46,11286.801761
4.746637,35,11287.307867
11.291316,63,11288.155165
2.048146,39,11288.684668
64.373951,95,11289.793939
-3.693159,22,11290.121793
46.199158,68,11291.017742
61.057401,102,11292.420876
17.455065,38,11292.900685
29.447506,53,11293.54468
54.35774,110,11294.852538
5.943849,26,11295.197706
3.822634,18,11295.4606
82.468426,95,11296.510975
49.405195,70,11297.342018
2.34574,20,11297.616665
32.024803,57,11298.276523
64.74767,105,11299.535452
52.309916,99,11300.75324
86.115668,118,11302.269734
67.688457,107,11303.655407
14.83138,28,11303.994299
12.346809,29,11304.359425
60.829116,101,11305.520264
89.655502,101,11306.684543
80.288031,115,11308.297303
-3.327021,9,11308.450824
88.87422,115,11309.851693
-2.446342,16,11310.09035
79.186997,106,11311.38122
-1.70784,14,11311.56942
76.495587,121,11313.03949
1.415963,17,11313.285434
15.852585,29,11313.64905
-3.280826,14,11313.839566
68.32094,103,11315.126297
80.039187,131,11316.668746
83.529666,120,11318.241183
76.928256,115,11319.844944
89.249652,126,11321.312942
79.157216,95,11322.454435
83.174326,126,11323.963596
89.156493,136,11325.538779
82.854413,90,11326.610774
83.286448,124,11328.153275
58.573047,91,11329.296409
53.028799,77,11330.232208
-2.641776,15,11330.475097
16.189416,62,11331.291251
1.34578,23,11331.586791
82.238653,123,11333.003115
86.600552,127,11334.510262
86.716255,144,11336.352621
44.145562,88,11337.427936
48.376905,70,11338.380466
-6.600463,5,11338.490393
17.214509,47,11339.069812
70.072917,75,11339.986047
-1.396137,17,11340.227075
0.917461,12,11340.388556
77.552689,114,11341.767375
88.263685,126,11343.176415
79.019854,125,11344.609678
82.967164,98,11345.952074
86.136406,95,11347.13366
88.792855,121,11348.671928
81.941811,89,11349.765465
88.985945,100,11350.942561
86.27763,148,11352.587454
13.398551,31,11352.965518
88.980188,142,11354.597072
89.078409,109,11355.890853
78.414173,101,11357.094002
88.934784,133,11358.806942
89.274705,114,11360.215843
19.302924,64,11360.978508
56.970605,103,11362.161644
3.307083,17,11362.375336
84.367158,120,11363.710832
-4.687384,11,11363.870657
79.161008,108,11365.124442
12.485209,36,11365.553406
17.840926,36,11365.982024
59.264025,87,11367.025031
79.250206,122,11368.531833
58.711716,71,11369.3404
35.801968,60,11370.095896
83.274306,132,11371.658548
3.568803,45,11372.197717
40.001264,65,11372.971839
82.600011,136,11374.530692
86.231729,119,11375.959399
80.537596,118,11377.6129
6.55909,29,11378.016568
56.624071,86,11379.088431
89.639796,110,11380.337541
17.825302,34,11380.759218
13.46575,60,11381.452484
84.931641,118,11382.903168
89.456428,109,11384.243816
89.407384,96,11385.406842
89.127807,115,11386.794807
89.267978,123,11388.347155
85.820893,108,11389.62206
85.713259,121,11391.026332
82.776095,97,11392.186278
81.842885,85,11393.192876
62.520986,105,11394.395838
86.399345,106,11395.607205
-7.96,3,11395.683823
88.856968,128,11397.143335
88.796427,117,11398.513255
11.479535,51,11399.110872
12.481884,42,11399.619327
86.095483,92,11400.696275
89.026101,130,11402.38067
48.823426,129,11404.048189
58.660507,81,11405.008754
4.250482,23,11405.285934
83.088156,104,11406.499603
86.483142,139,11408.324651
-2.286174,24,11408.639239
79.971423,109,11410.066003
88.858196,123,11411.513007
86.55795,110,11412.788388
83.451377,123,11414.314121
73.857092,120,11415.95136
0.38089,13,11416.174518
85.763909,101,11417.493327
89.634751,107,11418.747894
54.768898,114,11420.014733
81.958098,147,11421.74386
81.666203,98,11422.994278
70.820791,239,11425.650827
89.113411,125,11427.106849
25.762505,69,11427.904593
88.730571,133,11429.422057
82.046654,111,11430.849627
89.341713,127,11432.376024
83.766726,122,11433.839515
88.798507,131,11435.407355
15.946275,34,11435.879464
82.043107,99,11437.200435
13.344131,36,11437.733441
5.389382,43,11438.31728
85.28403,100,11439.516716
85.665772,123,11440.973094
80.435221,125,11442.42968
17.30667,42,11442.940386
14.589057,27,11443.280537
85.919799,112,11444.601788
-3.956513,12,11444.792579
8.043256,33,11445.286104
78.424045,124,11446.925914
35.010036,69,11447.762311
21.313815,49,11448.384689
85.862248,139,11449.960642
16.933206,41,11450.427112
89.630248,95,11451.569793
33.287509,62,11452.274047
-8.44,4,11452.341423
86.035532,119,11453.704588
86.357587,116,11455.045446
86.685657,125,11456.536562
85.466155,126,11458.100801
80.581507,104,11459.41903
69.822537,176,11461.404718
85.926197,111,11462.799401
9.808016,44,11463.414989
-3.274587,10,11463.562931
55.811825,106,11464.783656
82.938757,117,11466.137607
88.984305,142,11467.938991
28.811273,64,11468.822202
74.915446,105,11470.136763
89.350501,140,11471.984495
82.551571,110,11473.293238
62.79968,74,11474.175415
6.267853,42,11474.683952
86.229583,119,11476.075088
18.0,29,11476.405575
85.49285,146,11478.090932
16.534155,62,11478.807776
84.788736,233,11481.012033
86.082667,95,11482.137667
73.357058,120,11483.483044
-1.105421,30,11483.842322
-7.96,3,11483.934216
25.468653,66,11484.845956
25.406107,55,11485.496619
46.680978,83,11486.487976
21.484667,52,11487.133721
74.64343,107,11488.356853
89.714208,111,11489.66505
71.381506,111,11490.961678
-7.6,4,11491.040874
42.820994,81,11491.992775
85.736689,124,11493.580689
80.401273,136,11495.290332
64.384273,112,11496.667704
60.697152,174,11498.768773
85.636077,121,11500.278037
65.19571,92,11501.334987
89.462747,134,11502.861178
66.530515,119,11504.27361
10.063921,46,11504.97159
39.0,50,11505.615577
74.315552,122,11507.043828
59.481375,108,11508.349868
78.771528,125,11509.825446
-1.262524,10,11509.974045
78.776551,100,11511.128791
74.833966,115,11512.470767
88.918987,142,11514.090019
41.021231,67,11514.872272
33.191016,62,11515.595648
85.367872,116,11516.940201
1.465663,15,11517.150428
84.697672,130,11518.660579
-1.095693,13,11518.837144
81.867951,133,11520.359389
62.17293,106,11521.598045
82.782794,126,11523.043379
18.014964,47,11523.612128
83.947039,108,11524.87069
84.850321,117,11526.322466
20.644333,43,11526.859195
80.452269,123,11528.45406
83.225146,112,11529.782307
22.774258,72,11530.630326
88.883076,127,11532.061096
4.080447,33,11532.458861
81.851227,91,11533.546542
6.420189,24,11533.851504
85.749241,121,11535.242907
15.121217,44,11535.788172
44.505721,88,11536.840851
89.930111,90,11537.85979
82.520155,104,11539.172137
-7.547412,8,11539.295005
85.576653,132,11540.845694
86.107915,110,11542.145704
88.849431,145,11543.973226
20.931479,70,11544.806442
85.898415,120,11546.151383
88.922738,137,11547.71193
-5.686071,17,11547.933376
89.197873,128,11549.411678
88.93529,113,11550.70276
72.739993,106,11551.982664
83.198033,132,11553.53828
26.576526,50,11554.13529
82.192704,121,11555.531487
32.922742,69,11556.33128
13.837917,39,11556.853707
77.509383,124,11558.560243
83.132867,104,11559.822303
84.651221,138,11561.410818
89.817571,90,11562.405707
-8.696835,3,11562.469955
73.445499,112,11563.935271
88.87156,114,11565.299883
85.156268,133,11566.807096
-8.8,3,11566.866593
89.241561,105,11568.100218
61.305913,75,11568.929837
79.532573,118,11570.337258
-1.588918,24,11570.67594
85.945801,128,11572.293377
-0.539342,12,11572.450408
73.074277,137,11574.041433
82.36492,104,11575.276272
89.024993,128,11576.74679
57.949781,90,11577.788548
85.285308,87,11578.750462
82.291243,113,11580.04499
89.55279,121,11581.411257
68.112752,132,11582.933971
-4.348961,7,11583.041202
74.607152,117,11584.386213
85.245305,114,11585.665791
76.155066,114,11587.145757
89.584996,124,11588.767262
81.364551,127,11590.243274
82.655483,116,11591.586212
85.881429,123,11593.000676
43.665563,100,11594.145393
82.516325,97,11595.350501
64.974961,113,11596.837145
86.392462,106,11598.022509
8.362033,29,11598.446556
68.322293,122,11599.957575
80.303652,104,11601.178292
8.107589,24,11601.475392
38.397428,62,11602.263578
2.955475,21,11602.541232
-11.947741,9,11602.695894
82.859153,93,11603.798774
0.760493,26,11604.178431
66.489718,86,11605.273491
60.053883,80,11606.337106
35.349711,75,11607.234847
83.039614,117,11608.628023
56.505,77,11609.59263
4.058019,27,11609.936445
-0.21908,24,11610.268421
85.873124,126,11611.734695
85.454808,132,11613.302408
25.769233,57,11614.005313
89.488599,94,11615.12301
72.026958,93,11616.365706
8.330948,28,11616.829401
37.851091,68,11617.737267
85.777756,91,11618.969267
37.633443,58,11619.746915
76.450797,101,11620.90237
52.097089,111,11622.238561
82.933473,127,11623.684691
40.291846,81,11624.659243
84.895105,123,11626.14138
31.500688,77,11627.064025
85.700274,112,11628.573081
36.888826,61,11629.319218
3.811292,31,11629.7335
89.454011,109,11630.98857
76.626058,110,11632.30928
78.34261,115,11633.671885
2.130476,23,11633.965164
3.05028,48,11634.534951
7.858424,40,11635.016808
85.557753,122,11636.43233
58.44976,77,11637.334747
14.100934,58,11638.094437
82.109487,135,11639.943618
68.846289,124,11641.391356
1.977311,41,11641.902854
13.854199,66,11642.676028
49.848242,98,11643.835387
16.57942,43,11644.35214
8.745374,45,11644.906705
82.072221,137,11646.515224
86.034987,128,11648.306579
85.251833,129,11649.836047
30.690253,50,11650.448743
82.989349,120,11651.991817
86.744029,118,11653.392308
-7.6,4,11653.47202
86.0093,123,11654.879298
85.248371,90,11655.867987
1.816401,14,11656.059491
-7.6,4,11656.153174
-7.361743,6,11656.268328
79.756567,105,11657.61359
42.240018,60,11658.323492
86.56235,95,11659.431721
-6.488536,6,11659.527605
29.104424,63,11660.266958
31.836501,71,11661.105715
86.541858,118,11662.491833
12.466554,45,11663.044956
21.480503,66,11663.818094
88.65561,140,11665.44083
10.916456,39,11665.920012
45.545558,90,11666.988113
24.083682,36,11667.424451
5.214687,25,11667.745896
21.004021,52,11668.394271
72.733971,124,11669.86956
85.422195,86,11670.982465
78.402736,131,11672.619879
8.010761,35,11673.072519
2.368906,26,11673.456322
9.91894,54,11674.09339
86.681751,127,11675.585959
51.497078,115,11676.967106
22.7896,64,11677.84216
-0.340664,21,11678.18957
6.0,17,11678.463485
-2.630412,9,11678.635896
37.182777,86,11679.727849
58.237948,115,11681.099483
18.794859,63,11681.885919
86.589562,104,11683.261806
81.97317,86,11684.292819
83.779582,109,11685.582362
83.992012,108,11686.806614
77.57786,113,11688.154433
78.968816,120,11689.586471
70.393391,89,11690.657666
86.54644,133,11692.234005
2.710861,19,11692.492912
37.581155,72,11693.410356
51.662759,89,11694.618716
37.503614,66,11695.415149
87.217873,107,11696.651152
4.694184,26,11697.011473
82.39367,102,11698.213854
81.984843,129,11699.761097
19.051654,41,11700.27252
-9.409579,11,11700.431738
88.989248,103,11701.638847
70.912514,100,11702.841884
47.883998,61,11703.575924
84.74079,134,11705.184506
75.524258,95,11706.429121
-4.358391,7,11706.535324
46.189762,82,11707.746006
89.175786,120,11709.23537
-10.0,1,11709.278273
85.109012,130,11710.784199
74.525488,122,11712.23476
46.982487,72,11713.071991
85.486612,100,11714.239133
80.396621,109,11715.506757
50.974377,90,11716.625502
-2.302724,11,11716.776805
72.806455,135,11718.358684
9.783967,28,11718.709571
75.005854,115,11720.075119
80.632722,114,11721.420096
85.680943,96,11722.562515
86.331645,130,11724.22479
-0.766858,27,11724.567637
81.531921,103,11725.78304
71.448431,106,11727.038599
71.096154,110,11728.442906
84.645301,120,11729.795648
82.336393,109,11731.051789
-1.568007,13,11731.22418
-6.0,5,11731.30531
79.674282,132,11732.85993
86.136792,86,11733.836477
82.769413,131,11735.495186
76.614501,113,11736.893204
-9.219488,8,11737.044025
-4.474969,8,11737.179791
67.731069,111,11738.580302
-1.805193,21,11738.865711
5.756872,18,11739.133764
10.854575,35,11739.571838
-10.0,1,11739.611626
76.981644,95,11740.822747
3.038107,17,11741.039717
17.360544,41,11741.547024
12.228627,38,11742.032131
83.489622,90,11743.101202
65.872291,74,11744.008507
82.116917,83,11744.92133
-1.0,12,11745.144078
-8.010174,6,11745.267027
89.103841,126,11747.042814
13.159402,26,11747.4229
89.805101,119,11748.881389
67.867116,84,11749.899149
35.224385,69,11750.671576
57.650286,97,11751.785617
3.324314,20,11752.029765
47.206213,68,11752.862995
83.323665,129,11754.443465
74.108894,80,11755.44409
85.247931,91,11756.577361
60.271036,100,11757.943237
40.487027,81,11759.348252
86.14754,102,11760.756129
46.849247,76,11761.746352
5.799924,25,11762.092943
85.381837,126,11763.786351
73.40302,111,11765.362808
-5.581113,14,11765.566921
74.700065,145,11767.47559
84.289194,128,11769.304614
85.514031,104,11770.829415
75.703801,132,11772.491273
58.668343,130,11774.089562
85.771172,89,11775.269331
84.83121,146,11777.123285
89.067053,109,11778.481786
86.695099,119,11779.966741
-7.867812,5,11780.05664
47.367208,63,11780.871695
82.118825,85,11781.840614
74.068424,119,11783.167051
81.781625,123,11784.544613
85.101603,131,11786.197991
48.351393,64,11787.003629
89.301206,125,11788.562414
82.215619,123,11790.260749
-8.8,3,11790.328828
58.039096,114,11791.737372
85.842402,98,11792.888112
83.550902,119,11794.292995
40.881422,95,11795.425831
86.826177,136,11797.099682
78.809834,119,11798.631261
-4.117232,8,11798.767818
83.913858,101,11800.031537
65.403452,89,11801.25047
3.239981,19,11801.494309
-1.903429,19,11801.739956
4.544034,22,11802.068887
85.743683,100,11803.346809
79.922646,110,11804.743905
86.923626,126,11806.331589
82.136448,128,11808.117618
83.489929,134,11809.807449
74.460306,79,11810.753828
84.448683,144,11812.589541
35.342826,67,11813.513073
81.944557,93,11814.711025
-5.500344,6,11814.829969
79.003596,97,11816.072035
85.800495,124,11817.55828
35.246726,62,11818.352026
39.388372,57,11819.125652
75.334993,92,11820.352381
6.070956,31,11820.761772
74.98771,82,11821.853671
27.183125,69,11822.718297
82.203974,123,11824.309592
66.470007,123,11825.916659
88.744131,126,11827.580398
78.51905,136,11829.386637
33.775767,82,11830.445799
-8.8,3,11830.509377
79.496492,110,11831.951152
81.841399,120,11833.440942
37.612843,52,11834.023592
86.117346,107,11835.260737
87.110464,120,11836.815079
88.93657,121,11838.34098
82.24868,111,11839.777638
48.266502,93,11841.102819
16.681401,32,11841.577037
7.471783,24,11841.912848
78.437802,108,11843.225151
81.704011,107,11844.60505
82.770598,90,11845.787496
86.178812,103,11847.067646
84.06339,109,11848.485613
31.826204,53,11849.148662
88.673406,141,11850.961884
51.529664,80,11851.983682
89.39064,91,11853.088578
7.870344,20,11853.374091
85.682753,106,11854.760866
80.246715,110,11856.208875
75.528459,118,11857.748477
82.767816,105,11859.046007
81.952808,107,11860.48181
38.89904,56,11861.20294
11.877894,29,11861.607498
58.827208,91,11862.755498
88.993087,144,11864.554507
85.672438,126,11866.125307
79.082227,93,11867.372391
88.795697,119,11868.893602
54.867735,110,11870.293936
86.013426,115,11871.788683
82.942519,126,11873.389814
86.559257,117,11875.032954
79.398021,84,11876.145861
55.539229,99,11877.40708
11.727229,28,11877.783308
67.820813,76,11878.830033
81.505165,97,11880.073171
7.077503,30,11880.454139
89.162812,127,11882.066477
43.023495,82,11883.045671
89.34343,134,11884.71993
83.008467,129,11886.373228
-6.925984,9,11886.536241
4.579047,16,11886.754846
13.390422,54,11887.500587
78.824114,101,11888.852768
76.298148,111,11890.331569
22.508103,56,11891.058269
86.381172,100,11892.342265
86.720888,119,11893.794166
88.899261,121,11895.183409
3.008757,23,11895.471538
58.847246,90,11896.678429
87.294048,117,11898.384875
85.90217,100,11899.687768
38.756418,85,11900.876748
-10.0,1,11900.920735
24.317209,52,11901.54221
89.218034,132,11903.103889
89.019373,139,11904.730129
76.064173,132,11906.36464
68.449822,130,11908.263119
81.720656,139,11910.329579
58.648158,174,11912.249661
86.442044,147,11913.863819
81.339411,109,11915.10926
88.953593,118,11916.445498
88.726073,131,11918.028505
83.443391,108,11919.268141
54.855494,127,11920.669518
61.930649,68,11921.466356
80.721354,125,11922.869098
85.967817,130,11924.312433
86.676198,132,11925.798294
86.895334,137,11927.344659
82.937468,113,11928.603719
83.768455,155,11930.279836
13.516103,31,11930.634275
-4.880968,8,11930.745575
23.095707,49,11931.328875
82.647585,109,11932.561677
75.525581,105,11933.968078
85.98187,130,11935.585115
12.19946,29,11935.984898
-9.050262,2,11936.038838
89.002453,107,11937.349743
86.971513,124,11938.944623
89.440378,134,11940.600143
-8.2,6,11940.709297
89.744423,125,11942.342483
1.238311,38,11942.913538
89.39221,147,11944.695847
87.729639,126,11946.252418
20.61482,43,11946.826204
-7.96,3,11946.904182
23.233172,69,11947.868113
86.199866,126,11949.460685
82.589432,113,11950.886894
62.604257,86,11951.99574
5.546051,20,11952.277296
55.961509,72,11953.121487
28.202831,48,11953.770081
81.951718,88,11954.926291
82.726247,100,11956.374237
11.324384,32,11956.817189
14.674651,32,11957.261963
85.93905,130,11959.136357
85.56517,131,11961.442389
14.279122,37,11962.133081
78.321211,94,11963.487891
89.707941,94,11964.776606
59.574962,99,11965.980334
78.963769,111,11967.277907
85.513,94,11968.408865
83.251428,119,11969.834447
31.69284,45,11970.373313
20.71094,47,11970.932616
23.558088,65,11971.769294
82.003895,129,11973.803956
24.817694,74,11975.175599
-4.096574,7,11975.324011
56.606419,102,11976.989464
83.142111,126,11978.989161
78.940693,138,11980.993202
21.123204,72,11982.032981
77.955618,113,11983.71038
60.947482,107,11985.247635
85.65239,136,11987.189617
86.083453,131,11989.109026
60.208151,107,11990.665962
72.880499,114,11992.359319
-8.296961,5,11992.455106
89.061663,123,11993.934232
45.687484,97,11995.403507
0.31758,24,11995.810086
68.757578,125,11997.575752
59.024956,121,11999.348183
6.49698,31,11999.873379
1.936468,34,12000.40076
3.830832,17,12000.722739
38.519885,93,12002.229461
50.670645,132,12004.28311
33.426417,50,12005.139226
65.709747,102,12006.765657
64.564192,101,12008.473408
42.552644,95,12009.963329
-5.024432,9,12010.140204
70.280454,74,12011.104419
74.412931,117,12012.608078
86.430304,137,12014.343441
19.302964,69,12015.247658
83.72854,135,12017.114463
35.640402,88,12018.338412
14.512072,63,12019.149828
89.331095,119,12020.579706
43.979491,99,12021.812138
16.090843,65,12022.686935
82.413201,110,12024.083978
-7.543814,5,12024.180137
32.028586,85,12025.227306
1.729792,40,12025.819609
86.753816,126,12027.399436
12.425973,46,12027.958114
48.940277,70,12028.79509
2.192703,34,12029.205
57.166541,76,12030.141072
7.323222,38,12030.604218
78.878796,92,12031.72448
68.055479,97,12033.055254
10.468126,39,12033.700557
20.019913,53,12034.512285
29.774333,70,12035.442407
86.333,127,12036.937842
7.490193,27,12037.335336
77.909562,116,12038.975729
89.678674,92,12039.955166
-5.475092,7,12040.062504
80.894208,116,12041.379784
80.114036,125,12042.784935
4.138888,19,12043.050265
70.983864,112,12044.36024
72.762947,102,12045.604801
13.375019,48,12046.164342
-7.96,3,12046.237688
11.386585,60,12046.952304
2.550772,33,12047.360636
22.288285,51,12047.951128
29.686234,57,12048.615663
82.998925,115,12049.892262
-7.28887,4,12049.968791
30.197004,75,12050.839355
2.253947,29,12051.229573
49.726513,87,12052.160441
16.675293,65,12052.873059
5.539659,34,12053.269689
85.686344,158,12054.955621
54.524495,120,12056.272319
72.264628,119,12057.59129
10.476045,62,12058.302727
-3.0,8,12058.410367
-11.18538,3,12058.472548
26.803803,81,12059.389104
-1.557856,16,12059.590534
19.399687,66,12060.346399
3.485336,20,12060.594622
69.622937,113,12061.89616
11.585041,57,12062.581741
11.312711,51,12063.172964
81.805551,126,12064.56251
70.116786,110,12065.836015
84.655466,145,12067.843809
24.736006,74,12068.927593
52.797656,117,12070.608781
27.368644,78,12071.661298
6.170071,32,12072.140434
21.578246,35,12072.599747
74.455209,90,12073.667453
81.020831,129,12075.378654
-4.541204,15,12075.605927
28.326825,49,12076.242436
61.485636,94,12077.557746
78.876342,85,12078.661774
83.50131,126,12080.329606
46.509602,56,12081.100242
31.647614,53,12081.95812
55.086569,103,12083.308219
49.6667,65,12084.218069
2.28602,31,12084.679411
34.989333,83,12085.74005
25.736348,69,12086.620411
24.541148,66,12087.488937
71.808557,103,12088.737478
69.387948,104,12090.019668
85.336101,124,12091.587118
83.587762,144,12093.331642
82.20207,113,12094.711844
73.923153,124,12096.165928
77.750127,120,12097.877272
67.100271,89,12099.133341
76.765479,116,12100.636923
30.662061,59,12101.492812
64.019607,115,12102.965397
46.469661,84,12104.013957
48.310717,103,12105.267239
75.691131,121,12106.764267
5.149339,21,12107.056709
89.153885,132,12108.680874
73.487024,127,12110.352013
74.180733,78,12111.301665
-3.682542,12,12111.490008
42.998355,67,12112.395662
53.713254,108,12113.779598
81.552298,125,12115.392129
82.000523,118,12116.908672
-9.61173,5,12117.008756
80.518279,111,12118.440373
24.729812,62,12119.24843
81.885478,138,12121.01754
82.600322,138,12122.738901
57.118326,110,12123.997271
3.090364,32,12124.370424
82.939976,124,12125.788795
52.334723,70,12126.570354
89.243281,126,12128.077546
4.313411,18,12128.315119
8.624541,26,12128.642047
26.661933,44,12129.205998
21.427258,49,12129.87567
47.768151,73,12130.72991
35.476089,62,12131.420997
17.186563,37,12131.851889
77.306913,195,12133.868663
86.146881,86,12134.810219
61.960757,84,12135.773196
85.502832,128,12137.248618
82.233605,102,12138.369804
65.308151,103,12139.499737
34.892715,57,12140.149619
2.0,15,12140.338117
76.640647,228,12142.623349
83.096696,127,12144.040527
85.519683,97,12145.121664
79.723216,100,12146.292259
89.231401,135,12147.857152
83.740643,120,12149.208747
73.989679,110,12150.467185
73.753793,88,12151.455619
81.692262,98,12152.598172
80.160763,107,12153.835367
85.466103,131,12155.315629
80.703407,113,12156.59821
79.087486,94,12157.803952
82.593119,107,12159.047629
89.798675,91,12160.057259
83.109992,114,12161.366932
85.406821,141,12162.913515
87.472911,133,12164.34286
83.87273,481,12168.619993
89.263206,126,12170.151785
11.914072,42,12170.656328
85.674458,118,12172.036679
-9.11947,2,12172.07796
81.56385,123,12173.497725
89.227341,123,12174.916334
7.133808,32,12175.294677
85.449869,115,12176.628196
7.988293,52,12177.247295
-0.291637,17,12177.478228
88.941823,134,12178.959792
74.841535,114,12180.2236
85.971386,90,12181.16756
51.03763,91,12182.182419
76.27956,135,12183.690359
56.910084,97,12184.782142
42.804239,89,12185.800636
-7.4,5,12185.899819
1.540431,21,12186.160087
19.022967,63,12186.929684
16.643168,49,12187.554729
47.257162,99,12188.626283
86.67881,121,12190.066604
82.603399,98,12191.204225
-9.229063,2,12191.251735
42.248262,62,12191.973479
47.362792,86,12192.995093
75.223482,102,12194.20161
81.472836,138,12195.808905
19.375089,67,12196.569368
-7.96,3,12196.646735
83.822574,134,12198.170456
60.652664,79,12199.006774
72.666533,112,12200.279452
1.301471,27,12200.605732
1.356952,35,12201.031713
63.158449,102,12202.266384
84.483447,115,12203.602411
24.455448,61,12204.345384
37.366288,79,12205.237043
64.253077,184,12207.083066
81.21505,117,12208.422305
18.430993,41,12208.903798
13.869348,28,12209.252785
-0.152877,11,12209.394907
71.063672,118,12210.674548
74.836891,112,12211.929795
67.408273,99,12213.103622
-10.0,1,12213.140268
15.320842,57,12213.810763
58.5983,97,12214.961145
3.875122,25,12215.275065
62.721027,83,12216.289129
83.626454,133,12217.921138
-1.1956,20,12218.198808
82.805121,105,12219.434824
85.332034,192,12221.40042
75.869615,96,12222.471367
42.773865,76,12223.317235
47.203244,72,12224.183081
75.552924,93,12225.235872
2.104553,19,12225.472086
58.210412,72,12226.293876
32.288695,47,12226.819021
45.924228,76,12227.686301
71.604714,88,12228.711735
-1.014757,13,12228.878503
71.126938,94,12229.999504
81.225673,83,12230.877813
85.398666,86,12231.788103
79.359,134,12233.267952
0.140081,13,12233.439249
43.902365,103,12234.622499
86.297142,131,12236.193298
85.714344,129,12237.722946
86.101884,132,12239.216624
88.528856,148,12240.863826
82.522241,114,12242.20076
50.009155,93,12243.28265
87.714012,114,12244.533646
82.967443,122,12245.887883
77.317539,105,12247.134562
35.399264,73,12248.065575
-0.194561,27,12248.461541
69.566386,113,12249.751159
-0.537331,14,12249.938149
-1.897326,12,12250.108693
79.220457,110,12251.371349
90.123596,89,12252.326609
88.981576,148,12254.066451
73.025111,101,12255.302636
85.552505,106,12256.551767
78.622997,90,12257.567456
79.567058,123,12259.008861
89.664014,123,12260.400848
21.028943,40,12260.867649
28.075748,53,12261.4905
20.017527,56,12262.177508
81.624138,99,12263.575741
86.79876,174,12265.938025
32.006983,145,12267.719105
86.678031,112,12269.238739
24.401584,67,12270.271882
