timestep,episode,collision,near_collision,outside_road,reached_exit,max_steps
1,0,0,0,1,0,0
17,1,0,0,1,0,0
34,2,0,0,1,0,0
63,3,0,0,1,0,0
81,4,0,0,1,0,0
102,5,0,0,1,0,0
162,6,0,0,1,0,0
168,7,0,0,1,0,0
172,8,0,0,1,0,0
174,9,0,0,1,0,0
191,10,0,0,1,0,0
200,11,1,0,0,0,0
217,12,0,0,1,0,0
219,13,0,0,1,0,0
220,14,0,0,1,0,0
226,15,0,0,1,0,0
238,16,0,0,1,0,0
241,17,0,0,1,0,0
245,18,0,0,1,0,0
249,19,0,0,1,0,0
261,20,0,0,1,0,0
263,21,0,0,1,0,0
275,22,0,0,1,0,0
278,23,0,0,1,0,0
297,24,0,0,1,0,0
300,25,0,0,1,0,0
313,26,0,0,1,0,0
314,27,0,0,1,0,0
319,28,0,0,1,0,0
337,29,0,0,1,0,0
338,30,0,0,1,0,0
346,31,0,0,1,0,0
353,32,0,0,1,0,0
355,33,0,0,1,0,0
362,34,0,0,1,0,0
363,35,0,0,1,0,0
369,36,0,0,1,0,0
382,37,0,0,1,0,0
386,38,0,0,1,0,0
397,39,0,0,1,0,0
421,40,0,0,1,0,0
428,41,0,0,1,0,0
451,42,0,0,1,0,0
452,43,0,0,1,0,0
459,44,0,0,1,0,0
466,45,0,0,1,0,0
468,46,0,0,1,0,0
491,47,0,0,1,0,0
494,48,0,0,1,0,0
518,49,0,0,1,0,0
523,50,0,0,1,0,0
524,51,0,0,1,0,0
527,52,0,0,1,0,0
528,53,0,0,1,0,0
532,54,0,0,1,0,0
543,55,0,0,1,0,0
555,56,0,0,1,0,0
560,57,0,0,1,0,0
565,58,0,0,1,0,0
571,59,0,0,1,0,0
574,60,0,0,1,0,0
610,61,0,0,1,0,0
618,62,0,0,1,0,0
629,63,0,0,1,0,0
661,64,0,0,1,0,0
673,65,0,0,1,0,0
688,66,0,0,1,0,0
701,67,0,0,1,0,0
703,68,0,0,1,0,0
710,69,0,0,1,0,0
724,70,0,0,1,0,0
754,71,0,0,1,0,0
772,72,0,0,1,0,0
775,73,0,0,1,0,0
815,74,0,0,1,0,0
823,75,0,0,1,0,0
836,76,0,0,1,0,0
890,77,0,0,1,0,0
895,78,0,0,1,0,0
930,79,0,0,1,0,0
1015,80,0,0,0,1,0
1062,81,0,0,1,0,0
1070,82,0,0,1,0,0
1086,83,0,0,1,0,0
1094,84,0,0,1,0,0
1100,85,0,0,1,0,0
1114,86,0,0,1,0,0
1127,87,0,0,1,0,0
1142,88,0,0,1,0,0
1155,89,0,0,1,0,0
1165,90,0,0,1,0,0
1174,91,0,0,1,0,0
1187,92,0,0,1,0,0
1210,93,0,0,1,0,0
1213,94,0,0,1,0,0
1220,95,0,0,1,0,0
1241,96,0,0,1,0,0
1247,97,0,0,1,0,0
1255,98,0,0,1,0,0
1259,99,0,0,1,0,0
1265,100,0,0,1,0,0
1272,101,0,0,1,0,0
1277,102,0,0,1,0,0
1296,103,0,0,1,0,0
1331,104,0,0,1,0,0
1365,105,0,0,1,0,0
1379,106,0,0,1,0,0
1388,107,0,0,1,0,0
1394,108,0,0,1,0,0
1407,109,0,0,1,0,0
1410,110,0,0,1,0,0
1427,111,0,0,1,0,0
1432,112,0,0,1,0,0
1455,113,0,0,1,0,0
1463,114,0,0,1,0,0
1481,115,0,0,1,0,0
1483,116,0,0,1,0,0
1486,117,0,0,1,0,0
1491,118,0,0,1,0,0
1492,119,0,0,1,0,0
1497,120,0,0,1,0,0
1510,121,0,0,1,0,0
1512,122,0,0,1,0,0
1515,123,0,0,1,0,0
1544,124,0,0,1,0,0
1547,125,0,0,1,0,0
1569,126,0,0,1,0,0
1581,127,0,0,1,0,0
1594,128,0,0,1,0,0
1595,129,0,0,1,0,0
1596,130,0,0,1,0,0
1613,131,0,0,1,0,0
1636,132,0,0,1,0,0
1640,133,0,0,1,0,0
1680,134,0,0,1,0,0
1688,135,0,0,1,0,0
1699,136,0,0,1,0,0
1715,137,0,0,1,0,0
1726,138,0,0,1,0,0
1744,139,0,0,1,0,0
1752,140,0,0,1,0,0
1753,141,0,0,1,0,0
1764,142,0,0,1,0,0
1769,143,0,0,1,0,0
1770,144,0,0,1,0,0
1774,145,0,0,1,0,0
1785,146,0,0,1,0,0
1787,147,0,0,1,0,0
1819,148,0,0,1,0,0
1842,149,0,0,1,0,0
1848,150,0,0,1,0,0
1860,151,0,0,1,0,0
1865,152,0,0,1,0,0
1892,153,0,0,1,0,0
1894,154,0,0,1,0,0
1916,155,0,0,1,0,0
1969,156,0,0,1,0,0
1978,157,0,0,1,0,0
1989,158,0,0,1,0,0
2012,159,0,0,1,0,0
2024,160,0,0,1,0,0
2042,161,0,0,1,0,0
2055,162,0,0,1,0,0
2061,163,0,0,1,0,0
2062,164,0,0,1,0,0
2107,165,0,0,1,0,0
2120,166,0,0,1,0,0
2124,167,0,0,1,0,0
2133,168,0,0,1,0,0
2140,169,0,0,1,0,0
2152,170,0,0,1,0,0
2158,171,0,0,1,0,0
2175,172,0,0,1,0,0
2199,173,0,0,1,0,0
2203,174,0,0,1,0,0
2211,175,0,0,1,0,0
2225,176,0,0,1,0,0
2237,177,0,0,1,0,0
2250,178,0,0,1,0,0
2256,179,0,0,1,0,0
2275,180,0,0,1,0,0
2283,181,0,0,1,0,0
2315,182,0,0,1,0,0
2329,183,0,0,1,0,0
2355,184,0,0,1,0,0
2365,185,0,0,1,0,0
2379,186,0,0,1,0,0
2384,187,0,0,1,0,0
2399,188,0,0,1,0,0
2413,189,0,0,1,0,0
2415,190,0,0,1,0,0
2424,191,0,0,1,0,0
2425,192,0,0,1,0,0
2430,193,0,0,1,0,0
2450,194,0,0,1,0,0
2461,195,0,0,1,0,0
2466,196,0,0,1,0,0
2473,197,0,0,1,0,0
2493,198,0,0,1,0,0
2509,199,0,0,1,0,0
2521,200,0,0,1,0,0
2531,201,0,0,1,0,0
2569,202,0,0,1,0,0
2593,203,0,0,1,0,0
2595,204,0,0,1,0,0
2605,205,0,0,1,0,0
2608,206,0,0,1,0,0
2626,207,0,0,1,0,0
2632,208,0,0,1,0,0
2639,209,0,0,1,0,0
2708,210,0,0,1,0,0
2718,211,0,0,1,0,0
2724,212,0,0,1,0,0
2736,213,0,0,1,0,0
2766,214,0,0,1,0,0
2768,215,0,0,1,0,0
2774,216,0,0,1,0,0
2775,217,0,0,1,0,0
2790,218,0,0,1,0,0
2794,219,0,0,1,0,0
2801,220,0,0,1,0,0
2820,221,0,0,1,0,0
2826,222,0,0,1,0,0
2831,223,0,0,1,0,0
2839,224,0,0,1,0,0
2845,225,0,0,1,0,0
2851,226,0,0,1,0,0
2852,227,0,0,1,0,0
2853,228,0,0,1,0,0
2859,229,0,0,1,0,0
2899,230,0,0,1,0,0
2902,231,0,0,1,0,0
2915,232,0,0,1,0,0
2918,233,0,0,1,0,0
2963,234,0,0,1,0,0
2992,235,0,0,1,0,0
3022,236,0,0,1,0,0
3045,237,0,0,1,0,0
3054,238,0,0,1,0,0
3065,239,0,0,1,0,0
3072,240,0,0,1,0,0
3089,241,0,0,1,0,0
3096,242,0,0,1,0,0
3106,243,0,0,1,0,0
3107,244,0,0,1,0,0
3116,245,0,0,1,0,0
3134,246,0,0,1,0,0
3156,247,0,0,1,0,0
3184,248,0,0,1,0,0
3217,249,0,0,1,0,0
3221,250,0,0,1,0,0
3228,251,0,0,1,0,0
3257,252,0,0,1,0,0
3264,253,0,0,1,0,0
3269,254,0,0,1,0,0
3270,255,0,0,1,0,0
3275,256,0,0,1,0,0
3278,257,0,0,1,0,0
3284,258,0,0,1,0,0
3298,259,0,0,1,0,0
3329,260,0,0,1,0,0
3371,261,0,0,1,0,0
3403,262,0,0,1,0,0
3418,263,0,0,1,0,0
3448,264,0,0,1,0,0
3485,265,0,0,1,0,0
3496,266,0,0,1,0,0
3498,267,0,0,1,0,0
3520,268,0,0,1,0,0
3521,269,0,0,1,0,0
3528,270,0,0,1,0,0
3531,271,0,0,1,0,0
3546,272,0,0,1,0,0
3562,273,0,0,1,0,0
3563,274,0,0,1,0,0
3576,275,0,0,1,0,0
3579,276,0,0,1,0,0
3588,277,0,0,1,0,0
3591,278,0,0,1,0,0
3594,279,0,0,1,0,0
3608,280,0,0,1,0,0
3614,281,0,0,1,0,0
3621,282,0,0,1,0,0
3647,283,0,0,1,0,0
3649,284,1,0,0,0,0
3661,285,0,0,1,0,0
3702,286,0,0,1,0,0
3728,287,0,0,1,0,0
3744,288,0,0,1,0,0
3753,289,0,0,1,0,0
3786,290,0,0,1,0,0
3787,291,0,0,1,0,0
3836,292,0,0,1,0,0
3837,293,0,0,1,0,0
3883,294,0,0,1,0,0
3887,295,0,0,1,0,0
3899,296,0,0,1,0,0
3929,297,0,0,1,0,0
3941,298,0,0,1,0,0
3942,299,0,0,1,0,0
3951,300,0,0,1,0,0
3955,301,0,0,1,0,0
3958,302,1,0,0,0,0
3963,303,0,0,1,0,0
3973,304,0,0,1,0,0
3985,305,0,0,1,0,0
4002,306,0,0,1,0,0
4013,307,0,0,1,0,0
4032,308,0,0,1,0,0
4071,309,0,0,1,0,0
4081,310,0,0,1,0,0
4083,311,0,0,1,0,0
4122,312,0,0,1,0,0
4124,313,0,0,1,0,0
4133,314,0,0,1,0,0
4173,315,0,0,1,0,0
4184,316,0,0,1,0,0
4185,317,0,0,1,0,0
4218,318,0,0,1,0,0
4241,319,0,0,1,0,0
4244,320,0,0,1,0,0
4250,321,0,0,1,0,0
4277,322,0,0,1,0,0
4281,323,0,0,1,0,0
4284,324,0,0,1,0,0
4305,325,0,0,1,0,0
4306,326,0,0,1,0,0
4311,327,0,0,1,0,0
4318,328,0,0,1,0,0
4347,329,0,0,1,0,0
4348,330,0,0,1,0,0
4373,331,0,0,1,0,0
4382,332,0,0,1,0,0
4384,333,0,0,1,0,0
4396,334,0,0,1,0,0
4400,335,0,0,1,0,0
4413,336,0,0,1,0,0
4433,337,0,0,1,0,0
4435,338,0,0,1,0,0
4441,339,0,0,1,0,0
4446,340,0,0,1,0,0
4450,341,0,0,1,0,0
4491,342,0,0,1,0,0
4510,343,0,0,1,0,0
4517,344,0,0,1,0,0
4528,345,0,0,1,0,0
4538,346,0,0,1,0,0
4543,347,0,0,1,0,0
4544,348,0,0,1,0,0
4583,349,0,0,1,0,0
4584,350,0,0,1,0,0
4595,351,0,0,1,0,0
4599,352,0,0,1,0,0
4604,353,0,0,1,0,0
4609,354,0,0,1,0,0
4615,355,0,0,1,0,0
4618,356,0,0,1,0,0
4628,357,0,0,1,0,0
4676,358,0,0,1,0,0
4684,359,0,0,1,0,0
4707,360,0,0,1,0,0
4757,361,0,0,1,0,0
4759,362,0,0,1,0,0
4797,363,0,0,1,0,0
4798,364,0,0,1,0,0
4810,365,0,0,1,0,0
4830,366,0,0,1,0,0
4832,367,0,0,1,0,0
4833,368,0,0,1,0,0
4837,369,0,0,1,0,0
4869,370,0,0,1,0,0
4946,371,0,0,1,0,0
4971,372,0,0,1,0,0
5003,373,0,0,1,0,0
5021,374,0,0,1,0,0
5031,375,0,0,1,0,0
5035,376,0,0,1,0,0
5043,377,0,0,1,0,0
5056,378,0,0,1,0,0
5065,379,0,0,1,0,0
5070,380,0,0,1,0,0
5079,381,0,0,1,0,0
5105,382,0,0,1,0,0
5120,383,0,0,1,0,0
5131,384,0,0,1,0,0
5142,385,0,0,1,0,0
5179,386,0,0,1,0,0
5189,387,0,0,1,0,0
5254,388,0,0,0,1,0
5258,389,0,0,1,0,0
5264,390,0,0,1,0,0
5325,391,0,0,1,0,0
5342,392,0,0,1,0,0
5346,393,0,0,1,0,0
5361,394,0,0,1,0,0
5379,395,0,0,1,0,0
5383,396,0,0,1,0,0
5396,397,0,0,1,0,0
5400,398,0,0,1,0,0
5414,399,0,0,1,0,0
5425,400,0,0,1,0,0
5431,401,0,0,1,0,0
5443,402,0,0,1,0,0
5452,403,0,0,1,0,0
5453,404,0,0,1,0,0
5476,405,0,0,1,0,0
5484,406,0,0,1,0,0
5499,407,0,0,1,0,0
5505,408,0,0,1,0,0
5530,409,0,0,1,0,0
5560,410,0,0,1,0,0
5579,411,0,0,1,0,0
5612,412,0,0,1,0,0
5632,413,0,0,1,0,0
5641,414,0,0,1,0,0
5644,415,0,0,1,0,0
5645,416,0,0,1,0,0
5659,417,0,0,1,0,0
5683,418,0,0,1,0,0
5689,419,0,0,1,0,0
5723,420,0,0,1,0,0
5739,421,0,0,1,0,0
5743,422,0,0,1,0,0
5768,423,0,0,1,0,0
5772,424,0,0,1,0,0
5786,425,0,0,1,0,0
5799,426,0,0,1,0,0
5800,427,0,0,1,0,0
5809,428,0,0,1,0,0
5839,429,0,0,1,0,0
5862,430,0,0,1,0,0
5863,431,0,0,1,0,0
5879,432,0,0,1,0,0
5880,433,0,0,1,0,0
5899,434,0,0,1,0,0
5925,435,0,0,1,0,0
5956,436,0,0,1,0,0
5958,437,0,0,1,0,0
5959,438,0,0,1,0,0
5963,439,0,0,1,0,0
5977,440,0,0,1,0,0
5996,441,0,0,1,0,0
6009,442,0,0,1,0,0
6010,443,0,0,1,0,0
6015,444,0,0,1,0,0
6026,445,0,0,1,0,0
6030,446,0,0,1,0,0
6074,447,0,0,1,0,0
6090,448,0,0,1,0,0
6105,449,0,0,1,0,0
6113,450,0,0,1,0,0
6122,451,0,0,1,0,0
6152,452,0,0,1,0,0
6173,453,0,0,1,0,0
6181,454,0,0,1,0,0
6183,455,0,0,1,0,0
6218,456,0,0,1,0,0
6262,457,0,0,1,0,0
6274,458,0,0,1,0,0
6279,459,0,0,1,0,0
6285,460,0,0,1,0,0
6288,461,0,0,1,0,0
6298,462,0,0,1,0,0
6325,463,0,0,1,0,0
6334,464,0,0,1,0,0
6337,465,0,0,1,0,0
6344,466,0,0,1,0,0
6390,467,0,0,1,0,0
6407,468,0,0,1,0,0
6414,469,0,0,1,0,0
6415,470,0,0,1,0,0
6418,471,0,0,1,0,0
6419,472,0,0,1,0,0
6440,473,0,0,1,0,0
6461,474,0,0,1,0,0
6463,475,0,0,1,0,0
6488,476,0,0,1,0,0
6489,477,0,0,1,0,0
6492,478,0,0,1,0,0
6501,479,0,0,1,0,0
6524,480,0,0,1,0,0
6550,481,0,0,1,0,0
6558,482,0,0,1,0,0
6566,483,0,0,1,0,0
6573,484,0,0,1,0,0
6659,485,0,0,1,0,0
6663,486,0,0,1,0,0
6675,487,0,0,1,0,0
6682,488,0,0,1,0,0
6683,489,0,0,1,0,0
6711,490,0,0,1,0,0
6758,491,0,0,1,0,0
6759,492,0,0,1,0,0
6760,493,0,0,1,0,0
6764,494,0,0,1,0,0
6775,495,0,0,1,0,0
6801,496,0,0,1,0,0
6822,497,0,0,1,0,0
6833,498,0,0,1,0,0
6838,499,0,0,1,0,0
6847,500,0,0,1,0,0
6857,501,0,0,1,0,0
6871,502,0,0,1,0,0
6881,503,0,0,1,0,0
6892,504,0,0,1,0,0
6920,505,0,0,1,0,0
6933,506,0,0,1,0,0
6941,507,0,0,1,0,0
6950,508,0,0,1,0,0
6954,509,0,0,1,0,0
6993,510,0,0,1,0,0
7011,511,0,0,1,0,0
7016,512,0,0,1,0,0
7020,513,0,0,1,0,0
7060,514,0,0,1,0,0
7091,515,0,0,1,0,0
7098,516,0,0,1,0,0
7104,517,0,0,1,0,0
7133,518,0,0,1,0,0
7139,519,0,0,1,0,0
7159,520,0,0,1,0,0
7160,521,0,0,1,0,0
7162,522,0,0,1,0,0
7192,523,0,0,1,0,0
7198,524,0,0,1,0,0
7200,525,0,0,1,0,0
7210,526,0,0,1,0,0
7236,527,0,0,1,0,0
7255,528,0,0,1,0,0
7258,529,0,0,1,0,0
7290,530,0,0,1,0,0
7318,531,0,0,1,0,0
7339,532,0,0,1,0,0
7347,533,0,0,1,0,0
7349,534,0,0,1,0,0
7356,535,0,0,1,0,0
7361,536,0,0,1,0,0
7370,537,0,0,1,0,0
7397,538,0,0,1,0,0
7413,539,0,0,1,0,0
7415,540,0,0,1,0,0
7422,541,0,0,1,0,0
7428,542,0,0,1,0,0
7436,543,0,0,1,0,0
7439,544,0,0,1,0,0
7458,545,0,0,1,0,0
7494,546,0,0,1,0,0
7533,547,0,0,1,0,0
7535,548,0,0,1,0,0
7550,549,0,0,1,0,0
7556,550,0,0,1,0,0
7558,551,0,0,1,0,0
7569,552,0,0,1,0,0
7589,553,0,0,1,0,0
7599,554,0,0,1,0,0
7607,555,0,0,1,0,0
7626,556,0,0,1,0,0
7627,557,0,0,1,0,0
7635,558,0,0,1,0,0
7651,559,0,0,1,0,0
7661,560,0,0,1,0,0
7685,561,0,0,1,0,0
7747,562,0,0,1,0,0
7755,563,0,0,1,0,0
7770,564,0,0,1,0,0
7772,565,1,0,0,0,0
7800,566,0,0,1,0,0
7802,567,0,0,1,0,0
7825,568,0,0,1,0,0
7849,569,0,0,1,0,0
7852,570,0,0,1,0,0
7861,571,0,0,1,0,0
7863,572,0,0,1,0,0
7875,573,0,0,1,0,0
7904,574,0,0,1,0,0
7918,575,0,0,1,0,0
7925,576,0,0,1,0,0
7928,577,0,0,1,0,0
7946,578,0,0,1,0,0
7949,579,0,0,1,0,0
7976,580,0,0,1,0,0
7985,581,0,0,1,0,0
8001,582,0,0,1,0,0
8002,583,0,0,1,0,0
8005,584,0,0,1,0,0
8006,585,0,0,1,0,0
8008,586,0,0,1,0,0
8017,587,0,0,1,0,0
8038,588,0,0,1,0,0
8046,589,0,0,1,0,0
8098,590,0,0,1,0,0
8105,591,0,0,1,0,0
8110,592,0,0,1,0,0
8116,593,0,0,1,0,0
8137,594,0,0,1,0,0
8140,595,0,0,1,0,0
8146,596,0,0,1,0,0
8171,597,0,0,1,0,0
8183,598,0,0,1,0,0
8200,599,0,0,1,0,0
8208,600,0,0,1,0,0
8232,601,0,0,1,0,0
8241,602,0,0,1,0,0
8252,603,0,0,1,0,0
8259,604,0,0,1,0,0
8265,605,0,0,1,0,0
8286,606,0,0,1,0,0
8290,607,0,0,1,0,0
8302,608,0,0,1,0,0
8304,609,0,0,1,0,0
8305,610,0,0,1,0,0
8317,611,0,0,1,0,0
8323,612,0,0,1,0,0
8330,613,0,0,1,0,0
8333,614,0,0,1,0,0
8342,615,0,0,1,0,0
8366,616,0,0,1,0,0
8372,617,0,0,1,0,0
8383,618,0,0,1,0,0
8393,619,0,0,1,0,0
8410,620,0,0,1,0,0
8413,621,0,0,1,0,0
8415,622,0,0,1,0,0
8426,623,0,0,1,0,0
8455,624,0,0,1,0,0
8473,625,0,0,1,0,0
8490,626,0,0,1,0,0
8500,627,0,0,1,0,0
8509,628,0,0,1,0,0
8513,629,0,0,1,0,0
8517,630,0,0,1,0,0
8528,631,0,0,1,0,0
8540,632,0,0,1,0,0
8545,633,0,0,1,0,0
8549,634,0,0,1,0,0
8560,635,0,0,1,0,0
8567,636,0,0,1,0,0
8583,637,0,0,1,0,0
8600,638,0,0,1,0,0
8602,639,0,0,1,0,0
8611,640,0,0,1,0,0
8615,641,1,0,0,0,0
8622,642,0,0,1,0,0
8645,643,0,0,1,0,0
8655,644,0,0,1,0,0
8658,645,0,0,1,0,0
8675,646,0,0,1,0,0
8676,647,0,0,1,0,0
8688,648,0,0,1,0,0
8708,649,0,0,1,0,0
8725,650,0,0,1,0,0
8728,651,0,0,1,0,0
8729,652,0,0,1,0,0
8734,653,0,0,1,0,0
8738,654,0,0,1,0,0
8739,655,0,0,1,0,0
8740,656,0,0,1,0,0
8759,657,0,0,1,0,0
8761,658,0,0,1,0,0
8779,659,0,0,1,0,0
8786,660,0,0,1,0,0
8805,661,0,0,1,0,0
8806,662,0,0,1,0,0
8855,663,0,0,1,0,0
8857,664,0,0,1,0,0
8860,665,0,0,1,0,0
8866,666,0,0,1,0,0
8877,667,0,0,1,0,0
8878,668,0,0,1,0,0
8882,669,0,0,1,0,0
8906,670,0,0,1,0,0
8907,671,0,0,1,0,0
8923,672,0,0,1,0,0
8961,673,0,0,1,0,0
8964,674,0,0,1,0,0
8975,675,0,0,1,0,0
9020,676,0,0,1,0,0
9043,677,0,0,1,0,0
9044,678,0,0,1,0,0
9061,679,0,0,1,0,0
9064,680,1,0,0,0,0
9085,681,0,0,1,0,0
9099,682,0,0,1,0,0
9104,683,0,0,1,0,0
9122,684,0,0,1,0,0
9142,685,0,0,1,0,0
9166,686,0,0,1,0,0
9177,687,0,0,1,0,0
9201,688,0,0,1,0,0
9220,689,0,0,1,0,0
9233,690,0,0,1,0,0
9247,691,0,0,1,0,0
9253,692,0,0,1,0,0
9257,693,0,0,1,0,0
9273,694,0,0,1,0,0
9277,695,0,0,1,0,0
9280,696,0,0,1,0,0
9285,697,0,0,1,0,0
9317,698,0,0,1,0,0
9321,699,0,0,1,0,0
9343,700,0,0,1,0,0
9355,701,0,0,1,0,0
9359,702,0,0,1,0,0
9365,703,0,0,1,0,0
9366,704,0,0,1,0,0
9368,705,0,0,1,0,0
9370,706,0,0,1,0,0
9379,707,0,0,1,0,0
9410,708,0,0,1,0,0
9425,709,0,0,1,0,0
9435,710,0,0,1,0,0
9436,711,0,0,1,0,0
9438,712,0,0,1,0,0
9441,713,0,0,1,0,0
9502,714,0,0,1,0,0
9525,715,0,0,1,0,0
9542,716,0,0,1,0,0
9554,717,0,0,1,0,0
9606,718,0,0,1,0,0
9624,719,0,0,1,0,0
9642,720,0,0,1,0,0
9692,721,0,0,1,0,0
9696,722,0,0,1,0,0
9698,723,0,0,1,0,0
9700,724,0,0,1,0,0
9702,725,0,0,1,0,0
9712,726,0,0,1,0,0
9718,727,0,0,1,0,0
9730,728,0,0,1,0,0
9749,729,0,0,1,0,0
9774,730,0,0,1,0,0
9775,731,0,0,1,0,0
9791,732,0,0,1,0,0
9796,733,0,0,1,0,0
9849,734,0,0,1,0,0
9861,735,0,0,1,0,0
9883,736,0,0,1,0,0
9888,737,0,0,1,0,0
9902,738,0,0,1,0,0
9910,739,0,0,1,0,0
9916,740,0,0,1,0,0
9919,741,0,0,1,0,0
9933,742,0,0,1,0,0
9942,743,0,0,1,0,0
9948,744,0,0,1,0,0
9954,745,0,0,1,0,0
9971,746,0,0,1,0,0
9977,747,0,0,1,0,0
9988,748,0,0,1,0,0
9991,749,0,0,1,0,0
10010,750,0,0,1,0,0
10020,751,0,0,1,0,0
10030,752,0,0,1,0,0
10031,753,0,0,1,0,0
10049,754,0,0,1,0,0
10069,755,0,0,1,0,0
10081,756,0,0,1,0,0
10095,757,0,0,1,0,0
10111,758,0,0,1,0,0
10118,759,0,0,1,0,0
10121,760,0,0,1,0,0
10122,761,0,0,1,0,0
10123,762,0,0,1,0,0
10141,763,0,0,1,0,0
10151,764,0,0,1,0,0
10173,765,0,0,1,0,0
10181,766,0,0,1,0,0
10221,767,0,0,1,0,0
10241,768,0,0,1,0,0
10247,769,0,0,1,0,0
10248,770,0,0,1,0,0
10342,771,0,0,1,0,0
10344,772,0,0,1,0,0
10349,773,0,0,1,0,0
10380,774,0,0,1,0,0
10408,775,0,0,1,0,0
10421,776,0,0,1,0,0
10425,777,0,0,1,0,0
10430,778,0,0,1,0,0
10491,779,0,0,1,0,0
10514,780,0,0,1,0,0
10525,781,0,0,1,0,0
10543,782,0,0,1,0,0
10547,783,0,0,1,0,0
10548,784,0,0,1,0,0
10568,785,0,0,1,0,0
10570,786,0,0,1,0,0
10575,787,0,0,1,0,0
10594,788,0,0,1,0,0
10599,789,0,0,1,0,0
10644,790,0,0,1,0,0
10649,791,0,0,1,0,0
10657,792,0,0,1,0,0
10687,793,0,0,1,0,0
10703,794,0,0,1,0,0
10705,795,0,0,1,0,0
10710,796,0,0,1,0,0
10712,797,0,0,1,0,0
10732,798,0,0,1,0,0
10733,799,0,0,1,0,0
10743,800,0,0,1,0,0
10753,801,0,0,1,0,0
10783,802,0,0,1,0,0
10789,803,0,0,1,0,0
10809,804,0,0,1,0,0
10827,805,0,0,1,0,0
10837,806,0,0,1,0,0
10845,807,0,0,1,0,0
10856,808,1,0,0,0,0
10859,809,0,0,1,0,0
10874,810,0,0,1,0,0
10882,811,0,0,1,0,0
10901,812,0,0,1,0,0
10926,813,0,0,1,0,0
10930,814,0,0,1,0,0
10932,815,0,0,1,0,0
10959,816,0,0,1,0,0
10961,817,0,0,1,0,0
10966,818,0,0,1,0,0
11025,819,0,0,1,0,0
11027,820,0,0,1,0,0
11058,821,0,0,1,0,0
11073,822,0,0,1,0,0
11080,823,0,0,1,0,0
11084,824,0,0,1,0,0
11092,825,0,0,1,0,0
11115,826,0,0,1,0,0
11124,827,0,0,1,0,0
11135,828,0,0,1,0,0
11141,829,0,0,1,0,0
11146,830,0,0,1,0,0
11150,831,0,0,1,0,0
11156,832,0,0,1,0,0
11159,833,0,0,1,0,0
11191,834,0,0,1,0,0
11197,835,0,0,1,0,0
11201,836,0,0,1,0,0
11216,837,0,0,1,0,0
11224,838,0,0,1,0,0
11263,839,0,0,1,0,0
11269,840,0,0,1,0,0
11274,841,0,0,1,0,0
11286,842,0,0,1,0,0
11298,843,0,0,1,0,0
11317,844,0,0,1,0,0
11318,845,0,0,1,0,0
11338,846,0,0,1,0,0
11345,847,0,0,1,0,0
11348,848,0,0,1,0,0
11353,849,0,0,1,0,0
11373,850,0,0,1,0,0
11422,851,0,0,1,0,0
11429,852,0,0,1,0,0
11446,853,0,0,1,0,0
11451,854,0,0,1,0,0
11464,855,0,0,1,0,0
11477,856,0,0,1,0,0
11485,857,0,0,1,0,0
11489,858,0,0,1,0,0
11501,859,0,0,1,0,0
11504,860,0,0,1,0,0
11508,861,0,0,1,0,0
11512,862,0,0,1,0,0
11513,863,0,0,1,0,0
11532,864,0,0,1,0,0
11533,865,0,0,1,0,0
11543,866,0,0,1,0,0
11617,867,0,0,1,0,0
11630,868,0,0,1,0,0
11635,869,0,0,1,0,0
11654,870,0,0,1,0,0
11670,871,0,0,1,0,0
11683,872,0,0,1,0,0
11689,873,0,0,1,0,0
11704,874,0,0,1,0,0
11706,875,0,0,1,0,0
11715,876,0,0,1,0,0
11723,877,0,0,1,0,0
11730,878,0,0,1,0,0
11748,879,0,0,1,0,0
11773,880,0,0,1,0,0
11788,881,0,0,1,0,0
11791,882,0,0,1,0,0
11806,883,0,0,1,0,0
11817,884,0,0,1,0,0
11824,885,0,0,1,0,0
11836,886,0,0,1,0,0
11886,887,0,0,1,0,0
11948,888,0,0,0,1,0
11950,889,0,0,1,0,0
11980,890,0,0,1,0,0
11985,891,0,0,1,0,0
11994,892,0,0,1,0,0
12001,893,0,0,1,0,0
12072,894,0,0,1,0,0
12083,895,0,0,1,0,0
12123,896,0,0,1,0,0
12136,897,0,0,1,0,0
12151,898,0,0,1,0,0
12155,899,0,0,1,0,0
12195,900,0,0,1,0,0
12197,901,0,0,1,0,0
12201,902,0,0,1,0,0
12218,903,0,0,1,0,0
12220,904,0,0,1,0,0
12221,905,0,0,1,0,0
12236,906,0,0,1,0,0
12237,907,0,0,1,0,0
12257,908,0,0,1,0,0
12269,909,0,0,1,0,0
12270,910,0,0,1,0,0
12289,911,0,0,1,0,0
12365,912,0,0,1,0,0
12416,913,0,0,1,0,0
12420,914,0,0,1,0,0
12448,915,0,0,1,0,0
12451,916,0,0,1,0,0
12453,917,0,0,1,0,0
12464,918,0,0,1,0,0
12465,919,0,0,1,0,0
12474,920,0,0,1,0,0
12490,921,0,0,1,0,0
12493,922,0,0,1,0,0
12498,923,0,0,1,0,0
12501,924,0,0,1,0,0
12511,925,0,0,1,0,0
12523,926,0,0,1,0,0
12530,927,0,0,1,0,0
12531,928,0,0,1,0,0
12542,929,0,0,1,0,0
12544,930,0,0,1,0,0
12547,931,0,0,1,0,0
12558,932,0,0,1,0,0
12561,933,0,0,1,0,0
12569,934,0,0,1,0,0
12589,935,0,0,1,0,0
12616,936,0,0,1,0,0
12630,937,0,0,1,0,0
12635,938,1,0,0,0,0
12640,939,0,0,1,0,0
12674,940,0,0,1,0,0
12703,941,0,0,1,0,0
12710,942,0,0,1,0,0
12714,943,0,0,1,0,0
12725,944,0,0,1,0,0
12736,945,0,0,1,0,0
12758,946,0,0,1,0,0
12760,947,0,0,1,0,0
12779,948,0,0,1,0,0
12845,949,0,0,0,1,0
12853,950,0,0,1,0,0
12855,951,0,0,1,0,0
12857,952,0,0,1,0,0
12865,953,0,0,1,0,0
12869,954,0,0,1,0,0
12887,955,0,0,1,0,0
12905,956,0,0,1,0,0
12916,957,0,0,1,0,0
12917,958,1,0,0,0,0
12936,959,0,0,1,0,0
12944,960,0,0,1,0,0
12961,961,0,0,1,0,0
13003,962,0,0,1,0,0
13026,963,0,0,1,0,0
13064,964,0,0,1,0,0
13066,965,0,0,1,0,0
13080,966,0,0,1,0,0
13086,967,0,0,1,0,0
13117,968,0,0,1,0,0
13135,969,0,0,1,0,0
13161,970,0,0,1,0,0
13177,971,0,0,1,0,0
13214,972,0,0,1,0,0
13215,973,0,0,1,0,0
13221,974,0,0,1,0,0
13225,975,0,0,1,0,0
13231,976,0,0,1,0,0
13233,977,0,0,1,0,0
13238,978,0,0,1,0,0
13248,979,0,0,1,0,0
13266,980,0,0,1,0,0
13270,981,0,0,1,0,0
13285,982,0,0,1,0,0
13294,983,0,0,1,0,0
13305,984,0,0,1,0,0
13306,985,0,0,1,0,0
13310,986,0,0,1,0,0
13321,987,0,0,1,0,0
13328,988,1,0,0,0,0
13340,989,0,0,1,0,0
13341,990,0,0,1,0,0
13348,991,0,0,1,0,0
13349,992,0,0,1,0,0
13367,993,0,0,1,0,0
13383,994,0,0,1,0,0
13384,995,0,0,1,0,0
13405,996,0,0,1,0,0
13433,997,0,0,1,0,0
13434,998,0,0,1,0,0
13468,999,0,0,1,0,0
13469,1000,0,0,1,0,0
13474,1001,0,0,1,0,0
13492,1002,0,0,1,0,0
13522,1003,0,0,1,0,0
13533,1004,0,0,1,0,0
13534,1005,0,0,1,0,0
13536,1006,0,0,1,0,0
13541,1007,1,0,0,0,0
13547,1008,0,0,1,0,0
13584,1009,0,0,1,0,0
13602,1010,0,0,1,0,0
13641,1011,0,0,1,0,0
13652,1012,0,0,1,0,0
13654,1013,0,0,1,0,0
13658,1014,0,0,1,0,0
13659,1015,0,0,1,0,0
13701,1016,0,0,1,0,0
13742,1017,0,0,1,0,0
13754,1018,0,0,1,0,0
13848,1019,0,0,0,1,0
13859,1020,0,0,1,0,0
13874,1021,0,0,1,0,0
13884,1022,0,0,1,0,0
13901,1023,0,0,1,0,0
13914,1024,0,0,1,0,0
13917,1025,0,0,1,0,0
13920,1026,0,0,1,0,0
13964,1027,0,0,1,0,0
13966,1028,0,0,1,0,0
13987,1029,0,0,1,0,0
14000,1030,0,0,1,0,0
14034,1031,0,0,1,0,0
14073,1032,0,0,1,0,0
14100,1033,0,0,1,0,0
14110,1034,0,0,1,0,0
14111,1035,0,0,1,0,0
14117,1036,0,0,1,0,0
14142,1037,0,0,1,0,0
14146,1038,0,0,1,0,0
14147,1039,0,0,1,0,0
14184,1040,0,0,1,0,0
14189,1041,0,0,1,0,0
14206,1042,0,0,1,0,0
14217,1043,0,0,1,0,0
14230,1044,0,0,1,0,0
14234,1045,0,0,1,0,0
14250,1046,0,0,1,0,0
14257,1047,0,0,1,0,0
14261,1048,0,0,1,0,0
14273,1049,0,0,1,0,0
14274,1050,0,0,1,0,0
14280,1051,0,0,1,0,0
14285,1052,0,0,1,0,0
14299,1053,0,0,1,0,0
14333,1054,0,0,1,0,0
14334,1055,0,0,1,0,0
14339,1056,0,0,1,0,0
14361,1057,0,0,1,0,0
14394,1058,0,0,1,0,0
14406,1059,0,0,1,0,0
14443,1060,0,0,1,0,0
14475,1061,0,0,1,0,0
14514,1062,0,0,1,0,0
14524,1063,0,0,1,0,0
14556,1064,0,0,1,0,0
14561,1065,0,0,1,0,0
14562,1066,0,0,1,0,0
14571,1067,0,0,1,0,0
14582,1068,0,0,1,0,0
14606,1069,0,0,1,0,0
14628,1070,0,0,1,0,0
14633,1071,0,0,1,0,0
14643,1072,0,0,1,0,0
14667,1073,0,0,1,0,0
14691,1074,0,0,1,0,0
14709,1075,0,0,1,0,0
14723,1076,0,0,1,0,0
14724,1077,0,0,1,0,0
14725,1078,0,0,1,0,0
14748,1079,0,0,1,0,0
14759,1080,0,0,1,0,0
14821,1081,0,0,1,0,0
14833,1082,0,0,1,0,0
14842,1083,0,0,1,0,0
14912,1084,0,0,1,0,0
14914,1085,0,0,1,0,0
14922,1086,0,0,1,0,0
14925,1087,0,0,1,0,0
14947,1088,0,0,1,0,0
14948,1089,0,0,1,0,0
14974,1090,0,0,1,0,0
14997,1091,0,0,1,0,0
15008,1092,0,0,1,0,0
15013,1093,0,0,1,0,0
15021,1094,0,0,1,0,0
15044,1095,0,0,1,0,0
15053,1096,0,0,1,0,0
15075,1097,0,0,1,0,0
15086,1098,0,0,1,0,0
15087,1099,0,0,1,0,0
15094,1100,0,0,1,0,0
15143,1101,0,0,1,0,0
15146,1102,0,0,1,0,0
15147,1103,0,0,1,0,0
15150,1104,0,0,1,0,0
15155,1105,0,0,1,0,0
15160,1106,0,0,1,0,0
15186,1107,0,0,1,0,0
15190,1108,0,0,1,0,0
15193,1109,0,0,1,0,0
15214,1110,0,0,1,0,0
15235,1111,0,0,1,0,0
15238,1112,0,0,1,0,0
15239,1113,0,0,1,0,0
15248,1114,0,0,1,0,0
15249,1115,0,0,1,0,0
15250,1116,0,0,1,0,0
15252,1117,0,0,1,0,0
15253,1118,0,0,1,0,0
15320,1119,0,0,1,0,0
15321,1120,0,0,1,0,0
15327,1121,0,0,1,0,0
15376,1122,0,0,1,0,0
15384,1123,0,0,1,0,0
15390,1124,0,0,1,0,0
15429,1125,0,0,1,0,0
15434,1126,0,0,1,0,0
15476,1127,0,0,1,0,0
15494,1128,0,0,1,0,0
15513,1129,0,0,1,0,0
15519,1130,0,0,1,0,0
15534,1131,0,0,1,0,0
15556,1132,0,0,1,0,0
15613,1133,0,0,1,0,0
15644,1134,0,0,1,0,0
15645,1135,0,0,1,0,0
15676,1136,0,0,1,0,0
15696,1137,0,0,1,0,0
15708,1138,0,0,1,0,0
15726,1139,0,0,1,0,0
15744,1140,0,0,1,0,0
15746,1141,0,0,1,0,0
15767,1142,0,0,1,0,0
15771,1143,0,0,1,0,0
15772,1144,0,0,1,0,0
15784,1145,0,0,1,0,0
15789,1146,1,0,0,0,0
15812,1147,0,0,1,0,0
15818,1148,0,0,1,0,0
15837,1149,0,0,1,0,0
15838,1150,0,0,1,0,0
15843,1151,0,0,1,0,0
15894,1152,0,0,1,0,0
15950,1153,0,0,1,0,0
15970,1154,0,0,1,0,0
15988,1155,0,0,1,0,0
16000,1156,0,0,1,0,0
16001,1157,0,0,1,0,0
16028,1158,0,0,1,0,0
16073,1159,0,0,1,0,0
16086,1160,0,0,1,0,0
16088,1161,0,0,1,0,0
16091,1162,0,0,1,0,0
16092,1163,0,0,1,0,0
16109,1164,0,0,1,0,0
16119,1165,0,0,1,0,0
16125,1166,0,0,1,0,0
16149,1167,0,0,1,0,0
16156,1168,0,0,1,0,0
16157,1169,0,0,1,0,0
16176,1170,0,0,1,0,0
16180,1171,0,0,1,0,0
16249,1172,0,0,1,0,0
16259,1173,0,0,1,0,0
16267,1174,0,0,1,0,0
16295,1175,0,0,1,0,0
16304,1176,0,0,1,0,0
16309,1177,0,0,1,0,0
16334,1178,0,0,1,0,0
16351,1179,0,0,1,0,0
16367,1180,0,0,1,0,0
16385,1181,0,0,1,0,0
16391,1182,0,0,1,0,0
16424,1183,0,0,1,0,0
16474,1184,0,0,1,0,0
16476,1185,0,0,1,0,0
16477,1186,0,0,1,0,0
16508,1187,0,0,1,0,0
16509,1188,0,0,1,0,0
16525,1189,0,0,1,0,0
16536,1190,0,0,1,0,0
16540,1191,0,0,1,0,0
16553,1192,0,0,1,0,0
16569,1193,0,0,1,0,0
16575,1194,0,0,1,0,0
16595,1195,0,0,1,0,0
16639,1196,0,0,1,0,0
16645,1197,0,0,1,0,0
16650,1198,0,0,1,0,0
16653,1199,0,0,1,0,0
16665,1200,0,0,1,0,0
16706,1201,0,0,1,0,0
16741,1202,0,0,1,0,0
16811,1203,0,0,1,0,0
16820,1204,0,0,1,0,0
16840,1205,0,0,1,0,0
16849,1206,0,0,1,0,0
16852,1207,0,0,1,0,0
16853,1208,1,0,0,0,0
16885,1209,0,0,1,0,0
16925,1210,0,0,1,0,0
16926,1211,0,0,1,0,0
16927,1212,0,0,1,0,0
16962,1213,0,0,1,0,0
17006,1214,0,0,1,0,0
17022,1215,0,0,1,0,0
17028,1216,0,0,1,0,0
17047,1217,0,0,1,0,0
17050,1218,0,0,1,0,0
17068,1219,0,0,1,0,0
17093,1220,0,0,1,0,0
17110,1221,0,0,1,0,0
17133,1222,0,0,1,0,0
17146,1223,0,0,1,0,0
17171,1224,0,0,1,0,0
17185,1225,0,0,1,0,0
17194,1226,0,0,1,0,0
17221,1227,0,0,1,0,0
17241,1228,0,0,1,0,0
17271,1229,0,0,1,0,0
17294,1230,0,0,1,0,0
17302,1231,0,0,1,0,0
17303,1232,0,0,1,0,0
17310,1233,0,0,1,0,0
17311,1234,0,0,1,0,0
17331,1235,0,0,1,0,0
17339,1236,0,0,1,0,0
17367,1237,0,0,1,0,0
17390,1238,0,0,1,0,0
17415,1239,0,0,1,0,0
17432,1240,0,0,1,0,0
17438,1241,0,0,1,0,0
17442,1242,0,0,1,0,0
17451,1243,0,0,1,0,0
17467,1244,0,0,1,0,0
17473,1245,0,0,1,0,0
17483,1246,0,0,1,0,0
17490,1247,0,0,1,0,0
17493,1248,0,0,1,0,0
17501,1249,0,0,1,0,0
17509,1250,0,0,1,0,0
17510,1251,0,0,1,0,0
17521,1252,0,0,1,0,0
17550,1253,0,0,1,0,0
17585,1254,0,0,1,0,0
17588,1255,0,0,1,0,0
17626,1256,0,0,1,0,0
17631,1257,0,0,1,0,0
17639,1258,0,0,1,0,0
17662,1259,0,0,1,0,0
17672,1260,0,0,1,0,0
17673,1261,0,0,1,0,0
17682,1262,0,0,1,0,0
17683,1263,0,0,1,0,0
17685,1264,0,0,1,0,0
17763,1265,0,0,1,0,0
17771,1266,0,0,1,0,0
17780,1267,0,0,1,0,0
17799,1268,0,0,1,0,0
17813,1269,0,0,1,0,0
17832,1270,0,0,1,0,0
17842,1271,0,0,1,0,0
17890,1272,0,0,1,0,0
17928,1273,0,0,1,0,0
17935,1274,0,0,1,0,0
17943,1275,0,0,1,0,0
17948,1276,0,0,1,0,0
17950,1277,1,0,0,0,0
17955,1278,0,0,1,0,0
17969,1279,0,0,1,0,0
17980,1280,0,0,1,0,0
18001,1281,0,0,1,0,0
18016,1282,0,0,1,0,0
18019,1283,0,0,1,0,0
18026,1284,0,0,1,0,0
18053,1285,0,0,1,0,0
18122,1286,0,0,1,0,0
18131,1287,0,0,1,0,0
18137,1288,0,0,1,0,0
18173,1289,0,0,1,0,0
18211,1290,0,0,1,0,0
18241,1291,0,0,1,0,0
18257,1292,1,0,0,0,0
18259,1293,0,0,1,0,0
18265,1294,0,0,1,0,0
18268,1295,0,0,1,0,0
18277,1296,0,0,1,0,0
18287,1297,0,0,1,0,0
18311,1298,0,0,1,0,0
18319,1299,0,0,1,0,0
18326,1300,0,0,1,0,0
18327,1301,0,0,1,0,0
18337,1302,0,0,1,0,0
18341,1303,0,0,1,0,0
18342,1304,0,0,1,0,0
18356,1305,0,0,1,0,0
18385,1306,0,0,1,0,0
18404,1307,0,0,1,0,0
18440,1308,0,0,1,0,0
18452,1309,0,0,1,0,0
18505,1310,0,0,1,0,0
18550,1311,0,0,1,0,0
18554,1312,0,0,1,0,0
18557,1313,0,0,1,0,0
18562,1314,0,0,1,0,0
18601,1315,0,0,1,0,0
18608,1316,0,0,1,0,0
18610,1317,0,0,1,0,0
18613,1318,0,0,1,0,0
18615,1319,0,0,1,0,0
18629,1320,0,0,1,0,0
18652,1321,0,0,1,0,0
18657,1322,0,0,1,0,0
18681,1323,0,0,1,0,0
18732,1324,0,0,1,0,0
18735,1325,0,0,1,0,0
18755,1326,0,0,1,0,0
18771,1327,0,0,1,0,0
18790,1328,0,0,1,0,0
18802,1329,0,0,1,0,0
18813,1330,0,0,1,0,0
18816,1331,0,0,1,0,0
18819,1332,0,0,1,0,0
18830,1333,0,0,1,0,0
18841,1334,0,0,1,0,0
18866,1335,0,0,1,0,0
18878,1336,0,0,1,0,0
18931,1337,0,0,1,0,0
18938,1338,0,0,1,0,0
18957,1339,0,0,1,0,0
18958,1340,0,0,1,0,0
18962,1341,0,0,1,0,0
18981,1342,0,0,1,0,0
18991,1343,0,0,1,0,0
18994,1344,0,0,1,0,0
19004,1345,0,0,1,0,0
19030,1346,0,0,1,0,0
19040,1347,0,0,1,0,0
19052,1348,0,0,1,0,0
19062,1349,0,0,1,0,0
19075,1350,0,0,1,0,0
19081,1351,0,0,1,0,0
19090,1352,0,0,1,0,0
19093,1353,0,0,1,0,0
19112,1354,0,0,1,0,0
19121,1355,0,0,1,0,0
19140,1356,0,0,1,0,0
19143,1357,0,0,1,0,0
19168,1358,0,0,1,0,0
19170,1359,0,0,1,0,0
19217,1360,0,0,1,0,0
19234,1361,0,0,1,0,0
19269,1362,0,0,1,0,0
19279,1363,0,0,1,0,0
19309,1364,0,0,1,0,0
19315,1365,0,0,1,0,0
19325,1366,0,0,1,0,0
19392,1367,0,0,1,0,0
19398,1368,0,0,1,0,0
19438,1369,0,0,1,0,0
19444,1370,0,0,1,0,0
19493,1371,0,0,1,0,0
19507,1372,0,0,1,0,0
19523,1373,0,0,1,0,0
19528,1374,0,0,1,0,0
19530,1375,0,0,1,0,0
19538,1376,1,0,0,0,0
19566,1377,0,0,1,0,0
19582,1378,0,0,1,0,0
19593,1379,0,0,1,0,0
19594,1380,0,0,1,0,0
19617,1381,0,0,1,0,0
19633,1382,0,0,1,0,0
19641,1383,0,0,1,0,0
19646,1384,0,0,1,0,0
19680,1385,0,0,1,0,0
19685,1386,0,0,1,0,0
19691,1387,0,0,1,0,0
19703,1388,0,0,1,0,0
19710,1389,0,0,1,0,0
19728,1390,0,0,1,0,0
19737,1391,0,0,1,0,0
19744,1392,0,0,1,0,0
19786,1393,0,0,1,0,0
19790,1394,0,0,1,0,0
19802,1395,0,0,1,0,0
19805,1396,0,0,1,0,0
19819,1397,0,0,1,0,0
19888,1398,0,0,1,0,0
19900,1399,0,0,1,0,0
19909,1400,0,0,1,0,0
19951,1401,0,0,1,0,0
19960,1402,0,0,1,0,0
19987,1403,0,0,1,0,0
20004,1404,0,0,1,0,0
20007,1405,0,0,1,0,0
20010,1406,0,0,1,0,0
20016,1407,0,0,1,0,0
20032,1408,0,0,1,0,0
20043,1409,0,0,1,0,0
20047,1410,0,0,1,0,0
20056,1411,0,0,1,0,0
20087,1412,0,0,1,0,0
20112,1413,0,0,1,0,0
20120,1414,0,0,1,0,0
20121,1415,0,0,1,0,0
20154,1416,0,0,1,0,0
20188,1417,0,0,1,0,0
20194,1418,0,0,1,0,0
20238,1419,0,0,1,0,0
20248,1420,0,0,1,0,0
20291,1421,0,0,1,0,0
20300,1422,0,0,1,0,0
20339,1423,0,0,1,0,0
20345,1424,0,0,1,0,0
20356,1425,0,0,1,0,0
20370,1426,0,0,1,0,0
20384,1427,0,0,1,0,0
20386,1428,0,0,1,0,0
20407,1429,0,0,1,0,0
20447,1430,0,0,1,0,0
20492,1431,0,0,1,0,0
20526,1432,0,0,1,0,0
20533,1433,0,0,1,0,0
20540,1434,0,0,1,0,0
20574,1435,0,0,1,0,0
20578,1436,0,0,1,0,0
20589,1437,0,0,1,0,0
20600,1438,0,0,1,0,0
20606,1439,0,0,1,0,0
20623,1440,0,0,1,0,0
20647,1441,0,0,1,0,0
20673,1442,0,0,1,0,0
20694,1443,0,0,1,0,0
20697,1444,0,0,1,0,0
20698,1445,0,0,1,0,0
20734,1446,0,0,1,0,0
20736,1447,0,0,1,0,0
20737,1448,0,0,1,0,0
20758,1449,0,0,1,0,0
20768,1450,0,0,1,0,0
20814,1451,0,0,1,0,0
20842,1452,0,0,1,0,0
20850,1453,0,0,1,0,0
20851,1454,0,0,1,0,0
20864,1455,0,0,1,0,0
20868,1456,0,0,1,0,0
20911,1457,0,0,1,0,0
20913,1458,0,0,1,0,0
20928,1459,0,0,1,0,0
20932,1460,0,0,1,0,0
20951,1461,0,0,1,0,0
20959,1462,0,0,1,0,0
20972,1463,0,0,1,0,0
21020,1464,0,0,1,0,0
21025,1465,0,0,1,0,0
21038,1466,0,0,1,0,0
21042,1467,0,0,1,0,0
21049,1468,0,0,1,0,0
21080,1469,0,0,1,0,0
21098,1470,0,0,1,0,0
21123,1471,0,0,1,0,0
21128,1472,0,0,1,0,0
21131,1473,0,0,1,0,0
21145,1474,0,0,1,0,0
21147,1475,0,0,1,0,0
21184,1476,0,0,1,0,0
21188,1477,1,0,0,0,0
21224,1478,0,0,1,0,0
21232,1479,0,0,1,0,0
21248,1480,0,0,1,0,0
21253,1481,0,0,1,0,0
21292,1482,0,0,1,0,0
21325,1483,0,0,1,0,0
21329,1484,0,0,1,0,0
21338,1485,0,0,1,0,0
21341,1486,0,0,1,0,0
21365,1487,0,0,1,0,0
21366,1488,0,0,1,0,0
21431,1489,0,0,0,1,0
21437,1490,0,0,1,0,0
21461,1491,0,0,1,0,0
21473,1492,0,0,1,0,0
21502,1493,0,0,1,0,0
21515,1494,0,0,1,0,0
21519,1495,0,0,1,0,0
21534,1496,0,0,1,0,0
21539,1497,0,0,1,0,0
21572,1498,0,0,1,0,0
21575,1499,0,0,1,0,0
21583,1500,0,0,1,0,0
21595,1501,0,0,1,0,0
21599,1502,0,0,1,0,0
21624,1503,0,0,1,0,0
21646,1504,0,0,1,0,0
21661,1505,0,0,1,0,0
21670,1506,0,0,1,0,0
21678,1507,0,0,1,0,0
21681,1508,0,0,1,0,0
21704,1509,0,0,1,0,0
21722,1510,0,0,1,0,0
21727,1511,0,0,1,0,0
21771,1512,0,0,1,0,0
21775,1513,0,0,1,0,0
21788,1514,0,0,1,0,0
21800,1515,0,0,1,0,0
21809,1516,0,0,1,0,0
21824,1517,0,0,1,0,0
21849,1518,0,0,1,0,0
21852,1519,0,0,1,0,0
21898,1520,0,0,1,0,0
21920,1521,0,0,1,0,0
21933,1522,0,0,1,0,0
21962,1523,0,0,1,0,0
21974,1524,0,0,1,0,0
21975,1525,0,0,1,0,0
21980,1526,0,0,1,0,0
22016,1527,0,0,1,0,0
22023,1528,0,0,1,0,0
22051,1529,0,0,1,0,0
22053,1530,0,0,1,0,0
22055,1531,0,0,1,0,0
22057,1532,0,0,1,0,0
22058,1533,0,0,1,0,0
22059,1534,0,0,1,0,0
22085,1535,0,0,1,0,0
22095,1536,0,0,1,0,0
22113,1537,0,0,1,0,0
22117,1538,1,0,0,0,0
22167,1539,0,0,1,0,0
22202,1540,0,0,1,0,0
22239,1541,0,0,1,0,0
22263,1542,0,0,1,0,0
22281,1543,0,0,1,0,0
22324,1544,0,0,1,0,0
22329,1545,0,0,1,0,0
22334,1546,0,0,1,0,0
22344,1547,0,0,1,0,0
22391,1548,0,0,1,0,0
22392,1549,0,0,1,0,0
22407,1550,0,0,1,0,0
22414,1551,0,0,1,0,0
22427,1552,0,0,1,0,0
22448,1553,0,0,1,0,0
22454,1554,0,0,1,0,0
22459,1555,0,0,1,0,0
22463,1556,0,0,1,0,0
22465,1557,0,0,1,0,0
22471,1558,0,0,1,0,0
22488,1559,0,0,1,0,0
22500,1560,0,0,1,0,0
22516,1561,0,0,1,0,0
22520,1562,0,0,1,0,0
22530,1563,0,0,1,0,0
22540,1564,0,0,1,0,0
22561,1565,0,0,1,0,0
22603,1566,0,0,1,0,0
22633,1567,0,0,1,0,0
22663,1568,0,0,1,0,0
22668,1569,0,0,1,0,0
22671,1570,0,0,1,0,0
22700,1571,0,0,1,0,0
22770,1572,0,0,1,0,0
22779,1573,0,0,1,0,0
22780,1574,0,0,1,0,0
22813,1575,0,0,1,0,0
22857,1576,0,0,1,0,0
22858,1577,0,0,1,0,0
22866,1578,0,0,1,0,0
22873,1579,0,0,1,0,0
22903,1580,0,0,1,0,0
22911,1581,0,0,1,0,0
22915,1582,0,0,1,0,0
22926,1583,0,0,1,0,0
22950,1584,0,0,1,0,0
22953,1585,0,0,1,0,0
22957,1586,0,0,1,0,0
22986,1587,0,0,1,0,0
23049,1588,0,0,1,0,0
23060,1589,0,0,1,0,0
23077,1590,0,0,1,0,0
23079,1591,0,0,1,0,0
23080,1592,0,0,1,0,0
23083,1593,0,0,1,0,0
23094,1594,0,0,1,0,0
23097,1595,0,0,1,0,0
23098,1596,0,0,1,0,0
23104,1597,1,0,0,0,0
23118,1598,0,0,1,0,0
23135,1599,0,0,1,0,0
23155,1600,0,0,1,0,0
23163,1601,0,0,1,0,0
23177,1602,0,0,1,0,0
23190,1603,0,0,1,0,0
23191,1604,0,0,1,0,0
23202,1605,0,0,1,0,0
23211,1606,0,0,1,0,0
23255,1607,0,0,1,0,0
23259,1608,0,0,1,0,0
23278,1609,0,0,1,0,0
23314,1610,0,0,1,0,0
23316,1611,0,0,1,0,0
23334,1612,0,0,1,0,0
23342,1613,0,0,1,0,0
23383,1614,0,0,1,0,0
23397,1615,0,0,1,0,0
23404,1616,0,0,1,0,0
23405,1617,0,0,1,0,0
23411,1618,0,0,1,0,0
23444,1619,0,0,1,0,0
23446,1620,0,0,1,0,0
23456,1621,0,0,1,0,0
23465,1622,0,0,1,0,0
23488,1623,0,0,1,0,0
23530,1624,0,0,1,0,0
23576,1625,0,0,1,0,0
23604,1626,0,0,1,0,0
23622,1627,0,0,1,0,0
23629,1628,0,0,1,0,0
23638,1629,0,0,1,0,0
23680,1630,0,0,1,0,0
23690,1631,0,0,1,0,0
23695,1632,0,0,1,0,0
23702,1633,0,0,1,0,0
23742,1634,0,0,1,0,0
23755,1635,0,0,1,0,0
23796,1636,0,0,1,0,0
23806,1637,0,0,1,0,0
23818,1638,0,0,1,0,0
23825,1639,0,0,1,0,0
23835,1640,0,0,1,0,0
23869,1641,0,0,1,0,0
23917,1642,0,0,1,0,0
23947,1643,0,0,1,0,0
23973,1644,0,0,1,0,0
23992,1645,0,0,1,0,0
24003,1646,0,0,1,0,0
24009,1647,0,0,1,0,0
24016,1648,0,0,1,0,0
24031,1649,0,0,1,0,0
24065,1650,0,0,1,0,0
24069,1651,0,0,1,0,0
24096,1652,0,0,1,0,0
24128,1653,0,0,1,0,0
24141,1654,0,0,1,0,0
24193,1655,0,0,0,1,0
24208,1656,0,0,1,0,0
24211,1657,0,0,1,0,0
24260,1658,0,0,1,0,0
24279,1659,0,0,1,0,0
24282,1660,0,0,1,0,0
24306,1661,0,0,1,0,0
24336,1662,0,0,1,0,0
24344,1663,0,0,1,0,0
24354,1664,0,0,1,0,0
24363,1665,0,0,1,0,0
24380,1666,0,0,1,0,0
24392,1667,0,0,1,0,0
24399,1668,0,0,1,0,0
24400,1669,0,0,1,0,0
24407,1670,0,0,1,0,0
24483,1671,0,0,1,0,0
24491,1672,0,0,1,0,0
24540,1673,0,0,1,0,0
24550,1674,0,0,1,0,0
24575,1675,0,0,1,0,0
24599,1676,0,0,1,0,0
24607,1677,0,0,1,0,0
24623,1678,0,0,1,0,0
24652,1679,0,0,1,0,0
24665,1680,0,0,1,0,0
24673,1681,0,0,1,0,0
24698,1682,0,0,1,0,0
24700,1683,0,0,1,0,0
24707,1684,0,0,1,0,0
24769,1685,0,0,1,0,0
24770,1686,0,0,1,0,0
24814,1687,0,0,1,0,0
24819,1688,0,0,1,0,0
24870,1689,0,0,1,0,0
24883,1690,0,0,1,0,0
24894,1691,0,0,1,0,0
24899,1692,0,0,1,0,0
24948,1693,0,0,1,0,0
24963,1694,0,0,1,0,0
24976,1695,0,0,1,0,0
25014,1696,0,0,1,0,0
25015,1697,0,0,1,0,0
25017,1698,0,0,1,0,0
25024,1699,0,0,1,0,0
25037,1700,0,0,1,0,0
25043,1701,0,0,1,0,0
25059,1702,0,0,1,0,0
25097,1703,0,0,1,0,0
25102,1704,0,0,1,0,0
25105,1705,0,0,1,0,0
25107,1706,0,0,1,0,0
25108,1707,0,0,1,0,0
25160,1708,0,0,1,0,0
25186,1709,0,0,1,0,0
25192,1710,0,0,1,0,0
25197,1711,0,0,1,0,0
25213,1712,0,0,1,0,0
25241,1713,0,0,1,0,0
25256,1714,0,0,1,0,0
25268,1715,0,0,1,0,0
25269,1716,0,0,1,0,0
25272,1717,0,0,1,0,0
25274,1718,0,0,1,0,0
25280,1719,0,0,1,0,0
25316,1720,0,0,1,0,0
25350,1721,0,0,1,0,0
25357,1722,0,0,1,0,0
25376,1723,0,0,1,0,0
25382,1724,0,0,1,0,0
25398,1725,0,0,1,0,0
25413,1726,0,0,1,0,0
25438,1727,0,0,1,0,0
25457,1728,0,0,1,0,0
25461,1729,0,0,1,0,0
25490,1730,0,0,1,0,0
25520,1731,0,0,1,0,0
25528,1732,0,0,1,0,0
25529,1733,0,0,1,0,0
25540,1734,0,0,1,0,0
25568,1735,0,0,1,0,0
25594,1736,0,0,1,0,0
25608,1737,0,0,1,0,0
25611,1738,0,0,1,0,0
25636,1739,0,0,1,0,0
25654,1740,0,0,1,0,0
25672,1741,0,0,1,0,0
25700,1742,0,0,1,0,0
25702,1743,0,0,1,0,0
25711,1744,0,0,1,0,0
25712,1745,0,0,1,0,0
25747,1746,0,0,1,0,0
25759,1747,0,0,1,0,0
25780,1748,0,0,1,0,0
25782,1749,0,0,1,0,0
25810,1750,0,0,1,0,0
25815,1751,0,0,1,0,0
25827,1752,0,0,1,0,0
25848,1753,0,0,1,0,0
25863,1754,0,0,1,0,0
25886,1755,0,0,1,0,0
25903,1756,0,0,1,0,0
25906,1757,0,0,1,0,0
25939,1758,0,0,1,0,0
25950,1759,0,0,1,0,0
25965,1760,0,0,1,0,0
25987,1761,0,0,1,0,0
26014,1762,0,0,1,0,0
26015,1763,0,0,1,0,0
26033,1764,0,0,1,0,0
26049,1765,0,0,1,0,0
26064,1766,0,0,1,0,0
26072,1767,0,0,1,0,0
26082,1768,0,0,1,0,0
26088,1769,0,0,1,0,0
26101,1770,0,0,1,0,0
26104,1771,0,0,1,0,0
26126,1772,0,0,1,0,0
26190,1773,0,0,1,0,0
26220,1774,0,0,1,0,0
26223,1775,0,0,1,0,0
26235,1776,0,0,1,0,0
26242,1777,0,0,1,0,0
26251,1778,0,0,1,0,0
26278,1779,0,0,1,0,0
26345,1780,0,0,0,1,0
26353,1781,0,0,1,0,0
26369,1782,0,0,1,0,0
26373,1783,0,0,1,0,0
26376,1784,0,0,1,0,0
26399,1785,0,0,1,0,0
26425,1786,0,0,1,0,0
26433,1787,0,0,1,0,0
26482,1788,0,0,1,0,0
26492,1789,0,0,1,0,0
26506,1790,0,0,1,0,0
26540,1791,0,0,1,0,0
26568,1792,0,0,1,0,0
26579,1793,0,0,1,0,0
26585,1794,0,0,1,0,0
26600,1795,0,0,1,0,0
26604,1796,0,0,1,0,0
26619,1797,0,0,1,0,0
26624,1798,0,0,1,0,0
26633,1799,0,0,1,0,0
26639,1800,0,0,1,0,0
26646,1801,0,0,1,0,0
26659,1802,0,0,1,0,0
26673,1803,0,0,1,0,0
26695,1804,0,0,1,0,0
26713,1805,0,0,1,0,0
26730,1806,0,0,1,0,0
26760,1807,0,0,1,0,0
26771,1808,0,0,1,0,0
26778,1809,0,0,1,0,0
26782,1810,0,0,1,0,0
26785,1811,0,0,1,0,0
26799,1812,0,0,1,0,0
26807,1813,0,0,1,0,0
26876,1814,0,0,1,0,0
26888,1815,0,0,1,0,0
26948,1816,0,0,1,0,0
26959,1817,0,0,1,0,0
26968,1818,0,0,1,0,0
26992,1819,0,0,1,0,0
26998,1820,0,0,1,0,0
27002,1821,0,0,1,0,0
27003,1822,0,0,1,0,0
27004,1823,0,0,1,0,0
27006,1824,0,0,1,0,0
27007,1825,0,0,1,0,0
27010,1826,0,0,1,0,0
27015,1827,0,0,1,0,0
27026,1828,0,0,1,0,0
27047,1829,0,0,1,0,0
27056,1830,0,0,1,0,0
27104,1831,0,0,1,0,0
27109,1832,0,0,1,0,0
27118,1833,0,0,1,0,0
27142,1834,0,0,1,0,0
27168,1835,0,0,1,0,0
27206,1836,0,0,1,0,0
27210,1837,0,0,1,0,0
27212,1838,0,0,1,0,0
27213,1839,0,0,1,0,0
27260,1840,0,0,1,0,0
27298,1841,0,0,1,0,0
27333,1842,0,0,1,0,0
27350,1843,0,0,1,0,0
27365,1844,0,0,1,0,0
27382,1845,0,0,1,0,0
27387,1846,0,0,1,0,0
27437,1847,0,0,1,0,0
27440,1848,0,0,1,0,0
27474,1849,0,0,1,0,0
27492,1850,0,0,1,0,0
27518,1851,0,0,1,0,0
27532,1852,0,0,1,0,0
27539,1853,0,0,1,0,0
27576,1854,0,0,1,0,0
27599,1855,0,0,1,0,0
27603,1856,0,0,1,0,0
27621,1857,0,0,1,0,0
27652,1858,0,0,1,0,0
27668,1859,0,0,1,0,0
27748,1860,0,0,0,1,0
27753,1861,0,0,1,0,0
27819,1862,0,0,1,0,0
27852,1863,0,0,1,0,0
27873,1864,0,0,1,0,0
27880,1865,0,0,1,0,0
27889,1866,0,0,1,0,0
27903,1867,0,0,1,0,0
27915,1868,0,0,1,0,0
27918,1869,0,0,1,0,0
27969,1870,0,0,1,0,0
27985,1871,0,0,1,0,0
28005,1872,0,0,1,0,0
28026,1873,0,0,1,0,0
28078,1874,0,0,1,0,0
28083,1875,0,0,1,0,0
28118,1876,0,0,1,0,0
28145,1877,0,0,1,0,0
28147,1878,0,0,1,0,0
28170,1879,0,0,1,0,0
28203,1880,0,0,1,0,0
28216,1881,0,0,1,0,0
28217,1882,0,0,1,0,0
28246,1883,0,0,1,0,0
28259,1884,0,0,1,0,0
28260,1885,0,0,1,0,0
28264,1886,0,0,1,0,0
28283,1887,0,0,1,0,0
28325,1888,0,0,1,0,0
28326,1889,0,0,1,0,0
28345,1890,0,0,1,0,0
28356,1891,0,0,1,0,0
28366,1892,0,0,1,0,0
28367,1893,0,0,1,0,0
28393,1894,0,0,1,0,0
28414,1895,0,0,1,0,0
28429,1896,0,0,1,0,0
28453,1897,0,0,1,0,0
28475,1898,0,0,1,0,0
28540,1899,0,0,1,0,0
28567,1900,0,0,1,0,0
28596,1901,0,0,1,0,0
28608,1902,0,0,1,0,0
28613,1903,0,0,1,0,0
28636,1904,0,0,1,0,0
28641,1905,0,0,1,0,0
28642,1906,0,0,1,0,0
28697,1907,0,0,1,0,0
28708,1908,0,0,1,0,0
28714,1909,0,0,1,0,0
28721,1910,0,0,1,0,0
28727,1911,0,0,1,0,0
28748,1912,0,0,1,0,0
28764,1913,0,0,1,0,0
28784,1914,0,0,1,0,0
28786,1915,0,0,1,0,0
28795,1916,0,0,1,0,0
28824,1917,0,0,1,0,0
28840,1918,0,0,1,0,0
28845,1919,0,0,1,0,0
28852,1920,0,0,1,0,0
28868,1921,0,0,1,0,0
28877,1922,0,0,1,0,0
28886,1923,0,0,1,0,0
28897,1924,0,0,1,0,0
28935,1925,0,0,1,0,0
28938,1926,0,0,1,0,0
28947,1927,0,0,1,0,0
28973,1928,0,0,1,0,0
28984,1929,0,0,1,0,0
29028,1930,0,0,1,0,0
29030,1931,0,0,1,0,0
29054,1932,0,0,1,0,0
29060,1933,0,0,1,0,0
29063,1934,0,0,1,0,0
29071,1935,0,0,1,0,0
29123,1936,0,0,1,0,0
29140,1937,0,0,1,0,0
29181,1938,0,0,1,0,0
29209,1939,0,0,1,0,0
29234,1940,0,0,1,0,0
29262,1941,0,0,1,0,0
29274,1942,0,0,1,0,0
29287,1943,0,0,1,0,0
29291,1944,0,0,1,0,0
29312,1945,0,0,1,0,0
29327,1946,0,0,1,0,0
29329,1947,0,0,1,0,0
29344,1948,0,0,1,0,0
29387,1949,0,0,1,0,0
29415,1950,0,0,1,0,0
29428,1951,0,0,1,0,0
29449,1952,0,0,1,0,0
29457,1953,0,0,1,0,0
29467,1954,0,0,1,0,0
29500,1955,0,0,1,0,0
29510,1956,0,0,1,0,0
29531,1957,0,0,1,0,0
29532,1958,0,0,1,0,0
29535,1959,1,0,0,0,0
29569,1960,0,0,1,0,0
29585,1961,0,0,1,0,0
29621,1962,0,0,1,0,0
29632,1963,0,0,1,0,0
29682,1964,0,0,1,0,0
29689,1965,0,0,1,0,0
29691,1966,0,0,1,0,0
29737,1967,0,0,1,0,0
29752,1968,0,0,1,0,0
29757,1969,0,0,1,0,0
29760,1970,0,0,1,0,0
29778,1971,0,0,1,0,0
29783,1972,0,0,1,0,0
29808,1973,0,0,1,0,0
29822,1974,0,0,1,0,0
29823,1975,0,0,1,0,0
29828,1976,0,0,1,0,0
29847,1977,0,0,1,0,0
29851,1978,0,0,1,0,0
29857,1979,0,0,1,0,0
29892,1980,0,0,1,0,0
29931,1981,0,0,1,0,0
29945,1982,0,0,1,0,0
29951,1983,0,0,1,0,0
29986,1984,0,0,1,0,0
29989,1985,0,0,1,0,0
29990,1986,0,0,1,0,0
29991,1987,0,0,1,0,0
30038,1988,0,0,1,0,0
30060,1989,0,0,1,0,0
30121,1990,0,0,1,0,0
30122,1991,0,0,1,0,0
30133,1992,0,0,1,0,0
30140,1993,0,0,1,0,0
30155,1994,0,0,1,0,0
30158,1995,0,0,1,0,0
30181,1996,0,0,1,0,0
30182,1997,0,0,1,0,0
30185,1998,0,0,1,0,0
30208,1999,0,0,1,0,0
30271,2000,0,0,1,0,0
30291,2001,0,0,1,0,0
30300,2002,0,0,1,0,0
30304,2003,0,0,1,0,0
30346,2004,0,0,1,0,0
30378,2005,0,0,1,0,0
30421,2006,0,0,1,0,0
30451,2007,0,0,1,0,0
30493,2008,0,0,1,0,0
30498,2009,0,0,1,0,0
30507,2010,0,0,1,0,0
30511,2011,0,0,1,0,0
30544,2012,0,0,1,0,0
30574,2013,0,0,1,0,0
30587,2014,0,0,1,0,0
30602,2015,0,0,1,0,0
30647,2016,0,0,1,0,0
30670,2017,0,0,1,0,0
30705,2018,0,0,1,0,0
30744,2019,0,0,1,0,0
30755,2020,0,0,1,0,0
30756,2021,0,0,1,0,0
30765,2022,0,0,1,0,0
30811,2023,0,0,1,0,0
30819,2024,0,0,1,0,0
30820,2025,0,0,1,0,0
30836,2026,0,0,1,0,0
30866,2027,0,0,1,0,0
30884,2028,0,0,1,0,0
30886,2029,0,0,1,0,0
30895,2030,0,0,1,0,0
30939,2031,0,0,1,0,0
30957,2032,0,0,1,0,0
30958,2033,0,0,1,0,0
30970,2034,0,0,1,0,0
30989,2035,0,0,1,0,0
30995,2036,0,0,1,0,0
31043,2037,0,0,1,0,0
31053,2038,0,0,1,0,0
31061,2039,0,0,1,0,0
31088,2040,0,0,1,0,0
31125,2041,0,0,1,0,0
31133,2042,0,0,1,0,0
31149,2043,0,0,1,0,0
31220,2044,0,0,1,0,0
31266,2045,0,0,1,0,0
31276,2046,0,0,1,0,0
31321,2047,0,0,1,0,0
31333,2048,0,0,1,0,0
31345,2049,0,0,1,0,0
31352,2050,0,0,1,0,0
31365,2051,0,0,1,0,0
31370,2052,0,0,1,0,0
31389,2053,0,0,1,0,0
31392,2054,0,0,1,0,0
31397,2055,0,0,1,0,0
31408,2056,0,0,1,0,0
31458,2057,0,0,1,0,0
31491,2058,0,0,1,0,0
31505,2059,0,0,1,0,0
31510,2060,0,0,1,0,0
31512,2061,1,0,0,0,0
31513,2062,0,0,1,0,0
31526,2063,0,0,1,0,0
31538,2064,0,0,1,0,0
31580,2065,0,0,1,0,0
31581,2066,0,0,1,0,0
31598,2067,0,0,1,0,0
31620,2068,0,0,1,0,0
31642,2069,0,0,1,0,0
31676,2070,0,0,1,0,0
31682,2071,0,0,1,0,0
31688,2072,0,0,1,0,0
31732,2073,0,0,1,0,0
31750,2074,0,0,1,0,0
31751,2075,0,0,1,0,0
31752,2076,0,0,1,0,0
31756,2077,0,0,1,0,0
31762,2078,0,0,1,0,0
31779,2079,0,0,1,0,0
31785,2080,0,0,1,0,0
31788,2081,0,0,1,0,0
31812,2082,0,0,1,0,0
31849,2083,0,0,1,0,0
31857,2084,0,0,1,0,0
31865,2085,0,0,1,0,0
31912,2086,0,0,1,0,0
31935,2087,0,0,1,0,0
31947,2088,0,0,1,0,0
31952,2089,0,0,1,0,0
32010,2090,0,0,1,0,0
32027,2091,0,0,1,0,0
32047,2092,0,0,1,0,0
32049,2093,0,0,1,0,0
32096,2094,0,0,1,0,0
32120,2095,0,0,1,0,0
32121,2096,0,0,1,0,0
32154,2097,0,0,1,0,0
32178,2098,0,0,1,0,0
32249,2099,0,0,0,1,0
32260,2100,0,0,1,0,0
32275,2101,0,0,1,0,0
32291,2102,0,0,1,0,0
32292,2103,0,0,1,0,0
32356,2104,0,0,1,0,0
32403,2105,0,0,1,0,0
32420,2106,0,0,1,0,0
32426,2107,0,0,1,0,0
32428,2108,0,0,1,0,0
32455,2109,0,0,1,0,0
32458,2110,0,0,1,0,0
32518,2111,0,0,1,0,0
32523,2112,0,0,1,0,0
32570,2113,0,0,1,0,0
32601,2114,0,0,1,0,0
32602,2115,0,0,1,0,0
32683,2116,0,0,1,0,0
32697,2117,0,0,1,0,0
32703,2118,0,0,1,0,0
32705,2119,0,0,1,0,0
32733,2120,0,0,1,0,0
32735,2121,0,0,1,0,0
32764,2122,0,0,1,0,0
32778,2123,0,0,1,0,0
32801,2124,0,0,1,0,0
32825,2125,0,0,1,0,0
32840,2126,0,0,1,0,0
32843,2127,0,0,1,0,0
32852,2128,0,0,1,0,0
32892,2129,0,0,1,0,0
32894,2130,0,0,1,0,0
32920,2131,0,0,1,0,0
32925,2132,0,0,1,0,0
32926,2133,0,0,1,0,0
32928,2134,0,0,1,0,0
32937,2135,0,0,1,0,0
32949,2136,0,0,1,0,0
32953,2137,0,0,1,0,0
32964,2138,0,0,1,0,0
32997,2139,0,0,1,0,0
33011,2140,0,0,1,0,0
33016,2141,0,0,1,0,0
33033,2142,0,0,1,0,0
33046,2143,0,0,1,0,0
33055,2144,0,0,1,0,0
33104,2145,0,0,1,0,0
33105,2146,0,0,1,0,0
33122,2147,0,0,1,0,0
33136,2148,0,0,1,0,0
33142,2149,0,0,1,0,0
33154,2150,0,0,1,0,0
33160,2151,0,0,1,0,0
33170,2152,0,0,1,0,0
33215,2153,0,0,1,0,0
33224,2154,0,0,1,0,0
33226,2155,0,0,1,0,0
33227,2156,0,0,1,0,0
33235,2157,0,0,1,0,0
33272,2158,0,0,1,0,0
33304,2159,0,0,1,0,0
33360,2160,0,0,1,0,0
33364,2161,0,0,1,0,0
33378,2162,0,0,1,0,0
33379,2163,0,0,1,0,0
33409,2164,0,0,1,0,0
33460,2165,0,0,1,0,0
33465,2166,0,0,1,0,0
33499,2167,0,0,1,0,0
33528,2168,0,0,1,0,0
33552,2169,0,0,1,0,0
33563,2170,0,0,1,0,0
33587,2171,0,0,1,0,0
33598,2172,0,0,1,0,0
33602,2173,0,0,1,0,0
33603,2174,0,0,1,0,0
33674,2175,0,0,0,1,0
33700,2176,0,0,1,0,0
33708,2177,0,0,1,0,0
33724,2178,0,0,1,0,0
33770,2179,0,0,1,0,0
33771,2180,0,0,1,0,0
33785,2181,0,0,1,0,0
33806,2182,0,0,1,0,0
33821,2183,0,0,1,0,0
33824,2184,0,0,1,0,0
33880,2185,0,0,1,0,0
33898,2186,0,0,1,0,0
33899,2187,0,0,1,0,0
33937,2188,0,0,1,0,0
33986,2189,0,0,1,0,0
34006,2190,0,0,1,0,0
34009,2191,0,0,1,0,0
34095,2192,0,0,0,1,0
34100,2193,0,0,1,0,0
34109,2194,0,0,1,0,0
34185,2195,0,0,0,1,0
34189,2196,0,0,1,0,0
34190,2197,0,0,1,0,0
34200,2198,0,0,1,0,0
34251,2199,0,0,1,0,0
34256,2200,0,0,1,0,0
34262,2201,0,0,1,0,0
34272,2202,0,0,1,0,0
34289,2203,0,0,1,0,0
34297,2204,0,0,1,0,0
34304,2205,1,0,0,0,0
34323,2206,0,0,1,0,0
34335,2207,0,0,1,0,0
34344,2208,0,0,1,0,0
34362,2209,0,0,1,0,0
34419,2210,0,0,1,0,0
34449,2211,0,0,1,0,0
34450,2212,0,0,1,0,0
34471,2213,0,0,1,0,0
34517,2214,0,0,1,0,0
34551,2215,0,0,1,0,0
34553,2216,0,0,1,0,0
34563,2217,1,0,0,0,0
34575,2218,0,0,1,0,0
34604,2219,0,0,1,0,0
34609,2220,0,0,1,0,0
34624,2221,0,0,1,0,0
34693,2222,0,0,1,0,0
34735,2223,0,0,1,0,0
34740,2224,0,0,1,0,0
34802,2225,0,0,1,0,0
34813,2226,0,0,1,0,0
34821,2227,0,0,1,0,0
34828,2228,0,0,1,0,0
34845,2229,0,0,1,0,0
34868,2230,0,0,1,0,0
34914,2231,0,0,1,0,0
34915,2232,0,0,1,0,0
34917,2233,0,0,1,0,0
34918,2234,0,0,1,0,0
34926,2235,0,0,1,0,0
34932,2236,0,0,1,0,0
35026,2237,0,0,0,1,0
35043,2238,0,0,1,0,0
35083,2239,0,0,1,0,0
35162,2240,0,0,0,1,0
35179,2241,0,0,1,0,0
35200,2242,0,0,1,0,0
35207,2243,0,0,1,0,0
35211,2244,0,0,1,0,0
35219,2245,0,0,1,0,0
35243,2246,0,0,1,0,0
35251,2247,0,0,1,0,0
35273,2248,0,0,1,0,0
35303,2249,0,0,1,0,0
35314,2250,0,0,1,0,0
35367,2251,0,0,1,0,0
35371,2252,0,0,1,0,0
35424,2253,0,0,1,0,0
35431,2254,0,0,1,0,0
35481,2255,0,0,1,0,0
35490,2256,0,0,1,0,0
35493,2257,0,0,1,0,0
35494,2258,0,0,1,0,0
35526,2259,0,0,1,0,0
35531,2260,0,0,1,0,0
35537,2261,0,0,1,0,0
35547,2262,0,0,1,0,0
35549,2263,0,0,1,0,0
35577,2264,0,0,1,0,0
35603,2265,0,0,1,0,0
35604,2266,1,0,0,0,0
35609,2267,0,0,1,0,0
35612,2268,0,0,1,0,0
35650,2269,0,0,1,0,0
35695,2270,0,0,1,0,0
35708,2271,0,0,1,0,0
35748,2272,0,0,1,0,0
35758,2273,0,0,1,0,0
35788,2274,0,0,1,0,0
35827,2275,0,0,1,0,0
35829,2276,0,0,1,0,0
35832,2277,0,0,1,0,0
35905,2278,0,0,0,1,0
35945,2279,0,0,1,0,0
35946,2280,0,0,1,0,0
35964,2281,0,0,1,0,0
35971,2282,0,0,1,0,0
35991,2283,0,0,1,0,0
36031,2284,0,0,1,0,0
36035,2285,0,0,1,0,0
36055,2286,0,0,1,0,0
36056,2287,0,0,1,0,0
36071,2288,0,0,1,0,0
36079,2289,0,0,1,0,0
36098,2290,0,0,1,0,0
36100,2291,0,0,1,0,0
36129,2292,0,0,1,0,0
36141,2293,0,0,1,0,0
36171,2294,0,0,1,0,0
36213,2295,0,0,1,0,0
36252,2296,0,0,1,0,0
36279,2297,0,0,1,0,0
36338,2298,0,0,1,0,0
36345,2299,0,0,1,0,0
36347,2300,0,0,1,0,0
36358,2301,0,0,1,0,0
36376,2302,0,0,1,0,0
36377,2303,0,0,1,0,0
36421,2304,0,0,1,0,0
36461,2305,0,0,1,0,0
36465,2306,0,0,1,0,0
36525,2307,0,0,1,0,0
36554,2308,0,0,1,0,0
36567,2309,0,0,1,0,0
36589,2310,0,0,1,0,0
36591,2311,0,0,1,0,0
36602,2312,0,0,1,0,0
36619,2313,0,0,1,0,0
36642,2314,0,0,1,0,0
36676,2315,0,0,1,0,0
36688,2316,0,0,1,0,0
36697,2317,0,0,1,0,0
36721,2318,0,0,1,0,0
36771,2319,0,0,1,0,0
36774,2320,0,0,1,0,0
36810,2321,0,0,1,0,0
36876,2322,0,0,1,0,0
36894,2323,0,0,1,0,0
36896,2324,0,0,1,0,0
36904,2325,1,0,0,0,0
36945,2326,0,0,1,0,0
36961,2327,0,0,1,0,0
36964,2328,0,0,1,0,0
36997,2329,0,0,1,0,0
37063,2330,0,0,0,1,0
37086,2331,0,0,1,0,0
37106,2332,0,0,1,0,0
37122,2333,0,0,1,0,0
37128,2334,0,0,1,0,0
37151,2335,0,0,1,0,0
37200,2336,0,0,1,0,0
37215,2337,0,0,1,0,0
37235,2338,0,0,1,0,0
37289,2339,0,0,1,0,0
37295,2340,0,0,1,0,0
37325,2341,0,0,1,0,0
37406,2342,0,0,1,0,0
37407,2343,0,0,1,0,0
37435,2344,0,0,1,0,0
37436,2345,0,0,1,0,0
37438,2346,1,0,0,0,0
37451,2347,0,0,1,0,0
37453,2348,0,0,1,0,0
37472,2349,0,0,1,0,0
37483,2350,0,0,1,0,0
37501,2351,0,0,1,0,0
37518,2352,0,0,1,0,0
37525,2353,0,0,1,0,0
37543,2354,0,0,1,0,0
37548,2355,0,0,1,0,0
37559,2356,0,0,1,0,0
37581,2357,0,0,1,0,0
37627,2358,0,0,1,0,0
37632,2359,0,0,1,0,0
37672,2360,0,0,1,0,0
37678,2361,0,0,1,0,0
37685,2362,0,0,1,0,0
37730,2363,0,0,1,0,0
37743,2364,0,0,1,0,0
37800,2365,0,0,1,0,0
37801,2366,0,0,1,0,0
37802,2367,0,0,1,0,0
37803,2368,0,0,1,0,0
37811,2369,0,0,1,0,0
37834,2370,0,0,1,0,0
37845,2371,0,0,1,0,0
37846,2372,0,0,1,0,0
37847,2373,0,0,1,0,0
37849,2374,0,0,1,0,0
37872,2375,0,0,1,0,0
37878,2376,0,0,1,0,0
37895,2377,0,0,1,0,0
37897,2378,0,0,1,0,0
37900,2379,0,0,1,0,0
37927,2380,0,0,1,0,0
37963,2381,0,0,1,0,0
37967,2382,0,0,1,0,0
38002,2383,0,0,1,0,0
38017,2384,0,0,1,0,0
38036,2385,0,0,1,0,0
38049,2386,0,0,1,0,0
38140,2387,0,0,1,0,0
38164,2388,0,0,1,0,0
38212,2389,0,0,1,0,0
38243,2390,0,0,1,0,0
38284,2391,0,0,1,0,0
38316,2392,0,0,1,0,0
38335,2393,0,0,1,0,0
38397,2394,0,0,1,0,0
38427,2395,0,0,1,0,0
38472,2396,0,0,1,0,0
38481,2397,0,0,1,0,0
38485,2398,0,0,1,0,0
38495,2399,0,0,1,0,0
38505,2400,0,0,1,0,0
38547,2401,0,0,1,0,0
38574,2402,0,0,1,0,0
38589,2403,0,0,1,0,0
38613,2404,0,0,1,0,0
38633,2405,0,0,1,0,0
38635,2406,0,0,1,0,0
38642,2407,0,0,1,0,0
38653,2408,0,0,1,0,0
38689,2409,0,0,1,0,0
38708,2410,0,0,1,0,0
38731,2411,0,0,1,0,0
38736,2412,0,0,1,0,0
38742,2413,0,0,1,0,0
38744,2414,0,0,1,0,0
38749,2415,0,0,1,0,0
38778,2416,0,0,1,0,0
38801,2417,0,0,1,0,0
38855,2418,0,0,1,0,0
38898,2419,0,0,1,0,0
38927,2420,0,0,1,0,0
38944,2421,0,0,1,0,0
38963,2422,0,0,1,0,0
38999,2423,0,0,1,0,0
39004,2424,0,0,1,0,0
39012,2425,0,0,1,0,0
39030,2426,0,0,1,0,0
39070,2427,0,0,1,0,0
39075,2428,0,0,1,0,0
39078,2429,0,0,1,0,0
39087,2430,0,0,1,0,0
39101,2431,0,0,1,0,0
39142,2432,0,0,1,0,0
39151,2433,0,0,1,0,0
39168,2434,0,0,1,0,0
39192,2435,0,0,1,0,0
39197,2436,0,0,1,0,0
39198,2437,0,0,1,0,0
39199,2438,0,0,1,0,0
39200,2439,0,0,1,0,0
39230,2440,0,0,1,0,0
39243,2441,0,0,1,0,0
39245,2442,0,0,1,0,0
39277,2443,0,0,1,0,0
39286,2444,0,0,1,0,0
39290,2445,0,0,1,0,0
39314,2446,0,0,1,0,0
39372,2447,0,0,1,0,0
39393,2448,0,0,1,0,0
39401,2449,0,0,1,0,0
39411,2450,0,0,1,0,0
39425,2451,0,0,1,0,0
39446,2452,0,0,1,0,0
39464,2453,0,0,1,0,0
39471,2454,0,0,1,0,0
39495,2455,0,0,1,0,0
39497,2456,0,0,1,0,0
39499,2457,0,0,1,0,0
39526,2458,0,0,1,0,0
39546,2459,0,0,1,0,0
39571,2460,0,0,1,0,0
39607,2461,0,0,1,0,0
39641,2462,0,0,1,0,0
39648,2463,0,0,1,0,0
39650,2464,0,0,1,0,0
39674,2465,0,0,1,0,0
39753,2466,0,0,1,0,0
39796,2467,0,0,1,0,0
39822,2468,0,0,1,0,0
39848,2469,0,0,1,0,0
39868,2470,0,0,1,0,0
39892,2471,0,0,1,0,0
39953,2472,0,0,1,0,0
39976,2473,0,0,1,0,0
39978,2474,0,0,1,0,0
39985,2475,0,0,1,0,0
40010,2476,0,0,1,0,0
40012,2477,0,0,1,0,0
40040,2478,0,0,1,0,0
40103,2479,0,0,1,0,0
40133,2480,0,0,1,0,0
40135,2481,0,0,1,0,0
40140,2482,0,0,1,0,0
40143,2483,0,0,1,0,0
40152,2484,0,0,1,0,0
40160,2485,0,0,1,0,0
40200,2486,0,0,1,0,0
40286,2487,0,0,0,1,0
40297,2488,0,0,1,0,0
40319,2489,0,0,1,0,0
40348,2490,0,0,1,0,0
40400,2491,0,0,1,0,0
40427,2492,0,0,1,0,0
40464,2493,0,0,1,0,0
40487,2494,0,0,1,0,0
40520,2495,0,0,1,0,0
40592,2496,0,0,1,0,0
40599,2497,0,0,1,0,0
40607,2498,0,0,1,0,0
40642,2499,0,0,1,0,0
40649,2500,0,0,1,0,0
40656,2501,0,0,1,0,0
40717,2502,0,0,1,0,0
40727,2503,0,0,1,0,0
40731,2504,0,0,1,0,0
40771,2505,0,0,1,0,0
40793,2506,0,0,1,0,0
40814,2507,0,0,1,0,0
40854,2508,0,0,1,0,0
40859,2509,0,0,1,0,0
40866,2510,0,0,1,0,0
40892,2511,0,0,1,0,0
40910,2512,0,0,1,0,0
40914,2513,0,0,1,0,0
40920,2514,0,0,1,0,0
40925,2515,0,0,1,0,0
40933,2516,0,0,1,0,0
40939,2517,0,0,1,0,0
40954,2518,0,0,1,0,0
40962,2519,0,0,1,0,0
40970,2520,0,0,1,0,0
40985,2521,0,0,1,0,0
41014,2522,0,0,1,0,0
41043,2523,0,0,1,0,0
41047,2524,0,0,1,0,0
41048,2525,0,0,1,0,0
41061,2526,0,0,1,0,0
41074,2527,0,0,1,0,0
41091,2528,0,0,1,0,0
41103,2529,0,0,1,0,0
41110,2530,0,0,1,0,0
41116,2531,0,0,1,0,0
41133,2532,0,0,1,0,0
41167,2533,0,0,1,0,0
41170,2534,0,0,1,0,0
41184,2535,0,0,1,0,0
41195,2536,0,0,1,0,0
41243,2537,0,0,1,0,0
41264,2538,0,0,1,0,0
41272,2539,0,0,1,0,0
41323,2540,0,0,1,0,0
41324,2541,0,0,1,0,0
41326,2542,0,0,1,0,0
41332,2543,0,0,1,0,0
41379,2544,0,0,1,0,0
41384,2545,0,0,1,0,0
41410,2546,0,0,1,0,0
41431,2547,0,0,1,0,0
41448,2548,0,0,1,0,0
41467,2549,0,0,1,0,0
41474,2550,0,0,1,0,0
41475,2551,0,0,1,0,0
41488,2552,0,0,1,0,0
41500,2553,0,0,1,0,0
41507,2554,0,0,1,0,0
41556,2555,0,0,1,0,0
41635,2556,0,0,1,0,0
41678,2557,0,0,1,0,0
41680,2558,0,0,1,0,0
41682,2559,0,0,1,0,0
41694,2560,0,0,1,0,0
41699,2561,0,0,1,0,0
41747,2562,0,0,1,0,0
41757,2563,0,0,1,0,0
41843,2564,0,0,1,0,0
41876,2565,0,0,1,0,0
41898,2566,0,0,1,0,0
41905,2567,0,0,1,0,0
41919,2568,0,0,1,0,0
41965,2569,0,0,1,0,0
41970,2570,0,0,1,0,0
41973,2571,0,0,1,0,0
41985,2572,0,0,1,0,0
42015,2573,0,0,1,0,0
42065,2574,0,0,1,0,0
42070,2575,0,0,1,0,0
42072,2576,0,0,1,0,0
42073,2577,0,0,1,0,0
42075,2578,0,0,1,0,0
42080,2579,0,0,1,0,0
42170,2580,0,0,0,1,0
42176,2581,0,0,1,0,0
42199,2582,0,0,1,0,0
42204,2583,0,0,1,0,0
42206,2584,0,0,1,0,0
42271,2585,0,0,1,0,0
42343,2586,0,0,1,0,0
42374,2587,0,0,1,0,0
42423,2588,0,0,1,0,0
42438,2589,0,0,1,0,0
42461,2590,0,0,1,0,0
42499,2591,0,0,1,0,0
42524,2592,0,0,1,0,0
42539,2593,0,0,1,0,0
42551,2594,0,0,1,0,0
42585,2595,0,0,1,0,0
42604,2596,0,0,1,0,0
42626,2597,0,0,1,0,0
42637,2598,0,0,1,0,0
42743,2599,0,0,1,0,0
42763,2600,0,0,1,0,0
42764,2601,0,0,1,0,0
42835,2602,0,0,0,1,0
42849,2603,0,0,1,0,0
42872,2604,0,0,1,0,0
42875,2605,0,0,1,0,0
42948,2606,0,0,1,0,0
42967,2607,0,0,1,0,0
42976,2608,0,0,1,0,0
43069,2609,0,0,0,1,0
43073,2610,0,0,1,0,0
43096,2611,0,0,1,0,0
43115,2612,0,0,1,0,0
43116,2613,0,0,1,0,0
43155,2614,0,0,1,0,0
43171,2615,0,0,1,0,0
43178,2616,0,0,1,0,0
43207,2617,0,0,1,0,0
43219,2618,0,0,1,0,0
43306,2619,0,0,0,1,0
43317,2620,0,0,1,0,0
43324,2621,0,0,1,0,0
43348,2622,0,0,1,0,0
43361,2623,0,0,1,0,0
43375,2624,0,0,1,0,0
43398,2625,0,0,1,0,0
43440,2626,0,0,1,0,0
43441,2627,0,0,1,0,0
43451,2628,0,0,1,0,0
43461,2629,0,0,1,0,0
43510,2630,0,0,1,0,0
43527,2631,0,0,1,0,0
43534,2632,0,0,1,0,0
43549,2633,0,0,1,0,0
43552,2634,0,0,1,0,0
43556,2635,0,0,1,0,0
43585,2636,0,0,1,0,0
43590,2637,0,0,1,0,0
43593,2638,0,0,1,0,0
43606,2639,0,0,1,0,0
43664,2640,0,0,1,0,0
43679,2641,0,0,1,0,0
43697,2642,0,0,1,0,0
43733,2643,0,0,1,0,0
43742,2644,0,0,1,0,0
43745,2645,0,0,1,0,0
43760,2646,0,0,1,0,0
43777,2647,0,0,1,0,0
43802,2648,0,0,1,0,0
43854,2649,0,0,1,0,0
43869,2650,0,0,1,0,0
43882,2651,0,0,1,0,0
43953,2652,0,0,1,0,0
43958,2653,0,0,1,0,0
43962,2654,1,0,0,0,0
43965,2655,0,0,1,0,0
43968,2656,0,0,1,0,0
43970,2657,0,0,1,0,0
44024,2658,0,0,1,0,0
44025,2659,0,0,1,0,0
44027,2660,0,0,1,0,0
44037,2661,0,0,1,0,0
44063,2662,0,0,1,0,0
44088,2663,0,0,1,0,0
44101,2664,0,0,1,0,0
44132,2665,0,0,1,0,0
44134,2666,0,0,1,0,0
44159,2667,0,0,1,0,0
44169,2668,0,0,1,0,0
44174,2669,0,0,1,0,0
44209,2670,0,0,1,0,0
44211,2671,0,0,1,0,0
44213,2672,0,0,1,0,0
44242,2673,0,0,1,0,0
44266,2674,0,0,1,0,0
44294,2675,0,0,1,0,0
44297,2676,0,0,1,0,0
44309,2677,0,0,1,0,0
44314,2678,0,0,1,0,0
44324,2679,0,0,1,0,0
44352,2680,0,0,1,0,0
44431,2681,0,0,1,0,0
44432,2682,0,0,1,0,0
44436,2683,0,0,1,0,0
44509,2684,0,0,1,0,0
44549,2685,0,0,1,0,0
44622,2686,0,0,1,0,0
44643,2687,0,0,1,0,0
44722,2688,0,0,1,0,0
44753,2689,0,0,1,0,0
44760,2690,0,0,1,0,0
44766,2691,0,0,1,0,0
44789,2692,0,0,1,0,0
44796,2693,0,0,1,0,0
44827,2694,0,0,1,0,0
44852,2695,0,0,1,0,0
44911,2696,0,0,1,0,0
44977,2697,0,0,1,0,0
44978,2698,0,0,1,0,0
45024,2699,0,0,1,0,0
45060,2700,0,0,1,0,0
45066,2701,0,0,1,0,0
45087,2702,0,0,1,0,0
45101,2703,0,0,1,0,0
45204,2704,0,0,0,1,0
45217,2705,0,0,1,0,0
45248,2706,0,0,1,0,0
45251,2707,0,0,1,0,0
45255,2708,0,0,1,0,0
45301,2709,0,0,1,0,0
45346,2710,0,0,1,0,0
45347,2711,0,0,1,0,0
45366,2712,0,0,1,0,0
45371,2713,0,0,1,0,0
45372,2714,0,0,1,0,0
45443,2715,0,0,1,0,0
45461,2716,0,0,1,0,0
45471,2717,0,0,1,0,0
45498,2718,0,0,1,0,0
45524,2719,0,0,1,0,0
45555,2720,0,0,1,0,0
45591,2721,0,0,1,0,0
45601,2722,0,0,1,0,0
45650,2723,0,0,1,0,0
45680,2724,0,0,1,0,0
45688,2725,0,0,1,0,0
45722,2726,0,0,1,0,0
45768,2727,0,0,1,0,0
45861,2728,0,0,1,0,0
45865,2729,1,0,0,0,0
45949,2730,0,0,1,0,0
45974,2731,0,0,1,0,0
46012,2732,0,0,1,0,0
46042,2733,0,0,1,0,0
46061,2734,0,0,1,0,0
46066,2735,0,0,1,0,0
46067,2736,0,0,1,0,0
46085,2737,0,0,1,0,0
46099,2738,0,0,1,0,0
46141,2739,0,0,1,0,0
46173,2740,0,0,1,0,0
46199,2741,0,0,1,0,0
46207,2742,0,0,1,0,0
46261,2743,0,0,1,0,0
46271,2744,0,0,1,0,0
46295,2745,0,0,1,0,0
46299,2746,0,0,1,0,0
46308,2747,0,0,1,0,0
46391,2748,0,0,0,1,0
46433,2749,0,0,1,0,0
46434,2750,0,0,1,0,0
46487,2751,0,0,1,0,0
46513,2752,0,0,1,0,0
46560,2753,0,0,1,0,0
46570,2754,0,0,1,0,0
46572,2755,0,0,1,0,0
46647,2756,0,0,1,0,0
46755,2757,0,0,0,1,0
46779,2758,0,0,1,0,0
46821,2759,0,0,1,0,0
46823,2760,0,0,1,0,0
46831,2761,0,0,1,0,0
46847,2762,0,0,1,0,0
46886,2763,0,0,1,0,0
46887,2764,0,0,1,0,0
46901,2765,0,0,1,0,0
46947,2766,0,0,1,0,0
46970,2767,0,0,1,0,0
47052,2768,0,0,0,1,0
47056,2769,0,0,1,0,0
47118,2770,0,0,1,0,0
47123,2771,0,0,1,0,0
47140,2772,0,0,1,0,0
47161,2773,0,0,1,0,0
47201,2774,0,0,1,0,0
47209,2775,0,0,1,0,0
47230,2776,0,0,1,0,0
47235,2777,0,0,1,0,0
47281,2778,0,0,1,0,0
47300,2779,0,0,1,0,0
47326,2780,0,0,1,0,0
47343,2781,0,0,1,0,0
47361,2782,0,0,1,0,0
47370,2783,0,0,1,0,0
47374,2784,0,0,1,0,0
47377,2785,0,0,1,0,0
47378,2786,0,0,1,0,0
47385,2787,0,0,1,0,0
47391,2788,0,0,1,0,0
47423,2789,0,0,1,0,0
47510,2790,0,0,0,1,0
47513,2791,0,0,1,0,0
47516,2792,0,0,1,0,0
47528,2793,0,0,1,0,0
47546,2794,0,0,1,0,0
47587,2795,0,0,1,0,0
47619,2796,0,0,1,0,0
47640,2797,0,0,1,0,0
47652,2798,0,0,1,0,0
47734,2799,0,0,0,1,0
47757,2800,0,0,1,0,0
47789,2801,0,0,1,0,0
47836,2802,0,0,1,0,0
47863,2803,0,0,1,0,0
47875,2804,0,0,1,0,0
47881,2805,0,0,1,0,0
47894,2806,0,0,1,0,0
47957,2807,0,0,1,0,0
48003,2808,0,0,1,0,0
48017,2809,0,0,1,0,0
48052,2810,0,0,1,0,0
48054,2811,0,0,1,0,0
48055,2812,0,0,1,0,0
48060,2813,0,0,1,0,0
48080,2814,0,0,1,0,0
48161,2815,0,0,0,1,0
48170,2816,0,0,1,0,0
48215,2817,0,0,1,0,0
48237,2818,0,0,1,0,0
48250,2819,0,0,1,0,0
48253,2820,0,0,1,0,0
48274,2821,0,0,1,0,0
48351,2822,0,0,1,0,0
48362,2823,0,0,1,0,0
48443,2824,0,0,1,0,0
48471,2825,0,0,1,0,0
48528,2826,0,0,1,0,0
48532,2827,0,0,1,0,0
48559,2828,0,0,1,0,0
48665,2829,0,0,0,1,0
48667,2830,0,0,1,0,0
48708,2831,0,0,1,0,0
48729,2832,0,0,1,0,0
48741,2833,0,0,1,0,0
48745,2834,0,0,1,0,0
48747,2835,0,0,1,0,0
48761,2836,0,0,1,0,0
48766,2837,0,0,1,0,0
48792,2838,0,0,1,0,0
48815,2839,0,0,1,0,0
48836,2840,0,0,1,0,0
48839,2841,0,0,1,0,0
48872,2842,0,0,1,0,0
48881,2843,0,0,1,0,0
48894,2844,0,0,1,0,0
48901,2845,0,0,1,0,0
48918,2846,0,0,1,0,0
48976,2847,0,0,1,0,0
48977,2848,1,0,0,0,0
49030,2849,0,0,1,0,0
49036,2850,0,0,1,0,0
49043,2851,1,0,0,0,0
49044,2852,0,0,1,0,0
49154,2853,0,0,0,1,0
49155,2854,0,0,1,0,0
49214,2855,0,0,1,0,0
49229,2856,0,0,1,0,0
49242,2857,0,0,1,0,0
49280,2858,0,0,1,0,0
49331,2859,0,0,1,0,0
49353,2860,0,0,1,0,0
49406,2861,0,0,1,0,0
49433,2862,0,0,1,0,0
49456,2863,0,0,1,0,0
49459,2864,0,0,1,0,0
49489,2865,0,0,1,0,0
49492,2866,0,0,1,0,0
49507,2867,0,0,1,0,0
49597,2868,0,0,0,1,0
49605,2869,0,0,1,0,0
49618,2870,0,0,1,0,0
49672,2871,0,0,1,0,0
49673,2872,0,0,1,0,0
49698,2873,0,0,1,0,0
49705,2874,0,0,1,0,0
49768,2875,0,0,0,1,0
49810,2876,0,0,1,0,0
49820,2877,0,0,1,0,0
49843,2878,0,0,1,0,0
49845,2879,0,0,1,0,0
49853,2880,0,0,1,0,0
49907,2881,0,0,1,0,0
49910,2882,0,0,1,0,0
49921,2883,0,0,1,0,0
49928,2884,0,0,1,0,0
49931,2885,0,0,1,0,0
49934,2886,0,0,1,0,0
49954,2887,0,0,1,0,0
49961,2888,0,0,1,0,0
49965,2889,0,0,1,0,0
49966,2890,0,0,1,0,0
50033,2891,0,0,1,0,0
50070,2892,0,0,1,0,0
50100,2893,0,0,1,0,0
50171,2894,0,0,1,0,0
50173,2895,0,0,1,0,0
50199,2896,0,0,1,0,0
50216,2897,0,0,1,0,0
50241,2898,0,0,1,0,0
50270,2899,0,0,1,0,0
50308,2900,0,0,1,0,0
50311,2901,0,0,1,0,0
50319,2902,0,0,1,0,0
50331,2903,0,0,1,0,0
50338,2904,0,0,1,0,0
50339,2905,0,0,1,0,0
50360,2906,0,0,1,0,0
50402,2907,0,0,1,0,0
50426,2908,0,0,1,0,0
50468,2909,0,0,1,0,0
50473,2910,0,0,1,0,0
50535,2911,0,0,1,0,0
50545,2912,0,0,1,0,0
50552,2913,0,0,1,0,0
50621,2914,0,0,1,0,0
50625,2915,0,0,1,0,0
50634,2916,0,0,1,0,0
50653,2917,0,0,1,0,0
50718,2918,0,0,1,0,0
50760,2919,1,0,0,0,0
50764,2920,0,0,1,0,0
50786,2921,0,0,1,0,0
50792,2922,0,0,1,0,0
50843,2923,0,0,1,0,0
50858,2924,0,0,1,0,0
50869,2925,0,0,1,0,0
50871,2926,0,0,1,0,0
50924,2927,0,0,1,0,0
50939,2928,0,0,1,0,0
50951,2929,0,0,1,0,0
50983,2930,0,0,1,0,0
51019,2931,0,0,1,0,0
51034,2932,0,0,1,0,0
51057,2933,0,0,1,0,0
51058,2934,0,0,1,0,0
51076,2935,0,0,1,0,0
51127,2936,0,0,1,0,0
51220,2937,0,0,0,1,0
51242,2938,0,0,1,0,0
51265,2939,0,0,1,0,0
51272,2940,0,0,1,0,0
51297,2941,0,0,1,0,0
51341,2942,0,0,1,0,0
51438,2943,0,0,0,1,0
51482,2944,0,0,1,0,0
51522,2945,0,0,1,0,0
51590,2946,0,0,1,0,0
51603,2947,0,0,1,0,0
51611,2948,0,0,1,0,0
51725,2949,0,0,0,1,0
51752,2950,0,0,1,0,0
51762,2951,0,0,1,0,0
51833,2952,0,0,1,0,0
51837,2953,0,0,1,0,0
51869,2954,0,0,1,0,0
51929,2955,0,0,1,0,0
51965,2956,0,0,1,0,0
51970,2957,0,0,1,0,0
52032,2958,0,0,1,0,0
52042,2959,0,0,1,0,0
52069,2960,0,0,1,0,0
52172,2961,0,0,0,1,0
52180,2962,0,0,1,0,0
52188,2963,0,0,1,0,0
52231,2964,0,0,1,0,0
52267,2965,0,0,1,0,0
52291,2966,0,0,1,0,0
52320,2967,0,0,1,0,0
52322,2968,0,0,1,0,0
52351,2969,0,0,1,0,0
52399,2970,0,0,1,0,0
52421,2971,0,0,1,0,0
52423,2972,0,0,1,0,0
52450,2973,0,0,1,0,0
52491,2974,0,0,1,0,0
52503,2975,0,0,1,0,0
52507,2976,0,0,1,0,0
52517,2977,0,0,1,0,0
52530,2978,0,0,1,0,0
52538,2979,0,0,1,0,0
52545,2980,0,0,1,0,0
52554,2981,0,0,1,0,0
52572,2982,0,0,1,0,0
52656,2983,0,0,1,0,0
52676,2984,0,0,1,0,0
52754,2985,0,0,0,1,0
52769,2986,0,0,1,0,0
52783,2987,0,0,1,0,0
52800,2988,0,0,1,0,0
52801,2989,0,0,1,0,0
52818,2990,0,0,1,0,0
52840,2991,0,0,1,0,0
52933,2992,0,0,1,0,0
52976,2993,0,0,1,0,0
53026,2994,0,0,1,0,0
53055,2995,0,0,1,0,0
53060,2996,0,0,1,0,0
53078,2997,0,0,1,0,0
53090,2998,0,0,1,0,0
53113,2999,0,0,1,0,0
53120,3000,0,0,1,0,0
53130,3001,0,0,1,0,0
53166,3002,0,0,1,0,0
53171,3003,0,0,1,0,0
53265,3004,0,0,1,0,0
53354,3005,0,0,1,0,0
53373,3006,0,0,1,0,0
53392,3007,0,0,1,0,0
53410,3008,0,0,1,0,0
53421,3009,0,0,1,0,0
53444,3010,0,0,1,0,0
53463,3011,0,0,1,0,0
53464,3012,0,0,1,0,0
53476,3013,0,0,1,0,0
53534,3014,0,0,1,0,0
53583,3015,0,0,1,0,0
53597,3016,0,0,1,0,0
53610,3017,0,0,1,0,0
53691,3018,0,0,1,0,0
53709,3019,0,0,1,0,0
53755,3020,0,0,1,0,0
53805,3021,0,0,1,0,0
53844,3022,0,0,1,0,0
53845,3023,0,0,1,0,0
53886,3024,0,0,1,0,0
53911,3025,0,0,1,0,0
53926,3026,0,0,1,0,0
53964,3027,0,0,1,0,0
54032,3028,0,0,1,0,0
54059,3029,0,0,1,0,0
54082,3030,0,0,1,0,0
54109,3031,0,0,1,0,0
54156,3032,0,0,1,0,0
54178,3033,0,0,1,0,0
54180,3034,0,0,1,0,0
54208,3035,0,0,1,0,0
54299,3036,0,0,1,0,0
54339,3037,0,0,1,0,0
54381,3038,0,0,1,0,0
54406,3039,0,0,1,0,0
54462,3040,0,0,1,0,0
54503,3041,0,0,1,0,0
54582,3042,0,0,0,1,0
54587,3043,0,0,1,0,0
54611,3044,0,0,1,0,0
54691,3045,0,0,1,0,0
54764,3046,0,0,1,0,0
54785,3047,0,0,1,0,0
54872,3048,0,0,1,0,0
54876,3049,0,0,1,0,0
54939,3050,0,0,1,0,0
54991,3051,0,0,1,0,0
55016,3052,0,0,1,0,0
55056,3053,0,0,1,0,0
55069,3054,0,0,1,0,0
55105,3055,0,0,1,0,0
55184,3056,0,0,0,1,0
55189,3057,0,0,1,0,0
55216,3058,0,0,1,0,0
55283,3059,0,0,0,1,0
55312,3060,0,0,1,0,0
55316,3061,0,0,1,0,0
55341,3062,0,0,1,0,0
55369,3063,0,0,1,0,0
55398,3064,0,0,1,0,0
55404,3065,0,0,1,0,0
55419,3066,0,0,1,0,0
55454,3067,0,0,1,0,0
55486,3068,0,0,1,0,0
55557,3069,0,0,1,0,0
55588,3070,0,0,1,0,0
55597,3071,0,0,1,0,0
55684,3072,0,0,0,1,0
55686,3073,0,0,1,0,0
55736,3074,0,0,1,0,0
55826,3075,0,0,1,0,0
55854,3076,0,0,1,0,0
55856,3077,0,0,1,0,0
55897,3078,0,0,1,0,0
55905,3079,0,0,1,0,0
55908,3080,0,0,1,0,0
55926,3081,0,0,1,0,0
55927,3082,0,0,1,0,0
55969,3083,0,0,1,0,0
55994,3084,0,0,1,0,0
56048,3085,0,0,1,0,0
56083,3086,0,0,1,0,0
56112,3087,0,0,1,0,0
56119,3088,0,0,1,0,0
56126,3089,0,0,1,0,0
56170,3090,0,0,1,0,0
56212,3091,0,0,1,0,0
56215,3092,0,0,1,0,0
56283,3093,0,0,0,1,0
56367,3094,0,0,1,0,0
56393,3095,0,0,1,0,0
56394,3096,0,0,1,0,0
56404,3097,0,0,1,0,0
56439,3098,0,0,1,0,0
56452,3099,0,0,1,0,0
56459,3100,0,0,1,0,0
56483,3101,0,0,1,0,0
56484,3102,0,0,1,0,0
56557,3103,0,0,1,0,0
56583,3104,0,0,1,0,0
56587,3105,0,0,1,0,0
56646,3106,0,0,1,0,0
56660,3107,0,0,1,0,0
56666,3108,0,0,1,0,0
56684,3109,0,0,1,0,0
56687,3110,0,0,1,0,0
56694,3111,0,0,1,0,0
56716,3112,0,0,1,0,0
56734,3113,0,0,1,0,0
56764,3114,0,0,1,0,0
56787,3115,0,0,1,0,0
56831,3116,0,0,1,0,0
56914,3117,0,0,1,0,0
56953,3118,0,0,1,0,0
56963,3119,0,0,1,0,0
57007,3120,0,0,1,0,0
57033,3121,0,0,1,0,0
57078,3122,0,0,1,0,0
57142,3123,0,0,1,0,0
57213,3124,0,0,1,0,0
57243,3125,0,0,1,0,0
57293,3126,0,0,1,0,0
57313,3127,0,0,1,0,0
57314,3128,0,0,1,0,0
57326,3129,0,0,1,0,0
57330,3130,0,0,1,0,0
57348,3131,0,0,1,0,0
57368,3132,0,0,1,0,0
57375,3133,1,0,0,0,0
57454,3134,0,0,1,0,0
57457,3135,0,0,1,0,0
57521,3136,0,0,1,0,0
57549,3137,0,0,1,0,0
57553,3138,0,0,1,0,0
57606,3139,0,0,1,0,0
57613,3140,0,0,1,0,0
57619,3141,0,0,1,0,0
57642,3142,0,0,1,0,0
57645,3143,1,0,0,0,0
57696,3144,0,0,1,0,0
57697,3145,0,0,1,0,0
57752,3146,0,0,1,0,0
57817,3147,0,0,1,0,0
57917,3148,0,0,0,1,0
57918,3149,0,0,1,0,0
57922,3150,0,0,1,0,0
57985,3151,0,0,1,0,0
57997,3152,0,0,1,0,0
58045,3153,0,0,1,0,0
58118,3154,0,0,1,0,0
58130,3155,0,0,1,0,0
58157,3156,0,0,1,0,0
58214,3157,0,0,1,0,0
58258,3158,0,0,1,0,0
58350,3159,0,0,1,0,0
58388,3160,0,0,1,0,0
58405,3161,0,0,1,0,0
58502,3162,0,0,0,1,0
58503,3163,0,0,1,0,0
58512,3164,0,0,1,0,0
58542,3165,0,0,1,0,0
58552,3166,0,0,1,0,0
58585,3167,0,0,1,0,0
58619,3168,0,0,1,0,0
58661,3169,0,0,1,0,0
58748,3170,0,0,1,0,0
58763,3171,0,0,1,0,0
58782,3172,0,0,1,0,0
58867,3173,0,0,0,1,0
58877,3174,0,0,1,0,0
58942,3175,0,0,1,0,0
58988,3176,0,0,1,0,0
59011,3177,0,0,1,0,0
59042,3178,0,0,1,0,0
59079,3179,0,0,1,0,0
59100,3180,0,0,1,0,0
59104,3181,0,0,1,0,0
59212,3182,0,0,1,0,0
59228,3183,0,0,1,0,0
59291,3184,0,0,1,0,0
59294,3185,0,0,1,0,0
59336,3186,0,0,1,0,0
59370,3187,0,0,1,0,0
59413,3188,0,0,1,0,0
59419,3189,0,0,1,0,0
59486,3190,0,0,1,0,0
59560,3191,0,0,1,0,0
59571,3192,0,0,1,0,0
59600,3193,0,0,1,0,0
59635,3194,0,0,1,0,0
59668,3195,0,0,1,0,0
59755,3196,0,0,1,0,0
59837,3197,0,0,1,0,0
59859,3198,0,0,1,0,0
59939,3199,0,0,1,0,0
59953,3200,0,0,1,0,0
60043,3201,0,0,0,1,0
60123,3202,0,0,0,1,0
60159,3203,0,0,1,0,0
60161,3204,0,0,1,0,0
60242,3205,0,0,1,0,0
60279,3206,0,0,1,0,0
60285,3207,0,0,1,0,0
60286,3208,0,0,1,0,0
60313,3209,0,0,1,0,0
60380,3210,0,0,1,0,0
60418,3211,0,0,1,0,0
60421,3212,0,0,1,0,0
60465,3213,0,0,1,0,0
60484,3214,0,0,1,0,0
60486,3215,0,0,1,0,0
60489,3216,0,0,1,0,0
60510,3217,0,0,1,0,0
60520,3218,0,0,1,0,0
60601,3219,0,0,0,1,0
60614,3220,0,0,1,0,0
60698,3221,0,0,1,0,0
60741,3222,0,0,1,0,0
60742,3223,0,0,1,0,0
60791,3224,0,0,1,0,0
60804,3225,0,0,1,0,0
60874,3226,0,0,1,0,0
60938,3227,0,0,1,0,0
60943,3228,0,0,1,0,0
60977,3229,0,0,1,0,0
60990,3230,0,0,1,0,0
61044,3231,0,0,1,0,0
61080,3232,0,0,1,0,0
61172,3233,0,0,1,0,0
61180,3234,0,0,1,0,0
61184,3235,0,0,1,0,0
61224,3236,0,0,1,0,0
61291,3237,0,0,1,0,0
61335,3238,0,0,1,0,0
61337,3239,1,0,0,0,0
61338,3240,0,0,1,0,0
61435,3241,0,0,0,1,0
61436,3242,0,0,1,0,0
61494,3243,0,0,1,0,0
61496,3244,0,0,1,0,0
61620,3245,0,0,1,0,0
61709,3246,0,0,0,1,0
61725,3247,0,0,1,0,0
61731,3248,0,0,1,0,0
61793,3249,0,0,0,1,0
61820,3250,0,0,1,0,0
61859,3251,0,0,1,0,0
61862,3252,0,0,1,0,0
61869,3253,0,0,1,0,0
61879,3254,0,0,1,0,0
61892,3255,0,0,1,0,0
61917,3256,0,0,1,0,0
62066,3257,0,0,1,0,0
62130,3258,0,0,1,0,0
62143,3259,0,0,1,0,0
62168,3260,0,0,1,0,0
62220,3261,0,0,1,0,0
62306,3262,0,0,1,0,0
62372,3263,0,0,1,0,0
62378,3264,0,0,1,0,0
62406,3265,0,0,1,0,0
62432,3266,0,0,1,0,0
62465,3267,0,0,1,0,0
62486,3268,0,0,1,0,0
62569,3269,0,0,0,1,0
62595,3270,0,0,1,0,0
62608,3271,0,0,1,0,0
62628,3272,0,0,1,0,0
62655,3273,0,0,1,0,0
62704,3274,0,0,1,0,0
62781,3275,0,0,1,0,0
62840,3276,0,0,1,0,0
62856,3277,0,0,1,0,0
62896,3278,0,0,1,0,0
62945,3279,0,0,1,0,0
63030,3280,0,0,1,0,0
63039,3281,0,0,1,0,0
63060,3282,0,0,1,0,0
63113,3283,0,0,1,0,0
63170,3284,0,0,1,0,0
63211,3285,0,0,1,0,0
63300,3286,0,0,0,1,0
63301,3287,0,0,1,0,0
63311,3288,0,0,1,0,0
63369,3289,0,0,1,0,0
63451,3290,0,0,1,0,0
63486,3291,0,0,1,0,0
63498,3292,0,0,1,0,0
63522,3293,0,0,1,0,0
63553,3294,0,0,1,0,0
63597,3295,0,0,1,0,0
63633,3296,0,0,1,0,0
63685,3297,0,0,1,0,0
63761,3298,0,0,0,1,0
63801,3299,0,0,1,0,0
63802,3300,0,0,1,0,0
63874,3301,0,0,1,0,0
63942,3302,0,0,1,0,0
64010,3303,0,0,1,0,0
64014,3304,1,0,0,0,0
64020,3305,1,0,0,0,0
64102,3306,0,0,1,0,0
64118,3307,0,0,1,0,0
64123,3308,0,0,1,0,0
64193,3309,0,0,1,0,0
64231,3310,0,0,1,0,0
64249,3311,0,0,1,0,0
64254,3312,0,0,1,0,0
64265,3313,0,0,1,0,0
64288,3314,0,0,1,0,0
64342,3315,0,0,1,0,0
64391,3316,0,0,1,0,0
64432,3317,0,0,1,0,0
64493,3318,0,0,1,0,0
64577,3319,0,0,0,1,0
64664,3320,0,0,0,1,0
64740,3321,0,0,0,1,0
64750,3322,0,0,1,0,0
64751,3323,0,0,1,0,0
64801,3324,0,0,1,0,0
64802,3325,0,0,1,0,0
64856,3326,0,0,1,0,0
64863,3327,0,0,1,0,0
64969,3328,0,0,1,0,0
65031,3329,0,0,1,0,0
65032,3330,0,0,1,0,0
65058,3331,0,0,1,0,0
65169,3332,0,0,1,0,0
65198,3333,0,0,1,0,0
65199,3334,0,0,1,0,0
65248,3335,0,0,1,0,0
65252,3336,0,0,1,0,0
65258,3337,0,0,1,0,0
65269,3338,0,0,1,0,0
65360,3339,0,0,0,1,0
65384,3340,0,0,1,0,0
65417,3341,0,0,1,0,0
65445,3342,0,0,1,0,0
65502,3343,0,0,1,0,0
65582,3344,0,0,1,0,0
65583,3345,0,0,1,0,0
65681,3346,0,0,1,0,0
65691,3347,0,0,1,0,0
65703,3348,0,0,1,0,0
65709,3349,0,0,1,0,0
65725,3350,0,0,1,0,0
65737,3351,0,0,1,0,0
65751,3352,0,0,1,0,0
65802,3353,0,0,1,0,0
65871,3354,0,0,1,0,0
65948,3355,0,0,1,0,0
65981,3356,0,0,1,0,0
66049,3357,0,0,1,0,0
66074,3358,0,0,1,0,0
66159,3359,0,0,1,0,0
66169,3360,0,0,1,0,0
66221,3361,0,0,1,0,0
66232,3362,0,0,1,0,0
66275,3363,0,0,1,0,0
66283,3364,0,0,1,0,0
66301,3365,0,0,1,0,0
66309,3366,0,0,1,0,0
66402,3367,0,0,1,0,0
66425,3368,0,0,1,0,0
66455,3369,0,0,1,0,0
66497,3370,0,0,1,0,0
66498,3371,0,0,1,0,0
66515,3372,0,0,1,0,0
66525,3373,0,0,1,0,0
66648,3374,0,0,0,1,0
66661,3375,0,0,1,0,0
66781,3376,0,0,1,0,0
66867,3377,0,0,1,0,0
66941,3378,0,0,1,0,0
66954,3379,0,0,1,0,0
67010,3380,0,0,1,0,0
67065,3381,0,0,1,0,0
67131,3382,0,0,1,0,0
67147,3383,0,0,1,0,0
67156,3384,0,0,1,0,0
67174,3385,0,0,1,0,0
67192,3386,0,0,1,0,0
67229,3387,0,0,1,0,0
67230,3388,0,0,1,0,0
67250,3389,0,0,1,0,0
67272,3390,0,0,1,0,0
67279,3391,0,0,1,0,0
67326,3392,0,0,1,0,0
67381,3393,0,0,1,0,0
67405,3394,0,0,1,0,0
67457,3395,0,0,1,0,0
67482,3396,0,0,1,0,0
67576,3397,0,0,0,1,0
67581,3398,0,0,1,0,0
67645,3399,0,0,1,0,0
67686,3400,0,0,1,0,0
67746,3401,0,0,1,0,0
67837,3402,0,0,0,1,0
67899,3403,0,0,1,0,0
67912,3404,0,0,1,0,0
67938,3405,0,0,1,0,0
67945,3406,0,0,1,0,0
67953,3407,0,0,1,0,0
67988,3408,0,0,1,0,0
67996,3409,0,0,1,0,0
68087,3410,0,0,1,0,0
68204,3411,0,0,1,0,0
68230,3412,0,0,1,0,0
68236,3413,0,0,1,0,0
68267,3414,0,0,1,0,0
68310,3415,0,0,1,0,0
68345,3416,0,0,1,0,0
68440,3417,0,0,0,1,0
68536,3418,0,0,1,0,0
68566,3419,0,0,1,0,0
68598,3420,0,0,1,0,0
68607,3421,0,0,1,0,0
68619,3422,0,0,1,0,0
68623,3423,0,0,1,0,0
68682,3424,0,0,1,0,0
68714,3425,0,0,1,0,0
68823,3426,0,0,0,1,0
68857,3427,0,0,1,0,0
68876,3428,0,0,1,0,0
68892,3429,0,0,1,0,0
68905,3430,0,0,1,0,0
68925,3431,0,0,1,0,0
68934,3432,0,0,1,0,0
69012,3433,0,0,1,0,0
69016,3434,0,0,1,0,0
69046,3435,0,0,1,0,0
69086,3436,0,0,1,0,0
69165,3437,0,0,0,1,0
69170,3438,0,0,1,0,0
69185,3439,0,0,1,0,0
69281,3440,0,0,0,1,0
69328,3441,0,0,1,0,0
69338,3442,0,0,1,0,0
69340,3443,0,0,1,0,0
69361,3444,0,0,1,0,0
69587,3445,0,0,1,0,0
69684,3446,0,0,0,1,0
69788,3447,0,0,0,1,0
69907,3448,0,0,0,1,0
69922,3449,0,0,1,0,0
69925,3450,0,0,1,0,0
69979,3451,0,0,1,0,0
69987,3452,0,0,1,0,0
70019,3453,0,0,1,0,0
70096,3454,0,0,0,1,0
70116,3455,0,0,1,0,0
70151,3456,0,0,1,0,0
70160,3457,0,0,1,0,0
70185,3458,0,0,1,0,0
70199,3459,0,0,1,0,0
70260,3460,0,0,1,0,0
70292,3461,0,0,1,0,0
70348,3462,0,0,1,0,0
70374,3463,0,0,1,0,0
70380,3464,0,0,1,0,0
70427,3465,0,0,1,0,0
70512,3466,0,0,1,0,0
70585,3467,0,0,1,0,0
70642,3468,0,0,1,0,0
70651,3469,0,0,1,0,0
70742,3470,0,0,0,1,0
70761,3471,0,0,1,0,0
70772,3472,0,0,1,0,0
70795,3473,0,0,1,0,0
70846,3474,0,0,1,0,0
70847,3475,0,0,1,0,0
70956,3476,0,0,0,1,0
70957,3477,0,0,1,0,0
70993,3478,0,0,1,0,0
71049,3479,0,0,1,0,0
71140,3480,0,0,1,0,0
71168,3481,0,0,1,0,0
71195,3482,0,0,1,0,0
71250,3483,0,0,1,0,0
71270,3484,0,0,1,0,0
71298,3485,0,0,1,0,0
71313,3486,0,0,1,0,0
71329,3487,0,0,1,0,0
71333,3488,0,0,1,0,0
71376,3489,0,0,1,0,0
71385,3490,0,0,1,0,0
71438,3491,0,0,1,0,0
71535,3492,0,0,1,0,0
71542,3493,0,0,1,0,0
71567,3494,0,0,1,0,0
71694,3495,0,0,1,0,0
71739,3496,0,0,1,0,0
71756,3497,0,0,1,0,0
71763,3498,0,0,1,0,0
71834,3499,0,0,1,0,0
71860,3500,0,0,1,0,0
71985,3501,0,0,0,1,0
72071,3502,0,0,1,0,0
72131,3503,0,0,1,0,0
72154,3504,0,0,1,0,0
72238,3505,0,0,0,1,0
72281,3506,0,0,1,0,0
72324,3507,0,0,1,0,0
72342,3508,0,0,1,0,0
72432,3509,0,0,1,0,0
72477,3510,0,0,1,0,0
72523,3511,0,0,1,0,0
72556,3512,0,0,1,0,0
72623,3513,0,0,0,1,0
72700,3514,0,0,1,0,0
72801,3515,0,0,1,0,0
72857,3516,0,0,1,0,0
72938,3517,0,0,1,0,0
72964,3518,0,0,1,0,0
73015,3519,0,0,1,0,0
73099,3520,0,0,1,0,0
73174,3521,0,0,1,0,0
73292,3522,0,0,0,1,0
73342,3523,0,0,1,0,0
73348,3524,0,0,1,0,0
73426,3525,0,0,1,0,0
73487,3526,0,0,1,0,0
73510,3527,0,0,1,0,0
73582,3528,0,0,1,0,0
73598,3529,0,0,1,0,0
73625,3530,0,0,1,0,0
73665,3531,0,0,1,0,0
73749,3532,0,0,0,1,0
73755,3533,0,0,1,0,0
73812,3534,0,0,1,0,0
73836,3535,0,0,1,0,0
73841,3536,0,0,1,0,0
73844,3537,0,0,1,0,0
73856,3538,0,0,1,0,0
73895,3539,0,0,1,0,0
73941,3540,0,0,1,0,0
74036,3541,0,0,1,0,0
74102,3542,0,0,1,0,0
74191,3543,0,0,0,1,0
74253,3544,0,0,1,0,0
74317,3545,0,0,1,0,0
74423,3546,0,0,1,0,0
74426,3547,0,0,1,0,0
74459,3548,0,0,1,0,0
74500,3549,0,0,1,0,0
74558,3550,0,0,1,0,0
74766,3551,0,0,1,0,0
74829,3552,0,0,0,1,0
74868,3553,0,0,1,0,0
74976,3554,0,0,1,0,0
75008,3555,0,0,1,0,0
75152,3556,0,0,0,1,0
75192,3557,0,0,1,0,0
75272,3558,0,0,1,0,0
75293,3559,0,0,1,0,0
75343,3560,0,0,1,0,0
75424,3561,0,0,1,0,0
75505,3562,0,0,0,1,0
75525,3563,0,0,1,0,0
75591,3564,0,0,1,0,0
75592,3565,0,0,1,0,0
75655,3566,0,0,1,0,0
75672,3567,0,0,1,0,0
75843,3568,0,0,1,0,0
75854,3569,0,0,1,0,0
75956,3570,0,0,1,0,0
76056,3571,0,0,1,0,0
76068,3572,0,0,1,0,0
76149,3573,0,0,1,0,0
76248,3574,0,0,0,1,0
76356,3575,0,0,0,1,0
76368,3576,0,0,1,0,0
76432,3577,0,0,1,0,0
76466,3578,0,0,1,0,0
76527,3579,0,0,1,0,0
76536,3580,0,0,1,0,0
76604,3581,0,0,1,0,0
76690,3582,0,0,0,1,0
76721,3583,0,0,1,0,0
76736,3584,0,0,1,0,0
76758,3585,0,0,1,0,0
76856,3586,0,0,0,1,0
76891,3587,0,0,1,0,0
76962,3588,0,0,1,0,0
77010,3589,0,0,1,0,0
77067,3590,0,0,1,0,0
77076,3591,0,0,1,0,0
77157,3592,0,0,0,1,0
77252,3593,0,0,1,0,0
77290,3594,0,0,1,0,0
77363,3595,0,0,1,0,0
77371,3596,0,0,1,0,0
77465,3597,0,0,0,1,0
77528,3598,0,0,1,0,0
77578,3599,0,0,1,0,0
77679,3600,0,0,0,1,0
77682,3601,0,0,1,0,0
77722,3602,0,0,1,0,0
77802,3603,0,0,0,1,0
77816,3604,0,0,1,0,0
77932,3605,0,0,0,1,0
77982,3606,0,0,1,0,0
78072,3607,0,0,0,1,0
78161,3608,0,0,0,1,0
78252,3609,0,0,0,1,0
78320,3610,0,0,1,0,0
78414,3611,0,0,0,1,0
78498,3612,0,0,1,0,0
78579,3613,0,0,1,0,0
78732,3614,0,0,0,1,0
78733,3615,1,0,0,0,0
78775,3616,0,0,1,0,0
78806,3617,0,0,1,0,0
78813,3618,0,0,1,0,0
78825,3619,0,0,1,0,0
78832,3620,0,0,1,0,0
78973,3621,0,0,1,0,0
78981,3622,0,0,1,0,0
79079,3623,0,0,0,1,0
79170,3624,0,0,1,0,0
79231,3625,0,0,1,0,0
79299,3626,0,0,1,0,0
79354,3627,0,0,1,0,0
79395,3628,0,0,1,0,0
79420,3629,0,0,1,0,0
79515,3630,0,0,0,1,0
79520,3631,0,0,1,0,0
79600,3632,0,0,1,0,0
79601,3633,0,0,1,0,0
79644,3634,0,0,1,0,0
79723,3635,0,0,1,0,0
79840,3636,0,0,1,0,0
79925,3637,0,0,1,0,0
80038,3638,0,0,1,0,0
80191,3639,0,0,0,1,0
80220,3640,0,0,1,0,0
80285,3641,0,0,0,1,0
80287,3642,0,0,1,0,0
80294,3643,0,0,1,0,0
80442,3644,0,0,0,1,0
80531,3645,0,0,1,0,0
80564,3646,0,0,1,0,0
80597,3647,0,0,1,0,0
80679,3648,0,0,1,0,0
80770,3649,0,0,0,1,0
80876,3650,0,0,0,1,0
80945,3651,0,0,1,0,0
80981,3652,0,0,1,0,0
81080,3653,0,0,1,0,0
81129,3654,0,0,1,0,0
81234,3655,0,0,0,1,0
81328,3656,0,0,1,0,0
81376,3657,0,0,1,0,0
81393,3658,0,0,1,0,0
81394,3659,0,0,1,0,0
81397,3660,1,0,0,0,0
81544,3661,0,0,1,0,0
81644,3662,0,0,0,1,0
81719,3663,0,0,0,1,0
81799,3664,0,0,0,1,0
81821,3665,0,0,1,0,0
81878,3666,0,0,1,0,0
81920,3667,0,0,1,0,0
81997,3668,0,0,1,0,0
82084,3669,0,0,0,1,0
82090,3670,0,0,1,0,0
82191,3671,0,0,0,1,0
82274,3672,0,0,1,0,0
82348,3673,0,0,1,0,0
82506,3674,0,0,1,0,0
82616,3675,0,0,0,1,0
82708,3676,0,0,1,0,0
82757,3677,0,0,1,0,0
82766,3678,0,0,1,0,0
82864,3679,0,0,0,1,0
82887,3680,0,0,1,0,0
82901,3681,0,0,1,0,0
82903,3682,0,0,1,0,0
83011,3683,0,0,0,1,0
83168,3684,0,0,1,0,0
83171,3685,0,0,1,0,0
83210,3686,0,0,1,0,0
83296,3687,0,0,0,1,0
83388,3688,0,0,1,0,0
83471,3689,0,0,0,1,0
83553,3690,0,0,0,1,0
83626,3691,0,0,1,0,0
83718,3692,0,0,0,1,0
83745,3693,0,0,1,0,0
83842,3694,0,0,1,0,0
83847,3695,0,0,1,0,0
83852,3696,0,0,1,0,0
83942,3697,0,0,0,1,0
84006,3698,0,0,1,0,0
84124,3699,0,0,1,0,0
84155,3700,0,0,1,0,0
84218,3701,0,0,1,0,0
84278,3702,0,0,1,0,0
84343,3703,0,0,1,0,0
84459,3704,0,0,0,1,0
84552,3705,0,0,0,1,0
84575,3706,0,0,1,0,0
84602,3707,0,0,1,0,0
84709,3708,0,0,1,0,0
84728,3709,0,0,1,0,0
84798,3710,0,0,1,0,0
84864,3711,0,0,1,0,0
84870,3712,0,0,1,0,0
84884,3713,0,0,1,0,0
84896,3714,0,0,1,0,0
84997,3715,0,0,0,1,0
85016,3716,0,0,1,0,0
85090,3717,0,0,1,0,0
85169,3718,0,0,0,1,0
85288,3719,0,0,0,1,0
85379,3720,0,0,0,1,0
85424,3721,0,0,1,0,0
85429,3722,0,0,1,0,0
85517,3723,0,0,1,0,0
85518,3724,0,0,1,0,0
85519,3725,1,0,0,0,0
85592,3726,0,0,1,0,0
85614,3727,0,0,1,0,0
85650,3728,0,0,1,0,0
85751,3729,0,0,0,1,0
85824,3730,0,0,1,0,0
85891,3731,0,0,1,0,0
85966,3732,0,0,0,1,0
86062,3733,0,0,1,0,0
86073,3734,0,0,1,0,0
86113,3735,0,0,1,0,0
86218,3736,0,0,1,0,0
86242,3737,0,0,1,0,0
86312,3738,0,0,1,0,0
86389,3739,0,0,0,1,0
86448,3740,0,0,1,0,0
86530,3741,0,0,1,0,0
86648,3742,0,0,1,0,0
86742,3743,0,0,0,1,0
86844,3744,0,0,1,0,0
86997,3745,0,0,1,0,0
87077,3746,0,0,0,1,0
87098,3747,0,0,1,0,0
87102,3748,0,0,1,0,0
87127,3749,0,0,1,0,0
87190,3750,0,0,1,0,0
87237,3751,0,0,1,0,0
87331,3752,0,0,1,0,0
87415,3753,0,0,0,1,0
87563,3754,0,0,1,0,0
87595,3755,0,0,1,0,0
87705,3756,0,0,0,1,0
87742,3757,0,0,1,0,0
87857,3758,0,0,0,1,0
87901,3759,0,0,1,0,0
88014,3760,0,0,1,0,0
88038,3761,0,0,1,0,0
88059,3762,0,0,1,0,0
88229,3763,0,0,0,1,0
88290,3764,0,0,1,0,0
88376,3765,0,0,0,1,0
88444,3766,0,0,1,0,0
88466,3767,0,0,1,0,0
88468,3768,1,0,0,0,0
88568,3769,0,0,0,1,0
88673,3770,0,0,0,1,0
88734,3771,0,0,1,0,0
88737,3772,0,0,1,0,0
88877,3773,0,0,1,0,0
89019,3774,0,0,1,0,0
89046,3775,0,0,1,0,0
89050,3776,0,0,1,0,0
89142,3777,0,0,0,1,0
89238,3778,0,0,0,1,0
89322,3779,0,0,1,0,0
89328,3780,0,0,1,0,0
89506,3781,0,0,1,0,0
89521,3782,0,0,1,0,0
89721,3783,0,0,0,1,0
89846,3784,0,0,0,1,0
89953,3785,0,0,0,1,0
90058,3786,0,0,1,0,0
90131,3787,0,0,1,0,0
90245,3788,0,0,0,1,0
90268,3789,0,0,1,0,0
90304,3790,0,0,1,0,0
90444,3791,0,0,1,0,0
90500,3792,0,0,1,0,0
90517,3793,0,0,1,0,0
90715,3794,0,0,0,1,0
90743,3795,0,0,1,0,0
90837,3796,0,0,0,1,0
90911,3797,0,0,1,0,0
91037,3798,0,0,0,1,0
91145,3799,0,0,0,1,0
91195,3800,0,0,1,0,0
91326,3801,0,0,0,1,0
91387,3802,0,0,1,0,0
91508,3803,0,0,0,1,0
91551,3804,0,0,1,0,0
91646,3805,0,0,0,1,0
91773,3806,0,0,0,1,0
91866,3807,0,0,1,0,0
91867,3808,0,0,1,0,0
91989,3809,0,0,0,1,0
92002,3810,0,0,1,0,0
92007,3811,0,0,1,0,0
92248,3812,0,0,1,0,0
92285,3813,0,0,1,0,0
92410,3814,0,0,1,0,0
92742,3815,0,0,1,0,0
92868,3816,0,0,0,1,0
93254,3817,0,0,1,0,0
93326,3818,0,0,1,0,0
93399,3819,0,0,0,1,0
93549,3820,0,0,1,0,0
93637,3821,0,0,1,0,0
93741,3822,0,0,0,1,0
93847,3823,0,0,0,1,0
94032,3824,0,0,1,0,0
94134,3825,0,0,0,1,0
94228,3826,0,0,0,1,0
94332,3827,0,0,0,1,0
94351,3828,0,0,1,0,0
94455,3829,0,0,0,1,0
94659,3830,0,0,1,0,0
94806,3831,0,0,1,0,0
94922,3832,0,0,0,1,0
95044,3833,0,0,1,0,0
95101,3834,0,0,1,0,0
95194,3835,0,0,1,0,0
95289,3836,0,0,1,0,0
95443,3837,0,0,1,0,0
95557,3838,0,0,0,1,0
95666,3839,0,0,0,1,0
95776,3840,0,0,0,1,0
95792,3841,0,0,1,0,0
95902,3842,0,0,0,1,0
95993,3843,0,0,0,1,0
96120,3844,0,0,0,1,0
96420,3845,0,0,0,1,0
96529,3846,0,0,0,1,0
96622,3847,0,0,0,1,0
96721,3848,0,0,0,1,0
96857,3849,0,0,0,1,0
97009,3850,0,0,1,0,0
97231,3851,0,0,0,1,0
97344,3852,0,0,1,0,0
97400,3853,0,0,1,0,0
97489,3854,0,0,1,0,0
97592,3855,0,0,0,1,0
97715,3856,0,0,1,0,0
97915,3857,0,0,1,0,0
98014,3858,0,0,1,0,0
98106,3859,0,0,0,1,0
98111,3860,1,0,0,0,0
98224,3861,0,0,0,1,0
98324,3862,0,0,0,1,0
98425,3863,0,0,0,1,0
98688,3864,0,0,1,0,0
98716,3865,0,0,1,0,0
99008,3866,0,0,0,1,0
99096,3867,0,0,0,1,0
99187,3868,0,0,0,1,0
99293,3869,0,0,0,1,0
99436,3870,0,0,0,1,0
99556,3871,0,0,1,0,0
99655,3872,0,0,0,1,0
99887,3873,0,0,0,1,0
100011,3874,0,0,0,1,0
100127,3875,0,0,0,1,0
100256,3876,0,0,0,1,0
100321,3877,0,0,1,0,0
100733,3878,0,0,0,1,0
100890,3879,0,0,1,0,0
101012,3880,0,0,0,1,0
101134,3881,0,0,0,1,0
101187,3882,0,0,1,0,0
101262,3883,0,0,1,0,0
101380,3884,0,0,0,1,0
101500,3885,0,0,0,1,0
101598,3886,0,0,0,1,0
101797,3887,0,0,0,1,0
101904,3888,0,0,0,1,0
102026,3889,0,0,0,1,0
102149,3890,0,0,1,0,0
102275,3891,0,0,0,1,0
102409,3892,0,0,0,1,0
102498,3893,0,0,0,1,0
102790,3894,0,0,1,0,0
102889,3895,0,0,0,1,0
102996,3896,0,0,0,1,0
103108,3897,0,0,0,1,0
103232,3898,0,0,0,1,0
103245,3899,0,0,1,0,0
103363,3900,0,0,0,1,0
103473,3901,0,0,0,1,0
103552,3902,0,0,0,1,0
103663,3903,0,0,1,0,0
103781,3904,0,0,1,0,0
103797,3905,0,0,1,0,0
103897,3906,0,0,0,1,0
104027,3907,0,0,0,1,0
104101,3908,0,0,1,0,0
104140,3909,0,0,1,0,0
104164,3910,0,0,1,0,0
104256,3911,0,0,1,0,0
104379,3912,0,0,0,1,0
104610,3913,0,0,0,1,0
104623,3914,0,0,1,0,0
104733,3915,0,0,0,1,0
104850,3916,0,0,0,1,0
105136,3917,0,0,1,0,0
105319,3918,0,0,1,0,0
105340,3919,0,0,1,0,0
105598,3920,0,0,0,1,0
105895,3921,0,0,1,0,0
105987,3922,0,0,0,1,0
106117,3923,0,0,0,1,0
106217,3924,0,0,0,1,0
106314,3925,0,0,1,0,0
106410,3926,0,0,0,1,0
106504,3927,0,0,0,1,0
106603,3928,0,0,0,1,0
106845,3929,0,0,0,1,0
107022,3930,0,0,0,1,0
107029,3931,0,0,1,0,0
107149,3932,0,0,0,1,0
107346,3933,0,0,1,0,0
107471,3934,0,0,0,1,0
107686,3935,0,0,0,1,0
107795,3936,0,0,0,1,0
107886,3937,0,0,0,1,0
107890,3938,0,0,1,0,0
108027,3939,0,0,0,1,0
108135,3940,0,0,0,1,0
108238,3941,0,0,0,1,0
108339,3942,0,0,0,1,0
108432,3943,0,0,1,0,0
108531,3944,0,0,0,1,0
108629,3945,0,0,0,1,0
108797,3946,0,0,0,1,0
108913,3947,0,0,0,1,0
109009,3948,0,0,0,1,0
109380,3949,0,0,1,0,0
109470,3950,0,0,0,1,0
109559,3951,0,0,1,0,0
109689,3952,0,0,0,1,0
109798,3953,0,0,0,1,0
109907,3954,0,0,1,0,0
109959,3955,0,0,1,0,0
110088,3956,0,0,0,1,0
110113,3957,0,0,1,0,0
110182,3958,0,0,1,0,0
110288,3959,0,0,0,1,0
110422,3960,0,0,0,1,0
110428,3961,0,0,1,0,0
110433,3962,0,0,1,0,0
110437,3963,0,0,1,0,0
110559,3964,0,0,0,1,0
110665,3965,0,0,0,1,0
110744,3966,0,0,1,0,0
110851,3967,0,0,0,1,0
110992,3968,0,0,0,1,0
111078,3969,0,0,0,1,0
111213,3970,0,0,0,1,0
111331,3971,0,0,0,1,0
111432,3972,0,0,0,1,0
111520,3973,0,0,1,0,0
111646,3974,0,0,0,1,0
111673,3975,0,0,1,0,0
111735,3976,0,0,1,0,0
111856,3977,0,0,0,1,0
111967,3978,0,0,0,1,0
112054,3979,0,0,1,0,0
112174,3980,0,0,0,1,0
112266,3981,0,0,0,1,0
112402,3982,0,0,0,1,0
112515,3983,0,0,0,1,0
112623,3984,0,0,0,1,0
112724,3985,0,0,0,1,0
113023,3986,0,0,0,1,0
113073,3987,0,0,1,0,0
113432,3988,0,0,0,1,0
113932,3989,0,0,0,0,1
113941,3990,1,0,0,0,0
114034,3991,0,0,0,1,0
114082,3992,0,0,1,0,0
114116,3993,0,0,1,0,0
114235,3994,0,0,0,1,0
114574,3995,0,0,0,1,0
114676,3996,0,0,0,1,0
115034,3997,0,0,0,1,0
115084,3998,0,0,1,0,0
115226,3999,0,0,0,1,0
115336,4000,0,0,0,1,0
115438,4001,0,0,0,1,0
115614,4002,0,0,0,1,0
115718,4003,0,0,0,1,0
115856,4004,0,0,0,1,0
115948,4005,0,0,0,1,0
116050,4006,0,0,0,1,0
116550,4007,0,0,0,0,1
116580,4008,0,0,1,0,0
116645,4009,0,0,1,0,0
116836,4010,0,0,0,1,0
116958,4011,0,0,0,1,0
117074,4012,0,0,0,1,0
117180,4013,0,0,0,1,0
117277,4014,0,0,0,1,0
117382,4015,0,0,0,1,0
117482,4016,0,0,0,1,0
117594,4017,0,0,0,1,0
117697,4018,0,0,0,1,0
117792,4019,0,0,0,1,0
117902,4020,0,0,0,1,0
118001,4021,0,0,0,1,0
118095,4022,0,0,0,1,0
118228,4023,0,0,0,1,0
118351,4024,0,0,0,1,0
118450,4025,0,0,0,1,0
118544,4026,0,0,0,1,0
118559,4027,0,0,1,0,0
118682,4028,0,0,0,1,0
118816,4029,0,0,0,1,0
118823,4030,0,0,1,0,0
118937,4031,0,0,0,1,0
119056,4032,0,0,0,1,0
119446,4033,0,0,0,1,0
119546,4034,0,0,0,1,0
119632,4035,0,0,0,1,0
119735,4036,0,0,1,0,0
119862,4037,0,0,0,1,0
119921,4038,0,0,1,0,0
120035,4039,0,0,0,1,0
120114,4040,0,0,1,0,0
120240,4041,0,0,1,0,0
120364,4042,0,0,0,1,0
120500,4043,0,0,0,1,0
120799,4044,0,0,0,1,0
120894,4045,0,0,0,1,0
120993,4046,0,0,0,1,0
121043,4047,0,0,1,0,0
121168,4048,0,0,0,1,0
121285,4049,0,0,0,1,0
121493,4050,0,0,1,0,0
121595,4051,0,0,0,1,0
121709,4052,0,0,1,0,0
121785,4053,0,0,1,0,0
121959,4054,0,0,0,1,0
122057,4055,0,0,0,1,0
122210,4056,0,0,1,0,0
122432,4057,0,0,0,1,0
122536,4058,0,0,0,1,0
122700,4059,0,0,1,0,0
122805,4060,0,0,0,1,0
123015,4061,0,0,0,1,0
123018,4062,0,0,1,0,0
123205,4063,0,0,0,1,0
123323,4064,0,0,0,1,0
123412,4065,0,0,0,1,0
123501,4066,0,0,0,1,0
123624,4067,0,0,0,1,0
123712,4068,0,0,0,1,0
123801,4069,0,0,1,0,0
123908,4070,0,0,0,1,0
124103,4071,0,0,0,1,0
124199,4072,0,0,1,0,0
124464,4073,0,0,0,1,0
124577,4074,0,0,0,1,0
124664,4075,0,0,1,0,0
124685,4076,0,0,1,0,0
124783,4077,0,0,0,1,0
124882,4078,0,0,1,0,0
124947,4079,0,0,1,0,0
124989,4080,0,0,1,0,0
125003,4081,0,0,1,0,0
125239,4082,0,0,0,1,0
125331,4083,0,0,0,1,0
125348,4084,0,0,1,0,0
125352,4085,1,0,0,0,0
125355,4086,0,0,1,0,0
125416,4087,0,0,1,0,0
125515,4088,0,0,0,1,0
125643,4089,0,0,0,1,0
125750,4090,0,0,1,0,0
125857,4091,0,0,0,1,0
126192,4092,0,0,1,0,0
126376,4093,0,0,0,1,0
126469,4094,0,0,0,1,0
126527,4095,0,0,1,0,0
126820,4096,0,0,0,1,0
126898,4097,0,0,1,0,0
126992,4098,0,0,0,1,0
127170,4099,0,0,1,0,0
127266,4100,0,0,1,0,0
127317,4101,0,0,1,0,0
127637,4102,0,0,1,0,0
127812,4103,0,0,1,0,0
127903,4104,0,0,0,1,0
127958,4105,0,0,1,0,0
128046,4106,0,0,0,1,0
128110,4107,0,0,1,0,0
128203,4108,0,0,1,0,0
128329,4109,0,0,0,1,0
128350,4110,0,0,1,0,0
128459,4111,0,0,0,1,0
128463,4112,1,0,0,0,0
128681,4113,0,0,0,1,0
128873,4114,0,0,1,0,0
129023,4115,0,0,0,1,0
129181,4116,0,0,0,1,0
129488,4117,0,0,0,1,0
129576,4118,0,0,0,1,0
129585,4119,0,0,1,0,0
129690,4120,0,0,1,0,0
129794,4121,0,0,0,1,0
129896,4122,0,0,0,1,0
129993,4123,0,0,1,0,0
130102,4124,0,0,0,1,0
130215,4125,0,0,0,1,0
130225,4126,0,0,1,0,0
130334,4127,0,0,0,1,0
130482,4128,0,0,0,1,0
130544,4129,0,0,1,0,0
130738,4130,0,0,0,1,0
130873,4131,0,0,0,1,0
130885,4132,0,0,1,0,0
131002,4133,0,0,0,1,0
131109,4134,0,0,0,1,0
131303,4135,0,0,0,1,0
131412,4136,0,0,0,1,0
131469,4137,0,0,1,0,0
131630,4138,0,0,0,1,0
131826,4139,0,0,0,1,0
131988,4140,0,0,1,0,0
132036,4141,0,0,1,0,0
132047,4142,0,0,1,0,0
132410,4143,0,0,0,1,0
132622,4144,0,0,0,1,0
132724,4145,0,0,0,1,0
132817,4146,0,0,0,1,0
132919,4147,0,0,0,1,0
132992,4148,0,0,1,0,0
133088,4149,0,0,0,1,0
133206,4150,0,0,0,1,0
133334,4151,0,0,0,1,0
133448,4152,0,0,0,1,0
133533,4153,0,0,1,0,0
133680,4154,0,0,0,1,0
133788,4155,0,0,0,1,0
133908,4156,0,0,0,1,0
134120,4157,0,0,0,1,0
134226,4158,0,0,0,1,0
134351,4159,0,0,0,1,0
134469,4160,0,0,0,1,0
134546,4161,0,0,1,0,0
134677,4162,0,0,0,1,0
134795,4163,0,0,0,1,0
134911,4164,0,0,0,1,0
135135,4165,0,0,1,0,0
135273,4166,0,0,0,1,0
135338,4167,0,0,1,0,0
135400,4168,0,0,1,0,0
135549,4169,0,0,0,1,0
135667,4170,0,0,0,1,0
135735,4171,0,0,1,0,0
135852,4172,0,0,0,1,0
135956,4173,0,0,1,0,0
136063,4174,0,0,0,1,0
136119,4175,0,0,1,0,0
136246,4176,0,0,0,1,0
136455,4177,0,0,0,1,0
136603,4178,0,0,0,1,0
136701,4179,0,0,0,1,0
136720,4180,0,0,1,0,0
136822,4181,0,0,0,1,0
136852,4182,0,0,1,0,0
136976,4183,0,0,0,1,0
137276,4184,0,0,0,1,0
137368,4185,0,0,0,1,0
137462,4186,0,0,0,1,0
137957,4187,0,0,1,0,0
138081,4188,0,0,0,1,0
138120,4189,0,0,1,0,0
138294,4190,0,0,0,1,0
138530,4191,0,0,0,1,0
138755,4192,0,0,0,1,0
138886,4193,0,0,0,1,0
138907,4194,0,0,1,0,0
139021,4195,0,0,0,1,0
139235,4196,0,0,0,1,0
139352,4197,0,0,0,1,0
139374,4198,0,0,1,0,0
139673,4199,0,0,0,1,0
140171,4200,0,0,0,1,0
140413,4201,0,0,1,0,0
140558,4202,0,0,1,0,0
140707,4203,0,0,1,0,0
140903,4204,0,0,1,0,0
141146,4205,0,0,0,1,0
141458,4206,0,0,1,0,0
141751,4207,0,0,1,0,0
141827,4208,0,0,1,0,0
142058,4209,0,0,0,1,0
142151,4210,0,0,1,0,0
142336,4211,0,0,0,1,0
142359,4212,0,0,1,0,0
142773,4213,0,0,0,1,0
143180,4214,0,0,0,1,0
143680,4215,0,0,0,0,1
144180,4216,0,0,0,0,1
144281,4217,0,0,0,1,0
144337,4218,0,0,1,0,0
144427,4219,0,0,0,1,0
144493,4220,0,0,1,0,0
144605,4221,0,0,0,1,0
144744,4222,0,0,0,1,0
144838,4223,0,0,0,1,0
144937,4224,0,0,0,1,0
145063,4225,0,0,0,1,0
145069,4226,0,0,1,0,0
145163,4227,0,0,0,1,0
145240,4228,0,0,0,1,0
145281,4229,0,0,1,0,0
145389,4230,0,0,0,1,0
145500,4231,0,0,0,1,0
145579,4232,0,0,1,0,0
145597,4233,0,0,1,0,0
145649,4234,0,0,1,0,0
145740,4235,0,0,0,1,0
145858,4236,0,0,0,1,0
145951,4237,0,0,0,1,0
146070,4238,0,0,0,1,0
146211,4239,0,0,0,1,0
146340,4240,0,0,0,1,0
146404,4241,0,0,1,0,0
146545,4242,0,0,0,1,0
146645,4243,0,0,1,0,0
146778,4244,0,0,0,1,0
146823,4245,0,0,1,0,0
146923,4246,0,0,1,0,0
146993,4247,0,0,1,0,0
147043,4248,0,0,1,0,0
147128,4249,0,0,1,0,0
147233,4250,0,0,1,0,0
147427,4251,0,0,1,0,0
147566,4252,0,0,0,1,0
147651,4253,0,0,1,0,0
147769,4254,0,0,1,0,0
147916,4255,0,0,0,1,0
148053,4256,0,0,1,0,0
148140,4257,0,0,1,0,0
148611,4258,0,0,0,1,0
148616,4259,1,0,0,0,0
148620,4260,1,0,0,0,0
148737,4261,0,0,0,1,0
148864,4262,0,0,0,1,0
148974,4263,0,0,0,1,0
149098,4264,0,0,0,1,0
149199,4265,0,0,0,1,0
149345,4266,0,0,0,1,0
149459,4267,0,0,0,1,0
149534,4268,0,0,1,0,0
149644,4269,0,0,0,1,0
149763,4270,0,0,0,1,0
149855,4271,0,0,1,0,0
149964,4272,0,0,0,1,0
150045,4273,0,0,1,0,0
150163,4274,0,0,0,1,0
150287,4275,0,0,0,1,0
150404,4276,0,0,1,0,0
150458,4277,0,0,1,0,0
150558,4278,0,0,0,1,0
150652,4279,0,0,0,1,0
150781,4280,0,0,0,1,0
150906,4281,0,0,0,1,0
150999,4282,0,0,0,1,0
151015,4283,0,0,1,0,0
151123,4284,0,0,0,1,0
151194,4285,0,0,1,0,0
151301,4286,0,0,0,1,0
151532,4287,0,0,1,0,0
151653,4288,0,0,0,1,0
151779,4289,0,0,0,1,0
151906,4290,0,0,0,1,0
152010,4291,0,0,1,0,0
152372,4292,0,0,0,1,0
152501,4293,0,0,0,1,0
152514,4294,0,0,1,0,0
152752,4295,0,0,0,1,0
152924,4296,0,0,1,0,0
152977,4297,0,0,1,0,0
153095,4298,0,0,0,1,0
153173,4299,0,0,1,0,0
153283,4300,0,0,0,1,0
153402,4301,0,0,0,1,0
153611,4302,0,0,1,0,0
153748,4303,0,0,0,1,0
154129,4304,0,0,0,1,0
154256,4305,0,0,0,1,0
154390,4306,0,0,0,1,0
154433,4307,0,0,1,0,0
154621,4308,0,0,0,1,0
154750,4309,0,0,0,1,0
154871,4310,0,0,0,1,0
154958,4311,0,0,0,1,0
155047,4312,0,0,0,1,0
155076,4313,0,0,1,0,0
155206,4314,0,0,0,1,0
155326,4315,0,0,0,1,0
155443,4316,0,0,0,1,0
155556,4317,0,0,0,1,0
155675,4318,0,0,0,1,0
155794,4319,0,0,0,1,0
155893,4320,0,0,0,1,0
155922,4321,0,0,1,0,0
156017,4322,0,0,0,1,0
156193,4323,0,0,1,0,0
156314,4324,0,0,0,1,0
156452,4325,0,0,1,0,0
156673,4326,0,0,1,0,0
156724,4327,0,0,1,0,0
156926,4328,0,0,0,1,0
157247,4329,0,0,1,0,0
157468,4330,0,0,0,1,0
157560,4331,0,0,0,1,0
157688,4332,0,0,0,1,0
157817,4333,0,0,0,1,0
157920,4334,0,0,0,1,0
158057,4335,0,0,0,1,0
158058,4336,0,0,1,0,0
158193,4337,0,0,0,1,0
158327,4338,0,0,1,0,0
158440,4339,0,0,1,0,0
158660,4340,0,0,0,1,0
158750,4341,0,0,0,1,0
158897,4342,0,0,0,1,0
159039,4343,0,0,0,1,0
159089,4344,0,0,1,0,0
159256,4345,0,0,1,0,0
159415,4346,0,0,0,1,0
159602,4347,0,0,0,1,0
159768,4348,0,0,1,0,0
159791,4349,0,0,1,0,0
159891,4350,0,0,1,0,0
160004,4351,0,0,0,1,0
160110,4352,0,0,0,1,0
160119,4353,1,0,0,0,0
160224,4354,0,0,0,1,0
160309,4355,0,0,0,1,0
160460,4356,0,0,0,1,0
160518,4357,0,0,1,0,0
160618,4358,0,0,0,1,0
160870,4359,0,0,0,1,0
160973,4360,0,0,0,1,0
161055,4361,0,0,1,0,0
161150,4362,0,0,0,1,0
161286,4363,0,0,0,1,0
161394,4364,0,0,0,1,0
161815,4365,0,0,0,1,0
162077,4366,0,0,1,0,0
162078,4367,1,0,0,0,0
162412,4368,0,0,0,1,0
162615,4369,0,0,0,1,0
162668,4370,0,0,1,0,0
162766,4371,0,0,1,0,0
162780,4372,0,0,1,0,0
162924,4373,0,0,1,0,0
163084,4374,0,0,1,0,0
163093,4375,0,0,1,0,0
163338,4376,0,0,0,1,0
163607,4377,0,0,0,1,0
163782,4378,0,0,0,1,0
164083,4379,0,0,1,0,0
164402,4380,0,0,0,1,0
164575,4381,0,0,1,0,0
164586,4382,0,0,1,0,0
164653,4383,0,0,1,0,0
164942,4384,0,0,1,0,0
164980,4385,0,0,1,0,0
165260,4386,0,0,1,0,0
165399,4387,0,0,0,1,0
165522,4388,0,0,0,1,0
165555,4389,0,0,1,0,0
165780,4390,0,0,0,1,0
165876,4391,0,0,1,0,0
166150,4392,0,0,1,0,0
166311,4393,0,0,0,1,0
166502,4394,0,0,0,1,0
166529,4395,1,0,0,0,0
166542,4396,0,0,1,0,0
166652,4397,0,0,0,1,0
166778,4398,0,0,0,1,0
166891,4399,0,0,0,1,0
166989,4400,0,0,0,1,0
167082,4401,0,0,0,1,0
167261,4402,0,0,0,1,0
167379,4403,0,0,0,1,0
167424,4404,0,0,1,0,0
167530,4405,0,0,0,1,0
167626,4406,0,0,0,1,0
167638,4407,0,0,1,0,0
167667,4408,0,0,1,0,0
167702,4409,0,0,1,0,0
167775,4410,0,0,1,0,0
167843,4411,0,0,1,0,0
167945,4412,0,0,0,1,0
168063,4413,0,0,1,0,0
168179,4414,0,0,0,1,0
168322,4415,0,0,0,1,0
168438,4416,0,0,0,1,0
168544,4417,0,0,0,1,0
168675,4418,0,0,0,1,0
168694,4419,0,0,1,0,0
168843,4420,0,0,0,1,0
168953,4421,0,0,0,1,0
169043,4422,0,0,0,1,0
169151,4423,0,0,0,1,0
169170,4424,0,0,1,0,0
169297,4425,0,0,0,1,0
169323,4426,0,0,1,0,0
169432,4427,0,0,0,1,0
169535,4428,0,0,0,1,0
169621,4429,0,0,0,1,0
169749,4430,0,0,0,1,0
169836,4431,0,0,0,1,0
169945,4432,0,0,0,1,0
170056,4433,0,0,0,1,0
170158,4434,0,0,0,1,0
170267,4435,0,0,0,1,0
170302,4436,0,0,1,0,0
170407,4437,0,0,1,0,0
170507,4438,0,0,0,1,0
170622,4439,0,0,0,1,0
170738,4440,0,0,1,0,0
170861,4441,0,0,0,1,0
170954,4442,0,0,1,0,0
170981,4443,0,0,1,0,0
171099,4444,0,0,0,1,0
171235,4445,0,0,0,1,0
171336,4446,0,0,0,1,0
171454,4447,0,0,1,0,0
171645,4448,0,0,1,0,0
171963,4449,0,0,1,0,0
172066,4450,0,0,0,1,0
172179,4451,0,0,0,1,0
172199,4452,0,0,1,0,0
172427,4453,0,0,0,1,0
172685,4454,0,0,0,1,0
172782,4455,0,0,0,1,0
172885,4456,0,0,0,1,0
173002,4457,0,0,0,1,0
173106,4458,0,0,0,1,0
173194,4459,0,0,1,0,0
173352,4460,0,0,1,0,0
173400,4461,0,0,1,0,0
173625,4462,0,0,0,1,0
173870,4463,0,0,0,1,0
173998,4464,0,0,0,1,0
174170,4465,0,0,0,1,0
174385,4466,0,0,0,1,0
174463,4467,0,0,1,0,0
174467,4468,1,0,0,0,0
174544,4469,0,0,1,0,0
174665,4470,0,0,0,1,0
174792,4471,0,0,0,1,0
174932,4472,0,0,1,0,0
175309,4473,0,0,1,0,0
175419,4474,0,0,0,1,0
175583,4475,0,0,1,0,0
175877,4476,0,0,0,1,0
175981,4477,0,0,0,1,0
176197,4478,0,0,0,1,0
176299,4479,0,0,0,1,0
176430,4480,0,0,0,1,0
176495,4481,0,0,1,0,0
176670,4482,0,0,0,1,0
176884,4483,0,0,0,1,0
177001,4484,0,0,0,1,0
177501,4485,0,0,0,0,1
177618,4486,0,0,1,0,0
177648,4487,0,0,1,0,0
177720,4488,0,0,1,0,0
177756,4489,0,0,1,0,0
177833,4490,0,0,1,0,0
178065,4491,0,0,0,1,0
178163,4492,0,0,0,1,0
178265,4493,0,0,1,0,0
178326,4494,0,0,1,0,0
178401,4495,0,0,1,0,0
178546,4496,0,0,0,1,0
178614,4497,0,0,1,0,0
178896,4498,0,0,1,0,0
179209,4499,0,0,1,0,0
179313,4500,0,0,1,0,0
179427,4501,0,0,0,1,0
179536,4502,0,0,0,1,0
179801,4503,0,0,1,0,0
180002,4504,0,0,1,0,0
180294,4505,0,0,0,1,0
180313,4506,0,0,1,0,0
180338,4507,0,0,1,0,0
180631,4508,0,0,0,1,0
180842,4509,0,0,0,1,0
180939,4510,0,0,1,0,0
181173,4511,0,0,0,1,0
181377,4512,0,0,0,1,0
181557,4513,0,0,0,1,0
181561,4514,0,0,1,0,0
181680,4515,0,0,0,1,0
181794,4516,0,0,1,0,0
181954,4517,0,0,1,0,0
182030,4518,0,0,1,0,0
182087,4519,0,0,1,0,0
182214,4520,0,0,0,1,0
182333,4521,0,0,0,1,0
182440,4522,0,0,0,1,0
182499,4523,0,0,1,0,0
182500,4524,0,0,1,0,0
182614,4525,0,0,0,1,0
182739,4526,0,0,0,1,0
182844,4527,0,0,1,0,0
182864,4528,0,0,1,0,0
183009,4529,0,0,0,1,0
183221,4530,0,0,0,1,0
183387,4531,0,0,1,0,0
183425,4532,0,0,1,0,0
183446,4533,0,0,1,0,0
183660,4534,0,0,0,1,0
183883,4535,0,0,1,0,0
183912,4536,0,0,1,0,0
184092,4537,0,0,0,1,0
184325,4538,0,0,0,1,0
184485,4539,0,0,0,1,0
184674,4540,0,0,1,0,0
184910,4541,0,0,0,1,0
185141,4542,0,0,1,0,0
185258,4543,0,0,0,1,0
185367,4544,0,0,0,1,0
185512,4545,0,0,0,1,0
185573,4546,0,0,1,0,0
185832,4547,0,0,0,1,0
185940,4548,0,0,0,1,0
186028,4549,0,0,1,0,0
186118,4550,0,0,0,1,0
186283,4551,0,0,1,0,0
186375,4552,0,0,0,1,0
186421,4553,0,0,1,0,0
186530,4554,0,0,0,1,0
186678,4555,0,0,0,1,0
186879,4556,0,0,0,1,0
187094,4557,0,0,0,1,0
187313,4558,0,0,0,1,0
187536,4559,0,0,0,1,0
187721,4560,0,0,0,1,0
187832,4561,0,0,0,1,0
188046,4562,0,0,1,0,0
188340,4563,0,0,1,0,0
188424,4564,0,0,1,0,0
188772,4565,0,0,1,0,0
188840,4566,0,0,1,0,0
188902,4567,0,0,1,0,0
189019,4568,0,0,0,1,0
189128,4569,0,0,1,0,0
189335,4570,0,0,0,1,0
189592,4571,0,0,0,1,0
189703,4572,0,0,0,1,0
189899,4573,0,0,0,1,0
190020,4574,0,0,0,1,0
190035,4575,0,0,1,0,0
190239,4576,0,0,1,0,0
190357,4577,0,0,0,1,0
190586,4578,0,0,0,1,0
190682,4579,0,0,0,1,0
190899,4580,0,0,0,1,0
191186,4581,0,0,0,1,0
191298,4582,0,0,0,1,0
191397,4583,0,0,0,1,0
191509,4584,0,0,0,1,0
191610,4585,0,0,0,1,0
191714,4586,0,0,1,0,0
191828,4587,0,0,0,1,0
191867,4588,0,0,1,0,0
191982,4589,0,0,0,1,0
192085,4590,0,0,0,1,0
192088,4591,0,0,1,0,0
192178,4592,0,0,1,0,0
192286,4593,0,0,0,1,0
192430,4594,0,0,0,1,0
192556,4595,0,0,0,1,0
192695,4596,0,0,0,1,0
192805,4597,0,0,0,1,0
192919,4598,0,0,0,1,0
193028,4599,0,0,0,1,0
193070,4600,0,0,1,0,0
193190,4601,0,0,0,1,0
193304,4602,0,0,0,1,0
193388,4603,0,0,0,1,0
193523,4604,0,0,0,1,0
193652,4605,0,0,0,1,0
193744,4606,0,0,1,0,0
193897,4607,0,0,0,1,0
194017,4608,0,0,0,1,0
194119,4609,0,0,0,1,0
194213,4610,0,0,0,1,0
194223,4611,0,0,1,0,0
194330,4612,0,0,0,1,0
194371,4613,0,0,1,0,0
194498,4614,0,0,0,1,0
194534,4615,0,0,1,0,0
194622,4616,0,0,0,1,0
194730,4617,0,0,0,1,0
194841,4618,0,0,0,1,0
194856,4619,0,0,1,0,0
194969,4620,0,0,0,1,0
195079,4621,0,0,0,1,0
195162,4622,0,0,1,0,0
195286,4623,0,0,0,1,0
195408,4624,0,0,0,1,0
195412,4625,1,0,0,0,0
195535,4626,0,0,0,1,0
195621,4627,0,0,1,0,0
195712,4628,0,0,1,0,0
195825,4629,0,0,0,1,0
195850,4630,0,0,1,0,0
195974,4631,0,0,0,1,0
196106,4632,0,0,0,1,0
196131,4633,0,0,1,0,0
196227,4634,0,0,0,1,0
196358,4635,0,0,0,1,0
196448,4636,0,0,0,1,0
196553,4637,0,0,0,1,0
196639,4638,0,0,1,0,0
196772,4639,0,0,0,1,0
196892,4640,0,0,0,1,0
196997,4641,0,0,0,1,0
197086,4642,0,0,0,1,0
197190,4643,0,0,1,0,0
197296,4644,0,0,1,0,0
197303,4645,0,0,1,0,0
197351,4646,0,0,1,0,0
197352,4647,0,0,1,0,0
197474,4648,0,0,0,1,0
197572,4649,0,0,0,1,0
197689,4650,0,0,0,1,0
197819,4651,0,0,0,1,0
197916,4652,0,0,1,0,0
198001,4653,0,0,1,0,0
198160,4654,0,0,0,1,0
198254,4655,0,0,0,1,0
198267,4656,1,0,0,0,0
198408,4657,0,0,0,1,0
198557,4658,0,0,0,1,0
198611,4659,0,0,1,0,0
198723,4660,0,0,0,1,0
198763,4661,0,0,1,0,0
198984,4662,0,0,1,0,0
198994,4663,0,0,1,0,0
199278,4664,0,0,0,1,0
199419,4665,0,0,0,1,0
199512,4666,0,0,0,1,0
199637,4667,0,0,0,1,0
199657,4668,0,0,1,0,0
199782,4669,0,0,0,1,0
199924,4670,0,0,1,0,0
199974,4671,0,0,1,0,0
200023,4672,0,0,1,0,0
200228,4673,0,0,0,1,0
200458,4674,0,0,0,1,0
200733,4675,0,0,1,0,0
200852,4676,0,0,0,1,0
200857,4677,1,0,0,0,0
200976,4678,0,0,0,1,0
201079,4679,0,0,0,1,0
201102,4680,0,0,1,0,0
201467,4681,0,0,0,1,0
201587,4682,0,0,0,1,0
201720,4683,0,0,0,1,0
201823,4684,0,0,0,1,0
201946,4685,0,0,0,1,0
202121,4686,0,0,0,1,0
202237,4687,0,0,1,0,0
202374,4688,0,0,0,1,0
202493,4689,0,0,1,0,0
202512,4690,0,0,1,0,0
202735,4691,0,0,1,0,0
202829,4692,0,0,1,0,0
202949,4693,0,0,0,1,0
203063,4694,0,0,1,0,0
203113,4695,0,0,1,0,0
203212,4696,0,0,1,0,0
203319,4697,0,0,0,1,0
203513,4698,0,0,1,0,0
203556,4699,0,0,1,0,0
203666,4700,0,0,0,1,0
203775,4701,0,0,0,1,0
203847,4702,0,0,1,0,0
203903,4703,0,0,1,0,0
203988,4704,0,0,0,1,0
204082,4705,0,0,1,0,0
204164,4706,0,0,1,0,0
204264,4707,0,0,0,1,0
204377,4708,0,0,0,1,0
204546,4709,0,0,0,1,0
204652,4710,0,0,0,1,0
204686,4711,0,0,1,0,0
204808,4712,0,0,0,1,0
204991,4713,0,0,0,1,0
205127,4714,0,0,0,1,0
205243,4715,0,0,0,1,0
205352,4716,0,0,0,1,0
205451,4717,0,0,0,1,0
205563,4718,0,0,0,1,0
205666,4719,0,0,0,1,0
205765,4720,0,0,0,1,0
205876,4721,0,0,0,1,0
206268,4722,0,0,0,1,0
206415,4723,0,0,0,1,0
206540,4724,0,0,0,1,0
206648,4725,0,0,0,1,0
206674,4726,0,0,1,0,0
206689,4727,0,0,1,0,0
206710,4728,0,0,1,0,0
206862,4729,0,0,0,1,0
206952,4730,0,0,1,0,0
207054,4731,0,0,1,0,0
207190,4732,0,0,0,1,0
207317,4733,0,0,0,1,0
207382,4734,0,0,1,0,0
207447,4735,0,0,1,0,0
207541,4736,0,0,0,1,0
207664,4737,0,0,0,1,0
207793,4738,0,0,0,1,0
207935,4739,0,0,0,1,0
208027,4740,0,0,1,0,0
208165,4741,0,0,0,1,0
208184,4742,0,0,1,0,0
208271,4743,0,0,0,1,0
208401,4744,0,0,1,0,0
208498,4745,0,0,1,0,0
208511,4746,0,0,1,0,0
208549,4747,0,0,1,0,0
208585,4748,0,0,1,0,0
208694,4749,0,0,0,1,0
208975,4750,0,0,1,0,0
209003,4751,0,0,1,0,0
209225,4752,0,0,0,1,0
209365,4753,0,0,0,1,0
209604,4754,0,0,1,0,0
209736,4755,0,0,0,1,0
210112,4756,0,0,0,1,0
210236,4757,0,0,0,1,0
210285,4758,0,0,1,0,0
210609,4759,0,0,0,1,0
210732,4760,0,0,1,0,0
210746,4761,0,0,1,0,0
210854,4762,0,0,1,0,0
210965,4763,0,0,1,0,0
211084,4764,0,0,0,1,0
211153,4765,0,0,1,0,0
211291,4766,0,0,0,1,0
211307,4767,0,0,1,0,0
211435,4768,0,0,0,1,0
211557,4769,0,0,0,1,0
211694,4770,0,0,1,0,0
211807,4771,0,0,0,1,0
211911,4772,0,0,0,1,0
211935,4773,0,0,1,0,0
212053,4774,0,0,0,1,0
212129,4775,0,0,1,0,0
212337,4776,0,0,0,1,0
212488,4777,0,0,0,1,0
212547,4778,0,0,1,0,0
212549,4779,0,0,1,0,0
212672,4780,0,0,0,1,0
212800,4781,0,0,0,1,0
212913,4782,0,0,0,1,0
213012,4783,0,0,0,1,0
213060,4784,0,0,1,0,0
213195,4785,0,0,0,1,0
213296,4786,0,0,0,1,0
213405,4787,0,0,0,1,0
213507,4788,0,0,0,1,0
213535,4789,0,0,1,0,0
213672,4790,0,0,0,1,0
213784,4791,0,0,1,0,0
213915,4792,0,0,0,1,0
214055,4793,0,0,0,1,0
214090,4794,0,0,1,0,0
214181,4795,0,0,0,1,0
214257,4796,0,0,1,0,0
214355,4797,0,0,1,0,0
214481,4798,0,0,0,1,0
214616,4799,0,0,0,1,0
214679,4800,0,0,1,0,0
214806,4801,0,0,0,1,0
214824,4802,0,0,1,0,0
214931,4803,0,0,0,1,0
215033,4804,0,0,0,1,0
215130,4805,0,0,0,1,0
215142,4806,0,0,1,0,0
215229,4807,0,0,1,0,0
215281,4808,0,0,1,0,0
215411,4809,0,0,0,1,0
215513,4810,0,0,0,1,0
215642,4811,0,0,0,1,0
215733,4812,0,0,0,1,0
215838,4813,0,0,0,1,0
215960,4814,0,0,0,1,0
215994,4815,0,0,1,0,0
216024,4816,0,0,1,0,0
216134,4817,0,0,0,1,0
216143,4818,0,0,1,0,0
216176,4819,0,0,1,0,0
216218,4820,0,0,1,0,0
216248,4821,0,0,1,0,0
216388,4822,0,0,0,1,0
216491,4823,0,0,0,1,0
216574,4824,0,0,1,0,0
216690,4825,0,0,0,1,0
216839,4826,0,0,0,1,0
216842,4827,0,0,1,0,0
216936,4828,0,0,0,1,0
217052,4829,0,0,0,1,0
217160,4830,0,0,0,1,0
217254,4831,0,0,0,1,0
217402,4832,0,0,0,1,0
217418,4833,0,0,1,0,0
217476,4834,0,0,1,0,0
217536,4835,0,0,1,0,0
217678,4836,0,0,0,1,0
217805,4837,0,0,0,1,0
217846,4838,0,0,1,0,0
217854,4839,0,0,1,0,0
217953,4840,0,0,0,1,0
217957,4841,0,0,1,0,0
217997,4842,0,0,1,0,0
218109,4843,0,0,0,1,0
218133,4844,0,0,1,0,0
218242,4845,0,0,0,1,0
218358,4846,0,0,0,1,0
218371,4847,0,0,1,0,0
218403,4848,0,0,1,0,0
218408,4849,1,0,0,0,0
218540,4850,0,0,0,1,0
218632,4851,0,0,0,1,0
218734,4852,0,0,0,1,0
218859,4853,0,0,0,1,0
218929,4854,0,0,1,0,0
219013,4855,0,0,1,0,0
219096,4856,0,0,0,1,0
219208,4857,0,0,0,1,0
219320,4858,0,0,0,1,0
219414,4859,0,0,1,0,0
219512,4860,0,0,0,1,0
219605,4861,0,0,1,0,0
219733,4862,0,0,0,1,0
219840,4863,0,0,0,1,0
219937,4864,0,0,0,1,0
220021,4865,0,0,1,0,0
220124,4866,0,0,0,1,0
220195,4867,0,0,1,0,0
220198,4868,0,0,1,0,0
220222,4869,0,0,1,0,0
220312,4870,0,0,0,1,0
220429,4871,0,0,0,1,0
220529,4872,0,0,0,1,0
220619,4873,0,0,1,0,0
220699,4874,0,0,1,0,0
220826,4875,0,0,0,1,0
220926,4876,0,0,0,1,0
221045,4877,0,0,0,1,0
221157,4878,0,0,0,1,0
221202,4879,0,0,1,0,0
221313,4880,0,0,0,1,0
221342,4881,0,0,1,0,0
221474,4882,0,0,0,1,0
221537,4883,0,0,1,0,0
221632,4884,0,0,0,1,0
221768,4885,0,0,0,1,0
221894,4886,0,0,0,1,0
222026,4887,0,0,0,1,0
222141,4888,0,0,0,1,0
222238,4889,0,0,0,1,0
222362,4890,0,0,0,1,0
222458,4891,0,0,0,1,0
222546,4892,0,0,1,0,0
222642,4893,0,0,0,1,0
222698,4894,0,0,1,0,0
222836,4895,0,0,0,1,0
222941,4896,0,0,0,1,0
223087,4897,0,0,1,0,0
223178,4898,0,0,1,0,0
223304,4899,0,0,0,1,0
223306,4900,0,0,1,0,0
223360,4901,0,0,1,0,0
223473,4902,0,0,0,1,0
223561,4903,0,0,0,1,0
223662,4904,0,0,0,1,0
223698,4905,0,0,1,0,0
223856,4906,0,0,0,1,0
223965,4907,0,0,0,1,0
224078,4908,0,0,1,0,0
224210,4909,0,0,0,1,0
224256,4910,0,0,1,0,0
224378,4911,0,0,0,1,0
224498,4912,0,0,0,1,0
224611,4913,0,0,1,0,0
224723,4914,0,0,0,1,0
224850,4915,0,0,0,1,0
224969,4916,0,0,0,1,0
225063,4917,0,0,0,1,0
225192,4918,0,0,0,1,0
225310,4919,0,0,0,1,0
225399,4920,0,0,0,1,0
225444,4921,0,0,1,0,0
225566,4922,0,0,0,1,0
225655,4923,0,0,0,1,0
225744,4924,0,0,1,0,0
225771,4925,0,0,1,0,0
225902,4926,0,0,0,1,0
225994,4927,0,0,0,1,0
226131,4928,0,0,0,1,0
226252,4929,0,0,0,1,0
226356,4930,0,0,1,0,0
226453,4931,0,0,0,1,0
226471,4932,0,0,1,0,0
226584,4933,0,0,0,1,0
226688,4934,0,0,0,1,0
226786,4935,0,0,0,1,0
226914,4936,0,0,0,1,0
226916,4937,0,0,1,0,0
227014,4938,0,0,0,1,0
227106,4939,0,0,0,1,0
227240,4940,0,0,0,1,0
227345,4941,0,0,0,1,0
227433,4942,0,0,0,1,0
227528,4943,0,0,1,0,0
227616,4944,0,0,0,1,0
227711,4945,0,0,0,1,0
227807,4946,0,0,0,1,0
227841,4947,0,0,1,0,0
227861,4948,0,0,1,0,0
227879,4949,0,0,1,0,0
227987,4950,0,0,0,1,0
228079,4951,0,0,0,1,0
228196,4952,0,0,0,1,0
228294,4953,0,0,0,1,0
228320,4954,0,0,1,0,0
228453,4955,0,0,0,1,0
228587,4956,0,0,0,1,0
228689,4957,0,0,0,1,0
228812,4958,0,0,1,0,0
228929,4959,0,0,0,1,0
229029,4960,0,0,0,1,0
229090,4961,0,0,1,0,0
229254,4962,0,0,0,1,0
229317,4963,0,0,1,0,0
229390,4964,0,0,1,0,0
229423,4965,0,0,1,0,0
229524,4966,0,0,0,1,0
229645,4967,0,0,0,1,0
229731,4968,0,0,1,0,0
229923,4969,0,0,0,1,0
229925,4970,1,0,0,0,0
230025,4971,0,0,1,0,0
230145,4972,0,0,0,1,0
230150,4973,0,0,1,0,0
230247,4974,0,0,1,0,0
230250,4975,0,0,1,0,0
230254,4976,0,0,1,0,0
230280,4977,0,0,1,0,0
230369,4978,0,0,0,1,0
230484,4979,0,0,0,1,0
230492,4980,0,0,1,0,0
230540,4981,0,0,1,0,0
230541,4982,0,0,1,0,0
230642,4983,0,0,0,1,0
230807,4984,0,0,0,1,0
230818,4985,0,0,1,0,0
230949,4986,0,0,0,1,0
230953,4987,0,0,1,0,0
231064,4988,0,0,0,1,0
231151,4989,0,0,1,0,0
231255,4990,0,0,0,1,0
231291,4991,0,0,1,0,0
231401,4992,0,0,0,1,0
231502,4993,0,0,1,0,0
231549,4994,0,0,1,0,0
231662,4995,0,0,0,1,0
231764,4996,0,0,0,1,0
231873,4997,0,0,0,1,0
231934,4998,0,0,1,0,0
231989,4999,0,0,1,0,0
232072,5000,0,0,1,0,0
232182,5001,0,0,0,1,0
232272,5002,0,0,0,1,0
232417,5003,0,0,0,1,0
232431,5004,0,0,1,0,0
232541,5005,0,0,0,1,0
232649,5006,0,0,1,0,0
232874,5007,0,0,0,1,0
232957,5008,0,0,1,0,0
233172,5009,0,0,0,1,0
233340,5010,0,0,1,0,0
233558,5011,0,0,0,1,0
233660,5012,0,0,1,0,0
233853,5013,0,0,1,0,0
234185,5014,0,0,1,0,0
234278,5015,0,0,0,1,0
234388,5016,0,0,0,1,0
234496,5017,0,0,1,0,0
234580,5018,0,0,0,1,0
234630,5019,0,0,1,0,0
234748,5020,0,0,0,1,0
234957,5021,0,0,0,1,0
235244,5022,0,0,1,0,0
235436,5023,0,0,1,0,0
235703,5024,0,0,1,0,0
235926,5025,0,0,1,0,0
236242,5026,0,0,1,0,0
236537,5027,0,0,0,1,0
236606,5028,0,0,1,0,0
236927,5029,0,0,0,1,0
237269,5030,0,0,1,0,0
237355,5031,0,0,0,1,0
237542,5032,0,0,1,0,0
237828,5033,0,0,1,0,0
237898,5034,0,0,1,0,0
238013,5035,0,0,0,1,0
238090,5036,0,0,1,0,0
238530,5037,0,0,0,1,0
238645,5038,0,0,0,1,0
238790,5039,0,0,0,1,0
238918,5040,0,0,0,1,0
238924,5041,0,0,1,0,0
239112,5042,0,0,0,1,0
239285,5043,0,0,1,0,0
239513,5044,0,0,0,1,0
239629,5045,0,0,1,0,0
239766,5046,0,0,0,1,0
239873,5047,0,0,0,1,0
239989,5048,0,0,0,1,0
240088,5049,0,0,0,1,0
240100,5050,0,0,1,0,0
240199,5051,0,0,1,0,0
240329,5052,0,0,0,1,0
240395,5053,0,0,1,0,0
240488,5054,0,0,1,0,0
240590,5055,0,0,0,1,0
240704,5056,0,0,0,1,0
240793,5057,0,0,0,1,0
240900,5058,0,0,0,1,0
240927,5059,0,0,1,0,0
241043,5060,0,0,0,1,0
241141,5061,0,0,0,1,0
241194,5062,0,0,1,0,0
241277,5063,0,0,1,0,0
241309,5064,0,0,1,0,0
241410,5065,0,0,0,1,0
241458,5066,0,0,1,0,0
241572,5067,0,0,0,1,0
241694,5068,0,0,0,1,0
241868,5069,0,0,1,0,0
241993,5070,0,0,0,1,0
242040,5071,0,0,1,0,0
242107,5072,0,0,1,0,0
242208,5073,0,0,0,1,0
242322,5074,0,0,0,1,0
242426,5075,0,0,0,1,0
242522,5076,0,0,1,0,0
242640,5077,0,0,0,1,0
242756,5078,0,0,0,1,0
242900,5079,0,0,0,1,0
243003,5080,0,0,0,1,0
243119,5081,0,0,0,1,0
243251,5082,0,0,0,1,0
243331,5083,0,0,1,0,0
243422,5084,0,0,1,0,0
243692,5085,0,0,0,1,0
243704,5086,0,0,1,0,0
243828,5087,0,0,0,1,0
243837,5088,0,0,1,0,0
243844,5089,0,0,1,0,0
244133,5090,0,0,0,1,0
244241,5091,0,0,0,1,0
244336,5092,0,0,0,1,0
244476,5093,0,0,0,1,0
244607,5094,0,0,0,1,0
244754,5095,0,0,0,1,0
244909,5096,0,0,0,1,0
244970,5097,0,0,1,0,0
245077,5098,0,0,1,0,0
245097,5099,0,0,1,0,0
245215,5100,0,0,0,1,0
245325,5101,0,0,0,1,0
245444,5102,0,0,0,1,0
245528,5103,0,0,1,0,0
245854,5104,0,0,1,0,0
245955,5105,0,0,0,1,0
246038,5106,0,0,0,1,0
246150,5107,0,0,0,1,0
246258,5108,0,0,0,1,0
246359,5109,0,0,0,1,0
246434,5110,0,0,1,0,0
246551,5111,0,0,0,1,0
246680,5112,0,0,0,1,0
246778,5113,0,0,0,1,0
246877,5114,0,0,0,1,0
247011,5115,0,0,0,1,0
247154,5116,0,0,0,1,0
247281,5117,0,0,0,1,0
247395,5118,0,0,0,1,0
247507,5119,0,0,0,1,0
247638,5120,0,0,0,1,0
247759,5121,0,0,0,1,0
247785,5122,0,0,1,0,0
247895,5123,0,0,0,1,0
248018,5124,0,0,0,1,0
248104,5125,0,0,0,1,0
248341,5126,0,0,0,1,0
248449,5127,0,0,0,1,0
248550,5128,0,0,0,1,0
248686,5129,0,0,0,1,0
248817,5130,0,0,0,1,0
248915,5131,0,0,1,0,0
248940,5132,0,0,1,0,0
249018,5133,0,0,1,0,0
249145,5134,0,0,0,1,0
249252,5135,0,0,0,1,0
249536,5136,0,0,0,1,0
249806,5137,0,0,0,1,0
249932,5138,0,0,1,0,0
250035,5139,0,0,1,0,0
250126,5140,0,0,0,1,0
250294,5141,0,0,0,1,0
250423,5142,0,0,0,1,0
250511,5143,0,0,1,0,0
250603,5144,0,0,0,1,0
250738,5145,0,0,0,1,0
250899,5146,0,0,0,1,0
250931,5147,0,0,1,0,0
251101,5148,0,0,0,1,0
251188,5149,0,0,1,0,0
251421,5150,0,0,0,1,0
251582,5151,0,0,0,1,0
251648,5152,0,0,1,0,0
251772,5153,0,0,0,1,0
251790,5154,0,0,1,0,0
251891,5155,0,0,0,1,0
251994,5156,0,0,0,1,0
252040,5157,0,0,1,0,0
252156,5158,0,0,0,1,0
252206,5159,0,0,1,0,0
252317,5160,0,0,1,0,0
252358,5161,0,0,1,0,0
252522,5162,0,0,1,0,0
252788,5163,0,0,1,0,0
252971,5164,0,0,1,0,0
253198,5165,0,0,1,0,0
253517,5166,0,0,0,1,0
253589,5167,0,0,1,0,0
253759,5168,0,0,1,0,0
253965,5169,0,0,0,1,0
253969,5170,0,0,1,0,0
254032,5171,0,0,1,0,0
254181,5172,0,0,1,0,0
254341,5173,0,0,0,1,0
254349,5174,0,0,1,0,0
254396,5175,0,0,1,0,0
254493,5176,0,0,0,1,0
254585,5177,0,0,0,1,0
254726,5178,0,0,0,1,0
254880,5179,0,0,0,1,0
255072,5180,0,0,1,0,0
255244,5181,0,0,0,1,0
255577,5182,0,0,0,1,0
255695,5183,0,0,0,1,0
255808,5184,0,0,0,1,0
255924,5185,0,0,0,1,0
256023,5186,0,0,0,1,0
256123,5187,0,0,0,1,0
256231,5188,0,0,1,0,0
256405,5189,0,0,0,1,0
256444,5190,0,0,1,0,0
256565,5191,0,0,0,1,0
256708,5192,0,0,1,0,0
256837,5193,0,0,1,0,0
256972,5194,0,0,0,1,0
257134,5195,0,0,0,1,0
257182,5196,0,0,1,0,0
257271,5197,0,0,0,1,0
257374,5198,0,0,1,0,0
257482,5199,0,0,0,1,0
257626,5200,0,0,0,1,0
257976,5201,0,0,0,1,0
258077,5202,0,0,0,1,0
258219,5203,0,0,0,1,0
258465,5204,0,0,0,1,0
258664,5205,0,0,1,0,0
259030,5206,0,0,0,1,0
259069,5207,0,0,1,0,0
259130,5208,0,0,1,0,0
259515,5209,0,0,1,0,0
259690,5210,0,0,1,0,0
259717,5211,0,0,1,0,0
259800,5212,0,0,1,0,0
260225,5213,0,0,1,0,0
260328,5214,0,0,0,1,0
260607,5215,0,0,0,1,0
260717,5216,0,0,0,1,0
260828,5217,0,0,0,1,0
260940,5218,0,0,1,0,0
261056,5219,0,0,0,1,0
261082,5220,0,0,1,0,0
261275,5221,0,0,1,0,0
261327,5222,0,0,1,0,0
261442,5223,0,0,0,1,0
261695,5224,0,0,0,1,0
261828,5225,0,0,0,1,0
261958,5226,0,0,0,1,0
262063,5227,0,0,0,1,0
262097,5228,0,0,1,0,0
262253,5229,0,0,1,0,0
262375,5230,0,0,1,0,0
262565,5231,0,0,0,1,0
262596,5232,0,0,1,0,0
262597,5233,0,0,1,0,0
262826,5234,0,0,0,1,0
263242,5235,0,0,0,1,0
263267,5236,0,0,1,0,0
263503,5237,0,0,0,1,0
263504,5238,0,0,1,0,0
263708,5239,0,0,0,1,0
263875,5240,0,0,1,0,0
263879,5241,1,0,0,0,0
263986,5242,0,0,1,0,0
264099,5243,0,0,0,1,0
264248,5244,0,0,0,1,0
264743,5245,0,0,0,1,0
264779,5246,0,0,1,0,0
265060,5247,0,0,0,1,0
265264,5248,0,0,0,1,0
265367,5249,0,0,0,1,0
265517,5250,0,0,0,1,0
265558,5251,0,0,1,0,0
265743,5252,0,0,0,1,0
266243,5253,0,0,0,0,1
266407,5254,0,0,1,0,0
266442,5255,0,0,1,0,0
266609,5256,0,0,1,0,0
266722,5257,0,0,1,0,0
266831,5258,0,0,1,0,0
267089,5259,0,0,0,1,0
267194,5260,0,0,0,1,0
267308,5261,0,0,0,1,0
267350,5262,0,0,1,0,0
267501,5263,0,0,0,1,0
267543,5264,0,0,1,0,0
267690,5265,0,0,1,0,0
267749,5266,0,0,1,0,0
267793,5267,0,0,1,0,0
267893,5268,0,0,0,1,0
268150,5269,0,0,0,1,0
268372,5270,0,0,0,1,0
268398,5271,0,0,1,0,0
268489,5272,0,0,0,1,0
268703,5273,0,0,0,1,0
268890,5274,0,0,1,0,0
269149,5275,0,0,1,0,0
269319,5276,0,0,1,0,0
269417,5277,0,0,0,1,0
269468,5278,0,0,1,0,0
269553,5279,0,0,1,0,0
269819,5280,0,0,0,1,0
269922,5281,0,0,1,0,0
269931,5282,0,0,1,0,0
270038,5283,0,0,1,0,0
270140,5284,0,0,0,1,0
270208,5285,0,0,1,0,0
270234,5286,0,0,1,0,0
270289,5287,0,0,1,0,0
270529,5288,0,0,1,0,0
270630,5289,0,0,1,0,0
270808,5290,0,0,1,0,0
270977,5291,0,0,0,1,0
271159,5292,0,0,0,1,0
271231,5293,0,0,1,0,0
271494,5294,0,0,0,1,0
271617,5295,0,0,1,0,0
271618,5296,0,0,1,0,0
271648,5297,0,0,1,0,0
271748,5298,0,0,0,1,0
271889,5299,0,0,1,0,0
271996,5300,0,0,1,0,0
272132,5301,0,0,1,0,0
272266,5302,0,0,0,1,0
272615,5303,0,0,0,1,0
272784,5304,0,0,0,1,0
272854,5305,0,0,1,0,0
272944,5306,0,0,0,1,0
273044,5307,0,0,1,0,0
273045,5308,0,0,1,0,0
273142,5309,0,0,0,1,0
273253,5310,0,0,0,1,0
273482,5311,0,0,0,1,0
273523,5312,0,0,1,0,0
273650,5313,0,0,0,1,0
273750,5314,0,0,0,1,0
273852,5315,0,0,0,1,0
273974,5316,0,0,0,1,0
274128,5317,0,0,1,0,0
274171,5318,0,0,1,0,0
274288,5319,0,0,0,1,0
274479,5320,0,0,0,1,0
274610,5321,0,0,1,0,0
274794,5322,0,0,0,1,0
274915,5323,0,0,0,1,0
275038,5324,0,0,0,1,0
275168,5325,0,0,0,1,0
275267,5326,0,0,1,0,0
275384,5327,0,0,0,1,0
275393,5328,0,0,1,0,0
275404,5329,0,0,1,0,0
275443,5330,0,0,1,0,0
275627,5331,0,0,0,1,0
275759,5332,0,0,0,1,0
275904,5333,0,0,0,1,0
276174,5334,0,0,1,0,0
276287,5335,0,0,0,1,0
276295,5336,1,0,0,0,0
276376,5337,0,0,1,0,0
276548,5338,0,0,1,0,0
276659,5339,0,0,0,1,0
276740,5340,0,0,0,1,0
277140,5341,0,0,0,1,0
277260,5342,0,0,0,1,0
277366,5343,0,0,1,0,0
277542,5344,0,0,0,1,0
278042,5345,0,0,0,0,1
278180,5346,0,0,0,1,0
278305,5347,0,0,0,1,0
278321,5348,0,0,1,0,0
278414,5349,0,0,0,1,0
278521,5350,0,0,0,1,0
278637,5351,0,0,0,1,0
278702,5352,0,0,1,0,0
278851,5353,0,0,0,1,0
278983,5354,0,0,0,1,0
279104,5355,0,0,0,1,0
279230,5356,0,0,0,1,0
279273,5357,0,0,1,0,0
279275,5358,0,0,1,0,0
279391,5359,0,0,0,1,0
279440,5360,0,0,1,0,0
279515,5361,0,0,1,0,0
279603,5362,0,0,0,1,0
279732,5363,0,0,0,1,0
279834,5364,0,0,0,1,0
279910,5365,0,0,1,0,0
279968,5366,0,0,1,0,0
280098,5367,0,0,0,1,0
280214,5368,0,0,0,1,0
280332,5369,0,0,0,1,0
280456,5370,0,0,0,1,0
280553,5371,0,0,0,1,0
280677,5372,0,0,0,1,0
280798,5373,0,0,1,0,0
280816,5374,0,0,1,0,0
280839,5375,0,0,1,0,0
280954,5376,0,0,0,1,0
281007,5377,0,0,1,0,0
281015,5378,0,0,1,0,0
281122,5379,0,0,0,1,0
281219,5380,0,0,0,1,0
281324,5381,0,0,0,1,0
281440,5382,0,0,0,1,0
281529,5383,0,0,0,1,0
281657,5384,0,0,0,1,0
281762,5385,0,0,0,1,0
281843,5386,0,0,1,0,0
281956,5387,0,0,0,1,0
281993,5388,0,0,1,0,0
282084,5389,0,0,0,1,0
282184,5390,0,0,0,1,0
282312,5391,0,0,0,1,0
282408,5392,0,0,1,0,0
282493,5393,0,0,0,1,0
282551,5394,0,0,1,0,0
282677,5395,0,0,0,1,0
282789,5396,0,0,0,1,0
282894,5397,0,0,0,1,0
282994,5398,0,0,0,1,0
283080,5399,0,0,0,1,0
283121,5400,0,0,1,0,0
283228,5401,0,0,0,1,0
283274,5402,0,0,1,0,0
283374,5403,0,0,0,1,0
283494,5404,0,0,0,1,0
283581,5405,0,0,0,1,0
283610,5406,0,0,1,0,0
283719,5407,0,0,0,1,0
283771,5408,0,0,1,0,0
283859,5409,0,0,0,1,0
283967,5410,0,0,0,1,0
284069,5411,0,0,0,1,0
284166,5412,0,0,0,1,0
284219,5413,0,0,1,0,0
284267,5414,0,0,1,0,0
284365,5415,0,0,0,1,0
284462,5416,0,0,1,0,0
284577,5417,0,0,0,1,0
284675,5418,0,0,0,1,0
284793,5419,0,0,0,1,0
284880,5420,0,0,1,0,0
285011,5421,0,0,1,0,0
285128,5422,0,0,0,1,0
285203,5423,0,0,1,0,0
285296,5424,0,0,0,1,0
285411,5425,0,0,0,1,0
285504,5426,0,0,0,1,0
285595,5427,0,0,0,1,0
285697,5428,0,0,0,1,0
285767,5429,0,0,1,0,0
285858,5430,0,0,0,1,0
285890,5431,0,0,1,0,0
286002,5432,0,0,0,1,0
286056,5433,0,0,1,0,0
286135,5434,0,0,0,1,0
286169,5435,1,0,0,0,0
286295,5436,0,0,0,1,0
286403,5437,0,0,0,1,0
286492,5438,0,0,0,1,0
286591,5439,0,0,0,1,0
286677,5440,0,0,0,1,0
286691,5441,1,0,0,0,0
286777,5442,0,0,0,1,0
286867,5443,0,0,0,1,0
286978,5444,0,0,0,1,0
287050,5445,0,0,1,0,0
287149,5446,0,0,0,1,0
287212,5447,0,0,1,0,0
287330,5448,0,0,0,1,0
287359,5449,0,0,1,0,0
287413,5450,0,0,1,0,0
287512,5451,0,0,0,1,0
287644,5452,0,0,0,1,0
287736,5453,0,0,0,1,0
287841,5454,0,0,0,1,0
287966,5455,0,0,0,1,0
288056,5456,0,0,0,1,0
288181,5457,0,0,0,1,0
288281,5458,0,0,0,1,0
288338,5459,0,0,1,0,0
288440,5460,0,0,0,1,0
288531,5461,0,0,0,1,0
288654,5462,0,0,0,1,0
288778,5463,0,0,0,1,0
288880,5464,0,0,0,1,0
288978,5465,0,0,0,1,0
289110,5466,0,0,0,1,0
289216,5467,0,0,1,0,0
289405,5468,0,0,0,1,0
289502,5469,0,0,0,1,0
289583,5470,0,0,0,1,0
289700,5471,0,0,0,1,0
289802,5472,0,0,0,1,0
289912,5473,0,0,0,1,0
290023,5474,0,0,0,1,0
290078,5475,0,0,1,0,0
290150,5476,0,0,1,0,0
290274,5477,0,0,0,1,0
290364,5478,0,0,0,1,0
290480,5479,0,0,0,1,0
290571,5480,0,0,0,1,0
290663,5481,0,0,0,1,0
290785,5482,0,0,0,1,0
290901,5483,0,0,0,1,0
290907,5484,0,0,1,0,0
290957,5485,0,0,1,0,0
291073,5486,0,0,0,1,0
291174,5487,0,0,0,1,0
291295,5488,0,0,0,1,0
291429,5489,0,0,0,1,0
291541,5490,0,0,0,1,0
291563,5491,0,0,1,0,0
291572,5492,0,0,1,0,0
291693,5493,0,0,0,1,0
291911,5494,0,0,1,0,0
292021,5495,0,0,0,1,0
292121,5496,0,0,0,1,0
292222,5497,0,0,0,1,0
292316,5498,0,0,0,1,0
292407,5499,0,0,1,0,0
292493,5500,0,0,0,1,0
292615,5501,0,0,0,1,0
292826,5502,0,0,0,1,0
293043,5503,0,0,0,1,0
293130,5504,0,0,0,1,0
293420,5505,0,0,1,0,0
293675,5506,0,0,0,1,0
293844,5507,0,0,1,0,0
293894,5508,0,0,1,0,0
293969,5509,0,0,1,0,0
294105,5510,0,0,1,0,0
294200,5511,0,0,1,0,0
294584,5512,0,0,0,1,0
294685,5513,0,0,0,1,0
294789,5514,0,0,0,1,0
294875,5515,0,0,1,0,0
294984,5516,0,0,0,1,0
295114,5517,0,0,0,1,0
295214,5518,0,0,0,1,0
295280,5519,0,0,1,0,0
295386,5520,0,0,0,1,0
295476,5521,0,0,0,1,0
295504,5522,0,0,1,0,0
295597,5523,0,0,0,1,0
295717,5524,0,0,0,1,0
295775,5525,0,0,1,0,0
295805,5526,0,0,1,0,0
295890,5527,0,0,1,0,0
296010,5528,0,0,0,1,0
296045,5529,0,0,1,0,0
296091,5530,0,0,1,0,0
296248,5531,0,0,0,1,0
296553,5532,0,0,0,1,0
296667,5533,0,0,1,0,0
296687,5534,0,0,1,0,0
296744,5535,0,0,1,0,0
296858,5536,0,0,0,1,0
296945,5537,0,0,1,0,0
296954,5538,0,0,1,0,0
297454,5539,0,0,0,0,1
297580,5540,0,0,0,1,0
297737,5541,0,0,1,0,0
297853,5542,0,0,0,1,0
298132,5543,0,0,1,0,0
298263,5544,0,0,1,0,0
298287,5545,0,0,1,0,0
298361,5546,0,0,1,0,0
298460,5547,0,0,1,0,0
298573,5548,0,0,0,1,0
298675,5549,0,0,1,0,0
298695,5550,0,0,1,0,0
298730,5551,0,0,1,0,0
298823,5552,0,0,1,0,0
298858,5553,0,0,1,0,0
298870,5554,0,0,1,0,0
298985,5555,0,0,0,1,0
299244,5556,0,0,1,0,0
299300,5557,0,0,1,0,0
299420,5558,0,0,0,1,0
299421,5559,1,0,0,0,0
299696,5560,0,0,0,1,0
299737,5561,0,0,1,0,0
299761,5562,0,0,1,0,0
299898,5563,0,0,0,1,0
300028,5564,0,0,0,1,0
300138,5565,0,0,0,1,0
300229,5566,0,0,1,0,0
300362,5567,0,0,0,1,0
300716,5568,0,0,1,0,0
300731,5569,0,0,1,0,0
300824,5570,0,0,1,0,0
300947,5571,0,0,0,1,0
300955,5572,0,0,1,0,0
301062,5573,0,0,1,0,0
301082,5574,0,0,1,0,0
301208,5575,0,0,0,1,0
301310,5576,0,0,0,1,0
301313,5577,0,0,1,0,0
301416,5578,0,0,1,0,0
301678,5579,0,0,1,0,0
301821,5580,0,0,0,1,0
301913,5581,0,0,0,1,0
301942,5582,0,0,1,0,0
302044,5583,0,0,1,0,0
302144,5584,0,0,0,1,0
302230,5585,0,0,1,0,0
302388,5586,0,0,0,1,0
302414,5587,0,0,1,0,0
302629,5588,0,0,1,0,0
302630,5589,0,0,1,0,0
302730,5590,0,0,0,1,0
302771,5591,0,0,1,0,0
302793,5592,0,0,1,0,0
302893,5593,0,0,0,1,0
303002,5594,0,0,0,1,0
303090,5595,0,0,0,1,0
303123,5596,0,0,1,0,0
303207,5597,0,0,0,1,0
303322,5598,0,0,1,0,0
303437,5599,0,0,0,1,0
303452,5600,0,0,1,0,0
303493,5601,0,0,1,0,0
303678,5602,0,0,0,1,0
303784,5603,0,0,0,1,0
303877,5604,0,0,0,1,0
303982,5605,0,0,0,1,0
304047,5606,0,0,1,0,0
304052,5607,1,0,0,0,0
304143,5608,0,0,1,0,0
304270,5609,0,0,0,1,0
304439,5610,0,0,1,0,0
304939,5611,0,0,0,0,1
305030,5612,0,0,0,1,0
305290,5613,0,0,0,1,0
305328,5614,0,0,1,0,0
305459,5615,0,0,1,0,0
305812,5616,0,0,0,1,0
306054,5617,0,0,0,1,0
306186,5618,0,0,0,1,0
306203,5619,0,0,1,0,0
306427,5620,0,0,1,0,0
306626,5621,0,0,1,0,0
306684,5622,0,0,1,0,0
306910,5623,0,0,0,1,0
307102,5624,0,0,0,1,0
307274,5625,0,0,1,0,0
307306,5626,0,0,1,0,0
307525,5627,0,0,0,1,0
307526,5628,0,0,1,0,0
307837,5629,0,0,1,0,0
307895,5630,0,0,1,0,0
307968,5631,0,0,1,0,0
307981,5632,0,0,1,0,0
308195,5633,0,0,0,1,0
308302,5634,0,0,0,1,0
308601,5635,0,0,1,0,0
308645,5636,0,0,1,0,0
308733,5637,0,0,1,0,0
308851,5638,0,0,0,1,0
308944,5639,0,0,1,0,0
309029,5640,0,0,1,0,0
309128,5641,0,0,0,1,0
309242,5642,0,0,0,1,0
309357,5643,0,0,0,1,0
309399,5644,0,0,1,0,0
309432,5645,0,0,1,0,0
309467,5646,0,0,1,0,0
309602,5647,0,0,1,0,0
309710,5648,0,0,0,1,0
309798,5649,0,0,1,0,0
309925,5650,0,0,0,1,0
310023,5651,0,0,0,1,0
310132,5652,0,0,0,1,0
310168,5653,0,0,1,0,0
310276,5654,0,0,1,0,0
310369,5655,0,0,0,1,0
310425,5656,0,0,1,0,0
310650,5657,0,0,0,1,0
310778,5658,0,0,0,1,0
310889,5659,0,0,0,1,0
310971,5660,0,0,1,0,0
311016,5661,0,0,1,0,0
311244,5662,0,0,1,0,0
311334,5663,0,0,0,1,0
311444,5664,0,0,0,1,0
311632,5665,0,0,0,1,0
311684,5666,0,0,1,0,0
311814,5667,0,0,0,1,0
311955,5668,0,0,1,0,0
312079,5669,0,0,0,1,0
312112,5670,0,0,1,0,0
312243,5671,0,0,0,1,0
312258,5672,0,0,1,0,0
312433,5673,0,0,0,1,0
312539,5674,0,0,1,0,0
312694,5675,0,0,0,1,0
312811,5676,0,0,0,1,0
312929,5677,0,0,0,1,0
313065,5678,0,0,0,1,0
313116,5679,0,0,1,0,0
313282,5680,0,0,0,1,0
313386,5681,0,0,0,1,0
313570,5682,0,0,0,1,0
313714,5683,0,0,1,0,0
313748,5684,0,0,1,0,0
313830,5685,0,0,0,1,0
313899,5686,0,0,1,0,0
314167,5687,0,0,0,1,0
314265,5688,0,0,0,1,0
314266,5689,0,0,1,0,0
314415,5690,0,0,0,1,0
314594,5691,0,0,0,1,0
314681,5692,0,0,0,1,0
314829,5693,0,0,0,1,0
314890,5694,0,0,1,0,0
315067,5695,0,0,0,1,0
315176,5696,0,0,0,1,0
315401,5697,0,0,1,0,0
315470,5698,0,0,1,0,0
315608,5699,0,0,0,1,0
315736,5700,0,0,0,1,0
315842,5701,0,0,0,1,0
315927,5702,0,0,0,1,0
316061,5703,0,0,0,1,0
316157,5704,0,0,0,1,0
316274,5705,0,0,0,1,0
316376,5706,0,0,0,1,0
316472,5707,0,0,0,1,0
316586,5708,0,0,0,1,0
316704,5709,0,0,0,1,0
316873,5710,0,0,0,1,0
317008,5711,0,0,0,1,0
317077,5712,0,0,1,0,0
317198,5713,0,0,0,1,0
317376,5714,0,0,0,1,0
317383,5715,0,0,1,0,0
317487,5716,0,0,1,0,0
317612,5717,0,0,0,1,0
317722,5718,0,0,0,1,0
317847,5719,0,0,0,1,0
317982,5720,0,0,0,1,0
317988,5721,1,0,0,0,0
318102,5722,0,0,0,1,0
318229,5723,0,0,0,1,0
318344,5724,0,0,0,1,0
318377,5725,0,0,1,0,0
318430,5726,0,0,1,0,0
318544,5727,0,0,0,1,0
318643,5728,0,0,1,0,0
318985,5729,0,0,0,1,0
319087,5730,0,0,0,1,0
319207,5731,0,0,0,1,0
319221,5732,0,0,1,0,0
319565,5733,0,0,0,1,0
319690,5734,0,0,1,0,0
319782,5735,0,0,0,1,0
320121,5736,0,0,1,0,0
320239,5737,0,0,0,1,0
320343,5738,0,0,0,1,0
320531,5739,0,0,1,0,0
320662,5740,0,0,1,0,0
320709,5741,0,0,1,0,0
320836,5742,0,0,0,1,0
320950,5743,0,0,0,1,0
321008,5744,0,0,1,0,0
321156,5745,0,0,0,1,0
321172,5746,0,0,1,0,0
321292,5747,0,0,0,1,0
321391,5748,0,0,1,0,0
321498,5749,0,0,1,0,0
321590,5750,0,0,0,1,0
321856,5751,0,0,0,1,0
321986,5752,0,0,0,1,0
322236,5753,0,0,1,0,0
322377,5754,0,0,0,1,0
322504,5755,0,0,0,1,0
322740,5756,0,0,0,1,0
322838,5757,0,0,0,1,0
323029,5758,0,0,0,1,0
323185,5759,0,0,0,1,0
323396,5760,0,0,1,0,0
323591,5761,0,0,0,1,0
323702,5762,0,0,0,1,0
323773,5763,0,0,1,0,0
323848,5764,0,0,1,0,0
324054,5765,0,0,0,1,0
324181,5766,0,0,1,0,0
324296,5767,0,0,0,1,0
324401,5768,0,0,0,1,0
324432,5769,0,0,1,0,0
324574,5770,0,0,1,0,0
324684,5771,0,0,0,1,0
324739,5772,0,0,1,0,0
324755,5773,0,0,1,0,0
324859,5774,0,0,1,0,0
324958,5775,0,0,1,0,0
324977,5776,0,0,1,0,0
325089,5777,0,0,0,1,0
325195,5778,0,0,0,1,0
325333,5779,0,0,0,1,0
325462,5780,0,0,0,1,0
325578,5781,0,0,0,1,0
325612,5782,0,0,1,0,0
325637,5783,0,0,1,0,0
325741,5784,0,0,0,1,0
325800,5785,0,0,1,0,0
325904,5786,0,0,0,1,0
326003,5787,0,0,0,1,0
326094,5788,0,0,0,1,0
326202,5789,0,0,0,1,0
326305,5790,0,0,0,1,0
326389,5791,0,0,1,0,0
326446,5792,0,0,1,0,0
326570,5793,0,0,1,0,0
326667,5794,0,0,1,0,0
326780,5795,0,0,0,1,0
326807,5796,0,0,1,0,0
326924,5797,0,0,0,1,0
327050,5798,0,0,0,1,0
327174,5799,0,0,0,1,0
327295,5800,0,0,0,1,0
327378,5801,0,0,1,0,0
327458,5802,0,0,1,0,0
327566,5803,0,0,0,1,0
327683,5804,0,0,0,1,0
327717,5805,0,0,1,0,0
327823,5806,0,0,0,1,0
327843,5807,0,0,1,0,0
327863,5808,0,0,1,0,0
328001,5809,0,0,0,1,0
328133,5810,0,0,0,1,0
328147,5811,0,0,1,0,0
328264,5812,0,0,0,1,0
328419,5813,0,0,0,1,0
328480,5814,0,0,1,0,0
328631,5815,0,0,0,1,0
328736,5816,0,0,0,1,0
328753,5817,0,0,1,0,0
328859,5818,0,0,0,1,0
328918,5819,0,0,1,0,0
329023,5820,0,0,0,1,0
329123,5821,0,0,0,1,0
329218,5822,0,0,1,0,0
329345,5823,0,0,0,1,0
329467,5824,0,0,0,1,0
329490,5825,0,0,1,0,0
329535,5826,0,0,1,0,0
329651,5827,0,0,0,1,0
329770,5828,0,0,0,1,0
329869,5829,0,0,0,1,0
329973,5830,0,0,0,1,0
329997,5831,0,0,1,0,0
330117,5832,0,0,0,1,0
330243,5833,0,0,0,1,0
330347,5834,0,0,0,1,0
330359,5835,0,0,1,0,0
330473,5836,0,0,0,1,0
330499,5837,0,0,1,0,0
330614,5838,0,0,0,1,0
330671,5839,0,0,1,0,0
330777,5840,0,0,0,1,0
330813,5841,0,0,1,0,0
330915,5842,0,0,0,1,0
331010,5843,0,0,0,1,0
331098,5844,0,0,0,1,0
331105,5845,0,0,1,0,0
331188,5846,0,0,0,1,0
331296,5847,0,0,0,1,0
331300,5848,0,0,1,0,0
331454,5849,0,0,0,1,0
331513,5850,0,0,1,0,0
331634,5851,0,0,0,1,0
331715,5852,0,0,1,0,0
331792,5853,0,0,1,0,0
331899,5854,0,0,0,1,0
331997,5855,0,0,0,1,0
332081,5856,0,0,0,1,0
332119,5857,0,0,1,0,0
332149,5858,0,0,1,0,0
332202,5859,0,0,1,0,0
332296,5860,0,0,0,1,0
332609,5861,0,0,0,1,0
332680,5862,0,0,1,0,0
332868,5863,0,0,0,1,0
333059,5864,0,0,0,1,0
333098,5865,0,0,1,0,0
333307,5866,0,0,0,1,0
333589,5867,0,0,0,1,0
333773,5868,0,0,1,0,0
333998,5869,0,0,0,1,0
334069,5870,0,0,1,0,0
334366,5871,0,0,1,0,0
334423,5872,0,0,1,0,0
334751,5873,0,0,0,1,0
335004,5874,0,0,1,0,0
335233,5875,0,0,0,1,0
335395,5876,0,0,1,0,0
335465,5877,0,0,1,0,0
335873,5878,0,0,1,0,0
336019,5879,0,0,1,0,0
336355,5880,0,0,0,1,0
336420,5881,0,0,1,0,0
336494,5882,0,0,1,0,0
336664,5883,0,0,0,1,0
336882,5884,0,0,1,0,0
336981,5885,0,0,0,1,0
337107,5886,0,0,0,1,0
337113,5887,1,0,0,0,0
337395,5888,0,0,1,0,0
337659,5889,0,0,1,0,0
337803,5890,0,0,1,0,0
337805,5891,0,0,1,0,0
338164,5892,0,0,1,0,0
338614,5893,0,0,0,1,0
338671,5894,0,0,1,0,0
338773,5895,0,0,0,1,0
338902,5896,0,0,0,1,0
339036,5897,0,0,0,1,0
339086,5898,0,0,1,0,0
339199,5899,0,0,0,1,0
339321,5900,0,0,1,0,0
339423,5901,0,0,0,1,0
339550,5902,0,0,0,1,0
339698,5903,0,0,0,1,0
339825,5904,0,0,0,1,0
339926,5905,0,0,0,1,0
340012,5906,0,0,1,0,0
340202,5907,0,0,0,1,0
340305,5908,0,0,0,1,0
340341,5909,0,0,1,0,0
340468,5910,0,0,0,1,0
340560,5911,0,0,0,1,0
340650,5912,0,0,0,1,0
340749,5913,0,0,1,0,0
340775,5914,0,0,1,0,0
340896,5915,0,0,0,1,0
341012,5916,0,0,0,1,0
341110,5917,0,0,0,1,0
341125,5918,0,0,1,0,0
341222,5919,0,0,0,1,0
341261,5920,0,0,1,0,0
341358,5921,0,0,0,1,0
341464,5922,0,0,0,1,0
341553,5923,0,0,0,1,0
341674,5924,0,0,0,1,0
341799,5925,0,0,0,1,0
341893,5926,0,0,0,1,0
342032,5927,0,0,0,1,0
342104,5928,0,0,1,0,0
342141,5929,0,0,1,0,0
342277,5930,0,0,0,1,0
342394,5931,0,0,0,1,0
342534,5932,0,0,0,1,0
342628,5933,0,0,0,1,0
342644,5934,0,0,1,0,0
342750,5935,0,0,0,1,0
342888,5936,0,0,0,1,0
342990,5937,0,0,0,1,0
343106,5938,0,0,1,0,0
343217,5939,0,0,0,1,0
343333,5940,0,0,0,1,0
343472,5941,0,0,1,0,0
343620,5942,0,0,0,1,0
343795,5943,0,0,0,1,0
343962,5944,0,0,0,1,0
344073,5945,0,0,0,1,0
344215,5946,0,0,0,1,0
344316,5947,0,0,0,1,0
344425,5948,0,0,0,1,0
344548,5949,0,0,0,1,0
344652,5950,0,0,0,1,0
344792,5951,0,0,0,1,0
344938,5952,0,0,0,1,0
345007,5953,0,0,1,0,0
345136,5954,0,0,0,1,0
345196,5955,0,0,1,0,0
345250,5956,0,0,1,0,0
345349,5957,0,0,1,0,0
345648,5958,0,0,1,0,0
345743,5959,0,0,0,1,0
345777,5960,0,0,1,0,0
345840,5961,0,0,1,0,0
346068,5962,0,0,1,0,0
346225,5963,0,0,0,1,0
346352,5964,0,0,1,0,0
346456,5965,0,0,1,0,0
346572,5966,0,0,0,1,0
346681,5967,0,0,1,0,0
346825,5968,0,0,0,1,0
346979,5969,0,0,0,1,0
347117,5970,0,0,1,0,0
347159,5971,0,0,1,0,0
347264,5972,0,0,0,1,0
347377,5973,0,0,0,1,0
347504,5974,0,0,0,1,0
347655,5975,0,0,1,0,0
347788,5976,0,0,0,1,0
347901,5977,0,0,0,1,0
348019,5978,0,0,0,1,0
348126,5979,0,0,0,1,0
348129,5980,0,0,1,0,0
348272,5981,0,0,0,1,0
348389,5982,0,0,0,1,0
348488,5983,0,0,0,1,0
348669,5984,0,0,1,0,0
348775,5985,0,0,1,0,0
348869,5986,0,0,0,1,0
348928,5987,0,0,1,0,0
349065,5988,0,0,0,1,0
349168,5989,0,0,0,1,0
349334,5990,0,0,0,1,0
349733,5991,0,0,0,1,0
349857,5992,0,0,0,1,0
349944,5993,0,0,0,1,0
349945,5994,0,0,1,0,0
349989,5995,0,0,1,0,0
350049,5996,0,0,1,0,0
350165,5997,0,0,0,1,0
350313,5998,0,0,0,1,0
350330,5999,0,0,1,0,0
350500,6000,0,0,0,1,0
350706,6001,0,0,0,1,0
350895,6002,0,0,0,1,0
351139,6003,0,0,0,1,0
351270,6004,0,0,0,1,0
351378,6005,0,0,0,1,0
351476,6006,0,0,0,1,0
351531,6007,0,0,1,0,0
351627,6008,0,0,0,1,0
351670,6009,0,0,1,0,0
351791,6010,0,0,0,1,0
351919,6011,0,0,0,1,0
351920,6012,1,0,0,0,0
351983,6013,0,0,1,0,0
352099,6014,0,0,0,1,0
352239,6015,0,0,0,1,0
352375,6016,0,0,0,1,0
352421,6017,0,0,1,0,0
352533,6018,0,0,0,1,0
352634,6019,0,0,0,1,0
352727,6020,0,0,0,1,0
352861,6021,0,0,0,1,0
352953,6022,0,0,0,1,0
352994,6023,0,0,1,0,0
353019,6024,0,0,1,0,0
353078,6025,0,0,1,0,0
353082,6026,1,0,0,0,0
353094,6027,0,0,1,0,0
353240,6028,0,0,0,1,0
353345,6029,0,0,0,1,0
353477,6030,0,0,0,1,0
353531,6031,0,0,1,0,0
353644,6032,0,0,0,1,0
353707,6033,0,0,1,0,0
353748,6034,0,0,1,0,0
353862,6035,0,0,0,1,0
354009,6036,0,0,0,1,0
354117,6037,0,0,1,0,0
354225,6038,0,0,0,1,0
354560,6039,0,0,1,0,0
354703,6040,0,0,0,1,0
354882,6041,0,0,1,0,0
355002,6042,0,0,0,1,0
355034,6043,0,0,1,0,0
355134,6044,0,0,0,1,0
355299,6045,0,0,0,1,0
355380,6046,0,0,1,0,0
355732,6047,0,0,0,1,0
355766,6048,0,0,1,0,0
356083,6049,0,0,0,1,0
356208,6050,0,0,0,1,0
356343,6051,0,0,1,0,0
356466,6052,0,0,1,0,0
356471,6053,1,0,0,0,0
356472,6054,0,0,1,0,0
356561,6055,0,0,1,0,0
356652,6056,0,0,0,1,0
356877,6057,0,0,0,1,0
356992,6058,0,0,0,1,0
357028,6059,0,0,1,0,0
357271,6060,0,0,0,1,0
357387,6061,0,0,0,1,0
357662,6062,0,0,0,1,0
357943,6063,0,0,1,0,0
358078,6064,0,0,1,0,0
358167,6065,0,0,0,1,0
358191,6066,0,0,1,0,0
358231,6067,0,0,1,0,0
358312,6068,0,0,1,0,0
358422,6069,0,0,1,0,0
358792,6070,0,0,0,1,0
358887,6071,0,0,1,0,0
358924,6072,0,0,1,0,0
359015,6073,0,0,0,1,0
359309,6074,0,0,1,0,0
359353,6075,0,0,1,0,0
359533,6076,0,0,0,1,0
359539,6077,0,0,1,0,0
359568,6078,0,0,1,0,0
359730,6079,0,0,1,0,0
359740,6080,0,0,1,0,0
359794,6081,0,0,1,0,0
360000,6082,0,0,1,0,0
360192,6083,0,0,1,0,0
360293,6084,0,0,0,1,0
360654,6085,0,0,0,1,0
360787,6086,0,0,0,1,0
360900,6087,0,0,0,1,0
360910,6088,0,0,1,0,0
360952,6089,0,0,1,0,0
361128,6090,0,0,1,0,0
361523,6091,0,0,0,1,0
361788,6092,0,0,0,1,0
361919,6093,0,0,0,1,0
362019,6094,0,0,0,1,0
362187,6095,0,0,0,1,0
362369,6096,0,0,0,1,0
362571,6097,0,0,1,0,0
362693,6098,0,0,1,0,0
362704,6099,0,0,1,0,0
363204,6100,0,0,0,0,1
363595,6101,0,0,0,1,0
363710,6102,0,0,0,1,0
363798,6103,0,0,0,1,0
363816,6104,0,0,1,0,0
363930,6105,0,0,0,1,0
364070,6106,0,0,1,0,0
364225,6107,0,0,0,1,0
364725,6108,0,0,0,0,1
364953,6109,0,0,0,1,0
365360,6110,0,0,1,0,0
365466,6111,0,0,1,0,0
365511,6112,0,0,1,0,0
365700,6113,0,0,0,1,0
365705,6114,0,0,1,0,0
365834,6115,0,0,0,1,0
365883,6116,0,0,1,0,0
366002,6117,0,0,0,1,0
366129,6118,0,0,0,1,0
366214,6119,0,0,1,0,0
366339,6120,0,0,1,0,0
366446,6121,0,0,1,0,0
366557,6122,0,0,0,1,0
366687,6123,0,0,0,1,0
366816,6124,0,0,0,1,0
366911,6125,0,0,0,1,0
366926,6126,0,0,1,0,0
367007,6127,0,0,1,0,0
367044,6128,0,0,1,0,0
367173,6129,0,0,1,0,0
367288,6130,0,0,0,1,0
367414,6131,0,0,0,1,0
367511,6132,0,0,0,1,0
367608,6133,0,0,0,1,0
367718,6134,0,0,0,1,0
367768,6135,0,0,1,0,0
367845,6136,0,0,1,0,0
367853,6137,0,0,1,0,0
367865,6138,0,0,1,0,0
367934,6139,0,0,1,0,0
367961,6140,0,0,1,0,0
368048,6141,0,0,1,0,0
368165,6142,0,0,0,1,0
368287,6143,0,0,0,1,0
368418,6144,0,0,0,1,0
368446,6145,0,0,1,0,0
368571,6146,0,0,1,0,0
368676,6147,0,0,0,1,0
368763,6148,0,0,0,1,0
368880,6149,0,0,0,1,0
368976,6150,0,0,0,1,0
369032,6151,0,0,1,0,0
369145,6152,0,0,0,1,0
369283,6153,0,0,0,1,0
369392,6154,0,0,0,1,0
369502,6155,0,0,0,1,0
369608,6156,0,0,0,1,0
369861,6157,0,0,0,1,0
369917,6158,0,0,1,0,0
369923,6159,0,0,1,0,0
370007,6160,0,0,1,0,0
370138,6161,0,0,0,1,0
370265,6162,0,0,0,1,0
370475,6163,0,0,0,1,0
370585,6164,0,0,0,1,0
370701,6165,0,0,0,1,0
370833,6166,0,0,0,1,0
370837,6167,0,0,1,0,0
370866,6168,0,0,1,0,0
371004,6169,0,0,1,0,0
371100,6170,0,0,0,1,0
371233,6171,0,0,0,1,0
371349,6172,0,0,0,1,0
371479,6173,0,0,0,1,0
371493,6174,0,0,1,0,0
371543,6175,0,0,1,0,0
371636,6176,0,0,0,1,0
371728,6177,0,0,0,1,0
371753,6178,0,0,1,0,0
371881,6179,0,0,0,1,0
371923,6180,0,0,1,0,0
372034,6181,0,0,0,1,0
372122,6182,0,0,0,1,0
372169,6183,0,0,1,0,0
372269,6184,0,0,1,0,0
372280,6185,0,0,1,0,0
372397,6186,0,0,0,1,0
372498,6187,0,0,0,1,0
372538,6188,0,0,1,0,0
372549,6189,0,0,1,0,0
372568,6190,0,0,1,0,0
372643,6191,0,0,1,0,0
372741,6192,0,0,0,1,0
372846,6193,0,0,0,1,0
373052,6194,0,0,0,1,0
373106,6195,0,0,1,0,0
373145,6196,0,0,1,0,0
373240,6197,0,0,0,1,0
373354,6198,0,0,0,1,0
373514,6199,0,0,1,0,0
373720,6200,0,0,0,1,0
373846,6201,0,0,0,1,0
373977,6202,0,0,0,1,0
374025,6203,0,0,1,0,0
374142,6204,0,0,0,1,0
374155,6205,0,0,1,0,0
374266,6206,0,0,0,1,0
374281,6207,0,0,1,0,0
374372,6208,0,0,0,1,0
374466,6209,0,0,0,1,0
374566,6210,0,0,0,1,0
374594,6211,0,0,1,0,0
374622,6212,1,0,0,0,0
374682,6213,0,0,1,0,0
374792,6214,0,0,0,1,0
374897,6215,0,0,0,1,0
374926,6216,0,0,1,0,0
374991,6217,0,0,1,0,0
375069,6218,0,0,1,0,0
375169,6219,0,0,0,1,0
375262,6220,0,0,0,1,0
375394,6221,0,0,0,1,0
375475,6222,0,0,1,0,0
375593,6223,0,0,0,1,0
375723,6224,0,0,0,1,0
375843,6225,0,0,0,1,0
375965,6226,0,0,0,1,0
376070,6227,0,0,0,1,0
376176,6228,0,0,1,0,0
376216,6229,0,0,1,0,0
376336,6230,0,0,0,1,0
376433,6231,0,0,0,1,0
376458,6232,0,0,1,0,0
376586,6233,0,0,0,1,0
376678,6234,0,0,0,1,0
376797,6235,0,0,0,1,0
376893,6236,0,0,0,1,0
376955,6237,0,0,1,0,0
377076,6238,0,0,0,1,0
377472,6239,0,0,0,1,0
377568,6240,0,0,0,1,0
377696,6241,0,0,0,1,0
377798,6242,0,0,0,1,0
377897,6243,0,0,0,1,0
377901,6244,1,0,0,0,0
378011,6245,0,0,0,1,0
378101,6246,0,0,0,1,0
378194,6247,0,0,1,0,0
378284,6248,0,0,1,0,0
378445,6249,0,0,0,1,0
378621,6250,0,0,0,1,0
378748,6251,0,0,0,1,0
378846,6252,0,0,0,1,0
378969,6253,0,0,0,1,0
379085,6254,0,0,0,1,0
379194,6255,0,0,0,1,0
379310,6256,0,0,0,1,0
379422,6257,0,0,0,1,0
379767,6258,0,0,0,1,0
379866,6259,0,0,0,1,0
379871,6260,0,0,1,0,0
379981,6261,0,0,0,1,0
380009,6262,0,0,1,0,0
380145,6263,0,0,0,1,0
380252,6264,0,0,0,1,0
380333,6265,0,0,1,0,0
380438,6266,0,0,0,1,0
380449,6267,0,0,1,0,0
380557,6268,0,0,0,1,0
380634,6269,0,0,1,0,0
380694,6270,0,0,1,0,0
380735,6271,0,0,1,0,0
380851,6272,0,0,0,1,0
381006,6273,0,0,1,0,0
381200,6274,0,0,1,0,0
381339,6275,0,0,0,1,0
381345,6276,0,0,1,0,0
381369,6277,0,0,1,0,0
381374,6278,0,0,1,0,0
381483,6279,0,0,0,1,0
381568,6280,0,0,1,0,0
381663,6281,0,0,0,1,0
381673,6282,0,0,1,0,0
381815,6283,0,0,0,1,0
382041,6284,0,0,0,1,0
382140,6285,0,0,1,0,0
382319,6286,0,0,0,1,0
382328,6287,0,0,1,0,0
382420,6288,0,0,0,1,0
382490,6289,0,0,1,0,0
382598,6290,0,0,0,1,0
382695,6291,0,0,0,1,0
382706,6292,0,0,1,0,0
382712,6293,0,0,1,0,0
382848,6294,0,0,0,1,0
382945,6295,0,0,0,1,0
383047,6296,0,0,1,0,0
383049,6297,0,0,1,0,0
383171,6298,0,0,0,1,0
383276,6299,0,0,0,1,0
383340,6300,0,0,1,0,0
383435,6301,0,0,1,0,0
383547,6302,0,0,0,1,0
383610,6303,0,0,1,0,0
383715,6304,0,0,0,1,0
383991,6305,0,0,1,0,0
384032,6306,0,0,1,0,0
384054,6307,0,0,1,0,0
384083,6308,0,0,1,0,0
384190,6309,0,0,0,1,0
384348,6310,0,0,0,1,0
384482,6311,0,0,0,1,0
384602,6312,0,0,0,1,0
384893,6313,0,0,0,1,0
385008,6314,0,0,0,1,0
385109,6315,0,0,0,1,0
385215,6316,0,0,0,1,0
385220,6317,0,0,1,0,0
385331,6318,0,0,0,1,0
385460,6319,0,0,0,1,0
385573,6320,0,0,1,0,0
385640,6321,0,0,1,0,0
385719,6322,0,0,1,0,0
385834,6323,0,0,0,1,0
385899,6324,0,0,1,0,0
386022,6325,0,0,0,1,0
386138,6326,0,0,0,1,0
386252,6327,0,0,1,0,0
386448,6328,0,0,0,1,0
386451,6329,0,0,1,0,0
386495,6330,0,0,1,0,0
386598,6331,0,0,0,1,0
386647,6332,0,0,1,0,0
386751,6333,0,0,0,1,0
386758,6334,0,0,1,0,0
386892,6335,0,0,0,1,0
386967,6336,0,0,1,0,0
387008,6337,0,0,1,0,0
387099,6338,0,0,1,0,0
387158,6339,0,0,1,0,0
387357,6340,0,0,0,1,0
387449,6341,0,0,1,0,0
387457,6342,0,0,1,0,0
387468,6343,0,0,1,0,0
387595,6344,0,0,0,1,0
387711,6345,0,0,1,0,0
387737,6346,0,0,1,0,0
387791,6347,0,0,1,0,0
387835,6348,0,0,1,0,0
387974,6349,0,0,0,1,0
388142,6350,0,0,1,0,0
388242,6351,0,0,0,1,0
388412,6352,0,0,1,0,0
388446,6353,0,0,1,0,0
388543,6354,0,0,0,1,0
388645,6355,0,0,0,1,0
388651,6356,0,0,1,0,0
388908,6357,0,0,0,1,0
388920,6358,0,0,1,0,0
389374,6359,0,0,1,0,0
389499,6360,0,0,0,1,0
389607,6361,0,0,0,1,0
389684,6362,0,0,1,0,0
389746,6363,0,0,1,0,0
389841,6364,0,0,1,0,0
389976,6365,0,0,0,1,0
390123,6366,0,0,0,1,0
390391,6367,0,0,1,0,0
390568,6368,0,0,1,0,0
390674,6369,0,0,0,1,0
390813,6370,0,0,1,0,0
391136,6371,0,0,1,0,0
391254,6372,0,0,0,1,0
391320,6373,0,0,1,0,0
391539,6374,0,0,1,0,0
391740,6375,0,0,0,1,0
391861,6376,0,0,1,0,0
391910,6377,0,0,1,0,0
391980,6378,0,0,1,0,0
392015,6379,0,0,1,0,0
392136,6380,0,0,0,1,0
392297,6381,0,0,0,1,0
392440,6382,0,0,1,0,0
392525,6383,0,0,1,0,0
392559,6384,0,0,1,0,0
392737,6385,0,0,0,1,0
392900,6386,0,0,1,0,0
393081,6387,0,0,0,1,0
393177,6388,0,0,0,1,0
393189,6389,0,0,1,0,0
393387,6390,0,0,0,1,0
393866,6391,0,0,1,0,0
394076,6392,0,0,1,0,0
394101,6393,0,0,1,0,0
394225,6394,0,0,0,1,0
394327,6395,0,0,0,1,0
394348,6396,0,0,1,0,0
394470,6397,0,0,0,1,0
394577,6398,0,0,0,1,0
394685,6399,0,0,0,1,0
394766,6400,0,0,0,1,0
394871,6401,0,0,0,1,0
394884,6402,0,0,1,0,0
394955,6403,0,0,1,0,0
395062,6404,0,0,0,1,0
395153,6405,0,0,0,1,0
395261,6406,0,0,0,1,0
395372,6407,0,0,0,1,0
395424,6408,0,0,1,0,0
395546,6409,0,0,0,1,0
395647,6410,0,0,0,1,0
395673,6411,0,0,1,0,0
395721,6412,0,0,1,0,0
395839,6413,0,0,0,1,0
395955,6414,0,0,1,0,0
396024,6415,0,0,1,0,0
396054,6416,0,0,1,0,0
396139,6417,0,0,1,0,0
396241,6418,0,0,0,1,0
396338,6419,0,0,0,1,0
396377,6420,0,0,1,0,0
396417,6421,0,0,1,0,0
396523,6422,0,0,0,1,0
396606,6423,0,0,0,1,0
396731,6424,0,0,0,1,0
396841,6425,0,0,0,1,0
396952,6426,0,0,0,1,0
397041,6427,0,0,1,0,0
397135,6428,0,0,1,0,0
397160,6429,0,0,1,0,0
397272,6430,0,0,0,1,0
397285,6431,0,0,1,0,0
397371,6432,0,0,0,1,0
397468,6433,0,0,0,1,0
397480,6434,0,0,1,0,0
397540,6435,0,0,1,0,0
397627,6436,0,0,0,1,0
397724,6437,0,0,1,0,0
397742,6438,0,0,1,0,0
397767,6439,0,0,1,0,0
397887,6440,0,0,0,1,0
397967,6441,0,0,0,1,0
398090,6442,0,0,0,1,0
398227,6443,0,0,0,1,0
398514,6444,0,0,0,1,0
398655,6445,0,0,0,1,0
398760,6446,0,0,0,1,0
398887,6447,0,0,1,0,0
398902,6448,0,0,1,0,0
399026,6449,0,0,0,1,0
399129,6450,0,0,0,1,0
399192,6451,0,0,1,0,0
399303,6452,0,0,0,1,0
399410,6453,0,0,1,0,0
399489,6454,0,0,0,1,0
399590,6455,0,0,0,1,0
399603,6456,0,0,1,0,0
399675,6457,0,0,1,0,0
399681,6458,0,0,1,0,0
399690,6459,0,0,1,0,0
399777,6460,0,0,0,1,0
399873,6461,0,0,0,1,0
399974,6462,0,0,0,1,0
400064,6463,0,0,0,1,0
400161,6464,0,0,0,1,0
400184,6465,0,0,1,0,0
400300,6466,0,0,1,0,0
400327,6467,0,0,1,0,0
400411,6468,0,0,1,0,0
400417,6469,0,0,1,0,0
400516,6470,0,0,0,1,0
400567,6471,0,0,1,0,0
400649,6472,0,0,0,1,0
400692,6473,0,0,1,0,0
400788,6474,0,0,0,1,0
400877,6475,0,0,0,1,0
400917,6476,0,0,1,0,0
401024,6477,0,0,0,1,0
401195,6478,0,0,1,0,0
401272,6479,0,0,1,0,0
401364,6480,0,0,0,1,0
401535,6481,0,0,0,1,0
401642,6482,0,0,0,1,0
401687,6483,0,0,1,0,0
401760,6484,0,0,1,0,0
401867,6485,0,0,0,1,0
401969,6486,0,0,0,1,0
402421,6487,0,0,1,0,0
402530,6488,0,0,0,1,0
402725,6489,0,0,1,0,0
402874,6490,0,0,0,1,0
403070,6491,0,0,0,1,0
403138,6492,0,0,1,0,0
403141,6493,1,0,0,0,0
403321,6494,0,0,0,1,0
403399,6495,0,0,1,0,0
403510,6496,0,0,0,1,0
403586,6497,0,0,1,0,0
403592,6498,1,0,0,0,0
404007,6499,0,0,1,0,0
404081,6500,0,0,1,0,0
404244,6501,0,0,0,1,0
404356,6502,0,0,0,1,0
404411,6503,0,0,1,0,0
404525,6504,0,0,1,0,0
404652,6505,0,0,0,1,0
404766,6506,0,0,0,1,0
404833,6507,0,0,1,0,0
404843,6508,0,0,1,0,0
404971,6509,0,0,1,0,0
404976,6510,1,0,0,0,0
405074,6511,0,0,0,1,0
405185,6512,0,0,0,1,0
405282,6513,0,0,0,1,0
405391,6514,0,0,0,1,0
405493,6515,0,0,0,1,0
405526,6516,0,0,1,0,0
405640,6517,0,0,0,1,0
405689,6518,0,0,1,0,0
405790,6519,0,0,0,1,0
405897,6520,0,0,0,1,0
405905,6521,0,0,1,0,0
406011,6522,0,0,0,1,0
406160,6523,0,0,0,1,0
406270,6524,0,0,0,1,0
406305,6525,0,0,1,0,0
406311,6526,0,0,1,0,0
406407,6527,0,0,0,1,0
406492,6528,0,0,0,1,0
406667,6529,0,0,0,1,0
406819,6530,0,0,0,1,0
406967,6531,0,0,1,0,0
407065,6532,0,0,0,1,0
407173,6533,0,0,0,1,0
407291,6534,0,0,0,1,0
407643,6535,0,0,1,0,0
407729,6536,0,0,0,1,0
407790,6537,0,0,1,0,0
407936,6538,0,0,0,1,0
408138,6539,0,0,0,1,0
408393,6540,0,0,0,1,0
408628,6541,0,0,0,1,0
408882,6542,0,0,0,1,0
409087,6543,0,0,0,1,0
409197,6544,0,0,0,1,0
409311,6545,0,0,1,0,0
409401,6546,0,0,0,1,0
409466,6547,0,0,1,0,0
409585,6548,0,0,1,0,0
409712,6549,0,0,0,1,0
409715,6550,0,0,1,0,0
409814,6551,0,0,1,0,0
409936,6552,0,0,0,1,0
410005,6553,0,0,1,0,0
410110,6554,0,0,1,0,0
410201,6555,0,0,1,0,0
410315,6556,0,0,0,1,0
410403,6557,0,0,0,1,0
410405,6558,0,0,1,0,0
410506,6559,0,0,1,0,0
410552,6560,0,0,1,0,0
410670,6561,0,0,0,1,0
410775,6562,0,0,0,1,0
410917,6563,0,0,0,1,0
411030,6564,0,0,0,1,0
411125,6565,0,0,0,1,0
411247,6566,0,0,1,0,0
411395,6567,0,0,0,1,0
411489,6568,0,0,1,0,0
411597,6569,0,0,0,1,0
411709,6570,0,0,0,1,0
411804,6571,0,0,0,1,0
411940,6572,0,0,0,1,0
412139,6573,0,0,1,0,0
412181,6574,0,0,1,0,0
412189,6575,0,0,1,0,0
412303,6576,0,0,0,1,0
412494,6577,0,0,1,0,0
412587,6578,0,0,1,0,0
412715,6579,0,0,1,0,0
412871,6580,0,0,0,1,0
412978,6581,0,0,0,1,0
413094,6582,0,0,0,1,0
413187,6583,0,0,0,1,0
413363,6584,0,0,1,0,0
413541,6585,0,0,1,0,0
413884,6586,0,0,1,0,0
414145,6587,0,0,0,1,0
414187,6588,0,0,1,0,0
414324,6589,0,0,0,1,0
414452,6590,0,0,0,1,0
414608,6591,0,0,0,1,0
414623,6592,0,0,1,0,0
414700,6593,0,0,1,0,0
414772,6594,0,0,1,0,0
414806,6595,0,0,1,0,0
414900,6596,0,0,1,0,0
415107,6597,0,0,0,1,0
415216,6598,0,0,0,1,0
415240,6599,0,0,1,0,0
415426,6600,0,0,0,1,0
415475,6601,0,0,1,0,0
415478,6602,0,0,1,0,0
415485,6603,0,0,1,0,0
415653,6604,0,0,0,1,0
415780,6605,0,0,0,1,0
415876,6606,0,0,1,0,0
416213,6607,0,0,0,1,0
416304,6608,0,0,1,0,0
416593,6609,0,0,1,0,0
416742,6610,0,0,0,1,0
416843,6611,0,0,0,1,0
416848,6612,0,0,1,0,0
417250,6613,0,0,1,0,0
417485,6614,0,0,0,1,0
417580,6615,0,0,1,0,0
417699,6616,0,0,0,1,0
417811,6617,0,0,1,0,0
417907,6618,0,0,1,0,0
418251,6619,0,0,0,1,0
418344,6620,0,0,1,0,0
418350,6621,1,0,0,0,0
418463,6622,0,0,0,1,0
418589,6623,0,0,1,0,0
418613,6624,0,0,1,0,0
418701,6625,0,0,1,0,0
418810,6626,0,0,0,1,0
418855,6627,0,0,1,0,0
418957,6628,0,0,0,1,0
418991,6629,0,0,1,0,0
419022,6630,0,0,1,0,0
419132,6631,0,0,0,1,0
419191,6632,0,0,1,0,0
419352,6633,0,0,0,1,0
419605,6634,0,0,0,1,0
419661,6635,0,0,1,0,0
419689,6636,0,0,1,0,0
419799,6637,0,0,0,1,0
419937,6638,0,0,0,1,0
419955,6639,0,0,1,0,0
420011,6640,0,0,1,0,0
420126,6641,0,0,0,1,0
420184,6642,0,0,1,0,0
420313,6643,0,0,0,1,0
420435,6644,0,0,0,1,0
420495,6645,0,0,1,0,0
420623,6646,0,0,0,1,0
420633,6647,0,0,1,0,0
420749,6648,0,0,0,1,0
420864,6649,0,0,0,1,0
420955,6650,0,0,0,1,0
421039,6651,0,0,1,0,0
421214,6652,0,0,0,1,0
421330,6653,0,0,0,1,0
421460,6654,0,0,0,1,0
421566,6655,0,0,0,1,0
421611,6656,0,0,1,0,0
421655,6657,0,0,1,0,0
421824,6658,0,0,0,1,0
421944,6659,0,0,0,1,0
422128,6660,0,0,0,1,0
422319,6661,0,0,0,1,0
422483,6662,0,0,0,1,0
422500,6663,0,0,1,0,0
422677,6664,0,0,0,1,0
422781,6665,0,0,0,1,0
422856,6666,0,0,1,0,0
422953,6667,0,0,0,1,0
423070,6668,0,0,0,1,0
423201,6669,0,0,1,0,0
423268,6670,0,0,1,0,0
423484,6671,0,0,0,1,0
423609,6672,0,0,0,1,0
423673,6673,0,0,1,0,0
424084,6674,0,0,0,1,0
424196,6675,0,0,0,1,0
424245,6676,0,0,1,0,0
424367,6677,0,0,0,1,0
424374,6678,1,0,0,0,0
424478,6679,0,0,0,1,0
424510,6680,0,0,1,0,0
424595,6681,0,0,1,0,0
424700,6682,0,0,0,1,0
424846,6683,0,0,0,1,0
424961,6684,0,0,0,1,0
425008,6685,0,0,1,0,0
425028,6686,0,0,1,0,0
425128,6687,0,0,0,1,0
425236,6688,0,0,0,1,0
425353,6689,0,0,0,1,0
425457,6690,0,0,0,1,0
425571,6691,0,0,0,1,0
425595,6692,0,0,1,0,0
425716,6693,0,0,0,1,0
425857,6694,0,0,0,1,0
425911,6695,0,0,1,0,0
426095,6696,0,0,0,1,0
426181,6697,0,0,0,1,0
426241,6698,0,0,1,0,0
426368,6699,0,0,0,1,0
426479,6700,0,0,0,1,0
426483,6701,0,0,1,0,0
426586,6702,0,0,0,1,0
426588,6703,0,0,1,0,0
426735,6704,0,0,0,1,0
426796,6705,0,0,1,0,0
426834,6706,0,0,1,0,0
427008,6707,0,0,0,1,0
427017,6708,0,0,1,0,0
427169,6709,0,0,0,1,0
427317,6710,0,0,1,0,0
427407,6711,0,0,0,1,0
427579,6712,0,0,0,1,0
427673,6713,0,0,0,1,0
427685,6714,0,0,1,0,0
428080,6715,0,0,0,1,0
428155,6716,0,0,1,0,0
428194,6717,0,0,1,0,0
428302,6718,0,0,1,0,0
428409,6719,0,0,0,1,0
428438,6720,0,0,1,0,0
428553,6721,0,0,0,1,0
428596,6722,0,0,1,0,0
428670,6723,0,0,1,0,0
428712,6724,0,0,1,0,0
428806,6725,0,0,0,1,0
428819,6726,0,0,1,0,0
428912,6727,0,0,0,1,0
429006,6728,0,0,0,1,0
429104,6729,0,0,0,1,0
429218,6730,0,0,0,1,0
429345,6731,0,0,0,1,0
429364,6732,0,0,1,0,0
429381,6733,0,0,1,0,0
429475,6734,0,0,0,1,0
429558,6735,0,0,0,1,0
429650,6736,0,0,0,1,0
429724,6737,0,0,1,0,0
429727,6738,0,0,1,0,0
429825,6739,0,0,0,1,0
430001,6740,0,0,0,1,0
430176,6741,0,0,0,1,0
430283,6742,0,0,1,0,0
430469,6743,0,0,1,0,0
430506,6744,0,0,1,0,0
430545,6745,0,0,1,0,0
430635,6746,0,0,1,0,0
430730,6747,0,0,1,0,0
430756,6748,0,0,1,0,0
430878,6749,0,0,0,1,0
430980,6750,0,0,0,1,0
430986,6751,0,0,1,0,0
431105,6752,0,0,0,1,0
431207,6753,0,0,0,1,0
431344,6754,0,0,0,1,0
431461,6755,0,0,0,1,0
431548,6756,0,0,1,0,0
431687,6757,0,0,0,1,0
431799,6758,0,0,0,1,0
431819,6759,0,0,1,0,0
431948,6760,0,0,0,1,0
431959,6761,0,0,1,0,0
432068,6762,0,0,0,1,0
432176,6763,0,0,0,1,0
432286,6764,0,0,0,1,0
432418,6765,0,0,0,1,0
432543,6766,0,0,0,1,0
432655,6767,0,0,0,1,0
432763,6768,0,0,0,1,0
432908,6769,0,0,0,1,0
432971,6770,0,0,1,0,0
433089,6771,0,0,0,1,0
433252,6772,0,0,1,0,0
433365,6773,0,0,0,1,0
433376,6774,0,0,1,0,0
433475,6775,0,0,0,1,0
433526,6776,0,0,1,0,0
433638,6777,0,0,0,1,0
433639,6778,1,0,0,0,0
433769,6779,0,0,0,1,0
433897,6780,0,0,0,1,0
433990,6781,0,0,0,1,0
434057,6782,0,0,1,0,0
434159,6783,0,0,1,0,0
434267,6784,0,0,0,1,0
434336,6785,0,0,1,0,0
434753,6786,0,0,1,0,0
434915,6787,0,0,1,0,0
434925,6788,0,0,1,0,0
435079,6789,0,0,0,1,0
435125,6790,0,0,1,0,0
435217,6791,0,0,1,0,0
435453,6792,0,0,0,1,0
435593,6793,0,0,0,1,0
435714,6794,0,0,1,0,0
435721,6795,0,0,1,0,0
435850,6796,0,0,0,1,0
435968,6797,0,0,1,0,0
436172,6798,0,0,0,1,0
436300,6799,0,0,0,1,0
436434,6800,0,0,0,1,0
436602,6801,0,0,1,0,0
436741,6802,0,0,0,1,0
436867,6803,0,0,1,0,0
437164,6804,0,0,0,1,0
437381,6805,0,0,1,0,0
437504,6806,0,0,0,1,0
437677,6807,0,0,0,1,0
437723,6808,0,0,1,0,0
437816,6809,0,0,0,1,0
437909,6810,0,0,0,1,0
438020,6811,0,0,0,1,0
438021,6812,0,0,1,0,0
438114,6813,0,0,0,1,0
438206,6814,0,0,0,1,0
438318,6815,0,0,0,1,0
438426,6816,0,0,0,1,0
438512,6817,0,0,0,1,0
438600,6818,0,0,0,1,0
438646,6819,0,0,1,0,0
438763,6820,0,0,0,1,0
438862,6821,0,0,0,1,0
438949,6822,0,0,0,1,0
439039,6823,0,0,0,1,0
439080,6824,0,0,1,0,0
439119,6825,0,0,1,0,0
439234,6826,0,0,0,1,0
439331,6827,0,0,0,1,0
439436,6828,0,0,0,1,0
439445,6829,0,0,1,0,0
439467,6830,0,0,1,0,0
439569,6831,0,0,0,1,0
439609,6832,0,0,1,0,0
439743,6833,0,0,0,1,0
439768,6834,0,0,1,0,0
439863,6835,0,0,0,1,0
439969,6836,0,0,0,1,0
440062,6837,0,0,0,1,0
440154,6838,0,0,0,1,0
440266,6839,0,0,0,1,0
440356,6840,0,0,0,1,0
440436,6841,0,0,1,0,0
440655,6842,0,0,0,1,0
440756,6843,0,0,0,1,0
440838,6844,0,0,1,0,0
440883,6845,0,0,1,0,0
440971,6846,0,0,0,1,0
441075,6847,0,0,0,1,0
441194,6848,0,0,0,1,0
441306,6849,0,0,1,0,0
441384,6850,0,0,1,0,0
441394,6851,0,0,1,0,0
441513,6852,0,0,0,1,0
441624,6853,0,0,0,1,0
441730,6854,0,0,0,1,0
441823,6855,0,0,1,0,0
441937,6856,0,0,0,1,0
442034,6857,0,0,0,1,0
442174,6858,0,0,1,0,0
442277,6859,0,0,0,1,0
442308,6860,0,0,1,0,0
442344,6861,0,0,1,0,0
442443,6862,0,0,0,1,0
442457,6863,0,0,1,0,0
442511,6864,0,0,1,0,0
442519,6865,0,0,1,0,0
442520,6866,0,0,1,0,0
442536,6867,0,0,1,0,0
442635,6868,0,0,0,1,0
442770,6869,0,0,1,0,0
442886,6870,0,0,0,1,0
443001,6871,0,0,0,1,0
443178,6872,0,0,0,1,0
443298,6873,0,0,0,1,0
443332,6874,0,0,1,0,0
443587,6875,0,0,0,1,0
443653,6876,0,0,1,0,0
443763,6877,0,0,0,1,0
443772,6878,0,0,1,0,0
443866,6879,0,0,0,1,0
443941,6880,0,0,0,1,0
443956,6881,0,0,1,0,0
443966,6882,1,0,0,0,0
444064,6883,0,0,0,1,0
444086,6884,0,0,1,0,0
444095,6885,0,0,1,0,0
444152,6886,0,0,1,0,0
444259,6887,0,0,0,1,0
444359,6888,0,0,0,1,0
444537,6889,0,0,0,1,0
444642,6890,0,0,0,1,0
444739,6891,0,0,0,1,0
444848,6892,0,0,0,1,0
444998,6893,0,0,0,1,0
445125,6894,0,0,1,0,0
445270,6895,0,0,0,1,0
445329,6896,0,0,1,0,0
445434,6897,0,0,0,1,0
445554,6898,0,0,0,1,0
445558,6899,1,0,0,0,0
445678,6900,0,0,0,1,0
445793,6901,0,0,0,1,0
445900,6902,0,0,0,1,0
446000,6903,0,0,0,1,0
446055,6904,0,0,1,0,0
446189,6905,0,0,0,1,0
446209,6906,0,0,1,0,0
446303,6907,0,0,0,1,0
446358,6908,0,0,1,0,0
446460,6909,0,0,0,1,0
446561,6910,0,0,0,1,0
446651,6911,0,0,1,0,0
446766,6912,0,0,0,1,0
446858,6913,0,0,0,1,0
446947,6914,0,0,0,1,0
447020,6915,0,0,1,0,0
447145,6916,0,0,1,0,0
447184,6917,0,0,1,0,0
447224,6918,0,0,1,0,0
447352,6919,0,0,0,1,0
447537,6920,0,0,1,0,0
447793,6921,0,0,1,0,0
447909,6922,0,0,1,0,0
448223,6923,0,0,1,0,0
448288,6924,0,0,1,0,0
448465,6925,0,0,1,0,0
448576,6926,0,0,0,1,0
448676,6927,0,0,0,1,0
448780,6928,0,0,0,1,0
449007,6929,0,0,0,1,0
449043,6930,0,0,1,0,0
449188,6931,0,0,1,0,0
449189,6932,0,0,1,0,0
449204,6933,0,0,1,0,0
449314,6934,0,0,0,1,0
449315,6935,1,0,0,0,0
449525,6936,0,0,0,1,0
449559,6937,0,0,1,0,0
449622,6938,0,0,1,0,0
449684,6939,0,0,1,0,0
449718,6940,0,0,1,0,0
449818,6941,0,0,0,1,0
449918,6942,0,0,1,0,0
449934,6943,0,0,1,0,0
450102,6944,0,0,0,1,0
450274,6945,0,0,1,0,0
450382,6946,0,0,0,1,0
450409,6947,0,0,1,0,0
450653,6948,0,0,1,0,0
450753,6949,0,0,0,1,0
450866,6950,0,0,0,1,0
450867,6951,0,0,1,0,0
450985,6952,0,0,1,0,0
451098,6953,0,0,1,0,0
451195,6954,0,0,0,1,0
451290,6955,0,0,0,1,0
451505,6956,0,0,0,1,0
451609,6957,0,0,0,1,0
451732,6958,0,0,0,1,0
451792,6959,0,0,1,0,0
451978,6960,0,0,0,1,0
451996,6961,0,0,1,0,0
452230,6962,0,0,0,1,0
452241,6963,0,0,1,0,0
452352,6964,0,0,0,1,0
452458,6965,0,0,0,1,0
452896,6966,0,0,0,1,0
453316,6967,0,0,0,1,0
453405,6968,0,0,0,1,0
453458,6969,0,0,1,0,0
453554,6970,0,0,0,1,0
453684,6971,0,0,0,1,0
453814,6972,0,0,0,1,0
453834,6973,0,0,1,0,0
453932,6974,0,0,1,0,0
454025,6975,0,0,0,1,0
454051,6976,0,0,1,0,0
454140,6977,0,0,0,1,0
454252,6978,0,0,0,1,0
454360,6979,0,0,0,1,0
454549,6980,0,0,0,1,0
454569,6981,0,0,1,0,0
454641,6982,0,0,1,0,0
455002,6983,0,0,0,1,0
455090,6984,0,0,0,1,0
455188,6985,0,0,0,1,0
455253,6986,0,0,1,0,0
455364,6987,0,0,0,1,0
455441,6988,0,0,1,0,0
455521,6989,0,0,1,0,0
455619,6990,0,0,0,1,0
455653,6991,0,0,1,0,0
455727,6992,0,0,1,0,0
455818,6993,0,0,0,1,0
455902,6994,0,0,1,0,0
455995,6995,0,0,0,1,0
456000,6996,0,0,1,0,0
456106,6997,0,0,0,1,0
456198,6998,0,0,0,1,0
456288,6999,0,0,0,1,0
456392,7000,0,0,0,1,0
456476,7001,0,0,0,1,0
456517,7002,0,0,1,0,0
456529,7003,0,0,1,0,0
456542,7004,0,0,1,0,0
456648,7005,0,0,0,1,0
456770,7006,0,0,0,1,0
457018,7007,0,0,0,1,0
457110,7008,0,0,0,1,0
457122,7009,0,0,1,0,0
457132,7010,0,0,1,0,0
457256,7011,0,0,0,1,0
457274,7012,0,0,1,0,0
457277,7013,1,0,0,0,0
457554,7014,0,0,1,0,0
457645,7015,0,0,0,1,0
457671,7016,0,0,1,0,0
457701,7017,0,0,1,0,0
457823,7018,0,0,0,1,0
457962,7019,0,0,0,1,0
458284,7020,0,0,0,1,0
458446,7021,0,0,0,1,0
458457,7022,0,0,1,0,0
458565,7023,0,0,0,1,0
458603,7024,0,0,1,0,0
458743,7025,0,0,0,1,0
458942,7026,0,0,1,0,0
459030,7027,0,0,0,1,0
459116,7028,0,0,1,0,0
459209,7029,0,0,0,1,0
459393,7030,0,0,0,1,0
459436,7031,0,0,1,0,0
459448,7032,0,0,1,0,0
459573,7033,0,0,0,1,0
459836,7034,0,0,0,1,0
459937,7035,0,0,0,1,0
460008,7036,0,0,1,0,0
460233,7037,0,0,0,1,0
460448,7038,0,0,1,0,0
460536,7039,0,0,0,1,0
460665,7040,0,0,1,0,0
460796,7041,0,0,0,1,0
460890,7042,0,0,0,1,0
460939,7043,0,0,1,0,0
461042,7044,0,0,0,1,0
461260,7045,0,0,1,0,0
461275,7046,0,0,1,0,0
461358,7047,0,0,0,1,0
461484,7048,0,0,0,1,0
461485,7049,0,0,1,0,0
461489,7050,1,0,0,0,0
461607,7051,0,0,1,0,0
461716,7052,0,0,1,0,0
461769,7053,0,0,1,0,0
461831,7054,0,0,1,0,0
462041,7055,0,0,0,1,0
462127,7056,0,0,0,1,0
462225,7057,0,0,0,1,0
462379,7058,0,0,0,1,0
462467,7059,0,0,1,0,0
462571,7060,0,0,1,0,0
462657,7061,0,0,0,1,0
462787,7062,0,0,0,1,0
462903,7063,0,0,0,1,0
463216,7064,0,0,0,1,0
463456,7065,0,0,1,0,0
463472,7066,0,0,1,0,0
463600,7067,0,0,1,0,0
463756,7068,0,0,0,1,0
464093,7069,0,0,0,1,0
464188,7070,0,0,1,0,0
464301,7071,0,0,0,1,0
464497,7072,0,0,0,1,0
464596,7073,0,0,1,0,0
464640,7074,0,0,1,0,0
464740,7075,0,0,0,1,0
464777,7076,0,0,1,0,0
464898,7077,0,0,0,1,0
464907,7078,0,0,1,0,0
465036,7079,0,0,0,1,0
465085,7080,0,0,1,0,0
465198,7081,0,0,0,1,0
465266,7082,0,0,1,0,0
465329,7083,0,0,1,0,0
465411,7084,0,0,1,0,0
465425,7085,0,0,1,0,0
465525,7086,0,0,0,1,0
465642,7087,0,0,0,1,0
465663,7088,0,0,1,0,0
465669,7089,0,0,1,0,0
465776,7090,0,0,0,1,0
465842,7091,0,0,1,0,0
465856,7092,0,0,1,0,0
465958,7093,0,0,0,1,0
466039,7094,0,0,0,1,0
466142,7095,0,0,0,1,0
466232,7096,0,0,0,1,0
466350,7097,0,0,0,1,0
466441,7098,0,0,0,1,0
466531,7099,0,0,0,1,0
466625,7100,0,0,0,1,0
466688,7101,0,0,1,0,0
466790,7102,0,0,0,1,0
466887,7103,0,0,0,1,0
466997,7104,0,0,1,0,0
467098,7105,0,0,0,1,0
467203,7106,0,0,0,1,0
467313,7107,0,0,0,1,0
467346,7108,0,0,1,0,0
467471,7109,0,0,0,1,0
467581,7110,0,0,0,1,0
467706,7111,0,0,0,1,0
467814,7112,0,0,0,1,0
467919,7113,0,0,0,1,0
468032,7114,0,0,0,1,0
468142,7115,0,0,0,1,0
468252,7116,0,0,0,1,0
468360,7117,0,0,0,1,0
468438,7118,0,0,1,0,0
468547,7119,0,0,1,0,0
468673,7120,0,0,0,1,0
468803,7121,0,0,0,1,0
468807,7122,1,0,0,0,0
468946,7123,0,0,0,1,0
469004,7124,0,0,1,0,0
469026,7125,0,0,1,0,0
469074,7126,0,0,1,0,0
469095,7127,0,0,1,0,0
469230,7128,0,0,0,1,0
469350,7129,0,0,0,1,0
469451,7130,0,0,0,1,0
469464,7131,0,0,1,0,0
469579,7132,0,0,0,1,0
469690,7133,0,0,1,0,0
469784,7134,0,0,0,1,0
469810,7135,0,0,1,0,0
469909,7136,0,0,0,1,0
469995,7137,0,0,1,0,0
470043,7138,0,0,1,0,0
470118,7139,0,0,1,0,0
470269,7140,0,0,0,1,0
470328,7141,0,0,1,0,0
470435,7142,0,0,0,1,0
470437,7143,0,0,1,0,0
470651,7144,0,0,0,1,0
470653,7145,1,0,0,0,0
470684,7146,0,0,1,0,0
470685,7147,0,0,1,0,0
470767,7148,0,0,1,0,0
470811,7149,0,0,1,0,0
470961,7150,0,0,0,1,0
471063,7151,0,0,0,1,0
471204,7152,0,0,0,1,0
471293,7153,0,0,0,1,0
471420,7154,0,0,0,1,0
471533,7155,0,0,0,1,0
471651,7156,0,0,0,1,0
471806,7157,0,0,1,0,0
471825,7158,0,0,1,0,0
471859,7159,0,0,1,0,0
471922,7160,0,0,1,0,0
472260,7161,0,0,1,0,0
472420,7162,0,0,1,0,0
472697,7163,0,0,0,1,0
472789,7164,0,0,1,0,0
472982,7165,0,0,0,1,0
473083,7166,0,0,0,1,0
473125,7167,0,0,1,0,0
473248,7168,0,0,0,1,0
473289,7169,0,0,1,0,0
473377,7170,0,0,0,1,0
473503,7171,0,0,0,1,0
473536,7172,0,0,1,0,0
473615,7173,0,0,1,0,0
473715,7174,0,0,0,1,0
473824,7175,0,0,0,1,0
473910,7176,0,0,0,1,0
473960,7177,0,0,1,0,0
474196,7178,0,0,1,0,0
474341,7179,0,0,1,0,0
474442,7180,0,0,1,0,0
474567,7181,0,0,0,1,0
474662,7182,0,0,0,1,0
474736,7183,0,0,1,0,0
474754,7184,0,0,1,0,0
474860,7185,0,0,0,1,0
474885,7186,0,0,1,0,0
474976,7187,0,0,0,1,0
475097,7188,0,0,0,1,0
475210,7189,0,0,0,1,0
475377,7190,0,0,0,1,0
475517,7191,0,0,0,1,0
475518,7192,0,0,1,0,0
475521,7193,0,0,1,0,0
475575,7194,0,0,1,0,0
475906,7195,0,0,1,0,0
476044,7196,0,0,0,1,0
476048,7197,0,0,1,0,0
476222,7198,0,0,0,1,0
476307,7199,0,0,0,1,0
476368,7200,0,0,1,0,0
476461,7201,0,0,0,1,0
476581,7202,0,0,1,0,0
476762,7203,0,0,0,1,0
476782,7204,0,0,1,0,0
477033,7205,0,0,0,1,0
477257,7206,0,0,0,1,0
477326,7207,0,0,1,0,0
477349,7208,0,0,1,0,0
477504,7209,0,0,0,1,0
477553,7210,0,0,1,0,0
477647,7211,0,0,0,1,0
477750,7212,0,0,1,0,0
477848,7213,0,0,0,1,0
477974,7214,0,0,0,1,0
478070,7215,0,0,0,1,0
478256,7216,0,0,0,1,0
478314,7217,0,0,1,0,0
478341,7218,0,0,1,0,0
478348,7219,0,0,1,0,0
478426,7220,0,0,1,0,0
478528,7221,0,0,0,1,0
478641,7222,0,0,0,1,0
478747,7223,0,0,0,1,0
478954,7224,0,0,0,1,0
478978,7225,0,0,1,0,0
478992,7226,0,0,1,0,0
479180,7227,0,0,1,0,0
479309,7228,0,0,0,1,0
479408,7229,0,0,1,0,0
479636,7230,0,0,0,1,0
479678,7231,0,0,1,0,0
479746,7232,0,0,1,0,0
480008,7233,0,0,0,1,0
480162,7234,0,0,0,1,0
480304,7235,0,0,0,1,0
480352,7236,0,0,1,0,0
480444,7237,0,0,1,0,0
480468,7238,0,0,1,0,0
480620,7239,0,0,1,0,0
480656,7240,0,0,1,0,0
481057,7241,0,0,0,1,0
481258,7242,0,0,1,0,0
481263,7243,0,0,1,0,0
481274,7244,0,0,1,0,0
481403,7245,0,0,0,1,0
481459,7246,0,0,1,0,0
481563,7247,0,0,0,1,0
481568,7248,0,0,1,0,0
481679,7249,0,0,0,1,0
481800,7250,0,0,0,1,0
481916,7251,0,0,0,1,0
482017,7252,0,0,0,1,0
482109,7253,0,0,0,1,0
482169,7254,0,0,1,0,0
482196,7255,0,0,1,0,0
482259,7256,0,0,1,0,0
482284,7257,0,0,1,0,0
482402,7258,0,0,0,1,0
482517,7259,0,0,1,0,0
482661,7260,0,0,0,1,0
482786,7261,0,0,0,1,0
482910,7262,0,0,0,1,0
483151,7263,0,0,1,0,0
483438,7264,0,0,0,1,0
483583,7265,0,0,1,0,0
483614,7266,0,0,1,0,0
483655,7267,0,0,1,0,0
483996,7268,0,0,0,1,0
484106,7269,0,0,1,0,0
484338,7270,0,0,0,1,0
484528,7271,0,0,0,1,0
484762,7272,0,0,0,1,0
485228,7273,0,0,0,1,0
485291,7274,0,0,1,0,0
485396,7275,0,0,1,0,0
485420,7276,0,0,1,0,0
485715,7277,0,0,0,1,0
485874,7278,0,0,1,0,0
485928,7279,0,0,1,0,0
486068,7280,0,0,1,0,0
486167,7281,0,0,0,1,0
486385,7282,0,0,1,0,0
486474,7283,0,0,1,0,0
486662,7284,0,0,0,1,0
486666,7285,0,0,1,0,0
486742,7286,0,0,1,0,0
486868,7287,0,0,1,0,0
486907,7288,0,0,1,0,0
487089,7289,0,0,1,0,0
487178,7290,0,0,1,0,0
487186,7291,0,0,1,0,0
487283,7292,0,0,1,0,0
487337,7293,0,0,1,0,0
487461,7294,0,0,0,1,0
487788,7295,0,0,0,1,0
487846,7296,0,0,1,0,0
488093,7297,0,0,1,0,0
488274,7298,0,0,1,0,0
488417,7299,0,0,0,1,0
488420,7300,0,0,1,0,0
488468,7301,0,0,1,0,0
488642,7302,0,0,1,0,0
488902,7303,0,0,1,0,0
489000,7304,0,0,1,0,0
489305,7305,0,0,0,1,0
489548,7306,0,0,1,0,0
489563,7307,0,0,1,0,0
489595,7308,0,0,1,0,0
489696,7309,0,0,0,1,0
489735,7310,0,0,1,0,0
489848,7311,0,0,0,1,0
489967,7312,0,0,0,1,0
490042,7313,0,0,1,0,0
490148,7314,0,0,0,1,0
490239,7315,0,0,1,0,0
490360,7316,0,0,0,1,0
490479,7317,0,0,0,1,0
490812,7318,0,0,0,1,0
490935,7319,0,0,1,0,0
491143,7320,0,0,0,1,0
491258,7321,0,0,0,1,0
491289,7322,0,0,1,0,0
491406,7323,0,0,0,1,0
491458,7324,0,0,1,0,0
491560,7325,0,0,0,1,0
491664,7326,0,0,0,1,0
492046,7327,0,0,0,1,0
492136,7328,0,0,1,0,0
492226,7329,0,0,0,1,0
492338,7330,0,0,0,1,0
492355,7331,0,0,1,0,0
492494,7332,0,0,0,1,0
492609,7333,0,0,0,1,0
492699,7334,0,0,0,1,0
492794,7335,0,0,0,1,0
492907,7336,0,0,1,0,0
493006,7337,0,0,1,0,0
493131,7338,0,0,0,1,0
493238,7339,0,0,0,1,0
493369,7340,0,0,0,1,0
493484,7341,0,0,1,0,0
493580,7342,0,0,0,1,0
493673,7343,0,0,0,1,0
493769,7344,0,0,0,1,0
493834,7345,0,0,1,0,0
493928,7346,0,0,1,0,0
494048,7347,0,0,0,1,0
494154,7348,0,0,0,1,0
494217,7349,0,0,1,0,0
494224,7350,0,0,1,0,0
494535,7351,0,0,1,0,0
494692,7352,0,0,1,0,0
494809,7353,0,0,1,0,0
494966,7354,0,0,0,1,0
494986,7355,0,0,1,0,0
495118,7356,0,0,0,1,0
495286,7357,0,0,1,0,0
495698,7358,0,0,0,1,0
496198,7359,0,0,0,0,1
496698,7360,0,0,0,0,1
496887,7361,0,0,0,1,0
496903,7362,0,0,1,0,0
496926,7363,0,0,1,0,0
496989,7364,0,0,1,0,0
496997,7365,0,0,1,0,0
497278,7366,0,0,0,1,0
497384,7367,0,0,0,1,0
497526,7368,0,0,1,0,0
497931,7369,0,0,0,1,0
497960,7370,0,0,1,0,0
498110,7371,0,0,0,1,0
498145,7372,0,0,1,0,0
498213,7373,0,0,1,0,0
498291,7374,0,0,0,1,0
498375,7375,0,0,0,1,0
498450,7376,0,0,1,0,0
498541,7377,0,0,1,0,0
498631,7378,0,0,0,1,0
498786,7379,0,0,0,1,0
498791,7380,1,0,0,0,0
498873,7381,0,0,0,1,0
498933,7382,0,0,1,0,0
499317,7383,0,0,1,0,0
499442,7384,0,0,0,1,0
499444,7385,0,0,1,0,0
499604,7386,0,0,1,0,0
499864,7387,0,0,1,0,0
499941,7388,0,0,1,0,0
500098,7389,0,0,1,0,0
500157,7390,0,0,1,0,0
500159,7391,0,0,1,0,0
500383,7392,0,0,1,0,0
500494,7393,0,0,1,0,0
500638,7394,0,0,1,0,0
500758,7395,0,0,0,1,0
500784,7396,0,0,1,0,0
500874,7397,0,0,0,1,0
500983,7398,0,0,0,1,0
501066,7399,0,0,1,0,0
501319,7400,0,0,0,1,0
501505,7401,0,0,1,0,0
501548,7402,0,0,1,0,0
501569,7403,0,0,1,0,0
501733,7404,0,0,0,1,0
501844,7405,0,0,0,1,0
501974,7406,0,0,1,0,0
501983,7407,0,0,1,0,0
502075,7408,0,0,0,1,0
502128,7409,0,0,1,0,0
502132,7410,0,0,1,0,0
502168,7411,0,0,1,0,0
502282,7412,0,0,0,1,0
502571,7413,0,0,0,1,0
502595,7414,0,0,1,0,0
502912,7415,0,0,0,1,0
502946,7416,0,0,1,0,0
503204,7417,0,0,0,1,0
503312,7418,0,0,0,1,0
503335,7419,0,0,1,0,0
503380,7420,0,0,1,0,0
503467,7421,0,0,0,1,0
503478,7422,0,0,1,0,0
503511,7423,0,0,1,0,0
503600,7424,0,0,0,1,0
503693,7425,0,0,1,0,0
503724,7426,0,0,1,0,0
503990,7427,0,0,0,1,0
504177,7428,0,0,0,1,0
504285,7429,0,0,0,1,0
504428,7430,0,0,0,1,0
504571,7431,0,0,1,0,0
504717,7432,0,0,1,0,0
504744,7433,0,0,1,0,0
504846,7434,0,0,1,0,0
504936,7435,0,0,1,0,0
504949,7436,0,0,1,0,0
504987,7437,0,0,1,0,0
505063,7438,0,0,1,0,0
505149,7439,0,0,0,1,0
505281,7440,0,0,0,1,0
505447,7441,0,0,1,0,0
505700,7442,0,0,0,1,0
505849,7443,0,0,0,1,0
506035,7444,0,0,0,1,0
506369,7445,0,0,0,1,0
506531,7446,0,0,0,1,0
506601,7447,0,0,1,0,0
506773,7448,0,0,1,0,0
506846,7449,0,0,1,0,0
506927,7450,0,0,1,0,0
507112,7451,0,0,0,1,0
507249,7452,0,0,0,1,0
507360,7453,0,0,1,0,0
507363,7454,0,0,1,0,0
507502,7455,0,0,0,1,0
507544,7456,0,0,1,0,0
507585,7457,0,0,1,0,0
507701,7458,0,0,0,1,0
507703,7459,0,0,1,0,0
507825,7460,0,0,0,1,0
507878,7461,0,0,1,0,0
507986,7462,0,0,0,1,0
508081,7463,0,0,0,1,0
508302,7464,0,0,1,0,0
508638,7465,0,0,0,1,0
508744,7466,0,0,0,1,0
508809,7467,0,0,1,0,0
508885,7468,0,0,1,0,0
508995,7469,0,0,1,0,0
509036,7470,0,0,1,0,0
509430,7471,0,0,0,1,0
509592,7472,0,0,0,1,0
509617,7473,0,0,1,0,0
509850,7474,0,0,0,1,0
509972,7475,0,0,0,1,0
510201,7476,0,0,0,1,0
510377,7477,0,0,0,1,0
510877,7478,0,0,0,0,1
510969,7479,0,0,0,1,0
511109,7480,0,0,0,1,0
511269,7481,0,0,0,1,0
511449,7482,0,0,0,1,0
511580,7483,0,0,1,0,0
511664,7484,0,0,1,0,0
511801,7485,0,0,1,0,0
512129,7486,0,0,0,1,0
512465,7487,0,0,0,1,0
512719,7488,0,0,0,1,0
512952,7489,0,0,1,0,0
513043,7490,0,0,0,1,0
513284,7491,0,0,0,1,0
513435,7492,0,0,1,0,0
513747,7493,0,0,1,0,0
513838,7494,0,0,0,1,0
513854,7495,0,0,1,0,0
514052,7496,0,0,1,0,0
514114,7497,0,0,1,0,0
514395,7498,0,0,1,0,0
514420,7499,0,0,1,0,0
514460,7500,0,0,1,0,0
514745,7501,0,0,0,1,0
514978,7502,0,0,1,0,0
515127,7503,0,0,0,1,0
515406,7504,0,0,0,1,0
515465,7505,0,0,1,0,0
515476,7506,0,0,1,0,0
515868,7507,0,0,1,0,0
516058,7508,0,0,0,1,0
516104,7509,0,0,1,0,0
516350,7510,0,0,1,0,0
516478,7511,0,0,1,0,0
516703,7512,0,0,0,1,0
516724,7513,0,0,1,0,0
516920,7514,0,0,0,1,0
516927,7515,0,0,1,0,0
517094,7516,0,0,0,1,0
517212,7517,0,0,1,0,0
517337,7518,0,0,0,1,0
517439,7519,0,0,0,1,0
517491,7520,0,0,1,0,0
517684,7521,0,0,0,1,0
518008,7522,0,0,1,0,0
518018,7523,0,0,1,0,0
518263,7524,0,0,0,1,0
518457,7525,0,0,1,0,0
518568,7526,0,0,1,0,0
518615,7527,0,0,1,0,0
518820,7528,0,0,1,0,0
518909,7529,0,0,0,1,0
519393,7530,0,0,1,0,0
519513,7531,0,0,0,1,0
519628,7532,0,0,1,0,0
519652,7533,0,0,1,0,0
519664,7534,0,0,1,0,0
519782,7535,0,0,1,0,0
519859,7536,0,0,1,0,0
519886,7537,0,0,1,0,0
520090,7538,0,0,0,1,0
520246,7539,0,0,0,1,0
520474,7540,0,0,1,0,0
520527,7541,0,0,1,0,0
520715,7542,0,0,1,0,0
520899,7543,0,0,0,1,0
521030,7544,0,0,1,0,0
521269,7545,0,0,0,1,0
521434,7546,0,0,1,0,0
521585,7547,0,0,0,1,0
521666,7548,0,0,0,1,0
521747,7549,0,0,1,0,0
521756,7550,0,0,1,0,0
521958,7551,0,0,0,1,0
522095,7552,0,0,0,1,0
522146,7553,0,0,1,0,0
522367,7554,0,0,0,1,0
522509,7555,0,0,1,0,0
522774,7556,0,0,0,1,0
522799,7557,0,0,1,0,0
522942,7558,0,0,1,0,0
523061,7559,0,0,0,1,0
523148,7560,0,0,1,0,0
523220,7561,0,0,1,0,0
523383,7562,0,0,1,0,0
523553,7563,0,0,1,0,0
523641,7564,0,0,0,1,0
523704,7565,0,0,1,0,0
523780,7566,0,0,1,0,0
523869,7567,0,0,0,1,0
523937,7568,0,0,1,0,0
524082,7569,0,0,0,1,0
524168,7570,0,0,0,1,0
524216,7571,0,0,1,0,0
524331,7572,0,0,0,1,0
524416,7573,0,0,1,0,0
524523,7574,0,0,1,0,0
524671,7575,0,0,0,1,0
524762,7576,0,0,1,0,0
524867,7577,0,0,1,0,0
524991,7578,0,0,0,1,0
525032,7579,0,0,1,0,0
525127,7580,0,0,0,1,0
525229,7581,0,0,1,0,0
525336,7582,0,0,0,1,0
525425,7583,0,0,1,0,0
525524,7584,0,0,0,1,0
525652,7585,0,0,0,1,0
525748,7586,0,0,0,1,0
525798,7587,0,0,1,0,0
525907,7588,0,0,0,1,0
526014,7589,0,0,0,1,0
526115,7590,0,0,0,1,0
526237,7591,0,0,0,1,0
526341,7592,0,0,0,1,0
526463,7593,0,0,0,1,0
526594,7594,0,0,0,1,0
526717,7595,0,0,0,1,0
526728,7596,0,0,1,0,0
526832,7597,0,0,0,1,0
526923,7598,0,0,0,1,0
527030,7599,0,0,0,1,0
527183,7600,0,0,1,0,0
527275,7601,0,0,0,1,0
527305,7602,0,0,1,0,0
527575,7603,0,0,1,0,0
527611,7604,0,0,1,0,0
527630,7605,0,0,1,0,0
528033,7606,0,0,0,1,0
528167,7607,0,0,1,0,0
528401,7608,0,0,1,0,0
528490,7609,0,0,0,1,0
528505,7610,0,0,1,0,0
528576,7611,0,0,1,0,0
528641,7612,0,0,1,0,0
528728,7613,0,0,1,0,0
528734,7614,1,0,0,0,0
528861,7615,0,0,0,1,0
528879,7616,0,0,1,0,0
529379,7617,0,0,0,0,1
529730,7618,0,0,0,1,0
529834,7619,0,0,0,1,0
529889,7620,0,0,1,0,0
530245,7621,0,0,0,1,0
530260,7622,0,0,1,0,0
530473,7623,0,0,0,1,0
530639,7624,0,0,1,0,0
530733,7625,0,0,0,1,0
530829,7626,0,0,0,1,0
530946,7627,0,0,1,0,0
531000,7628,0,0,1,0,0
531034,7629,0,0,1,0,0
531449,7630,0,0,0,1,0
531584,7631,0,0,0,1,0
531632,7632,0,0,1,0,0
531763,7633,0,0,1,0,0
531869,7634,0,0,0,1,0
532003,7635,0,0,0,1,0
532222,7636,0,0,1,0,0
532330,7637,0,0,0,1,0
532405,7638,0,0,1,0,0
532674,7639,0,0,0,1,0
532788,7640,0,0,1,0,0
532839,7641,0,0,1,0,0
533197,7642,0,0,1,0,0
533303,7643,0,0,0,1,0
533306,7644,1,0,0,0,0
533541,7645,0,0,1,0,0
533576,7646,0,0,1,0,0
533645,7647,0,0,1,0,0
533722,7648,0,0,0,1,0
533854,7649,0,0,1,0,0
533887,7650,0,0,1,0,0
534193,7651,0,0,0,1,0
534387,7652,0,0,0,1,0
534736,7653,0,0,1,0,0
534833,7654,0,0,0,1,0
535039,7655,0,0,0,1,0
535222,7656,0,0,0,1,0
535548,7657,0,0,1,0,0
535567,7658,0,0,1,0,0
535622,7659,0,0,1,0,0
535648,7660,0,0,1,0,0
535676,7661,0,0,1,0,0
535822,7662,0,0,0,1,0
535930,7663,0,0,1,0,0
536014,7664,0,0,1,0,0
536157,7665,0,0,0,1,0
536415,7666,0,0,1,0,0
536735,7667,0,0,1,0,0
536756,7668,0,0,1,0,0
536760,7669,0,0,1,0,0
536975,7670,0,0,0,1,0
537444,7671,0,0,0,1,0
537865,7672,0,0,0,1,0
537934,7673,0,0,0,1,0
537943,7674,0,0,1,0,0
538074,7675,0,0,0,1,0
538315,7676,0,0,0,1,0
538454,7677,0,0,1,0,0
538471,7678,0,0,1,0,0
538557,7679,0,0,0,1,0
538661,7680,0,0,0,1,0
538782,7681,0,0,0,1,0
538957,7682,0,0,1,0,0
539078,7683,0,0,0,1,0
539176,7684,0,0,0,1,0
539294,7685,0,0,1,0,0
539342,7686,0,0,1,0,0
539506,7687,0,0,0,1,0
539779,7688,0,0,1,0,0
539898,7689,0,0,0,1,0
539922,7690,0,0,1,0,0
540074,7691,0,0,1,0,0
540160,7692,0,0,1,0,0
540467,7693,0,0,1,0,0
540558,7694,0,0,1,0,0
540766,7695,0,0,0,1,0
540808,7696,0,0,1,0,0
540971,7697,0,0,1,0,0
541160,7698,0,0,0,1,0
541171,7699,0,0,1,0,0
541242,7700,0,0,1,0,0
541375,7701,0,0,1,0,0
541380,7702,0,0,1,0,0
541396,7703,0,0,1,0,0
541495,7704,0,0,1,0,0
541664,7705,0,0,0,1,0
541670,7706,0,0,1,0,0
541791,7707,0,0,0,1,0
541888,7708,0,0,1,0,0
541988,7709,0,0,0,1,0
542356,7710,0,0,0,1,0
542526,7711,0,0,1,0,0
542555,7712,0,0,1,0,0
542650,7713,0,0,1,0,0
542669,7714,0,0,1,0,0
542873,7715,0,0,1,0,0
542911,7716,0,0,1,0,0
543091,7717,0,0,0,1,0
543154,7718,0,0,1,0,0
543197,7719,0,0,1,0,0
543284,7720,0,0,1,0,0
543468,7721,0,0,0,1,0
543502,7722,0,0,1,0,0
543534,7723,0,0,1,0,0
543680,7724,0,0,0,1,0
543704,7725,0,0,1,0,0
543763,7726,0,0,1,0,0
543917,7727,0,0,0,1,0
544020,7728,0,0,0,1,0
544047,7729,0,0,1,0,0
544301,7730,0,0,0,1,0
544497,7731,0,0,0,1,0
544611,7732,0,0,0,1,0
544747,7733,0,0,0,1,0
544814,7734,0,0,0,1,0
544944,7735,0,0,0,1,0
545157,7736,0,0,0,1,0
545163,7737,0,0,1,0,0
545249,7738,0,0,1,0,0
545399,7739,0,0,0,1,0
545479,7740,0,0,1,0,0
545613,7741,0,0,0,1,0
545700,7742,0,0,1,0,0
545716,7743,0,0,1,0,0
545788,7744,0,0,1,0,0
546027,7745,0,0,0,1,0
546112,7746,0,0,0,1,0
546186,7747,0,0,1,0,0
546203,7748,0,0,1,0,0
546478,7749,0,0,0,1,0
546630,7750,0,0,0,1,0
546896,7751,0,0,0,1,0
546989,7752,0,0,1,0,0
547045,7753,0,0,1,0,0
547174,7754,0,0,1,0,0
547306,7755,0,0,0,1,0
547324,7756,0,0,1,0,0
547380,7757,0,0,1,0,0
547501,7758,0,0,1,0,0
547632,7759,0,0,1,0,0
547989,7760,0,0,0,1,0
548031,7761,0,0,1,0,0
548104,7762,0,0,1,0,0
548248,7763,0,0,0,1,0
548357,7764,0,0,0,1,0
548449,7765,0,0,0,1,0
548545,7766,0,0,0,1,0
548564,7767,0,0,1,0,0
548625,7768,0,0,1,0,0
548756,7769,0,0,0,1,0
548877,7770,0,0,0,1,0
548966,7771,0,0,0,1,0
549087,7772,0,0,0,1,0
549188,7773,0,0,0,1,0
549300,7774,0,0,0,1,0
549320,7775,0,0,1,0,0
549359,7776,0,0,1,0,0
549430,7777,0,0,0,1,0
549565,7778,0,0,0,1,0
549727,7779,0,0,1,0,0
549819,7780,0,0,0,1,0
549890,7781,0,0,1,0,0
549996,7782,0,0,0,1,0
550084,7783,0,0,1,0,0
550192,7784,0,0,0,1,0
550275,7785,0,0,1,0,0
550411,7786,0,0,0,1,0
550538,7787,0,0,0,1,0
550625,7788,0,0,1,0,0
550758,7789,0,0,0,1,0
550857,7790,0,0,0,1,0
550957,7791,0,0,0,1,0
551068,7792,0,0,0,1,0
551195,7793,0,0,0,1,0
551302,7794,0,0,0,1,0
551307,7795,0,0,1,0,0
551405,7796,0,0,0,1,0
551464,7797,0,0,1,0,0
551567,7798,0,0,0,1,0
551598,7799,0,0,1,0,0
551703,7800,0,0,1,0,0
551827,7801,0,0,1,0,0
551926,7802,0,0,0,1,0
552015,7803,0,0,0,1,0
552031,7804,0,0,1,0,0
552120,7805,0,0,1,0,0
552221,7806,0,0,0,1,0
552402,7807,0,0,0,1,0
552415,7808,0,0,1,0,0
552509,7809,0,0,0,1,0
553009,7810,0,0,0,0,1
553028,7811,0,0,1,0,0
553148,7812,0,0,0,1,0
553193,7813,0,0,1,0,0
553215,7814,0,0,1,0,0
553333,7815,0,0,1,0,0
553338,7816,0,0,1,0,0
553566,7817,0,0,0,1,0
553787,7818,0,0,0,1,0
553940,7819,0,0,1,0,0
553979,7820,0,0,1,0,0
554014,7821,0,0,1,0,0
554103,7822,0,0,0,1,0
554161,7823,0,0,1,0,0
554246,7824,0,0,1,0,0
554502,7825,0,0,0,1,0
555002,7826,0,0,0,0,1
555211,7827,0,0,0,1,0
555215,7828,0,0,1,0,0
555569,7829,0,0,0,1,0
556067,7830,0,0,0,1,0
556134,7831,0,0,1,0,0
556167,7832,0,0,1,0,0
556292,7833,0,0,1,0,0
556367,7834,0,0,1,0,0
556386,7835,0,0,1,0,0
556471,7836,0,0,0,1,0
556594,7837,0,0,0,1,0
556658,7838,0,0,1,0,0
556752,7839,0,0,0,1,0
556861,7840,0,0,1,0,0
556955,7841,0,0,0,1,0
556992,7842,0,0,1,0,0
557110,7843,0,0,0,1,0
557216,7844,0,0,0,1,0
557332,7845,0,0,0,1,0
557410,7846,0,0,1,0,0
557443,7847,0,0,1,0,0
557445,7848,0,0,1,0,0
557538,7849,0,0,0,1,0
557579,7850,0,0,1,0,0
557677,7851,0,0,1,0,0
557788,7852,0,0,0,1,0
557848,7853,0,0,1,0,0
557946,7854,0,0,0,1,0
557970,7855,0,0,1,0,0
557996,7856,0,0,1,0,0
558111,7857,0,0,1,0,0
558215,7858,0,0,0,1,0
558326,7859,0,0,0,1,0
558430,7860,0,0,1,0,0
558600,7861,0,0,0,1,0
558869,7862,0,0,0,1,0
558923,7863,0,0,1,0,0
559127,7864,0,0,0,1,0
559129,7865,1,0,0,0,0
559134,7866,0,0,1,0,0
559200,7867,0,0,0,1,0
559312,7868,0,0,1,0,0
559324,7869,0,0,1,0,0
559514,7870,0,0,0,1,0
559529,7871,0,0,1,0,0
559739,7872,0,0,1,0,0
559810,7873,0,0,1,0,0
559940,7874,0,0,1,0,0
559962,7875,0,0,1,0,0
560116,7876,0,0,0,1,0
560367,7877,0,0,0,1,0
560545,7878,0,0,0,1,0
560565,7879,0,0,1,0,0
560729,7880,0,0,0,1,0
560734,7881,1,0,0,0,0
560831,7882,0,0,1,0,0
560885,7883,0,0,1,0,0
561071,7884,0,0,1,0,0
561081,7885,0,0,1,0,0
561301,7886,0,0,0,1,0
561376,7887,0,0,1,0,0
561701,7888,0,0,1,0,0
561790,7889,0,0,1,0,0
561926,7890,0,0,1,0,0
562315,7891,0,0,1,0,0
562318,7892,0,0,1,0,0
562403,7893,0,0,1,0,0
562625,7894,0,0,1,0,0
562727,7895,0,0,1,0,0
562855,7896,0,0,1,0,0
562964,7897,0,0,1,0,0
563012,7898,0,0,1,0,0
563041,7899,0,0,1,0,0
563105,7900,0,0,0,1,0
563182,7901,0,0,1,0,0
563355,7902,0,0,0,1,0
563522,7903,0,0,1,0,0
563568,7904,0,0,1,0,0
563839,7905,0,0,1,0,0
564019,7906,0,0,1,0,0
564170,7907,0,0,1,0,0
564240,7908,0,0,1,0,0
564314,7909,0,0,1,0,0
564455,7910,0,0,1,0,0
564660,7911,0,0,0,1,0
564766,7912,0,0,0,1,0
564855,7913,0,0,1,0,0
564911,7914,0,0,1,0,0
564963,7915,0,0,1,0,0
565034,7916,0,0,1,0,0
565207,7917,0,0,1,0,0
565228,7918,0,0,1,0,0
565276,7919,0,0,1,0,0
565435,7920,0,0,0,1,0
565517,7921,0,0,0,1,0
565556,7922,0,0,1,0,0
565661,7923,0,0,0,1,0
565699,7924,0,0,1,0,0
566062,7925,0,0,0,1,0
566146,7926,0,0,1,0,0
566227,7927,0,0,1,0,0
566338,7928,0,0,1,0,0
566538,7929,0,0,1,0,0
566552,7930,0,0,1,0,0
566565,7931,0,0,1,0,0
566862,7932,0,0,1,0,0
567176,7933,0,0,0,1,0
567525,7934,0,0,0,1,0
567645,7935,0,0,0,1,0
567664,7936,0,0,1,0,0
567772,7937,0,0,0,1,0
567886,7938,0,0,0,1,0
567910,7939,0,0,1,0,0
567955,7940,0,0,1,0,0
568133,7941,0,0,0,1,0
568141,7942,0,0,1,0,0
568378,7943,0,0,1,0,0
568533,7944,0,0,1,0,0
568661,7945,0,0,0,1,0
568910,7946,0,0,0,1,0
569118,7947,0,0,0,1,0
569225,7948,0,0,0,1,0
569351,7949,0,0,1,0,0
569487,7950,0,0,1,0,0
569526,7951,0,0,1,0,0
569586,7952,0,0,1,0,0
569879,7953,0,0,0,1,0
570261,7954,0,0,0,1,0
570346,7955,0,0,0,1,0
570404,7956,0,0,1,0,0
570751,7957,0,0,0,1,0
570757,7958,0,0,1,0,0
570771,7959,0,0,1,0,0
571103,7960,0,0,0,1,0
571132,7961,0,0,1,0,0
571159,7962,0,0,1,0,0
571160,7963,0,0,1,0,0
571318,7964,0,0,0,1,0
571601,7965,0,0,0,1,0
571703,7966,0,0,0,1,0
571811,7967,0,0,1,0,0
571955,7968,0,0,0,1,0
571967,7969,0,0,1,0,0
572003,7970,0,0,1,0,0
572122,7971,0,0,0,1,0
572137,7972,0,0,1,0,0
572191,7973,0,0,1,0,0
572215,7974,0,0,1,0,0
572238,7975,0,0,1,0,0
572328,7976,0,0,0,1,0
572434,7977,0,0,1,0,0
572438,7978,1,0,0,0,0
572495,7979,0,0,1,0,0
572679,7980,0,0,1,0,0
572835,7981,0,0,0,1,0
573101,7982,0,0,1,0,0
573218,7983,0,0,1,0,0
573499,7984,0,0,0,1,0
573527,7985,0,0,1,0,0
573717,7986,0,0,0,1,0
573731,7987,0,0,1,0,0
573834,7988,0,0,1,0,0
574102,7989,0,0,1,0,0
574169,7990,0,0,1,0,0
574358,7991,0,0,1,0,0
574400,7992,0,0,1,0,0
574807,7993,0,0,1,0,0
574922,7994,0,0,1,0,0
575089,7995,0,0,1,0,0
575265,7996,0,0,1,0,0
575579,7997,0,0,0,1,0
575607,7998,0,0,1,0,0
575770,7999,0,0,1,0,0
575806,8000,0,0,1,0,0
576026,8001,0,0,1,0,0
576239,8002,0,0,0,1,0
576384,8003,0,0,1,0,0
576499,8004,0,0,0,1,0
576536,8005,0,0,1,0,0
576553,8006,0,0,1,0,0
576558,8007,1,0,0,0,0
576749,8008,0,0,1,0,0
576822,8009,0,0,1,0,0
576924,8010,0,0,0,1,0
577313,8011,0,0,1,0,0
577367,8012,0,0,1,0,0
577443,8013,0,0,1,0,0
577475,8014,0,0,1,0,0
577486,8015,0,0,1,0,0
577491,8016,1,0,0,0,0
577609,8017,0,0,1,0,0
577755,8018,0,0,1,0,0
577884,8019,0,0,0,1,0
578001,8020,0,0,1,0,0
578473,8021,0,0,1,0,0
578572,8022,0,0,1,0,0
578713,8023,0,0,1,0,0
578802,8024,0,0,0,1,0
578898,8025,0,0,0,1,0
579381,8026,0,0,0,1,0
579592,8027,0,0,1,0,0
579714,8028,0,0,1,0,0
579919,8029,0,0,1,0,0
580023,8030,0,0,1,0,0
580148,8031,0,0,1,0,0
580498,8032,0,0,1,0,0
580663,8033,0,0,1,0,0
580744,8034,0,0,0,1,0
580991,8035,0,0,1,0,0
581246,8036,0,0,0,1,0
581324,8037,0,0,1,0,0
581530,8038,0,0,1,0,0
581621,8039,0,0,1,0,0
581684,8040,0,0,1,0,0
581885,8041,0,0,0,1,0
582107,8042,0,0,1,0,0
582265,8043,0,0,1,0,0
582345,8044,0,0,1,0,0
582411,8045,0,0,1,0,0
582508,8046,0,0,1,0,0
582651,8047,0,0,0,1,0
582841,8048,0,0,1,0,0
582863,8049,0,0,1,0,0
583011,8050,0,0,1,0,0
583139,8051,0,0,1,0,0
583330,8052,0,0,1,0,0
583473,8053,0,0,0,1,0
583708,8054,0,0,0,1,0
584049,8055,0,0,1,0,0
584179,8056,0,0,0,1,0
584200,8057,0,0,1,0,0
584522,8058,0,0,0,1,0
584594,8059,0,0,1,0,0
584891,8060,0,0,0,1,0
584914,8061,0,0,1,0,0
584962,8062,0,0,1,0,0
585255,8063,0,0,0,1,0
585696,8064,0,0,0,1,0
585847,8065,0,0,0,1,0
585983,8066,0,0,0,1,0
586003,8067,0,0,1,0,0
586101,8068,0,0,0,1,0
586115,8069,0,0,1,0,0
586348,8070,0,0,0,1,0
586528,8071,0,0,1,0,0
586761,8072,0,0,0,1,0
587094,8073,0,0,1,0,0
587222,8074,0,0,1,0,0
587239,8075,0,0,1,0,0
587318,8076,0,0,1,0,0
587350,8077,0,0,1,0,0
587393,8078,0,0,1,0,0
587511,8079,0,0,1,0,0
587561,8080,0,0,1,0,0
587618,8081,0,0,1,0,0
587951,8082,0,0,0,1,0
588170,8083,0,0,0,1,0
588533,8084,0,0,1,0,0
588787,8085,0,0,0,1,0
589037,8086,0,0,1,0,0
589154,8087,0,0,0,1,0
589200,8088,0,0,1,0,0
589265,8089,0,0,1,0,0
589539,8090,0,0,0,1,0
589676,8091,0,0,1,0,0
589810,8092,0,0,0,1,0
589831,8093,0,0,1,0,0
589908,8094,0,0,1,0,0
590142,8095,0,0,1,0,0
590153,8096,0,0,1,0,0
590368,8097,0,0,1,0,0
590470,8098,0,0,0,1,0
590513,8099,0,0,1,0,0
590809,8100,0,0,0,1,0
590828,8101,0,0,1,0,0
590952,8102,0,0,1,0,0
590986,8103,0,0,1,0,0
591147,8104,0,0,1,0,0
591235,8105,0,0,0,1,0
591238,8106,0,0,1,0,0
591318,8107,0,0,1,0,0
591577,8108,0,0,0,1,0
591787,8109,0,0,0,1,0
591806,8110,0,0,1,0,0
591811,8111,0,0,1,0,0
591819,8112,0,0,1,0,0
591948,8113,0,0,1,0,0
592186,8114,0,0,0,1,0
592264,8115,0,0,1,0,0
592271,8116,0,0,1,0,0
592286,8117,0,0,1,0,0
592360,8118,0,0,1,0,0
592377,8119,0,0,1,0,0
592476,8120,0,0,0,1,0
592565,8121,0,0,1,0,0
592823,8122,0,0,0,1,0
592989,8123,0,0,1,0,0
593097,8124,0,0,0,1,0
593111,8125,0,0,1,0,0
593611,8126,0,0,0,0,1
593708,8127,0,0,1,0,0
593812,8128,0,0,0,1,0
594029,8129,0,0,0,1,0
594274,8130,0,0,1,0,0
594640,8131,0,0,0,1,0
594645,8132,0,0,1,0,0
594797,8133,0,0,0,1,0
594804,8134,0,0,1,0,0
595028,8135,0,0,1,0,0
595143,8136,0,0,0,1,0
595313,8137,0,0,1,0,0
595446,8138,0,0,0,1,0
595575,8139,0,0,1,0,0
595799,8140,0,0,0,1,0
596082,8141,0,0,0,1,0
596168,8142,0,0,1,0,0
596434,8143,0,0,0,1,0
596524,8144,0,0,0,1,0
596542,8145,0,0,1,0,0
596633,8146,0,0,0,1,0
596871,8147,0,0,1,0,0
597142,8148,0,0,0,1,0
597237,8149,0,0,1,0,0
597362,8150,0,0,0,1,0
597480,8151,0,0,1,0,0
597842,8152,0,0,0,1,0
597895,8153,0,0,1,0,0
598019,8154,0,0,0,1,0
598030,8155,0,0,1,0,0
598162,8156,0,0,1,0,0
598293,8157,0,0,0,1,0
598324,8158,0,0,1,0,0
598403,8159,0,0,1,0,0
598423,8160,0,0,1,0,0
598483,8161,0,0,1,0,0
598664,8162,0,0,0,1,0
598760,8163,0,0,1,0,0
598879,8164,0,0,1,0,0
598938,8165,0,0,1,0,0
599280,8166,0,0,0,1,0
599367,8167,0,0,0,1,0
599516,8168,0,0,1,0,0
599546,8169,0,0,1,0,0
599638,8170,0,0,0,1,0
599751,8171,0,0,1,0,0
599807,8172,0,0,1,0,0
599930,8173,0,0,1,0,0
600214,8174,0,0,1,0,0
600437,8175,0,0,1,0,0
600543,8176,0,0,0,1,0
600556,8177,0,0,1,0,0
600739,8178,0,0,0,1,0
600824,8179,0,0,0,1,0
600882,8180,0,0,1,0,0
600975,8181,0,0,1,0,0
600988,8182,0,0,1,0,0
601209,8183,0,0,1,0,0
601405,8184,0,0,1,0,0
601681,8185,0,0,0,1,0
601748,8186,0,0,1,0,0
601799,8187,0,0,1,0,0
601871,8188,0,0,1,0,0
601966,8189,0,0,0,1,0
602203,8190,0,0,1,0,0
602359,8191,0,0,1,0,0
602555,8192,0,0,1,0,0
602721,8193,0,0,0,1,0
603161,8194,0,0,0,1,0
603408,8195,0,0,0,1,0
603410,8196,0,0,1,0,0
603496,8197,0,0,0,1,0
603500,8198,1,0,0,0,0
603742,8199,0,0,0,1,0
603877,8200,0,0,0,1,0
603895,8201,0,0,1,0,0
603977,8202,0,0,1,0,0
604176,8203,0,0,1,0,0
604285,8204,0,0,0,1,0
604405,8205,0,0,0,1,0
604607,8206,0,0,0,1,0
604785,8207,0,0,0,1,0
604908,8208,0,0,1,0,0
605018,8209,0,0,0,1,0
605170,8210,0,0,1,0,0
605313,8211,0,0,1,0,0
605360,8212,0,0,1,0,0
605367,8213,0,0,1,0,0
605427,8214,0,0,1,0,0
605745,8215,0,0,0,1,0
605796,8216,0,0,1,0,0
605808,8217,0,0,1,0,0
605872,8218,0,0,1,0,0
606240,8219,0,0,1,0,0
606329,8220,0,0,0,1,0
606424,8221,0,0,0,1,0
606568,8222,0,0,1,0,0
606964,8223,0,0,0,1,0
607115,8224,0,0,1,0,0
607386,8225,0,0,0,1,0
607391,8226,0,0,1,0,0
607403,8227,0,0,1,0,0
607446,8228,0,0,1,0,0
607793,8229,0,0,1,0,0
607967,8230,0,0,1,0,0
608057,8231,0,0,1,0,0
608249,8232,0,0,0,1,0
608408,8233,0,0,1,0,0
608460,8234,0,0,1,0,0
608496,8235,0,0,1,0,0
608807,8236,0,0,1,0,0
608880,8237,0,0,1,0,0
609035,8238,0,0,1,0,0
609088,8239,0,0,1,0,0
609110,8240,0,0,1,0,0
609248,8241,0,0,1,0,0
609321,8242,0,0,1,0,0
609389,8243,0,0,1,0,0
609459,8244,0,0,1,0,0
609516,8245,0,0,1,0,0
609536,8246,0,0,1,0,0
609630,8247,0,0,1,0,0
609652,8248,0,0,1,0,0
609701,8249,0,0,1,0,0
609930,8250,0,0,0,1,0
610041,8251,0,0,1,0,0
610322,8252,0,0,0,1,0
610337,8253,0,0,1,0,0
610421,8254,0,0,0,1,0
610509,8255,0,0,0,1,0
610587,8256,0,0,1,0,0
610599,8257,0,0,1,0,0
610625,8258,0,0,1,0,0
610762,8259,0,0,0,1,0
610781,8260,0,0,1,0,0
610884,8261,0,0,1,0,0
610983,8262,0,0,0,1,0
611028,8263,0,0,1,0,0
611081,8264,0,0,1,0,0
611185,8265,0,0,0,1,0
611222,8266,0,0,1,0,0
611247,8267,0,0,1,0,0
611365,8268,0,0,1,0,0
611477,8269,0,0,0,1,0
611503,8270,0,0,1,0,0
611509,8271,0,0,1,0,0
611608,8272,0,0,0,1,0
611718,8273,0,0,0,1,0
611814,8274,0,0,0,1,0
611903,8275,0,0,0,1,0
611985,8276,0,0,0,1,0
612157,8277,0,0,0,1,0
612162,8278,0,0,1,0,0
612310,8279,0,0,1,0,0
612359,8280,0,0,1,0,0
612452,8281,0,0,0,1,0
612511,8282,0,0,1,0,0
612953,8283,0,0,0,1,0
612993,8284,0,0,1,0,0
613064,8285,0,0,1,0,0
613186,8286,0,0,0,1,0
613213,8287,0,0,1,0,0
613217,8288,0,0,1,0,0
613336,8289,0,0,0,1,0
613363,8290,0,0,1,0,0
613455,8291,0,0,1,0,0
613659,8292,0,0,0,1,0
613753,8293,0,0,1,0,0
613887,8294,0,0,0,1,0
613983,8295,0,0,0,1,0
614035,8296,0,0,1,0,0
614165,8297,0,0,0,1,0
614177,8298,0,0,1,0,0
614298,8299,0,0,0,1,0
614423,8300,0,0,0,1,0
614554,8301,0,0,0,1,0
614636,8302,0,0,0,1,0
614749,8303,0,0,0,1,0
614791,8304,0,0,1,0,0
614885,8305,0,0,0,1,0
614920,8306,0,0,1,0,0
615075,8307,0,0,0,1,0
615178,8308,0,0,0,1,0
615264,8309,0,0,1,0,0
615299,8310,0,0,1,0,0
615478,8311,0,0,0,1,0
615549,8312,0,0,1,0,0
615592,8313,0,0,1,0,0
615612,8314,0,0,1,0,0
615780,8315,0,0,1,0,0
616149,8316,0,0,1,0,0
616502,8317,0,0,1,0,0
616587,8318,0,0,0,1,0
616845,8319,0,0,0,1,0
617000,8320,0,0,1,0,0
617251,8321,0,0,0,1,0
617363,8322,0,0,0,1,0
617476,8323,0,0,1,0,0
617654,8324,0,0,0,1,0
617693,8325,0,0,1,0,0
617831,8326,0,0,0,1,0
617946,8327,0,0,1,0,0
618101,8328,0,0,0,1,0
618217,8329,0,0,0,1,0
618256,8330,0,0,1,0,0
618371,8331,0,0,0,1,0
618389,8332,0,0,1,0,0
618467,8333,0,0,1,0,0
618504,8334,0,0,1,0,0
618525,8335,0,0,1,0,0
618722,8336,0,0,0,1,0
618743,8337,0,0,1,0,0
618766,8338,0,0,1,0,0
618883,8339,0,0,0,1,0
618988,8340,0,0,1,0,0
619222,8341,0,0,0,1,0
619409,8342,0,0,0,1,0
619510,8343,0,0,0,1,0
619687,8344,0,0,0,1,0
619790,8345,0,0,0,1,0
619901,8346,0,0,0,1,0
620010,8347,0,0,0,1,0
620131,8348,0,0,0,1,0
620149,8349,0,0,1,0,0
620243,8350,0,0,0,1,0
620333,8351,0,0,0,1,0
620782,8352,0,0,1,0,0
620787,8353,0,0,1,0,0
620868,8354,0,0,0,1,0
620981,8355,0,0,0,1,0
621039,8356,0,0,1,0,0
621113,8357,0,0,0,1,0
621190,8358,0,0,0,1,0
621205,8359,0,0,1,0,0
621311,8360,0,0,0,1,0
621319,8361,0,0,1,0,0
621436,8362,0,0,0,1,0
621491,8363,0,0,1,0,0
621592,8364,0,0,0,1,0
621745,8365,0,0,1,0,0
621949,8366,0,0,0,1,0
622024,8367,0,0,1,0,0
622267,8368,0,0,0,1,0
622356,8369,0,0,0,1,0
622454,8370,0,0,0,1,0
622490,8371,0,0,1,0,0
622540,8372,0,0,1,0,0
622725,8373,0,0,0,1,0
622757,8374,0,0,1,0,0
623212,8375,0,0,1,0,0
623231,8376,0,0,1,0,0
623298,8377,0,0,0,1,0
623426,8378,0,0,0,1,0
623481,8379,0,0,1,0,0
623548,8380,0,0,1,0,0
623559,8381,0,0,1,0,0
623757,8382,0,0,0,1,0
624057,8383,0,0,1,0,0
624121,8384,0,0,1,0,0
624177,8385,0,0,1,0,0
624233,8386,0,0,1,0,0
624240,8387,0,0,1,0,0
624279,8388,0,0,1,0,0
624334,8389,0,0,1,0,0
624451,8390,0,0,0,1,0
624647,8391,0,0,1,0,0
624684,8392,0,0,1,0,0
624930,8393,0,0,1,0,0
624977,8394,0,0,1,0,0
625097,8395,0,0,0,1,0
625266,8396,0,0,0,1,0
625327,8397,0,0,0,1,0
625418,8398,0,0,1,0,0
625439,8399,0,0,1,0,0
625545,8400,0,0,0,1,0
625562,8401,0,0,1,0,0
625642,8402,0,0,0,1,0
625778,8403,0,0,0,1,0
625869,8404,0,0,0,1,0
625962,8405,0,0,1,0,0
626023,8406,0,0,1,0,0
626054,8407,0,0,1,0,0
626134,8408,0,0,0,1,0
626211,8409,0,0,0,1,0
626270,8410,0,0,1,0,0
626373,8411,0,0,1,0,0
626487,8412,0,0,0,1,0
626578,8413,0,0,0,1,0
626661,8414,0,0,0,1,0
626771,8415,0,0,0,1,0
626830,8416,0,0,1,0,0
626948,8417,0,0,0,1,0
626998,8418,0,0,1,0,0
627122,8419,0,0,1,0,0
627372,8420,0,0,1,0,0
627395,8421,0,0,1,0,0
627428,8422,0,0,1,0,0
627554,8423,0,0,1,0,0
628019,8424,0,0,0,1,0
628068,8425,0,0,1,0,0
628142,8426,0,0,1,0,0
628413,8427,0,0,0,1,0
628544,8428,0,0,0,1,0
628911,8429,0,0,0,1,0
629044,8430,0,0,1,0,0
629156,8431,0,0,0,1,0
629282,8432,0,0,1,0,0
629561,8433,0,0,0,1,0
629790,8434,0,0,0,1,0
629922,8435,0,0,0,1,0
630012,8436,0,0,1,0,0
630167,8437,0,0,1,0,0
630175,8438,0,0,1,0,0
630236,8439,0,0,1,0,0
630372,8440,0,0,1,0,0
630614,8441,0,0,0,1,0
630801,8442,0,0,1,0,0
631041,8443,0,0,1,0,0
631197,8444,0,0,0,1,0
631435,8445,0,0,0,1,0
631451,8446,0,0,1,0,0
631568,8447,0,0,1,0,0
632068,8448,0,0,0,0,1
632242,8449,0,0,1,0,0
632267,8450,0,0,1,0,0
632268,8451,0,0,1,0,0
632550,8452,0,0,0,1,0
632703,8453,0,0,1,0,0
632882,8454,0,0,0,1,0
633063,8455,0,0,1,0,0
633164,8456,0,0,1,0,0
633274,8457,0,0,1,0,0
633284,8458,0,0,1,0,0
633488,8459,0,0,1,0,0
633577,8460,0,0,0,1,0
633657,8461,0,0,1,0,0
633712,8462,0,0,1,0,0
633819,8463,0,0,0,1,0
633836,8464,0,0,1,0,0
633928,8465,0,0,1,0,0
634083,8466,0,0,0,1,0
634159,8467,0,0,1,0,0
634163,8468,0,0,1,0,0
634293,8469,0,0,0,1,0
634395,8470,0,0,1,0,0
634523,8471,0,0,0,1,0
634541,8472,0,0,1,0,0
634552,8473,0,0,1,0,0
634645,8474,0,0,0,1,0
634692,8475,0,0,1,0,0
634822,8476,0,0,1,0,0
634953,8477,0,0,0,1,0
635057,8478,0,0,0,1,0
635169,8479,0,0,0,1,0
635392,8480,0,0,0,1,0
635785,8481,0,0,0,1,0
635997,8482,0,0,1,0,0
636010,8483,0,0,1,0,0
636057,8484,0,0,1,0,0
636183,8485,0,0,0,1,0
636300,8486,0,0,0,1,0
636336,8487,0,0,1,0,0
636357,8488,0,0,1,0,0
636416,8489,0,0,1,0,0
636504,8490,0,0,1,0,0
636611,8491,0,0,1,0,0
636667,8492,0,0,1,0,0
637008,8493,0,0,0,1,0
637288,8494,0,0,1,0,0
637504,8495,0,0,0,1,0
637567,8496,0,0,1,0,0
637774,8497,0,0,1,0,0
637848,8498,0,0,1,0,0
638069,8499,0,0,1,0,0
638079,8500,0,0,1,0,0
638128,8501,0,0,1,0,0
638398,8502,0,0,0,1,0
638865,8503,0,0,1,0,0
639036,8504,0,0,1,0,0
639199,8505,0,0,1,0,0
639420,8506,0,0,1,0,0
639431,8507,0,0,1,0,0
639493,8508,0,0,1,0,0
639630,8509,0,0,0,1,0
639743,8510,0,0,0,1,0
639835,8511,0,0,0,1,0
639924,8512,0,0,0,1,0
640021,8513,0,0,1,0,0
640116,8514,0,0,0,1,0
640231,8515,0,0,0,1,0
640379,8516,0,0,1,0,0
640633,8517,0,0,0,1,0
641033,8518,0,0,0,1,0
641142,8519,0,0,0,1,0
641186,8520,0,0,1,0,0
641262,8521,0,0,1,0,0
641392,8522,0,0,1,0,0
641476,8523,0,0,0,1,0
641685,8524,0,0,0,1,0
641800,8525,0,0,1,0,0
641920,8526,0,0,1,0,0
642019,8527,0,0,0,1,0
642112,8528,0,0,1,0,0
642166,8529,0,0,1,0,0
642171,8530,0,0,1,0,0
642549,8531,0,0,0,1,0
642635,8532,0,0,0,1,0
642702,8533,0,0,1,0,0
643028,8534,0,0,1,0,0
643132,8535,0,0,0,1,0
643320,8536,0,0,0,1,0
643465,8537,0,0,0,1,0
643882,8538,0,0,0,1,0
644099,8539,0,0,0,1,0
644109,8540,0,0,1,0,0
644229,8541,0,0,0,1,0
644312,8542,0,0,1,0,0
644521,8543,0,0,0,1,0
644691,8544,0,0,0,1,0
644733,8545,0,0,1,0,0
645009,8546,0,0,1,0,0
645050,8547,0,0,1,0,0
645157,8548,0,0,0,1,0
645269,8549,0,0,0,1,0
645403,8550,0,0,1,0,0
645601,8551,0,0,1,0,0
645707,8552,0,0,0,1,0
645749,8553,0,0,1,0,0
645869,8554,0,0,0,1,0
645872,8555,0,0,1,0,0
646260,8556,0,0,0,1,0
646370,8557,0,0,0,1,0
646459,8558,0,0,1,0,0
646561,8559,0,0,0,1,0
646707,8560,0,0,0,1,0
646960,8561,0,0,0,1,0
647094,8562,0,0,0,1,0
647184,8563,0,0,0,1,0
647236,8564,0,0,1,0,0
647339,8565,0,0,0,1,0
647343,8566,0,0,1,0,0
647355,8567,0,0,1,0,0
647377,8568,0,0,1,0,0
647490,8569,0,0,0,1,0
647653,8570,0,0,0,1,0
647661,8571,0,0,1,0,0
647841,8572,0,0,1,0,0
648078,8573,0,0,0,1,0
648196,8574,0,0,0,1,0
648279,8575,0,0,1,0,0
648343,8576,0,0,0,1,0
648375,8577,0,0,1,0,0
648697,8578,0,0,1,0,0
648754,8579,0,0,1,0,0
648963,8580,0,0,0,1,0
648966,8581,1,0,0,0,0
649069,8582,0,0,0,1,0
649179,8583,0,0,0,1,0
649326,8584,0,0,0,1,0
649539,8585,0,0,0,1,0
649545,8586,0,0,1,0,0
649648,8587,0,0,1,0,0
649774,8588,0,0,0,1,0
649853,8589,0,0,0,1,0
649949,8590,0,0,0,1,0
650043,8591,0,0,0,1,0
650146,8592,0,0,0,1,0
650359,8593,0,0,0,1,0
650382,8594,0,0,1,0,0
650571,8595,0,0,1,0,0
650726,8596,0,0,1,0,0
650764,8597,0,0,1,0,0
650988,8598,0,0,1,0,0
651128,8599,0,0,1,0,0
651370,8600,0,0,0,1,0
651460,8601,0,0,0,1,0
651562,8602,0,0,0,1,0
651666,8603,0,0,0,1,0
652040,8604,0,0,0,1,0
652169,8605,0,0,1,0,0
652282,8606,0,0,1,0,0
652331,8607,0,0,1,0,0
652353,8608,0,0,1,0,0
652574,8609,0,0,0,1,0
652649,8610,0,0,1,0,0
652720,8611,0,0,0,1,0
652747,8612,0,0,1,0,0
652809,8613,0,0,0,1,0
652836,8614,0,0,1,0,0
652881,8615,0,0,1,0,0
653001,8616,0,0,0,1,0
653079,8617,0,0,0,1,0
653134,8618,0,0,1,0,0
653460,8619,0,0,0,1,0
653477,8620,0,0,1,0,0
653479,8621,0,0,1,0,0
653566,8622,0,0,0,1,0
653614,8623,0,0,1,0,0
653711,8624,0,0,0,1,0
653807,8625,0,0,0,1,0
654044,8626,0,0,0,1,0
654099,8627,0,0,1,0,0
654105,8628,0,0,1,0,0
654156,8629,0,0,1,0,0
654190,8630,0,0,1,0,0
654421,8631,0,0,0,1,0
654788,8632,0,0,0,1,0
654973,8633,0,0,0,1,0
655208,8634,0,0,0,1,0
655398,8635,0,0,0,1,0
655524,8636,0,0,1,0,0
655563,8637,0,0,1,0,0
655664,8638,0,0,0,1,0
655874,8639,0,0,0,1,0
656214,8640,0,0,0,1,0
656276,8641,0,0,1,0,0
656616,8642,0,0,0,1,0
656865,8643,0,0,0,1,0
656953,8644,0,0,0,1,0
657208,8645,0,0,0,1,0
657249,8646,0,0,1,0,0
657484,8647,0,0,1,0,0
657592,8648,0,0,0,1,0
657719,8649,0,0,1,0,0
657811,8650,0,0,0,1,0
657894,8651,0,0,1,0,0
658143,8652,0,0,0,1,0
658214,8653,0,0,1,0,0
658326,8654,0,0,0,1,0
658450,8655,0,0,0,1,0
658561,8656,0,0,0,1,0
658688,8657,0,0,0,1,0
658896,8658,0,0,1,0,0
659294,8659,0,0,0,1,0
659400,8660,0,0,0,1,0
659491,8661,0,0,0,1,0
659609,8662,0,0,0,1,0
659699,8663,0,0,1,0,0
659759,8664,0,0,1,0,0
659794,8665,0,0,1,0,0
659868,8666,0,0,0,1,0
660263,8667,0,0,0,1,0
660285,8668,0,0,1,0,0
660535,8669,0,0,0,1,0
660617,8670,0,0,0,1,0
660671,8671,0,0,1,0,0
660740,8672,0,0,1,0,0
660870,8673,0,0,0,1,0
660999,8674,0,0,0,1,0
661062,8675,0,0,1,0,0
661295,8676,0,0,1,0,0
661406,8677,0,0,0,1,0
661515,8678,0,0,0,1,0
661661,8679,0,0,0,1,0
662149,8680,0,0,1,0,0
662160,8681,0,0,1,0,0
662190,8682,0,0,1,0,0
662210,8683,0,0,1,0,0
662666,8684,0,0,1,0,0
662715,8685,0,0,0,1,0
662770,8686,0,0,1,0,0
662838,8687,0,0,1,0,0
663004,8688,0,0,0,1,0
663100,8689,0,0,0,1,0
663167,8690,0,0,0,1,0
663204,8691,0,0,1,0,0
663234,8692,0,0,1,0,0
663254,8693,0,0,1,0,0
663353,8694,0,0,0,1,0
663500,8695,0,0,0,1,0
663578,8696,0,0,0,1,0
663678,8697,0,0,0,1,0
663685,8698,0,0,1,0,0
663763,8699,0,0,1,0,0
663887,8700,0,0,0,1,0
663925,8701,0,0,1,0,0
664065,8702,0,0,0,1,0
664174,8703,0,0,0,1,0
664250,8704,0,0,1,0,0
664392,8705,0,0,1,0,0
664541,8706,0,0,1,0,0
664622,8707,0,0,0,1,0
664696,8708,0,0,1,0,0
664798,8709,0,0,0,1,0
664931,8710,0,0,1,0,0
665162,8711,0,0,0,1,0
665337,8712,0,0,1,0,0
665415,8713,0,0,0,1,0
665504,8714,0,0,0,1,0
665581,8715,0,0,1,0,0
665601,8716,0,0,1,0,0
665691,8717,0,0,0,1,0
665776,8718,0,0,0,1,0
665968,8719,0,0,1,0,0
666148,8720,0,0,1,0,0
666280,8721,0,0,1,0,0
666463,8722,0,0,1,0,0
666480,8723,0,0,1,0,0
666612,8724,0,0,0,1,0
666695,8725,0,0,0,1,0
666713,8726,0,0,1,0,0
666807,8727,0,0,0,1,0
666811,8728,0,0,1,0,0
666830,8729,0,0,1,0,0
666920,8730,0,0,0,1,0
666992,8731,0,0,0,1,0
667239,8732,0,0,0,1,0
667254,8733,0,0,1,0,0
667595,8734,0,0,0,1,0
667816,8735,0,0,0,1,0
667916,8736,0,0,0,1,0
667989,8737,0,0,1,0,0
668489,8738,0,0,0,0,1
668605,8739,0,0,1,0,0
668706,8740,0,0,0,1,0
668801,8741,0,0,0,1,0
668811,8742,1,0,0,0,0
668984,8743,0,0,1,0,0
669084,8744,0,0,0,1,0
669369,8745,0,0,1,0,0
669384,8746,0,0,1,0,0
669430,8747,0,0,1,0,0
669614,8748,0,0,1,0,0
669721,8749,0,0,0,1,0
669751,8750,0,0,1,0,0
669948,8751,0,0,1,0,0
670224,8752,0,0,1,0,0
670350,8753,0,0,0,1,0
670453,8754,0,0,0,1,0
670595,8755,0,0,0,1,0
671095,8756,0,0,0,0,1
671234,8757,0,0,1,0,0
671326,8758,0,0,1,0,0
671371,8759,0,0,1,0,0
671501,8760,0,0,0,1,0
671521,8761,0,0,1,0,0
671747,8762,0,0,0,1,0
671773,8763,0,0,1,0,0
671967,8764,0,0,0,1,0
671982,8765,0,0,1,0,0
672037,8766,0,0,1,0,0
672104,8767,0,0,1,0,0
672114,8768,0,0,1,0,0
672280,8769,0,0,1,0,0
672355,8770,0,0,0,1,0
672478,8771,0,0,1,0,0
672978,8772,0,0,0,0,1
673087,8773,0,0,0,1,0
673190,8774,0,0,0,1,0
673690,8775,0,0,0,0,1
673754,8776,0,0,1,0,0
673786,8777,0,0,1,0,0
673828,8778,0,0,1,0,0
673891,8779,0,0,1,0,0
674178,8780,0,0,0,1,0
674316,8781,0,0,0,1,0
674389,8782,0,0,1,0,0
674560,8783,0,0,1,0,0
674853,8784,0,0,1,0,0
675158,8785,0,0,0,1,0
675254,8786,0,0,0,1,0
675575,8787,0,0,0,1,0
675997,8788,0,0,1,0,0
676039,8789,0,0,1,0,0
676300,8790,0,0,1,0,0
676371,8791,0,0,1,0,0
676585,8792,0,0,0,1,0
676677,8793,0,0,0,1,0
676774,8794,0,0,1,0,0
676995,8795,0,0,1,0,0
677279,8796,0,0,0,1,0
677417,8797,0,0,1,0,0
677678,8798,0,0,0,1,0
677780,8799,0,0,0,1,0
677858,8800,0,0,1,0,0
677909,8801,0,0,1,0,0
677926,8802,0,0,1,0,0
678067,8803,0,0,1,0,0
678072,8804,0,0,1,0,0
678116,8805,0,0,1,0,0
678265,8806,0,0,0,1,0
678597,8807,0,0,0,1,0
678983,8808,0,0,1,0,0
679069,8809,0,0,0,1,0
679185,8810,0,0,0,1,0
679385,8811,0,0,0,1,0
679409,8812,0,0,1,0,0
679508,8813,0,0,0,1,0
679632,8814,0,0,1,0,0
679651,8815,0,0,1,0,0
679727,8816,0,0,1,0,0
679977,8817,0,0,0,1,0
680046,8818,0,0,1,0,0
680057,8819,0,0,1,0,0
680095,8820,0,0,1,0,0
680161,8821,0,0,1,0,0
680283,8822,0,0,0,1,0
680323,8823,0,0,1,0,0
680385,8824,0,0,1,0,0
680463,8825,0,0,1,0,0
680687,8826,0,0,0,1,0
680802,8827,0,0,0,1,0
680921,8828,0,0,0,1,0
681019,8829,0,0,0,1,0
681098,8830,0,0,0,1,0
681133,8831,0,0,0,1,0
681213,8832,0,0,0,1,0
681336,8833,0,0,1,0,0
681460,8834,0,0,0,1,0
681467,8835,0,0,1,0,0
681555,8836,0,0,0,1,0
681698,8837,0,0,0,1,0
682011,8838,0,0,0,1,0
682087,8839,0,0,0,1,0
682117,8840,0,0,1,0,0
682246,8841,0,0,1,0,0
682343,8842,0,0,0,1,0
682373,8843,0,0,1,0,0
682401,8844,0,0,1,0,0
682423,8845,0,0,1,0,0
682529,8846,0,0,0,1,0
682622,8847,0,0,0,1,0
682810,8848,0,0,0,1,0
682856,8849,0,0,1,0,0
682902,8850,0,0,1,0,0
683059,8851,0,0,0,1,0
683256,8852,0,0,0,1,0
683298,8853,0,0,1,0,0
683401,8854,0,0,1,0,0
683501,8855,0,0,0,1,0
683560,8856,0,0,1,0,0
683651,8857,0,0,0,1,0
683682,8858,0,0,1,0,0
683942,8859,0,0,0,1,0
683951,8860,0,0,1,0,0
684010,8861,0,0,1,0,0
684097,8862,0,0,1,0,0
684224,8863,0,0,0,1,0
684445,8864,0,0,0,1,0
684481,8865,0,0,1,0,0
684939,8866,0,0,0,1,0
685021,8867,0,0,1,0,0
685146,8868,0,0,1,0,0
685462,8869,0,0,1,0,0
685482,8870,0,0,1,0,0
685543,8871,0,0,1,0,0
685663,8872,0,0,0,1,0
685681,8873,0,0,1,0,0
685858,8874,0,0,0,1,0
685859,8875,1,0,0,0,0
686011,8876,0,0,1,0,0
686016,8877,0,0,1,0,0
686203,8878,0,0,0,1,0
686435,8879,0,0,0,1,0
686511,8880,0,0,1,0,0
686583,8881,0,0,0,1,0
686714,8882,0,0,0,1,0
686800,8883,0,0,0,1,0
686929,8884,0,0,0,1,0
686940,8885,0,0,1,0,0
687162,8886,0,0,1,0,0
687290,8887,0,0,0,1,0
687680,8888,0,0,0,1,0
687727,8889,0,0,1,0,0
687730,8890,0,0,1,0,0
687773,8891,0,0,1,0,0
687786,8892,0,0,1,0,0
687851,8893,0,0,0,1,0
688023,8894,0,0,0,1,0
688024,8895,1,0,0,0,0
688307,8896,0,0,0,1,0
688312,8897,0,0,1,0,0
688629,8898,0,0,1,0,0
688732,8899,0,0,0,1,0
688812,8900,0,0,1,0,0
688954,8901,0,0,0,1,0
689069,8902,0,0,0,1,0
689075,8903,0,0,1,0,0
689144,8904,0,0,0,1,0
689242,8905,0,0,0,1,0
689541,8906,0,0,0,1,0
689542,8907,0,0,1,0,0
689777,8908,0,0,0,1,0
689879,8909,0,0,1,0,0
690046,8910,0,0,0,1,0
690281,8911,0,0,1,0,0
690469,8912,0,0,1,0,0
690633,8913,0,0,0,1,0
690644,8914,0,0,1,0,0
690854,8915,0,0,0,1,0
691036,8916,0,0,1,0,0
691100,8917,0,0,1,0,0
691291,8918,0,0,0,1,0
691411,8919,0,0,0,1,0
691441,8920,0,0,1,0,0
691789,8921,0,0,0,1,0
691808,8922,0,0,1,0,0
691919,8923,0,0,1,0,0
692001,8924,0,0,1,0,0
692372,8925,0,0,0,1,0
692442,8926,0,0,1,0,0
692461,8927,0,0,1,0,0
692703,8928,0,0,1,0,0
692789,8929,0,0,0,1,0
692999,8930,0,0,0,1,0
693217,8931,0,0,1,0,0
693293,8932,0,0,1,0,0
693547,8933,0,0,0,1,0
693737,8934,0,0,1,0,0
694084,8935,0,0,0,1,0
694262,8936,0,0,1,0,0
694354,8937,0,0,0,1,0
694446,8938,0,0,1,0,0
694541,8939,0,0,1,0,0
694730,8940,0,0,0,1,0
694742,8941,0,0,1,0,0
695050,8942,0,0,0,1,0
695260,8943,0,0,0,1,0
695319,8944,0,0,1,0,0
695438,8945,0,0,0,1,0
695554,8946,0,0,0,1,0
695805,8947,0,0,0,1,0
695834,8948,0,0,1,0,0
695854,8949,0,0,1,0,0
695947,8950,0,0,1,0,0
696024,8951,0,0,0,1,0
696401,8952,0,0,1,0,0
696432,8953,0,0,1,0,0
696825,8954,0,0,1,0,0
696873,8955,0,0,1,0,0
696974,8956,0,0,1,0,0
696983,8957,0,0,1,0,0
697198,8958,0,0,1,0,0
697607,8959,0,0,0,1,0
697791,8960,0,0,0,1,0
697867,8961,0,0,1,0,0
698026,8962,0,0,0,1,0
698187,8963,0,0,0,1,0
698278,8964,0,0,0,1,0
698316,8965,0,0,1,0,0
698468,8966,0,0,1,0,0
698479,8967,0,0,1,0,0
698514,8968,0,0,1,0,0
698710,8969,0,0,1,0,0
698718,8970,0,0,1,0,0
698938,8971,0,0,0,1,0
699221,8972,0,0,0,1,0
699347,8973,0,0,1,0,0
699395,8974,0,0,1,0,0
699747,8975,0,0,0,1,0
699933,8976,0,0,0,1,0
699981,8977,0,0,1,0,0
700005,8978,0,0,1,0,0
700459,8979,0,0,0,1,0
700579,8980,0,0,1,0,0
700736,8981,0,0,1,0,0
701171,8982,0,0,0,1,0
701219,8983,0,0,1,0,0
701297,8984,0,0,0,1,0
701413,8985,0,0,0,1,0
701460,8986,0,0,1,0,0
701532,8987,0,0,1,0,0
701669,8988,0,0,1,0,0
701787,8989,0,0,0,1,0
701985,8990,0,0,1,0,0
702143,8991,0,0,1,0,0
702338,8992,0,0,1,0,0
702430,8993,0,0,0,1,0
702818,8994,0,0,0,1,0
702920,8995,0,0,1,0,0
703118,8996,0,0,0,1,0
703191,8997,0,0,1,0,0
703336,8998,0,0,0,1,0
703456,8999,0,0,0,1,0
703483,9000,0,0,1,0,0
703556,9001,0,0,1,0,0
703975,9002,0,0,0,1,0
704243,9003,0,0,0,1,0
704336,9004,0,0,0,1,0
704365,9005,0,0,1,0,0
704557,9006,0,0,0,1,0
704662,9007,0,0,1,0,0
704723,9008,0,0,1,0,0
704884,9009,0,0,0,1,0
704990,9010,0,0,0,1,0
705050,9011,0,0,1,0,0
705321,9012,0,0,0,1,0
705376,9013,0,0,1,0,0
705443,9014,0,0,1,0,0
705496,9015,0,0,1,0,0
705537,9016,0,0,1,0,0
705634,9017,0,0,0,1,0
705728,9018,0,0,0,1,0
705834,9019,0,0,0,1,0
705878,9020,0,0,1,0,0
705992,9021,0,0,1,0,0
706002,9022,0,0,1,0,0
706111,9023,0,0,1,0,0
706146,9024,0,0,1,0,0
706164,9025,0,0,1,0,0
706188,9026,0,0,1,0,0
706223,9027,0,0,1,0,0
706351,9028,0,0,0,1,0
706471,9029,0,0,1,0,0
706599,9030,0,0,1,0,0
706884,9031,0,0,1,0,0
707086,9032,0,0,1,0,0
707133,9033,0,0,1,0,0
707201,9034,0,0,1,0,0
707461,9035,0,0,0,1,0
707621,9036,0,0,1,0,0
707792,9037,0,0,1,0,0
707912,9038,0,0,0,1,0
707951,9039,0,0,1,0,0
708189,9040,0,0,1,0,0
708295,9041,0,0,1,0,0
708391,9042,0,0,1,0,0
708413,9043,0,0,1,0,0
708555,9044,0,0,0,1,0
708657,9045,0,0,1,0,0
708817,9046,0,0,0,1,0
709004,9047,0,0,1,0,0
709185,9048,0,0,0,1,0
709270,9049,0,0,0,1,0
709415,9050,0,0,0,1,0
709459,9051,0,0,1,0,0
709545,9052,0,0,0,1,0
709739,9053,0,0,1,0,0
709778,9054,0,0,1,0,0
709950,9055,0,0,1,0,0
710048,9056,0,0,0,1,0
710144,9057,0,0,0,1,0
710401,9058,0,0,0,1,0
710531,9059,0,0,0,1,0
710562,9060,0,0,1,0,0
710689,9061,0,0,0,1,0
710756,9062,0,0,1,0,0
711029,9063,0,0,0,1,0
711155,9064,0,0,1,0,0
711295,9065,0,0,1,0,0
711376,9066,0,0,1,0,0
711480,9067,0,0,0,1,0
711685,9068,0,0,0,1,0
711713,9069,0,0,1,0,0
711837,9070,0,0,1,0,0
712069,9071,0,0,0,1,0
712272,9072,0,0,1,0,0
712286,9073,0,0,1,0,0
712309,9074,0,0,1,0,0
712468,9075,0,0,1,0,0
712496,9076,0,0,1,0,0
712510,9077,0,0,1,0,0
712631,9078,0,0,1,0,0
712827,9079,0,0,0,1,0
712903,9080,0,0,1,0,0
712972,9081,0,0,1,0,0
713220,9082,0,0,0,1,0
713247,9083,0,0,1,0,0
713352,9084,0,0,1,0,0
713393,9085,0,0,1,0,0
713533,9086,0,0,0,1,0
713550,9087,0,0,1,0,0
713790,9088,0,0,0,1,0
714169,9089,0,0,1,0,0
714192,9090,0,0,1,0,0
714249,9091,0,0,1,0,0
714337,9092,0,0,0,1,0
714472,9093,0,0,1,0,0
714631,9094,0,0,0,1,0
715008,9095,0,0,0,1,0
715017,9096,0,0,1,0,0
715089,9097,0,0,1,0,0
715124,9098,0,0,1,0,0
715255,9099,0,0,0,1,0
715276,9100,0,0,1,0,0
715297,9101,0,0,1,0,0
715414,9102,0,0,0,1,0
715486,9103,0,0,0,1,0
715581,9104,0,0,0,1,0
715812,9105,0,0,0,1,0
715950,9106,0,0,1,0,0
716059,9107,0,0,1,0,0
716177,9108,0,0,0,1,0
716372,9109,0,0,0,1,0
716609,9110,0,0,0,1,0
716741,9111,0,0,1,0,0
716986,9112,0,0,0,1,0
717081,9113,0,0,0,1,0
717170,9114,0,0,0,1,0
717222,9115,0,0,1,0,0
717273,9116,0,0,1,0,0
717393,9117,0,0,1,0,0
717400,9118,0,0,1,0,0
717457,9119,0,0,1,0,0
717530,9120,0,0,1,0,0
717645,9121,0,0,0,1,0
717822,9122,0,0,0,1,0
717971,9123,0,0,0,1,0
718384,9124,0,0,0,1,0
718621,9125,0,0,1,0,0
718626,9126,0,0,1,0,0
718711,9127,0,0,1,0,0
718795,9128,0,0,0,1,0
718843,9129,0,0,1,0,0
718936,9130,0,0,0,1,0
719188,9131,0,0,0,1,0
719538,9132,0,0,1,0,0
719574,9133,0,0,1,0,0
719776,9134,0,0,1,0,0
719897,9135,0,0,0,1,0
720206,9136,0,0,0,1,0
720336,9137,0,0,0,1,0
720609,9138,0,0,0,1,0
720903,9139,0,0,1,0,0
721113,9140,0,0,0,1,0
721278,9141,0,0,1,0,0
721284,9142,0,0,1,0,0
721446,9143,0,0,1,0,0
721706,9144,0,0,1,0,0
721776,9145,0,0,1,0,0
721963,9146,0,0,1,0,0
722132,9147,0,0,1,0,0
722166,9148,0,0,1,0,0
722256,9149,0,0,0,1,0
722301,9150,0,0,1,0,0
722401,9151,0,0,1,0,0
722449,9152,0,0,1,0,0
722559,9153,0,0,0,1,0
722761,9154,0,0,1,0,0
722986,9155,0,0,0,1,0
723031,9156,0,0,1,0,0
723426,9157,0,0,0,1,0
723443,9158,0,0,1,0,0
723672,9159,0,0,0,1,0
723901,9160,0,0,0,1,0
723994,9161,0,0,0,1,0
724251,9162,0,0,1,0,0
724337,9163,0,0,1,0,0
724419,9164,0,0,1,0,0
724557,9165,0,0,1,0,0
724671,9166,0,0,0,1,0
724766,9167,0,0,1,0,0
725117,9168,0,0,1,0,0
725375,9169,0,0,1,0,0
725573,9170,0,0,1,0,0
725596,9171,0,0,1,0,0
725626,9172,0,0,1,0,0
725708,9173,0,0,1,0,0
725752,9174,0,0,1,0,0
725789,9175,0,0,1,0,0
725853,9176,0,0,1,0,0
725921,9177,0,0,0,1,0
725923,9178,0,0,1,0,0
726039,9179,0,0,1,0,0
726127,9180,0,0,0,1,0
726434,9181,0,0,1,0,0
726519,9182,0,0,1,0,0
726705,9183,0,0,1,0,0
726731,9184,0,0,1,0,0
727137,9185,0,0,0,1,0
727414,9186,0,0,0,1,0
727499,9187,0,0,1,0,0
727845,9188,0,0,0,1,0
728169,9189,0,0,0,1,0
728183,9190,0,0,1,0,0
728246,9191,0,0,1,0,0
728269,9192,0,0,1,0,0
728301,9193,0,0,1,0,0
728611,9194,0,0,1,0,0
728722,9195,0,0,1,0,0
729002,9196,0,0,1,0,0
729257,9197,0,0,1,0,0
729261,9198,1,0,0,0,0
729294,9199,0,0,1,0,0
729410,9200,0,0,0,1,0
729527,9201,0,0,0,1,0
729639,9202,0,0,0,1,0
729750,9203,0,0,0,1,0
729845,9204,0,0,0,1,0
729899,9205,0,0,1,0,0
730050,9206,0,0,0,1,0
730404,9207,0,0,1,0,0
730611,9208,0,0,0,1,0
730707,9209,0,0,0,1,0
731113,9210,0,0,0,1,0
731198,9211,0,0,1,0,0
731355,9212,0,0,0,1,0
731450,9213,0,0,1,0,0
731568,9214,0,0,1,0,0
731684,9215,0,0,1,0,0
731835,9216,0,0,1,0,0
732064,9217,0,0,0,1,0
732174,9218,0,0,0,1,0
732250,9219,0,0,1,0,0
732384,9220,0,0,0,1,0
732422,9221,0,0,1,0,0
732456,9222,0,0,1,0,0
732457,9223,0,0,1,0,0
732549,9224,0,0,0,1,0
732713,9225,0,0,1,0,0
732886,9226,0,0,0,1,0
732914,9227,0,0,1,0,0
733181,9228,0,0,1,0,0
733566,9229,0,0,0,1,0
733927,9230,0,0,0,1,0
734121,9231,0,0,1,0,0
734320,9232,0,0,0,1,0
734365,9233,0,0,1,0,0
734390,9234,0,0,1,0,0
734451,9235,0,0,1,0,0
734531,9236,0,0,0,1,0
734565,9237,0,0,1,0,0
734710,9238,0,0,1,0,0
734713,9239,1,0,0,0,0
734813,9240,0,0,1,0,0
734990,9241,0,0,1,0,0
735204,9242,0,0,0,1,0
735323,9243,0,0,1,0,0
735405,9244,0,0,1,0,0
735513,9245,0,0,1,0,0
735515,9246,0,0,1,0,0
735568,9247,0,0,1,0,0
735572,9248,0,0,1,0,0
735652,9249,0,0,1,0,0
735764,9250,0,0,0,1,0
735849,9251,0,0,0,1,0
735861,9252,0,0,1,0,0
735969,9253,0,0,1,0,0
736053,9254,0,0,0,1,0
736073,9255,0,0,1,0,0
736120,9256,0,0,1,0,0
736141,9257,0,0,1,0,0
736218,9258,0,0,1,0,0
736492,9259,0,0,0,1,0
736543,9260,0,0,1,0,0
736758,9261,0,0,0,1,0
736966,9262,0,0,0,1,0
737173,9263,0,0,0,1,0
737500,9264,0,0,0,1,0
737582,9265,0,0,1,0,0
737621,9266,0,0,1,0,0
737726,9267,0,0,0,1,0
737804,9268,0,0,1,0,0
738243,9269,0,0,1,0,0
738324,9270,0,0,0,1,0
738450,9271,0,0,0,1,0
738547,9272,0,0,1,0,0
738687,9273,0,0,1,0,0
738715,9274,0,0,1,0,0
738824,9275,0,0,1,0,0
739165,9276,0,0,0,1,0
739255,9277,0,0,0,1,0
739418,9278,0,0,1,0,0
739490,9279,0,0,1,0,0
739492,9280,0,0,1,0,0
739718,9281,0,0,0,1,0
739741,9282,0,0,1,0,0
740154,9283,0,0,1,0,0
740179,9284,0,0,1,0,0
740182,9285,0,0,1,0,0
740593,9286,0,0,0,1,0
740897,9287,0,0,0,1,0
740927,9288,0,0,1,0,0
741020,9289,0,0,0,1,0
741092,9290,0,0,1,0,0
741354,9291,0,0,0,1,0
741631,9292,0,0,1,0,0
741717,9293,0,0,1,0,0
741750,9294,0,0,1,0,0
741753,9295,0,0,1,0,0
741980,9296,0,0,0,1,0
741988,9297,0,0,1,0,0
742345,9298,0,0,0,1,0
742450,9299,0,0,0,1,0
742581,9300,0,0,0,1,0
742584,9301,0,0,1,0,0
742624,9302,0,0,1,0,0
742693,9303,1,0,0,0,0
742958,9304,0,0,0,1,0
743065,9305,0,0,0,1,0
743266,9306,0,0,0,1,0
743742,9307,0,0,1,0,0
743776,9308,0,0,1,0,0
743883,9309,0,0,1,0,0
744071,9310,0,0,0,1,0
744353,9311,0,0,0,1,0
744572,9312,0,0,0,1,0
744611,9313,0,0,1,0,0
744750,9314,0,0,0,1,0
744843,9315,0,0,0,1,0
744951,9316,0,0,0,1,0
745090,9317,0,0,1,0,0
745133,9318,0,0,1,0,0
745186,9319,0,0,1,0,0
745225,9320,0,0,1,0,0
745395,9321,0,0,0,1,0
745735,9322,0,0,0,1,0
745769,9323,0,0,1,0,0
745782,9324,0,0,1,0,0
745991,9325,0,0,0,1,0
746118,9326,0,0,1,0,0
746263,9327,0,0,1,0,0
746310,9328,0,0,1,0,0
746621,9329,0,0,0,1,0
746706,9330,0,0,0,1,0
746710,9331,1,0,0,0,0
746804,9332,0,0,1,0,0
746938,9333,0,0,0,1,0
747054,9334,0,0,0,1,0
747113,9335,0,0,1,0,0
747116,9336,0,0,1,0,0
747299,9337,0,0,1,0,0
747310,9338,0,0,1,0,0
747447,9339,0,0,1,0,0
747528,9340,0,0,0,1,0
747666,9341,0,0,0,1,0
747907,9342,0,0,0,1,0
747997,9343,0,0,1,0,0
748497,9344,0,0,0,0,1
748815,9345,0,0,0,1,0
748918,9346,0,0,0,1,0
749014,9347,0,0,0,1,0
749337,9348,0,0,1,0,0
749447,9349,0,0,1,0,0
749542,9350,0,0,1,0,0
749634,9351,0,0,1,0,0
749642,9352,0,0,1,0,0
749964,9353,0,0,0,1,0
750129,9354,0,0,0,1,0
750202,9355,0,0,0,1,0
750471,9356,0,0,1,0,0
750700,9357,0,0,1,0,0
750885,9358,0,0,1,0,0
750983,9359,0,0,0,1,0
751145,9360,0,0,1,0,0
751328,9361,0,0,1,0,0
751410,9362,0,0,0,1,0
751588,9363,0,0,1,0,0
751680,9364,0,0,0,1,0
751782,9365,0,0,0,1,0
751965,9366,0,0,0,1,0
752071,9367,0,0,1,0,0
752171,9368,0,0,0,1,0
752180,9369,0,0,1,0,0
752207,9370,0,0,1,0,0
752413,9371,0,0,0,1,0
752422,9372,0,0,1,0,0
752627,9373,0,0,0,1,0
752862,9374,0,0,1,0,0
752870,9375,0,0,1,0,0
752985,9376,0,0,0,1,0
753032,9377,0,0,1,0,0
753071,9378,0,0,1,0,0
753083,9379,0,0,1,0,0
753278,9380,0,0,1,0,0
753525,9381,0,0,1,0,0
753599,9382,0,0,1,0,0
753618,9383,0,0,1,0,0
753771,9384,0,0,1,0,0
753923,9385,0,0,0,1,0
753960,9386,0,0,1,0,0
754032,9387,0,0,1,0,0
754118,9388,0,0,1,0,0
754175,9389,0,0,1,0,0
754274,9390,0,0,1,0,0
754277,9391,0,0,1,0,0
754367,9392,0,0,0,1,0
754422,9393,0,0,1,0,0
754701,9394,0,0,0,1,0
754916,9395,0,0,0,1,0
755041,9396,0,0,0,1,0
755087,9397,0,0,1,0,0
755216,9398,0,0,0,1,0
755302,9399,0,0,1,0,0
755510,9400,0,0,1,0,0
755619,9401,0,0,0,1,0
755828,9402,0,0,0,1,0
756017,9403,0,0,0,1,0
756126,9404,0,0,1,0,0
756210,9405,0,0,0,1,0
756231,9406,0,0,1,0,0
756274,9407,0,0,1,0,0
756368,9408,0,0,0,1,0
756651,9409,0,0,1,0,0
756755,9410,0,0,1,0,0
757255,9411,0,0,0,0,1
757341,9412,0,0,0,1,0
757641,9413,0,0,0,1,0
757874,9414,0,0,0,1,0
758019,9415,0,0,0,1,0
758035,9416,0,0,1,0,0
758092,9417,0,0,1,0,0
758169,9418,0,0,0,1,0
758199,9419,0,0,1,0,0
758320,9420,0,0,0,1,0
758417,9421,0,0,0,1,0
758569,9422,0,0,1,0,0
758620,9423,0,0,1,0,0
758635,9424,0,0,1,0,0
758654,9425,0,0,1,0,0
758958,9426,0,0,0,1,0
759328,9427,0,0,1,0,0
759425,9428,0,0,1,0,0
759524,9429,0,0,0,1,0
759539,9430,0,0,1,0,0
759548,9431,0,0,1,0,0
759658,9432,0,0,0,1,0
759886,9433,0,0,1,0,0
760027,9434,0,0,0,1,0
760134,9435,0,0,1,0,0
760163,9436,0,0,1,0,0
760166,9437,0,0,1,0,0
760196,9438,0,0,1,0,0
760254,9439,0,0,1,0,0
760361,9440,0,0,0,1,0
760688,9441,0,0,0,1,0
760780,9442,0,0,1,0,0
760783,9443,0,0,1,0,0
760908,9444,0,0,0,1,0
761006,9445,0,0,0,1,0
761122,9446,0,0,0,1,0
761329,9447,0,0,0,1,0
761395,9448,0,0,1,0,0
761479,9449,0,0,0,1,0
761557,9450,0,0,1,0,0
761631,9451,0,0,1,0,0
761698,9452,0,0,1,0,0
761784,9453,0,0,0,1,0
761893,9454,0,0,1,0,0
762064,9455,0,0,1,0,0
762091,9456,0,0,1,0,0
762277,9457,0,0,0,1,0
762450,9458,0,0,1,0,0
762630,9459,0,0,1,0,0
762738,9460,0,0,0,1,0
762935,9461,0,0,1,0,0
763014,9462,0,0,0,1,0
763141,9463,0,0,1,0,0
763242,9464,0,0,0,1,0
763373,9465,0,0,0,1,0
763399,9466,0,0,1,0,0
763454,9467,0,0,1,0,0
763458,9468,0,0,1,0,0
763617,9469,0,0,0,1,0
763780,9470,0,0,0,1,0
763961,9471,0,0,0,1,0
764254,9472,0,0,1,0,0
764444,9473,0,0,0,1,0
764534,9474,0,0,0,1,0
764557,9475,0,0,1,0,0
764680,9476,0,0,0,1,0
764779,9477,0,0,0,1,0
764949,9478,0,0,1,0,0
765215,9479,0,0,1,0,0
765242,9480,0,0,1,0,0
765342,9481,0,0,1,0,0
765384,9482,0,0,1,0,0
765425,9483,0,0,1,0,0
765908,9484,0,0,0,1,0
765964,9485,0,0,1,0,0
766082,9486,0,0,1,0,0
766312,9487,0,0,0,1,0
766382,9488,0,0,1,0,0
766775,9489,0,0,1,0,0
766797,9490,0,0,1,0,0
766825,9491,0,0,1,0,0
767058,9492,0,0,1,0,0
767232,9493,0,0,1,0,0
767269,9494,0,0,1,0,0
767460,9495,0,0,1,0,0
767674,9496,0,0,0,1,0
767901,9497,0,0,0,1,0
767996,9498,0,0,0,1,0
768250,9499,0,0,0,1,0
768298,9500,0,0,1,0,0
768399,9501,0,0,0,1,0
768439,9502,0,0,1,0,0
768526,9503,0,0,0,1,0
768552,9504,0,0,1,0,0
768734,9505,0,0,1,0,0
768756,9506,0,0,1,0,0
768842,9507,0,0,0,1,0
768951,9508,0,0,1,0,0
769048,9509,0,0,1,0,0
769058,9510,0,0,1,0,0
769155,9511,0,0,1,0,0
769214,9512,0,0,1,0,0
769249,9513,0,0,1,0,0
769610,9514,0,0,0,1,0
769923,9515,0,0,1,0,0
770021,9516,0,0,0,1,0
770038,9517,0,0,1,0,0
770390,9518,0,0,1,0,0
770521,9519,0,0,0,1,0
770583,9520,0,0,1,0,0
770708,9521,0,0,0,1,0
771044,9522,0,0,0,1,0
771194,9523,0,0,1,0,0
771390,9524,0,0,0,1,0
771473,9525,0,0,1,0,0
771544,9526,0,0,1,0,0
771779,9527,0,0,0,1,0
771917,9528,0,0,1,0,0
772178,9529,0,0,0,1,0
772241,9530,0,0,1,0,0
772451,9531,0,0,0,1,0
772605,9532,0,0,0,1,0
772803,9533,0,0,0,1,0
773029,9534,0,0,0,1,0
773126,9535,0,0,0,1,0
773429,9536,0,0,0,1,0
773518,9537,0,0,0,1,0
773580,9538,0,0,1,0,0
773629,9539,0,0,1,0,0
773664,9540,0,0,1,0,0
773786,9541,0,0,1,0,0
773800,9542,0,0,1,0,0
774013,9543,0,0,0,1,0
774195,9544,0,0,1,0,0
774260,9545,0,0,1,0,0
774358,9546,0,0,0,1,0
774413,9547,0,0,1,0,0
774708,9548,0,0,0,1,0
774944,9549,0,0,0,1,0
775264,9550,0,0,0,1,0
775410,9551,0,0,0,1,0
775463,9552,0,0,1,0,0
775700,9553,0,0,1,0,0
775807,9554,0,0,1,0,0
775981,9555,0,0,1,0,0
776118,9556,0,0,0,1,0
776360,9557,0,0,0,1,0
776635,9558,0,0,0,1,0
776714,9559,0,0,1,0,0
776900,9560,0,0,1,0,0
776929,9561,0,0,1,0,0
777033,9562,0,0,0,1,0
777136,9563,0,0,0,1,0
777155,9564,0,0,1,0,0
777408,9565,0,0,0,1,0
777532,9566,0,0,0,1,0
777541,9567,0,0,1,0,0
777574,9568,0,0,1,0,0
777651,9569,0,0,1,0,0
777689,9570,0,0,1,0,0
777804,9571,0,0,0,1,0
777852,9572,0,0,1,0,0
777872,9573,0,0,1,0,0
777968,9574,0,0,0,1,0
778042,9575,0,0,0,1,0
778116,9576,0,0,1,0,0
778208,9577,0,0,0,1,0
778558,9578,0,0,0,1,0
778846,9579,0,0,0,1,0
778895,9580,0,0,1,0,0
779097,9581,0,0,1,0,0
779195,9582,0,0,1,0,0
779512,9583,0,0,0,1,0
779575,9584,0,0,1,0,0
779709,9585,0,0,0,1,0
779820,9586,0,0,0,1,0
779920,9587,0,0,0,1,0
780091,9588,0,0,0,1,0
780468,9589,0,0,0,1,0
780493,9590,0,0,1,0,0
780587,9591,0,0,0,1,0
780678,9592,0,0,0,1,0
780752,9593,0,0,1,0,0
780851,9594,0,0,0,1,0
780951,9595,0,0,0,1,0
781006,9596,0,0,1,0,0
781216,9597,0,0,1,0,0
781242,9598,0,0,1,0,0
781271,9599,0,0,1,0,0
781567,9600,0,0,0,1,0
781644,9601,0,0,1,0,0
781709,9602,0,0,1,0,0
781811,9603,0,0,1,0,0
781870,9604,0,0,1,0,0
781961,9605,0,0,1,0,0
781990,9606,0,0,1,0,0
782089,9607,0,0,1,0,0
782111,9608,0,0,1,0,0
782212,9609,0,0,0,1,0
782249,9610,0,0,1,0,0
782353,9611,0,0,0,1,0
782380,9612,0,0,1,0,0
782510,9613,0,0,0,1,0
782592,9614,0,0,1,0,0
782915,9615,0,0,1,0,0
783048,9616,0,0,1,0,0
783057,9617,0,0,1,0,0
783224,9618,0,0,0,1,0
783275,9619,0,0,1,0,0
783567,9620,0,0,0,1,0
783737,9621,0,0,0,1,0
783856,9622,0,0,1,0,0
784035,9623,0,0,1,0,0
784252,9624,0,0,0,1,0
784345,9625,0,0,1,0,0
784444,9626,0,0,0,1,0
784669,9627,0,0,1,0,0
784686,9628,0,0,1,0,0
784792,9629,0,0,1,0,0
784932,9630,0,0,0,1,0
785051,9631,0,0,0,1,0
785065,9632,0,0,1,0,0
785119,9633,0,0,1,0,0
785248,9634,0,0,0,1,0
785354,9635,0,0,0,1,0
785671,9636,0,0,0,1,0
785724,9637,0,0,1,0,0
785816,9638,0,0,0,1,0
785923,9639,0,0,0,1,0
786238,9640,0,0,0,1,0
786364,9641,0,0,0,1,0
786477,9642,0,0,0,1,0
786489,9643,0,0,1,0,0
786683,9644,0,0,1,0,0
786765,9645,0,0,0,1,0
786860,9646,0,0,1,0,0
786972,9647,0,0,0,1,0
787129,9648,0,0,1,0,0
787247,9649,0,0,0,1,0
787338,9650,0,0,0,1,0
787412,9651,0,0,1,0,0
787450,9652,0,0,1,0,0
787532,9653,0,0,1,0,0
787637,9654,0,0,0,1,0
787667,9655,0,0,1,0,0
787801,9656,0,0,0,1,0
788018,9657,0,0,0,1,0
788202,9658,0,0,0,1,0
788593,9659,0,0,0,1,0
788642,9660,0,0,1,0,0
788756,9661,0,0,0,1,0
788901,9662,0,0,1,0,0
788948,9663,0,0,1,0,0
789078,9664,0,0,0,1,0
789133,9665,0,0,1,0,0
789346,9666,0,0,1,0,0
789403,9667,0,0,1,0,0
789554,9668,0,0,0,1,0
789608,9669,0,0,1,0,0
789644,9670,0,0,1,0,0
789662,9671,0,0,1,0,0
790127,9672,0,0,0,1,0
790252,9673,0,0,0,1,0
790276,9674,0,0,1,0,0
790518,9675,0,0,0,1,0
790519,9676,1,0,0,0,0
790613,9677,0,0,0,1,0
790648,9678,0,0,1,0,0
790650,9679,0,0,1,0,0
790729,9680,0,0,0,1,0
790867,9681,0,0,0,1,0
790939,9682,0,0,1,0,0
