#{"t_start": 1787128618.9556415, "env_id": "None"}
r,l,t
-10.0,1,1.058285
-2.568503,16,1.265047
-8.230855,17,1.515893
6.062096,29,1.845001
2.085918,18,2.106944
0.037029,21,2.369015
27.52274,60,3.494936
-6.265415,6,3.617506
-7.078034,4,3.777321
-11.7576,2,3.85303
-0.690204,17,4.159282
-2.529138,9,4.332959
-4.930865,17,4.763052
-9.32,2,4.811253
-10.0,1,4.845672
-7.669448,6,4.991995
-4.027176,12,5.292618
-8.125408,3,5.373616
-7.0,4,5.466174
-8.124119,4,5.553982
-0.782457,12,5.850061
-9.32,2,5.896606
-1.345058,12,6.132343
-10.074866,3,6.220368
-4.29323,19,6.642221
-11.790863,3,6.70058
-4.327425,13,6.973418
-10.0,1,7.009271
-7.049362,5,7.184467
2.687382,18,7.533711
-10.0,1,7.573727
-7.196669,8,7.732127
-4.50433,7,7.939113
-9.32,2,7.985296
-6.958675,7,8.138789
-10.0,1,8.17236
-5.055358,6,8.367652
-3.602021,13,8.617063
-8.621761,4,8.725293
-1.132606,11,8.940705
1.18954,24,9.462996
-5.636616,7,9.585646
4.536347,23,9.996752
-10.0,1,10.030176
-5.411538,7,10.248809
-5.126628,7,10.403893
-9.042017,2,10.447753
0.244163,23,10.91242
-8.697684,3,11.063497
2.265314,24,11.510115
-9.218488,5,11.618227
-10.0,1,11.653337
-8.168123,3,11.812387
-10.0,1,11.846843
-8.44,4,11.940902
-6.31553,11,12.163769
-3.600639,12,12.482867
-8.24,5,12.600466
-8.24,5,12.745356
-5.221949,6,12.861705
-8.197025,3,13.011106
9.790682,36,13.728952
-6.365764,8,13.922315
-4.60338,11,14.159864
12.431179,32,14.818277
-2.992781,12,15.058014
-5.577607,15,15.354241
-2.513146,13,15.662867
-9.091257,2,15.779368
-5.925369,7,15.951244
-1.775533,14,16.200619
-2.544401,30,16.846018
1.344541,18,17.305863
-9.005671,3,17.432094
6.435947,40,18.302488
-7.499845,8,18.485494
-4.400597,13,18.848924
13.111041,54,19.904864
-8.14166,5,20.025255
6.534167,35,20.685942
41.38888,85,22.359093
12.485374,47,23.263176
-6.399666,8,23.44437
1.647628,16,23.817435
-4.892092,8,24.133075
-5.0,6,24.27974
-1.34655,14,24.631612
-5.892782,13,24.907519
0.98648,15,25.354022
2.0,13,25.640326
-6.422939,10,25.870925
-7.596398,9,26.078061
-6.843813,13,26.423179
4.065345,23,26.912839
-9.48,3,27.01395
-5.083272,7,27.162254
1.847269,21,27.708825
-6.387284,6,27.82636
-6.251686,8,27.998668
-8.095953,4,28.109611
-5.863751,6,28.332011
-6.791795,7,28.464715
-6.05183,5,28.596148
-10.469649,19,28.925429
10.607395,35,29.584862
9.240374,34,30.217286
-7.171541,14,30.487777
-6.504846,9,30.656483
-8.525676,6,30.882542
-2.344144,13,31.115453
-8.629896,3,31.199725
-4.288152,17,31.599692
-12.818659,5,31.793148
-0.09993,23,32.272687
-7.49521,8,32.445349
-0.771383,18,32.784403
-9.0,2,32.883093
-8.425211,3,32.97191
-7.699408,5,33.085418
-10.0,1,33.116881
-6.855069,5,33.312377
-3.680566,13,33.570813
-9.32,2,33.615327
-9.343095,3,33.701029
7.70782,29,34.363513
-9.934417,3,34.452199
-0.33969,22,34.862686
-4.492878,12,35.097908
0.363914,13,35.418904
-10.0,1,35.451313
-10.0,1,35.485937
-1.760864,17,35.827992
0.709133,23,36.320066
-7.299234,4,36.412106
19.931251,40,37.1
-8.36,8,37.259585
-3.356933,11,37.548182
-5.456897,16,37.855507
-4.907579,11,38.082839
-0.975542,18,38.398724
-6.373642,8,38.65106
-10.0,1,38.720616
-5.41779,11,38.923327
-6.041743,5,39.054454
-10.0,1,39.163799
-9.64,4,39.270675
-3.185023,11,39.51119
-9.32,2,39.558448
6.356189,32,40.226626
4.834576,23,40.662962
-7.640658,6,40.775252
-0.683069,12,40.998307
-8.583678,5,41.209701
-1.124138,27,41.687277
-9.32,2,41.758054
-4.351976,22,42.137998
9.858804,53,43.170766
-4.112104,9,43.34573
-3.069198,11,43.57852
-0.477374,23,44.046963
-4.656777,12,44.393323
-6.125829,18,44.766929
-2.823441,13,45.026617
-6.184798,6,45.181495
-10.0,1,45.314596
10.125957,45,46.233063
-1.257803,13,46.473847
-8.273177,4,46.562708
-6.70318,9,46.856547
-4.152303,7,46.987046
-3.045402,12,47.229422
-6.742946,6,47.371849
-3.909592,17,47.741644
3.546097,24,48.214175
-7.157323,4,48.306448
-5.295063,8,48.4718
0.841039,14,48.794496
-3.220491,12,49.014931
-4.735734,13,49.253218
-8.184175,6,49.362129
-1.456801,19,49.795868
-4.681582,8,49.956425
11.625914,32,50.509206
1.090645,14,50.770453
2.68836,26,51.290441
-5.154427,10,51.488617
-4.392232,14,51.731616
-6.019839,5,51.823101
-0.940173,15,52.188669
-2.054077,14,52.447557
-9.095443,2,52.492404
-3.690602,9,52.658572
-10.0,1,52.799731
-7.942244,5,52.903848
-0.998484,20,53.277811
-3.466879,11,53.490074
-8.134239,5,53.657889
-8.433917,7,53.815373
3.980279,20,54.170074
-4.456547,16,54.457738
-5.266075,12,54.763693
-1.227824,10,55.016332
5.276304,38,55.712172
-0.05605,24,56.152789
-9.32,2,56.269479
-4.98299,10,56.476427
-8.775113,3,56.528902
3.438533,18,56.85508
-7.867656,6,57.037704
-8.055965,7,57.182126
27.4295,69,58.361162
-1.187933,10,58.568683
-6.261714,6,58.739482
-1.315722,12,58.951819
1.077321,30,59.494325
-9.051521,2,59.539681
-6.644227,6,59.753364
-10.0,1,59.788268
-4.127686,15,60.160034
-7.306236,4,60.275457
-6.38167,7,60.568242
1.332301,19,62.040207
-6.0,6,62.213592
-7.209161,5,62.350516
-7.565171,8,62.601228
-5.373968,6,62.755999
-6.870552,6,62.888304
-10.0,1,62.929365
-10.0,1,63.061619
-6.916039,6,63.184336
11.339871,40,63.933388
-8.8,3,64.02529
-2.626283,13,64.353611
-8.8,3,64.449445
18.59834,45,65.311255
2.911939,29,65.864046
10.198024,30,66.492093
0.175241,23,66.905183
-2.032958,9,67.061621
-5.255937,11,67.281474
-6.01424,7,67.481653
-1.552359,17,67.887251
-4.90227,7,68.029289
-4.026009,10,68.257014
-10.0,1,68.35736
-4.531286,9,68.550069
-1.162809,18,68.888792
5.16847,22,69.261249
-4.087819,28,69.858377
10.470264,33,70.434066
-8.44,4,70.515835
-5.035112,7,70.622854
1.063818,29,71.197222
-5.670404,7,71.33325
-7.0,5,71.483777
-10.0,1,71.523717
-9.826531,5,71.693327
-10.703808,3,71.769967
-8.2,6,71.870505
-2.144833,14,72.119839
10.636818,31,72.687536
11.079618,42,73.392327
12.843343,32,73.893902
-2.442879,15,74.174279
3.154064,30,74.741493
18.827808,37,75.332449
-4.850133,11,75.533733
-9.142954,2,75.649449
0.057426,22,76.116384
-10.0,1,76.170924
-4.974109,7,76.279355
-8.0,3,76.352208
-3.065486,15,76.69864
1.988452,16,76.967792
-10.0,1,77.008372
0.0,13,77.267653
-9.02136,3,77.425276
-8.342476,9,77.603124
-8.0,3,77.685543
-8.330762,3,77.764524
-10.943082,14,78.067668
-5.210887,6,78.19191
-9.104022,7,78.351656
3.902876,26,78.804401
-8.48,2,78.960501
-7.038028,12,79.161159
4.89403,41,79.85372
3.501101,26,80.240388
0.442238,16,80.577359
-5.390099,9,80.7462
8.286556,33,81.330283
-10.0,1,81.368798
22.531797,49,82.313434
-10.0,1,82.387733
18.698183,46,83.153515
-7.192447,4,83.247351
-3.739437,12,83.590424
8.325924,30,84.107311
-4.52769,12,84.339802
-10.0,1,84.374824
-5.754974,9,84.607997
-7.01424,4,84.694675
-7.96,3,84.78673
-7.164858,5,84.917019
-2.649855,10,85.194293
-3.933906,12,85.432108
-8.560504,17,85.761938
-3.50618,11,85.957916
-2.504712,19,86.373367
14.453282,39,87.058547
-4.991944,10,87.292689
-9.210255,2,87.341357
9.501481,39,88.066099
-9.32,2,88.108481
-3.114007,9,88.291456
10.034203,40,89.00273
-5.355895,11,89.273172
-10.0,1,89.333133
14.05886,33,89.910564
2.14967,23,90.381649
-9.0,3,90.52927
-8.324187,6,90.687695
8.350708,27,91.186393
-8.44,4,91.277404
-8.009319,3,91.39112
-2.304458,21,91.773099
-10.0,1,91.813649
-8.24,5,91.918353
-8.046041,7,92.145205
4.130364,29,92.761743
-10.0,1,92.800903
8.440674,25,93.256475
-5.220634,9,93.508486
-9.32,2,93.551501
-3.574086,12,93.78
-9.050172,4,95.215263
-2.326075,13,95.554235
-1.592102,20,96.001567
-9.0,2,96.05011
-7.912316,6,96.192743
-6.572834,5,96.373509
-7.01424,4,96.457664
17.259969,41,97.158267
3.707315,19,97.496666
-5.902931,7,97.729989
-6.589313,11,97.98288
-2.479958,10,98.201714
-6.118067,5,98.315416
-10.0,1,98.423777
20.881462,39,99.083989
-10.0,1,99.116329
-5.126105,11,99.326545
-9.12,4,99.529537
-6.045784,5,99.649452
-6.0,5,99.788134
-7.784518,6,99.913345
-8.042061,3,100.078295
-6.971045,10,100.273407
12.016997,48,101.069303
-6.621001,8,101.22825
1.253145,23,101.78848
10.78927,50,102.665201
-9.0,2,102.715639
16.77559,38,103.382485
-10.0,1,103.47919
-3.850238,12,103.703856
4.229239,20,104.013009
-10.597594,2,104.054079
-10.0,1,104.16943
-8.006816,4,104.254728
13.586656,32,104.838527
31.98187,77,106.18826
-0.268573,25,106.688099
9.475457,32,107.367783
1.930415,18,107.732741
-5.750538,10,107.918585
-10.624066,4,108.078205
-4.851692,8,108.217726
-2.428847,13,108.431102
-7.409036,9,108.67604
-8.109847,5,108.865893
-5.699758,9,109.033451
9.830814,26,109.454479
-3.089051,15,109.693271
-5.660268,11,109.948452
-4.713472,11,110.16551
7.890333,37,110.799266
-3.116632,10,110.976257
41.681355,65,112.051922
-8.115814,4,112.139249
-6.309493,6,112.233994
23.932594,61,113.309573
-1.208532,17,113.648371
-10.019391,4,113.728207
-3.986899,15,113.981492
2.861628,18,114.30043
-7.121858,4,114.458681
-0.584518,13,114.673517
-8.43461,4,114.758561
-4.008083,14,115.009809
-2.144894,11,115.269596
-6.025303,6,115.377247
-1.281467,12,115.636939
-3.426829,9,115.811054
-10.0,1,115.937489
-0.914086,23,116.340008
-4.196141,8,116.488539
-1.997244,15,116.758976
-6.466252,6,116.982044
3.8383,25,117.454071
1.586279,30,117.993523
-2.213136,19,118.377176
3.153259,33,119.080639
-2.56193,20,119.449061
-2.785565,9,119.640907
-8.203215,3,119.694858
-10.0,1,119.825614
-4.786395,14,120.081496
3.996498,24,120.522371
-5.895106,6,120.661291
5.533207,34,121.357912
-1.304353,16,121.648703
-8.341438,4,121.743613
3.38612,25,122.203494
-8.44,4,122.365547
0.560707,14,122.644062
-2.014101,13,122.861698
-10.0,1,122.894007
-5.327865,9,123.202404
5.809161,30,123.775127
6.472518,23,124.191051
-10.0,1,124.224768
-0.71323,16,124.593801
-10.0,1,124.628198
1.892088,19,124.967896
7.681503,26,125.455741
3.48968,31,126.128644
-9.01424,2,126.222626
-10.0,1,126.256574
-8.44,4,126.354831
-6.964266,14,126.705477
-2.123739,19,127.029341
-5.31694,13,127.324228
-10.0,1,127.361544
-6.337079,5,128.823611
-6.419966,11,129.046059
-12.56883,4,129.149086
17.026007,44,129.921431
-6.236218,16,130.269842
-1.883726,15,130.547109
-9.848936,8,130.70739
-6.143051,9,130.881185
3.159503,30,131.455328
-0.382676,21,131.823373
-5.45408,8,131.974351
-9.042688,2,132.019302
7.761462,35,132.752435
18.52117,44,133.515919
-5.032251,12,133.731895
-8.763985,5,133.863156
-6.991093,6,134.098905
-9.056261,3,134.155114
-10.269161,10,134.371018
9.880129,27,134.870912
-7.28281,9,135.106357
-8.541623,3,135.182757
-5.940255,7,135.293507
17.778732,46,136.090648
0.713445,17,136.447425
-9.2,7,136.64106
-10.0,1,136.680835
-8.646223,3,136.781872
-10.0,1,136.890947
1.576023,21,137.329786
0.708214,21,137.70447
-9.089437,2,137.74786
-1.292188,25,138.263045
-10.0,1,138.324209
-9.694261,3,138.389928
-6.162812,9,138.601916
6.676969,23,139.086138
7.10882,26,139.568727
-9.692181,8,139.748122
-4.242439,8,139.907078
-5.459708,7,140.131345
38.048902,86,141.564389
-7.0,4,141.648769
-7.235884,12,141.87001
-8.252074,7,142.101185
-10.0,1,142.132183
11.106137,28,142.602819
19.976628,47,143.390477
-10.0,1,143.483147
-10.0,1,143.51706
-7.402478,4,143.606622
-3.240865,11,143.823698
6.953914,26,144.336339
-0.75868,21,144.755009
-4.423947,11,144.975968
-7.743867,5,145.086085
-4.867637,9,145.33116
-8.006182,10,145.548799
0.091295,14,145.822289
-2.464571,10,146.039657
-4.762613,11,146.307065
11.997482,28,146.794479
-3.941508,13,147.061745
-5.354178,8,147.22898
-8.503109,9,147.495369
-7.032016,4,147.600085
14.298604,39,148.327574
-0.447192,18,148.665061
-7.84703,5,148.831783
-7.8918,4,148.919647
21.563171,40,149.600667
4.926237,31,150.166141
-5.818627,7,150.396777
-6.296335,6,150.524459
6.715885,29,151.076167
-8.071733,6,151.189829
0.602598,20,151.659336
-10.0,1,151.696575
-9.026776,2,151.775492
13.275699,30,152.301093
-7.929026,6,152.523389
-10.732824,2,152.569098
-4.548342,10,152.782939
-0.173727,26,153.276157
-4.776021,19,153.707226
-8.269634,3,153.790814
1.155017,32,154.410054
4.957458,28,154.930256
2.264367,21,155.403371
-4.946237,8,155.565221
-9.0,2,155.641967
-7.276674,7,155.785079
-8.628378,5,155.987469
-7.606988,9,156.160608
-5.349668,27,156.655624
-3.057092,16,157.061733
-9.027465,2,157.181262
-4.428831,7,157.330582
-7.194339,6,157.452286
-7.571569,8,157.621672
-9.120812,3,157.786747
1.345411,19,158.163316
9.611477,36,158.824228
6.258482,39,159.616602
-9.091494,2,159.768087
-2.452784,15,160.14031
-6.537083,6,160.277958
-11.2728,2,160.373728
-7.207942,11,160.730776
-1.387792,20,161.990139
-4.263218,10,162.191555
-7.007041,8,162.368973
0.35078,19,162.952998
-10.0,1,163.002768
-6.515941,8,163.202475
-0.706105,16,163.547232
-2.283462,10,163.832488
-6.847505,24,164.315558
18.190872,62,165.484173
-4.987781,8,165.659149
-5.516658,15,166.054194
-9.32,2,166.112142
1.344393,28,166.625644
-9.0,2,166.697101
4.816418,23,167.232413
3.882639,24,167.661713
-8.418934,3,167.715909
-4.167163,9,167.90653
-9.0,2,168.021074
-5.594206,12,168.288183
8.415221,29,168.764427
-5.915136,14,169.049667
-5.266325,7,169.256802
-8.077014,3,169.308981
-1.940773,18,169.669995
-8.8,3,169.741713
1.22725,27,170.255405
-7.454826,9,170.439665
-4.829386,16,170.751076
-10.0,1,170.787336
-8.8,3,170.929626
-10.0,1,170.967515
-9.32,2,171.006123
-6.288112,9,171.191091
3.363748,21,171.614721
-8.099576,8,171.769205
18.138019,52,172.623157
-5.477571,7,172.768194
-6.0,5,172.926442
-8.992347,6,173.031065
0.593053,21,173.405193
-9.664323,3,173.460057
-8.521515,6,173.664952
1.17078,25,174.083633
-10.548314,12,174.306628
-1.940972,17,174.595164
-8.666353,8,174.835756
2.913229,24,175.237749
-7.560604,9,175.422266
-5.308133,11,175.602632
-5.304328,7,175.817456
-6.845409,6,175.946669
0.007709,21,176.298656
-8.44,4,176.386725
-3.070289,12,176.672634
-9.270235,2,176.713155
-10.0,1,176.77122
0.348561,12,176.973345
-7.876682,6,177.149827
-6.44,7,177.288568
-8.616497,3,177.362726
-7.808606,9,177.554508
8.101459,24,178.017775
-5.298724,6,178.132946
-6.665586,11,178.33546
-2.871061,10,178.527213
-2.097666,17,178.888126
-8.8,3,178.95805
-9.235982,2,179.001265
-1.095567,11,179.20112
6.610926,29,179.735875
-0.40467,18,180.043818
-2.541738,17,180.344704
-3.225811,10,180.510978
-10.325575,9,180.773437
-7.0,4,180.848541
-8.421151,4,180.941626
-3.46817,11,181.123716
0.065725,12,181.420794
-8.253191,5,181.549647
-8.77326,4,181.643811
-0.991393,11,181.816645
-4.749802,7,182.032481
-2.457394,16,182.312059
-4.413084,17,182.594709
-9.061301,2,182.662743
-6.120957,9,182.888743
-7.6,4,182.983094
-8.433967,7,183.125056
-5.231111,23,183.508927
-3.154138,10,183.758566
-8.11016,3,183.836498
0.159209,17,184.11834
-10.0,1,184.14968
-0.807438,12,184.44219
2.531772,20,184.780322
1.869653,17,185.086851
-10.702888,3,185.144805
-10.0,1,185.297758
-8.292958,5,185.394778
-9.64,4,185.487004
-10.0,1,185.517452
-10.0,1,185.634936
-4.080052,19,185.978112
-9.32,2,186.047177
-0.527796,18,186.342958
-5.123778,7,186.563192
1.133801,19,186.897557
-10.0,1,186.932641
15.358995,49,187.718871
-9.0,2,187.857859
-8.230574,3,187.912938
-8.681077,6,188.060503
-2.098703,11,188.267818
-10.0,1,188.381022
-9.377585,4,188.470922
3.924749,24,188.859181
-10.0,1,188.891537
-0.145441,16,189.260657
3.565537,38,189.915607
-8.8,3,189.967341
-4.177459,11,190.174992
12.649698,45,190.989835
1.831615,23,191.402807
-10.0,1,191.436013
2.180844,17,191.748101
-8.16,3,191.875976
4.610356,21,192.284421
-7.389592,14,192.55657
-7.104706,5,192.673767
-0.12019,18,193.119185
2.023548,20,193.505249
0.984483,24,193.969385
-5.978025,11,195.354829
4.826283,24,195.892671
-3.211453,19,196.31782
-4.349237,13,196.594331
-5.702392,14,196.857451
-5.717441,6,197.069537
-7.127219,4,197.184693
-4.830415,16,197.521268
-8.095804,4,197.614177
-8.19937,3,197.741615
-8.24,5,197.873442
11.410514,32,198.498762
-7.087349,4,198.601517
2.025834,22,199.064737
-1.433331,12,199.324987
-7.093172,4,199.411242
-5.838544,6,199.540341
-10.0,1,199.642843
-9.32,2,199.682417
-9.0,2,199.754464
-2.251539,9,199.911015
3.425481,31,200.527489
-2.167632,15,200.810929
-7.60972,10,200.995475
-10.0,1,201.028615
-9.308885,2,201.179746
-8.388077,3,201.259801
20.488573,61,202.239226
1.788962,23,202.621714
-0.353425,17,202.958435
-3.284934,12,203.173635
23.244765,52,204.007288
-0.77222,18,204.302377
-0.509285,18,204.715783
14.738587,50,205.549457
-8.278004,4,205.640595
-9.136569,2,205.709251
-9.043544,2,205.812136
-9.32,2,205.893108
-3.921691,10,206.071383
-9.563458,6,206.212024
-4.493249,12,206.497698
0.910174,19,206.842947
1.213665,25,207.26915
-10.0,1,207.303135
-1.138936,16,207.686437
-6.737095,5,207.790842
16.692827,53,208.769559
0.150208,12,209.078028
-1.412487,22,209.570812
-6.101688,5,209.667516
-0.361672,14,209.939442
-7.038785,8,210.108606
-8.773828,6,210.301967
-8.0,3,210.392997
-5.073799,14,210.683803
-6.157004,9,210.870523
-6.171165,6,211.066115
-8.329529,6,211.211194
-0.455679,17,211.539866
-8.2,6,211.678979
-1.555631,11,211.920382
-8.129956,3,211.999411
1.180348,19,212.385962
-6.037195,10,212.550169
-7.812942,10,212.827236
-10.0,1,212.858734
0.297814,18,213.181757
0.560328,20,213.518487
-5.046895,12,213.810094
-2.498376,14,214.069609
-1.001036,16,214.354272
-7.688737,7,214.502836
-8.8,3,214.651744
-10.0,1,214.689494
-10.0,1,214.72087
1.0,18,215.039143
-6.1868,10,215.282246
-2.798709,22,215.709105
-4.1547,8,215.855385
3.250803,40,216.542068
-5.914421,20,216.961857
-7.808372,6,217.070363
-10.0,1,217.101748
35.788024,94,218.64879
-11.7576,2,218.794852
-6.307594,5,218.916977
7.643309,31,219.413233
9.80757,28,219.87022
-6.077075,13,220.212954
-8.44,4,220.298141
-8.156153,5,220.390521
32.499513,61,221.374898
0.405722,23,221.856022
-4.791885,11,222.082215
-1.323155,18,222.422292
-8.050612,4,222.52153
-10.0,1,222.625476
1.806085,20,222.986665
-9.32,2,223.056487
-7.49521,5,223.164134
1.314295,19,223.570563
-8.792864,5,223.665137
16.032396,45,224.4316
-7.471206,5,224.573137
-5.10468,8,224.852521
-0.620308,30,225.419442
-1.557796,16,225.720599
-9.32,2,225.797767
-7.932183,5,226.000276
-9.019119,2,226.044145
-0.820582,20,226.443214
-10.0,1,226.500331
-1.85596,10,226.7395
-4.91344,10,226.977327
13.641289,30,227.475652
-7.986662,6,228.854834
-2.202333,20,229.368098
-2.348834,18,229.712279
-4.272073,10,229.914813
-5.379379,8,230.071753
-5.58997,11,230.355871
-8.8,3,230.44777
-6.014903,15,230.781807
-3.831962,8,230.953189
-1.265233,19,231.387964
7.654221,25,231.838942
-8.44,4,231.932176
-9.0,2,231.973647
6.384523,27,232.523973
-10.618519,2,232.5963
-7.533006,5,232.705247
15.45585,59,233.730572
-9.009226,2,233.848763
9.207881,31,234.410046
-2.074828,15,234.704567
-6.50335,7,234.819687
-7.740104,4,234.98266
-5.438302,8,235.136886
-0.954913,23,235.515055
-8.038746,9,235.700094
-2.630288,11,235.993684
-6.430746,6,236.129368
-6.01424,5,236.225582
-7.219698,4,236.316326
-7.221418,6,236.502813
-8.131155,3,236.587882
7.416751,32,237.126514
-7.693072,6,237.251681
-8.44,4,237.40354
-4.722944,15,237.675841
-3.398464,8,237.826422
16.55355,39,238.496822
-7.824099,6,238.710025
-6.032958,5,238.807208
-7.058916,12,239.017371
-5.974555,12,239.218825
-1.843644,19,239.648821
-10.0,1,239.688624
2.990418,20,240.04114
-6.399349,7,240.178698
-8.0,3,240.297502
-6.959015,5,240.417587
-8.682285,20,240.788467
17.178708,49,241.59691
-7.162999,7,241.816033
-1.506576,17,242.135482
-6.440864,5,242.250272
-2.743063,13,242.493823
-8.18064,13,242.838474
-4.934673,8,242.995997
-10.099274,4,243.092852
-2.49341,12,243.304453
-9.815657,3,243.417889
-8.44,4,243.505451
-8.074423,4,243.598624
-10.0,1,243.660041
-1.429356,19,244.045011
-10.0,1,244.10757
-5.175326,10,244.295095
22.911903,74,245.492261
-2.657005,13,245.79714
-6.032698,5,245.888106
3.361914,19,246.203534
-1.813989,16,246.476527
-1.998268,13,246.803731
-6.793892,6,246.937564
-3.302277,15,247.186691
-9.32,2,247.258785
-2.257121,9,247.486345
-7.331435,8,247.6457
-6.517581,7,247.802368
2.636503,18,248.109956
1.027115,25,248.626666
-4.181301,15,248.899653
-8.0,3,248.97973
-5.86881,15,249.26489
-4.434036,11,249.554526
-6.809205,7,249.677567
-4.562129,12,249.903097
15.571267,50,250.757891
38.877814,62,251.879328
-9.32,2,251.946638
10.896063,30,252.422568
-9.50619,5,252.564124
-8.465064,9,252.80392
-7.778465,7,252.992225
31.556377,71,254.157593
-2.307761,11,254.370924
8.612703,40,255.217176
-8.200872,13,255.460113
2.983394,15,255.738336
-7.582361,4,255.846936
8.170721,40,256.688189
-11.4344,2,256.763193
-8.597878,4,256.852823
0.045834,17,257.188458
-9.022986,2,257.290623
-10.0,1,257.353137
-3.660896,15,257.607304
-10.0,1,257.666322
-0.464125,20,258.107011
-5.580557,12,258.359317
-10.0,1,258.397511
-0.79667,19,258.751122
33.036476,76,260.135228
21.66822,51,262.094877
-8.687344,4,262.18294
8.58067,28,262.691043
-8.005209,3,262.853575
-9.044341,2,262.92299
-6.357189,11,263.139873
-10.0,1,263.207216
-4.982144,9,263.447378
-5.442425,16,263.739144
-9.215562,3,263.817866
-6.80001,5,263.943546
-8.24222,3,264.103265
-6.781154,10,264.304789
-6.924739,12,264.536631
-4.199051,7,264.68526
-10.0,1,264.780255
-2.939912,11,265.025012
-10.543599,2,265.068251
-8.8,3,265.149927
-4.994197,11,265.445067
-8.324458,3,265.519855
-5.032113,8,265.677809
4.273636,20,266.042859
2.682145,27,266.56349
-5.301053,14,266.850486
-7.92,5,266.964216
-7.665644,5,267.061437
6.071628,34,267.767715
5.077842,29,268.324726
-4.0,7,268.474523
-8.743037,4,268.564987
-4.043096,11,268.840097
-3.99268,11,269.067796
-1.171074,22,269.497388
-9.011344,2,269.543867
0.263191,19,270.001875
40.419836,66,271.217922
-3.833724,8,271.367771
-9.038974,2,271.412387
-9.022501,2,271.57292
-3.323412,8,271.727993
-8.44,4,271.81471
1.059939,18,272.121796
1.54666,18,272.592343
-0.29921,11,272.774799
-9.16,1,272.852986
-4.072881,19,273.169392
-6.837364,8,273.385886
-3.608198,17,273.697557
14.846243,42,274.451809
2.797128,23,274.879955
10.203775,38,275.549448
-9.32,2,275.619319
-6.6465,14,275.851893
-5.244884,6,275.982071
0.034451,31,276.678004
0.47408,18,276.998285
0.664476,26,277.452424
-0.784715,16,277.713276
-1.389254,37,278.457615
-10.0,1,278.488831
-6.105169,6,278.619968
-9.103539,4,278.715642
-5.520649,6,278.889159
-9.32,2,278.95361
-7.459763,5,279.046145
-4.890352,10,279.220024
1.014062,18,279.619554
-7.256719,4,279.707903
-4.527339,15,279.975647
-9.705585,9,280.177245
-0.048686,11,280.462585
-10.0,1,280.500978
-7.887581,4,280.596637
-6.451551,11,280.79396
-5.645538,7,280.981308
-1.880753,12,281.196764
-10.0,1,281.251904
-7.144667,7,281.370366
-10.0,1,281.503539
-5.516684,18,281.815728
-4.001523,16,282.174728
-10.0,1,282.203011
-1.993347,21,282.673436
1.601037,28,283.153535
-10.0,1,283.191157
2.626738,34,283.778897
-10.0,1,283.898964
-8.449878,5,284.011396
-1.715192,18,284.317799
9.648442,30,284.893318
-3.641623,11,285.255906
-10.0,1,285.302147
-9.0,2,285.365247
-7.4,5,285.528406
-8.936261,6,285.742186
11.968075,37,286.471543
3.629263,18,286.855182
8.609884,39,287.634763
-0.45109,11,287.885046
-9.32,2,287.965976
-7.499209,4,288.072458
-10.0,1,288.117973
13.022841,42,289.031187
6.972766,41,289.785848
-1.609552,12,290.028922
48.50975,94,291.701122
-5.767668,11,292.005673
-1.14295,15,292.328546
-5.63245,10,292.519065
-2.547897,17,292.868579
-3.255227,13,293.214241
-8.8,3,293.297607
-8.010732,3,293.349684
13.855556,44,294.137868
-9.100122,2,294.287333
2.006891,21,295.81805
-1.277278,13,296.044857
5.995394,34,296.704021
14.041501,39,297.524319
2.261598,27,297.995016
-6.717931,10,298.230504
-10.0,1,298.267531
-7.631565,6,298.506341
4.418401,25,298.964287
-9.12,4,299.067057
-10.0,1,299.108481
8.461576,37,299.839498
-7.759145,5,299.960772
1.789644,17,300.243562
-7.278024,11,300.450388
-0.647872,13,300.756336
-7.090587,4,300.854965
-2.205158,16,301.143072
-7.991139,7,301.28941
-8.102872,4,301.475611
-4.162503,12,301.688558
-10.0,1,301.729217
-5.879286,6,301.851205
-9.28,5,302.069293
-3.667186,14,302.342215
7.11905,34,302.97586
-10.0,1,303.0153
-6.66088,5,303.214567
-1.356114,22,303.635956
10.342521,33,304.219026
-4.511333,12,304.469883
9.270122,37,305.227637
14.460409,32,305.81638
4.833592,39,306.534822
-6.147988,10,306.711758
12.751513,32,307.344113
-7.501742,5,307.483301
-10.0,1,307.52474
-4.310098,9,307.705628
-3.581331,11,308.021183
4.576654,24,308.477769
4.590144,22,308.878132
-7.863416,5,309.010012
-2.336375,10,309.257707
3.606647,24,309.709995
4.836096,24,310.155887
-3.63144,18,310.488008
-2.724447,14,310.815481
-10.0,1,310.851984
-10.0,1,310.914711
4.795077,23,311.377335
-3.402925,11,311.682591
19.642543,62,312.7536
-7.05841,12,312.991769
-6.464284,9,313.176277
31.687742,70,314.506376
-9.08511,2,314.588971
-7.010597,8,314.761408
-8.8,3,314.85789
-2.421459,22,315.431557
-10.0,1,315.466363
5.08669,26,316.030761
-0.131457,23,316.554146
-4.44661,11,316.855271
-10.695731,5,316.998068
-4.11715,8,317.174146
2.269243,23,317.631945
-2.958474,9,317.891082
2.792346,22,318.300228
-1.84328,11,318.53607
-10.0,1,318.570451
-9.52,7,318.809627
21.889853,49,319.695573
-9.344673,3,319.789253
-10.0,1,319.826305
-8.18339,3,320.001204
-6.106374,5,320.107079
-7.197898,5,320.217718
8.298159,26,320.666711
-10.172405,4,320.819632
-10.497968,3,320.904392
-1.566248,21,321.282629
3.162261,21,321.685426
-8.8,3,321.852591
-10.0,1,321.886266
-3.532885,9,322.04182
-10.0,1,322.0997
-10.0,1,322.217728
-9.050299,2,322.255037
-10.0,1,322.312189
25.531627,67,323.385775
-10.0,1,323.522389
-7.479383,6,323.664926
16.025446,49,324.558506
-10.02095,8,324.716132
-6.789794,6,324.926694
8.45765,39,325.587946
-7.704178,5,325.692134
14.242093,42,326.437707
-0.330882,18,326.847173
-2.445772,19,327.175364
-7.958347,6,327.29229
-0.92515,15,327.57677
2.837314,22,329.220245
27.895407,57,330.194291
11.754805,31,330.693025
-10.0,1,330.762489
10.075319,31,331.387609
3.935866,20,331.727744
0.865353,12,331.926759
2.029699,18,332.285267
3.309615,18,332.679136
-9.32,2,332.756295
5.648017,21,333.143713
-8.44,4,333.233377
-10.0,1,333.324686
-5.607912,12,333.551521
-7.4,5,333.707558
-0.463396,23,334.097641
-5.171144,6,334.310034
4.322137,19,334.663465
-10.0,1,334.702201
-6.486033,5,334.802791
17.090077,51,335.731461
30.244001,56,336.666667
0.44167,20,336.997526
-5.067386,18,337.288783
-4.608492,12,337.562739
-10.0,1,337.659159
5.162686,27,338.069293
20.724205,45,338.780342
-3.06651,13,339.093218
-10.0,2,339.134438
-8.8,3,339.209032
-10.0,1,339.236247
2.320502,17,339.617644
-7.086446,10,339.785627
-7.86622,6,339.916087
3.810861,24,340.307841
-7.01794,7,340.512795
-10.0,1,340.569592
-0.960867,19,340.864643
-9.12,4,340.951031
17.560121,69,342.170161
-4.259284,10,342.339417
-5.504976,8,342.481734
8.834618,28,342.925764
-5.147087,9,343.177258
-8.102005,5,343.295887
0.427101,25,343.691354
2.276601,17,343.964099
0.593265,16,344.301098
-1.854669,18,344.607506
-7.062229,6,344.718916
15.821086,33,345.235162
17.155483,50,346.15431
-9.08498,2,346.191813
-10.0,1,346.249528
12.325062,31,346.784422
-10.0,1,346.900219
-0.417877,16,347.168896
-6.376121,11,347.372611
-7.222489,4,347.46221
-4.911665,13,347.784964
-0.053802,16,348.054109
-7.44587,6,348.169548
-0.177267,20,348.547137
7.923334,44,349.392372
-8.029544,6,349.522447
-6.360508,5,349.620882
-8.8,3,349.697013
-2.113232,12,349.984684
7.444166,41,350.647592
14.475133,35,351.210718
35.455818,70,352.28883
-9.512239,9,352.536816
1.264899,20,352.865532
-3.940617,9,353.03835
-8.189364,3,353.08919
-9.16,1,353.238402
8.437641,32,353.75396
12.32666,40,354.393277
-10.0,1,354.430009
-10.0,1,354.542354
9.18543,35,355.116679
8.161633,44,355.83044
-4.894088,16,356.100747
-5.429536,6,356.281452
0.807063,19,356.600818
-8.049592,3,356.677975
-7.807295,18,356.963008
5.938329,25,357.465268
-0.866821,17,357.74859
0.783429,23,358.138119
-0.008224,13,358.351674
6.18416,25,358.823283
-5.053922,14,359.136153
-3.826442,9,359.294248
1.406228,27,359.745633
6.718509,20,360.14618
7.887061,30,360.631547
0.71195,23,361.030684
-5.316518,8,362.345638
-10.0,1,362.4424
-5.80076,7,362.588435
-10.0,1,362.618387
-2.123962,20,362.9471
-9.031451,8,363.182065
7.240023,28,363.628886
1.506245,23,364.015068
2.812289,25,364.427023
-4.398575,17,364.780733
-8.971313,6,364.922174
-7.939088,4,365.017384
-5.202427,9,365.19347
-1.871768,16,365.56012
-7.272238,6,365.69923
-4.555326,10,365.876501
-6.597831,7,366.025846
-9.012341,3,366.178722
-4.247852,8,366.33781
-7.758146,8,366.501766
-10.0,1,366.537726
-5.280411,11,366.842255
8.085036,29,367.350964
12.407104,35,367.913656
-10.042877,3,367.965862
11.683643,38,368.654586
-9.293177,5,368.753388
-5.928024,8,368.901487
4.979568,23,369.285198
-5.557168,10,369.511613
-10.0,1,369.564027
-3.039226,9,369.711598
-10.0,1,369.740761
-9.160851,2,369.875354
26.774402,78,371.088108
-4.0,8,371.220777
-4.822994,9,371.367954
4.667683,19,371.764223
-5.403301,14,372.018365
1.793817,19,372.315642
-3.538705,10,372.504377
14.824084,48,373.355291
12.749482,38,373.971131
-9.439508,7,374.110858
-5.645266,8,374.263864
-6.4626,5,374.426908
-9.32,2,374.503099
-9.064051,5,374.603855
-4.015983,14,374.870214
-3.546047,11,375.123393
-1.693733,21,375.557566
-1.691345,15,375.821679
-8.15383,3,375.898648
-8.189308,7,376.111693
4.476654,27,376.597997
24.124883,69,377.74566
-7.101364,9,377.899594
-8.2,6,378.100016
10.038226,36,378.697468
18.170434,38,379.277899
3.214454,30,379.757427
4.287979,16,380.118676
-9.037883,2,380.154339
-6.267707,6,380.273344
-10.0,3,380.32817
-4.528231,9,380.570531
-3.785099,10,380.74026
1.909793,24,381.121258
-4.528989,8,381.271129
-5.927026,7,381.497594
-10.0,1,381.528556
-2.90172,10,381.722645
-8.747187,4,381.817619
-10.0,1,381.912809
-1.92949,14,382.149634
9.25297,29,382.651184
-5.925114,19,382.957931
16.039415,36,383.607558
-3.861335,12,383.819396
23.343607,53,384.687334
4.020353,45,385.396292
-8.799376,4,385.555468
-8.486677,3,385.628924
-7.622158,5,385.726348
13.924539,39,386.368125
-8.435626,7,386.560657
-9.32,2,386.625639
-8.043736,3,386.699947
-9.0,2,386.739944
-4.14225,14,387.063193
2.195603,23,387.409824
-8.164724,5,387.529046
0.696646,24,387.939789
22.301131,51,388.780887
-9.811358,3,388.854628
2.837187,20,389.180583
2.381558,16,389.45094
6.817944,19,389.840001
-8.011099,12,390.046299
-3.45666,11,390.248568
-8.08497,3,390.299258
-8.8,3,390.44884
-1.454345,11,390.655474
-7.774168,11,390.861315
-0.286979,25,391.277037
-2.196052,12,391.551425
27.077021,53,392.392072
-7.091012,7,392.529861
0.113209,19,392.860172
-10.0,1,392.967953
-7.0,4,393.053179
-2.237954,19,393.383785
-7.196625,10,393.543494
-8.091095,3,393.70413
-2.358496,10,393.865362
8.353176,26,394.284019
-3.505645,10,394.444712
-3.100171,12,395.87886
-4.4683,10,396.06991
-1.730227,13,396.286986
-5.063625,6,396.406404
-3.706069,9,396.633087
-8.11859,3,396.708653
-3.320727,19,396.997318
-2.99193,9,397.172109
0.681414,19,397.561951
-8.8,3,397.639635
2.203777,25,398.038353
-9.32,2,398.105489
8.681685,47,398.979807
-4.054652,17,399.301389
4.714868,35,399.906209
-4.239033,10,400.073682
6.166476,30,400.671763
-10.117932,6,400.789111
-1.788412,10,400.987121
37.599471,67,401.971383
-5.00642,6,402.154433
16.08795,40,402.791031
-7.265301,6,402.884035
17.114251,49,403.660817
-1.927706,14,403.937427
0.132606,16,404.187914
-9.616886,5,404.283713
-9.053014,2,404.350616
-5.927861,8,404.579912
3.228946,28,405.038647
-2.741751,16,405.306637
-4.875111,11,405.542747
-10.0,1,405.653543
5.609285,23,406.143639
-3.113711,16,406.45331
-4.575103,8,406.627708
-9.120412,5,406.810048
15.255064,34,407.368914
-6.40266,5,407.493201
-8.313834,6,407.626775
-5.267396,12,407.922788
-4.030541,7,408.064147
-6.44053,18,408.354656
-5.988469,9,408.522143
-6.356082,7,408.705365
9.230155,42,409.375629
-8.44,4,409.457457
-2.419139,12,409.669888
-8.596097,3,409.807654
2.818299,14,410.024188
20.403894,69,411.087425
-5.435359,12,411.295627
-6.079022,9,411.541459
15.40978,42,412.192097
-4.407423,9,412.351113
4.39908,27,412.792031
-0.852381,17,413.184762
-8.033053,3,413.258772
-9.48,3,413.334867
-7.663973,6,413.432806
-5.340686,16,413.786606
-4.512992,11,414.003446
-8.393856,4,414.092389
-8.319857,9,414.256823
10.76451,31,414.855355
-1.079198,25,415.281339
-5.17847,8,415.437841
-10.0,1,415.499415
16.518138,33,416.124823
5.748768,34,416.676102
-5.108724,6,416.804475
16.364875,44,417.510597
-11.568587,10,417.756152
14.362654,43,418.445439
-7.443282,9,418.612848
11.653285,39,419.255487
-5.409296,6,419.446526
-4.681741,11,419.6212
-1.318081,14,419.866023
2.838096,14,420.071077
-9.277776,2,420.207755
1.771985,21,420.555906
2.39647,40,421.213127
23.785617,45,421.919277
3.613237,34,422.565346
-6.541792,7,422.705455
-6.973954,7,422.829046
10.461818,34,423.417501
-7.352114,4,423.581426
-0.972876,11,423.789514
-4.634025,11,423.974968
-5.372229,6,424.107661
-3.811278,17,424.485144
7.072408,24,424.872738
-4.096944,26,425.335076
-0.774017,21,425.679272
-8.642307,3,425.816207
-10.0,1,425.84936
9.62484,36,426.437476
-9.01424,2,426.473285
-10.0,1,426.612022
-1.171252,21,426.962722
-3.92729,10,427.127642
20.348334,46,427.882433
4.979151,28,429.625778
-6.241511,8,429.766583
-10.0,1,429.7962
-1.651244,13,430.010882
-7.74326,4,430.169935
15.934672,43,430.866725
-9.070086,2,430.936904
-1.640498,15,431.176795
-10.539926,4,431.34224
1.230247,19,431.680672
-5.058842,8,431.836672
1.124811,13,432.05428
12.1325,48,432.958639
-6.493257,5,433.091752
-4.815275,13,433.329071
-10.331556,4,433.422298
-4.915175,7,433.648212
1.500241,31,434.151754
-1.030535,18,434.466851
3.5624,25,434.880209
-8.184392,5,435.048859
-8.217926,3,435.126004
-1.597748,14,435.370954
-9.0,2,435.408172
12.03317,37,436.121646
-7.6,4,436.212753
12.774619,36,436.819881
-5.276742,8,436.972493
-2.360971,16,437.293447
-6.093172,5,437.405391
9.20092,39,438.037746
11.823581,33,438.630012
-8.44,4,438.807871
-5.472433,9,438.969128
-9.48,3,439.050808
1.334256,24,439.46126
-10.0,1,439.568594
42.117345,65,440.639809
-7.340842,6,440.77193
4.170486,24,441.185244
-3.238298,12,441.506121
2.082508,29,442.031543
-4.423347,13,442.265185
-8.036057,4,442.352321
1.006654,15,442.700912
-8.756332,5,442.790117
6.541257,33,443.304071
-8.024768,3,443.37783
-6.372595,8,443.586291
-0.471359,12,443.777418
-8.44,4,443.856233
9.448954,25,444.238879
8.128385,22,444.673077
2.406287,15,444.942219
-4.821427,9,445.105083
-10.256851,8,445.264517
-9.151438,3,445.420633
0.730931,23,445.810244
-2.797177,18,446.128326
-8.411864,5,446.227333
21.942194,44,447.00579
-8.071421,4,447.096788
-3.520612,13,447.321335
-2.156737,12,447.534947
-7.341948,9,447.806613
-1.7587,15,448.044101
5.049938,25,448.47771
-8.0,3,448.527364
12.874006,46,449.410504
-2.391166,22,449.757018
-3.221008,13,449.992066
10.641243,29,450.441544
-4.308218,12,450.716039
-10.0,1,450.743794
-6.200275,5,450.829832
6.454634,36,451.439928
-6.150079,7,451.655484
-1.838255,28,452.09723
-10.0,2,452.164874
-9.32,2,452.205851
-10.451553,2,452.406203
-10.0,1,452.440027
-10.0,1,452.46847
8.024665,26,452.894614
-3.234317,10,453.131114
2.841467,18,453.435772
-7.6,4,453.526636
23.049252,50,454.300425
6.685414,35,454.969443
4.350036,37,455.604052
4.297806,24,456.005722
0.200535,18,456.330092
20.650939,43,457.106553
-6.398442,5,457.227091
-8.270316,5,457.33168
-3.305425,10,457.502166
16.816454,47,458.32769
-10.0,1,458.358264
-4.586268,15,458.627227
-4.561329,7,458.768056
-1.07226,13,459.051684
0.879842,21,459.396415
-7.506035,6,459.530741
-9.293619,5,459.640528
-8.346635,4,459.831154
-9.32,2,459.893743
-8.046114,6,460.002558
4.704852,17,460.288114
-7.127567,12,460.600594
-1.173318,16,460.895961
-7.668327,4,460.989188
-6.241927,10,461.177177
-8.36,10,462.662544
1.212711,21,463.034978
18.907921,42,463.729934
9.223661,30,464.241052
6.807625,30,464.834023
-7.67276,5,464.926996
-8.75909,3,465.010092
6.439717,29,465.496277
28.752255,70,466.979471
-7.687897,9,467.185086
-10.0,1,467.222394
13.111007,33,467.788838
11.64716,44,468.592621
-10.0,1,468.628142
-6.365106,8,468.774062
-4.498366,7,468.915165
10.564688,30,469.439838
-6.111352,8,469.581234
-9.128421,4,469.663486
-2.373116,11,469.850686
3.541433,24,470.283967
-8.0,3,470.352796
-8.44,4,470.43083
2.617958,29,470.869664
25.599104,63,471.939524
-5.356268,11,472.120976
-1.232167,17,472.448236
-9.0,2,472.489027
-10.0,1,472.59882
-8.8,3,472.677866
-4.660401,11,472.886711
-8.621441,3,472.958318
-10.0,1,473.077531
-7.36,6,473.195601
-0.595149,14,473.453512
-1.724385,17,473.738894
4.642377,20,474.16297
-6.630401,8,474.312221
-5.176119,14,474.583808
-7.729745,13,474.819177
-10.0,1,474.933799
-6.379983,11,475.127521
-5.540532,9,475.273815
18.776576,44,475.928273
-8.924657,4,476.088069
-5.240311,19,476.387669
11.993925,36,476.934698
-9.305693,2,476.971008
-3.731533,18,477.341667
-3.424956,8,477.472835
12.32196,41,478.09536
-1.463228,14,478.329962
-7.35071,7,478.507052
-10.0,1,478.559702
-5.994966,6,478.661409
8.340707,33,479.201847
-9.32,2,479.353453
-5.676138,10,479.523329
-6.395831,9,479.705429
-1.159395,23,480.069493
9.116193,42,480.869457
19.063112,46,481.613507
6.587361,28,482.096519
1.867482,18,482.421275
-7.226779,7,482.653213
-3.8,9,482.807109
25.062192,42,483.436043
-6.853112,10,483.62187
-7.011735,5,483.796558
-5.354455,7,483.931001
15.108754,40,484.547807
-1.863667,13,484.756041
6.896339,41,485.450344
-1.211056,10,485.622155
0.560459,12,485.821712
-7.030566,7,485.949882
-9.23901,10,486.201975
13.035907,34,486.75435
9.014598,48,487.558877
9.813237,30,488.070667
1.769527,26,488.603776
2.157335,19,488.912115
-3.788302,11,489.152596
-5.129861,6,489.274169
-6.279975,7,489.462093
0.768996,15,489.71936
7.202153,34,490.301816
-7.943423,4,490.389943
5.973371,27,490.893673
3.366152,32,491.390996
-5.305169,13,491.633915
36.685526,52,492.459226
3.332129,15,492.769727
-8.344786,3,492.84488
15.441156,49,493.591374
4.780385,19,493.902441
-8.04896,3,494.061035
5.311858,24,494.458735
11.737282,30,496.318269
-11.971768,8,496.473298
-3.071847,10,496.755357
-3.434676,9,496.915175
-0.250641,17,497.242876
-4.331353,12,497.488932
-7.147483,7,497.695835
-10.0,1,497.726565
-5.2104,7,497.874833
26.567884,76,499.155623
-6.800658,8,499.387096
25.417197,49,500.235766
-5.46404,10,500.416349
5.308903,25,500.806923
6.150405,24,501.287492
-5.370764,8,501.425795
4.28646,16,501.678499
8.924174,29,502.130437
-0.368958,13,502.431787
-4.876769,8,502.573251
9.339777,25,502.98786
-9.029458,2,503.024677
-6.369594,7,503.240184
13.712873,62,504.178485
-10.0,1,504.209257
17.135106,44,504.88698
-6.694621,5,505.05878
14.739115,51,505.938886
-2.706142,13,506.167248
-3.880438,11,506.3843
-8.24,5,506.580978
16.775762,49,507.418829
-4.994019,15,507.681788
-1.346199,13,507.909291
17.076922,38,508.597827
-10.0,1,508.626551
-9.210351,2,508.690033
-6.415411,7,508.804324
-1.058785,13,509.112451
-6.72865,6,509.218465
-3.744074,16,509.477313
10.171828,38,510.064179
-6.725886,5,510.214459
-10.545711,3,510.286145
-9.265814,2,510.327483
-10.0,1,510.355877
26.755424,52,511.21725
2.132287,26,511.63475
-8.031718,6,511.734423
-7.06491,5,511.844626
2.280663,16,512.172219
9.840522,28,512.649201
0.462649,15,512.896772
-0.997847,12,513.106899
-10.0,1,513.249809
-8.001734,3,513.301466
-9.32,2,513.375255
-6.437599,6,513.480876
10.215502,36,514.183738
8.665534,34,514.834536
-8.216892,7,514.989845
4.938758,19,515.301985
-5.428193,6,515.50578
-4.643872,16,515.781687
-4.695336,15,516.078656
2.515374,25,516.512578
1.852661,19,516.915769
-8.545433,4,517.002772
6.919355,29,517.448324
2.588666,30,517.880152
-4.339673,8,518.088638
-10.0,1,518.142336
-7.515741,11,518.314936
2.497414,28,518.752046
7.721535,26,519.240206
0.189363,14,519.457124
-8.56808,3,519.531386
0.06526,25,519.940251
-0.199315,18,520.338425
2.115807,18,520.62661
1.414557,28,521.104326
-9.079693,2,521.17371
-3.042606,9,521.410782
-10.0,1,521.438858
7.510344,35,522.025256
-3.514693,12,522.239898
2.725092,21,522.670069
-10.279615,2,522.741205
-1.521133,28,523.206338
-6.140636,5,523.301252
0.874335,12,523.581273
-2.637192,21,523.938398
-9.024069,15,524.218134
3.439908,23,524.601768
-1.101894,17,524.978179
-8.133793,3,525.05843
4.97822,33,525.582546
-5.541148,11,525.789777
-4.76605,15,526.121343
3.858576,22,526.466134
6.215811,27,526.9394
-10.0,1,526.967787
-2.856254,18,527.335627
-0.365758,16,527.577611
-1.098656,15,527.828572
-5.972067,8,527.977719
-2.996763,10,528.240098
-7.714029,6,528.335692
-4.896621,13,530.048905
-8.615008,3,530.096719
0.441934,22,530.556185
25.420885,64,531.562407
6.307176,30,532.037366
-8.0,3,532.115125
-0.76522,12,532.411982
-7.506227,7,532.544961
-4.012545,9,532.695476
3.182561,27,533.147124
58.660751,67,534.247266
-3.569781,8,534.386362
-5.271307,16,534.662845
-7.184344,4,534.751419
-8.8,3,534.869832
6.745975,23,535.235124
1.68492,26,535.652888
-3.848186,8,535.797965
17.141452,49,536.647125
-3.79792,10,536.805356
1.209191,14,537.051188
13.730677,34,537.569778
11.865786,28,538.075734
-4.006462,11,538.277388
-5.038804,6,538.402486
0.731512,15,538.640317
-8.156933,4,538.802417
-1.503332,15,539.058637
-6.13556,5,539.157215
-6.685894,9,539.358346
-7.056671,6,539.526747
-4.863682,7,539.660142
-4.083733,13,539.878731
-4.624617,14,540.123603
0.533508,22,540.572399
-1.965429,18,540.933283
3.882134,17,541.245591
8.116422,30,541.762457
-3.71918,11,542.034024
-6.406747,7,542.172492
-7.398225,4,542.259302
-8.8,3,542.339133
-3.214373,14,542.64795
-3.335732,8,542.793218
51.622506,69,543.860343
-2.28119,12,544.068852
27.79744,60,545.156917
-5.484748,11,545.359892
-8.13315,9,545.512918
4.735741,24,545.915715
-7.880051,6,546.11018
-7.008037,4,546.192768
-10.0,1,546.223575
-10.0,1,546.253269
-9.0,2,546.399031
-10.0,1,546.433773
-8.303104,3,546.517878
-7.395062,5,546.613182
-6.780251,11,546.901837
3.810653,21,547.263485
-4.830815,9,547.438879
15.007593,48,548.218074
-6.36456,5,548.436112
-6.704892,9,548.601748
-0.018292,24,549.012794
2.323876,26,549.423229
16.615123,38,550.103693
-8.44,4,550.191821
-9.32,2,550.231723
-10.0,1,550.292632
14.479258,47,551.082923
14.150667,38,551.697431
15.616698,35,552.24553
-5.542096,17,552.530717
-9.236118,15,552.870513
-5.914925,17,553.160124
-10.084371,5,553.256812
18.414341,50,554.044803
-9.0,3,554.165149
7.448624,34,554.77308
0.732775,18,555.112187
11.749345,26,555.556921
-9.04736,14,555.901774
-6.860729,7,556.047048
7.597483,37,556.64848
4.493123,23,557.084664
-8.279983,4,557.248198
-0.501439,18,557.562775
5.240297,31,558.087116
-6.161869,16,558.362767
40.25403,80,559.708114
-8.244105,5,559.831108
24.719954,66,560.855917
9.326487,33,561.40216
-4.030889,21,561.895838
-4.032958,7,562.016135
-4.975687,9,563.649454
-4.764354,14,563.910702
-1.564736,12,564.22639
-8.019065,3,564.298277
20.415944,51,565.132348
-0.998851,16,565.403957
1.10568,20,565.840513
-5.325894,21,566.197475
14.835129,52,567.09001
-6.94875,5,567.191026
9.10214,35,567.917634
8.495517,27,568.36639
-9.0716,2,568.409516
2.763764,23,568.79106
12.183747,33,569.409293
-5.660497,13,569.633506
-10.0,1,569.692689
4.925425,29,570.165948
-1.963384,13,570.450063
-10.0,1,570.48099
-8.0662,4,570.566947
0.59959,19,570.894239
11.99602,42,571.699307
-10.0,1,571.73525
1.087524,19,572.06991
-0.472493,11,572.251528
-5.722714,10,572.523193
-10.0,1,572.553352
3.564697,26,572.996462
0.713308,21,573.386106
0.225067,15,573.743092
2.400514,24,574.139831
4.217113,22,574.508181
30.926488,65,575.553982
6.036025,27,576.075977
8.759783,29,576.544897
-0.923632,12,576.750403
-8.6,5,576.866533
2.476628,23,577.295069
-7.894992,5,577.426383
-10.0,1,577.460754
18.581461,55,578.348953
-4.223963,11,578.608318
-5.273431,6,578.735735
-7.164375,7,578.868562
-7.472049,6,578.977327
1.319192,21,579.399493
-4.742351,16,579.686833
2.367135,20,580.052675
-9.32,2,580.12366
-3.465813,9,580.37509
2.031266,29,580.885321
-1.799097,16,581.156149
-6.127733,5,581.273576
-8.021233,7,581.466398
2.578262,16,581.740618
-3.624934,9,581.921011
-6.427201,9,582.078458
-6.334468,11,582.344235
0.683542,38,582.932621
-8.230574,3,583.012361
-7.717239,9,583.166984
3.06683,26,583.675992
-2.225632,11,583.847587
17.901057,44,584.545748
-10.332718,2,584.614742
0.928645,24,585.083975
-8.2,6,585.195271
-8.742975,3,585.282264
-6.206355,8,585.478703
19.542458,52,586.486227
-1.861502,17,586.767113
15.67951,41,587.481697
3.262475,28,587.948085
6.918103,25,588.465121
0.853067,28,588.927821
-4.732658,12,589.13897
-1.421534,13,589.361035
-8.444872,4,589.531438
1.138953,21,589.854375
-0.808284,15,590.119837
-9.32,2,590.182904
-3.170255,15,590.505723
8.416714,43,591.388411
5.50449,28,591.902256
-8.720795,13,592.130288
0.088225,21,592.589901
-3.366242,8,592.746856
-7.314606,10,592.93507
15.619721,33,593.523554
-6.549725,10,593.797409
-1.802418,21,594.156793
-10.0,1,594.187791
-7.96,3,594.278252
14.843523,34,594.936012
-1.302965,16,595.219745
12.770365,36,595.802938
-3.592975,11,597.150182
18.671708,50,598.060413
-4.647739,7,598.192914
-9.091484,2,598.237318
14.297045,46,599.017673
2.190868,15,599.340185
-6.806369,5,599.460049
-8.8,3,599.507902
1.720717,18,599.833697
-8.172424,5,600.014377
4.166934,25,600.510078
-5.202036,14,600.807254
-10.0,1,600.845008
-8.6,5,601.022357
3.836114,19,601.366809
-9.199777,4,601.462646
-8.2,6,601.598671
10.439576,35,602.259159
12.18858,39,603.028386
-4.889921,14,603.321271
-6.559734,6,603.430004
10.173714,35,604.165511
-8.348814,3,604.248636
-10.0,1,604.284163
-10.0,1,604.31899
20.624329,47,605.312622
7.404352,22,605.695798
23.354686,61,606.83878
-10.0,1,606.876106
-7.588682,11,607.145423
-6.894727,7,607.273789
-0.009865,15,607.580788
-9.267189,3,607.672397
8.383853,23,608.140121
-10.0,1,608.174563
-8.0,3,608.250694
2.515211,23,608.640972
19.736504,63,609.918101
4.048849,20,610.250487
-5.0946,9,610.422985
-10.015255,4,610.508651
8.540281,42,611.277195
7.206817,32,611.923428
14.641723,43,612.651421
6.848545,30,613.13615
13.235635,42,614.035004
-6.0,5,614.131449
-4.602925,9,614.295437
-7.0,4,614.383967
13.370826,33,615.03383
7.676167,30,615.608679
-9.464214,13,615.849758
-1.995307,15,616.120401
23.595849,45,617.081589
3.450503,23,617.520312
12.265039,35,618.15132
14.466653,39,618.924146
-2.0728,11,619.223883
-10.0,1,619.257145
-6.557893,9,619.455256
14.614404,46,620.207489
-6.208157,8,620.439775
-10.0,1,620.473777
-0.86688,16,620.7861
-5.832451,30,621.342022
-0.650098,18,621.791995
-9.0,2,621.862351
-2.813597,9,622.018933
20.099134,44,622.780923
5.50607,18,623.156368
-10.0,1,623.190028
0.175581,12,623.402097
1.002655,19,623.740028
-6.295883,6,623.91556
7.773951,48,624.795325
-2.210339,10,625.008342
-4.534411,8,625.165004
6.904634,27,625.669053
15.401686,37,626.394997
-5.529608,8,626.543724
4.306959,16,626.820326
29.860677,71,628.157337
25.347396,46,628.969423
-8.664379,10,629.144462
9.124149,45,631.103758
-2.884767,12,631.444821
-0.465391,12,631.683291
-4.01424,7,631.8085
-8.201656,13,632.059758
-8.372607,5,632.254104
-3.329239,19,632.582461
-8.8,3,632.637221
-6.112194,5,632.75837
-1.768153,11,633.01144
13.58777,50,633.974794
17.521894,33,634.486007
-0.609523,14,634.739817
-7.792172,5,634.898369
-8.48,2,634.943222
-10.0,1,634.998423
1.404027,13,635.207444
-3.986587,12,635.487464
16.82822,42,636.102081
-10.0,1,636.157504
2.345932,17,636.428929
-2.451548,22,636.83831
5.959984,22,637.192824
8.693196,34,637.69695
-5.386837,6,637.821242
-7.696216,6,637.985801
10.453997,44,638.661531
-4.777691,18,638.964048
-10.0,1,638.993542
-10.0,1,639.098392
-8.140801,4,639.182014
-6.374963,6,639.318774
-1.997838,17,639.607055
-5.08079,6,639.819079
-8.8,3,639.869099
2.707451,24,640.271685
14.575437,37,640.990738
-6.56851,8,641.214796
-3.068249,8,641.360647
16.186193,47,642.151023
6.53717,23,642.599078
-0.701078,12,642.88976
-10.795218,5,642.996102
22.633498,58,643.987936
-2.646055,17,644.263459
-4.114834,20,644.675392
-9.040598,2,644.741716
17.520786,47,645.554327
6.495978,24,645.960974
-10.0,1,646.088199
3.973766,33,646.641798
3.971831,24,647.071994
50.838185,71,648.254762
-3.618513,11,648.501973
0.915534,15,648.75859
-6.313689,16,649.033891
-10.0,1,649.063647
26.477475,64,650.140598
18.106395,47,650.921777
-0.007797,17,651.202342
-7.969504,6,651.329654
-9.0,2,651.426531
9.01074,27,651.873241
-9.094755,3,651.950156
26.118788,60,652.928021
-7.446066,5,653.090654
12.459456,47,653.842929
-1.023616,31,654.352087
-10.0,1,654.387934
49.295568,81,655.729114
-4.806624,14,655.988269
-9.2313,6,656.100125
-9.32,2,656.163107
9.788434,28,656.708212
-10.704463,2,656.753579
6.723089,29,657.222236
-0.475892,14,657.472707
-0.261504,23,657.949351
1.134757,24,658.35579
-4.113022,15,658.599799
-8.0,3,658.675301
-9.34754,9,658.910891
17.545423,40,659.61323
-9.32,2,659.682455
2.165608,26,660.147608
-7.870929,5,660.356025
-10.0,1,660.39208
-9.32,2,660.432783
-5.013794,9,660.621059
-4.923626,12,660.912928
-8.92241,4,661.005618
-4.224001,11,661.184882
10.203659,33,661.74303
0.953411,14,662.06112
-8.92,5,662.156757
-2.642242,17,662.455745
-3.471813,13,662.690053
-7.512432,9,664.5653
25.37405,49,665.344748
-10.0,1,665.405055
-1.228618,17,665.693223
-4.478672,14,666.004128
-6.531019,6,666.137809
-0.093775,12,666.344785
-9.89438,6,666.453703
-1.0,10,666.705693
16.185808,45,667.43177
-8.009601,9,667.588081
-9.050301,2,667.652356
-10.0,1,667.751179
-4.801433,8,667.91089
19.316547,37,668.490754
14.389927,32,668.999593
26.321215,56,669.981735
-8.731927,4,670.070861
-6.110231,14,670.332142
-10.0,1,670.366632
9.461173,30,671.022526
22.748409,51,671.912649
-8.24,5,672.039089
11.425438,34,672.611306
5.410108,29,673.149425
-0.694172,24,673.571837
-6.107573,11,673.788607
-0.62567,24,674.200615
-4.182841,11,674.4826
-8.272019,4,674.585779
-10.0,1,674.620839
53.834925,71,676.098153
4.432417,26,676.689515
-4.838145,8,676.880119
-2.787788,16,677.208281
16.475946,46,678.136067
-10.0,1,678.238294
-3.753736,14,678.517245
4.34506,21,678.927885
0.51054,15,679.205501
-8.149664,3,679.342179
22.522274,56,680.262503
-5.950883,18,680.58886
-10.0,1,680.619536
15.356637,38,681.31941
19.989628,49,682.118821
-0.631116,20,682.504168
-8.0,3,682.582906
37.918937,86,684.087474
-7.790917,5,684.182471
-6.033292,9,684.361866
46.11447,76,685.640986
-7.0,4,685.790442
-10.0,1,685.826684
-2.24903,10,686.008466
21.009807,51,686.86735
-9.44,5,687.061898
-7.236889,6,687.258743
-4.751997,10,687.450835
1.112144,17,687.794276
-5.770159,8,688.031271
-5.594152,7,688.161865
-2.082376,19,688.487538
-2.322302,12,688.70897
-7.165405,9,688.949187
-3.053301,18,689.277902
17.491038,57,690.262279
5.264176,30,690.784986
-10.0,1,690.886871
5.257319,21,691.285965
14.630501,46,692.042195
8.98116,34,692.589764
-9.32,2,692.728903
-1.036677,10,692.952461
-0.648851,12,693.179132
9.997623,29,693.663721
-6.096834,5,693.868723
1.735536,15,694.120548
35.395624,69,695.297466
13.488487,42,695.995577
-6.446637,5,696.176825
29.816885,62,698.470776
-2.455904,11,698.674012
-3.08436,8,698.841153
-6.316607,7,699.061798
2.501572,17,699.391852
-0.188517,23,699.780529
17.061229,46,700.600403
-10.0,1,700.722369
-9.0,2,700.790694
-10.0,1,700.825892
-6.503818,8,700.980046
-8.715465,6,701.154127
51.37641,94,702.837235
-3.73841,17,703.145184
20.06427,40,703.791174
58.568576,79,705.265053
-0.088294,17,705.550334
4.477931,21,705.953195
-4.086865,7,706.102571
-8.44,4,706.295877
-4.168299,8,706.485573
7.265217,24,706.997972
-9.095111,8,707.1579
6.35039,22,707.664578
14.074446,30,708.223394
-2.411381,11,708.438931
27.859545,53,709.388044
-8.44,4,709.571079
25.995481,53,710.463541
-6.169568,7,710.620121
12.539561,50,711.512709
-8.381249,9,711.767627
-11.428093,3,711.8451
-10.0,1,711.879437
4.702841,32,712.456
-6.396664,5,712.615367
-6.813232,6,712.743201
-6.060594,10,712.951292
-9.035033,2,713.033312
9.774392,28,713.618965
9.900633,26,714.05396
-9.16,1,714.093305
-7.48081,5,714.216291
-8.522525,3,714.327683
10.025943,38,715.011982
20.129342,45,715.816251
-4.370279,13,716.039895
19.455242,40,716.746269
-6.483018,10,716.946298
10.822558,30,717.419923
17.752826,39,718.095842
-9.026238,2,718.253581
-11.436,3,718.329051
54.11947,73,719.533664
9.330293,40,720.241226
-10.0,1,720.347289
-1.065241,18,720.653812
-6.941243,7,720.795796
-5.674335,20,721.128957
8.71848,40,721.967144
-7.047137,4,722.048549
5.557825,20,722.39561
-10.0,1,722.425478
-3.792769,15,722.786814
-5.385911,8,722.962597
5.888123,19,723.332964
-9.32,2,723.376907
12.921633,29,723.990426
-2.537576,12,724.230262
10.744833,30,724.708804
12.507214,42,725.451308
13.7542,39,726.226583
5.242688,27,726.720379
31.89446,59,727.83434
-7.697284,7,727.993512
-9.0,2,728.101079
-2.123964,11,728.293057
-3.607897,18,728.594764
-10.0,1,728.652084
15.07419,44,729.493622
9.954057,40,731.512112
-7.20262,4,731.610294
23.520657,60,732.675408
13.906307,29,733.259786
-3.578067,13,733.496694
0.351691,22,733.940732
-9.094274,2,733.989408
-3.701831,11,734.294575
-0.391993,17,734.602479
1.86463,23,735.017079
10.852274,34,735.603927
-3.737726,12,735.944421
-6.265152,9,736.217381
2.428961,24,736.646923
22.36796,50,737.598382
-8.0,3,737.761232
1.179737,36,738.520831
24.322155,66,739.699016
-3.402538,18,740.023972
-9.01424,2,740.134692
-3.342348,8,740.287206
17.394195,41,740.957949
-2.372209,16,741.251241
-8.8,3,741.374805
8.982718,33,741.93866
41.515139,66,743.085974
8.386741,23,743.504667
4.798447,20,743.903036
1.267811,16,744.205256
-8.319679,6,744.327035
2.550416,23,744.79301
23.064197,49,745.66697
-1.489602,15,745.921731
0.694116,20,746.264232
18.204911,54,747.155182
-6.246379,6,747.349198
8.888109,30,747.840892
27.455014,81,749.107189
-10.0,1,749.137959
6.802695,28,749.669389
-10.0,1,749.696893
-9.044238,2,749.776942
-1.73346,13,749.986813
-9.0,2,750.128629
3.791946,19,750.427506
-7.188956,11,750.630008
1.177781,18,750.944656
-6.465597,17,751.306473
-5.192453,7,751.43899
-0.023513,18,751.732205
-8.446001,5,751.828296
-2.433497,11,752.093272
-1.491211,22,752.480036
10.103679,46,753.219157
-6.545934,5,753.315602
13.646883,40,754.068126
-7.2132,6,754.205809
-7.498822,7,754.353419
14.057381,45,755.215608
-2.191619,13,755.560546
28.098537,57,756.800981
-10.0,1,756.864328
-10.0,1,756.900877
-10.0,1,757.014196
-7.647175,8,757.192468
1.109548,23,757.645084
-1.117871,11,757.833734
-10.0,1,757.930492
-10.0,1,757.958637
-9.32,2,758.026154
-1.581148,23,758.39746
-6.121525,6,758.594209
3.495563,17,758.979517
-9.034489,2,759.097695
-8.730057,3,759.155914
6.019439,27,759.692825
4.676149,36,760.347128
-7.276826,4,760.444304
9.378455,35,761.10528
-1.906681,15,761.481246
-2.297024,19,761.867786
-7.710132,13,762.142561
26.972654,91,765.195078
-1.036006,24,765.687173
13.384958,48,766.677963
10.436536,31,767.246408
5.458106,41,768.032111
9.879503,32,768.728206
-0.412937,19,769.129995
31.800095,62,770.248904
9.696885,30,770.770766
12.487636,45,771.606252
-7.413741,9,771.795933
-7.0,4,771.881422
-5.232231,10,772.060551
-3.387458,10,772.369913
19.663687,42,773.158805
11.350841,27,773.624878
1.687348,15,773.900263
0.540389,24,774.365309
1.943843,20,774.732726
-9.32,2,774.780338
-5.735623,7,774.959634
-4.57114,11,775.259254
13.836038,36,775.953208
1.32302,19,776.287931
5.032342,23,776.705437
-9.12,5,776.891684
-5.182999,6,777.054866
-9.32,2,777.100108
-6.080611,5,777.243017
2.893297,29,777.946048
4.913439,23,778.468141
19.043883,54,779.505931
10.711734,43,780.296608
5.875312,29,780.952179
2.997751,17,781.291342
1.086805,19,781.650976
8.769492,36,782.305581
-8.24,5,782.477553
-5.367008,8,782.635971
3.475504,18,782.970667
11.236169,40,783.724948
-6.070722,5,783.887748
-8.455832,3,783.970381
-5.88931,9,784.159534
-1.399107,14,784.458946
11.989484,41,785.383138
-2.088483,9,785.560296
-5.605896,17,785.888936
5.667652,24,786.364622
-7.81317,5,786.572738
-10.0,1,786.608663
-10.0,1,786.643887
-10.0,1,786.680454
-3.904198,30,787.280107
-1.210912,13,787.504859
-9.32,2,787.570785
14.589188,32,788.113575
-3.498154,9,788.349068
-9.088833,4,788.443473
-2.078545,24,788.878133
19.549697,58,789.905709
3.92133,21,790.419762
-3.957019,8,790.56813
-5.338313,10,790.768076
0.727595,14,791.055909
0.359732,21,791.535779
-1.345109,18,791.850077
-4.0,7,792.0113
0.11373,24,792.482835
-10.576486,2,792.642677
-9.014481,2,792.686704
10.247151,27,793.161841
3.954151,20,793.517555
6.510852,25,794.052147
11.958389,36,794.708517
8.029921,34,795.324831
-4.01424,7,795.443503
-9.143119,2,795.587719
-1.110982,24,796.010342
31.579958,79,797.352873
9.890408,43,799.53259
4.561909,26,800.104161
5.685964,26,800.574832
5.72987,20,800.939939
7.123533,24,801.358817
41.130231,61,802.583583
7.810704,23,802.981859
-10.356599,2,803.059847
-6.409094,7,803.210708
1.830909,25,803.752241
-9.32,2,803.792912
7.893107,28,804.334216
37.201917,63,805.449498
4.983007,30,806.08196
-9.32,2,806.12671
-6.0,5,806.226986
-8.099186,3,806.315634
-2.363489,9,806.569806
-4.488824,8,806.727183
8.218107,40,807.481298
51.87433,86,809.045216
-2.07199,11,809.334142
5.651252,22,809.75388
8.016861,29,810.262947
26.845472,52,811.232355
1.992119,27,811.830575
12.709727,37,812.486956
2.589555,23,812.943717
11.106634,33,813.52043
30.324236,72,814.957699
-5.88176,7,815.113643
-3.668278,8,815.272917
9.136944,35,815.934437
-4.330191,7,816.195616
-6.646125,7,816.320317
23.537242,61,817.380769
-4.923657,10,817.565423
-7.374209,4,817.72942
17.211581,40,818.452152
-0.526797,22,818.898182
-2.353795,21,819.302988
11.581946,40,820.161761
-7.077029,5,820.282394
-8.27921,7,820.437929
5.518619,26,820.949817
-5.978333,18,821.381817
-7.274892,4,821.479373
-8.88,6,821.598914
-6.303146,5,821.737282
-7.130258,8,821.982505
-7.03181,6,822.114413
-1.769389,15,822.431653
-5.830883,8,822.605048
-5.950417,8,822.856964
2.001319,15,823.141174
2.717889,29,823.657695
5.701091,29,824.188652
-9.166908,4,824.365946
-10.0,1,824.403537
-2.150895,13,824.66469
-3.546929,13,824.900065
-5.886557,17,825.31171
-4.513876,12,825.536515
-6.193711,7,825.693564
-6.881476,6,825.802756
1.506958,17,826.185407
8.469366,34,826.783934
-9.48,3,826.87097
-0.426377,14,827.104529
-4.644352,11,827.417633
22.680048,48,828.252787
2.581258,21,828.623809
-7.121053,8,828.781967
20.64243,51,829.722275
-10.0,1,829.753762
-10.0,2,829.827586
-7.92379,6,829.934085
22.412001,47,830.804281
-6.281,5,830.913501
10.578893,26,832.76973
4.290278,21,833.136357
4.871638,17,833.510044
1.560603,19,833.961925
-5.349249,7,834.106358
-10.0,1,834.139272
-2.897783,13,834.461217
-2.803042,12,834.672737
-4.506961,7,834.815521
21.40991,49,835.664554
42.806708,79,837.153794
15.955731,43,838.027766
-9.0,2,838.071534
-9.0,2,838.150322
-0.65426,12,838.454408
-6.432184,5,838.559697
9.408236,48,839.503551
-1.41544,10,839.695765
48.808841,86,841.267249
12.849318,33,841.825623
-7.031344,22,842.29656
-8.078893,7,842.453669
-4.257461,14,842.777025
11.121054,46,843.53308
-7.711451,5,843.631248
-8.067865,3,843.717979
-1.562739,12,844.026137
6.346526,30,844.570159
18.647366,50,845.466758
-8.24,5,845.586318
-9.265748,2,845.717661
-10.0,1,845.784301
-9.0,2,845.824508
-6.067768,5,845.913121
51.130398,90,847.560409
-7.584923,6,847.687835
4.275669,23,848.08484
-8.0,5,848.187803
-9.32,2,848.336846
24.257783,65,849.498237
40.076138,72,850.794555
12.124481,31,851.330971
25.264026,49,852.176889
0.191319,15,852.436417
-2.53102,23,852.824026
17.231017,38,853.476459
3.662135,25,853.965411
-3.261889,15,854.225924
-5.291096,12,854.430869
12.105375,34,855.037734
-2.969352,19,855.439498
5.427364,22,855.80986
-1.948309,11,855.998243
25.659301,106,857.805177
-1.471339,20,858.22637
-10.0,1,858.257144
46.645866,71,859.499
-1.772634,14,859.745925
1.088396,23,860.231937
-8.129341,3,860.314507
32.203536,73,861.675022
-2.194121,19,862.055675
-4.87723,9,862.313068
60.190925,93,863.927256
-7.224925,4,864.019561
4.41642,23,864.385968
2.604414,19,866.177955
-10.0,1,866.208665
18.130121,39,866.884888
1.081757,16,867.15375
-5.667602,7,867.38503
5.990699,29,867.853229
-7.76151,12,868.084789
59.6176,87,869.6029
-0.952455,11,869.885534
-8.434007,7,870.003487
7.485173,24,870.387059
-1.61218,13,870.628122
-1.131736,14,870.939667
0.352103,23,871.355146
18.589039,42,872.062299
-10.0,1,872.129925
-8.159104,10,872.383953
-1.305674,10,872.564605
27.058703,49,873.355325
-1.629182,17,873.657918
-5.109521,7,873.877879
-0.550627,15,874.167425
-8.197224,3,874.224454
-9.392591,4,874.309683
0.508001,29,874.903872
-8.372772,5,875.003379
-8.8,3,875.075576
-2.571965,13,875.300114
20.773755,58,876.383735
0.333581,15,876.658313
0.252059,18,877.022451
10.271515,36,877.670841
-8.254538,9,877.902718
-9.468222,3,877.98757
-3.184014,15,878.231153
-0.257725,17,878.587115
4.152377,25,879.105306
22.461953,52,879.97656
2.049122,15,880.25527
0.055402,13,880.518826
33.924164,71,881.858763
-6.387328,5,881.960493
-7.6,4,882.074456
-8.8,3,882.171091
-8.0,3,882.316187
-9.066478,2,882.39269
32.253176,54,883.570394
-10.0,1,883.631685
-10.480137,2,883.760054
-1.745864,10,883.986386
5.307924,26,884.476775
9.734841,25,884.876393
1.248116,13,885.196598
14.970822,31,885.771853
-9.108956,2,885.872024
2.68487,25,886.401136
-8.637497,10,886.686815
-6.045463,5,886.803419
19.789348,35,887.460263
-9.20547,2,887.505259
-9.018981,2,887.656478
4.559968,29,888.277581
-2.121459,24,888.812623
5.160894,28,889.414249
-8.434116,3,889.566639
-0.751897,12,889.80212
-9.662003,5,889.910988
-1.291926,10,890.104218
4.979079,28,890.672282
33.927578,79,892.491051
-10.0,1,892.549396
-9.124615,4,892.691744
38.309123,73,894.208953
19.147636,40,895.011365
28.720165,73,896.232679
3.781039,21,896.571134
23.987458,79,897.919281
11.434838,31,899.859803
-5.300565,7,899.99259
-5.394868,6,900.128803
6.002553,23,900.625732
-5.652659,7,900.753354
10.395426,31,901.317234
-2.612184,25,901.777198
25.677225,59,902.864878
12.291492,66,903.943232
-10.0,1,903.976979
5.879754,46,904.692979
10.801739,36,905.345482
-8.454186,6,905.472044
4.551175,21,905.802189
3.0,14,906.045716
56.023501,103,907.745621
-5.160194,13,907.991907
6.72894,31,908.488866
-9.349385,3,908.565994
-10.172405,4,908.718523
16.698602,46,909.546417
24.199247,45,910.280889
-10.0,1,910.311649
1.141173,19,910.710439
-8.192296,5,910.812348
-10.0,1,910.843076
44.965234,71,912.01457
0.511064,18,912.396205
-3.768534,10,912.567645
0.701901,27,913.03504
3.274094,26,913.460911
9.29968,31,914.048988
9.14219,36,914.640078
-1.894221,10,914.823004
26.042318,49,915.598105
4.685614,30,916.139251
-9.074203,8,916.298367
3.393589,34,916.91144
31.457557,46,917.594115
37.759474,93,919.196333
-7.6,4,919.299894
29.529911,84,920.731932
0.046227,25,921.271596
9.753081,38,922.03003
6.94674,30,922.575664
6.160542,19,922.942348
-6.329562,5,923.048775
-10.0,1,923.147191
-0.710105,18,923.5118
-6.875066,14,923.787393
12.410876,42,924.569452
5.079054,32,925.188306
6.358105,26,925.631948
-6.156345,8,925.791382
17.677622,54,926.662193
-3.15654,10,926.898327
4.89929,24,927.324589
-7.573318,4,927.423031
-7.803689,9,927.595881
52.267631,83,929.052661
21.982081,42,929.781029
-10.0,1,929.816694
23.295622,53,930.779018
6.832995,26,931.324745
17.666889,47,933.53075
-1.248609,10,933.730052
-9.029274,2,933.769325
41.568709,75,935.140256
70.366462,108,937.048746
5.298038,24,937.510632
23.504194,42,938.298285
-9.32,2,938.420411
-8.36,8,938.588324
1.915375,16,938.879114
7.213957,39,939.573257
-10.0,1,939.679128
-2.910058,14,939.957768
20.316837,46,940.775613
5.01363,23,941.1924
53.011368,82,942.667388
-8.204034,4,942.753979
26.081224,62,943.818299
-7.053158,5,943.921654
0.717682,17,944.291056
3.501335,21,944.675228
16.890056,40,945.37761
-7.134823,8,945.535223
1.570822,21,945.958632
-8.24,5,946.065889
26.218569,46,946.851328
7.011254,19,947.156437
2.883376,26,947.707231
1.3811,17,948.001918
2.834465,18,948.341382
-5.62884,9,948.515909
-8.21842,4,948.676167
-8.102203,3,948.755495
-10.0,1,948.790658
-4.301114,7,948.938735
-8.342003,6,949.117706
13.193737,32,949.663165
56.046509,87,951.275322
-8.032958,3,951.360145
-9.020351,3,951.494584
-1.272184,12,951.730184
3.698953,18,952.112387
10.489219,41,952.875922
12.602968,32,953.558795
1.630181,21,953.938767
-0.075259,12,954.206544
47.295078,82,955.625271
-2.342181,23,956.104002
4.679062,32,956.667491
21.362593,47,957.473669
1.623219,27,957.963269
-4.032513,12,958.282942
-7.060215,6,958.415387
-0.70836,13,958.650375
36.562105,63,959.703329
16.569941,46,960.619445
-1.293505,14,960.885777
7.988624,35,961.468596
-9.032557,2,961.538748
-10.0,1,961.631137
-6.082117,5,961.732719
0.019801,20,962.069868
50.106496,81,963.427135
-4.829625,9,963.65802
16.188089,45,964.372173
5.162735,22,964.755432
-2.616754,13,964.986026
-8.703459,3,965.126301
4.637049,21,965.50914
31.689663,77,968.401843
-3.113649,11,968.654402
40.015341,81,970.134485
3.51064,28,970.639164
26.173803,57,971.735733
-8.607141,4,971.833574
3.613825,27,972.387031
56.746421,106,974.345183
-9.071039,2,974.404437
12.176599,41,975.228458
3.207827,21,975.679552
-2.692636,12,975.912256
-8.44,4,976.001585
-9.32,2,976.046988
-0.91669,14,976.381809
-6.304369,5,976.475186
4.325116,26,976.890192
3.242001,23,977.302455
0.24272,21,977.730845
-8.8,3,977.810171
-1.453934,33,978.346876
-7.776201,9,978.529451
-2.112789,13,978.838133
-7.220079,7,978.980006
0.551756,17,979.345622
33.095646,58,980.247549
-9.16,1,980.393184
26.425803,53,981.246389
-8.15772,6,981.363633
-7.52,7,981.538887
-10.0,1,981.651387
55.912218,110,983.555691
-10.0,1,983.586411
8.524548,59,984.666307
-4.313668,15,985.000059
-6.075477,13,985.234875
15.962147,38,985.939318
19.498648,51,986.84935
4.816305,22,987.335929
18.693377,53,988.323299
1.459915,27,988.826597
1.14275,23,989.246209
-9.029943,3,989.416188
6.686342,30,989.980855
-8.8,3,990.038351
-4.817681,15,990.319965
60.783178,90,991.988556
-11.220476,8,992.161308
0.863572,13,992.421694
30.596401,54,993.344626
-10.0,1,993.486531
4.100917,25,993.949706
-7.069771,7,994.100992
38.366413,63,995.285964
10.888268,42,996.18327
-5.954797,10,996.375318
0.607552,23,996.81938
-9.09947,2,996.891411
-8.712246,8,997.115334
21.547327,54,998.151951
-10.162235,3,998.250215
-6.934936,11,998.482137
-5.368479,7,998.686639
-8.052721,3,998.775033
-8.8,3,998.860677
3.62538,20,999.246446
-6.559654,7,1001.025721
-8.170241,4,1001.127467
-10.0,1,1001.16702
26.995234,67,1002.341083
12.477775,37,1003.081049
9.195296,30,1003.593986
22.390959,71,1004.916602
-9.32,2,1004.994156
8.077873,26,1005.569898
-3.430624,17,1005.9025
6.00391,25,1006.395089
6.900697,29,1006.948111
9.198157,38,1007.714532
-8.473989,3,1007.802093
-5.932158,8,1007.973198
-3.804196,12,1008.213895
-7.150013,7,1008.447842
-10.0,1,1008.480002
3.963645,21,1008.86108
14.726414,42,1009.618605
4.831832,24,1010.129595
0.877723,42,1010.961255
-6.184926,5,1011.102375
29.853405,62,1012.288157
-5.462393,10,1012.60651
-5.664636,7,1012.753851
35.852926,69,1014.006173
-10.651378,4,1014.103624
-5.164952,9,1014.34648
5.055002,19,1014.732119
33.16912,65,1015.840503
15.094278,42,1016.554988
-7.0,4,1016.73189
4.573201,22,1017.145349
-8.676178,6,1017.258476
19.440477,51,1018.200576
-2.931862,15,1018.594901
-4.727865,11,1018.827051
-9.113976,2,1018.873482
28.441532,53,1019.794098
-0.83475,15,1020.178569
-3.952802,12,1020.398561
9.331023,32,1020.977504
19.358192,36,1021.603354
3.316074,15,1021.941168
5.569086,23,1022.344079
-10.0,1,1022.378286
-2.590821,18,1022.7059
22.630114,51,1023.616394
62.600997,93,1025.130812
6.112412,22,1025.529451
6.608128,23,1025.935287
-4.540006,7,1026.122393
7.917719,25,1026.566249
14.449129,44,1027.320974
42.530306,97,1029.013131
21.092633,44,1029.807473
10.715663,40,1030.467752
41.357661,68,1031.564209
-0.76133,13,1031.790646
-4.108868,8,1032.011704
67.76677,114,1035.564384
4.778866,27,1035.995621
-5.113588,10,1036.204125
15.858295,71,1037.473234
-8.168635,4,1037.565346
13.07429,32,1038.11155
23.274246,60,1039.119302
3.828765,36,1039.838102
-6.447171,5,1039.937175
19.016978,62,1041.004307
-4.988896,10,1041.213074
4.923561,27,1041.792771
58.062018,103,1043.666169
-6.246728,8,1043.816017
-6.26812,8,1044.008417
11.913977,43,1044.833276
16.810261,36,1045.438949
5.96209,24,1045.875844
7.069102,29,1046.33967
-9.035014,2,1046.466012
8.733648,29,1046.943607
17.955858,48,1047.766687
3.67263,22,1048.210507
-9.31493,2,1048.331689
-1.515158,27,1048.818745
12.610443,41,1049.518466
-1.237304,12,1049.740018
-8.44,4,1049.897698
-5.512531,10,1050.093215
-3.572945,13,1050.333336
-7.681901,8,1050.498341
-8.230502,7,1050.70772
-3.515359,9,1050.876765
-2.14284,18,1051.189155
35.248333,84,1052.649103
3.57226,20,1053.062827
63.548475,78,1054.449078
0.118062,15,1054.731501
1.5835,14,1054.966981
3.635041,17,1055.34139
-10.0,1,1055.39706
2.328298,17,1055.681704
2.989068,22,1056.031686
31.711584,93,1057.728778
20.188095,43,1058.471685
17.140763,50,1059.315705
6.145984,29,1059.873976
-8.257451,5,1060.064715
1.370535,18,1060.453327
-4.042617,12,1060.70162
-0.432937,23,1061.206391
-7.224306,7,1061.414834
-3.550004,10,1061.631764
7.84905,36,1062.296229
-6.0,5,1062.395185
48.48324,94,1064.162785
34.43104,89,1065.909237
1.612169,19,1066.318396
-0.931311,19,1066.672518
0.096273,18,1069.014151
-2.970706,11,1069.240278
1.549532,23,1069.667708
4.70234,19,1070.046064
-10.0,1,1070.160448
-5.947963,12,1070.409532
26.352773,58,1071.449272
14.682696,49,1072.398345
0.191957,14,1072.761389
-7.442311,13,1073.026102
25.485128,81,1074.550691
0.076434,18,1074.883953
14.666837,46,1075.777762
16.860542,50,1076.792951
14.108575,39,1077.461555
-10.0,1,1077.516322
12.874496,41,1078.231609
3.001303,25,1078.651331
-3.050839,15,1078.906346
6.19126,38,1079.523313
29.164407,68,1080.737691
5.812113,27,1081.193289
-3.83274,23,1081.589174
11.894629,27,1082.037488
12.742887,47,1082.870487
6.018115,22,1083.265106
-9.01424,2,1083.303321
3.294971,28,1083.756748
36.152707,91,1085.280267
17.111576,40,1086.008848
14.827371,42,1086.781861
0.723339,25,1087.237291
16.924508,56,1088.314566
27.591862,41,1088.991454
52.634889,79,1090.365118
-6.185986,5,1090.470748
1.98424,24,1090.976845
55.674519,80,1092.276822
41.378326,73,1093.513494
3.500744,21,1093.938867
37.861971,87,1095.412114
-8.44,4,1095.498753
39.402209,63,1096.549839
16.398005,52,1097.421269
5.956613,25,1097.897093
11.774055,40,1098.559442
0.204901,13,1098.804044
12.967733,36,1099.403373
61.721245,79,1100.818653
-6.723948,5,1100.939189
3.260966,27,1103.416596
49.850624,67,1104.639645
11.190565,29,1105.292958
-7.670644,4,1105.383554
3.900354,25,1105.89017
3.465161,28,1106.39879
6.593612,29,1106.991102
-5.459374,6,1107.106188
-2.319816,15,1107.39132
10.170723,35,1108.05584
9.292023,32,1108.712955
33.103625,71,1109.948999
7.678393,31,1110.494522
-5.583618,9,1110.698471
51.466012,87,1112.198973
-9.06576,2,1112.263779
19.28077,50,1113.040697
35.064436,90,1114.585196
10.588164,28,1115.11514
-9.065841,2,1115.156877
8.985,41,1115.877682
-7.328798,8,1116.040972
-11.015925,3,1116.17207
-4.701219,18,1116.512245
-10.0,1,1116.543269
15.632024,42,1117.255637
0.019068,25,1117.755643
26.418576,54,1118.692663
9.530291,35,1119.330479
5.510566,29,1119.857019
-4.314029,7,1120.082078
-5.201114,7,1120.240415
12.302326,44,1121.051877
14.41142,42,1121.808574
-8.774052,3,1121.95972
47.433172,68,1123.164202
41.194194,84,1124.613202
8.682129,26,1125.092752
-10.0,1,1125.199982
-3.018114,10,1125.378123
10.066259,35,1126.044485
-0.665359,13,1126.274134
-4.400433,7,1126.512219
6.732489,24,1126.938181
-10.0,1,1126.972162
22.654141,73,1128.339546
10.065852,26,1128.883583
-7.784387,4,1128.980312
34.356484,59,1130.136709
-1.587152,14,1130.456233
-5.495684,6,1130.689481
6.881727,18,1131.005882
-8.063514,3,1131.102802
-5.858955,7,1131.29827
-1.544592,22,1131.792062
0.644847,18,1132.134742
17.801623,30,1132.730691
6.796256,23,1133.160119
17.847996,44,1134.022251
34.103915,83,1137.439791
10.00782,39,1138.146971
-5.027379,10,1138.333887
16.561867,44,1139.169155
10.821366,26,1139.674007
15.170113,45,1140.509293
30.852331,64,1141.649729
25.145296,71,1143.027095
2.583737,30,1143.58063
26.154684,50,1144.445947
0.084415,20,1144.796862
-10.0,1,1144.901753
0.44456,12,1145.11134
-8.113118,4,1145.194438
-0.064231,18,1145.488126
2.134107,20,1145.95431
-4.040195,7,1146.111774
47.469224,79,1147.401186
-8.8,3,1147.475773
27.329764,64,1148.610162
1.327924,28,1149.08567
-8.020404,4,1149.17429
20.76817,53,1150.070572
-8.692713,7,1150.303679
-6.0697,6,1150.416335
8.253068,23,1150.806901
-7.96,3,1150.898335
21.041381,51,1151.801487
-10.0,1,1151.858297
13.656992,55,1152.782548
23.774157,65,1153.868408
52.197798,100,1155.619127
-10.0,1,1155.649846
-7.0,4,1155.743109
8.626111,63,1156.753552
-0.718693,12,1157.026637
17.297055,48,1157.834397
13.185189,73,1159.019115
0.363193,12,1159.239628
9.96597,27,1159.788347
21.220583,57,1160.814754
13.477756,44,1161.592635
43.520203,92,1163.202358
20.393206,38,1163.966589
0.72876,17,1164.306368
45.762538,97,1166.000318
-10.0,1,1166.029864
-3.095473,9,1166.283654
7.461621,30,1166.839808
-5.056254,10,1167.017389
14.918263,33,1167.620106
0.644831,34,1168.322018
12.213926,42,1169.157076
41.889813,87,1172.406021
-0.203305,15,1172.689983
2.473753,19,1173.11297
46.541007,85,1174.524005
-4.591023,10,1174.723602
34.859264,65,1175.865952
12.643477,46,1176.740463
8.019569,23,1177.131577
8.850309,31,1177.648693
10.714183,37,1178.244815
3.982728,21,1178.684086
-10.378481,4,1178.769662
51.511584,108,1180.499094
0.087964,16,1180.783946
23.138489,63,1181.831974
-8.506478,3,1181.907969
12.116373,42,1182.555488
7.406484,34,1183.160149
13.494016,43,1183.912648
-8.493578,6,1184.020141
24.793836,67,1185.050842
43.746193,74,1186.180691
-0.828953,11,1186.47499
-1.849199,29,1186.967063
7.959931,35,1187.575863
14.622858,33,1188.133824
57.566407,87,1189.647811
28.426158,82,1191.086229
2.321502,22,1191.489054
37.22835,80,1192.893411
-2.086819,14,1193.226401
75.433794,90,1194.803427
40.229285,80,1196.142833
21.229547,36,1196.720012
-9.032726,2,1196.864729
43.93865,81,1198.198219
19.910383,37,1198.803917
-6.178707,6,1198.929741
-10.0,1,1199.033813
6.334449,27,1199.522179
32.789225,67,1200.665811
12.981165,38,1201.373958
-8.502302,3,1201.521493
16.785301,44,1202.323742
-2.703421,19,1202.661052
-9.039589,2,1202.733875
-9.232304,3,1202.908758
-2.437098,21,1203.296914
-8.006298,10,1203.478235
50.105619,81,1206.907567
-1.863653,13,1207.241411
53.045552,84,1208.738801
19.796423,43,1209.542503
-10.0,1,1209.585972
26.32518,49,1210.581624
-3.424438,13,1210.85703
44.777228,70,1212.139222
22.387869,64,1213.269451
-6.003305,5,1213.443797
16.486599,34,1214.012279
-2.346934,13,1214.252705
23.755562,54,1215.147549
10.100578,36,1215.832276
28.626407,92,1217.3986
-7.009676,8,1217.547172
-7.0,4,1217.628042
15.083021,40,1218.351209
36.972774,67,1219.449191
15.584202,44,1220.152531
-8.48,2,1220.233369
-10.0,1,1220.343891
54.877771,97,1221.947713
-10.0,1,1221.978136
23.142825,58,1222.978244
-9.078615,2,1223.071941
39.227288,124,1225.083804
72.537149,89,1226.574828
0.187743,16,1226.865876
-5.048817,6,1227.054492
48.258696,62,1228.155298
-2.590844,27,1228.641486
12.298522,39,1229.344017
-8.8,3,1229.501185
-4.792226,7,1229.640618
-4.508019,10,1229.814265
0.140372,13,1230.04623
3.39195,25,1230.593797
30.733675,149,1233.078335
23.937266,64,1234.189253
-1.538692,13,1234.435456
5.26824,25,1234.96573
12.354488,52,1235.890871
49.56011,86,1237.312405
15.557684,66,1240.221672
-5.215683,6,1240.435802
3.969682,28,1240.933738
7.661752,26,1241.349789
11.073335,33,1241.924224
3.622643,21,1242.371378
71.9018,83,1243.779889
8.747543,26,1244.196185
-5.839406,13,1244.433146
-2.24055,20,1244.867842
3.788804,27,1245.323686
20.074205,49,1246.117407
43.137313,77,1247.34205
27.542909,59,1248.314564
-0.929952,16,1248.575679
11.937969,40,1249.207758
15.613948,49,1249.988619
46.919409,85,1251.374862
-7.478931,9,1251.548974
7.665171,21,1251.884873
26.560053,53,1252.771702
30.673426,57,1253.766018
13.856612,41,1254.437729
52.306924,89,1255.942291
-10.0,1,1255.998169
-5.006779,10,1256.257188
33.18111,58,1257.251781
40.115121,82,1258.521712
9.182418,35,1259.095285
-9.309483,12,1259.367823
1.222146,24,1259.763646
9.244923,31,1260.328341
21.229313,44,1261.034425
16.629281,36,1261.689585
21.007225,52,1262.585112
63.85034,76,1263.856215
20.709862,40,1264.505011
-10.0,1,1264.60743
21.418828,72,1265.737796
19.129852,68,1266.868708
28.631211,68,1268.027977
-7.267908,4,1268.225261
-7.36,6,1268.343781
36.470124,82,1269.760332
-0.898585,16,1270.03862
-6.0,5,1270.200868
40.36762,70,1271.346291
20.544694,38,1273.851803
-2.658788,18,1274.183089
-6.029206,5,1274.366087
-2.281761,11,1274.571317
5.107112,23,1274.951457
28.886242,54,1275.841716
14.971412,49,1276.730574
22.579512,41,1277.410355
27.52312,61,1278.446183
55.182092,84,1279.821583
65.976936,87,1281.242551
47.305648,76,1282.55936
-1.944353,10,1282.818335
-10.0,1,1282.855298
17.882424,50,1283.797797
-10.0,1,1283.832413
23.723406,54,1284.707308
-4.952579,7,1284.84444
42.334932,106,1286.553396
27.318008,62,1287.51683
-10.0,1,1287.54796
6.651323,26,1287.988816
38.350508,111,1289.889035
5.612316,29,1290.354439
-10.0,1,1290.383128
14.649978,49,1291.177801
-8.44,4,1291.324121
-8.115804,6,1291.441818
-0.333551,11,1291.627734
49.391443,91,1292.987381
10.067598,24,1293.44391
18.547608,33,1294.011574
9.079793,28,1294.477165
27.149139,57,1295.396275
32.601492,80,1296.773171
-10.0,1,1296.803114
25.69244,98,1298.358931
-2.568539,10,1298.531173
0.891276,12,1298.853414
-5.262561,6,1298.98818
-3.039395,16,1299.274809
-6.091139,12,1299.501285
1.006727,14,1299.819113
20.663482,51,1300.66835
22.145148,69,1301.772157
42.156547,77,1303.020958
14.714495,33,1303.650814
24.076534,68,1304.864876
8.282065,25,1305.293988
45.255228,85,1308.446542
-6.179448,10,1308.72502
31.371352,52,1309.605803
-0.032958,11,1309.777689
14.885028,43,1310.515208
-7.854414,8,1310.751895
-4.467839,18,1311.083108
-3.736541,8,1311.241473
53.285365,93,1312.921955
3.675359,23,1313.409679
10.01384,30,1313.95639
12.547224,42,1314.667427
-10.0,1,1314.699996
2.776001,17,1315.055479
-8.980166,10,1315.235666
70.824593,123,1317.057371
-5.496496,13,1317.290077
49.85217,120,1319.160956
50.56215,86,1320.45142
42.586201,74,1321.597434
-2.482072,13,1321.809423
13.269426,56,1322.77128
31.060199,55,1323.718639
33.293469,66,1324.826285
0.061988,16,1325.119024
-6.331758,9,1325.354791
-5.047787,18,1325.686234
-1.696369,18,1325.994753
15.735906,37,1326.673125
-10.0,1,1326.767338
4.939351,20,1327.108499
-2.326846,22,1327.473099
-7.936898,7,1327.614376
13.104638,47,1328.437804
21.14035,55,1329.340615
0.034975,24,1329.756256
14.428997,52,1330.620426
7.137933,25,1331.121492
53.339577,94,1332.64307
-7.137907,5,1332.767382
33.917442,64,1333.79257
19.368366,41,1334.534206
32.073687,60,1335.523031
69.179398,91,1337.006964
28.825668,62,1338.006351
-3.793788,13,1338.309472
3.381333,26,1338.771539
-6.252588,7,1338.922883
-7.402957,8,1339.085535
10.425135,35,1339.768102
-8.104643,8,1341.823903
47.605651,91,1343.542375
36.670068,117,1345.519727
2.688316,26,1346.077404
-5.820652,6,1346.186878
15.142195,31,1346.696499
16.37646,43,1347.411128
12.186718,35,1348.075252
73.400526,95,1349.638469
47.964854,96,1351.162436
11.73097,30,1351.660553
3.974401,32,1352.22999
-3.488419,9,1352.387196
-3.712783,12,1352.602472
-7.172756,4,1352.692707
6.726404,59,1353.727487
4.106819,32,1354.263054
66.794939,109,1355.969683
14.576463,34,1356.51945
5.438535,19,1356.858791
-4.261044,16,1357.114721
-0.362855,13,1357.370051
8.378681,20,1357.730899
-3.690851,9,1357.956942
19.157087,78,1359.17432
-8.44,4,1359.251222
7.80356,30,1359.744094
13.831762,40,1360.423383
70.952263,79,1361.758604
-8.490244,5,1361.850319
-5.413499,15,1362.117913
76.87876,96,1363.915434
14.606726,47,1364.688633
-1.123761,10,1364.879939
-9.029512,2,1364.918477
5.913178,21,1365.382051
23.751699,226,1368.917809
58.381127,97,1370.593152
68.613206,104,1372.359072
58.711667,119,1376.166016
-0.177803,15,1376.440583
-8.141477,3,1376.518338
7.968603,54,1377.411511
-4.087683,8,1377.627384
5.177677,32,1378.20314
61.52832,77,1379.462758
-6.219422,20,1379.818506
13.455247,35,1380.475373
-2.102851,9,1380.645039
3.991497,25,1381.090602
-1.399981,14,1381.335877
25.746171,61,1382.428813
8.499898,32,1382.963345
33.281908,56,1383.88568
5.775383,26,1384.307844
-7.130669,6,1384.503072
26.962493,47,1385.270208
45.072985,85,1386.614379
38.059803,73,1387.820358
22.250588,57,1388.850009
-4.502986,9,1389.022677
64.389346,91,1390.554208
3.962026,19,1390.889535
0.0,11,1391.151106
4.894546,23,1391.586676
25.387779,51,1392.478122
-10.0,1,1392.508116
64.972559,109,1394.467841
-10.0,1,1394.521173
9.120285,36,1395.106115
28.380068,56,1396.029491
7.551523,91,1397.529524
12.017885,28,1397.987283
0.698402,27,1398.500108
21.24236,55,1399.427166
0.271176,20,1399.844552
5.195058,28,1400.321946
-2.721255,15,1400.608007
-3.670987,16,1400.918785
-8.44,4,1401.089709
11.488936,43,1401.823937
-3.501541,9,1402.051476
20.160523,53,1402.95046
42.056262,97,1404.618703
-6.246754,7,1404.775569
9.298728,25,1405.197357
46.686283,127,1407.247205
25.016329,45,1409.478141
0.619017,17,1409.758479
-4.7345,7,1409.89478
8.481936,71,1411.05456
0.644654,26,1411.557659
72.348027,125,1413.576679
32.811564,86,1414.999584
24.044926,60,1415.996863
11.611783,23,1416.494834
64.358184,84,1417.874677
15.437006,43,1418.594809
12.41105,43,1419.279013
-2.244077,18,1419.672218
14.202324,90,1421.076653
13.909338,45,1421.843786
18.259721,46,1422.57437
8.524474,33,1423.174124
55.704405,67,1424.267795
36.841938,77,1425.515196
46.774054,101,1427.135663
23.898477,56,1428.113002
39.928833,81,1429.455385
3.867155,26,1429.886662
25.309848,51,1430.75671
46.856762,84,1432.31841
39.421202,75,1433.56089
58.974779,118,1435.474686
27.111665,50,1436.372095
-8.2,6,1436.549506
55.133027,78,1437.817355
25.660857,61,1438.888606
6.822738,23,1439.296273
21.441609,72,1440.646408
0.773213,16,1440.919637
12.289842,27,1441.375506
5.971206,40,1443.658121
68.122453,84,1445.089161
-8.048361,6,1445.186445
14.125675,57,1446.133438
5.09264,24,1446.530365
-6.179425,5,1446.717156
-8.316624,3,1446.770689
-3.19522,12,1446.985834
13.7709,39,1447.644156
11.636279,46,1448.503824
42.990045,95,1450.043493
28.741017,66,1451.126553
64.131493,89,1452.539579
29.326506,62,1453.634403
22.823091,64,1454.67516
45.301763,106,1456.372451
-8.8,3,1456.452976
10.883466,33,1457.067414
15.392243,41,1457.724149
26.038932,58,1458.67855
42.660585,208,1461.881653
43.266996,63,1463.057769
6.857916,39,1463.71234
37.327625,108,1465.45833
7.685381,32,1465.990694
69.03911,144,1468.299593
13.144929,40,1468.938751
35.922962,80,1470.223444
2.8183,21,1470.621678
29.111709,50,1471.481255
28.673846,81,1472.817095
57.646342,81,1474.211787
-2.545789,20,1474.554836
32.222765,66,1477.304606
-10.0,1,1477.335412
27.437908,63,1478.370263
4.802826,17,1478.65308
15.216333,171,1481.365369
-3.729452,11,1481.566695
24.868631,102,1483.169762
59.660571,100,1484.826565
-0.787743,12,1485.106532
31.201478,81,1486.426165
76.335183,99,1487.985151
63.584987,108,1489.708494
-6.488551,12,1489.997167
34.670361,64,1491.04036
6.369032,34,1491.679398
29.793232,61,1492.72848
-2.837247,9,1492.945415
29.743479,68,1494.094746
66.975268,86,1495.51259
6.701985,31,1496.05048
0.992444,15,1496.370177
0.757131,22,1496.767408
68.201074,98,1498.355806
10.729222,35,1498.94418
33.169211,71,1500.200403
22.077744,48,1501.055055
24.069305,57,1501.97572
-2.365776,9,1502.128623
48.50536,81,1503.552904
42.513952,95,1505.051428
18.763413,38,1505.761315
40.258602,73,1507.087672
-7.258257,8,1507.34726
63.836538,94,1508.9432
34.973036,63,1511.596176
9.086846,50,1512.519836
64.847648,101,1514.221231
-8.8,3,1514.301157
20.305517,40,1514.950315
55.368462,80,1516.264432
2.593644,14,1516.560354
62.337484,116,1518.39291
15.233213,50,1519.209491
68.029133,90,1520.884959
71.027869,89,1522.522014
53.523821,91,1524.14274
36.059055,68,1525.281725
69.597295,94,1526.794031
19.448081,84,1528.206922
36.861687,81,1529.488141
71.869789,153,1531.841105
-9.16,1,1531.91356
26.771328,42,1532.723876
4.052381,31,1533.254733
-6.950472,7,1533.394802
-0.666262,12,1533.606428
-6.175617,7,1533.784166
36.515036,141,1535.982901
-3.607267,8,1536.141617
72.953801,98,1537.7963
19.440123,91,1539.339461
23.101526,61,1540.361649
33.795825,68,1541.475038
27.804281,55,1542.41049
19.839518,41,1543.135709
-4.246921,25,1545.187452
64.08119,95,1546.719223
-8.24,5,1546.817355
42.020443,80,1548.188951
-10.0,1,1548.242972
8.789919,43,1548.936089
1.659078,79,1550.201152
15.311748,117,1552.197073
21.00361,85,1553.688169
22.268794,113,1555.586606
70.065792,153,1558.044581
4.112336,29,1558.600443
46.260527,65,1559.676427
-9.32,2,1559.714897
-7.032755,7,1559.854426
76.051402,148,1562.269075
49.135371,89,1563.671119
11.5848,33,1564.200782
11.700362,33,1564.748696
37.445007,82,1566.225832
79.075528,91,1567.693636
65.491508,106,1569.371318
12.098157,69,1570.486806
8.763657,36,1571.145389
45.443266,99,1572.699591
16.170165,49,1573.511815
67.495444,105,1575.263385
48.058056,94,1576.841591
23.001761,48,1579.253268
4.763987,17,1579.568215
-10.0,1,1579.605752
-7.96,3,1579.769206
25.927318,147,1582.161536
61.294005,100,1583.984523
53.966156,75,1585.254424
55.471023,80,1586.650851
4.418994,22,1587.033024
25.431196,57,1587.973885
11.898835,42,1588.635409
32.736635,77,1589.992546
57.947481,87,1591.454518
-5.720382,6,1591.595218
61.672568,101,1593.290491
26.130855,83,1594.679279
48.496881,74,1595.852552
45.641478,158,1598.302984
67.209477,110,1600.034037
20.988345,92,1601.673932
4.708393,49,1602.490681
-3.279614,9,1602.652204
78.980213,98,1604.178843
3.991775,23,1604.621625
2.659858,14,1604.879605
-9.32,2,1604.921935
68.274001,108,1606.612749
23.799776,157,1609.24686
-8.036698,3,1609.323574
17.789684,39,1610.024378
67.966588,86,1613.140097
42.782087,92,1614.724422
43.593568,83,1616.114114
57.726202,82,1617.452994
17.974068,73,1618.624296
64.544073,92,1620.177782
3.645291,27,1620.652635
63.499747,97,1622.27844
-7.375821,5,1622.370811
-8.24,5,1622.549392
72.851848,90,1623.975476
16.690607,64,1625.042603
36.418931,118,1627.002009
11.700398,31,1627.608956
31.601672,63,1628.649523
21.597563,60,1629.605861
18.441563,65,1630.648453
64.255714,116,1632.57113
60.397497,93,1634.067405
-3.987524,23,1634.474759
11.401871,27,1634.921861
58.611645,107,1636.702815
-1.314114,19,1637.017273
25.642891,70,1638.164783
23.539183,66,1639.208297
-6.285912,6,1639.420742
-2.602692,14,1639.658184
-0.184124,12,1639.865958
65.056504,101,1641.813009
4.775966,19,1642.235024
49.557755,74,1643.536364
60.825295,79,1644.870647
70.848744,119,1648.398213
78.86391,91,1649.875877
20.922295,45,1650.593647
-8.389037,5,1650.717561
44.761348,88,1652.197562
-10.0,1,1652.292629
-9.16,1,1652.330707
42.766369,73,1653.513473
-0.138584,22,1653.901582
11.715832,36,1654.572542
66.766816,101,1656.20148
39.944456,73,1657.391742
37.437133,67,1658.494737
66.328513,75,1659.796687
58.998712,96,1661.405573
-5.880688,11,1661.607231
12.372854,40,1662.274593
34.931666,105,1664.103263
5.037599,24,1664.54197
40.227459,70,1665.735906
73.85995,77,1666.947574
39.912679,59,1667.952832
43.301372,82,1669.276751
45.195722,118,1671.270009
69.494056,94,1672.936816
3.759913,102,1674.691382
10.523518,153,1677.269337
77.545679,80,1678.562639
1.003814,21,1678.907433
-8.184875,4,1680.707586
8.710038,25,1681.11003
29.434822,63,1682.159779
24.117667,47,1682.926561
67.376913,94,1684.478422
64.985868,84,1685.831512
30.007492,148,1688.237235
12.496422,32,1688.76492
79.220551,110,1690.678421
13.351639,37,1691.314697
86.676415,115,1693.136635
10.725014,44,1693.859434
36.918725,113,1695.835088
5.604891,24,1696.234368
7.046117,21,1696.580988
77.651196,170,1699.209726
28.367487,61,1700.250601
61.825657,86,1701.738197
36.011458,68,1702.955271
-0.240453,22,1703.410705
-9.107292,2,1703.521181
63.508009,100,1705.150491
71.185533,105,1706.865067
30.788261,61,1707.879249
-8.8,3,1708.016033
48.91906,140,1710.355223
27.380871,142,1712.646045
4.442485,27,1714.730628
-8.44,4,1714.89588
78.666539,92,1716.361707
78.667959,96,1717.90795
46.467413,84,1719.34559
-5.0,6,1719.529819
54.273724,178,1722.279602
-3.707502,15,1722.543797
69.845311,200,1725.625282
74.819172,125,1727.642323
85.209746,107,1729.347186
24.805396,105,1731.097526
34.722827,73,1732.373466
82.332978,114,1734.372527
11.0,23,1734.718426
14.839361,36,1735.306745
21.069425,140,1737.601169
18.367584,56,1738.681809
1.499576,17,1739.026127
68.907303,198,1742.175376
-0.351551,28,1742.649566
78.987522,94,1744.466869
42.8893,74,1745.737896
75.516737,126,1749.609223
80.011037,108,1751.46707
19.1891,50,1752.37098
83.211886,131,1754.619326
32.610851,61,1755.710285
73.953351,121,1757.785468
17.818682,43,1758.617594
82.365564,95,1760.321664
74.59514,127,1762.583174
37.709311,93,1764.197973
-10.0,1,1764.29684
71.432487,122,1766.360243
-0.800489,13,1766.6397
-6.783271,5,1766.740789
58.438574,241,1770.741766
17.587661,37,1771.454174
27.464879,125,1773.571097
36.576209,332,1778.598271
76.305997,126,1782.706259
54.5564,386,1788.650714
33.175427,72,1789.991518
62.937436,73,1791.224537
53.366641,150,1793.857774
47.948147,88,1795.33377
72.630819,104,1797.072788
85.362036,106,1798.89028
49.104295,185,1802.029476
81.624833,102,1803.794301
82.455557,94,1805.33441
77.326172,104,1807.008569
1.662896,19,1807.409728
79.25035,104,1809.092749
69.446612,204,1812.286192
42.666245,147,1814.66275
82.899994,116,1818.432823
39.507041,122,1820.320886
41.591692,57,1821.214725
51.47653,93,1822.676105
52.515942,95,1824.356518
50.477348,154,1826.769477
79.242185,114,1828.622347
73.034254,109,1830.364869
78.691581,110,1832.335717
-1.653561,16,1832.629494
72.663501,110,1834.45287
83.128018,91,1835.920468
84.161101,127,1838.040219
83.013792,300,1842.427703
75.494273,109,1844.236443
78.394821,93,1845.683535
78.445578,99,1847.355754
78.023939,136,1851.260809
53.746403,152,1853.694534
84.182204,222,1857.015605
25.331878,113,1858.890592
24.310111,56,1859.804615
51.023911,89,1861.402828
78.746983,103,1863.167673
67.579141,123,1865.23892
75.941062,200,1868.571782
64.440156,99,1870.235513
72.783556,92,1871.737534
-7.4,5,1871.930591
84.82807,113,1873.735494
82.209684,100,1875.333985
89.273706,101,1876.981453
52.517684,263,1880.839471
12.923309,28,1881.29757
79.845787,292,1887.485653
74.864115,88,1888.980358
86.200704,91,1890.541692
86.396458,106,1892.487146
85.305911,143,1894.792606
58.32961,120,1896.680287
82.631053,99,1898.363996
85.626684,232,1901.885741
76.738684,124,1903.914083
79.968459,116,1907.525076
79.069236,129,1911.143917
30.562888,65,1913.362116
79.055815,412,1924.841599
31.444993,157,1928.470938
86.058603,122,1931.638694
82.618024,122,1934.757899
19.201928,53,1935.993767
46.15451,75,1937.758579
86.312659,118,1940.577352
82.729835,120,1943.492781
86.32987,98,1946.262468
87.186989,199,1952.843456
80.45698,107,1955.862574
86.222082,122,1959.31231
42.551455,123,1963.592734
86.456323,126,1966.600446
85.543618,134,1969.990363
81.896856,89,1972.131666
65.866825,292,1978.595809
85.729352,99,1981.481076
79.281523,107,1984.341171
88.800094,112,1988.910678
84.676998,124,1992.426458
1.331263,13,1992.837765
88.963274,118,1995.785416
83.011495,110,1998.709678
73.471362,79,2000.659725
64.590609,111,2003.469358
66.744381,118,2006.368584
4.024176,16,2006.804152
79.893305,100,2009.209616
86.232613,130,2013.173277
41.36412,74,2015.047686
14.470402,39,2015.954315
-0.949107,24,2016.569467
29.320355,92,2020.706282
79.151031,123,2023.762171
83.788897,231,2029.274751
1.723397,13,2029.594394
82.12992,110,2032.274094
75.947577,117,2035.577286
36.657499,286,2042.420841
36.018787,183,2046.813531
6.932816,21,2047.395699
85.739941,258,2055.523128
16.403746,297,2062.472479
78.304479,92,2064.752594
83.557165,130,2067.928213
89.764617,100,2070.489285
50.321982,97,2073.274008
78.729808,96,2075.644252
75.034421,94,2078.061771
73.790345,99,2080.919469
88.501304,242,2086.381325
77.06155,177,2092.331094
-5.718725,7,2092.599465
75.830633,120,2096.370431
54.489242,197,2102.373431
82.997237,125,2106.045741
79.105273,215,2111.97618
82.6525,109,2114.954017
68.90948,91,2117.411465
-7.599329,4,2117.570257
88.778328,137,2123.156578
85.593888,108,2126.435495
86.668485,103,2129.227947
85.274142,101,2132.7969
50.657584,93,2135.742134
78.888013,99,2138.884912
85.962345,98,2141.651235
88.851055,168,2146.102311
82.505383,116,2149.523219
82.315589,96,2152.462756
52.466332,371,2165.049045
86.123044,90,2167.359674
77.06558,89,2169.964108
85.046135,130,2173.495728
73.912727,109,2176.41755
43.782776,109,2179.362191
25.467365,52,2180.788132
86.635974,129,2184.787281
-2.833313,25,2185.499426
38.06612,69,2187.366149
86.794471,106,2192.294348
79.602061,134,2196.537436
-5.325192,6,2196.725667
-6.45314,5,2196.939131
-7.112226,4,2197.08325
85.21706,122,2200.581856
78.970235,106,2203.242312
37.795539,79,2205.191845
81.98184,107,2208.161069
88.818936,141,2212.38292
86.162791,86,2215.68453
85.127083,135,2219.518581
80.280457,118,2225.008889
79.043169,101,2227.680244
59.738455,88,2230.349349
89.193314,126,2234.145192
4.215359,27,2234.951998
32.57002,62,2236.849941
88.898011,121,2239.948334
79.551374,111,2242.713726
41.895541,87,2245.43064
86.90687,120,2248.5448
85.735337,92,2251.1207
89.00814,136,2254.99919
72.96605,113,2260.020586
85.683993,108,2263.026302
78.628259,101,2265.521076
80.25521,299,2273.025887
24.045856,50,2274.300086
77.371759,359,2282.993716
71.440011,500,2296.417855
-4.327486,9,2296.749648
85.33456,93,2299.115838
21.751405,48,2300.43981
17.665586,34,2301.350482
76.76392,119,2304.780078
78.705584,339,2312.986114
85.667542,102,2315.694199
87.402914,358,2324.412881
27.044025,50,2327.651089
89.124994,142,2331.393741
86.72701,110,2334.584329
82.273956,102,2337.191612
83.891427,176,2342.872056
78.96955,104,2345.834088
86.884128,138,2349.555207
89.73265,92,2352.006902
85.803893,102,2354.929929
46.268725,500,2368.429701
9.929709,30,2369.3799
34.150712,65,2371.232978
85.925546,191,2376.501949
89.234921,122,2379.749101
80.628354,116,2382.893056
80.484901,106,2385.696641
78.91678,97,2388.162504
85.899464,105,2390.930346
82.386353,100,2396.076665
79.153042,112,2399.216482
79.734469,103,2402.259748
85.210139,95,2404.956099
82.347278,110,2407.950802
85.903587,99,2410.91858
81.516563,94,2413.2098
85.942892,133,2416.553554
81.876244,123,2419.606396
89.341325,99,2422.302241
85.462779,94,2424.825579
3.726888,15,2425.26632
75.127966,123,2430.647578
86.031215,134,2434.976599
-4.019009,7,2435.270863
89.149275,114,2438.995968
85.331061,119,2442.296485
80.453846,390,2452.016448
83.92774,100,2454.585704
85.323234,86,2456.859838
29.985902,103,2460.892464
88.514969,127,2468.010856
46.461871,59,2469.855341
79.053229,114,2473.506291
49.809685,79,2476.176434
71.083821,126,2481.468821
86.294942,124,2485.761683
88.738632,136,2490.5187
80.490474,299,2501.71482
85.781402,95,2504.871403
85.979613,99,2507.87019
14.231215,50,2509.469201
85.692679,125,2513.799073
88.997641,117,2517.428734
24.839495,208,2524.014636
82.358035,102,2527.315536
9.481016,114,2533.215512
26.75031,76,2535.654136
79.032857,174,2540.929006
89.364251,98,2544.06192
55.161283,153,2548.611439
87.066808,222,2556.004049
82.165179,104,2559.626304
57.673746,164,2566.809556
86.018391,105,2570.418958
82.838007,210,2577.435573
-8.1937,3,2577.574563
84.235496,187,2583.482777
85.812996,118,2587.582413
85.526014,89,2590.512448
78.795139,89,2593.068487
72.203609,123,2597.151318
77.723036,88,2602.271268
35.93814,89,2605.256722
79.199333,107,2608.88796
84.855748,195,2615.674361
39.529245,96,2618.768617
78.920787,265,2627.654334
86.206629,113,2631.462302
53.095115,87,2636.389463
7.214045,21,2637.186457
81.787841,98,2640.650829
74.015252,99,2643.941519
40.764832,65,2646.012072
17.444388,42,2647.443192
-1.297975,14,2647.912631
84.006223,236,2654.956005
82.07498,92,2658.273359
4.958249,17,2658.929169
-7.6,4,2659.123704
-8.227184,3,2659.292836
43.600654,61,2661.187785
86.780954,99,2664.417793
89.331919,128,2670.498858
55.920079,107,2674.494372
78.950794,107,2677.753154
62.978023,335,2687.045456
79.131643,184,2692.382889
78.981455,93,2695.505208
32.189158,58,2697.176333
83.174158,293,2707.218678
22.327959,78,2709.565175
89.240271,94,2712.285545
73.015648,178,2717.233578
47.351142,96,2720.184906
39.267592,51,2721.574715
51.464689,320,2730.435476
58.205302,175,2737.844911
79.297836,91,2740.738404
31.765818,55,2742.475634
74.97521,88,2745.150217
39.788683,64,2746.828159
51.575964,93,2749.344059
86.205971,126,2752.524921
-3.300965,21,2753.061869
82.668083,109,2755.945842
-8.28,4,2756.234489
86.84055,218,2762.156198
35.09203,192,2767.286635
85.848101,150,2773.721281
88.03065,158,2777.837106
89.232634,307,2784.959882
85.378232,88,2787.174451
-2.851746,9,2787.45907
68.212368,105,2790.345909
89.550424,104,2793.479797
86.017644,102,2796.231562
66.842258,97,2799.022905
85.319895,109,2802.145527
72.261234,113,2807.23244
-1.518599,10,2807.565483
89.27215,109,2810.379352
82.68002,148,2814.203167
46.610359,62,2815.827691
76.571986,194,2820.766804
82.109532,135,2824.577861
-2.164261,12,2825.083819
88.896617,117,2828.084657
82.325436,107,2831.108561
76.786927,194,2836.173172
83.32345,109,2841.224343
23.091276,57,2842.776037
85.243867,161,2846.794192
77.861248,196,2851.658118
68.14353,162,2856.084619
21.812694,48,2857.668368
-3.151537,11,2858.179283
83.417728,363,2867.557064
75.53754,212,2875.120478
82.851783,102,2877.736183
78.900134,93,2880.233591
89.590634,102,2883.253832
56.952307,73,2885.600701
85.81495,96,2888.883129
72.942587,118,2892.065085
80.923777,128,2895.2355
86.48599,114,2898.272572
49.832053,85,2900.600588
80.127187,147,2904.600027
74.597099,108,2909.54243
88.883842,120,2913.276573
78.016015,212,2918.726603
83.54328,106,2921.864731
89.083859,125,2925.626344
85.947863,118,2929.164278
48.044731,77,2931.29568
85.191674,131,2934.756533
89.141969,118,2938.047815
86.138392,116,2944.401137
48.25622,224,2950.511785
85.315913,138,2954.133836
37.5527,65,2955.966332
33.198072,62,2957.576849
85.829456,149,2961.999745
89.258474,118,2965.63705
31.292071,68,2967.947993
89.134504,117,2971.788501
55.781017,104,2974.637691
85.836242,107,2979.712067
26.486356,56,2981.210863
84.244972,127,2984.700397
86.920181,209,2990.142169
82.445323,148,2994.059068
82.860322,98,2997.116995
2.435685,19,2997.809523
76.291871,102,3001.472125
16.536277,30,3002.52404
88.736624,124,3006.360951
80.865534,300,3016.178146
82.233084,92,3018.776513
86.108927,94,3021.816366
55.880909,495,3035.516446
83.086945,124,3039.428463
15.33032,39,3040.543193
83.533201,174,3047.363026
83.240669,236,3054.257441
85.508258,225,3060.803602
88.711002,131,3065.051745
7.372452,21,3065.620142
80.849533,114,3069.187893
72.391495,214,3075.222641
85.788804,117,3080.470909
6.985915,22,3081.21125
84.24914,299,3089.182006
84.90239,498,3102.151413
35.665002,242,3108.298312
12.247921,145,3113.884885
6.079986,149,3117.690618
9.486372,196,3123.644176
84.829015,243,3130.316002
70.372437,312,3137.895022
13.334982,293,3145.141436
40.655469,76,3149.124339
87.127498,231,3155.495784
13.586759,93,3157.915609
81.819808,185,3163.036658
-3.48564,23,3163.810597
78.991186,414,3174.050903
78.864856,407,3186.288945
83.562867,500,3199.15053
55.110698,500,3212.481001
83.840358,101,3217.583356
38.374662,56,3219.321204
82.691927,90,3222.000068
32.034529,66,3224.018551
82.509438,112,3227.09558
82.922817,139,3231.032853
78.13423,94,3233.724649
83.679103,99,3236.886057
85.851495,126,3240.912285
-5.482807,6,3241.206724
78.692995,94,3244.507213
74.06937,77,3246.782684
14.961465,41,3247.904686
86.067279,108,3253.005598
78.906359,111,3256.300237
46.101029,79,3258.690621
2.57149,18,3259.423274
29.414695,52,3260.938707
76.422232,91,3263.488868
85.995127,118,3266.974863
79.628727,93,3269.410486
88.885687,119,3273.119882
88.813135,141,3277.090808
86.23151,129,3280.771581
41.92535,64,3284.408921
85.74665,141,3288.236582
25.376875,100,3290.947404
85.444423,133,3294.529917
17.150404,45,3295.710486
63.205291,100,3298.273815
51.677023,70,3300.124201
30.51781,50,3301.83361
8.505115,85,3304.236146
17.49513,105,3306.917989
67.395056,194,3311.899833
83.722943,139,3315.904239
14.893898,85,3320.197904
54.283576,118,3323.257955
89.131231,147,3326.968692
72.407383,137,3330.80116
43.098095,87,3333.345551
83.9293,471,3344.19468
-7.4,5,3344.349927
-7.6,4,3344.604112
88.892979,117,3348.021926
86.094239,127,3353.386538
76.89299,110,3356.298939
80.051616,124,3359.573716
85.815113,101,3362.552581
82.441334,146,3366.826228
85.986852,114,3369.787689
35.500556,75,3371.979786
86.39464,110,3375.079943
74.627998,119,3378.597087
52.449651,92,3381.62598
83.718596,109,3386.954332
41.450777,81,3389.532422
83.213578,118,3393.360862
86.460167,124,3397.203345
56.170106,117,3400.862535
43.0,54,3402.425625
89.378,100,3405.416424
83.009211,94,3408.110878
88.971144,129,3412.144223
85.93793,125,3415.629259
86.054845,93,3418.447566
-1.584879,16,3421.000078
84.539868,108,3424.987415
43.90268,71,3427.007179
83.569941,107,3430.075234
50.059087,231,3436.248185
86.078187,121,3439.770488
83.102483,126,3443.332958
88.687605,127,3447.318023
18.061762,104,3450.389257
85.136863,362,3462.067416
82.782613,129,3465.687586
1.204327,13,3466.085389
77.0442,238,3472.436432
32.347402,172,3477.288353
24.301699,53,3478.858228
78.842773,118,3482.868975
50.15326,78,3485.326029
89.090749,110,3490.836184
82.741464,119,3494.513927
32.656678,209,3500.240214
83.110629,137,3504.076667
71.968998,381,3514.411929
89.01469,127,3518.198968
85.318806,134,3523.948363
20.505109,43,3525.373955
84.861209,188,3530.748469
86.065486,129,3534.034771
86.415682,121,3537.146073
81.458727,87,3539.368124
89.982702,89,3542.03986
17.059287,29,3542.959622
89.010672,130,3546.491205
85.94845,120,3549.707334
86.423188,117,3552.954032
89.3151,113,3557.809624
80.862088,119,3561.023705
85.548743,119,3564.2489
89.457283,99,3566.892571
10.516731,29,3567.66542
81.930745,95,3570.211375
44.513805,176,3575.122063
83.173406,121,3578.428793
21.419351,138,3582.195959
31.11875,221,3588.261794
25.83202,51,3591.64946
85.093438,202,3597.503569
56.598463,321,3606.565937
77.394307,221,3612.586324
81.549854,92,3615.167946
81.652616,128,3618.895276
75.432886,129,3622.485723
85.219657,103,3627.341607
88.982142,137,3631.948716
-10.0,1,3632.099706
82.312765,135,3636.512955
37.682943,134,3640.107251
69.394475,113,3643.350506
87.128267,220,3649.501039
82.658847,90,3652.048078
77.566259,147,3656.18659
83.510665,142,3662.310454
23.380842,50,3664.243937
71.313103,167,3669.177106
78.597577,159,3673.573795
75.454948,187,3679.334596
67.794578,166,3684.34162
12.0,23,3685.020467
53.054125,100,3687.944649
72.802862,113,3691.636126
80.24896,106,3695.288716
-2.517583,9,3695.621521
79.227962,105,3698.959099
70.8487,85,3701.704188
82.598395,151,3705.726237
3.825591,58,3707.251532
76.361072,100,3712.678434
88.808783,252,3720.128705
82.068437,103,3723.583434
43.086665,82,3726.448837
75.429108,95,3729.195943
86.153296,136,3732.56882
72.168582,108,3735.401824
83.467799,421,3745.714597
34.998154,262,3752.302516
-9.16,1,3752.367502
80.628843,334,3761.294022
78.728179,203,3767.729764
40.742734,53,3769.269732
11.575852,98,3772.613432
3.0,14,3773.275462
7.932564,144,3777.530062
5.097705,160,3782.516758
-2.358548,9,3782.916352
87.34975,245,3790.346366
83.45317,269,3797.943566
83.234539,175,3803.19441
49.462506,301,3814.121192
81.381872,319,3823.157831
3.251624,173,3828.460954
-1.102509,11,3829.037856
15.924511,67,3831.640459
17.462803,289,3839.503989
7.000493,38,3841.135493
26.80635,280,3849.701568
80.008519,139,3854.161772
88.979879,123,3857.646361
9.14708,33,3858.519323
86.046907,225,3864.256212
43.170611,96,3866.793963
44.329397,274,3876.30815
77.65463,161,3881.030996
83.980124,191,3885.759438
14.4,27,3886.510085
1.219356,13,3886.923841
86.043209,110,3889.69154
77.354082,126,3893.049829
85.872648,113,3896.211621
75.436653,98,3898.881763
89.975047,93,3901.869956
77.657486,179,3908.743453
85.325509,118,3912.196378
14.672293,45,3914.060719
85.960771,106,3917.643192
81.342319,96,3920.664739
-1.543859,12,3921.077443
12.566489,29,3922.122202
15.962501,35,3923.320386
44.784092,73,3925.413937
40.062657,68,3927.497448
81.675543,102,3930.83459
58.15378,118,3934.515374
86.52447,116,3938.134072
85.030734,143,3943.757745
86.188011,116,3947.431856
85.992375,106,3950.839292
83.149068,131,3954.485666
6.188955,19,3954.994754
88.725302,149,3959.252545
86.195241,110,3962.725982
85.730175,90,3965.49107
82.783007,108,3968.516176
0.895083,19,3969.320682
83.068574,127,3972.900488
7.419291,26,3974.94261
82.792221,109,3977.99032
82.648762,103,3981.073696
85.36664,86,3983.386718
85.668213,128,3987.132585
85.869773,87,3989.746589
80.690281,109,3992.960247
70.399294,111,3995.866424
89.545816,102,3998.978319
81.922425,109,4002.375885
9.671736,35,4003.51304
62.523031,105,4006.375636
82.642687,100,4010.395398
89.364311,115,4013.711435
27.774347,116,4017.105029
86.024071,123,4020.029678
58.545885,93,4022.919232
-0.419943,27,4023.771742
86.304571,118,4027.119027
85.464096,136,4030.852694
83.260121,101,4034.044116
63.685609,118,4037.83545
43.908755,191,4045.360824
71.593952,318,4054.622225
82.403731,103,4057.928948
87.539105,113,4061.453857
4.230741,20,4062.15273
80.794667,228,4067.840321
87.465442,258,4075.492067
86.026551,97,4077.81216
83.411973,103,4080.468613
82.097177,117,4083.891819
83.743319,104,4086.442012
45.384359,88,4088.606112
71.253639,158,4092.913806
19.504051,48,4094.210667
86.067949,225,4100.36858
84.961513,245,4107.323291
89.329675,128,4112.962965
81.744965,172,4118.270902
78.283817,215,4124.291306
40.406026,78,4126.608641
-7.6,4,4126.884077
6.489053,77,4129.013904
88.812339,121,4132.441371
85.501789,127,4135.851721
35.387579,140,4139.371541
55.58293,377,4150.555588
89.017808,110,4153.569322
40.40902,164,4158.117642
85.03793,294,4165.2595
82.145652,104,4168.471898
87.497381,216,4176.553917
89.197668,102,4179.653472
89.091784,131,4183.363795
32.33724,65,4185.038486
88.614328,175,4189.468456
82.932216,214,4194.87798
85.377064,117,4198.098423
64.454476,500,4212.167659
54.436114,117,4215.47493
13.31671,30,4216.398562
53.748461,72,4218.512418
10.916254,36,4219.519341
5.416232,77,4221.636761
87.68242,232,4228.009502
85.486465,98,4230.67379
16.667938,102,4233.79269
14.455883,61,4235.468984
14.395929,75,4237.45651
84.227531,145,4241.485468
37.504559,68,4244.661079
39.08892,282,4252.179125
45.696655,313,4260.012434
12.892404,104,4263.341744
80.204177,114,4266.95056
89.009452,109,4270.05883
35.260901,265,4278.187782
23.713789,201,4283.476245
84.439106,292,4290.009512
5.174847,19,4290.526394
11.703324,25,4291.297627
86.289259,293,4298.661876
85.006227,211,4302.229751
29.347178,97,4303.716622
83.619342,234,4307.420976
86.011065,204,4311.878452
88.987944,180,4314.7159
-7.051139,4,4314.805885
83.401809,119,4316.815573
19.362987,114,4318.739417
58.265388,160,4321.165783
29.023763,76,4322.491498
27.919061,57,4323.408428
82.654028,127,4325.595645
86.15639,119,4327.431474
89.347462,107,4329.115839
25.222222,59,4330.136074
-10.0,1,4330.257041
86.779633,114,4332.211509
86.247921,125,4334.294207
67.092861,105,4335.927926
2.118488,20,4336.325953
86.323014,145,4338.749255
82.605943,212,4342.020739
41.845821,166,4345.947814
8.363161,38,4346.69558
4.45714,21,4347.063016
84.014182,214,4350.612859
63.555787,223,4354.102185
15.756616,29,4354.658071
86.7396,180,4357.617896
85.985894,233,4361.125796
88.927075,160,4363.722515
35.252614,189,4366.872385
82.1557,236,4370.354115
66.105205,231,4373.981187
77.670428,117,4375.89918
82.837205,109,4379.074193
88.7752,145,4381.49561
26.473412,61,4382.636236
88.152347,259,4386.663063
89.528564,108,4388.413678
28.832009,88,4389.870412
78.571676,90,4391.307688
48.722371,165,4393.866021
82.818041,92,4395.357551
29.407605,46,4396.121907
86.091371,109,4397.931253
86.187917,148,4400.35723
79.394664,201,4403.394578
89.358116,215,4406.74362
83.733903,219,4411.56709
87.867773,223,4415.241172
83.357166,185,4418.281079
81.520398,111,4420.044674
28.592301,214,4423.233515
35.294022,294,4427.716787
53.634797,84,4429.314052
60.978511,348,4434.671593
47.98692,68,4436.026556
21.435448,62,4437.183911
83.132341,117,4439.323596
35.278958,109,4441.343915
85.873267,207,4446.456935
74.154134,257,4450.624004
76.470128,111,4452.911469
84.91147,196,4456.058599
81.539031,121,4458.006979
-3.12134,15,4458.288749
63.280661,204,4461.772527
85.998468,118,4463.790157
89.110649,229,4467.430862
79.598652,96,4468.978454
84.267168,217,4472.756095
80.676326,287,4478.546216
85.957156,112,4480.479802
83.219874,99,4482.30942
82.840531,112,4484.289752
85.978984,101,4486.172851
52.136472,104,4488.0532
88.982162,114,4489.896133
23.079725,39,4490.580147
85.422145,115,4492.321367
86.393799,103,4493.946048
-8.064337,3,4493.993423
61.021168,90,4495.437721
89.076401,108,4497.107617
88.708407,144,4499.478
80.783188,126,4501.652346
89.002496,139,4504.028633
89.34963,110,4505.798739
82.270927,114,4507.665409
82.199334,109,4509.477375
18.149279,42,4510.30803
82.708536,120,4513.716067
86.215617,114,4515.697003
73.850325,84,4517.181154
89.177245,135,4519.421748
86.270292,129,4521.409238
72.251477,92,4522.931985
88.595524,153,4525.512332
82.742424,120,4527.768831
86.023964,102,4529.462578
89.657587,94,4531.207881
-8.055191,10,4531.405082
89.162841,107,4533.469624
17.462259,41,4534.294299
82.242723,127,4536.471084
14.03059,36,4537.106755
85.49107,88,4538.702029
81.937859,108,4540.636913
82.988302,111,4542.677029
1.809617,15,4542.931518
86.569088,113,4546.458108
83.545909,110,4548.370862
51.32678,83,4549.935034
83.04524,124,4552.148094
79.458861,122,4554.621099
-7.6,4,4554.73641
82.972561,123,4556.848149
54.225101,86,4558.439203
58.655526,91,4560.103683
86.188123,113,4562.037866
9.924107,25,4562.428529
83.856303,124,4564.428581
78.544245,132,4566.711929
10.091309,25,4567.134412
85.437445,96,4568.673221
81.58382,131,4570.735865
85.544037,90,4572.246383
89.203364,105,4574.00824
54.636205,86,4575.402549
85.769638,133,4577.520424
88.912082,120,4580.880051
85.201484,105,4582.656644
90.123596,89,4584.11296
65.316774,104,4585.802505
70.174201,106,4587.435915
-4.307466,7,4587.576397
22.517168,48,4588.318299
-10.0,1,4588.34968
76.410741,122,4590.312571
85.817925,98,4592.003376
83.000109,117,4594.004879
88.806254,130,4595.997915
34.09606,97,4597.601001
66.261919,85,4599.071451
80.110302,159,4601.688202
81.749324,94,4603.133039
0.210689,13,4603.429363
86.025564,141,4605.65368
85.363038,149,4608.066201
14.474294,54,4608.947995
86.222643,112,4610.781704
12.010034,40,4611.438573
47.497351,221,4616.279714
-2.004768,10,4616.497887
82.233225,284,4620.760843
86.051132,141,4623.01457
82.402003,93,4624.525846
85.431142,125,4626.556482
4.379847,20,4626.946013
86.414534,125,4628.833788
37.212096,142,4631.030534
37.739501,50,4631.839542
10.01685,49,4632.751779
87.597577,205,4635.858149
89.27163,230,4639.246832
68.588505,275,4643.427317
82.945923,119,4645.38629
-7.4,5,4646.944565
79.737909,119,4648.882966
86.590221,103,4650.63196
9.006289,23,4651.132698
87.603459,365,4656.399958
89.269714,120,4658.195713
86.013151,133,4660.355478
86.619195,103,4662.05812
86.493309,123,4663.995706
86.498858,175,4666.842213
63.123289,116,4668.709944
85.825977,137,4670.873687
25.811339,119,4672.804061
3.88789,19,4673.127501
43.198055,223,4676.649728
42.199915,94,4678.216077
89.138431,120,4681.666346
48.804439,114,4683.759866
24.009071,50,4684.702663
45.095096,99,4686.400685
88.909744,107,4688.05304
40.818387,194,4690.86835
24.418866,43,4691.517148
89.240166,110,4693.378486
88.919232,109,4695.04635
37.641102,72,4696.154181
28.368836,56,4697.023687
82.442886,85,4698.353586
64.194823,94,4699.950891
26.745383,82,4701.280423
79.181229,100,4702.845726
82.276926,113,4704.680185
88.533272,169,4707.336396
85.577555,106,4709.060969
11.654967,34,4709.65547
80.765471,122,4711.857266
87.087652,183,4716.293153
85.822904,136,4718.551857
86.383214,116,4720.444349
83.966164,109,4722.16556
89.160638,99,4723.67896
86.049216,112,4725.423047
82.037935,103,4727.094184
86.819433,99,4728.671455
86.022146,111,4730.333581
85.909235,392,4735.878969
88.474444,147,4738.131685
82.617505,125,4740.240417
81.846178,108,4742.172895
10.777518,26,4742.682781
-1.072847,15,4742.960498
6.781393,21,4743.393529
89.038493,152,4745.800441
51.680967,90,4748.650851
71.300353,102,4750.492005
86.799303,136,4752.952247
89.051073,127,4755.048413
32.587953,65,4756.079853
31.773825,65,4757.077445
82.320589,94,4758.590166
89.148243,123,4760.518016
89.09048,129,4762.499944
83.6277,142,4764.696532
44.001687,92,4766.323011
86.299369,138,4768.57251
7.212442,19,4768.859913
85.584941,87,4770.145879
53.146963,130,4772.350322
58.861858,97,4774.001997
0.905595,13,4774.223159
20.564329,38,4774.864769
15.456269,36,4775.572956
82.711592,109,4777.322487
34.443504,281,4782.870361
17.0,28,4783.32852
82.684981,222,4786.877234
80.66529,140,4789.047717
50.070701,239,4792.413727
85.815359,132,4794.496837
83.78128,376,4799.799073
83.263079,124,4802.011175
29.3125,49,4802.86025
80.619547,324,4807.563957
75.521518,123,4809.686355
-1.498881,14,4809.972262
45.904918,108,4811.722607
65.471314,111,4813.487909
86.466337,119,4816.987265
29.13435,69,4818.161065
85.36746,138,4820.39594
0.84104,16,4820.676841
78.154456,128,4822.826647
89.417625,122,4824.829214
71.878482,137,4827.012044
89.213128,113,4828.765109
89.201674,104,4830.440553
11.05962,24,4830.878139
89.287109,118,4833.088475
31.7094,76,4834.402003
88.127102,208,4837.628702
88.710229,151,4839.99302
28.030637,59,4840.985196
-9.180043,2,4841.053094
79.845662,123,4843.138637
85.845898,128,4845.309922
85.999718,113,4847.109823
71.918488,99,4850.217761
26.882544,48,4851.101265
89.211937,135,4853.320266
89.221615,101,4854.925039
89.022251,109,4856.705439
85.680941,102,4858.348305
13.407696,28,4858.800272
86.597884,137,4861.066699
59.760219,112,4863.015019
88.846147,131,4865.135458
88.855238,140,4867.404803
17.40398,35,4868.005976
89.502776,91,4869.503209
54.430204,76,4870.755446
51.713073,98,4872.252863
83.428355,126,4874.295264
88.743285,135,4876.487846
41.078433,63,4877.594293
82.586094,127,4879.688403
5.77646,18,4879.995891
86.071064,107,4883.184542
86.548126,102,4885.031822
83.121541,97,4886.686688
0.413232,12,4886.90224
61.401249,87,4888.337774
31.680776,52,4889.216926
88.833369,130,4891.357339
82.878643,102,4893.119218
86.190962,129,4895.280029
90.015183,91,4896.675566
82.352569,105,4898.276434
83.665036,122,4900.237543
15.535951,34,4900.860455
9.138462,30,4901.484047
86.215848,110,4903.293247
-2.091595,9,4903.444258
7.738587,33,4903.956806
31.0,42,4904.677867
11.173084,30,4905.155771
88.963148,140,4907.371722
89.66075,103,4909.099203
54.48433,83,4910.553122
82.750788,116,4912.404759
88.911764,149,4914.748387
-8.157627,3,4914.827475
85.959403,94,4917.903196
79.731215,116,4919.847272
85.958392,108,4921.5543
86.360594,94,4923.186904
81.332846,148,4925.551732
3.604161,16,4925.80669
33.578425,58,4926.735107
27.948865,60,4927.739796
86.302175,142,4930.095271
82.947968,127,4932.064466
21.495319,41,4932.707735
-3.0,8,4932.846096
82.198409,99,4934.57658
-7.383026,4,4934.668744
18.020315,40,4935.358957
79.557562,112,4937.181629
5.40375,24,4937.654292
89.436833,109,4939.504195
79.707594,116,4941.513719
-1.136021,13,4941.744947
9.845057,32,4942.403536
-7.4,5,4942.51061
88.721483,132,4944.739891
86.489382,92,4946.255275
85.974364,102,4948.183856
82.699723,125,4951.712294
36.225328,70,4953.016188
58.908027,84,4954.38002
82.162077,83,4955.70356
82.267523,112,4957.513479
83.87719,112,4959.239203
73.515062,94,4960.801139
86.95376,98,4962.510473
59.467101,93,4963.955917
89.308167,128,4965.931961
83.941448,107,4967.654723
72.589172,97,4969.396011
64.421395,84,4970.724051
86.2183,103,4972.359532
42.765558,71,4973.478135
-8.656258,3,4973.6476
13.0,24,4974.042636
82.545216,90,4975.4637
85.766488,117,4977.45048
82.509648,100,4979.136413
69.463135,90,4980.604272
54.305956,80,4982.045738
85.435501,127,4985.769088
85.84488,100,4987.496093
88.850663,119,4989.406238
82.938323,112,4991.214845
15.298246,45,4991.940732
81.718869,111,4993.746331
8.682208,29,4994.236461
86.186085,132,4996.31434
40.57197,63,4997.296345
85.522485,95,4998.815783
85.670231,136,5001.008114
86.082901,126,5003.124319
88.999921,132,5005.258936
85.974431,115,5007.252023
86.177035,97,5008.868987
89.404145,124,5011.031897
85.750065,96,5012.741494
52.877577,88,5014.399335
79.871916,96,5016.020708
34.346059,56,5018.536599
83.169994,138,5020.915714
77.580089,105,5022.721096
57.418828,146,5025.034358
53.197727,91,5026.504906
82.457919,126,5028.593842
-9.073301,2,5028.736418
20.513994,54,5029.6082
83.263122,113,5031.457273
75.454083,88,5032.88423
75.52355,101,5034.751282
18.355029,36,5035.407901
86.790286,158,5037.983212
79.126581,109,5039.811043
60.356396,113,5041.980881
85.702593,132,5044.370952
17.414795,46,5045.167668
79.795769,122,5047.258469
83.414584,120,5049.402488
54.85929,113,5052.9256
85.891566,112,5054.87541
85.960713,127,5057.014302
83.40451,119,5059.023724
72.37132,94,5060.708385
85.878956,129,5062.869399
79.818899,118,5064.749525
82.167222,89,5066.310698
19.378739,45,5067.090914
79.255267,122,5069.261468
86.120615,89,5070.803035
51.715324,89,5072.488289
14.724253,27,5073.055508
89.231664,131,5075.259352
85.569041,92,5076.870556
82.905467,137,5079.263302
86.553833,121,5081.12318
52.039663,104,5082.742075
79.611196,97,5085.900826
4.857246,18,5086.277477
89.172904,113,5088.096098
79.715738,104,5089.686099
85.585052,98,5091.211298
85.354122,128,5093.297607
-9.238983,2,5093.341597
79.180658,98,5095.229787
85.122577,92,5096.845167
85.431705,134,5098.941442
86.14434,105,5100.615367
85.474651,88,5102.142051
56.388552,95,5103.707183
86.182713,88,5105.066445
77.783466,95,5106.769937
72.727887,96,5108.354258
14.186363,34,5108.922684
4.546437,20,5109.388782
3.681012,18,5109.691621
81.363901,108,5111.629554
86.359099,92,5113.146923
85.322527,117,5115.013848
85.435116,98,5116.57579
15.0,26,5116.982195
82.869181,133,5120.743616
86.48348,134,5122.901477
86.10374,102,5124.472158
64.330772,123,5126.341645
79.748508,117,5128.302419
82.459093,100,5130.010837
27.115254,61,5130.931177
82.559488,164,5133.348591
43.113858,63,5134.398133
53.17756,73,5135.935124
19.280829,33,5136.535926
78.656563,101,5138.238748
87.257054,121,5140.111486
52.183003,86,5141.45944
88.300308,192,5144.649368
-8.48,2,5144.737592
47.631625,100,5146.390908
88.903382,120,5148.280464
-6.0,5,5148.372578
49.875575,97,5149.830811
-8.284484,3,5149.914902
-8.377501,4,5150.084438
8.548528,26,5150.512802
81.840242,89,5153.502938
82.77818,115,5155.43959
-4.978558,8,5155.651755
18.705389,48,5156.393636
-10.0,1,5156.446416
79.664605,101,5157.950669
85.973238,165,5160.475302
0.0,11,5160.698502
85.770402,131,5162.883466
-7.439543,4,5162.973199
89.23663,111,5164.809036
67.995878,87,5166.264274
89.335063,104,5168.095505
10.784751,36,5168.750768
80.08364,110,5170.641288
55.808565,101,5172.209791
29.912404,47,5172.938054
81.968869,113,5174.65763
79.983106,102,5176.325094
86.17892,109,5178.146758
47.441531,61,5179.171507
28.143347,55,5180.09048
49.563351,83,5181.435782
85.733744,110,5183.147437
76.79285,90,5184.622442
85.84951,145,5188.635427
0.12864,14,5188.905083
73.573569,110,5190.604285
55.182127,108,5192.23249
86.373871,225,5195.76773
37.922864,83,5197.31378
85.36915,215,5200.473048
53.250753,168,5203.134512
85.097115,218,5206.509062
23.493523,102,5208.153805
2.752044,193,5211.115182
29.131666,332,5215.999645
75.833379,93,5217.479391
78.567971,110,5220.884168
42.624871,108,5222.649379
81.716505,84,5223.913693
7.19873,50,5224.709063
81.761753,118,5226.717954
73.492502,209,5230.193642
21.063925,287,5234.207526
14.643028,192,5237.182909
48.191506,267,5241.064831
39.887149,223,5244.402427
22.556462,316,5249.165509
88.144646,295,5255.156538
4.349579,69,5256.431577
70.353682,321,5261.230672
64.542987,342,5266.237814
86.162791,86,5267.510641
29.665072,187,5270.421476
44.553269,286,5274.656406
22.66135,70,5275.777266
85.258602,115,5277.633429
21.159212,77,5278.937002
78.589709,440,5285.461636
80.196951,115,5289.070191
85.52758,145,5291.405961
83.488601,128,5293.418128
-5.805933,6,5293.519424
84.687937,188,5296.323557
51.432349,173,5299.053571
79.408325,228,5302.576999
10.212711,116,5304.469377
77.485958,137,5306.813197
80.098406,107,5308.554524
81.976876,116,5310.486283
69.270865,99,5312.077325
-1.842811,12,5312.292581
49.082521,99,5313.967831
85.634707,130,5316.400578
43.269071,66,5317.510889
64.483708,93,5319.106075
79.776944,102,5322.105848
82.978876,114,5323.947522
90.123596,89,5325.260028
83.117863,107,5326.907154
12.365975,27,5327.348485
82.686375,116,5329.22627
84.165424,98,5330.791506
23.962367,53,5331.629444
42.803788,83,5332.938414
21.0,32,5333.491528
73.061217,101,5335.105394
14.812176,48,5335.916106
86.692005,114,5337.805581
83.496063,122,5339.910707
47.44614,174,5342.727689
83.299812,125,5344.830145
21.66936,47,5345.710202
41.08229,67,5347.008339
78.042219,101,5348.902406
77.477498,114,5350.926229
82.569386,104,5352.640272
69.321941,96,5355.624396
89.263136,118,5357.479347
86.357687,116,5359.31077
89.011531,144,5361.582144
73.718406,103,5363.289506
89.38701,116,5365.128252
89.484167,132,5367.191327
68.283824,80,5368.430918
22.670115,91,5370.123447
85.770809,270,5374.203871
-5.613349,12,5374.426039
85.393122,124,5376.595848
-3.863033,9,5376.839939
-4.040255,7,5376.953972
86.555972,289,5381.426877
85.134633,108,5383.208468
82.378811,95,5384.870763
84.99654,140,5387.103425
86.152645,131,5390.539328
77.946815,147,5392.807123
79.392622,155,5395.256382
9.847015,61,5396.210744
72.058902,107,5397.882597
-1.383922,20,5398.225351
88.856655,118,5400.153821
86.221035,110,5401.937163
79.635368,119,5403.98602
55.028558,84,5405.438407
59.926764,326,5410.506947
86.24011,101,5412.145419
81.829294,83,5413.457048
85.74198,112,5415.264337
85.853945,108,5417.079425
86.105445,101,5418.704038
46.336577,75,5419.935759
79.619944,117,5423.16693
85.860756,129,5425.348422
79.277763,98,5426.926241
89.092191,99,5428.595411
84.654725,134,5430.808829
85.792391,143,5433.095237
86.993581,127,5435.078964
89.221592,114,5437.057981
82.592965,112,5438.993172
88.912823,131,5441.192123
82.643767,121,5443.120217
6.078241,26,5443.574612
85.888669,110,5445.333409
82.553039,123,5447.463463
85.549521,86,5448.787009
84.060871,237,5452.497371
82.471295,108,5454.407929
89.266109,101,5457.424325
88.898867,136,5459.579516
86.63562,131,5461.659105
35.258208,98,5463.227968
-1.323021,25,5463.71468
40.416848,78,5464.96121
86.704969,127,5467.14335
80.056311,107,5468.881501
88.362077,284,5473.357224
83.402397,270,5477.370524
75.162154,126,5479.42338
55.002403,103,5481.071537
86.000311,91,5482.600777
81.313401,168,5485.345389
86.033684,129,5487.533808
32.326066,88,5490.381737
83.02021,92,5491.89675
86.425853,135,5494.013483
86.613005,161,5496.682679
9.674634,32,5497.274508
86.00987,170,5499.912896
46.936569,87,5501.216878
88.100914,233,5504.589803
89.343661,161,5507.119213
34.53403,66,5508.22693
85.424877,124,5510.165472
4.69204,18,5510.486209
79.615836,101,5512.148842
78.854816,103,5513.877999
30.857228,46,5514.690577
85.72097,116,5516.549598
20.582709,50,5517.397545
59.539983,111,5519.251222
12.83218,41,5519.910113
23.314363,164,5524.37604
12.914659,266,5528.587382
44.943809,183,5531.588892
45.485231,227,5534.885182
86.739473,319,5539.193509
20.423013,72,5540.351898
34.21233,170,5542.861426
87.605074,206,5545.779213
-7.0,4,5545.855485
41.029156,63,5546.817443
15.369238,149,5549.298808
78.780414,160,5551.882402
-3.202055,8,5552.022411
10.950074,47,5552.753506
77.9966,97,5554.436008
86.108898,92,5557.947021
88.700226,141,5560.487108
85.687615,154,5562.910928
64.765293,192,5566.015562
87.287789,172,5568.581206
79.524984,333,5573.170787
89.125426,118,5575.014722
85.862514,113,5576.78335
86.035328,116,5578.525136
86.285739,99,5580.053298
85.880723,100,5581.637888
67.394119,108,5583.395521
86.700847,174,5586.338346
21.574444,39,5586.986441
80.103472,121,5588.96145
52.085555,143,5593.164559
70.176426,129,5595.357692
89.140571,135,5597.543731
80.562229,162,5600.061385
19.892801,48,5600.867592
89.898289,89,5602.1291
24.516047,103,5603.698176
85.574304,108,5605.337634
88.980933,144,5607.755753
78.257464,350,5612.701689
89.733223,101,5614.356554
89.045552,142,5616.797935
86.12966,246,5620.521324
23.055343,199,5623.509866
80.176657,366,5630.643975
0.278484,39,5631.281482
3.329035,61,5632.336417
14.208694,385,5637.633915
22.840225,175,5640.349379
7.989478,27,5640.820813
13.214385,83,5642.232989
32.250306,425,5648.401306
89.627683,103,5650.017866
85.05259,279,5654.092407
82.884638,110,5655.955312
85.605282,111,5657.698894
46.042057,112,5661.345756
89.61619,116,5663.171419
7.693253,26,5663.690089
59.791166,193,5666.617472
13.581805,52,5667.430253
79.721517,115,5669.167946
85.674564,253,5673.340936
79.159874,133,5675.558929
86.075922,130,5677.744729
82.677144,105,5679.491206
23.0,34,5680.088382
19.211055,156,5682.484288
36.68374,122,5684.372785
85.657084,190,5687.424967
20.0,31,5688.008698
-10.0,1,5688.073396
89.128919,229,5691.575516
77.169071,416,5699.448561
6.728772,25,5699.93214
81.658625,236,5703.313014
-10.0,1,5703.341053
85.535028,204,5706.357661
66.875399,167,5709.234647
-7.6,4,5709.326413
24.52404,107,5711.061666
78.678204,113,5713.001232
88.473688,149,5715.513462
84.082186,495,5722.306077
12.476039,36,5722.895612
85.688204,281,5729.050322
85.478795,204,5732.231372
88.907997,103,5733.81832
85.973632,150,5736.141405
5.799569,41,5736.778685
86.183976,185,5739.701042
64.869885,500,5746.699942
72.122713,164,5749.245561
8.102921,35,5749.845711
63.677628,167,5752.614832
61.968312,113,5754.391492
6.936647,109,5756.096274
81.650307,258,5759.977166
78.095329,105,5763.843363
85.645106,114,5765.638954
17.411327,42,5766.402078
81.090295,151,5768.925708
11.458358,42,5769.692523
40.589846,147,5771.941322
34.382427,59,5772.909812
26.837093,44,5773.676372
89.249295,100,5775.330036
75.769638,257,5779.244737
87.592761,222,5782.594844
4.060049,26,5783.037041
83.101218,91,5784.523513
83.631431,214,5787.627101
69.920232,187,5790.47174
45.491413,259,5794.336816
49.211566,170,5798.792694
89.554993,98,5800.380347
27.909895,51,5801.168508
16.905856,85,5802.512201
85.844324,266,5806.376334
25.945983,103,5807.975422
-6.562023,9,5808.134574
39.210253,107,5809.870377
85.993406,102,5811.492316
47.3044,68,5812.539032
4.149423,26,5812.979669
4.498387,55,5813.855134
60.494035,240,5817.631541
26.757465,101,5819.237682
30.892532,178,5821.900787
88.474603,169,5824.516824
83.521013,182,5827.63579
36.772687,72,5830.631519
86.696117,263,5834.467484
54.778292,123,5836.490177
-10.0,1,5836.583727
14.462098,30,5837.058975
82.150962,100,5838.622229
27.946774,141,5840.821384
70.578696,107,5842.528519
47.646676,136,5844.805858
88.571634,134,5846.905203
81.534713,349,5851.854979
88.522399,169,5854.526066
30.550825,70,5855.720864
83.064112,90,5857.233422
25.05744,100,5858.852788
-10.0,1,5858.98434
88.978918,97,5860.647767
89.300491,111,5862.561839
82.712768,229,5867.712239
15.969594,41,5868.440004
89.04766,127,5870.532032
83.056881,100,5872.133229
89.421768,102,5873.714963
85.665381,122,5875.908905
66.664772,154,5878.293087
28.45439,43,5878.994322
85.608476,117,5880.962585
85.375166,191,5883.954142
36.687041,131,5886.097051
73.523628,184,5889.04454
85.406066,121,5890.939781
85.883037,123,5893.031794
89.060035,130,5895.12521
73.015191,99,5896.628039
76.830903,117,5900.243207
-2.986857,9,5900.496003
-2.563516,11,5900.680184
14.459918,39,5901.313263
83.354396,184,5904.09534
83.368796,132,5906.27468
80.865887,145,5908.57238
56.67142,270,5912.474978
82.795829,113,5914.285437
-7.52,8,5914.499248
31.494403,81,5915.919816
45.754564,172,5918.738034
75.53281,111,5920.498544
67.761958,81,5921.874988
86.578942,400,5927.407774
83.229244,120,5929.352078
27.258684,106,5932.909656
77.476346,176,5935.683075
75.777629,500,5942.860776
89.185063,138,5945.033303
86.142754,125,5947.196562
3.974483,16,5947.560289
75.539766,93,5949.088158
79.698537,107,5950.816751
89.25295,116,5952.646272
44.398331,65,5953.725495
89.037337,149,5956.109701
89.053429,132,5958.178093
86.890928,121,5960.060185
86.201801,126,5962.140535
16.156693,43,5962.831638
-9.0,2,5962.873742
85.767538,116,5964.691007
38.0,49,5967.317712
39.703611,75,5968.580348
78.162373,88,5970.066447
86.728517,129,5972.115473
81.978703,102,5973.835176
47.336808,76,5975.097775
40.054833,58,5976.086265
88.993509,130,5978.291199
79.283565,116,5980.251829
86.065263,118,5982.211522
88.859653,124,5984.234149
82.823163,97,5985.79768
89.188684,124,5987.836144
68.802441,121,5989.730141
4.740616,18,5990.021736
8.496993,23,5990.408098
86.375099,115,5992.28787
31.759069,53,5993.166736
-6.89293,8,5993.328836
89.317532,107,5995.065587
78.439465,97,5996.696845
86.427765,105,5998.362377
76.493627,116,6002.238549
78.142808,89,6003.802384
83.3553,128,6005.99048
89.272849,105,6007.758129
45.353752,81,6009.277048
86.135546,113,6011.091424
24.766837,37,6011.780293
85.690887,91,6013.241348
85.254191,100,6014.947272
83.161753,128,6016.973491
55.876386,96,6018.580012
78.586184,85,6019.950636
41.01297,58,6020.85799
79.525361,126,6022.872296
87.034801,112,6024.720153
85.999667,105,6026.350862
89.029705,100,6027.922175
78.143601,86,6029.281521
13.667937,41,6030.013898
89.656732,107,6031.675094
19.000884,46,6032.453236
86.161113,100,6035.985759
85.943499,120,6038.094637
78.48048,87,6039.536283
11.133897,29,6039.997621
88.927604,109,6041.842908
24.870337,52,6042.817287
81.974196,88,6044.223094
89.054211,108,6045.936497
82.735645,102,6047.64111
89.099267,97,6049.228553
32.255608,53,6050.056125
28.213461,48,6050.832449
82.208082,98,6052.458305
54.496907,97,6054.043503
79.994011,115,6055.854411
89.863637,98,6057.367472
72.498996,118,6059.230781
50.307629,87,6060.636718
77.068618,131,6062.815437
85.605665,117,6064.818683
56.294004,75,6066.09712
86.919076,93,6069.448505
85.941433,115,6071.259635
82.170837,93,6072.743974
89.185652,91,6074.255904
86.249255,102,6076.049059
40.553354,70,6077.18006
90.021951,91,6078.638478
18.793025,32,6079.163354
76.244552,112,6081.033736
39.655357,54,6081.846981
70.454646,79,6083.121556
20.449337,34,6083.699865
88.941909,126,6085.714706
86.302686,108,6087.375184
85.151005,89,6088.805229
84.583163,99,6090.540511
85.982624,86,6091.953207
-1.32314,14,6092.194902
81.931055,86,6093.532779
86.191647,90,6095.027475
86.168069,111,6097.008063
49.690029,72,6098.275393
82.193675,99,6099.882645
31.557431,63,6100.877744
88.873476,118,6104.713961
12.815018,29,6105.178544
36.534739,54,6106.053607
82.148949,99,6107.604375
86.677819,132,6109.829754
74.131881,92,6111.339702
83.169767,105,6113.025515
83.053905,125,6115.023258
82.093363,90,6116.56648
86.099836,125,6118.555457
83.519999,100,6120.148134
36.808759,57,6121.045725
83.502462,102,6122.760988
65.369685,91,6124.214597
83.015321,123,6126.48238
85.99166,124,6128.508301
72.450518,102,6130.203267
89.207841,98,6131.751855
86.912195,132,6133.888399
56.828182,106,6137.12604
82.682283,189,6140.106045
79.553535,97,6141.624789
77.820674,81,6142.896291
82.521837,117,6144.916137
82.337807,102,6146.695056
79.349175,110,6148.451047
83.229981,111,6150.264651
31.881821,55,6151.144167
48.715768,72,6152.453291
88.817042,124,6154.426328
82.246042,90,6156.135393
87.612827,116,6158.141058
89.154312,91,6159.758801
85.707492,92,6161.393525
89.05137,122,6163.502409
88.830271,116,6165.329191
-7.01981,6,6165.505424
25.042119,50,6166.298443
89.300731,116,6168.16371
80.557464,101,6171.600133
89.026606,121,6173.499104
88.927082,134,6175.580398
85.652503,112,6177.394958
2.508384,22,6177.751878
-2.396138,9,6177.993603
86.395372,121,6179.960526
69.053985,218,6183.166237
89.326157,110,6184.989684
86.396897,100,6186.850491
86.216876,101,6188.526908
77.803301,94,6190.026736
56.977256,91,6191.57298
77.921839,86,6192.994161
73.604466,122,6194.876534
72.918907,211,6197.988471
80.875624,217,6201.258659
85.881153,87,6202.708985
42.653915,290,6208.898703
72.710361,255,6212.801237
51.727403,169,6215.428672
3.042687,50,6216.378526
20.925152,75,6217.664928
46.437642,136,6219.81345
19.756846,95,6221.311989
84.700794,384,6226.800732
89.59133,101,6228.433968
82.871888,104,6230.078632
60.75958,86,6231.415502
85.768247,109,6233.191473
83.46552,130,6235.403155
86.22795,100,6237.004794
45.624376,66,6239.98581
86.2603,106,6241.744204
85.316918,90,6243.275793
11.343728,28,6243.742445
82.574226,93,6245.351959
88.801684,120,6247.53339
27.569659,58,6248.469918
6.534886,30,6249.019127
50.155798,85,6250.409136
79.927494,120,6252.405313
10.670324,35,6252.985598
15.018866,46,6253.717408
86.905315,157,6256.191932
83.352823,305,6260.613299
4.807587,114,6262.376566
2.807677,20,6262.708452
13.461406,57,6263.609207
79.301715,114,6265.490192
34.164184,87,6266.867783
-2.853292,9,6267.029282
48.535272,500,6275.744651
85.923942,126,6277.893252
62.029721,157,6280.45386
73.168741,116,6282.304836
52.238067,279,6286.302382
59.927133,131,6288.50698
2.522221,24,6288.930116
37.230956,74,6290.197788
50.409199,99,6291.707028
83.835388,113,6293.596021
61.833192,102,6295.260061
9.0,20,6295.569753
8.778884,35,6296.144656
44.736362,93,6297.661407
15.883369,35,6298.242568
-2.108922,12,6298.453469
85.80427,115,6300.24867
69.186333,259,6304.189456
30.150506,56,6305.1544
67.619375,120,6308.960164
-9.16,1,6309.032733
73.775361,275,6313.049348
28.92605,41,6313.784731
8.701388,24,6314.215882
83.559395,137,6316.461617
88.861582,130,6318.600508
71.875863,110,6320.339788
46.365688,91,6321.763939
86.104296,133,6323.907129
69.683382,354,6328.895344
-6.934311,15,6329.16605
36.781921,93,6330.682799
79.046374,123,6332.663153
-4.02602,8,6332.898622
62.499643,107,6334.781635
4.705379,20,6335.124743
78.908997,126,6337.255543
77.914451,102,6339.029817
-8.185578,3,6339.105238
74.054606,103,6342.689695
58.523377,262,6346.669537
83.344965,143,6349.113822
82.854165,92,6350.690544
9.62374,29,6351.188753
65.076608,102,6352.944504
74.814942,100,6354.709294
21.996562,86,6356.149124
86.515156,158,6358.710525
5.405871,26,6359.197884
20.970169,215,6362.650411
-10.0,1,6362.684189
82.834945,100,6364.455328
10.809681,41,6365.229784
10.328834,22,6365.685238
83.316851,100,6367.32176
76.106294,109,6369.178451
81.764079,88,6370.775051
8.036905,33,6371.406326
66.619335,84,6372.988054
42.842516,115,6376.735166
86.446639,115,6378.701596
3.084367,15,6379.027612
12.800143,41,6379.763918
86.169401,185,6382.874373
86.721572,106,6384.660386
89.576952,93,6386.369818
78.199876,105,6388.189777
22.698288,65,6389.345153
-7.4,5,6389.461133
17.905033,91,6391.151771
79.135048,127,6393.331846
39.041825,169,6395.927343
38.020721,500,6402.827815
81.991283,91,6404.314258
84.048762,260,6410.065961
10.305808,38,6410.681891
28.038088,131,6412.696415
82.677426,353,6417.829604
85.439517,242,6421.43274
80.07798,132,6423.749361
4.526406,17,6424.078064
24.62433,224,6427.674894
55.877092,199,6430.719475
30.165789,58,6431.627478
79.18108,226,6434.974743
79.480581,192,6437.910446
22.061446,172,6440.516996
20.66049,32,6441.005526
88.929792,219,6446.253177
-10.0,1,6446.357202
19.120491,311,6450.886014
9.248831,58,6451.822286
56.59141,73,6453.023718
-4.565962,13,6453.34278
81.885574,214,6456.730997
87.188378,107,6458.50977
61.48731,299,6462.781568
19.458616,44,6463.560747
49.42703,88,6464.918086
85.918564,118,6466.834839
59.400792,93,6468.281828
38.171473,85,6469.681291
83.669098,99,6471.199112
87.547955,114,6472.978467
83.251416,115,6474.782966
14.373983,42,6475.513757
11.318856,33,6477.905237
6.891016,35,6478.468943
64.060132,135,6480.552911
82.465229,108,6482.429566
51.220781,88,6483.885155
85.992921,127,6485.941026
81.549332,98,6487.514042
82.805332,109,6489.364832
7.375183,36,6489.979994
69.547103,108,6491.798133
86.462064,93,6493.369022
21.510534,56,6494.334957
83.265708,225,6497.710437
88.853829,128,6499.754181
89.196883,111,6501.473112
36.809402,82,6502.797305
16.592971,45,6503.495695
66.343538,228,6506.947673
85.603893,90,6508.37133
82.280774,110,6512.15363
85.408915,188,6515.248191
18.699532,52,6516.118053
83.010648,130,6518.174547
6.223578,141,6520.433859
82.902341,124,6522.409229
20.779341,33,6522.97361
85.346104,131,6525.145762
-0.795566,15,6525.479006
76.568975,175,6528.222534
66.973765,106,6529.845592
81.553854,155,6532.23348
86.475888,117,6534.252529
74.377208,118,6536.188178
85.993471,136,6538.374455
25.049286,51,6539.186947
85.537455,166,6542.122025
85.797242,104,6543.873468
86.312916,184,6548.560244
16.348024,144,6550.776914
16.688249,34,6551.398526
74.859417,82,6552.715357
35.334626,69,6553.856241
88.619992,268,6557.760422
75.462468,98,6559.394669
-10.0,1,6559.423719
83.091023,149,6561.838264
79.855723,179,6564.565097
82.294131,87,6566.041046
76.669592,148,6568.354017
27.950304,61,6569.307678
83.202609,177,6572.257186
81.930104,109,6574.117429
51.26821,225,6577.391309
39.868927,69,6580.449159
89.090882,138,6582.599609
85.775304,128,6584.750834
74.930061,106,6586.482253
78.459044,85,6587.796828
85.832107,134,6589.976602
82.304455,96,6591.467339
73.982175,117,6593.209392
89.203531,102,6594.805715
85.1249,96,6596.321057
82.365001,114,6598.192347
80.593268,118,6600.02706
85.348662,169,6602.847751
86.957454,135,6605.023186
37.770363,69,6606.201075
76.761016,121,6608.238019
88.379065,178,6610.98935
-5.236805,7,6611.145017
47.105237,104,6614.830913
88.946846,125,6616.923693
89.129279,110,6618.708221
88.708521,125,6620.822328
83.725977,135,6623.115606
-7.36,6,6623.229532
86.225712,114,6625.031361
83.395762,127,6626.99875
82.606477,115,6628.864943
4.931321,33,6629.420353
33.533099,53,6630.209272
86.152049,114,6632.023847
59.230836,99,6633.71966
84.784206,342,6638.643375
75.500798,102,6640.277687
79.982695,120,6642.16184
-3.122891,14,6642.493383
78.655535,344,6649.407665
5.323417,125,6651.460721
78.546769,92,6653.004876
41.195955,339,6658.213183
85.793506,118,6659.972242
81.771909,104,6661.68328
67.071968,188,6664.656745
56.313659,131,6666.661587
22.888037,47,6667.407797
81.587506,127,6669.386659
86.398616,114,6671.201372
33.490137,58,6672.154113
88.848048,148,6674.423174
1.632637,16,6674.695998
79.94798,120,6676.604977
52.492122,99,6678.238457
33.770491,107,6679.988311
89.446751,92,6683.573252
83.957977,266,6687.58728
88.977912,130,6689.920572
42.721511,250,6693.813056
85.426933,141,6696.168923
89.173488,127,6698.038856
80.293832,236,6701.470645
85.277553,98,6703.006062
86.464951,191,6705.792916
78.765514,156,6708.113804
70.480653,211,6711.319901
88.967369,195,6714.210557
82.91004,111,6718.07149
30.374029,71,6719.219173
46.542522,75,6720.529585
89.191833,206,6723.995974
46.266201,127,6726.087126
85.492724,115,6727.858871
78.469169,105,6729.540724
10.580597,31,6730.071767
59.770329,142,6732.226103
85.894164,110,6733.903289
23.686042,55,6734.840389
0.637298,16,6735.098599
53.907621,104,6736.630922
59.015686,99,6738.100164
6.800684,19,6738.476888
85.310817,112,6740.141081
86.491886,106,6741.807993
88.932364,138,6744.054375
86.013146,129,6746.18283
86.454389,116,6748.036014
14.122241,34,6748.574841
3.938936,25,6749.019373
86.388209,104,6753.139145
11.947046,59,6754.194272
82.794788,104,6756.046337
89.686367,99,6757.694731
85.268078,91,6759.209255
86.176366,108,6760.85734
89.54011,103,6762.406583
56.772293,84,6763.791895
24.711575,57,6764.737398
73.858395,124,6766.713942
55.107287,97,6768.226682
89.115969,113,6769.952085
13.473379,27,6770.451199
82.936034,117,6772.22798
86.519342,126,6774.233109
86.015972,124,6776.125429
86.178059,121,6778.166751
45.707769,83,6779.493638
65.398059,80,6780.845275
85.541526,108,6782.675156
78.353573,117,6786.85026
19.032995,34,6787.49068
89.326354,106,6789.270829
-1.953457,20,6789.628823
6.659527,20,6790.032124
88.906649,138,6792.3582
88.823099,132,6794.408398
2.176463,14,6794.626024
89.297609,117,6796.4795
88.583305,155,6798.886952
27.080017,61,6799.844708
89.062709,151,6802.143051
85.984419,105,6803.787652
1.578255,17,6804.091484
78.80096,106,6805.746462
27.476526,59,6806.709463
85.477099,105,6808.388307
85.156439,100,6809.906003
50.818462,95,6811.502314
88.75562,127,6813.820359
86.290076,122,6815.914202
2.180883,23,6816.327842
22.038935,45,6817.06451
88.830439,116,6821.012438
78.749403,119,6822.979406
83.190963,99,6824.533888
85.711336,104,6826.170457
12.290501,24,6826.572646
88.916453,120,6828.672461
83.482306,126,6830.705927
80.133214,104,6832.33508
-2.913104,12,6832.54381
83.538702,114,6834.381285
13.188822,26,6834.823607
85.786953,115,6836.64014
25.329861,57,6837.51514
85.402114,106,6839.303697
14.581338,36,6839.893557
78.659955,102,6841.694884
79.510589,95,6843.251382
85.702087,88,6844.687926
-4.754621,7,6844.826229
81.384202,83,6846.109798
86.271598,108,6847.801173
-8.44,4,6847.963489
79.690977,154,6850.309646
32.54738,59,6851.269944
88.849461,121,6855.275864
62.921844,81,6856.64427
57.729118,77,6857.869135
86.034093,107,6859.581079
82.224797,98,6861.152548
78.354976,84,6862.599369
15.76106,38,6863.184707
6.486859,30,6863.66638
26.551726,53,6864.462672
85.536793,94,6866.013386
85.41053,313,6870.485587
2.07987,71,6871.683208
88.850755,188,6874.720551
88.806541,191,6877.788662
6.686018,39,6878.511694
81.569208,209,6881.653433
84.795431,282,6885.704871
62.762311,184,6890.724299
88.826351,225,6894.111867
3.138098,71,6895.320077
26.502771,297,6899.393886
20.93332,57,6900.301017
77.046736,328,6905.01435
31.236548,253,6908.916889
85.011599,229,6912.448188
49.600027,162,6914.947278
6.650573,70,6916.072292
8.183153,408,6923.783925
6.081763,146,6926.113629
87.836703,336,6930.790176
43.413237,65,6931.825069
34.60612,74,6933.111839
81.701643,170,6935.856942
69.986911,218,6939.229204
78.717792,99,6940.840149
85.636111,126,6942.842598
-7.36,6,6942.985935
71.08783,282,6947.115137
28.844118,264,6950.950834
56.705568,144,6953.168893
-9.028487,2,6953.235307
52.216103,359,6960.396378
83.641536,450,6966.686757
22.900212,57,6967.577632
86.074072,102,6969.21546
88.846367,129,6971.266135
81.831871,134,6973.299855
22.607202,50,6974.140726
89.153852,113,6976.112195
51.923125,122,6978.102118
81.92373,102,6979.717608
83.77199,127,6981.710904
78.887107,148,6983.924454
82.794989,127,6985.99013
82.077984,101,6987.633686
66.424554,86,6988.971147
85.542067,190,6994.191564
82.350427,103,6995.995171
11.590837,36,6996.589021
82.790779,127,6998.653746
81.900831,92,7000.041269
80.144454,90,7001.486519
73.90312,99,7002.9651
9.098096,26,7003.361057
85.858728,121,7005.169278
82.749779,116,7007.035259
79.279879,98,7008.693166
0.491054,15,7008.956995
78.323077,97,7010.549421
18.029701,39,7011.237021
82.445171,97,7012.748844
85.391996,106,7014.413158
85.706514,89,7015.777683
88.752587,121,7017.880099
86.345158,125,7019.83741
86.221226,94,7021.576602
86.242676,139,7023.908638
46.998556,72,7027.228976
16.472658,37,7027.881135
74.468082,136,7030.07074
85.860928,117,7031.951802
88.993032,140,7034.175843
78.20078,94,7035.700358
1.498293,16,7035.964144
85.953045,106,7037.668587
82.872201,138,7039.931834
79.3436,102,7041.527062
59.100845,116,7043.571457
86.223865,111,7045.350213
88.848586,116,7047.302404
77.069629,139,7049.457695
85.622784,148,7052.003324
73.319586,175,7054.696538
82.78697,167,7057.390455
85.685592,111,7061.271649
88.691934,142,7063.603333
82.074532,101,7065.27962
82.685433,109,7067.096232
81.706063,123,7068.95852
76.919908,104,7070.58854
82.550607,140,7072.762389
85.782294,146,7075.151564
58.0,69,7076.162953
86.13156,129,7078.213079
33.137899,60,7079.118917
24.250233,54,7080.019133
62.773612,99,7081.712923
61.535896,299,7086.129804
75.408682,95,7087.688269
18.206966,34,7088.322533
38.37618,63,7089.328886
36.488329,228,7092.788195
85.034856,157,7097.30122
45.764514,127,7099.407968
63.582135,104,7101.029473
86.100659,116,7102.790756
63.326566,109,7104.461431
86.828264,144,7106.741347
89.086069,154,7109.149894
58.906539,138,7111.57345
11.997503,42,7112.318889
86.377683,105,7114.175025
82.707979,113,7115.978278
88.719039,127,7117.948184
75.404385,151,7120.275061
86.478726,133,7122.612988
88.919502,113,7124.397223
86.02465,118,7126.323384
76.690694,107,7130.065425
-8.145819,3,7130.218638
86.048332,143,7132.459568
86.657072,117,7134.386479
78.858244,99,7135.893096
28.000802,181,7138.574555
66.366115,106,7140.135152
85.474029,94,7141.694659
45.806105,59,7142.625921
88.922554,137,7145.044662
89.291018,103,7146.716091
85.614212,166,7149.360767
85.706963,399,7154.984941
86.327789,124,7157.016243
82.125174,87,7158.395238
-10.0,1,7158.45121
14.358163,44,7159.175375
35.715622,60,7160.333894
86.075982,116,7164.241988
88.819405,148,7166.605778
2.93241,17,7166.890517
85.249261,170,7169.598034
83.937052,206,7172.766868
85.628756,189,7175.641377
87.451906,244,7179.247238
85.891341,131,7181.36594
82.885158,108,7183.016833
89.109068,98,7184.511317
35.45863,55,7185.385649
89.817805,96,7186.968171
25.928542,43,7187.66173
86.110832,121,7189.546837
85.836504,128,7191.560403
-9.16,1,7191.673221
29.111019,63,7192.711014
88.991736,116,7194.731124
86.249932,140,7199.171485
83.182594,136,7201.484762
20.590316,46,7202.34974
89.499458,112,7204.202947
85.608583,101,7205.837766
75.946522,93,7207.320356
83.252221,134,7209.326619
84.405984,92,7210.723237
13.2583,41,7211.445368
12.169744,25,7211.972948
32.144713,59,7212.935147
-7.6,4,7213.041685
-1.674557,12,7213.25542
88.88148,146,7215.508108
85.036512,105,7217.151318
83.671018,132,7219.175178
38.995493,54,7219.985286
83.216695,113,7221.840242
27.566722,63,7222.862018
23.620069,41,7223.566906
86.490951,114,7225.56231
85.868043,147,7228.097023
54.237633,108,7230.060804
85.952577,108,7233.927214
57.931511,335,7238.697031
89.01517,143,7240.995202
72.37286,179,7243.588628
86.177746,120,7245.51377
6.997615,32,7246.050862
78.645455,100,7247.760236
86.081368,165,7250.282004
33.4199,81,7251.679288
86.501071,352,7256.646894
13.213413,34,7257.288506
86.587058,317,7261.980381
87.99265,125,7263.980664
58.580259,135,7268.402604
60.773755,123,7270.36766
-7.4,5,7270.468284
-10.0,1,7270.499122
31.125446,89,7271.920108
89.249007,91,7273.308993
82.821945,225,7276.640929
88.92165,115,7278.518486
25.0,36,7279.057925
80.805395,243,7282.864918
84.946571,116,7284.693242
82.776728,275,7288.701234
36.83968,281,7292.905123
21.450854,135,7295.268098
88.991635,89,7296.573361
-1.818406,24,7296.968676
21.565221,40,7297.627181
50.87216,81,7298.993544
38.86455,110,7302.793442
81.621157,370,7307.849819
10.680988,95,7309.341165
19.661709,37,7310.01572
82.889621,91,7311.44048
42.195551,294,7315.732054
24.843839,44,7316.416364
82.857531,180,7319.257785
-5.41011,6,7319.361032
13.316565,29,7319.814496
44.482744,162,7322.463947
-3.114339,10,7322.704422
21.444665,54,7323.60744
68.911886,206,7326.686675
66.975584,192,7329.675963
89.244889,101,7331.489637
87.349194,361,7338.47387
86.153759,133,7340.546888
89.501958,113,7342.280152
-4.216172,10,7342.564336
14.646483,42,7343.231071
58.250664,176,7345.899418
88.569964,395,7351.578931
85.860408,265,7355.585271
83.239275,131,7357.651742
78.359751,100,7359.317426
80.154426,168,7361.986076
82.1466,182,7364.779192
55.242098,202,7369.837677
48.770709,122,7371.723879
-1.376458,11,7371.902826
74.534851,500,7379.013957
88.755283,391,7384.854905
85.550111,115,7386.63824
81.562658,88,7388.011741
2.683947,18,7388.364579
88.892907,114,7390.253436
62.007957,140,7392.45974
81.210227,155,7394.884223
81.268582,500,7403.839586
83.532497,228,7407.179323
52.781674,407,7413.011185
37.153198,106,7414.78383
34.0,45,7415.569135
86.237167,189,7418.474231
-6.0,5,7418.59096
82.967669,129,7420.584265
18.496141,49,7421.452996
79.445527,119,7423.372247
88.765049,127,7425.359535
71.570941,85,7426.699884
71.346808,125,7428.740103
65.905132,107,7430.414175
88.960149,111,7432.135289
85.091073,130,7434.215078
89.161246,129,7438.241062
89.814512,95,7439.786001
-0.749268,15,7440.048649
58.630349,81,7441.30161
8.200933,37,7442.01191
74.391809,129,7444.281722
88.846142,115,7446.111603
86.872952,126,7448.130489
89.697562,97,7449.81847
85.222637,97,7451.398658
83.95102,110,7453.238016
39.0,50,7454.040674
42.222892,77,7455.368992
-3.235483,8,7455.517082
-1.92669,12,7455.717914
46.293336,69,7456.792558
15.98576,27,7457.305839
47.372928,87,7458.712516
87.788294,117,7460.561903
89.162643,122,7462.469557
86.720725,131,7464.645612
8.891363,28,7465.1254
59.318994,125,7467.045124
85.628898,105,7468.702991
82.619327,87,7472.206486
82.550107,117,7474.226499
85.755762,96,7475.805189
25.33398,56,7476.697933
89.676586,113,7478.584758
88.78963,138,7480.965949
89.619579,109,7482.823344
89.131107,110,7484.641216
82.703833,106,7486.459971
80.220149,253,7490.108256
28.002703,56,7490.97328
-6.181591,6,7491.078522
36.214683,84,7492.500503
88.698533,131,7494.569312
86.337941,127,7496.559579
88.529382,210,7499.622285
79.236569,110,7501.527962
88.827902,116,7503.424924
89.31697,132,7507.561532
-8.44,4,7507.64173
16.414643,29,7508.189193
75.947073,138,7510.333833
81.904151,96,7511.852071
88.936424,133,7514.068981
83.4752,116,7515.939537
88.999111,130,7518.257555
-7.363499,14,7518.53055
26.046569,50,7519.346516
86.097733,93,7520.915428
78.809935,92,7522.36937
5.325362,25,7522.841173
86.250039,128,7525.02867
26.92285,42,7525.742924
88.860749,111,7527.527549
78.991843,88,7528.9645
19.23477,47,7529.749071
57.524857,100,7531.460522
-5.8042,11,7531.636745
86.39342,117,7533.571911
82.59289,101,7535.188504
15.665779,40,7535.952092
-2.440955,11,7536.152381
3.869544,19,7536.44657
47.003704,75,7537.628563
86.186426,98,7541.225135
89.45468,105,7542.870306
85.999782,206,7546.003996
12.241967,54,7546.871535
23.659366,39,7547.571358
86.062097,95,7549.051913
88.950934,114,7550.838214
54.664643,160,7553.398208
79.145842,206,7556.551651
79.910775,126,7558.542064
88.879688,131,7560.594009
28.311512,48,7561.452111
83.384971,117,7563.471687
1.902547,13,7563.682363
86.522726,111,7565.60078
-3.962233,15,7565.862864
82.092682,91,7567.392045
82.063635,94,7568.8789
84.767955,100,7570.44247
14.49472,28,7570.901097
16.494093,28,7571.437291
29.924903,60,7572.379886
85.232229,110,7576.187251
85.703144,105,7577.930136
12.192593,29,7578.484601
38.804839,65,7579.552663
49.420512,78,7580.846828
80.249635,100,7582.514395
89.954467,93,7584.22583
89.269921,132,7586.455665
41.294682,81,7587.92519
85.914937,118,7589.96141
83.415413,130,7592.213423
88.935715,120,7594.208607
82.338998,122,7596.245394
86.104301,105,7598.117103
54.242655,106,7600.009922
15.31982,40,7600.726622
82.121015,120,7602.751194
89.579994,97,7604.408541
12.87731,25,7604.909801
89.028039,128,7609.094254
76.094738,92,7610.712142
83.536458,119,7612.751605
85.15169,96,7614.420887
36.53992,62,7615.466337
82.650317,121,7617.583569
82.807943,396,7623.649255
85.820092,96,7625.327775
88.786395,128,7627.424987
81.450761,102,7629.148024
86.440654,99,7630.778136
-7.6,4,7630.953792
85.406629,110,7632.765893
89.712658,90,7634.172379
58.092699,93,7635.635987
61.259042,90,7637.080163
89.096137,161,7639.599229
85.13373,176,7644.385885
85.850375,127,7646.491546
86.002208,98,7648.09959
82.750558,123,7650.060788
86.747945,116,7651.931972
83.183123,109,7653.682347
89.561506,116,7655.516088
86.591745,112,7657.314079
88.939016,345,7662.39286
86.64956,99,7664.019004
-6.5569,5,7664.172096
83.007977,110,7665.941681
10.52104,28,7666.427395
86.120827,136,7668.529797
81.832184,107,7670.269206
17.854681,81,7671.52962
81.793733,105,7673.17976
-0.211824,11,7673.370291
85.945679,108,7675.156864
53.75808,77,7678.507856
24.607697,60,7679.459892
14.943385,41,7680.111688
89.073278,116,7682.012985
54.502177,155,7684.385338
61.256228,194,7687.368284
88.645955,139,7689.571222
-5.125802,6,7689.790355
13.0,24,7690.204013
-6.203622,5,7690.325701
86.63674,109,7692.384013
52.141023,85,7693.932415
89.880624,95,7695.439257
-3.416805,10,7695.632244
80.428007,142,7697.828333
89.178382,226,7701.330818
66.963424,99,7702.92386
82.749172,179,7705.754333
-7.453654,9,7705.911937
78.478188,92,7707.528177
32.893932,70,7708.697966
89.484863,108,7712.189992
86.50401,97,7713.68456
-0.93641,11,7713.96513
-7.681847,6,7714.068022
76.578482,136,7716.198721
82.654696,97,7717.738627
50.074797,102,7719.422273
-9.32,2,7719.490757
88.704594,122,7721.521972
86.807476,105,7723.250419
44.829033,64,7724.364526
48.096877,95,7725.836923
84.995506,112,7727.565173
26.124113,63,7728.594086
88.916927,105,7730.282231
44.304411,276,7734.251582
21.218982,41,7734.966276
0.588211,22,7735.334917
1.962412,29,7735.860052
89.097423,107,7737.549893
86.840987,158,7740.028531
85.137785,134,7742.188772
89.144357,120,7745.934916
84.99183,291,7750.222194
82.323398,115,7752.111037
85.937678,101,7753.777498
82.411847,106,7755.536777
-6.227966,5,7755.631269
85.251796,111,7757.512648
88.655769,129,7759.550632
36.907915,113,7761.455806
27.648302,67,7762.477396
35.82047,79,7763.753767
85.615272,115,7765.673414
38.058267,65,7766.803162
89.072008,123,7768.81179
86.222259,116,7770.725029
62.296727,114,7772.661097
83.310465,196,7775.851855
-8.0,3,7775.924543
13.720095,44,7776.619418
82.923456,103,7780.360662
19.146272,49,7781.283765
86.126363,104,7782.97868
-7.711753,7,7783.132042
85.05376,134,7785.233877
51.403366,75,7786.493549
16.1107,41,7787.131265
33.35133,91,7788.548233
31.008745,59,7789.486196
85.291849,199,7792.519973
12.308473,92,7793.954485
-6.95198,8,7794.101533
-0.025908,11,7794.277527
85.877338,127,7796.424242
61.298398,116,7798.228329
3.1358,26,7798.701036
35.899086,54,7799.573195
14.437685,44,7800.363178
80.417715,139,7802.521864
46.382757,168,7805.193619
89.554077,100,7806.813196
48.109182,170,7809.67733
13.418796,34,7810.288097
85.64079,97,7811.835538
85.625336,102,7815.431821
-5.308202,6,7815.613856
81.485333,257,7819.378608
-3.382132,12,7819.587889
72.673419,454,7825.929279
89.213918,125,7827.88199
83.027559,108,7829.535413
50.83038,77,7830.734562
36.861028,62,7831.733533
64.071108,95,7833.335286
88.71811,135,7835.475247
79.990971,147,7837.78617
25.287597,268,7842.009805
4.572808,177,7844.822143
89.444148,106,7848.484776
41.831862,139,7850.633583
46.586189,323,7855.204078
86.18424,118,7857.155674
51.792587,66,7858.227834
13.419358,219,7861.442193
85.450688,201,7864.581232
22.219149,121,7866.646113
20.285151,49,7867.425118
18.929933,70,7868.507195
4.704771,35,7869.132014
86.146433,121,7871.263158
85.068479,161,7873.902444
71.892853,143,7876.144599
22.946915,85,7877.70618
0.294003,34,7878.318309
85.017995,178,7883.044303
24.828538,163,7885.473919
81.102681,181,7888.278127
85.654003,96,7889.841807
-7.74529,12,7890.042237
86.433762,198,7892.984742
68.79412,479,7899.543038
33.598851,210,7903.034941
11.487456,25,7903.458788
86.412137,124,7905.461732
85.191731,102,7907.062201
2.622011,21,7907.495794
88.803138,122,7909.559377
85.861747,107,7911.491224
86.086896,108,7913.257972
78.210645,81,7914.601431
83.004995,105,7918.235748
-0.325408,13,7918.450063
36.826833,71,7919.583135
82.972042,107,7921.357705
82.558785,91,7922.915694
72.43893,108,7924.643698
79.735288,111,7926.346208
30.687727,52,7927.200559
83.277102,122,7929.031831
85.864829,101,7930.758397
7.744772,26,7931.3357
32.784316,48,7932.21221
82.036844,118,7934.066586
59.670438,116,7935.867755
31.734193,69,7936.978174
6.314829,30,7937.542633
47.617162,85,7938.779712
79.540036,102,7940.46008
82.991161,97,7942.0124
14.423589,39,7942.779068
17.534967,40,7943.482175
89.274091,106,7945.2253
81.743857,83,7946.503912
76.814812,125,7948.532621
71.949303,110,7952.249455
79.295169,111,7953.965492
40.952487,89,7955.397955
47.074908,94,7957.134266
5.82125,25,7957.576787
75.187596,112,7959.389664
-6.966552,13,7959.62522
82.168705,86,7961.019528
73.278986,97,7962.695931
-0.194721,12,7962.888948
31.71561,60,7963.862023
78.637512,87,7965.275947
45.280221,97,7966.80097
1.470038,18,7967.126154
13.60646,25,7967.565445
85.805995,120,7969.531224
70.709687,80,7970.799892
74.003167,123,7972.74587
77.956129,137,7974.919304
84.697014,287,7979.295029
86.866363,141,7981.586389
83.173192,105,7983.191649
67.263776,127,7987.181543
2.447184,15,7987.533722
88.793043,124,7989.519334
80.933555,103,7991.198898
33.304844,63,7992.261667
80.407646,111,7994.170695
45.890679,107,7995.866024
54.109996,79,7997.183321
74.638266,101,7998.761657
-6.626449,13,7999.074592
36.945749,72,8000.196417
-9.96,6,8000.332788
-7.227099,9,8000.496078
82.278933,87,8001.913346
78.607584,96,8003.362439
73.107558,101,8004.88479
49.974575,90,8006.305665
70.64586,97,8007.934181
-3.084576,23,8008.302818
22.591235,116,8010.117452
-0.281145,27,8010.584601
46.819624,84,8012.042074
-5.129331,6,8012.169129
53.253486,99,8013.864546
25.452266,51,8014.889322
68.054975,82,8016.549656
21.125303,43,8017.379126
80.056331,96,8021.50367
90.123596,89,8023.210099
21.711684,40,8024.062295
85.90423,107,8026.004314
29.611051,171,8029.005314
3.188287,77,8030.207163
66.131224,92,8031.800573
80.483261,171,8034.493848
70.390558,107,8036.219049
23.795935,45,8036.935525
28.665698,73,8038.160829
85.277884,107,8039.935764
86.271231,102,8041.663459
64.074991,452,8048.582167
77.212445,109,8050.674335
46.906998,195,8056.117479
76.273882,149,8058.628335
83.74555,196,8061.6485
56.269981,68,8062.782447
-7.96,3,8062.875385
84.642471,180,8065.559209
54.133632,78,8066.807558
71.745309,111,8068.652885
54.389011,76,8069.993104
-7.36,6,8070.101655
55.595194,415,8076.685243
51.622186,74,8078.163665
85.972178,163,8081.178596
84.761683,112,8083.228067
17.799526,55,8084.480335
57.476478,114,8088.57479
86.019671,127,8090.722193
84.073508,114,8092.603212
42.237768,67,8093.703709
-3.38203,10,8093.929534
72.454563,128,8095.995034
-7.4,5,8096.096646
82.487459,98,8097.688462
80.148844,111,8099.484173
83.117233,97,8101.00317
85.863793,109,8102.778898
89.720602,102,8104.391912
12.234909,33,8104.99115
83.497432,114,8106.816328
24.739961,49,8107.61205
82.535321,101,8109.243165
82.720843,107,8111.314384
-6.321781,8,8111.483805
86.143421,106,8113.514402
88.810593,149,8115.981794
83.547007,110,8117.809379
8.278589,35,8118.418629
-5.164209,6,8118.535382
82.869052,96,8122.355276
81.714987,85,8123.86943
88.371591,175,8126.925295
81.857763,152,8129.431479
9.706115,148,8131.805405
85.966632,98,8133.578459
82.255264,108,8135.490666
85.39514,118,8137.477354
55.353229,352,8143.16733
86.162791,86,8144.563368
39.335015,61,8145.661326
89.587449,146,8148.151092
81.884417,202,8151.612165
83.16465,255,8157.632527
89.218721,235,8161.214309
83.962974,254,8164.97602
73.700529,205,8167.945981
79.237295,110,8169.794038
75.52757,114,8171.678867
90.093175,90,8173.431482
31.259964,65,8174.464832
59.27292,119,8176.462932
80.639627,127,8178.597914
-8.240808,3,8178.684786
63.885483,99,8180.479601
86.060308,122,8182.711177
41.406379,69,8183.979152
66.614478,105,8185.870842
72.5777,91,8187.416574
79.126025,114,8191.676577
81.28341,88,8193.392932
-9.32,2,8193.473945
61.869075,101,8195.521938
32.846651,46,8196.663382
79.670682,118,8199.109958
78.405301,105,8201.205554
88.718526,142,8204.001423
85.932657,113,8206.090868
85.749967,95,8207.697785
72.949554,122,8209.892741
83.407256,148,8212.516586
51.473651,94,8214.427188
88.89877,108,8216.498686
85.393851,112,8218.71234
89.323306,95,8220.520352
86.50019,136,8224.653485
9.988201,199,8228.511387
14.372256,42,8229.389547
-7.919493,8,8229.578785
86.321939,114,8231.961451
44.707701,191,8235.329859
35.486987,93,8236.978161
14.116058,128,8239.175287
86.115334,156,8242.014493
78.692989,107,8243.921371
84.163409,116,8246.053313
89.560759,93,8247.779058
34.745122,176,8251.20586
58.399081,178,8254.337813
64.135049,343,8260.534228
82.133681,261,8265.033645
18.354886,42,8265.886092
89.100793,137,8268.370578
85.353141,128,8270.613984
88.554598,156,8273.392947
2.591974,15,8273.760771
47.597114,77,8275.167674
33.411721,72,8276.480249
14.952589,34,8277.149742
66.215669,94,8278.813536
82.894609,207,8282.447432
83.014662,109,8284.554401
2.786387,24,8285.038222
85.312852,186,8288.431682
16.965802,49,8289.390986
-8.302888,3,8289.482665
-5.621982,7,8290.445458
83.240654,168,8293.916078
88.878521,127,8296.302023
31.779655,96,8298.058272
85.718619,337,8303.56917
14.908192,91,8305.233701
70.439813,289,8310.162917
84.216283,149,8312.810533
85.824975,101,8314.595171
-7.127334,5,8314.782592
65.618558,402,8321.440899
87.554727,235,8326.479804
32.994373,95,8328.209871
86.095482,119,8330.521771
18.735512,112,8332.556226
37.937716,96,8334.371408
86.285946,344,8340.180272
20.23029,93,8342.020638
-7.36,6,8342.178251
79.18678,113,8344.286254
44.933433,126,8346.612098
1.917102,24,8347.136353
35.480712,88,8348.810873
85.931863,109,8350.989139
23.788672,45,8351.883842
78.457171,102,8353.953166
13.676156,34,8354.607106
14.666062,31,8355.228956
85.740577,110,8358.107949
30.63991,59,8359.286867
86.233636,161,8362.247853
87.292324,253,8366.530447
29.297271,56,8367.589311
13.652382,28,8368.18053
89.127101,110,8370.188576
88.89819,138,8372.771675
-5.962302,18,8373.130776
28.351161,56,8374.285676
89.118668,115,8376.431408
29.078093,58,8377.461221
88.876403,129,8379.911818
81.952295,122,8382.372463
36.400833,60,8383.664935
86.201528,128,8386.117063
-3.494261,10,8386.336592
80.197981,116,8388.663393
89.186499,115,8391.509613
81.755434,91,8393.264382
54.703005,84,8394.864394
83.512246,175,8398.039396
77.794044,116,8400.171991
83.999218,130,8402.561227
78.575571,106,8404.872752
20.751207,45,8406.08706
24.901113,44,8407.079007
81.954443,169,8410.177396
82.501713,120,8412.603423
81.515117,184,8415.853543
86.118842,191,8419.185779
83.789265,164,8422.712989
4.913548,17,8423.015886
84.065617,177,8426.170873
85.817167,104,8427.985613
42.980852,75,8429.336265
85.764164,97,8431.32424
80.075774,117,8433.374588
38.133524,131,8435.588477
35.117013,67,8436.689116
84.112086,216,8440.171276
82.544009,125,8442.49482
39.1763,64,8443.613575
82.568062,411,8449.609097
86.298936,112,8451.596048
26.889782,49,8452.643176
80.540729,122,8455.574197
-7.36,7,8455.74413
86.783091,104,8457.619489
15.165389,32,8458.287955
49.533924,85,8459.801372
79.070447,105,8461.614073
85.929502,146,8464.079304
80.418186,115,8466.048626
17.841062,47,8466.81624
2.152007,20,8467.15876
76.422924,100,8468.792172
82.395392,108,8470.720639
84.877583,117,8472.75726
82.823938,104,8474.491391
86.065786,114,8476.427498
9.266438,24,8476.904399
86.058233,121,8478.914452
82.061645,141,8481.218348
29.457594,54,8482.129767
85.194441,184,8485.234354
82.036967,86,8486.771016
32.982389,60,8488.577896
89.017963,127,8490.713608
82.787192,111,8492.626738
-7.0,4,8492.714573
81.85932,103,8494.393286
-9.17647,2,8494.434449
82.529698,147,8496.936291
31.663422,61,8497.939085
12.736799,38,8498.59936
74.724186,174,8501.879598
-3.083333,9,8502.15597
78.863011,152,8505.2616
52.543775,148,8507.925048
89.183599,90,8509.31379
81.24962,172,8512.450707
79.201953,94,8514.204559
-1.119464,12,8514.437098
84.574432,395,8521.675761
50.503027,75,8523.140272
19.163862,39,8523.844198
56.302954,108,8525.769083
86.333588,107,8527.543019
9.775532,29,8528.108609
74.236643,115,8530.00515
19.780641,43,8530.784098
40.225975,74,8532.162946
17.885627,42,8533.035985
85.499297,94,8534.598632
-2.043035,13,8534.82343
75.908022,93,8536.561173
73.157857,94,8538.232889
82.113009,98,8539.837831
76.757752,114,8541.721007
83.291429,127,8543.788152
7.272962,19,8544.154716
3.394285,17,8544.470125
76.005547,94,8546.101876
82.179029,83,8547.493529
76.066499,92,8549.201243
16.52705,74,8550.481192
-9.735625,3,8550.565928
78.832959,98,8552.252409
80.837733,176,8556.255882
78.51685,175,8559.031183
14.672155,107,8560.945856
48.639958,186,8564.284895
14.437205,37,8565.010125
18.727785,39,8565.723507
40.852325,90,8567.190233
40.850012,95,8568.85172
9.941598,26,8569.371387
82.736058,122,8571.410196
81.992419,102,8573.156688
-5.265586,6,8573.292008
85.80715,119,8575.545552
85.255391,102,8577.514503
89.251996,137,8579.959869
88.834323,117,8582.108139
64.951465,87,8583.691857
89.123433,139,8586.078656
84.688394,112,8588.910484
2.827401,20,8589.324646
87.029385,129,8591.810291
0.0,11,8592.118644
85.973301,109,8594.075949
69.793951,108,8595.901695
75.581355,110,8597.93475
83.391354,132,8600.146613
88.991505,125,8602.373728
79.363116,112,8604.578862
86.162904,108,8606.919733
85.939088,145,8609.731205
32.599471,63,8610.82141
74.813633,118,8612.928262
66.198111,163,8615.935873
85.848566,113,8617.9796
-0.879214,11,8618.172821
86.756037,99,8620.676112
25.059776,51,8621.772463
72.929487,112,8623.786437
-9.16,1,8623.827293
88.850254,130,8626.10582
85.562005,128,8628.389839
80.418649,93,8629.99061
38.789416,67,8631.199176
63.021988,102,8632.906667
86.111772,108,8634.913418
39.110687,69,8636.08287
67.720945,417,8642.677943
12.922974,162,8645.407119
-5.25095,10,8645.692121
88.879734,154,8648.372043
30.293761,46,8649.218439
18.833738,92,8650.970903
81.671285,236,8655.802169
78.571872,140,8658.260706
53.064163,121,8660.235308
-5.043625,7,8660.365882
83.410123,129,8662.705989
69.767463,118,8664.581794
82.185295,204,8667.954021
80.063078,128,8670.11513
89.117302,134,8672.584364
51.252984,168,8675.44827
85.665797,139,8677.765985
68.442787,126,8679.977587
85.796679,297,8684.764063
58.434671,217,8689.065936
85.486054,123,8691.196482
83.805311,173,8693.951476
27.388129,46,8694.821255
82.787874,93,8696.42217
82.674716,93,8697.998938
86.212529,111,8699.949088
-10.0,1,8700.082981
73.807256,93,8701.677812
86.313371,92,8703.279247
82.301129,112,8705.237309
83.140575,108,8707.163724
86.15879,86,8708.56033
85.35282,88,8710.131461
20.257922,46,8711.070064
89.276428,117,8713.245866
83.450972,99,8715.044307
86.097432,87,8716.579675
82.216084,90,8718.165248
30.0,41,8719.69505
16.525291,39,8720.372443
88.848636,115,8722.266476
82.26212,97,8723.910033
89.472237,105,8725.747188
-7.345976,9,8725.948926
0.706626,22,8726.323786
79.959837,102,8728.054682
15.622949,40,8728.838769
85.532156,134,8731.256656
10.209924,25,8731.685054
82.881677,95,8733.660987
74.482283,106,8735.762728
89.259125,93,8737.531239
75.451751,92,8739.102056
89.134422,112,8741.287967
82.308644,90,8743.100497
49.182176,80,8744.626086
84.839528,219,8748.179491
75.901786,101,8749.925225
60.172843,82,8751.435789
34.0,45,8752.849641
85.772551,88,8754.486439
73.95934,104,8756.357332
82.396825,119,8758.58149
69.438009,112,8760.677814
42.426078,78,8762.317964
-3.29947,10,8762.539527
83.462927,119,8764.775673
75.723889,111,8766.640557
79.281832,106,8768.463578
42.359367,93,8770.037311
78.981288,114,8772.31075
86.518785,97,8774.123996
26.462195,140,8776.604294
79.170429,103,8778.822577
11.008266,31,8779.537413
5.529421,36,8780.480149
87.29388,99,8782.494009
-3.407414,14,8782.83108
16.965395,54,8784.100143
-9.94081,8,8784.299855
-10.0,1,8784.335209
-3.011464,16,8784.67565
75.638056,99,8787.457413
20.421051,135,8790.174756
82.980664,116,8792.436142
79.417632,115,8794.709689
75.390941,177,8798.129159
87.709357,120,8800.480905
19.412926,34,8801.25852
80.122965,255,8805.923099
40.700841,66,8807.246025
73.812557,110,8809.323895
-9.169786,9,8809.514004
72.970482,94,8811.240283
64.768154,75,8812.733654
-4.321152,15,8812.99943
-6.842771,10,8813.242526
85.355185,98,8815.0376
7.210688,22,8815.516798
-2.521293,9,8815.699035
23.396302,57,8816.777385
85.782022,107,8819.544345
79.238711,100,8821.516198
81.61212,178,8824.779273
89.345384,105,8826.765365
82.515338,97,8828.673399
85.772806,109,8830.795135
81.107774,150,8833.753021
62.594858,127,8836.210263
82.86859,145,8838.843666
31.483149,59,8840.021643
67.763597,105,8841.995989
88.883363,120,8844.30618
-7.6,4,8844.409183
86.136477,120,8846.855049
85.8907,115,8849.188402
82.658723,107,8851.838508
85.830517,100,8853.620122
37.95557,55,8854.725668
82.8428,134,8857.244577
9.0,20,8857.615959
86.270076,94,8859.33771
27.877735,55,8860.452376
78.249116,102,8862.434248
85.940728,101,8864.393709
51.559369,90,8865.996906
83.982504,115,8868.127589
81.670064,92,8869.817203
89.634875,89,8871.386115
39.867506,73,8872.764841
72.54896,125,8875.152584
11.652664,39,8875.906634
20.820072,40,8876.659645
77.915444,128,8879.116001
58.415506,185,8882.965272
63.895611,256,8888.066473
47.844078,116,8890.189467
48.636475,314,8895.666102
30.585714,65,8896.919807
56.063534,177,8899.939538
82.280577,111,8901.961263
61.690739,100,8903.784138
81.336913,104,8905.833819
88.806595,227,8909.824911
11.602395,36,8910.510277
19.709805,145,8913.219225
-10.0,1,8913.35967
0.285227,15,8913.687309
75.090843,110,8915.926715
-9.16,1,8915.973003
79.857526,210,8920.370477
19.625305,34,8921.07459
11.64644,63,8922.303247
24.345753,62,8923.49719
17.416823,34,8924.27085
74.060952,100,8926.144859
32.84661,100,8928.012312
0.765103,16,8928.299099
82.469175,168,8931.595011
52.914832,172,8934.678971
82.361383,108,8936.693724
1.49651,27,8937.20339
45.102299,244,8941.53318
79.825402,100,8943.43372
85.346426,113,8945.666543
-10.0,1,8945.703378
52.142109,118,8948.260288
72.401215,113,8950.525925
72.061027,97,8952.678171
85.985834,95,8954.727655
88.243781,215,8958.847656
86.33357,104,8960.862137
88.843143,123,8963.453593
17.359356,60,8964.620544
89.435735,186,8968.066472
3.627788,18,8968.412215
88.716412,234,8972.633042
0.0,11,8972.864757
82.681343,111,8974.94663
80.324043,106,8976.996236
80.375893,438,8984.457953
80.292981,420,8991.267332
86.369893,89,8992.950565
8.903367,53,8993.955705
85.599271,96,8995.763144
86.030499,130,8998.113315
82.881797,130,9000.699149
5.105011,20,9001.108966
57.624572,98,9003.063762
89.144355,93,9004.864503
9.397847,26,9005.441492
90.123596,89,9007.030515
81.858598,112,9009.09908
85.686411,108,9011.426052
85.196151,189,9015.060011
-2.351949,20,9015.457661
49.777335,72,9016.946187
78.072193,361,9023.145262
85.564033,88,9024.913699
86.18633,98,9026.844933
35.583188,65,9028.127496
89.013307,111,9030.268646
52.008788,77,9031.808734
54.649118,80,9033.336968
78.963034,98,9035.289588
20.756561,34,9035.96435
49.903394,74,9037.328959
86.122432,91,9039.044989
49.897236,84,9040.637193
89.944137,93,9042.597442
-8.24,5,9042.79589
79.577235,106,9045.039248
89.390567,92,9046.759179
75.112171,90,9048.443444
77.614091,104,9050.619855
78.611486,84,9052.396708
19.669076,41,9053.233772
-1.183747,12,9053.490632
-5.014743,13,9053.842822
89.313413,106,9055.886681
86.07024,122,9058.283901
86.436516,248,9062.773331
77.402561,92,9064.529709
-5.269923,12,9064.764531
-3.102252,10,9064.954083
86.182179,124,9067.359054
6.45141,18,9067.853701
-7.96,3,9067.949754
65.197176,277,9072.797397
89.678185,91,9074.609582
7.618141,26,9075.216429
16.218924,30,9075.826732
77.687044,122,9078.031157
89.194275,139,9080.589701
83.337075,322,9086.281841
86.315261,162,9089.262675
-0.274219,11,9089.485947
85.368304,108,9091.58885
16.886161,38,9092.397237
87.117123,140,9094.901236
57.270383,199,9098.340543
75.103853,88,9100.106789
59.334569,86,9101.909814
78.544377,93,9103.79596
88.373162,184,9107.286153
32.0,43,9108.104673
-0.254019,12,9108.42129
88.881876,125,9110.867545
86.766526,263,9115.572403
89.577768,101,9117.495136
50.147175,71,9118.947834
83.585629,225,9122.962306
32.245741,215,9126.765434
85.728175,88,9128.380038
32.453118,129,9130.853034
83.649175,131,9133.500869
89.540339,94,9135.271241
20.699089,49,9136.216457
86.478453,103,9138.320831
58.248157,218,9142.282449
1.018878,15,9142.582184
81.724592,83,9144.15925
82.552612,126,9146.761227
-10.0,1,9146.832492
-7.6,4,9146.966574
70.194264,118,9149.267818
58.271234,109,9151.507518
16.533798,53,9152.605168
27.117924,62,9153.950606
84.587911,210,9157.937286
78.02698,86,9159.660195
82.57002,98,9161.590721
86.971133,154,9164.784207
62.594176,88,9166.497719
23.85857,104,9168.61717
85.566352,86,9170.356487
83.735599,130,9172.951876
86.134271,116,9175.279389
85.697456,313,9180.861645
56.606631,240,9185.241899
-0.129526,16,9185.57752
45.158515,128,9188.090399
84.032824,156,9191.249625
79.353897,337,9197.139779
41.216384,95,9198.980149
88.870231,113,9201.349126
89.395516,196,9205.457868
57.725844,99,9207.535366
13.290202,44,9208.436384
79.875562,100,9210.66296
12.119725,37,9211.515382
86.055142,121,9213.89859
-4.955056,9,9214.095819
85.813084,129,9216.653858
28.705739,49,9217.685125
89.579409,113,9219.691077
37.032085,68,9221.004125
45.574258,63,9222.148589
63.839731,82,9223.535023
-7.957435,14,9223.797312
82.985081,100,9225.554572
85.867194,117,9227.712627
7.894467,21,9228.209337
-8.2,6,9228.359751
85.438729,107,9230.234752
42.337057,66,9231.437759
-3.655881,14,9231.766819
73.094984,102,9233.675733
77.662585,81,9235.297336
80.17655,103,9237.173804
77.768215,90,9238.808334
82.977102,118,9241.094526
82.328863,91,9242.739063
69.381868,90,9244.380989
82.745498,94,9246.197445
41.997085,63,9247.3152
80.383464,102,9249.18598
89.721583,97,9250.952107
55.58282,110,9253.100696
82.748997,101,9254.870561
86.204217,105,9256.8696
86.795156,110,9258.833131
16.778222,33,9259.452911
78.883035,125,9261.535218
89.626121,110,9263.617399
89.298983,125,9266.189651
85.794165,108,9268.453056
85.691184,105,9270.492939
79.580737,113,9272.620274
85.648692,110,9274.670643
88.906169,110,9276.792294
86.266386,108,9278.940989
63.258713,78,9280.42832
68.276074,109,9282.552804
82.896014,126,9285.157676
86.052057,130,9287.580068
-7.6,4,9287.704281
88.757111,139,9290.321183
29.127505,58,9291.46223
6.77169,22,9291.915629
18.244157,48,9292.834574
-2.040293,21,9293.243792
86.315634,135,9296.022047
85.829066,120,9298.318464
89.346003,101,9300.200367
0.878176,13,9300.460435
85.659802,115,9302.792267
62.645613,111,9304.847546
86.907345,94,9306.599544
8.502503,26,9307.127658
83.495194,99,9309.102332
55.886316,86,9310.678814
15.970482,48,9311.630242
38.279867,75,9313.036238
88.794209,151,9315.90714
29.173969,59,9317.009109
85.936252,107,9319.036528
-9.32,2,9319.112839
86.639739,214,9323.075475
-8.48,2,9323.161908
17.256483,31,9323.804039
-10.0,1,9323.874255
46.43245,82,9325.567428
26.256873,44,9326.461062
79.147929,150,9329.418776
85.861738,102,9331.506546
80.58855,141,9334.398829
90.123596,89,9336.130186
88.9644,127,9338.645849
86.206524,113,9340.981236
85.787629,118,9343.430255
69.456327,155,9346.532075
-1.828862,19,9347.003691
6.282481,34,9347.757276
38.459753,63,9349.105454
58.457118,338,9355.408152
68.109335,160,9358.711662
77.529622,277,9364.155791
46.052021,92,9366.107113
85.623689,193,9369.902833
86.305792,101,9371.965716
8.497779,42,9372.841317
82.125029,123,9375.398233
24.655766,41,9376.290397
85.61083,88,9377.996152
80.145627,126,9380.632121
9.855413,33,9381.384206
40.40481,79,9383.001713
86.486078,100,9385.219638
82.99452,109,9387.532491
85.363053,86,9389.315597
17.297836,50,9390.3449
70.324548,236,9395.025434
19.895414,145,9397.944682
27.654428,101,9400.046705
83.415396,125,9402.649197
89.405636,95,9404.630726
43.442865,74,9406.165998
2.177043,18,9406.652982
83.639959,106,9408.906013
13.320125,25,9409.464474
89.352714,91,9411.21877
85.496997,121,9413.920935
79.954302,113,9416.382035
88.688918,167,9419.836443
88.785475,140,9422.669559
-10.0,1,9422.789245
-8.146851,3,9422.886919
21.271463,54,9424.026181
63.009914,331,9430.381739
81.181896,138,9433.312442
-7.0,4,9433.417796
87.286343,174,9436.623919
78.307,85,9438.222187
22.525406,61,9439.460091
70.247134,93,9441.20804
63.790645,120,9443.481071
85.589175,181,9447.005859
0.821692,20,9447.52331
72.545302,251,9452.127187
87.833297,224,9456.132663
56.530734,69,9457.432396
5.241023,23,9457.972366
73.845271,155,9460.850456
31.204479,49,9461.815924
78.124043,94,9463.660753
46.968865,103,9465.69574
79.039886,98,9467.554982
85.393025,126,9469.932551
78.408983,96,9471.803366
82.978962,186,9475.39558
13.20295,58,9476.584004
7.361726,27,9477.146801
-4.531715,7,9477.278425
39.103614,78,9478.870338
89.661317,102,9480.848329
83.761443,113,9483.03167
89.520355,106,9485.13151
79.83034,207,9488.859992
13.0,24,9489.324885
-5.384706,14,9489.602623
74.97985,188,9493.180559
82.02282,129,9495.632802
21.998526,99,9497.564385
88.741994,228,9501.755206
28.436683,42,9502.593103
26.798656,68,9504.126782
79.265276,262,9509.869705
84.178564,154,9512.652766
79.261509,142,9515.071368
16.450941,48,9516.080302
8.652638,92,9517.79918
8.954977,24,9518.235082
40.190032,152,9520.844779
10.864158,36,9521.583547
86.609771,401,9528.247273
21.083268,201,9532.017358
-6.554605,5,9532.119605
-2.902237,11,9532.423325
85.020462,129,9535.140085
32.916252,56,9536.268417
85.24644,104,9538.33433
-6.540559,5,9538.526889
81.075049,111,9540.698294
89.050699,121,9543.002734
85.989731,116,9545.284243
85.587975,101,9547.309494
71.699493,92,9549.051262
38.62447,60,9550.228907
4.895594,27,9550.755184
33.486081,63,9552.076483
10.918865,25,9552.561957
89.361284,118,9554.868402
67.75564,115,9556.938317
85.834319,144,9559.540402
79.038958,125,9561.716049
89.047313,124,9563.891934
56.016183,241,9568.08721
81.089132,287,9572.761555
11.388456,145,9575.29607
16.39488,31,9575.883456
12.422307,41,9576.616691
82.584037,341,9581.87954
21.237226,110,9583.851166
76.903404,232,9587.608699
71.097887,190,9590.697295
81.36699,234,9594.780345
83.516054,466,9602.033754
11.227576,63,9603.180506
19.374205,105,9605.026524
2.385109,24,9605.532412
74.023991,295,9610.170972
8.044094,159,9612.905211
3.428988,54,9613.80974
9.73198,140,9616.23746
89.003116,99,9617.944731
59.929316,218,9621.714527
18.46186,89,9623.386345
82.992894,188,9627.035487
-8.44,4,9627.138768
9.936555,76,9628.544821
55.268342,126,9630.823835
12.92023,39,9631.604692
21.335867,182,9634.678092
12.18268,89,9636.245305
-5.007931,8,9636.40924
27.212507,97,9638.175779
12.42374,54,9639.127047
82.800159,124,9641.393462
78.158872,327,9646.465164
19.759713,58,9647.550372
12.275138,247,9651.587244
13.613524,181,9654.824342
76.193283,143,9657.522799
-8.329775,3,9657.667592
9.026069,48,9658.582791
56.195882,174,9661.669404
15.45133,260,9666.05982
68.33145,98,9667.849585
75.307388,305,9672.744303
30.501655,243,9677.072597
0.615878,15,9677.375518
14.926463,32,9678.069434
85.689735,101,9680.012027
24.73286,39,9680.818638
82.574304,113,9682.944393
80.295704,119,9685.46024
34.72238,75,9687.050424
87.552708,106,9689.019215
63.887961,91,9690.641317
79.962669,121,9692.742966
89.300604,119,9694.793713
85.954634,333,9699.730282
75.603948,123,9701.792129
89.077842,208,9705.230788
86.263147,115,9707.217092
9.828869,31,9707.779311
85.404044,117,9709.876879
28.228154,52,9711.026606
86.680976,102,9713.24665
81.708779,104,9715.390196
83.968837,382,9721.495082
43.617664,90,9723.287892
82.085244,90,9725.164708
86.750751,112,9727.442019
-0.628828,17,9727.79132
86.362502,139,9730.419392
88.997782,115,9732.457833
81.006772,90,9733.991936
85.841549,95,9735.603518
75.25204,113,9737.589593
53.669875,99,9739.430093
88.752555,125,9741.752596
89.59048,107,9743.775707
86.753944,131,9746.222645
67.31847,115,9748.200367
89.379845,96,9749.863441
85.767678,93,9751.458282
89.335617,96,9753.198112
30.414914,65,9754.44049
53.696944,94,9756.244019
76.992886,120,9758.784146
82.098244,106,9761.119738
18.71023,63,9762.332943
-6.289489,7,9762.46887
53.704833,311,9767.880124
53.606639,157,9771.015835
19.003372,117,9773.70735
84.141509,157,9776.602581
0.808628,20,9776.99983
86.804635,132,9779.466083
23.385782,168,9782.570935
78.558448,412,9788.868035
61.551977,500,9796.334332
78.376259,500,9804.085079
84.899808,189,9807.576021
2.144276,16,9807.896491
0.712771,23,9808.310627
49.783961,63,9809.472966
-3.866685,8,9809.637959
83.228184,281,9814.041771
86.442832,106,9815.904913
45.583291,142,9818.36908
75.542898,405,9824.471189
16.351709,29,9824.96981
75.619193,150,9827.606106
13.528645,35,9828.32811
24.582446,68,9829.570601
66.443285,78,9830.958566
81.986867,84,9832.379979
4.651741,75,9833.9207
64.989294,91,9835.728744
75.304259,90,9837.408443
81.71645,155,9840.185782
-6.553784,5,9840.382058
77.646164,82,9842.073862
34.126433,60,9843.077075
52.88228,384,9849.185824
85.953658,125,9851.41459
-10.481589,2,9851.467911
14.346639,160,9854.19514
23.228559,260,9858.363132
16.75265,77,9859.835056
17.651609,157,9862.609319
38.383423,59,9863.684381
-9.32,2,9863.738631
51.603709,224,9867.786645
72.751296,111,9869.75906
18.282343,144,9872.293456
86.506039,120,9874.481612
9.41805,26,9875.036499
75.90538,90,9876.670536
79.919539,109,9878.575038
38.834539,83,9880.261771
83.842765,253,9885.226853
47.327399,186,9888.602588
12.929664,43,9889.388049
7.5077,21,9889.775547
86.362946,164,9892.686219
86.281065,111,9894.793887
25.012803,130,9897.191782
-2.096989,9,9897.358258
82.440239,92,9899.141765
24.595444,53,9900.07819
-8.44,4,9900.175578
19.157638,36,9900.811209
77.756054,114,9902.927754
87.790877,289,9907.628404
7.787952,24,9908.089309
86.426716,317,9913.147189
9.142511,34,9913.887138
85.699964,258,9917.916917
82.525659,108,9919.833472
9.297407,23,9920.237046
32.66995,45,9921.036274
81.833718,87,9922.593381
-2.790546,11,9922.815794
14.142628,33,9923.446262
90.123596,89,9925.316774
11.208512,93,9927.179227
5.792143,31,9927.733688
78.033456,266,9932.104729
86.742791,187,9935.414687
86.675849,108,9937.400286
88.881569,143,9940.022651
53.891002,143,9942.723103
44.842973,146,9945.310346
7.476499,27,9945.80281
4.587734,102,9947.613636
50.981533,90,9949.129056
-3.089338,13,9949.466016
23.551791,38,9950.174326
21.721051,76,9951.509407
85.371595,86,9953.09747
87.415983,132,9955.779963
41.891024,166,9958.653476
85.85334,253,9963.003643
77.970433,149,9965.669347
78.119787,186,9968.830086
80.065809,334,9974.422731
88.726639,162,9977.162219
19.448537,70,9978.438728
16.18349,172,9981.657249
9.513458,73,9982.865837
24.455937,81,9984.492681
87.585341,185,9987.656407
80.199788,137,9990.298522
57.856408,111,9992.206516
-8.176814,3,9992.28568
84.744982,139,9994.712586
19.3131,42,9995.517489
15.192265,41,9996.246942
89.357222,116,9998.308425
-9.32,2,9998.353473
86.378184,122,10000.619205
26.888303,53,10001.619528
89.396284,108,10003.675993
86.037162,95,10005.373831
41.900954,221,10009.079709
83.447754,336,10014.607243
89.611712,106,10016.558433
37.170928,65,10017.867505
34.137076,76,10019.265373
64.790784,110,10021.162624
14.565792,41,10021.968119
81.148234,394,10028.322268
86.506074,162,10031.152981
10.601217,25,10031.638557
87.758425,233,10035.544268
86.072997,122,10037.825573
86.440853,229,10041.903795
81.061395,176,10045.100026
62.107719,500,10052.786117
82.630429,92,10054.480208
86.484107,140,10056.975632
87.191291,160,10059.735518
85.900383,180,10062.950045
28.075114,131,10065.293365
33.435743,84,10066.77181
75.889213,137,10069.042794
82.962421,328,10074.502139
83.656607,336,10080.029173
88.360965,254,10084.357052
17.751494,233,10088.303387
89.278409,91,10090.060512
82.952498,241,10094.53615
13.829451,151,10097.173018
29.534955,312,10102.044419
89.245777,91,10103.602051
-0.302598,16,10103.994265
24.809148,198,10107.680698
49.529781,62,10108.827085
17.964604,281,10113.269685
8.659252,25,10113.695013
-0.66013,40,10114.46594
82.462015,285,10119.551209
28.089969,233,10123.496665
83.762997,149,10126.199503
87.410847,279,10130.985653
28.539043,59,10132.062209
-5.562782,11,10132.260236
64.572526,392,10138.900282
88.740753,190,10142.450283
10.318837,46,10143.305357
66.097246,246,10147.527253
47.206617,128,10149.940862
84.039748,225,10153.830532
3.36197,21,10154.241062
76.909105,196,10157.46371
-8.175606,7,10157.611017
83.084626,167,10160.535486
24.147658,118,10162.805027
76.986461,125,10165.144624
81.054561,102,10167.074338
27.700564,52,10168.127656
87.32893,193,10171.446457
52.905239,324,10176.736348
-1.11381,10,10176.936192
80.14759,245,10180.777486
54.69834,194,10184.039756
21.770601,111,10185.902355
3.296499,47,10186.729776
14.584451,205,10190.009298
90.064351,89,10191.4124
20.787308,484,10198.701142
83.282585,120,10200.777304
40.944452,115,10202.694008
10.375948,24,10203.11198
-0.622119,12,10203.33027
29.711346,118,10205.248272
45.816813,77,10206.601886
11.572073,27,10207.072045
89.244966,204,10210.279037
82.237038,156,10212.762574
26.066878,228,10216.375521
24.393654,53,10217.266463
49.110231,188,10220.330951
85.965264,184,10223.568538
7.310169,131,10226.167675
85.295183,239,10230.467478
37.347135,165,10233.387233
82.066694,151,10236.066976
73.510134,81,10237.593541
30.231208,81,10239.074733
-4.871998,9,10239.248945
80.936945,202,10242.868376
82.488305,137,10245.384167
8.045982,51,10246.259836
84.361685,221,10249.681694
51.635568,142,10251.990515
82.300481,265,10256.237545
3.80766,25,10256.691703
3.092065,143,10259.121778
85.364716,119,10261.096906
32.049671,87,10262.644605
28.641251,72,10263.867432
33.85656,163,10266.567371
16.914901,170,10269.362698
78.180849,88,10270.941339
18.050003,63,10271.968317
9.681149,76,10273.22171
90.123596,89,10274.615575
36.402109,68,10275.852211
89.067177,145,10278.245272
86.162722,86,10279.582346
28.343019,48,10280.37853
82.544675,115,10282.386897
57.131758,85,10283.881097
59.739816,107,10285.780645
88.851295,148,10288.238342
46.884585,91,10289.838072
60.776586,105,10291.582522
89.164412,124,10293.628602
21.364041,41,10294.326317
89.116401,95,10296.006965
64.907527,102,10297.797631
76.340118,107,10299.624619
49.084301,89,10301.110448
85.688938,99,10302.7929
82.971835,128,10304.905963
85.416063,96,10306.453225
26.989555,50,10307.308899
82.55622,109,10309.164737
86.167889,107,10311.035275
85.564332,101,10312.660716
89.255481,122,10314.882856
86.333271,104,10316.878573
82.264631,122,10318.919425
88.986082,131,10321.136394
79.108536,123,10323.329242
-4.354689,11,10323.585869
89.6538,104,10325.324145
74.922921,91,10326.820826
82.607306,107,10328.595762
76.255949,153,10331.329988
82.45672,92,10332.92122
11.484715,30,10333.436148
52.739287,270,10337.622819
23.393216,36,10338.312716
-1.034517,19,10338.6499
81.764991,403,10344.801682
29.561707,134,10347.126721
36.573354,234,10350.791198
90.123596,89,10352.234803
0.812333,15,10352.501822
14.117478,71,10353.659321
5.038631,65,10354.840608
26.696486,87,10356.319791
-7.36,6,10356.476879
85.420014,127,10358.590951
4.276024,18,10358.973908
69.569416,500,10366.647127
78.558627,351,10371.834394
86.024536,104,10373.590633
16.405342,55,10374.698462
74.350441,356,10380.464086
-0.152486,15,10380.718032
80.643418,213,10384.046799
16.395156,166,10386.818314
89.93322,94,10388.416092
81.576766,96,10390.106116
20.039499,117,10392.316804
13.14996,54,10393.426458
10.76902,34,10394.05417
83.290913,415,10400.764126
85.033511,135,10402.98851
29.560311,48,10403.989661
26.623728,131,10406.380192
64.895306,106,10408.289843
79.33499,134,10410.523898
27.430886,219,10414.11129
79.360949,108,10416.015661
13.180528,75,10417.352897
84.839127,269,10421.404136
22.615645,114,10423.360673
6.52089,51,10424.216
16.495803,358,10429.509239
84.197641,106,10431.291898
-7.96,3,10431.453569
36.384306,235,10435.414847
10.5374,35,10436.076057
25.905049,69,10437.278657
70.870816,77,10438.663323
10.78937,132,10440.923
15.318235,33,10441.546725
87.72784,306,10446.242378
82.435297,194,10449.339226
51.839001,349,10454.710887
78.717189,97,10456.458922
81.441598,206,10459.71241
85.455549,183,10462.728679
32.72962,326,10468.190091
-1.187595,19,10468.57829
33.979283,55,10469.543823
-0.966662,26,10470.065416
10.069935,28,10470.55505
87.089708,146,10473.097532
10.836533,108,10474.960777
67.941947,84,10476.439724
84.401725,143,10478.780028
20.911398,258,10482.661113
25.705279,320,10487.457857
3.191134,21,10487.90091
-7.089074,4,10487.988056
83.074703,215,10491.429797
76.302323,469,10498.769819
80.06345,421,10505.705704
40.015381,69,10507.063089
-3.792715,9,10507.2291
89.486353,131,10509.553266
77.019229,241,10513.556686
14.224146,139,10515.847502
1.767799,17,10516.137148
82.391399,86,10517.582237
80.134952,104,10519.388627
88.803145,121,10521.360672
55.655645,175,10524.343801
84.506969,121,10526.57884
83.755968,98,10528.291027
46.488337,118,10530.27401
23.34476,48,10531.14603
76.727058,164,10533.813722
45.622221,273,10537.981267
82.853906,119,10539.976725
6.139858,24,10540.423518
16.112785,152,10543.205356
1.32738,86,10544.826196
20.85994,307,10549.564911
12.136632,91,10551.095359
81.631924,208,10554.543143
5.837091,42,10555.368875
35.831497,163,10558.084904
87.986098,189,10561.092596
-0.563344,11,10561.302099
10.761266,71,10562.555873
37.897819,133,10564.618156
-6.571731,5,10564.712611
4.04276,16,10564.988245
64.51096,99,10566.69208
80.948394,169,10569.460381
-7.548886,6,10569.611173
79.854287,121,10571.61814
46.701625,97,10573.270477
85.543195,100,10574.914912
72.739298,368,10580.464022
17.616545,170,10583.182649
11.776708,29,10583.799722
46.266918,95,10585.511174
2.347348,19,10585.897827
69.865626,204,10589.099538
22.243914,38,10589.804392
82.428878,180,10592.642135
20.658097,63,10593.686126
31.792576,43,10594.454555
18.515626,87,10595.960944
76.978675,184,10598.799502
13.630381,34,10599.39105
8.801129,32,10599.935766
88.802203,146,10602.392746
8.08862,24,10602.801034
30.575436,59,10603.794932
83.635554,154,10606.340329
79.361135,103,10608.165484
8.818556,27,10608.635931
86.212721,254,10612.672865
68.6329,196,10615.95706
74.826646,114,10618.053427
83.504687,136,10620.29164
60.480523,67,10621.489788
85.92197,130,10623.574823
81.829071,213,10626.917546
-5.570748,6,10627.026652
59.753133,86,10628.550425
88.956645,150,10631.174877
26.331676,80,10632.644223
83.402588,134,10634.955268
26.333378,87,10636.488661
0.510206,16,10636.778391
20.67649,72,10638.055125
59.660463,239,10641.710339
77.816559,85,10643.056162
21.016215,74,10644.45192
-0.112914,17,10644.908628
79.277284,275,10649.38618
79.450295,152,10651.883432
82.106538,266,10655.94759
64.206693,93,10657.585464
17.982635,56,10658.511581
55.05664,129,10660.617697
84.270052,132,10663.045956
1.851936,18,10663.461038
27.293358,56,10664.47477
70.048943,121,10666.583067
22.373982,131,10668.647621
75.103698,357,10674.155173
11.988738,42,10674.94578
43.150095,73,10676.231239
88.869996,144,10678.647635
72.175061,109,10680.657881
82.217816,92,10682.196404
86.157361,96,10683.76876
4.200971,19,10684.071314
45.675339,61,10685.193861
86.177206,131,10687.319818
85.896272,121,10689.33995
90.105671,89,10690.853492
84.423257,121,10692.945072
79.215125,101,10694.595305
89.351289,112,10696.473703
0.622734,20,10696.917383
6.601181,39,10697.735687
58.236352,71,10698.983128
78.105368,135,10701.195031
20.174631,162,10703.851527
82.109388,92,10705.44554
39.963159,71,10706.70364
84.080033,106,10708.443943
57.442208,88,10709.942227
85.881685,108,10711.805493
70.579047,83,10713.098369
89.213402,136,10715.348873
88.696793,127,10717.507619
50.092334,87,10719.141073
86.32307,133,10721.326928
86.248441,99,10722.934279
75.186227,100,10724.679188
84.255086,111,10726.588214
85.33344,127,10728.688684
76.749674,107,10730.458507
-6.207424,5,10730.567354
71.121946,98,10732.323798
12.446405,59,10733.315314
89.659334,103,10735.169775
16.287757,31,10735.734461
57.184381,105,10737.558985
39.067391,124,10739.533049
85.26357,99,10741.167555
90.123596,89,10742.592005
5.0,16,10742.929317
48.54679,89,10744.396987
85.695435,101,10746.097868
77.829201,181,10749.002383
0.962967,13,10749.306594
65.73904,94,10751.018584
30.360927,500,10758.456141
8.0,19,10758.745231
82.519145,120,10760.817427
17.180716,45,10761.582366
2.033525,22,10761.952331
49.006119,118,10763.968834
-6.09191,5,10764.162789
76.792837,228,10768.027062
85.125265,221,10771.671766
19.286522,153,10774.149392
14.34893,39,10774.888681
7.120515,35,10775.526491
90.123596,89,10776.911599
20.517422,58,10777.882965
24.170874,85,10779.362256
86.356647,256,10783.266975
59.014012,500,10790.418426
83.338931,209,10793.741119
-7.830707,4,10793.899074
77.732224,354,10799.320441
86.025552,498,10806.718368
39.883536,67,10807.887173
17.76513,33,10808.514989
16.969716,125,10810.601666
21.543863,75,10811.987736
1.022763,19,10812.335095
75.716137,85,10813.800394
89.071391,123,10815.880827
29.403371,64,10816.947855
89.296664,94,10818.508316
64.842222,109,10820.35229
85.81702,94,10821.910985
18.391057,37,10822.513212
89.091567,118,10824.64377
82.828944,106,10826.638171
82.608051,116,10828.620168
39.958283,78,10830.020357
13.416775,33,10830.643901
-9.175204,2,10830.805729
75.959307,93,10832.487412
22.626815,41,10833.225487
46.890976,98,10834.917047
89.404449,111,10836.843499
31.954804,60,10837.86307
81.767598,98,10839.648278
5.326117,24,10840.120406
3.752961,26,10840.662761
68.245227,115,10842.612949
82.902023,104,10844.386988
81.8157,111,10846.348984
54.743836,104,10848.148588
89.452608,170,10850.863323
69.979997,269,10855.269892
32.314237,54,10856.224928
84.523933,204,10859.586915
-8.48,2,10859.667079
-7.214984,5,10859.763931
37.549829,66,10860.889333
50.000879,112,10862.97946
0.79525,12,10863.193037
82.909229,190,10866.290027
2.343597,15,10866.575013
13.884509,210,10869.913565
20.661063,71,10871.100414
5.703478,130,10873.270893
2.888087,22,10873.67292
82.747323,154,10876.341708
85.807215,251,10880.265382
45.365464,178,10883.253668
1.430716,20,10883.640992
86.277436,164,10886.5846
-7.4,5,10886.720915
15.094595,97,10888.465294
8.747505,54,10889.419221
59.035267,186,10892.509609
-1.235534,10,10892.711535
78.617153,220,10896.232853
4.371592,75,10897.597337
25.155076,325,10902.84931
56.496851,89,10904.329951
9.266427,136,10906.618572
21.268001,389,10912.393831
-8.111306,3,10912.557866
49.949279,85,10914.082191
68.141155,222,10917.671714
8.726149,102,10919.318753
16.902224,128,10921.557727
68.204837,109,10923.361007
19.861997,48,10924.24338
0.739392,29,10924.795244
52.498821,64,10926.045941
16.076205,77,10927.357919
88.638355,173,10930.245182
61.302698,167,10933.130907
9.93696,46,10934.044685
15.493628,271,10938.329493
46.462796,180,10941.326691
26.34846,151,10944.138587
39.889872,70,10945.53063
4.222926,74,10946.927578
66.705524,141,10949.268806
76.153852,205,10952.533521
86.019389,106,10954.347697
47.265842,89,10955.783348
33.861966,56,10956.714772
33.298323,52,10957.588155
37.077888,71,10958.860385
39.227992,173,10961.636632
5.467355,21,10962.003273
28.703815,48,10962.85303
85.867632,159,10965.738547
71.33435,82,10967.245427
10.794099,39,10967.911463
76.916845,105,10969.839894
2.918988,38,10970.58025
78.728004,363,10976.387471
51.829156,84,10977.979936
51.09649,81,10979.391878
13.457323,111,10981.423309
36.009723,200,10984.840136
-1.435428,14,10985.118092
0.653702,13,10985.429845
72.846765,297,10990.57627
82.223369,314,10995.636142
87.127461,349,11001.33818
89.07374,120,11003.535959
2.739706,19,11003.975377
85.353796,108,11006.07118
83.914797,114,11008.015636
5.821026,24,11008.428029
14.159324,45,11009.277125
81.741343,178,11012.218472
-3.646526,8,11012.362087
7.794544,237,11016.02359
11.405252,155,11018.643428
85.836355,128,11020.840965
86.332877,249,11024.75789
89.027918,208,11028.123858
89.204175,107,11030.090587
18.29632,126,11032.146606
9.401998,136,11034.625103
6.253067,39,11035.367467
4.007342,60,11036.531424
84.967328,293,11041.184241
84.16393,382,11046.952664
78.619443,85,11048.439027
5.247071,58,11049.481771
84.27232,347,11054.75553
-8.163305,6,11054.894217
2.01656,14,11055.148813
79.405303,332,11060.177894
8.67751,29,11060.657101
9.245586,27,11061.135049
-10.0,1,11061.166965
72.332893,158,11063.899273
81.133619,283,11068.415999
85.235331,102,11070.271081
40.725591,108,11072.250148
88.715034,144,11074.807228
-1.154151,12,11075.039289
9.943657,36,11075.704994
79.644368,119,11077.702944
-4.838385,15,11078.061093
27.565064,54,11079.02634
3.809333,24,11079.442406
9.20593,23,11079.852917
82.930834,90,11081.433379
43.939892,106,11083.237916
-7.6,4,11083.343698
3.109689,57,11084.296875
25.979071,184,11087.395713
79.358493,156,11089.907343
14.72128,266,11094.464618
4.290796,117,11096.503107
79.075091,281,11100.915061
2.291657,28,11101.418672
88.666149,190,11104.57115
-3.240893,14,11104.864472
10.090164,103,11106.737728
30.356822,268,11111.061062
1.515083,67,11112.195475
12.296714,189,11115.249431
1.403428,42,11116.120384
18.08342,407,11122.048357
11.814437,115,11124.022317
59.589921,167,11127.017666
25.931333,176,11129.929056
82.101827,314,11134.703152
7.825412,28,11135.174881
50.941958,163,11137.926101
22.412298,36,11138.602889
69.043725,220,11142.191414
83.444521,213,11145.868203
18.799646,145,11148.29019
82.565125,115,11150.246664
7.685289,37,11150.861196
0.059326,17,11151.192024
-7.4,5,11151.303729
67.711451,191,11154.55217
30.172481,73,11155.879253
86.026784,102,11157.604694
23.884328,389,11163.32744
17.462127,54,11164.38228
43.666491,76,11165.88443
11.239879,32,11166.547288
-3.348752,11,11166.8094
-7.4,5,11167.004985
32.701106,118,11169.186049
34.378954,146,11171.911846
70.40101,129,11174.266517
9.147132,117,11176.693184
66.173462,472,11184.500988
16.679974,99,11186.443779
35.790882,141,11189.316377
90.123596,89,11190.886669
72.723283,96,11192.650333
78.014374,483,11200.43142
51.605578,211,11204.084604
14.353455,122,11206.54012
21.77042,205,11210.754985
33.600188,104,11212.697757
23.50993,125,11215.144227
13.516982,350,11220.603281
63.548145,165,11223.330451
74.65889,81,11224.692319
64.877873,247,11228.526341
88.359058,255,11232.861039
5.420968,78,11234.150626
23.327995,206,11237.408208
23.585678,91,11239.092309
13.068075,63,11240.216865
84.16612,201,11243.512889
48.774795,222,11247.479697
62.674518,158,11250.227385
56.457517,80,11251.762254
48.354387,66,11252.901541
40.934276,97,11254.602295
88.74085,143,11256.972539
25.911111,190,11260.034966
10.950408,22,11260.373834
42.431564,148,11262.796297
30.653898,128,11264.944703
62.680969,191,11268.073927
88.832095,143,11270.410865
82.289239,235,11274.262707
43.147624,341,11279.670556
85.629448,130,11282.015443
5.065203,21,11282.391938
75.690035,322,11287.38655
16.374229,72,11288.594978
79.477128,297,11293.384294
3.06295,23,11293.874815
5.771807,48,11294.683356
75.374912,293,11299.320118
79.383986,441,11306.122438
81.39556,151,11308.823702
86.00418,136,11311.213135
7.232072,20,11311.61337
89.456748,98,11313.331169
-1.74513,14,11313.568138
80.859431,233,11317.180208
30.84058,180,11320.100944
83.744131,233,11323.825253
21.991211,333,11328.810534
69.695059,128,11330.869981
2.641209,17,11331.162793
21.959054,79,11332.530271
17.782304,32,11333.097612
11.393621,43,11333.979286
17.434736,118,11336.094279
5.454514,50,11337.069806
9.867815,57,11338.027199
78.752509,333,11343.2083
85.416352,219,11346.891263
72.242243,363,11352.368637
89.100975,254,11356.31519
39.258357,250,11360.209869
71.988761,117,11362.131283
14.854005,46,11363.006911
43.564056,65,11364.218423
73.467562,274,11368.494066
15.491802,137,11370.704201
77.987169,134,11373.024975
8.821031,21,11373.377915
30.000207,77,11374.69896
55.980063,234,11378.60749
-0.315842,11,11378.892874
41.951638,215,11382.319527
89.447184,102,11384.011477
4.620292,43,11384.806746
78.220321,296,11389.378674
2.131642,19,11389.686668
47.669897,124,11391.73332
2.701701,34,11392.329559
48.524843,161,11395.166924
85.708687,88,11396.619213
-8.0,3,11396.715381
17.471264,80,11398.066413
84.080529,259,11402.107974
85.96835,210,11405.400418
8.0,19,11405.724397
-7.820024,5,11405.823611
-6.353285,8,11406.053787
10.315165,129,11408.205903
80.523427,238,11411.96821
5.24784,78,11413.270092
-6.283763,7,11413.49886
1.366317,15,11413.787463
55.580944,74,11415.149792
4.851948,17,11415.453474
89.312479,99,11417.324525
23.024049,89,11418.837166
78.576084,258,11422.74094
42.801289,166,11425.585733
80.219932,108,11427.527733
1.581097,14,11427.770769
51.250371,500,11434.931891
11.100427,97,11436.536896
89.183195,104,11438.338435
87.31108,217,11441.725792
49.362934,245,11445.488247
76.882499,366,11451.193338
-7.55628,5,11451.401185
87.454426,152,11454.223175
-6.316113,7,11454.346096
38.048935,224,11458.024836
86.76991,115,11459.996814
43.139987,170,11462.744031
82.976103,133,11465.050469
50.868971,129,11467.154527
88.313543,224,11470.727803
82.700345,283,11475.080387
6.153295,86,11476.513443
80.403641,266,11480.559754
81.688516,90,11482.141479
-0.89969,18,11482.475779
90.005778,91,11484.069687
54.670486,238,11488.073542
82.948257,271,11492.179426
74.924328,95,11493.754735
81.364607,125,11495.86366
24.982346,118,11497.890868
83.233877,362,11503.425835
27.326662,53,11504.295811
83.988356,124,11506.361072
-3.336891,11,11506.570127
26.62403,132,11508.779487
82.410721,131,11510.914482
20.0,31,11511.383631
46.269641,79,11512.705013
1.891518,20,11513.155766
2.713895,60,11514.227925
79.7194,181,11517.510861
13.838332,96,11519.242333
3.528895,119,11521.37902
34.333835,59,11522.389694
82.978992,342,11527.458794
85.740239,87,11528.815023
52.944835,149,11531.339956
13.885629,30,11531.915372
75.172241,92,11533.448339
11.226684,113,11535.346554
6.931842,56,11536.359899
16.894333,123,11538.359446
17.49394,284,11542.822269
11.800033,223,11546.821953
62.088436,106,11548.683059
-5.262746,13,11548.915298
74.011107,183,11551.850234
82.161429,85,11553.357426
36.991741,58,11554.454019
27.474889,93,11556.155454
-7.907412,13,11556.464092
50.464089,221,11560.061863
32.136742,196,11563.489146
80.279333,276,11567.753694
18.248374,67,11568.894313
30.879625,51,11569.757412
43.646644,72,11571.031305
78.940417,95,11572.626155
70.278187,237,11576.736401
20.954057,156,11579.29788
49.904901,196,11582.581449
78.617904,166,11585.285412
74.102055,440,11591.987453
83.865337,247,11595.735926
-9.032524,2,11595.877329
81.321033,86,11597.260195
-7.6,4,11597.357692
84.22568,242,11601.038413
73.879551,135,11603.264973
1.510859,18,11603.606084
57.759299,82,11605.096477
37.431143,199,11608.389185
76.723162,109,11610.287081
89.170109,120,11612.256173
85.297819,202,11615.481679
76.687715,178,11618.254607
17.447399,123,11620.322513
85.758457,110,11622.176561
39.314037,152,11624.661448
18.750496,143,11627.04204
2.411811,47,11627.886626
-4.04595,7,11628.030097
6.450348,60,11629.028445
81.798709,318,11634.098098
17.347213,51,11635.104178
-4.642308,12,11635.338048
40.124003,64,11636.458955
63.636488,368,11642.073514
56.073067,89,11643.679728
63.463578,95,11645.292306
22.857727,144,11647.664711
82.839655,396,11653.488945
8.216033,151,11656.297307
82.582438,271,11660.762191
-9.493323,5,11660.871153
-2.080648,12,11661.105053
1.554169,43,11662.076607
65.556389,347,11667.92127
12.83287,174,11670.822775
67.031649,90,11672.593646
81.064376,192,11675.984671
7.36452,159,11678.685586
20.267409,52,11679.576561
18.569963,36,11680.28201
33.944544,311,11685.628102
7.502498,73,11686.970675
15.158823,155,11689.785485
4.623376,53,11690.7692
7.972151,22,11691.293092
41.698929,138,11693.737465
38.591701,73,11695.121111
18.347163,68,11696.373238
9.489125,70,11697.761756
1.020566,57,11698.836612
0.09658,20,11699.221125
7.08321,94,11701.091282
0.721941,22,11701.591451
6.250922,49,11702.526745
83.529534,229,11706.703741
60.110272,111,11708.750906
83.316199,281,11713.344254
1.687774,15,11713.637461
66.764558,84,11715.14686
82.646698,88,11716.609774
48.94668,78,11718.045391
0.956493,12,11718.266096
9.30125,26,11718.762809
75.690317,137,11721.068833
2.292819,19,11721.471797
48.171051,103,11723.146935
82.54097,99,11724.791804
26.420468,45,11725.54867
28.578395,53,11726.498328
70.809924,104,11728.203453
14.313131,37,11728.818604
6.010946,25,11729.23035
9.403666,118,11731.206935
68.942758,112,11733.045519
7.015759,26,11733.485448
-6.151286,6,11733.622905
76.951239,99,11735.389753
89.085873,110,11737.2102
60.661779,96,11738.892323
64.29648,89,11740.384631
74.083198,82,11741.963476
82.759386,172,11744.894277
-6.007297,5,11744.994676
15.958268,148,11747.458939
5.603046,49,11748.328301
81.584832,93,11749.942398
19.434909,59,11750.974782
79.244248,442,11757.447912
13.407265,40,11758.171954
29.137781,71,11759.310956
85.351754,122,11761.350918
6.743616,27,11761.859189
-7.821987,4,11762.034078
68.192837,119,11763.990101
6.089716,27,11764.464974
12.859834,92,11766.003182
82.346832,204,11769.246393
66.945491,94,11770.884805
88.664331,134,11773.152717
82.449608,96,11775.128816
18.298408,52,11776.159572
89.259889,130,11778.423465
0.754117,12,11778.659551
79.819807,121,11780.841927
85.167654,125,11783.1147
85.703474,131,11785.330145
77.920886,82,11786.834401
86.226383,113,11789.121603
17.878483,42,11790.03363
75.868053,94,11791.879951
17.968539,35,11792.487971
83.644796,155,11795.30811
89.623562,103,11797.16414
51.218302,86,11798.735087
12.364369,35,11799.423201
78.824618,179,11802.591997
38.544034,71,11803.955644
12.829577,43,11804.782352
2.102691,20,11805.123816
7.25647,168,11807.945366
48.40087,369,11814.393364
53.276256,353,11819.614191
71.922073,85,11820.999589
83.312294,258,11824.967369
14.992901,155,11827.687573
81.83517,251,11831.648885
89.302995,112,11833.588767
64.207921,113,11835.515121
86.133897,178,11838.84913
15.785047,39,11839.696967
83.385505,138,11842.222536
37.395937,115,11844.204037
81.583922,155,11847.086875
76.316104,116,11849.286209
5.245313,39,11849.980386
76.048193,115,11851.951295
1.307404,18,11852.363272
26.229619,78,11853.729743
21.024523,37,11854.375636
5.773576,21,11854.778829
82.150862,197,11858.051549
1.705805,21,11858.426971
1.617675,23,11858.860766
75.910545,117,11860.892405
34.832979,105,11862.838816
79.37231,234,11866.76055
76.794354,187,11870.269389
80.384078,101,11872.058894
85.303064,177,11875.037215
74.775134,103,11876.883464
76.521033,111,11878.85177
89.244407,109,11880.856099
79.526798,121,11883.374568
0.99214,18,11883.775029
66.53056,94,11885.476132
78.160771,90,11886.99947
53.523794,449,11893.86898
-6.0,5,11893.96367
58.185845,81,11895.371935
83.038862,113,11897.25074
21.559481,58,11898.348016
69.966202,74,11899.801893
63.134544,77,11901.160761
2.862898,15,11901.465127
76.076007,106,11903.545168
-4.393015,8,11903.705717
76.931961,117,11905.764528
10.779337,55,11906.740675
67.414324,101,11908.490333
44.545259,153,11911.167779
84.189479,204,11914.712308
14.634499,75,11916.214563
81.512748,243,11920.605663
82.10419,89,11922.155814
75.279505,98,11923.874054
18.150487,36,11924.527833
19.140885,50,11925.450446
81.163179,185,11928.618205
7.368336,32,11929.205582
50.468,455,11936.171733
3.08302,19,11936.601342
55.476851,67,11937.858406
77.6525,128,11940.231143
40.324866,55,11941.209771
11.470539,67,11942.474907
-3.845608,11,11942.703579
87.952945,198,11946.164061
40.358661,300,11951.2463
36.424177,64,11952.561429
31.899222,56,11953.639401
33.358489,56,11954.677272
-4.490986,7,11954.816674
23.642136,39,11955.628824
15.149797,55,11956.632741
85.78746,117,11959.036429
62.552582,196,11962.765442
9.679696,37,11963.602071
35.331099,246,11968.245578
17.175423,47,11969.1267
74.412867,120,11971.288423
82.772703,169,11974.388672
51.317078,61,11975.451546
3.364502,91,11977.040366
1.951968,21,11977.415585
82.859771,106,11979.387817
0.389636,17,11979.682608
77.430324,80,11981.033447
88.493302,136,11983.307865
85.33412,91,11985.054385
60.752286,93,11986.722223
33.351022,61,11987.882754
4.381446,31,11988.51951
65.094318,80,11990.15913
63.745728,77,11991.545861
41.227687,59,11992.631162
52.005662,103,11994.442724
85.799163,114,11996.709748
81.683145,91,11998.49027
81.613471,83,11999.924134
87.327861,110,12001.75763
47.891276,59,12002.760237
82.909899,118,12004.668924
30.196574,50,12005.509241
24.067741,124,12007.55099
64.375141,250,12011.386206
2.805614,23,12011.799091
8.722762,33,12012.34864
10.342104,126,12014.420814
76.924758,465,12022.209881
6.244781,49,12023.157515
8.368749,74,12024.519565
80.820347,271,12028.887522
78.836039,131,12031.262898
77.194932,367,12037.031902
27.890783,133,12039.350559
83.196174,112,12041.381919
21.740022,126,12043.729953
78.456122,279,12048.415214
88.989098,229,12052.477354
83.008993,132,12054.952891
49.627653,90,12056.792231
19.486149,155,12059.670316
-3.486152,8,12059.83034
12.947453,61,12060.939824
44.247959,136,12063.45642
86.239631,242,12067.683763
34.735467,187,12070.929019
15.931797,240,12075.089621
89.086965,156,12077.894799
85.651688,238,12082.182378
-1.575272,16,12082.505468
43.710111,117,12084.569848
76.385814,500,12092.866859
20.460066,174,12095.944855
10.049586,25,12096.427964
-10.0,1,12096.463758
84.668299,282,12101.130547
29.796173,153,12103.731195
88.036079,179,12106.879675
38.541997,181,12110.183539
37.502952,101,12112.191294
17.42927,110,12114.22317
-2.0,10,12114.414195
47.538388,204,12118.298602
70.691026,89,12120.057966
47.668855,80,12121.573077
10.651198,55,12122.548298
86.183375,107,12124.551348
4.959847,17,12124.986088
24.17046,92,12126.758221
83.38899,155,12129.908326
34.823958,76,12131.368924
-8.066692,4,12131.552454
86.232801,130,12133.948
16.723752,102,12135.746501
86.458227,128,12138.028804
4.333393,18,12138.428594
-5.466589,11,12138.621992
86.13908,93,12140.376667
32.53158,47,12141.218716
60.134317,130,12143.600002
77.161183,131,12145.89771
87.10298,104,12147.667243
85.782863,112,12149.633308
86.387454,223,12153.298191
80.313971,393,12159.505632
44.68166,212,12163.170849
0.118591,13,12163.441899
35.550755,47,12164.343141
86.651881,126,12166.423838
84.795233,117,12168.389812
4.406622,36,12169.092328
-0.662671,21,12169.596004
29.568303,59,12170.660493
6.663914,88,12172.225705
43.727002,107,12173.991611
16.494538,56,12175.026325
80.975406,341,12180.352404
41.915282,280,12184.99793
85.30735,216,12188.72102
6.732031,63,12190.005386
37.569861,207,12193.620128
16.293851,74,12195.070033
71.674333,221,12199.229738
-1.548771,10,12199.532877
23.84828,49,12200.508384
78.959406,270,12204.849975
65.500706,467,12212.13895
20.987735,171,12215.173084
68.32302,163,12217.977186
31.690707,221,12221.722393
-1.713034,11,12221.952899
38.185038,62,12223.113864
77.588926,137,12225.420875
72.754668,113,12227.425985
80.593321,92,12229.119401
89.600847,89,12230.821542
19.736664,97,12232.659576
87.114045,95,12234.537174
78.280097,115,12236.623037
18.454473,148,12239.447745
74.23991,254,12243.38382
83.085279,400,12249.562272
85.95435,109,12251.46799
8.35501,44,12252.405958
34.759887,76,12253.803337
42.695403,130,12256.076548
81.762291,84,12257.493664
74.783401,209,12261.33742
21.911901,115,12263.350684
3.129402,120,12265.391527
76.435605,99,12267.185192
12.259309,93,12268.860037
2.02252,54,12269.870703
-6.49113,5,12269.978819
85.993546,378,12275.999813
86.126468,86,12277.472372
21.807517,67,12278.65807
57.994624,326,12283.94477
79.9432,104,12285.763072
79.314791,188,12289.062239
78.04925,145,12291.555603
72.74905,417,12298.324059
86.139173,217,12302.080969
-3.796958,10,12302.38393
85.400151,120,12304.602784
14.506781,83,12305.997349
81.487306,209,12309.60828
84.342433,170,12312.682271
28.810187,42,12313.428923
63.381866,276,12317.805619
13.2744,41,12318.691545
82.338383,107,12320.847477
86.081867,112,12322.952063
14.945167,134,12325.449897
11.836809,198,12328.901725
77.665222,106,12330.789276
20.678362,42,12331.541428
83.073454,120,12333.696375
-8.685468,3,12333.74754
79.999497,388,12340.045141
77.901474,110,12342.234555
32.244789,89,12343.832726
89.215104,102,12345.609536
82.219678,146,12348.398476
81.772987,253,12352.534305
75.569081,134,12354.983199
60.407018,90,12356.609775
11.22508,52,12357.624145
76.316235,103,12359.52427
-8.295995,4,12359.613098
-3.458721,12,12359.832361
2.683991,22,12360.331526
78.926431,113,12362.351964
79.086229,163,12364.973172
-3.184411,8,12365.124979
17.330759,180,12368.12869
77.768519,237,12371.909777
71.037972,118,12373.950441
41.450657,83,12375.496722
37.283917,64,12376.764844
12.662868,32,12377.380465
38.299077,322,12382.814023
8.434993,57,12383.755348
79.4243,209,12387.515551
-7.96,3,12387.602926
82.539944,103,12389.529493
83.346591,110,12391.474326
76.666273,147,12394.086013
78.209016,213,12397.547926
-7.708599,6,12397.688546
26.212564,103,12399.604457
64.799405,126,12401.842321
40.281957,79,12403.260038
81.521292,96,12404.991186
71.947772,94,12406.645317
82.452689,103,12408.508061
80.212448,213,12412.383593
5.143047,23,12412.845519
23.987948,189,12415.892803
6.549115,155,12418.631405
15.520087,38,12419.403738
38.80604,224,12423.138983
62.327357,140,12425.588901
86.146985,242,12429.541697
42.874929,90,12431.19403
84.948699,102,12432.968611
80.618736,104,12434.943005
83.241405,374,12441.377091
19.467432,129,12443.662783
15.535734,113,12445.946892
36.985957,49,12446.879225
1.096799,22,12447.396241
74.95628,221,12451.412346
10.232108,75,12452.68371
47.681156,71,12454.038059
5.966429,27,12454.629818
45.921822,62,12455.730303
3.10871,27,12456.201614
25.356547,45,12457.032174
77.752185,120,12459.242508
62.400752,78,12460.656055
12.465248,55,12461.69646
84.582568,326,12467.008668
-1.511358,17,12467.460081
-10.0,2,12467.514095
78.73006,87,12469.066237
21.798604,48,12469.957456
74.413176,97,12471.837595
67.385354,96,12473.563674
80.371576,237,12477.585014
10.433081,55,12478.564329
-5.162344,6,12478.780842
3.747342,51,12479.611513
3.506069,34,12480.234827
80.782724,231,12484.165088
67.337485,367,12489.948179
75.483045,185,12493.073404
82.23294,235,12497.028403
82.298599,190,12500.335055
4.111521,126,12502.617707
15.31421,39,12503.315347
79.369315,101,12505.135636
82.3331,210,12508.630455
83.04607,340,12514.073117
13.199329,62,12515.172997
69.207814,340,12520.545873
84.419205,249,12524.821532
73.648574,88,12526.464074
83.306536,255,12530.936958
2.923762,41,12531.802912
63.860748,235,12535.632491
82.846704,108,12537.617192
18.132535,127,12539.921673
82.302538,92,12541.535239
46.82857,83,12542.983755
87.974495,249,12546.932727
40.117957,71,12548.143674
63.683431,112,12550.150883
68.606446,124,12552.436794
77.564082,111,12554.532373
85.543964,127,12556.830952
55.579943,208,12560.484856
80.288421,398,12567.073433
78.432353,106,12569.081329
72.479286,91,12570.830352
82.642992,118,12572.99154
59.826596,90,12574.565759
36.783551,60,12575.697597
13.996042,35,12576.400933
63.39335,74,12577.653624
75.467891,395,12584.204043
3.812715,22,12584.68788
76.676623,250,12588.960009
78.76937,82,12590.424531
10.244074,54,12591.362685
6.333667,69,12592.651276
89.174649,130,12595.029911
86.281872,129,12597.312783
4.156819,63,12598.432549
12.296875,233,12602.450939
88.785738,111,12604.506924
83.338437,109,12606.592446
88.998198,146,12609.210665
24.095063,488,12616.748389
-6.812162,11,12616.940986
8.616682,30,12617.59584
3.26219,20,12617.954843
36.507656,456,12625.905243
33.503493,49,12626.778161
7.764056,55,12627.812549
36.142948,68,12629.093074
88.751375,166,12632.015263
64.131081,96,12633.746121
54.570981,67,12634.971918
20.264486,37,12635.636833
13.70761,30,12636.308782
-5.558065,20,12636.661627
79.130025,99,12638.466112
89.007165,147,12641.127465
68.758795,78,12642.568238
71.340533,100,12644.447136
-6.529368,7,12644.589461
37.459291,78,12645.994
86.300858,124,12648.546852
12.70949,38,12649.318429
82.206737,140,12652.077237
82.527593,109,12654.062634
52.677927,76,12655.425091
66.078748,142,12657.982836
35.829895,149,12660.670089
70.569071,81,12662.050295
20.276035,74,12663.375204
82.155476,102,12665.065531
17.144602,133,12667.277809
82.787389,231,12670.997798
11.559629,175,12674.077763
51.348197,78,12675.471479
50.311605,89,12677.114193
33.697218,77,12678.644784
3.136654,20,12679.108379
47.696124,90,12680.845118
50.493443,85,12682.517709
16.523052,192,12685.677725
18.6826,180,12689.092225
55.443796,132,12691.530399
22.074629,183,12694.812561
-0.398649,17,12695.130296
85.853081,132,12697.649439
53.796901,83,12699.200384
-1.153821,18,12699.527535
79.039997,94,12701.299398
-7.306067,4,12701.460006
-2.305158,19,12701.838168
68.987759,90,12703.327657
50.674016,72,12704.630158
81.324127,247,12708.801267
1.276306,15,12709.097986
80.425085,341,12714.961915
86.21434,221,12718.655443
89.238482,100,12720.584437
4.7062,73,12721.940196
56.222976,500,12729.962277
12.857577,116,12732.108396
76.414984,101,12734.122792
83.105629,95,12735.7977
-5.799509,10,12735.988083
18.056535,173,12738.925297
52.447675,100,12740.954895
38.21735,285,12745.992955
0.348376,15,12746.282098
33.691674,46,12747.218383
56.591157,184,12750.473958
79.290969,107,12752.525782
9.937425,30,12753.061324
65.608073,197,12756.506926
58.976906,276,12760.979022
80.324459,126,12763.469533
75.433369,103,12765.547093
76.542706,142,12768.025994
56.702015,500,12776.049397
9.33511,139,12778.584875
6.73886,92,12780.271196
-0.275716,45,12781.105351
77.209168,130,12783.620704
2.708341,20,12784.028416
89.118792,226,12787.986949
3.938997,26,12788.493574
69.051252,194,12791.908799
1.947608,15,12792.21475
6.555931,55,12793.281601
12.919939,67,12794.428107
-6.299722,10,12794.732657
25.702626,166,12797.771772
70.346303,75,12799.186753
13.606192,123,12801.514963
64.780474,500,12809.355827
72.77002,109,12811.27471
74.622617,103,12813.051858
47.318765,500,12820.360838
52.607319,64,12821.566183
9.115508,32,12822.156737
0.903903,42,12822.932968
26.208619,63,12824.1416
84.188053,287,12829.322174
85.067105,138,12832.145523
9.251149,73,12833.613852
13.859226,171,12836.665082
51.683281,293,12841.938738
77.840446,305,12847.096096
65.271354,96,12848.836468
79.194327,321,12854.140776
53.825414,422,12861.108908
0.096933,42,12861.933908
17.727891,261,12866.144043
10.887174,71,12867.514168
85.412834,214,12871.457727
78.372309,92,12873.188441
48.766946,97,12874.947009
15.374473,221,12878.661639
77.68205,284,12883.391873
42.40899,138,12885.822653
72.278934,261,12890.195532
78.522609,102,12892.029457
12.649909,78,12893.466643
17.608047,51,12894.359931
-2.8409,17,12894.701821
5.127056,141,12897.232302
-6.395486,5,12897.433421
21.307948,44,12898.25003
80.000129,149,12900.878531
83.278527,332,12906.453259
30.427054,386,12912.719373
82.450418,86,12914.272188
89.423603,116,12916.331474
76.876189,200,12919.878096
3.245649,24,12920.43299
79.348951,99,12922.32692
31.068651,124,12924.579376
2.97986,19,12924.943247
42.470673,76,12926.352312
84.418259,250,12930.45962
37.885863,69,12931.751067
-1.882719,11,12932.023467
11.110656,38,12932.812047
42.285194,66,12933.995902
82.73159,122,12936.220739
-1.522217,40,12937.015851
38.488303,62,12938.281433
13.048057,78,12939.751845
77.742797,224,12943.559429
87.049241,115,12945.540462
89.21258,119,12947.744231
56.262445,98,12949.596662
60.263054,79,12951.114458
15.696879,35,12951.825645
77.518437,80,12953.231459
5.225611,123,12955.29069
69.022437,124,12957.421981
-5.015891,7,12957.57086
56.913551,88,12959.275445
70.059218,143,12962.185319
71.112494,313,12967.683746
48.74456,76,12969.088624
14.652928,30,12969.737341
48.868163,129,12972.093364
62.353114,97,12973.874746
10.171672,30,12974.48125
-3.756231,28,12975.109408
1.304719,22,12975.531836
83.067754,106,12977.497394
89.362357,93,12979.323244
55.497582,188,12982.752986
24.040787,46,12983.630049
9.189861,46,12984.506322
80.656682,157,12987.340461
87.629335,197,12990.838126
15.696496,42,12991.705232
17.299881,103,12993.567853
79.250063,100,12995.438494
15.71375,59,12996.818005
78.795832,91,12998.712554
13.804845,31,12999.391263
69.512229,260,13003.622643
-6.338219,9,13003.862832
11.028773,59,13004.929428
14.038679,87,13006.423667
68.284707,127,13008.576065
79.386511,221,13012.33768
1.255376,36,13012.963337
82.006647,458,13019.686162
23.926013,82,13021.110511
10.315034,125,13023.313492
11.240209,316,13028.41099
4.555642,20,13028.842747
34.270595,61,13029.965319
70.538507,120,13032.366481
-4.064826,18,13032.725892
88.417311,177,13036.172847
-9.16,1,13036.215359
47.692654,152,13038.980658
-8.207618,5,13039.087027
80.375179,187,13042.376401
81.224187,232,13046.126752
35.414617,76,13047.539431
65.459784,72,13048.758075
82.793665,131,13050.946097
74.722637,86,13052.383067
82.440612,129,13054.640792
-1.626091,11,13054.833998
16.039302,222,13058.5359
86.341175,128,13060.699463
80.431024,390,13066.76485
27.561801,47,13067.645699
-8.670748,3,13067.731312
20.122193,43,13068.542335
-3.160809,13,13068.94117
51.426298,65,13070.244576
81.23245,172,13073.296441
-9.16,1,13073.339948
86.577231,283,13077.969099
-6.0,5,13078.07102
27.77733,317,13083.10967
70.65776,103,13084.938781
6.927126,80,13086.468502
88.709378,142,13089.002199
77.098218,115,13091.029487
-9.372272,6,13091.157869
56.756524,69,13092.495447
74.835287,98,13094.267192
85.667607,299,13099.130136
-10.0,1,13099.161191
81.426045,235,13103.385831
6.629064,102,13105.269756
81.457781,167,13108.334364
37.415417,235,13112.324287
18.286347,188,13115.471213
84.059401,164,13118.270706
-5.419519,11,13118.460547
86.014653,210,13121.960827
30.593576,182,13125.168176
3.214049,64,13126.328793
84.067341,191,13129.677336
88.986694,120,13131.823869
2.237967,30,13132.44711
81.685482,348,13137.880111
0.723035,19,13138.205713
4.685019,111,13140.165124
21.050982,82,13141.807013
79.622668,371,13147.813589
34.615025,70,13149.264059
-1.085492,19,13149.651939
15.968584,242,13153.792258
86.024892,86,13155.293139
79.995091,210,13158.954237
6.457485,218,13162.880713
9.219505,76,13164.347492
72.555597,254,13168.559073
62.709685,190,13171.898045
78.496141,347,13177.553012
4.374934,178,13180.879786
78.795342,92,13182.594294
5.766038,92,13184.250201
16.485182,95,13185.957001
70.342695,189,13189.484957
-2.423369,12,13189.745718
77.420047,308,13194.868464
87.463707,210,13198.333327
3.017045,59,13199.460755
74.589605,119,13201.554245
79.839647,116,13203.661733
77.653723,251,13207.911146
10.741362,29,13208.498626
5.975017,20,13208.874925
22.354042,93,13210.598281
70.249467,77,13212.085114
48.659379,377,13218.526855
3.065509,31,13219.129679
21.605219,393,13225.481137
4.775717,48,13226.390807
63.981407,101,13228.297129
-3.477993,9,13228.478192
36.374446,215,13232.094404
80.293081,409,13238.582452
79.805213,184,13242.046934
14.826315,76,13243.47154
78.466924,159,13246.399645
85.390852,161,13249.532209
77.752643,91,13251.429846
13.4359,38,13252.17632
15.152451,152,13254.877395
-5.897423,11,13255.09471
9.466181,35,13255.807289
38.629201,196,13259.066577
-6.738871,8,13259.228137
87.629744,220,13262.926851
85.659548,283,13267.563494
2.498253,126,13269.783254
13.16209,48,13270.668676
82.943828,352,13276.169263
79.866684,186,13279.55622
21.02088,48,13280.488154
5.935934,24,13281.048033
82.598087,454,13288.702922
4.166672,120,13291.062344
50.401923,157,13293.864027
76.851138,435,13300.844614
23.000234,48,13301.74386
61.412962,78,13303.314633
73.28862,116,13305.427453
1.654599,47,13306.2757
10.368078,72,13307.582734
4.497384,137,13310.375556
78.659464,118,13312.678643
31.996106,198,13316.225352
22.646807,158,13319.215519
29.55335,195,13322.632175
78.708056,92,13324.221642
77.709233,388,13330.153562
3.227534,102,13331.894231
79.898077,198,13335.271358
29.596426,73,13336.522716
80.543427,145,13339.09256
77.244476,120,13341.26635
-1.046408,27,13341.859665
0.444867,73,13343.130138
81.303071,419,13349.5952
85.091683,268,13354.003276
61.497206,93,13355.851547
6.974083,29,13356.548706
71.714009,192,13359.768739
29.506622,105,13361.651812
32.116448,61,13362.791687
81.563797,161,13365.660695
82.148137,106,13367.660957
35.588085,60,13368.896202
81.123035,271,13373.502894
6.816617,55,13374.45684
14.819914,67,13375.650193
4.507242,53,13376.668716
1.102944,41,13377.492166
89.437817,97,13379.138442
72.154615,94,13380.798026
68.8269,106,13382.692486
25.79289,44,13383.540819
9.23639,114,13385.471436
-9.667212,10,13385.718081
40.909712,109,13387.748653
8.544928,35,13388.510459
2.28376,18,13388.829445
1.524072,24,13389.305099
8.432765,35,13390.012929
89.251576,128,13392.38888
24.902421,120,13394.500352
42.882596,128,13396.670789
57.984688,285,13401.745718
33.858742,202,13405.583445
16.445883,47,13406.535276
26.086937,68,13407.906663
82.027404,260,13412.60037
7.419512,160,13415.762155
27.151805,171,13419.008126
68.121596,120,13421.452118
1.936817,39,13422.338927
37.279929,238,13426.898533
40.824483,106,13428.976649
70.385919,96,13430.918948
-1.36161,22,13431.362674
65.188664,142,13434.136639
3.005541,102,13436.160008
80.399807,160,13439.357669
6.852699,187,13442.934638
81.543679,181,13446.418311
78.369199,85,13448.031788
71.129214,145,13450.728677
25.065381,44,13451.571256
72.018096,86,13453.285353
11.211152,194,13457.084912
4.383807,39,13457.910012
13.260875,172,13461.446868
82.475204,98,13463.559631
85.29782,96,13465.496979
81.056309,257,13470.298252
89.124691,130,13472.873715
12.298532,31,13473.596329
85.996743,127,13475.952291
24.256773,67,13477.210724
88.832977,273,13482.038276
39.063351,126,13484.52196
16.772499,140,13487.062434
12.895621,81,13488.61923
81.797533,104,13490.650856
89.166848,205,13494.493148
-0.051512,28,13495.061589
12.324635,124,13497.457189
80.103522,232,13501.752131
35.050616,203,13505.46973
0.823399,14,13505.763589
2.58549,23,13506.219936
24.029237,159,13509.072075
12.423698,28,13509.729966
-4.124325,14,13510.075561
18.911563,121,13512.257135
84.129133,196,13515.712203
25.395897,76,13517.230932
18.750651,69,13518.539399
85.072229,248,13523.083068
2.133442,27,13523.599077
15.562839,105,13525.650623
10.001179,41,13526.479089
85.340674,140,13529.158425
1.179121,17,13529.497705
83.860905,240,13533.839822
13.388042,379,13540.097713
8.160271,23,13540.51704
33.439764,57,13541.605434
65.790608,88,13543.359382
37.90061,135,13545.791379
78.951281,159,13548.795399
69.259214,377,13554.863973
-6.539247,9,13555.174031
36.666062,72,13556.449508
9.905979,35,13557.078938
79.99,131,13559.574523
3.617421,21,13560.067056
9.10143,21,13560.503435
88.777879,117,13562.817716
62.6647,72,13564.204384
78.437008,95,13566.213438
84.175472,231,13570.258869
48.140174,138,13572.798648
52.923973,109,13574.930519
78.827803,118,13577.277745
71.524244,195,13580.846791
81.895584,237,13585.245661
11.63506,132,13587.682209
83.480136,245,13591.958744
65.635735,95,13593.710164
85.686281,89,13595.297581
28.494063,52,13596.28626
30.913769,51,13597.313381
47.416588,120,13599.44031
-4.380714,7,13599.576806
26.157842,57,13600.67474
56.668502,73,13602.050007
73.155452,115,13604.055769
83.476325,177,13607.141388
69.710189,149,13609.814297
81.17888,413,13616.418479
36.318903,237,13620.241762
-6.348274,5,13620.346073
43.915073,85,13621.795812
81.67498,84,13623.313677
22.230161,48,13624.157991
82.270962,93,13625.747588
85.174045,252,13629.721794
14.514195,350,13635.394906
12.896794,36,13636.123485
60.978021,202,13639.69992
82.002726,121,13642.035293
80.239843,309,13647.275108
79.794307,130,13649.702204
82.132091,273,13654.086634
66.148902,294,13658.809685
83.570898,210,13662.460112
24.895,165,13665.494816
-6.291156,6,13665.615082
11.806231,162,13668.598956
11.404162,260,13673.351817
1.045828,70,13674.601552
32.836039,187,13677.89864
29.241833,169,13680.905932
12.707714,34,13681.650244
72.379118,90,13683.239864
28.416294,45,13684.079998
48.821089,100,13685.872305
4.12856,48,13686.8026
78.532224,110,13688.762404
53.150739,202,13692.245948
84.170205,225,13695.961381
0.177049,45,13696.837492
78.230007,395,13703.206344
-2.436382,17,13703.524896
87.777396,229,13707.386091
83.534364,229,13711.279808
47.678633,93,13712.882885
18.773142,257,13717.01249
42.117947,86,13718.526376
44.562557,82,13720.016008
36.233475,138,13722.335882
79.262584,114,13724.271549
70.773776,95,13725.888196
36.020515,351,13732.08694
27.479173,258,13736.515416
13.367192,198,13739.969413
-0.194097,23,13740.408772
16.538321,30,13741.093951
5.383848,82,13742.621175
20.726998,44,13743.416843
26.0,37,13744.083736
42.450139,64,13745.30121
28.628062,68,13746.514089
-10.440833,2,13746.558369
52.640034,116,13748.584714
50.330436,88,13750.245745
70.229595,307,13755.199262
13.860515,85,13756.81724
60.601425,186,13760.377384
11.591848,26,13761.030111
82.180175,406,13768.162589
83.483713,277,13772.986684
14.709513,85,13774.968512
78.372249,346,13780.954508
76.980797,324,13786.498289
-0.401518,14,13786.803531
5.41869,63,13788.058982
0.432423,23,13788.623205
1.2299,32,13789.318919
50.875199,310,13794.615124
38.538845,111,13796.629008
27.695342,280,13801.58237
7.864384,255,13805.827288
-7.6,4,13805.934193
18.761118,33,13806.539703
81.944322,116,13808.721646
85.545733,117,13810.822227
85.762162,112,13812.807664
81.021681,111,13814.859324
89.098648,95,13816.764934
26.031644,54,13817.745944
89.365227,151,13820.803973
68.249535,354,13826.649683
79.996545,207,13830.512362
85.361255,96,13832.273384
73.202824,406,13839.321553
39.085534,85,13840.938162
81.726928,157,13843.935118
72.432295,95,13845.787417
6.385732,118,13848.026933
60.616842,116,13850.219064
46.353891,151,13853.156492
89.187671,229,13857.481806
89.452217,110,13859.592522
41.10728,76,13861.076008
82.493018,134,13863.800449
19.053866,38,13864.602126
14.229222,34,13865.301961
-10.0,1,13865.367953
79.25911,92,13867.317689
29.198936,164,13870.386188
88.765042,173,13873.72932
15.28196,28,13874.338608
67.144131,267,13879.602911
81.11045,385,13886.236131
80.944767,361,13892.397498
16.867366,194,13895.878559
81.489993,199,13899.515379
12.231305,45,13900.323274
3.002516,25,13900.758509
40.966933,61,13901.837591
69.876291,80,13903.321794
11.800244,34,13903.964216
42.899584,145,13906.417251
-7.96,3,13906.510437
34.837487,100,13908.280513
6.014337,177,13911.476016
86.376213,214,13915.101477
38.305543,119,13917.204342
3.733128,82,13918.788377
46.387986,108,13920.863431
-9.32,2,13920.912847
30.066612,53,13921.891376
-8.44,4,13922.048806
50.603171,80,13923.437192
77.86833,112,13925.545343
81.992797,85,13927.077386
-5.821696,12,13927.411693
19.535884,108,13929.423075
74.372532,84,13931.002305
4.231396,20,13931.37005
8.885436,47,13932.296116
-2.027733,21,13932.737044
38.232089,77,13934.176998
78.825802,274,13938.753541
4.006315,51,13939.818091
89.071527,215,13943.654373
82.946872,208,13947.523719
72.50105,207,13951.458782
86.260989,327,13957.209417
37.978387,82,13958.756168
14.208278,39,13959.517036
82.473356,105,13961.476585
54.410821,78,13962.976423
29.904923,439,13970.250865
70.968544,81,13971.762287
89.331766,126,13974.086415
57.080916,97,13975.963401
29.493404,140,13978.505854
3.890232,28,13979.127537
52.54107,109,13981.319577
82.883589,341,13987.055616
63.242325,90,13988.760033
63.558524,163,13991.634015
23.47937,72,13993.033481
-9.32,2,13993.169542
78.720811,226,13997.084816
6.656862,23,13997.53385
21.339521,413,14004.359353
-2.344446,25,14004.905574
-8.8,3,14004.995183
64.459612,411,14012.207165
70.133898,304,14017.487865
5.07171,30,14018.153794
82.933584,93,14019.944195
57.625954,72,14021.242895
72.332459,262,14025.720339
27.827351,277,14030.248914
16.727848,86,14031.806741
0.180209,33,14032.445454
-10.712105,3,14032.535177
86.873494,227,14036.481206
-8.051149,8,14036.643375
83.37423,357,14042.90034
74.877178,105,14044.913664
71.071194,131,14047.425447
-8.0,3,14047.473884
22.520748,40,14048.178437
32.60079,69,14049.503903
86.4291,265,14054.022066
69.986548,107,14056.049762
81.538095,201,14059.530351
52.488687,476,14067.170662
3.743882,34,14067.864663
71.077444,107,14069.854859
80.564475,188,14073.341227
86.390344,282,14078.233042
87.045107,219,14082.142722
5.209903,39,14082.874089
86.059244,139,14085.451681
89.205593,93,14087.219036
86.290473,108,14089.208009
23.581239,139,14091.653348
12.289223,43,14092.44313
14.472976,53,14093.415295
15.568911,39,14094.206994
75.57715,170,14097.111423
80.738108,340,14102.969132
11.389259,34,14103.612457
-5.274214,13,14103.958079
76.926063,209,14107.692382
22.876261,127,14110.208162
41.301118,145,14113.087042
12.454224,47,14114.146566
75.904294,311,14119.955205
82.753195,85,14121.578603
-7.6,4,14121.69817
6.939434,94,14123.572006
86.167063,134,14126.085939
85.972657,116,14128.2988
-0.503252,59,14129.496138
-9.957068,3,14129.635069
7.842947,183,14133.118305
-3.032517,11,14133.37486
7.316229,137,14135.95712
78.430019,81,14137.620413
86.632859,138,14140.369003
86.184558,241,14145.296588
44.930343,90,14147.249661
36.430434,500,14155.918813
86.115687,318,14161.963744
74.894221,103,14163.858644
81.575421,96,14165.696851
13.536907,323,14171.369806
34.075038,110,14173.54044
19.896672,95,14175.47206
63.42541,92,14177.234483
-5.941508,8,14177.498403
82.365613,322,14183.821964
81.731839,165,14187.698254
33.30686,73,14189.424966
27.089259,269,14194.606529
14.615969,229,14198.594825
28.798487,185,14202.088331
81.843564,98,14204.011455
17.948342,162,14206.928238
40.277787,183,14210.059558
58.804666,82,14211.543962
57.704273,178,14214.441596
59.358096,92,14216.131363
84.158355,102,14217.947505
69.560416,183,14221.387547
28.6887,106,14223.393909
82.615784,100,14225.272812
-7.419638,9,14225.442671
-1.550096,27,14225.933402
81.654378,206,14229.294798
-6.764408,9,14229.547693
82.226975,205,14232.909058
23.518262,235,14236.667272
-7.662716,8,14236.830558
77.74567,115,14238.927947
7.197114,47,14239.728116
2.095907,39,14240.438464
-3.044931,12,14240.676242
59.491135,195,14243.905166
46.974009,247,14247.867815
38.474692,74,14249.249979
7.215732,19,14249.607458
27.420307,153,14252.440823
89.104523,152,14255.206574
10.179649,37,14255.923056
10.80068,72,14257.235848
18.079222,86,14258.840845
12.463872,57,14259.825392
33.330828,99,14261.534874
-8.0,3,14261.615472
82.108679,90,14263.27089
9.643152,55,14264.246094
54.533109,279,14268.665831
78.556019,215,14272.100616
79.483826,125,14274.344757
34.816955,46,14275.103384
88.960644,129,14277.305948
55.093803,86,14278.876759
66.268115,208,14282.512873
79.744045,109,14284.369597
86.296906,209,14287.874845
86.154531,189,14291.228179
6.793952,109,14293.20529
74.364244,84,14294.646675
6.35073,21,14295.026612
18.822758,43,14295.792451
71.612292,94,14297.483389
18.808854,283,14302.020398
11.231092,104,14303.783868
33.628756,500,14311.369749
48.69137,86,14313.024051
60.43959,300,14317.594769
82.810049,233,14321.254138
72.690582,145,14323.808033
-6.418336,16,14324.183292
25.501709,57,14325.186519
57.56756,77,14326.625994
7.860884,30,14327.150272
83.049446,121,14329.340216
85.8379,97,14331.034439
10.322297,152,14333.603809
25.143908,51,14334.46926
-1.466117,15,14334.853703
2.874393,19,14335.220869
83.041252,304,14340.116061
26.342655,370,14345.902663
19.765047,97,14347.67511
81.231745,99,14349.477137
-4.443677,15,14349.796423
-10.519079,9,14349.981566
80.223089,110,14352.104035
62.248419,228,14355.839087
80.474132,141,14358.267153
7.391597,107,14360.166756
9.870593,29,14360.795474
-9.056313,3,14360.890024
8.22945,30,14361.443603
13.385877,58,14362.508477
80.714534,107,14364.451084
73.659377,327,14369.512847
4.37019,92,14371.187537
-8.345211,3,14371.274954
82.687975,125,14373.576229
78.502548,98,14375.243357
79.443161,116,14377.242652
84.61495,207,14380.707271
1.952441,66,14381.97063
82.205157,84,14383.405672
26.87608,78,14384.777818
16.106003,74,14386.048097
42.80826,67,14387.283211
71.87977,86,14388.765507
24.481,109,14390.642606
14.565516,171,14393.620838
2.208695,27,14394.190447
86.460009,186,14397.338902
21.739402,173,14400.553787
52.903,180,14403.651716
73.323963,108,14405.598187
22.711446,197,14408.844605
64.959248,79,14410.230956
11.996972,127,14412.390929
80.312775,101,14414.211403
89.114952,131,14416.472149
4.72761,26,14416.933581
3.41436,55,14417.879909
-7.438234,4,14418.041026
82.819043,159,14420.711568
84.583722,163,14423.697199
79.949171,181,14426.737578
16.305032,293,14431.944686
84.865081,190,14435.250778
85.921773,90,14436.792919
5.230278,23,14437.210883
86.630658,123,14439.44015
79.813761,99,14441.335404
71.238646,170,14444.247319
62.881166,266,14448.570742
9.703229,27,14449.137869
15.266108,100,14450.863756
11.592564,42,14451.587039
29.454658,41,14452.308812
78.524628,483,14459.711136
26.395211,56,14460.746302
45.540027,118,14462.91019
85.880746,230,14466.725211
16.196076,70,14468.123697
14.847233,393,14474.074918
-0.820384,22,14474.475265
3.062703,28,14474.983814
24.245946,233,14478.878308
27.290249,174,14481.801811
18.586459,37,14482.466365
58.071284,191,14485.56188
76.342445,214,14489.234575
77.738333,227,14492.971858
71.047228,95,14494.593318
80.174577,254,14498.720284
29.10754,48,14499.716693
78.169338,101,14501.512411
14.759704,40,14502.287465
74.865434,87,14503.867941
0.059271,26,14504.410148
58.953719,182,14507.436937
3.103923,22,14507.827429
72.835645,86,14509.342093
11.436817,109,14511.263713
31.745059,97,14512.92119
-3.422595,10,14513.119795
37.103539,97,14514.769719
33.042564,59,14515.874304
2.992879,35,14516.486659
83.253362,361,14522.263116
39.918312,313,14527.214501
86.135629,98,14529.1055
2.114674,17,14529.408673
71.184759,352,14534.79857
80.364662,131,14537.123016
28.046447,62,14538.324057
75.11182,125,14540.466689
81.108092,336,14545.550078
6.616866,150,14548.02504
82.723866,196,14551.478476
47.545776,83,14552.963827
28.629062,71,14554.190187
88.733482,235,14557.92956
12.311423,138,14560.428436
88.525562,261,14564.69042
4.825837,63,14565.801663
81.37732,210,14569.286519
81.012722,154,14572.051225
81.553138,198,14575.447659
72.820447,226,14579.180993
68.415623,97,14580.967609
69.746335,303,14585.779109
69.076326,89,14587.303632
16.134692,62,14588.385316
9.622038,49,14589.27735
8.081482,35,14589.988915
20.315496,122,14592.126433
-0.113588,14,14592.36687
83.364202,213,14595.889693
7.841237,182,14598.945762
33.243601,65,14600.066595
83.221586,98,14601.967148
22.374721,55,14603.072926
87.541297,295,14608.006891
87.293906,236,14612.141475
74.550991,320,14616.991779
88.80394,146,14619.522384
13.930656,53,14620.517356
47.104688,237,14624.305785
8.588483,107,14626.133043
26.119702,174,14628.997339
83.24051,137,14631.426872
83.591519,242,14635.247033
81.352355,275,14639.786383
23.060226,79,14641.375993
27.871475,186,14644.604317
11.90172,29,14645.155265
75.831371,104,14646.929934
69.567956,103,14648.703736
-1.541245,19,14649.140358
59.501035,253,14653.128713
75.019047,124,14655.31135
-6.113344,9,14655.514088
3.075537,33,14656.174792
10.44892,77,14657.607344
3.457669,38,14658.297021
82.480379,115,14660.264664
6.484068,48,14661.176242
0.66812,20,14661.534522
76.282941,96,14663.184541
46.550156,74,14664.530261
49.218661,74,14665.858359
80.107727,92,14667.459619
85.36343,350,14673.218607
88.792289,288,14678.04162
33.796302,49,14678.953319
55.835682,202,14682.271495
23.0391,98,14684.010306
67.524469,317,14688.894514
29.121108,63,14690.059481
87.44941,134,14692.343959
86.67868,111,14694.228049
82.325567,100,14695.9422
81.775338,171,14699.125607
84.282379,377,14705.024221
6.392335,25,14705.50291
75.415975,94,14707.188765
72.679222,91,14710.358205
30.417238,74,14712.954365
79.547332,99,14716.285652
79.232206,100,14718.6795
43.956078,55,14719.702221
10.717493,210,14723.108978
4.021622,26,14723.579709
13.498979,29,14724.080622
79.011221,296,14729.269327
65.843646,77,14730.901318
54.0,65,14732.151446
44.877232,102,14734.535266
39.518143,59,14735.789465
7.965561,91,14737.41073
2.854215,29,14737.912412
55.913222,99,14739.713079
10.086056,22,14740.212955
86.233655,101,14742.071547
21.511731,37,14742.713543
83.87006,104,14744.497615
7.175686,27,14745.062557
85.424877,130,14747.58693
58.018735,82,14749.139134
36.802542,323,14754.328987
29.188596,133,14756.850222
-4.272551,9,14757.054411
78.217719,167,14760.219754
15.297652,51,14761.162568
86.428917,292,14765.831474
78.536143,170,14768.851707
11.72475,119,14770.907357
60.41812,179,14774.089752
86.253623,217,14777.801043
60.136617,93,14779.432318
77.32983,99,14781.216427
42.795884,225,14784.990623
5.881251,17,14785.376261
27.23756,106,14787.335549
79.979405,140,14789.877344
79.793792,119,14792.11725
2.258368,14,14792.496383
33.583238,54,14793.488183
83.107061,129,14795.904263
79.48637,106,14797.791409
79.593504,317,14803.068555
4.25324,53,14804.000548
74.868564,92,14805.664392
82.368476,107,14807.602888
80.863238,315,14812.520762
85.955233,126,14814.60933
73.68465,113,14816.690687
-6.360333,12,14816.92557
36.040499,194,14820.414357
58.642374,82,14822.075974
32.019078,95,14823.696028
76.001254,112,14825.566331
39.825572,157,14828.249594
78.079172,118,14830.297851
89.322821,91,14831.899455
21.421949,74,14833.114646
5.431692,38,14833.855967
44.018435,82,14835.246345
70.316337,105,14837.097317
3.15605,30,14837.571739
83.543683,134,14839.919327
80.449695,217,14843.371895
81.997434,184,14846.455849
81.075123,391,14852.774195
10.73861,49,14853.801853
85.252838,114,14855.823443
10.490933,145,14858.41592
20.732464,47,14859.361883
88.987942,130,14861.699583
18.303858,55,14862.731225
28.143992,213,14866.150003
22.106294,57,14867.252782
76.570167,151,14870.178933
39.004617,54,14871.211221
15.303951,36,14871.899843
2.062571,18,14872.28308
79.490385,465,14880.431578
83.416507,125,14883.055683
7.721903,24,14883.502915
85.597587,242,14887.925604
-9.16,1,14888.033018
82.387062,94,14890.175757
16.152316,35,14890.903051
-9.122672,2,14890.984275
70.94792,79,14892.626388
80.341519,138,14895.215978
32.198901,72,14896.631286
