timestep,episode,collision,near_collision,outside_road,reached_exit,max_steps
25,0,0,0,1,0,0
71,1,0,0,1,0,0
76,2,0,0,1,0,0
115,3,0,0,1,0,0
153,4,0,0,1,0,0
251,5,0,0,1,0,0
278,6,0,0,1,0,0
304,7,0,0,1,0,0
308,8,0,0,1,0,0
315,9,0,0,1,0,0
325,10,0,0,1,0,0
330,11,0,0,1,0,0
340,12,0,0,1,0,0
363,13,0,0,1,0,0
376,14,0,0,1,0,0
411,15,0,0,1,0,0
437,16,0,0,1,0,0
448,17,0,0,1,0,0
460,18,0,0,1,0,0
489,19,0,0,1,0,0
494,20,0,0,1,0,0
497,21,0,0,1,0,0
508,22,0,0,1,0,0
509,23,0,0,1,0,0
514,24,0,0,1,0,0
549,25,0,0,1,0,0
551,26,0,0,1,0,0
577,27,0,0,1,0,0
593,28,0,0,1,0,0
600,29,0,0,1,0,0
619,30,0,0,1,0,0
631,31,0,0,1,0,0
639,32,0,0,1,0,0
699,33,0,0,1,0,0
731,34,0,0,1,0,0
784,35,0,0,1,0,0
785,36,0,0,1,0,0
788,37,0,0,1,0,0
847,38,0,0,1,0,0
852,39,0,0,1,0,0
898,40,0,0,1,0,0
918,41,0,0,1,0,0
923,42,0,0,1,0,0
939,43,0,0,1,0,0
969,44,0,0,1,0,0
986,45,0,0,1,0,0
991,46,0,0,1,0,0
996,47,0,0,1,0,0
1003,48,0,0,1,0,0
1010,49,0,0,1,0,0
1012,50,0,0,1,0,0
1023,51,0,0,1,0,0
1079,52,0,0,1,0,0
1164,53,0,0,1,0,0
1165,54,0,0,1,0,0
1198,55,0,0,1,0,0
1244,56,0,0,1,0,0
1263,57,0,0,1,0,0
1298,58,0,0,1,0,0
1302,59,0,0,1,0,0
1360,60,0,0,1,0,0
1392,61,0,0,1,0,0
1431,62,0,0,1,0,0
1467,63,0,0,1,0,0
1521,64,0,0,1,0,0
1534,65,0,0,1,0,0
1569,66,0,0,1,0,0
1589,67,0,0,1,0,0
1603,68,0,0,1,0,0
1607,69,0,0,1,0,0
1653,70,0,0,1,0,0
1667,71,0,0,1,0,0
1692,72,0,0,1,0,0
1712,73,0,0,1,0,0
1750,74,0,0,1,0,0
1801,75,0,0,1,0,0
1830,76,0,0,1,0,0
1874,77,0,0,1,0,0
1895,78,0,0,1,0,0
1902,79,0,0,1,0,0
1914,80,0,0,1,0,0
1951,81,0,0,1,0,0
2055,82,0,0,0,1,0
2058,83,0,0,1,0,0
2062,84,0,0,1,0,0
2084,85,0,0,1,0,0
2103,86,0,0,1,0,0
2111,87,0,0,1,0,0
2206,88,0,0,1,0,0
2224,89,0,0,1,0,0
2237,90,0,0,1,0,0
2256,91,0,0,1,0,0
2319,92,0,0,1,0,0
2328,93,0,0,1,0,0
2357,94,0,0,1,0,0
2372,95,0,0,1,0,0
2373,96,0,0,1,0,0
2384,97,0,0,1,0,0
2392,98,0,0,1,0,0
2401,99,0,0,1,0,0
2446,100,0,0,1,0,0
2457,101,0,0,1,0,0
2466,102,0,0,1,0,0
2477,103,0,0,1,0,0
2488,104,0,0,1,0,0
2499,105,0,0,1,0,0
2506,106,0,0,1,0,0
2507,107,0,0,1,0,0
2573,108,0,0,1,0,0
2603,109,0,0,1,0,0
2609,110,0,0,1,0,0
2652,111,0,0,1,0,0
2658,112,0,0,1,0,0
2674,113,0,0,1,0,0
2685,114,0,0,1,0,0
2688,115,0,0,1,0,0
2708,116,0,0,1,0,0
2719,117,0,0,1,0,0
2762,118,0,0,1,0,0
2775,119,0,0,1,0,0
2792,120,0,0,1,0,0
2822,121,0,0,1,0,0
2862,122,0,0,1,0,0
2872,123,0,0,1,0,0
2902,124,0,0,1,0,0
2956,125,0,0,1,0,0
2959,126,0,0,1,0,0
3052,127,0,0,1,0,0
3102,128,0,0,1,0,0
3108,129,0,0,1,0,0
3113,130,0,0,1,0,0
3125,131,0,0,1,0,0
3163,132,0,0,1,0,0
3169,133,0,0,1,0,0
3188,134,0,0,1,0,0
3190,135,0,0,1,0,0
3203,136,0,0,1,0,0
3209,137,0,0,1,0,0
3250,138,0,0,1,0,0
3268,139,0,0,1,0,0
3275,140,0,0,1,0,0
3286,141,0,0,1,0,0
3312,142,0,0,1,0,0
3332,143,0,0,1,0,0
3334,144,0,0,1,0,0
3430,145,0,0,1,0,0
3446,146,0,0,1,0,0
3478,147,0,0,1,0,0
3510,148,0,0,1,0,0
3549,149,0,0,1,0,0
3603,150,0,0,1,0,0
3658,151,0,0,1,0,0
3730,152,0,0,1,0,0
3744,153,0,0,1,0,0
3754,154,0,0,1,0,0
3793,155,0,0,1,0,0
3794,156,0,0,1,0,0
3804,157,0,0,1,0,0
3851,158,0,0,1,0,0
3863,159,0,0,1,0,0
3908,160,0,0,1,0,0
3909,161,0,0,1,0,0
3916,162,0,0,1,0,0
3928,163,0,0,1,0,0
3949,164,0,0,1,0,0
3960,165,0,0,1,0,0
3968,166,0,0,1,0,0
4024,167,0,0,1,0,0
4044,168,0,0,1,0,0
4073,169,0,0,1,0,0
4080,170,0,0,1,0,0
4091,171,0,0,1,0,0
4103,172,0,0,1,0,0
4113,173,0,0,1,0,0
4172,174,0,0,1,0,0
4204,175,0,0,1,0,0
4228,176,0,0,1,0,0
4239,177,0,0,1,0,0
4272,178,0,0,1,0,0
4290,179,0,0,1,0,0
4303,180,0,0,1,0,0
4311,181,0,0,1,0,0
4346,182,0,0,1,0,0
4358,183,0,0,1,0,0
4379,184,0,0,1,0,0
4383,185,0,0,1,0,0
4420,186,0,0,1,0,0
4446,187,0,0,1,0,0
4463,188,0,0,1,0,0
4503,189,0,0,1,0,0
4505,190,0,0,1,0,0
4548,191,0,0,1,0,0
4560,192,0,0,1,0,0
4575,193,0,0,1,0,0
4614,194,0,0,1,0,0
4773,195,0,0,1,0,0
4776,196,0,0,1,0,0
4806,197,0,0,1,0,0
4815,198,0,0,1,0,0
4867,199,0,0,1,0,0
4869,200,0,0,1,0,0
4891,201,0,0,1,0,0
4917,202,0,0,1,0,0
4963,203,0,0,1,0,0
4972,204,0,0,1,0,0
4974,205,0,0,1,0,0
4997,206,0,0,1,0,0
5011,207,0,0,1,0,0
5110,208,0,0,0,1,0
5112,209,0,0,1,0,0
5188,210,0,0,1,0,0
5259,211,0,0,1,0,0
5374,212,0,0,1,0,0
5389,213,0,0,1,0,0
5448,214,0,0,1,0,0
5494,215,0,0,1,0,0
5553,216,0,0,1,0,0
5823,217,0,0,1,0,0
5884,218,0,0,1,0,0
5921,219,0,0,1,0,0
6053,220,0,0,1,0,0
6055,221,0,0,1,0,0
6121,222,0,0,1,0,0
6127,223,0,0,1,0,0
6140,224,0,0,1,0,0
6144,225,0,0,1,0,0
6172,226,0,0,1,0,0
6203,227,0,0,1,0,0
6240,228,0,0,1,0,0
6252,229,0,0,1,0,0
6312,230,0,0,1,0,0
6318,231,0,0,1,0,0
6356,232,0,0,1,0,0
6409,233,0,0,1,0,0
6413,234,0,0,1,0,0
6461,235,0,0,1,0,0
6498,236,0,0,1,0,0
6537,237,0,0,1,0,0
6549,238,0,0,1,0,0
6565,239,0,0,1,0,0
6599,240,0,0,1,0,0
6622,241,0,0,1,0,0
6626,242,0,0,1,0,0
6631,243,0,0,1,0,0
6644,244,0,0,1,0,0
6667,245,0,0,1,0,0
6679,246,0,0,1,0,0
6688,247,0,0,1,0,0
6701,248,0,0,1,0,0
6757,249,0,0,1,0,0
6758,250,0,0,1,0,0
6777,251,0,0,1,0,0
6852,252,0,0,1,0,0
6888,253,0,0,1,0,0
6912,254,0,0,1,0,0
6916,255,0,0,1,0,0
7026,256,0,0,0,1,0
7145,257,0,0,0,1,0
7149,258,0,0,1,0,0
7154,259,0,0,1,0,0
7156,260,0,0,1,0,0
7187,261,0,0,1,0,0
7188,262,0,0,1,0,0
7226,263,0,0,1,0,0
7239,264,0,0,1,0,0
7285,265,0,0,1,0,0
7286,266,0,0,1,0,0
7302,267,0,0,1,0,0
7353,268,0,0,1,0,0
7394,269,0,0,1,0,0
7410,270,0,0,1,0,0
7412,271,0,0,1,0,0
7444,272,0,0,1,0,0
7460,273,0,0,1,0,0
7500,274,0,0,1,0,0
7691,275,0,0,1,0,0
7782,276,0,0,1,0,0
7829,277,0,0,1,0,0
7933,278,0,0,1,0,0
7943,279,0,0,1,0,0
7968,280,0,0,1,0,0
7988,281,0,0,1,0,0
7989,282,0,0,1,0,0
8021,283,0,0,1,0,0
8023,284,1,0,0,0,0
8043,285,0,0,1,0,0
8044,286,0,0,1,0,0
8069,287,0,0,1,0,0
8086,288,0,0,1,0,0
8160,289,0,0,1,0,0
8182,290,0,0,1,0,0
8497,291,0,0,1,0,0
8536,292,0,0,1,0,0
8578,293,0,0,1,0,0
8697,294,0,0,0,1,0
8769,295,0,0,1,0,0
8783,296,0,0,1,0,0
8810,297,0,0,1,0,0
8864,298,0,0,1,0,0
8997,299,0,0,1,0,0
9136,300,0,0,1,0,0
9219,301,0,0,1,0,0
9222,302,1,0,0,0,0
9297,303,0,0,1,0,0
9317,304,0,0,1,0,0
9323,305,0,0,1,0,0
9333,306,0,0,1,0,0
9349,307,0,0,1,0,0
9366,308,0,0,1,0,0
9430,309,0,0,1,0,0
9436,310,0,0,1,0,0
9448,311,0,0,1,0,0
9500,312,0,0,1,0,0
9507,313,0,0,1,0,0
9563,314,0,0,1,0,0
9633,315,0,0,1,0,0
9653,316,0,0,1,0,0
9712,317,0,0,1,0,0
9724,318,0,0,1,0,0
9841,319,0,0,0,1,0
9889,320,0,0,1,0,0
10013,321,0,0,0,1,0
10019,322,0,0,1,0,0
10047,323,0,0,1,0,0
10101,324,0,0,1,0,0
10108,325,0,0,1,0,0
10110,326,0,0,1,0,0
10207,327,0,0,1,0,0
10208,328,0,0,1,0,0
10306,329,0,0,1,0,0
10400,330,0,0,1,0,0
10422,331,0,0,1,0,0
10504,332,0,0,1,0,0
10513,333,0,0,1,0,0
10616,334,0,0,0,1,0
10644,335,0,0,1,0,0
10651,336,0,0,1,0,0
10736,337,0,0,1,0,0
10843,338,0,0,0,1,0
10949,339,0,0,1,0,0
11067,340,0,0,0,1,0
11191,341,0,0,1,0,0
11198,342,0,0,1,0,0
11224,343,0,0,1,0,0
11371,344,0,0,0,1,0
11538,345,0,0,0,1,0
11576,346,0,0,1,0,0
11619,347,0,0,1,0,0
11626,348,0,0,1,0,0
11655,349,0,0,1,0,0
11659,350,0,0,1,0,0
11719,351,0,0,1,0,0
11823,352,0,0,0,1,0
11828,353,0,0,1,0,0
11941,354,0,0,0,1,0
11961,355,0,0,1,0,0
11966,356,0,0,1,0,0
11978,357,0,0,1,0,0
11986,358,0,0,1,0,0
12092,359,0,0,0,1,0
12257,360,0,0,0,1,0
12334,361,0,0,1,0,0
12352,362,0,0,1,0,0
12360,363,0,0,1,0,0
12402,364,0,0,1,0,0
12427,365,0,0,1,0,0
12505,366,0,0,1,0,0
12514,367,0,0,1,0,0
12517,368,0,0,1,0,0
12528,369,0,0,1,0,0
12576,370,0,0,1,0,0
12730,371,0,0,0,1,0
12817,372,0,0,1,0,0
12831,373,0,0,1,0,0
12855,374,0,0,1,0,0
12856,375,0,0,1,0,0
12883,376,0,0,1,0,0
12908,377,0,0,1,0,0
13031,378,0,0,0,1,0
13132,379,0,0,0,1,0
13245,380,0,0,0,1,0
13354,381,0,0,0,1,0
13472,382,0,0,0,1,0
13575,383,0,0,0,1,0
13764,384,0,0,0,1,0
13803,385,0,0,1,0,0
13931,386,0,0,0,1,0
13939,387,0,0,1,0,0
13948,388,0,0,1,0,0
14035,389,0,0,1,0,0
14068,390,0,0,1,0,0
14083,391,0,0,1,0,0
14117,392,0,0,1,0,0
14137,393,0,0,1,0,0
14204,394,0,0,1,0,0
14347,395,0,0,0,1,0
14450,396,0,0,1,0,0
14468,397,0,0,1,0,0
14599,398,0,0,1,0,0
14613,399,0,0,1,0,0
14931,400,0,0,1,0,0
14936,401,0,0,1,0,0
15138,402,0,0,1,0,0
15230,403,0,0,0,1,0
15243,404,0,0,1,0,0
15250,405,0,0,1,0,0
15304,406,0,0,1,0,0
15345,407,0,0,1,0,0
15475,408,0,0,0,1,0
15803,409,0,0,1,0,0
15808,410,0,0,1,0,0
15938,411,0,0,0,1,0
16162,412,0,0,1,0,0
16245,413,0,0,1,0,0
16439,414,0,0,1,0,0
16543,415,0,0,0,1,0
16545,416,0,0,1,0,0
16616,417,0,0,1,0,0
16640,418,0,0,1,0,0
16665,419,0,0,1,0,0
16760,420,0,0,1,0,0
16815,421,0,0,1,0,0
16965,422,0,0,0,1,0
16996,423,0,0,1,0,0
17153,424,0,0,1,0,0
17225,425,0,0,1,0,0
17350,426,0,0,0,1,0
17373,427,0,0,1,0,0
17471,428,0,0,0,1,0
17495,429,0,0,1,0,0
17569,430,0,0,1,0,0
17608,431,0,0,1,0,0
17663,432,0,0,1,0,0
17782,433,0,0,0,1,0
17881,434,0,0,0,1,0
18047,435,0,0,0,1,0
18183,436,0,0,0,1,0
18216,437,0,0,1,0,0
18220,438,0,0,1,0,0
18380,439,0,0,0,1,0
18484,440,0,0,1,0,0
18634,441,0,0,0,1,0
18714,442,0,0,1,0,0
18739,443,0,0,1,0,0
18857,444,0,0,1,0,0
18981,445,0,0,0,1,0
18983,446,0,0,1,0,0
19376,447,0,0,0,1,0
19386,448,0,0,1,0,0
19472,449,0,0,1,0,0
19639,450,0,0,0,1,0
19660,451,0,0,1,0,0
19801,452,0,0,0,1,0
20301,453,0,0,0,0,1
20324,454,0,0,1,0,0
20464,455,0,0,0,1,0
20480,456,0,0,1,0,0
20634,457,0,0,0,1,0
20735,458,0,0,0,1,0
20742,459,0,0,1,0,0
20892,460,0,0,0,1,0
21021,461,0,0,0,1,0
21022,462,0,0,1,0,0
21114,463,0,0,0,1,0
21142,464,0,0,1,0,0
21187,465,0,0,1,0,0
21220,466,0,0,1,0,0
21390,467,0,0,0,1,0
21509,468,0,0,0,1,0
21638,469,0,0,0,1,0
21777,470,0,0,0,1,0
21793,471,0,0,1,0,0
21829,472,0,0,1,0,0
21843,473,0,0,1,0,0
21984,474,0,0,0,1,0
22014,475,0,0,1,0,0
22120,476,0,0,0,1,0
22343,477,0,0,0,1,0
22376,478,0,0,1,0,0
22382,479,0,0,1,0,0
22495,480,0,0,0,1,0
22545,481,0,0,1,0,0
22635,482,0,0,0,1,0
22654,483,0,0,1,0,0
22790,484,0,0,0,1,0
22930,485,0,0,0,1,0
23032,486,0,0,0,1,0
23149,487,0,0,0,1,0
23154,488,0,0,1,0,0
23296,489,0,0,0,1,0
23306,490,0,0,1,0,0
23399,491,0,0,0,1,0
23457,492,0,0,1,0,0
23607,493,0,0,0,1,0
23770,494,0,0,0,1,0
23785,495,0,0,1,0,0
23862,496,0,0,1,0,0
23879,497,0,0,1,0,0
23991,498,0,0,0,1,0
23994,499,0,0,1,0,0
24025,500,0,0,1,0,0
24155,501,0,0,0,1,0
24171,502,0,0,1,0,0
24226,503,0,0,1,0,0
24349,504,0,0,0,1,0
24448,505,0,0,0,1,0
24496,506,0,0,1,0,0
24503,507,0,0,1,0,0
24751,508,0,0,0,1,0
24768,509,0,0,1,0,0
24839,510,0,0,1,0,0
24959,511,0,0,0,1,0
25085,512,0,0,0,1,0
25221,513,0,0,0,1,0
25337,514,0,0,0,1,0
25445,515,0,0,0,1,0
25452,516,0,0,1,0,0
25952,517,0,0,0,0,1
25973,518,0,0,1,0,0
26256,519,0,0,0,1,0
26395,520,0,0,0,1,0
26399,521,0,0,1,0,0
26515,522,0,0,0,1,0
26636,523,0,0,0,1,0
26745,524,0,0,0,1,0
26854,525,0,0,0,1,0
26978,526,0,0,0,1,0
27052,527,0,0,1,0,0
27181,528,0,0,0,1,0
27297,529,0,0,0,1,0
27376,530,0,0,1,0,0
27510,531,0,0,0,1,0
27665,532,0,0,0,1,0
27786,533,0,0,0,1,0
27831,534,0,0,1,0,0
28052,535,0,0,0,1,0
28194,536,0,0,0,1,0
28358,537,0,0,0,1,0
28432,538,0,0,1,0,0
28450,539,0,0,1,0,0
28453,540,0,0,1,0,0
28483,541,0,0,1,0,0
28591,542,0,0,0,1,0
28594,543,0,0,1,0,0
28946,544,0,0,0,1,0
28957,545,0,0,1,0,0
29069,546,0,0,0,1,0
29167,547,0,0,1,0,0
29347,548,0,0,0,1,0
29351,549,0,0,1,0,0
29492,550,0,0,0,1,0
29500,551,0,0,1,0,0
29602,552,0,0,1,0,0
29652,553,0,0,1,0,0
29807,554,0,0,0,1,0
30072,555,0,0,0,1,0
30207,556,0,0,0,1,0
30343,557,0,0,0,1,0
30358,558,0,0,1,0,0
30685,559,0,0,0,1,0
30692,560,0,0,1,0,0
30832,561,0,0,0,1,0
30853,562,0,0,1,0,0
30864,563,0,0,1,0,0
30966,564,0,0,0,1,0
30999,565,0,0,1,0,0
31154,566,0,0,0,1,0
31311,567,0,0,1,0,0
31409,568,0,0,0,1,0
31843,569,0,0,0,1,0
31857,570,0,0,1,0,0
31879,571,0,0,1,0,0
31968,572,0,0,1,0,0
32093,573,0,0,0,1,0
32103,574,0,0,1,0,0
32213,575,0,0,0,1,0
32388,576,0,0,0,1,0
32499,577,0,0,0,1,0
32627,578,0,0,0,1,0
32636,579,0,0,1,0,0
32814,580,0,0,0,1,0
32932,581,0,0,0,1,0
33039,582,0,0,0,1,0
33388,583,0,0,0,1,0
33528,584,0,0,0,1,0
33663,585,0,0,0,1,0
33877,586,0,0,0,1,0
34032,587,0,0,0,1,0
34155,588,0,0,0,1,0
34294,589,0,0,0,1,0
34415,590,0,0,0,1,0
34536,591,0,0,0,1,0
34648,592,0,0,0,1,0
34797,593,0,0,0,1,0
34929,594,0,0,0,1,0
35050,595,0,0,0,1,0
35217,596,0,0,0,1,0
35336,597,0,0,0,1,0
35348,598,0,0,1,0,0
35498,599,0,0,0,1,0
35630,600,0,0,0,1,0
35755,601,0,0,0,1,0
35886,602,0,0,0,1,0
35930,603,0,0,1,0,0
35935,604,0,0,1,0,0
36057,605,0,0,0,1,0
36086,606,0,0,1,0,0
36090,607,0,0,1,0,0
36243,608,0,0,0,1,0
36357,609,0,0,0,1,0
36521,610,0,0,0,1,0
36676,611,0,0,0,1,0
36677,612,0,0,1,0,0
36779,613,0,0,0,1,0
36951,614,0,0,0,1,0
37096,615,0,0,0,1,0
37249,616,0,0,0,1,0
37254,617,0,0,1,0,0
37335,618,0,0,1,0,0
37456,619,0,0,0,1,0
37511,620,0,0,1,0,0
37605,621,0,0,1,0,0
37722,622,0,0,0,1,0
37759,623,0,0,1,0,0
37868,624,0,0,0,1,0
38069,625,0,0,0,1,0
38195,626,0,0,1,0,0
38334,627,0,0,0,1,0
38647,628,0,0,0,1,0
38657,629,0,0,1,0,0
38720,630,0,0,1,0,0
38841,631,0,0,0,1,0
38968,632,0,0,0,1,0
39089,633,0,0,0,1,0
39240,634,0,0,0,1,0
39360,635,0,0,0,1,0
39365,636,0,0,1,0,0
39366,637,0,0,1,0,0
39513,638,0,0,0,1,0
39525,639,0,0,1,0,0
39670,640,0,0,0,1,0
39768,641,0,0,0,1,0
39902,642,0,0,0,1,0
39996,643,0,0,0,1,0
40110,644,0,0,0,1,0
40237,645,0,0,0,1,0
40389,646,0,0,0,1,0
40517,647,0,0,0,1,0
40637,648,0,0,0,1,0
40693,649,0,0,1,0,0
40794,650,0,0,0,1,0
40797,651,1,0,0,0,0
40828,652,0,0,1,0,0
40936,653,0,0,0,1,0
41069,654,0,0,0,1,0
41180,655,0,0,0,1,0
41310,656,0,0,0,1,0
41316,657,0,0,1,0,0
41430,658,0,0,0,1,0
41544,659,0,0,0,1,0
41636,660,0,0,1,0,0
41732,661,0,0,0,1,0
41850,662,0,0,0,1,0
41979,663,0,0,0,1,0
42083,664,0,0,0,1,0
42210,665,0,0,0,1,0
42329,666,0,0,0,1,0
42451,667,0,0,0,1,0
42584,668,0,0,0,1,0
42712,669,0,0,0,1,0
42815,670,0,0,0,1,0
42912,671,0,0,0,1,0
43022,672,0,0,0,1,0
43145,673,0,0,0,1,0
43157,674,0,0,1,0,0
43203,675,0,0,1,0,0
43327,676,0,0,0,1,0
43438,677,0,0,0,1,0
43470,678,0,0,1,0,0
43604,679,0,0,0,1,0
43708,680,0,0,0,1,0
43797,681,0,0,0,1,0
43894,682,0,0,0,1,0
44003,683,0,0,0,1,0
44124,684,0,0,0,1,0
44234,685,0,0,0,1,0
44340,686,0,0,0,1,0
44501,687,0,0,0,1,0
44605,688,0,0,0,1,0
44733,689,0,0,0,1,0
44843,690,0,0,0,1,0
44983,691,0,0,0,1,0
45120,692,0,0,0,1,0
45233,693,0,0,0,1,0
45239,694,0,0,1,0,0
45353,695,0,0,0,1,0
45427,696,0,0,1,0,0
45560,697,0,0,0,1,0
45678,698,0,0,0,1,0
45700,699,0,0,1,0,0
45828,700,0,0,0,1,0
45975,701,0,0,0,1,0
46003,702,0,0,1,0,0
46024,703,0,0,1,0,0
46122,704,0,0,0,1,0
46251,705,0,0,0,1,0
46342,706,0,0,0,1,0
46344,707,0,0,1,0,0
46478,708,0,0,0,1,0
46614,709,0,0,0,1,0
46745,710,0,0,0,1,0
46837,711,0,0,0,1,0
46946,712,0,0,0,1,0
47076,713,0,0,0,1,0
47171,714,0,0,0,1,0
47282,715,0,0,0,1,0
47289,716,0,0,1,0,0
47416,717,0,0,0,1,0
47523,718,0,0,0,1,0
47625,719,0,0,0,1,0
47740,720,0,0,0,1,0
47876,721,0,0,0,1,0
48022,722,0,0,0,1,0
48032,723,0,0,1,0,0
48158,724,0,0,0,1,0
48265,725,0,0,0,1,0
48384,726,0,0,0,1,0
48509,727,0,0,0,1,0
48512,728,0,0,1,0,0
48645,729,0,0,0,1,0
48759,730,0,0,0,1,0
48868,731,0,0,0,1,0
48985,732,0,0,0,1,0
49116,733,0,0,0,1,0
49259,734,0,0,0,1,0
49354,735,0,0,0,1,0
49357,736,0,0,1,0,0
49487,737,0,0,0,1,0
49576,738,0,0,0,1,0
49695,739,0,0,0,1,0
49818,740,0,0,0,1,0
49907,741,0,0,0,1,0
50027,742,0,0,0,1,0
50131,743,0,0,0,1,0
50161,744,0,0,1,0,0
50261,745,0,0,0,1,0
50359,746,0,0,0,1,0
50472,747,0,0,0,1,0
50591,748,0,0,0,1,0
50721,749,0,0,0,1,0
50837,750,0,0,0,1,0
50877,751,0,0,1,0,0
51012,752,0,0,0,1,0
51015,753,1,0,0,0,0
51106,754,0,0,0,1,0
51215,755,0,0,0,1,0
51330,756,0,0,0,1,0
51451,757,0,0,0,1,0
51553,758,0,0,0,1,0
51678,759,0,0,0,1,0
51794,760,0,0,0,1,0
51925,761,0,0,0,1,0
52034,762,0,0,0,1,0
52061,763,0,0,1,0,0
52169,764,0,0,0,1,0
52294,765,0,0,0,1,0
52427,766,0,0,0,1,0
52522,767,0,0,0,1,0
52626,768,0,0,0,1,0
52737,769,0,0,0,1,0
52738,770,0,0,1,0,0
52833,771,0,0,0,1,0
52963,772,0,0,0,1,0
53056,773,0,0,0,1,0
53173,774,0,0,0,1,0
53292,775,0,0,0,1,0
53428,776,0,0,0,1,0
53557,777,0,0,0,1,0
53676,778,0,0,0,1,0
53767,779,0,0,0,1,0
53906,780,0,0,0,1,0
53946,781,0,0,1,0,0
53948,782,0,0,1,0,0
54050,783,0,0,0,1,0
54187,784,0,0,0,1,0
54322,785,0,0,0,1,0
54326,786,0,0,1,0,0
54466,787,0,0,0,1,0
54570,788,0,0,0,1,0
54580,789,0,0,1,0,0
54670,790,0,0,0,1,0
54797,791,0,0,0,1,0
54904,792,0,0,0,1,0
55013,793,0,0,0,1,0
55169,794,0,0,0,1,0
55315,795,0,0,0,1,0
55416,796,0,0,0,1,0
55534,797,0,0,0,1,0
55676,798,0,0,0,1,0
55791,799,0,0,0,1,0
55920,800,0,0,0,1,0
56031,801,0,0,0,1,0
56120,802,0,0,0,1,0
56243,803,0,0,0,1,0
56376,804,0,0,0,1,0
56485,805,0,0,0,1,0
56622,806,0,0,0,1,0
56755,807,0,0,0,1,0
56758,808,0,0,1,0,0
56890,809,0,0,0,1,0
57001,810,0,0,0,1,0
57141,811,0,0,0,1,0
57260,812,0,0,0,1,0
57380,813,0,0,0,1,0
57504,814,0,0,0,1,0
57561,815,0,0,1,0,0
57682,816,0,0,0,1,0
57824,817,0,0,0,1,0
57924,818,0,0,0,1,0
58029,819,0,0,0,1,0
58137,820,0,0,0,1,0
58274,821,0,0,0,1,0
58277,822,0,0,1,0,0
58380,823,0,0,0,1,0
58465,824,0,0,1,0,0
58583,825,0,0,0,1,0
58696,826,0,0,0,1,0
58828,827,0,0,0,1,0
58860,828,0,0,1,0,0
58992,829,0,0,0,1,0
59088,830,0,0,1,0,0
59207,831,0,0,0,1,0
59297,832,0,0,0,1,0
59306,833,0,0,1,0,0
59424,834,0,0,0,1,0
59531,835,0,0,0,1,0
59540,836,0,0,1,0,0
59655,837,0,0,0,1,0
59684,838,0,0,1,0,0
59791,839,0,0,1,0,0
59903,840,0,0,0,1,0
59997,841,0,0,0,1,0
60003,842,0,0,1,0,0
60123,843,0,0,0,1,0
60260,844,0,0,0,1,0
60394,845,0,0,0,1,0
60489,846,0,0,0,1,0
60591,847,0,0,0,1,0
60687,848,0,0,0,1,0
60808,849,0,0,0,1,0
60954,850,0,0,0,1,0
60981,851,0,0,1,0,0
61092,852,0,0,0,1,0
61218,853,0,0,0,1,0
61338,854,0,0,0,1,0
61477,855,0,0,0,1,0
61580,856,0,0,0,1,0
61687,857,0,0,0,1,0
61798,858,0,0,0,1,0
61891,859,0,0,1,0,0
62032,860,0,0,0,1,0
62143,861,0,0,0,1,0
62280,862,0,0,0,1,0
62410,863,0,0,0,1,0
62511,864,0,0,1,0,0
62518,865,0,0,1,0,0
62641,866,0,0,0,1,0
62732,867,0,0,0,1,0
62852,868,0,0,0,1,0
62906,869,0,0,1,0,0
62995,870,0,0,0,1,0
63102,871,0,0,0,1,0
63237,872,0,0,0,1,0
63347,873,0,0,0,1,0
63461,874,0,0,0,1,0
63601,875,0,0,0,1,0
63708,876,0,0,0,1,0
63820,877,0,0,1,0,0
63838,878,0,0,1,0,0
63948,879,0,0,0,1,0
64084,880,0,0,0,1,0
64225,881,0,0,0,1,0
64316,882,0,0,0,1,0
64455,883,0,0,0,1,0
64507,884,0,0,1,0,0
64645,885,0,0,0,1,0
64649,886,0,0,1,0,0
64650,887,0,0,1,0,0
64752,888,0,0,0,1,0
64870,889,0,0,0,1,0
64976,890,0,0,0,1,0
65083,891,0,0,0,1,0
65180,892,0,0,0,1,0
65319,893,0,0,0,1,0
65462,894,0,0,0,1,0
65566,895,0,0,0,1,0
65671,896,0,0,0,1,0
65768,897,0,0,0,1,0
65806,898,0,0,1,0,0
65935,899,0,0,0,1,0
66030,900,0,0,0,1,0
66165,901,0,0,0,1,0
66296,902,0,0,0,1,0
66320,903,0,0,1,0,0
66441,904,0,0,0,1,0
66470,905,0,0,1,0,0
66576,906,0,0,0,1,0
66582,907,0,0,1,0,0
66715,908,0,0,0,1,0
66855,909,0,0,0,1,0
66973,910,0,0,0,1,0
67095,911,0,0,0,1,0
67219,912,0,0,0,1,0
67347,913,0,0,0,1,0
67469,914,0,0,0,1,0
67564,915,0,0,0,1,0
67665,916,0,0,0,1,0
67765,917,0,0,0,1,0
67879,918,0,0,0,1,0
67881,919,0,0,1,0,0
67889,920,0,0,1,0,0
68013,921,0,0,0,1,0
68142,922,0,0,0,1,0
68254,923,0,0,0,1,0
68370,924,0,0,0,1,0
68447,925,0,0,1,0,0
68581,926,0,0,0,1,0
68670,927,0,0,0,1,0
68681,928,0,0,1,0,0
68783,929,0,0,0,1,0
68900,930,0,0,0,1,0
69014,931,0,0,0,1,0
69153,932,0,0,0,1,0
69258,933,0,0,0,1,0
69390,934,0,0,0,1,0
69394,935,0,0,1,0,0
69437,936,0,0,1,0,0
69443,937,0,0,1,0,0
69555,938,0,0,0,1,0
69657,939,0,0,0,1,0
69665,940,0,0,1,0,0
69780,941,0,0,0,1,0
69870,942,0,0,0,1,0
69989,943,0,0,0,1,0
70095,944,0,0,1,0,0
70226,945,0,0,0,1,0
70368,946,0,0,0,1,0
70485,947,0,0,0,1,0
70508,948,0,0,1,0,0
70604,949,0,0,0,1,0
70700,950,0,0,0,1,0
70813,951,0,0,0,1,0
70943,952,0,0,0,1,0
71059,953,0,0,0,1,0
71179,954,0,0,0,1,0
71203,955,0,0,1,0,0
71307,956,0,0,0,1,0
71400,957,0,0,0,1,0
71401,958,1,0,0,0,0
71497,959,0,0,0,1,0
71627,960,0,0,0,1,0
71748,961,0,0,0,1,0
71830,962,0,0,1,0,0
71954,963,0,0,1,0,0
72060,964,0,0,0,1,0
72183,965,0,0,0,1,0
72189,966,0,0,1,0,0
72303,967,0,0,0,1,0
72423,968,0,0,0,1,0
72556,969,0,0,0,1,0
72677,970,0,0,0,1,0
72819,971,0,0,0,1,0
72962,972,0,0,0,1,0
73102,973,0,0,0,1,0
73239,974,0,0,0,1,0
73366,975,0,0,0,1,0
73462,976,0,0,0,1,0
73587,977,0,0,0,1,0
73588,978,0,0,1,0,0
73721,979,0,0,0,1,0
73843,980,0,0,0,1,0
73937,981,0,0,0,1,0
73943,982,0,0,1,0,0
74062,983,0,0,0,1,0
74153,984,0,0,0,1,0
74248,985,0,0,0,1,0
74277,986,0,0,1,0,0
74385,987,0,0,0,1,0
74501,988,0,0,0,1,0
74620,989,0,0,0,1,0
74748,990,0,0,0,1,0
74888,991,0,0,0,1,0
74922,992,0,0,1,0,0
75012,993,0,0,0,1,0
75146,994,0,0,0,1,0
75248,995,0,0,0,1,0
75356,996,0,0,0,1,0
75498,997,0,0,0,1,0
75605,998,0,0,0,1,0
75717,999,0,0,0,1,0
75719,1000,0,0,1,0,0
75793,1001,0,0,1,0,0
75814,1002,0,0,1,0,0
75913,1003,0,0,0,1,0
76013,1004,0,0,0,1,0
76127,1005,0,0,0,1,0
76239,1006,0,0,0,1,0
76244,1007,1,0,0,0,0
76354,1008,0,0,0,1,0
76443,1009,0,0,0,1,0
76571,1010,0,0,0,1,0
76672,1011,0,0,0,1,0
76715,1012,0,0,1,0,0
76848,1013,0,0,0,1,0
76948,1014,0,0,0,1,0
76957,1015,0,0,1,0,0
77078,1016,0,0,0,1,0
77080,1017,0,0,1,0,0
77167,1018,0,0,0,1,0
77303,1019,0,0,0,1,0
77408,1020,0,0,0,1,0
77510,1021,0,0,0,1,0
77622,1022,0,0,0,1,0
77747,1023,0,0,0,1,0
77848,1024,0,0,0,1,0
77967,1025,0,0,0,1,0
78063,1026,0,0,0,1,0
78181,1027,0,0,0,1,0
78316,1028,0,0,0,1,0
78415,1029,0,0,0,1,0
78554,1030,0,0,0,1,0
78684,1031,0,0,0,1,0
78792,1032,0,0,0,1,0
78904,1033,0,0,0,1,0
79032,1034,0,0,0,1,0
79150,1035,0,0,0,1,0
79292,1036,0,0,0,1,0
79411,1037,0,0,0,1,0
79526,1038,0,0,0,1,0
79660,1039,0,0,0,1,0
79797,1040,0,0,0,1,0
79906,1041,0,0,0,1,0
80012,1042,0,0,0,1,0
80122,1043,0,0,0,1,0
80223,1044,0,0,0,1,0
80292,1045,0,0,1,0,0
80403,1046,0,0,0,1,0
80534,1047,0,0,0,1,0
80644,1048,0,0,0,1,0
80736,1049,0,0,0,1,0
80863,1050,0,0,0,1,0
81004,1051,0,0,0,1,0
81111,1052,0,0,0,1,0
81235,1053,0,0,0,1,0
81345,1054,0,0,0,1,0
81459,1055,0,0,0,1,0
81596,1056,0,0,0,1,0
81617,1057,0,0,1,0,0
81767,1058,0,0,0,1,0
81890,1059,0,0,0,1,0
82006,1060,0,0,0,1,0
82109,1061,0,0,0,1,0
82222,1062,0,0,0,1,0
82341,1063,0,0,0,1,0
82441,1064,0,0,0,1,0
82558,1065,0,0,0,1,0
82647,1066,0,0,0,1,0
82659,1067,0,0,1,0,0
82775,1068,0,0,0,1,0
82776,1069,0,0,1,0,0
82869,1070,0,0,0,1,0
83009,1071,0,0,0,1,0
83118,1072,0,0,0,1,0
83243,1073,0,0,0,1,0
83359,1074,0,0,0,1,0
83471,1075,0,0,0,1,0
83555,1076,0,0,0,1,0
83647,1077,0,0,0,1,0
83783,1078,0,0,0,1,0
83907,1079,0,0,0,1,0
84029,1080,0,0,0,1,0
84140,1081,0,0,0,1,0
84267,1082,0,0,0,1,0
84376,1083,0,0,0,1,0
84500,1084,0,0,0,1,0
84638,1085,0,0,0,1,0
84740,1086,0,0,0,1,0
84745,1087,1,0,0,0,0
84862,1088,0,0,0,1,0
84866,1089,0,0,1,0,0
84982,1090,0,0,0,1,0
85089,1091,0,0,0,1,0
85205,1092,0,0,0,1,0
85329,1093,0,0,0,1,0
85436,1094,0,0,0,1,0
85558,1095,0,0,0,1,0
85704,1096,0,0,0,1,0
85835,1097,0,0,0,1,0
85948,1098,0,0,0,1,0
86084,1099,0,0,0,1,0
86228,1100,0,0,0,1,0
86357,1101,0,0,0,1,0
86473,1102,0,0,0,1,0
86581,1103,0,0,0,1,0
86678,1104,0,0,0,1,0
86808,1105,0,0,0,1,0
86911,1106,0,0,0,1,0
87002,1107,0,0,0,1,0
87044,1108,0,0,1,0,0
87160,1109,0,0,0,1,0
87278,1110,0,0,0,1,0
87293,1111,0,0,1,0,0
87430,1112,0,0,0,1,0
87519,1113,0,0,0,1,0
87635,1114,0,0,0,1,0
87725,1115,0,0,0,1,0
87821,1116,0,0,0,1,0
87960,1117,0,0,0,1,0
88051,1118,0,0,0,1,0
88173,1119,0,0,0,1,0
88296,1120,0,0,0,1,0
88424,1121,0,0,0,1,0
88541,1122,0,0,0,1,0
88660,1123,0,0,0,1,0
88783,1124,0,0,0,1,0
88897,1125,0,0,0,1,0
89015,1126,0,0,0,1,0
89020,1127,0,0,1,0,0
89122,1128,0,0,0,1,0
89246,1129,0,0,0,1,0
89381,1130,0,0,0,1,0
89492,1131,0,0,0,1,0
89610,1132,0,0,0,1,0
89705,1133,0,0,0,1,0
89806,1134,0,0,0,1,0
89933,1135,0,0,0,1,0
90035,1136,0,0,0,1,0
90146,1137,0,0,0,1,0
90238,1138,0,0,0,1,0
90339,1139,0,0,0,1,0
90460,1140,0,0,0,1,0
90462,1141,1,0,0,0,0
90586,1142,0,0,0,1,0
90709,1143,0,0,0,1,0
90848,1144,0,0,0,1,0
90995,1145,0,0,0,1,0
91000,1146,1,0,0,0,0
91135,1147,0,0,0,1,0
91257,1148,0,0,0,1,0
91348,1149,0,0,0,1,0
91353,1150,0,0,1,0,0
91469,1151,0,0,0,1,0
91571,1152,0,0,0,1,0
91679,1153,0,0,0,1,0
91795,1154,0,0,0,1,0
91889,1155,0,0,0,1,0
92017,1156,0,0,0,1,0
92141,1157,0,0,0,1,0
92283,1158,0,0,0,1,0
92414,1159,0,0,0,1,0
92543,1160,0,0,0,1,0
92648,1161,0,0,0,1,0
92650,1162,0,0,1,0,0
92766,1163,0,0,0,1,0
92890,1164,0,0,0,1,0
92891,1165,0,0,1,0,0
93004,1166,0,0,0,1,0
93110,1167,0,0,0,1,0
93219,1168,0,0,0,1,0
93336,1169,0,0,0,1,0
93448,1170,0,0,0,1,0
93556,1171,0,0,0,1,0
93701,1172,0,0,0,1,0
93817,1173,0,0,0,1,0
93885,1174,0,0,1,0,0
93990,1175,0,0,0,1,0
93996,1176,0,0,1,0,0
94109,1177,0,0,0,1,0
94219,1178,0,0,0,1,0
94293,1179,0,0,1,0,0
94414,1180,0,0,0,1,0
94526,1181,0,0,0,1,0
94537,1182,0,0,1,0,0
94660,1183,0,0,0,1,0
94675,1184,0,0,1,0,0
94706,1185,0,0,1,0,0
94709,1186,1,0,0,0,0
94737,1187,0,0,1,0,0
94849,1188,0,0,0,1,0
94953,1189,0,0,0,1,0
95045,1190,0,0,0,1,0
95103,1191,0,0,1,0,0
95200,1192,0,0,0,1,0
95299,1193,0,0,0,1,0
95402,1194,0,0,0,1,0
95433,1195,0,0,1,0,0
95562,1196,0,0,0,1,0
95568,1197,0,0,1,0,0
95667,1198,0,0,0,1,0
95801,1199,0,0,0,1,0
95937,1200,0,0,0,1,0
96020,1201,0,0,1,0,0
96126,1202,0,0,0,1,0
96215,1203,0,0,0,1,0
96347,1204,0,0,0,1,0
96476,1205,0,0,0,1,0
96585,1206,0,0,0,1,0
96682,1207,0,0,0,1,0
96683,1208,1,0,0,0,0
96808,1209,0,0,0,1,0
96923,1210,0,0,0,1,0
97050,1211,0,0,0,1,0
97054,1212,0,0,1,0,0
97156,1213,0,0,0,1,0
97282,1214,0,0,0,1,0
97384,1215,0,0,0,1,0
97481,1216,0,0,0,1,0
97609,1217,0,0,0,1,0
97742,1218,0,0,0,1,0
97884,1219,0,0,0,1,0
97981,1220,0,0,0,1,0
98111,1221,0,0,0,1,0
98231,1222,0,0,0,1,0
98331,1223,0,0,0,1,0
98392,1224,0,0,1,0,0
98488,1225,0,0,1,0,0
98588,1226,0,0,0,1,0
98697,1227,0,0,0,1,0
98811,1228,0,0,0,1,0
98896,1229,0,0,1,0,0
98984,1230,0,0,0,1,0
99105,1231,0,0,0,1,0
99229,1232,0,0,0,1,0
99333,1233,0,0,0,1,0
99474,1234,0,0,0,1,0
99603,1235,0,0,0,1,0
99710,1236,0,0,0,1,0
99799,1237,0,0,0,1,0
99937,1238,0,0,0,1,0
100051,1239,0,0,0,1,0
100156,1240,0,0,0,1,0
100268,1241,0,0,0,1,0
100394,1242,0,0,0,1,0
100518,1243,0,0,0,1,0
100623,1244,0,0,0,1,0
100728,1245,0,0,0,1,0
100843,1246,0,0,0,1,0
100904,1247,0,0,1,0,0
100927,1248,0,0,1,0,0
101024,1249,0,0,0,1,0
101165,1250,0,0,0,1,0
101274,1251,0,0,0,1,0
101376,1252,0,0,0,1,0
101477,1253,0,0,0,1,0
101608,1254,0,0,0,1,0
101702,1255,0,0,0,1,0
101775,1256,0,0,1,0,0
101878,1257,0,0,0,1,0
101983,1258,0,0,0,1,0
102090,1259,0,0,0,1,0
102220,1260,0,0,0,1,0
102338,1261,0,0,0,1,0
102469,1262,0,0,0,1,0
102596,1263,0,0,0,1,0
102706,1264,0,0,0,1,0
102838,1265,0,0,0,1,0
102953,1266,0,0,0,1,0
103080,1267,0,0,0,1,0
103187,1268,0,0,0,1,0
103282,1269,0,0,0,1,0
103383,1270,0,0,0,1,0
103502,1271,0,0,0,1,0
103629,1272,0,0,0,1,0
103737,1273,0,0,1,0,0
103856,1274,0,0,0,1,0
103972,1275,0,0,0,1,0
104088,1276,0,0,0,1,0
104218,1277,0,0,0,1,0
104354,1278,0,0,0,1,0
104482,1279,0,0,0,1,0
104601,1280,0,0,0,1,0
104738,1281,0,0,0,1,0
104855,1282,0,0,0,1,0
104982,1283,0,0,0,1,0
104987,1284,0,0,1,0,0
105123,1285,0,0,0,1,0
105257,1286,0,0,0,1,0
105389,1287,0,0,0,1,0
105523,1288,0,0,0,1,0
105652,1289,0,0,0,1,0
105692,1290,0,0,1,0,0
105836,1291,0,0,0,1,0
105931,1292,0,0,0,1,0
106035,1293,0,0,0,1,0
106155,1294,0,0,0,1,0
106285,1295,0,0,0,1,0
106415,1296,0,0,0,1,0
106534,1297,0,0,0,1,0
106643,1298,0,0,0,1,0
106707,1299,0,0,1,0,0
106710,1300,0,0,1,0,0
106832,1301,0,0,0,1,0
106916,1302,0,0,0,1,0
107018,1303,0,0,0,1,0
107145,1304,0,0,0,1,0
107154,1305,0,0,1,0,0
107292,1306,0,0,0,1,0
107436,1307,0,0,0,1,0
107547,1308,0,0,0,1,0
107658,1309,0,0,0,1,0
107748,1310,0,0,0,1,0
107881,1311,0,0,0,1,0
107961,1312,0,0,1,0,0
108074,1313,0,0,0,1,0
108176,1314,0,0,0,1,0
108267,1315,0,0,0,1,0
108273,1316,1,0,0,0,0
108390,1317,0,0,0,1,0
108515,1318,0,0,0,1,0
108611,1319,0,0,0,1,0
108724,1320,0,0,1,0,0
108824,1321,0,0,0,1,0
108957,1322,0,0,0,1,0
109078,1323,0,0,0,1,0
109178,1324,0,0,0,1,0
109288,1325,0,0,0,1,0
109384,1326,0,0,0,1,0
109385,1327,0,0,1,0,0
109491,1328,0,0,0,1,0
109618,1329,0,0,0,1,0
109743,1330,0,0,0,1,0
109843,1331,0,0,0,1,0
109950,1332,0,0,0,1,0
110050,1333,0,0,0,1,0
110192,1334,0,0,0,1,0
110296,1335,0,0,0,1,0
110424,1336,0,0,0,1,0
110515,1337,0,0,0,1,0
110611,1338,0,0,0,1,0
110725,1339,0,0,0,1,0
110850,1340,0,0,0,1,0
110946,1341,0,0,0,1,0
111091,1342,0,0,0,1,0
111145,1343,0,0,1,0,0
111242,1344,0,0,0,1,0
111342,1345,0,0,0,1,0
111436,1346,0,0,0,1,0
111462,1347,0,0,1,0,0
111569,1348,0,0,0,1,0
111691,1349,0,0,0,1,0
111791,1350,0,0,0,1,0
111924,1351,0,0,0,1,0
112056,1352,0,0,0,1,0
112176,1353,0,0,0,1,0
112325,1354,0,0,0,1,0
112435,1355,0,0,0,1,0
112465,1356,0,0,1,0,0
112574,1357,0,0,0,1,0
112689,1358,0,0,0,1,0
112821,1359,0,0,0,1,0
112928,1360,0,0,0,1,0
113037,1361,0,0,0,1,0
113172,1362,0,0,0,1,0
113301,1363,0,0,0,1,0
113420,1364,0,0,0,1,0
113423,1365,0,0,1,0,0
113551,1366,0,0,0,1,0
113667,1367,0,0,0,1,0
113776,1368,0,0,0,1,0
113802,1369,0,0,1,0,0
113936,1370,0,0,0,1,0
114058,1371,0,0,0,1,0
114188,1372,0,0,0,1,0
114302,1373,0,0,0,1,0
114436,1374,0,0,0,1,0
114548,1375,0,0,0,1,0
114691,1376,0,0,0,1,0
114827,1377,0,0,0,1,0
114942,1378,0,0,0,1,0
114943,1379,0,0,1,0,0
115071,1380,0,0,0,1,0
115131,1381,0,0,1,0,0
115216,1382,0,0,0,1,0
115318,1383,0,0,0,1,0
115448,1384,0,0,0,1,0
115563,1385,0,0,0,1,0
115692,1386,0,0,0,1,0
115784,1387,0,0,0,1,0
115900,1388,0,0,0,1,0
116019,1389,0,0,0,1,0
116105,1390,0,0,0,1,0
116234,1391,0,0,0,1,0
116342,1392,0,0,0,1,0
116489,1393,0,0,0,1,0
116607,1394,0,0,0,1,0
116724,1395,0,0,0,1,0
116826,1396,0,0,0,1,0
116918,1397,0,0,0,1,0
116922,1398,0,0,1,0,0
117045,1399,0,0,0,1,0
117163,1400,0,0,0,1,0
117275,1401,0,0,0,1,0
117388,1402,0,0,0,1,0
117497,1403,0,0,0,1,0
117621,1404,0,0,0,1,0
117642,1405,0,0,1,0,0
117764,1406,0,0,0,1,0
117864,1407,0,0,0,1,0
118008,1408,0,0,0,1,0
118130,1409,0,0,0,1,0
118268,1410,0,0,0,1,0
118376,1411,0,0,0,1,0
118489,1412,0,0,0,1,0
118620,1413,0,0,0,1,0
118720,1414,0,0,0,1,0
118851,1415,0,0,0,1,0
118942,1416,0,0,0,1,0
119059,1417,0,0,0,1,0
119151,1418,0,0,0,1,0
119288,1419,0,0,0,1,0
119413,1420,0,0,0,1,0
119513,1421,0,0,0,1,0
119630,1422,0,0,0,1,0
119742,1423,0,0,0,1,0
119842,1424,0,0,1,0,0
119949,1425,0,0,0,1,0
120039,1426,0,0,0,1,0
120142,1427,0,0,0,1,0
120275,1428,0,0,0,1,0
120410,1429,0,0,0,1,0
120521,1430,0,0,0,1,0
120550,1431,0,0,1,0,0
120644,1432,0,0,0,1,0
120764,1433,0,0,0,1,0
120901,1434,0,0,0,1,0
121014,1435,0,0,0,1,0
121021,1436,0,0,1,0,0
121164,1437,0,0,0,1,0
121261,1438,0,0,0,1,0
121393,1439,0,0,0,1,0
121522,1440,0,0,0,1,0
121619,1441,0,0,0,1,0
121760,1442,0,0,0,1,0
121870,1443,0,0,0,1,0
121993,1444,0,0,0,1,0
122095,1445,0,0,0,1,0
122120,1446,0,0,1,0,0
122224,1447,0,0,0,1,0
122357,1448,0,0,0,1,0
122485,1449,0,0,0,1,0
122586,1450,0,0,0,1,0
122691,1451,0,0,0,1,0
122801,1452,0,0,0,1,0
122934,1453,0,0,0,1,0
123042,1454,0,0,0,1,0
123184,1455,0,0,0,1,0
123324,1456,0,0,0,1,0
123429,1457,0,0,0,1,0
123520,1458,0,0,1,0,0
123640,1459,0,0,0,1,0
123759,1460,0,0,0,1,0
123856,1461,0,0,0,1,0
123961,1462,0,0,0,1,0
124071,1463,0,0,0,1,0
124206,1464,0,0,0,1,0
124225,1465,0,0,1,0,0
124330,1466,0,0,0,1,0
124467,1467,0,0,0,1,0
124582,1468,0,0,0,1,0
124706,1469,0,0,0,1,0
124844,1470,0,0,0,1,0
124981,1471,0,0,0,1,0
125107,1472,0,0,0,1,0
125207,1473,0,0,0,1,0
125320,1474,0,0,0,1,0
125420,1475,0,0,0,1,0
125526,1476,0,0,0,1,0
125530,1477,1,0,0,0,0
125663,1478,0,0,0,1,0
125767,1479,0,0,0,1,0
125888,1480,0,0,0,1,0
125980,1481,0,0,0,1,0
126087,1482,0,0,1,0,0
126189,1483,0,0,0,1,0
126334,1484,0,0,0,1,0
126435,1485,0,0,0,1,0
126541,1486,0,0,0,1,0
126633,1487,0,0,0,1,0
126748,1488,0,0,0,1,0
126782,1489,0,0,1,0,0
126878,1490,0,0,0,1,0
126989,1491,0,0,0,1,0
127100,1492,0,0,0,1,0
127223,1493,0,0,0,1,0
127349,1494,0,0,0,1,0
127477,1495,0,0,0,1,0
127586,1496,0,0,0,1,0
127712,1497,0,0,0,1,0
127828,1498,0,0,0,1,0
127943,1499,0,0,0,1,0
128032,1500,0,0,0,1,0
128121,1501,0,0,0,1,0
128226,1502,0,0,0,1,0
128320,1503,0,0,0,1,0
128431,1504,0,0,0,1,0
128546,1505,0,0,0,1,0
128677,1506,0,0,0,1,0
128821,1507,0,0,0,1,0
128932,1508,0,0,0,1,0
129060,1509,0,0,0,1,0
129176,1510,0,0,0,1,0
129182,1511,0,0,1,0,0
129288,1512,0,0,0,1,0
129404,1513,0,0,0,1,0
129523,1514,0,0,0,1,0
129640,1515,0,0,0,1,0
129660,1516,0,0,1,0,0
129667,1517,0,0,1,0,0
129788,1518,0,0,0,1,0
129896,1519,0,0,0,1,0
129943,1520,0,0,1,0,0
130088,1521,0,0,0,1,0
130149,1522,0,0,1,0,0
130153,1523,0,0,1,0,0
130281,1524,0,0,0,1,0
130412,1525,0,0,0,1,0
130505,1526,0,0,0,1,0
130632,1527,0,0,0,1,0
130769,1528,0,0,0,1,0
130874,1529,0,0,0,1,0
130972,1530,0,0,0,1,0
131077,1531,0,0,0,1,0
131202,1532,0,0,0,1,0
131301,1533,0,0,0,1,0
131424,1534,0,0,0,1,0
131529,1535,0,0,0,1,0
131530,1536,0,0,1,0,0
131657,1537,0,0,0,1,0
131661,1538,1,0,0,0,0
131774,1539,0,0,0,1,0
131776,1540,0,0,1,0,0
131778,1541,0,0,1,0,0
131908,1542,0,0,0,1,0
131917,1543,0,0,1,0,0
132027,1544,0,0,0,1,0
132118,1545,0,0,0,1,0
132213,1546,0,0,0,1,0
132307,1547,0,0,0,1,0
132401,1548,0,0,0,1,0
132517,1549,0,0,0,1,0
132619,1550,0,0,0,1,0
132642,1551,0,0,1,0,0
132742,1552,0,0,0,1,0
132750,1553,0,0,1,0,0
132873,1554,0,0,0,1,0
132974,1555,0,0,0,1,0
133114,1556,0,0,0,1,0
133116,1557,0,0,1,0,0
133206,1558,0,0,0,1,0
133322,1559,0,0,0,1,0
133427,1560,0,0,0,1,0
133539,1561,0,0,0,1,0
133644,1562,0,0,0,1,0
133647,1563,1,0,0,0,0
133764,1564,0,0,0,1,0
133877,1565,0,0,0,1,0
133983,1566,0,0,0,1,0
134088,1567,0,0,0,1,0
134222,1568,0,0,0,1,0
134327,1569,0,0,0,1,0
134457,1570,0,0,0,1,0
134548,1571,0,0,0,1,0
134681,1572,0,0,0,1,0
134818,1573,0,0,0,1,0
134925,1574,0,0,0,1,0
135054,1575,0,0,0,1,0
135174,1576,0,0,0,1,0
135307,1577,0,0,0,1,0
135402,1578,0,0,0,1,0
135509,1579,0,0,0,1,0
135612,1580,0,0,0,1,0
135702,1581,0,0,0,1,0
135814,1582,0,0,0,1,0
135929,1583,0,0,0,1,0
136067,1584,0,0,0,1,0
136175,1585,0,0,0,1,0
136283,1586,0,0,0,1,0
136416,1587,0,0,0,1,0
136520,1588,0,0,0,1,0
136649,1589,0,0,0,1,0
136786,1590,0,0,0,1,0
136901,1591,0,0,0,1,0
137026,1592,0,0,0,1,0
137163,1593,0,0,0,1,0
137306,1594,0,0,0,1,0
137446,1595,0,0,0,1,0
137552,1596,0,0,0,1,0
137558,1597,1,0,0,0,0
137669,1598,0,0,0,1,0
137672,1599,0,0,1,0,0
137770,1600,0,0,0,1,0
137894,1601,0,0,0,1,0
138002,1602,0,0,0,1,0
138121,1603,0,0,0,1,0
138246,1604,0,0,0,1,0
138355,1605,0,0,0,1,0
138495,1606,0,0,0,1,0
138618,1607,0,0,0,1,0
138747,1608,0,0,0,1,0
138881,1609,0,0,0,1,0
138990,1610,0,0,0,1,0
139125,1611,0,0,0,1,0
139247,1612,0,0,0,1,0
139341,1613,0,0,0,1,0
139463,1614,0,0,0,1,0
139576,1615,0,0,0,1,0
139724,1616,0,0,0,1,0
139813,1617,0,0,0,1,0
139950,1618,0,0,0,1,0
140076,1619,0,0,0,1,0
140215,1620,0,0,0,1,0
140329,1621,0,0,0,1,0
140437,1622,0,0,0,1,0
140566,1623,0,0,0,1,0
140713,1624,0,0,0,1,0
140824,1625,0,0,0,1,0
140944,1626,0,0,0,1,0
141071,1627,0,0,0,1,0
141190,1628,0,0,0,1,0
141284,1629,0,0,0,1,0
141375,1630,0,0,0,1,0
141499,1631,0,0,0,1,0
141623,1632,0,0,0,1,0
141698,1633,0,0,1,0,0
141805,1634,0,0,0,1,0
141904,1635,0,0,0,1,0
142025,1636,0,0,0,1,0
142121,1637,0,0,0,1,0
142144,1638,0,0,1,0,0
142281,1639,0,0,0,1,0
142427,1640,0,0,0,1,0
142560,1641,0,0,0,1,0
142703,1642,0,0,0,1,0
142845,1643,0,0,0,1,0
142977,1644,0,0,0,1,0
143072,1645,0,0,1,0,0
143204,1646,0,0,0,1,0
143309,1647,0,0,0,1,0
143429,1648,0,0,0,1,0
143567,1649,0,0,0,1,0
143694,1650,0,0,0,1,0
143807,1651,0,0,0,1,0
143917,1652,0,0,0,1,0
144038,1653,0,0,0,1,0
144182,1654,0,0,0,1,0
144319,1655,0,0,0,1,0
144441,1656,0,0,0,1,0
144546,1657,0,0,0,1,0
144566,1658,0,0,1,0,0
144687,1659,0,0,0,1,0
144798,1660,0,0,0,1,0
144923,1661,0,0,0,1,0
145038,1662,0,0,0,1,0
145157,1663,0,0,0,1,0
145326,1664,0,0,0,1,0
145425,1665,0,0,0,1,0
145541,1666,0,0,0,1,0
145643,1667,0,0,0,1,0
145780,1668,0,0,0,1,0
145902,1669,0,0,0,1,0
146004,1670,0,0,0,1,0
146102,1671,0,0,0,1,0
146217,1672,0,0,0,1,0
146335,1673,0,0,0,1,0
146444,1674,0,0,0,1,0
146535,1675,0,0,0,1,0
146653,1676,0,0,0,1,0
146657,1677,0,0,1,0,0
146789,1678,0,0,0,1,0
146892,1679,0,0,0,1,0
147005,1680,0,0,0,1,0
147115,1681,0,0,0,1,0
147218,1682,0,0,0,1,0
147352,1683,0,0,0,1,0
147495,1684,0,0,0,1,0
147605,1685,0,0,0,1,0
147710,1686,0,0,0,1,0
147810,1687,0,0,0,1,0
147952,1688,0,0,0,1,0
148086,1689,0,0,0,1,0
148199,1690,0,0,0,1,0
148337,1691,0,0,0,1,0
148456,1692,0,0,0,1,0
148576,1693,0,0,0,1,0
148703,1694,0,0,0,1,0
148818,1695,0,0,0,1,0
148932,1696,0,0,0,1,0
149029,1697,0,0,0,1,0
149125,1698,0,0,0,1,0
149240,1699,0,0,0,1,0
149370,1700,0,0,0,1,0
149481,1701,0,0,0,1,0
149619,1702,0,0,0,1,0
149649,1703,0,0,1,0,0
149787,1704,0,0,0,1,0
149904,1705,0,0,0,1,0
150017,1706,0,0,0,1,0
150156,1707,0,0,0,1,0
150284,1708,0,0,0,1,0
150391,1709,0,0,0,1,0
150517,1710,0,0,0,1,0
150624,1711,0,0,0,1,0
150713,1712,0,0,0,1,0
150810,1713,0,0,0,1,0
150907,1714,0,0,1,0,0
151037,1715,0,0,0,1,0
151142,1716,0,0,0,1,0
151172,1717,0,0,1,0,0
151317,1718,0,0,0,1,0
151437,1719,0,0,0,1,0
151548,1720,0,0,0,1,0
151670,1721,0,0,0,1,0
151794,1722,0,0,0,1,0
151890,1723,0,0,0,1,0
152022,1724,0,0,0,1,0
152148,1725,0,0,0,1,0
152289,1726,0,0,0,1,0
152424,1727,0,0,0,1,0
152462,1728,0,0,1,0,0
152569,1729,0,0,0,1,0
152619,1730,0,0,1,0,0
152623,1731,0,0,1,0,0
152716,1732,0,0,0,1,0
152812,1733,0,0,0,1,0
152951,1734,0,0,0,1,0
153089,1735,0,0,0,1,0
153202,1736,0,0,0,1,0
153301,1737,0,0,0,1,0
153411,1738,0,0,0,1,0
153541,1739,0,0,0,1,0
153643,1740,0,0,0,1,0
153749,1741,0,0,0,1,0
153840,1742,0,0,0,1,0
153957,1743,0,0,0,1,0
154060,1744,0,0,0,1,0
154196,1745,0,0,0,1,0
154304,1746,0,0,0,1,0
154402,1747,0,0,0,1,0
154528,1748,0,0,0,1,0
154669,1749,0,0,0,1,0
154810,1750,0,0,0,1,0
154933,1751,0,0,0,1,0
155022,1752,0,0,0,1,0
155130,1753,0,0,0,1,0
155273,1754,0,0,0,1,0
155378,1755,0,0,0,1,0
155519,1756,0,0,0,1,0
155643,1757,0,0,0,1,0
155768,1758,0,0,0,1,0
155912,1759,0,0,0,1,0
156048,1760,0,0,0,1,0
156166,1761,0,0,0,1,0
156277,1762,0,0,0,1,0
156371,1763,0,0,0,1,0
156480,1764,0,0,0,1,0
156691,1765,0,0,0,1,0
156813,1766,0,0,0,1,0
156941,1767,0,0,0,1,0
157062,1768,0,0,0,1,0
157208,1769,0,0,0,1,0
157348,1770,0,0,0,1,0
157459,1771,0,0,0,1,0
157574,1772,0,0,0,1,0
157708,1773,0,0,0,1,0
157826,1774,0,0,0,1,0
157915,1775,0,0,0,1,0
158013,1776,0,0,0,1,0
158136,1777,0,0,0,1,0
158264,1778,0,0,0,1,0
158375,1779,0,0,0,1,0
158466,1780,0,0,0,1,0
158597,1781,0,0,0,1,0
158702,1782,0,0,0,1,0
158801,1783,0,0,0,1,0
158937,1784,0,0,0,1,0
159026,1785,0,0,0,1,0
159168,1786,0,0,0,1,0
159255,1787,0,0,1,0,0
159383,1788,0,0,0,1,0
159418,1789,0,0,1,0,0
159524,1790,0,0,0,1,0
159643,1791,0,0,0,1,0
159693,1792,0,0,1,0,0
159806,1793,0,0,0,1,0
159902,1794,0,0,0,1,0
159993,1795,0,0,0,1,0
160124,1796,0,0,0,1,0
160252,1797,0,0,0,1,0
160361,1798,0,0,0,1,0
160469,1799,0,0,0,1,0
160584,1800,0,0,0,1,0
160696,1801,0,0,0,1,0
160812,1802,0,0,0,1,0
160945,1803,0,0,0,1,0
161068,1804,0,0,1,0,0
161195,1805,0,0,0,1,0
161285,1806,0,0,0,1,0
161382,1807,0,0,0,1,0
161487,1808,0,0,0,1,0
161596,1809,0,0,0,1,0
161703,1810,0,0,0,1,0
161831,1811,0,0,0,1,0
161843,1812,0,0,1,0,0
161953,1813,0,0,0,1,0
162043,1814,0,0,0,1,0
162136,1815,0,0,0,1,0
162243,1816,0,0,0,1,0
162349,1817,0,0,0,1,0
162354,1818,1,0,0,0,0
162483,1819,0,0,0,1,0
162609,1820,0,0,0,1,0
162735,1821,0,0,0,1,0
162869,1822,0,0,0,1,0
163009,1823,0,0,0,1,0
163113,1824,0,0,0,1,0
163236,1825,0,0,0,1,0
163345,1826,0,0,0,1,0
163472,1827,0,0,0,1,0
163480,1828,0,0,1,0,0
163603,1829,0,0,0,1,0
163746,1830,0,0,0,1,0
163915,1831,0,0,0,1,0
164034,1832,0,0,0,1,0
164150,1833,0,0,0,1,0
164291,1834,0,0,0,1,0
164317,1835,0,0,1,0,0
164454,1836,0,0,0,1,0
164569,1837,0,0,0,1,0
164574,1838,1,0,0,0,0
164684,1839,0,0,0,1,0
164794,1840,0,0,0,1,0
164923,1841,0,0,0,1,0
165048,1842,0,0,0,1,0
165186,1843,0,0,0,1,0
165319,1844,0,0,0,1,0
165438,1845,0,0,0,1,0
165537,1846,0,0,0,1,0
165662,1847,0,0,0,1,0
165764,1848,0,0,0,1,0
165886,1849,0,0,0,1,0
165896,1850,0,0,1,0,0
165994,1851,0,0,0,1,0
166112,1852,0,0,0,1,0
166223,1853,0,0,0,1,0
166353,1854,0,0,0,1,0
166455,1855,0,0,0,1,0
166587,1856,0,0,0,1,0
166698,1857,0,0,0,1,0
166807,1858,0,0,0,1,0
166940,1859,0,0,0,1,0
167071,1860,0,0,0,1,0
167197,1861,0,0,0,1,0
167324,1862,0,0,0,1,0
167435,1863,0,0,0,1,0
167548,1864,0,0,0,1,0
167638,1865,0,0,0,1,0
167646,1866,0,0,1,0,0
167770,1867,0,0,0,1,0
167870,1868,0,0,0,1,0
167959,1869,0,0,0,1,0
168073,1870,0,0,0,1,0
168187,1871,0,0,0,1,0
168300,1872,0,0,0,1,0
168422,1873,0,0,0,1,0
168556,1874,0,0,0,1,0
168663,1875,0,0,0,1,0
168790,1876,0,0,0,1,0
168900,1877,0,0,0,1,0
169000,1878,0,0,0,1,0
169106,1879,0,0,0,1,0
169196,1880,0,0,0,1,0
169302,1881,0,0,0,1,0
169430,1882,0,0,0,1,0
169532,1883,0,0,0,1,0
169637,1884,0,0,0,1,0
169739,1885,0,0,0,1,0
169841,1886,0,0,0,1,0
169945,1887,0,0,0,1,0
170060,1888,0,0,0,1,0
170186,1889,0,0,0,1,0
170284,1890,0,0,0,1,0
170384,1891,0,0,0,1,0
170530,1892,0,0,0,1,0
170627,1893,0,0,0,1,0
170671,1894,0,0,1,0,0
170821,1895,0,0,0,1,0
170954,1896,0,0,0,1,0
171093,1897,0,0,0,1,0
171098,1898,0,0,1,0,0
171191,1899,0,0,0,1,0
171342,1900,0,0,0,1,0
171440,1901,0,0,0,1,0
171557,1902,0,0,0,1,0
171687,1903,0,0,0,1,0
171776,1904,0,0,0,1,0
171880,1905,0,0,0,1,0
171997,1906,0,0,0,1,0
172110,1907,0,0,0,1,0
172214,1908,0,0,0,1,0
172310,1909,0,0,0,1,0
172444,1910,0,0,0,1,0
172559,1911,0,0,0,1,0
172677,1912,0,0,0,1,0
172812,1913,0,0,0,1,0
172919,1914,0,0,0,1,0
173051,1915,0,0,0,1,0
173158,1916,0,0,0,1,0
173295,1917,0,0,0,1,0
173403,1918,0,0,0,1,0
173523,1919,0,0,0,1,0
173526,1920,0,0,1,0,0
173644,1921,0,0,0,1,0
173734,1922,0,0,0,1,0
173863,1923,0,0,0,1,0
173997,1924,0,0,0,1,0
174139,1925,0,0,0,1,0
174270,1926,0,0,0,1,0
174365,1927,0,0,0,1,0
174367,1928,0,0,1,0,0
174479,1929,0,0,0,1,0
174589,1930,0,0,0,1,0
174683,1931,0,0,0,1,0
174797,1932,0,0,0,1,0
174933,1933,0,0,0,1,0
175043,1934,0,0,0,1,0
175150,1935,0,0,0,1,0
175265,1936,0,0,0,1,0
175403,1937,0,0,0,1,0
175500,1938,0,0,0,1,0
175607,1939,0,0,0,1,0
175723,1940,0,0,0,1,0
175861,1941,0,0,0,1,0
175959,1942,0,0,1,0,0
176082,1943,0,0,0,1,0
176191,1944,0,0,0,1,0
176319,1945,0,0,0,1,0
176388,1946,0,0,1,0,0
176497,1947,0,0,0,1,0
176618,1948,0,0,0,1,0
176736,1949,0,0,0,1,0
176857,1950,0,0,0,1,0
176959,1951,0,0,0,1,0
177092,1952,0,0,0,1,0
177207,1953,0,0,0,1,0
177253,1954,0,0,1,0,0
177352,1955,0,0,0,1,0
177463,1956,0,0,0,1,0
177585,1957,0,0,0,1,0
177586,1958,0,0,1,0,0
177691,1959,0,0,0,1,0
177826,1960,0,0,0,1,0
177917,1961,0,0,1,0,0
178044,1962,0,0,0,1,0
178171,1963,0,0,0,1,0
178276,1964,0,0,0,1,0
178383,1965,0,0,0,1,0
178488,1966,0,0,0,1,0
178621,1967,0,0,0,1,0
178743,1968,0,0,0,1,0
178868,1969,0,0,0,1,0
179003,1970,0,0,0,1,0
179105,1971,0,0,0,1,0
179241,1972,0,0,0,1,0
179357,1973,0,0,0,1,0
179469,1974,0,0,0,1,0
179570,1975,0,0,0,1,0
179667,1976,0,0,0,1,0
179780,1977,0,0,0,1,0
179879,1978,0,0,0,1,0
179886,1979,0,0,1,0,0
179934,1980,0,0,1,0,0
179969,1981,0,0,1,0,0
180036,1982,0,0,1,0,0
180133,1983,0,0,0,1,0
180255,1984,0,0,0,1,0
180268,1985,0,0,1,0,0
180390,1986,0,0,0,1,0
180537,1987,0,0,0,1,0
180635,1988,0,0,0,1,0
180724,1989,0,0,0,1,0
180825,1990,0,0,1,0,0
180950,1991,0,0,0,1,0
181092,1992,0,0,0,1,0
181213,1993,0,0,0,1,0
181311,1994,0,0,0,1,0
181418,1995,0,0,0,1,0
181507,1996,0,0,0,1,0
181606,1997,0,0,0,1,0
181701,1998,0,0,0,1,0
181840,1999,0,0,0,1,0
181972,2000,0,0,0,1,0
182095,2001,0,0,0,1,0
182213,2002,0,0,0,1,0
182342,2003,0,0,0,1,0
182441,2004,0,0,0,1,0
182569,2005,0,0,0,1,0
182702,2006,0,0,0,1,0
182827,2007,0,0,0,1,0
182926,2008,0,0,0,1,0
183022,2009,0,0,0,1,0
183159,2010,0,0,0,1,0
183248,2011,0,0,0,1,0
183379,2012,0,0,0,1,0
183499,2013,0,0,0,1,0
183627,2014,0,0,0,1,0
183721,2015,0,0,1,0,0
183819,2016,0,0,0,1,0
183929,2017,0,0,0,1,0
184019,2018,0,0,0,1,0
184137,2019,0,0,0,1,0
184246,2020,0,0,0,1,0
184340,2021,0,0,0,1,0
184439,2022,0,0,0,1,0
184570,2023,0,0,0,1,0
184676,2024,0,0,0,1,0
184773,2025,0,0,0,1,0
184867,2026,0,0,0,1,0
185012,2027,0,0,0,1,0
185123,2028,0,0,0,1,0
185217,2029,0,0,0,1,0
185323,2030,0,0,0,1,0
185465,2031,0,0,0,1,0
185555,2032,0,0,0,1,0
185676,2033,0,0,0,1,0
185683,2034,0,0,1,0,0
185788,2035,0,0,0,1,0
185890,2036,0,0,0,1,0
185984,2037,0,0,0,1,0
186112,2038,0,0,0,1,0
186252,2039,0,0,0,1,0
186374,2040,0,0,0,1,0
186508,2041,0,0,0,1,0
186634,2042,0,0,0,1,0
186689,2043,0,0,1,0,0
186823,2044,0,0,0,1,0
186925,2045,0,0,0,1,0
187046,2046,0,0,0,1,0
187160,2047,0,0,0,1,0
187285,2048,0,0,0,1,0
187384,2049,0,0,0,1,0
187473,2050,0,0,0,1,0
187610,2051,0,0,0,1,0
187729,2052,0,0,0,1,0
187836,2053,0,0,0,1,0
187935,2054,0,0,0,1,0
188033,2055,0,0,0,1,0
188171,2056,0,0,0,1,0
188297,2057,0,0,0,1,0
188398,2058,0,0,0,1,0
188515,2059,0,0,0,1,0
188640,2060,0,0,0,1,0
188642,2061,1,0,0,0,0
188749,2062,0,0,0,1,0
188864,2063,0,0,0,1,0
188986,2064,0,0,0,1,0
189086,2065,0,0,0,1,0
189191,2066,0,0,0,1,0
189192,2067,0,0,1,0,0
189314,2068,0,0,0,1,0
189452,2069,0,0,0,1,0
189557,2070,0,0,0,1,0
189667,2071,0,0,0,1,0
189782,2072,0,0,0,1,0
189906,2073,0,0,0,1,0
190048,2074,0,0,0,1,0
190162,2075,0,0,0,1,0
190292,2076,0,0,0,1,0
190416,2077,0,0,0,1,0
190534,2078,0,0,0,1,0
190655,2079,0,0,0,1,0
190747,2080,0,0,0,1,0
190862,2081,0,0,0,1,0
190993,2082,0,0,0,1,0
191113,2083,0,0,0,1,0
191114,2084,0,0,1,0,0
191205,2085,0,0,0,1,0
191343,2086,0,0,0,1,0
191460,2087,0,0,0,1,0
191560,2088,0,0,0,1,0
191562,2089,0,0,1,0,0
191570,2090,0,0,1,0,0
191700,2091,0,0,0,1,0
191793,2092,0,0,0,1,0
191895,2093,0,0,0,1,0
192018,2094,0,0,0,1,0
192128,2095,0,0,0,1,0
192226,2096,0,0,0,1,0
192322,2097,0,0,0,1,0
192442,2098,0,0,0,1,0
192569,2099,0,0,0,1,0
192671,2100,0,0,0,1,0
192761,2101,0,0,0,1,0
192896,2102,0,0,0,1,0
193022,2103,0,0,0,1,0
193157,2104,0,0,0,1,0
193163,2105,0,0,1,0,0
193214,2106,0,0,1,0,0
193362,2107,0,0,0,1,0
193452,2108,0,0,0,1,0
193541,2109,0,0,0,1,0
193673,2110,0,0,0,1,0
193805,2111,0,0,0,1,0
193911,2112,0,0,0,1,0
194046,2113,0,0,0,1,0
194088,2114,0,0,1,0,0
194230,2115,0,0,0,1,0
194339,2116,0,0,0,1,0
194466,2117,0,0,0,1,0
194565,2118,0,0,0,1,0
194693,2119,0,0,0,1,0
194818,2120,0,0,0,1,0
194936,2121,0,0,0,1,0
195034,2122,0,0,0,1,0
195154,2123,0,0,0,1,0
195285,2124,0,0,0,1,0
195374,2125,0,0,0,1,0
195520,2126,0,0,0,1,0
195572,2127,0,0,1,0,0
195714,2128,0,0,0,1,0
195857,2129,0,0,0,1,0
195861,2130,1,0,0,0,0
195994,2131,0,0,0,1,0
196127,2132,0,0,0,1,0
196267,2133,0,0,0,1,0
196399,2134,0,0,0,1,0
196532,2135,0,0,0,1,0
196650,2136,0,0,0,1,0
196777,2137,0,0,0,1,0
196914,2138,0,0,0,1,0
197058,2139,0,0,0,1,0
197171,2140,0,0,0,1,0
197296,2141,0,0,0,1,0
197422,2142,0,0,0,1,0
197529,2143,0,0,0,1,0
197650,2144,0,0,0,1,0
197751,2145,0,0,0,1,0
197894,2146,0,0,0,1,0
198023,2147,0,0,0,1,0
198164,2148,0,0,0,1,0
198267,2149,0,0,0,1,0
198360,2150,0,0,0,1,0
198474,2151,0,0,0,1,0
198566,2152,0,0,0,1,0
198679,2153,0,0,0,1,0
198802,2154,0,0,0,1,0
198934,2155,0,0,0,1,0
199066,2156,0,0,0,1,0
199176,2157,0,0,0,1,0
199221,2158,0,0,1,0,0
199313,2159,0,0,0,1,0
199421,2160,0,0,0,1,0
199549,2161,0,0,0,1,0
199660,2162,0,0,0,1,0
199779,2163,0,0,0,1,0
199896,2164,0,0,0,1,0
200000,2165,0,0,0,1,0
200147,2166,0,0,0,1,0
200268,2167,0,0,0,1,0
200400,2168,0,0,0,1,0
200539,2169,0,0,0,1,0
200670,2170,0,0,0,1,0
200803,2171,0,0,0,1,0
200918,2172,0,0,0,1,0
201048,2173,0,0,0,1,0
201161,2174,0,0,0,1,0
201267,2175,0,0,0,1,0
201401,2176,0,0,0,1,0
201562,2177,0,0,0,1,0
201695,2178,0,0,0,1,0
201799,2179,0,0,0,1,0
201944,2180,0,0,0,1,0
202075,2181,0,0,0,1,0
202193,2182,0,0,0,1,0
202330,2183,0,0,0,1,0
202457,2184,0,0,0,1,0
202484,2185,0,0,1,0,0
202606,2186,0,0,0,1,0
202753,2187,0,0,0,1,0
202883,2188,0,0,0,1,0
203006,2189,0,0,0,1,0
203131,2190,0,0,0,1,0
203231,2191,0,0,0,1,0
203382,2192,0,0,0,1,0
203473,2193,0,0,0,1,0
203598,2194,0,0,0,1,0
203711,2195,0,0,0,1,0
203801,2196,0,0,0,1,0
203892,2197,0,0,0,1,0
204001,2198,0,0,0,1,0
204113,2199,0,0,0,1,0
204263,2200,0,0,0,1,0
204397,2201,0,0,0,1,0
204539,2202,0,0,0,1,0
204645,2203,0,0,0,1,0
204771,2204,0,0,0,1,0
204908,2205,0,0,0,1,0
205035,2206,0,0,0,1,0
205176,2207,0,0,0,1,0
205309,2208,0,0,0,1,0
205429,2209,0,0,0,1,0
205523,2210,0,0,0,1,0
205628,2211,0,0,0,1,0
205631,2212,0,0,1,0,0
205757,2213,0,0,0,1,0
205846,2214,0,0,0,1,0
205965,2215,0,0,0,1,0
206100,2216,0,0,0,1,0
206191,2217,0,0,0,1,0
206302,2218,0,0,0,1,0
206412,2219,0,0,0,1,0
206502,2220,0,0,0,1,0
206636,2221,0,0,0,1,0
206764,2222,0,0,0,1,0
206883,2223,0,0,0,1,0
207001,2224,0,0,0,1,0
207131,2225,0,0,0,1,0
207258,2226,0,0,0,1,0
207349,2227,0,0,0,1,0
207451,2228,0,0,0,1,0
207563,2229,0,0,0,1,0
207681,2230,0,0,0,1,0
207809,2231,0,0,0,1,0
207953,2232,0,0,0,1,0
208042,2233,0,0,0,1,0
208159,2234,0,0,0,1,0
208275,2235,0,0,0,1,0
208390,2236,0,0,0,1,0
208522,2237,0,0,0,1,0
208650,2238,0,0,0,1,0
208752,2239,0,0,0,1,0
208887,2240,0,0,0,1,0
209002,2241,0,0,0,1,0
209126,2242,0,0,0,1,0
209223,2243,0,0,0,1,0
209346,2244,0,0,0,1,0
209476,2245,0,0,0,1,0
209574,2246,0,0,0,1,0
209702,2247,0,0,0,1,0
209791,2248,0,0,0,1,0
209880,2249,0,0,0,1,0
210004,2250,0,0,0,1,0
210103,2251,0,0,0,1,0
210221,2252,0,0,0,1,0
210359,2253,0,0,0,1,0
210498,2254,0,0,0,1,0
210617,2255,0,0,0,1,0
210738,2256,0,0,0,1,0
210829,2257,0,0,0,1,0
210966,2258,0,0,0,1,0
211060,2259,0,0,0,1,0
211186,2260,0,0,0,1,0
211299,2261,0,0,0,1,0
211391,2262,0,0,0,1,0
211523,2263,0,0,0,1,0
211525,2264,0,0,1,0,0
211630,2265,0,0,0,1,0
211631,2266,1,0,0,0,0
211773,2267,0,0,0,1,0
211905,2268,0,0,0,1,0
212035,2269,0,0,0,1,0
212148,2270,0,0,0,1,0
212276,2271,0,0,0,1,0
212398,2272,0,0,0,1,0
212496,2273,0,0,0,1,0
212598,2274,0,0,0,1,0
212726,2275,0,0,0,1,0
212740,2276,0,0,1,0,0
212806,2277,0,0,1,0,0
212925,2278,0,0,0,1,0
213054,2279,0,0,0,1,0
213158,2280,0,0,0,1,0
213268,2281,0,0,0,1,0
213386,2282,0,0,0,1,0
213518,2283,0,0,0,1,0
213655,2284,0,0,0,1,0
213748,2285,0,0,0,1,0
213859,2286,0,0,0,1,0
213973,2287,0,0,0,1,0
214103,2288,0,0,0,1,0
214210,2289,0,0,0,1,0
214299,2290,0,0,0,1,0
214408,2291,0,0,0,1,0
214505,2292,0,0,0,1,0
214610,2293,0,0,0,1,0
214759,2294,0,0,0,1,0
214868,2295,0,0,0,1,0
214975,2296,0,0,0,1,0
215097,2297,0,0,0,1,0
215218,2298,0,0,0,1,0
215357,2299,0,0,0,1,0
215450,2300,0,0,0,1,0
215567,2301,0,0,0,1,0
215702,2302,0,0,0,1,0
215821,2303,0,0,0,1,0
215937,2304,0,0,0,1,0
216040,2305,0,0,0,1,0
216177,2306,0,0,0,1,0
216308,2307,0,0,0,1,0
216418,2308,0,0,0,1,0
216529,2309,0,0,0,1,0
216532,2310,0,0,1,0,0
216615,2311,0,0,1,0,0
216618,2312,0,0,1,0,0
216712,2313,0,0,0,1,0
216850,2314,0,0,0,1,0
216955,2315,0,0,0,1,0
217082,2316,0,0,0,1,0
217191,2317,0,0,0,1,0
217312,2318,0,0,0,1,0
217361,2319,0,0,1,0,0
217450,2320,0,0,0,1,0
217585,2321,0,0,0,1,0
217589,2322,0,0,1,0,0
217702,2323,0,0,0,1,0
217835,2324,0,0,0,1,0
217929,2325,0,0,0,1,0
218070,2326,0,0,0,1,0
218176,2327,0,0,0,1,0
218297,2328,0,0,0,1,0
218386,2329,0,0,0,1,0
218523,2330,0,0,0,1,0
218621,2331,0,0,0,1,0
218724,2332,0,0,0,1,0
218842,2333,0,0,0,1,0
218978,2334,0,0,0,1,0
219110,2335,0,0,0,1,0
219170,2336,0,0,1,0,0
219295,2337,0,0,0,1,0
219395,2338,0,0,0,1,0
219416,2339,0,0,1,0,0
219548,2340,0,0,0,1,0
219669,2341,0,0,0,1,0
219676,2342,0,0,1,0,0
219794,2343,0,0,0,1,0
219887,2344,0,0,0,1,0
220030,2345,0,0,0,1,0
220166,2346,0,0,0,1,0
220258,2347,0,0,0,1,0
220347,2348,0,0,0,1,0
220476,2349,0,0,0,1,0
220588,2350,0,0,0,1,0
220593,2351,0,0,1,0,0
220600,2352,0,0,1,0,0
220704,2353,0,0,0,1,0
220801,2354,0,0,0,1,0
220910,2355,0,0,0,1,0
221019,2356,0,0,0,1,0
221139,2357,0,0,0,1,0
221222,2358,0,0,1,0,0
221230,2359,0,0,1,0,0
221351,2360,0,0,0,1,0
221444,2361,0,0,0,1,0
221551,2362,0,0,0,1,0
221659,2363,0,0,0,1,0
221764,2364,0,0,0,1,0
221872,2365,0,0,0,1,0
221985,2366,0,0,0,1,0
222114,2367,0,0,0,1,0
222204,2368,0,0,0,1,0
222323,2369,0,0,0,1,0
222453,2370,0,0,0,1,0
222561,2371,0,0,0,1,0
222699,2372,0,0,0,1,0
222813,2373,0,0,0,1,0
222961,2374,0,0,0,1,0
223075,2375,0,0,0,1,0
223172,2376,0,0,0,1,0
223275,2377,0,0,0,1,0
223368,2378,0,0,0,1,0
223509,2379,0,0,0,1,0
223636,2380,0,0,0,1,0
223768,2381,0,0,0,1,0
223870,2382,0,0,0,1,0
224014,2383,0,0,0,1,0
224105,2384,0,0,0,1,0
224201,2385,0,0,0,1,0
224318,2386,0,0,0,1,0
224407,2387,0,0,0,1,0
224542,2388,0,0,0,1,0
224677,2389,0,0,0,1,0
224798,2390,0,0,0,1,0
224948,2391,0,0,0,1,0
225063,2392,0,0,0,1,0
225192,2393,0,0,0,1,0
225282,2394,0,0,0,1,0
225377,2395,0,0,0,1,0
225495,2396,0,0,0,1,0
225521,2397,0,0,1,0,0
225619,2398,0,0,0,1,0
225726,2399,0,0,0,1,0
225836,2400,0,0,0,1,0
225936,2401,0,0,0,1,0
226033,2402,0,0,0,1,0
226125,2403,0,0,0,1,0
226126,2404,0,0,1,0,0
226256,2405,0,0,0,1,0
226375,2406,0,0,0,1,0
226491,2407,0,0,0,1,0
226604,2408,0,0,0,1,0
226745,2409,0,0,0,1,0
226874,2410,0,0,0,1,0
226967,2411,0,0,0,1,0
227101,2412,0,0,0,1,0
227206,2413,0,0,0,1,0
227209,2414,0,0,1,0,0
227313,2415,0,0,0,1,0
227428,2416,0,0,0,1,0
227530,2417,0,0,0,1,0
227646,2418,0,0,0,1,0
227786,2419,0,0,0,1,0
227917,2420,0,0,0,1,0
228024,2421,0,0,0,1,0
228157,2422,0,0,0,1,0
228284,2423,0,0,0,1,0
228432,2424,0,0,0,1,0
228557,2425,0,0,0,1,0
228656,2426,0,0,0,1,0
228790,2427,0,0,0,1,0
228893,2428,0,0,0,1,0
228902,2429,0,0,1,0,0
229040,2430,0,0,0,1,0
229143,2431,0,0,0,1,0
229190,2432,0,0,1,0,0
229299,2433,0,0,0,1,0
229447,2434,0,0,0,1,0
229566,2435,0,0,0,1,0
229702,2436,0,0,0,1,0
229813,2437,0,0,0,1,0
229920,2438,0,0,0,1,0
230040,2439,0,0,0,1,0
230171,2440,0,0,0,1,0
230279,2441,0,0,0,1,0
230398,2442,0,0,0,1,0
230498,2443,0,0,0,1,0
230629,2444,0,0,0,1,0
230753,2445,0,0,1,0,0
230854,2446,0,0,0,1,0
230986,2447,0,0,0,1,0
231075,2448,0,0,0,1,0
231197,2449,0,0,0,1,0
231214,2450,0,0,1,0,0
231306,2451,0,0,0,1,0
231430,2452,0,0,0,1,0
231536,2453,0,0,0,1,0
231631,2454,0,0,0,1,0
231750,2455,0,0,0,1,0
231848,2456,0,0,0,1,0
231945,2457,0,0,0,1,0
232036,2458,0,0,0,1,0
232171,2459,0,0,0,1,0
232275,2460,0,0,0,1,0
232385,2461,0,0,0,1,0
232501,2462,0,0,0,1,0
232592,2463,0,0,0,1,0
232708,2464,0,0,0,1,0
232832,2465,0,0,0,1,0
232965,2466,0,0,0,1,0
233080,2467,0,0,0,1,0
233209,2468,0,0,0,1,0
233331,2469,0,0,0,1,0
233439,2470,0,0,0,1,0
233556,2471,0,0,0,1,0
233649,2472,0,0,0,1,0
233767,2473,0,0,0,1,0
233900,2474,0,0,0,1,0
234003,2475,0,0,0,1,0
234135,2476,0,0,0,1,0
234138,2477,0,0,1,0,0
234236,2478,0,0,0,1,0
234276,2479,0,0,1,0,0
234377,2480,0,0,0,1,0
234523,2481,0,0,0,1,0
234622,2482,0,0,0,1,0
234722,2483,0,0,0,1,0
234833,2484,0,0,0,1,0
234942,2485,0,0,0,1,0
235057,2486,0,0,0,1,0
235165,2487,0,0,0,1,0
235342,2488,0,0,0,1,0
235459,2489,0,0,0,1,0
235591,2490,0,0,0,1,0
235685,2491,0,0,0,1,0
235823,2492,0,0,0,1,0
235912,2493,0,0,0,1,0
236057,2494,0,0,0,1,0
236169,2495,0,0,0,1,0
236277,2496,0,0,0,1,0
236377,2497,0,0,0,1,0
236475,2498,0,0,0,1,0
236538,2499,0,0,1,0,0
236658,2500,0,0,0,1,0
236757,2501,0,0,0,1,0
236855,2502,0,0,0,1,0
236969,2503,0,0,0,1,0
237090,2504,0,0,0,1,0
237207,2505,0,0,0,1,0
237347,2506,0,0,0,1,0
237478,2507,0,0,0,1,0
237484,2508,0,0,1,0,0
237581,2509,0,0,0,1,0
237694,2510,0,0,0,1,0
237804,2511,0,0,0,1,0
237947,2512,0,0,0,1,0
238008,2513,0,0,1,0,0
238133,2514,0,0,0,1,0
238170,2515,0,0,1,0,0
238274,2516,0,0,0,1,0
238410,2517,0,0,0,1,0
238512,2518,0,0,0,1,0
238648,2519,0,0,0,1,0
238784,2520,0,0,0,1,0
238918,2521,0,0,0,1,0
239032,2522,0,0,0,1,0
239145,2523,0,0,0,1,0
239258,2524,0,0,0,1,0
239391,2525,0,0,0,1,0
239490,2526,0,0,0,1,0
239630,2527,0,0,0,1,0
239740,2528,0,0,0,1,0
239877,2529,0,0,0,1,0
240003,2530,0,0,0,1,0
240020,2531,0,0,1,0,0
240130,2532,0,0,0,1,0
240195,2533,0,0,1,0,0
240301,2534,0,0,0,1,0
240413,2535,0,0,0,1,0
240560,2536,0,0,0,1,0
240672,2537,0,0,0,1,0
240765,2538,0,0,0,1,0
240766,2539,0,0,1,0,0
240902,2540,0,0,0,1,0
241035,2541,0,0,0,1,0
241139,2542,0,0,0,1,0
241273,2543,0,0,0,1,0
241395,2544,0,0,0,1,0
241547,2545,0,0,0,1,0
241654,2546,0,0,0,1,0
241760,2547,0,0,0,1,0
241881,2548,0,0,0,1,0
242022,2549,0,0,0,1,0
242123,2550,0,0,0,1,0
242260,2551,0,0,0,1,0
242523,2552,0,0,0,1,0
242618,2553,0,0,0,1,0
242739,2554,0,0,0,1,0
242849,2555,0,0,0,1,0
242961,2556,0,0,0,1,0
243096,2557,0,0,0,1,0
243195,2558,0,0,0,1,0
243325,2559,0,0,0,1,0
243418,2560,0,0,0,1,0
243553,2561,0,0,0,1,0
243568,2562,0,0,1,0,0
243679,2563,0,0,0,1,0
243782,2564,0,0,0,1,0
243887,2565,0,0,0,1,0
243891,2566,0,0,1,0,0
244028,2567,0,0,0,1,0
244199,2568,0,0,0,1,0
244337,2569,0,0,0,1,0
244438,2570,0,0,0,1,0
244565,2571,0,0,0,1,0
244698,2572,0,0,0,1,0
244835,2573,0,0,0,1,0
244960,2574,0,0,0,1,0
244963,2575,0,0,1,0,0
245078,2576,0,0,0,1,0
245182,2577,0,0,0,1,0
245272,2578,0,0,0,1,0
245368,2579,0,0,0,1,0
245478,2580,0,0,0,1,0
245610,2581,0,0,0,1,0
245747,2582,0,0,0,1,0
245837,2583,0,0,0,1,0
245970,2584,0,0,0,1,0
246073,2585,0,0,0,1,0
246202,2586,0,0,0,1,0
246307,2587,0,0,0,1,0
246434,2588,0,0,0,1,0
246537,2589,0,0,0,1,0
246654,2590,0,0,0,1,0
246765,2591,0,0,0,1,0
246886,2592,0,0,0,1,0
246985,2593,0,0,0,1,0
247119,2594,0,0,0,1,0
247209,2595,0,0,0,1,0
247326,2596,0,0,0,1,0
247431,2597,0,0,0,1,0
247525,2598,0,0,0,1,0
247672,2599,0,0,0,1,0
247817,2600,0,0,0,1,0
247957,2601,0,0,0,1,0
248073,2602,0,0,0,1,0
248180,2603,0,0,0,1,0
248273,2604,0,0,0,1,0
248293,2605,0,0,1,0,0
248400,2606,0,0,0,1,0
248543,2607,0,0,0,1,0
248640,2608,0,0,0,1,0
248760,2609,0,0,0,1,0
248866,2610,0,0,0,1,0
248978,2611,0,0,0,1,0
249111,2612,0,0,0,1,0
249242,2613,0,0,0,1,0
249369,2614,0,0,0,1,0
249495,2615,0,0,0,1,0
249614,2616,0,0,0,1,0
249748,2617,0,0,0,1,0
249850,2618,0,0,0,1,0
249943,2619,0,0,0,1,0
250050,2620,0,0,0,1,0
250149,2621,0,0,0,1,0
250276,2622,0,0,0,1,0
250382,2623,0,0,0,1,0
250499,2624,0,0,0,1,0
250621,2625,0,0,0,1,0
250710,2626,0,0,0,1,0
250716,2627,0,0,1,0,0
250856,2628,0,0,0,1,0
250948,2629,0,0,0,1,0
251075,2630,0,0,0,1,0
251188,2631,0,0,0,1,0
251315,2632,0,0,0,1,0
251451,2633,0,0,0,1,0
251559,2634,0,0,0,1,0
251678,2635,0,0,0,1,0
251824,2636,0,0,0,1,0
251964,2637,0,0,0,1,0
252082,2638,0,0,0,1,0
252191,2639,0,0,0,1,0
252334,2640,0,0,0,1,0
252451,2641,0,0,0,1,0
252454,2642,1,0,0,0,0
252595,2643,0,0,0,1,0
252706,2644,0,0,0,1,0
252835,2645,0,0,0,1,0
252959,2646,0,0,0,1,0
253060,2647,0,0,0,1,0
253158,2648,0,0,0,1,0
253289,2649,0,0,0,1,0
253379,2650,0,0,0,1,0
253502,2651,0,0,0,1,0
253599,2652,0,0,0,1,0
253700,2653,0,0,0,1,0
253704,2654,1,0,0,0,0
253841,2655,0,0,0,1,0
253950,2656,0,0,0,1,0
254079,2657,0,0,0,1,0
254197,2658,0,0,0,1,0
254256,2659,0,0,1,0,0
254347,2660,0,0,0,1,0
254362,2661,0,0,1,0,0
254470,2662,0,0,0,1,0
254560,2663,0,0,0,1,0
254655,2664,0,0,0,1,0
254755,2665,0,0,0,1,0
254882,2666,0,0,0,1,0
254885,2667,1,0,0,0,0
254992,2668,0,0,0,1,0
255124,2669,0,0,0,1,0
255219,2670,0,0,0,1,0
255360,2671,0,0,0,1,0
255470,2672,0,0,0,1,0
255582,2673,0,0,0,1,0
255714,2674,0,0,0,1,0
255820,2675,0,0,0,1,0
255963,2676,0,0,0,1,0
256088,2677,0,0,0,1,0
256233,2678,0,0,0,1,0
256330,2679,0,0,0,1,0
256453,2680,0,0,0,1,0
256567,2681,0,0,0,1,0
256572,2682,0,0,1,0,0
256687,2683,0,0,0,1,0
256801,2684,0,0,0,1,0
256926,2685,0,0,0,1,0
257027,2686,0,0,0,1,0
257118,2687,0,0,0,1,0
257123,2688,1,0,0,0,0
257246,2689,0,0,0,1,0
257346,2690,0,0,0,1,0
257449,2691,0,0,0,1,0
257566,2692,0,0,0,1,0
257685,2693,0,0,0,1,0
257796,2694,0,0,0,1,0
257893,2695,0,0,0,1,0
258009,2696,0,0,1,0,0
258139,2697,0,0,0,1,0
258271,2698,0,0,0,1,0
258275,2699,0,0,1,0,0
258376,2700,0,0,0,1,0
258480,2701,0,0,0,1,0
258585,2702,0,0,0,1,0
258679,2703,0,0,0,1,0
258811,2704,0,0,0,1,0
258937,2705,0,0,0,1,0
259060,2706,0,0,0,1,0
259164,2707,0,0,0,1,0
259303,2708,0,0,0,1,0
259444,2709,0,0,0,1,0
259560,2710,0,0,0,1,0
259671,2711,0,0,0,1,0
259785,2712,0,0,0,1,0
259900,2713,0,0,0,1,0
260049,2714,0,0,0,1,0
260140,2715,0,0,0,1,0
260270,2716,0,0,0,1,0
260276,2717,0,0,1,0,0
260409,2718,0,0,0,1,0
260531,2719,0,0,0,1,0
260669,2720,0,0,0,1,0
260789,2721,0,0,0,1,0
260892,2722,0,0,0,1,0
261012,2723,0,0,0,1,0
261122,2724,0,0,0,1,0
261262,2725,0,0,0,1,0
261411,2726,0,0,0,1,0
261497,2727,0,0,0,1,0
261638,2728,0,0,0,1,0
261772,2729,0,0,0,1,0
261895,2730,0,0,0,1,0
262029,2731,0,0,0,1,0
262130,2732,0,0,0,1,0
262242,2733,0,0,0,1,0
262338,2734,0,0,0,1,0
262453,2735,0,0,0,1,0
262577,2736,0,0,0,1,0
262703,2737,0,0,0,1,0
262832,2738,0,0,0,1,0
262927,2739,0,0,0,1,0
263072,2740,0,0,0,1,0
263203,2741,0,0,0,1,0
263323,2742,0,0,0,1,0
263446,2743,0,0,0,1,0
263548,2744,0,0,0,1,0
263670,2745,0,0,0,1,0
263687,2746,0,0,1,0,0
263820,2747,0,0,0,1,0
263929,2748,0,0,0,1,0
264046,2749,0,0,0,1,0
264141,2750,0,0,0,1,0
264255,2751,0,0,0,1,0
264376,2752,0,0,0,1,0
264479,2753,0,0,0,1,0
264588,2754,0,0,0,1,0
264681,2755,0,0,0,1,0
264778,2756,0,0,0,1,0
264793,2757,0,0,1,0,0
264931,2758,0,0,0,1,0
265033,2759,0,0,0,1,0
265182,2760,0,0,0,1,0
265185,2761,0,0,1,0,0
265281,2762,0,0,0,1,0
265379,2763,0,0,0,1,0
265500,2764,0,0,0,1,0
265625,2765,0,0,0,1,0
265735,2766,0,0,0,1,0
265830,2767,0,0,0,1,0
265962,2768,0,0,0,1,0
266099,2769,0,0,0,1,0
266227,2770,0,0,0,1,0
266338,2771,0,0,0,1,0
266479,2772,0,0,0,1,0
266597,2773,0,0,0,1,0
266703,2774,0,0,0,1,0
266841,2775,0,0,0,1,0
266972,2776,0,0,0,1,0
267100,2777,0,0,0,1,0
267221,2778,0,0,0,1,0
267328,2779,0,0,0,1,0
267451,2780,0,0,0,1,0
267581,2781,0,0,0,1,0
267680,2782,0,0,0,1,0
267812,2783,0,0,0,1,0
267921,2784,0,0,0,1,0
268041,2785,0,0,0,1,0
268141,2786,0,0,0,1,0
268274,2787,0,0,0,1,0
268405,2788,0,0,0,1,0
268494,2789,0,0,0,1,0
268588,2790,0,0,0,1,0
268677,2791,0,0,0,1,0
268804,2792,0,0,0,1,0
268915,2793,0,0,0,1,0
269024,2794,0,0,0,1,0
269151,2795,0,0,0,1,0
269183,2796,0,0,1,0,0
269185,2797,0,0,1,0,0
269286,2798,0,0,0,1,0
269420,2799,0,0,0,1,0
269552,2800,0,0,0,1,0
269660,2801,0,0,0,1,0
269768,2802,0,0,0,1,0
269889,2803,0,0,0,1,0
270019,2804,0,0,0,1,0
270023,2805,0,0,1,0,0
270136,2806,0,0,0,1,0
270225,2807,0,0,0,1,0
270335,2808,0,0,0,1,0
270472,2809,0,0,0,1,0
270592,2810,0,0,0,1,0
270695,2811,0,0,0,1,0
270766,2812,0,0,1,0,0
270883,2813,0,0,0,1,0
271005,2814,0,0,0,1,0
271120,2815,0,0,0,1,0
271257,2816,0,0,0,1,0
271384,2817,0,0,0,1,0
271506,2818,0,0,0,1,0
271634,2819,0,0,0,1,0
271769,2820,0,0,0,1,0
271866,2821,0,0,0,1,0
271991,2822,0,0,0,1,0
272046,2823,0,0,1,0,0
272163,2824,0,0,0,1,0
272280,2825,0,0,0,1,0
272399,2826,0,0,0,1,0
272523,2827,0,0,0,1,0
272657,2828,0,0,0,1,0
272789,2829,0,0,0,1,0
272914,2830,0,0,0,1,0
272915,2831,1,0,0,0,0
273040,2832,0,0,0,1,0
273144,2833,0,0,0,1,0
273285,2834,0,0,0,1,0
273386,2835,0,0,0,1,0
273523,2836,0,0,0,1,0
273637,2837,0,0,0,1,0
273743,2838,0,0,0,1,0
273856,2839,0,0,0,1,0
273975,2840,0,0,0,1,0
274105,2841,0,0,0,1,0
274124,2842,0,0,1,0,0
274222,2843,0,0,0,1,0
274344,2844,0,0,0,1,0
274450,2845,0,0,0,1,0
274553,2846,0,0,0,1,0
274649,2847,0,0,0,1,0
274650,2848,1,0,0,0,0
274762,2849,0,0,0,1,0
274901,2850,0,0,0,1,0
275044,2851,0,0,0,1,0
275165,2852,0,0,0,1,0
275302,2853,0,0,0,1,0
275417,2854,0,0,0,1,0
275542,2855,0,0,0,1,0
275672,2856,0,0,0,1,0
275816,2857,0,0,0,1,0
275909,2858,0,0,0,1,0
276028,2859,0,0,0,1,0
276123,2860,0,0,0,1,0
276259,2861,0,0,0,1,0
276395,2862,0,0,0,1,0
276510,2863,0,0,0,1,0
276614,2864,0,0,0,1,0
276748,2865,0,0,0,1,0
276869,2866,0,0,0,1,0
276964,2867,0,0,0,1,0
277090,2868,0,0,0,1,0
277219,2869,0,0,0,1,0
277318,2870,0,0,0,1,0
277428,2871,0,0,0,1,0
277546,2872,0,0,0,1,0
277678,2873,0,0,0,1,0
277809,2874,0,0,0,1,0
277914,2875,0,0,0,1,0
278047,2876,0,0,0,1,0
278178,2877,0,0,0,1,0
278311,2878,0,0,0,1,0
278440,2879,0,0,0,1,0
278570,2880,0,0,0,1,0
278684,2881,0,0,0,1,0
278793,2882,0,0,0,1,0
278926,2883,0,0,0,1,0
279038,2884,0,0,0,1,0
279066,2885,0,0,1,0,0
279113,2886,0,0,1,0,0
279241,2887,0,0,0,1,0
279380,2888,0,0,0,1,0
279504,2889,0,0,0,1,0
279618,2890,0,0,0,1,0
279748,2891,0,0,0,1,0
279854,2892,0,0,0,1,0
279964,2893,0,0,0,1,0
280080,2894,0,0,0,1,0
280210,2895,0,0,0,1,0
280301,2896,0,0,0,1,0
280441,2897,0,0,0,1,0
280568,2898,0,0,0,1,0
280698,2899,0,0,0,1,0
280805,2900,0,0,0,1,0
280937,2901,0,0,0,1,0
281041,2902,0,0,0,1,0
281156,2903,0,0,0,1,0
281275,2904,0,0,0,1,0
281395,2905,0,0,0,1,0
281500,2906,0,0,0,1,0
281618,2907,0,0,0,1,0
281726,2908,0,0,1,0,0
281873,2909,0,0,0,1,0
281982,2910,0,0,0,1,0
282082,2911,0,0,0,1,0
282216,2912,0,0,0,1,0
282332,2913,0,0,0,1,0
282440,2914,0,0,0,1,0
282565,2915,0,0,0,1,0
282703,2916,0,0,0,1,0
282836,2917,0,0,0,1,0
282945,2918,0,0,0,1,0
283060,2919,0,0,0,1,0
283149,2920,0,0,0,1,0
283274,2921,0,0,0,1,0
283383,2922,0,0,0,1,0
283505,2923,0,0,0,1,0
283623,2924,0,0,0,1,0
283757,2925,0,0,0,1,0
283864,2926,0,0,0,1,0
283995,2927,0,0,0,1,0
284091,2928,0,0,0,1,0
284193,2929,0,0,0,1,0
284305,2930,0,0,0,1,0
284412,2931,0,0,0,1,0
284527,2932,0,0,0,1,0
284654,2933,0,0,0,1,0
284760,2934,0,0,0,1,0
284897,2935,0,0,0,1,0
285030,2936,0,0,0,1,0
285172,2937,0,0,0,1,0
285264,2938,0,0,0,1,0
285365,2939,0,0,0,1,0
285467,2940,0,0,0,1,0
285592,2941,0,0,0,1,0
285722,2942,0,0,0,1,0
285859,2943,0,0,0,1,0
285924,2944,0,0,1,0,0
286039,2945,0,0,0,1,0
286138,2946,0,0,0,1,0
286266,2947,0,0,0,1,0
286357,2948,0,0,0,1,0
286495,2949,0,0,0,1,0
286619,2950,0,0,0,1,0
286724,2951,0,0,0,1,0
286868,2952,0,0,0,1,0
286970,2953,0,0,0,1,0
287102,2954,0,0,0,1,0
287214,2955,0,0,0,1,0
287338,2956,0,0,0,1,0
287344,2957,0,0,1,0,0
287469,2958,0,0,0,1,0
287603,2959,0,0,0,1,0
287723,2960,0,0,0,1,0
287817,2961,0,0,0,1,0
287953,2962,0,0,0,1,0
288058,2963,0,0,0,1,0
288182,2964,0,0,0,1,0
288291,2965,0,0,1,0,0
288415,2966,0,0,0,1,0
288547,2967,0,0,0,1,0
288646,2968,0,0,0,1,0
288769,2969,0,0,0,1,0
288881,2970,0,0,0,1,0
289022,2971,0,0,0,1,0
289146,2972,0,0,0,1,0
289274,2973,0,0,0,1,0
289384,2974,0,0,0,1,0
289512,2975,0,0,0,1,0
289646,2976,0,0,0,1,0
289784,2977,0,0,0,1,0
289906,2978,0,0,0,1,0
289994,2979,0,0,0,1,0
290127,2980,0,0,0,1,0
290256,2981,0,0,0,1,0
290379,2982,0,0,0,1,0
290506,2983,0,0,0,1,0
290625,2984,0,0,0,1,0
290715,2985,0,0,0,1,0
290841,2986,0,0,0,1,0
290948,2987,0,0,0,1,0
291099,2988,0,0,0,1,0
291213,2989,0,0,0,1,0
291342,2990,0,0,0,1,0
291458,2991,0,0,0,1,0
291591,2992,0,0,0,1,0
291728,2993,0,0,0,1,0
291840,2994,0,0,0,1,0
291991,2995,0,0,0,1,0
292080,2996,0,0,0,1,0
292211,2997,0,0,0,1,0
292334,2998,0,0,0,1,0
292340,2999,0,0,1,0,0
292437,3000,0,0,0,1,0
292539,3001,0,0,0,1,0
292649,3002,0,0,0,1,0
292742,3003,0,0,0,1,0
292879,3004,0,0,0,1,0
293009,3005,0,0,0,1,0
293143,3006,0,0,0,1,0
293286,3007,0,0,0,1,0
293410,3008,0,0,0,1,0
293518,3009,0,0,0,1,0
293636,3010,0,0,0,1,0
293730,3011,0,0,0,1,0
293856,3012,0,0,0,1,0
293975,3013,0,0,0,1,0
294071,3014,0,0,0,1,0
294216,3015,0,0,0,1,0
294352,3016,0,0,0,1,0
294497,3017,0,0,0,1,0
294635,3018,0,0,0,1,0
294756,3019,0,0,0,1,0
294886,3020,0,0,0,1,0
295021,3021,0,0,0,1,0
295120,3022,0,0,0,1,0
295251,3023,0,0,0,1,0
295390,3024,0,0,0,1,0
295507,3025,0,0,0,1,0
295604,3026,0,0,0,1,0
295725,3027,0,0,0,1,0
295836,3028,0,0,0,1,0
295911,3029,0,0,1,0,0
296032,3030,0,0,0,1,0
296128,3031,0,0,0,1,0
296268,3032,0,0,0,1,0
296378,3033,0,0,0,1,0
296475,3034,0,0,0,1,0
296613,3035,0,0,0,1,0
296738,3036,0,0,0,1,0
296858,3037,0,0,0,1,0
296960,3038,0,0,0,1,0
297084,3039,0,0,0,1,0
297220,3040,0,0,0,1,0
297312,3041,0,0,0,1,0
297438,3042,0,0,0,1,0
297531,3043,0,0,0,1,0
297656,3044,0,0,0,1,0
297791,3045,0,0,0,1,0
297929,3046,0,0,0,1,0
298043,3047,0,0,0,1,0
298172,3048,0,0,0,1,0
298312,3049,0,0,0,1,0
298437,3050,0,0,0,1,0
298561,3051,0,0,0,1,0
298681,3052,0,0,0,1,0
298799,3053,0,0,0,1,0
298894,3054,0,0,0,1,0
299019,3055,0,0,0,1,0
299117,3056,0,0,0,1,0
299216,3057,0,0,0,1,0
299322,3058,0,0,0,1,0
299414,3059,0,0,0,1,0
299541,3060,0,0,0,1,0
299680,3061,0,0,0,1,0
299810,3062,0,0,0,1,0
299922,3063,0,0,0,1,0
300015,3064,0,0,0,1,0
300136,3065,0,0,0,1,0
300257,3066,0,0,0,1,0
300399,3067,0,0,0,1,0
300503,3068,0,0,0,1,0
300617,3069,0,0,0,1,0
300742,3070,0,0,0,1,0
300855,3071,0,0,0,1,0
300976,3072,0,0,0,1,0
301100,3073,0,0,0,1,0
301212,3074,0,0,0,1,0
301333,3075,0,0,0,1,0
301464,3076,0,0,0,1,0
301590,3077,0,0,0,1,0
301737,3078,0,0,0,1,0
301860,3079,0,0,0,1,0
301955,3080,0,0,0,1,0
302087,3081,0,0,0,1,0
302092,3082,0,0,1,0,0
302207,3083,0,0,0,1,0
302340,3084,0,0,0,1,0
302429,3085,0,0,0,1,0
302564,3086,0,0,0,1,0
302686,3087,0,0,0,1,0
302776,3088,0,0,0,1,0
302866,3089,0,0,0,1,0
303009,3090,0,0,0,1,0
303138,3091,0,0,0,1,0
303274,3092,0,0,0,1,0
303377,3093,0,0,0,1,0
303515,3094,0,0,0,1,0
303615,3095,0,0,0,1,0
303750,3096,0,0,0,1,0
303860,3097,0,0,0,1,0
303999,3098,0,0,0,1,0
304125,3099,0,0,0,1,0
304256,3100,0,0,0,1,0
304362,3101,0,0,0,1,0
304493,3102,0,0,0,1,0
304599,3103,0,0,0,1,0
304716,3104,0,0,0,1,0
304837,3105,0,0,0,1,0
304938,3106,0,0,0,1,0
305071,3107,0,0,0,1,0
305195,3108,0,0,0,1,0
305285,3109,0,0,0,1,0
305415,3110,0,0,0,1,0
305536,3111,0,0,0,1,0
305649,3112,0,0,0,1,0
305757,3113,0,0,0,1,0
305855,3114,0,0,0,1,0
305977,3115,0,0,0,1,0
306111,3116,0,0,0,1,0
306158,3117,0,0,1,0,0
306300,3118,0,0,0,1,0
306428,3119,0,0,0,1,0
306540,3120,0,0,0,1,0
306679,3121,0,0,0,1,0
306807,3122,0,0,0,1,0
306901,3123,0,0,0,1,0
307012,3124,0,0,0,1,0
307143,3125,0,0,0,1,0
307247,3126,0,0,0,1,0
307384,3127,0,0,0,1,0
307389,3128,0,0,1,0,0
307504,3129,0,0,0,1,0
307632,3130,0,0,0,1,0
307731,3131,0,0,1,0,0
307861,3132,0,0,0,1,0
307951,3133,0,0,0,1,0
308092,3134,0,0,0,1,0
308214,3135,0,0,0,1,0
308328,3136,0,0,0,1,0
308458,3137,0,0,0,1,0
308554,3138,0,0,0,1,0
308665,3139,0,0,0,1,0
308787,3140,0,0,0,1,0
308908,3141,0,0,0,1,0
308997,3142,0,0,0,1,0
309000,3143,1,0,0,0,0
309125,3144,0,0,0,1,0
309217,3145,0,0,0,1,0
309329,3146,0,0,0,1,0
309425,3147,0,0,1,0,0
309520,3148,0,0,0,1,0
309642,3149,0,0,0,1,0
309731,3150,0,0,0,1,0
309864,3151,0,0,0,1,0
309978,3152,0,0,0,1,0
310016,3153,0,0,1,0,0
310129,3154,0,0,0,1,0
310237,3155,0,0,0,1,0
310347,3156,0,0,0,1,0
310465,3157,0,0,0,1,0
310563,3158,0,0,0,1,0
310666,3159,0,0,0,1,0
310757,3160,0,0,0,1,0
310872,3161,0,0,0,1,0
311008,3162,0,0,0,1,0
311119,3163,0,0,0,1,0
311234,3164,0,0,0,1,0
311324,3165,0,0,0,1,0
311456,3166,0,0,0,1,0
311563,3167,0,0,0,1,0
311669,3168,0,0,0,1,0
311802,3169,0,0,0,1,0
311939,3170,0,0,0,1,0
312047,3171,0,0,0,1,0
312179,3172,0,0,0,1,0
312268,3173,0,0,0,1,0
312400,3174,0,0,0,1,0
312496,3175,0,0,0,1,0
312624,3176,0,0,0,1,0
312720,3177,0,0,0,1,0
312821,3178,0,0,0,1,0
312944,3179,0,0,0,1,0
313082,3180,0,0,0,1,0
313202,3181,0,0,0,1,0
313307,3182,0,0,0,1,0
313439,3183,0,0,0,1,0
313524,3184,0,0,1,0,0
313529,3185,0,0,1,0,0
313655,3186,0,0,0,1,0
313773,3187,0,0,0,1,0
313893,3188,0,0,0,1,0
314006,3189,0,0,0,1,0
314130,3190,0,0,0,1,0
314238,3191,0,0,0,1,0
314337,3192,0,0,0,1,0
314470,3193,0,0,0,1,0
314585,3194,0,0,0,1,0
314702,3195,0,0,0,1,0
314802,3196,0,0,0,1,0
314892,3197,0,0,0,1,0
314988,3198,0,0,0,1,0
315111,3199,0,0,0,1,0
315231,3200,0,0,0,1,0
315238,3201,0,0,1,0,0
315332,3202,0,0,0,1,0
315452,3203,0,0,0,1,0
315564,3204,0,0,0,1,0
315659,3205,0,0,0,1,0
315757,3206,0,0,0,1,0
315780,3207,0,0,1,0,0
315904,3208,0,0,0,1,0
316034,3209,0,0,0,1,0
316159,3210,0,0,0,1,0
316268,3211,0,0,0,1,0
316290,3212,0,0,1,0,0
316416,3213,0,0,0,1,0
316554,3214,0,0,0,1,0
316679,3215,0,0,0,1,0
316786,3216,0,0,0,1,0
316886,3217,0,0,0,1,0
316979,3218,0,0,0,1,0
317121,3219,0,0,0,1,0
317260,3220,0,0,0,1,0
317381,3221,0,0,0,1,0
317471,3222,0,0,0,1,0
317524,3223,0,0,1,0,0
317616,3224,0,0,0,1,0
317757,3225,0,0,0,1,0
317855,3226,0,0,0,1,0
317988,3227,0,0,0,1,0
318098,3228,0,0,0,1,0
318210,3229,0,0,0,1,0
318215,3230,0,0,1,0,0
318321,3231,0,0,0,1,0
318462,3232,0,0,0,1,0
318596,3233,0,0,0,1,0
318708,3234,0,0,0,1,0
318811,3235,0,0,0,1,0
318941,3236,0,0,0,1,0
319058,3237,0,0,0,1,0
319166,3238,0,0,0,1,0
319168,3239,1,0,0,0,0
319295,3240,0,0,0,1,0
319425,3241,0,0,0,1,0
319555,3242,0,0,0,1,0
319682,3243,0,0,0,1,0
319794,3244,0,0,0,1,0
319935,3245,0,0,0,1,0
320066,3246,0,0,0,1,0
320206,3247,0,0,0,1,0
320322,3248,0,0,0,1,0
320446,3249,0,0,0,1,0
320595,3250,0,0,0,1,0
320704,3251,0,0,0,1,0
320843,3252,0,0,0,1,0
320944,3253,0,0,0,1,0
320947,3254,0,0,1,0,0
321047,3255,0,0,0,1,0
321147,3256,0,0,1,0,0
321261,3257,0,0,0,1,0
321393,3258,0,0,0,1,0
321514,3259,0,0,0,1,0
321614,3260,0,0,0,1,0
321746,3261,0,0,0,1,0
321893,3262,0,0,0,1,0
321900,3263,1,0,0,0,0
322027,3264,0,0,0,1,0
322153,3265,0,0,0,1,0
322251,3266,0,0,0,1,0
322369,3267,0,0,0,1,0
322489,3268,0,0,0,1,0
322560,3269,0,0,1,0,0
322654,3270,0,0,0,1,0
322786,3271,0,0,0,1,0
322932,3272,0,0,0,1,0
323065,3273,0,0,0,1,0
323191,3274,0,0,0,1,0
323298,3275,0,0,0,1,0
323418,3276,0,0,0,1,0
323548,3277,0,0,0,1,0
323663,3278,0,0,0,1,0
323754,3279,0,0,0,1,0
323871,3280,0,0,0,1,0
324007,3281,0,0,0,1,0
324146,3282,0,0,0,1,0
324256,3283,0,0,0,1,0
324273,3284,0,0,1,0,0
324413,3285,0,0,0,1,0
324534,3286,0,0,0,1,0
324668,3287,0,0,0,1,0
324798,3288,0,0,0,1,0
324907,3289,0,0,0,1,0
325029,3290,0,0,0,1,0
325151,3291,0,0,0,1,0
325295,3292,0,0,0,1,0
325421,3293,0,0,0,1,0
325523,3294,0,0,0,1,0
325617,3295,0,0,0,1,0
325725,3296,0,0,0,1,0
325867,3297,0,0,0,1,0
325963,3298,0,0,0,1,0
326052,3299,0,0,0,1,0
326094,3300,0,0,1,0,0
326211,3301,0,0,0,1,0
326338,3302,0,0,0,1,0
326427,3303,0,0,1,0,0
326449,3304,1,0,0,0,0
326562,3305,0,0,0,1,0
326688,3306,0,0,0,1,0
326836,3307,0,0,0,1,0
326925,3308,0,0,0,1,0
327014,3309,0,0,0,1,0
327104,3310,0,0,0,1,0
327212,3311,0,0,0,1,0
327321,3312,0,0,0,1,0
327444,3313,0,0,0,1,0
327565,3314,0,0,0,1,0
327661,3315,0,0,0,1,0
327806,3316,0,0,0,1,0
327913,3317,0,0,0,1,0
328042,3318,0,0,0,1,0
328150,3319,0,0,0,1,0
328285,3320,0,0,0,1,0
328390,3321,0,0,0,1,0
328518,3322,0,0,0,1,0
328636,3323,0,0,0,1,0
328775,3324,0,0,0,1,0
328865,3325,0,0,0,1,0
328968,3326,0,0,0,1,0
329100,3327,0,0,0,1,0
329236,3328,0,0,0,1,0
329364,3329,0,0,0,1,0
329474,3330,0,0,0,1,0
329571,3331,0,0,0,1,0
329703,3332,0,0,0,1,0
329842,3333,0,0,0,1,0
329986,3334,0,0,0,1,0
330120,3335,0,0,0,1,0
330250,3336,0,0,0,1,0
330375,3337,0,0,0,1,0
330472,3338,0,0,0,1,0
330596,3339,0,0,0,1,0
330685,3340,0,0,0,1,0
330787,3341,0,0,0,1,0
330909,3342,0,0,0,1,0
331005,3343,0,0,0,1,0
331133,3344,0,0,0,1,0
331232,3345,0,0,0,1,0
331356,3346,0,0,0,1,0
331379,3347,0,0,1,0,0
331468,3348,0,0,0,1,0
331587,3349,0,0,0,1,0
331718,3350,0,0,0,1,0
331813,3351,0,0,0,1,0
331918,3352,0,0,0,1,0
332019,3353,0,0,0,1,0
332149,3354,0,0,0,1,0
332287,3355,0,0,0,1,0
332387,3356,0,0,0,1,0
332392,3357,0,0,1,0,0
332492,3358,0,0,0,1,0
332607,3359,0,0,0,1,0
332740,3360,0,0,0,1,0
332829,3361,0,0,0,1,0
332918,3362,0,0,0,1,0
333039,3363,0,0,0,1,0
333171,3364,0,0,0,1,0
333312,3365,0,0,0,1,0
333424,3366,0,0,0,1,0
333516,3367,0,0,0,1,0
333634,3368,0,0,0,1,0
333749,3369,0,0,0,1,0
333860,3370,0,0,0,1,0
333997,3371,0,0,0,1,0
334106,3372,0,0,0,1,0
334244,3373,0,0,0,1,0
334361,3374,0,0,0,1,0
334494,3375,0,0,0,1,0
334627,3376,0,0,0,1,0
334754,3377,0,0,0,1,0
334866,3378,0,0,0,1,0
334976,3379,0,0,0,1,0
335107,3380,0,0,0,1,0
335221,3381,0,0,0,1,0
335332,3382,0,0,0,1,0
335438,3383,0,0,0,1,0
335569,3384,0,0,0,1,0
335703,3385,0,0,0,1,0
335842,3386,0,0,0,1,0
335965,3387,0,0,0,1,0
336101,3388,0,0,0,1,0
336217,3389,0,0,0,1,0
336329,3390,0,0,0,1,0
336456,3391,0,0,0,1,0
336603,3392,0,0,0,1,0
336746,3393,0,0,0,1,0
336845,3394,0,0,0,1,0
336946,3395,0,0,1,0,0
337075,3396,0,0,0,1,0
337182,3397,0,0,0,1,0
337311,3398,0,0,0,1,0
337430,3399,0,0,0,1,0
337558,3400,0,0,0,1,0
337663,3401,0,0,0,1,0
337796,3402,0,0,0,1,0
337904,3403,0,0,0,1,0
338024,3404,0,0,0,1,0
338145,3405,0,0,0,1,0
338234,3406,0,0,0,1,0
338348,3407,0,0,0,1,0
338462,3408,0,0,0,1,0
338608,3409,0,0,0,1,0
338723,3410,0,0,0,1,0
338836,3411,0,0,0,1,0
338964,3412,0,0,0,1,0
339085,3413,0,0,0,1,0
339201,3414,0,0,0,1,0
339315,3415,0,0,0,1,0
339457,3416,0,0,0,1,0
339566,3417,0,0,0,1,0
339699,3418,0,0,0,1,0
339803,3419,0,0,0,1,0
339921,3420,0,0,0,1,0
340045,3421,0,0,0,1,0
340177,3422,0,0,0,1,0
340317,3423,0,0,0,1,0
340419,3424,0,0,0,1,0
340541,3425,0,0,0,1,0
340678,3426,0,0,0,1,0
340812,3427,0,0,0,1,0
340919,3428,0,0,0,1,0
341041,3429,0,0,0,1,0
341164,3430,0,0,0,1,0
341261,3431,0,0,0,1,0
341375,3432,0,0,0,1,0
341464,3433,0,0,0,1,0
341590,3434,0,0,0,1,0
341715,3435,0,0,0,1,0
341854,3436,0,0,0,1,0
341966,3437,0,0,0,1,0
342089,3438,0,0,0,1,0
342228,3439,0,0,0,1,0
342356,3440,0,0,0,1,0
342496,3441,0,0,0,1,0
342595,3442,0,0,0,1,0
342687,3443,0,0,0,1,0
342797,3444,0,0,0,1,0
342923,3445,0,0,0,1,0
343024,3446,0,0,0,1,0
343148,3447,0,0,0,1,0
343279,3448,0,0,0,1,0
343389,3449,0,0,0,1,0
343402,3450,0,0,1,0,0
343523,3451,0,0,0,1,0
343633,3452,0,0,0,1,0
343760,3453,0,0,0,1,0
343857,3454,0,0,0,1,0
343989,3455,0,0,0,1,0
344122,3456,0,0,0,1,0
344238,3457,0,0,0,1,0
344337,3458,0,0,0,1,0
344466,3459,0,0,0,1,0
344578,3460,0,0,0,1,0
344696,3461,0,0,0,1,0
344820,3462,0,0,0,1,0
344932,3463,0,0,0,1,0
345039,3464,0,0,0,1,0
345168,3465,0,0,0,1,0
345277,3466,0,0,0,1,0
345410,3467,0,0,0,1,0
345545,3468,0,0,0,1,0
345663,3469,0,0,0,1,0
345801,3470,0,0,0,1,0
345920,3471,0,0,0,1,0
346016,3472,0,0,0,1,0
346154,3473,0,0,0,1,0
346278,3474,0,0,0,1,0
346387,3475,0,0,0,1,0
346496,3476,0,0,0,1,0
346631,3477,0,0,0,1,0
346760,3478,0,0,0,1,0
346876,3479,0,0,0,1,0
346994,3480,0,0,0,1,0
347111,3481,0,0,0,1,0
347229,3482,0,0,0,1,0
347351,3483,0,0,0,1,0
347486,3484,0,0,0,1,0
347619,3485,0,0,0,1,0
347749,3486,0,0,0,1,0
347880,3487,0,0,0,1,0
348021,3488,0,0,0,1,0
348118,3489,0,0,0,1,0
348249,3490,0,0,0,1,0
348349,3491,0,0,0,1,0
348489,3492,0,0,0,1,0
348606,3493,0,0,0,1,0
348719,3494,0,0,0,1,0
348830,3495,0,0,0,1,0
348921,3496,0,0,0,1,0
349032,3497,0,0,0,1,0
349149,3498,0,0,0,1,0
349254,3499,0,0,0,1,0
349390,3500,0,0,0,1,0
349532,3501,0,0,0,1,0
349677,3502,0,0,0,1,0
349814,3503,0,0,0,1,0
349909,3504,0,0,0,1,0
350026,3505,0,0,0,1,0
350144,3506,0,0,0,1,0
350240,3507,0,0,0,1,0
350376,3508,0,0,0,1,0
350480,3509,0,0,0,1,0
350580,3510,0,0,0,1,0
350708,3511,0,0,0,1,0
350836,3512,0,0,0,1,0
350955,3513,0,0,0,1,0
351079,3514,0,0,0,1,0
351208,3515,0,0,0,1,0
351353,3516,0,0,0,1,0
351465,3517,0,0,0,1,0
351577,3518,0,0,0,1,0
351694,3519,0,0,0,1,0
351832,3520,0,0,0,1,0
351961,3521,0,0,0,1,0
352098,3522,0,0,0,1,0
352237,3523,0,0,0,1,0
352359,3524,0,0,0,1,0
352465,3525,0,0,0,1,0
352575,3526,0,0,0,1,0
352584,3527,0,0,1,0,0
352705,3528,0,0,0,1,0
352828,3529,0,0,0,1,0
352946,3530,0,0,0,1,0
353088,3531,0,0,0,1,0
353231,3532,0,0,0,1,0
353351,3533,0,0,0,1,0
353484,3534,0,0,0,1,0
353595,3535,0,0,0,1,0
353635,3536,0,0,1,0,0
353752,3537,0,0,0,1,0
353881,3538,0,0,0,1,0
353980,3539,0,0,0,1,0
354100,3540,0,0,0,1,0
354191,3541,0,0,0,1,0
354286,3542,0,0,0,1,0
354381,3543,0,0,0,1,0
354510,3544,0,0,0,1,0
354649,3545,0,0,0,1,0
354746,3546,0,0,0,1,0
354893,3547,0,0,0,1,0
355002,3548,0,0,0,1,0
355118,3549,0,0,0,1,0
355225,3550,0,0,0,1,0
355317,3551,0,0,0,1,0
355457,3552,0,0,0,1,0
355586,3553,0,0,0,1,0
355675,3554,0,0,0,1,0
355799,3555,0,0,0,1,0
355915,3556,0,0,0,1,0
356055,3557,0,0,0,1,0
356185,3558,0,0,0,1,0
356305,3559,0,0,0,1,0
356406,3560,0,0,0,1,0
356544,3561,0,0,0,1,0
356676,3562,0,0,0,1,0
356800,3563,0,0,0,1,0
356924,3564,0,0,0,1,0
357073,3565,0,0,0,1,0
357210,3566,0,0,0,1,0
357307,3567,0,0,0,1,0
357445,3568,0,0,0,1,0
357555,3569,0,0,0,1,0
357559,3570,0,0,1,0,0
357693,3571,0,0,0,1,0
357808,3572,0,0,0,1,0
357949,3573,0,0,0,1,0
358070,3574,0,0,0,1,0
358183,3575,0,0,0,1,0
358327,3576,0,0,0,1,0
358426,3577,0,0,0,1,0
358542,3578,0,0,0,1,0
358671,3579,0,0,0,1,0
358800,3580,0,0,0,1,0
358917,3581,0,0,0,1,0
359026,3582,0,0,0,1,0
359141,3583,0,0,0,1,0
359278,3584,0,0,0,1,0
359300,3585,0,0,1,0,0
359416,3586,0,0,0,1,0
359531,3587,0,0,0,1,0
359634,3588,0,0,0,1,0
359766,3589,0,0,0,1,0
359905,3590,0,0,0,1,0
360011,3591,0,0,0,1,0
360147,3592,0,0,0,1,0
360238,3593,0,0,0,1,0
360345,3594,0,0,0,1,0
360475,3595,0,0,0,1,0
360595,3596,0,0,0,1,0
360725,3597,0,0,0,1,0
360831,3598,0,0,0,1,0
360967,3599,0,0,0,1,0
361088,3600,0,0,0,1,0
361223,3601,0,0,0,1,0
361331,3602,0,0,0,1,0
361433,3603,0,0,0,1,0
361550,3604,0,0,0,1,0
361651,3605,0,0,0,1,0
361792,3606,0,0,0,1,0
361885,3607,0,0,0,1,0
361974,3608,0,0,0,1,0
362095,3609,0,0,0,1,0
362194,3610,0,0,0,1,0
362334,3611,0,0,0,1,0
362494,3612,0,0,0,1,0
362602,3613,0,0,0,1,0
362708,3614,0,0,0,1,0
362709,3615,1,0,0,0,0
362802,3616,0,0,0,1,0
362930,3617,0,0,0,1,0
362983,3618,0,0,1,0,0
363122,3619,0,0,0,1,0
363233,3620,0,0,0,1,0
363357,3621,0,0,0,1,0
363478,3622,0,0,0,1,0
363599,3623,0,0,0,1,0
363713,3624,0,0,0,1,0
363818,3625,0,0,0,1,0
363947,3626,0,0,0,1,0
364037,3627,0,0,1,0,0
364138,3628,0,0,0,1,0
364240,3629,0,0,0,1,0
364372,3630,0,0,0,1,0
364522,3631,0,0,0,1,0
364637,3632,0,0,0,1,0
364771,3633,0,0,0,1,0
364891,3634,0,0,0,1,0
365015,3635,0,0,0,1,0
365114,3636,0,0,0,1,0
365238,3637,0,0,0,1,0
365348,3638,0,0,0,1,0
365460,3639,0,0,0,1,0
365555,3640,0,0,0,1,0
365664,3641,0,0,0,1,0
365668,3642,0,0,1,0,0
365797,3643,0,0,0,1,0
365914,3644,0,0,0,1,0
366021,3645,0,0,0,1,0
366148,3646,0,0,0,1,0
366262,3647,0,0,0,1,0
366398,3648,0,0,0,1,0
366531,3649,0,0,0,1,0
366659,3650,0,0,0,1,0
366778,3651,0,0,0,1,0
366911,3652,0,0,0,1,0
367053,3653,0,0,0,1,0
367186,3654,0,0,0,1,0
367314,3655,0,0,0,1,0
367447,3656,0,0,0,1,0
367541,3657,0,0,0,1,0
367645,3658,0,0,0,1,0
367780,3659,0,0,0,1,0
367783,3660,1,0,0,0,0
367903,3661,0,0,0,1,0
368021,3662,0,0,0,1,0
368121,3663,0,0,0,1,0
368221,3664,0,0,0,1,0
368328,3665,0,0,0,1,0
368434,3666,0,0,0,1,0
368570,3667,0,0,0,1,0
368702,3668,0,0,0,1,0
368799,3669,0,0,0,1,0
368925,3670,0,0,0,1,0
369056,3671,0,0,0,1,0
369187,3672,0,0,0,1,0
369305,3673,0,0,0,1,0
369405,3674,0,0,0,1,0
369462,3675,0,0,1,0,0
369574,3676,0,0,0,1,0
369717,3677,0,0,0,1,0
369839,3678,0,0,0,1,0
369944,3679,0,0,0,1,0
370033,3680,0,0,0,1,0
370130,3681,0,0,0,1,0
370248,3682,0,0,0,1,0
370364,3683,0,0,0,1,0
370488,3684,0,0,0,1,0
370602,3685,0,0,0,1,0
370737,3686,0,0,0,1,0
370867,3687,0,0,0,1,0
370997,3688,0,0,0,1,0
371078,3689,0,0,1,0,0
371188,3690,0,0,0,1,0
371322,3691,0,0,0,1,0
371468,3692,0,0,0,1,0
371557,3693,0,0,0,1,0
371655,3694,0,0,0,1,0
371802,3695,0,0,0,1,0
371920,3696,0,0,0,1,0
372009,3697,0,0,0,1,0
372090,3698,0,0,1,0,0
372198,3699,0,0,0,1,0
372302,3700,0,0,0,1,0
372438,3701,0,0,0,1,0
372568,3702,0,0,0,1,0
372709,3703,0,0,0,1,0
372843,3704,0,0,0,1,0
372960,3705,0,0,0,1,0
372963,3706,0,0,1,0,0
373082,3707,0,0,0,1,0
373209,3708,0,0,0,1,0
373333,3709,0,0,0,1,0
373467,3710,0,0,0,1,0
373607,3711,0,0,0,1,0
373746,3712,0,0,0,1,0
373835,3713,0,0,0,1,0
373969,3714,0,0,0,1,0
374067,3715,0,0,0,1,0
374177,3716,0,0,0,1,0
374276,3717,0,0,0,1,0
374373,3718,0,0,0,1,0
374508,3719,0,0,0,1,0
374620,3720,0,0,0,1,0
374726,3721,0,0,0,1,0
374811,3722,0,0,1,0,0
374935,3723,0,0,0,1,0
375045,3724,0,0,0,1,0
375046,3725,1,0,0,0,0
375157,3726,0,0,0,1,0
375284,3727,0,0,0,1,0
375425,3728,0,0,0,1,0
375566,3729,0,0,0,1,0
375724,3730,0,0,0,1,0
375835,3731,0,0,0,1,0
375924,3732,0,0,0,1,0
376038,3733,0,0,0,1,0
376041,3734,0,0,1,0,0
376186,3735,0,0,0,1,0
376327,3736,0,0,0,1,0
376456,3737,0,0,0,1,0
376552,3738,0,0,0,1,0
376665,3739,0,0,0,1,0
376799,3740,0,0,0,1,0
376947,3741,0,0,0,1,0
377083,3742,0,0,0,1,0
377186,3743,0,0,0,1,0
377308,3744,0,0,0,1,0
377431,3745,0,0,0,1,0
377522,3746,0,0,0,1,0
377641,3747,0,0,0,1,0
377763,3748,0,0,0,1,0
377880,3749,0,0,0,1,0
378010,3750,0,0,0,1,0
378107,3751,0,0,0,1,0
378212,3752,0,0,0,1,0
378314,3753,0,0,0,1,0
378430,3754,0,0,0,1,0
378542,3755,0,0,0,1,0
378663,3756,0,0,0,1,0
378769,3757,0,0,0,1,0
378901,3758,0,0,0,1,0
379018,3759,0,0,0,1,0
379149,3760,0,0,0,1,0
379270,3761,0,0,0,1,0
379400,3762,0,0,0,1,0
379532,3763,0,0,0,1,0
379664,3764,0,0,0,1,0
379790,3765,0,0,0,1,0
379902,3766,0,0,0,1,0
380029,3767,0,0,0,1,0
380156,3768,0,0,0,1,0
380270,3769,0,0,0,1,0
380384,3770,0,0,0,1,0
380503,3771,0,0,0,1,0
380651,3772,0,0,0,1,0
380740,3773,0,0,0,1,0
380883,3774,0,0,0,1,0
380972,3775,0,0,0,1,0
381047,3776,0,0,1,0,0
381138,3777,0,0,0,1,0
381150,3778,0,0,1,0,0
381256,3779,0,0,0,1,0
381345,3780,0,0,0,1,0
381458,3781,0,0,0,1,0
381596,3782,0,0,0,1,0
381699,3783,0,0,0,1,0
381804,3784,0,0,0,1,0
381895,3785,0,0,0,1,0
382033,3786,0,0,0,1,0
382154,3787,0,0,0,1,0
382254,3788,0,0,0,1,0
382346,3789,0,0,0,1,0
382471,3790,0,0,0,1,0
382581,3791,0,0,0,1,0
382683,3792,0,0,0,1,0
382797,3793,0,0,0,1,0
382886,3794,0,0,0,1,0
383034,3795,0,0,0,1,0
383148,3796,0,0,0,1,0
383263,3797,0,0,0,1,0
383362,3798,0,0,0,1,0
383472,3799,0,0,0,1,0
383592,3800,0,0,0,1,0
383739,3801,0,0,0,1,0
383840,3802,0,0,0,1,0
383978,3803,0,0,0,1,0
384112,3804,0,0,0,1,0
384227,3805,0,0,0,1,0
384316,3806,0,0,0,1,0
384457,3807,0,0,0,1,0
384589,3808,0,0,0,1,0
384706,3809,0,0,0,1,0
384813,3810,0,0,0,1,0
384909,3811,0,0,0,1,0
385048,3812,0,0,0,1,0
385176,3813,0,0,0,1,0
385304,3814,0,0,0,1,0
385408,3815,0,0,0,1,0
385545,3816,0,0,0,1,0
385665,3817,0,0,0,1,0
385791,3818,0,0,0,1,0
385891,3819,0,0,0,1,0
386025,3820,0,0,0,1,0
386151,3821,0,0,0,1,0
386290,3822,0,0,0,1,0
386421,3823,0,0,0,1,0
386558,3824,0,0,0,1,0
386668,3825,0,0,0,1,0
386804,3826,0,0,0,1,0
386920,3827,0,0,0,1,0
386943,3828,0,0,1,0,0
387053,3829,0,0,0,1,0
387184,3830,0,0,0,1,0
387310,3831,0,0,0,1,0
387425,3832,0,0,0,1,0
387548,3833,0,0,0,1,0
387645,3834,0,0,0,1,0
387746,3835,0,0,0,1,0
387877,3836,0,0,0,1,0
387972,3837,0,0,0,1,0
387978,3838,0,0,1,0,0
388099,3839,0,0,0,1,0
388217,3840,0,0,0,1,0
388358,3841,0,0,0,1,0
388473,3842,0,0,0,1,0
388566,3843,0,0,0,1,0
388695,3844,0,0,0,1,0
388801,3845,0,0,0,1,0
388890,3846,0,0,0,1,0
389028,3847,0,0,0,1,0
389124,3848,0,0,0,1,0
389269,3849,0,0,0,1,0
389329,3850,0,0,1,0,0
389423,3851,0,0,0,1,0
389556,3852,0,0,0,1,0
389690,3853,0,0,0,1,0
389797,3854,0,0,0,1,0
389914,3855,0,0,0,1,0
390027,3856,0,0,0,1,0
390116,3857,0,0,0,1,0
390210,3858,0,0,0,1,0
390315,3859,0,0,0,1,0
390320,3860,1,0,0,0,0
390322,3861,1,0,0,0,0
390437,3862,0,0,0,1,0
390531,3863,0,0,0,1,0
390678,3864,0,0,0,1,0
390801,3865,0,0,0,1,0
390916,3866,0,0,0,1,0
391020,3867,0,0,0,1,0
391125,3868,0,0,0,1,0
391238,3869,0,0,0,1,0
391371,3870,0,0,0,1,0
391493,3871,0,0,0,1,0
391615,3872,0,0,0,1,0
391718,3873,0,0,0,1,0
391832,3874,0,0,0,1,0
391966,3875,0,0,0,1,0
392091,3876,0,0,0,1,0
392218,3877,0,0,0,1,0
392347,3878,0,0,0,1,0
392445,3879,0,0,0,1,0
392542,3880,0,0,0,1,0
392639,3881,0,0,0,1,0
392814,3882,0,0,0,1,0
392921,3883,0,0,0,1,0
393051,3884,0,0,0,1,0
393180,3885,0,0,0,1,0
393278,3886,0,0,0,1,0
393401,3887,0,0,0,1,0
393532,3888,0,0,0,1,0
393656,3889,0,0,0,1,0
393769,3890,0,0,0,1,0
393906,3891,0,0,0,1,0
394019,3892,0,0,0,1,0
394114,3893,0,0,0,1,0
394231,3894,0,0,0,1,0
394332,3895,0,0,0,1,0
394430,3896,0,0,0,1,0
394538,3897,0,0,0,1,0
394650,3898,0,0,0,1,0
394697,3899,0,0,1,0,0
394814,3900,0,0,0,1,0
394927,3901,0,0,0,1,0
395017,3902,0,0,0,1,0
395141,3903,0,0,0,1,0
395184,3904,0,0,1,0,0
395298,3905,0,0,0,1,0
395420,3906,0,0,0,1,0
395549,3907,0,0,0,1,0
395686,3908,0,0,0,1,0
395812,3909,0,0,0,1,0
395973,3910,0,0,0,1,0
396090,3911,0,0,0,1,0
396202,3912,0,0,0,1,0
396342,3913,0,0,0,1,0
396451,3914,0,0,0,1,0
396552,3915,0,0,0,1,0
396659,3916,0,0,0,1,0
396784,3917,0,0,0,1,0
396912,3918,0,0,0,1,0
397037,3919,0,0,0,1,0
397164,3920,0,0,0,1,0
397285,3921,0,0,0,1,0
397374,3922,0,0,0,1,0
397502,3923,0,0,0,1,0
397603,3924,0,0,0,1,0
397735,3925,0,0,0,1,0
397840,3926,0,0,0,1,0
397947,3927,0,0,0,1,0
398060,3928,0,0,0,1,0
398154,3929,0,0,0,1,0
398294,3930,0,0,0,1,0
398407,3931,0,0,0,1,0
398527,3932,0,0,0,1,0
398644,3933,0,0,0,1,0
398775,3934,0,0,0,1,0
398869,3935,0,0,0,1,0
399000,3936,0,0,0,1,0
399103,3937,0,0,0,1,0
399242,3938,0,0,0,1,0
399380,3939,0,0,0,1,0
399471,3940,0,0,0,1,0
399576,3941,0,0,0,1,0
399682,3942,0,0,0,1,0
399804,3943,0,0,0,1,0
399928,3944,0,0,0,1,0
400052,3945,0,0,0,1,0
400187,3946,0,0,0,1,0
400309,3947,0,0,0,1,0
400402,3948,0,0,0,1,0
400541,3949,0,0,0,1,0
400646,3950,0,0,0,1,0
400736,3951,0,0,0,1,0
400877,3952,0,0,0,1,0
401021,3953,0,0,0,1,0
401155,3954,0,0,0,1,0
401282,3955,0,0,0,1,0
401404,3956,0,0,0,1,0
401545,3957,0,0,0,1,0
401674,3958,0,0,0,1,0
401803,3959,0,0,0,1,0
401810,3960,0,0,1,0,0
401919,3961,0,0,0,1,0
402033,3962,0,0,0,1,0
402145,3963,0,0,0,1,0
402257,3964,0,0,0,1,0
402368,3965,0,0,0,1,0
402476,3966,0,0,0,1,0
402598,3967,0,0,0,1,0
402739,3968,0,0,0,1,0
402828,3969,0,0,0,1,0
402962,3970,0,0,0,1,0
403076,3971,0,0,0,1,0
403189,3972,0,0,0,1,0
403299,3973,0,0,0,1,0
403430,3974,0,0,0,1,0
403559,3975,0,0,0,1,0
403674,3976,0,0,0,1,0
403799,3977,0,0,0,1,0
403945,3978,0,0,0,1,0
404089,3979,0,0,0,1,0
404220,3980,0,0,0,1,0
404323,3981,0,0,0,1,0
404458,3982,0,0,0,1,0
404639,3983,0,0,0,1,0
404717,3984,0,0,1,0,0
404742,3985,0,0,1,0,0
404865,3986,0,0,0,1,0
404985,3987,0,0,0,1,0
405107,3988,0,0,0,1,0
405235,3989,0,0,0,1,0
405378,3990,0,0,0,1,0
405471,3991,0,0,0,1,0
405575,3992,0,0,0,1,0
405671,3993,0,0,0,1,0
405775,3994,0,0,0,1,0
405897,3995,0,0,0,1,0
405996,3996,0,0,0,1,0
406142,3997,0,0,0,1,0
406243,3998,0,0,0,1,0
406385,3999,0,0,0,1,0
406503,4000,0,0,0,1,0
406618,4001,0,0,0,1,0
406742,4002,0,0,0,1,0
406885,4003,0,0,0,1,0
407017,4004,0,0,0,1,0
407106,4005,0,0,0,1,0
407241,4006,0,0,0,1,0
407362,4007,0,0,0,1,0
407451,4008,0,0,0,1,0
407452,4009,0,0,1,0,0
407546,4010,0,0,0,1,0
407667,4011,0,0,0,1,0
407784,4012,0,0,1,0,0
407910,4013,0,0,0,1,0
408040,4014,0,0,0,1,0
408169,4015,0,0,0,1,0
408288,4016,0,0,0,1,0
408401,4017,0,0,0,1,0
408511,4018,0,0,0,1,0
408602,4019,0,0,0,1,0
408707,4020,0,0,0,1,0
408820,4021,0,0,0,1,0
408928,4022,0,0,0,1,0
409038,4023,0,0,0,1,0
409127,4024,0,0,0,1,0
409224,4025,0,0,0,1,0
409315,4026,0,0,0,1,0
409405,4027,0,0,0,1,0
409541,4028,0,0,0,1,0
409676,4029,0,0,0,1,0
409765,4030,0,0,0,1,0
409880,4031,0,0,0,1,0
409998,4032,0,0,0,1,0
410126,4033,0,0,0,1,0
410245,4034,0,0,0,1,0
410291,4035,0,0,1,0,0
410436,4036,0,0,0,1,0
410540,4037,0,0,0,1,0
410630,4038,0,0,0,1,0
410753,4039,0,0,0,1,0
410855,4040,0,0,0,1,0
410990,4041,0,0,0,1,0
411109,4042,0,0,0,1,0
411233,4043,0,0,0,1,0
411340,4044,0,0,0,1,0
411439,4045,0,0,0,1,0
411531,4046,0,0,0,1,0
411667,4047,0,0,0,1,0
411813,4048,0,0,0,1,0
411933,4049,0,0,0,1,0
412045,4050,0,0,0,1,0
412169,4051,0,0,0,1,0
412271,4052,0,0,0,1,0
412417,4053,0,0,0,1,0
412537,4054,0,0,0,1,0
412627,4055,0,0,0,1,0
412741,4056,0,0,0,1,0
412830,4057,0,0,0,1,0
412940,4058,0,0,0,1,0
413029,4059,0,0,0,1,0
413137,4060,0,0,0,1,0
413252,4061,0,0,0,1,0
413356,4062,0,0,0,1,0
413458,4063,0,0,0,1,0
413473,4064,0,0,1,0,0
413579,4065,0,0,0,1,0
413706,4066,0,0,0,1,0
413846,4067,0,0,0,1,0
413941,4068,0,0,0,1,0
414053,4069,0,0,0,1,0
414169,4070,0,0,0,1,0
414285,4071,0,0,0,1,0
414399,4072,0,0,0,1,0
414543,4073,0,0,0,1,0
414578,4074,0,0,1,0,0
414690,4075,0,0,0,1,0
414787,4076,0,0,0,1,0
414909,4077,0,0,0,1,0
415006,4078,0,0,0,1,0
415106,4079,0,0,0,1,0
415226,4080,0,0,0,1,0
415347,4081,0,0,0,1,0
415471,4082,0,0,0,1,0
415570,4083,0,0,0,1,0
415700,4084,0,0,0,1,0
415704,4085,1,0,0,0,0
415799,4086,0,0,0,1,0
415929,4087,0,0,0,1,0
416018,4088,0,0,0,1,0
416145,4089,0,0,0,1,0
416283,4090,0,0,0,1,0
416378,4091,0,0,0,1,0
416503,4092,0,0,0,1,0
416618,4093,0,0,0,1,0
416731,4094,0,0,0,1,0
416744,4095,0,0,1,0,0
416846,4096,0,0,0,1,0
416993,4097,0,0,0,1,0
417088,4098,0,0,0,1,0
417199,4099,0,0,0,1,0
417340,4100,0,0,0,1,0
417431,4101,0,0,0,1,0
417525,4102,0,0,0,1,0
417629,4103,0,0,0,1,0
417755,4104,0,0,0,1,0
417883,4105,0,0,0,1,0
417992,4106,0,0,0,1,0
418104,4107,0,0,0,1,0
418233,4108,0,0,0,1,0
418364,4109,0,0,0,1,0
418490,4110,0,0,0,1,0
418606,4111,0,0,0,1,0
418748,4112,0,0,0,1,0
418877,4113,0,0,0,1,0
418995,4114,0,0,0,1,0
419096,4115,0,0,0,1,0
419236,4116,0,0,0,1,0
419372,4117,0,0,0,1,0
419461,4118,0,0,0,1,0
419557,4119,0,0,0,1,0
419655,4120,0,0,0,1,0
419758,4121,0,0,0,1,0
419925,4122,0,0,0,1,0
420029,4123,0,0,0,1,0
420137,4124,0,0,0,1,0
420253,4125,0,0,0,1,0
420366,4126,0,0,0,1,0
420473,4127,0,0,0,1,0
420592,4128,0,0,0,1,0
420688,4129,0,0,0,1,0
420825,4130,0,0,0,1,0
420949,4131,0,0,0,1,0
421054,4132,0,0,0,1,0
421152,4133,0,0,0,1,0
421162,4134,0,0,1,0,0
421264,4135,0,0,0,1,0
421398,4136,0,0,0,1,0
421526,4137,0,0,0,1,0
421644,4138,0,0,0,1,0
421733,4139,0,0,0,1,0
421822,4140,0,0,0,1,0
421932,4141,0,0,0,1,0
422056,4142,0,0,0,1,0
422153,4143,0,0,0,1,0
422247,4144,0,0,0,1,0
422384,4145,0,0,0,1,0
422476,4146,0,0,0,1,0
422570,4147,0,0,0,1,0
422660,4148,0,0,0,1,0
422754,4149,0,0,0,1,0
422886,4150,0,0,0,1,0
422977,4151,0,0,0,1,0
423094,4152,0,0,0,1,0
423218,4153,0,0,0,1,0
423320,4154,0,0,0,1,0
423462,4155,0,0,0,1,0
423582,4156,0,0,0,1,0
423683,4157,0,0,0,1,0
423822,4158,0,0,0,1,0
423945,4159,0,0,0,1,0
424075,4160,0,0,0,1,0
424193,4161,0,0,0,1,0
424299,4162,0,0,0,1,0
424417,4163,0,0,0,1,0
424547,4164,0,0,0,1,0
424659,4165,0,0,0,1,0
424762,4166,0,0,1,0,0
424891,4167,0,0,0,1,0
424981,4168,0,0,0,1,0
425082,4169,0,0,0,1,0
425210,4170,0,0,0,1,0
425337,4171,0,0,0,1,0
425453,4172,0,0,0,1,0
425593,4173,0,0,0,1,0
425716,4174,0,0,0,1,0
425848,4175,0,0,0,1,0
425991,4176,0,0,0,1,0
426093,4177,0,0,0,1,0
426194,4178,0,0,0,1,0
426287,4179,0,0,0,1,0
426401,4180,0,0,0,1,0
426523,4181,0,0,0,1,0
426627,4182,0,0,0,1,0
426751,4183,0,0,0,1,0
426872,4184,0,0,0,1,0
426975,4185,0,0,0,1,0
427083,4186,0,0,0,1,0
427197,4187,0,0,0,1,0
427310,4188,0,0,0,1,0
427418,4189,0,0,0,1,0
427561,4190,0,0,0,1,0
427681,4191,0,0,0,1,0
427801,4192,0,0,0,1,0
427913,4193,0,0,0,1,0
428028,4194,0,0,0,1,0
428117,4195,0,0,0,1,0
428238,4196,0,0,0,1,0
428375,4197,0,0,0,1,0
428476,4198,0,0,0,1,0
428579,4199,0,0,0,1,0
428694,4200,0,0,0,1,0
428817,4201,0,0,0,1,0
428956,4202,0,0,0,1,0
429094,4203,0,0,0,1,0
429219,4204,0,0,0,1,0
429338,4205,0,0,0,1,0
429345,4206,0,0,1,0,0
429474,4207,0,0,0,1,0
429573,4208,0,0,0,1,0
429688,4209,0,0,0,1,0
429824,4210,0,0,0,1,0
429952,4211,0,0,0,1,0
430085,4212,0,0,0,1,0
430199,4213,0,0,0,1,0
430310,4214,0,0,0,1,0
430437,4215,0,0,0,1,0
430572,4216,0,0,0,1,0
430711,4217,0,0,0,1,0
430814,4218,0,0,0,1,0
430931,4219,0,0,0,1,0
431020,4220,0,0,0,1,0
431194,4221,0,0,0,1,0
431339,4222,0,0,0,1,0
431445,4223,0,0,0,1,0
431551,4224,0,0,0,1,0
431654,4225,0,0,0,1,0
431763,4226,0,0,0,1,0
431873,4227,0,0,0,1,0
431979,4228,0,0,0,1,0
432099,4229,0,0,0,1,0
432202,4230,0,0,0,1,0
432313,4231,0,0,0,1,0
432427,4232,0,0,0,1,0
432543,4233,0,0,0,1,0
432668,4234,0,0,0,1,0
432759,4235,0,0,0,1,0
432889,4236,0,0,0,1,0
433004,4237,0,0,0,1,0
433122,4238,0,0,0,1,0
433262,4239,0,0,0,1,0
433397,4240,0,0,0,1,0
433422,4241,0,0,1,0,0
433551,4242,0,0,0,1,0
433700,4243,0,0,0,1,0
433803,4244,0,0,0,1,0
433932,4245,0,0,0,1,0
434048,4246,0,0,0,1,0
434150,4247,0,0,0,1,0
434253,4248,0,0,0,1,0
434356,4249,0,0,0,1,0
434489,4250,0,0,0,1,0
434613,4251,0,0,0,1,0
434748,4252,0,0,0,1,0
434890,4253,0,0,0,1,0
434981,4254,0,0,0,1,0
435089,4255,0,0,0,1,0
435207,4256,0,0,0,1,0
435338,4257,0,0,0,1,0
435460,4258,0,0,0,1,0
435465,4259,1,0,0,0,0
435469,4260,1,0,0,0,0
435585,4261,0,0,0,1,0
435636,4262,0,0,1,0,0
435776,4263,0,0,0,1,0
435908,4264,0,0,0,1,0
436026,4265,0,0,0,1,0
436134,4266,0,0,0,1,0
436243,4267,0,0,0,1,0
436373,4268,0,0,0,1,0
436517,4269,0,0,0,1,0
436655,4270,0,0,0,1,0
436773,4271,0,0,0,1,0
436908,4272,0,0,0,1,0
437031,4273,0,0,0,1,0
437166,4274,0,0,0,1,0
437308,4275,0,0,0,1,0
437448,4276,0,0,0,1,0
437538,4277,0,0,0,1,0
437645,4278,0,0,0,1,0
437757,4279,0,0,0,1,0
437886,4280,0,0,0,1,0
438012,4281,0,0,0,1,0
438109,4282,0,0,0,1,0
438113,4283,0,0,1,0,0
438240,4284,0,0,0,1,0
438334,4285,0,0,0,1,0
438449,4286,0,0,0,1,0
438554,4287,0,0,0,1,0
438678,4288,0,0,0,1,0
438792,4289,0,0,0,1,0
438915,4290,0,0,0,1,0
439033,4291,0,0,0,1,0
439037,4292,0,0,1,0,0
439166,4293,0,0,0,1,0
439277,4294,0,0,0,1,0
439397,4295,0,0,0,1,0
439535,4296,0,0,0,1,0
439669,4297,0,0,0,1,0
439787,4298,0,0,0,1,0
439793,4299,1,0,0,0,0
439904,4300,0,0,0,1,0
439927,4301,0,0,1,0,0
439975,4302,0,0,1,0,0
440117,4303,0,0,0,1,0
440228,4304,0,0,0,1,0
440353,4305,0,0,0,1,0
440455,4306,0,0,0,1,0
440570,4307,0,0,0,1,0
440659,4308,0,0,0,1,0
440796,4309,0,0,0,1,0
440933,4310,0,0,0,1,0
441041,4311,0,0,0,1,0
441130,4312,0,0,0,1,0
441226,4313,0,0,0,1,0
441357,4314,0,0,0,1,0
441481,4315,0,0,0,1,0
441596,4316,0,0,0,1,0
441702,4317,0,0,0,1,0
441830,4318,0,0,0,1,0
441971,4319,0,0,0,1,0
442068,4320,0,0,0,1,0
442190,4321,0,0,0,1,0
442288,4322,0,0,0,1,0
442385,4323,0,0,0,1,0
442499,4324,0,0,0,1,0
442626,4325,0,0,0,1,0
442734,4326,0,0,0,1,0
442860,4327,0,0,0,1,0
442983,4328,0,0,0,1,0
443126,4329,0,0,0,1,0
443225,4330,0,0,0,1,0
443332,4331,0,0,0,1,0
443397,4332,0,0,1,0,0
443528,4333,0,0,0,1,0
443642,4334,0,0,0,1,0
443766,4335,0,0,0,1,0
443884,4336,0,0,0,1,0
443999,4337,0,0,0,1,0
444134,4338,0,0,0,1,0
444278,4339,0,0,0,1,0
444368,4340,0,0,0,1,0
444505,4341,0,0,0,1,0
444594,4342,0,0,0,1,0
444725,4343,0,0,0,1,0
444830,4344,0,0,0,1,0
444954,4345,0,0,0,1,0
445043,4346,0,0,0,1,0
445189,4347,0,0,0,1,0
445289,4348,0,0,0,1,0
445379,4349,0,0,0,1,0
445512,4350,0,0,0,1,0
445618,4351,0,0,0,1,0
445738,4352,0,0,0,1,0
445860,4353,0,0,0,1,0
445991,4354,0,0,0,1,0
446122,4355,0,0,0,1,0
446238,4356,0,0,0,1,0
446340,4357,0,0,0,1,0
446477,4358,0,0,0,1,0
446575,4359,0,0,0,1,0
446710,4360,0,0,0,1,0
446848,4361,0,0,0,1,0
446969,4362,0,0,0,1,0
447105,4363,0,0,0,1,0
447198,4364,0,0,0,1,0
447311,4365,0,0,0,1,0
447441,4366,0,0,1,0,0
447442,4367,1,0,0,0,0
447565,4368,0,0,0,1,0
447662,4369,0,0,0,1,0
447755,4370,0,0,0,1,0
447868,4371,0,0,0,1,0
447959,4372,0,0,0,1,0
448057,4373,0,0,0,1,0
448199,4374,0,0,0,1,0
448325,4375,0,0,0,1,0
448450,4376,0,0,0,1,0
448560,4377,0,0,0,1,0
448667,4378,0,0,0,1,0
448791,4379,0,0,0,1,0
448900,4380,0,0,0,1,0
449031,4381,0,0,0,1,0
449152,4382,0,0,0,1,0
449156,4383,0,0,1,0,0
449281,4384,0,0,0,1,0
449398,4385,0,0,0,1,0
449522,4386,0,0,0,1,0
449661,4387,0,0,0,1,0
449770,4388,0,0,0,1,0
449885,4389,0,0,0,1,0
450007,4390,0,0,0,1,0
450149,4391,0,0,0,1,0
450272,4392,0,0,0,1,0
450413,4393,0,0,0,1,0
450527,4394,0,0,0,1,0
450616,4395,0,0,0,1,0
450735,4396,0,0,0,1,0
450850,4397,0,0,0,1,0
450962,4398,0,0,0,1,0
451080,4399,0,0,0,1,0
451204,4400,0,0,0,1,0
451294,4401,0,0,0,1,0
451425,4402,0,0,0,1,0
451556,4403,0,0,0,1,0
451685,4404,0,0,0,1,0
451793,4405,0,0,0,1,0
451894,4406,0,0,0,1,0
451998,4407,0,0,0,1,0
452134,4408,0,0,0,1,0
452253,4409,0,0,0,1,0
452370,4410,0,0,0,1,0
452509,4411,0,0,0,1,0
452613,4412,0,0,0,1,0
452753,4413,0,0,0,1,0
452886,4414,0,0,0,1,0
453021,4415,0,0,0,1,0
453115,4416,0,0,0,1,0
453228,4417,0,0,0,1,0
453363,4418,0,0,0,1,0
453483,4419,0,0,0,1,0
453632,4420,0,0,0,1,0
453747,4421,0,0,0,1,0
453846,4422,0,0,0,1,0
453956,4423,0,0,0,1,0
454098,4424,0,0,0,1,0
454230,4425,0,0,0,1,0
454370,4426,0,0,0,1,0
454473,4427,0,0,0,1,0
454592,4428,0,0,0,1,0
454681,4429,0,0,0,1,0
454808,4430,0,0,0,1,0
454897,4431,0,0,0,1,0
455004,4432,0,0,0,1,0
455144,4433,0,0,0,1,0
455260,4434,0,0,0,1,0
455375,4435,0,0,0,1,0
455498,4436,0,0,0,1,0
455618,4437,0,0,0,1,0
455739,4438,0,0,0,1,0
455851,4439,0,0,0,1,0
455940,4440,0,0,0,1,0
456052,4441,0,0,0,1,0
456167,4442,0,0,0,1,0
456263,4443,0,0,0,1,0
456399,4444,0,0,0,1,0
456508,4445,0,0,0,1,0
456610,4446,0,0,0,1,0
456748,4447,0,0,0,1,0
456896,4448,0,0,0,1,0
457026,4449,0,0,0,1,0
457152,4450,0,0,0,1,0
457304,4451,0,0,0,1,0
457412,4452,0,0,0,1,0
457546,4453,0,0,0,1,0
457667,4454,0,0,0,1,0
457773,4455,0,0,0,1,0
457874,4456,0,0,0,1,0
457972,4457,0,0,0,1,0
458118,4458,0,0,0,1,0
458215,4459,0,0,0,1,0
458347,4460,0,0,0,1,0
458471,4461,0,0,0,1,0
458590,4462,0,0,0,1,0
458703,4463,0,0,0,1,0
458829,4464,0,0,0,1,0
458958,4465,0,0,0,1,0
459040,4466,0,0,1,0,0
459139,4467,0,0,0,1,0
459143,4468,1,0,0,0,0
459253,4469,0,0,0,1,0
459346,4470,0,0,0,1,0
459457,4471,0,0,0,1,0
459546,4472,0,0,0,1,0
459669,4473,0,0,0,1,0
459718,4474,0,0,1,0,0
459842,4475,0,0,0,1,0
459948,4476,0,0,0,1,0
460058,4477,0,0,0,1,0
460150,4478,0,0,0,1,0
460250,4479,0,0,0,1,0
460380,4480,0,0,0,1,0
460515,4481,0,0,0,1,0
460650,4482,0,0,0,1,0
460786,4483,0,0,0,1,0
460882,4484,0,0,0,1,0
461025,4485,0,0,0,1,0
461125,4486,0,0,0,1,0
461232,4487,0,0,0,1,0
461323,4488,0,0,0,1,0
461326,4489,0,0,1,0,0
461415,4490,0,0,0,1,0
461549,4491,0,0,0,1,0
461643,4492,0,0,0,1,0
461791,4493,0,0,0,1,0
461943,4494,0,0,0,1,0
462071,4495,0,0,0,1,0
462211,4496,0,0,0,1,0
462338,4497,0,0,0,1,0
462447,4498,0,0,0,1,0
462572,4499,0,0,0,1,0
462707,4500,0,0,0,1,0
462831,4501,0,0,0,1,0
462925,4502,0,0,0,1,0
463024,4503,0,0,0,1,0
463121,4504,0,0,0,1,0
463274,4505,0,0,0,1,0
463378,4506,0,0,0,1,0
463487,4507,0,0,0,1,0
463615,4508,0,0,0,1,0
463735,4509,0,0,0,1,0
463841,4510,0,0,0,1,0
463938,4511,0,0,0,1,0
464034,4512,0,0,0,1,0
464139,4513,0,0,0,1,0
464235,4514,0,0,0,1,0
464343,4515,0,0,0,1,0
464433,4516,0,0,0,1,0
464526,4517,0,0,0,1,0
464656,4518,0,0,0,1,0
464780,4519,0,0,0,1,0
464886,4520,0,0,0,1,0
464997,4521,0,0,0,1,0
465102,4522,0,0,0,1,0
465242,4523,0,0,0,1,0
465331,4524,0,0,0,1,0
465468,4525,0,0,0,1,0
465598,4526,0,0,0,1,0
465743,4527,0,0,0,1,0
465853,4528,0,0,0,1,0
465986,4529,0,0,0,1,0
466077,4530,0,0,0,1,0
466174,4531,0,0,0,1,0
466309,4532,0,0,0,1,0
466413,4533,0,0,0,1,0
466510,4534,0,0,1,0,0
466615,4535,0,0,0,1,0
466711,4536,0,0,0,1,0
466838,4537,0,0,0,1,0
466952,4538,0,0,0,1,0
467053,4539,0,0,0,1,0
467159,4540,0,0,0,1,0
467273,4541,0,0,0,1,0
467396,4542,0,0,0,1,0
467398,4543,0,0,1,0,0
467522,4544,0,0,0,1,0
467667,4545,0,0,0,1,0
467799,4546,0,0,0,1,0
467908,4547,0,0,0,1,0
468016,4548,0,0,0,1,0
468108,4549,0,0,0,1,0
468216,4550,0,0,0,1,0
468323,4551,0,0,0,1,0
468423,4552,0,0,0,1,0
468528,4553,0,0,0,1,0
468658,4554,0,0,0,1,0
468788,4555,0,0,0,1,0
468926,4556,0,0,0,1,0
469044,4557,0,0,0,1,0
469174,4558,0,0,0,1,0
469301,4559,0,0,0,1,0
469394,4560,0,0,0,1,0
469487,4561,0,0,0,1,0
469627,4562,0,0,0,1,0
469744,4563,0,0,0,1,0
469842,4564,0,0,0,1,0
469931,4565,0,0,0,1,0
470021,4566,0,0,0,1,0
470123,4567,0,0,0,1,0
470246,4568,0,0,0,1,0
470342,4569,0,0,0,1,0
470461,4570,0,0,0,1,0
470599,4571,0,0,0,1,0
470701,4572,0,0,0,1,0
470796,4573,0,0,0,1,0
470900,4574,0,0,0,1,0
471036,4575,0,0,0,1,0
471151,4576,0,0,0,1,0
471275,4577,0,0,0,1,0
471389,4578,0,0,0,1,0
471510,4579,0,0,0,1,0
471645,4580,0,0,0,1,0
471796,4581,0,0,0,1,0
471930,4582,0,0,0,1,0
472060,4583,0,0,0,1,0
472193,4584,0,0,0,1,0
472294,4585,0,0,0,1,0
472439,4586,0,0,0,1,0
472551,4587,0,0,0,1,0
472657,4588,0,0,0,1,0
472769,4589,0,0,0,1,0
472882,4590,0,0,0,1,0
472984,4591,0,0,0,1,0
473094,4592,0,0,0,1,0
473201,4593,0,0,0,1,0
473251,4594,0,0,1,0,0
473340,4595,0,0,0,1,0
473479,4596,0,0,0,1,0
473596,4597,0,0,0,1,0
473716,4598,0,0,0,1,0
473830,4599,0,0,0,1,0
473958,4600,0,0,0,1,0
474088,4601,0,0,0,1,0
474207,4602,0,0,0,1,0
474301,4603,0,0,0,1,0
474435,4604,0,0,0,1,0
474576,4605,0,0,0,1,0
474667,4606,0,0,0,1,0
474775,4607,0,0,0,1,0
474901,4608,0,0,0,1,0
475013,4609,0,0,0,1,0
475105,4610,0,0,0,1,0
475242,4611,0,0,0,1,0
475343,4612,0,0,0,1,0
475466,4613,0,0,0,1,0
475599,4614,0,0,0,1,0
475734,4615,0,0,0,1,0
475826,4616,0,0,0,1,0
475941,4617,0,0,0,1,0
476063,4618,0,0,0,1,0
476185,4619,0,0,0,1,0
476315,4620,0,0,0,1,0
476432,4621,0,0,0,1,0
476549,4622,0,0,0,1,0
476680,4623,0,0,0,1,0
476823,4624,0,0,0,1,0
476827,4625,1,0,0,0,0
476916,4626,0,0,0,1,0
477024,4627,0,0,0,1,0
477167,4628,0,0,0,1,0
477303,4629,0,0,0,1,0
477417,4630,0,0,0,1,0
477563,4631,0,0,0,1,0
477606,4632,0,0,1,0,0
477731,4633,0,0,0,1,0
477827,4634,0,0,0,1,0
477959,4635,0,0,0,1,0
478050,4636,0,0,0,1,0
478154,4637,0,0,0,1,0
478261,4638,0,0,0,1,0
478372,4639,0,0,0,1,0
478468,4640,0,0,0,1,0
478562,4641,0,0,0,1,0
478651,4642,0,0,0,1,0
478769,4643,0,0,0,1,0
478867,4644,0,0,0,1,0
478978,4645,0,0,0,1,0
479099,4646,0,0,0,1,0
479198,4647,0,0,0,1,0
479332,4648,0,0,0,1,0
479444,4649,0,0,0,1,0
479489,4650,0,0,1,0,0
479620,4651,0,0,0,1,0
479728,4652,0,0,0,1,0
479821,4653,0,0,0,1,0
479955,4654,0,0,0,1,0
480063,4655,0,0,0,1,0
480172,4656,0,0,0,1,0
480176,4657,0,0,1,0,0
480268,4658,0,0,0,1,0
480382,4659,0,0,0,1,0
480512,4660,0,0,0,1,0
480656,4661,0,0,0,1,0
480767,4662,0,0,0,1,0
480890,4663,0,0,0,1,0
480998,4664,0,0,0,1,0
481129,4665,0,0,0,1,0
481228,4666,0,0,0,1,0
481334,4667,0,0,0,1,0
481465,4668,0,0,0,1,0
481561,4669,0,0,0,1,0
481665,4670,0,0,0,1,0
481754,4671,0,0,0,1,0
481774,4672,0,0,1,0,0
481904,4673,0,0,0,1,0
482030,4674,0,0,0,1,0
482150,4675,0,0,0,1,0
482286,4676,0,0,0,1,0
482291,4677,1,0,0,0,0
482296,4678,0,0,1,0,0
482386,4679,0,0,0,1,0
482486,4680,0,0,0,1,0
482601,4681,0,0,0,1,0
482724,4682,0,0,0,1,0
482856,4683,0,0,0,1,0
482960,4684,0,0,0,1,0
483091,4685,0,0,0,1,0
483242,4686,0,0,0,1,0
483338,4687,0,0,0,1,0
483455,4688,0,0,0,1,0
483583,4689,0,0,0,1,0
483714,4690,0,0,0,1,0
483835,4691,0,0,0,1,0
483960,4692,0,0,0,1,0
484079,4693,0,0,0,1,0
484175,4694,0,0,0,1,0
484293,4695,0,0,0,1,0
484433,4696,0,0,0,1,0
484542,4697,0,0,0,1,0
484638,4698,0,0,0,1,0
484735,4699,0,0,0,1,0
484843,4700,0,0,0,1,0
484953,4701,0,0,0,1,0
485085,4702,0,0,0,1,0
485195,4703,0,0,0,1,0
485311,4704,0,0,0,1,0
485410,4705,0,0,0,1,0
485527,4706,0,0,0,1,0
485647,4707,0,0,0,1,0
485757,4708,0,0,0,1,0
485863,4709,0,0,0,1,0
485980,4710,0,0,0,1,0
486093,4711,0,0,0,1,0
486225,4712,0,0,0,1,0
486349,4713,0,0,0,1,0
486468,4714,0,0,0,1,0
486584,4715,0,0,0,1,0
486693,4716,0,0,1,0,0
486790,4717,0,0,0,1,0
486923,4718,0,0,0,1,0
487047,4719,0,0,0,1,0
487172,4720,0,0,0,1,0
487301,4721,0,0,0,1,0
487390,4722,0,0,0,1,0
487501,4723,0,0,0,1,0
487611,4724,0,0,0,1,0
487731,4725,0,0,0,1,0
487838,4726,0,0,0,1,0
487949,4727,0,0,0,1,0
488060,4728,0,0,0,1,0
488212,4729,0,0,0,1,0
488345,4730,0,0,0,1,0
488463,4731,0,0,0,1,0
488608,4732,0,0,0,1,0
488734,4733,0,0,0,1,0
488877,4734,0,0,0,1,0
489003,4735,0,0,0,1,0
489101,4736,0,0,0,1,0
489226,4737,0,0,0,1,0
489353,4738,0,0,0,1,0
489504,4739,0,0,0,1,0
489641,4740,0,0,0,1,0
489785,4741,0,0,0,1,0
489892,4742,0,0,0,1,0
489981,4743,0,0,0,1,0
490097,4744,0,0,0,1,0
490229,4745,0,0,0,1,0
490347,4746,0,0,0,1,0
490463,4747,0,0,0,1,0
490623,4748,0,0,0,1,0
490746,4749,0,0,0,1,0
490879,4750,0,0,0,1,0
490968,4751,0,0,0,1,0
491099,4752,0,0,0,1,0
491248,4753,0,0,0,1,0
491389,4754,0,0,0,1,0
491495,4755,0,0,0,1,0
491613,4756,0,0,0,1,0
491745,4757,0,0,0,1,0
491847,4758,0,0,0,1,0
491983,4759,0,0,0,1,0
492084,4760,0,0,0,1,0
492223,4761,0,0,0,1,0
492355,4762,0,0,0,1,0
492475,4763,0,0,0,1,0
492604,4764,0,0,0,1,0
492740,4765,0,0,0,1,0
492850,4766,0,0,0,1,0
492890,4767,0,0,1,0,0
492981,4768,0,0,0,1,0
493101,4769,0,0,0,1,0
493211,4770,0,0,0,1,0
493352,4771,0,0,0,1,0
493451,4772,0,0,0,1,0
493545,4773,0,0,0,1,0
493662,4774,0,0,0,1,0
493766,4775,0,0,0,1,0
493886,4776,0,0,0,1,0
494004,4777,0,0,0,1,0
494113,4778,0,0,0,1,0
494226,4779,0,0,0,1,0
494366,4780,0,0,0,1,0
494497,4781,0,0,0,1,0
494611,4782,0,0,0,1,0
494738,4783,0,0,0,1,0
494834,4784,0,0,0,1,0
494968,4785,0,0,0,1,0
495065,4786,0,0,0,1,0
495164,4787,0,0,0,1,0
495281,4788,0,0,0,1,0
495407,4789,0,0,0,1,0
495519,4790,0,0,0,1,0
495659,4791,0,0,0,1,0
495792,4792,0,0,0,1,0
495934,4793,0,0,0,1,0
496068,4794,0,0,0,1,0
496158,4795,0,0,0,1,0
496282,4796,0,0,0,1,0
496343,4797,0,0,1,0,0
496481,4798,0,0,0,1,0
496611,4799,0,0,0,1,0
496709,4800,0,0,0,1,0
496844,4801,0,0,0,1,0
496957,4802,0,0,0,1,0
497066,4803,0,0,0,1,0
497155,4804,0,0,0,1,0
497255,4805,0,0,0,1,0
497359,4806,0,0,0,1,0
497480,4807,0,0,0,1,0
497600,4808,0,0,0,1,0
497730,4809,0,0,0,1,0
497870,4810,0,0,0,1,0
498007,4811,0,0,0,1,0
498096,4812,0,0,0,1,0
498237,4813,0,0,0,1,0
498364,4814,0,0,0,1,0
498492,4815,0,0,0,1,0
498630,4816,0,0,0,1,0
498749,4817,0,0,0,1,0
498861,4818,0,0,0,1,0
498996,4819,0,0,0,1,0
499085,4820,0,0,0,1,0
499188,4821,0,0,0,1,0
499324,4822,0,0,0,1,0
499427,4823,0,0,0,1,0
499536,4824,0,0,0,1,0
499663,4825,0,0,0,1,0
499850,4826,0,0,0,1,0
499965,4827,0,0,0,1,0
500068,4828,0,0,1,0,0
500192,4829,0,0,0,1,0
500326,4830,0,0,0,1,0
500429,4831,0,0,0,1,0
500541,4832,0,0,0,1,0
500645,4833,0,0,0,1,0
500762,4834,0,0,0,1,0
500902,4835,0,0,0,1,0
501044,4836,0,0,0,1,0
501184,4837,0,0,0,1,0
501298,4838,0,0,0,1,0
501387,4839,0,0,0,1,0
501490,4840,0,0,0,1,0
501612,4841,0,0,0,1,0
501741,4842,0,0,0,1,0
501848,4843,0,0,0,1,0
501850,4844,0,0,1,0,0
501949,4845,0,0,0,1,0
502072,4846,0,0,0,1,0
502196,4847,0,0,0,1,0
502331,4848,0,0,0,1,0
502336,4849,1,0,0,0,0
502471,4850,0,0,0,1,0
502596,4851,0,0,0,1,0
502701,4852,0,0,0,1,0
502831,4853,0,0,0,1,0
502956,4854,0,0,0,1,0
503106,4855,0,0,0,1,0
503196,4856,0,0,0,1,0
503315,4857,0,0,0,1,0
503446,4858,0,0,0,1,0
503552,4859,0,0,0,1,0
503686,4860,0,0,0,1,0
503808,4861,0,0,0,1,0
503936,4862,0,0,0,1,0
504059,4863,0,0,0,1,0
504196,4864,0,0,0,1,0
504290,4865,0,0,0,1,0
504416,4866,0,0,0,1,0
504538,4867,0,0,0,1,0
504663,4868,0,0,0,1,0
504755,4869,0,0,0,1,0
504844,4870,0,0,0,1,0
504964,4871,0,0,0,1,0
505100,4872,0,0,0,1,0
505197,4873,0,0,0,1,0
505321,4874,0,0,0,1,0
505440,4875,0,0,0,1,0
505552,4876,0,0,0,1,0
505661,4877,0,0,0,1,0
505778,4878,0,0,0,1,0
505920,4879,0,0,0,1,0
506028,4880,0,0,0,1,0
506140,4881,0,0,0,1,0
506277,4882,0,0,0,1,0
506379,4883,0,0,0,1,0
506468,4884,0,0,0,1,0
506600,4885,0,0,0,1,0
506733,4886,0,0,0,1,0
506865,4887,0,0,0,1,0
506977,4888,0,0,0,1,0
507087,4889,0,0,0,1,0
507129,4890,0,0,1,0,0
507226,4891,0,0,0,1,0
507354,4892,0,0,0,1,0
507511,4893,0,0,0,1,0
507625,4894,0,0,0,1,0
507769,4895,0,0,0,1,0
507901,4896,0,0,0,1,0
508009,4897,0,0,0,1,0
508133,4898,0,0,0,1,0
508263,4899,0,0,0,1,0
508383,4900,0,0,0,1,0
508521,4901,0,0,0,1,0
508654,4902,0,0,0,1,0
508777,4903,0,0,0,1,0
508908,4904,0,0,0,1,0
509026,4905,0,0,0,1,0
509160,4906,0,0,0,1,0
509262,4907,0,0,0,1,0
509395,4908,0,0,0,1,0
509521,4909,0,0,0,1,0
509656,4910,0,0,0,1,0
509785,4911,0,0,0,1,0
509901,4912,0,0,0,1,0
510015,4913,0,0,0,1,0
510133,4914,0,0,0,1,0
510262,4915,0,0,0,1,0
510370,4916,0,0,0,1,0
510468,4917,0,0,1,0,0
510603,4918,0,0,0,1,0
510751,4919,0,0,0,1,0
510841,4920,0,0,0,1,0
510851,4921,0,0,1,0,0
511004,4922,0,0,0,1,0
511123,4923,0,0,0,1,0
511251,4924,0,0,0,1,0
511293,4925,0,0,1,0,0
511423,4926,0,0,0,1,0
511514,4927,0,0,0,1,0
511654,4928,0,0,0,1,0
511787,4929,0,0,0,1,0
511932,4930,0,0,0,1,0
512061,4931,0,0,0,1,0
512158,4932,0,0,0,1,0
512271,4933,0,0,0,1,0
512373,4934,0,0,0,1,0
512478,4935,0,0,0,1,0
512597,4936,0,0,0,1,0
512722,4937,0,0,0,1,0
512826,4938,0,0,0,1,0
512927,4939,0,0,0,1,0
513045,4940,0,0,0,1,0
513155,4941,0,0,0,1,0
513278,4942,0,0,0,1,0
513399,4943,0,0,0,1,0
513528,4944,0,0,0,1,0
513646,4945,0,0,0,1,0
513648,4946,0,0,1,0,0
513784,4947,0,0,0,1,0
513917,4948,0,0,0,1,0
514039,4949,0,0,0,1,0
514172,4950,0,0,0,1,0
514298,4951,0,0,0,1,0
514403,4952,0,0,0,1,0
514496,4953,0,0,0,1,0
514585,4954,0,0,0,1,0
514705,4955,0,0,0,1,0
514841,4956,0,0,0,1,0
514966,4957,0,0,0,1,0
515109,4958,0,0,0,1,0
515238,4959,0,0,0,1,0
515366,4960,0,0,0,1,0
515486,4961,0,0,0,1,0
515584,4962,0,0,0,1,0
515724,4963,0,0,0,1,0
515821,4964,0,0,0,1,0
515925,4965,0,0,0,1,0
516063,4966,0,0,0,1,0
516156,4967,0,0,0,1,0
516185,4968,0,0,1,0,0
516287,4969,0,0,0,1,0
516289,4970,1,0,0,0,0
516429,4971,0,0,0,1,0
516550,4972,0,0,0,1,0
516672,4973,0,0,0,1,0
516673,4974,0,0,1,0,0
516795,4975,0,0,0,1,0
516929,4976,0,0,0,1,0
517050,4977,0,0,0,1,0
517139,4978,0,0,0,1,0
517273,4979,0,0,0,1,0
517403,4980,0,0,0,1,0
517534,4981,0,0,0,1,0
517640,4982,0,0,0,1,0
517729,4983,0,0,0,1,0
517821,4984,0,0,0,1,0
517910,4985,0,0,0,1,0
518019,4986,0,0,0,1,0
518129,4987,0,0,0,1,0
518241,4988,0,0,0,1,0
518334,4989,0,0,0,1,0
518440,4990,0,0,0,1,0
518584,4991,0,0,0,1,0
518688,4992,0,0,0,1,0
518821,4993,0,0,0,1,0
518924,4994,0,0,0,1,0
519018,4995,0,0,0,1,0
519146,4996,0,0,0,1,0
519272,4997,0,0,0,1,0
519362,4998,0,0,0,1,0
519464,4999,0,0,0,1,0
519559,5000,0,0,0,1,0
519669,5001,0,0,0,1,0
519808,5002,0,0,0,1,0
519940,5003,0,0,0,1,0
520029,5004,0,0,0,1,0
520150,5005,0,0,0,1,0
520250,5006,0,0,0,1,0
520395,5007,0,0,0,1,0
520504,5008,0,0,0,1,0
520641,5009,0,0,0,1,0
520792,5010,0,0,0,1,0
520939,5011,0,0,0,1,0
521073,5012,0,0,0,1,0
521212,5013,0,0,0,1,0
521342,5014,0,0,0,1,0
521394,5015,0,0,1,0,0
521522,5016,0,0,0,1,0
521654,5017,0,0,0,1,0
521759,5018,0,0,0,1,0
521848,5019,0,0,0,1,0
521999,5020,0,0,0,1,0
522098,5021,0,0,0,1,0
522229,5022,0,0,0,1,0
522335,5023,0,0,0,1,0
522446,5024,0,0,0,1,0
522556,5025,0,0,0,1,0
522685,5026,0,0,0,1,0
522821,5027,0,0,0,1,0
522916,5028,0,0,0,1,0
523019,5029,0,0,0,1,0
523196,5030,0,0,0,1,0
523285,5031,0,0,0,1,0
523419,5032,0,0,0,1,0
523547,5033,0,0,0,1,0
523679,5034,0,0,0,1,0
523795,5035,0,0,0,1,0
523904,5036,0,0,0,1,0
524024,5037,0,0,0,1,0
524151,5038,0,0,0,1,0
524271,5039,0,0,0,1,0
524379,5040,0,0,0,1,0
524487,5041,0,0,0,1,0
524602,5042,0,0,0,1,0
524733,5043,0,0,0,1,0
524861,5044,0,0,0,1,0
524985,5045,0,0,0,1,0
525086,5046,0,0,0,1,0
525205,5047,0,0,0,1,0
525339,5048,0,0,0,1,0
525484,5049,0,0,0,1,0
525603,5050,0,0,0,1,0
525728,5051,0,0,0,1,0
525849,5052,0,0,0,1,0
525988,5053,0,0,0,1,0
526089,5054,0,0,0,1,0
526230,5055,0,0,0,1,0
526353,5056,0,0,0,1,0
526442,5057,0,0,0,1,0
526447,5058,0,0,1,0,0
526538,5059,0,0,0,1,0
526660,5060,0,0,0,1,0
526787,5061,0,0,0,1,0
526910,5062,0,0,0,1,0
527036,5063,0,0,0,1,0
527125,5064,0,0,0,1,0
527269,5065,0,0,0,1,0
527413,5066,0,0,0,1,0
527554,5067,0,0,0,1,0
527704,5068,0,0,0,1,0
527848,5069,0,0,0,1,0
527982,5070,0,0,0,1,0
528112,5071,0,0,0,1,0
528220,5072,0,0,0,1,0
528333,5073,0,0,0,1,0
528450,5074,0,0,0,1,0
528558,5075,0,0,0,1,0
528664,5076,0,0,0,1,0
528765,5077,0,0,0,1,0
528769,5078,1,0,0,0,0
528910,5079,0,0,0,1,0
529044,5080,0,0,0,1,0
529160,5081,0,0,0,1,0
529269,5082,0,0,0,1,0
529359,5083,0,0,0,1,0
529486,5084,0,0,0,1,0
529602,5085,0,0,0,1,0
529732,5086,0,0,0,1,0
529826,5087,0,0,0,1,0
529939,5088,0,0,0,1,0
530035,5089,0,0,0,1,0
530139,5090,0,0,0,1,0
530235,5091,0,0,0,1,0
530335,5092,0,0,0,1,0
530467,5093,0,0,0,1,0
530608,5094,0,0,0,1,0
530727,5095,0,0,0,1,0
530829,5096,0,0,0,1,0
530834,5097,0,0,1,0,0
530946,5098,0,0,0,1,0
531064,5099,0,0,1,0,0
531181,5100,0,0,0,1,0
531300,5101,0,0,0,1,0
531423,5102,0,0,0,1,0
531563,5103,0,0,0,1,0
531707,5104,0,0,0,1,0
531823,5105,0,0,0,1,0
531922,5106,0,0,0,1,0
532033,5107,0,0,0,1,0
532136,5108,0,0,0,1,0
532262,5109,0,0,0,1,0
532380,5110,0,0,0,1,0
532482,5111,0,0,1,0,0
532612,5112,0,0,0,1,0
532726,5113,0,0,0,1,0
532825,5114,0,0,0,1,0
532982,5115,0,0,0,1,0
533126,5116,0,0,0,1,0
533270,5117,0,0,0,1,0
533385,5118,0,0,0,1,0
533505,5119,0,0,0,1,0
533636,5120,0,0,0,1,0
533764,5121,0,0,0,1,0
533880,5122,0,0,0,1,0
534003,5123,0,0,0,1,0
534132,5124,0,0,0,1,0
534221,5125,0,0,0,1,0
534310,5126,0,0,0,1,0
534441,5127,0,0,0,1,0
534523,5128,0,0,1,0,0
534666,5129,0,0,0,1,0
534807,5130,0,0,0,1,0
534899,5131,0,0,0,1,0
535027,5132,0,0,0,1,0
535164,5133,0,0,0,1,0
535274,5134,0,0,1,0,0
535295,5135,0,0,1,0,0
535418,5136,0,0,0,1,0
535560,5137,0,0,0,1,0
535668,5138,0,0,0,1,0
535794,5139,0,0,0,1,0
535886,5140,0,0,0,1,0
536027,5141,0,0,0,1,0
536173,5142,0,0,0,1,0
536291,5143,0,0,0,1,0
536393,5144,0,0,0,1,0
536534,5145,0,0,0,1,0
536623,5146,0,0,0,1,0
536748,5147,0,0,0,1,0
536882,5148,0,0,0,1,0
536998,5149,0,0,0,1,0
537128,5150,0,0,0,1,0
537241,5151,0,0,0,1,0
537381,5152,0,0,0,1,0
537480,5153,0,0,0,1,0
537611,5154,0,0,0,1,0
537720,5155,0,0,0,1,0
537830,5156,0,0,0,1,0
537932,5157,0,0,0,1,0
538041,5158,0,0,0,1,0
538182,5159,0,0,0,1,0
538301,5160,0,0,0,1,0
538429,5161,0,0,0,1,0
538566,5162,0,0,0,1,0
538679,5163,0,0,0,1,0
538799,5164,0,0,0,1,0
538937,5165,0,0,0,1,0
539023,5166,0,0,0,1,0
539135,5167,0,0,0,1,0
539234,5168,0,0,0,1,0
539349,5169,0,0,0,1,0
539441,5170,0,0,0,1,0
539577,5171,0,0,0,1,0
539698,5172,0,0,0,1,0
539832,5173,0,0,0,1,0
539940,5174,0,0,1,0,0
540075,5175,0,0,0,1,0
540173,5176,0,0,0,1,0
540275,5177,0,0,0,1,0
540407,5178,0,0,0,1,0
540531,5179,0,0,0,1,0
540628,5180,0,0,0,1,0
540757,5181,0,0,0,1,0
540897,5182,0,0,0,1,0
541018,5183,0,0,0,1,0
541136,5184,0,0,0,1,0
541254,5185,0,0,0,1,0
541374,5186,0,0,0,1,0
541481,5187,0,0,0,1,0
541578,5188,0,0,0,1,0
541706,5189,0,0,0,1,0
541806,5190,0,0,0,1,0
541927,5191,0,0,0,1,0
542068,5192,0,0,0,1,0
542210,5193,0,0,0,1,0
542342,5194,0,0,0,1,0
542440,5195,0,0,0,1,0
542575,5196,0,0,0,1,0
542664,5197,0,0,0,1,0
542792,5198,0,0,0,1,0
542905,5199,0,0,0,1,0
543050,5200,0,0,0,1,0
543165,5201,0,0,0,1,0
543286,5202,0,0,0,1,0
543430,5203,0,0,0,1,0
543563,5204,0,0,0,1,0
543703,5205,0,0,0,1,0
543804,5206,0,0,0,1,0
543922,5207,0,0,0,1,0
544038,5208,0,0,0,1,0
544152,5209,0,0,0,1,0
544292,5210,0,0,0,1,0
544425,5211,0,0,0,1,0
544537,5212,0,0,0,1,0
544660,5213,0,0,0,1,0
544758,5214,0,0,0,1,0
544866,5215,0,0,0,1,0
545039,5216,0,0,0,1,0
545163,5217,0,0,0,1,0
545287,5218,0,0,0,1,0
545429,5219,0,0,0,1,0
545558,5220,0,0,0,1,0
545655,5221,0,0,0,1,0
545806,5222,0,0,0,1,0
545906,5223,0,0,0,1,0
546049,5224,0,0,0,1,0
546152,5225,0,0,0,1,0
546266,5226,0,0,0,1,0
546275,5227,0,0,1,0,0
546364,5228,0,0,0,1,0
546457,5229,0,0,0,1,0
546462,5230,0,0,1,0,0
546608,5231,0,0,0,1,0
546697,5232,0,0,0,1,0
546790,5233,0,0,0,1,0
546924,5234,0,0,0,1,0
547022,5235,0,0,0,1,0
547138,5236,0,0,0,1,0
547239,5237,0,0,0,1,0
547342,5238,0,0,0,1,0
547471,5239,0,0,0,1,0
547624,5240,0,0,0,1,0
547628,5241,1,0,0,0,0
547748,5242,0,0,0,1,0
547896,5243,0,0,0,1,0
548020,5244,0,0,0,1,0
548124,5245,0,0,0,1,0
548285,5246,0,0,0,1,0
548419,5247,0,0,0,1,0
548553,5248,0,0,0,1,0
548644,5249,0,0,0,1,0
548741,5250,0,0,0,1,0
548833,5251,0,0,0,1,0
548924,5252,0,0,0,1,0
548982,5253,0,0,1,0,0
549115,5254,0,0,0,1,0
549232,5255,0,0,0,1,0
549366,5256,0,0,0,1,0
549463,5257,0,0,0,1,0
549605,5258,0,0,0,1,0
549732,5259,0,0,0,1,0
549827,5260,0,0,0,1,0
549928,5261,0,0,0,1,0
550047,5262,0,0,0,1,0
550181,5263,0,0,0,1,0
550310,5264,0,0,0,1,0
550413,5265,0,0,0,1,0
550508,5266,0,0,0,1,0
550648,5267,0,0,0,1,0
550748,5268,0,0,0,1,0
550866,5269,0,0,0,1,0
551010,5270,0,0,0,1,0
551159,5271,0,0,0,1,0
551294,5272,0,0,0,1,0
551432,5273,0,0,0,1,0
551569,5274,0,0,0,1,0
551669,5275,0,0,0,1,0
551775,5276,0,0,0,1,0
551873,5277,0,0,0,1,0
551992,5278,0,0,0,1,0
552122,5279,0,0,0,1,0
552239,5280,0,0,0,1,0
552338,5281,0,0,0,1,0
552447,5282,0,0,0,1,0
552561,5283,0,0,0,1,0
552666,5284,0,0,0,1,0
552800,5285,0,0,0,1,0
552973,5286,0,0,0,1,0
553100,5287,0,0,0,1,0
553228,5288,0,0,0,1,0
553363,5289,0,0,0,1,0
553486,5290,0,0,0,1,0
553618,5291,0,0,0,1,0
553717,5292,0,0,0,1,0
553813,5293,0,0,0,1,0
553962,5294,0,0,0,1,0
554110,5295,0,0,0,1,0
554249,5296,0,0,0,1,0
554357,5297,0,0,0,1,0
554362,5298,0,0,1,0,0
554479,5299,0,0,0,1,0
554594,5300,0,0,0,1,0
554726,5301,0,0,0,1,0
554833,5302,0,0,0,1,0
555051,5303,0,0,0,1,0
555154,5304,0,0,0,1,0
555295,5305,0,0,0,1,0
555423,5306,0,0,0,1,0
555547,5307,0,0,0,1,0
555663,5308,0,0,0,1,0
555760,5309,0,0,0,1,0
555877,5310,0,0,0,1,0
555985,5311,0,0,0,1,0
556108,5312,0,0,0,1,0
556237,5313,0,0,0,1,0
556369,5314,0,0,0,1,0
556393,5315,0,0,1,0,0
556510,5316,0,0,0,1,0
556605,5317,0,0,0,1,0
556699,5318,0,0,0,1,0
556808,5319,0,0,0,1,0
556924,5320,0,0,0,1,0
557039,5321,0,0,0,1,0
557182,5322,0,0,0,1,0
557304,5323,0,0,0,1,0
557429,5324,0,0,0,1,0
557560,5325,0,0,0,1,0
557649,5326,0,0,0,1,0
557779,5327,0,0,0,1,0
557868,5328,0,0,0,1,0
557996,5329,0,0,0,1,0
558135,5330,0,0,0,1,0
558253,5331,0,0,0,1,0
558392,5332,0,0,0,1,0
558507,5333,0,0,0,1,0
558607,5334,0,0,0,1,0
558696,5335,0,0,0,1,0
558707,5336,0,0,1,0,0
558863,5337,0,0,0,1,0
559002,5338,0,0,0,1,0
559138,5339,0,0,0,1,0
559238,5340,0,0,0,1,0
559338,5341,0,0,0,1,0
559456,5342,0,0,0,1,0
559566,5343,0,0,0,1,0
559707,5344,0,0,0,1,0
559855,5345,0,0,0,1,0
559972,5346,0,0,0,1,0
560117,5347,0,0,0,1,0
560228,5348,0,0,0,1,0
560363,5349,0,0,0,1,0
560541,5350,0,0,0,1,0
560657,5351,0,0,0,1,0
560765,5352,0,0,0,1,0
560908,5353,0,0,0,1,0
561039,5354,0,0,0,1,0
561139,5355,0,0,0,1,0
561258,5356,0,0,0,1,0
561386,5357,0,0,0,1,0
561511,5358,0,0,0,1,0
561631,5359,0,0,0,1,0
561720,5360,0,0,0,1,0
561852,5361,0,0,0,1,0
561945,5362,0,0,0,1,0
562079,5363,0,0,0,1,0
562180,5364,0,0,0,1,0
562285,5365,0,0,0,1,0
562416,5366,0,0,0,1,0
562546,5367,0,0,0,1,0
562658,5368,0,0,0,1,0
562782,5369,0,0,0,1,0
562932,5370,0,0,0,1,0
563033,5371,0,0,0,1,0
563162,5372,0,0,0,1,0
563287,5373,0,0,0,1,0
563401,5374,0,0,0,1,0
563558,5375,0,0,0,1,0
563679,5376,0,0,0,1,0
563800,5377,0,0,0,1,0
563919,5378,0,0,0,1,0
564025,5379,0,0,0,1,0
564131,5380,0,0,0,1,0
564222,5381,0,0,0,1,0
564348,5382,0,0,0,1,0
564464,5383,0,0,0,1,0
564605,5384,0,0,0,1,0
564701,5385,0,0,0,1,0
564818,5386,0,0,0,1,0
564919,5387,0,0,0,1,0
565014,5388,0,0,0,1,0
565152,5389,0,0,0,1,0
565344,5390,0,0,0,1,0
565464,5391,0,0,0,1,0
565591,5392,0,0,0,1,0
565685,5393,0,0,0,1,0
565777,5394,0,0,0,1,0
565909,5395,0,0,0,1,0
565913,5396,0,0,1,0,0
566015,5397,0,0,0,1,0
566117,5398,0,0,0,1,0
566211,5399,0,0,0,1,0
566345,5400,0,0,0,1,0
566372,5401,0,0,1,0,0
566499,5402,0,0,0,1,0
566615,5403,0,0,0,1,0
566755,5404,0,0,0,1,0
566847,5405,0,0,0,1,0
566949,5406,0,0,0,1,0
567099,5407,0,0,0,1,0
567215,5408,0,0,0,1,0
567310,5409,0,0,0,1,0
567419,5410,0,0,0,1,0
567538,5411,0,0,0,1,0
567637,5412,0,0,0,1,0
567667,5413,0,0,1,0,0
567780,5414,0,0,0,1,0
567887,5415,0,0,0,1,0
568019,5416,0,0,0,1,0
568165,5417,0,0,0,1,0
568263,5418,0,0,0,1,0
568385,5419,0,0,0,1,0
568481,5420,0,0,0,1,0
568613,5421,0,0,0,1,0
568729,5422,0,0,0,1,0
568829,5423,0,0,0,1,0
568992,5424,0,0,0,1,0
569103,5425,0,0,0,1,0
569207,5426,0,0,0,1,0
569303,5427,0,0,0,1,0
569444,5428,0,0,0,1,0
569585,5429,0,0,0,1,0
569676,5430,0,0,0,1,0
569783,5431,0,0,0,1,0
569915,5432,0,0,0,1,0
570014,5433,0,0,0,1,0
570104,5434,0,0,0,1,0
570205,5435,0,0,0,1,0
570328,5436,0,0,0,1,0
570471,5437,0,0,0,1,0
570573,5438,0,0,0,1,0
570695,5439,0,0,0,1,0
570806,5440,0,0,0,1,0
570945,5441,0,0,0,1,0
571035,5442,0,0,0,1,0
571163,5443,0,0,0,1,0
571279,5444,0,0,0,1,0
571411,5445,0,0,0,1,0
571511,5446,0,0,0,1,0
571647,5447,0,0,0,1,0
571752,5448,0,0,0,1,0
571857,5449,0,0,0,1,0
571960,5450,0,0,0,1,0
572063,5451,0,0,0,1,0
572198,5452,0,0,0,1,0
572301,5453,0,0,0,1,0
572427,5454,0,0,0,1,0
572531,5455,0,0,0,1,0
572626,5456,0,0,0,1,0
572756,5457,0,0,0,1,0
572869,5458,0,0,0,1,0
572980,5459,0,0,0,1,0
573118,5460,0,0,0,1,0
573240,5461,0,0,0,1,0
573376,5462,0,0,0,1,0
573501,5463,0,0,0,1,0
573608,5464,0,0,0,1,0
573704,5465,0,0,0,1,0
573855,5466,0,0,0,1,0
573984,5467,0,0,0,1,0
574102,5468,0,0,0,1,0
574199,5469,0,0,0,1,0
574289,5470,0,0,0,1,0
574418,5471,0,0,0,1,0
574528,5472,0,0,0,1,0
574664,5473,0,0,0,1,0
574791,5474,0,0,0,1,0
574912,5475,0,0,0,1,0
575041,5476,0,0,0,1,0
575166,5477,0,0,0,1,0
575263,5478,0,0,0,1,0
575382,5479,0,0,0,1,0
575472,5480,0,0,0,1,0
575571,5481,0,0,0,1,0
575688,5482,0,0,0,1,0
575795,5483,0,0,0,1,0
575939,5484,0,0,0,1,0
576072,5485,0,0,0,1,0
576178,5486,0,0,0,1,0
576285,5487,0,0,0,1,0
576407,5488,0,0,0,1,0
576539,5489,0,0,0,1,0
576654,5490,0,0,0,1,0
576796,5491,0,0,0,1,0
576893,5492,0,0,0,1,0
577032,5493,0,0,0,1,0
577172,5494,0,0,0,1,0
577286,5495,0,0,0,1,0
577433,5496,0,0,0,1,0
577535,5497,0,0,0,1,0
577585,5498,0,0,1,0,0
577716,5499,0,0,0,1,0
577815,5500,0,0,0,1,0
577956,5501,0,0,0,1,0
578097,5502,0,0,0,1,0
578220,5503,0,0,0,1,0
578351,5504,0,0,0,1,0
578489,5505,0,0,0,1,0
578602,5506,0,0,0,1,0
578711,5507,0,0,0,1,0
578839,5508,0,0,0,1,0
578951,5509,0,0,0,1,0
579071,5510,0,0,0,1,0
579128,5511,0,0,1,0,0
579278,5512,0,0,0,1,0
579380,5513,0,0,0,1,0
579508,5514,0,0,0,1,0
579625,5515,0,0,0,1,0
579775,5516,0,0,0,1,0
579903,5517,0,0,0,1,0
580016,5518,0,0,0,1,0
580120,5519,0,0,0,1,0
580261,5520,0,0,0,1,0
580387,5521,0,0,0,1,0
580503,5522,0,0,0,1,0
580643,5523,0,0,0,1,0
580764,5524,0,0,0,1,0
580886,5525,0,0,0,1,0
581019,5526,0,0,0,1,0
581178,5527,0,0,0,1,0
581302,5528,0,0,0,1,0
581431,5529,0,0,0,1,0
581546,5530,0,0,0,1,0
581697,5531,0,0,0,1,0
581829,5532,0,0,0,1,0
581939,5533,0,0,0,1,0
582062,5534,0,0,0,1,0
582191,5535,0,0,0,1,0
582306,5536,0,0,0,1,0
582412,5537,0,0,0,1,0
582521,5538,0,0,0,1,0
582652,5539,0,0,0,1,0
582793,5540,0,0,0,1,0
582908,5541,0,0,0,1,0
582997,5542,0,0,0,1,0
583099,5543,0,0,0,1,0
583210,5544,0,0,0,1,0
583341,5545,0,0,0,1,0
583480,5546,0,0,0,1,0
583608,5547,0,0,0,1,0
583723,5548,0,0,0,1,0
583850,5549,0,0,0,1,0
583940,5550,0,0,0,1,0
584045,5551,0,0,0,1,0
584164,5552,0,0,0,1,0
584301,5553,0,0,0,1,0
584424,5554,0,0,0,1,0
584525,5555,0,0,0,1,0
584615,5556,0,0,0,1,0
584727,5557,0,0,0,1,0
584867,5558,0,0,0,1,0
584868,5559,1,0,0,0,0
584967,5560,0,0,0,1,0
585090,5561,0,0,0,1,0
585225,5562,0,0,0,1,0
585340,5563,0,0,0,1,0
585466,5564,0,0,0,1,0
585583,5565,0,0,0,1,0
585713,5566,0,0,0,1,0
585849,5567,0,0,0,1,0
585942,5568,0,0,0,1,0
586089,5569,0,0,0,1,0
586214,5570,0,0,0,1,0
586343,5571,0,0,0,1,0
586489,5572,0,0,0,1,0
586598,5573,0,0,0,1,0
586697,5574,0,0,0,1,0
586832,5575,0,0,0,1,0
586921,5576,0,0,0,1,0
587018,5577,0,0,0,1,0
587130,5578,0,0,0,1,0
587255,5579,0,0,0,1,0
587356,5580,0,0,0,1,0
587518,5581,0,0,0,1,0
587656,5582,0,0,0,1,0
587768,5583,0,0,0,1,0
587875,5584,0,0,0,1,0
588039,5585,0,0,0,1,0
588150,5586,0,0,0,1,0
588295,5587,0,0,0,1,0
588371,5588,0,0,1,0,0
588460,5589,0,0,0,1,0
588594,5590,0,0,0,1,0
588771,5591,0,0,0,1,0
588881,5592,0,0,0,1,0
588970,5593,0,0,0,1,0
589076,5594,0,0,0,1,0
589183,5595,0,0,0,1,0
589325,5596,0,0,0,1,0
589466,5597,0,0,0,1,0
589573,5598,0,0,0,1,0
589706,5599,0,0,0,1,0
589801,5600,0,0,0,1,0
589935,5601,0,0,0,1,0
590068,5602,0,0,0,1,0
590195,5603,0,0,0,1,0
590286,5604,0,0,0,1,0
590402,5605,0,0,0,1,0
590531,5606,0,0,0,1,0
590672,5607,0,0,0,1,0
590770,5608,0,0,0,1,0
590898,5609,0,0,0,1,0
591013,5610,0,0,0,1,0
591129,5611,0,0,0,1,0
591263,5612,0,0,0,1,0
591361,5613,0,0,0,1,0
591467,5614,0,0,0,1,0
591556,5615,0,0,0,1,0
591679,5616,0,0,0,1,0
591811,5617,0,0,0,1,0
591909,5618,0,0,0,1,0
592041,5619,0,0,0,1,0
592185,5620,0,0,0,1,0
592304,5621,0,0,0,1,0
592406,5622,0,0,0,1,0
592516,5623,0,0,0,1,0
592621,5624,0,0,0,1,0
592753,5625,0,0,0,1,0
592842,5626,0,0,0,1,0
592937,5627,0,0,0,1,0
593085,5628,0,0,0,1,0
593225,5629,0,0,0,1,0
593353,5630,0,0,0,1,0
593476,5631,0,0,0,1,0
593627,5632,0,0,0,1,0
593729,5633,0,0,0,1,0
593874,5634,0,0,0,1,0
593998,5635,0,0,0,1,0
594136,5636,0,0,0,1,0
594261,5637,0,0,0,1,0
594382,5638,0,0,0,1,0
594493,5639,0,0,0,1,0
594582,5640,0,0,0,1,0
594714,5641,0,0,0,1,0
594882,5642,0,0,0,1,0
594994,5643,0,0,0,1,0
595128,5644,0,0,0,1,0
595240,5645,0,0,0,1,0
595368,5646,0,0,0,1,0
595457,5647,0,0,0,1,0
595568,5648,0,0,0,1,0
595680,5649,0,0,0,1,0
595794,5650,0,0,0,1,0
595883,5651,0,0,0,1,0
596016,5652,0,0,0,1,0
596156,5653,0,0,0,1,0
596298,5654,0,0,0,1,0
596302,5655,1,0,0,0,0
596455,5656,0,0,0,1,0
596587,5657,0,0,0,1,0
596714,5658,0,0,0,1,0
596810,5659,0,0,0,1,0
596958,5660,0,0,0,1,0
597097,5661,0,0,0,1,0
597199,5662,0,0,0,1,0
597293,5663,0,0,0,1,0
597393,5664,0,0,0,1,0
597542,5665,0,0,0,1,0
597673,5666,0,0,0,1,0
597814,5667,0,0,0,1,0
597903,5668,0,0,0,1,0
598020,5669,0,0,0,1,0
598118,5670,0,0,0,1,0
598248,5671,0,0,0,1,0
598383,5672,0,0,0,1,0
598515,5673,0,0,0,1,0
598653,5674,0,0,0,1,0
598753,5675,0,0,0,1,0
598892,5676,0,0,0,1,0
599032,5677,0,0,0,1,0
599277,5678,0,0,0,1,0
599404,5679,0,0,0,1,0
599520,5680,0,0,0,1,0
599639,5681,0,0,0,1,0
599745,5682,0,0,0,1,0
599853,5683,0,0,0,1,0
600004,5684,0,0,0,1,0
600103,5685,0,0,0,1,0
600229,5686,0,0,0,1,0
600329,5687,0,0,0,1,0
600434,5688,0,0,0,1,0
600541,5689,0,0,0,1,0
600684,5690,0,0,0,1,0
600829,5691,0,0,0,1,0
600972,5692,0,0,0,1,0
601096,5693,0,0,0,1,0
601227,5694,0,0,0,1,0
601345,5695,0,0,0,1,0
601460,5696,0,0,0,1,0
601568,5697,0,0,0,1,0
601572,5698,0,0,1,0,0
601691,5699,0,0,0,1,0
601817,5700,0,0,0,1,0
601933,5701,0,0,0,1,0
602022,5702,0,0,0,1,0
602164,5703,0,0,0,1,0
602298,5704,0,0,0,1,0
602430,5705,0,0,0,1,0
602531,5706,0,0,0,1,0
602649,5707,0,0,0,1,0
602780,5708,0,0,0,1,0
602906,5709,0,0,0,1,0
603012,5710,0,0,0,1,0
603124,5711,0,0,0,1,0
603249,5712,0,0,0,1,0
603380,5713,0,0,0,1,0
603495,5714,0,0,0,1,0
603609,5715,0,0,0,1,0
603698,5716,0,0,0,1,0
603808,5717,0,0,0,1,0
603922,5718,0,0,0,1,0
604046,5719,0,0,0,1,0
604190,5720,0,0,0,1,0
604196,5721,1,0,0,0,0
604325,5722,0,0,0,1,0
604447,5723,0,0,0,1,0
604565,5724,0,0,0,1,0
604696,5725,0,0,0,1,0
604822,5726,0,0,0,1,0
604950,5727,0,0,0,1,0
605053,5728,0,0,0,1,0
605158,5729,0,0,0,1,0
605266,5730,0,0,0,1,0
605379,5731,0,0,0,1,0
605661,5732,0,0,0,1,0
605776,5733,0,0,0,1,0
605911,5734,0,0,0,1,0
606031,5735,0,0,0,1,0
606163,5736,0,0,0,1,0
606284,5737,0,0,0,1,0
606386,5738,0,0,0,1,0
606412,5739,0,0,1,0,0
606520,5740,0,0,0,1,0
606641,5741,0,0,0,1,0
606785,5742,0,0,0,1,0
606916,5743,0,0,0,1,0
607020,5744,0,0,0,1,0
607160,5745,0,0,0,1,0
607263,5746,0,0,0,1,0
607386,5747,0,0,0,1,0
607533,5748,0,0,0,1,0
607669,5749,0,0,0,1,0
607759,5750,0,0,0,1,0
607873,5751,0,0,0,1,0
607985,5752,0,0,0,1,0
608093,5753,0,0,0,1,0
608190,5754,0,0,0,1,0
608283,5755,0,0,0,1,0
608406,5756,0,0,0,1,0
608512,5757,0,0,0,1,0
608642,5758,0,0,0,1,0
608782,5759,0,0,0,1,0
608907,5760,0,0,0,1,0
609037,5761,0,0,0,1,0
609152,5762,0,0,0,1,0
609284,5763,0,0,0,1,0
609398,5764,0,0,0,1,0
609399,5765,0,0,1,0,0
609504,5766,0,0,0,1,0
609653,5767,0,0,0,1,0
609757,5768,0,0,0,1,0
609847,5769,0,0,0,1,0
609955,5770,0,0,0,1,0
610076,5771,0,0,0,1,0
610193,5772,0,0,0,1,0
610325,5773,0,0,0,1,0
610462,5774,0,0,0,1,0
610571,5775,0,0,0,1,0
610661,5776,0,0,0,1,0
610773,5777,0,0,0,1,0
610893,5778,0,0,0,1,0
611032,5779,0,0,0,1,0
611164,5780,0,0,0,1,0
611286,5781,0,0,0,1,0
611419,5782,0,0,0,1,0
611543,5783,0,0,0,1,0
611662,5784,0,0,0,1,0
611797,5785,0,0,0,1,0
611903,5786,0,0,0,1,0
612001,5787,0,0,0,1,0
612100,5788,0,0,0,1,0
612221,5789,0,0,0,1,0
612320,5790,0,0,0,1,0
612430,5791,0,0,0,1,0
612555,5792,0,0,0,1,0
612660,5793,0,0,0,1,0
612789,5794,0,0,0,1,0
612901,5795,0,0,0,1,0
613033,5796,0,0,0,1,0
613143,5797,0,0,0,1,0
613276,5798,0,0,0,1,0
613408,5799,0,0,0,1,0
613555,5800,0,0,0,1,0
613693,5801,0,0,0,1,0
613785,5802,0,0,0,1,0
613919,5803,0,0,0,1,0
614033,5804,0,0,0,1,0
614124,5805,0,0,0,1,0
614227,5806,0,0,0,1,0
614333,5807,0,0,0,1,0
614448,5808,0,0,0,1,0
614586,5809,0,0,0,1,0
614718,5810,0,0,0,1,0
614735,5811,0,0,1,0,0
614845,5812,0,0,0,1,0
614975,5813,0,0,0,1,0
615109,5814,0,0,0,1,0
615112,5815,0,0,1,0,0
615226,5816,0,0,0,1,0
615329,5817,0,0,0,1,0
615424,5818,0,0,0,1,0
615555,5819,0,0,0,1,0
615665,5820,0,0,0,1,0
615758,5821,0,0,0,1,0
615896,5822,0,0,0,1,0
616023,5823,0,0,0,1,0
616153,5824,0,0,0,1,0
616170,5825,0,0,1,0,0
616311,5826,0,0,0,1,0
616425,5827,0,0,0,1,0
616528,5828,0,0,0,1,0
616649,5829,0,0,0,1,0
616765,5830,0,0,0,1,0
616846,5831,0,0,1,0,0
616968,5832,0,0,0,1,0
617103,5833,0,0,0,1,0
617238,5834,0,0,0,1,0
617348,5835,0,0,0,1,0
617468,5836,0,0,0,1,0
617562,5837,0,0,0,1,0
617677,5838,0,0,0,1,0
617807,5839,0,0,0,1,0
617923,5840,0,0,0,1,0
618046,5841,0,0,0,1,0
618175,5842,0,0,0,1,0
618288,5843,0,0,0,1,0
618377,5844,0,0,0,1,0
618484,5845,0,0,0,1,0
618574,5846,0,0,0,1,0
618688,5847,0,0,0,1,0
618693,5848,0,0,1,0,0
618800,5849,0,0,0,1,0
618916,5850,0,0,0,1,0
619037,5851,0,0,0,1,0
619136,5852,0,0,0,1,0
619240,5853,0,0,0,1,0
619369,5854,0,0,0,1,0
619507,5855,0,0,0,1,0
619643,5856,0,0,0,1,0
619773,5857,0,0,0,1,0
619921,5858,0,0,0,1,0
620056,5859,0,0,0,1,0
620154,5860,0,0,0,1,0
620245,5861,0,0,0,1,0
620358,5862,0,0,0,1,0
620458,5863,0,0,0,1,0
620580,5864,0,0,0,1,0
620713,5865,0,0,0,1,0
620834,5866,0,0,0,1,0
620960,5867,0,0,0,1,0
621089,5868,0,0,0,1,0
621221,5869,0,0,0,1,0
621332,5870,0,0,0,1,0
621441,5871,0,0,0,1,0
621561,5872,0,0,0,1,0
621670,5873,0,0,0,1,0
621676,5874,0,0,1,0,0
621774,5875,0,0,0,1,0
621883,5876,0,0,0,1,0
622066,5877,0,0,0,1,0
622186,5878,0,0,0,1,0
622321,5879,0,0,0,1,0
622412,5880,0,0,0,1,0
622532,5881,0,0,0,1,0
622644,5882,0,0,0,1,0
622755,5883,0,0,0,1,0
622890,5884,0,0,0,1,0
622985,5885,0,0,0,1,0
623109,5886,0,0,0,1,0
623115,5887,1,0,0,0,0
623243,5888,0,0,0,1,0
623370,5889,0,0,0,1,0
623496,5890,0,0,0,1,0
623609,5891,0,0,0,1,0
623703,5892,0,0,0,1,0
623799,5893,0,0,0,1,0
623953,5894,0,0,0,1,0
624082,5895,0,0,0,1,0
624208,5896,0,0,0,1,0
624375,5897,0,0,0,1,0
624514,5898,0,0,0,1,0
624621,5899,0,0,0,1,0
624750,5900,0,0,0,1,0
624856,5901,0,0,0,1,0
624971,5902,0,0,0,1,0
625120,5903,0,0,0,1,0
625253,5904,0,0,0,1,0
625381,5905,0,0,0,1,0
625534,5906,0,0,0,1,0
625612,5907,0,0,1,0,0
625617,5908,0,0,1,0,0
625783,5909,0,0,0,1,0
625916,5910,0,0,0,1,0
626010,5911,0,0,0,1,0
626110,5912,0,0,0,1,0
626244,5913,0,0,0,1,0
626370,5914,0,0,0,1,0
626496,5915,0,0,0,1,0
626619,5916,0,0,0,1,0
626642,5917,0,0,1,0,0
626748,5918,0,0,0,1,0
626853,5919,0,0,0,1,0
626973,5920,0,0,0,1,0
627082,5921,0,0,0,1,0
627209,5922,0,0,0,1,0
627321,5923,0,0,0,1,0
627445,5924,0,0,0,1,0
627576,5925,0,0,0,1,0
627672,5926,0,0,0,1,0
627818,5927,0,0,0,1,0
627915,5928,0,0,0,1,0
628055,5929,0,0,0,1,0
628168,5930,0,0,0,1,0
628319,5931,0,0,0,1,0
628445,5932,0,0,0,1,0
628572,5933,0,0,0,1,0
628682,5934,0,0,0,1,0
628804,5935,0,0,0,1,0
628924,5936,0,0,0,1,0
629062,5937,0,0,0,1,0
629168,5938,0,0,0,1,0
629299,5939,0,0,0,1,0
629415,5940,0,0,0,1,0
629539,5941,0,0,0,1,0
629655,5942,0,0,0,1,0
629773,5943,0,0,0,1,0
629881,5944,0,0,0,1,0
629997,5945,0,0,0,1,0
630121,5946,0,0,0,1,0
630211,5947,0,0,0,1,0
630316,5948,0,0,0,1,0
630407,5949,0,0,0,1,0
630536,5950,0,0,0,1,0
630670,5951,0,0,0,1,0
630771,5952,0,0,0,1,0
630860,5953,0,0,0,1,0
631008,5954,0,0,0,1,0
631101,5955,0,0,0,1,0
631237,5956,0,0,0,1,0
631354,5957,0,0,0,1,0
631500,5958,0,0,0,1,0
631611,5959,0,0,0,1,0
631718,5960,0,0,0,1,0
631818,5961,0,0,0,1,0
631963,5962,0,0,0,1,0
632059,5963,0,0,0,1,0
632198,5964,0,0,0,1,0
632304,5965,0,0,0,1,0
632410,5966,0,0,0,1,0
632554,5967,0,0,0,1,0
632660,5968,0,0,0,1,0
632779,5969,0,0,0,1,0
632907,5970,0,0,0,1,0
633009,5971,0,0,0,1,0
633129,5972,0,0,0,1,0
633249,5973,0,0,0,1,0
633378,5974,0,0,0,1,0
633467,5975,0,0,0,1,0
633604,5976,0,0,0,1,0
633715,5977,0,0,0,1,0
633817,5978,0,0,0,1,0
633931,5979,0,0,0,1,0
634048,5980,0,0,0,1,0
634200,5981,0,0,0,1,0
634352,5982,0,0,0,1,0
634457,5983,0,0,0,1,0
634604,5984,0,0,0,1,0
634721,5985,0,0,0,1,0
634816,5986,0,0,0,1,0
634929,5987,0,0,0,1,0
635064,5988,0,0,0,1,0
635166,5989,0,0,0,1,0
635303,5990,0,0,0,1,0
635417,5991,0,0,0,1,0
635523,5992,0,0,0,1,0
635647,5993,0,0,0,1,0
635786,5994,0,0,0,1,0
635936,5995,0,0,0,1,0
636027,5996,0,0,0,1,0
636056,5997,0,0,1,0,0
636185,5998,0,0,0,1,0
636307,5999,0,0,0,1,0
636434,6000,0,0,0,1,0
636543,6001,0,0,0,1,0
636645,6002,0,0,0,1,0
636792,6003,0,0,0,1,0
636915,6004,0,0,0,1,0
637031,6005,0,0,0,1,0
637130,6006,0,0,0,1,0
637241,6007,0,0,0,1,0
637345,6008,0,0,0,1,0
637453,6009,0,0,0,1,0
637580,6010,0,0,0,1,0
637708,6011,0,0,0,1,0
637709,6012,1,0,0,0,0
637847,6013,0,0,0,1,0
637951,6014,0,0,0,1,0
638108,6015,0,0,0,1,0
638252,6016,0,0,0,1,0
638390,6017,0,0,0,1,0
638502,6018,0,0,0,1,0
638591,6019,0,0,0,1,0
638681,6020,0,0,0,1,0
638707,6021,0,0,1,0,0
638818,6022,0,0,0,1,0
638962,6023,0,0,0,1,0
639069,6024,0,0,0,1,0
639210,6025,0,0,0,1,0
639214,6026,1,0,0,0,0
639240,6027,0,0,1,0,0
639386,6028,0,0,0,1,0
639479,6029,0,0,0,1,0
639615,6030,0,0,0,1,0
639725,6031,0,0,0,1,0
639868,6032,0,0,0,1,0
639970,6033,0,0,0,1,0
640087,6034,0,0,0,1,0
640205,6035,0,0,0,1,0
640354,6036,0,0,0,1,0
640492,6037,0,0,0,1,0
640599,6038,0,0,0,1,0
640747,6039,0,0,0,1,0
640877,6040,0,0,0,1,0
640989,6041,0,0,0,1,0
641126,6042,0,0,0,1,0
641273,6043,0,0,0,1,0
641413,6044,0,0,0,1,0
641548,6045,0,0,0,1,0
641667,6046,0,0,0,1,0
641790,6047,0,0,0,1,0
641922,6048,0,0,0,1,0
642064,6049,0,0,0,1,0
642184,6050,0,0,0,1,0
642305,6051,0,0,0,1,0
642407,6052,0,0,0,1,0
642412,6053,1,0,0,0,0
642544,6054,0,0,0,1,0
642645,6055,0,0,0,1,0
642734,6056,0,0,0,1,0
642860,6057,0,0,0,1,0
642971,6058,0,0,0,1,0
643062,6059,0,0,0,1,0
643192,6060,0,0,0,1,0
643314,6061,0,0,0,1,0
643430,6062,0,0,0,1,0
643543,6063,0,0,0,1,0
643685,6064,0,0,0,1,0
643776,6065,0,0,0,1,0
643923,6066,0,0,0,1,0
644028,6067,0,0,0,1,0
644159,6068,0,0,0,1,0
644275,6069,0,0,0,1,0
644416,6070,0,0,0,1,0
644561,6071,0,0,0,1,0
644656,6072,0,0,0,1,0
644776,6073,0,0,0,1,0
644903,6074,0,0,0,1,0
645030,6075,0,0,0,1,0
645157,6076,0,0,0,1,0
645252,6077,0,0,0,1,0
645366,6078,0,0,0,1,0
645389,6079,0,0,1,0,0
645514,6080,0,0,0,1,0
645649,6081,0,0,0,1,0
645774,6082,0,0,0,1,0
645896,6083,0,0,0,1,0
645997,6084,0,0,0,1,0
646094,6085,0,0,0,1,0
646230,6086,0,0,0,1,0
646338,6087,0,0,0,1,0
646355,6088,0,0,1,0,0
646480,6089,0,0,0,1,0
646607,6090,0,0,0,1,0
646745,6091,0,0,0,1,0
646844,6092,0,0,0,1,0
646981,6093,0,0,0,1,0
647102,6094,0,0,0,1,0
647104,6095,0,0,1,0,0
647232,6096,0,0,0,1,0
647348,6097,0,0,0,1,0
647444,6098,0,0,0,1,0
647564,6099,0,0,0,1,0
647671,6100,0,0,0,1,0
647811,6101,0,0,0,1,0
647911,6102,0,0,0,1,0
648040,6103,0,0,0,1,0
648159,6104,0,0,0,1,0
648270,6105,0,0,0,1,0
648379,6106,0,0,0,1,0
648530,6107,0,0,0,1,0
648635,6108,0,0,0,1,0
648773,6109,0,0,0,1,0
648895,6110,0,0,0,1,0
648994,6111,0,0,0,1,0
649083,6112,0,0,0,1,0
649207,6113,0,0,0,1,0
649298,6114,0,0,0,1,0
649437,6115,0,0,0,1,0
649568,6116,0,0,0,1,0
649667,6117,0,0,0,1,0
649793,6118,0,0,0,1,0
649886,6119,0,0,0,1,0
650022,6120,0,0,0,1,0
650161,6121,0,0,0,1,0
650269,6122,0,0,0,1,0
650360,6123,0,0,0,1,0
650487,6124,0,0,0,1,0
650585,6125,0,0,0,1,0
650697,6126,0,0,0,1,0
650799,6127,0,0,0,1,0
650937,6128,0,0,0,1,0
651073,6129,0,0,0,1,0
651188,6130,0,0,0,1,0
651292,6131,0,0,0,1,0
651387,6132,0,0,0,1,0
651489,6133,0,0,0,1,0
651626,6134,0,0,0,1,0
651716,6135,0,0,0,1,0
651846,6136,0,0,0,1,0
651994,6137,0,0,0,1,0
652083,6138,0,0,0,1,0
652172,6139,0,0,0,1,0
652262,6140,0,0,0,1,0
652397,6141,0,0,0,1,0
652512,6142,0,0,0,1,0
652633,6143,0,0,0,1,0
652768,6144,0,0,0,1,0
652910,6145,0,0,0,1,0
652999,6146,0,0,0,1,0
653100,6147,0,0,0,1,0
653229,6148,0,0,0,1,0
653348,6149,0,0,0,1,0
653460,6150,0,0,0,1,0
653599,6151,0,0,0,1,0
653702,6152,0,0,0,1,0
653833,6153,0,0,0,1,0
653938,6154,0,0,0,1,0
654048,6155,0,0,0,1,0
654164,6156,0,0,0,1,0
654316,6157,0,0,0,1,0
654446,6158,0,0,0,1,0
654576,6159,0,0,0,1,0
654669,6160,0,0,0,1,0
654800,6161,0,0,0,1,0
654940,6162,0,0,0,1,0
655059,6163,0,0,0,1,0
655182,6164,0,0,0,1,0
655297,6165,0,0,0,1,0
655414,6166,0,0,0,1,0
655520,6167,0,0,0,1,0
655627,6168,0,0,0,1,0
655766,6169,0,0,0,1,0
655872,6170,0,0,0,1,0
656009,6171,0,0,0,1,0
656148,6172,0,0,0,1,0
656279,6173,0,0,0,1,0
656421,6174,0,0,0,1,0
656546,6175,0,0,0,1,0
656653,6176,0,0,0,1,0
656765,6177,0,0,0,1,0
656905,6178,0,0,0,1,0
657032,6179,0,0,0,1,0
657076,6180,0,0,1,0,0
657187,6181,0,0,0,1,0
657301,6182,0,0,0,1,0
657435,6183,0,0,0,1,0
657565,6184,0,0,0,1,0
657706,6185,0,0,0,1,0
657709,6186,0,0,1,0,0
657814,6187,0,0,0,1,0
657919,6188,0,0,0,1,0
658027,6189,0,0,0,1,0
658144,6190,0,0,0,1,0
658263,6191,0,0,0,1,0
658360,6192,0,0,0,1,0
658464,6193,0,0,0,1,0
658603,6194,0,0,0,1,0
658707,6195,0,0,0,1,0
658840,6196,0,0,0,1,0
658939,6197,0,0,0,1,0
659052,6198,0,0,0,1,0
659169,6199,0,0,0,1,0
659301,6200,0,0,0,1,0
659440,6201,0,0,0,1,0
659571,6202,0,0,0,1,0
659661,6203,0,0,0,1,0
659662,6204,0,0,1,0,0
659694,6205,0,0,1,0,0
659842,6206,0,0,0,1,0
659956,6207,0,0,0,1,0
660063,6208,0,0,0,1,0
660164,6209,0,0,0,1,0
660265,6210,0,0,0,1,0
660372,6211,0,0,0,1,0
660465,6212,0,0,0,1,0
660598,6213,0,0,0,1,0
660694,6214,0,0,0,1,0
660826,6215,0,0,0,1,0
660943,6216,0,0,0,1,0
661062,6217,0,0,0,1,0
661201,6218,0,0,0,1,0
661308,6219,0,0,0,1,0
661399,6220,0,0,0,1,0
661532,6221,0,0,0,1,0
661602,6222,0,0,1,0,0
661710,6223,0,0,0,1,0
661850,6224,0,0,0,1,0
661969,6225,0,0,0,1,0
662098,6226,0,0,0,1,0
662209,6227,0,0,0,1,0
662352,6228,0,0,0,1,0
662491,6229,0,0,0,1,0
662608,6230,0,0,0,1,0
662706,6231,0,0,0,1,0
662805,6232,0,0,0,1,0
662933,6233,0,0,0,1,0
663048,6234,0,0,0,1,0
663183,6235,0,0,0,1,0
663275,6236,0,0,0,1,0
663399,6237,0,0,0,1,0
663420,6238,0,0,1,0,0
663537,6239,0,0,0,1,0
663640,6240,0,0,0,1,0
663769,6241,0,0,0,1,0
663874,6242,0,0,0,1,0
663980,6243,0,0,0,1,0
663984,6244,1,0,0,0,0
664077,6245,0,0,0,1,0
664167,6246,0,0,0,1,0
664287,6247,0,0,0,1,0
664397,6248,0,0,0,1,0
664532,6249,0,0,0,1,0
664665,6250,0,0,0,1,0
664791,6251,0,0,0,1,0
664886,6252,0,0,0,1,0
665015,6253,0,0,0,1,0
665150,6254,0,0,0,1,0
665246,6255,0,0,0,1,0
665360,6256,0,0,0,1,0
665484,6257,0,0,0,1,0
665630,6258,0,0,0,1,0
665734,6259,0,0,0,1,0
665860,6260,0,0,0,1,0
665959,6261,0,0,0,1,0
666095,6262,0,0,0,1,0
666192,6263,0,0,0,1,0
666316,6264,0,0,0,1,0
666405,6265,0,0,0,1,0
666513,6266,0,0,0,1,0
666621,6267,0,0,0,1,0
666739,6268,0,0,0,1,0
666845,6269,0,0,0,1,0
666988,6270,0,0,0,1,0
667114,6271,0,0,0,1,0
667214,6272,0,0,0,1,0
667319,6273,0,0,0,1,0
667445,6274,0,0,0,1,0
667541,6275,0,0,0,1,0
667635,6276,0,0,0,1,0
667724,6277,0,0,0,1,0
667822,6278,0,0,0,1,0
667952,6279,0,0,0,1,0
668075,6280,0,0,0,1,0
668169,6281,0,0,0,1,0
668270,6282,0,0,0,1,0
668387,6283,0,0,0,1,0
668496,6284,0,0,0,1,0
668603,6285,0,0,0,1,0
668713,6286,0,0,1,0,0
668852,6287,0,0,0,1,0
668950,6288,0,0,0,1,0
669092,6289,0,0,0,1,0
669198,6290,0,0,0,1,0
669299,6291,0,0,0,1,0
669426,6292,0,0,0,1,0
669555,6293,0,0,0,1,0
669696,6294,0,0,0,1,0
669790,6295,0,0,0,1,0
669910,6296,0,0,0,1,0
670052,6297,0,0,0,1,0
670172,6298,0,0,0,1,0
670304,6299,0,0,0,1,0
670400,6300,0,0,0,1,0
670493,6301,0,0,0,1,0
670584,6302,0,0,0,1,0
670587,6303,0,0,1,0,0
670682,6304,0,0,0,1,0
670775,6305,0,0,0,1,0
670890,6306,0,0,0,1,0
671028,6307,0,0,0,1,0
671174,6308,0,0,0,1,0
671274,6309,0,0,0,1,0
671408,6310,0,0,0,1,0
671508,6311,0,0,0,1,0
671630,6312,0,0,0,1,0
671763,6313,0,0,0,1,0
671884,6314,0,0,0,1,0
672004,6315,0,0,0,1,0
672108,6316,0,0,0,1,0
672221,6317,0,0,0,1,0
672335,6318,0,0,0,1,0
672403,6319,0,0,1,0,0
672532,6320,0,0,0,1,0
672670,6321,0,0,0,1,0
672811,6322,0,0,0,1,0
672927,6323,0,0,0,1,0
673047,6324,0,0,0,1,0
673170,6325,0,0,0,1,0
673289,6326,0,0,0,1,0
673422,6327,0,0,0,1,0
673559,6328,0,0,0,1,0
673669,6329,0,0,0,1,0
673768,6330,0,0,0,1,0
673887,6331,0,0,0,1,0
674021,6332,0,0,0,1,0
674120,6333,0,0,0,1,0
674232,6334,0,0,0,1,0
674313,6335,0,0,1,0,0
674433,6336,0,0,0,1,0
674570,6337,0,0,0,1,0
674703,6338,0,0,0,1,0
674843,6339,0,0,0,1,0
674939,6340,0,0,0,1,0
675075,6341,0,0,0,1,0
675219,6342,0,0,0,1,0
675313,6343,0,0,0,1,0
675441,6344,0,0,0,1,0
675569,6345,0,0,0,1,0
675709,6346,0,0,0,1,0
675815,6347,0,0,0,1,0
675949,6348,0,0,0,1,0
676047,6349,0,0,0,1,0
676185,6350,0,0,0,1,0
676282,6351,0,0,0,1,0
676409,6352,0,0,0,1,0
676519,6353,0,0,0,1,0
676620,6354,0,0,0,1,0
676731,6355,0,0,0,1,0
676864,6356,0,0,0,1,0
676975,6357,0,0,0,1,0
677114,6358,0,0,0,1,0
677230,6359,0,0,0,1,0
677319,6360,0,0,0,1,0
677451,6361,0,0,0,1,0
677562,6362,0,0,0,1,0
677674,6363,0,0,0,1,0
677817,6364,0,0,0,1,0
677947,6365,0,0,0,1,0
678061,6366,0,0,0,1,0
678204,6367,0,0,0,1,0
678336,6368,0,0,0,1,0
678441,6369,0,0,0,1,0
678554,6370,0,0,0,1,0
678679,6371,0,0,0,1,0
678798,6372,0,0,0,1,0
678890,6373,0,0,0,1,0
679007,6374,0,0,0,1,0
679120,6375,0,0,0,1,0
679256,6376,0,0,0,1,0
679379,6377,0,0,0,1,0
679515,6378,0,0,0,1,0
679664,6379,0,0,0,1,0
679783,6380,0,0,0,1,0
679902,6381,0,0,0,1,0
680010,6382,0,0,0,1,0
680131,6383,0,0,0,1,0
680229,6384,0,0,0,1,0
680357,6385,0,0,0,1,0
680446,6386,0,0,0,1,0
680586,6387,0,0,0,1,0
680685,6388,0,0,0,1,0
680827,6389,0,0,0,1,0
680958,6390,0,0,0,1,0
681090,6391,0,0,0,1,0
681238,6392,0,0,0,1,0
681342,6393,0,0,0,1,0
681464,6394,0,0,0,1,0
681566,6395,0,0,0,1,0
681689,6396,0,0,0,1,0
681813,6397,0,0,0,1,0
681935,6398,0,0,0,1,0
682058,6399,0,0,0,1,0
682148,6400,0,0,0,1,0
682281,6401,0,0,0,1,0
682397,6402,0,0,0,1,0
682528,6403,0,0,0,1,0
682653,6404,0,0,0,1,0
682788,6405,0,0,0,1,0
682905,6406,0,0,0,1,0
683016,6407,0,0,0,1,0
683138,6408,0,0,0,1,0
683267,6409,0,0,0,1,0
683371,6410,0,0,0,1,0
683501,6411,0,0,0,1,0
683591,6412,0,0,0,1,0
683711,6413,0,0,0,1,0
683839,6414,0,0,0,1,0
683971,6415,0,0,0,1,0
684116,6416,0,0,0,1,0
684205,6417,0,0,0,1,0
684324,6418,0,0,0,1,0
684428,6419,0,0,0,1,0
684545,6420,0,0,0,1,0
684667,6421,0,0,0,1,0
684772,6422,0,0,0,1,0
684861,6423,0,0,0,1,0
684967,6424,0,0,0,1,0
685094,6425,0,0,0,1,0
685201,6426,0,0,0,1,0
685307,6427,0,0,0,1,0
685426,6428,0,0,0,1,0
685569,6429,0,0,0,1,0
685701,6430,0,0,0,1,0
685833,6431,0,0,0,1,0
685922,6432,0,0,0,1,0
686048,6433,0,0,0,1,0
686184,6434,0,0,0,1,0
686324,6435,0,0,0,1,0
686453,6436,0,0,0,1,0
686578,6437,0,0,0,1,0
686680,6438,0,0,0,1,0
686774,6439,0,0,0,1,0
686876,6440,0,0,0,1,0
686966,6441,0,0,0,1,0
687076,6442,0,0,0,1,0
687209,6443,0,0,0,1,0
687330,6444,0,0,0,1,0
687445,6445,0,0,0,1,0
687545,6446,0,0,0,1,0
687677,6447,0,0,0,1,0
687784,6448,0,0,0,1,0
687905,6449,0,0,0,1,0
687994,6450,0,0,0,1,0
688110,6451,0,0,0,1,0
688244,6452,0,0,0,1,0
688398,6453,0,0,0,1,0
688538,6454,0,0,0,1,0
688543,6455,0,0,1,0,0
688693,6456,0,0,0,1,0
688820,6457,0,0,0,1,0
688944,6458,0,0,0,1,0
689068,6459,0,0,0,1,0
689158,6460,0,0,0,1,0
689270,6461,0,0,0,1,0
689375,6462,0,0,0,1,0
689504,6463,0,0,0,1,0
689616,6464,0,0,0,1,0
689724,6465,0,0,0,1,0
689813,6466,0,0,0,1,0
689920,6467,0,0,0,1,0
690046,6468,0,0,0,1,0
690177,6469,0,0,0,1,0
690297,6470,0,0,0,1,0
690434,6471,0,0,0,1,0
690528,6472,0,0,0,1,0
690617,6473,0,0,0,1,0
690728,6474,0,0,0,1,0
690817,6475,0,0,0,1,0
690943,6476,0,0,0,1,0
691081,6477,0,0,0,1,0
691178,6478,0,0,0,1,0
691315,6479,0,0,0,1,0
691411,6480,0,0,0,1,0
691515,6481,0,0,0,1,0
691638,6482,0,0,0,1,0
691754,6483,0,0,0,1,0
691868,6484,0,0,0,1,0
691963,6485,0,0,0,1,0
692075,6486,0,0,0,1,0
692217,6487,0,0,0,1,0
692224,6488,0,0,1,0,0
692360,6489,0,0,0,1,0
692474,6490,0,0,0,1,0
692575,6491,0,0,0,1,0
692664,6492,0,0,0,1,0
692667,6493,1,0,0,0,0
692774,6494,0,0,0,1,0
692865,6495,0,0,0,1,0
693010,6496,0,0,0,1,0
693112,6497,0,0,0,1,0
693118,6498,1,0,0,0,0
693247,6499,0,0,0,1,0
693349,6500,0,0,0,1,0
693462,6501,0,0,0,1,0
693589,6502,0,0,0,1,0
693722,6503,0,0,0,1,0
693854,6504,0,0,0,1,0
693981,6505,0,0,0,1,0
694126,6506,0,0,0,1,0
694253,6507,0,0,0,1,0
694378,6508,0,0,0,1,0
694515,6509,0,0,0,1,0
694520,6510,1,0,0,0,0
694645,6511,0,0,0,1,0
694749,6512,0,0,0,1,0
694854,6513,0,0,0,1,0
694968,6514,0,0,0,1,0
695070,6515,0,0,0,1,0
695197,6516,0,0,0,1,0
695331,6517,0,0,0,1,0
695456,6518,0,0,0,1,0
695577,6519,0,0,0,1,0
695721,6520,0,0,0,1,0
695833,6521,0,0,0,1,0
695943,6522,0,0,0,1,0
695985,6523,0,0,1,0,0
696123,6524,0,0,0,1,0
696225,6525,0,0,0,1,0
696357,6526,0,0,0,1,0
696452,6527,0,0,0,1,0
696541,6528,0,0,0,1,0
696685,6529,0,0,0,1,0
696803,6530,0,0,0,1,0
696936,6531,0,0,0,1,0
697035,6532,0,0,0,1,0
697129,6533,0,0,0,1,0
697185,6534,0,0,1,0,0
697274,6535,0,0,0,1,0
697363,6536,0,0,0,1,0
697478,6537,0,0,0,1,0
697582,6538,0,0,0,1,0
697713,6539,0,0,0,1,0
697841,6540,0,0,0,1,0
697949,6541,0,0,0,1,0
698072,6542,0,0,0,1,0
698209,6543,0,0,0,1,0
698318,6544,0,0,0,1,0
698432,6545,0,0,0,1,0
698526,6546,0,0,0,1,0
698544,6547,0,0,1,0,0
698688,6548,0,0,0,1,0
698829,6549,0,0,0,1,0
698965,6550,0,0,0,1,0
699080,6551,0,0,0,1,0
699179,6552,0,0,0,1,0
699301,6553,0,0,0,1,0
699406,6554,0,0,0,1,0
699499,6555,0,0,0,1,0
699645,6556,0,0,0,1,0
699741,6557,0,0,0,1,0
699867,6558,0,0,0,1,0
699995,6559,0,0,0,1,0
700087,6560,0,0,0,1,0
700215,6561,0,0,0,1,0
700337,6562,0,0,0,1,0
700471,6563,0,0,0,1,0
700593,6564,0,0,0,1,0
700682,6565,0,0,0,1,0
700800,6566,0,0,0,1,0
700928,6567,0,0,0,1,0
701054,6568,0,0,0,1,0
701161,6569,0,0,0,1,0
701263,6570,0,0,0,1,0
701357,6571,0,0,0,1,0
701492,6572,0,0,0,1,0
701628,6573,0,0,0,1,0
701771,6574,0,0,0,1,0
701900,6575,0,0,0,1,0
702035,6576,0,0,0,1,0
702184,6577,0,0,0,1,0
702288,6578,0,0,0,1,0
702423,6579,0,0,0,1,0
702553,6580,0,0,0,1,0
702686,6581,0,0,0,1,0
702804,6582,0,0,0,1,0
702895,6583,0,0,0,1,0
702998,6584,0,0,0,1,0
703102,6585,0,0,0,1,0
703195,6586,0,0,0,1,0
703300,6587,0,0,0,1,0
703423,6588,0,0,0,1,0
703562,6589,0,0,0,1,0
703673,6590,0,0,0,1,0
703811,6591,0,0,0,1,0
703917,6592,0,0,0,1,0
704025,6593,0,0,0,1,0
704167,6594,0,0,0,1,0
704278,6595,0,0,0,1,0
704367,6596,0,0,0,1,0
704464,6597,0,0,0,1,0
704578,6598,0,0,0,1,0
704670,6599,0,0,0,1,0
704805,6600,0,0,0,1,0
704939,6601,0,0,0,1,0
705074,6602,0,0,0,1,0
705183,6603,0,0,0,1,0
705308,6604,0,0,0,1,0
705405,6605,0,0,0,1,0
705541,6606,0,0,0,1,0
705655,6607,0,0,0,1,0
705781,6608,0,0,0,1,0
705886,6609,0,0,0,1,0
706004,6610,0,0,0,1,0
706112,6611,0,0,0,1,0
706216,6612,0,0,0,1,0
706343,6613,0,0,0,1,0
706477,6614,0,0,0,1,0
706619,6615,0,0,0,1,0
706747,6616,0,0,0,1,0
706852,6617,0,0,0,1,0
706955,6618,0,0,0,1,0
707066,6619,0,0,0,1,0
707192,6620,0,0,0,1,0
707198,6621,1,0,0,0,0
707322,6622,0,0,0,1,0
707454,6623,0,0,0,1,0
707565,6624,0,0,0,1,0
707703,6625,0,0,0,1,0
707809,6626,0,0,0,1,0
707934,6627,0,0,0,1,0
708033,6628,0,0,0,1,0
708166,6629,0,0,0,1,0
708263,6630,0,0,0,1,0
708382,6631,0,0,0,1,0
708479,6632,0,0,0,1,0
708621,6633,0,0,0,1,0
708748,6634,0,0,0,1,0
708870,6635,0,0,0,1,0
708972,6636,0,0,0,1,0
709075,6637,0,0,0,1,0
709213,6638,0,0,0,1,0
709214,6639,0,0,1,0,0
709326,6640,0,0,0,1,0
709439,6641,0,0,0,1,0
709553,6642,0,0,0,1,0
709567,6643,0,0,1,0,0
709702,6644,0,0,0,1,0
709809,6645,0,0,0,1,0
709937,6646,0,0,0,1,0
710037,6647,0,0,0,1,0
710168,6648,0,0,0,1,0
710270,6649,0,0,0,1,0
710372,6650,0,0,0,1,0
710464,6651,0,0,0,1,0
710597,6652,0,0,0,1,0
710703,6653,0,0,0,1,0
710837,6654,0,0,0,1,0
710963,6655,0,0,0,1,0
711101,6656,0,0,0,1,0
711212,6657,0,0,0,1,0
711360,6658,0,0,0,1,0
711449,6659,0,0,0,1,0
711537,6660,0,0,0,1,0
711669,6661,0,0,0,1,0
711783,6662,0,0,0,1,0
711892,6663,0,0,0,1,0
712005,6664,0,0,0,1,0
712103,6665,0,0,0,1,0
712223,6666,0,0,0,1,0
712312,6667,0,0,0,1,0
712437,6668,0,0,0,1,0
712560,6669,0,0,0,1,0
712654,6670,0,0,0,1,0
712785,6671,0,0,0,1,0
712928,6672,0,0,0,1,0
713046,6673,0,0,0,1,0
713151,6674,0,0,0,1,0
713269,6675,0,0,0,1,0
713375,6676,0,0,0,1,0
713509,6677,0,0,0,1,0
713516,6678,1,0,0,0,0
713644,6679,0,0,0,1,0
713750,6680,0,0,0,1,0
713862,6681,0,0,0,1,0
714001,6682,0,0,0,1,0
714139,6683,0,0,0,1,0
714258,6684,0,0,0,1,0
714401,6685,0,0,0,1,0
714526,6686,0,0,0,1,0
714648,6687,0,0,0,1,0
714751,6688,0,0,0,1,0
714890,6689,0,0,0,1,0
714980,6690,0,0,0,1,0
715124,6691,0,0,0,1,0
715230,6692,0,0,0,1,0
715344,6693,0,0,0,1,0
715473,6694,0,0,0,1,0
715615,6695,0,0,0,1,0
715739,6696,0,0,0,1,0
715879,6697,0,0,0,1,0
716007,6698,0,0,0,1,0
716133,6699,0,0,0,1,0
716249,6700,0,0,0,1,0
716338,6701,0,0,0,1,0
716449,6702,0,0,0,1,0
716550,6703,0,0,0,1,0
716676,6704,0,0,0,1,0
716794,6705,0,0,0,1,0
716914,6706,0,0,0,1,0
717049,6707,0,0,0,1,0
717154,6708,0,0,0,1,0
717288,6709,0,0,0,1,0
717431,6710,0,0,0,1,0
717520,6711,0,0,0,1,0
717638,6712,0,0,0,1,0
717740,6713,0,0,0,1,0
717864,6714,0,0,0,1,0
717955,6715,0,0,0,1,0
718086,6716,0,0,0,1,0
718222,6717,0,0,0,1,0
718369,6718,0,0,0,1,0
718511,6719,0,0,0,1,0
718646,6720,0,0,0,1,0
718783,6721,0,0,0,1,0
718896,6722,0,0,0,1,0
718997,6723,0,0,0,1,0
719114,6724,0,0,0,1,0
719226,6725,0,0,0,1,0
719349,6726,0,0,0,1,0
719469,6727,0,0,0,1,0
719606,6728,0,0,0,1,0
719702,6729,0,0,0,1,0
719803,6730,0,0,0,1,0
719932,6731,0,0,0,1,0
720021,6732,0,0,0,1,0
720181,6733,0,0,0,1,0
720311,6734,0,0,0,1,0
720400,6735,0,0,0,1,0
720496,6736,0,0,0,1,0
720608,6737,0,0,0,1,0
720736,6738,0,0,0,1,0
720842,6739,0,0,0,1,0
720942,6740,0,0,0,1,0
721031,6741,0,0,0,1,0
721129,6742,0,0,0,1,0
721229,6743,0,0,0,1,0
721337,6744,0,0,0,1,0
721472,6745,0,0,0,1,0
721568,6746,0,0,0,1,0
721707,6747,0,0,0,1,0
721843,6748,0,0,0,1,0
721985,6749,0,0,0,1,0
722074,6750,0,0,0,1,0
722200,6751,0,0,0,1,0
722341,6752,0,0,0,1,0
722444,6753,0,0,0,1,0
722578,6754,0,0,0,1,0
722694,6755,0,0,0,1,0
722808,6756,0,0,0,1,0
722946,6757,0,0,0,1,0
723066,6758,0,0,0,1,0
723168,6759,0,0,0,1,0
723298,6760,0,0,0,1,0
723387,6761,0,0,0,1,0
723503,6762,0,0,0,1,0
723630,6763,0,0,0,1,0
723633,6764,0,0,1,0,0
723737,6765,0,0,0,1,0
723864,6766,0,0,0,1,0
724009,6767,0,0,0,1,0
724011,6768,0,0,1,0,0
724108,6769,0,0,1,0,0
724229,6770,0,0,0,1,0
724357,6771,0,0,0,1,0
724501,6772,0,0,0,1,0
724593,6773,0,0,0,1,0
724696,6774,0,0,0,1,0
724816,6775,0,0,0,1,0
724937,6776,0,0,0,1,0
725057,6777,0,0,0,1,0
725058,6778,1,0,0,0,0
725184,6779,0,0,0,1,0
725308,6780,0,0,0,1,0
725404,6781,0,0,0,1,0
725514,6782,0,0,0,1,0
725625,6783,0,0,0,1,0
725735,6784,0,0,0,1,0
725863,6785,0,0,0,1,0
725987,6786,0,0,0,1,0
726006,6787,0,0,1,0,0
726132,6788,0,0,0,1,0
726266,6789,0,0,0,1,0
726370,6790,0,0,0,1,0
726469,6791,0,0,0,1,0
726565,6792,0,0,0,1,0
726683,6793,0,0,0,1,0
726818,6794,0,0,0,1,0
726926,6795,0,0,0,1,0
727056,6796,0,0,0,1,0
727145,6797,0,0,0,1,0
727252,6798,0,0,0,1,0
727354,6799,0,0,0,1,0
727468,6800,0,0,0,1,0
727563,6801,0,0,0,1,0
727701,6802,0,0,0,1,0
727836,6803,0,0,0,1,0
727980,6804,0,0,0,1,0
728091,6805,0,0,0,1,0
728207,6806,0,0,0,1,0
728304,6807,0,0,0,1,0
728422,6808,0,0,0,1,0
728523,6809,0,0,0,1,0
728623,6810,0,0,0,1,0
728750,6811,0,0,0,1,0
728893,6812,0,0,0,1,0
729026,6813,0,0,0,1,0
729124,6814,0,0,0,1,0
729274,6815,0,0,0,1,0
729385,6816,0,0,0,1,0
729474,6817,0,0,0,1,0
729570,6818,0,0,0,1,0
729692,6819,0,0,0,1,0
729808,6820,0,0,0,1,0
729841,6821,0,0,1,0,0
729935,6822,0,0,0,1,0
730038,6823,0,0,0,1,0
730110,6824,0,0,1,0,0
730243,6825,0,0,0,1,0
730357,6826,0,0,0,1,0
730473,6827,0,0,0,1,0
730577,6828,0,0,0,1,0
730721,6829,0,0,0,1,0
730819,6830,0,0,0,1,0
730943,6831,0,0,0,1,0
731082,6832,0,0,0,1,0
731211,6833,0,0,0,1,0
731327,6834,0,0,0,1,0
731445,6835,0,0,0,1,0
731568,6836,0,0,0,1,0
731660,6837,0,0,0,1,0
731764,6838,0,0,0,1,0
731877,6839,0,0,0,1,0
731971,6840,0,0,0,1,0
732076,6841,0,0,0,1,0
732182,6842,0,0,0,1,0
732294,6843,0,0,0,1,0
732427,6844,0,0,0,1,0
732516,6845,0,0,0,1,0
732616,6846,0,0,0,1,0
732746,6847,0,0,0,1,0
732870,6848,0,0,0,1,0
733000,6849,0,0,0,1,0
733127,6850,0,0,0,1,0
733259,6851,0,0,0,1,0
733402,6852,0,0,0,1,0
733520,6853,0,0,0,1,0
733654,6854,0,0,0,1,0
733700,6855,0,0,1,0,0
733821,6856,0,0,0,1,0
733969,6857,0,0,0,1,0
734059,6858,0,0,0,1,0
734176,6859,0,0,0,1,0
734292,6860,0,0,0,1,0
734436,6861,0,0,0,1,0
734530,6862,0,0,0,1,0
734619,6863,0,0,0,1,0
734748,6864,0,0,0,1,0
734862,6865,0,0,0,1,0
734956,6866,0,0,0,1,0
735093,6867,0,0,0,1,0
735237,6868,0,0,0,1,0
735332,6869,0,0,0,1,0
735447,6870,0,0,0,1,0
735577,6871,0,0,0,1,0
735717,6872,0,0,0,1,0
735836,6873,0,0,0,1,0
735963,6874,0,0,0,1,0
736063,6875,0,0,0,1,0
736190,6876,0,0,0,1,0
736306,6877,0,0,0,1,0
736436,6878,0,0,0,1,0
736571,6879,0,0,0,1,0
736672,6880,0,0,0,1,0
736787,6881,0,0,0,1,0
736912,6882,0,0,0,1,0
737014,6883,0,0,0,1,0
737145,6884,0,0,0,1,0
737239,6885,0,0,0,1,0
737374,6886,0,0,0,1,0
737481,6887,0,0,0,1,0
737591,6888,0,0,0,1,0
737720,6889,0,0,0,1,0
737825,6890,0,0,0,1,0
737927,6891,0,0,0,1,0
738028,6892,0,0,0,1,0
738150,6893,0,0,0,1,0
738294,6894,0,0,0,1,0
738318,6895,0,0,1,0,0
738422,6896,0,0,0,1,0
738536,6897,0,0,0,1,0
738655,6898,0,0,0,1,0
738659,6899,1,0,0,0,0
738791,6900,0,0,0,1,0
738936,6901,0,0,0,1,0
739047,6902,0,0,0,1,0
739177,6903,0,0,0,1,0
739281,6904,0,0,0,1,0
739403,6905,0,0,0,1,0
739492,6906,0,0,0,1,0
739588,6907,0,0,0,1,0
739688,6908,0,0,0,1,0
739824,6909,0,0,0,1,0
739926,6910,0,0,0,1,0
740053,6911,0,0,0,1,0
740190,6912,0,0,0,1,0
740287,6913,0,0,0,1,0
740376,6914,0,0,0,1,0
740502,6915,0,0,0,1,0
740600,6916,0,0,0,1,0
740728,6917,0,0,0,1,0
740859,6918,0,0,0,1,0
740989,6919,0,0,0,1,0
741095,6920,0,0,0,1,0
741207,6921,0,0,0,1,0
741300,6922,0,0,0,1,0
741426,6923,0,0,0,1,0
741552,6924,0,0,0,1,0
741685,6925,0,0,0,1,0
741814,6926,0,0,0,1,0
741912,6927,0,0,0,1,0
742011,6928,0,0,0,1,0
742141,6929,0,0,0,1,0
742244,6930,0,0,0,1,0
742379,6931,0,0,0,1,0
742473,6932,0,0,0,1,0
742588,6933,0,0,0,1,0
742719,6934,0,0,0,1,0
742720,6935,1,0,0,0,0
742809,6936,0,0,0,1,0
742908,6937,0,0,0,1,0
743035,6938,0,0,0,1,0
743180,6939,0,0,0,1,0
743300,6940,0,0,0,1,0
743408,6941,0,0,0,1,0
743528,6942,0,0,0,1,0
743647,6943,0,0,0,1,0
743791,6944,0,0,0,1,0
743900,6945,0,0,0,1,0
744038,6946,0,0,0,1,0
744147,6947,0,0,0,1,0
744260,6948,0,0,0,1,0
744363,6949,0,0,0,1,0
744460,6950,0,0,0,1,0
744554,6951,0,0,0,1,0
744676,6952,0,0,0,1,0
744802,6953,0,0,0,1,0
744935,6954,0,0,0,1,0
745030,6955,0,0,0,1,0
745154,6956,0,0,0,1,0
745286,6957,0,0,0,1,0
745410,6958,0,0,0,1,0
745533,6959,0,0,0,1,0
745639,6960,0,0,0,1,0
745771,6961,0,0,0,1,0
745914,6962,0,0,0,1,0
746005,6963,0,0,0,1,0
746105,6964,0,0,0,1,0
746234,6965,0,0,0,1,0
746327,6966,0,0,0,1,0
746465,6967,0,0,0,1,0
746556,6968,0,0,0,1,0
746666,6969,0,0,0,1,0
746761,6970,0,0,0,1,0
746894,6971,0,0,0,1,0
747011,6972,0,0,0,1,0
747126,6973,0,0,0,1,0
747226,6974,0,0,0,1,0
747325,6975,0,0,0,1,0
747443,6976,0,0,0,1,0
747532,6977,0,0,0,1,0
747660,6978,0,0,0,1,0
747768,6979,0,0,0,1,0
747857,6980,0,0,0,1,0
747986,6981,0,0,0,1,0
748035,6982,0,0,1,0,0
748158,6983,0,0,0,1,0
748250,6984,0,0,0,1,0
748346,6985,0,0,0,1,0
748463,6986,0,0,0,1,0
748565,6987,0,0,0,1,0
748568,6988,0,0,1,0,0
748657,6989,0,0,0,1,0
748797,6990,0,0,0,1,0
748894,6991,0,0,0,1,0
748983,6992,0,0,0,1,0
749074,6993,0,0,0,1,0
749200,6994,0,0,0,1,0
749293,6995,0,0,0,1,0
749425,6996,0,0,0,1,0
749567,6997,0,0,0,1,0
749659,6998,0,0,0,1,0
749757,6999,0,0,0,1,0
749901,7000,0,0,0,1,0
750011,7001,0,0,0,1,0
750135,7002,0,0,0,1,0
750204,7003,0,0,1,0,0
750206,7004,0,0,1,0,0
750309,7005,0,0,0,1,0
750442,7006,0,0,0,1,0
750577,7007,0,0,0,1,0
750677,7008,0,0,0,1,0
750797,7009,0,0,0,1,0
750937,7010,0,0,0,1,0
751083,7011,0,0,0,1,0
751179,7012,0,0,0,1,0
751182,7013,1,0,0,0,0
751295,7014,0,0,0,1,0
751384,7015,0,0,0,1,0
751484,7016,0,0,0,1,0
751611,7017,0,0,0,1,0
751745,7018,0,0,0,1,0
751883,7019,0,0,0,1,0
752013,7020,0,0,0,1,0
752120,7021,0,0,0,1,0
752239,7022,0,0,0,1,0
752248,7023,0,0,1,0,0
752380,7024,0,0,0,1,0
752505,7025,0,0,0,1,0
752611,7026,0,0,0,1,0
752742,7027,0,0,0,1,0
752847,7028,0,0,0,1,0
752947,7029,0,0,0,1,0
753055,7030,0,0,0,1,0
753144,7031,0,0,0,1,0
753274,7032,0,0,0,1,0
753366,7033,0,0,0,1,0
753483,7034,0,0,0,1,0
753583,7035,0,0,0,1,0
753683,7036,0,0,0,1,0
753773,7037,0,0,0,1,0
753797,7038,0,0,1,0,0
753888,7039,0,0,0,1,0
754017,7040,0,0,0,1,0
754147,7041,0,0,0,1,0
754237,7042,0,0,0,1,0
754369,7043,0,0,0,1,0
754498,7044,0,0,0,1,0
754627,7045,0,0,0,1,0
754759,7046,0,0,0,1,0
754848,7047,0,0,0,1,0
754978,7048,0,0,0,1,0
755075,7049,0,0,0,1,0
755079,7050,1,0,0,0,0
755204,7051,0,0,0,1,0
755324,7052,0,0,0,1,0
755331,7053,0,0,1,0,0
755460,7054,0,0,0,1,0
755581,7055,0,0,0,1,0
755674,7056,0,0,0,1,0
755798,7057,0,0,0,1,0
755904,7058,0,0,0,1,0
756002,7059,0,0,0,1,0
756125,7060,0,0,0,1,0
756215,7061,0,0,0,1,0
756332,7062,0,0,0,1,0
756449,7063,0,0,0,1,0
756560,7064,0,0,0,1,0
756568,7065,0,0,1,0,0
756697,7066,0,0,0,1,0
756832,7067,0,0,0,1,0
756966,7068,0,0,0,1,0
757075,7069,0,0,0,1,0
757194,7070,0,0,0,1,0
757303,7071,0,0,0,1,0
757440,7072,0,0,0,1,0
757556,7073,0,0,0,1,0
757705,7074,0,0,0,1,0
757827,7075,0,0,0,1,0
757831,7076,0,0,1,0,0
757938,7077,0,0,0,1,0
758056,7078,0,0,0,1,0
758197,7079,0,0,0,1,0
758312,7080,0,0,0,1,0
758421,7081,0,0,0,1,0
758527,7082,0,0,0,1,0
758621,7083,0,0,0,1,0
758716,7084,0,0,0,1,0
758853,7085,0,0,0,1,0
758978,7086,0,0,0,1,0
759103,7087,0,0,0,1,0
759197,7088,0,0,0,1,0
759203,7089,0,0,1,0,0
759315,7090,0,0,0,1,0
759410,7091,0,0,0,1,0
759505,7092,0,0,0,1,0
759624,7093,0,0,0,1,0
759741,7094,0,0,0,1,0
759856,7095,0,0,0,1,0
759948,7096,0,0,0,1,0
760088,7097,0,0,0,1,0
760184,7098,0,0,0,1,0
760188,7099,0,0,1,0,0
760271,7100,0,0,1,0,0
760382,7101,0,0,0,1,0
760479,7102,0,0,0,1,0
760575,7103,0,0,0,1,0
760717,7104,0,0,0,1,0
760848,7105,0,0,0,1,0
760966,7106,0,0,0,1,0
761079,7107,0,0,0,1,0
761211,7108,0,0,0,1,0
761352,7109,0,0,0,1,0
761459,7110,0,0,0,1,0
761581,7111,0,0,0,1,0
761690,7112,0,0,0,1,0
761822,7113,0,0,0,1,0
761946,7114,0,0,0,1,0
762061,7115,0,0,0,1,0
762077,7116,0,0,1,0,0
762209,7117,0,0,0,1,0
762301,7118,0,0,0,1,0
762444,7119,0,0,0,1,0
762591,7120,0,0,0,1,0
762727,7121,0,0,0,1,0
762842,7122,0,0,0,1,0
762970,7123,0,0,0,1,0
763087,7124,0,0,1,0,0
763125,7125,0,0,1,0,0
763264,7126,0,0,0,1,0
763390,7127,0,0,0,1,0
763522,7128,0,0,0,1,0
763631,7129,0,0,0,1,0
763730,7130,0,0,0,1,0
763827,7131,0,0,0,1,0
763951,7132,0,0,0,1,0
764083,7133,0,0,0,1,0
764191,7134,0,0,0,1,0
764294,7135,0,0,0,1,0
764423,7136,0,0,0,1,0
764538,7137,0,0,0,1,0
764546,7138,0,0,1,0,0
764666,7139,0,0,0,1,0
764798,7140,0,0,0,1,0
764916,7141,0,0,0,1,0
765031,7142,0,0,0,1,0
765136,7143,0,0,0,1,0
765241,7144,0,0,0,1,0
765243,7145,1,0,0,0,0
765344,7146,0,0,0,1,0
765471,7147,0,0,0,1,0
765602,7148,0,0,0,1,0
765704,7149,0,0,0,1,0
765797,7150,0,0,0,1,0
765904,7151,0,0,0,1,0
765914,7152,0,0,1,0,0
766003,7153,0,0,0,1,0
766130,7154,0,0,0,1,0
766131,7155,0,0,1,0,0
766259,7156,0,0,0,1,0
766384,7157,0,0,0,1,0
766518,7158,0,0,0,1,0
766610,7159,0,0,0,1,0
766709,7160,0,0,0,1,0
766842,7161,0,0,0,1,0
766940,7162,0,0,0,1,0
766942,7163,0,0,1,0,0
767082,7164,0,0,0,1,0
767205,7165,0,0,0,1,0
767333,7166,0,0,0,1,0
767451,7167,0,0,0,1,0
767569,7168,0,0,0,1,0
767694,7169,0,0,0,1,0
767797,7170,0,0,0,1,0
767919,7171,0,0,0,1,0
768022,7172,0,0,0,1,0
768155,7173,0,0,0,1,0
768303,7174,0,0,0,1,0
768431,7175,0,0,0,1,0
768530,7176,0,0,0,1,0
768640,7177,0,0,0,1,0
768754,7178,0,0,0,1,0
768896,7179,0,0,0,1,0
769029,7180,0,0,0,1,0
769124,7181,0,0,0,1,0
769218,7182,0,0,0,1,0
769328,7183,0,0,0,1,0
769436,7184,0,0,0,1,0
769549,7185,0,0,0,1,0
769653,7186,0,0,0,1,0
769742,7187,0,0,0,1,0
769859,7188,0,0,0,1,0
769984,7189,0,0,0,1,0
770071,7190,0,0,0,1,0
770168,7191,0,0,0,1,0
770286,7192,0,0,0,1,0
770409,7193,0,0,0,1,0
770530,7194,0,0,0,1,0
770583,7195,0,0,1,0,0
770733,7196,0,0,0,1,0
770822,7197,0,0,0,1,0
770959,7198,0,0,0,1,0
771055,7199,0,0,0,1,0
771194,7200,0,0,0,1,0
771295,7201,0,0,0,1,0
771416,7202,0,0,0,1,0
771518,7203,0,0,0,1,0
771643,7204,0,0,0,1,0
771759,7205,0,0,0,1,0
771852,7206,0,0,0,1,0
771944,7207,0,0,0,1,0
772069,7208,0,0,0,1,0
772170,7209,0,0,0,1,0
772280,7210,0,0,0,1,0
772370,7211,0,0,0,1,0
772489,7212,0,0,0,1,0
772601,7213,0,0,0,1,0
772695,7214,0,0,0,1,0
772797,7215,0,0,0,1,0
772888,7216,0,0,0,1,0
772988,7217,0,0,0,1,0
773100,7218,0,0,0,1,0
773212,7219,0,0,0,1,0
773345,7220,0,0,0,1,0
773443,7221,0,0,0,1,0
773574,7222,0,0,0,1,0
773678,7223,0,0,0,1,0
773791,7224,0,0,0,1,0
773882,7225,0,0,0,1,0
774026,7226,0,0,0,1,0
774141,7227,0,0,0,1,0
774231,7228,0,0,0,1,0
774323,7229,0,0,0,1,0
774467,7230,0,0,0,1,0
774556,7231,0,0,0,1,0
774674,7232,0,0,0,1,0
774768,7233,0,0,0,1,0
774905,7234,0,0,0,1,0
775007,7235,0,0,0,1,0
775135,7236,0,0,0,1,0
775274,7237,0,0,0,1,0
775376,7238,0,0,0,1,0
775509,7239,0,0,0,1,0
775635,7240,0,0,0,1,0
775731,7241,0,0,0,1,0
775872,7242,0,0,0,1,0
775977,7243,0,0,0,1,0
776081,7244,0,0,0,1,0
776210,7245,0,0,0,1,0
776325,7246,0,0,0,1,0
776431,7247,0,0,0,1,0
776570,7248,0,0,0,1,0
776693,7249,0,0,0,1,0
776821,7250,0,0,0,1,0
776935,7251,0,0,0,1,0
777041,7252,0,0,0,1,0
777139,7253,0,0,0,1,0
777257,7254,0,0,0,1,0
777399,7255,0,0,0,1,0
777528,7256,0,0,0,1,0
777629,7257,0,0,0,1,0
777745,7258,0,0,0,1,0
777891,7259,0,0,0,1,0
778012,7260,0,0,0,1,0
778141,7261,0,0,0,1,0
778267,7262,0,0,0,1,0
778393,7263,0,0,0,1,0
778527,7264,0,0,0,1,0
778653,7265,0,0,0,1,0
778747,7266,0,0,0,1,0
778851,7267,0,0,0,1,0
778996,7268,0,0,0,1,0
779134,7269,0,0,0,1,0
779248,7270,0,0,0,1,0
779348,7271,0,0,0,1,0
779485,7272,0,0,0,1,0
779625,7273,0,0,0,1,0
779723,7274,0,0,0,1,0
779852,7275,0,0,0,1,0
779956,7276,0,0,0,1,0
780064,7277,0,0,0,1,0
780176,7278,0,0,0,1,0
780271,7279,0,0,0,1,0
780366,7280,0,0,0,1,0
780466,7281,0,0,0,1,0
780587,7282,0,0,0,1,0
780713,7283,0,0,0,1,0
780836,7284,0,0,0,1,0
780975,7285,0,0,0,1,0
781091,7286,0,0,0,1,0
781237,7287,0,0,0,1,0
781357,7288,0,0,0,1,0
781497,7289,0,0,0,1,0
781633,7290,0,0,0,1,0
781763,7291,0,0,0,1,0
781880,7292,0,0,0,1,0
782010,7293,0,0,0,1,0
782133,7294,0,0,0,1,0
782230,7295,0,0,0,1,0
782361,7296,0,0,0,1,0
782483,7297,0,0,0,1,0
782626,7298,0,0,0,1,0
782740,7299,0,0,0,1,0
782853,7300,0,0,0,1,0
782949,7301,0,0,0,1,0
783083,7302,0,0,0,1,0
783176,7303,0,0,0,1,0
783278,7304,0,0,0,1,0
783403,7305,0,0,0,1,0
783529,7306,0,0,0,1,0
783627,7307,0,0,0,1,0
783762,7308,0,0,0,1,0
783858,7309,0,0,0,1,0
783958,7310,0,0,0,1,0
784072,7311,0,0,0,1,0
784223,7312,0,0,0,1,0
784331,7313,0,0,0,1,0
784437,7314,0,0,0,1,0
784572,7315,0,0,0,1,0
784709,7316,0,0,0,1,0
784829,7317,0,0,0,1,0
784928,7318,0,0,0,1,0
785062,7319,0,0,0,1,0
785190,7320,0,0,0,1,0
785308,7321,0,0,0,1,0
785313,7322,1,0,0,0,0
785402,7323,0,0,0,1,0
785520,7324,0,0,0,1,0
785633,7325,0,0,0,1,0
785722,7326,0,0,0,1,0
785853,7327,0,0,0,1,0
785969,7328,0,0,0,1,0
786070,7329,0,0,0,1,0
786191,7330,0,0,0,1,0
786323,7331,0,0,0,1,0
786466,7332,0,0,0,1,0
786581,7333,0,0,0,1,0
786701,7334,0,0,0,1,0
786806,7335,0,0,0,1,0
786921,7336,0,0,0,1,0
787056,7337,0,0,0,1,0
787183,7338,0,0,0,1,0
787288,7339,0,0,0,1,0
787437,7340,0,0,0,1,0
787557,7341,0,0,0,1,0
787651,7342,0,0,0,1,0
787741,7343,0,0,0,1,0
787837,7344,0,0,0,1,0
787967,7345,0,0,0,1,0
788106,7346,0,0,0,1,0
788239,7347,0,0,0,1,0
788351,7348,0,0,0,1,0
788467,7349,0,0,0,1,0
788572,7350,0,0,0,1,0
788707,7351,0,0,0,1,0
788846,7352,0,0,0,1,0
788986,7353,0,0,0,1,0
789109,7354,0,0,0,1,0
789247,7355,0,0,0,1,0
789345,7356,0,0,0,1,0
789483,7357,0,0,0,1,0
789601,7358,0,0,0,1,0
789720,7359,0,0,0,1,0
789837,7360,0,0,0,1,0
789977,7361,0,0,0,1,0
790092,7362,0,0,0,1,0
790118,7363,0,0,1,0,0
790211,7364,0,0,0,1,0
790314,7365,0,0,0,1,0
790412,7366,0,0,0,1,0
790535,7367,0,0,0,1,0
790668,7368,0,0,0,1,0
790777,7369,0,0,0,1,0
790875,7370,0,0,0,1,0
790974,7371,0,0,0,1,0
791100,7372,0,0,0,1,0
791224,7373,0,0,0,1,0
791315,7374,0,0,0,1,0
791419,7375,0,0,0,1,0
791551,7376,0,0,0,1,0
791668,7377,0,0,0,1,0
791779,7378,0,0,0,1,0
791896,7379,0,0,0,1,0
792019,7380,0,0,0,1,0
792110,7381,0,0,0,1,0
792234,7382,0,0,0,1,0
792343,7383,0,0,0,1,0
792484,7384,0,0,0,1,0
792590,7385,0,0,0,1,0
792714,7386,0,0,0,1,0
792835,7387,0,0,0,1,0
792941,7388,0,0,0,1,0
793055,7389,0,0,0,1,0
793162,7390,0,0,0,1,0
793299,7391,0,0,0,1,0
793433,7392,0,0,0,1,0
793523,7393,0,0,0,1,0
793620,7394,0,0,0,1,0
793748,7395,0,0,0,1,0
793849,7396,0,0,0,1,0
793945,7397,0,0,0,1,0
794062,7398,0,0,0,1,0
794163,7399,0,0,0,1,0
794288,7400,0,0,0,1,0
794398,7401,0,0,0,1,0
794535,7402,0,0,0,1,0
794624,7403,0,0,0,1,0
794757,7404,0,0,0,1,0
794892,7405,0,0,0,1,0
795027,7406,0,0,0,1,0
795118,7407,0,0,0,1,0
795210,7408,0,0,0,1,0
795315,7409,0,0,0,1,0
795448,7410,0,0,0,1,0
795542,7411,0,0,0,1,0
795648,7412,0,0,0,1,0
795772,7413,0,0,0,1,0
795883,7414,0,0,0,1,0
796025,7415,0,0,0,1,0
796126,7416,0,0,0,1,0
796220,7417,0,0,0,1,0
796291,7418,0,0,1,0,0
796401,7419,0,0,0,1,0
796490,7420,0,0,0,1,0
796579,7421,0,0,0,1,0
796686,7422,0,0,0,1,0
796784,7423,0,0,0,1,0
796873,7424,0,0,0,1,0
796972,7425,0,0,0,1,0
797115,7426,0,0,0,1,0
797240,7427,0,0,0,1,0
797329,7428,0,0,0,1,0
797440,7429,0,0,0,1,0
797574,7430,0,0,0,1,0
797692,7431,0,0,0,1,0
797836,7432,0,0,0,1,0
797955,7433,0,0,0,1,0
798085,7434,0,0,0,1,0
798218,7435,0,0,0,1,0
798324,7436,0,0,0,1,0
798443,7437,0,0,0,1,0
798542,7438,0,0,0,1,0
798631,7439,0,0,0,1,0
798781,7440,0,0,0,1,0
798902,7441,0,0,0,1,0
799032,7442,0,0,0,1,0
799144,7443,0,0,0,1,0
799233,7444,0,0,0,1,0
799347,7445,0,0,0,1,0
799455,7446,0,0,0,1,0
799593,7447,0,0,0,1,0
799698,7448,0,0,0,1,0
799811,7449,0,0,0,1,0
799813,7450,0,0,1,0,0
799945,7451,0,0,0,1,0
800079,7452,0,0,0,1,0
800219,7453,0,0,0,1,0
800342,7454,0,0,0,1,0
800437,7455,0,0,0,1,0
800568,7456,0,0,0,1,0
800695,7457,0,0,0,1,0
800810,7458,0,0,0,1,0
800949,7459,0,0,0,1,0
801074,7460,0,0,0,1,0
801170,7461,0,0,0,1,0
801277,7462,0,0,0,1,0
801381,7463,0,0,0,1,0
801520,7464,0,0,0,1,0
801643,7465,0,0,0,1,0
801748,7466,0,0,0,1,0
801856,7467,0,0,0,1,0
801996,7468,0,0,0,1,0
802089,7469,0,0,0,1,0
802225,7470,0,0,0,1,0
802338,7471,0,0,0,1,0
802427,7472,0,0,0,1,0
802526,7473,0,0,0,1,0
802656,7474,0,0,0,1,0
802800,7475,0,0,0,1,0
802917,7476,0,0,0,1,0
803043,7477,0,0,0,1,0
803189,7478,0,0,0,1,0
803305,7479,0,0,0,1,0
803394,7480,0,0,0,1,0
803509,7481,0,0,0,1,0
803628,7482,0,0,0,1,0
803749,7483,0,0,0,1,0
803879,7484,0,0,0,1,0
803980,7485,0,0,0,1,0
804111,7486,0,0,0,1,0
804245,7487,0,0,0,1,0
804358,7488,0,0,0,1,0
804452,7489,0,0,0,1,0
804545,7490,0,0,0,1,0
804675,7491,0,0,0,1,0
804779,7492,0,0,0,1,0
804797,7493,0,0,1,0,0
804888,7494,0,0,0,1,0
805034,7495,0,0,0,1,0
805128,7496,0,0,0,1,0
805218,7497,0,0,0,1,0
805309,7498,0,0,0,1,0
805436,7499,0,0,0,1,0
805551,7500,0,0,0,1,0
805640,7501,0,0,0,1,0
805783,7502,0,0,0,1,0
805897,7503,0,0,0,1,0
805986,7504,0,0,0,1,0
806116,7505,0,0,0,1,0
806259,7506,0,0,0,1,0
806390,7507,0,0,0,1,0
806503,7508,0,0,0,1,0
806623,7509,0,0,0,1,0
806757,7510,0,0,0,1,0
806894,7511,0,0,0,1,0
807014,7512,0,0,0,1,0
807131,7513,0,0,0,1,0
807228,7514,0,0,0,1,0
807379,7515,0,0,0,1,0
807493,7516,0,0,0,1,0
807596,7517,0,0,0,1,0
807731,7518,0,0,0,1,0
807836,7519,0,0,0,1,0
807972,7520,0,0,0,1,0
808105,7521,0,0,0,1,0
808229,7522,0,0,0,1,0
808321,7523,0,0,0,1,0
808447,7524,0,0,0,1,0
808592,7525,0,0,0,1,0
808727,7526,0,0,0,1,0
808851,7527,0,0,0,1,0
808966,7528,0,0,0,1,0
809055,7529,0,0,0,1,0
809192,7530,0,0,0,1,0
809302,7531,0,0,0,1,0
809405,7532,0,0,0,1,0
809501,7533,0,0,0,1,0
809619,7534,0,0,0,1,0
809724,7535,0,0,0,1,0
809844,7536,0,0,0,1,0
809941,7537,0,0,0,1,0
810046,7538,0,0,0,1,0
810170,7539,0,0,0,1,0
810307,7540,0,0,0,1,0
810427,7541,0,0,0,1,0
810556,7542,0,0,0,1,0
810673,7543,0,0,0,1,0
810780,7544,0,0,0,1,0
810896,7545,0,0,0,1,0
810993,7546,0,0,0,1,0
811098,7547,0,0,0,1,0
811190,7548,0,0,0,1,0
811298,7549,0,0,0,1,0
811437,7550,0,0,0,1,0
811547,7551,0,0,0,1,0
811647,7552,0,0,0,1,0
811790,7553,0,0,0,1,0
811921,7554,0,0,0,1,0
811972,7555,0,0,1,0,0
812063,7556,0,0,0,1,0
812069,7557,1,0,0,0,0
812207,7558,0,0,0,1,0
812309,7559,0,0,0,1,0
812430,7560,0,0,0,1,0
812544,7561,0,0,0,1,0
812683,7562,0,0,0,1,0
812791,7563,0,0,0,1,0
812887,7564,0,0,0,1,0
813006,7565,0,0,0,1,0
813131,7566,0,0,0,1,0
813220,7567,0,0,0,1,0
813348,7568,0,0,0,1,0
813489,7569,0,0,0,1,0
813578,7570,0,0,0,1,0
813621,7571,0,0,1,0,0
813758,7572,0,0,0,1,0
813870,7573,0,0,0,1,0
814021,7574,0,0,0,1,0
814171,7575,0,0,0,1,0
814308,7576,0,0,0,1,0
814402,7577,0,0,0,1,0
814527,7578,0,0,0,1,0
814647,7579,0,0,0,1,0
814744,7580,0,0,0,1,0
814878,7581,0,0,0,1,0
814991,7582,0,0,0,1,0
815115,7583,0,0,0,1,0
815218,7584,0,0,0,1,0
815354,7585,0,0,0,1,0
815455,7586,0,0,0,1,0
815589,7587,0,0,0,1,0
815714,7588,0,0,0,1,0
815822,7589,0,0,0,1,0
815913,7590,0,0,0,1,0
816032,7591,0,0,0,1,0
816147,7592,0,0,0,1,0
816290,7593,0,0,0,1,0
816422,7594,0,0,0,1,0
816552,7595,0,0,0,1,0
816654,7596,0,0,0,1,0
816758,7597,0,0,0,1,0
816864,7598,0,0,0,1,0
816981,7599,0,0,0,1,0
817108,7600,0,0,0,1,0
817197,7601,0,0,0,1,0
817296,7602,0,0,0,1,0
817426,7603,0,0,0,1,0
817519,7604,0,0,0,1,0
817658,7605,0,0,0,1,0
817787,7606,0,0,0,1,0
817918,7607,0,0,0,1,0
818068,7608,0,0,0,1,0
818157,7609,0,0,0,1,0
818256,7610,0,0,0,1,0
818366,7611,0,0,0,1,0
818504,7612,0,0,0,1,0
818634,7613,0,0,0,1,0
818640,7614,1,0,0,0,0
818750,7615,0,0,0,1,0
818885,7616,0,0,0,1,0
819002,7617,0,0,0,1,0
819123,7618,0,0,0,1,0
819198,7619,0,0,1,0,0
819303,7620,0,0,0,1,0
819437,7621,0,0,0,1,0
819554,7622,0,0,0,1,0
819643,7623,0,0,0,1,0
819751,7624,0,0,0,1,0
819841,7625,0,0,0,1,0
819946,7626,0,0,0,1,0
820077,7627,0,0,0,1,0
820227,7628,0,0,0,1,0
820345,7629,0,0,0,1,0
820463,7630,0,0,0,1,0
820552,7631,0,0,0,1,0
820650,7632,0,0,0,1,0
820783,7633,0,0,0,1,0
820929,7634,0,0,0,1,0
821035,7635,0,0,0,1,0
821168,7636,0,0,0,1,0
821306,7637,0,0,0,1,0
821408,7638,0,0,0,1,0
821497,7639,0,0,0,1,0
821609,7640,0,0,0,1,0
821716,7641,0,0,0,1,0
821805,7642,0,0,0,1,0
821916,7643,0,0,0,1,0
821919,7644,1,0,0,0,0
822051,7645,0,0,0,1,0
822148,7646,0,0,0,1,0
822237,7647,0,0,0,1,0
822327,7648,0,0,0,1,0
822459,7649,0,0,0,1,0
822560,7650,0,0,0,1,0
822695,7651,0,0,0,1,0
822788,7652,0,0,0,1,0
822918,7653,0,0,0,1,0
823038,7654,0,0,0,1,0
823152,7655,0,0,0,1,0
823292,7656,0,0,0,1,0
823420,7657,0,0,0,1,0
823562,7658,0,0,0,1,0
823662,7659,0,0,0,1,0
823793,7660,0,0,0,1,0
823897,7661,0,0,0,1,0
824023,7662,0,0,0,1,0
824150,7663,0,0,0,1,0
824239,7664,0,0,0,1,0
824335,7665,0,0,0,1,0
824445,7666,0,0,0,1,0
824562,7667,0,0,0,1,0
824669,7668,0,0,0,1,0
824767,7669,0,0,0,1,0
824825,7670,0,0,1,0,0
824922,7671,0,0,0,1,0
825049,7672,0,0,0,1,0
825171,7673,0,0,0,1,0
825302,7674,0,0,0,1,0
825391,7675,0,0,0,1,0
825518,7676,0,0,0,1,0
825653,7677,0,0,0,1,0
825790,7678,0,0,0,1,0
825884,7679,0,0,0,1,0
825987,7680,0,0,0,1,0
826107,7681,0,0,0,1,0
826149,7682,0,0,1,0,0
826150,7683,0,0,1,0,0
826279,7684,0,0,0,1,0
826401,7685,0,0,0,1,0
826543,7686,0,0,0,1,0
826642,7687,0,0,0,1,0
826767,7688,0,0,0,1,0
826889,7689,0,0,0,1,0
827001,7690,0,0,0,1,0
827133,7691,0,0,0,1,0
827260,7692,0,0,0,1,0
827357,7693,0,0,0,1,0
827495,7694,0,0,0,1,0
827623,7695,0,0,0,1,0
827754,7696,0,0,0,1,0
827882,7697,0,0,0,1,0
827995,7698,0,0,0,1,0
828114,7699,0,0,0,1,0
828121,7700,0,0,1,0,0
828210,7701,0,0,0,1,0
828333,7702,0,0,0,1,0
828428,7703,0,0,0,1,0
828531,7704,0,0,0,1,0
828655,7705,0,0,0,1,0
828750,7706,0,0,0,1,0
828883,7707,0,0,0,1,0
829009,7708,0,0,0,1,0
829112,7709,0,0,0,1,0
829234,7710,0,0,0,1,0
829348,7711,0,0,0,1,0
829476,7712,0,0,0,1,0
829593,7713,0,0,0,1,0
829717,7714,0,0,0,1,0
829837,7715,0,0,0,1,0
829963,7716,0,0,0,1,0
830074,7717,0,0,0,1,0
830174,7718,0,0,0,1,0
830263,7719,0,0,0,1,0
830383,7720,0,0,0,1,0
830491,7721,0,0,0,1,0
830598,7722,0,0,0,1,0
830732,7723,0,0,0,1,0
830873,7724,0,0,0,1,0
830981,7725,0,0,0,1,0
831093,7726,0,0,0,1,0
831206,7727,0,0,0,1,0
831339,7728,0,0,0,1,0
831481,7729,0,0,0,1,0
831597,7730,0,0,0,1,0
831737,7731,0,0,0,1,0
831854,7732,0,0,0,1,0
831985,7733,0,0,0,1,0
832074,7734,0,0,0,1,0
832196,7735,0,0,0,1,0
832309,7736,0,0,0,1,0
832442,7737,0,0,0,1,0
832551,7738,0,0,0,1,0
832701,7739,0,0,0,1,0
832835,7740,0,0,0,1,0
832974,7741,0,0,0,1,0
833096,7742,0,0,0,1,0
833209,7743,0,0,0,1,0
833330,7744,0,0,0,1,0
833425,7745,0,0,0,1,0
833514,7746,0,0,0,1,0
833644,7747,0,0,0,1,0
833750,7748,0,0,0,1,0
833889,7749,0,0,0,1,0
834000,7750,0,0,0,1,0
834089,7751,0,0,0,1,0
834189,7752,0,0,0,1,0
834319,7753,0,0,0,1,0
834460,7754,0,0,0,1,0
834560,7755,0,0,0,1,0
834674,7756,0,0,0,1,0
834772,7757,0,0,0,1,0
834907,7758,0,0,0,1,0
835002,7759,0,0,0,1,0
835115,7760,0,0,0,1,0
835261,7761,0,0,0,1,0
835392,7762,0,0,0,1,0
835536,7763,0,0,0,1,0
835679,7764,0,0,0,1,0
835777,7765,0,0,0,1,0
835873,7766,0,0,0,1,0
835977,7767,0,0,0,1,0
835980,7768,0,0,1,0,0
836114,7769,0,0,0,1,0
836251,7770,0,0,0,1,0
836340,7771,0,0,0,1,0
836459,7772,0,0,0,1,0
836570,7773,0,0,0,1,0
836679,7774,0,0,0,1,0
836822,7775,0,0,0,1,0
836938,7776,0,0,0,1,0
837028,7777,0,0,0,1,0
837157,7778,0,0,0,1,0
837272,7779,0,0,0,1,0
837401,7780,0,0,0,1,0
837521,7781,0,0,0,1,0
837641,7782,0,0,0,1,0
837754,7783,0,0,0,1,0
837861,7784,0,0,0,1,0
837950,7785,0,0,0,1,0
838088,7786,0,0,0,1,0
838217,7787,0,0,0,1,0
838351,7788,0,0,0,1,0
838471,7789,0,0,0,1,0
838585,7790,0,0,0,1,0
838720,7791,0,0,0,1,0
838851,7792,0,0,0,1,0
838955,7793,0,0,0,1,0
839095,7794,0,0,0,1,0
839203,7795,0,0,0,1,0
839308,7796,0,0,0,1,0
839453,7797,0,0,0,1,0
839545,7798,0,0,0,1,0
839636,7799,0,0,0,1,0
839771,7800,0,0,0,1,0
839914,7801,0,0,0,1,0
840010,7802,0,0,0,1,0
840099,7803,0,0,0,1,0
840191,7804,0,0,0,1,0
840295,7805,0,0,0,1,0
840399,7806,0,0,0,1,0
840526,7807,0,0,0,1,0
840616,7808,0,0,0,1,0
840718,7809,0,0,0,1,0
840852,7810,0,0,0,1,0
840941,7811,0,0,0,1,0
841089,7812,0,0,0,1,0
841207,7813,0,0,0,1,0
841307,7814,0,0,0,1,0
841441,7815,0,0,0,1,0
841546,7816,0,0,0,1,0
841649,7817,0,0,0,1,0
841770,7818,0,0,0,1,0
841859,7819,0,0,0,1,0
841973,7820,0,0,0,1,0
842090,7821,0,0,0,1,0
842179,7822,0,0,0,1,0
842280,7823,0,0,0,1,0
842416,7824,0,0,0,1,0
842549,7825,0,0,0,1,0
842679,7826,0,0,0,1,0
842821,7827,0,0,0,1,0
842964,7828,0,0,0,1,0
843092,7829,0,0,0,1,0
843189,7830,0,0,0,1,0
843307,7831,0,0,0,1,0
843415,7832,0,0,0,1,0
843531,7833,0,0,0,1,0
843629,7834,0,0,1,0,0
843742,7835,0,0,0,1,0
843859,7836,0,0,0,1,0
843975,7837,0,0,0,1,0
844114,7838,0,0,0,1,0
844160,7839,0,0,1,0,0
844289,7840,0,0,0,1,0
844386,7841,0,0,0,1,0
844506,7842,0,0,0,1,0
844625,7843,0,0,0,1,0
844763,7844,0,0,0,1,0
844876,7845,0,0,0,1,0
845013,7846,0,0,0,1,0
845148,7847,0,0,0,1,0
845276,7848,0,0,0,1,0
845380,7849,0,0,0,1,0
845486,7850,0,0,0,1,0
845632,7851,0,0,0,1,0
845743,7852,0,0,0,1,0
845854,7853,0,0,0,1,0
845958,7854,0,0,0,1,0
846060,7855,0,0,0,1,0
846190,7856,0,0,0,1,0
846333,7857,0,0,0,1,0
846445,7858,0,0,0,1,0
846546,7859,0,0,0,1,0
846675,7860,0,0,0,1,0
846809,7861,0,0,0,1,0
846917,7862,0,0,0,1,0
847044,7863,0,0,0,1,0
847179,7864,0,0,0,1,0
847181,7865,1,0,0,0,0
847311,7866,0,0,0,1,0
847428,7867,0,0,0,1,0
847563,7868,0,0,0,1,0
847660,7869,0,0,0,1,0
847799,7870,0,0,0,1,0
847930,7871,0,0,0,1,0
848028,7872,0,0,0,1,0
848170,7873,0,0,0,1,0
848307,7874,0,0,0,1,0
848439,7875,0,0,0,1,0
848551,7876,0,0,0,1,0
848656,7877,0,0,0,1,0
848749,7878,0,0,0,1,0
848879,7879,0,0,0,1,0
849028,7880,0,0,0,1,0
849033,7881,1,0,0,0,0
849162,7882,0,0,0,1,0
849292,7883,0,0,0,1,0
849388,7884,0,0,0,1,0
849490,7885,0,0,0,1,0
849616,7886,0,0,0,1,0
849731,7887,0,0,0,1,0
849863,7888,0,0,0,1,0
849990,7889,0,0,0,1,0
850105,7890,0,0,0,1,0
850198,7891,0,0,0,1,0
850298,7892,0,0,0,1,0
850413,7893,0,0,0,1,0
850504,7894,0,0,0,1,0
850626,7895,0,0,0,1,0
850729,7896,0,0,0,1,0
850844,7897,0,0,0,1,0
850979,7898,0,0,0,1,0
851113,7899,0,0,0,1,0
851225,7900,0,0,0,1,0
851366,7901,0,0,0,1,0
851477,7902,0,0,0,1,0
851566,7903,0,0,0,1,0
851669,7904,0,0,0,1,0
851793,7905,0,0,0,1,0
851886,7906,0,0,0,1,0
851992,7907,0,0,0,1,0
852131,7908,0,0,0,1,0
852257,7909,0,0,0,1,0
852380,7910,0,0,0,1,0
852516,7911,0,0,0,1,0
852637,7912,0,0,0,1,0
852774,7913,0,0,0,1,0
852887,7914,0,0,0,1,0
852997,7915,0,0,0,1,0
853130,7916,0,0,0,1,0
853273,7917,0,0,0,1,0
853401,7918,0,0,0,1,0
853490,7919,0,0,0,1,0
853614,7920,0,0,0,1,0
853703,7921,0,0,0,1,0
853830,7922,0,0,0,1,0
853965,7923,0,0,0,1,0
854100,7924,0,0,0,1,0
854231,7925,0,0,0,1,0
854335,7926,0,0,0,1,0
854458,7927,0,0,0,1,0
854584,7928,0,0,0,1,0
854688,7929,0,0,0,1,0
854779,7930,0,0,0,1,0
854884,7931,0,0,0,1,0
854973,7932,0,0,0,1,0
855073,7933,0,0,0,1,0
855207,7934,0,0,0,1,0
855329,7935,0,0,0,1,0
855454,7936,0,0,0,1,0
855571,7937,0,0,0,1,0
855698,7938,0,0,0,1,0
855835,7939,0,0,0,1,0
855924,7940,0,0,0,1,0
856042,7941,0,0,0,1,0
856132,7942,0,0,0,1,0
856270,7943,0,0,0,1,0
856338,7944,0,0,1,0,0
856471,7945,0,0,0,1,0
856607,7946,0,0,0,1,0
856727,7947,0,0,0,1,0
856824,7948,0,0,0,1,0
856952,7949,0,0,0,1,0
857089,7950,0,0,0,1,0
857233,7951,0,0,0,1,0
857342,7952,0,0,0,1,0
857438,7953,0,0,0,1,0
857573,7954,0,0,0,1,0
857662,7955,0,0,0,1,0
857807,7956,0,0,0,1,0
857819,7957,0,0,1,0,0
857949,7958,0,0,0,1,0
858059,7959,0,0,0,1,0
858190,7960,0,0,0,1,0
858316,7961,0,0,0,1,0
858463,7962,0,0,0,1,0
858585,7963,0,0,0,1,0
858695,7964,0,0,0,1,0
858798,7965,0,0,0,1,0
858894,7966,0,0,0,1,0
859001,7967,0,0,0,1,0
859116,7968,0,0,0,1,0
859216,7969,0,0,0,1,0
859347,7970,0,0,0,1,0
859447,7971,0,0,1,0,0
859574,7972,0,0,0,1,0
859686,7973,0,0,0,1,0
859808,7974,0,0,0,1,0
859900,7975,0,0,0,1,0
860012,7976,0,0,0,1,0
860150,7977,0,0,0,1,0
860154,7978,1,0,0,0,0
860288,7979,0,0,0,1,0
860412,7980,0,0,0,1,0
860501,7981,0,0,0,1,0
860604,7982,0,0,0,1,0
860747,7983,0,0,0,1,0
860853,7984,0,0,0,1,0
860992,7985,0,0,0,1,0
861091,7986,0,0,0,1,0
861228,7987,0,0,0,1,0
861365,7988,0,0,0,1,0
861495,7989,0,0,0,1,0
861627,7990,0,0,0,1,0
861770,7991,0,0,0,1,0
861895,7992,0,0,0,1,0
862025,7993,0,0,0,1,0
862142,7994,0,0,0,1,0
862259,7995,0,0,0,1,0
862403,7996,0,0,0,1,0
862546,7997,0,0,0,1,0
862681,7998,0,0,0,1,0
862797,7999,0,0,0,1,0
862893,8000,0,0,0,1,0
862985,8001,0,0,0,1,0
863081,8002,0,0,0,1,0
863208,8003,0,0,0,1,0
863312,8004,0,0,0,1,0
863452,8005,0,0,0,1,0
863582,8006,0,0,0,1,0
863583,8007,0,0,1,0,0
863688,8008,0,0,0,1,0
863799,8009,0,0,0,1,0
863920,8010,0,0,0,1,0
864055,8011,0,0,0,1,0
864171,8012,0,0,0,1,0
864263,8013,0,0,0,1,0
864377,8014,0,0,0,1,0
864484,8015,0,0,0,1,0
864489,8016,1,0,0,0,0
864591,8017,0,0,0,1,0
864717,8018,0,0,0,1,0
864836,8019,0,0,0,1,0
864983,8020,0,0,0,1,0
865104,8021,0,0,0,1,0
865198,8022,0,0,0,1,0
865300,8023,0,0,0,1,0
865389,8024,0,0,0,1,0
865525,8025,0,0,0,1,0
865648,8026,0,0,0,1,0
865784,8027,0,0,0,1,0
865893,8028,0,0,0,1,0
865989,8029,0,0,0,1,0
866116,8030,0,0,0,1,0
866239,8031,0,0,0,1,0
866364,8032,0,0,0,1,0
866481,8033,0,0,0,1,0
866604,8034,0,0,0,1,0
866719,8035,0,0,0,1,0
866838,8036,0,0,0,1,0
866955,8037,0,0,0,1,0
867060,8038,0,0,0,1,0
867159,8039,0,0,0,1,0
867300,8040,0,0,0,1,0
867424,8041,0,0,0,1,0
867538,8042,0,0,0,1,0
867672,8043,0,0,0,1,0
867789,8044,0,0,0,1,0
867899,8045,0,0,0,1,0
868033,8046,0,0,0,1,0
868175,8047,0,0,0,1,0
868305,8048,0,0,0,1,0
868391,8049,0,0,0,1,0
868509,8050,0,0,0,1,0
868660,8051,0,0,0,1,0
868784,8052,0,0,0,1,0
868925,8053,0,0,0,1,0
869039,8054,0,0,0,1,0
869173,8055,0,0,0,1,0
869280,8056,0,0,0,1,0
869419,8057,0,0,0,1,0
869536,8058,0,0,0,1,0
869637,8059,0,0,0,1,0
869745,8060,0,0,0,1,0
869863,8061,0,0,0,1,0
869962,8062,0,0,0,1,0
870100,8063,0,0,0,1,0
870238,8064,0,0,0,1,0
870338,8065,0,0,0,1,0
870441,8066,0,0,0,1,0
870549,8067,0,0,0,1,0
870638,8068,0,0,0,1,0
870763,8069,0,0,0,1,0
870860,8070,0,0,0,1,0
870985,8071,0,0,0,1,0
871101,8072,0,0,0,1,0
871209,8073,0,0,0,1,0
871309,8074,0,0,0,1,0
871441,8075,0,0,0,1,0
871536,8076,0,0,0,1,0
871625,8077,0,0,0,1,0
871745,8078,0,0,0,1,0
871869,8079,0,0,0,1,0
872006,8080,0,0,0,1,0
872130,8081,0,0,0,1,0
872265,8082,0,0,0,1,0
872395,8083,0,0,0,1,0
872525,8084,0,0,0,1,0
872653,8085,0,0,0,1,0
872765,8086,0,0,0,1,0
872906,8087,0,0,0,1,0
873019,8088,0,0,0,1,0
873145,8089,0,0,0,1,0
873274,8090,0,0,0,1,0
873409,8091,0,0,0,1,0
873506,8092,0,0,0,1,0
873597,8093,0,0,0,1,0
873701,8094,0,0,0,1,0
873840,8095,0,0,0,1,0
873939,8096,0,0,0,1,0
874052,8097,0,0,0,1,0
874148,8098,0,0,0,1,0
874254,8099,0,0,0,1,0
874402,8100,0,0,0,1,0
874433,8101,0,0,1,0,0
874558,8102,0,0,0,1,0
874658,8103,0,0,0,1,0
874796,8104,0,0,0,1,0
874905,8105,0,0,0,1,0
874994,8106,0,0,0,1,0
875107,8107,0,0,0,1,0
875246,8108,0,0,0,1,0
875374,8109,0,0,0,1,0
875463,8110,0,0,0,1,0
875564,8111,0,0,0,1,0
875613,8112,0,0,1,0,0
875736,8113,0,0,0,1,0
875855,8114,0,0,0,1,0
875989,8115,0,0,0,1,0
876126,8116,0,0,0,1,0
876226,8117,0,0,0,1,0
876316,8118,0,0,0,1,0
876413,8119,0,0,0,1,0
876514,8120,0,0,0,1,0
876620,8121,0,0,0,1,0
876744,8122,0,0,0,1,0
876851,8123,0,0,0,1,0
876974,8124,0,0,0,1,0
877076,8125,0,0,0,1,0
877187,8126,0,0,0,1,0
877319,8127,0,0,0,1,0
877432,8128,0,0,0,1,0
877561,8129,0,0,0,1,0
877669,8130,0,0,0,1,0
877801,8131,0,0,0,1,0
877904,8132,0,0,0,1,0
878046,8133,0,0,0,1,0
878175,8134,0,0,0,1,0
878316,8135,0,0,0,1,0
878459,8136,0,0,0,1,0
878598,8137,0,0,0,1,0
878710,8138,0,0,0,1,0
878823,8139,0,0,0,1,0
878955,8140,0,0,0,1,0
879088,8141,0,0,0,1,0
879188,8142,0,0,0,1,0
879336,8143,0,0,0,1,0
879425,8144,0,0,0,1,0
879542,8145,0,0,0,1,0
879631,8146,0,0,0,1,0
879748,8147,0,0,0,1,0
879888,8148,0,0,0,1,0
879986,8149,0,0,0,1,0
880122,8150,0,0,0,1,0
880131,8151,0,0,1,0,0
880276,8152,0,0,0,1,0
880400,8153,0,0,0,1,0
880528,8154,0,0,0,1,0
880645,8155,0,0,0,1,0
880756,8156,0,0,0,1,0
880759,8157,0,0,1,0,0
880848,8158,0,0,0,1,0
880983,8159,0,0,0,1,0
881112,8160,0,0,0,1,0
881260,8161,0,0,0,1,0
881370,8162,0,0,0,1,0
881374,8163,0,0,1,0,0
881520,8164,0,0,0,1,0
881628,8165,0,0,0,1,0
881726,8166,0,0,0,1,0
881855,8167,0,0,0,1,0
881960,8168,0,0,0,1,0
882074,8169,0,0,0,1,0
882115,8170,0,0,1,0,0
882241,8171,0,0,0,1,0
882339,8172,0,0,0,1,0
882443,8173,0,0,0,1,0
882570,8174,0,0,0,1,0
882700,8175,0,0,0,1,0
882824,8176,0,0,0,1,0
882956,8177,0,0,0,1,0
883059,8178,0,0,0,1,0
883149,8179,0,0,0,1,0
883257,8180,0,0,0,1,0
883373,8181,0,0,0,1,0
883482,8182,0,0,0,1,0
883620,8183,0,0,0,1,0
883750,8184,0,0,0,1,0
883867,8185,0,0,0,1,0
883988,8186,0,0,0,1,0
884103,8187,0,0,0,1,0
884219,8188,0,0,0,1,0
884359,8189,0,0,0,1,0
884458,8190,0,0,0,1,0
884569,8191,0,0,0,1,0
884702,8192,0,0,0,1,0
884830,8193,0,0,0,1,0
884956,8194,0,0,0,1,0
885089,8195,0,0,0,1,0
885217,8196,0,0,0,1,0
885306,8197,0,0,0,1,0
885405,8198,0,0,0,1,0
885509,8199,0,0,0,1,0
885612,8200,0,0,0,1,0
885744,8201,0,0,0,1,0
885849,8202,0,0,0,1,0
885962,8203,0,0,0,1,0
886065,8204,0,0,0,1,0
886181,8205,0,0,0,1,0
886294,8206,0,0,0,1,0
886427,8207,0,0,0,1,0
886523,8208,0,0,0,1,0
886638,8209,0,0,0,1,0
886763,8210,0,0,0,1,0
886858,8211,0,0,0,1,0
886999,8212,0,0,0,1,0
887115,8213,0,0,0,1,0
887216,8214,0,0,0,1,0
887305,8215,0,0,0,1,0
887419,8216,0,0,0,1,0
887536,8217,0,0,0,1,0
887635,8218,0,0,0,1,0
887748,8219,0,0,0,1,0
887865,8220,0,0,0,1,0
887982,8221,0,0,0,1,0
888095,8222,0,0,0,1,0
888211,8223,0,0,0,1,0
888341,8224,0,0,0,1,0
888481,8225,0,0,0,1,0
888585,8226,0,0,0,1,0
888694,8227,0,0,0,1,0
888828,8228,0,0,0,1,0
888960,8229,0,0,0,1,0
889077,8230,0,0,0,1,0
889178,8231,0,0,0,1,0
889295,8232,0,0,0,1,0
889397,8233,0,0,0,1,0
889534,8234,0,0,0,1,0
889666,8235,0,0,0,1,0
889789,8236,0,0,0,1,0
889915,8237,0,0,0,1,0
890005,8238,0,0,0,1,0
890094,8239,0,0,0,1,0
890188,8240,0,0,0,1,0
890308,8241,0,0,1,0,0
890454,8242,0,0,0,1,0
890584,8243,0,0,0,1,0
890691,8244,0,0,0,1,0
890825,8245,0,0,0,1,0
890950,8246,0,0,0,1,0
891090,8247,0,0,0,1,0
891198,8248,0,0,0,1,0
891287,8249,0,0,0,1,0
891418,8250,0,0,0,1,0
891530,8251,0,0,0,1,0
891653,8252,0,0,0,1,0
891789,8253,0,0,0,1,0
891881,8254,0,0,0,1,0
891970,8255,0,0,0,1,0
892082,8256,0,0,0,1,0
892175,8257,0,0,0,1,0
892310,8258,0,0,0,1,0
892451,8259,0,0,0,1,0
892576,8260,0,0,0,1,0
892676,8261,0,0,0,1,0
892796,8262,0,0,0,1,0
892933,8263,0,0,0,1,0
893022,8264,0,0,0,1,0
893138,8265,0,0,0,1,0
893262,8266,0,0,0,1,0
893393,8267,0,0,0,1,0
893521,8268,0,0,0,1,0
893615,8269,0,0,0,1,0
893717,8270,0,0,0,1,0
893853,8271,0,0,0,1,0
893976,8272,0,0,0,1,0
894087,8273,0,0,0,1,0
894211,8274,0,0,0,1,0
894301,8275,0,0,0,1,0
894392,8276,0,0,0,1,0
894524,8277,0,0,0,1,0
894633,8278,0,0,0,1,0
894737,8279,0,0,0,1,0
894866,8280,0,0,0,1,0
894955,8281,0,0,0,1,0
895065,8282,0,0,0,1,0
895165,8283,0,0,0,1,0
895264,8284,0,0,0,1,0
895387,8285,0,0,0,1,0
895493,8286,0,0,0,1,0
895643,8287,0,0,0,1,0
895773,8288,0,0,0,1,0
895922,8289,0,0,0,1,0
896050,8290,0,0,0,1,0
896148,8291,0,0,0,1,0
896272,8292,0,0,0,1,0
896379,8293,0,0,0,1,0
896514,8294,0,0,0,1,0
896633,8295,0,0,0,1,0
896784,8296,0,0,0,1,0
896916,8297,0,0,0,1,0
897032,8298,0,0,0,1,0
897166,8299,0,0,0,1,0
897295,8300,0,0,0,1,0
897397,8301,0,0,0,1,0
897495,8302,0,0,0,1,0
897611,8303,0,0,0,1,0
897752,8304,0,0,0,1,0
897858,8305,0,0,0,1,0
897986,8306,0,0,0,1,0
898116,8307,0,0,0,1,0
898219,8308,0,0,0,1,0
898309,8309,0,0,0,1,0
898423,8310,0,0,0,1,0
898553,8311,0,0,0,1,0
898683,8312,0,0,0,1,0
898801,8313,0,0,0,1,0
898921,8314,0,0,0,1,0
899010,8315,0,0,0,1,0
899128,8316,0,0,0,1,0
899258,8317,0,0,0,1,0
899284,8318,0,0,1,0,0
899387,8319,0,0,0,1,0
899508,8320,0,0,0,1,0
899653,8321,0,0,0,1,0
899788,8322,0,0,0,1,0
899909,8323,0,0,0,1,0
900044,8324,0,0,0,1,0
900158,8325,0,0,0,1,0
900270,8326,0,0,0,1,0
900417,8327,0,0,0,1,0
900523,8328,0,0,0,1,0
900620,8329,0,0,0,1,0
900642,8330,0,0,1,0,0
900789,8331,0,0,0,1,0
900915,8332,0,0,0,1,0
901025,8333,0,0,0,1,0
901141,8334,0,0,0,1,0
901245,8335,0,0,0,1,0
901350,8336,0,0,0,1,0
901470,8337,0,0,0,1,0
901595,8338,0,0,0,1,0
901734,8339,0,0,0,1,0
901844,8340,0,0,0,1,0
901968,8341,0,0,0,1,0
902112,8342,0,0,0,1,0
902226,8343,0,0,0,1,0
902365,8344,0,0,0,1,0
902459,8345,0,0,0,1,0
902580,8346,0,0,0,1,0
902680,8347,0,0,0,1,0
902804,8348,0,0,0,1,0
902935,8349,0,0,0,1,0
903074,8350,0,0,0,1,0
903196,8351,0,0,0,1,0
903340,8352,0,0,0,1,0
903440,8353,0,0,0,1,0
903547,8354,0,0,0,1,0
903642,8355,0,0,0,1,0
903763,8356,0,0,0,1,0
903853,8357,0,0,0,1,0
903997,8358,0,0,0,1,0
904123,8359,0,0,0,1,0
904255,8360,0,0,0,1,0
904369,8361,0,0,0,1,0
904483,8362,0,0,0,1,0
904629,8363,0,0,0,1,0
904729,8364,0,0,0,1,0
904844,8365,0,0,0,1,0
904968,8366,0,0,0,1,0
905103,8367,0,0,0,1,0
905199,8368,0,0,0,1,0
905325,8369,0,0,0,1,0
905445,8370,0,0,0,1,0
905579,8371,0,0,0,1,0
905706,8372,0,0,0,1,0
905817,8373,0,0,0,1,0
905944,8374,0,0,0,1,0
906071,8375,0,0,0,1,0
906123,8376,0,0,1,0,0
906238,8377,0,0,0,1,0
906369,8378,0,0,0,1,0
906459,8379,0,0,0,1,0
906548,8380,0,0,0,1,0
906662,8381,0,0,0,1,0
906782,8382,0,0,0,1,0
906917,8383,0,0,0,1,0
907037,8384,0,0,0,1,0
907148,8385,0,0,0,1,0
907250,8386,0,0,0,1,0
907346,8387,0,0,0,1,0
907445,8388,0,0,0,1,0
907566,8389,0,0,0,1,0
907663,8390,0,0,0,1,0
907802,8391,0,0,0,1,0
907931,8392,0,0,0,1,0
908048,8393,0,0,0,1,0
908164,8394,0,0,0,1,0
908280,8395,0,0,0,1,0
908371,8396,0,0,0,1,0
908485,8397,0,0,0,1,0
908609,8398,0,0,0,1,0
908727,8399,0,0,0,1,0
908838,8400,0,0,0,1,0
908961,8401,0,0,0,1,0
909084,8402,0,0,0,1,0
909173,8403,0,0,0,1,0
909285,8404,0,0,0,1,0
909392,8405,0,0,0,1,0
909517,8406,0,0,0,1,0
909626,8407,0,0,0,1,0
909747,8408,0,0,0,1,0
909843,8409,0,0,0,1,0
909954,8410,0,0,0,1,0
910076,8411,0,0,0,1,0
910215,8412,0,0,0,1,0
910314,8413,0,0,0,1,0
910403,8414,0,0,0,1,0
910529,8415,0,0,0,1,0
910618,8416,0,0,0,1,0
910736,8417,0,0,0,1,0
910858,8418,0,0,0,1,0
910980,8419,0,0,0,1,0
911089,8420,0,0,0,1,0
911220,8421,0,0,0,1,0
911349,8422,0,0,0,1,0
911469,8423,0,0,0,1,0
911587,8424,0,0,0,1,0
911693,8425,0,0,0,1,0
911782,8426,0,0,0,1,0
911915,8427,0,0,0,1,0
912012,8428,0,0,0,1,0
912131,8429,0,0,0,1,0
912240,8430,0,0,0,1,0
912339,8431,0,0,0,1,0
912483,8432,0,0,0,1,0
912597,8433,0,0,0,1,0
912706,8434,0,0,0,1,0
912842,8435,0,0,0,1,0
912966,8436,0,0,0,1,0
913078,8437,0,0,0,1,0
913191,8438,0,0,0,1,0
913313,8439,0,0,0,1,0
913445,8440,0,0,0,1,0
913574,8441,0,0,0,1,0
913707,8442,0,0,0,1,0
913856,8443,0,0,0,1,0
913998,8444,0,0,0,1,0
914111,8445,0,0,0,1,0
914223,8446,0,0,0,1,0
914264,8447,0,0,1,0,0
914353,8448,0,0,0,1,0
914483,8449,0,0,0,1,0
914595,8450,0,0,0,1,0
914730,8451,0,0,0,1,0
914857,8452,0,0,0,1,0
914964,8453,0,0,0,1,0
915067,8454,0,0,0,1,0
915189,8455,0,0,0,1,0
915312,8456,0,0,0,1,0
915431,8457,0,0,0,1,0
915522,8458,0,0,0,1,0
915638,8459,0,0,0,1,0
915754,8460,0,0,0,1,0
915866,8461,0,0,0,1,0
915986,8462,0,0,0,1,0
916112,8463,0,0,0,1,0
916233,8464,0,0,0,1,0
916347,8465,0,0,0,1,0
916481,8466,0,0,0,1,0
916585,8467,0,0,0,1,0
916714,8468,0,0,0,1,0
916847,8469,0,0,0,1,0
916957,8470,0,0,0,1,0
917102,8471,0,0,0,1,0
917230,8472,0,0,0,1,0
917335,8473,0,0,0,1,0
917469,8474,0,0,0,1,0
917572,8475,0,0,0,1,0
917714,8476,0,0,0,1,0
917853,8477,0,0,0,1,0
917962,8478,0,0,0,1,0
918094,8479,0,0,0,1,0
918191,8480,0,0,0,1,0
918313,8481,0,0,0,1,0
918446,8482,0,0,0,1,0
918549,8483,0,0,0,1,0
918641,8484,0,0,0,1,0
918777,8485,0,0,0,1,0
918891,8486,0,0,0,1,0
919037,8487,0,0,0,1,0
919163,8488,0,0,0,1,0
919293,8489,0,0,0,1,0
919431,8490,0,0,0,1,0
919541,8491,0,0,0,1,0
919665,8492,0,0,0,1,0
919773,8493,0,0,0,1,0
919891,8494,0,0,0,1,0
920014,8495,0,0,0,1,0
920123,8496,0,0,0,1,0
920215,8497,0,0,0,1,0
920340,8498,0,0,0,1,0
920447,8499,0,0,0,1,0
920545,8500,0,0,0,1,0
920657,8501,0,0,0,1,0
920780,8502,0,0,0,1,0
920880,8503,0,0,0,1,0
920984,8504,0,0,0,1,0
921095,8505,0,0,0,1,0
921207,8506,0,0,0,1,0
921304,8507,0,0,0,1,0
921405,8508,0,0,0,1,0
921503,8509,0,0,0,1,0
921600,8510,0,0,0,1,0
921707,8511,0,0,0,1,0
921797,8512,0,0,0,1,0
921887,8513,0,0,0,1,0
922037,8514,0,0,0,1,0
922137,8515,0,0,0,1,0
922245,8516,0,0,0,1,0
922346,8517,0,0,0,1,0
922479,8518,0,0,0,1,0
922588,8519,0,0,0,1,0
922687,8520,0,0,0,1,0
922813,8521,0,0,0,1,0
922938,8522,0,0,0,1,0
923025,8523,0,0,0,1,0
923145,8524,0,0,0,1,0
923250,8525,0,0,0,1,0
923373,8526,0,0,0,1,0
923498,8527,0,0,0,1,0
923622,8528,0,0,0,1,0
923757,8529,0,0,0,1,0
923871,8530,0,0,0,1,0
923962,8531,0,0,0,1,0
924051,8532,0,0,0,1,0
924161,8533,0,0,0,1,0
924299,8534,0,0,0,1,0
924442,8535,0,0,0,1,0
924548,8536,0,0,0,1,0
924656,8537,0,0,0,1,0
924772,8538,0,0,0,1,0
924918,8539,0,0,0,1,0
925031,8540,0,0,0,1,0
925136,8541,0,0,0,1,0
925263,8542,0,0,0,1,0
925387,8543,0,0,0,1,0
925534,8544,0,0,0,1,0
925637,8545,0,0,0,1,0
925744,8546,0,0,0,1,0
925867,8547,0,0,0,1,0
926000,8548,0,0,0,1,0
926131,8549,0,0,0,1,0
926262,8550,0,0,0,1,0
926399,8551,0,0,0,1,0
926532,8552,0,0,0,1,0
926650,8553,0,0,0,1,0
926783,8554,0,0,0,1,0
926903,8555,0,0,0,1,0
927049,8556,0,0,0,1,0
927186,8557,0,0,0,1,0
927320,8558,0,0,0,1,0
927422,8559,0,0,0,1,0
927526,8560,0,0,0,1,0
927643,8561,0,0,0,1,0
927769,8562,0,0,0,1,0
927900,8563,0,0,0,1,0
928017,8564,0,0,0,1,0
928134,8565,0,0,0,1,0
928244,8566,0,0,0,1,0
928356,8567,0,0,0,1,0
928473,8568,0,0,0,1,0
928567,8569,0,0,0,1,0
928670,8570,0,0,0,1,0
928768,8571,0,0,0,1,0
928866,8572,0,0,0,1,0
928988,8573,0,0,0,1,0
929132,8574,0,0,0,1,0
929266,8575,0,0,0,1,0
929395,8576,0,0,0,1,0
929499,8577,0,0,0,1,0
929607,8578,0,0,0,1,0
929697,8579,0,0,0,1,0
929811,8580,0,0,0,1,0
929814,8581,1,0,0,0,0
929954,8582,0,0,0,1,0
930057,8583,0,0,0,1,0
930199,8584,0,0,0,1,0
930336,8585,0,0,0,1,0
930451,8586,0,0,0,1,0
930548,8587,0,0,0,1,0
930655,8588,0,0,0,1,0
930779,8589,0,0,0,1,0
930873,8590,0,0,0,1,0
930978,8591,0,0,0,1,0
931109,8592,0,0,0,1,0
931251,8593,0,0,0,1,0
931354,8594,0,0,0,1,0
931480,8595,0,0,0,1,0
931617,8596,0,0,0,1,0
931740,8597,0,0,0,1,0
931849,8598,0,0,0,1,0
931995,8599,0,0,0,1,0
932113,8600,0,0,0,1,0
932245,8601,0,0,0,1,0
932358,8602,0,0,0,1,0
932457,8603,0,0,0,1,0
932574,8604,0,0,0,1,0
932617,8605,0,0,1,0,0
932758,8606,0,0,0,1,0
932850,8607,0,0,0,1,0
932986,8608,0,0,0,1,0
933117,8609,0,0,0,1,0
933222,8610,0,0,0,1,0
933344,8611,0,0,0,1,0
933467,8612,0,0,0,1,0
933584,8613,0,0,0,1,0
933734,8614,0,0,0,1,0
933823,8615,0,0,0,1,0
933918,8616,0,0,0,1,0
934015,8617,0,0,0,1,0
934117,8618,0,0,0,1,0
934259,8619,0,0,0,1,0
934363,8620,0,0,0,1,0
934473,8621,0,0,0,1,0
934562,8622,0,0,0,1,0
934693,8623,0,0,0,1,0
934802,8624,0,0,0,1,0
934934,8625,0,0,0,1,0
934937,8626,0,0,1,0,0
935033,8627,0,0,0,1,0
935130,8628,0,0,0,1,0
935234,8629,0,0,0,1,0
935341,8630,0,0,0,1,0
935345,8631,0,0,1,0,0
935465,8632,0,0,0,1,0
935601,8633,0,0,0,1,0
935718,8634,0,0,0,1,0
935825,8635,0,0,0,1,0
935952,8636,0,0,0,1,0
936082,8637,0,0,0,1,0
936196,8638,0,0,0,1,0
936325,8639,0,0,0,1,0
936447,8640,0,0,0,1,0
936577,8641,0,0,0,1,0
936679,8642,0,0,0,1,0
936825,8643,0,0,0,1,0
936969,8644,0,0,0,1,0
937086,8645,0,0,0,1,0
937189,8646,0,0,0,1,0
937296,8647,0,0,0,1,0
937444,8648,0,0,0,1,0
937548,8649,0,0,0,1,0
937669,8650,0,0,0,1,0
937778,8651,0,0,0,1,0
937908,8652,0,0,0,1,0
938050,8653,0,0,0,1,0
938180,8654,0,0,0,1,0
938289,8655,0,0,0,1,0
938411,8656,0,0,0,1,0
938541,8657,0,0,0,1,0
938671,8658,0,0,0,1,0
938785,8659,0,0,0,1,0
938907,8660,0,0,0,1,0
939027,8661,0,0,0,1,0
939161,8662,0,0,0,1,0
939269,8663,0,0,0,1,0
939363,8664,0,0,0,1,0
939496,8665,0,0,0,1,0
939610,8666,0,0,0,1,0
939719,8667,0,0,0,1,0
939812,8668,0,0,0,1,0
939907,8669,0,0,0,1,0
940021,8670,0,0,0,1,0
940160,8671,0,0,0,1,0
940298,8672,0,0,0,1,0
940427,8673,0,0,0,1,0
940570,8674,0,0,0,1,0
940675,8675,0,0,0,1,0
940809,8676,0,0,0,1,0
940915,8677,0,0,0,1,0
941050,8678,0,0,0,1,0
941196,8679,0,0,0,1,0
941332,8680,0,0,0,1,0
941452,8681,0,0,0,1,0
941558,8682,0,0,0,1,0
941662,8683,0,0,0,1,0
941774,8684,0,0,0,1,0
941882,8685,0,0,0,1,0
942019,8686,0,0,0,1,0
942131,8687,0,0,0,1,0
942241,8688,0,0,0,1,0
942347,8689,0,0,0,1,0
942498,8690,0,0,0,1,0
942587,8691,0,0,0,1,0
942679,8692,0,0,0,1,0
942799,8693,0,0,0,1,0
942900,8694,0,0,0,1,0
943034,8695,0,0,0,1,0
943123,8696,0,0,0,1,0
943244,8697,0,0,0,1,0
943368,8698,0,0,0,1,0
943496,8699,0,0,0,1,0
943634,8700,0,0,0,1,0
943732,8701,0,0,0,1,0
943839,8702,0,0,0,1,0
943846,8703,0,0,1,0,0
943943,8704,0,0,0,1,0
944059,8705,0,0,0,1,0
944199,8706,0,0,0,1,0
944297,8707,0,0,0,1,0
944413,8708,0,0,0,1,0
944518,8709,0,0,0,1,0
944611,8710,0,0,0,1,0
944729,8711,0,0,0,1,0
944847,8712,0,0,0,1,0
944967,8713,0,0,0,1,0
945091,8714,0,0,0,1,0
945234,8715,0,0,0,1,0
945372,8716,0,0,0,1,0
945501,8717,0,0,0,1,0
945624,8718,0,0,0,1,0
945763,8719,0,0,0,1,0
945906,8720,0,0,0,1,0
946010,8721,0,0,0,1,0
946150,8722,0,0,0,1,0
946242,8723,0,0,0,1,0
946370,8724,0,0,0,1,0
946503,8725,0,0,0,1,0
946635,8726,0,0,0,1,0
946736,8727,0,0,0,1,0
946837,8728,0,0,0,1,0
946975,8729,0,0,0,1,0
947087,8730,0,0,0,1,0
947205,8731,0,0,0,1,0
947320,8732,0,0,0,1,0
947415,8733,0,0,0,1,0
947558,8734,0,0,0,1,0
947653,8735,0,0,0,1,0
947754,8736,0,0,0,1,0
947893,8737,0,0,0,1,0
948036,8738,0,0,0,1,0
948145,8739,0,0,0,1,0
948236,8740,0,0,0,1,0
948369,8741,0,0,0,1,0
948466,8742,0,0,0,1,0
948605,8743,0,0,0,1,0
948715,8744,0,0,0,1,0
948859,8745,0,0,0,1,0
948969,8746,0,0,0,1,0
949059,8747,0,0,0,1,0
949150,8748,0,0,0,1,0
949263,8749,0,0,0,1,0
949392,8750,0,0,0,1,0
949525,8751,0,0,0,1,0
949636,8752,0,0,0,1,0
949763,8753,0,0,0,1,0
949880,8754,0,0,0,1,0
949969,8755,0,0,0,1,0
950107,8756,0,0,0,1,0
950218,8757,0,0,0,1,0
950327,8758,0,0,0,1,0
950467,8759,0,0,0,1,0
950604,8760,0,0,0,1,0
950736,8761,0,0,0,1,0
950835,8762,0,0,0,1,0
950967,8763,0,0,0,1,0
951077,8764,0,0,0,1,0
951203,8765,0,0,0,1,0
951245,8766,0,0,1,0,0
951248,8767,0,0,1,0,0
951379,8768,0,0,0,1,0
951497,8769,0,0,0,1,0
951628,8770,0,0,0,1,0
951720,8771,0,0,0,1,0
951862,8772,0,0,0,1,0
951987,8773,0,0,0,1,0
952103,8774,0,0,0,1,0
952223,8775,0,0,0,1,0
952315,8776,0,0,0,1,0
952431,8777,0,0,0,1,0
952555,8778,0,0,0,1,0
952661,8779,0,0,0,1,0
952769,8780,0,0,0,1,0
952875,8781,0,0,0,1,0
953012,8782,0,0,0,1,0
953123,8783,0,0,0,1,0
953273,8784,0,0,0,1,0
953374,8785,0,0,0,1,0
953480,8786,0,0,0,1,0
953574,8787,0,0,0,1,0
953680,8788,0,0,0,1,0
953787,8789,0,0,0,1,0
953881,8790,0,0,0,1,0
954007,8791,0,0,0,1,0
954120,8792,0,0,0,1,0
954222,8793,0,0,0,1,0
954347,8794,0,0,0,1,0
954465,8795,0,0,0,1,0
954596,8796,0,0,0,1,0
954706,8797,0,0,0,1,0
954814,8798,0,0,0,1,0
954910,8799,0,0,0,1,0
955005,8800,0,0,0,1,0
955139,8801,0,0,0,1,0
955272,8802,0,0,0,1,0
955365,8803,0,0,0,1,0
955475,8804,0,0,0,1,0
955579,8805,0,0,0,1,0
955671,8806,0,0,0,1,0
955781,8807,0,0,0,1,0
955912,8808,0,0,0,1,0
956037,8809,0,0,0,1,0
956126,8810,0,0,0,1,0
956228,8811,0,0,0,1,0
956341,8812,0,0,0,1,0
956454,8813,0,0,0,1,0
956588,8814,0,0,0,1,0
956716,8815,0,0,0,1,0
956817,8816,0,0,0,1,0
956935,8817,0,0,0,1,0
957062,8818,0,0,0,1,0
957173,8819,0,0,0,1,0
957317,8820,0,0,0,1,0
957429,8821,0,0,0,1,0
957556,8822,0,0,0,1,0
957701,8823,0,0,0,1,0
957809,8824,0,0,0,1,0
957913,8825,0,0,0,1,0
958045,8826,0,0,0,1,0
958159,8827,0,0,0,1,0
958276,8828,0,0,0,1,0
958375,8829,0,0,1,0,0
958488,8830,0,0,0,1,0
958584,8831,0,0,0,1,0
958673,8832,0,0,0,1,0
958791,8833,0,0,0,1,0
958901,8834,0,0,0,1,0
958997,8835,0,0,0,1,0
959114,8836,0,0,0,1,0
959234,8837,0,0,0,1,0
959374,8838,0,0,0,1,0
959471,8839,0,0,0,1,0
959603,8840,0,0,0,1,0
959742,8841,0,0,0,1,0
959855,8842,0,0,0,1,0
959955,8843,0,0,0,1,0
960081,8844,0,0,0,1,0
960214,8845,0,0,0,1,0
960316,8846,0,0,0,1,0
960410,8847,0,0,0,1,0
960538,8848,0,0,0,1,0
960655,8849,0,0,0,1,0
960791,8850,0,0,0,1,0
960899,8851,0,0,0,1,0
961029,8852,0,0,0,1,0
961168,8853,0,0,0,1,0
961294,8854,0,0,0,1,0
961438,8855,0,0,0,1,0
961564,8856,0,0,0,1,0
961677,8857,0,0,0,1,0
961776,8858,0,0,0,1,0
961891,8859,0,0,0,1,0
962035,8860,0,0,0,1,0
962154,8861,0,0,0,1,0
962292,8862,0,0,0,1,0
962383,8863,0,0,0,1,0
962472,8864,0,0,0,1,0
962616,8865,0,0,0,1,0
962750,8866,0,0,0,1,0
962891,8867,0,0,0,1,0
963024,8868,0,0,0,1,0
963164,8869,0,0,0,1,0
963271,8870,0,0,0,1,0
963377,8871,0,0,0,1,0
963485,8872,0,0,0,1,0
963591,8873,0,0,0,1,0
963665,8874,0,0,1,0,0
963666,8875,1,0,0,0,0
963756,8876,0,0,0,1,0
963879,8877,0,0,0,1,0
963968,8878,0,0,0,1,0
964098,8879,0,0,0,1,0
964193,8880,0,0,0,1,0
964282,8881,0,0,0,1,0
964398,8882,0,0,0,1,0
964527,8883,0,0,0,1,0
964673,8884,0,0,0,1,0
964777,8885,0,0,0,1,0
964915,8886,0,0,0,1,0
965047,8887,0,0,0,1,0
965187,8888,0,0,0,1,0
965338,8889,0,0,0,1,0
965450,8890,0,0,0,1,0
965593,8891,0,0,0,1,0
965717,8892,0,0,0,1,0
965845,8893,0,0,0,1,0
965981,8894,0,0,0,1,0
965982,8895,1,0,0,0,0
966128,8896,0,0,0,1,0
966218,8897,0,0,0,1,0
966328,8898,0,0,0,1,0
966448,8899,0,0,0,1,0
966557,8900,0,0,0,1,0
966646,8901,0,0,0,1,0
966791,8902,0,0,0,1,0
966931,8903,0,0,0,1,0
967068,8904,0,0,0,1,0
967201,8905,0,0,0,1,0
967338,8906,0,0,0,1,0
967471,8907,0,0,0,1,0
967597,8908,0,0,0,1,0
967732,8909,0,0,0,1,0
967863,8910,0,0,0,1,0
968003,8911,0,0,0,1,0
968123,8912,0,0,0,1,0
968262,8913,0,0,0,1,0
968397,8914,0,0,0,1,0
968495,8915,0,0,0,1,0
968612,8916,0,0,0,1,0
968730,8917,0,0,0,1,0
968838,8918,0,0,0,1,0
968956,8919,0,0,0,1,0
969085,8920,0,0,0,1,0
969201,8921,0,0,0,1,0
969332,8922,0,0,0,1,0
969475,8923,0,0,0,1,0
969564,8924,0,0,0,1,0
969660,8925,0,0,1,0,0
969755,8926,0,0,0,1,0
969885,8927,0,0,0,1,0
970005,8928,0,0,0,1,0
970110,8929,0,0,0,1,0
970243,8930,0,0,0,1,0
970367,8931,0,0,0,1,0
970478,8932,0,0,0,1,0
970614,8933,0,0,0,1,0
970725,8934,0,0,0,1,0
970858,8935,0,0,0,1,0
970966,8936,0,0,0,1,0
971080,8937,0,0,0,1,0
971172,8938,0,0,0,1,0
971291,8939,0,0,0,1,0
971394,8940,0,0,0,1,0
971486,8941,0,0,0,1,0
971599,8942,0,0,0,1,0
971688,8943,0,0,0,1,0
971790,8944,0,0,0,1,0
971907,8945,0,0,0,1,0
972049,8946,0,0,0,1,0
972187,8947,0,0,0,1,0
972281,8948,0,0,0,1,0
972371,8949,0,0,0,1,0
972480,8950,0,0,0,1,0
972579,8951,0,0,0,1,0
972729,8952,0,0,0,1,0
972858,8953,0,0,0,1,0
972955,8954,0,0,0,1,0
973062,8955,0,0,0,1,0
973162,8956,0,0,0,1,0
973290,8957,0,0,0,1,0
973381,8958,0,0,0,1,0
973479,8959,0,0,0,1,0
973596,8960,0,0,0,1,0
973719,8961,0,0,0,1,0
973853,8962,0,0,0,1,0
973952,8963,0,0,0,1,0
974063,8964,0,0,0,1,0
974178,8965,0,0,0,1,0
974318,8966,0,0,0,1,0
974465,8967,0,0,0,1,0
974599,8968,0,0,0,1,0
974725,8969,0,0,0,1,0
974869,8970,0,0,0,1,0
974971,8971,0,0,0,1,0
975093,8972,0,0,0,1,0
975203,8973,0,0,0,1,0
975352,8974,0,0,0,1,0
975465,8975,0,0,0,1,0
975610,8976,0,0,0,1,0
975722,8977,0,0,0,1,0
975819,8978,0,0,0,1,0
975941,8979,0,0,0,1,0
976081,8980,0,0,0,1,0
976184,8981,0,0,0,1,0
976277,8982,0,0,0,1,0
976385,8983,0,0,0,1,0
976484,8984,0,0,0,1,0
976622,8985,0,0,0,1,0
976758,8986,0,0,0,1,0
976819,8987,0,0,1,0,0
976942,8988,0,0,0,1,0
977067,8989,0,0,0,1,0
977196,8990,0,0,0,1,0
977326,8991,0,0,0,1,0
977473,8992,0,0,0,1,0
977566,8993,0,0,0,1,0
977677,8994,0,0,0,1,0
977815,8995,0,0,0,1,0
977916,8996,0,0,0,1,0
978051,8997,0,0,0,1,0
978163,8998,0,0,0,1,0
978292,8999,0,0,0,1,0
978440,9000,0,0,0,1,0
978556,9001,0,0,0,1,0
978669,9002,0,0,0,1,0
978758,9003,0,0,0,1,0
978763,9004,1,0,0,0,0
978885,9005,0,0,0,1,0
978992,9006,0,0,0,1,0
979114,9007,0,0,0,1,0
979236,9008,0,0,0,1,0
979332,9009,0,0,0,1,0
979458,9010,0,0,0,1,0
979563,9011,0,0,0,1,0
979679,9012,0,0,0,1,0
979802,9013,0,0,0,1,0
979933,9014,0,0,0,1,0
980057,9015,0,0,0,1,0
980193,9016,0,0,0,1,0
980283,9017,0,0,0,1,0
980407,9018,0,0,0,1,0
980537,9019,0,0,0,1,0
980642,9020,0,0,0,1,0
980738,9021,0,0,0,1,0
980866,9022,0,0,0,1,0
980982,9023,0,0,0,1,0
981117,9024,0,0,0,1,0
981228,9025,0,0,0,1,0
981342,9026,0,0,0,1,0
981466,9027,0,0,0,1,0
981595,9028,0,0,0,1,0
981724,9029,0,0,0,1,0
981750,9030,0,0,1,0,0
981846,9031,0,0,0,1,0
981855,9032,0,0,1,0,0
981960,9033,0,0,0,1,0
982061,9034,0,0,0,1,0
982150,9035,0,0,0,1,0
982275,9036,0,0,0,1,0
982290,9037,0,0,1,0,0
982405,9038,0,0,0,1,0
982541,9039,0,0,0,1,0
982658,9040,0,0,0,1,0
982751,9041,0,0,0,1,0
982850,9042,0,0,0,1,0
982989,9043,0,0,0,1,0
983131,9044,0,0,0,1,0
983255,9045,0,0,1,0,0
983392,9046,0,0,0,1,0
983519,9047,0,0,0,1,0
983646,9048,0,0,0,1,0
983735,9049,0,0,0,1,0
983834,9050,0,0,0,1,0
983935,9051,0,0,0,1,0
984067,9052,0,0,0,1,0
984181,9053,0,0,0,1,0
984310,9054,0,0,0,1,0
984443,9055,0,0,0,1,0
984546,9056,0,0,0,1,0
984642,9057,0,0,0,1,0
984754,9058,0,0,0,1,0
984864,9059,0,0,0,1,0
984997,9060,0,0,0,1,0
985128,9061,0,0,0,1,0
985245,9062,0,0,0,1,0
985347,9063,0,0,0,1,0
985480,9064,0,0,0,1,0
985610,9065,0,0,0,1,0
985715,9066,0,0,0,1,0
985827,9067,0,0,0,1,0
985935,9068,0,0,0,1,0
986076,9069,0,0,0,1,0
986220,9070,0,0,0,1,0
986316,9071,0,0,0,1,0
986438,9072,0,0,0,1,0
986528,9073,0,0,0,1,0
986670,9074,0,0,0,1,0
986800,9075,0,0,0,1,0
986895,9076,0,0,0,1,0
986992,9077,0,0,0,1,0
987112,9078,0,0,0,1,0
987221,9079,0,0,0,1,0
987352,9080,0,0,0,1,0
987460,9081,0,0,0,1,0
987596,9082,0,0,0,1,0
987731,9083,0,0,0,1,0
987859,9084,0,0,0,1,0
987982,9085,0,0,0,1,0
988106,9086,0,0,0,1,0
988242,9087,0,0,0,1,0
988384,9088,0,0,0,1,0
988492,9089,0,0,0,1,0
988588,9090,0,0,0,1,0
988696,9091,0,0,0,1,0
988805,9092,0,0,0,1,0
988897,9093,0,0,0,1,0
989000,9094,0,0,0,1,0
989094,9095,0,0,0,1,0
989202,9096,0,0,0,1,0
989336,9097,0,0,0,1,0
989438,9098,0,0,0,1,0
989572,9099,0,0,0,1,0
989706,9100,0,0,0,1,0
989800,9101,0,0,0,1,0
989917,9102,0,0,0,1,0
990019,9103,0,0,0,1,0
990113,9104,0,0,0,1,0
990117,9105,0,0,1,0,0
990216,9106,0,0,0,1,0
990329,9107,0,0,0,1,0
990447,9108,0,0,0,1,0
990540,9109,0,0,0,1,0
990682,9110,0,0,0,1,0
990809,9111,0,0,0,1,0
990952,9112,0,0,0,1,0
991049,9113,0,0,0,1,0
991143,9114,0,0,0,1,0
991245,9115,0,0,0,1,0
991358,9116,0,0,0,1,0
991447,9117,0,0,0,1,0
991566,9118,0,0,0,1,0
991662,9119,0,0,0,1,0
991791,9120,0,0,0,1,0
991905,9121,0,0,0,1,0
992038,9122,0,0,0,1,0
992156,9123,0,0,0,1,0
992259,9124,0,0,0,1,0
992385,9125,0,0,0,1,0
992505,9126,0,0,0,1,0
992638,9127,0,0,0,1,0
992727,9128,0,0,0,1,0
992856,9129,0,0,0,1,0
992946,9130,0,0,0,1,0
993081,9131,0,0,0,1,0
993223,9132,0,0,0,1,0
993356,9133,0,0,0,1,0
993476,9134,0,0,0,1,0
993603,9135,0,0,0,1,0
993737,9136,0,0,0,1,0
993874,9137,0,0,0,1,0
993967,9138,0,0,0,1,0
994094,9139,0,0,0,1,0
994209,9140,0,0,0,1,0
994345,9141,0,0,0,1,0
994457,9142,0,0,0,1,0
994565,9143,0,0,0,1,0
994701,9144,0,0,0,1,0
994706,9145,0,0,1,0,0
994844,9146,0,0,0,1,0
994953,9147,0,0,0,1,0
995075,9148,0,0,0,1,0
995182,9149,0,0,0,1,0
995284,9150,0,0,0,1,0
995427,9151,0,0,0,1,0
995561,9152,0,0,0,1,0
995678,9153,0,0,0,1,0
995808,9154,0,0,0,1,0
995917,9155,0,0,0,1,0
996039,9156,0,0,0,1,0
996184,9157,0,0,0,1,0
996318,9158,0,0,0,1,0
996455,9159,0,0,0,1,0
996567,9160,0,0,0,1,0
996703,9161,0,0,0,1,0
996824,9162,0,0,0,1,0
996926,9163,0,0,0,1,0
997043,9164,0,0,0,1,0
997135,9165,0,0,0,1,0
997253,9166,0,0,0,1,0
997366,9167,0,0,0,1,0
997504,9168,0,0,0,1,0
997637,9169,0,0,0,1,0
997744,9170,0,0,0,1,0
997745,9171,0,0,1,0,0
997849,9172,0,0,0,1,0
997956,9173,0,0,0,1,0
998048,9174,0,0,0,1,0
998137,9175,0,0,0,1,0
998271,9176,0,0,0,1,0
998393,9177,0,0,0,1,0
998488,9178,0,0,0,1,0
998584,9179,0,0,0,1,0
998698,9180,0,0,0,1,0
998837,9181,0,0,0,1,0
998940,9182,0,0,0,1,0
999059,9183,0,0,0,1,0
999188,9184,0,0,0,1,0
999314,9185,0,0,0,1,0
999405,9186,0,0,0,1,0
999531,9187,0,0,0,1,0
999652,9188,0,0,0,1,0
999781,9189,0,0,0,1,0
999890,9190,0,0,0,1,0
1000018,9191,0,0,0,1,0
1000130,9192,0,0,0,1,0
1000260,9193,0,0,0,1,0
1000365,9194,0,0,0,1,0
1000459,9195,0,0,0,1,0
1000575,9196,0,0,0,1,0
1000688,9197,0,0,0,1,0
1000692,9198,1,0,0,0,0
1000795,9199,0,0,0,1,0
1000916,9200,0,0,0,1,0
1001025,9201,0,0,0,1,0
1001153,9202,0,0,0,1,0
1001293,9203,0,0,0,1,0
1001392,9204,0,0,0,1,0
