timestep,episode,collision,near_collision,outside_road,reached_exit,max_steps
200,0,0,0,1,0,0
403,1,0,0,0,1,0
461,2,0,0,1,0,0
583,3,0,0,1,0,0
754,4,0,0,1,0,0
761,5,1,0,0,0,0
872,6,0,0,0,1,0
923,7,0,0,1,0,0
1097,8,0,0,0,1,0
1184,9,0,0,1,0,0
1239,10,0,0,1,0,0
1242,11,1,0,0,0,0
1379,12,0,0,0,1,0
1573,13,0,0,0,1,0
1705,14,0,0,0,1,0
1709,15,1,0,0,0,0
1902,16,0,0,0,1,0
2036,17,0,0,0,1,0
2232,18,0,0,0,1,0
2389,19,0,0,0,1,0
2400,20,1,0,0,0,0
2518,21,0,0,0,1,0
2675,22,0,0,0,1,0
2852,23,0,0,0,1,0
2949,24,0,0,1,0,0
3156,25,0,0,0,1,0
3177,26,0,0,1,0,0
3207,27,0,0,1,0,0
3340,28,0,0,0,1,0
3462,29,0,0,0,1,0
3567,30,0,0,0,1,0
3754,31,0,0,0,1,0
3935,32,0,0,0,1,0
4012,33,0,0,1,0,0
4138,34,0,0,0,1,0
4267,35,0,0,0,1,0
4363,36,0,0,1,0,0
4572,37,0,0,0,1,0
4691,38,0,0,0,1,0
4835,39,0,0,0,1,0
4956,40,0,0,0,1,0
5116,41,0,0,0,1,0
5256,42,0,0,0,1,0
5262,43,0,0,1,0,0
5264,44,1,0,0,0,0
5412,45,0,0,0,1,0
5540,46,0,0,0,1,0
5725,47,0,0,0,1,0
5897,48,0,0,0,1,0
6022,49,0,0,0,1,0
6041,50,0,0,1,0,0
6162,51,0,0,1,0,0
6329,52,0,0,0,1,0
6477,53,0,0,0,1,0
6689,54,0,0,0,1,0
6815,55,0,0,1,0,0
6958,56,0,0,0,1,0
7049,57,0,0,1,0,0
7238,58,0,0,0,1,0
7334,59,0,0,1,0,0
7504,60,0,0,0,1,0
7625,61,0,0,0,1,0
7811,62,0,0,0,1,0
7979,63,0,0,0,1,0
8126,64,0,0,0,1,0
8289,65,0,0,1,0,0
8433,66,0,0,0,1,0
8617,67,0,0,0,1,0
8732,68,0,0,0,1,0
8921,69,0,0,0,1,0
9021,70,0,0,0,1,0
9188,71,0,0,0,1,0
9399,72,0,0,0,1,0
9562,73,0,0,0,1,0
9723,74,0,0,0,1,0
9837,75,0,0,1,0,0
9867,76,0,0,1,0,0
9888,77,0,0,1,0,0
10008,78,0,0,1,0,0
10166,79,0,0,0,1,0
10364,80,0,0,0,1,0
10480,81,0,0,0,1,0
10659,82,0,0,0,1,0
10857,83,0,0,0,1,0
10882,84,0,0,1,0,0
11081,85,0,0,0,1,0
11118,86,0,0,1,0,0
11261,87,0,0,0,1,0
11437,88,0,0,0,1,0
11570,89,0,0,0,1,0
11695,90,0,0,0,1,0
11890,91,0,0,0,1,0
12040,92,0,0,0,1,0
12194,93,0,0,0,1,0
12372,94,0,0,0,1,0
12417,95,0,0,1,0,0
12422,96,1,0,0,0,0
12564,97,0,0,0,1,0
12727,98,0,0,0,1,0
12881,99,0,0,0,1,0
13019,100,0,0,0,1,0
13180,101,0,0,0,1,0
13189,102,1,0,0,0,0
13230,103,0,0,1,0,0
13403,104,0,0,0,1,0
13529,105,0,0,0,1,0
13679,106,0,0,0,1,0
13855,107,0,0,0,1,0
13981,108,0,0,0,1,0
14110,109,0,0,0,1,0
14275,110,0,0,0,1,0
14444,111,0,0,0,1,0
14596,112,0,0,0,1,0
14659,113,0,0,1,0,0
14836,114,0,0,0,1,0
15019,115,0,0,0,1,0
15223,116,0,0,0,1,0
15355,117,0,0,0,1,0
15483,118,0,0,0,1,0
15693,119,0,0,0,1,0
15869,120,0,0,0,1,0
16070,121,0,0,0,1,0
16201,122,0,0,0,1,0
16369,123,0,0,0,1,0
16520,124,0,0,0,1,0
16644,125,0,0,0,1,0
16690,126,0,0,1,0,0
16817,127,0,0,0,1,0
16939,128,0,0,0,1,0
17035,129,0,0,0,1,0
17164,130,0,0,0,1,0
17188,131,0,0,1,0,0
17412,132,0,0,0,1,0
17421,133,1,0,0,0,0
17528,134,0,0,1,0,0
17680,135,0,0,0,1,0
17786,136,0,0,0,1,0
17793,137,1,0,0,0,0
17933,138,0,0,0,1,0
18125,139,0,0,0,1,0
18303,140,0,0,0,1,0
18428,141,0,0,0,1,0
18534,142,0,0,0,1,0
18669,143,0,0,0,1,0
18862,144,0,0,0,1,0
19009,145,0,0,0,1,0
19211,146,0,0,0,1,0
19365,147,0,0,0,1,0
19513,148,0,0,0,1,0
19594,149,0,0,1,0,0
19595,150,1,0,0,0,0
19793,151,0,0,0,1,0
19934,152,0,0,0,1,0
19942,153,1,0,0,0,0
20138,154,0,0,0,1,0
20308,155,0,0,0,1,0
20387,156,0,0,1,0,0
20395,157,0,0,1,0,0
20514,158,0,0,0,1,0
20652,159,0,0,0,1,0
20655,160,1,0,0,0,0
20836,161,0,0,0,1,0
20992,162,0,0,0,1,0
21153,163,0,0,0,1,0
21336,164,0,0,0,1,0
21466,165,0,0,0,1,0
21628,166,0,0,0,1,0
21657,167,0,0,1,0,0
21752,168,0,0,1,0,0
21944,169,0,0,0,1,0
22150,170,0,0,0,1,0
22358,171,0,0,0,1,0
22521,172,0,0,0,1,0
22652,173,0,0,0,1,0
22756,174,0,0,0,1,0
22890,175,0,0,0,1,0
23089,176,0,0,0,1,0
23233,177,0,0,0,1,0
23361,178,0,0,0,1,0
23506,179,0,0,0,1,0
23633,180,0,0,0,1,0
23792,181,0,0,0,1,0
23956,182,0,0,0,1,0
24100,183,0,0,0,1,0
24207,184,0,0,1,0,0
24370,185,0,0,0,1,0
24568,186,0,0,0,1,0
24719,187,0,0,0,1,0
24872,188,0,0,0,1,0
25062,189,0,0,0,1,0
25189,190,0,0,0,1,0
25316,191,0,0,0,1,0
25500,192,0,0,0,1,0
25646,193,0,0,0,1,0
25655,194,1,0,0,0,0
25842,195,0,0,0,1,0
25849,196,1,0,0,0,0
25946,197,0,0,0,1,0
26155,198,0,0,0,1,0
26271,199,0,0,0,1,0
26425,200,0,0,0,1,0
26552,201,0,0,0,1,0
26750,202,0,0,0,1,0
26908,203,0,0,0,1,0
27059,204,0,0,0,1,0
27175,205,0,0,0,1,0
27330,206,0,0,0,1,0
27479,207,0,0,1,0,0
27691,208,0,0,0,1,0
27693,209,1,0,0,0,0
27794,210,0,0,0,1,0
27944,211,0,0,0,1,0
28145,212,0,0,0,1,0
28348,213,0,0,0,1,0
28488,214,0,0,0,1,0
28627,215,0,0,0,1,0
28783,216,0,0,0,1,0
28909,217,0,0,0,1,0
29059,218,0,0,1,0,0
29183,219,0,0,0,1,0
29353,220,0,0,0,1,0
29520,221,0,0,0,1,0
29521,222,1,0,0,0,0
29528,223,1,0,0,0,0
29703,224,0,0,0,1,0
29867,225,0,0,0,1,0
30063,226,0,0,0,1,0
30198,227,0,0,0,1,0
30378,228,0,0,0,1,0
30542,229,0,0,0,1,0
30643,230,0,0,1,0,0
30798,231,0,0,0,1,0
30975,232,0,0,0,1,0
31021,233,0,0,1,0,0
31134,234,0,0,0,1,0
31322,235,0,0,0,1,0
31462,236,0,0,0,1,0
31551,237,0,0,1,0,0
31717,238,0,0,0,1,0
31925,239,0,0,0,1,0
32099,240,0,0,0,1,0
32248,241,0,0,0,1,0
32425,242,0,0,0,1,0
32434,243,1,0,0,0,0
32551,244,0,0,0,1,0
32726,245,0,0,0,1,0
32878,246,0,0,0,1,0
32990,247,0,0,0,1,0
33093,248,0,0,0,1,0
33248,249,0,0,0,1,0
33445,250,0,0,0,1,0
33606,251,0,0,0,1,0
33797,252,0,0,0,1,0
33895,253,0,0,0,1,0
34085,254,0,0,0,1,0
34196,255,0,0,0,1,0
34352,256,0,0,0,1,0
34503,257,0,0,0,1,0
34613,258,0,0,0,1,0
34738,259,0,0,0,1,0
34903,260,0,0,0,1,0
35007,261,0,0,0,1,0
35019,262,0,0,1,0,0
35140,263,0,0,0,1,0
35340,264,0,0,0,1,0
35468,265,0,0,0,1,0
35672,266,0,0,0,1,0
35825,267,0,0,0,1,0
35940,268,0,0,0,1,0
36079,269,0,0,0,1,0
36238,270,0,0,0,1,0
36342,271,0,0,0,1,0
36457,272,0,0,0,1,0
36654,273,0,0,0,1,0
36801,274,0,0,1,0,0
36976,275,0,0,0,1,0
37182,276,0,0,0,1,0
37390,277,0,0,0,1,0
37397,278,1,0,0,0,0
37601,279,0,0,0,1,0
37720,280,0,0,0,1,0
37726,281,1,0,0,0,0
37927,282,0,0,0,1,0
38124,283,0,0,0,1,0
38312,284,0,0,0,1,0
38500,285,0,0,0,1,0
38669,286,0,0,0,1,0
38848,287,0,0,0,1,0
38854,288,1,0,0,0,0
39068,289,0,0,1,0,0
39261,290,0,0,0,1,0
39271,291,1,0,0,0,0
39449,292,0,0,0,1,0
39545,293,0,0,0,1,0
39599,294,0,0,1,0,0
39748,295,0,0,0,1,0
39756,296,1,0,0,0,0
39878,297,0,0,0,1,0
40077,298,0,0,0,1,0
40261,299,0,0,0,1,0
40401,300,0,0,0,1,0
40605,301,0,0,0,1,0
40706,302,0,0,1,0,0
40831,303,0,0,0,1,0
41035,304,0,0,0,1,0
41171,305,0,0,0,1,0
41304,306,0,0,0,1,0
41468,307,0,0,0,1,0
41577,308,0,0,0,1,0
41726,309,0,0,0,1,0
41881,310,0,0,1,0,0
41975,311,0,0,0,1,0
42172,312,0,0,0,1,0
42365,313,0,0,0,1,0
42525,314,0,0,0,1,0
42674,315,0,0,0,1,0
42825,316,0,0,0,1,0
42862,317,0,0,1,0,0
43036,318,0,0,0,1,0
43241,319,0,0,0,1,0
43392,320,0,0,0,1,0
43562,321,0,0,0,1,0
43768,322,0,0,0,1,0
43945,323,0,0,0,1,0
44137,324,0,0,0,1,0
44313,325,0,0,1,0,0
44466,326,0,0,0,1,0
44603,327,0,0,0,1,0
44786,328,0,0,0,1,0
44968,329,0,0,0,1,0
45141,330,0,0,0,1,0
45148,331,1,0,0,0,0
45354,332,0,0,0,1,0
45492,333,0,0,0,1,0
45640,334,0,0,0,1,0
45798,335,0,0,0,1,0
45965,336,0,0,0,1,0
46038,337,0,0,1,0,0
46209,338,0,0,0,1,0
46362,339,0,0,0,1,0
46364,340,1,0,0,0,0
46501,341,0,0,1,0,0
46594,342,0,0,0,1,0
46762,343,0,0,0,1,0
46896,344,0,0,0,1,0
47081,345,0,0,0,1,0
47221,346,0,0,0,1,0
47418,347,0,0,0,1,0
47632,348,0,0,0,1,0
47820,349,0,0,0,1,0
48008,350,0,0,0,1,0
48170,351,0,0,0,1,0
48370,352,0,0,0,1,0
48532,353,0,0,0,1,0
48535,354,1,0,0,0,0
48540,355,1,0,0,0,0
48736,356,0,0,0,1,0
48909,357,0,0,0,1,0
49038,358,0,0,0,1,0
49185,359,0,0,0,1,0
49380,360,0,0,0,1,0
49436,361,0,0,1,0,0
49570,362,0,0,1,0,0
49710,363,0,0,0,1,0
49879,364,0,0,0,1,0
50071,365,0,0,0,1,0
50217,366,0,0,0,1,0
50334,367,0,0,0,1,0
50475,368,0,0,0,1,0
50667,369,0,0,0,1,0
50804,370,0,0,0,1,0
50914,371,0,0,0,1,0
51066,372,0,0,0,1,0
51196,373,0,0,0,1,0
51374,374,0,0,0,1,0
51517,375,0,0,0,1,0
51653,376,0,0,0,1,0
51658,377,1,0,0,0,0
51780,378,0,0,0,1,0
51886,379,0,0,0,1,0
52006,380,0,0,0,1,0
52148,381,0,0,0,1,0
52266,382,0,0,0,1,0
52446,383,0,0,0,1,0
52582,384,0,0,0,1,0
52689,385,0,0,0,1,0
52856,386,0,0,0,1,0
53037,387,0,0,0,1,0
53038,388,1,0,0,0,0
53040,389,1,0,0,0,0
53196,390,0,0,0,1,0
53399,391,0,0,0,1,0
53435,392,0,0,1,0,0
53583,393,0,0,0,1,0
53784,394,0,0,0,1,0
53965,395,0,0,0,1,0
54101,396,0,0,0,1,0
54328,397,0,0,0,1,0
54526,398,0,0,0,1,0
54635,399,0,0,0,1,0
54636,400,1,0,0,0,0
54778,401,0,0,0,1,0
54789,402,1,0,0,0,0
54928,403,0,0,0,1,0
55062,404,0,0,0,1,0
55073,405,0,0,1,0,0
55213,406,0,0,0,1,0
55412,407,0,0,0,1,0
55594,408,0,0,0,1,0
55724,409,0,0,0,1,0
55918,410,0,0,0,1,0
56055,411,0,0,0,1,0
56162,412,0,0,0,1,0
56369,413,0,0,0,1,0
56541,414,0,0,0,1,0
56544,415,1,0,0,0,0
56690,416,0,0,0,1,0
56857,417,0,0,0,1,0
56986,418,0,0,0,1,0
57173,419,0,0,0,1,0
57379,420,0,0,0,1,0
57588,421,0,0,0,1,0
57738,422,0,0,0,1,0
57879,423,0,0,0,1,0
57880,424,0,0,1,0,0
57979,425,0,0,0,1,0
58115,426,0,0,0,1,0
58232,427,0,0,0,1,0
58382,428,0,0,0,1,0
58548,429,0,0,0,1,0
58718,430,0,0,0,1,0
58780,431,0,0,1,0,0
58947,432,0,0,0,1,0
59157,433,0,0,0,1,0
59276,434,0,0,0,1,0
59382,435,0,0,0,1,0
59386,436,1,0,0,0,0
59500,437,0,0,0,1,0
59615,438,0,0,0,1,0
59718,439,0,0,0,1,0
59726,440,1,0,0,0,0
59897,441,0,0,0,1,0
59996,442,0,0,0,1,0
60195,443,0,0,0,1,0
60321,444,0,0,0,1,0
60479,445,0,0,0,1,0
60481,446,1,0,0,0,0
60691,447,0,0,0,1,0
60872,448,0,0,0,1,0
61011,449,0,0,0,1,0
61209,450,0,0,0,1,0
61363,451,0,0,0,1,0
61530,452,0,0,0,1,0
61743,453,0,0,0,1,0
61901,454,0,0,0,1,0
62013,455,0,0,0,1,0
62146,456,0,0,0,1,0
62250,457,0,0,0,1,0
62450,458,0,0,0,1,0
62659,459,0,0,0,1,0
62849,460,0,0,0,1,0
62859,461,1,0,0,0,0
62997,462,0,0,0,1,0
63178,463,0,0,0,1,0
63274,464,0,0,0,1,0
63470,465,0,0,0,1,0
63596,466,0,0,0,1,0
63774,467,0,0,0,1,0
63890,468,0,0,0,1,0
64089,469,0,0,0,1,0
64208,470,0,0,0,1,0
64333,471,0,0,0,1,0
64550,472,0,0,0,1,0
64717,473,0,0,0,1,0
64891,474,0,0,0,1,0
64997,475,0,0,0,1,0
65139,476,0,0,0,1,0
65315,477,0,0,0,1,0
65469,478,0,0,0,1,0
65672,479,0,0,0,1,0
65849,480,0,0,0,1,0
65902,481,0,0,1,0,0
65958,482,0,0,1,0,0
66160,483,0,0,0,1,0
66270,484,0,0,1,0,0
66379,485,0,0,0,1,0
66585,486,0,0,0,1,0
66776,487,0,0,0,1,0
66968,488,0,0,0,1,0
67119,489,0,0,0,1,0
67306,490,0,0,0,1,0
67511,491,0,0,0,1,0
67714,492,0,0,0,1,0
67888,493,0,0,0,1,0
67890,494,0,0,1,0,0
68013,495,0,0,0,1,0
68217,496,0,0,0,1,0
68397,497,0,0,0,1,0
68520,498,0,0,0,1,0
68684,499,0,0,0,1,0
68825,500,0,0,0,1,0
69001,501,0,0,0,1,0
69150,502,0,0,0,1,0
69304,503,0,0,0,1,0
69466,504,0,0,0,1,0
69654,505,0,0,0,1,0
69755,506,0,0,0,1,0
69901,507,0,0,0,1,0
70121,508,0,0,0,1,0
70312,509,0,0,0,1,0
70511,510,0,0,0,1,0
70662,511,0,0,0,1,0
70773,512,0,0,0,1,0
70950,513,0,0,0,1,0
71150,514,0,0,0,1,0
71285,515,0,0,0,1,0
71486,516,0,0,0,1,0
71694,517,0,0,0,1,0
71835,518,0,0,0,1,0
72021,519,0,0,0,1,0
72029,520,1,0,0,0,0
72209,521,0,0,0,1,0
72391,522,0,0,0,1,0
72489,523,0,0,0,1,0
72669,524,0,0,0,1,0
72854,525,0,0,0,1,0
72978,526,0,0,0,1,0
73106,527,0,0,0,1,0
73201,528,0,0,0,1,0
73210,529,1,0,0,0,0
73343,530,0,0,0,1,0
73468,531,0,0,0,1,0
73642,532,0,0,0,1,0
73748,533,0,0,0,1,0
73912,534,0,0,0,1,0
74068,535,0,0,0,1,0
74197,536,0,0,0,1,0
74338,537,0,0,0,1,0
74476,538,0,0,0,1,0
74683,539,0,0,0,1,0
74689,540,1,0,0,0,0
74838,541,0,0,0,1,0
74839,542,1,0,0,0,0
74993,543,0,0,0,1,0
75126,544,0,0,0,1,0
75251,545,0,0,0,1,0
75428,546,0,0,0,1,0
75601,547,0,0,0,1,0
75778,548,0,0,0,1,0
75975,549,0,0,0,1,0
76088,550,0,0,0,1,0
76207,551,0,0,0,1,0
76409,552,0,0,0,1,0
76442,553,0,0,1,0,0
76446,554,1,0,0,0,0
76574,555,0,0,0,1,0
76784,556,0,0,0,1,0
76993,557,0,0,0,1,0
77156,558,0,0,0,1,0
77317,559,0,0,0,1,0
77325,560,1,0,0,0,0
77447,561,0,0,0,1,0
77614,562,0,0,0,1,0
77749,563,0,0,0,1,0
77911,564,0,0,0,1,0
78114,565,0,0,0,1,0
78278,566,0,0,0,1,0
78280,567,0,0,1,0,0
78475,568,0,0,0,1,0
78673,569,0,0,0,1,0
78858,570,0,0,0,1,0
79058,571,0,0,0,1,0
79159,572,0,0,0,1,0
79335,573,0,0,0,1,0
79529,574,0,0,0,1,0
79531,575,1,0,0,0,0
79724,576,0,0,0,1,0
79868,577,0,0,0,1,0
80052,578,0,0,0,1,0
80245,579,0,0,0,1,0
80437,580,0,0,0,1,0
80443,581,1,0,0,0,0
80560,582,0,0,0,1,0
80725,583,0,0,0,1,0
80930,584,0,0,0,1,0
81086,585,0,0,0,1,0
81158,586,0,0,1,0,0
81290,587,0,0,0,1,0
81474,588,0,0,0,1,0
81493,589,0,0,1,0,0
81686,590,0,0,0,1,0
81849,591,0,0,0,1,0
81976,592,0,0,0,1,0
82125,593,0,0,0,1,0
82342,594,0,0,0,1,0
82520,595,0,0,0,1,0
82728,596,0,0,0,1,0
82884,597,0,0,0,1,0
83048,598,0,0,0,1,0
83235,599,0,0,0,1,0
83440,600,0,0,0,1,0
83451,601,1,0,0,0,0
83661,602,0,0,0,1,0
83832,603,0,0,0,1,0
83932,604,0,0,0,1,0
84100,605,0,0,0,1,0
84282,606,0,0,0,1,0
84391,607,0,0,0,1,0
84455,608,0,0,1,0,0
84577,609,0,0,0,1,0
84738,610,0,0,0,1,0
84841,611,0,0,0,1,0
85022,612,0,0,0,1,0
85029,613,1,0,0,0,0
85119,614,0,0,0,1,0
85291,615,0,0,0,1,0
85392,616,0,0,0,1,0
85598,617,0,0,0,1,0
85791,618,0,0,0,1,0
85918,619,0,0,1,0,0
86081,620,0,0,0,1,0
86262,621,0,0,0,1,0
86409,622,0,0,0,1,0
86585,623,0,0,0,1,0
86591,624,1,0,0,0,0
86775,625,0,0,0,1,0
86993,626,0,0,0,1,0
86997,627,1,0,0,0,0
87000,628,1,0,0,0,0
87180,629,0,0,0,1,0
87384,630,0,0,0,1,0
87391,631,1,0,0,0,0
87543,632,0,0,0,1,0
87695,633,0,0,1,0,0
87811,634,0,0,0,1,0
88020,635,0,0,0,1,0
88122,636,0,0,0,1,0
88278,637,0,0,0,1,0
88455,638,0,0,0,1,0
88607,639,0,0,0,1,0
88760,640,0,0,0,1,0
88911,641,0,0,0,1,0
89094,642,0,0,0,1,0
89228,643,0,0,0,1,0
89418,644,0,0,0,1,0
89576,645,0,0,0,1,0
89736,646,0,0,0,1,0
89932,647,0,0,0,1,0
90075,648,0,0,0,1,0
90242,649,0,0,0,1,0
90247,650,1,0,0,0,0
90449,651,0,0,0,1,0
90649,652,0,0,0,1,0
90650,653,1,0,0,0,0
90845,654,0,0,0,1,0
90986,655,0,0,0,1,0
91103,656,0,0,0,1,0
91219,657,0,0,0,1,0
91417,658,0,0,0,1,0
91591,659,0,0,0,1,0
91762,660,0,0,0,1,0
91943,661,0,0,0,1,0
92053,662,0,0,0,1,0
92183,663,0,0,0,1,0
92375,664,0,0,0,1,0
92495,665,0,0,0,1,0
92523,666,0,0,1,0,0
92649,667,0,0,0,1,0
92805,668,0,0,0,1,0
92958,669,0,0,0,1,0
93034,670,0,0,1,0,0
93227,671,0,0,0,1,0
93231,672,1,0,0,0,0
93436,673,0,0,0,1,0
93539,674,0,0,1,0,0
93691,675,0,0,0,1,0
93851,676,0,0,0,1,0
94047,677,0,0,0,1,0
94175,678,0,0,0,1,0
94321,679,0,0,0,1,0
94477,680,0,0,0,1,0
94660,681,0,0,0,1,0
94832,682,0,0,0,1,0
94839,683,1,0,0,0,0
94953,684,0,0,0,1,0
95134,685,0,0,0,1,0
95274,686,0,0,0,1,0
95407,687,0,0,0,1,0
95523,688,0,0,0,1,0
95684,689,0,0,0,1,0
95850,690,0,0,0,1,0
95996,691,0,0,0,1,0
96207,692,0,0,0,1,0
96343,693,0,0,0,1,0
96490,694,0,0,0,1,0
96625,695,0,0,0,1,0
96808,696,0,0,0,1,0
97015,697,0,0,0,1,0
97239,698,0,0,0,1,0
97425,699,0,0,0,1,0
97563,700,0,0,0,1,0
97782,701,0,0,0,1,0
97971,702,0,0,0,1,0
98083,703,0,0,1,0,0
98088,704,1,0,0,0,0
98226,705,0,0,0,1,0
98229,706,1,0,0,0,0
98411,707,0,0,0,1,0
98583,708,0,0,0,1,0
98718,709,0,0,0,1,0
98834,710,0,0,0,1,0
99000,711,0,0,0,1,0
99176,712,0,0,0,1,0
99294,713,0,0,0,1,0
99452,714,0,0,0,1,0
99670,715,0,0,0,1,0
99855,716,0,0,0,1,0
99985,717,0,0,0,1,0
100144,718,0,0,0,1,0
100314,719,0,0,0,1,0
100323,720,1,0,0,0,0
100505,721,0,0,0,1,0
100514,722,0,0,1,0,0
100678,723,0,0,0,1,0
100784,724,0,0,0,1,0
100914,725,0,0,0,1,0
100924,726,1,0,0,0,0
101096,727,0,0,0,1,0
101098,728,1,0,0,0,0
101106,729,1,0,0,0,0
101324,730,0,0,0,1,0
101540,731,0,0,0,1,0
101699,732,0,0,0,1,0
101891,733,0,0,0,1,0
102064,734,0,0,0,1,0
102193,735,0,0,0,1,0
102402,736,0,0,0,1,0
102616,737,0,0,0,1,0
102788,738,0,0,0,1,0
102900,739,0,0,0,1,0
103093,740,0,0,0,1,0
103287,741,0,0,0,1,0
103458,742,0,0,0,1,0
103572,743,0,0,0,1,0
103765,744,0,0,0,1,0
103936,745,0,0,0,1,0
104095,746,0,0,0,1,0
104285,747,0,0,0,1,0
104443,748,0,0,0,1,0
104589,749,0,0,0,1,0
104724,750,0,0,0,1,0
104807,751,0,0,1,0,0
104931,752,0,0,0,1,0
105123,753,0,0,0,1,0
105284,754,0,0,0,1,0
105412,755,0,0,0,1,0
105601,756,0,0,0,1,0
105769,757,0,0,0,1,0
105935,758,0,0,0,1,0
106133,759,0,0,0,1,0
106315,760,0,0,0,1,0
106472,761,0,0,0,1,0
106657,762,0,0,0,1,0
106821,763,0,0,0,1,0
106938,764,0,0,0,1,0
107110,765,0,0,0,1,0
107223,766,0,0,0,1,0
107420,767,0,0,0,1,0
107569,768,0,0,0,1,0
107772,769,0,0,0,1,0
107916,770,0,0,0,1,0
108095,771,0,0,0,1,0
108211,772,0,0,0,1,0
108212,773,1,0,0,0,0
108414,774,0,0,0,1,0
108571,775,0,0,0,1,0
108713,776,0,0,0,1,0
108936,777,0,0,0,1,0
109099,778,0,0,0,1,0
109210,779,0,0,0,1,0
109415,780,0,0,0,1,0
109596,781,0,0,0,1,0
109751,782,0,0,0,1,0
109898,783,0,0,0,1,0
109903,784,1,0,0,0,0
110063,785,0,0,0,1,0
110197,786,0,0,0,1,0
110340,787,0,0,0,1,0
110349,788,0,0,1,0,0
110472,789,0,0,0,1,0
110659,790,0,0,0,1,0
110822,791,0,0,0,1,0
111040,792,0,0,0,1,0
111216,793,0,0,0,1,0
111337,794,0,0,0,1,0
111522,795,0,0,0,1,0
111528,796,1,0,0,0,0
111748,797,0,0,0,1,0
111751,798,1,0,0,0,0
111892,799,0,0,0,1,0
111897,800,1,0,0,0,0
112061,801,0,0,0,1,0
112249,802,0,0,0,1,0
112389,803,0,0,0,1,0
112534,804,0,0,0,1,0
112683,805,0,0,0,1,0
112884,806,0,0,0,1,0
112891,807,1,0,0,0,0
113098,808,0,0,0,1,0
113206,809,0,0,1,0,0
113391,810,0,0,0,1,0
113546,811,0,0,0,1,0
113758,812,0,0,0,1,0
113866,813,0,0,0,1,0
113874,814,1,0,0,0,0
114076,815,0,0,0,1,0
114276,816,0,0,0,1,0
114456,817,0,0,0,1,0
114673,818,0,0,0,1,0
114793,819,0,0,0,1,0
114955,820,0,0,0,1,0
115138,821,0,0,0,1,0
115295,822,0,0,0,1,0
115431,823,0,0,0,1,0
115639,824,0,0,0,1,0
115788,825,0,0,0,1,0
115965,826,0,0,0,1,0
116108,827,0,0,0,1,0
116285,828,0,0,0,1,0
116426,829,0,0,0,1,0
116569,830,0,0,0,1,0
116636,831,0,0,1,0,0
116792,832,0,0,0,1,0
116984,833,0,0,0,1,0
116991,834,1,0,0,0,0
117170,835,0,0,0,1,0
117323,836,0,0,0,1,0
117500,837,0,0,0,1,0
117727,838,0,0,0,1,0
117882,839,0,0,0,1,0
118042,840,0,0,0,1,0
118235,841,0,0,0,1,0
118241,842,1,0,0,0,0
118389,843,0,0,0,1,0
118542,844,0,0,0,1,0
118733,845,0,0,0,1,0
118919,846,0,0,0,1,0
119072,847,0,0,0,1,0
119078,848,1,0,0,0,0
119082,849,1,0,0,0,0
119213,850,0,0,0,1,0
119219,851,1,0,0,0,0
119412,852,0,0,0,1,0
119542,853,0,0,0,1,0
119679,854,0,0,0,1,0
119853,855,0,0,0,1,0
119991,856,0,0,0,1,0
120162,857,0,0,0,1,0
120320,858,0,0,0,1,0
120325,859,1,0,0,0,0
120488,860,0,0,0,1,0
120651,861,0,0,0,1,0
120660,862,1,0,0,0,0
120751,863,0,0,0,1,0
120913,864,0,0,0,1,0
120984,865,0,0,1,0,0
121155,866,0,0,0,1,0
121288,867,0,0,0,1,0
121449,868,0,0,0,1,0
121643,869,0,0,0,1,0
121834,870,0,0,0,1,0
121869,871,0,0,1,0,0
122039,872,0,0,0,1,0
122231,873,0,0,0,1,0
122404,874,0,0,0,1,0
122540,875,0,0,0,1,0
122765,876,0,0,0,1,0
122913,877,0,0,0,1,0
123070,878,0,0,0,1,0
123251,879,0,0,0,1,0
123460,880,0,0,0,1,0
123575,881,0,0,0,1,0
123581,882,1,0,0,0,0
123756,883,0,0,0,1,0
123927,884,0,0,0,1,0
124128,885,0,0,0,1,0
124311,886,0,0,0,1,0
124510,887,0,0,0,1,0
124687,888,0,0,0,1,0
124888,889,0,0,0,1,0
125096,890,0,0,0,1,0
125304,891,0,0,0,1,0
125462,892,0,0,0,1,0
125557,893,0,0,0,1,0
125749,894,0,0,0,1,0
125928,895,0,0,0,1,0
126111,896,0,0,0,1,0
126259,897,0,0,0,1,0
126388,898,0,0,0,1,0
126547,899,0,0,0,1,0
126680,900,0,0,0,1,0
126869,901,0,0,0,1,0
126985,902,0,0,0,1,0
127103,903,0,0,0,1,0
127194,904,0,0,0,1,0
127382,905,0,0,0,1,0
127545,906,0,0,0,1,0
127551,907,1,0,0,0,0
127742,908,0,0,0,1,0
127833,909,0,0,0,1,0
128015,910,0,0,0,1,0
128191,911,0,0,0,1,0
128390,912,0,0,0,1,0
128501,913,0,0,0,1,0
128689,914,0,0,0,1,0
128884,915,0,0,0,1,0
128891,916,1,0,0,0,0
129076,917,0,0,0,1,0
129259,918,0,0,0,1,0
129402,919,0,0,0,1,0
129499,920,0,0,0,1,0
129708,921,0,0,0,1,0
129876,922,0,0,0,1,0
130037,923,0,0,0,1,0
130206,924,0,0,0,1,0
130231,925,0,0,1,0,0
130348,926,0,0,0,1,0
130534,927,0,0,0,1,0
130694,928,0,0,0,1,0
130856,929,0,0,0,1,0
130956,930,0,0,0,1,0
130960,931,1,0,0,0,0
131089,932,0,0,0,1,0
131303,933,0,0,0,1,0
131451,934,0,0,0,1,0
131457,935,1,0,0,0,0
131629,936,0,0,0,1,0
131773,937,0,0,0,1,0
131987,938,0,0,0,1,0
132116,939,0,0,0,1,0
132252,940,0,0,0,1,0
132456,941,0,0,0,1,0
132641,942,0,0,0,1,0
132803,943,0,0,0,1,0
132933,944,0,0,0,1,0
133042,945,0,0,1,0,0
133045,946,1,0,0,0,0
133161,947,0,0,0,1,0
133295,948,0,0,0,1,0
133496,949,0,0,0,1,0
133674,950,0,0,0,1,0
133783,951,0,0,0,1,0
133962,952,0,0,0,1,0
134083,953,0,0,0,1,0
134263,954,0,0,0,1,0
134448,955,0,0,0,1,0
134449,956,1,0,0,0,0
134610,957,0,0,0,1,0
134645,958,0,0,1,0,0
134649,959,1,0,0,0,0
134831,960,0,0,0,1,0
134972,961,0,0,0,1,0
135146,962,0,0,0,1,0
135298,963,0,0,0,1,0
135453,964,0,0,0,1,0
135628,965,0,0,0,1,0
135759,966,0,0,0,1,0
135880,967,0,0,0,1,0
136002,968,0,0,1,0,0
136203,969,0,0,0,1,0
136412,970,0,0,0,1,0
136589,971,0,0,0,1,0
136757,972,0,0,0,1,0
136966,973,0,0,0,1,0
137064,974,0,0,0,1,0
137070,975,1,0,0,0,0
137263,976,0,0,0,1,0
137421,977,0,0,0,1,0
137621,978,0,0,0,1,0
137718,979,0,0,0,1,0
137856,980,0,0,0,1,0
137862,981,1,0,0,0,0
137964,982,0,0,0,1,0
138111,983,0,0,0,1,0
138299,984,0,0,0,1,0
138411,985,0,0,0,1,0
138609,986,0,0,0,1,0
138705,987,0,0,0,1,0
138891,988,0,0,0,1,0
139075,989,0,0,0,1,0
139267,990,0,0,0,1,0
139449,991,0,0,0,1,0
139633,992,0,0,0,1,0
139749,993,0,0,0,1,0
139867,994,0,0,0,1,0
139984,995,0,0,0,1,0
140152,996,0,0,0,1,0
140153,997,1,0,0,0,0
140248,998,0,0,0,1,0
140440,999,0,0,0,1,0
140575,1000,0,0,0,1,0
140732,1001,0,0,0,1,0
140886,1002,0,0,0,1,0
141071,1003,0,0,0,1,0
141214,1004,0,0,0,1,0
141406,1005,0,0,0,1,0
141544,1006,0,0,0,1,0
141671,1007,0,0,0,1,0
141816,1008,0,0,0,1,0
142020,1009,0,0,0,1,0
142220,1010,0,0,0,1,0
142330,1011,0,0,0,1,0
142470,1012,0,0,0,1,0
142590,1013,0,0,0,1,0
142758,1014,0,0,0,1,0
142923,1015,0,0,0,1,0
143095,1016,0,0,0,1,0
143267,1017,0,0,0,1,0
143476,1018,0,0,0,1,0
143636,1019,0,0,0,1,0
143796,1020,0,0,0,1,0
143917,1021,0,0,0,1,0
144086,1022,0,0,0,1,0
144277,1023,0,0,0,1,0
144478,1024,0,0,0,1,0
144647,1025,0,0,0,1,0
144860,1026,0,0,0,1,0
144866,1027,1,0,0,0,0
145057,1028,0,0,0,1,0
145226,1029,0,0,0,1,0
145398,1030,0,0,0,1,0
145496,1031,0,0,0,1,0
145668,1032,0,0,0,1,0
145859,1033,0,0,0,1,0
146067,1034,0,0,0,1,0
146225,1035,0,0,0,1,0
146401,1036,0,0,0,1,0
146598,1037,0,0,0,1,0
146708,1038,0,0,0,1,0
146881,1039,0,0,0,1,0
147007,1040,0,0,0,1,0
147201,1041,0,0,0,1,0
147408,1042,0,0,0,1,0
147564,1043,0,0,0,1,0
147756,1044,0,0,0,1,0
147861,1045,0,0,0,1,0
148030,1046,0,0,0,1,0
148197,1047,0,0,0,1,0
148408,1048,0,0,0,1,0
148555,1049,0,0,0,1,0
148760,1050,0,0,0,1,0
148954,1051,0,0,0,1,0
149156,1052,0,0,0,1,0
149353,1053,0,0,0,1,0
149482,1054,0,0,0,1,0
149608,1055,0,0,0,1,0
149610,1056,1,0,0,0,0
149767,1057,0,0,0,1,0
149770,1058,1,0,0,0,0
149970,1059,0,0,0,1,0
150137,1060,0,0,0,1,0
150293,1061,0,0,0,1,0
150468,1062,0,0,0,1,0
150609,1063,0,0,0,1,0
150793,1064,0,0,0,1,0
150905,1065,0,0,0,1,0
151055,1066,0,0,0,1,0
151223,1067,0,0,0,1,0
151357,1068,0,0,0,1,0
151363,1069,1,0,0,0,0
151504,1070,0,0,0,1,0
151707,1071,0,0,0,1,0
151858,1072,0,0,0,1,0
152052,1073,0,0,0,1,0
152062,1074,1,0,0,0,0
152198,1075,0,0,0,1,0
152397,1076,0,0,0,1,0
152578,1077,0,0,0,1,0
152717,1078,0,0,0,1,0
152820,1079,0,0,1,0,0
152964,1080,0,0,0,1,0
153169,1081,0,0,0,1,0
153370,1082,0,0,0,1,0
153580,1083,0,0,0,1,0
153756,1084,0,0,0,1,0
153913,1085,0,0,0,1,0
154093,1086,0,0,0,1,0
154221,1087,0,0,0,1,0
154356,1088,0,0,0,1,0
154576,1089,0,0,0,1,0
154705,1090,0,0,0,1,0
154874,1091,0,0,0,1,0
154994,1092,0,0,0,1,0
155107,1093,0,0,0,1,0
155130,1094,0,0,1,0,0
155260,1095,0,0,0,1,0
155437,1096,0,0,0,1,0
155633,1097,0,0,0,1,0
155762,1098,0,0,0,1,0
155929,1099,0,0,0,1,0
156107,1100,0,0,0,1,0
156311,1101,0,0,0,1,0
156530,1102,0,0,0,1,0
156541,1103,1,0,0,0,0
156683,1104,0,0,0,1,0
156817,1105,0,0,0,1,0
157004,1106,0,0,0,1,0
157191,1107,0,0,0,1,0
157345,1108,0,0,0,1,0
157489,1109,0,0,0,1,0
157665,1110,0,0,0,1,0
157788,1111,0,0,0,1,0
158008,1112,0,0,0,1,0
158014,1113,1,0,0,0,0
158127,1114,0,0,0,1,0
158306,1115,0,0,0,1,0
158433,1116,0,0,0,1,0
158593,1117,0,0,0,1,0
158778,1118,0,0,0,1,0
158913,1119,0,0,0,1,0
159045,1120,0,0,0,1,0
159201,1121,0,0,0,1,0
159206,1122,1,0,0,0,0
159346,1123,0,0,0,1,0
159557,1124,0,0,0,1,0
159663,1125,0,0,0,1,0
159791,1126,0,0,0,1,0
159970,1127,0,0,0,1,0
160114,1128,0,0,0,1,0
160119,1129,1,0,0,0,0
160245,1130,0,0,0,1,0
160421,1131,0,0,0,1,0
160623,1132,0,0,0,1,0
160743,1133,0,0,0,1,0
160935,1134,0,0,0,1,0
161099,1135,0,0,0,1,0
161101,1136,1,0,0,0,0
161250,1137,0,0,0,1,0
161454,1138,0,0,0,1,0
161618,1139,0,0,0,1,0
161795,1140,0,0,1,0,0
161802,1141,1,0,0,0,0
161982,1142,0,0,0,1,0
162177,1143,0,0,0,1,0
162270,1144,0,0,0,1,0
162460,1145,0,0,0,1,0
162659,1146,0,0,0,1,0
162806,1147,0,0,0,1,0
162943,1148,0,0,0,1,0
163073,1149,0,0,0,1,0
163259,1150,0,0,0,1,0
163382,1151,0,0,0,1,0
163589,1152,0,0,0,1,0
163762,1153,0,0,0,1,0
163941,1154,0,0,0,1,0
164132,1155,0,0,0,1,0
164294,1156,0,0,0,1,0
164442,1157,0,0,0,1,0
164615,1158,0,0,0,1,0
164754,1159,0,0,0,1,0
164951,1160,0,0,0,1,0
165116,1161,0,0,0,1,0
165295,1162,0,0,0,1,0
165425,1163,0,0,0,1,0
165535,1164,0,0,0,1,0
165668,1165,0,0,0,1,0
165787,1166,0,0,0,1,0
165933,1167,0,0,0,1,0
166122,1168,0,0,0,1,0
166303,1169,0,0,0,1,0
166478,1170,0,0,0,1,0
166575,1171,0,0,0,1,0
166723,1172,0,0,0,1,0
166858,1173,0,0,0,1,0
167047,1174,0,0,0,1,0
167053,1175,1,0,0,0,0
167142,1176,0,0,0,1,0
167363,1177,0,0,0,1,0
167574,1178,0,0,0,1,0
167758,1179,0,0,0,1,0
167759,1180,1,0,0,0,0
167940,1181,0,0,0,1,0
168060,1182,0,0,0,1,0
168244,1183,0,0,0,1,0
168383,1184,0,0,0,1,0
168506,1185,0,0,0,1,0
168712,1186,0,0,0,1,0
168885,1187,0,0,0,1,0
169037,1188,0,0,0,1,0
169171,1189,0,0,0,1,0
169384,1190,0,0,0,1,0
169527,1191,0,0,0,1,0
169736,1192,0,0,0,1,0
169947,1193,0,0,0,1,0
170101,1194,0,0,0,1,0
170279,1195,0,0,0,1,0
170426,1196,0,0,0,1,0
170616,1197,0,0,0,1,0
170822,1198,0,0,0,1,0
170956,1199,0,0,0,1,0
171178,1200,0,0,0,1,0
171295,1201,0,0,0,1,0
171438,1202,0,0,0,1,0
171576,1203,0,0,0,1,0
171743,1204,0,0,0,1,0
171902,1205,0,0,0,1,0
172038,1206,0,0,0,1,0
172202,1207,0,0,0,1,0
172378,1208,0,0,0,1,0
172577,1209,0,0,0,1,0
172695,1210,0,0,0,1,0
172887,1211,0,0,0,1,0
173040,1212,0,0,0,1,0
173210,1213,0,0,0,1,0
173417,1214,0,0,0,1,0
173610,1215,0,0,0,1,0
173809,1216,0,0,0,1,0
174018,1217,0,0,0,1,0
174237,1218,0,0,0,1,0
174374,1219,0,0,0,1,0
174505,1220,0,0,0,1,0
174633,1221,0,0,0,1,0
174827,1222,0,0,0,1,0
174975,1223,0,0,0,1,0
175104,1224,0,0,0,1,0
175306,1225,0,0,0,1,0
175495,1226,0,0,0,1,0
175681,1227,0,0,0,1,0
175885,1228,0,0,0,1,0
176030,1229,0,0,0,1,0
176201,1230,0,0,0,1,0
176341,1231,0,0,0,1,0
176541,1232,0,0,0,1,0
176725,1233,0,0,0,1,0
176894,1234,0,0,0,1,0
177029,1235,0,0,0,1,0
177190,1236,0,0,0,1,0
177334,1237,0,0,0,1,0
177453,1238,0,0,0,1,0
177639,1239,0,0,0,1,0
177775,1240,0,0,0,1,0
177945,1241,0,0,0,1,0
178083,1242,0,0,0,1,0
178249,1243,0,0,0,1,0
178449,1244,0,0,0,1,0
178580,1245,0,0,0,1,0
178790,1246,0,0,0,1,0
178912,1247,0,0,0,1,0
179125,1248,0,0,0,1,0
179269,1249,0,0,0,1,0
179392,1250,0,0,0,1,0
179562,1251,0,0,0,1,0
179758,1252,0,0,0,1,0
179896,1253,0,0,0,1,0
180048,1254,0,0,0,1,0
180233,1255,0,0,0,1,0
180349,1256,0,0,0,1,0
180521,1257,0,0,0,1,0
180693,1258,0,0,0,1,0
180846,1259,0,0,0,1,0
180991,1260,0,0,0,1,0
181207,1261,0,0,0,1,0
181432,1262,0,0,0,1,0
181434,1263,1,0,0,0,0
181621,1264,0,0,0,1,0
181816,1265,0,0,0,1,0
181978,1266,0,0,0,1,0
182099,1267,0,0,0,1,0
182269,1268,0,0,0,1,0
182270,1269,1,0,0,0,0
182272,1270,1,0,0,0,0
182420,1271,0,0,0,1,0
182604,1272,0,0,0,1,0
182799,1273,0,0,0,1,0
182946,1274,0,0,0,1,0
183116,1275,0,0,0,1,0
183221,1276,0,0,0,1,0
183401,1277,0,0,0,1,0
183620,1278,0,0,0,1,0
183808,1279,0,0,0,1,0
183982,1280,0,0,0,1,0
184071,1281,0,0,0,1,0
184267,1282,0,0,0,1,0
184445,1283,0,0,0,1,0
184612,1284,0,0,0,1,0
184818,1285,0,0,0,1,0
185020,1286,0,0,0,1,0
185232,1287,0,0,0,1,0
185389,1288,0,0,0,1,0
185503,1289,0,0,0,1,0
185629,1290,0,0,0,1,0
185721,1291,0,0,0,1,0
185926,1292,0,0,0,1,0
186067,1293,0,0,0,1,0
186273,1294,0,0,0,1,0
186494,1295,0,0,0,1,0
186602,1296,0,0,0,1,0
186606,1297,1,0,0,0,0
186702,1298,0,0,0,1,0
186829,1299,0,0,0,1,0
187032,1300,0,0,0,1,0
187218,1301,0,0,0,1,0
187411,1302,0,0,0,1,0
187598,1303,0,0,0,1,0
187780,1304,0,0,0,1,0
187948,1305,0,0,0,1,0
188116,1306,0,0,0,1,0
188268,1307,0,0,0,1,0
188428,1308,0,0,0,1,0
188450,1309,0,0,1,0,0
188613,1310,0,0,0,1,0
188835,1311,0,0,0,1,0
188973,1312,0,0,0,1,0
189162,1313,0,0,0,1,0
189266,1314,0,0,0,1,0
189425,1315,0,0,0,1,0
189548,1316,0,0,0,1,0
189688,1317,0,0,0,1,0
189694,1318,1,0,0,0,0
189842,1319,0,0,0,1,0
189851,1320,1,0,0,0,0
189994,1321,0,0,0,1,0
190131,1322,0,0,0,1,0
190251,1323,0,0,0,1,0
190406,1324,0,0,0,1,0
190609,1325,0,0,0,1,0
190758,1326,0,0,0,1,0
190896,1327,0,0,0,1,0
191082,1328,0,0,0,1,0
191280,1329,0,0,0,1,0
191439,1330,0,0,0,1,0
191602,1331,0,0,0,1,0
191789,1332,0,0,0,1,0
191958,1333,0,0,0,1,0
191963,1334,1,0,0,0,0
192118,1335,0,0,0,1,0
192124,1336,1,0,0,0,0
192254,1337,0,0,0,1,0
192397,1338,0,0,0,1,0
192582,1339,0,0,0,1,0
192792,1340,0,0,0,1,0
192941,1341,0,0,0,1,0
192948,1342,1,0,0,0,0
193049,1343,0,0,0,1,0
193255,1344,0,0,0,1,0
193423,1345,0,0,0,1,0
193641,1346,0,0,0,1,0
193790,1347,0,0,0,1,0
193893,1348,0,0,0,1,0
194083,1349,0,0,0,1,0
194243,1350,0,0,0,1,0
194341,1351,0,0,0,1,0
194455,1352,0,0,0,1,0
194644,1353,0,0,0,1,0
194805,1354,0,0,0,1,0
194975,1355,0,0,0,1,0
195131,1356,0,0,0,1,0
195260,1357,0,0,0,1,0
195368,1358,0,0,0,1,0
195572,1359,0,0,0,1,0
195707,1360,0,0,0,1,0
195899,1361,0,0,0,1,0
196097,1362,0,0,0,1,0
196225,1363,0,0,0,1,0
196364,1364,0,0,0,1,0
196459,1365,0,0,0,1,0
196554,1366,0,0,0,1,0
196644,1367,0,0,0,1,0
196765,1368,0,0,0,1,0
196933,1369,0,0,0,1,0
197038,1370,0,0,0,1,0
197266,1371,0,0,0,1,0
197278,1372,1,0,0,0,0
197390,1373,0,0,0,1,0
197611,1374,0,0,0,1,0
197817,1375,0,0,0,1,0
197947,1376,0,0,0,1,0
198118,1377,0,0,0,1,0
198275,1378,0,0,0,1,0
198373,1379,0,0,0,1,0
198536,1380,0,0,0,1,0
198696,1381,0,0,0,1,0
198842,1382,0,0,0,1,0
198994,1383,0,0,0,1,0
199141,1384,0,0,0,1,0
199330,1385,0,0,0,1,0
199445,1386,0,0,0,1,0
199580,1387,0,0,0,1,0
199774,1388,0,0,0,1,0
199879,1389,0,0,0,1,0
200037,1390,0,0,0,1,0
200172,1391,0,0,0,1,0
200374,1392,0,0,0,1,0
200489,1393,0,0,0,1,0
200651,1394,0,0,0,1,0
200849,1395,0,0,0,1,0
201019,1396,0,0,0,1,0
201231,1397,0,0,0,1,0
201345,1398,0,0,0,1,0
201541,1399,0,0,0,1,0
201729,1400,0,0,0,1,0
201869,1401,0,0,0,1,0
201970,1402,0,0,0,1,0
202134,1403,0,0,0,1,0
202263,1404,0,0,0,1,0
202418,1405,0,0,0,1,0
202608,1406,0,0,0,1,0
202751,1407,0,0,0,1,0
202758,1408,1,0,0,0,0
202866,1409,0,0,0,1,0
202996,1410,0,0,0,1,0
203162,1411,0,0,0,1,0
203315,1412,0,0,0,1,0
203499,1413,0,0,0,1,0
203507,1414,1,0,0,0,0
203516,1415,1,0,0,0,0
203665,1416,0,0,0,1,0
203784,1417,0,0,1,0,0
203973,1418,0,0,0,1,0
204106,1419,0,0,0,1,0
204254,1420,0,0,0,1,0
204469,1421,0,0,0,1,0
204692,1422,0,0,0,1,0
204815,1423,0,0,0,1,0
205013,1424,0,0,0,1,0
205173,1425,0,0,0,1,0
205314,1426,0,0,0,1,0
205320,1427,1,0,0,0,0
205502,1428,0,0,0,1,0
205700,1429,0,0,0,1,0
205874,1430,0,0,0,1,0
206026,1431,0,0,0,1,0
206206,1432,0,0,0,1,0
206340,1433,0,0,0,1,0
206542,1434,0,0,0,1,0
206699,1435,0,0,0,1,0
206703,1436,1,0,0,0,0
206830,1437,0,0,0,1,0
207041,1438,0,0,0,1,0
207203,1439,0,0,0,1,0
207365,1440,0,0,0,1,0
207508,1441,0,0,0,1,0
207669,1442,0,0,0,1,0
207822,1443,0,0,0,1,0
207989,1444,0,0,0,1,0
208163,1445,0,0,0,1,0
208320,1446,0,0,0,1,0
208540,1447,0,0,0,1,0
208664,1448,0,0,0,1,0
208857,1449,0,0,0,1,0
209051,1450,0,0,0,1,0
209052,1451,1,0,0,0,0
209191,1452,0,0,0,1,0
209326,1453,0,0,0,1,0
209524,1454,0,0,0,1,0
209684,1455,0,0,0,1,0
209827,1456,0,0,0,1,0
210018,1457,0,0,0,1,0
210130,1458,0,0,0,1,0
210331,1459,0,0,0,1,0
210474,1460,0,0,0,1,0
210682,1461,0,0,0,1,0
210834,1462,0,0,0,1,0
211037,1463,0,0,0,1,0
211212,1464,0,0,0,1,0
211400,1465,0,0,0,1,0
211614,1466,0,0,0,1,0
211812,1467,0,0,0,1,0
211994,1468,0,0,0,1,0
212203,1469,0,0,0,1,0
212338,1470,0,0,0,1,0
212472,1471,0,0,0,1,0
212660,1472,0,0,0,1,0
212860,1473,0,0,0,1,0
213081,1474,0,0,0,1,0
213199,1475,0,0,0,1,0
213373,1476,0,0,0,1,0
213572,1477,0,0,0,1,0
213725,1478,0,0,0,1,0
213879,1479,0,0,0,1,0
214062,1480,0,0,0,1,0
214208,1481,0,0,0,1,0
214399,1482,0,0,0,1,0
214494,1483,0,0,0,1,0
214667,1484,0,0,0,1,0
214675,1485,1,0,0,0,0
214894,1486,0,0,0,1,0
215031,1487,0,0,0,1,0
215215,1488,0,0,0,1,0
215363,1489,0,0,0,1,0
215561,1490,0,0,0,1,0
215766,1491,0,0,0,1,0
215967,1492,0,0,0,1,0
216143,1493,0,0,0,1,0
216326,1494,0,0,0,1,0
216529,1495,0,0,0,1,0
216674,1496,0,0,0,1,0
216841,1497,0,0,0,1,0
217031,1498,0,0,0,1,0
217164,1499,0,0,0,1,0
217334,1500,0,0,0,1,0
217441,1501,0,0,0,1,0
217652,1502,0,0,0,1,0
217837,1503,0,0,0,1,0
218038,1504,0,0,0,1,0
218227,1505,0,0,0,1,0
218392,1506,0,0,0,1,0
218585,1507,0,0,0,1,0
218743,1508,0,0,0,1,0
218940,1509,0,0,0,1,0
219140,1510,0,0,0,1,0
219357,1511,0,0,0,1,0
219527,1512,0,0,0,1,0
219680,1513,0,0,0,1,0
219742,1514,0,0,1,0,0
219831,1515,0,0,0,1,0
219965,1516,0,0,0,1,0
220157,1517,0,0,0,1,0
220160,1518,1,0,0,0,0
220380,1519,0,0,0,1,0
220521,1520,0,0,0,1,0
220677,1521,0,0,0,1,0
220682,1522,1,0,0,0,0
220861,1523,0,0,0,1,0
220983,1524,0,0,0,1,0
221148,1525,0,0,0,1,0
221270,1526,0,0,0,1,0
221448,1527,0,0,0,1,0
221460,1528,1,0,0,0,0
221577,1529,0,0,0,1,0
221584,1530,1,0,0,0,0
221709,1531,0,0,0,1,0
221845,1532,0,0,0,1,0
221977,1533,0,0,0,1,0
222122,1534,0,0,0,1,0
222259,1535,0,0,0,1,0
222472,1536,0,0,0,1,0
222649,1537,0,0,0,1,0
222839,1538,0,0,0,1,0
223019,1539,0,0,0,1,0
223140,1540,0,0,0,1,0
223342,1541,0,0,0,1,0
223532,1542,0,0,0,1,0
223534,1543,1,0,0,0,0
223726,1544,0,0,0,1,0
223900,1545,0,0,0,1,0
224060,1546,0,0,0,1,0
224244,1547,0,0,0,1,0
224436,1548,0,0,0,1,0
224444,1549,1,0,0,0,0
224653,1550,0,0,0,1,0
224793,1551,0,0,0,1,0
224995,1552,0,0,0,1,0
225197,1553,0,0,0,1,0
225360,1554,0,0,0,1,0
225564,1555,0,0,0,1,0
225665,1556,0,0,0,1,0
225835,1557,0,0,0,1,0
225840,1558,1,0,0,0,0
226004,1559,0,0,0,1,0
226139,1560,0,0,0,1,0
226275,1561,0,0,0,1,0
226474,1562,0,0,0,1,0
226587,1563,0,0,0,1,0
226781,1564,0,0,0,1,0
226890,1565,0,0,0,1,0
227019,1566,0,0,0,1,0
227128,1567,0,0,0,1,0
227274,1568,0,0,0,1,0
227461,1569,0,0,0,1,0
227643,1570,0,0,0,1,0
227800,1571,0,0,0,1,0
227994,1572,0,0,0,1,0
228000,1573,1,0,0,0,0
228009,1574,1,0,0,0,0
228191,1575,0,0,0,1,0
228371,1576,0,0,0,1,0
228542,1577,0,0,0,1,0
228731,1578,0,0,0,1,0
228955,1579,0,0,0,1,0
229116,1580,0,0,0,1,0
229234,1581,0,0,0,1,0
229432,1582,0,0,0,1,0
229609,1583,0,0,0,1,0
229616,1584,1,0,0,0,0
229793,1585,0,0,0,1,0
229902,1586,0,0,0,1,0
230091,1587,0,0,0,1,0
230247,1588,0,0,0,1,0
230348,1589,0,0,0,1,0
230522,1590,0,0,0,1,0
230532,1591,1,0,0,0,0
230684,1592,0,0,0,1,0
230836,1593,0,0,0,1,0
230962,1594,0,0,0,1,0
231067,1595,0,0,0,1,0
231261,1596,0,0,0,1,0
231477,1597,0,0,0,1,0
231619,1598,0,0,0,1,0
231812,1599,0,0,0,1,0
231963,1600,0,0,0,1,0
231966,1601,1,0,0,0,0
232155,1602,0,0,0,1,0
232342,1603,0,0,0,1,0
232540,1604,0,0,0,1,0
232675,1605,0,0,0,1,0
232833,1606,0,0,0,1,0
232994,1607,0,0,0,1,0
233089,1608,0,0,0,1,0
233270,1609,0,0,0,1,0
233395,1610,0,0,0,1,0
233565,1611,0,0,0,1,0
233763,1612,0,0,0,1,0
233913,1613,0,0,0,1,0
234084,1614,0,0,0,1,0
234200,1615,0,0,0,1,0
234399,1616,0,0,0,1,0
234597,1617,0,0,0,1,0
234705,1618,0,0,0,1,0
234908,1619,0,0,0,1,0
235053,1620,0,0,0,1,0
235245,1621,0,0,0,1,0
235412,1622,0,0,0,1,0
235571,1623,0,0,0,1,0
235743,1624,0,0,0,1,0
235886,1625,0,0,0,1,0
236101,1626,0,0,0,1,0
236232,1627,0,0,0,1,0
236366,1628,0,0,0,1,0
236488,1629,0,0,0,1,0
236703,1630,0,0,0,1,0
236868,1631,0,0,0,1,0
236962,1632,0,0,0,1,0
237109,1633,0,0,0,1,0
237241,1634,0,0,0,1,0
237330,1635,0,0,0,1,0
237530,1636,0,0,0,1,0
237714,1637,0,0,0,1,0
237875,1638,0,0,0,1,0
238024,1639,0,0,0,1,0
238200,1640,0,0,0,1,0
238378,1641,0,0,0,1,0
238562,1642,0,0,0,1,0
238741,1643,0,0,0,1,0
238859,1644,0,0,0,1,0
239043,1645,0,0,0,1,0
239253,1646,0,0,0,1,0
239435,1647,0,0,0,1,0
239621,1648,0,0,0,1,0
239788,1649,0,0,0,1,0
239928,1650,0,0,0,1,0
240087,1651,0,0,0,1,0
240273,1652,0,0,0,1,0
240450,1653,0,0,0,1,0
240582,1654,0,0,0,1,0
240707,1655,0,0,0,1,0
240854,1656,0,0,0,1,0
241034,1657,0,0,0,1,0
241218,1658,0,0,0,1,0
241310,1659,0,0,0,1,0
241376,1660,0,0,1,0,0
241536,1661,0,0,0,1,0
241706,1662,0,0,0,1,0
241895,1663,0,0,0,1,0
241992,1664,0,0,0,1,0
242127,1665,0,0,0,1,0
242242,1666,0,0,0,1,0
242418,1667,0,0,0,1,0
242587,1668,0,0,0,1,0
242773,1669,0,0,0,1,0
242776,1670,1,0,0,0,0
242924,1671,0,0,0,1,0
243080,1672,0,0,0,1,0
243214,1673,0,0,0,1,0
243421,1674,0,0,0,1,0
243597,1675,0,0,0,1,0
243804,1676,0,0,0,1,0
243916,1677,0,0,0,1,0
244076,1678,0,0,0,1,0
244109,1679,0,0,1,0,0
244245,1680,0,0,0,1,0
244401,1681,0,0,0,1,0
244591,1682,0,0,0,1,0
244783,1683,0,0,0,1,0
244923,1684,0,0,0,1,0
245056,1685,0,0,0,1,0
245239,1686,0,0,1,0,0
245240,1687,1,0,0,0,0
245355,1688,0,0,0,1,0
245516,1689,0,0,0,1,0
245657,1690,0,0,0,1,0
245864,1691,0,0,0,1,0
246000,1692,0,0,0,1,0
246163,1693,0,0,0,1,0
246305,1694,0,0,0,1,0
246482,1695,0,0,0,1,0
246693,1696,0,0,0,1,0
246851,1697,0,0,0,1,0
246996,1698,0,0,0,1,0
247184,1699,0,0,0,1,0
247386,1700,0,0,0,1,0
247532,1701,0,0,0,1,0
247537,1702,1,0,0,0,0
247676,1703,0,0,0,1,0
247860,1704,0,0,0,1,0
248025,1705,0,0,0,1,0
248161,1706,0,0,0,1,0
248271,1707,0,0,0,1,0
248432,1708,0,0,0,1,0
248584,1709,0,0,0,1,0
248750,1710,0,0,0,1,0
248753,1711,1,0,0,0,0
248937,1712,0,0,0,1,0
249151,1713,0,0,0,1,0
249162,1714,1,0,0,0,0
249375,1715,0,0,0,1,0
249544,1716,0,0,0,1,0
249738,1717,0,0,0,1,0
249904,1718,0,0,0,1,0
250081,1719,0,0,0,1,0
250232,1720,0,0,0,1,0
250369,1721,0,0,0,1,0
250535,1722,0,0,0,1,0
250683,1723,0,0,0,1,0
250869,1724,0,0,0,1,0
251013,1725,0,0,0,1,0
251135,1726,0,0,0,1,0
251322,1727,0,0,0,1,0
251443,1728,0,0,0,1,0
251552,1729,0,0,0,1,0
251740,1730,0,0,0,1,0
251956,1731,0,0,0,1,0
252115,1732,0,0,0,1,0
252250,1733,0,0,0,1,0
252449,1734,0,0,0,1,0
252653,1735,0,0,0,1,0
252840,1736,0,0,0,1,0
252989,1737,0,0,0,1,0
253161,1738,0,0,0,1,0
253167,1739,1,0,0,0,0
253353,1740,0,0,0,1,0
253499,1741,0,0,0,1,0
253727,1742,0,0,0,1,0
253728,1743,1,0,0,0,0
253866,1744,0,0,0,1,0
254037,1745,0,0,0,1,0
254038,1746,1,0,0,0,0
254143,1747,0,0,0,1,0
254320,1748,0,0,0,1,0
254496,1749,0,0,0,1,0
254663,1750,0,0,0,1,0
254798,1751,0,0,0,1,0
254953,1752,0,0,0,1,0
255110,1753,0,0,0,1,0
255254,1754,0,0,0,1,0
255408,1755,0,0,0,1,0
255576,1756,0,0,0,1,0
255755,1757,0,0,0,1,0
255941,1758,0,0,0,1,0
256082,1759,0,0,0,1,0
256244,1760,0,0,0,1,0
256431,1761,0,0,0,1,0
256561,1762,0,0,0,1,0
256765,1763,0,0,0,1,0
256971,1764,0,0,0,1,0
256975,1765,1,0,0,0,0
257067,1766,0,0,0,1,0
257072,1767,1,0,0,0,0
257268,1768,0,0,0,1,0
257440,1769,0,0,0,1,0
257611,1770,0,0,0,1,0
257814,1771,0,0,0,1,0
257917,1772,0,0,0,1,0
258136,1773,0,0,0,1,0
258247,1774,0,0,0,1,0
258412,1775,0,0,0,1,0
258620,1776,0,0,0,1,0
258732,1777,0,0,0,1,0
258948,1778,0,0,0,1,0
259163,1779,0,0,0,1,0
259312,1780,0,0,0,1,0
259486,1781,0,0,0,1,0
259655,1782,0,0,0,1,0
259824,1783,0,0,0,1,0
259827,1784,1,0,0,0,0
259952,1785,0,0,0,1,0
260059,1786,0,0,0,1,0
260223,1787,0,0,0,1,0
260333,1788,0,0,0,1,0
260499,1789,0,0,0,1,0
260671,1790,0,0,0,1,0
260847,1791,0,0,0,1,0
260996,1792,0,0,0,1,0
261175,1793,0,0,0,1,0
261377,1794,0,0,0,1,0
261544,1795,0,0,0,1,0
261742,1796,0,0,0,1,0
261831,1797,0,0,0,1,0
262021,1798,0,0,0,1,0
262144,1799,0,0,0,1,0
262300,1800,0,0,0,1,0
262478,1801,0,0,0,1,0
262611,1802,0,0,0,1,0
262728,1803,0,0,0,1,0
262889,1804,0,0,0,1,0
263091,1805,0,0,0,1,0
263210,1806,0,0,0,1,0
263428,1807,0,0,0,1,0
263591,1808,0,0,0,1,0
263720,1809,0,0,0,1,0
263870,1810,0,0,0,1,0
264030,1811,0,0,0,1,0
264182,1812,0,0,0,1,0
264376,1813,0,0,0,1,0
264524,1814,0,0,0,1,0
264705,1815,0,0,0,1,0
264911,1816,0,0,0,1,0
265022,1817,0,0,0,1,0
265236,1818,0,0,0,1,0
265423,1819,0,0,0,1,0
265634,1820,0,0,0,1,0
265790,1821,0,0,0,1,0
265897,1822,0,0,0,1,0
266079,1823,0,0,0,1,0
266255,1824,0,0,0,1,0
266456,1825,0,0,0,1,0
266636,1826,0,0,0,1,0
266833,1827,0,0,0,1,0
267026,1828,0,0,0,1,0
267180,1829,0,0,0,1,0
267298,1830,0,0,0,1,0
267303,1831,1,0,0,0,0
267305,1832,1,0,0,0,0
267483,1833,0,0,0,1,0
267643,1834,0,0,0,1,0
267810,1835,0,0,0,1,0
268012,1836,0,0,0,1,0
268138,1837,0,0,0,1,0
268326,1838,0,0,0,1,0
268514,1839,0,0,0,1,0
268681,1840,0,0,0,1,0
268880,1841,0,0,0,1,0
268992,1842,0,0,0,1,0
269185,1843,0,0,0,1,0
269388,1844,0,0,0,1,0
269568,1845,0,0,0,1,0
269772,1846,0,0,0,1,0
269921,1847,0,0,0,1,0
270118,1848,0,0,0,1,0
270253,1849,0,0,0,1,0
270465,1850,0,0,0,1,0
270466,1851,1,0,0,0,0
270585,1852,0,0,0,1,0
270780,1853,0,0,0,1,0
270996,1854,0,0,0,1,0
271186,1855,0,0,0,1,0
271351,1856,0,0,0,1,0
271440,1857,0,0,0,1,0
271565,1858,0,0,0,1,0
271712,1859,0,0,0,1,0
271873,1860,0,0,0,1,0
272036,1861,0,0,0,1,0
272226,1862,0,0,0,1,0
272410,1863,0,0,0,1,0
272599,1864,0,0,0,1,0
272755,1865,0,0,0,1,0
272920,1866,0,0,0,1,0
273021,1867,0,0,0,1,0
273218,1868,0,0,0,1,0
273421,1869,0,0,0,1,0
273613,1870,0,0,0,1,0
273766,1871,0,0,0,1,0
273769,1872,1,0,0,0,0
273916,1873,0,0,0,1,0
274063,1874,0,0,0,1,0
274247,1875,0,0,0,1,0
274451,1876,0,0,0,1,0
274540,1877,0,0,0,1,0
274657,1878,0,0,0,1,0
274859,1879,0,0,0,1,0
275035,1880,0,0,0,1,0
275236,1881,0,0,0,1,0
275396,1882,0,0,0,1,0
275508,1883,0,0,0,1,0
275613,1884,0,0,0,1,0
275791,1885,0,0,0,1,0
275944,1886,0,0,0,1,0
276142,1887,0,0,0,1,0
276350,1888,0,0,0,1,0
276536,1889,0,0,0,1,0
276647,1890,0,0,0,1,0
276776,1891,0,0,0,1,0
276878,1892,0,0,0,1,0
276992,1893,0,0,0,1,0
277200,1894,0,0,0,1,0
277380,1895,0,0,0,1,0
277575,1896,0,0,0,1,0
277786,1897,0,0,0,1,0
277894,1898,0,0,0,1,0
278045,1899,0,0,0,1,0
278243,1900,0,0,0,1,0
278346,1901,0,0,0,1,0
278550,1902,0,0,0,1,0
278728,1903,0,0,0,1,0
278907,1904,0,0,0,1,0
278996,1905,0,0,0,1,0
279204,1906,0,0,0,1,0
279326,1907,0,0,0,1,0
279506,1908,0,0,0,1,0
279609,1909,0,0,0,1,0
279766,1910,0,0,0,1,0
279774,1911,1,0,0,0,0
279865,1912,0,0,0,1,0
280009,1913,0,0,0,1,0
280183,1914,0,0,0,1,0
280379,1915,0,0,0,1,0
280568,1916,0,0,0,1,0
280733,1917,0,0,0,1,0
280925,1918,0,0,0,1,0
281123,1919,0,0,0,1,0
281335,1920,0,0,0,1,0
281340,1921,1,0,0,0,0
281466,1922,0,0,0,1,0
281562,1923,0,0,0,1,0
281733,1924,0,0,0,1,0
281853,1925,0,0,0,1,0
282000,1926,0,0,0,1,0
282196,1927,0,0,0,1,0
282392,1928,0,0,0,1,0
282581,1929,0,0,0,1,0
282682,1930,0,0,0,1,0
282857,1931,0,0,0,1,0
283030,1932,0,0,0,1,0
283163,1933,0,0,0,1,0
283317,1934,0,0,0,1,0
283450,1935,0,0,0,1,0
283647,1936,0,0,0,1,0
283831,1937,0,0,0,1,0
283972,1938,0,0,0,1,0
284127,1939,0,0,0,1,0
284291,1940,0,0,0,1,0
284469,1941,0,0,0,1,0
284584,1942,0,0,0,1,0
284726,1943,0,0,0,1,0
284931,1944,0,0,0,1,0
285084,1945,0,0,0,1,0
285243,1946,0,0,0,1,0
285424,1947,0,0,0,1,0
285572,1948,0,0,0,1,0
285709,1949,0,0,0,1,0
285895,1950,0,0,0,1,0
286058,1951,0,0,0,1,0
286247,1952,0,0,0,1,0
286442,1953,0,0,0,1,0
286446,1954,1,0,0,0,0
286624,1955,0,0,0,1,0
286793,1956,0,0,0,1,0
286797,1957,1,0,0,0,0
287012,1958,0,0,0,1,0
287230,1959,0,0,0,1,0
287415,1960,0,0,0,1,0
287591,1961,0,0,0,1,0
287761,1962,0,0,0,1,0
287956,1963,0,0,0,1,0
287964,1964,1,0,0,0,0
288141,1965,0,0,0,1,0
288281,1966,0,0,0,1,0
288449,1967,0,0,0,1,0
288542,1968,0,0,0,1,0
288747,1969,0,0,0,1,0
288871,1970,0,0,0,1,0
288872,1971,1,0,0,0,0
289002,1972,0,0,0,1,0
289143,1973,0,0,0,1,0
289329,1974,0,0,0,1,0
289381,1975,0,0,1,0,0
289498,1976,0,0,0,1,0
289655,1977,0,0,0,1,0
289830,1978,0,0,0,1,0
290051,1979,0,0,0,1,0
290055,1980,1,0,0,0,0
290180,1981,0,0,0,1,0
290386,1982,0,0,0,1,0
290568,1983,0,0,0,1,0
290689,1984,0,0,0,1,0
290803,1985,0,0,0,1,0
290933,1986,0,0,0,1,0
291129,1987,0,0,0,1,0
291333,1988,0,0,0,1,0
291529,1989,0,0,0,1,0
291691,1990,0,0,0,1,0
291893,1991,0,0,0,1,0
291894,1992,1,0,0,0,0
292060,1993,0,0,0,1,0
292270,1994,0,0,0,1,0
292373,1995,0,0,0,1,0
292517,1996,0,0,0,1,0
292670,1997,0,0,0,1,0
292818,1998,0,0,0,1,0
292965,1999,0,0,0,1,0
293092,2000,0,0,0,1,0
293278,2001,0,0,0,1,0
293459,2002,0,0,0,1,0
293613,2003,0,0,0,1,0
293717,2004,0,0,0,1,0
293879,2005,0,0,0,1,0
294041,2006,0,0,0,1,0
294201,2007,0,0,0,1,0
294344,2008,0,0,0,1,0
294552,2009,0,0,0,1,0
294682,2010,0,0,0,1,0
294688,2011,1,0,0,0,0
294837,2012,0,0,0,1,0
295011,2013,0,0,0,1,0
295112,2014,0,0,0,1,0
295286,2015,0,0,0,1,0
295496,2016,0,0,0,1,0
295698,2017,0,0,0,1,0
295871,2018,0,0,0,1,0
296045,2019,0,0,0,1,0
296177,2020,0,0,0,1,0
296361,2021,0,0,0,1,0
296539,2022,0,0,0,1,0
296741,2023,0,0,1,0,0
296874,2024,0,0,0,1,0
297059,2025,0,0,0,1,0
297186,2026,0,0,0,1,0
297342,2027,0,0,0,1,0
297477,2028,0,0,0,1,0
297622,2029,0,0,0,1,0
297826,2030,0,0,0,1,0
297827,2031,1,0,0,0,0
298023,2032,0,0,0,1,0
298212,2033,0,0,0,1,0
298360,2034,0,0,0,1,0
298505,2035,0,0,0,1,0
298694,2036,0,0,0,1,0
298896,2037,0,0,0,1,0
299074,2038,0,0,0,1,0
299239,2039,0,0,0,1,0
299392,2040,0,0,0,1,0
299517,2041,0,0,0,1,0
299726,2042,0,0,0,1,0
299883,2043,0,0,0,1,0
300063,2044,0,0,0,1,0
300214,2045,0,0,0,1,0
300359,2046,0,0,0,1,0
300534,2047,0,0,0,1,0
300538,2048,1,0,0,0,0
300640,2049,0,0,0,1,0
300830,2050,0,0,0,1,0
301026,2051,0,0,0,1,0
301145,2052,0,0,0,1,0
301152,2053,1,0,0,0,0
301323,2054,0,0,0,1,0
301534,2055,0,0,0,1,0
301712,2056,0,0,0,1,0
301864,2057,0,0,0,1,0
302069,2058,0,0,0,1,0
302183,2059,0,0,0,1,0
302386,2060,0,0,0,1,0
302602,2061,0,0,0,1,0
302610,2062,1,0,0,0,0
302778,2063,0,0,0,1,0
302961,2064,0,0,0,1,0
303067,2065,0,0,0,1,0
303263,2066,0,0,0,1,0
303444,2067,0,0,0,1,0
303616,2068,0,0,0,1,0
303755,2069,0,0,0,1,0
303954,2070,0,0,0,1,0
303961,2071,1,0,0,0,0
304178,2072,0,0,0,1,0
304326,2073,0,0,0,1,0
304477,2074,0,0,0,1,0
304678,2075,0,0,0,1,0
304880,2076,0,0,0,1,0
305004,2077,0,0,0,1,0
305204,2078,0,0,0,1,0
305213,2079,1,0,0,0,0
305352,2080,0,0,0,1,0
305555,2081,0,0,0,1,0
305746,2082,0,0,0,1,0
305925,2083,0,0,0,1,0
306075,2084,0,0,0,1,0
306197,2085,0,0,0,1,0
306300,2086,0,0,0,1,0
306516,2087,0,0,0,1,0
306701,2088,0,0,0,1,0
306828,2089,0,0,0,1,0
306974,2090,0,0,0,1,0
307161,2091,0,0,0,1,0
307360,2092,0,0,0,1,0
307361,2093,1,0,0,0,0
307456,2094,0,0,0,1,0
307659,2095,0,0,0,1,0
307807,2096,0,0,0,1,0
307970,2097,0,0,0,1,0
307972,2098,1,0,0,0,0
308137,2099,0,0,0,1,0
308143,2100,1,0,0,0,0
308359,2101,0,0,0,1,0
308468,2102,0,0,0,1,0
308474,2103,1,0,0,0,0
308639,2104,0,0,0,1,0
308839,2105,0,0,0,1,0
309041,2106,0,0,0,1,0
309208,2107,0,0,0,1,0
309382,2108,0,0,0,1,0
309575,2109,0,0,0,1,0
309702,2110,0,0,0,1,0
309870,2111,0,0,0,1,0
310021,2112,0,0,0,1,0
310179,2113,0,0,0,1,0
310344,2114,0,0,0,1,0
310519,2115,0,0,0,1,0
310528,2116,1,0,0,0,0
310538,2117,1,0,0,0,0
310652,2118,0,0,0,1,0
310805,2119,0,0,0,1,0
310958,2120,0,0,0,1,0
311141,2121,0,0,0,1,0
311282,2122,0,0,0,1,0
311432,2123,0,0,0,1,0
311596,2124,0,0,0,1,0
311765,2125,0,0,0,1,0
311896,2126,0,0,0,1,0
312083,2127,0,0,0,1,0
312230,2128,0,0,0,1,0
312388,2129,0,0,0,1,0
312556,2130,0,0,0,1,0
312705,2131,0,0,0,1,0
312824,2132,0,0,0,1,0
313018,2133,0,0,0,1,0
313163,2134,0,0,0,1,0
313254,2135,0,0,0,1,0
313260,2136,1,0,0,0,0
313437,2137,0,0,0,1,0
313617,2138,0,0,0,1,0
313733,2139,0,0,0,1,0
313901,2140,0,0,0,1,0
314036,2141,0,0,0,1,0
314202,2142,0,0,0,1,0
314413,2143,0,0,0,1,0
314577,2144,0,0,0,1,0
314752,2145,0,0,0,1,0
314895,2146,0,0,0,1,0
315016,2147,0,0,0,1,0
315123,2148,0,0,0,1,0
315124,2149,1,0,0,0,0
315237,2150,0,0,0,1,0
315411,2151,0,0,0,1,0
315619,2152,0,0,0,1,0
315762,2153,0,0,0,1,0
315939,2154,0,0,0,1,0
316114,2155,0,0,0,1,0
316250,2156,0,0,0,1,0
316368,2157,0,0,0,1,0
316568,2158,0,0,0,1,0
316703,2159,0,0,0,1,0
316873,2160,0,0,0,1,0
317007,2161,0,0,0,1,0
317194,2162,0,0,0,1,0
317313,2163,0,0,0,1,0
317440,2164,0,0,0,1,0
317566,2165,0,0,0,1,0
317750,2166,0,0,0,1,0
317925,2167,0,0,0,1,0
318135,2168,0,0,0,1,0
318139,2169,1,0,0,0,0
318228,2170,0,0,0,1,0
318390,2171,0,0,0,1,0
318506,2172,0,0,0,1,0
318684,2173,0,0,0,1,0
318840,2174,0,0,0,1,0
318972,2175,0,0,0,1,0
319134,2176,0,0,0,1,0
319326,2177,0,0,0,1,0
319490,2178,0,0,0,1,0
319652,2179,0,0,0,1,0
319788,2180,0,0,0,1,0
319952,2181,0,0,0,1,0
320146,2182,0,0,0,1,0
320239,2183,0,0,0,1,0
320392,2184,0,0,0,1,0
320603,2185,0,0,0,1,0
320771,2186,0,0,0,1,0
320888,2187,0,0,0,1,0
321087,2188,0,0,0,1,0
321229,2189,0,0,0,1,0
321336,2190,0,0,0,1,0
321479,2191,0,0,0,1,0
321648,2192,0,0,0,1,0
321868,2193,0,0,0,1,0
322079,2194,0,0,0,1,0
322215,2195,0,0,0,1,0
322366,2196,0,0,0,1,0
322552,2197,0,0,0,1,0
322727,2198,0,0,0,1,0
322903,2199,0,0,0,1,0
323044,2200,0,0,0,1,0
323231,2201,0,0,0,1,0
323381,2202,0,0,0,1,0
323530,2203,0,0,0,1,0
323744,2204,0,0,0,1,0
323875,2205,0,0,0,1,0
324057,2206,0,0,0,1,0
324243,2207,0,0,0,1,0
324362,2208,0,0,0,1,0
324498,2209,0,0,0,1,0
324688,2210,0,0,0,1,0
324780,2211,0,0,0,1,0
324918,2212,0,0,0,1,0
325072,2213,0,0,0,1,0
325249,2214,0,0,0,1,0
325408,2215,0,0,0,1,0
325609,2216,0,0,0,1,0
325788,2217,0,0,0,1,0
326011,2218,0,0,0,1,0
326167,2219,0,0,0,1,0
326367,2220,0,0,0,1,0
326374,2221,1,0,0,0,0
326566,2222,0,0,0,1,0
326747,2223,0,0,0,1,0
326921,2224,0,0,0,1,0
327132,2225,0,0,0,1,0
327268,2226,0,0,0,1,0
327418,2227,0,0,0,1,0
327586,2228,0,0,0,1,0
327742,2229,0,0,0,1,0
327945,2230,0,0,0,1,0
328104,2231,0,0,0,1,0
328312,2232,0,0,0,1,0
328518,2233,0,0,0,1,0
328688,2234,0,0,0,1,0
328821,2235,0,0,0,1,0
328931,2236,0,0,0,1,0
329104,2237,0,0,0,1,0
329246,2238,0,0,0,1,0
329390,2239,0,0,0,1,0
329581,2240,0,0,0,1,0
329744,2241,0,0,0,1,0
329871,2242,0,0,0,1,0
329969,2243,0,0,0,1,0
330139,2244,0,0,0,1,0
330292,2245,0,0,0,1,0
330410,2246,0,0,0,1,0
330548,2247,0,0,0,1,0
330723,2248,0,0,0,1,0
330850,2249,0,0,0,1,0
330966,2250,0,0,0,1,0
331134,2251,0,0,0,1,0
331254,2252,0,0,0,1,0
331411,2253,0,0,0,1,0
331593,2254,0,0,0,1,0
331753,2255,0,0,0,1,0
331875,2256,0,0,0,1,0
332052,2257,0,0,0,1,0
332198,2258,0,0,0,1,0
332328,2259,0,0,0,1,0
332494,2260,0,0,0,1,0
332617,2261,0,0,0,1,0
332824,2262,0,0,0,1,0
333038,2263,0,0,0,1,0
333045,2264,1,0,0,0,0
333152,2265,0,0,0,1,0
333314,2266,0,0,0,1,0
333509,2267,0,0,0,1,0
333678,2268,0,0,0,1,0
333840,2269,0,0,0,1,0
334005,2270,0,0,0,1,0
334177,2271,0,0,0,1,0
334266,2272,0,0,0,1,0
334415,2273,0,0,0,1,0
334566,2274,0,0,0,1,0
334762,2275,0,0,0,1,0
334886,2276,0,0,0,1,0
335081,2277,0,0,0,1,0
335252,2278,0,0,0,1,0
335428,2279,0,0,0,1,0
335645,2280,0,0,0,1,0
335841,2281,0,0,0,1,0
336002,2282,0,0,0,1,0
336179,2283,0,0,0,1,0
336369,2284,0,0,0,1,0
336568,2285,0,0,0,1,0
336797,2286,0,0,0,1,0
336996,2287,0,0,0,1,0
337086,2288,0,0,0,1,0
337261,2289,0,0,0,1,0
337484,2290,0,0,0,1,0
337671,2291,0,0,0,1,0
337823,2292,0,0,0,1,0
337827,2293,1,0,0,0,0
337989,2294,0,0,0,1,0
338188,2295,0,0,0,1,0
338353,2296,0,0,0,1,0
338446,2297,0,0,0,1,0
338589,2298,0,0,0,1,0
338804,2299,0,0,0,1,0
338939,2300,0,0,0,1,0
339091,2301,0,0,0,1,0
339276,2302,0,0,0,1,0
339482,2303,0,0,0,1,0
339599,2304,0,0,0,1,0
339780,2305,0,0,0,1,0
339930,2306,0,0,0,1,0
340118,2307,0,0,0,1,0
340216,2308,0,0,0,1,0
340408,2309,0,0,0,1,0
340554,2310,0,0,0,1,0
340765,2311,0,0,0,1,0
340959,2312,0,0,0,1,0
341170,2313,0,0,0,1,0
341175,2314,1,0,0,0,0
341311,2315,0,0,0,1,0
341477,2316,0,0,0,1,0
341665,2317,0,0,0,1,0
341871,2318,0,0,0,1,0
341874,2319,1,0,0,0,0
341880,2320,1,0,0,0,0
342089,2321,0,0,0,1,0
342244,2322,0,0,0,1,0
342381,2323,0,0,0,1,0
342600,2324,0,0,0,1,0
342776,2325,0,0,0,1,0
342935,2326,0,0,0,1,0
343073,2327,0,0,0,1,0
343254,2328,0,0,0,1,0
343402,2329,0,0,0,1,0
343532,2330,0,0,0,1,0
343682,2331,0,0,0,1,0
343827,2332,0,0,0,1,0
344015,2333,0,0,0,1,0
344220,2334,0,0,0,1,0
344424,2335,0,0,0,1,0
344576,2336,0,0,0,1,0
344777,2337,0,0,0,1,0
344782,2338,1,0,0,0,0
344927,2339,0,0,0,1,0
345106,2340,0,0,0,1,0
345249,2341,0,0,0,1,0
345396,2342,0,0,0,1,0
345541,2343,0,0,0,1,0
345673,2344,0,0,0,1,0
345681,2345,1,0,0,0,0
345848,2346,0,0,0,1,0
346045,2347,0,0,0,1,0
346207,2348,0,0,0,1,0
346356,2349,0,0,0,1,0
346526,2350,0,0,0,1,0
346707,2351,0,0,0,1,0
346813,2352,0,0,0,1,0
346947,2353,0,0,0,1,0
347122,2354,0,0,0,1,0
347294,2355,0,0,0,1,0
347490,2356,0,0,0,1,0
347613,2357,0,0,0,1,0
347780,2358,0,0,0,1,0
347928,2359,0,0,0,1,0
348104,2360,0,0,0,1,0
348227,2361,0,0,0,1,0
348354,2362,0,0,0,1,0
348552,2363,0,0,0,1,0
348762,2364,0,0,0,1,0
348880,2365,0,0,0,1,0
349063,2366,0,0,0,1,0
349219,2367,0,0,0,1,0
349393,2368,0,0,0,1,0
349499,2369,0,0,0,1,0
349692,2370,0,0,0,1,0
349807,2371,0,0,0,1,0
349961,2372,0,0,0,1,0
350080,2373,0,0,0,1,0
350226,2374,0,0,0,1,0
350360,2375,0,0,0,1,0
350527,2376,0,0,0,1,0
350697,2377,0,0,0,1,0
350836,2378,0,0,0,1,0
351043,2379,0,0,0,1,0
351172,2380,0,0,0,1,0
351364,2381,0,0,0,1,0
351536,2382,0,0,0,1,0
351750,2383,0,0,0,1,0
351900,2384,0,0,0,1,0
352088,2385,0,0,0,1,0
352244,2386,0,0,0,1,0
352430,2387,0,0,0,1,0
352625,2388,0,0,0,1,0
352814,2389,0,0,0,1,0
353021,2390,0,0,0,1,0
353136,2391,0,0,0,1,0
353276,2392,0,0,0,1,0
353377,2393,0,0,0,1,0
353533,2394,0,0,0,1,0
353728,2395,0,0,0,1,0
353900,2396,0,0,0,1,0
354061,2397,0,0,0,1,0
354259,2398,0,0,0,1,0
354430,2399,0,0,0,1,0
354552,2400,0,0,0,1,0
354704,2401,0,0,0,1,0
354923,2402,0,0,0,1,0
355029,2403,0,0,0,1,0
355194,2404,0,0,0,1,0
355375,2405,0,0,0,1,0
355576,2406,0,0,0,1,0
355708,2407,0,0,0,1,0
355831,2408,0,0,0,1,0
355931,2409,0,0,0,1,0
356101,2410,0,0,0,1,0
356292,2411,0,0,0,1,0
356464,2412,0,0,0,1,0
356630,2413,0,0,0,1,0
356807,2414,0,0,0,1,0
356978,2415,0,0,0,1,0
357159,2416,0,0,0,1,0
357342,2417,0,0,0,1,0
357541,2418,0,0,0,1,0
357693,2419,0,0,0,1,0
357848,2420,0,0,0,1,0
357968,2421,0,0,0,1,0
357974,2422,1,0,0,0,0
358131,2423,0,0,0,1,0
358261,2424,0,0,0,1,0
358443,2425,0,0,0,1,0
358632,2426,0,0,0,1,0
358805,2427,0,0,0,1,0
359013,2428,0,0,0,1,0
359193,2429,0,0,0,1,0
359380,2430,0,0,0,1,0
359532,2431,0,0,0,1,0
359712,2432,0,0,0,1,0
359889,2433,0,0,0,1,0
360055,2434,0,0,0,1,0
360230,2435,0,0,0,1,0
360447,2436,0,0,0,1,0
360591,2437,0,0,0,1,0
360728,2438,0,0,0,1,0
360901,2439,0,0,0,1,0
361129,2440,0,0,0,1,0
361309,2441,0,0,0,1,0
361519,2442,0,0,0,1,0
361659,2443,0,0,0,1,0
361771,2444,0,0,0,1,0
361780,2445,1,0,0,0,0
361979,2446,0,0,0,1,0
362177,2447,0,0,0,1,0
362368,2448,0,0,0,1,0
362562,2449,0,0,0,1,0
362699,2450,0,0,0,1,0
362904,2451,0,0,0,1,0
363079,2452,0,0,0,1,0
363283,2453,0,0,0,1,0
363486,2454,0,0,0,1,0
363691,2455,0,0,0,1,0
363852,2456,0,0,0,1,0
363997,2457,0,0,0,1,0
364197,2458,0,0,0,1,0
364392,2459,0,0,0,1,0
364580,2460,0,0,0,1,0
364696,2461,0,0,0,1,0
364835,2462,0,0,0,1,0
365007,2463,0,0,0,1,0
365192,2464,0,0,0,1,0
365402,2465,0,0,0,1,0
365594,2466,0,0,0,1,0
365741,2467,0,0,0,1,0
365865,2468,0,0,0,1,0
366012,2469,0,0,0,1,0
366150,2470,0,0,0,1,0
366319,2471,0,0,0,1,0
366493,2472,0,0,0,1,0
366640,2473,0,0,0,1,0
366831,2474,0,0,0,1,0
367034,2475,0,0,0,1,0
367143,2476,0,0,0,1,0
367340,2477,0,0,0,1,0
367528,2478,0,0,0,1,0
367720,2479,0,0,0,1,0
367844,2480,0,0,0,1,0
368000,2481,0,0,0,1,0
368003,2482,1,0,0,0,0
368184,2483,0,0,0,1,0
368326,2484,0,0,0,1,0
368483,2485,0,0,0,1,0
368628,2486,0,0,0,1,0
368806,2487,0,0,0,1,0
369020,2488,0,0,0,1,0
369232,2489,0,0,0,1,0
369403,2490,0,0,0,1,0
369543,2491,0,0,0,1,0
369740,2492,0,0,0,1,0
369934,2493,0,0,0,1,0
369938,2494,1,0,0,0,0
370077,2495,0,0,0,1,0
370254,2496,0,0,0,1,0
370433,2497,0,0,0,1,0
370617,2498,0,0,0,1,0
370810,2499,0,0,0,1,0
370926,2500,0,0,0,1,0
371113,2501,0,0,0,1,0
371318,2502,0,0,0,1,0
371482,2503,0,0,0,1,0
371643,2504,0,0,0,1,0
371818,2505,0,0,0,1,0
371965,2506,0,0,0,1,0
372137,2507,0,0,0,1,0
372319,2508,0,0,0,1,0
372489,2509,0,0,0,1,0
372712,2510,0,0,0,1,0
372911,2511,0,0,0,1,0
373034,2512,0,0,0,1,0
373221,2513,0,0,0,1,0
373412,2514,0,0,0,1,0
373415,2515,1,0,0,0,0
373597,2516,0,0,0,1,0
373790,2517,0,0,0,1,0
373898,2518,0,0,0,1,0
374058,2519,0,0,0,1,0
374264,2520,0,0,0,1,0
374365,2521,0,0,0,1,0
374558,2522,0,0,0,1,0
374773,2523,0,0,0,1,0
374965,2524,0,0,0,1,0
375130,2525,0,0,0,1,0
375336,2526,0,0,0,1,0
375535,2527,0,0,0,1,0
375695,2528,0,0,0,1,0
375823,2529,0,0,0,1,0
375956,2530,0,0,0,1,0
376170,2531,0,0,0,1,0
376372,2532,0,0,0,1,0
376538,2533,0,0,0,1,0
376726,2534,0,0,0,1,0
376834,2535,0,0,0,1,0
376951,2536,0,0,0,1,0
377134,2537,0,0,0,1,0
377350,2538,0,0,0,1,0
377566,2539,0,0,0,1,0
377713,2540,0,0,0,1,0
377714,2541,1,0,0,0,0
377892,2542,0,0,0,1,0
378048,2543,0,0,0,1,0
378186,2544,0,0,0,1,0
378378,2545,0,0,0,1,0
378508,2546,0,0,0,1,0
378683,2547,0,0,0,1,0
378817,2548,0,0,0,1,0
378977,2549,0,0,0,1,0
379174,2550,0,0,0,1,0
379374,2551,0,0,0,1,0
379565,2552,0,0,0,1,0
379742,2553,0,0,0,1,0
379929,2554,0,0,0,1,0
380122,2555,0,0,0,1,0
380289,2556,0,0,0,1,0
380499,2557,0,0,0,1,0
380631,2558,0,0,0,1,0
380765,2559,0,0,0,1,0
380954,2560,0,0,0,1,0
381156,2561,0,0,0,1,0
381337,2562,0,0,0,1,0
381438,2563,0,0,0,1,0
381574,2564,0,0,0,1,0
381720,2565,0,0,0,1,0
381856,2566,0,0,0,1,0
382010,2567,0,0,0,1,0
382180,2568,0,0,0,1,0
382350,2569,0,0,0,1,0
382545,2570,0,0,0,1,0
382762,2571,0,0,0,1,0
382981,2572,0,0,0,1,0
383174,2573,0,0,0,1,0
383360,2574,0,0,0,1,0
383487,2575,0,0,0,1,0
383601,2576,0,0,0,1,0
383767,2577,0,0,0,1,0
383967,2578,0,0,0,1,0
383973,2579,1,0,0,0,0
384098,2580,0,0,0,1,0
384215,2581,0,0,0,1,0
384368,2582,0,0,0,1,0
384544,2583,0,0,0,1,0
384690,2584,0,0,0,1,0
384847,2585,0,0,0,1,0
385072,2586,0,0,0,1,0
385264,2587,0,0,0,1,0
385480,2588,0,0,0,1,0
385701,2589,0,0,0,1,0
385834,2590,0,0,0,1,0
386028,2591,0,0,0,1,0
386179,2592,0,0,0,1,0
386185,2593,1,0,0,0,0
386335,2594,0,0,0,1,0
386503,2595,0,0,0,1,0
386709,2596,0,0,0,1,0
386900,2597,0,0,0,1,0
387033,2598,0,0,0,1,0
387205,2599,0,0,0,1,0
387396,2600,0,0,0,1,0
387560,2601,0,0,0,1,0
387669,2602,0,0,0,1,0
387832,2603,0,0,0,1,0
387947,2604,0,0,0,1,0
388135,2605,0,0,0,1,0
388302,2606,0,0,0,1,0
388453,2607,0,0,0,1,0
388547,2608,0,0,0,1,0
388652,2609,0,0,0,1,0
388819,2610,0,0,0,1,0
388927,2611,0,0,0,1,0
389077,2612,0,0,0,1,0
389129,2613,0,0,1,0,0
389314,2614,0,0,0,1,0
389467,2615,0,0,0,1,0
389471,2616,1,0,0,0,0
389617,2617,0,0,0,1,0
389772,2618,0,0,0,1,0
389960,2619,0,0,0,1,0
390103,2620,0,0,0,1,0
390286,2621,0,0,0,1,0
390288,2622,1,0,0,0,0
390444,2623,0,0,0,1,0
390669,2624,0,0,0,1,0
390850,2625,0,0,0,1,0
391026,2626,0,0,0,1,0
391131,2627,0,0,0,1,0
391332,2628,0,0,0,1,0
391337,2629,1,0,0,0,0
391342,2630,1,0,0,0,0
391447,2631,0,0,0,1,0
391626,2632,0,0,0,1,0
391807,2633,0,0,0,1,0
392021,2634,0,0,0,1,0
392134,2635,0,0,0,1,0
392315,2636,0,0,0,1,0
392504,2637,0,0,0,1,0
392649,2638,0,0,0,1,0
392859,2639,0,0,0,1,0
393007,2640,0,0,0,1,0
393207,2641,0,0,0,1,0
393361,2642,0,0,0,1,0
393367,2643,1,0,0,0,0
393470,2644,0,0,0,1,0
393660,2645,0,0,0,1,0
393783,2646,0,0,0,1,0
393917,2647,0,0,0,1,0
394134,2648,0,0,0,1,0
394292,2649,0,0,0,1,0
394457,2650,0,0,0,1,0
394654,2651,0,0,0,1,0
394803,2652,0,0,0,1,0
394960,2653,0,0,0,1,0
395148,2654,0,0,0,1,0
395284,2655,0,0,0,1,0
395488,2656,0,0,0,1,0
395669,2657,0,0,0,1,0
395828,2658,0,0,0,1,0
395951,2659,0,0,0,1,0
396115,2660,0,0,0,1,0
396263,2661,0,0,0,1,0
396415,2662,0,0,0,1,0
396596,2663,0,0,0,1,0
396723,2664,0,0,0,1,0
396911,2665,0,0,0,1,0
396913,2666,1,0,0,0,0
397112,2667,0,0,0,1,0
397312,2668,0,0,0,1,0
397450,2669,0,0,0,1,0
397453,2670,1,0,0,0,0
397586,2671,0,0,0,1,0
397735,2672,0,0,0,1,0
397904,2673,0,0,0,1,0
398039,2674,0,0,0,1,0
398201,2675,0,0,0,1,0
398313,2676,0,0,0,1,0
398415,2677,0,0,0,1,0
398422,2678,1,0,0,0,0
398636,2679,0,0,0,1,0
398637,2680,1,0,0,0,0
398827,2681,0,0,0,1,0
398956,2682,0,0,0,1,0
399098,2683,0,0,0,1,0
399235,2684,0,0,0,1,0
399355,2685,0,0,0,1,0
399454,2686,0,0,0,1,0
399630,2687,0,0,0,1,0
399816,2688,0,0,0,1,0
399948,2689,0,0,0,1,0
400091,2690,0,0,0,1,0
400266,2691,0,0,0,1,0
400448,2692,0,0,0,1,0
400631,2693,0,0,0,1,0
400637,2694,1,0,0,0,0
400777,2695,0,0,0,1,0
400932,2696,0,0,0,1,0
401058,2697,0,0,0,1,0
401263,2698,0,0,0,1,0
401361,2699,0,0,0,1,0
401526,2700,0,0,0,1,0
401700,2701,0,0,0,1,0
401900,2702,0,0,0,1,0
402092,2703,0,0,0,1,0
402278,2704,0,0,0,1,0
402477,2705,0,0,0,1,0
402635,2706,0,0,0,1,0
402740,2707,0,0,0,1,0
402931,2708,0,0,0,1,0
403064,2709,0,0,0,1,0
403241,2710,0,0,0,1,0
403341,2711,0,0,0,1,0
403543,2712,0,0,0,1,0
403737,2713,0,0,0,1,0
403856,2714,0,0,0,1,0
404039,2715,0,0,0,1,0
404235,2716,0,0,0,1,0
404416,2717,0,0,0,1,0
404522,2718,0,0,0,1,0
404736,2719,0,0,0,1,0
404876,2720,0,0,0,1,0
405067,2721,0,0,0,1,0
405279,2722,0,0,0,1,0
405396,2723,0,0,0,1,0
405399,2724,1,0,0,0,0
405403,2725,1,0,0,0,0
405566,2726,0,0,0,1,0
405718,2727,0,0,0,1,0
405725,2728,1,0,0,0,0
405863,2729,0,0,0,1,0
405987,2730,0,0,0,1,0
406138,2731,0,0,0,1,0
406334,2732,0,0,0,1,0
406548,2733,0,0,0,1,0
406742,2734,0,0,0,1,0
406892,2735,0,0,0,1,0
407040,2736,0,0,0,1,0
407167,2737,0,0,0,1,0
407173,2738,1,0,0,0,0
407366,2739,0,0,0,1,0
407584,2740,0,0,0,1,0
407733,2741,0,0,0,1,0
407916,2742,0,0,0,1,0
408039,2743,0,0,0,1,0
408147,2744,0,0,0,1,0
408278,2745,0,0,0,1,0
408484,2746,0,0,0,1,0
408583,2747,0,0,0,1,0
408715,2748,0,0,0,1,0
408887,2749,0,0,0,1,0
408987,2750,0,0,0,1,0
409096,2751,0,0,0,1,0
409196,2752,0,0,0,1,0
409354,2753,0,0,0,1,0
409501,2754,0,0,0,1,0
409694,2755,0,0,0,1,0
409864,2756,0,0,0,1,0
410057,2757,0,0,0,1,0
410229,2758,0,0,0,1,0
410344,2759,0,0,0,1,0
410519,2760,0,0,0,1,0
410681,2761,0,0,0,1,0
410842,2762,0,0,0,1,0
411041,2763,0,0,0,1,0
411047,2764,1,0,0,0,0
411226,2765,0,0,0,1,0
411419,2766,0,0,0,1,0
411614,2767,0,0,0,1,0
411623,2768,1,0,0,0,0
411834,2769,0,0,0,1,0
411957,2770,0,0,0,1,0
412170,2771,0,0,0,1,0
412316,2772,0,0,0,1,0
412501,2773,0,0,0,1,0
412665,2774,0,0,0,1,0
412856,2775,0,0,0,1,0
412953,2776,0,0,0,1,0
413164,2777,0,0,0,1,0
413363,2778,0,0,0,1,0
413364,2779,1,0,0,0,0
413549,2780,0,0,0,1,0
413664,2781,0,0,0,1,0
413862,2782,0,0,0,1,0
413989,2783,0,0,0,1,0
414103,2784,0,0,0,1,0
414245,2785,0,0,0,1,0
414410,2786,0,0,0,1,0
414557,2787,0,0,0,1,0
414663,2788,0,0,0,1,0
414778,2789,0,0,0,1,0
414955,2790,0,0,0,1,0
415126,2791,0,0,0,1,0
415247,2792,0,0,0,1,0
415443,2793,0,0,0,1,0
415601,2794,0,0,0,1,0
415724,2795,0,0,0,1,0
415924,2796,0,0,0,1,0
416081,2797,0,0,0,1,0
416254,2798,0,0,0,1,0
416439,2799,0,0,0,1,0
416594,2800,0,0,0,1,0
416760,2801,0,0,0,1,0
416960,2802,0,0,0,1,0
417074,2803,0,0,0,1,0
417078,2804,1,0,0,0,0
417271,2805,0,0,0,1,0
417416,2806,0,0,0,1,0
417626,2807,0,0,0,1,0
417779,2808,0,0,0,1,0
417960,2809,0,0,0,1,0
418116,2810,0,0,0,1,0
418271,2811,0,0,0,1,0
418479,2812,0,0,0,1,0
418634,2813,0,0,0,1,0
418723,2814,0,0,0,1,0
418902,2815,0,0,0,1,0
419042,2816,0,0,0,1,0
419048,2817,1,0,0,0,0
419182,2818,0,0,0,1,0
419369,2819,0,0,0,1,0
419488,2820,0,0,0,1,0
419585,2821,0,0,0,1,0
419734,2822,0,0,0,1,0
419896,2823,0,0,0,1,0
420071,2824,0,0,0,1,0
420211,2825,0,0,0,1,0
420399,2826,0,0,0,1,0
420529,2827,0,0,0,1,0
420658,2828,0,0,0,1,0
420812,2829,0,0,0,1,0
421014,2830,0,0,0,1,0
421208,2831,0,0,0,1,0
421392,2832,0,0,0,1,0
421567,2833,0,0,0,1,0
421736,2834,0,0,0,1,0
421872,2835,0,0,0,1,0
421882,2836,1,0,0,0,0
422017,2837,0,0,0,1,0
422112,2838,0,0,0,1,0
422221,2839,0,0,0,1,0
422442,2840,0,0,0,1,0
422553,2841,0,0,0,1,0
422753,2842,0,0,0,1,0
422902,2843,0,0,0,1,0
423114,2844,0,0,0,1,0
423265,2845,0,0,0,1,0
423444,2846,0,0,0,1,0
423557,2847,0,0,0,1,0
423749,2848,0,0,0,1,0
423964,2849,0,0,0,1,0
424111,2850,0,0,0,1,0
424280,2851,0,0,0,1,0
424409,2852,0,0,0,1,0
424580,2853,0,0,0,1,0
424696,2854,0,0,0,1,0
424892,2855,0,0,0,1,0
425054,2856,0,0,0,1,0
425233,2857,0,0,0,1,0
425445,2858,0,0,0,1,0
425585,2859,0,0,0,1,0
425808,2860,0,0,0,1,0
425966,2861,0,0,0,1,0
426100,2862,0,0,0,1,0
426223,2863,0,0,0,1,0
426419,2864,0,0,0,1,0
426587,2865,0,0,0,1,0
426786,2866,0,0,0,1,0
426957,2867,0,0,0,1,0
427183,2868,0,0,0,1,0
427191,2869,1,0,0,0,0
427196,2870,1,0,0,0,0
427350,2871,0,0,0,1,0
427450,2872,0,0,0,1,0
427579,2873,0,0,0,1,0
427763,2874,0,0,0,1,0
427897,2875,0,0,0,1,0
427999,2876,0,0,0,1,0
428181,2877,0,0,0,1,0
428364,2878,0,0,0,1,0
428580,2879,0,0,0,1,0
428808,2880,0,0,0,1,0
428964,2881,0,0,0,1,0
429107,2882,0,0,0,1,0
429291,2883,0,0,0,1,0
429416,2884,0,0,0,1,0
429609,2885,0,0,0,1,0
429802,2886,0,0,0,1,0
429968,2887,0,0,0,1,0
430120,2888,0,0,0,1,0
430125,2889,1,0,0,0,0
430262,2890,0,0,0,1,0
430440,2891,0,0,0,1,0
430635,2892,0,0,0,1,0
430769,2893,0,0,0,1,0
430956,2894,0,0,0,1,0
430957,2895,1,0,0,0,0
431147,2896,0,0,0,1,0
431155,2897,1,0,0,0,0
431250,2898,0,0,0,1,0
431255,2899,1,0,0,0,0
431377,2900,0,0,0,1,0
431551,2901,0,0,0,1,0
431715,2902,0,0,0,1,0
431842,2903,0,0,0,1,0
432025,2904,0,0,0,1,0
432170,2905,0,0,0,1,0
432324,2906,0,0,0,1,0
432431,2907,0,0,0,1,0
432545,2908,0,0,0,1,0
432731,2909,0,0,0,1,0
432863,2910,0,0,0,1,0
433037,2911,0,0,0,1,0
433146,2912,0,0,0,1,0
433149,2913,1,0,0,0,0
433267,2914,0,0,0,1,0
433424,2915,0,0,0,1,0
433528,2916,0,0,0,1,0
433719,2917,0,0,0,1,0
433907,2918,0,0,0,1,0
434101,2919,0,0,0,1,0
434209,2920,0,0,0,1,0
434413,2921,0,0,0,1,0
434599,2922,0,0,0,1,0
434803,2923,0,0,0,1,0
434943,2924,0,0,0,1,0
435151,2925,0,0,0,1,0
435337,2926,0,0,0,1,0
435523,2927,0,0,0,1,0
435737,2928,0,0,0,1,0
435741,2929,1,0,0,0,0
435855,2930,0,0,0,1,0
435948,2931,0,0,0,1,0
436143,2932,0,0,0,1,0
436302,2933,0,0,0,1,0
436488,2934,0,0,0,1,0
436689,2935,0,0,0,1,0
436869,2936,0,0,0,1,0
436874,2937,1,0,0,0,0
437062,2938,0,0,0,1,0
437278,2939,0,0,0,1,0
437369,2940,0,0,0,1,0
437564,2941,0,0,0,1,0
437775,2942,0,0,0,1,0
437874,2943,0,0,0,1,0
438015,2944,0,0,0,1,0
438194,2945,0,0,0,1,0
438325,2946,0,0,0,1,0
438477,2947,0,0,0,1,0
438483,2948,1,0,0,0,0
438598,2949,0,0,0,1,0
438605,2950,1,0,0,0,0
438822,2951,0,0,0,1,0
438982,2952,0,0,0,1,0
439159,2953,0,0,0,1,0
439352,2954,0,0,0,1,0
439496,2955,0,0,0,1,0
439635,2956,0,0,0,1,0
439638,2957,1,0,0,0,0
439788,2958,0,0,0,1,0
439996,2959,0,0,0,1,0
440146,2960,0,0,0,1,0
440242,2961,0,0,0,1,0
440414,2962,0,0,0,1,0
440620,2963,0,0,0,1,0
440832,2964,0,0,0,1,0
440840,2965,1,0,0,0,0
441013,2966,0,0,0,1,0
441179,2967,0,0,0,1,0
441356,2968,0,0,0,1,0
441519,2969,0,0,0,1,0
441697,2970,0,0,0,1,0
441786,2971,0,0,0,1,0
441961,2972,0,0,0,1,0
442161,2973,0,0,0,1,0
442326,2974,0,0,0,1,0
442468,2975,0,0,0,1,0
442628,2976,0,0,0,1,0
442760,2977,0,0,0,1,0
442875,2978,0,0,0,1,0
443071,2979,0,0,0,1,0
443250,2980,0,0,0,1,0
443353,2981,0,0,0,1,0
443501,2982,0,0,0,1,0
443695,2983,0,0,0,1,0
443874,2984,0,0,0,1,0
444042,2985,0,0,0,1,0
444219,2986,0,0,0,1,0
444415,2987,0,0,0,1,0
444610,2988,0,0,0,1,0
444759,2989,0,0,0,1,0
444892,2990,0,0,0,1,0
445029,2991,0,0,0,1,0
445238,2992,0,0,0,1,0
445431,2993,0,0,0,1,0
445582,2994,0,0,0,1,0
445779,2995,0,0,0,1,0
445911,2996,0,0,0,1,0
446123,2997,0,0,0,1,0
446255,2998,0,0,0,1,0
446457,2999,0,0,0,1,0
446649,3000,0,0,0,1,0
446808,3001,0,0,0,1,0
446815,3002,1,0,0,0,0
446987,3003,0,0,0,1,0
447194,3004,0,0,0,1,0
447385,3005,0,0,0,1,0
447573,3006,0,0,0,1,0
447752,3007,0,0,0,1,0
447860,3008,0,0,0,1,0
447972,3009,0,0,0,1,0
447978,3010,1,0,0,0,0
448108,3011,0,0,0,1,0
448210,3012,0,0,0,1,0
448410,3013,0,0,0,1,0
448535,3014,0,0,0,1,0
448537,3015,1,0,0,0,0
448729,3016,0,0,0,1,0
448734,3017,1,0,0,0,0
448933,3018,0,0,0,1,0
449062,3019,0,0,0,1,0
449069,3020,1,0,0,0,0
449209,3021,0,0,0,1,0
449352,3022,0,0,0,1,0
449453,3023,0,0,0,1,0
449675,3024,0,0,0,1,0
449854,3025,0,0,0,1,0
450050,3026,0,0,0,1,0
450252,3027,0,0,0,1,0
450462,3028,0,0,0,1,0
450682,3029,0,0,0,1,0
450864,3030,0,0,0,1,0
451043,3031,0,0,0,1,0
451255,3032,0,0,0,1,0
451444,3033,0,0,0,1,0
451642,3034,0,0,0,1,0
451827,3035,0,0,0,1,0
451986,3036,0,0,0,1,0
452161,3037,0,0,0,1,0
452347,3038,0,0,0,1,0
452455,3039,0,0,0,1,0
452577,3040,0,0,0,1,0
452739,3041,0,0,0,1,0
452924,3042,0,0,0,1,0
453059,3043,0,0,0,1,0
453181,3044,0,0,0,1,0
453367,3045,0,0,0,1,0
453513,3046,0,0,0,1,0
453680,3047,0,0,0,1,0
453682,3048,1,0,0,0,0
453906,3049,0,0,0,1,0
454056,3050,0,0,0,1,0
454225,3051,0,0,0,1,0
454403,3052,0,0,0,1,0
454549,3053,0,0,0,1,0
454655,3054,0,0,0,1,0
454859,3055,0,0,0,1,0
454959,3056,0,0,0,1,0
455113,3057,0,0,0,1,0
455294,3058,0,0,0,1,0
455411,3059,0,0,0,1,0
455415,3060,1,0,0,0,0
455572,3061,0,0,0,1,0
455684,3062,0,0,0,1,0
455835,3063,0,0,0,1,0
455968,3064,0,0,0,1,0
456104,3065,0,0,0,1,0
456255,3066,0,0,0,1,0
456388,3067,0,0,0,1,0
456605,3068,0,0,0,1,0
456812,3069,0,0,0,1,0
456979,3070,0,0,0,1,0
456989,3071,1,0,0,0,0
457188,3072,0,0,0,1,0
457395,3073,0,0,0,1,0
457510,3074,0,0,0,1,0
457648,3075,0,0,0,1,0
457815,3076,0,0,0,1,0
458002,3077,0,0,0,1,0
458097,3078,0,0,0,1,0
458211,3079,0,0,0,1,0
458358,3080,0,0,0,1,0
458548,3081,0,0,0,1,0
458709,3082,0,0,0,1,0
458912,3083,0,0,0,1,0
459116,3084,0,0,0,1,0
459254,3085,0,0,0,1,0
459396,3086,0,0,0,1,0
459577,3087,0,0,0,1,0
459717,3088,0,0,0,1,0
459724,3089,1,0,0,0,0
459864,3090,0,0,0,1,0
459986,3091,0,0,0,1,0
460110,3092,0,0,0,1,0
460252,3093,0,0,0,1,0
460426,3094,0,0,0,1,0
460548,3095,0,0,0,1,0
460665,3096,0,0,0,1,0
460788,3097,0,0,0,1,0
460964,3098,0,0,0,1,0
461169,3099,0,0,0,1,0
461327,3100,0,0,0,1,0
461462,3101,0,0,0,1,0
461685,3102,0,0,0,1,0
461889,3103,0,0,0,1,0
462078,3104,0,0,0,1,0
462235,3105,0,0,0,1,0
462243,3106,1,0,0,0,0
462361,3107,0,0,0,1,0
462516,3108,0,0,0,1,0
462517,3109,1,0,0,0,0
462721,3110,0,0,0,1,0
462897,3111,0,0,0,1,0
463074,3112,0,0,0,1,0
463262,3113,0,0,0,1,0
463397,3114,0,0,0,1,0
463612,3115,0,0,0,1,0
463769,3116,0,0,0,1,0
463898,3117,0,0,0,1,0
464097,3118,0,0,0,1,0
464275,3119,0,0,0,1,0
464429,3120,0,0,0,1,0
464538,3121,0,0,0,1,0
464688,3122,0,0,0,1,0
464885,3123,0,0,0,1,0
464974,3124,0,0,0,1,0
465077,3125,0,0,0,1,0
465210,3126,0,0,0,1,0
465402,3127,0,0,0,1,0
465584,3128,0,0,0,1,0
465793,3129,0,0,0,1,0
465966,3130,0,0,0,1,0
466159,3131,0,0,0,1,0
466275,3132,0,0,0,1,0
466434,3133,0,0,0,1,0
466550,3134,0,0,0,1,0
466712,3135,0,0,0,1,0
466902,3136,0,0,0,1,0
467039,3137,0,0,0,1,0
467174,3138,0,0,0,1,0
467356,3139,0,0,0,1,0
467541,3140,0,0,0,1,0
467546,3141,1,0,0,0,0
467554,3142,1,0,0,0,0
467731,3143,0,0,0,1,0
467941,3144,0,0,0,1,0
468079,3145,0,0,0,1,0
468276,3146,0,0,0,1,0
468449,3147,0,0,0,1,0
468605,3148,0,0,0,1,0
468712,3149,0,0,0,1,0
468826,3150,0,0,0,1,0
469023,3151,0,0,0,1,0
469229,3152,0,0,0,1,0
469412,3153,0,0,0,1,0
469565,3154,0,0,0,1,0
469739,3155,0,0,0,1,0
469934,3156,0,0,0,1,0
470154,3157,0,0,0,1,0
470160,3158,1,0,0,0,0
470318,3159,0,0,0,1,0
470471,3160,0,0,0,1,0
470606,3161,0,0,0,1,0
470832,3162,0,0,0,1,0
471038,3163,0,0,0,1,0
471197,3164,0,0,0,1,0
471370,3165,0,0,0,1,0
471541,3166,0,0,0,1,0
471720,3167,0,0,0,1,0
471851,3168,0,0,0,1,0
472005,3169,0,0,0,1,0
472006,3170,1,0,0,0,0
472141,3171,0,0,0,1,0
472149,3172,1,0,0,0,0
472352,3173,0,0,0,1,0
472466,3174,0,0,0,1,0
472589,3175,0,0,0,1,0
472789,3176,0,0,0,1,0
472969,3177,0,0,0,1,0
473162,3178,0,0,0,1,0
473304,3179,0,0,0,1,0
473409,3180,0,0,0,1,0
473581,3181,0,0,0,1,0
473690,3182,0,0,0,1,0
473861,3183,0,0,0,1,0
474045,3184,0,0,0,1,0
474256,3185,0,0,0,1,0
474384,3186,0,0,0,1,0
474579,3187,0,0,0,1,0
474751,3188,0,0,0,1,0
474897,3189,0,0,0,1,0
475079,3190,0,0,0,1,0
475247,3191,0,0,0,1,0
475417,3192,0,0,0,1,0
475555,3193,0,0,0,1,0
475724,3194,0,0,0,1,0
475891,3195,0,0,0,1,0
476058,3196,0,0,0,1,0
476185,3197,0,0,0,1,0
476401,3198,0,0,0,1,0
476562,3199,0,0,0,1,0
476748,3200,0,0,0,1,0
476896,3201,0,0,0,1,0
477060,3202,0,0,0,1,0
477205,3203,0,0,0,1,0
477354,3204,0,0,0,1,0
477533,3205,0,0,0,1,0
477710,3206,0,0,0,1,0
477901,3207,0,0,0,1,0
478048,3208,0,0,0,1,0
478152,3209,0,0,0,1,0
478353,3210,0,0,0,1,0
478493,3211,0,0,0,1,0
478659,3212,0,0,0,1,0
478828,3213,0,0,0,1,0
479046,3214,0,0,0,1,0
479244,3215,0,0,0,1,0
479404,3216,0,0,0,1,0
479517,3217,0,0,0,1,0
479712,3218,0,0,0,1,0
479927,3219,0,0,0,1,0
480079,3220,0,0,0,1,0
480239,3221,0,0,0,1,0
480456,3222,0,0,0,1,0
480664,3223,0,0,0,1,0
480854,3224,0,0,0,1,0
481051,3225,0,0,0,1,0
481174,3226,0,0,0,1,0
481343,3227,0,0,0,1,0
481549,3228,0,0,0,1,0
481663,3229,0,0,0,1,0
481784,3230,0,0,0,1,0
481977,3231,0,0,0,1,0
482176,3232,0,0,0,1,0
482384,3233,0,0,0,1,0
482585,3234,0,0,0,1,0
482592,3235,1,0,0,0,0
482770,3236,0,0,0,1,0
482908,3237,0,0,0,1,0
483022,3238,0,0,0,1,0
483158,3239,0,0,0,1,0
483301,3240,0,0,0,1,0
483305,3241,1,0,0,0,0
483478,3242,0,0,0,1,0
483484,3243,1,0,0,0,0
483668,3244,0,0,0,1,0
483760,3245,0,0,0,1,0
483946,3246,0,0,0,1,0
484059,3247,0,0,0,1,0
484230,3248,0,0,0,1,0
484344,3249,0,0,0,1,0
484509,3250,0,0,0,1,0
484650,3251,0,0,0,1,0
484820,3252,0,0,0,1,0
484942,3253,0,0,0,1,0
485111,3254,0,0,0,1,0
485280,3255,0,0,0,1,0
485473,3256,0,0,0,1,0
485640,3257,0,0,0,1,0
485771,3258,0,0,0,1,0
485961,3259,0,0,0,1,0
486115,3260,0,0,0,1,0
486288,3261,0,0,0,1,0
486399,3262,0,0,0,1,0
486592,3263,0,0,0,1,0
486740,3264,0,0,0,1,0
486896,3265,0,0,0,1,0
487045,3266,0,0,0,1,0
487242,3267,0,0,0,1,0
487458,3268,0,0,0,1,0
487672,3269,0,0,0,1,0
487863,3270,0,0,0,1,0
488060,3271,0,0,0,1,0
488210,3272,0,0,0,1,0
488215,3273,1,0,0,0,0
488421,3274,0,0,0,1,0
488592,3275,0,0,0,1,0
488685,3276,0,0,0,1,0
488688,3277,1,0,0,0,0
488912,3278,0,0,0,1,0
488918,3279,1,0,0,0,0
489124,3280,0,0,0,1,0
489303,3281,0,0,0,1,0
489420,3282,0,0,0,1,0
489633,3283,0,0,0,1,0
489834,3284,0,0,0,1,0
490007,3285,0,0,0,1,0
490195,3286,0,0,0,1,0
490306,3287,0,0,0,1,0
490313,3288,1,0,0,0,0
490476,3289,0,0,0,1,0
490621,3290,0,0,0,1,0
490830,3291,0,0,0,1,0
491018,3292,0,0,0,1,0
491176,3293,0,0,0,1,0
491397,3294,0,0,0,1,0
491571,3295,0,0,0,1,0
491732,3296,0,0,0,1,0
491932,3297,0,0,0,1,0
492103,3298,0,0,0,1,0
492288,3299,0,0,0,1,0
492424,3300,0,0,0,1,0
492574,3301,0,0,0,1,0
492754,3302,0,0,0,1,0
492957,3303,0,0,0,1,0
493129,3304,0,0,0,1,0
493315,3305,0,0,0,1,0
493322,3306,1,0,0,0,0
493448,3307,0,0,0,1,0
493602,3308,0,0,0,1,0
493603,3309,1,0,0,0,0
493794,3310,0,0,0,1,0
493980,3311,0,0,0,1,0
494117,3312,0,0,0,1,0
494273,3313,0,0,0,1,0
494436,3314,0,0,0,1,0
494656,3315,0,0,0,1,0
494758,3316,0,0,0,1,0
494910,3317,0,0,0,1,0
495008,3318,0,0,0,1,0
495199,3319,0,0,0,1,0
495204,3320,1,0,0,0,0
495395,3321,0,0,0,1,0
495581,3322,0,0,0,1,0
495729,3323,0,0,0,1,0
495908,3324,0,0,0,1,0
496002,3325,0,0,0,1,0
496155,3326,0,0,0,1,0
496358,3327,0,0,0,1,0
496490,3328,0,0,0,1,0
496677,3329,0,0,0,1,0
496857,3330,0,0,0,1,0
496975,3331,0,0,0,1,0
497138,3332,0,0,0,1,0
497290,3333,0,0,0,1,0
497392,3334,0,0,0,1,0
497567,3335,0,0,0,1,0
497699,3336,0,0,0,1,0
497868,3337,0,0,0,1,0
497966,3338,0,0,0,1,0
498067,3339,0,0,0,1,0
498274,3340,0,0,0,1,0
498396,3341,0,0,0,1,0
498552,3342,0,0,0,1,0
498658,3343,0,0,0,1,0
498763,3344,0,0,0,1,0
498954,3345,0,0,0,1,0
499072,3346,0,0,0,1,0
499269,3347,0,0,0,1,0
499436,3348,0,0,0,1,0
499579,3349,0,0,0,1,0
499752,3350,0,0,0,1,0
499968,3351,0,0,0,1,0
500160,3352,0,0,0,1,0
500329,3353,0,0,0,1,0
500531,3354,0,0,0,1,0
500732,3355,0,0,0,1,0
500735,3356,1,0,0,0,0
500917,3357,0,0,0,1,0
501039,3358,0,0,0,1,0
501247,3359,0,0,0,1,0
501396,3360,0,0,0,1,0
501550,3361,0,0,0,1,0
501664,3362,0,0,0,1,0
501860,3363,0,0,0,1,0
502007,3364,0,0,0,1,0
502135,3365,0,0,0,1,0
502269,3366,0,0,0,1,0
502431,3367,0,0,0,1,0
502570,3368,0,0,0,1,0
502703,3369,0,0,0,1,0
502904,3370,0,0,0,1,0
503050,3371,0,0,0,1,0
503248,3372,0,0,0,1,0
503427,3373,0,0,0,1,0
503632,3374,0,0,0,1,0
503764,3375,0,0,0,1,0
503926,3376,0,0,0,1,0
504071,3377,0,0,0,1,0
504277,3378,0,0,0,1,0
504404,3379,0,0,0,1,0
504528,3380,0,0,0,1,0
504694,3381,0,0,0,1,0
504872,3382,0,0,0,1,0
505042,3383,0,0,0,1,0
505211,3384,0,0,0,1,0
505217,3385,1,0,0,0,0
505407,3386,0,0,0,1,0
505587,3387,0,0,0,1,0
505777,3388,0,0,0,1,0
505904,3389,0,0,0,1,0
506087,3390,0,0,0,1,0
506225,3391,0,0,0,1,0
506368,3392,0,0,0,1,0
506558,3393,0,0,0,1,0
506709,3394,0,0,0,1,0
506920,3395,0,0,0,1,0
507101,3396,0,0,0,1,0
507319,3397,0,0,0,1,0
507504,3398,0,0,0,1,0
507646,3399,0,0,0,1,0
507735,3400,0,0,0,1,0
507745,3401,1,0,0,0,0
507923,3402,0,0,0,1,0
508083,3403,0,0,0,1,0
508249,3404,0,0,0,1,0
508459,3405,0,0,0,1,0
508616,3406,0,0,0,1,0
508769,3407,0,0,0,1,0
508923,3408,0,0,0,1,0
509131,3409,0,0,0,1,0
509315,3410,0,0,0,1,0
509521,3411,0,0,0,1,0
509633,3412,0,0,0,1,0
509761,3413,0,0,0,1,0
509941,3414,0,0,0,1,0
510098,3415,0,0,0,1,0
510292,3416,0,0,0,1,0
510473,3417,0,0,0,1,0
510660,3418,0,0,0,1,0
510791,3419,0,0,0,1,0
510929,3420,0,0,0,1,0
511049,3421,0,0,0,1,0
511176,3422,0,0,0,1,0
511374,3423,0,0,0,1,0
511522,3424,0,0,0,1,0
511693,3425,0,0,0,1,0
511897,3426,0,0,0,1,0
512118,3427,0,0,0,1,0
512281,3428,0,0,0,1,0
512428,3429,0,0,0,1,0
512575,3430,0,0,0,1,0
512771,3431,0,0,0,1,0
512912,3432,0,0,0,1,0
513082,3433,0,0,0,1,0
513085,3434,1,0,0,0,0
513295,3435,0,0,0,1,0
513466,3436,0,0,0,1,0
513611,3437,0,0,0,1,0
513756,3438,0,0,0,1,0
513911,3439,0,0,0,1,0
514042,3440,0,0,0,1,0
514245,3441,0,0,0,1,0
514246,3442,1,0,0,0,0
514439,3443,0,0,0,1,0
514622,3444,0,0,0,1,0
514758,3445,0,0,0,1,0
514912,3446,0,0,0,1,0
515020,3447,0,0,0,1,0
515222,3448,0,0,0,1,0
515449,3449,0,0,0,1,0
515655,3450,0,0,0,1,0
515802,3451,0,0,0,1,0
515957,3452,0,0,0,1,0
516114,3453,0,0,0,1,0
516122,3454,1,0,0,0,0
516241,3455,0,0,0,1,0
516431,3456,0,0,0,1,0
516605,3457,0,0,0,1,0
516809,3458,0,0,0,1,0
516991,3459,0,0,0,1,0
517174,3460,0,0,0,1,0
517357,3461,0,0,0,1,0
517452,3462,0,0,0,1,0
517594,3463,0,0,0,1,0
517725,3464,0,0,0,1,0
517881,3465,0,0,0,1,0
518100,3466,0,0,0,1,0
518266,3467,0,0,0,1,0
518477,3468,0,0,0,1,0
518660,3469,0,0,0,1,0
518834,3470,0,0,0,1,0
519011,3471,0,0,0,1,0
519218,3472,0,0,0,1,0
519354,3473,0,0,0,1,0
519505,3474,0,0,0,1,0
519511,3475,1,0,0,0,0
519515,3476,1,0,0,0,0
519707,3477,0,0,0,1,0
519904,3478,0,0,0,1,0
520059,3479,0,0,0,1,0
520236,3480,0,0,0,1,0
520425,3481,0,0,0,1,0
520536,3482,0,0,0,1,0
520650,3483,0,0,0,1,0
520812,3484,0,0,0,1,0
520987,3485,0,0,0,1,0
521178,3486,0,0,0,1,0
521380,3487,0,0,0,1,0
521572,3488,0,0,0,1,0
521725,3489,0,0,0,1,0
521921,3490,0,0,0,1,0
522127,3491,0,0,0,1,0
522353,3492,0,0,0,1,0
522502,3493,0,0,0,1,0
522668,3494,0,0,0,1,0
522832,3495,0,0,0,1,0
523004,3496,0,0,0,1,0
523176,3497,0,0,0,1,0
523361,3498,0,0,0,1,0
523544,3499,0,0,0,1,0
523714,3500,0,0,0,1,0
523886,3501,0,0,0,1,0
524053,3502,0,0,0,1,0
524260,3503,0,0,0,1,0
524265,3504,1,0,0,0,0
524464,3505,0,0,0,1,0
524612,3506,0,0,0,1,0
524725,3507,0,0,0,1,0
524819,3508,0,0,0,1,0
524828,3509,1,0,0,0,0
525039,3510,0,0,0,1,0
525243,3511,0,0,0,1,0
525416,3512,0,0,0,1,0
525603,3513,0,0,0,1,0
525766,3514,0,0,0,1,0
525934,3515,0,0,0,1,0
526075,3516,0,0,0,1,0
526232,3517,0,0,0,1,0
526396,3518,0,0,0,1,0
526611,3519,0,0,0,1,0
526806,3520,0,0,0,1,0
526978,3521,0,0,0,1,0
527167,3522,0,0,0,1,0
527389,3523,0,0,0,1,0
527535,3524,0,0,0,1,0
527648,3525,0,0,0,1,0
527847,3526,0,0,0,1,0
527968,3527,0,0,0,1,0
528088,3528,0,0,0,1,0
528233,3529,0,0,0,1,0
528251,3530,0,0,1,0,0
528422,3531,0,0,0,1,0
528427,3532,1,0,0,0,0
528612,3533,0,0,0,1,0
528754,3534,0,0,0,1,0
528941,3535,0,0,0,1,0
529120,3536,0,0,0,1,0
529254,3537,0,0,0,1,0
529427,3538,0,0,0,1,0
529555,3539,0,0,0,1,0
529694,3540,0,0,0,1,0
529875,3541,0,0,0,1,0
530085,3542,0,0,0,1,0
530195,3543,0,0,0,1,0
530347,3544,0,0,0,1,0
530569,3545,0,0,0,1,0
530689,3546,0,0,0,1,0
530809,3547,0,0,0,1,0
531029,3548,0,0,0,1,0
531153,3549,0,0,0,1,0
531321,3550,0,0,0,1,0
531513,3551,0,0,0,1,0
531642,3552,0,0,0,1,0
531837,3553,0,0,0,1,0
531958,3554,0,0,0,1,0
532128,3555,0,0,0,1,0
532286,3556,0,0,0,1,0
532503,3557,0,0,0,1,0
532675,3558,0,0,0,1,0
532794,3559,0,0,0,1,0
532888,3560,0,0,0,1,0
532900,3561,1,0,0,0,0
533012,3562,0,0,0,1,0
533192,3563,0,0,0,1,0
533296,3564,0,0,0,1,0
533500,3565,0,0,0,1,0
533649,3566,0,0,0,1,0
533860,3567,0,0,0,1,0
533996,3568,0,0,0,1,0
534094,3569,0,0,0,1,0
534288,3570,0,0,0,1,0
534435,3571,0,0,0,1,0
534596,3572,0,0,0,1,0
534773,3573,0,0,0,1,0
534980,3574,0,0,0,1,0
534986,3575,1,0,0,0,0
534992,3576,1,0,0,0,0
535180,3577,0,0,0,1,0
535351,3578,0,0,0,1,0
535522,3579,0,0,0,1,0
535702,3580,0,0,0,1,0
535865,3581,0,0,0,1,0
536051,3582,0,0,0,1,0
536222,3583,0,0,0,1,0
536382,3584,0,0,0,1,0
536386,3585,1,0,0,0,0
536534,3586,0,0,0,1,0
536541,3587,1,0,0,0,0
536675,3588,0,0,0,1,0
536855,3589,0,0,0,1,0
537008,3590,0,0,0,1,0
537158,3591,0,0,0,1,0
537307,3592,0,0,0,1,0
537490,3593,0,0,0,1,0
537654,3594,0,0,0,1,0
537827,3595,0,0,0,1,0
537981,3596,0,0,0,1,0
538170,3597,0,0,0,1,0
538336,3598,0,0,0,1,0
538474,3599,0,0,0,1,0
538669,3600,0,0,0,1,0
538794,3601,0,0,0,1,0
538943,3602,0,0,0,1,0
539118,3603,0,0,0,1,0
539272,3604,0,0,0,1,0
539445,3605,0,0,0,1,0
539572,3606,0,0,0,1,0
539762,3607,0,0,0,1,0
539931,3608,0,0,0,1,0
540078,3609,0,0,0,1,0
540243,3610,0,0,0,1,0
540418,3611,0,0,0,1,0
540597,3612,0,0,0,1,0
540721,3613,0,0,0,1,0
540875,3614,0,0,0,1,0
541031,3615,0,0,0,1,0
541215,3616,0,0,0,1,0
541362,3617,0,0,0,1,0
541566,3618,0,0,0,1,0
541571,3619,1,0,0,0,0
541756,3620,0,0,0,1,0
541886,3621,0,0,0,1,0
542002,3622,0,0,0,1,0
542141,3623,0,0,0,1,0
542331,3624,0,0,0,1,0
542332,3625,1,0,0,0,0
542450,3626,0,0,0,1,0
542649,3627,0,0,0,1,0
542783,3628,0,0,0,1,0
542962,3629,0,0,0,1,0
543146,3630,0,0,0,1,0
543303,3631,0,0,0,1,0
543458,3632,0,0,0,1,0
543617,3633,0,0,0,1,0
543725,3634,0,0,0,1,0
543923,3635,0,0,0,1,0
544027,3636,0,0,0,1,0
544165,3637,0,0,0,1,0
544298,3638,0,0,0,1,0
544388,3639,0,0,0,1,0
544599,3640,0,0,0,1,0
544729,3641,0,0,0,1,0
544834,3642,0,0,0,1,0
545018,3643,0,0,0,1,0
545154,3644,0,0,0,1,0
545159,3645,1,0,0,0,0
545341,3646,0,0,0,1,0
545450,3647,0,0,0,1,0
545624,3648,0,0,0,1,0
545818,3649,0,0,0,1,0
546028,3650,0,0,0,1,0
546167,3651,0,0,0,1,0
546292,3652,0,0,0,1,0
546506,3653,0,0,0,1,0
546726,3654,0,0,0,1,0
546829,3655,0,0,0,1,0
546965,3656,0,0,0,1,0
547125,3657,0,0,0,1,0
547314,3658,0,0,0,1,0
547480,3659,0,0,0,1,0
547681,3660,0,0,0,1,0
547892,3661,0,0,0,1,0
548067,3662,0,0,0,1,0
548217,3663,0,0,0,1,0
548410,3664,0,0,0,1,0
548614,3665,0,0,0,1,0
548622,3666,1,0,0,0,0
548814,3667,0,0,0,1,0
548954,3668,0,0,0,1,0
549123,3669,0,0,0,1,0
549318,3670,0,0,0,1,0
549445,3671,0,0,0,1,0
549550,3672,0,0,0,1,0
549704,3673,0,0,0,1,0
549880,3674,0,0,0,1,0
550023,3675,0,0,0,1,0
550178,3676,0,0,0,1,0
550347,3677,0,0,0,1,0
550524,3678,0,0,0,1,0
550714,3679,0,0,0,1,0
550893,3680,0,0,0,1,0
551084,3681,0,0,0,1,0
551085,3682,1,0,0,0,0
551271,3683,0,0,0,1,0
551417,3684,0,0,0,1,0
551623,3685,0,0,0,1,0
551790,3686,0,0,0,1,0
551946,3687,0,0,0,1,0
552056,3688,0,0,0,1,0
552198,3689,0,0,0,1,0
552371,3690,0,0,0,1,0
552585,3691,0,0,0,1,0
552729,3692,0,0,0,1,0
552861,3693,0,0,0,1,0
552990,3694,0,0,0,1,0
553180,3695,0,0,0,1,0
553285,3696,0,0,0,1,0
553412,3697,0,0,0,1,0
553611,3698,0,0,0,1,0
553780,3699,0,0,0,1,0
553955,3700,0,0,0,1,0
554105,3701,0,0,0,1,0
554292,3702,0,0,0,1,0
554482,3703,0,0,0,1,0
554599,3704,0,0,0,1,0
554723,3705,0,0,0,1,0
554899,3706,0,0,0,1,0
554906,3707,1,0,0,0,0
554911,3708,1,0,0,0,0
555070,3709,0,0,0,1,0
555259,3710,0,0,0,1,0
555356,3711,0,0,0,1,0
555551,3712,0,0,0,1,0
555554,3713,1,0,0,0,0
555758,3714,0,0,0,1,0
555874,3715,0,0,0,1,0
556014,3716,0,0,0,1,0
556202,3717,0,0,0,1,0
556370,3718,0,0,0,1,0
556553,3719,0,0,0,1,0
556716,3720,0,0,0,1,0
556910,3721,0,0,0,1,0
557085,3722,0,0,0,1,0
557223,3723,0,0,0,1,0
557367,3724,0,0,0,1,0
557547,3725,0,0,0,1,0
557732,3726,0,0,0,1,0
557883,3727,0,0,0,1,0
557992,3728,0,0,0,1,0
558088,3729,0,0,0,1,0
558090,3730,1,0,0,0,0
558234,3731,0,0,0,1,0
558359,3732,0,0,0,1,0
558538,3733,0,0,0,1,0
558717,3734,0,0,0,1,0
558837,3735,0,0,0,1,0
558997,3736,0,0,0,1,0
559202,3737,0,0,0,1,0
559414,3738,0,0,0,1,0
559550,3739,0,0,0,1,0
559677,3740,0,0,0,1,0
559866,3741,0,0,0,1,0
560018,3742,0,0,0,1,0
560237,3743,0,0,0,1,0
560449,3744,0,0,0,1,0
560450,3745,1,0,0,0,0
560639,3746,0,0,0,1,0
560645,3747,1,0,0,0,0
560836,3748,0,0,0,1,0
560941,3749,0,0,0,1,0
561071,3750,0,0,0,1,0
561240,3751,0,0,0,1,0
561249,3752,1,0,0,0,0
561447,3753,0,0,0,1,0
561598,3754,0,0,0,1,0
561745,3755,0,0,0,1,0
561876,3756,0,0,0,1,0
562030,3757,0,0,0,1,0
562202,3758,0,0,0,1,0
562382,3759,0,0,0,1,0
562603,3760,0,0,0,1,0
562781,3761,0,0,0,1,0
562971,3762,0,0,0,1,0
563156,3763,0,0,0,1,0
563354,3764,0,0,0,1,0
563526,3765,0,0,0,1,0
563715,3766,0,0,0,1,0
563913,3767,0,0,0,1,0
564043,3768,0,0,0,1,0
564224,3769,0,0,0,1,0
564383,3770,0,0,0,1,0
564601,3771,0,0,0,1,0
564770,3772,0,0,0,1,0
564951,3773,0,0,0,1,0
565125,3774,0,0,0,1,0
565295,3775,0,0,0,1,0
565489,3776,0,0,0,1,0
565631,3777,0,0,0,1,0
565779,3778,0,0,0,1,0
565956,3779,0,0,0,1,0
566157,3780,0,0,0,1,0
566367,3781,0,0,0,1,0
566465,3782,0,0,0,1,0
566630,3783,0,0,0,1,0
566782,3784,0,0,0,1,0
566887,3785,0,0,0,1,0
567079,3786,0,0,0,1,0
567270,3787,0,0,0,1,0
567461,3788,0,0,0,1,0
567588,3789,0,0,0,1,0
567721,3790,0,0,0,1,0
567925,3791,0,0,0,1,0
568135,3792,0,0,0,1,0
568330,3793,0,0,0,1,0
568482,3794,0,0,0,1,0
568629,3795,0,0,0,1,0
568827,3796,0,0,0,1,0
568925,3797,0,0,0,1,0
569076,3798,0,0,0,1,0
569215,3799,0,0,0,1,0
569367,3800,0,0,0,1,0
569550,3801,0,0,0,1,0
569745,3802,0,0,0,1,0
569857,3803,0,0,0,1,0
570015,3804,0,0,0,1,0
570200,3805,0,0,0,1,0
570424,3806,0,0,0,1,0
570615,3807,0,0,0,1,0
570621,3808,1,0,0,0,0
570811,3809,0,0,0,1,0
570812,3810,1,0,0,0,0
570969,3811,0,0,0,1,0
571173,3812,0,0,0,1,0
571379,3813,0,0,0,1,0
571571,3814,0,0,0,1,0
571786,3815,0,0,0,1,0
571964,3816,0,0,0,1,0
572185,3817,0,0,0,1,0
572363,3818,0,0,0,1,0
572517,3819,0,0,0,1,0
572644,3820,0,0,0,1,0
572858,3821,0,0,0,1,0
572986,3822,0,0,0,1,0
573164,3823,0,0,0,1,0
573307,3824,0,0,0,1,0
573477,3825,0,0,0,1,0
573676,3826,0,0,0,1,0
573856,3827,0,0,0,1,0
574000,3828,0,0,0,1,0
574187,3829,0,0,0,1,0
574370,3830,0,0,0,1,0
574549,3831,0,0,0,1,0
574717,3832,0,0,0,1,0
574888,3833,0,0,0,1,0
575033,3834,0,0,0,1,0
575174,3835,0,0,0,1,0
575293,3836,0,0,0,1,0
575500,3837,0,0,0,1,0
575695,3838,0,0,0,1,0
575904,3839,0,0,0,1,0
576086,3840,0,0,0,1,0
576284,3841,0,0,0,1,0
576499,3842,0,0,0,1,0
576711,3843,0,0,0,1,0
576883,3844,0,0,0,1,0
576893,3845,1,0,0,0,0
577088,3846,0,0,0,1,0
577284,3847,0,0,0,1,0
577487,3848,0,0,0,1,0
577604,3849,0,0,0,1,0
577773,3850,0,0,0,1,0
577945,3851,0,0,0,1,0
578060,3852,0,0,0,1,0
578245,3853,0,0,0,1,0
578253,3854,1,0,0,0,0
578424,3855,0,0,0,1,0
578575,3856,0,0,0,1,0
578710,3857,0,0,0,1,0
578846,3858,0,0,0,1,0
578851,3859,1,0,0,0,0
579058,3860,0,0,0,1,0
579189,3861,0,0,0,1,0
579364,3862,0,0,0,1,0
579474,3863,0,0,0,1,0
579621,3864,0,0,0,1,0
579810,3865,0,0,0,1,0
580024,3866,0,0,0,1,0
580157,3867,0,0,0,1,0
580316,3868,0,0,0,1,0
580506,3869,0,0,0,1,0
580623,3870,0,0,0,1,0
580762,3871,0,0,0,1,0
580906,3872,0,0,0,1,0
580907,3873,1,0,0,0,0
581092,3874,0,0,0,1,0
581099,3875,1,0,0,0,0
581287,3876,0,0,0,1,0
581447,3877,0,0,0,1,0
581623,3878,0,0,0,1,0
581765,3879,0,0,0,1,0
581933,3880,0,0,0,1,0
581935,3881,1,0,0,0,0
582088,3882,0,0,0,1,0
582181,3883,0,0,0,1,0
582347,3884,0,0,0,1,0
582538,3885,0,0,0,1,0
582729,3886,0,0,0,1,0
582732,3887,1,0,0,0,0
582739,3888,1,0,0,0,0
582848,3889,0,0,0,1,0
583070,3890,0,0,0,1,0
583292,3891,0,0,0,1,0
583473,3892,0,0,0,1,0
583602,3893,0,0,0,1,0
583780,3894,0,0,0,1,0
583911,3895,0,0,0,1,0
584077,3896,0,0,0,1,0
584280,3897,0,0,0,1,0
584397,3898,0,0,0,1,0
584533,3899,0,0,0,1,0
584726,3900,0,0,0,1,0
584929,3901,0,0,0,1,0
585125,3902,0,0,0,1,0
585248,3903,0,0,0,1,0
585434,3904,0,0,0,1,0
585615,3905,0,0,0,1,0
585780,3906,0,0,0,1,0
585942,3907,0,0,0,1,0
586114,3908,0,0,0,1,0
586267,3909,0,0,0,1,0
586452,3910,0,0,0,1,0
586643,3911,0,0,0,1,0
586813,3912,0,0,0,1,0
586944,3913,0,0,0,1,0
587052,3914,0,0,0,1,0
587236,3915,0,0,0,1,0
587357,3916,0,0,0,1,0
587537,3917,0,0,0,1,0
587642,3918,0,0,0,1,0
587804,3919,0,0,0,1,0
588004,3920,0,0,0,1,0
588151,3921,0,0,0,1,0
588353,3922,0,0,0,1,0
588361,3923,1,0,0,0,0
588496,3924,0,0,0,1,0
588669,3925,0,0,0,1,0
588778,3926,0,0,0,1,0
588780,3927,1,0,0,0,0
588782,3928,1,0,0,0,0
588982,3929,0,0,0,1,0
589105,3930,0,0,0,1,0
589283,3931,0,0,0,1,0
589460,3932,0,0,0,1,0
589601,3933,0,0,0,1,0
589779,3934,0,0,0,1,0
589786,3935,1,0,0,0,0
589791,3936,1,0,0,0,0
589896,3937,0,0,0,1,0
589901,3938,1,0,0,0,0
590028,3939,0,0,0,1,0
590033,3940,1,0,0,0,0
590228,3941,0,0,0,1,0
590322,3942,0,0,0,1,0
590506,3943,0,0,0,1,0
590728,3944,0,0,0,1,0
590903,3945,0,0,0,1,0
591087,3946,0,0,0,1,0
591093,3947,1,0,0,0,0
591260,3948,0,0,0,1,0
591439,3949,0,0,0,1,0
591607,3950,0,0,0,1,0
591614,3951,1,0,0,0,0
591763,3952,0,0,0,1,0
591770,3953,1,0,0,0,0
591876,3954,0,0,0,1,0
592013,3955,0,0,0,1,0
592198,3956,0,0,0,1,0
592313,3957,0,0,0,1,0
592455,3958,0,0,0,1,0
592642,3959,0,0,0,1,0
592777,3960,0,0,0,1,0
592982,3961,0,0,0,1,0
593153,3962,0,0,0,1,0
593346,3963,0,0,0,1,0
593352,3964,1,0,0,0,0
593549,3965,0,0,0,1,0
593740,3966,0,0,0,1,0
593939,3967,0,0,0,1,0
594138,3968,0,0,0,1,0
594304,3969,0,0,0,1,0
594511,3970,0,0,0,1,0
594674,3971,0,0,0,1,0
594807,3972,0,0,0,1,0
594994,3973,0,0,0,1,0
595171,3974,0,0,0,1,0
595372,3975,0,0,0,1,0
595577,3976,0,0,0,1,0
595751,3977,0,0,0,1,0
595850,3978,0,0,0,1,0
595854,3979,1,0,0,0,0
595989,3980,0,0,0,1,0
596175,3981,0,0,0,1,0
596359,3982,0,0,0,1,0
596511,3983,0,0,0,1,0
596671,3984,0,0,0,1,0
596876,3985,0,0,0,1,0
597043,3986,0,0,0,1,0
597231,3987,0,0,0,1,0
597238,3988,1,0,0,0,0
597368,3989,0,0,0,1,0
597373,3990,1,0,0,0,0
597534,3991,0,0,0,1,0
597704,3992,0,0,0,1,0
597915,3993,0,0,0,1,0
598053,3994,0,0,0,1,0
598174,3995,0,0,0,1,0
598321,3996,0,0,0,1,0
598493,3997,0,0,0,1,0
598653,3998,0,0,0,1,0
598859,3999,0,0,0,1,0
598948,4000,0,0,0,1,0
598951,4001,1,0,0,0,0
599137,4002,0,0,0,1,0
599325,4003,0,0,0,1,0
599463,4004,0,0,0,1,0
599588,4005,0,0,0,1,0
599774,4006,0,0,0,1,0
599962,4007,0,0,0,1,0
600156,4008,0,0,0,1,0
600157,4009,1,0,0,0,0
600343,4010,0,0,0,1,0
600515,4011,0,0,0,1,0
600650,4012,0,0,0,1,0
600651,4013,1,0,0,0,0
600865,4014,0,0,0,1,0
600991,4015,0,0,0,1,0
601188,4016,0,0,0,1,0
601385,4017,0,0,0,1,0
601502,4018,0,0,0,1,0
601692,4019,0,0,0,1,0
601890,4020,0,0,0,1,0
602085,4021,0,0,0,1,0
602277,4022,0,0,0,1,0
602480,4023,0,0,0,1,0
602667,4024,0,0,0,1,0
602789,4025,0,0,0,1,0
602907,4026,0,0,0,1,0
603077,4027,0,0,0,1,0
603210,4028,0,0,0,1,0
603393,4029,0,0,0,1,0
603400,4030,1,0,0,0,0
603514,4031,0,0,0,1,0
603694,4032,0,0,0,1,0
603842,4033,0,0,0,1,0
603981,4034,0,0,0,1,0
604104,4035,0,0,0,1,0
604295,4036,0,0,0,1,0
604518,4037,0,0,0,1,0
604651,4038,0,0,0,1,0
604797,4039,0,0,0,1,0
604943,4040,0,0,0,1,0
605103,4041,0,0,0,1,0
605243,4042,0,0,0,1,0
605436,4043,0,0,0,1,0
605554,4044,0,0,0,1,0
605755,4045,0,0,0,1,0
605861,4046,0,0,0,1,0
605987,4047,0,0,0,1,0
606167,4048,0,0,0,1,0
606281,4049,0,0,0,1,0
606424,4050,0,0,0,1,0
606515,4051,0,0,0,1,0
606718,4052,0,0,0,1,0
606871,4053,0,0,0,1,0
607094,4054,0,0,0,1,0
607292,4055,0,0,0,1,0
607470,4056,0,0,0,1,0
607664,4057,0,0,0,1,0
607824,4058,0,0,0,1,0
607928,4059,0,0,0,1,0
608130,4060,0,0,0,1,0
608322,4061,0,0,0,1,0
608502,4062,0,0,0,1,0
608670,4063,0,0,0,1,0
608776,4064,0,0,0,1,0
608871,4065,0,0,0,1,0
609036,4066,0,0,0,1,0
609229,4067,0,0,0,1,0
609391,4068,0,0,0,1,0
609588,4069,0,0,0,1,0
609721,4070,0,0,0,1,0
609915,4071,0,0,0,1,0
610128,4072,0,0,0,1,0
610342,4073,0,0,0,1,0
610352,4074,1,0,0,0,0
610550,4075,0,0,0,1,0
610759,4076,0,0,0,1,0
610890,4077,0,0,0,1,0
611060,4078,0,0,0,1,0
611256,4079,0,0,0,1,0
611267,4080,1,0,0,0,0
611424,4081,0,0,0,1,0
611574,4082,0,0,0,1,0
611759,4083,0,0,0,1,0
611975,4084,0,0,0,1,0
611979,4085,1,0,0,0,0
611985,4086,1,0,0,0,0
612145,4087,0,0,0,1,0
612317,4088,0,0,0,1,0
612421,4089,0,0,0,1,0
612627,4090,0,0,0,1,0
612825,4091,0,0,0,1,0
613003,4092,0,0,0,1,0
613094,4093,0,0,0,1,0
613317,4094,0,0,0,1,0
613479,4095,0,0,0,1,0
613621,4096,0,0,0,1,0
613835,4097,0,0,0,1,0
613943,4098,0,0,0,1,0
614164,4099,0,0,0,1,0
614294,4100,0,0,0,1,0
614300,4101,1,0,0,0,0
614464,4102,0,0,0,1,0
614687,4103,0,0,0,1,0
614868,4104,0,0,0,1,0
615033,4105,0,0,0,1,0
615257,4106,0,0,0,1,0
615452,4107,0,0,0,1,0
615629,4108,0,0,0,1,0
615822,4109,0,0,0,1,0
615946,4110,0,0,0,1,0
616162,4111,0,0,0,1,0
616354,4112,0,0,0,1,0
616524,4113,0,0,0,1,0
616709,4114,0,0,0,1,0
616714,4115,1,0,0,0,0
616853,4116,0,0,0,1,0
617028,4117,0,0,0,1,0
617212,4118,0,0,0,1,0
617397,4119,0,0,0,1,0
617522,4120,0,0,0,1,0
617722,4121,0,0,0,1,0
617820,4122,0,0,0,1,0
618032,4123,0,0,0,1,0
618200,4124,0,0,0,1,0
618369,4125,0,0,0,1,0
618527,4126,0,0,0,1,0
618659,4127,0,0,0,1,0
618845,4128,0,0,0,1,0
618936,4129,0,0,0,1,0
619070,4130,0,0,0,1,0
619278,4131,0,0,0,1,0
619445,4132,0,0,0,1,0
619595,4133,0,0,0,1,0
619764,4134,0,0,0,1,0
619960,4135,0,0,0,1,0
620129,4136,0,0,0,1,0
620306,4137,0,0,0,1,0
620500,4138,0,0,0,1,0
620688,4139,0,0,0,1,0
620694,4140,1,0,0,0,0
620903,4141,0,0,0,1,0
621081,4142,0,0,0,1,0
621236,4143,0,0,0,1,0
621444,4144,0,0,0,1,0
621586,4145,0,0,0,1,0
621755,4146,0,0,0,1,0
621937,4147,0,0,0,1,0
622027,4148,0,0,0,1,0
622176,4149,0,0,0,1,0
622181,4150,1,0,0,0,0
622313,4151,0,0,0,1,0
622513,4152,0,0,0,1,0
622517,4153,1,0,0,0,0
622712,4154,0,0,0,1,0
622923,4155,0,0,0,1,0
623093,4156,0,0,0,1,0
623242,4157,0,0,0,1,0
623351,4158,0,0,0,1,0
623441,4159,0,0,0,1,0
623593,4160,0,0,0,1,0
623783,4161,0,0,0,1,0
623954,4162,0,0,0,1,0
623959,4163,1,0,0,0,0
624125,4164,0,0,0,1,0
624311,4165,0,0,0,1,0
624436,4166,0,0,0,1,0
624578,4167,0,0,0,1,0
624681,4168,0,0,0,1,0
624863,4169,0,0,0,1,0
624986,4170,0,0,0,1,0
625124,4171,0,0,0,1,0
625231,4172,0,0,0,1,0
625355,4173,0,0,0,1,0
625527,4174,0,0,0,1,0
625684,4175,0,0,0,1,0
625881,4176,0,0,0,1,0
626059,4177,0,0,0,1,0
626234,4178,0,0,0,1,0
626436,4179,0,0,0,1,0
626555,4180,0,0,0,1,0
626726,4181,0,0,0,1,0
626928,4182,0,0,0,1,0
626936,4183,1,0,0,0,0
626937,4184,1,0,0,0,0
627092,4185,0,0,0,1,0
627205,4186,0,0,0,1,0
627209,4187,1,0,0,0,0
627382,4188,0,0,0,1,0
627570,4189,0,0,0,1,0
627729,4190,0,0,0,1,0
627932,4191,0,0,0,1,0
628081,4192,0,0,0,1,0
628272,4193,0,0,0,1,0
628415,4194,0,0,0,1,0
628548,4195,0,0,0,1,0
628682,4196,0,0,0,1,0
628691,4197,1,0,0,0,0
628782,4198,0,0,0,1,0
628966,4199,0,0,0,1,0
629087,4200,0,0,0,1,0
629207,4201,0,0,0,1,0
629328,4202,0,0,0,1,0
629525,4203,0,0,0,1,0
629653,4204,0,0,0,1,0
629786,4205,0,0,0,1,0
629999,4206,0,0,0,1,0
630164,4207,0,0,0,1,0
630324,4208,0,0,0,1,0
630498,4209,0,0,0,1,0
630671,4210,0,0,0,1,0
630826,4211,0,0,0,1,0
631030,4212,0,0,0,1,0
631208,4213,0,0,0,1,0
631407,4214,0,0,0,1,0
631588,4215,0,0,0,1,0
631766,4216,0,0,0,1,0
631878,4217,0,0,0,1,0
632054,4218,0,0,0,1,0
632172,4219,0,0,0,1,0
632343,4220,0,0,0,1,0
632462,4221,0,0,0,1,0
632638,4222,0,0,0,1,0
632763,4223,0,0,1,0,0
632970,4224,0,0,0,1,0
633152,4225,0,0,0,1,0
633351,4226,0,0,0,1,0
633502,4227,0,0,0,1,0
633592,4228,0,0,0,1,0
633766,4229,0,0,0,1,0
633953,4230,0,0,0,1,0
633958,4231,1,0,0,0,0
634148,4232,0,0,0,1,0
634255,4233,0,0,0,1,0
634456,4234,0,0,0,1,0
634546,4235,0,0,0,1,0
634653,4236,0,0,0,1,0
634833,4237,0,0,0,1,0
635009,4238,0,0,0,1,0
635152,4239,0,0,0,1,0
635338,4240,0,0,0,1,0
635486,4241,0,0,0,1,0
635488,4242,1,0,0,0,0
635659,4243,0,0,0,1,0
635814,4244,0,0,0,1,0
635999,4245,0,0,0,1,0
636161,4246,0,0,0,1,0
636347,4247,0,0,0,1,0
636553,4248,0,0,0,1,0
636673,4249,0,0,0,1,0
636844,4250,0,0,0,1,0
637026,4251,0,0,0,1,0
637222,4252,0,0,0,1,0
637357,4253,0,0,0,1,0
637531,4254,0,0,0,1,0
637662,4255,0,0,0,1,0
637806,4256,0,0,0,1,0
638007,4257,0,0,0,1,0
638156,4258,0,0,0,1,0
638339,4259,0,0,0,1,0
638471,4260,0,0,0,1,0
638613,4261,0,0,0,1,0
638826,4262,0,0,0,1,0
638994,4263,0,0,0,1,0
639194,4264,0,0,0,1,0
639354,4265,0,0,0,1,0
639476,4266,0,0,0,1,0
639625,4267,0,0,0,1,0
639779,4268,0,0,0,1,0
639784,4269,1,0,0,0,0
639791,4270,1,0,0,0,0
639980,4271,0,0,0,1,0
640147,4272,0,0,0,1,0
640358,4273,0,0,0,1,0
640359,4274,1,0,0,0,0
640504,4275,0,0,0,1,0
640619,4276,0,0,0,1,0
640761,4277,0,0,0,1,0
640853,4278,0,0,0,1,0
641040,4279,0,0,0,1,0
641222,4280,0,0,0,1,0
641339,4281,0,0,0,1,0
641483,4282,0,0,0,1,0
641484,4283,1,0,0,0,0
641653,4284,0,0,0,1,0
641655,4285,1,0,0,0,0
641850,4286,0,0,0,1,0
642002,4287,0,0,0,1,0
642183,4288,0,0,0,1,0
642188,4289,1,0,0,0,0
642331,4290,0,0,0,1,0
642478,4291,0,0,0,1,0
642603,4292,0,0,0,1,0
642746,4293,0,0,0,1,0
642910,4294,0,0,0,1,0
643079,4295,0,0,0,1,0
643217,4296,0,0,0,1,0
643366,4297,0,0,0,1,0
643509,4298,0,0,0,1,0
643622,4299,0,0,0,1,0
643790,4300,0,0,0,1,0
643962,4301,0,0,0,1,0
644163,4302,0,0,0,1,0
644355,4303,0,0,0,1,0
644461,4304,0,0,0,1,0
644602,4305,0,0,0,1,0
644740,4306,0,0,0,1,0
644855,4307,0,0,0,1,0
645023,4308,0,0,0,1,0
645129,4309,0,0,0,1,0
645136,4310,1,0,0,0,0
645323,4311,0,0,0,1,0
645527,4312,0,0,0,1,0
645644,4313,0,0,0,1,0
645835,4314,0,0,0,1,0
646046,4315,0,0,0,1,0
646239,4316,0,0,0,1,0
646423,4317,0,0,0,1,0
646567,4318,0,0,0,1,0
646733,4319,0,0,0,1,0
646950,4320,0,0,0,1,0
647148,4321,0,0,0,1,0
647349,4322,0,0,0,1,0
647494,4323,0,0,0,1,0
647630,4324,0,0,0,1,0
647819,4325,0,0,0,1,0
647991,4326,0,0,0,1,0
647993,4327,1,0,0,0,0
648210,4328,0,0,0,1,0
648217,4329,1,0,0,0,0
648431,4330,0,0,0,1,0
648632,4331,0,0,0,1,0
648775,4332,0,0,0,1,0
648978,4333,0,0,0,1,0
649117,4334,0,0,0,1,0
649327,4335,0,0,0,1,0
649507,4336,0,0,0,1,0
649711,4337,0,0,0,1,0
649901,4338,0,0,0,1,0
650021,4339,0,0,0,1,0
650022,4340,1,0,0,0,0
650217,4341,0,0,0,1,0
650354,4342,0,0,0,1,0
650546,4343,0,0,0,1,0
650657,4344,0,0,0,1,0
650825,4345,0,0,0,1,0
651018,4346,0,0,0,1,0
651151,4347,0,0,0,1,0
651346,4348,0,0,0,1,0
651543,4349,0,0,0,1,0
651707,4350,0,0,0,1,0
651892,4351,0,0,0,1,0
652092,4352,0,0,0,1,0
652270,4353,0,0,0,1,0
652489,4354,0,0,0,1,0
652626,4355,0,0,0,1,0
652751,4356,0,0,0,1,0
652931,4357,0,0,0,1,0
653118,4358,0,0,0,1,0
653314,4359,0,0,0,1,0
653486,4360,0,0,0,1,0
653678,4361,0,0,0,1,0
653894,4362,0,0,0,1,0
654068,4363,0,0,0,1,0
654279,4364,0,0,0,1,0
654463,4365,0,0,0,1,0
654645,4366,0,0,0,1,0
654811,4367,0,0,0,1,0
655021,4368,0,0,0,1,0
655203,4369,0,0,0,1,0
655373,4370,0,0,0,1,0
655576,4371,0,0,0,1,0
655741,4372,0,0,0,1,0
655939,4373,0,0,0,1,0
656033,4374,0,0,0,1,0
656213,4375,0,0,0,1,0
656384,4376,0,0,0,1,0
656572,4377,0,0,0,1,0
656745,4378,0,0,0,1,0
656887,4379,0,0,0,1,0
657072,4380,0,0,0,1,0
657190,4381,0,0,0,1,0
657377,4382,0,0,0,1,0
657592,4383,0,0,0,1,0
657681,4384,0,0,0,1,0
657817,4385,0,0,0,1,0
658002,4386,0,0,0,1,0
658131,4387,0,0,0,1,0
658292,4388,0,0,0,1,0
658503,4389,0,0,0,1,0
658671,4390,0,0,0,1,0
658672,4391,1,0,0,0,0
658754,4392,0,0,1,0,0
658896,4393,0,0,0,1,0
659058,4394,0,0,0,1,0
659225,4395,0,0,0,1,0
659381,4396,0,0,0,1,0
659583,4397,0,0,0,1,0
659673,4398,0,0,0,1,0
659889,4399,0,0,0,1,0
660022,4400,0,0,0,1,0
660241,4401,0,0,0,1,0
660370,4402,0,0,0,1,0
660465,4403,0,0,0,1,0
660475,4404,1,0,0,0,0
660625,4405,0,0,0,1,0
660829,4406,0,0,0,1,0
661033,4407,0,0,0,1,0
661198,4408,0,0,0,1,0
661329,4409,0,0,0,1,0
661427,4410,0,0,0,1,0
661628,4411,0,0,0,1,0
661830,4412,0,0,0,1,0
661925,4413,0,0,0,1,0
662090,4414,0,0,0,1,0
662262,4415,0,0,0,1,0
662377,4416,0,0,0,1,0
662545,4417,0,0,0,1,0
662721,4418,0,0,0,1,0
662887,4419,0,0,0,1,0
662997,4420,0,0,0,1,0
662999,4421,1,0,0,0,0
663182,4422,0,0,0,1,0
663183,4423,1,0,0,0,0
663358,4424,0,0,0,1,0
663531,4425,0,0,0,1,0
663730,4426,0,0,0,1,0
663947,4427,0,0,0,1,0
664165,4428,0,0,0,1,0
664366,4429,0,0,0,1,0
664540,4430,0,0,0,1,0
664759,4431,0,0,0,1,0
664962,4432,0,0,0,1,0
665092,4433,0,0,0,1,0
665099,4434,1,0,0,0,0
665252,4435,0,0,0,1,0
665436,4436,0,0,0,1,0
665603,4437,0,0,0,1,0
665800,4438,0,0,0,1,0
665966,4439,0,0,0,1,0
666124,4440,0,0,0,1,0
666280,4441,0,0,0,1,0
666467,4442,0,0,0,1,0
666581,4443,0,0,0,1,0
666736,4444,0,0,0,1,0
666940,4445,0,0,0,1,0
667134,4446,0,0,0,1,0
667321,4447,0,0,0,1,0
667449,4448,0,0,0,1,0
667601,4449,0,0,0,1,0
667721,4450,0,0,0,1,0
667893,4451,0,0,0,1,0
667985,4452,0,0,0,1,0
668170,4453,0,0,0,1,0
668359,4454,0,0,0,1,0
668558,4455,0,0,0,1,0
668697,4456,0,0,0,1,0
668870,4457,0,0,0,1,0
669035,4458,0,0,0,1,0
669171,4459,0,0,0,1,0
669375,4460,0,0,0,1,0
669524,4461,0,0,0,1,0
669706,4462,0,0,0,1,0
669870,4463,0,0,0,1,0
669999,4464,0,0,0,1,0
670178,4465,0,0,0,1,0
670341,4466,0,0,0,1,0
670488,4467,0,0,0,1,0
670606,4468,0,0,0,1,0
670788,4469,0,0,0,1,0
670953,4470,0,0,0,1,0
671081,4471,0,0,0,1,0
671283,4472,0,0,0,1,0
671478,4473,0,0,0,1,0
671638,4474,0,0,0,1,0
671839,4475,0,0,0,1,0
672047,4476,0,0,0,1,0
672152,4477,0,0,0,1,0
672340,4478,0,0,0,1,0
672524,4479,0,0,0,1,0
672713,4480,0,0,0,1,0
672880,4481,0,0,0,1,0
673010,4482,0,0,0,1,0
673136,4483,0,0,0,1,0
673336,4484,0,0,0,1,0
673552,4485,0,0,0,1,0
673651,4486,0,0,0,1,0
673801,4487,0,0,0,1,0
673991,4488,0,0,0,1,0
674183,4489,0,0,0,1,0
674360,4490,0,0,0,1,0
674473,4491,0,0,0,1,0
674648,4492,0,0,0,1,0
674858,4493,0,0,0,1,0
674993,4494,0,0,0,1,0
675148,4495,0,0,0,1,0
675329,4496,0,0,0,1,0
675507,4497,0,0,0,1,0
675508,4498,1,0,0,0,0
675668,4499,0,0,0,1,0
675793,4500,0,0,0,1,0
675946,4501,0,0,0,1,0
676090,4502,0,0,0,1,0
676232,4503,0,0,0,1,0
676401,4504,0,0,0,1,0
676571,4505,0,0,0,1,0
676752,4506,0,0,0,1,0
676841,4507,0,0,0,1,0
676972,4508,0,0,0,1,0
677093,4509,0,0,0,1,0
677203,4510,0,0,0,1,0
677344,4511,0,0,0,1,0
677492,4512,0,0,0,1,0
677643,4513,0,0,0,1,0
677850,4514,0,0,0,1,0
678015,4515,0,0,0,1,0
678124,4516,0,0,0,1,0
678304,4517,0,0,0,1,0
678305,4518,1,0,0,0,0
678416,4519,0,0,0,1,0
678597,4520,0,0,0,1,0
678749,4521,0,0,0,1,0
678939,4522,0,0,0,1,0
679046,4523,0,0,0,1,0
679173,4524,0,0,0,1,0
679386,4525,0,0,0,1,0
679520,4526,0,0,0,1,0
679648,4527,0,0,0,1,0
679741,4528,0,0,0,1,0
679917,4529,0,0,0,1,0
680033,4530,0,0,0,1,0
680200,4531,0,0,0,1,0
680411,4532,0,0,0,1,0
680527,4533,0,0,0,1,0
680692,4534,0,0,0,1,0
680863,4535,0,0,0,1,0
681062,4536,0,0,0,1,0
681244,4537,0,0,0,1,0
681374,4538,0,0,0,1,0
681483,4539,0,0,0,1,0
681630,4540,0,0,0,1,0
681823,4541,0,0,0,1,0
682036,4542,0,0,0,1,0
682223,4543,0,0,0,1,0
682397,4544,0,0,0,1,0
682557,4545,0,0,0,1,0
682693,4546,0,0,0,1,0
682860,4547,0,0,0,1,0
682868,4548,1,0,0,0,0
682997,4549,0,0,0,1,0
683208,4550,0,0,0,1,0
683347,4551,0,0,0,1,0
683352,4552,1,0,0,0,0
683495,4553,0,0,0,1,0
683713,4554,0,0,0,1,0
683844,4555,0,0,0,1,0
684000,4556,0,0,0,1,0
684095,4557,0,0,0,1,0
684284,4558,0,0,0,1,0
684505,4559,0,0,0,1,0
684675,4560,0,0,0,1,0
684788,4561,0,0,0,1,0
684927,4562,0,0,0,1,0
685116,4563,0,0,0,1,0
685275,4564,0,0,0,1,0
685414,4565,0,0,0,1,0
685548,4566,0,0,0,1,0
685653,4567,0,0,0,1,0
685842,4568,0,0,0,1,0
686017,4569,0,0,0,1,0
686208,4570,0,0,0,1,0
686386,4571,0,0,0,1,0
686528,4572,0,0,0,1,0
686679,4573,0,0,0,1,0
686835,4574,0,0,0,1,0
686837,4575,1,0,0,0,0
687030,4576,0,0,0,1,0
687172,4577,0,0,0,1,0
687347,4578,0,0,0,1,0
687528,4579,0,0,0,1,0
687703,4580,0,0,0,1,0
687828,4581,0,0,0,1,0
687981,4582,0,0,0,1,0
688195,4583,0,0,0,1,0
688383,4584,0,0,0,1,0
688593,4585,0,0,0,1,0
688731,4586,0,0,0,1,0
688737,4587,1,0,0,0,0
688848,4588,0,0,0,1,0
689027,4589,0,0,0,1,0
689118,4590,0,0,0,1,0
689251,4591,0,0,0,1,0
689403,4592,0,0,0,1,0
689565,4593,0,0,0,1,0
689746,4594,0,0,0,1,0
689867,4595,0,0,0,1,0
689870,4596,1,0,0,0,0
690061,4597,0,0,0,1,0
690221,4598,0,0,0,1,0
690418,4599,0,0,0,1,0
690423,4600,1,0,0,0,0
690564,4601,0,0,0,1,0
690770,4602,0,0,0,1,0
690958,4603,0,0,0,1,0
691144,4604,0,0,0,1,0
691317,4605,0,0,0,1,0
691418,4606,0,0,0,1,0
691633,4607,0,0,0,1,0
691798,4608,0,0,0,1,0
691992,4609,0,0,0,1,0
692209,4610,0,0,0,1,0
692332,4611,0,0,0,1,0
692474,4612,0,0,0,1,0
692610,4613,0,0,0,1,0
692757,4614,0,0,0,1,0
692963,4615,0,0,0,1,0
693115,4616,0,0,0,1,0
693288,4617,0,0,0,1,0
693405,4618,0,0,0,1,0
693595,4619,0,0,0,1,0
693684,4620,0,0,0,1,0
693904,4621,0,0,0,1,0
694050,4622,0,0,0,1,0
694233,4623,0,0,0,1,0
694397,4624,0,0,0,1,0
694519,4625,0,0,0,1,0
694708,4626,0,0,0,1,0
694882,4627,0,0,0,1,0
695057,4628,0,0,0,1,0
695278,4629,0,0,0,1,0
695468,4630,0,0,0,1,0
695675,4631,0,0,0,1,0
695851,4632,0,0,0,1,0
696061,4633,0,0,0,1,0
696185,4634,0,0,0,1,0
696331,4635,0,0,0,1,0
696538,4636,0,0,0,1,0
696703,4637,0,0,0,1,0
696832,4638,0,0,0,1,0
696990,4639,0,0,0,1,0
697162,4640,0,0,0,1,0
697357,4641,0,0,0,1,0
697493,4642,0,0,0,1,0
697622,4643,0,0,0,1,0
697830,4644,0,0,0,1,0
697836,4645,1,0,0,0,0
698031,4646,0,0,0,1,0
698122,4647,0,0,0,1,0
698127,4648,1,0,0,0,0
698250,4649,0,0,0,1,0
698371,4650,0,0,0,1,0
698524,4651,0,0,0,1,0
698746,4652,0,0,0,1,0
698868,4653,0,0,0,1,0
698993,4654,0,0,0,1,0
699109,4655,0,0,0,1,0
699291,4656,0,0,0,1,0
699464,4657,0,0,0,1,0
699673,4658,0,0,0,1,0
699815,4659,0,0,0,1,0
700002,4660,0,0,0,1,0
700143,4661,0,0,0,1,0
700286,4662,0,0,0,1,0
700410,4663,0,0,0,1,0
700590,4664,0,0,0,1,0
700734,4665,0,0,0,1,0
700917,4666,0,0,0,1,0
701071,4667,0,0,0,1,0
701228,4668,0,0,0,1,0
701378,4669,0,0,0,1,0
701501,4670,0,0,0,1,0
701613,4671,0,0,0,1,0
701744,4672,0,0,0,1,0
701878,4673,0,0,0,1,0
702055,4674,0,0,0,1,0
702258,4675,0,0,0,1,0
702441,4676,0,0,0,1,0
702646,4677,0,0,0,1,0
702651,4678,1,0,0,0,0
702835,4679,0,0,0,1,0
703005,4680,0,0,0,1,0
703159,4681,0,0,0,1,0
703350,4682,0,0,0,1,0
703559,4683,0,0,0,1,0
703656,4684,0,0,0,1,0
703857,4685,0,0,0,1,0
704037,4686,0,0,0,1,0
704223,4687,0,0,0,1,0
704406,4688,0,0,0,1,0
704525,4689,0,0,0,1,0
704659,4690,0,0,0,1,0
704837,4691,0,0,0,1,0
704957,4692,0,0,0,1,0
704967,4693,1,0,0,0,0
705137,4694,0,0,0,1,0
705329,4695,0,0,0,1,0
705454,4696,0,0,0,1,0
705570,4697,0,0,0,1,0
705665,4698,0,0,0,1,0
705830,4699,0,0,0,1,0
706024,4700,0,0,0,1,0
706211,4701,0,0,0,1,0
706339,4702,0,0,0,1,0
706482,4703,0,0,0,1,0
706629,4704,0,0,0,1,0
706845,4705,0,0,0,1,0
706846,4706,1,0,0,0,0
707016,4707,0,0,0,1,0
707114,4708,0,0,0,1,0
707303,4709,0,0,0,1,0
707498,4710,0,0,0,1,0
707590,4711,0,0,0,1,0
707738,4712,0,0,0,1,0
707922,4713,0,0,0,1,0
708035,4714,0,0,0,1,0
708152,4715,0,0,0,1,0
708364,4716,0,0,0,1,0
708510,4717,0,0,0,1,0
708673,4718,0,0,0,1,0
708830,4719,0,0,0,1,0
709014,4720,0,0,0,1,0
709199,4721,0,0,0,1,0
709331,4722,0,0,0,1,0
709539,4723,0,0,0,1,0
709732,4724,0,0,0,1,0
709908,4725,0,0,0,1,0
710077,4726,0,0,0,1,0
710282,4727,0,0,0,1,0
710473,4728,0,0,0,1,0
710474,4729,1,0,0,0,0
710628,4730,0,0,0,1,0
710789,4731,0,0,0,1,0
710944,4732,0,0,0,1,0
711118,4733,0,0,0,1,0
711296,4734,0,0,0,1,0
711413,4735,0,0,0,1,0
711601,4736,0,0,0,1,0
711752,4737,0,0,0,1,0
711965,4738,0,0,0,1,0
712176,4739,0,0,0,1,0
712345,4740,0,0,0,1,0
712552,4741,0,0,0,1,0
712734,4742,0,0,0,1,0
712882,4743,0,0,0,1,0
713100,4744,0,0,0,1,0
713235,4745,0,0,0,1,0
713430,4746,0,0,0,1,0
713618,4747,0,0,0,1,0
713740,4748,0,0,0,1,0
713829,4749,0,0,0,1,0
714008,4750,0,0,0,1,0
714170,4751,0,0,0,1,0
714175,4752,1,0,0,0,0
714310,4753,0,0,0,1,0
714501,4754,0,0,0,1,0
714665,4755,0,0,0,1,0
714862,4756,0,0,0,1,0
714969,4757,0,0,0,1,0
715072,4758,0,0,0,1,0
715242,4759,0,0,0,1,0
715395,4760,0,0,0,1,0
715549,4761,0,0,0,1,0
715705,4762,0,0,0,1,0
715838,4763,0,0,0,1,0
716009,4764,0,0,0,1,0
716158,4765,0,0,0,1,0
716266,4766,0,0,0,1,0
716401,4767,0,0,0,1,0
716606,4768,0,0,0,1,0
716612,4769,1,0,0,0,0
716832,4770,0,0,0,1,0
717041,4771,0,0,0,1,0
717172,4772,0,0,0,1,0
717317,4773,0,0,0,1,0
717523,4774,0,0,0,1,0
717722,4775,0,0,0,1,0
717855,4776,0,0,0,1,0
718020,4777,0,0,0,1,0
718230,4778,0,0,0,1,0
718395,4779,0,0,0,1,0
718522,4780,0,0,0,1,0
718747,4781,0,0,0,1,0
718890,4782,0,0,0,1,0
719022,4783,0,0,0,1,0
719147,4784,0,0,0,1,0
719341,4785,0,0,0,1,0
719508,4786,0,0,0,1,0
719637,4787,0,0,0,1,0
719782,4788,0,0,0,1,0
719983,4789,0,0,0,1,0
720113,4790,0,0,0,1,0
720310,4791,0,0,0,1,0
720477,4792,0,0,0,1,0
720587,4793,0,0,0,1,0
720788,4794,0,0,0,1,0
720948,4795,0,0,0,1,0
721097,4796,0,0,0,1,0
721281,4797,0,0,0,1,0
721407,4798,0,0,0,1,0
721580,4799,0,0,0,1,0
721586,4800,1,0,0,0,0
721750,4801,0,0,0,1,0
721915,4802,0,0,0,1,0
722058,4803,0,0,0,1,0
722154,4804,0,0,0,1,0
722345,4805,0,0,0,1,0
722511,4806,0,0,0,1,0
722688,4807,0,0,0,1,0
722841,4808,0,0,0,1,0
722987,4809,0,0,0,1,0
723184,4810,0,0,0,1,0
723321,4811,0,0,0,1,0
723427,4812,0,0,0,1,0
723554,4813,0,0,0,1,0
723736,4814,0,0,0,1,0
723935,4815,0,0,0,1,0
724082,4816,0,0,0,1,0
724250,4817,0,0,0,1,0
724454,4818,0,0,0,1,0
724460,4819,1,0,0,0,0
724655,4820,0,0,0,1,0
724808,4821,0,0,0,1,0
725002,4822,0,0,0,1,0
725181,4823,0,0,0,1,0
725186,4824,1,0,0,0,0
725336,4825,0,0,0,1,0
725438,4826,0,0,0,1,0
725629,4827,0,0,0,1,0
725818,4828,0,0,0,1,0
725820,4829,1,0,0,0,0
726010,4830,0,0,0,1,0
726147,4831,0,0,0,1,0
726308,4832,0,0,0,1,0
726475,4833,0,0,0,1,0
726630,4834,0,0,0,1,0
726807,4835,0,0,0,1,0
727011,4836,0,0,0,1,0
727219,4837,0,0,0,1,0
727394,4838,0,0,0,1,0
727547,4839,0,0,0,1,0
727686,4840,0,0,0,1,0
727861,4841,0,0,0,1,0
728018,4842,0,0,0,1,0
728136,4843,0,0,0,1,0
728258,4844,0,0,0,1,0
728456,4845,0,0,0,1,0
728640,4846,0,0,0,1,0
728733,4847,0,0,0,1,0
728887,4848,0,0,0,1,0
728976,4849,0,0,0,1,0
729154,4850,0,0,0,1,0
729344,4851,0,0,0,1,0
729486,4852,0,0,0,1,0
729649,4853,0,0,0,1,0
729836,4854,0,0,0,1,0
729995,4855,0,0,0,1,0
730168,4856,0,0,0,1,0
730321,4857,0,0,0,1,0
730457,4858,0,0,0,1,0
730604,4859,0,0,0,1,0
730800,4860,0,0,0,1,0
730958,4861,0,0,0,1,0
730959,4862,1,0,0,0,0
731134,4863,0,0,0,1,0
731271,4864,0,0,0,1,0
731430,4865,0,0,0,1,0
731639,4866,0,0,0,1,0
731752,4867,0,0,0,1,0
731910,4868,0,0,0,1,0
732119,4869,0,0,0,1,0
732270,4870,0,0,0,1,0
732408,4871,0,0,0,1,0
732585,4872,0,0,0,1,0
732743,4873,0,0,0,1,0
732921,4874,0,0,0,1,0
733116,4875,0,0,0,1,0
733239,4876,0,0,0,1,0
733379,4877,0,0,0,1,0
733494,4878,0,0,0,1,0
733616,4879,0,0,0,1,0
733751,4880,0,0,0,1,0
733879,4881,0,0,0,1,0
734069,4882,0,0,0,1,0
734279,4883,0,0,0,1,0
734442,4884,0,0,0,1,0
734574,4885,0,0,0,1,0
734758,4886,0,0,0,1,0
734963,4887,0,0,0,1,0
735076,4888,0,0,0,1,0
735207,4889,0,0,0,1,0
735330,4890,0,0,0,1,0
735516,4891,0,0,0,1,0
735653,4892,0,0,0,1,0
735801,4893,0,0,0,1,0
735967,4894,0,0,0,1,0
736128,4895,0,0,0,1,0
736292,4896,0,0,0,1,0
736484,4897,0,0,0,1,0
736620,4898,0,0,0,1,0
736743,4899,0,0,0,1,0
736832,4900,0,0,0,1,0
736998,4901,0,0,0,1,0
737130,4902,0,0,0,1,0
737287,4903,0,0,0,1,0
737288,4904,1,0,0,0,0
737445,4905,0,0,0,1,0
737604,4906,0,0,0,1,0
737610,4907,1,0,0,0,0
737806,4908,0,0,0,1,0
738011,4909,0,0,0,1,0
738130,4910,0,0,0,1,0
738268,4911,0,0,0,1,0
738475,4912,0,0,0,1,0
738604,4913,0,0,0,1,0
738751,4914,0,0,0,1,0
738944,4915,0,0,0,1,0
739121,4916,0,0,0,1,0
739327,4917,0,0,0,1,0
739547,4918,0,0,0,1,0
739549,4919,1,0,0,0,0
739690,4920,0,0,0,1,0
739902,4921,0,0,0,1,0
740084,4922,0,0,0,1,0
740288,4923,0,0,0,1,0
740463,4924,0,0,0,1,0
740607,4925,0,0,0,1,0
740747,4926,0,0,0,1,0
740887,4927,0,0,0,1,0
741062,4928,0,0,0,1,0
741273,4929,0,0,0,1,0
741482,4930,0,0,0,1,0
741645,4931,0,0,0,1,0
741809,4932,0,0,0,1,0
741964,4933,0,0,0,1,0
742169,4934,0,0,0,1,0
742343,4935,0,0,0,1,0
742468,4936,0,0,0,1,0
742687,4937,0,0,0,1,0
742816,4938,0,0,0,1,0
743024,4939,0,0,0,1,0
743203,4940,0,0,0,1,0
743396,4941,0,0,0,1,0
743488,4942,0,0,0,1,0
743656,4943,0,0,0,1,0
743801,4944,0,0,0,1,0
743954,4945,0,0,0,1,0
743961,4946,1,0,0,0,0
744094,4947,0,0,0,1,0
744243,4948,0,0,0,1,0
744421,4949,0,0,0,1,0
744616,4950,0,0,0,1,0
744820,4951,0,0,0,1,0
744949,4952,0,0,0,1,0
745130,4953,0,0,0,1,0
745272,4954,0,0,0,1,0
745453,4955,0,0,0,1,0
745563,4956,0,0,0,1,0
745672,4957,0,0,0,1,0
745673,4958,1,0,0,0,0
745833,4959,0,0,0,1,0
746002,4960,0,0,0,1,0
746104,4961,0,0,0,1,0
746265,4962,0,0,0,1,0
746270,4963,1,0,0,0,0
746434,4964,0,0,0,1,0
746574,4965,0,0,0,1,0
746773,4966,0,0,0,1,0
746985,4967,0,0,0,1,0
747100,4968,0,0,0,1,0
747233,4969,0,0,0,1,0
747413,4970,0,0,0,1,0
747597,4971,0,0,0,1,0
747740,4972,0,0,0,1,0
747933,4973,0,0,0,1,0
748097,4974,0,0,0,1,0
748100,4975,1,0,0,0,0
748291,4976,0,0,0,1,0
748412,4977,0,0,0,1,0
748508,4978,0,0,0,1,0
748696,4979,0,0,0,1,0
748897,4980,0,0,0,1,0
749024,4981,0,0,0,1,0
749132,4982,0,0,0,1,0
749273,4983,0,0,0,1,0
749435,4984,0,0,0,1,0
749561,4985,0,0,0,1,0
749691,4986,0,0,0,1,0
749887,4987,0,0,0,1,0
749997,4988,0,0,0,1,0
750183,4989,0,0,0,1,0
750224,4990,0,0,1,0,0
750371,4991,0,0,0,1,0
750475,4992,0,0,0,1,0
750619,4993,0,0,0,1,0
750781,4994,0,0,0,1,0
750943,4995,0,0,0,1,0
751102,4996,0,0,0,1,0
751237,4997,0,0,0,1,0
751411,4998,0,0,0,1,0
751579,4999,0,0,0,1,0
751587,5000,1,0,0,0,0
751782,5001,0,0,0,1,0
751939,5002,0,0,0,1,0
752152,5003,0,0,0,1,0
752304,5004,0,0,0,1,0
752433,5005,0,0,0,1,0
752644,5006,0,0,0,1,0
752753,5007,0,0,0,1,0
752883,5008,0,0,0,1,0
753061,5009,0,0,0,1,0
753211,5010,0,0,0,1,0
753330,5011,0,0,0,1,0
753514,5012,0,0,0,1,0
753655,5013,0,0,0,1,0
753789,5014,0,0,0,1,0
753944,5015,0,0,0,1,0
754137,5016,0,0,0,1,0
754141,5017,1,0,0,0,0
754252,5018,0,0,0,1,0
754460,5019,0,0,0,1,0
754662,5020,0,0,0,1,0
754837,5021,0,0,0,1,0
755024,5022,0,0,0,1,0
755185,5023,0,0,0,1,0
755274,5024,0,0,0,1,0
755395,5025,0,0,0,1,0
755588,5026,0,0,0,1,0
755729,5027,0,0,0,1,0
755829,5028,0,0,0,1,0
756041,5029,0,0,0,1,0
756198,5030,0,0,0,1,0
756385,5031,0,0,0,1,0
756562,5032,0,0,0,1,0
756666,5033,0,0,0,1,0
756847,5034,0,0,0,1,0
757009,5035,0,0,0,1,0
757150,5036,0,0,0,1,0
757357,5037,0,0,0,1,0
757362,5038,1,0,0,0,0
757551,5039,0,0,0,1,0
757755,5040,0,0,0,1,0
757857,5041,0,0,0,1,0
758023,5042,0,0,0,1,0
758144,5043,0,0,0,1,0
758275,5044,0,0,0,1,0
758281,5045,1,0,0,0,0
758407,5046,0,0,0,1,0
758527,5047,0,0,0,1,0
758649,5048,0,0,0,1,0
758775,5049,0,0,0,1,0
758944,5050,0,0,0,1,0
759038,5051,0,0,0,1,0
759251,5052,0,0,0,1,0
759409,5053,0,0,0,1,0
759602,5054,0,0,0,1,0
759776,5055,0,0,0,1,0
759868,5056,0,0,0,1,0
760064,5057,0,0,0,1,0
760199,5058,0,0,0,1,0
760355,5059,0,0,0,1,0
760559,5060,0,0,0,1,0
760755,5061,0,0,0,1,0
760873,5062,0,0,0,1,0
761050,5063,0,0,0,1,0
761232,5064,0,0,0,1,0
761435,5065,0,0,0,1,0
761558,5066,0,0,0,1,0
761564,5067,1,0,0,0,0
761700,5068,0,0,0,1,0
761877,5069,0,0,0,1,0
762021,5070,0,0,0,1,0
762188,5071,0,0,0,1,0
762308,5072,0,0,0,1,0
762503,5073,0,0,0,1,0
762690,5074,0,0,0,1,0
762872,5075,0,0,0,1,0
763015,5076,0,0,0,1,0
763195,5077,0,0,0,1,0
763352,5078,0,0,0,1,0
763569,5079,0,0,0,1,0
763694,5080,0,0,0,1,0
763795,5081,0,0,0,1,0
763961,5082,0,0,0,1,0
764078,5083,0,0,0,1,0
764238,5084,0,0,0,1,0
764440,5085,0,0,0,1,0
764573,5086,0,0,0,1,0
764697,5087,0,0,0,1,0
764813,5088,0,0,0,1,0
764986,5089,0,0,0,1,0
765174,5090,0,0,0,1,0
765330,5091,0,0,0,1,0
765491,5092,0,0,0,1,0
765623,5093,0,0,0,1,0
765629,5094,1,0,0,0,0
765826,5095,0,0,0,1,0
765940,5096,0,0,0,1,0
766149,5097,0,0,0,1,0
766280,5098,0,0,0,1,0
766490,5099,0,0,0,1,0
766651,5100,0,0,0,1,0
766845,5101,0,0,0,1,0
766999,5102,0,0,0,1,0
767197,5103,0,0,0,1,0
767356,5104,0,0,0,1,0
767503,5105,0,0,0,1,0
767631,5106,0,0,0,1,0
767765,5107,0,0,0,1,0
767907,5108,0,0,0,1,0
768055,5109,0,0,0,1,0
768227,5110,0,0,0,1,0
768365,5111,0,0,0,1,0
768477,5112,0,0,0,1,0
768689,5113,0,0,0,1,0
768900,5114,0,0,0,1,0
769045,5115,0,0,0,1,0
769207,5116,0,0,0,1,0
769412,5117,0,0,0,1,0
769413,5118,1,0,0,0,0
769542,5119,0,0,0,1,0
769544,5120,1,0,0,0,0
769743,5121,0,0,0,1,0
769863,5122,0,0,0,1,0
770011,5123,0,0,0,1,0
770208,5124,0,0,0,1,0
770339,5125,0,0,0,1,0
770345,5126,1,0,0,0,0
770486,5127,0,0,0,1,0
770690,5128,0,0,0,1,0
770832,5129,0,0,0,1,0
770978,5130,0,0,0,1,0
771163,5131,0,0,0,1,0
771367,5132,0,0,0,1,0
771546,5133,0,0,0,1,0
771684,5134,0,0,0,1,0
771808,5135,0,0,0,1,0
771987,5136,0,0,0,1,0
772118,5137,0,0,0,1,0
772316,5138,0,0,0,1,0
772521,5139,0,0,0,1,0
772745,5140,0,0,0,1,0
772899,5141,0,0,0,1,0
773118,5142,0,0,0,1,0
773258,5143,0,0,0,1,0
773371,5144,0,0,0,1,0
773548,5145,0,0,0,1,0
773660,5146,0,0,0,1,0
773862,5147,0,0,0,1,0
774074,5148,0,0,0,1,0
774290,5149,0,0,0,1,0
774475,5150,0,0,0,1,0
774609,5151,0,0,0,1,0
774790,5152,0,0,0,1,0
774915,5153,0,0,0,1,0
775067,5154,0,0,0,1,0
775272,5155,0,0,0,1,0
775472,5156,0,0,0,1,0
775624,5157,0,0,0,1,0
775734,5158,0,0,0,1,0
775868,5159,0,0,0,1,0
776000,5160,0,0,0,1,0
776179,5161,0,0,0,1,0
776187,5162,1,0,0,0,0
776360,5163,0,0,0,1,0
776525,5164,0,0,0,1,0
776678,5165,0,0,0,1,0
776830,5166,0,0,0,1,0
777009,5167,0,0,0,1,0
777203,5168,0,0,0,1,0
777340,5169,0,0,0,1,0
777492,5170,0,0,0,1,0
777644,5171,0,0,0,1,0
777845,5172,0,0,0,1,0
778040,5173,0,0,0,1,0
778223,5174,0,0,0,1,0
778448,5175,0,0,0,1,0
778631,5176,0,0,0,1,0
778782,5177,0,0,0,1,0
778989,5178,0,0,0,1,0
779107,5179,0,0,0,1,0
779239,5180,0,0,0,1,0
779361,5181,0,0,0,1,0
779525,5182,0,0,0,1,0
779667,5183,0,0,0,1,0
779807,5184,0,0,0,1,0
779952,5185,0,0,0,1,0
780123,5186,0,0,0,1,0
780245,5187,0,0,0,1,0
780453,5188,0,0,0,1,0
780664,5189,0,0,0,1,0
780845,5190,0,0,0,1,0
781048,5191,0,0,0,1,0
781197,5192,0,0,0,1,0
781411,5193,0,0,0,1,0
781586,5194,0,0,0,1,0
781695,5195,0,0,0,1,0
781918,5196,0,0,0,1,0
782084,5197,0,0,0,1,0
782254,5198,0,0,0,1,0
782419,5199,0,0,0,1,0
782598,5200,0,0,0,1,0
782739,5201,0,0,0,1,0
782925,5202,0,0,0,1,0
783042,5203,0,0,0,1,0
783205,5204,0,0,0,1,0
783423,5205,0,0,0,1,0
783602,5206,0,0,0,1,0
783793,5207,0,0,0,1,0
783938,5208,0,0,0,1,0
784116,5209,0,0,0,1,0
784277,5210,0,0,0,1,0
784382,5211,0,0,0,1,0
784524,5212,0,0,0,1,0
784530,5213,1,0,0,0,0
784630,5214,0,0,1,0,0
784791,5215,0,0,0,1,0
784973,5216,0,0,0,1,0
785158,5217,0,0,0,1,0
785343,5218,0,0,0,1,0
785535,5219,0,0,0,1,0
785723,5220,0,0,0,1,0
785926,5221,0,0,0,1,0
786084,5222,0,0,0,1,0
786279,5223,0,0,0,1,0
786452,5224,0,0,0,1,0
786457,5225,1,0,0,0,0
786590,5226,0,0,0,1,0
786784,5227,0,0,0,1,0
786960,5228,0,0,0,1,0
787150,5229,0,0,0,1,0
787289,5230,0,0,0,1,0
787462,5231,0,0,0,1,0
787652,5232,0,0,0,1,0
787806,5233,0,0,0,1,0
787918,5234,0,0,0,1,0
788090,5235,0,0,0,1,0
788291,5236,0,0,0,1,0
788492,5237,0,0,0,1,0
788709,5238,0,0,0,1,0
788891,5239,0,0,0,1,0
788898,5240,1,0,0,0,0
789073,5241,0,0,0,1,0
789230,5242,0,0,0,1,0
789438,5243,0,0,0,1,0
789630,5244,0,0,0,1,0
789795,5245,0,0,0,1,0
789971,5246,0,0,0,1,0
790180,5247,0,0,0,1,0
790343,5248,0,0,0,1,0
790499,5249,0,0,0,1,0
790643,5250,0,0,0,1,0
790651,5251,1,0,0,0,0
790804,5252,0,0,0,1,0
790996,5253,0,0,0,1,0
791186,5254,0,0,0,1,0
791193,5255,1,0,0,0,0
791359,5256,0,0,0,1,0
791505,5257,0,0,0,1,0
791675,5258,0,0,0,1,0
791869,5259,0,0,0,1,0
792079,5260,0,0,0,1,0
792216,5261,0,0,0,1,0
792385,5262,0,0,0,1,0
792553,5263,0,0,0,1,0
792741,5264,0,0,0,1,0
792892,5265,0,0,0,1,0
793029,5266,0,0,0,1,0
793207,5267,0,0,0,1,0
793296,5268,0,0,0,1,0
793448,5269,0,0,0,1,0
793665,5270,0,0,0,1,0
793805,5271,0,0,0,1,0
793993,5272,0,0,0,1,0
794142,5273,0,0,0,1,0
794304,5274,0,0,0,1,0
794438,5275,0,0,0,1,0
794618,5276,0,0,0,1,0
794742,5277,0,0,0,1,0
794850,5278,0,0,0,1,0
794999,5279,0,0,0,1,0
795137,5280,0,0,0,1,0
795338,5281,0,0,0,1,0
795522,5282,0,0,0,1,0
795709,5283,0,0,0,1,0
795867,5284,0,0,0,1,0
796000,5285,0,0,0,1,0
796183,5286,0,0,0,1,0
796378,5287,0,0,0,1,0
796564,5288,0,0,0,1,0
796732,5289,0,0,0,1,0
796733,5290,1,0,0,0,0
796868,5291,0,0,0,1,0
797018,5292,0,0,0,1,0
797184,5293,0,0,0,1,0
797341,5294,0,0,0,1,0
797510,5295,0,0,0,1,0
797646,5296,0,0,0,1,0
797813,5297,0,0,0,1,0
797997,5298,0,0,0,1,0
798138,5299,0,0,0,1,0
798250,5300,0,0,0,1,0
798341,5301,0,0,0,1,0
798534,5302,0,0,0,1,0
798756,5303,0,0,0,1,0
798933,5304,0,0,0,1,0
799094,5305,0,0,0,1,0
799295,5306,0,0,0,1,0
799498,5307,0,0,0,1,0
799640,5308,0,0,0,1,0
799827,5309,0,0,0,1,0
799829,5310,1,0,0,0,0
799964,5311,0,0,0,1,0
800063,5312,0,0,0,1,0
800205,5313,0,0,0,1,0
800335,5314,0,0,0,1,0
800506,5315,0,0,0,1,0
800648,5316,0,0,0,1,0
800793,5317,0,0,0,1,0
800950,5318,0,0,0,1,0
800957,5319,1,0,0,0,0
801154,5320,0,0,0,1,0
801249,5321,0,0,0,1,0
801254,5322,1,0,0,0,0
801445,5323,0,0,0,1,0
801566,5324,0,0,0,1,0
801742,5325,0,0,0,1,0
801940,5326,0,0,0,1,0
802088,5327,0,0,0,1,0
802204,5328,0,0,0,1,0
802346,5329,0,0,0,1,0
802488,5330,0,0,0,1,0
802668,5331,0,0,0,1,0
802792,5332,0,0,0,1,0
802957,5333,0,0,0,1,0
803089,5334,0,0,0,1,0
803280,5335,0,0,0,1,0
803417,5336,0,0,0,1,0
803593,5337,0,0,0,1,0
803688,5338,0,0,0,1,0
803810,5339,0,0,0,1,0
803943,5340,0,0,0,1,0
804070,5341,0,0,0,1,0
804192,5342,0,0,0,1,0
804198,5343,1,0,0,0,0
804205,5344,1,0,0,0,0
804341,5345,0,0,0,1,0
804478,5346,0,0,0,1,0
804624,5347,0,0,0,1,0
804781,5348,0,0,0,1,0
804899,5349,0,0,0,1,0
805004,5350,0,0,0,1,0
805124,5351,0,0,0,1,0
805306,5352,0,0,0,1,0
805465,5353,0,0,0,1,0
805612,5354,0,0,0,1,0
805769,5355,0,0,0,1,0
805902,5356,0,0,0,1,0
806056,5357,0,0,0,1,0
806250,5358,0,0,0,1,0
806447,5359,0,0,0,1,0
806654,5360,0,0,0,1,0
806826,5361,0,0,0,1,0
807018,5362,0,0,0,1,0
807216,5363,0,0,0,1,0
807392,5364,0,0,0,1,0
807608,5365,0,0,0,1,0
807791,5366,0,0,0,1,0
807911,5367,0,0,0,1,0
808083,5368,0,0,0,1,0
808235,5369,0,0,0,1,0
808426,5370,0,0,0,1,0
808598,5371,0,0,0,1,0
808744,5372,0,0,0,1,0
808953,5373,0,0,0,1,0
808959,5374,1,0,0,0,0
809080,5375,0,0,0,1,0
809093,5376,1,0,0,0,0
809244,5377,0,0,0,1,0
809379,5378,0,0,0,1,0
809540,5379,0,0,0,1,0
809635,5380,0,0,0,1,0
809737,5381,0,0,0,1,0
809951,5382,0,0,0,1,0
809957,5383,1,0,0,0,0
810107,5384,0,0,0,1,0
810284,5385,0,0,0,1,0
810453,5386,0,0,0,1,0
810546,5387,0,0,0,1,0
810675,5388,0,0,0,1,0
810804,5389,0,0,0,1,0
810990,5390,0,0,0,1,0
811168,5391,0,0,0,1,0
811309,5392,0,0,0,1,0
811467,5393,0,0,0,1,0
811558,5394,0,0,0,1,0
811732,5395,0,0,0,1,0
811922,5396,0,0,0,1,0
812093,5397,0,0,0,1,0
812248,5398,0,0,0,1,0
812249,5399,1,0,0,0,0
812425,5400,0,0,0,1,0
812544,5401,0,0,0,1,0
812705,5402,0,0,0,1,0
812845,5403,0,0,0,1,0
812982,5404,0,0,0,1,0
813123,5405,0,0,0,1,0
813287,5406,0,0,0,1,0
813483,5407,0,0,0,1,0
813677,5408,0,0,0,1,0
813682,5409,1,0,0,0,0
813686,5410,1,0,0,0,0
813861,5411,0,0,0,1,0
814048,5412,0,0,0,1,0
814239,5413,0,0,0,1,0
814341,5414,0,0,0,1,0
814496,5415,0,0,0,1,0
814723,5416,0,0,0,1,0
814867,5417,0,0,0,1,0
815066,5418,0,0,0,1,0
815200,5419,0,0,0,1,0
815332,5420,0,0,0,1,0
815489,5421,0,0,0,1,0
815639,5422,0,0,0,1,0
815837,5423,0,0,0,1,0
815961,5424,0,0,0,1,0
816118,5425,0,0,0,1,0
816277,5426,0,0,0,1,0
816466,5427,0,0,0,1,0
816624,5428,0,0,0,1,0
816729,5429,0,0,0,1,0
816935,5430,0,0,0,1,0
817104,5431,0,0,0,1,0
817305,5432,0,0,0,1,0
817482,5433,0,0,0,1,0
817485,5434,1,0,0,0,0
817619,5435,0,0,0,1,0
817824,5436,0,0,0,1,0
818049,5437,0,0,0,1,0
818207,5438,0,0,0,1,0
818389,5439,0,0,0,1,0
818551,5440,0,0,0,1,0
818739,5441,0,0,0,1,0
818921,5442,0,0,0,1,0
819083,5443,0,0,0,1,0
819240,5444,0,0,0,1,0
819445,5445,0,0,0,1,0
819626,5446,0,0,0,1,0
819829,5447,0,0,0,1,0
820039,5448,0,0,0,1,0
820189,5449,0,0,0,1,0
820328,5450,0,0,0,1,0
820499,5451,0,0,0,1,0
820651,5452,0,0,0,1,0
820826,5453,0,0,0,1,0
821012,5454,0,0,0,1,0
821216,5455,0,0,0,1,0
821219,5456,1,0,0,0,0
821390,5457,0,0,0,1,0
821539,5458,0,0,0,1,0
821546,5459,1,0,0,0,0
821728,5460,0,0,0,1,0
821827,5461,0,0,0,1,0
821920,5462,0,0,0,1,0
822020,5463,0,0,0,1,0
822206,5464,0,0,0,1,0
822296,5465,0,0,0,1,0
822481,5466,0,0,0,1,0
822653,5467,0,0,0,1,0
822801,5468,0,0,0,1,0
823002,5469,0,0,0,1,0
823207,5470,0,0,0,1,0
823344,5471,0,0,0,1,0
823488,5472,0,0,0,1,0
823648,5473,0,0,0,1,0
823788,5474,0,0,0,1,0
823955,5475,0,0,0,1,0
824105,5476,0,0,0,1,0
824237,5477,0,0,0,1,0
824421,5478,0,0,0,1,0
824562,5479,0,0,0,1,0
824569,5480,1,0,0,0,0
824747,5481,0,0,0,1,0
824947,5482,0,0,0,1,0
825039,5483,0,0,0,1,0
825225,5484,0,0,0,1,0
825428,5485,0,0,0,1,0
825595,5486,0,0,0,1,0
825780,5487,0,0,0,1,0
825877,5488,0,0,0,1,0
825992,5489,0,0,0,1,0
826153,5490,0,0,0,1,0
826356,5491,0,0,0,1,0
826363,5492,1,0,0,0,0
826493,5493,0,0,0,1,0
826691,5494,0,0,0,1,0
826873,5495,0,0,0,1,0
827019,5496,0,0,0,1,0
827212,5497,0,0,0,1,0
827395,5498,0,0,0,1,0
827552,5499,0,0,0,1,0
827665,5500,0,0,0,1,0
827852,5501,0,0,0,1,0
828017,5502,0,0,0,1,0
828156,5503,0,0,0,1,0
828287,5504,0,0,0,1,0
828478,5505,0,0,0,1,0
828695,5506,0,0,0,1,0
828858,5507,0,0,0,1,0
828863,5508,1,0,0,0,0
829043,5509,0,0,0,1,0
829187,5510,0,0,0,1,0
829330,5511,0,0,0,1,0
829488,5512,0,0,0,1,0
829691,5513,0,0,0,1,0
829886,5514,0,0,0,1,0
830041,5515,0,0,0,1,0
830197,5516,0,0,0,1,0
830399,5517,0,0,0,1,0
830521,5518,0,0,0,1,0
830526,5519,1,0,0,0,0
830715,5520,0,0,0,1,0
830894,5521,0,0,0,1,0
831043,5522,0,0,0,1,0
831250,5523,0,0,0,1,0
831426,5524,0,0,0,1,0
831613,5525,0,0,0,1,0
831808,5526,0,0,0,1,0
832014,5527,0,0,0,1,0
832206,5528,0,0,0,1,0
832418,5529,0,0,0,1,0
832554,5530,0,0,0,1,0
832723,5531,0,0,0,1,0
832918,5532,0,0,0,1,0
833104,5533,0,0,0,1,0
833316,5534,0,0,0,1,0
833509,5535,0,0,0,1,0
833666,5536,0,0,0,1,0
833874,5537,0,0,0,1,0
834049,5538,0,0,0,1,0
834160,5539,0,0,0,1,0
834266,5540,0,0,0,1,0
834394,5541,0,0,0,1,0
834400,5542,1,0,0,0,0
834569,5543,0,0,0,1,0
834668,5544,0,0,0,1,0
834798,5545,0,0,0,1,0
834955,5546,0,0,0,1,0
835160,5547,0,0,0,1,0
835362,5548,0,0,0,1,0
835518,5549,0,0,0,1,0
835669,5550,0,0,0,1,0
835880,5551,0,0,0,1,0
836066,5552,0,0,0,1,0
836189,5553,0,0,0,1,0
836349,5554,0,0,0,1,0
836488,5555,0,0,0,1,0
836623,5556,0,0,0,1,0
836730,5557,0,0,0,1,0
836948,5558,0,0,0,1,0
837100,5559,0,0,0,1,0
837261,5560,0,0,0,1,0
837373,5561,0,0,0,1,0
837575,5562,0,0,0,1,0
837733,5563,0,0,0,1,0
837932,5564,0,0,0,1,0
838110,5565,0,0,0,1,0
838318,5566,0,0,0,1,0
838506,5567,0,0,0,1,0
838699,5568,0,0,0,1,0
838700,5569,1,0,0,0,0
838811,5570,0,0,0,1,0
839012,5571,0,0,0,1,0
839218,5572,0,0,0,1,0
839412,5573,0,0,0,1,0
839505,5574,0,0,0,1,0
839646,5575,0,0,0,1,0
839777,5576,0,0,0,1,0
839898,5577,0,0,0,1,0
840064,5578,0,0,0,1,0
840203,5579,0,0,0,1,0
840403,5580,0,0,0,1,0
840584,5581,0,0,0,1,0
840781,5582,0,0,0,1,0
840989,5583,0,0,0,1,0
841203,5584,0,0,0,1,0
841354,5585,0,0,0,1,0
841495,5586,0,0,0,1,0
841621,5587,0,0,0,1,0
841810,5588,0,0,0,1,0
841985,5589,0,0,0,1,0
842168,5590,0,0,0,1,0
842171,5591,1,0,0,0,0
842328,5592,0,0,0,1,0
842548,5593,0,0,0,1,0
842690,5594,0,0,0,1,0
842871,5595,0,0,0,1,0
843037,5596,0,0,0,1,0
843235,5597,0,0,0,1,0
843433,5598,0,0,0,1,0
843438,5599,1,0,0,0,0
843597,5600,0,0,0,1,0
843601,5601,1,0,0,0,0
843787,5602,0,0,0,1,0
843950,5603,0,0,0,1,0
844052,5604,0,0,0,1,0
844166,5605,0,0,0,1,0
844312,5606,0,0,0,1,0
844319,5607,1,0,0,0,0
844497,5608,0,0,0,1,0
844692,5609,0,0,0,1,0
844806,5610,0,0,0,1,0
844809,5611,1,0,0,0,0
844961,5612,0,0,0,1,0
845171,5613,0,0,0,1,0
845374,5614,0,0,0,1,0
845518,5615,0,0,0,1,0
845631,5616,0,0,0,1,0
845846,5617,0,0,0,1,0
845993,5618,0,0,0,1,0
845995,5619,1,0,0,0,0
846165,5620,0,0,0,1,0
846349,5621,0,0,0,1,0
846547,5622,0,0,0,1,0
846720,5623,0,0,0,1,0
846868,5624,0,0,0,1,0
847010,5625,0,0,0,1,0
847110,5626,0,0,0,1,0
847265,5627,0,0,0,1,0
847420,5628,0,0,0,1,0
847638,5629,0,0,0,1,0
847834,5630,0,0,0,1,0
848027,5631,0,0,0,1,0
848135,5632,0,0,0,1,0
848339,5633,0,0,0,1,0
848469,5634,0,0,0,1,0
848637,5635,0,0,0,1,0
848801,5636,0,0,0,1,0
848963,5637,0,0,0,1,0
849062,5638,0,0,0,1,0
849261,5639,0,0,0,1,0
849394,5640,0,0,0,1,0
849591,5641,0,0,0,1,0
849721,5642,0,0,0,1,0
849863,5643,0,0,0,1,0
850047,5644,0,0,0,1,0
850056,5645,1,0,0,0,0
850219,5646,0,0,0,1,0
850441,5647,0,0,0,1,0
850632,5648,0,0,0,1,0
850636,5649,1,0,0,0,0
850806,5650,0,0,0,1,0
851011,5651,0,0,0,1,0
851197,5652,0,0,0,1,0
851352,5653,0,0,0,1,0
851488,5654,0,0,0,1,0
851661,5655,0,0,0,1,0
851809,5656,0,0,0,1,0
851984,5657,0,0,0,1,0
852166,5658,0,0,0,1,0
852364,5659,0,0,0,1,0
852559,5660,0,0,0,1,0
852747,5661,0,0,0,1,0
852935,5662,0,0,0,1,0
853144,5663,0,0,0,1,0
853355,5664,0,0,0,1,0
853522,5665,0,0,0,1,0
853652,5666,0,0,0,1,0
853756,5667,0,0,0,1,0
853761,5668,1,0,0,0,0
853854,5669,0,0,0,1,0
853986,5670,0,0,0,1,0
854159,5671,0,0,0,1,0
854321,5672,0,0,0,1,0
854499,5673,0,0,0,1,0
854618,5674,0,0,0,1,0
854821,5675,0,0,0,1,0
854827,5676,1,0,0,0,0
854928,5677,0,0,0,1,0
855070,5678,0,0,0,1,0
855267,5679,0,0,0,1,0
855406,5680,0,0,0,1,0
855562,5681,0,0,0,1,0
855569,5682,1,0,0,0,0
855659,5683,0,0,0,1,0
855856,5684,0,0,0,1,0
856019,5685,0,0,0,1,0
856138,5686,0,0,0,1,0
856296,5687,0,0,0,1,0
856511,5688,0,0,0,1,0
856670,5689,0,0,0,1,0
856857,5690,0,0,0,1,0
856964,5691,0,0,0,1,0
857105,5692,0,0,0,1,0
857323,5693,0,0,0,1,0
857495,5694,0,0,0,1,0
857680,5695,0,0,0,1,0
857863,5696,0,0,0,1,0
858034,5697,0,0,0,1,0
858189,5698,0,0,0,1,0
858375,5699,0,0,0,1,0
858491,5700,0,0,0,1,0
858494,5701,1,0,0,0,0
858617,5702,0,0,0,1,0
858774,5703,0,0,0,1,0
858952,5704,0,0,0,1,0
859154,5705,0,0,0,1,0
859252,5706,0,0,0,1,0
859258,5707,1,0,0,0,0
859401,5708,0,0,0,1,0
859575,5709,0,0,0,1,0
859753,5710,0,0,0,1,0
859906,5711,0,0,0,1,0
860088,5712,0,0,0,1,0
860280,5713,0,0,0,1,0
860469,5714,0,0,0,1,0
860666,5715,0,0,0,1,0
860840,5716,0,0,0,1,0
861020,5717,0,0,0,1,0
861223,5718,0,0,0,1,0
861357,5719,0,0,1,0,0
861465,5720,0,0,0,1,0
861605,5721,0,0,0,1,0
861726,5722,0,0,0,1,0
861734,5723,1,0,0,0,0
861943,5724,0,0,0,1,0
862049,5725,0,0,0,1,0
862151,5726,0,0,0,1,0
862324,5727,0,0,0,1,0
862481,5728,0,0,0,1,0
862677,5729,0,0,0,1,0
862678,5730,1,0,0,0,0
862859,5731,0,0,0,1,0
862993,5732,0,0,0,1,0
863103,5733,0,0,0,1,0
863298,5734,0,0,0,1,0
863503,5735,0,0,0,1,0
863697,5736,0,0,0,1,0
863814,5737,0,0,0,1,0
864015,5738,0,0,0,1,0
864201,5739,0,0,0,1,0
864382,5740,0,0,0,1,0
864509,5741,0,0,0,1,0
864702,5742,0,0,0,1,0
864874,5743,0,0,0,1,0
865076,5744,0,0,0,1,0
865241,5745,0,0,0,1,0
865330,5746,0,0,0,1,0
865480,5747,0,0,0,1,0
865638,5748,0,0,0,1,0
865768,5749,0,0,0,1,0
865981,5750,0,0,0,1,0
866167,5751,0,0,0,1,0
866316,5752,0,0,0,1,0
866525,5753,0,0,0,1,0
866698,5754,0,0,0,1,0
866856,5755,0,0,0,1,0
866997,5756,0,0,0,1,0
867130,5757,0,0,0,1,0
867315,5758,0,0,0,1,0
867500,5759,0,0,0,1,0
867695,5760,0,0,0,1,0
867836,5761,0,0,0,1,0
868001,5762,0,0,0,1,0
868209,5763,0,0,0,1,0
868399,5764,0,0,0,1,0
868532,5765,0,0,0,1,0
868757,5766,0,0,0,1,0
868858,5767,0,0,0,1,0
868968,5768,0,0,0,1,0
869184,5769,0,0,0,1,0
869393,5770,0,0,0,1,0
869605,5771,0,0,0,1,0
869734,5772,0,0,0,1,0
869948,5773,0,0,0,1,0
870119,5774,0,0,0,1,0
870246,5775,0,0,0,1,0
870469,5776,0,0,0,1,0
870602,5777,0,0,0,1,0
870786,5778,0,0,0,1,0
870978,5779,0,0,0,1,0
871130,5780,0,0,0,1,0
871237,5781,0,0,0,1,0
871435,5782,0,0,0,1,0
871613,5783,0,0,0,1,0
871805,5784,0,0,0,1,0
872003,5785,0,0,0,1,0
872153,5786,0,0,0,1,0
872341,5787,0,0,0,1,0
872475,5788,0,0,0,1,0
872682,5789,0,0,0,1,0
872828,5790,0,0,0,1,0
872941,5791,0,0,0,1,0
873111,5792,0,0,0,1,0
873112,5793,1,0,0,0,0
873323,5794,0,0,0,1,0
873534,5795,0,0,0,1,0
873536,5796,1,0,0,0,0
873684,5797,0,0,0,1,0
873863,5798,0,0,0,1,0
874057,5799,0,0,0,1,0
874150,5800,0,0,0,1,0
874283,5801,0,0,0,1,0
874385,5802,0,0,0,1,0
874388,5803,1,0,0,0,0
874562,5804,0,0,0,1,0
874714,5805,0,0,0,1,0
874870,5806,0,0,0,1,0
875042,5807,0,0,0,1,0
875154,5808,0,0,0,1,0
875289,5809,0,0,0,1,0
875465,5810,0,0,0,1,0
875663,5811,0,0,0,1,0
875848,5812,0,0,0,1,0
875969,5813,0,0,0,1,0
876131,5814,0,0,0,1,0
876354,5815,0,0,0,1,0
876548,5816,0,0,0,1,0
876711,5817,0,0,0,1,0
876832,5818,0,0,0,1,0
877008,5819,0,0,0,1,0
877197,5820,0,0,0,1,0
877374,5821,0,0,0,1,0
877541,5822,0,0,0,1,0
877701,5823,0,0,0,1,0
877850,5824,0,0,0,1,0
877971,5825,0,0,0,1,0
878088,5826,0,0,0,1,0
878248,5827,0,0,0,1,0
878411,5828,0,0,0,1,0
878585,5829,0,0,0,1,0
878701,5830,0,0,0,1,0
878895,5831,0,0,0,1,0
879026,5832,0,0,0,1,0
879216,5833,0,0,0,1,0
879385,5834,0,0,0,1,0
879543,5835,0,0,0,1,0
879708,5836,0,0,0,1,0
879911,5837,0,0,0,1,0
880071,5838,0,0,0,1,0
880258,5839,0,0,0,1,0
880436,5840,0,0,0,1,0
880559,5841,0,0,0,1,0
880752,5842,0,0,0,1,0
880939,5843,0,0,0,1,0
880944,5844,1,0,0,0,0
881119,5845,0,0,0,1,0
881316,5846,0,0,0,1,0
881536,5847,0,0,0,1,0
881716,5848,0,0,0,1,0
881927,5849,0,0,0,1,0
882074,5850,0,0,0,1,0
882083,5851,1,0,0,0,0
882238,5852,0,0,0,1,0
882408,5853,0,0,0,1,0
882606,5854,0,0,0,1,0
882793,5855,0,0,0,1,0
882948,5856,0,0,0,1,0
883107,5857,0,0,0,1,0
883301,5858,0,0,0,1,0
883510,5859,0,0,0,1,0
883712,5860,0,0,0,1,0
883860,5861,0,0,0,1,0
884072,5862,0,0,0,1,0
884230,5863,0,0,0,1,0
884428,5864,0,0,0,1,0
884629,5865,0,0,0,1,0
884746,5866,0,0,0,1,0
884897,5867,0,0,0,1,0
885102,5868,0,0,0,1,0
885108,5869,1,0,0,0,0
885305,5870,0,0,0,1,0
885401,5871,0,0,0,1,0
885576,5872,0,0,0,1,0
885756,5873,0,0,0,1,0
885960,5874,0,0,0,1,0
886118,5875,0,0,0,1,0
886323,5876,0,0,0,1,0
886459,5877,0,0,0,1,0
886654,5878,0,0,0,1,0
886812,5879,0,0,0,1,0
886901,5880,0,0,0,1,0
887129,5881,0,0,0,1,0
887260,5882,0,0,0,1,0
887261,5883,1,0,0,0,0
887442,5884,0,0,0,1,0
887668,5885,0,0,0,1,0
887851,5886,0,0,0,1,0
888026,5887,0,0,0,1,0
888138,5888,0,0,0,1,0
888317,5889,0,0,0,1,0
888471,5890,0,0,0,1,0
888639,5891,0,0,0,1,0
888819,5892,0,0,0,1,0
888990,5893,0,0,0,1,0
889187,5894,0,0,0,1,0
889285,5895,0,0,0,1,0
889454,5896,0,0,0,1,0
889629,5897,0,0,0,1,0
889831,5898,0,0,0,1,0
890034,5899,0,0,0,1,0
890175,5900,0,0,0,1,0
890374,5901,0,0,0,1,0
890530,5902,0,0,0,1,0
890730,5903,0,0,0,1,0
890931,5904,0,0,0,1,0
891110,5905,0,0,0,1,0
891295,5906,0,0,0,1,0
891412,5907,0,0,0,1,0
891582,5908,0,0,0,1,0
891749,5909,0,0,0,1,0
891954,5910,0,0,0,1,0
892118,5911,0,0,0,1,0
892268,5912,0,0,0,1,0
892401,5913,0,0,0,1,0
892529,5914,0,0,0,1,0
892732,5915,0,0,0,1,0
892957,5916,0,0,0,1,0
893132,5917,0,0,0,1,0
893322,5918,0,0,0,1,0
893480,5919,0,0,0,1,0
893646,5920,0,0,0,1,0
893649,5921,1,0,0,0,0
893765,5922,0,0,0,1,0
893959,5923,0,0,0,1,0
894113,5924,0,0,0,1,0
894248,5925,0,0,0,1,0
894377,5926,0,0,0,1,0
894569,5927,0,0,0,1,0
894738,5928,0,0,0,1,0
894886,5929,0,0,0,1,0
895044,5930,0,0,0,1,0
895228,5931,0,0,0,1,0
895414,5932,0,0,0,1,0
895512,5933,0,0,0,1,0
895713,5934,0,0,0,1,0
895916,5935,0,0,0,1,0
896095,5936,0,0,0,1,0
896216,5937,0,0,0,1,0
896392,5938,0,0,0,1,0
896397,5939,1,0,0,0,0
896546,5940,0,0,0,1,0
896702,5941,0,0,0,1,0
896859,5942,0,0,0,1,0
896999,5943,0,0,0,1,0
897199,5944,0,0,0,1,0
897356,5945,0,0,0,1,0
897494,5946,0,0,0,1,0
897637,5947,0,0,0,1,0
897782,5948,0,0,0,1,0
897942,5949,0,0,0,1,0
898124,5950,0,0,0,1,0
898282,5951,0,0,0,1,0
898409,5952,0,0,0,1,0
898596,5953,0,0,0,1,0
898739,5954,0,0,0,1,0
898897,5955,0,0,0,1,0
899078,5956,0,0,0,1,0
899272,5957,0,0,0,1,0
899386,5958,0,0,0,1,0
899412,5959,0,0,1,0,0
899637,5960,0,0,0,1,0
899772,5961,0,0,0,1,0
899959,5962,0,0,0,1,0
900131,5963,0,0,0,1,0
900318,5964,0,0,0,1,0
900501,5965,0,0,0,1,0
900647,5966,0,0,0,1,0
900831,5967,0,0,0,1,0
901027,5968,0,0,0,1,0
901214,5969,0,0,0,1,0
901332,5970,0,0,0,1,0
901446,5971,0,0,0,1,0
901591,5972,0,0,0,1,0
901780,5973,0,0,0,1,0
901961,5974,0,0,0,1,0
902152,5975,0,0,0,1,0
902157,5976,1,0,0,0,0
902350,5977,0,0,0,1,0
902513,5978,0,0,0,1,0
902641,5979,0,0,0,1,0
902647,5980,1,0,0,0,0
902768,5981,0,0,0,1,0
902980,5982,0,0,0,1,0
903143,5983,0,0,0,1,0
903317,5984,0,0,0,1,0
903533,5985,0,0,0,1,0
903655,5986,0,0,0,1,0
903749,5987,0,0,0,1,0
903840,5988,0,0,0,1,0
903983,5989,0,0,0,1,0
904146,5990,0,0,0,1,0
904264,5991,0,0,0,1,0
904436,5992,0,0,0,1,0
904572,5993,0,0,0,1,0
904713,5994,0,0,0,1,0
904886,5995,0,0,0,1,0
904894,5996,1,0,0,0,0
905011,5997,0,0,0,1,0
905108,5998,0,0,0,1,0
905283,5999,0,0,0,1,0
905289,6000,1,0,0,0,0
905440,6001,0,0,0,1,0
905592,6002,0,0,0,1,0
905808,6003,0,0,0,1,0
906007,6004,0,0,0,1,0
906198,6005,0,0,0,1,0
906388,6006,0,0,0,1,0
906565,6007,0,0,0,1,0
906717,6008,0,0,0,1,0
906926,6009,0,0,0,1,0
907113,6010,0,0,0,1,0
907237,6011,0,0,0,1,0
907397,6012,0,0,0,1,0
907611,6013,0,0,0,1,0
907804,6014,0,0,0,1,0
908002,6015,0,0,0,1,0
908155,6016,0,0,0,1,0
908329,6017,0,0,0,1,0
908523,6018,0,0,0,1,0
908692,6019,0,0,0,1,0
908884,6020,0,0,0,1,0
909034,6021,0,0,0,1,0
909223,6022,0,0,0,1,0
909438,6023,0,0,0,1,0
909558,6024,0,0,0,1,0
909563,6025,1,0,0,0,0
909778,6026,0,0,0,1,0
909904,6027,0,0,0,1,0
910119,6028,0,0,0,1,0
910283,6029,0,0,0,1,0
910286,6030,1,0,0,0,0
910426,6031,0,0,0,1,0
910595,6032,0,0,0,1,0
910765,6033,0,0,0,1,0
910911,6034,0,0,0,1,0
911099,6035,0,0,0,1,0
911307,6036,0,0,0,1,0
911467,6037,0,0,0,1,0
911657,6038,0,0,0,1,0
911838,6039,0,0,0,1,0
911930,6040,0,0,0,1,0
912062,6041,0,0,0,1,0
912254,6042,0,0,0,1,0
912433,6043,0,0,0,1,0
912620,6044,0,0,0,1,0
912786,6045,0,0,0,1,0
912957,6046,0,0,0,1,0
913111,6047,0,0,0,1,0
913251,6048,0,0,0,1,0
913411,6049,0,0,0,1,0
913542,6050,0,0,0,1,0
913732,6051,0,0,0,1,0
913908,6052,0,0,0,1,0
914077,6053,0,0,0,1,0
914265,6054,0,0,0,1,0
914446,6055,0,0,0,1,0
914632,6056,0,0,0,1,0
914799,6057,0,0,0,1,0
914902,6058,0,0,0,1,0
915096,6059,0,0,0,1,0
915309,6060,0,0,0,1,0
915433,6061,0,0,0,1,0
915548,6062,0,0,0,1,0
915765,6063,0,0,0,1,0
915871,6064,0,0,0,1,0
916032,6065,0,0,0,1,0
916162,6066,0,0,0,1,0
916337,6067,0,0,0,1,0
916502,6068,0,0,0,1,0
916630,6069,0,0,0,1,0
916782,6070,0,0,0,1,0
916991,6071,0,0,0,1,0
917204,6072,0,0,0,1,0
917207,6073,1,0,0,0,0
917382,6074,0,0,0,1,0
917609,6075,0,0,0,1,0
917804,6076,0,0,0,1,0
917972,6077,0,0,0,1,0
918173,6078,0,0,0,1,0
918370,6079,0,0,0,1,0
918553,6080,0,0,0,1,0
918719,6081,0,0,0,1,0
918846,6082,0,0,0,1,0
919070,6083,0,0,0,1,0
919248,6084,0,0,0,1,0
919249,6085,1,0,0,0,0
919367,6086,0,0,0,1,0
919554,6087,0,0,0,1,0
919742,6088,0,0,0,1,0
919904,6089,0,0,0,1,0
920087,6090,0,0,0,1,0
920254,6091,0,0,0,1,0
920412,6092,0,0,0,1,0
920565,6093,0,0,0,1,0
920566,6094,1,0,0,0,0
920745,6095,0,0,0,1,0
920944,6096,0,0,0,1,0
921164,6097,0,0,0,1,0
921387,6098,0,0,0,1,0
921556,6099,0,0,0,1,0
921707,6100,0,0,0,1,0
921904,6101,0,0,0,1,0
921908,6102,1,0,0,0,0
922074,6103,0,0,0,1,0
922184,6104,0,0,0,1,0
922341,6105,0,0,0,1,0
922485,6106,0,0,0,1,0
922653,6107,0,0,0,1,0
922848,6108,0,0,0,1,0
922857,6109,1,0,0,0,0
923063,6110,0,0,0,1,0
923221,6111,0,0,0,1,0
923432,6112,0,0,0,1,0
923600,6113,0,0,0,1,0
923821,6114,0,0,0,1,0
923965,6115,0,0,0,1,0
924131,6116,0,0,0,1,0
924248,6117,0,0,0,1,0
924368,6118,0,0,0,1,0
924491,6119,0,0,0,1,0
924665,6120,0,0,0,1,0
924776,6121,0,0,0,1,0
924966,6122,0,0,0,1,0
925090,6123,0,0,0,1,0
925263,6124,0,0,0,1,0
925411,6125,0,0,0,1,0
925596,6126,0,0,0,1,0
925724,6127,0,0,0,1,0
925929,6128,0,0,0,1,0
926126,6129,0,0,0,1,0
926243,6130,0,0,0,1,0
926436,6131,0,0,0,1,0
926588,6132,0,0,0,1,0
926712,6133,0,0,0,1,0
926836,6134,0,0,0,1,0
927061,6135,0,0,0,1,0
927236,6136,0,0,0,1,0
927438,6137,0,0,0,1,0
927592,6138,0,0,0,1,0
927691,6139,0,0,0,1,0
927838,6140,0,0,0,1,0
928042,6141,0,0,0,1,0
928202,6142,0,0,0,1,0
928385,6143,0,0,0,1,0
928526,6144,0,0,0,1,0
928624,6145,0,0,0,1,0
928797,6146,0,0,0,1,0
928970,6147,0,0,0,1,0
929165,6148,0,0,0,1,0
929339,6149,0,0,0,1,0
929482,6150,0,0,0,1,0
929667,6151,0,0,0,1,0
929835,6152,0,0,0,1,0
930030,6153,0,0,0,1,0
930222,6154,0,0,0,1,0
930360,6155,0,0,0,1,0
930581,6156,0,0,0,1,0
930732,6157,0,0,0,1,0
930916,6158,0,0,0,1,0
931009,6159,0,0,0,1,0
931127,6160,0,0,0,1,0
931286,6161,0,0,0,1,0
931295,6162,1,0,0,0,0
931447,6163,0,0,0,1,0
931638,6164,0,0,0,1,0
931828,6165,0,0,0,1,0
932015,6166,0,0,0,1,0
932131,6167,0,0,0,1,0
932224,6168,0,0,0,1,0
932333,6169,0,0,0,1,0
932530,6170,0,0,0,1,0
932683,6171,0,0,0,1,0
932874,6172,0,0,0,1,0
933076,6173,0,0,0,1,0
933294,6174,0,0,0,1,0
933440,6175,0,0,0,1,0
933605,6176,0,0,0,1,0
933714,6177,0,0,0,1,0
933812,6178,0,0,0,1,0
933968,6179,0,0,0,1,0
934104,6180,0,0,0,1,0
934251,6181,0,0,0,1,0
934255,6182,1,0,0,0,0
934436,6183,0,0,0,1,0
934528,6184,0,0,0,1,0
934704,6185,0,0,0,1,0
934858,6186,0,0,0,1,0
935004,6187,0,0,0,1,0
935155,6188,0,0,0,1,0
935323,6189,0,0,0,1,0
935482,6190,0,0,0,1,0
935681,6191,0,0,0,1,0
935804,6192,0,0,0,1,0
935997,6193,0,0,0,1,0
936209,6194,0,0,0,1,0
936413,6195,0,0,0,1,0
936583,6196,0,0,0,1,0
936722,6197,0,0,0,1,0
936729,6198,1,0,0,0,0
936824,6199,0,0,0,1,0
936976,6200,0,0,0,1,0
937086,6201,0,0,0,1,0
937237,6202,0,0,0,1,0
937404,6203,0,0,0,1,0
937507,6204,0,0,0,1,0
937699,6205,0,0,0,1,0
937849,6206,0,0,0,1,0
937986,6207,0,0,0,1,0
938117,6208,0,0,0,1,0
938307,6209,0,0,0,1,0
938502,6210,0,0,0,1,0
938671,6211,0,0,0,1,0
938807,6212,0,0,0,1,0
938925,6213,0,0,0,1,0
938934,6214,1,0,0,0,0
939131,6215,0,0,0,1,0
939263,6216,0,0,0,1,0
939366,6217,0,0,0,1,0
939535,6218,0,0,0,1,0
939712,6219,0,0,0,1,0
939871,6220,0,0,0,1,0
940058,6221,0,0,0,1,0
940179,6222,0,0,0,1,0
940371,6223,0,0,0,1,0
940560,6224,0,0,0,1,0
940762,6225,0,0,0,1,0
940947,6226,0,0,0,1,0
941063,6227,0,0,0,1,0
941249,6228,0,0,0,1,0
941347,6229,0,0,0,1,0
941527,6230,0,0,0,1,0
941689,6231,0,0,0,1,0
941833,6232,0,0,0,1,0
941988,6233,0,0,0,1,0
942158,6234,0,0,0,1,0
942357,6235,0,0,0,1,0
942538,6236,0,0,0,1,0
942655,6237,0,0,0,1,0
942842,6238,0,0,0,1,0
942996,6239,0,0,0,1,0
943170,6240,0,0,0,1,0
943368,6241,0,0,0,1,0
943507,6242,0,0,0,1,0
943655,6243,0,0,0,1,0
943861,6244,0,0,0,1,0
943999,6245,0,0,0,1,0
944103,6246,0,0,0,1,0
944301,6247,0,0,0,1,0
944511,6248,0,0,0,1,0
944716,6249,0,0,0,1,0
944861,6250,0,0,0,1,0
945023,6251,0,0,0,1,0
945186,6252,0,0,0,1,0
945375,6253,0,0,0,1,0
945559,6254,0,0,0,1,0
945715,6255,0,0,0,1,0
945859,6256,0,0,0,1,0
945863,6257,1,0,0,0,0
945984,6258,0,0,0,1,0
946159,6259,0,0,0,1,0
946350,6260,0,0,0,1,0
946548,6261,0,0,0,1,0
946676,6262,0,0,0,1,0
946680,6263,1,0,0,0,0
946829,6264,0,0,0,1,0
946971,6265,0,0,0,1,0
947060,6266,0,0,0,1,0
947201,6267,0,0,0,1,0
947332,6268,0,0,0,1,0
947532,6269,0,0,0,1,0
947717,6270,0,0,0,1,0
947891,6271,0,0,0,1,0
948067,6272,0,0,0,1,0
948265,6273,0,0,0,1,0
948477,6274,0,0,0,1,0
948689,6275,0,0,0,1,0
948881,6276,0,0,0,1,0
949004,6277,0,0,0,1,0
949164,6278,0,0,0,1,0
949229,6279,0,0,1,0,0
949351,6280,0,0,0,1,0
949534,6281,0,0,0,1,0
949659,6282,0,0,0,1,0
949858,6283,0,0,0,1,0
950020,6284,0,0,0,1,0
950183,6285,0,0,0,1,0
950282,6286,0,0,0,1,0
950288,6287,1,0,0,0,0
950465,6288,0,0,0,1,0
950614,6289,0,0,0,1,0
950792,6290,0,0,0,1,0
950905,6291,0,0,0,1,0
951037,6292,0,0,0,1,0
951181,6293,0,0,0,1,0
951368,6294,0,0,0,1,0
951555,6295,0,0,0,1,0
951765,6296,0,0,0,1,0
951965,6297,0,0,0,1,0
952126,6298,0,0,0,1,0
952311,6299,0,0,0,1,0
952502,6300,0,0,0,1,0
952685,6301,0,0,0,1,0
952890,6302,0,0,0,1,0
953053,6303,0,0,0,1,0
953206,6304,0,0,0,1,0
953314,6305,0,0,0,1,0
953458,6306,0,0,0,1,0
953615,6307,0,0,0,1,0
953773,6308,0,0,0,1,0
953959,6309,0,0,0,1,0
954110,6310,0,0,0,1,0
954291,6311,0,0,0,1,0
954501,6312,0,0,0,1,0
954705,6313,0,0,0,1,0
954873,6314,0,0,0,1,0
954982,6315,0,0,0,1,0
955178,6316,0,0,0,1,0
955270,6317,0,0,0,1,0
955479,6318,0,0,0,1,0
955588,6319,0,0,0,1,0
955794,6320,0,0,0,1,0
955943,6321,0,0,0,1,0
956137,6322,0,0,0,1,0
956295,6323,0,0,0,1,0
956489,6324,0,0,0,1,0
956633,6325,0,0,0,1,0
956787,6326,0,0,0,1,0
956954,6327,0,0,0,1,0
957070,6328,0,0,0,1,0
957174,6329,0,0,0,1,0
957340,6330,0,0,0,1,0
957502,6331,0,0,0,1,0
957709,6332,0,0,0,1,0
957894,6333,0,0,0,1,0
958046,6334,0,0,0,1,0
958194,6335,0,0,0,1,0
958367,6336,0,0,0,1,0
958524,6337,0,0,0,1,0
958625,6338,0,0,0,1,0
958835,6339,0,0,0,1,0
958934,6340,0,0,0,1,0
958940,6341,1,0,0,0,0
959045,6342,0,0,0,1,0
959184,6343,0,0,0,1,0
959303,6344,0,0,0,1,0
959509,6345,0,0,0,1,0
959637,6346,0,0,0,1,0
959754,6347,0,0,0,1,0
959906,6348,0,0,0,1,0
960043,6349,0,0,0,1,0
960241,6350,0,0,0,1,0
960445,6351,0,0,0,1,0
960628,6352,0,0,0,1,0
960814,6353,0,0,0,1,0
960952,6354,0,0,0,1,0
961132,6355,0,0,0,1,0
961316,6356,0,0,0,1,0
961425,6357,0,0,0,1,0
961565,6358,0,0,0,1,0
961748,6359,0,0,0,1,0
961941,6360,0,0,0,1,0
962086,6361,0,0,0,1,0
962246,6362,0,0,0,1,0
962447,6363,0,0,0,1,0
962627,6364,0,0,0,1,0
962792,6365,0,0,0,1,0
962965,6366,0,0,0,1,0
963073,6367,0,0,0,1,0
963273,6368,0,0,0,1,0
963388,6369,0,0,0,1,0
963559,6370,0,0,0,1,0
963706,6371,0,0,0,1,0
963907,6372,0,0,0,1,0
964093,6373,0,0,0,1,0
964256,6374,0,0,0,1,0
964456,6375,0,0,0,1,0
964596,6376,0,0,0,1,0
964789,6377,0,0,0,1,0
964974,6378,0,0,0,1,0
965105,6379,0,0,0,1,0
965292,6380,0,0,0,1,0
965436,6381,0,0,0,1,0
965651,6382,0,0,0,1,0
965829,6383,0,0,0,1,0
965980,6384,0,0,0,1,0
966178,6385,0,0,0,1,0
966277,6386,0,0,0,1,0
966473,6387,0,0,0,1,0
966605,6388,0,0,0,1,0
966805,6389,0,0,0,1,0
967023,6390,0,0,0,1,0
967239,6391,0,0,0,1,0
967416,6392,0,0,0,1,0
967573,6393,0,0,0,1,0
967579,6394,1,0,0,0,0
967778,6395,0,0,0,1,0
967968,6396,0,0,0,1,0
968128,6397,0,0,0,1,0
968285,6398,0,0,0,1,0
968406,6399,0,0,0,1,0
968598,6400,0,0,0,1,0
968759,6401,0,0,0,1,0
968923,6402,0,0,0,1,0
969084,6403,0,0,0,1,0
969278,6404,0,0,0,1,0
969498,6405,0,0,0,1,0
969602,6406,0,0,0,1,0
969707,6407,0,0,0,1,0
969829,6408,0,0,0,1,0
969968,6409,0,0,0,1,0
970103,6410,0,0,0,1,0
970201,6411,0,0,0,1,0
970420,6412,0,0,0,1,0
970568,6413,0,0,0,1,0
970573,6414,1,0,0,0,0
970709,6415,0,0,0,1,0
970901,6416,0,0,0,1,0
971102,6417,0,0,0,1,0
971250,6418,0,0,0,1,0
971416,6419,0,0,0,1,0
971600,6420,0,0,0,1,0
971783,6421,0,0,0,1,0
971921,6422,0,0,0,1,0
972071,6423,0,0,0,1,0
972247,6424,0,0,0,1,0
972339,6425,0,0,0,1,0
972553,6426,0,0,0,1,0
972727,6427,0,0,0,1,0
972890,6428,0,0,0,1,0
973054,6429,0,0,0,1,0
973215,6430,0,0,0,1,0
973366,6431,0,0,0,1,0
973547,6432,0,0,0,1,0
973734,6433,0,0,0,1,0
973823,6434,0,0,0,1,0
973929,6435,0,0,0,1,0
974110,6436,0,0,0,1,0
974260,6437,0,0,0,1,0
974431,6438,0,0,0,1,0
974562,6439,0,0,0,1,0
974752,6440,0,0,0,1,0
974934,6441,0,0,0,1,0
975110,6442,0,0,0,1,0
975221,6443,0,0,0,1,0
975385,6444,0,0,0,1,0
975527,6445,0,0,0,1,0
975659,6446,0,0,0,1,0
975836,6447,0,0,0,1,0
976019,6448,0,0,0,1,0
976112,6449,0,0,0,1,0
976298,6450,0,0,0,1,0
976436,6451,0,0,0,1,0
976602,6452,0,0,0,1,0
976749,6453,0,0,0,1,0
976754,6454,1,0,0,0,0
976929,6455,0,0,0,1,0
977057,6456,0,0,0,1,0
977233,6457,0,0,0,1,0
977366,6458,0,0,0,1,0
977551,6459,0,0,0,1,0
977730,6460,0,0,0,1,0
977895,6461,0,0,0,1,0
978072,6462,0,0,0,1,0
978240,6463,0,0,0,1,0
978438,6464,0,0,0,1,0
978613,6465,0,0,0,1,0
978790,6466,0,0,0,1,0
978916,6467,0,0,1,0,0
979102,6468,0,0,0,1,0
979108,6469,1,0,0,0,0
979233,6470,0,0,0,1,0
979237,6471,1,0,0,0,0
979439,6472,0,0,0,1,0
979598,6473,0,0,0,1,0
979761,6474,0,0,0,1,0
979857,6475,0,0,0,1,0
980054,6476,0,0,0,1,0
980232,6477,0,0,0,1,0
980388,6478,0,0,0,1,0
980558,6479,0,0,0,1,0
980702,6480,0,0,0,1,0
980858,6481,0,0,0,1,0
980958,6482,0,0,0,1,0
981144,6483,0,0,0,1,0
981294,6484,0,0,0,1,0
981475,6485,0,0,0,1,0
981589,6486,0,0,0,1,0
981726,6487,0,0,0,1,0
981912,6488,0,0,0,1,0
982082,6489,0,0,0,1,0
982183,6490,0,0,0,1,0
982353,6491,0,0,0,1,0
982490,6492,0,0,0,1,0
982629,6493,0,0,0,1,0
982813,6494,0,0,0,1,0
982967,6495,0,0,0,1,0
983110,6496,0,0,0,1,0
983271,6497,0,0,0,1,0
983465,6498,0,0,0,1,0
983647,6499,0,0,0,1,0
983788,6500,0,0,0,1,0
983936,6501,0,0,0,1,0
984106,6502,0,0,0,1,0
984293,6503,0,0,0,1,0
984461,6504,0,0,0,1,0
984616,6505,0,0,0,1,0
984794,6506,0,0,0,1,0
984967,6507,0,0,0,1,0
985103,6508,0,0,0,1,0
985268,6509,0,0,0,1,0
985390,6510,0,0,0,1,0
985574,6511,0,0,0,1,0
985735,6512,0,0,0,1,0
985918,6513,0,0,0,1,0
986068,6514,0,0,0,1,0
986194,6515,0,0,0,1,0
986385,6516,0,0,0,1,0
986598,6517,0,0,0,1,0
986757,6518,0,0,0,1,0
986863,6519,0,0,0,1,0
986992,6520,0,0,0,1,0
987192,6521,0,0,0,1,0
987328,6522,0,0,0,1,0
987334,6523,1,0,0,0,0
987500,6524,0,0,0,1,0
987712,6525,0,0,0,1,0
987870,6526,0,0,0,1,0
988025,6527,0,0,0,1,0
988229,6528,0,0,0,1,0
988411,6529,0,0,0,1,0
988530,6530,0,0,0,1,0
988675,6531,0,0,0,1,0
988812,6532,0,0,0,1,0
988953,6533,0,0,0,1,0
989124,6534,0,0,0,1,0
989327,6535,0,0,0,1,0
989454,6536,0,0,0,1,0
989582,6537,0,0,0,1,0
989725,6538,0,0,0,1,0
989823,6539,0,0,0,1,0
989978,6540,0,0,0,1,0
990193,6541,0,0,0,1,0
990396,6542,0,0,0,1,0
990564,6543,0,0,0,1,0
990565,6544,1,0,0,0,0
990667,6545,0,0,0,1,0
990808,6546,0,0,0,1,0
990982,6547,0,0,0,1,0
991169,6548,0,0,0,1,0
990202,0,0,0,0,1,0
990404,1,0,0,0,1,0
990551,2,0,0,0,1,0
990695,3,0,0,0,1,0
990885,4,0,0,0,1,0
990892,5,1,0,0,0,0
991009,6,0,0,0,1,0
991192,7,0,0,0,1,0
991362,8,0,0,0,1,0
991483,9,0,0,0,1,0
991696,10,0,0,0,1,0
991699,11,1,0,0,0,0
991838,12,0,0,0,1,0
992031,13,0,0,0,1,0
992163,14,0,0,0,1,0
992167,15,1,0,0,0,0
992359,16,0,0,0,1,0
992493,17,0,0,0,1,0
992702,18,0,0,0,1,0
992858,19,0,0,0,1,0
992869,20,1,0,0,0,0
992983,21,0,0,0,1,0
993168,22,0,0,0,1,0
993345,23,0,0,0,1,0
993548,24,0,0,0,1,0
993755,25,0,0,0,1,0
993932,26,0,0,0,1,0
994155,27,0,0,0,1,0
994287,28,0,0,0,1,0
994417,29,0,0,0,1,0
994538,30,0,0,0,1,0
994724,31,0,0,0,1,0
994904,32,0,0,0,1,0
995030,33,0,0,0,1,0
995036,34,1,0,0,0,0
995229,35,0,0,0,1,0
995376,36,0,0,0,1,0
995584,37,0,0,0,1,0
995721,38,0,0,0,1,0
995882,39,0,0,0,1,0
996065,40,0,0,0,1,0
996258,41,0,0,0,1,0
996367,42,0,0,0,1,0
996518,43,0,0,0,1,0
996520,44,1,0,0,0,0
996695,45,0,0,0,1,0
996830,46,0,0,0,1,0
997015,47,0,0,0,1,0
997185,48,0,0,0,1,0
997325,49,0,0,0,1,0
997414,50,0,0,0,1,0
997576,51,0,0,0,1,0
997742,52,0,0,0,1,0
997874,53,0,0,0,1,0
998089,54,0,0,0,1,0
998251,55,0,0,0,1,0
998392,56,0,0,0,1,0
998536,57,0,0,0,1,0
998716,58,0,0,0,1,0
998921,59,0,0,0,1,0
999093,60,0,0,0,1,0
999295,61,0,0,0,1,0
999480,62,0,0,0,1,0
999675,63,0,0,0,1,0
999879,64,0,0,0,1,0
1000078,65,0,0,0,1,0
