#{"t_start": 1787736207.9107006, "env_id": "None"}
r,l,t
75.796645,200,6.456726
86.118821,203,9.753766
22.844718,58,10.764377
65.048807,122,12.903593
68.325681,171,15.885586
-7.36,7,16.067916
82.303893,111,18.060483
16.073546,51,18.999421
88.461783,174,22.115614
52.196748,87,23.73734
13.069469,55,24.738709
-7.332657,3,24.860597
86.153479,137,27.468408
88.56001,194,30.874259
89.024513,132,33.328491
-7.6,4,33.471289
88.68626,193,36.817672
88.791716,134,39.434877
83.837141,196,72.421269
88.951069,157,75.561653
-7.36,11,75.868252
82.650021,118,78.130771
86.000081,157,80.933608
88.36384,177,83.93473
53.035768,97,85.796888
88.313053,207,89.61748
3.476953,21,90.102051
-1.586066,30,90.786205
88.877268,133,93.443586
86.215182,122,95.830792
85.677976,105,97.997695
88.630872,187,101.709546
88.785935,181,105.27428
47.390126,77,106.831186
86.090243,126,138.489244
86.446476,129,141.017014
45.727837,96,142.807486
88.364325,209,146.739995
85.549324,119,149.117041
83.677093,144,151.899362
86.249231,121,154.202025
86.919257,160,157.044336
83.439222,140,159.734817
-7.853243,6,159.900016
-8.48,2,160.007715
86.298841,148,162.778035
82.533699,128,165.164906
88.482314,185,168.60029
88.560322,172,171.83606
86.088758,125,174.248328
7.616795,19,174.666817
54.727468,121,207.227571
88.383311,167,210.24057
85.927974,148,213.043651
86.200082,212,217.157087
57.081002,126,219.689066
89.013556,143,222.62463
44.502424,91,224.377851
86.147581,189,228.245428
30.398754,96,230.209696
86.458651,170,233.711937
84.488796,121,236.183751
88.556044,186,239.631969
85.820755,168,242.58625
86.498289,147,245.428525
61.326054,163,277.268743
83.441789,144,280.029733
88.452365,184,283.445772
89.10044,115,285.686498
86.379151,189,289.225586
82.214863,100,291.145728
86.416145,167,294.15147
88.40899,211,297.985523
88.878329,163,301.192809
88.684946,161,304.226325
46.54608,114,306.395723
5.293097,30,307.009629
3.118551,21,307.43009
55.338672,120,309.705258
88.533552,158,312.791203
88.558143,198,344.754266
89.136077,116,347.08096
86.020589,179,350.492851
86.186099,198,354.025432
-3.916331,25,354.600307
88.560882,199,358.207055
15.582977,37,358.977479
86.796296,143,361.691754
86.057285,176,364.81886
89.099734,133,367.347853
86.328665,125,369.821844
88.396419,195,373.397427
87.746735,150,376.20304
84.314902,154,379.149606
88.742273,178,413.597516
6.045003,45,414.473102
-7.4,5,414.638054
83.750873,142,417.458423
86.293853,163,420.656057
89.006924,154,423.627094
85.806186,138,426.228704
86.242437,161,429.13348
-7.36,9,429.370788
12.15246,41,430.201095
85.892487,173,433.288766
86.163575,126,435.517145
88.61807,150,438.251084
88.438893,176,441.408208
86.013256,126,443.66712
88.742084,129,445.933825
88.614578,165,448.704051
88.527146,169,480.194527
83.431129,152,482.572061
28.154561,63,483.594306
88.431949,177,486.401999
88.457743,183,489.354553
86.562737,204,492.474083
86.105056,132,494.702168
86.586031,128,496.924063
88.481241,210,500.099144
88.512106,176,502.783712
86.005674,201,505.840458
88.86325,131,507.938052
86.395584,168,510.61763
85.901594,151,539.914407
83.295789,124,542.325022
16.215992,46,543.23586
85.972563,127,545.446568
86.100276,122,547.585462
85.698744,96,549.346562
86.390489,129,551.569939
10.97441,24,552.062708
88.392964,224,555.5616
-7.36,9,555.803691
66.800307,107,557.764092
88.598982,152,560.74869
88.920749,106,562.752214
-7.36,7,562.968745
86.60805,140,565.648212
88.706374,192,568.76698
88.477202,178,571.614925
88.74262,125,573.541315
89.009246,106,603.405528
86.847705,135,605.670593
88.603507,193,608.774689
88.536879,147,611.25763
88.289722,202,614.231341
85.889898,154,616.789066
88.548825,148,619.152003
36.022248,81,620.388813
-9.16,1,620.469888
88.348695,198,623.542072
88.605329,141,625.855703
-7.36,8,626.062042
88.365683,196,629.067023
83.494389,170,631.77881
33.693584,79,633.096959
-5.746687,8,633.290285
85.761265,119,661.986068
85.226347,138,664.172548
-7.96,3,664.280254
88.605994,181,667.119293
88.981934,156,669.686045
86.034875,161,672.430985
88.359978,183,675.402367
86.826939,130,677.698245
86.555307,162,680.432093
-0.202495,29,680.979383
47.964156,95,682.510741
88.667898,192,685.666191
88.503816,206,688.707253
88.56343,208,691.863968
83.805559,163,694.549943
89.23153,131,723.681639
86.080305,104,725.378335
85.972339,134,727.701042
88.646208,199,730.866738
88.956749,144,733.184179
88.970121,128,735.256049
86.202118,145,737.719802
88.811845,127,739.852989
86.207496,159,742.43943
86.036351,164,745.009484
88.911414,144,747.269438
46.570934,107,748.935779
86.185462,163,751.494517
88.425481,198,754.39341
88.818933,151,782.250603
88.720931,153,784.784654
88.614246,190,787.732301
89.090039,127,789.84338
88.75614,127,792.058095
86.28023,184,794.859154
83.0346,146,797.360333
-7.36,9,797.577118
84.842939,187,800.839473
-7.36,7,801.018211
88.984299,97,802.764218
88.537758,209,806.092327
89.072347,116,808.04582
88.50441,154,810.55682
89.256933,127,812.578686
83.988573,198,842.36965
88.63693,158,844.927883
88.517748,151,847.370544
89.202231,116,849.298679
88.86889,155,851.838983
61.379057,149,854.217355
88.608096,212,857.473967
-8.48,2,857.572889
89.213157,101,859.220002
89.010972,150,861.662233
88.443834,201,864.745675
88.411323,203,867.775049
88.613722,140,869.968472
88.852224,139,872.245337
88.733993,156,903.148975
88.783859,126,905.571854
57.133771,150,908.513037
88.777455,124,910.915885
88.550143,170,914.166911
86.590812,167,917.334321
-9.16,1,917.422422
-7.36,7,917.632222
88.69915,175,920.864692
88.438232,164,923.909431
88.535969,196,927.364912
88.62442,135,929.899254
86.08046,180,933.130006
88.4864,164,936.041005
61.812625,101,937.785131
88.748768,155,969.445996
88.493712,177,972.575439
16.973339,46,973.413686
89.202002,113,975.309845
88.535241,188,978.394579
88.991078,140,980.697983
63.49775,89,982.278906
88.404013,166,985.108385
88.386426,208,988.75088
87.31382,174,992.133162
88.497482,149,995.190403
88.570538,177,998.336804
-7.36,9,998.568993
89.377656,117,1000.64771
88.552525,175,1003.652191
88.912844,152,1035.0625
88.831085,112,1036.962178
89.028529,103,1038.779695
88.531366,155,1041.505714
88.555031,197,1044.903563
88.729816,161,1047.721032
88.666766,191,1050.89336
89.047655,98,1052.551715
88.599191,190,1055.686338
89.396109,111,1057.659123
85.957173,156,1060.318254
88.720097,151,1062.91001
85.949632,110,1064.797573
83.792835,125,1066.910812
88.530153,165,1097.954076
89.561017,104,1099.700011
-7.751539,12,1099.948948
88.694308,121,1101.95494
88.58038,200,1105.258376
88.950174,128,1107.447423
86.133032,204,1110.774733
88.702387,153,1113.315285
88.810511,115,1115.251881
88.938954,139,1117.649917
86.519973,159,1120.395249
86.359126,104,1122.240446
89.12771,115,1124.206472
86.49955,197,1127.325331
45.694783,147,1129.873182
88.53112,175,1161.114023
88.635389,206,1164.528066
86.427684,208,1167.919145
-7.36,7,1168.107808
88.664662,204,1171.196755
89.228704,119,1173.327818
-7.36,6,1173.501837
88.460894,201,1176.777257
86.517449,197,1179.938512
85.811409,188,1183.082279
88.728875,188,1186.405281
86.366302,169,1189.277061
86.647795,179,1192.283687
-7.36,6,1192.457657
76.358054,214,1225.063268
88.307948,193,1228.152334
-2.424822,10,1228.389451
88.528223,178,1231.301193
89.458021,96,1232.909892
12.930159,54,1233.820823
88.593362,149,1236.293162
-7.36,8,1236.496336
89.374296,122,1238.589043
88.498801,199,1241.867088
88.737453,184,1244.871821
88.791827,140,1247.237566
88.452541,204,1250.623912
55.796175,101,1252.319217
89.336551,125,1254.393811
88.269766,204,1285.81826
88.668777,136,1288.316229
86.336784,133,1290.689064
88.540226,164,1293.353018
89.237704,109,1295.227853
88.612212,149,1297.895624
55.615899,155,1300.568031
85.939119,94,1302.397928
88.360125,197,1305.673414
86.043507,193,1308.682153
85.906115,160,1311.449199
88.551297,149,1314.250687
88.512024,151,1317.237913
11.846976,37,1318.009718
88.625739,174,1349.376961
88.51579,205,1352.570601
88.925342,151,1355.056937
86.203279,170,1357.890734
88.374177,206,1361.265803
88.492521,177,1364.1684
86.800824,192,1367.320615
77.04707,176,1370.140536
88.83851,153,1372.748003
89.017579,137,1375.143049
88.767584,183,1378.305567
88.577786,182,1381.247995
88.835788,173,1412.884334
-7.36,7,1413.08966
88.289717,206,1416.327973
86.306765,138,1418.754662
86.122204,148,1421.193403
89.065588,158,1423.80296
88.475349,167,1426.46771
17.609109,73,1427.716189
88.591707,171,1430.494124
88.639352,153,1432.989748
-8.48,2,1433.090953
47.158984,137,1435.441924
89.587199,93,1437.049063
86.243846,168,1439.767042
89.003584,134,1442.003149
88.374473,185,1445.230617
88.923405,140,1477.19529
86.03041,197,1480.397635
88.3402,214,1483.748866
88.376932,188,1487.046155
88.588015,188,1490.269537
86.609843,162,1492.922736
86.392904,200,1496.075189
88.745314,162,1498.833144
-7.0,3,1498.94986
-7.4,5,1499.110022
88.637176,196,1502.465637
81.671441,173,1505.506335
88.669369,129,1507.78755
88.959413,147,1538.041097
86.241372,195,1541.100291
18.718945,56,1542.040681
59.336432,134,1544.27555
88.956614,140,1546.725076
88.763872,169,1549.598696
88.604561,192,1552.828268
88.829721,146,1555.368627
89.389108,117,1557.48905
88.605834,141,1560.046774
88.485495,192,1563.601227
89.141809,137,1566.135064
88.9889,110,1568.259071
88.549357,152,1571.195906
88.93625,130,1573.648932
86.148727,178,1605.133934
88.826709,143,1607.632777
85.907297,136,1610.070258
-7.4,5,1610.220087
86.371301,122,1612.261475
86.489701,106,1614.126754
89.054646,120,1616.280878
89.172532,142,1618.739719
88.88483,118,1620.729113
88.485296,180,1623.656537
89.067154,136,1626.021566
89.484991,107,1627.94649
88.657113,167,1630.733768
88.663759,181,1633.730982
-9.16,1,1633.816485
-8.48,2,1633.922923
88.551265,156,1636.704726
88.636066,203,1668.414347
9.970257,36,1669.065797
88.534477,148,1671.525789
88.552565,201,1674.757758
88.425593,181,1677.808036
88.677084,136,1680.057006
88.396329,227,1683.409297
88.393651,198,1686.611345
89.047486,109,1688.565415
-9.16,1,1688.653522
89.103114,142,1691.307454
-7.36,11,1691.580156
88.758457,139,1694.090332
88.666426,134,1696.460394
-2.468163,11,1696.691285
88.893963,140,1699.051067
88.653029,199,1731.557862
88.661085,182,1734.489741
86.192014,130,1736.768845
88.680503,194,1739.986463
86.429221,137,1742.371218
89.111023,107,1744.265795
88.447255,207,1747.704485
88.827792,172,1750.585627
-7.96,3,1750.694178
88.944629,146,1753.312879
88.621762,167,1756.388933
88.917963,129,1758.827285
88.559182,187,1762.322546
88.577128,206,1794.439548
88.51345,209,1797.641559
88.667014,150,1800.16121
88.768196,141,1802.563419
-10.0,1,1802.63219
89.235151,99,1804.362475
88.586476,136,1806.665258
88.855313,117,1808.66089
88.121325,150,1811.164977
85.926087,166,1813.910294
88.552007,170,1816.79272
12.036117,62,1817.988441
88.490097,167,1820.961966
88.573156,210,1824.968524
89.103767,119,1827.358553
85.535867,106,1829.348165
-6.0,4,1829.478076
89.068395,114,1858.980338
89.347038,115,1860.966606
89.30366,103,1862.820511
-7.36,8,1863.062798
88.852974,171,1865.937138
89.314482,99,1867.636387
88.652172,199,1870.719567
88.873057,126,1872.799619
88.814389,158,1875.542701
-8.169279,2,1875.651301
88.383049,210,1879.153051
88.565929,181,1882.185357
88.932501,139,1884.579592
88.639388,198,1887.908585
88.686229,154,1890.551425
88.393017,167,1921.003159
88.311745,213,1924.220701
88.95568,158,1926.899884
89.242827,112,1928.941253
88.683025,133,1931.255831
85.40066,104,1933.088765
88.463439,200,1936.165293
88.259608,209,1939.548813
88.701579,190,1942.511498
-7.36,10,1942.743847
88.814715,138,1945.119545
88.596051,181,1948.222145
89.480021,96,1949.911191
88.495404,196,1953.144637
86.054378,126,1981.810801
88.418163,178,1984.850619
89.152585,116,1986.940787
88.353218,199,1990.401254
86.574086,119,1992.43205
88.857284,125,1994.593605
88.322817,217,1998.037652
88.534696,167,2000.779593
88.798321,174,2003.750315
82.516852,106,2005.660929
88.960271,142,2008.147375
88.486578,176,2010.97541
86.028532,154,2013.564137
88.259152,203,2044.266129
88.611823,177,2047.168051
26.195908,53,2048.141611
31.858357,56,2049.193585
88.303101,202,2052.739749
57.603557,110,2054.657513
86.179845,109,2056.601143
88.361733,206,2059.885128
88.712736,191,2062.826753
88.726911,192,2065.949938
88.894659,151,2068.565715
88.681908,187,2071.640165
88.50314,205,2075.083586
88.693995,203,2107.20528
86.607621,174,2110.025483
-9.32,2,2110.105788
89.304861,123,2112.229279
88.523164,204,2115.600971
86.257419,180,2118.654192
88.80079,123,2120.823592
86.047475,164,2123.835722
88.771939,141,2126.504916
88.725381,176,2129.642758
87.265377,149,2132.115362
86.114484,154,2134.767211
88.88335,162,2137.707354
88.430407,188,2170.81399
89.483191,101,2172.756164
88.561376,146,2175.575518
88.588606,220,2179.267256
88.517199,191,2182.288954
88.411108,199,2185.521481
85.604906,151,2188.226525
89.545574,111,2190.383612
88.743074,177,2193.384969
88.688515,200,2196.823175
88.691837,135,2199.297886
88.540209,201,2202.421585
88.436133,208,2234.889451
88.841892,141,2237.356662
86.177281,186,2240.584037
-2.704366,8,2240.797797
88.414343,180,2243.979473
86.537258,182,2247.0552
89.01541,98,2248.693821
88.401657,180,2251.639212
88.432289,185,2254.65154
86.470031,124,2256.860451
86.22708,128,2259.15747
89.339326,95,2260.944305
-7.36,9,2261.163688
89.084642,133,2263.52025
88.667159,125,2265.698692
88.551688,174,2268.695173
89.377202,106,2298.712253
88.808977,164,2301.483538
86.533355,156,2304.178585
89.023499,129,2306.448752
88.749147,141,2308.812454
88.79126,138,2311.118667
88.315505,207,2314.588097
-4.336161,6,2314.755819
88.656115,149,2317.390219
-9.16,1,2317.481035
88.911902,154,2320.2103
89.040324,133,2322.613972
89.212305,125,2324.844234
88.366071,177,2327.971148
88.482827,173,2330.882988
88.805687,177,2361.730075
88.331289,197,2364.996645
86.195923,113,2366.987694
89.169204,119,2369.168022
88.268743,202,2372.354653
20.475625,33,2372.919659
-6.0,4,2373.059395
88.947072,128,2375.364408
88.388736,210,2378.644368
88.358762,209,2381.894258
88.899357,163,2384.496262
88.458497,161,2387.268107
-7.36,8,2387.47422
84.579543,122,2389.732947
88.563385,167,2392.59544
85.866687,135,2394.931411
88.447595,162,2425.735871
85.848773,203,2428.971352
88.652686,164,2431.593362
-9.32,2,2431.672835
88.407266,195,2434.786672
88.317185,198,2437.918829
88.460635,185,2440.86306
88.644664,200,2443.893347
89.652477,101,2445.616068
88.629232,176,2448.557461
86.307262,194,2451.484416
-8.48,2,2451.586405
85.838942,193,2454.591475
88.54908,144,2457.071565
88.452358,184,2489.213559
88.748697,193,2492.263563
88.625782,192,2495.403443
-7.36,6,2495.563785
89.341933,117,2497.614105
88.930639,165,2500.371378
88.473216,205,2503.90242
88.548048,156,2506.536838
23.288679,72,2507.781745
89.213471,132,2510.06526
88.347012,184,2513.272617
4.008248,19,2513.641618
88.390609,193,2516.741341
88.715506,163,2519.488779
89.333878,127,2550.939553
88.678987,149,2553.454973
88.621028,217,2556.911276
88.693193,178,2559.898105
88.599107,208,2562.939489
88.554718,156,2565.567397
88.882569,164,2568.508229
88.746282,187,2571.635133
88.655885,205,2575.053943
-7.36,11,2575.344608
88.438464,210,2578.85864
88.535055,171,2581.726447
89.158377,100,2583.377552
88.601595,168,2614.615629
88.70372,182,2617.575665
89.426194,109,2619.414145
14.965857,64,2620.499368
89.29721,122,2622.533973
88.969986,161,2625.237199
89.384205,103,2626.951441
88.757538,181,2629.8773
-7.36,7,2630.073165
89.692585,90,2631.575018
88.794961,172,2634.575035
89.49297,101,2636.298251
86.10516,206,2639.493578
88.411721,193,2642.546855
60.980405,127,2644.608182
83.800539,163,2674.28501
88.750827,181,2677.256604
88.744257,147,2679.651397
88.722089,176,2682.590805
-4.34398,6,2682.747416
85.736983,184,2685.710103
88.32153,218,2688.96744
-6.771067,4,2689.101859
-7.204516,3,2689.216693
88.428604,180,2692.004658
88.474874,204,2695.134655
-4.476976,7,2695.335719
88.985468,152,2697.934963
73.44659,152,2700.551458
88.9541,116,2702.44418
88.550456,209,2705.497446
89.014675,102,2734.312729
86.248257,156,2736.917006
88.598688,177,2740.014546
88.516393,152,2742.750209
88.954945,153,2745.452914
88.864032,151,2748.070764
88.410352,183,2751.169419
89.071961,134,2753.338181
88.541485,190,2756.391308
88.943866,158,2759.123284
88.655163,160,2761.964995
88.505012,196,2765.370372
89.15531,143,2767.88426
88.640163,167,2799.624148
-7.4,5,2799.781556
88.575664,202,2803.181229
88.254154,200,2806.43462
-9.16,1,2806.516599
88.701283,195,2809.592347
86.493814,141,2812.027067
89.456844,117,2814.126724
89.439881,116,2816.332002
88.456972,198,2819.527693
88.747503,174,2822.395713
88.45464,171,2825.167234
88.383202,181,2828.030247
89.570202,110,2829.909179
89.097966,130,2862.102404
88.341284,192,2865.420811
89.202332,120,2867.461245
-1.550089,28,2867.974347
89.253887,126,2870.22093
88.972829,156,2873.123876
88.533654,153,2876.159364
22.247296,76,2877.693171
88.590914,193,2881.235409
-7.6,4,2881.401289
88.326904,205,2884.879185
61.993091,103,2886.704708
88.891825,152,2889.274039
88.55308,160,2892.02898
88.645754,196,2895.371764
88.651635,128,2897.70743
88.856849,146,2928.774009
88.72546,156,2931.519356
88.60465,183,2934.684948
88.526454,172,2937.586385
-3.0,7,2937.784932
89.384094,114,2939.760034
88.458422,181,2942.687063
88.722317,140,2945.091003
89.134542,133,2947.430552
88.760819,116,2949.48718
88.503442,161,2952.252183
88.498483,166,2955.120727
88.930927,146,2957.625364
88.442458,211,2960.922994
88.624712,136,2993.201082
85.953545,147,2995.902258
88.885585,135,2998.401999
88.50622,183,3001.610737
88.662829,207,3005.127863
88.583032,224,3008.467008
88.727847,186,3011.508983
88.681034,138,3014.019418
88.263397,219,3017.643929
86.541402,189,3020.745184
38.908479,112,3022.596832
-7.4,5,3022.74433
88.670922,138,3025.070959
-7.96,3,3025.206122
88.734379,182,3056.243703
88.637897,172,3058.996778
89.163276,135,3061.455814
88.96488,116,3063.603582
88.606523,166,3066.435142
88.506363,176,3069.358091
89.448247,118,3071.326848
85.874238,158,3073.911623
88.358709,218,3077.438217
86.249304,185,3080.547838
89.188397,130,3082.825694
88.549115,159,3085.538525
88.656105,170,3088.231346
-7.36,9,3088.448237
88.324288,182,3119.767049
-8.343558,9,3119.971356
88.895475,164,3122.707722
89.627577,106,3124.485822
88.682572,130,3126.677014
-7.36,10,3126.917064
88.529186,172,3129.752548
-8.48,2,3129.848083
-3.110529,8,3130.049653
88.251652,218,3133.572978
88.648568,216,3137.192328
88.693281,159,3139.83342
88.78646,192,3143.075408
88.801087,173,3145.972127
89.021674,129,3148.291845
88.29712,209,3180.742983
88.293105,214,3184.257119
88.559174,172,3187.082189
89.437596,112,3188.982756
88.319846,193,3192.25074
88.314051,194,3195.473355
88.795922,171,3198.412898
89.182366,114,3200.456758
88.576078,193,3203.702667
86.676973,171,3206.560577
88.814616,159,3209.282085
88.618375,190,3212.540923
88.475023,158,3215.297103
88.710924,146,3246.40121
88.702669,135,3248.699571
35.330542,83,3250.221913
86.432079,124,3252.377428
88.386495,192,3255.432834
88.486034,161,3258.145179
89.341643,128,3260.318322
88.521842,189,3263.404574
88.579164,168,3266.142792
88.555239,166,3268.915133
88.60838,198,3272.062783
88.687103,182,3275.093723
88.51789,157,3277.776651
88.558434,185,3308.989728
88.515697,164,3311.842188
89.10356,117,3313.759752
88.44521,172,3316.611521
89.404667,113,3318.567793
88.369225,197,3321.692168
88.856435,149,3324.171655
88.706092,203,3327.399279
88.657148,144,3329.697104
88.434908,179,3332.54705
88.954179,116,3334.495638
-9.16,1,3334.579098
88.598323,202,3338.094913
88.503747,157,3367.89977
86.267623,142,3370.250275
88.516801,223,3373.764676
87.662179,163,3376.526351
89.407009,111,3378.428954
88.464185,205,3381.741155
88.413904,181,3384.711609
88.739913,155,3387.318433
89.014766,147,3389.857863
-7.4,5,3390.017022
88.806807,160,3392.821774
88.789166,134,3395.094464
88.851156,143,3397.450598
-3.447742,9,3397.650379
88.861199,123,3399.697599
88.421795,187,3430.394988
88.685298,163,3432.98799
88.526479,218,3436.341059
86.108596,176,3439.243251
89.366358,121,3441.356955
88.688905,185,3444.394824
-7.36,6,3444.567209
88.560607,220,3447.92628
-7.96,3,3448.04513
89.042604,141,3450.445822
-7.4,5,3450.598335
88.745058,164,3453.300541
88.678623,188,3456.355145
89.086298,140,3458.834475
88.591634,145,3461.386106
88.960347,149,3491.60183
88.294663,201,3494.67712
-7.36,7,3494.86752
88.270976,207,3498.125446
44.702734,108,3499.951368
88.429492,185,3502.901517
88.52083,155,3505.403909
88.294922,212,3508.777748
89.232106,108,3510.699951
-7.36,8,3510.904372
88.259719,202,3514.416587
88.610955,200,3517.606805
88.599496,180,3520.575433
88.364036,217,3524.099689
86.475035,120,3554.213953
88.657172,162,3557.080626
88.390186,183,3560.088876
88.927126,157,3562.619504
88.779538,136,3564.87541
88.598927,208,3568.115519
88.666023,149,3570.529486
88.746141,177,3573.367588
88.760729,143,3575.655242
88.458582,177,3578.625085
88.62883,141,3580.92966
88.964938,143,3583.291317
37.739014,67,3584.416524
88.876772,156,3615.350246
86.03284,192,3618.788342
-4.926868,7,3618.985732
88.525401,179,3622.10729
88.603747,153,3624.827906
88.641882,177,3627.71241
88.585985,227,3631.143668
88.615649,155,3633.672575
88.498486,160,3636.297233
86.065257,193,3639.492344
-7.36,6,3639.662082
88.749231,148,3642.254046
88.513977,153,3644.884798
88.731066,191,3648.017314
86.203623,186,3678.187356
88.913809,153,3680.694596
-5.18734,6,3680.890863
-7.047962,4,3681.063625
88.975178,131,3683.384546
-7.36,6,3683.603548
88.420216,193,3686.78484
88.810284,130,3689.035154
88.720503,137,3691.340751
88.484207,174,3694.264441
88.999107,138,3696.595347
88.518864,171,3699.426439
88.503557,158,3702.095959
-7.4,5,3702.251707
88.445951,163,3705.042759
88.758997,163,3707.748304
-7.36,9,3707.985829
89.603646,91,3709.549306
88.548618,162,3739.248704
33.362327,71,3740.434717
88.676203,171,3743.3225
88.867426,133,3745.54977
88.873638,161,3748.137871
88.446035,194,3751.145615
88.480696,191,3754.124557
12.569168,35,3754.737406
88.691702,170,3757.474328
88.424871,192,3760.535849
88.773181,173,3763.265096
88.643186,136,3765.464684
88.339763,225,3768.799503
88.583067,148,3799.050443
88.676838,157,3801.62506
88.812567,181,3804.53818
88.389796,209,3807.678439
86.018956,115,3809.620136
-7.36,6,3809.793261
88.652083,175,3812.559218
88.430255,171,3815.30598
88.584212,201,3818.455771
88.481868,183,3821.495975
88.376532,199,3824.735977
88.694444,177,3827.774146
88.618552,201,3831.090376
88.342128,208,3861.224438
88.231588,208,3864.397222
88.844465,158,3866.946228
89.461717,95,3868.553725
88.462213,192,3871.617732
88.408128,179,3874.481528
88.443965,183,3877.517776
88.910004,148,3880.080892
89.066796,129,3882.191534
88.758702,159,3884.679
86.284622,133,3886.848497
88.721677,189,3889.957557
89.238092,116,3919.761202
89.051998,118,3921.727154
89.34912,91,3923.265725
88.713838,188,3926.21527
88.937179,163,3928.808761
-7.36,6,3928.970943
88.372102,191,3931.965406
90.009003,91,3933.382683
88.466034,182,3936.210459
88.631055,176,3939.025442
88.620402,199,3942.124557
89.273816,111,3943.952624
88.363387,188,3946.859647
88.62722,195,3949.806765
-7.36,7,3949.978265
88.612784,185,3980.085614
88.60282,183,3982.922075
88.731893,143,3985.391037
89.850663,97,3987.023067
88.443976,209,3990.137096
88.448939,168,3992.851233
88.675419,161,3995.38564
88.7004,169,3998.076962
0.08609,25,3998.526878
89.149927,117,4000.414949
88.642669,186,4003.271965
88.7617,160,4005.740759
88.729728,162,4008.202202
89.54001,100,4009.848666
-7.6,4,4009.973256
88.839016,129,4039.761655
88.467281,214,4042.974141
88.960538,148,4045.330613
-7.36,6,4045.493758
88.779535,172,4048.180552
88.649253,144,4050.497957
88.259338,214,4053.708793
88.716195,129,4055.943109
88.611369,136,4058.264013
88.499415,204,4061.45932
85.762825,185,4064.389131
88.531774,162,4067.09033
89.00113,130,4069.271967
34.947812,109,4071.067005
-7.96,3,4071.183981
89.332582,116,4099.584815
88.80284,134,4101.791026
88.373273,201,4104.967655
88.449122,178,4107.889773
89.431814,109,4109.723704
88.712951,179,4112.512563
88.92786,121,4114.506051
88.771342,180,4117.402649
88.398141,185,4120.372734
-9.16,1,4120.45403
88.528287,161,4123.020494
12.944752,35,4123.653929
-7.6,4,4123.796415
88.630472,182,4126.777544
88.628456,141,4129.162872
88.623625,174,4132.029697
88.766166,152,4162.073739
88.601681,155,4164.523441
88.640823,175,4167.302052
88.911123,131,4169.476453
89.425227,121,4171.471746
72.510719,122,4173.483538
88.669139,201,4176.732911
88.633277,209,4179.913209
88.684857,177,4182.602529
88.872853,168,4185.235613
88.23504,209,4188.422058
89.284666,98,4190.065105
-4.266109,6,4190.233924
88.554119,193,4219.959942
86.415376,158,4222.536608
88.628068,200,4225.769891
89.53802,97,4227.386633
89.058576,138,4229.661299
-7.36,6,4229.834056
88.983747,102,4231.522278
88.664342,147,4233.906998
88.700784,188,4236.886088
88.911178,112,4238.720192
88.296052,198,4241.742457
89.378752,96,4243.273336
88.57151,186,4246.217018
88.408255,184,4249.07366
88.709429,192,4279.539809
88.550274,182,4282.47049
88.735264,184,4285.464128
89.181935,116,4287.609124
89.055059,118,4289.61758
88.87702,117,4291.686861
88.678397,168,4294.440794
-9.00712,1,4294.523871
89.848433,95,4296.104221
88.629321,192,4299.265254
85.644559,135,4301.714043
88.73877,157,4304.492471
88.569156,154,4307.014837
88.328985,185,4310.045201
89.117125,143,4312.604564
88.476479,192,4343.873452
88.750853,138,4346.383259
88.833998,127,4348.597899
88.7691,145,4351.132836
88.603236,204,4354.376421
88.403235,200,4357.688299
89.162008,110,4359.52083
88.814932,140,4361.828438
89.391001,120,4363.797764
88.566311,168,4366.530685
88.624499,165,4369.241132
88.660229,172,4371.994993
88.679151,172,4374.715525
88.592786,209,4405.001567
88.80988,160,4407.658053
88.682227,160,4410.345039
89.366048,121,4412.451199
88.780105,169,4415.356015
88.668007,191,4418.509177
88.622307,201,4421.762298
88.475469,169,4424.454384
88.426736,213,4427.911201
-7.36,6,4428.086329
88.442619,191,4431.071616
88.799716,169,4433.781004
88.590874,172,4436.533477
89.535069,98,4466.175855
88.492456,172,4468.952971
86.450919,191,4471.854853
88.627157,208,4474.963982
86.776412,158,4477.469204
88.425276,176,4480.222546
88.329971,197,4483.300808
89.35302,110,4485.111421
88.581441,173,4487.91101
88.944893,126,4489.947826
88.644709,194,4493.055107
88.488659,207,4496.320544
86.274606,156,4525.579271
88.512504,192,4528.650203
89.42278,105,4530.374144
88.701815,169,4533.120343
88.446276,167,4535.848956
88.491093,211,4539.105394
88.872093,147,4541.483608
88.396104,205,4544.772252
86.007309,194,4547.866232
88.435223,202,4551.000752
86.288175,197,4554.137784
89.039903,129,4556.213098
88.655382,126,4586.416572
-8.48,2,4586.516216
88.952452,157,4589.049578
-7.380589,3,4589.164086
88.621849,200,4592.238302
88.499207,167,4594.874588
88.579875,156,4597.4669
88.7771,175,4600.242518
87.457057,141,4602.543905
88.786636,184,4605.364804
89.527847,112,4607.237834
85.634564,150,4609.681266
88.949581,168,4612.457102
88.632054,134,4614.687523
-6.893131,6,4614.855122
88.573805,141,4617.18796
88.345638,203,4646.532504
89.030141,151,4649.049098
88.462875,194,4652.110624
-7.36,10,4652.348935
89.107991,136,4654.569292
88.507967,199,4657.660225
85.117652,181,4660.546835
89.157089,139,4662.824202
50.713223,103,4664.492561
89.046732,144,4666.793048
88.324958,205,4670.050508
88.407612,201,4673.00983
88.301731,210,4676.168208
88.430825,176,4705.797456
88.463059,157,4708.329934
88.488408,180,4711.185448
88.944005,128,4713.278049
89.203017,135,4715.512068
88.515185,220,4718.8086
88.822135,129,4720.891212
88.691037,169,4723.608869
88.875464,120,4725.589699
88.843243,113,4727.449538
-3.523692,23,4727.888621
89.153193,130,4730.012167
88.427343,177,4732.978247
88.493183,196,4736.175085
86.479353,129,4770.866453
88.56296,167,4773.591233
88.755703,178,4776.477806
88.249761,204,4779.782568
88.538867,219,4783.12993
-7.36,11,4783.376038
89.114815,142,4785.72731
89.016577,134,4787.870891
88.640869,187,4790.878713
88.374354,187,4793.831608
88.785383,154,4796.323867
88.866308,144,4798.687414
88.415712,176,4801.439927
89.274013,123,4829.303811
88.432271,220,4832.66583
-7.36,6,4832.835711
89.305966,113,4834.768103
88.767689,179,4837.612572
89.183779,127,4839.69692
88.617402,160,4842.323214
88.324129,185,4845.423803
89.102614,135,4847.738683
89.183152,132,4849.952204
89.010916,156,4852.483376
-7.4,5,4852.628394
88.724408,140,4854.997595
88.563371,211,4858.370332
88.997034,106,4860.294231
88.943589,128,4890.81029
88.669287,179,4893.614117
89.046071,144,4895.950093
-6.097862,5,4896.099705
89.165642,126,4898.310592
88.67837,176,4901.321284
88.432745,202,4904.516114
89.375959,120,4906.512234
88.563715,192,4909.530778
88.581606,164,4912.102562
-8.040862,2,4912.200166
88.661454,149,4914.643832
88.383132,204,4917.88094
88.608372,164,4920.672868
66.11203,177,4951.615792
-3.201287,7,4951.790884
88.401977,180,4954.77506
88.258215,195,4957.892571
89.948698,93,4959.390353
88.705112,190,4962.38232
88.439016,199,4965.53597
88.545713,147,4968.173058
88.996868,137,4970.622387
89.059113,130,4972.789782
88.585857,186,4975.601826
88.722649,123,4977.662263
88.610562,207,4980.763813
88.400248,173,4983.515592
88.713434,179,5013.939943
88.636864,191,5017.067099
88.44659,162,5019.905102
88.514166,148,5022.567335
88.419045,173,5025.46979
88.621366,139,5027.76423
88.613315,197,5030.789637
88.688313,165,5033.58381
88.605555,179,5036.75295
89.209142,130,5038.976558
88.89724,110,5040.837995
88.759417,133,5043.226752
89.127939,119,5045.361768
88.81204,146,5076.492491
88.412913,189,5079.612725
88.358622,181,5082.517045
88.624969,175,5085.391748
89.290938,97,5086.92175
89.006432,148,5089.424002
89.085769,135,5091.662675
86.709287,189,5094.734086
-5.630348,6,5094.908603
89.458283,89,5096.412966
88.24436,221,5099.981785
88.443137,211,5103.41498
88.508559,184,5106.401805
-9.16,1,5106.480655
88.597329,181,5136.725426
89.168139,120,5138.770507
88.353383,184,5141.756653
89.099544,139,5144.024192
88.765095,123,5146.08783
88.611975,206,5149.343981
88.385428,173,5152.259548
88.750114,152,5154.961312
88.850471,134,5157.253368
88.350094,213,5160.631755
85.354145,143,5163.008546
88.58914,209,5166.200704
88.491431,211,5169.630743
88.87434,154,5199.277982
88.467709,178,5202.161502
84.940315,147,5204.634431
88.532222,190,5207.847944
88.678663,206,5211.326696
88.872386,134,5213.789769
88.383563,222,5217.470984
88.937998,117,5219.48656
89.034712,143,5222.052426
88.578696,138,5224.623078
88.653169,167,5227.739742
88.529116,159,5230.423639
89.121071,136,5259.368699
88.819904,164,5262.027495
88.43515,176,5264.873311
88.633014,199,5267.827098
89.19662,118,5269.708405
88.311385,192,5272.619155
88.505987,153,5275.076563
86.620854,170,5277.722276
88.440429,207,5280.895942
88.555972,193,5283.806851
88.531286,199,5286.775504
88.558777,209,5289.814817
88.557892,219,5320.361134
89.019141,137,5322.486232
88.604671,131,5324.538463
88.891549,128,5326.535815
88.645284,194,5329.434117
88.724216,148,5331.718904
88.722768,129,5333.698522
88.502843,202,5336.752762
88.392736,189,5339.77248
88.658581,186,5342.652417
88.309878,204,5345.673981
89.173301,145,5347.866372
88.635835,171,5378.071896
88.652448,140,5380.452822
88.540877,200,5383.502416
88.386697,184,5386.235183
88.528168,169,5388.845976
89.058244,135,5390.872956
88.746093,161,5393.268943
88.683443,144,5395.490446
86.076804,119,5397.222555
86.747393,186,5399.921716
88.870224,136,5402.068843
88.731217,170,5404.687184
88.86594,138,5406.825495
88.700291,166,5433.779824
88.422291,200,5436.896083
89.205665,131,5439.256126
88.259847,210,5442.413615
89.041312,122,5444.398232
88.671889,213,5447.534212
88.731957,144,5449.835732
88.885173,123,5451.806221
88.627301,170,5454.395223
88.534562,196,5457.341191
88.648797,138,5459.588483
88.515475,152,5462.000867
88.467041,185,5491.331996
88.998298,116,5493.160892
88.546096,172,5495.810135
88.608819,172,5498.419522
89.019315,153,5500.719111
88.695409,145,5502.867397
88.508077,216,5505.923177
88.423721,225,5509.221369
-8.074935,2,5509.313019
88.339099,187,5512.257183
88.555532,195,5515.161415
88.877629,162,5517.909306
88.990361,121,5519.817089
88.809139,170,5522.395617
-9.16,1,5522.476955
-8.48,2,5522.573022
88.672726,148,5550.72631
88.482847,184,5553.567798
88.613223,195,5556.45002
88.661585,147,5558.903785
88.70163,170,5561.432883
89.344907,105,5563.034003
88.567391,180,5565.745705
88.42695,219,5568.865183
88.664368,188,5571.592324
88.63573,174,5574.161647
90.123596,89,5575.410723
88.505349,196,5578.307745
86.333819,178,5607.598783
88.439508,167,5610.031768
88.518138,206,5613.005506
88.487541,202,5615.885056
88.245781,212,5618.905942
88.54028,157,5621.289768
89.163841,114,5623.02736
89.05776,126,5624.927942
85.642047,92,5626.2629
88.292314,205,5629.264537
88.796687,141,5631.434915
88.263445,206,5634.304626
88.264634,221,5662.217298
89.119175,108,5663.884515
-7.6,4,5664.019819
89.314769,96,5665.516275
89.09068,127,5667.581776
88.337178,203,5670.580379
88.320929,186,5673.406357
88.676185,193,5676.183816
88.671182,187,5678.940936
88.709336,182,5681.707723
88.781626,168,5684.202747
88.478112,168,5686.770083
88.90739,152,5689.187315
88.655074,160,5717.289056
-4.787893,22,5717.669186
85.995317,163,5720.155242
88.611385,222,5723.35596
89.149137,138,5725.509311
88.443676,189,5728.251411
89.659352,104,5729.8747
88.483528,159,5732.232623
88.934209,123,5734.101193
88.892081,140,5736.201167
-7.36,6,5736.344274
88.985733,148,5738.59262
-7.36,9,5738.792396
88.653602,143,5740.860274
88.804957,137,5742.857137
88.983963,120,5744.705277
88.607134,155,5747.007734
88.706895,203,5771.446103
88.771173,149,5773.669409
88.7798,138,5775.650435
88.623924,186,5778.485949
88.342161,198,5781.508098
88.64551,159,5783.915083
88.471396,163,5786.491391
88.733426,187,5789.199469
88.596878,169,5791.715982
-5.0,5,5791.847813
88.814673,155,5794.234509
-7.36,6,5794.394765
88.777401,130,5796.379579
88.717504,143,5798.647547
88.749109,185,5826.543203
88.318426,210,5829.863647
89.085135,149,5832.170414
-7.36,7,5832.33545
89.044874,101,5833.968719
88.655046,206,5836.996363
88.725999,168,5839.672384
88.448458,218,5842.807298
88.897209,149,5845.080647
86.77289,103,5846.727914
88.610512,190,5849.460331
88.477382,160,5851.822275
89.548466,98,5853.365927
89.527149,114,5855.143832
88.646413,189,5885.483427
88.721799,161,5888.015914
88.644449,170,5890.579924
88.539438,156,5892.947213
88.738729,129,5894.97468
88.931145,108,5896.756344
88.643281,204,5899.787446
89.002508,135,5901.826034
88.511984,192,5904.555713
88.403637,198,5907.523623
89.193019,128,5909.521815
88.654741,139,5911.626927
89.652525,95,5913.133431
89.390894,95,5914.529791
89.727938,90,5941.749677
88.942506,121,5943.639787
88.586946,168,5946.268485
89.017739,105,5947.973782
88.212761,228,5951.131596
-7.36,12,5951.369431
89.54991,112,5953.105698
88.349484,221,5956.309711
88.279065,206,5959.407961
89.166028,130,5961.514656
88.619601,171,5964.199749
89.003652,157,5966.604642
89.549625,98,5968.119527
86.274889,163,5970.617514
88.821648,160,5998.033964
86.951878,146,6000.314786
88.491109,152,6002.716838
88.502783,147,6004.992208
88.648567,189,6007.883801
89.111646,115,6009.793699
88.987697,135,6012.094286
88.385005,194,6014.950448
88.884341,105,6016.614165
88.617149,158,6019.094795
88.733142,135,6021.190095
88.456781,202,6024.244039
88.872814,115,6026.097529
88.469287,162,6028.668997
88.524202,198,6058.420111
88.575953,170,6060.944062
88.584626,212,6064.076406
88.967098,114,6065.874168
88.583663,196,6068.860937
88.585304,188,6071.912417
88.945006,140,6074.252522
89.277375,101,6075.852406
88.827826,164,6078.506604
88.696021,129,6080.663656
88.833914,155,6083.03098
88.691855,190,6085.97306
88.865062,143,6088.172605
-3.111354,7,6114.754647
88.99599,108,6116.53446
88.779638,130,6118.714187
88.821104,166,6121.243239
88.800203,153,6123.575014
88.496194,184,6126.444832
-7.36,8,6126.627128
-7.36,9,6126.821103
88.56342,149,6129.255113
74.032595,119,6131.210279
88.46957,189,6134.094461
89.053522,133,6136.214511
88.841206,148,6138.546341
88.520654,215,6141.866678
88.419277,223,6145.523248
88.852211,123,6175.269213
88.695677,198,6178.19437
88.813442,160,6180.728482
89.016691,141,6183.001767
-7.36,6,6183.169724
88.764571,182,6186.1995
88.389999,198,6189.454765
88.653469,174,6192.126321
88.944563,152,6194.47679
88.556749,180,6197.229502
89.092912,134,6199.39495
86.871673,202,6202.435775
88.888385,157,6204.788938
-6.0,4,6204.907513
89.262424,127,6206.836711
88.33621,211,6235.039378
88.578104,162,6237.529337
88.714648,162,6240.056195
88.869326,143,6242.34658
88.574355,161,6244.89093
88.964814,153,6247.379235
88.5445,167,6249.983692
88.650756,174,6252.678743
88.801962,157,6255.123167
88.369083,220,6258.419028
89.365312,124,6260.514381
88.548411,193,6263.766442
88.415525,194,6292.207462
-9.16,1,6292.281643
89.178402,139,6294.47185
86.427008,135,6296.687623
88.603318,198,6299.616614
88.744238,160,6302.089723
88.618783,143,6304.310423
88.601504,191,6307.178226
89.146442,112,6308.948706
88.527267,201,6311.98542
88.732285,143,6314.270267
88.362926,208,6317.458737
88.778966,152,6319.717049
88.468562,203,6348.156461
88.450502,175,6350.814265
88.682564,188,6353.564831
88.379548,214,6356.692668
88.48816,198,6359.622375
88.731764,182,6362.337469
88.55911,209,6365.253401
89.180938,135,6367.292397
88.792264,134,6369.560404
88.406835,188,6372.554664
88.591095,200,6375.412609
88.525046,221,6403.067751
88.842541,118,6404.838659
88.843316,174,6407.394011
88.584776,199,6410.361855
88.912137,153,6412.581277
88.900316,154,6414.86656
88.679496,183,6417.577492
88.659863,146,6419.819411
88.315219,191,6422.934187
86.068514,95,6424.498888
88.746264,173,6427.180314
-2.983838,8,6427.374453
88.298913,219,6430.728085
88.849558,137,6432.786506
88.59376,184,6462.817136
85.882506,148,6465.010067
88.519025,198,6467.925479
88.526033,205,6471.050455
88.572676,201,6473.975471
88.763298,176,6476.630111
88.622673,183,6479.251086
88.510991,203,6482.136571
89.052799,145,6484.406689
88.442425,167,6486.973081
88.450123,190,6489.776399
89.198443,133,6518.417316
88.807585,170,6520.939983
89.374104,107,6522.590568
88.455981,211,6525.584831
88.407508,185,6528.410212
88.40287,201,6531.438433
88.777336,189,6534.332131
88.853312,165,6536.827526
88.511752,193,6539.592956
88.528754,158,6541.845702
88.294564,197,6544.741917
88.290928,200,6573.617719
88.527584,217,6576.748499
88.823313,170,6579.434384
88.726827,153,6581.721914
20.781943,62,6582.762714
90.123596,89,6584.090559
89.170773,134,6586.28578
88.584245,192,6589.266608
-7.96,3,6589.378506
88.434444,220,6592.396886
89.158094,141,6594.431594
88.696114,156,6596.82101
-7.4,5,6596.960811
88.503291,179,6599.674084
89.441838,122,6601.542453
88.964774,165,6604.172979
89.415122,122,6632.335319
88.788984,178,6634.979157
-7.36,12,6635.229345
89.240795,117,6637.068282
-3.0,7,6637.230628
88.928016,125,6639.216045
88.972599,136,6641.298903
88.739854,132,6643.408707
88.765554,145,6645.718804
88.821164,137,6647.874722
88.499248,213,6650.837156
88.384348,177,6653.467483
88.674389,190,6656.323849
88.719806,180,6659.057005
89.007229,121,6660.937624
88.621549,202,6692.508768
88.775559,190,6695.718312
-8.112,2,6695.826972
88.382183,192,6698.873186
88.69906,174,6701.732226
88.588035,160,6704.427659
88.347592,184,6707.426681
88.568233,192,6710.576868
-7.36,8,6710.775055
88.546505,209,6714.086468
88.677499,140,6716.342159
88.562258,202,6719.521747
88.372359,202,6722.827017
88.713083,163,6753.202751
88.583194,204,6756.414967
89.135102,101,6758.106802
88.472356,170,6760.997639
-7.4,5,6761.142658
88.687185,164,6764.046313
88.673083,135,6766.327987
88.805357,136,6768.722103
86.288356,199,6772.165286
89.036014,113,6774.33344
88.690084,194,6777.610783
88.891974,109,6779.518335
88.932034,129,6781.736641
89.046287,109,6783.514556
88.935874,146,6785.82887
88.361209,187,6815.614518
88.401597,182,6818.466195
89.030909,157,6821.15696
88.604844,194,6824.323474
-7.36,6,6824.492143
-7.36,9,6824.71748
88.731292,182,6827.595671
88.581373,180,6830.443637
88.721006,171,6833.115785
88.43768,189,6836.111223
88.326592,224,6839.494644
88.77516,161,6842.040478
86.580964,118,6844.032866
88.385813,198,6873.937587
88.611616,177,6876.836248
-7.36,7,6877.025795
88.774668,177,6879.871971
89.462677,109,6881.701815
88.65386,189,6884.546113
88.998309,156,6887.094005
88.951013,101,6888.824655
88.581343,174,6891.684166
-7.36,10,6891.918094
88.518114,152,6894.406769
88.703286,152,6896.818273
89.119351,126,6898.897887
89.456062,105,6900.604789
88.687403,194,6903.487338
88.647052,216,6933.946959
88.591923,142,6936.288785
88.67611,193,6939.425605
88.578707,151,6942.017236
-7.741656,3,6942.12889
88.76007,189,6945.165761
88.365295,187,6948.123911
88.297488,198,6951.288645
89.156623,135,6953.530821
89.02674,158,6956.05107
88.547654,161,6958.56948
89.814853,95,6960.124267
88.567208,181,6962.967622
86.375481,125,6965.066587
88.593248,170,6995.359119
88.276335,198,6998.545771
88.866718,150,7001.169128
88.474851,171,7004.072234
86.200922,116,7006.180857
88.385972,199,7009.446862
88.607523,198,7012.383061
89.048174,108,7014.159096
88.449992,203,7017.243492
88.904724,145,7019.620416
88.36715,192,7022.622521
88.771736,167,7025.402523
88.903851,159,7055.038843
88.794155,172,7057.703504
88.826424,143,7060.106042
88.5912,215,7063.658329
88.975824,131,7065.851696
88.82049,134,7068.08716
88.888003,122,7070.026724
88.371641,215,7073.074713
88.867633,165,7075.674683
89.781684,94,7077.112793
88.55784,147,7079.384627
88.790853,132,7081.502798
90.123172,89,7082.893169
88.636828,200,7086.225789
88.389052,184,7115.476879
88.48901,161,7118.062929
88.841475,149,7120.461512
85.872721,176,7123.193823
88.580919,178,7125.843405
88.678487,184,7128.565734
88.410103,179,7131.327701
89.449881,118,7133.285691
88.351038,184,7136.084643
88.4128,210,7139.132665
88.56545,182,7142.043509
88.39518,186,7171.747957
88.611037,167,7174.499515
89.136845,140,7176.727208
88.490217,159,7179.224219
88.391691,186,7181.977179
88.368438,177,7184.653776
89.131168,132,7186.737207
88.694315,125,7188.762666
89.059446,147,7191.18562
88.706942,180,7193.895393
88.747546,184,7196.818312
89.596337,92,7198.305802
19.821834,66,7199.403691
88.504627,160,7202.050548
88.499472,170,7229.03232
88.411676,189,7231.985651
89.728973,97,7233.558323
89.100155,135,7235.745019
89.060382,115,7237.692254
88.696486,176,7240.653788
88.850346,169,7243.511657
88.460428,186,7246.443796
-7.96,3,7246.562384
88.641921,148,7248.926646
88.461323,156,7251.434589
88.634978,134,7253.625972
88.295041,207,7256.80666
88.544008,176,7259.73059
88.412473,207,7289.482691
88.961716,112,7291.287849
86.623231,160,7293.918414
3.412856,33,7294.502247
89.007188,136,7296.746027
88.664064,156,7299.318723
88.406118,190,7302.222528
88.675446,192,7305.206707
88.970426,140,7307.428552
88.825319,133,7309.599992
69.870753,183,7312.539693
-9.022394,1,7312.62047
89.262092,115,7314.607134
88.790339,161,7317.371625
88.546671,141,7319.680747
88.291291,207,7349.511813
88.921226,136,7351.86053
88.693786,163,7354.714171
88.774921,142,7357.120983
88.743505,177,7360.179745
88.263937,211,7363.487267
88.481222,158,7366.03465
88.801436,145,7368.445088
88.684491,188,7371.397898
88.503146,202,7374.581229
88.689136,146,7377.104533
-7.4,5,7377.250534
88.93488,139,7379.495497
88.537552,184,7408.899964
88.498656,165,7411.756575
88.762802,136,7414.082954
89.333972,110,7416.021997
88.581209,161,7418.755984
88.70163,152,7421.255536
88.884484,166,7424.041816
-7.96,3,7424.158011
88.405085,184,7427.221874
88.265089,214,7430.676099
-7.36,11,7430.937842
88.569186,213,7434.475936
88.870101,169,7437.328196
88.305027,194,7440.532954
88.818271,166,7470.224101
88.655385,177,7472.984956
88.917064,151,7475.350849
88.607991,137,7477.493813
88.547538,166,7480.12002
88.583106,148,7482.466471
88.568493,186,7485.212036
89.16897,144,7487.374283
88.819399,122,7489.218848
88.404279,187,7492.126171
89.058477,121,7494.080864
88.934751,109,7495.836888
86.072344,188,7498.925846
88.445641,216,7528.695509
85.70102,159,7531.068819
88.777664,135,7533.224768
88.673637,199,7536.160531
88.465817,204,7539.284557
88.596969,187,7542.11316
88.585296,149,7544.489612
88.745933,172,7547.206969
-5.231598,6,7547.372549
88.562456,186,7550.247415
88.659709,146,7552.62191
88.38132,228,7556.049277
-9.16,1,7556.131723
89.055917,138,7558.412959
88.46774,171,7588.769438
-9.16,1,7588.842506
89.269946,105,7590.471349
88.371803,177,7593.133699
88.45615,176,7595.848474
85.887104,167,7598.432431
88.871196,135,7600.477081
88.606298,155,7602.771565
88.952077,157,7605.157878
89.066163,144,7607.324836
88.616454,154,7609.670613
88.639636,168,7612.322996
88.53776,179,7614.946782
88.40233,186,7617.818269
88.662453,141,7647.702027
88.663835,162,7650.682664
88.412522,187,7653.806703
89.232298,130,7656.055289
88.296621,204,7659.160162
88.468461,206,7662.345603
-7.6,4,7662.477793
89.822948,92,7664.030618
-7.4,5,7664.189874
88.640029,196,7667.358727
88.732789,172,7670.157946
88.421138,171,7673.036243
88.294345,203,7676.366816
89.621235,103,7678.176375
88.558411,219,7708.887663
89.225252,111,7710.749116
88.420199,165,7713.701532
88.594036,208,7717.152945
89.421726,112,7719.111347
88.548967,216,7722.496374
88.425462,215,7725.790343
88.648785,149,7728.352559
88.444355,174,7731.202177
88.552031,169,7733.783503
88.668555,169,7736.398681
-7.096403,3,7736.5099
89.450928,125,7738.652796
89.029905,107,7740.419578
88.653659,164,7769.996737
89.315575,110,7771.726311
88.517695,166,7774.232827
88.549084,172,7776.840593
88.682678,176,7779.471476
88.93093,149,7781.818822
88.400419,179,7784.571546
88.633387,202,7787.562645
88.670026,167,7790.087071
86.710432,198,7793.059517
90.123596,89,7794.367631
88.443675,190,7797.225709
88.895418,123,7799.183753
88.453825,156,7827.518157
88.370489,178,7830.394853
89.04268,133,7832.631548
89.263014,117,7834.581868
88.581135,161,7837.259961
88.527399,202,7840.365211
89.361443,119,7842.313704
88.441106,218,7845.463947
88.519334,163,7847.965557
88.933261,129,7849.9891
88.505758,150,7852.363647
87.726599,160,7854.893452
89.131375,152,7857.235424
88.529065,194,7886.91766
88.490958,148,7889.381002
88.446984,181,7892.285102
88.432952,206,7895.294308
89.372278,111,7897.094521
88.441877,214,7900.297457
88.546558,187,7903.28558
88.492997,211,7906.67066
88.649778,156,7909.135699
89.153817,107,7910.923575
88.507493,182,7913.76647
88.500401,176,7942.858813
88.495057,201,7945.741719
88.398143,180,7948.457808
88.694486,197,7951.357874
88.36187,193,7954.169739
88.799085,154,7956.586684
88.875711,118,7958.541842
-7.4,5,7958.681785
-8.48,2,7958.771325
88.419861,178,7961.543645
88.800558,160,7964.094917
88.657604,167,7966.635347
88.51684,202,7969.563587
88.937021,126,7971.677558
88.383257,188,8001.737789
88.398068,188,8004.620127
88.58366,167,8007.224108
88.289868,199,8010.223409
89.394065,112,8012.104878
88.668278,193,8015.146672
88.320847,203,8018.321585
88.373344,180,8021.199986
88.29955,204,8024.402842
88.670728,149,8026.809554
88.676998,197,8029.967816
88.89355,135,8032.098431
88.492741,212,8061.114819
-9.16,1,8061.189248
88.83556,119,8063.031351
88.299616,195,8065.947339
88.401036,216,8069.061045
88.616842,190,8071.815067
88.907172,165,8074.478802
89.454761,89,8075.93372
88.776899,125,8078.140238
88.530994,147,8080.677236
88.771895,161,8083.195011
88.871804,163,8085.702956
88.594766,190,8088.666633
88.619763,184,8117.887584
88.667386,189,8120.645903
88.508913,156,8122.991888
88.67389,165,8125.560807
89.70644,101,8127.139777
88.446699,197,8129.930652
88.442791,203,8132.846196
88.654799,192,8135.724201
88.526252,153,8138.040678
-7.96,3,8138.150322
89.05502,147,8140.446078
88.835422,147,8142.668747
88.402482,184,8145.364491
88.347507,204,8176.212637
90.05338,89,8177.690292
88.902346,117,8179.533275
88.581644,202,8182.466935
88.501215,176,8185.123531
88.59235,201,8188.232428
88.825132,160,8190.73117
89.094604,112,8192.533461
89.011384,105,8194.217759
88.467674,178,8197.112417
88.949255,153,8199.591978
88.668629,198,8202.630682
88.283201,208,8205.830651
88.57954,186,8235.744717
89.26447,111,8237.508998
89.211006,129,8239.583421
89.018312,102,8241.20262
88.974702,114,8242.983422
88.273101,208,8246.296498
88.607175,180,8249.177899
88.570024,195,8252.010071
88.478917,211,8255.079691
89.223324,108,8256.764436
88.821506,151,8259.080223
88.563988,198,8262.112742
89.326667,103,8263.877988
88.344192,204,8293.272859
88.708399,178,8295.98676
88.458104,179,8298.750403
89.261308,89,8300.090419
88.225587,208,8303.302494
89.427175,122,8305.295578
88.729466,180,8307.999835
89.438377,103,8309.618927
88.830411,157,8312.033867
-7.36,8,8312.22312
89.682685,91,8313.658762
89.175785,144,8315.877856
88.667955,174,8318.657897
88.602462,196,8321.666868
88.607726,189,8324.60981
88.45957,165,8355.365112
88.317136,192,8358.51711
88.670714,198,8361.53018
88.58115,212,8364.818094
-7.4,5,8364.970449
88.807173,126,8367.202442
89.239254,96,8368.876885
88.367789,171,8371.682531
88.974341,120,8373.70594
88.972727,147,8376.229132
88.565573,196,8379.492077
88.299318,196,8382.672808
88.584637,189,8385.716284
89.777033,101,8414.800603
88.820427,175,8417.632349
88.766837,173,8420.2945
88.727223,133,8422.358203
88.578453,154,8424.774523
89.258707,133,8426.898289
88.639106,197,8429.988906
88.431798,184,8432.839205
88.69988,141,8435.053125
88.94444,155,8437.494893
88.948478,164,8440.101225
88.396334,178,8442.876698
89.010716,115,8444.752418
88.739691,142,8472.796723
88.280611,205,8475.856092
88.998721,153,8478.322591
88.665811,159,8480.804546
88.471654,181,8483.621217
88.945312,148,8485.906614
89.176427,137,8488.013052
88.61104,186,8490.770885
88.641915,163,8493.240025
88.474878,189,8496.096318
88.436847,195,8499.077906
-6.059938,4,8499.201667
88.504108,178,8501.892561
88.742655,169,8530.398533
-6.0,4,8530.522406
88.528915,215,8533.696045
88.391384,218,8537.002667
88.706023,185,8539.942484
88.487351,176,8542.821508
88.713704,170,8545.579237
88.607412,195,8548.506613
-7.36,8,8548.688689
88.463918,177,8551.455307
88.73809,140,8553.587165
88.851013,168,8556.134529
89.225005,93,8557.663832
88.409146,205,8560.790683
88.86946,124,8588.991982
-9.16,1,8589.073831
88.93667,130,8591.125097
87.047585,141,8593.356871
88.539228,186,8596.28438
16.536798,52,8597.231189
89.359221,117,8599.197129
88.62489,157,8601.906211
88.831876,175,8604.767115
88.317372,221,8608.068157
-7.6,4,8608.206105
88.843082,125,8610.208021
88.561983,206,8613.183019
88.488178,182,8616.114861
89.132288,121,8618.072463
89.15225,114,8619.89224
88.740423,130,8647.697885
88.662408,196,8650.651754
88.33513,204,8653.677087
88.564164,196,8656.742223
88.632721,162,8659.369654
88.566751,202,8662.518343
-9.16,1,8662.600742
88.651984,166,8665.420195
88.29942,210,8668.735532
89.125829,103,8670.334683
88.980444,144,8672.537051
88.865071,153,8674.896658
89.077973,148,8677.206982
89.002373,147,8706.778336
88.869192,127,8708.78875
88.566296,186,8711.468027
88.663985,181,8714.16981
88.704801,154,8716.526171
88.998684,104,8718.214077
88.785555,162,8720.748828
88.686069,162,8723.341269
88.620733,160,8725.832354
88.992917,143,8728.016708
88.345155,208,8731.053347
88.768265,130,8733.079579
-7.36,6,8733.243747
89.051199,149,8735.59447
88.605644,174,8765.142611
89.089521,101,8766.775594
88.833809,174,8769.441823
88.324596,210,8772.589851
88.643813,202,8775.67792
88.725539,173,8778.360259
88.649482,174,8781.064335
89.119979,132,8783.185767
88.617966,184,8785.927635
88.696483,178,8788.691679
75.602128,202,8791.606522
89.079131,133,8793.756104
88.363829,185,8823.544276
88.832311,127,8825.555585
88.9056,156,8828.014707
88.700385,135,8830.071832
88.575361,145,8832.473227
88.369094,204,8835.491387
-9.16,1,8835.561087
88.400892,196,8838.548043
88.319355,189,8841.457212
88.983517,148,8843.768111
88.950499,145,8846.078398
88.647235,189,8848.994251
88.380386,202,8852.129767
88.744124,178,8882.558659
88.458357,165,8885.432276
88.812731,153,8888.078753
88.911397,125,8890.108727
88.269202,209,8893.387742
88.589794,157,8895.84387
88.558067,180,8898.579552
88.519348,151,8900.89297
88.533537,145,8903.16193
88.675594,175,8905.9203
-7.6,4,8906.050369
89.626616,102,8907.715997
88.746951,190,8910.556971
88.561696,196,8913.742
89.365148,119,8947.005441
-7.36,7,8947.208779
88.790955,171,8950.513023
88.568417,211,8954.029932
88.821144,178,8956.944979
88.93263,152,8959.526625
88.348103,205,8962.798226
89.112159,114,8964.706915
88.363687,203,8967.994937
88.587396,216,8971.367115
-3.513052,8,8971.569074
88.585101,168,8974.378863
88.693059,183,8977.383616
89.679847,106,8979.241971
88.52287,196,9011.013902
88.400811,181,9013.953028
88.530376,172,9016.825273
89.161611,139,9019.187412
88.605014,199,9022.463817
-7.36,7,9022.650111
88.305686,217,9026.069452
88.965936,148,9028.590424
88.751662,151,9031.116006
88.585256,201,9034.385097
88.536359,202,9037.475304
89.432036,124,9039.594081
88.675828,200,9070.175053
-7.36,9,9070.392896
88.618211,139,9072.678959
88.612595,203,9075.87067
88.527268,191,9079.056187
88.835379,179,9082.032778
88.849721,150,9084.5259
88.95677,122,9086.548334
89.45606,103,9088.346684
88.42376,216,9091.906192
88.612012,185,9094.965864
88.955634,127,9097.445649
88.656231,146,9100.087911
88.679103,187,9103.187396
88.378267,199,9134.85593
-9.137194,1,9134.936077
89.533007,95,9136.482214
88.347379,203,9139.726429
88.787509,148,9142.108497
88.422546,163,9144.877501
-8.48,2,9144.976002
88.723564,165,9147.779209
-7.36,6,9147.944757
88.445436,216,9151.498987
89.481878,109,9153.503465
-4.006289,6,9153.685522
88.689142,165,9156.562703
88.37546,200,9159.777323
88.55576,202,9163.059189
88.715742,167,9165.933732
88.399936,174,9197.225523
88.662244,193,9200.376939
88.716064,127,9202.552464
88.825106,168,9205.419536
88.843593,151,9208.096448
88.814104,158,9210.823874
88.791976,165,9213.586693
88.63274,175,9216.574188
-7.36,9,9216.820346
-7.36,10,9217.065672
89.236528,114,9219.114053
88.956168,153,9221.771272
88.931563,153,9224.396905
88.689628,183,9227.574383
88.861508,141,9229.971814
88.677791,150,9260.745811
88.763109,164,9263.481027
88.764934,169,9266.373596
88.679746,131,9268.774666
88.773475,187,9272.212019
88.871166,147,9274.820776
88.709112,158,9277.611628
88.607865,168,9280.465643
88.525417,149,9283.077187
89.153193,119,9285.147177
88.336205,194,9288.401929
88.787936,145,9290.834037
89.52428,91,9292.372213
-5.088401,6,9292.546069
88.656265,177,9325.247746
88.683714,180,9328.286335
89.401489,116,9330.37101
88.484853,168,9333.147208
88.940924,135,9335.441017
88.575856,166,9338.248317
88.419473,211,9341.77576
88.749408,164,9344.765924
88.739293,175,9347.804179
88.856437,143,9350.15155
88.883713,121,9352.289137
89.254883,107,9354.133665
-9.16,1,9354.219235
89.15599,113,9356.173941
88.47341,174,9388.266005
88.415414,208,9391.554049
88.90237,143,9393.924155
88.534567,177,9396.947717
88.422783,175,9399.89098
88.995126,136,9402.214056
88.887785,118,9404.262312
88.369874,200,9407.48253
88.734877,135,9409.832261
88.497298,170,9412.803565
88.907782,134,9415.188252
88.661708,187,9418.183369
88.859642,119,9420.200752
88.781207,127,9422.4263
89.064181,126,9453.024462
88.738763,184,9456.131155
88.421829,175,9459.163693
88.666076,210,9462.693771
-7.6,4,9462.833253
90.123596,89,9464.388248
88.963987,162,9467.1848
89.155975,116,9469.329162
88.569468,178,9472.248025
88.525786,156,9474.795316
88.786488,132,9476.971635
88.913092,162,9479.635469
88.562548,192,9482.718927
88.825326,164,9513.820551
88.570253,162,9516.555541
88.664687,136,9519.046606
88.742102,164,9521.913872
88.370597,194,9525.050741
89.550272,93,9526.652157
88.674212,153,9529.280117
88.364454,211,9532.823469
88.537533,168,9535.647517
88.9526,117,9537.71359
88.529026,199,9540.959026
88.774473,142,9543.413519
89.442837,107,9545.262763
88.972683,143,9547.703764
88.616019,169,9578.63656
88.550818,220,9582.070254
88.431925,211,9585.260447
88.796962,136,9587.664038
88.623151,151,9590.474192
88.571241,186,9594.022144
88.631789,175,9597.080817
88.642684,176,9600.136757
88.707984,141,9602.634677
88.375083,187,9605.797265
88.798611,150,9608.477812
88.775076,149,9611.055941
88.531064,214,9641.742037
88.704489,131,9643.863443
88.685829,182,9646.800839
88.466578,186,9649.790195
88.884572,119,9651.729491
88.730163,136,9653.881658
88.652114,190,9657.185779
89.103786,92,9658.74043
88.687553,138,9660.86962
88.80232,154,9663.225809
88.783592,177,9666.100391
88.878388,159,9668.731807
88.698861,201,9671.657761
88.394892,179,9701.568109
88.410655,223,9704.789143
88.597714,156,9707.251607
88.600065,200,9710.335931
-7.36,7,9710.497899
88.644702,192,9713.384244
88.439389,181,9716.119056
88.501828,174,9718.892749
88.465132,211,9722.032622
88.945366,136,9724.272866
88.960826,150,9726.522627
88.713291,168,9729.080264
88.481169,156,9756.771656
88.579346,203,9759.786035
88.907061,159,9762.395925
88.447195,208,9765.623679
88.613166,206,9768.788137
88.391532,170,9771.457062
89.138492,133,9773.612861
88.899245,110,9775.591742
88.499467,173,9778.415569
89.050052,142,9780.706877
88.76447,144,9783.078431
88.515311,191,9786.07347
88.471302,163,9816.340495
88.717479,127,9818.477538
89.222709,98,9820.094493
88.432062,170,9822.778232
86.134143,153,9825.225877
89.207987,118,9827.172795
88.838752,138,9829.540017
88.587768,175,9832.511789
88.801478,127,9834.728375
88.783687,116,9836.605166
88.741798,168,9839.383228
88.960627,120,9841.286808
88.450119,157,9843.761674
88.349836,182,9846.566418
88.756375,160,9849.211405
89.092481,122,9880.078208
88.553559,177,9882.958891
89.049593,146,9885.361957
89.251868,130,9887.524711
88.540482,166,9890.15308
89.341371,123,9892.260285
88.636054,207,9895.380973
88.409322,214,9898.585789
-7.36,7,9898.75373
89.506753,107,9900.557326
88.46496,162,9903.12715
88.484617,195,9906.104735
88.44222,169,9909.005967
88.699317,162,9937.862513
88.615263,165,9940.498379
88.530033,172,9943.164823
90.1048,89,9944.610407
88.622696,149,9947.180119
88.925325,151,9949.729512
88.60732,196,9952.806509
89.08716,124,9954.817221
88.720136,195,9957.841328
88.523845,171,9960.535865
88.489175,176,9963.302759
88.638977,217,9966.604164
88.416831,196,9969.508185
88.577821,161,9999.05293
88.494348,177,10001.890589
88.377127,190,10004.910168
88.307109,199,10008.149396
88.383186,229,10011.660363
88.268419,199,10014.73467
89.688343,90,10016.192193
88.773958,175,10019.077205
88.25481,223,10022.693894
88.362708,187,10025.630791
88.791941,152,10028.231147
-7.6,4,10028.365047
88.638872,162,10057.904535
88.337321,199,10061.024237
88.771831,165,10063.774857
89.898097,93,10065.428611
88.606193,143,10067.767018
88.483557,215,10071.179057
88.577583,135,10073.581928
88.682316,152,10076.243228
88.365063,185,10079.146655
88.342126,206,10082.27844
88.909049,117,10084.265669
88.668889,181,10087.357362
88.658695,150,10089.762164
88.457916,188,10119.128195
89.286141,98,10120.761292
88.561134,192,10123.680753
88.908303,146,10126.005218
88.628928,211,10129.050586
88.321347,194,10132.104008
88.2976,211,10135.330459
-7.4,5,10135.488197
89.109026,136,10137.673779
88.607691,166,10140.322899
88.517274,188,10143.21724
88.55132,206,10146.221555
-7.96,3,10146.330165
-7.36,6,10146.491257
88.486813,209,10175.991303
88.991622,155,10178.489072
88.871334,137,10180.813249
88.293326,219,10184.133738
88.410127,176,10186.857051
88.908087,159,10189.610106
88.840273,138,10191.896672
88.518239,181,10194.875537
88.715995,148,10197.481717
89.090294,130,10199.687801
88.666427,150,10202.322773
88.995681,145,10204.76876
88.702654,188,10207.612531
88.375475,205,10236.583418
88.558039,204,10239.70361
88.510399,152,10242.092233
88.419013,201,10245.165088
-7.4,5,10245.300065
86.812875,145,10247.588951
88.709877,179,10250.386631
88.770792,143,10252.701187
88.664369,147,10255.079072
88.698801,145,10257.358665
89.115925,132,10259.399395
-7.36,8,10259.578894
88.861926,167,10262.321307
88.491821,197,10265.40431
88.896843,162,10295.147709
88.798025,149,10297.530222
88.808637,170,10300.18606
88.578948,181,10302.915193
89.538337,106,10304.691511
88.735143,134,10306.939483
88.651896,175,10309.734042
88.680106,172,10312.521225
88.751773,196,10315.569176
88.984529,123,10317.738232
88.856725,167,10320.689947
88.934516,148,10323.123797
88.421707,176,10326.150208
89.050507,123,10355.254702
89.158439,127,10357.393646
88.550253,198,10360.672225
88.341598,210,10364.1842
89.329148,118,10366.276597
88.360729,183,10369.220503
88.551668,156,10371.765467
88.812462,174,10374.568792
89.368146,106,10376.36359
88.514396,193,10379.474089
89.262659,115,10381.322115
88.608089,154,10383.807558
89.039252,119,10385.839318
88.635798,146,10416.098999
89.135504,134,10418.248249
88.783885,167,10420.858229
88.55427,170,10423.674999
88.667298,139,10425.992085
88.563058,207,10429.033453
89.087214,129,10431.148448
88.450043,192,10434.162162
88.464537,172,10436.913801
88.626454,214,10440.070494
88.59761,150,10442.487195
88.378131,188,10445.429716
88.849802,156,10447.910801
88.463559,186,10478.124602
88.572087,195,10481.179713
88.344397,189,10484.091451
88.521847,207,10487.312692
89.002445,115,10489.201336
88.744931,140,10491.377443
89.118277,101,10492.998418
88.898244,156,10495.39591
88.647854,195,10498.425767
88.526541,172,10501.323981
88.604677,161,10503.90755
88.589427,198,10506.857405
88.533971,171,10534.886146
88.942042,122,10536.89611
88.505013,152,10539.494521
88.541992,219,10542.746713
89.096795,106,10544.655501
88.602137,165,10547.438971
88.768903,181,10550.336976
88.358059,201,10553.31828
88.796466,132,10555.42597
89.019634,123,10557.389532
88.99349,100,10558.983157
88.754779,170,10561.670523
88.409199,191,10564.593234
88.404391,172,10593.760476
88.797331,166,10596.348725
88.656774,177,10599.241682
88.407112,171,10602.110682
88.52128,181,10604.945631
88.347731,183,10607.81943
88.336174,199,10610.911753
88.577718,152,10613.488427
88.710967,155,10616.030928
89.081319,120,10618.04628
-7.36,6,10618.193645
88.509255,157,10620.642519
89.212495,130,10623.048868
88.629344,182,10652.56895
88.478021,189,10655.923959
88.745461,173,10658.956259
88.595202,208,10662.384103
78.464003,180,10665.21307
88.660679,187,10668.209726
88.582032,152,10670.654851
88.499612,180,10673.507177
88.375079,177,10676.179451
88.77629,166,10678.833976
88.622106,175,10681.586578
88.336355,217,10684.827288
89.088225,144,10713.035326
88.646666,137,10715.220866
88.85126,173,10717.985729
88.455537,228,10721.406087
88.713818,180,10724.178197
88.313995,210,10727.235885
88.954202,140,10729.449748
89.376543,112,10731.258216
-7.36,9,10731.463051
88.711834,199,10734.418857
88.772316,198,10737.332648
88.686428,191,10740.384501
88.671157,194,10770.27042
88.799771,137,10772.457963
88.384125,205,10775.632416
88.811288,175,10778.377088
88.553891,204,10781.622107
88.567838,203,10784.724782
88.296633,205,10788.007311
88.647393,161,10790.7963
88.926977,145,10793.166503
88.513455,200,10796.149681
88.374212,195,10799.048028
88.471184,188,10828.14932
89.090306,116,10829.974696
88.655803,139,10832.23788
88.580284,172,10835.274403
88.634495,185,10838.642942
88.407935,210,10842.121147
88.44334,192,10845.602457
88.781166,147,10848.360888
88.826778,124,10850.533855
88.672316,147,10853.053308
88.909534,138,10855.296486
88.883579,169,10858.071202
88.365868,174,10860.871368
89.160094,147,10889.598518
88.414479,191,10892.462968
88.646267,203,10895.546116
88.886828,109,10897.353333
88.455318,197,10900.462665
88.496915,188,10903.288153
88.650427,192,10906.376619
89.235587,124,10908.517615
88.772451,156,10911.078057
-7.185678,3,10911.190439
88.552462,181,10914.175165
89.034072,142,10916.508334
88.967485,157,10919.188276
89.054281,145,10921.634582
88.454218,178,10954.749484
88.362801,214,10957.880548
88.598443,212,10960.976709
88.72882,171,10963.605883
88.810311,140,10965.899997
88.428235,197,10968.944448
88.347904,194,10971.966171
-7.6,4,10972.095832
88.902502,139,10974.287866
88.754115,177,10977.046965
88.716443,179,10979.786751
88.666179,184,10982.741291
88.421351,193,11013.044365
88.762343,116,11014.994493
88.588143,187,11017.994307
88.366637,205,11020.994647
88.420017,164,11023.57565
88.734337,161,11026.069224
88.466116,175,11028.839551
88.564639,147,11031.133082
88.826591,172,11033.937088
88.74484,182,11036.678225
88.433856,170,11039.33781
88.279983,223,11042.51495
88.478385,199,11070.895824
89.340038,123,11072.810413
88.647625,187,11075.77677
88.556201,191,11078.896176
-7.0,3,11079.012277
88.449948,182,11081.903167
88.551934,193,11084.806504
89.445705,108,11086.507516
88.746364,160,11089.063895
88.658825,206,11092.165612
89.364839,101,11093.756065
88.536211,193,11096.745676
88.642995,215,11099.910976
88.714525,192,11130.337941
88.557186,165,11132.842058
88.634433,206,11136.073839
88.689059,199,11139.044727
89.001755,160,11141.50774
89.1279,128,11143.512307
88.871131,133,11145.599205
88.418133,214,11148.754983
88.533897,202,11151.790199
88.410066,166,11154.428063
88.491877,188,11157.513345
89.481118,108,11187.437238
88.730228,117,11189.398204
88.747371,183,11192.33108
88.576322,216,11195.755909
88.439752,216,11199.060931
89.07459,147,11201.561236
-9.16,1,11201.646172
88.565244,178,11204.508706
88.907171,156,11207.018908
89.130694,138,11209.337516
88.404931,192,11212.459003
89.239555,130,11214.758429
88.773982,175,11217.756691
88.983162,134,11220.061234
88.746915,160,11249.102867
88.421156,197,11252.058635
88.468784,200,11254.986676
88.533055,191,11257.978197
88.586051,177,11260.680073
88.785945,187,11263.520918
88.632076,193,11266.416321
88.838119,167,11269.153851
88.477398,210,11272.313236
89.05143,132,11274.384156
88.603601,134,11276.595309
88.633653,189,11307.115429
88.331278,202,11310.076569
88.485524,181,11312.848432
89.649046,101,11314.551606
88.909481,136,11316.706606
88.903705,146,11319.204833
88.670852,136,11321.489905
88.77401,154,11324.018277
88.583011,170,11326.77264
88.479992,170,11329.426764
88.335665,195,11332.444309
88.478114,217,11335.695566
88.30962,219,11365.451775
88.613421,193,11368.316151
88.723745,186,11371.114856
88.697916,127,11373.091828
88.914018,114,11374.863114
88.922051,166,11377.322332
88.376071,200,11380.240058
-7.36,6,11380.391916
89.127326,125,11382.404067
89.461798,117,11384.26127
88.672372,153,11386.650869
88.559672,176,11389.483517
88.572625,146,11391.838778
88.791353,157,11394.352732
88.541014,225,11424.06588
88.331287,192,11427.174471
88.358675,216,11430.432775
88.353021,221,11433.699472
89.166097,133,11435.734783
88.33537,194,11438.602116
88.63463,151,11440.930559
-7.36,6,11441.08391
88.913599,150,11443.365259
88.514375,168,11446.047942
88.350066,206,11449.094476
88.566259,191,11451.930158
88.9117,133,11453.946194
88.620888,172,11483.730578
88.518455,191,11486.52224
88.938064,164,11489.108435
88.848372,109,11490.772922
88.8544,163,11493.231364
89.25986,115,11495.088804
88.405561,188,11497.987027
88.456343,167,11500.718603
88.761197,151,11503.095616
89.61155,94,11504.612948
88.893778,105,11506.336049
88.473143,167,11509.116553
88.891747,108,11510.89258
88.835622,150,11513.318768
27.701752,52,11542.238659
88.370705,185,11545.290893
88.958047,153,11547.871589
-7.6,4,11548.016039
88.7209,146,11550.535667
88.542097,155,11553.256647
88.358,188,11556.341836
88.652277,143,11558.789421
88.420977,183,11562.012532
-8.48,2,11562.123933
88.698058,156,11564.970946
88.469425,225,11568.854819
88.318195,181,11571.912631
88.688273,176,11575.057963
89.106223,105,11576.957839
88.41697,201,11610.0137
-7.4,5,11610.164711
-7.4,5,11610.313626
89.371125,105,11612.15048
88.65824,179,11615.110055
88.45759,181,11618.219532
88.60946,214,11621.737057
88.92783,113,11623.850923
88.466337,181,11627.121616
88.545832,189,11630.423264
88.528126,145,11633.022102
88.299713,210,11636.689209
89.015224,148,11639.259982
88.289465,200,11642.650679
88.680259,154,11674.542057
-7.36,6,11674.710085
89.541131,103,11676.390519
88.614424,190,11679.410525
88.723856,123,11681.446816
89.032952,134,11683.737699
88.555204,217,11687.172758
88.442404,158,11689.943247
88.437903,165,11692.773834
88.276077,197,11696.130358
88.71144,149,11698.766251
88.595508,157,11701.391716
88.594448,188,11704.52108
89.105272,136,11736.56723
88.266391,204,11739.978095
88.484822,181,11743.352206
88.459797,159,11746.418755
89.113163,123,11748.714762
88.963753,164,11751.499275
88.545777,148,11754.02907
88.505934,152,11756.718274
88.429851,181,11759.530754
89.233253,127,11761.773496
88.707918,188,11765.033726
-8.48,2,11765.132388
88.640754,199,11768.417431
88.376631,200,11771.694046
88.657059,138,11803.891051
-7.96,3,11804.004796
88.697597,133,11806.289037
88.523527,149,11808.77845
88.74249,169,11811.552699
88.96933,135,11813.816284
88.934709,162,11816.618768
89.352039,112,11818.542795
89.06129,102,11820.35753
-7.36,7,11820.547243
88.41332,214,11824.044106
-9.16,1,11824.134449
88.464486,190,11827.361736
88.763779,129,11829.513259
89.081148,142,11831.880133
89.156439,137,11834.213135
88.82488,120,11836.305648
89.678795,99,11865.430464
88.628608,176,11868.235103
88.587405,186,11871.364654
88.636638,132,11873.562661
89.162037,143,11876.014745
88.362509,175,11879.021238
88.568201,182,11882.14598
88.628969,183,11885.220574
-7.36,6,11885.392404
88.587041,140,11887.796111
88.584611,155,11890.4313
88.748468,126,11892.578662
88.433016,205,11895.768774
89.366527,98,11897.454203
88.458406,165,11928.325274
88.58858,174,11931.181809
88.500148,200,11934.349685
88.483045,192,11937.559309
88.666412,186,11940.482213
88.373086,199,11943.662363
88.898971,158,11946.268543
89.714222,105,11948.062575
88.730613,191,11951.214703
88.943302,133,11953.386401
88.636655,177,11956.2102
89.528482,100,11957.897629
88.65007,202,11989.004847
88.406875,194,11992.111042
88.949768,119,11994.125104
88.70098,183,11997.246153
88.719897,196,12000.422329
88.805965,181,12003.314817
89.381372,106,12005.085652
88.464546,214,12008.344109
89.207701,140,12010.633606
88.64767,191,12013.835571
88.641201,212,12017.401931
88.789156,117,12019.426175
-7.337205,3,12019.538247
-6.030003,4,12019.666272
88.813992,163,12051.281723
88.709919,152,12053.887455
-7.36,7,12054.096268
88.937397,138,12056.516101
89.019256,124,12058.773777
88.65758,151,12061.598369
88.377883,196,12065.098546
88.305806,214,12068.643865
88.522549,194,12071.716769
88.594366,150,12074.191944
88.750782,148,12076.652027
89.287714,127,12078.762813
-4.07045,6,12078.923639
88.362669,193,12081.900408
88.590076,218,12114.106505
88.822361,149,12116.855608
88.736377,183,12119.959419
88.71789,123,12122.06987
89.697811,108,12123.947924
89.097951,131,12126.250209
88.468518,206,12129.672172
89.534521,99,12131.557955
89.040733,132,12133.905475
88.611297,172,12136.740182
89.626073,100,12138.441111
88.965529,109,12140.382446
89.765266,100,12142.202954
88.504923,158,12145.10504
88.543431,147,12147.636686
88.54473,193,12179.722382
88.645591,170,12182.862909
88.401256,193,12186.200541
88.390153,172,12189.302783
88.929123,115,12191.484799
88.681145,175,12194.461854
88.822053,162,12197.333253
88.766176,161,12200.198109
88.558803,199,12203.568693
-7.36,6,12203.734113
88.561534,179,12206.632309
88.46896,193,12209.657114
88.64661,195,12212.648446
-7.36,9,12212.861897
88.496909,211,12243.501657
88.827782,123,12245.605356
88.308847,213,12248.884808
88.730399,146,12251.292345
88.73388,185,12254.319753
88.565899,164,12257.056674
88.737422,191,12260.184697
89.074767,97,12261.890349
88.260536,211,12265.360706
88.438669,199,12268.462716
-9.16,1,12268.542585
88.50589,185,12271.488389
88.972662,115,12273.381984
88.410386,198,12304.690229
88.675018,127,12306.849515
89.111247,114,12308.864734
88.652598,142,12311.239328
88.475534,165,12314.039039
88.616807,147,12316.706492
89.734818,106,12318.522104
88.845589,115,12320.445296
88.738653,177,12323.274799
88.737072,171,12326.163914
89.198094,121,12328.312414
88.412216,196,12331.582288
88.973153,158,12334.271655
88.892118,123,12336.389876
88.607995,200,12368.123426
88.605369,157,12370.677747
88.743544,173,12373.602175
88.5311,185,12376.634702
88.628887,155,12379.259171
88.565101,166,12382.141082
88.32405,200,12385.459249
89.484723,114,12387.453623
-7.6,4,12387.612432
88.409558,193,12390.82689
89.136923,145,12393.334642
88.306666,210,12396.654738
88.850896,153,12399.242252
88.491889,181,12431.029328
88.777736,156,12433.6229
88.8713,155,12436.205355
88.388063,208,12439.47038
88.846163,155,12442.231547
90.123596,89,12443.761257
88.718198,179,12446.867308
88.803808,140,12449.457443
-7.36,6,12449.6364
88.678239,134,12452.070101
88.65623,187,12455.347289
89.29484,119,12457.517166
89.512736,97,12459.284377
88.650242,149,12462.017857
88.693275,162,12495.889178
88.697839,175,12499.225298
88.715989,140,12502.035554
88.436213,188,12505.594289
88.862164,130,12508.058615
89.122068,129,12510.307741
88.642679,154,12512.942803
88.580497,202,12516.326463
88.461773,194,12519.432612
88.357081,184,12522.289688
88.539782,175,12525.048865
88.641672,169,12527.920238
88.608098,136,12530.281284
-7.36,10,12530.514825
88.696973,135,12559.91554
89.822463,95,12561.415128
89.461241,109,12563.260191
88.427889,221,12566.668761
89.18414,111,12568.664745
88.430622,200,12571.720114
88.507604,149,12574.362032
88.532352,212,12577.897875
88.626747,151,12580.57528
88.59953,179,12583.610781
89.1624,113,12585.547837
88.723226,192,12588.583543
88.557944,215,12618.809763
89.041597,147,12621.135131
88.431545,169,12623.819806
88.799967,129,12625.867925
88.865159,171,12628.571364
89.1394,116,12630.495276
88.53283,196,12633.705549
88.724873,162,12636.247234
88.52647,179,12639.013677
88.238285,212,12642.04967
89.056077,140,12644.348827
88.395679,223,12647.73616
88.908089,158,12650.252484
89.140754,134,12678.62852
89.132991,123,12680.59997
88.361214,196,12683.591849
88.667507,168,12686.300346
88.381597,199,12689.272425
88.470997,171,12692.07725
88.441892,226,12695.470858
-7.36,8,12695.668385
-7.4,5,12695.819141
88.734836,154,12698.414061
89.165131,100,12700.122545
88.688245,129,12702.336818
88.388468,184,12705.378163
89.268985,134,12707.590202
89.63128,102,12709.304899
88.72875,182,12738.300396
88.340856,183,12741.213908
88.255037,216,12744.378753
88.49861,228,12747.796064
88.913536,156,12750.207218
89.04288,143,12752.621835
88.593923,184,12755.578066
89.046367,125,12757.645284
88.412248,193,12760.595853
88.679819,193,12763.542774
88.897414,166,12766.224865
89.002929,152,12796.209661
-7.4,5,12796.353041
88.615691,137,12798.506696
88.385605,178,12801.202687
88.373359,195,12804.029737
88.623086,134,12806.138083
88.65689,187,12809.065525
-9.16,1,12809.142268
88.70672,190,12812.076405
-7.36,8,12812.274536
89.22919,95,12813.915214
-7.4,5,12814.064311
89.348445,122,12816.144832
88.684158,174,12819.165906
88.785115,164,12822.027548
89.049512,127,12824.289566
88.608025,183,12827.109683
88.840944,145,12857.348585
88.9488,154,12859.717218
89.402124,107,12861.514882
88.928204,114,12863.390478
88.59538,186,12866.400002
88.889066,132,12868.61593
88.825586,174,12871.204758
89.034692,109,12873.038946
-7.96,3,12873.149786
88.956535,118,12875.075017
88.550771,157,12877.601009
89.232037,104,12879.26835
88.683338,191,12882.444715
88.732844,188,12885.716448
88.477621,194,12889.065683
89.111776,108,12917.878348
88.645613,204,12920.995704
88.458469,186,12923.795353
88.364652,204,12926.818974
88.616105,140,12928.986786
88.450229,208,12932.013181
88.460743,186,12935.120785
88.412854,186,12938.329654
88.515245,214,12941.677808
-7.6,4,12941.807968
89.040662,114,12943.591161
89.057621,93,12945.18314
88.584327,195,12948.278772
88.638515,159,12978.124373
88.596697,186,12980.948234
88.598302,201,12984.130546
88.57305,180,12987.115672
-7.4,5,12987.277292
88.423177,188,12990.342943
88.535861,216,12993.690464
89.728763,91,12995.084558
88.586663,195,12998.083553
88.617392,211,13001.486184
89.218306,99,13003.202396
88.622051,141,13005.637208
88.586456,179,13008.585733
89.164577,131,13040.167064
88.784482,152,13042.963598
-7.36,6,13043.146708
88.94419,115,13045.202894
-4.686929,7,13045.408506
88.328885,217,13049.116393
88.554511,160,13051.942796
88.404962,177,13054.988136
88.54577,193,13058.214102
88.980843,144,13060.549361
88.597476,139,13062.912662
-7.96,3,13063.032221
88.561206,150,13065.581068
88.506534,208,13068.746129
89.119698,150,13071.23664
89.131094,96,13072.829465
88.733474,172,13105.978493
88.591178,206,13109.178101
88.379855,212,13112.584321
-7.36,8,13112.769619
88.810076,173,13115.330638
88.701072,166,13117.980666
88.605484,177,13120.791022
88.773791,163,13123.430372
88.504819,178,13126.201571
90.123596,89,13127.745005
88.832108,175,13130.641243
88.30995,200,13133.840221
88.943291,165,13136.523676
88.876081,142,13166.788435
88.976336,160,13169.442312
89.198867,132,13171.751401
89.353596,115,13173.808354
88.427827,196,13177.237561
88.43412,179,13180.286614
89.172433,103,13182.125798
88.987447,148,13184.746338
88.513421,194,13187.980723
88.438069,179,13190.894265
88.910239,168,13193.811924
88.480612,177,13196.910888
88.71181,196,13200.262658
88.535505,195,13233.404844
88.728391,149,13235.949445
88.792858,133,13238.336279
88.923507,137,13240.67629
88.501075,209,13244.185965
88.466259,193,13247.550966
88.797085,151,13250.129971
88.3111,197,13253.421348
89.276853,132,13255.686546
88.538428,212,13258.96869
88.741071,132,13261.250465
88.362332,202,13264.62256
88.360353,192,13298.407826
88.667736,159,13301.259186
-7.36,7,13301.450263
88.756834,172,13304.445771
88.315947,207,13307.996948
88.550532,191,13311.232713
88.640741,188,13314.43044
88.344986,179,13317.505239
89.380219,108,13319.571074
89.309431,112,13321.933298
-7.36,6,13322.148292
88.812134,130,13324.677477
89.69662,102,13326.744528
88.47786,200,13330.357893
88.862629,125,13362.81351
-8.48,2,13362.913826
88.61988,192,13366.096658
-7.4,5,13366.247308
88.452237,199,13369.489462
88.733781,129,13371.6715
-7.36,7,13371.852705
88.805495,140,13374.298576
88.906223,143,13376.746256
89.410985,101,13378.615041
88.222926,222,13381.981819
88.642418,179,13385.180671
88.44045,196,13388.706959
88.515546,202,13392.090194
88.639738,210,13395.46351
88.222306,220,13428.920295
88.3628,182,13432.019568
88.434087,179,13435.193906
88.545922,212,13438.709211
88.503155,189,13441.746197
88.386786,198,13445.072719
88.542857,185,13448.370264
88.928133,159,13451.185198
88.758422,175,13454.109365
88.62759,186,13457.12336
88.872147,108,13458.942547
89.115332,122,13461.002607
88.694003,162,13492.964917
88.656161,185,13496.041775
89.045772,135,13498.517639
89.292124,122,13500.79117
88.612795,186,13503.827267
88.594207,146,13506.364794
88.577046,167,13509.196907
-8.48,2,13509.29993
88.597935,224,13512.923045
89.094335,150,13515.561229
88.404604,169,13518.44529
88.545149,178,13521.50663
88.641619,146,13524.099583
89.212385,106,13526.048273
88.313644,204,13562.106183
89.071709,100,13563.826138
88.836628,154,13566.451037
88.726166,181,13569.605757
89.34449,117,13571.848272
-6.0,4,13571.979911
88.6317,157,13574.659391
89.515382,112,13576.637826
88.868115,151,13579.251692
88.864501,133,13581.672637
89.000411,136,13584.094353
88.95148,151,13586.843832
89.177622,133,13589.272915
88.248388,217,13592.790598
88.519052,207,13624.543288
88.850391,167,13627.383595
-7.36,10,13627.62082
88.344057,199,13630.81996
88.592859,207,13634.124801
88.795011,115,13636.068832
89.070454,138,13638.358639
88.696307,167,13641.065725
78.453155,187,13644.059804
89.003273,95,13645.65865
88.827625,114,13647.58695
88.68198,147,13650.142959
88.415711,190,13653.29297
88.964299,161,13656.033185
88.27955,203,13689.824982
88.497969,204,13693.602825
88.787976,138,13696.130247
88.807405,142,13698.775768
88.524003,181,13701.880123
88.65502,140,13704.411339
-7.36,7,13704.621461
88.923762,140,13707.141419
88.911327,122,13709.533049
88.899553,124,13711.788562
88.691787,142,13714.25417
88.707025,174,13717.18158
88.902518,122,13719.339326
89.228388,117,13721.460793
86.78319,123,13723.64986
88.385188,176,13755.733203
88.522554,205,13759.219059
88.83922,158,13761.998609
88.756844,135,13764.335696
88.303726,223,13767.911064
88.388671,204,13771.264285
88.713968,189,13774.542076
88.750628,157,13777.233538
-7.36,8,13777.452826
89.401219,118,13779.450989
88.516015,155,13782.03747
-9.0,1,13782.120111
88.417325,204,13785.66515
88.415901,176,13822.16334
88.528835,177,13825.747532
88.703098,188,13829.365814
88.806026,135,13831.793297
88.513278,215,13835.626515
88.558955,157,13838.662205
89.203722,129,13841.253729
88.331157,199,13844.859157
88.7867,178,13848.000294
88.971422,154,13850.916727
89.40834,109,13853.049951
88.914623,150,13855.77025
88.394193,197,13859.212287
90.123596,89,13890.494854
89.338083,103,13892.352392
88.864991,133,13894.748378
88.534046,192,13898.028277
88.415937,182,13901.286337
88.559574,209,13904.788288
88.591194,173,13907.916815
88.301873,193,13911.26929
89.218592,116,13913.440227
88.828457,159,13916.439867
88.835191,116,13918.627924
88.575754,162,13921.521278
88.539508,190,13925.154351
88.62253,137,13957.665928
89.040562,135,13960.310257
88.761188,182,13963.625715
88.751541,185,13966.868171
-7.4,5,13967.031835
-7.36,8,13967.248912
88.472848,177,13970.533607
88.590502,210,13974.115078
88.649793,138,13976.693989
88.406014,197,13979.981786
88.765334,173,13983.04821
89.002598,156,13985.780597
89.211143,107,13987.865151
89.271761,114,13990.031691
88.522005,197,14024.180793
88.258185,206,14027.678619
88.454129,183,14030.755609
88.683588,153,14033.371577
88.506753,174,14036.285297
88.453194,195,14039.430765
88.233129,220,14042.979053
-4.0,6,14043.143481
88.821789,158,14045.870337
88.727493,153,14048.434552
89.158023,135,14050.815453
88.567693,226,14054.465738
88.675125,206,14058.24279
88.564995,159,14090.158634
88.665549,173,14093.378975
88.755865,171,14096.308603
88.473442,179,14099.41034
89.179324,131,14101.676213
88.937741,154,14104.383281
-9.0,1,14104.465996
88.732321,135,14106.87982
-7.36,8,14107.087152
88.482568,203,14110.556965
89.278013,114,14112.398329
89.101368,123,14114.556312
88.588424,200,14118.102433
88.715728,180,14121.267428
88.46701,193,14152.582454
88.880669,142,14154.87653
89.018573,105,14156.610314
88.4446,172,14159.335037
89.117457,109,14161.099686
88.505989,171,14163.775087
88.332794,184,14166.636813
88.417852,211,14170.111252
89.056517,128,14172.387273
88.703246,195,14175.848826
88.711972,172,14179.060036
88.961205,146,14181.64437
88.482941,182,14184.592912
88.448657,168,14214.016109
88.533204,170,14216.655802
89.167119,138,14218.869659
88.824265,169,14221.507249
88.564827,167,14224.152634
88.846924,167,14226.768761
89.026812,127,14228.84922
88.594062,216,14232.084845
88.868244,161,14234.700804
88.749232,186,14237.75088
89.064324,148,14240.237277
88.628299,164,14242.945041
89.027242,145,14272.755792
88.576389,149,14275.375467
88.551936,179,14278.563523
88.551172,177,14281.913165
88.398871,191,14285.142793
88.93318,147,14287.909047
89.308842,104,14289.722778
88.604751,201,14293.119304
88.820508,140,14295.50005
88.558193,166,14298.291807
88.826916,169,14301.038759
88.353898,218,14304.226066
88.680592,198,14332.629073
88.628902,160,14335.276167
88.911545,113,14337.265728
88.408418,195,14340.491754
88.343873,215,14343.73384
88.592226,152,14346.319824
88.752064,160,14348.925892
88.260529,217,14352.150954
88.562447,208,14355.430219
88.492024,190,14358.44936
88.558794,197,14361.599659
88.802943,123,14363.555237
88.643123,169,14393.430329
88.54002,206,14396.534321
89.021097,114,14398.407153
89.061956,121,14400.323509
88.635287,193,14403.304022
88.280761,199,14406.549769
88.487056,208,14409.776127
88.541306,201,14412.968377
-7.36,7,14413.139228
88.705481,178,14416.039576
88.938478,138,14418.359628
89.423324,114,14420.281733
89.200495,136,14422.426068
88.68249,143,14424.680813
-7.251694,4,14424.810533
88.53953,173,14455.889219
-7.36,6,14456.063113
88.558001,184,14459.004491
89.302307,92,14460.570455
88.708231,186,14463.536921
88.863518,113,14465.356767
88.725201,171,14468.015854
88.999034,114,14469.919392
88.516831,165,14472.67838
88.958419,141,14475.103864
88.671037,170,14477.751321
88.917681,122,14479.913918
88.536,169,14482.72423
88.796321,169,14485.355846
88.400802,193,14516.314156
88.796994,167,14519.164082
88.93967,131,14521.252795
88.553962,190,14524.166916
88.583577,154,14526.666476
88.713147,173,14529.451536
89.209607,111,14531.304886
88.456991,193,14534.527425
88.81612,148,14537.055344
88.601066,156,14539.65204
89.027398,149,14542.244851
88.46038,197,14545.491074
88.573022,216,14576.685806
88.307788,214,14579.975623
88.681961,191,14582.853161
87.347963,197,14586.048325
88.694868,150,14588.556052
-5.02333,5,14588.718181
88.597811,206,14591.768181
88.835782,171,14594.428139
89.639137,93,14595.850213
-7.96,3,14595.963923
88.450637,224,14599.342249
-4.0,6,14599.503417
88.298652,206,14602.736677
88.489419,179,14605.739716
89.12221,117,14607.691444
88.389363,213,14640.662811
88.60672,201,14643.923244
88.473445,173,14646.792683
88.347984,188,14650.026163
88.863703,111,14651.996616
-7.36,7,14652.18521
88.786105,163,14654.961879
88.839721,145,14657.633891
88.352145,209,14661.258409
88.59391,188,14664.402196
88.619436,158,14666.902039
88.309113,221,14670.128747
88.653373,174,14700.04787
88.81483,161,14702.785267
88.495104,200,14706.000015
88.749504,171,14708.723899
88.35557,185,14711.526911
89.131299,136,14713.694811
88.792401,150,14716.162215
88.656414,180,14718.956218
88.470879,203,14722.044458
88.708111,172,14724.849804
88.650268,186,14727.788969
-7.36,7,14727.980351
88.869143,126,14730.085091
88.718434,154,14759.948323
-9.0,1,14760.024823
88.625254,191,14763.269719
88.620327,186,14766.293886
89.001337,137,14768.741313
88.881865,156,14771.366759
88.524083,163,14774.059523
88.552587,220,14777.493631
88.948209,102,14779.095301
88.838854,152,14781.565903
89.761371,98,14783.173818
88.330286,191,14786.261977
-7.4,5,14786.417072
88.45762,191,14789.555352
88.730125,186,14792.44741
89.018044,148,14821.612617
88.559471,179,14824.555066
89.811627,94,14826.164876
89.042478,153,14828.768048
88.315925,203,14832.231527
89.077853,132,14834.50283
88.580372,187,14837.73425
88.785531,180,14840.844186
88.764971,118,14843.074463
88.687534,163,14846.263216
88.804021,152,14848.998984
89.107565,102,14850.814636
88.428988,175,14854.004479
89.041172,132,14884.924621
88.41041,169,14887.625933
89.221845,98,14889.246346
89.44198,101,14890.934067
88.406349,207,14894.364018
89.277284,122,14896.352845
88.936399,156,14898.933099
89.257088,106,14900.715073
89.48602,105,14902.491603
88.518844,191,14905.496352
89.295271,118,14907.455112
88.440951,197,14910.756958
88.631507,167,14913.457599
88.994228,143,14915.741615
88.538663,173,14946.311201
88.282753,216,14949.820788
88.563728,192,14952.940608
88.713922,169,14955.823558
88.657967,202,14959.436136
88.396867,201,14962.741929
-7.0,3,14962.84876
88.766317,182,14965.637907
88.740988,122,14967.796027
88.392334,208,14971.230204
88.868269,149,14973.91758
88.904577,154,14976.712695
89.352142,114,14978.705682
88.421136,196,15010.617512
88.98284,147,15013.044149
88.819849,128,15015.20068
89.193178,134,15017.456514
88.718747,162,15020.207365
89.116679,139,15022.584228
88.652439,133,15024.790901
88.243559,201,15027.933186
88.891606,146,15030.360899
88.668799,198,15033.543118
88.47004,179,15036.55493
88.58768,205,15039.749244
88.834693,132,15041.802499
88.721224,162,15069.499413
88.601301,145,15071.832488
88.367799,206,15074.942841
89.147754,127,15077.029715
89.244229,124,15079.067035
88.593624,166,15081.833083
88.39262,178,15084.793716
88.488472,170,15087.318651
88.734414,169,15089.974057
-4.0,6,15090.12478
88.364863,190,15093.170794
88.388912,180,15095.962128
88.430025,190,15099.171947
88.975357,127,15129.760632
88.765125,183,15132.801823
89.191278,138,15135.210063
89.074666,143,15137.564969
88.667274,190,15140.563344
89.017033,151,15143.034714
88.523212,211,15146.40634
88.47604,181,15149.337622
88.310589,218,15152.748282
88.506451,185,15155.702701
88.922023,142,15158.046763
89.948468,89,15159.510602
-7.36,10,15159.740201
88.609044,178,15191.606486
86.402791,160,15194.360942
88.811003,166,15197.141903
88.547417,210,15200.638912
88.63375,157,15203.327469
88.604568,153,15206.072367
88.525346,154,15208.859326
88.646717,208,15212.088173
88.412444,184,15215.158997
88.405069,206,15218.548142
88.856494,112,15220.567293
88.854602,128,15222.661061
88.823277,180,15225.510306
88.727976,157,15255.388143
88.415348,194,15258.642519
88.786059,181,15261.84666
88.359397,187,15264.919981
89.121393,131,15267.087863
88.963345,138,15269.440515
89.055579,120,15271.545703
89.074257,127,15273.862179
88.647182,198,15277.012321
88.949791,148,15279.358117
88.688622,171,15282.117448
88.432357,204,15285.355998
88.420692,221,15316.313937
88.691796,163,15318.907768
89.078136,147,15321.494896
88.622744,147,15323.924311
88.698024,196,15327.059135
88.717495,141,15329.412495
88.791581,170,15332.32624
-7.96,3,15332.446783
88.488504,210,15335.78436
88.556103,171,15338.935058
88.769867,145,15341.830211
88.793166,145,15344.469729
88.649237,155,15347.440419
88.74873,131,15349.804585
88.319371,203,15381.285142
-9.16,1,15381.395313
88.475372,193,15384.568412
88.44881,183,15387.56046
88.885985,136,15390.013608
88.524883,154,15392.58501
89.402737,108,15394.439682
88.340492,202,15397.781951
88.438933,227,15401.30264
88.394427,206,15404.70192
88.959565,147,15407.201056
88.640293,155,15409.76774
88.668748,157,15440.228689
-7.36,8,15440.422516
88.900656,119,15442.492673
88.634746,190,15445.383092
88.742904,174,15448.147996
88.331583,204,15451.226828
88.453548,182,15454.005016
88.744564,183,15456.812315
88.597063,183,15459.619102
89.147616,95,15461.292133
89.06715,142,15463.773466
86.730938,131,15466.228757
88.823056,156,15468.722949
88.52241,219,15471.9605
88.630829,166,15501.471916
88.563858,211,15504.661966
88.812569,183,15507.643455
88.704784,174,15510.485414
88.387061,177,15513.299324
88.257177,207,15516.397634
88.851706,136,15518.667681
88.467526,151,15521.064183
-7.36,6,15521.203972
-7.6,4,15521.341745
88.467933,192,15524.26358
88.398907,197,15527.434072
88.693913,155,15529.900295
88.41682,177,15558.814126
88.72285,189,15561.737231
89.608944,111,15563.555912
88.894556,114,15565.390706
88.614868,162,15567.999343
88.711695,175,15570.670808
88.442309,191,15573.59503
88.631702,202,15576.653835
88.658557,192,15579.596395
88.788325,153,15581.909648
88.60035,196,15584.745983
88.469168,206,15587.825117
88.490228,226,15619.390829
88.889842,149,15621.92495
88.741628,166,15624.751137
88.511043,164,15627.404251
88.784015,172,15630.095757
88.616637,172,15632.914835
88.516099,185,15635.712902
88.492112,183,15638.584715
88.811351,170,15641.237197
88.695781,172,15643.868882
88.777856,167,15646.538173
88.444143,207,15649.675522
-7.4,5,15649.818583
88.497655,199,15680.544529
89.051525,148,15683.228928
88.998216,113,15685.353748
89.971614,94,15687.009494
-7.36,9,15687.214022
88.535863,211,15690.287107
88.565287,204,15693.417071
88.4515,173,15696.154145
88.392251,187,15699.073787
88.490807,163,15701.688443
88.411832,168,15704.476796
89.06578,141,15706.846478
88.774049,157,15709.479748
88.793979,164,15739.65215
88.476904,215,15743.466979
88.380938,195,15746.636265
88.727012,172,15749.431422
88.30291,189,15752.772459
88.455012,222,15756.0313
88.878908,146,15758.687527
89.202661,113,15760.768503
88.439837,199,15764.677497
89.155991,121,15766.963831
89.250755,120,15769.23137
88.743996,145,15771.900265
-6.294297,18,15772.275508
88.636577,171,15803.239215
-5.0,5,15803.375128
88.718412,185,15806.45904
88.941928,142,15808.921412
88.716347,187,15811.963205
88.405916,179,15814.721595
88.793525,134,15816.862366
88.58412,173,15819.573265
88.888169,128,15821.742809
88.982842,139,15824.087427
88.70007,181,15827.010002
88.580301,210,15830.437561
89.302461,110,15832.317409
88.523513,152,15834.796041
88.456317,222,15864.927676
89.065072,120,15866.933428
88.741115,120,15869.001813
88.415204,220,15872.833524
89.051431,124,15875.194065
88.82129,168,15878.523337
88.532649,192,15881.856497
89.18372,129,15884.047685
88.64362,195,15887.431857
88.771761,121,15889.502496
88.708842,170,15892.202014
88.472236,158,15894.811682
88.51377,217,15924.988167
88.38091,172,15927.674021
88.793382,119,15929.665493
89.4951,94,15931.208442
-7.36,12,15931.465111
89.288124,112,15933.244907
88.6878,180,15936.088041
89.312432,104,15937.985993
88.34552,204,15941.299648
88.626572,149,15943.787482
88.418529,211,15946.92468
89.129253,136,15949.165572
89.249556,98,15950.729538
88.391637,194,15953.813304
88.730927,147,15956.320947
88.881307,161,15987.231914
88.672254,177,15990.193489
88.375101,207,15993.835419
-7.36,6,15994.022379
-7.36,6,15994.200963
88.478109,188,15997.792477
88.698348,171,16000.714082
88.81711,171,16003.491095
88.790773,180,16006.355465
88.638518,163,16008.998718
88.550948,186,16011.910536
88.587336,171,16014.681969
88.784616,160,16017.286141
-6.425297,4,16017.417636
88.85175,148,16019.6951
-7.36,7,16019.880491
89.188001,134,16049.997596
88.409257,180,16052.772581
88.80244,153,16055.199009
88.934326,150,16057.632916
88.935993,149,16060.130975
88.501823,183,16063.083477
88.574097,164,16065.739087
88.72297,173,16068.695327
88.54543,154,16071.206788
88.649925,189,16074.327017
88.438943,166,16077.072473
88.670569,138,16079.382266
88.639118,195,16108.260225
89.058705,125,16110.393998
88.879024,149,16112.911388
88.841633,175,16115.726162
88.494788,154,16118.315141
88.628863,173,16121.258555
89.224515,127,16123.502163
88.603139,190,16126.497285
88.72993,169,16129.157825
89.061207,147,16131.618356
88.421199,165,16134.37238
88.637299,175,16137.200352
88.649702,179,16139.920433
88.90535,124,16169.52988
88.640921,154,16172.00635
88.968093,156,16174.596467
88.42036,184,16177.602514
88.707202,147,16179.974384
88.302904,204,16183.051004
-7.4,5,16183.198739
88.342684,185,16186.12361
89.028809,130,16188.320001
89.202088,116,16190.314219
89.126557,139,16192.695569
88.552218,190,16196.01745
-9.16,1,16196.09583
89.270381,118,16198.149112
88.419074,199,16201.677565
88.735563,134,16231.330286
88.63617,179,16234.093626
88.509677,184,16237.019275
88.854542,157,16239.862959
88.558257,155,16242.644782
88.777882,159,16245.273568
89.335661,108,16247.02226
88.51017,198,16250.167025
89.303458,104,16251.87776
89.034544,138,16254.305597
88.666366,133,16256.531018
89.450184,90,16257.982955
88.432009,211,16261.495774
88.664572,130,16263.742488
89.330088,105,16293.036325
88.537803,184,16295.74484
88.921913,136,16298.120176
-7.4,5,16298.269922
88.629036,182,16301.056201
88.971009,109,16302.831975
88.653625,174,16305.541653
88.300646,194,16308.507214
88.475364,210,16311.709945
88.825206,139,16314.045263
89.053094,125,16316.069616
88.291698,214,16319.485301
88.484827,220,16323.216365
88.994616,103,16352.166007
89.160453,136,16354.461081
88.743315,160,16357.163327
88.327483,189,16360.26605
88.569639,166,16363.094063
88.67085,201,16366.192171
88.286835,211,16369.397165
88.870701,175,16372.266474
89.067394,150,16374.702479
88.548652,193,16377.823189
88.43135,204,16381.026634
-7.36,8,16381.223152
88.692336,192,16384.137731
89.018796,140,16413.20867
88.683174,169,16415.988064
88.386701,195,16419.32655
89.02808,127,16421.452575
89.448837,105,16423.24339
88.470655,154,16425.884799
88.770786,176,16428.98611
89.068511,143,16431.38339
88.733794,155,16433.970054
88.698806,169,16436.657223
88.62317,177,16439.595292
88.503823,190,16442.600392
88.627869,179,16445.563467
88.481356,191,16476.260135
-9.048365,1,16476.340551
88.548674,186,16479.282672
88.89364,146,16481.621413
88.538322,206,16484.891788
88.753349,167,16487.664184
88.677549,156,16490.217609
89.556876,110,16492.125971
89.004626,142,16494.429507
88.705302,173,16497.252524
88.359793,214,16500.493233
88.82941,144,16502.738952
89.027766,132,16504.846395
89.255938,129,16534.054137
88.320868,190,16537.136595
88.950206,105,16538.984257
88.699726,127,16541.22311
88.608439,199,16544.411151
88.823016,169,16547.400158
88.566725,175,16550.240042
89.009202,150,16552.668381
88.420224,187,16555.634517
88.428074,190,16558.785229
88.768119,117,16560.78732
88.875049,124,16562.826536
88.772826,176,16565.637679
-7.36,7,16565.807053
-7.4,5,16565.946543
88.796298,159,16598.252824
88.299355,189,16601.406214
89.542727,97,16602.97031
88.645917,195,16605.937724
-7.049576,3,16606.050235
88.397258,204,16609.250178
88.904151,116,16611.216227
89.000811,140,16613.602241
88.553365,188,16616.572741
88.624036,168,16619.38329
88.619311,183,16622.456126
88.626368,163,16624.923825
88.592852,194,16627.828781
88.618423,175,16659.52031
89.143999,138,16661.965679
88.871773,144,16664.464131
88.469739,180,16667.498856
88.498629,185,16670.682404
88.715201,151,16673.328574
89.566316,109,16675.141119
89.581756,96,16676.794555
-8.014929,2,16676.890683
89.091944,144,16679.274499
89.038245,125,16681.414567
88.763533,179,16684.483171
88.492386,179,16687.591436
89.096767,120,16689.664594
88.821377,160,16692.560978
88.54248,205,16724.910617
88.323445,212,16728.570533
89.015572,136,16730.983836
89.029055,127,16733.169828
88.344486,189,16736.381578
88.731424,152,16739.276731
88.574948,219,16743.171522
88.422123,212,16746.588801
-9.05663,1,16746.675852
88.62442,189,16749.738634
-7.36,6,16749.905351
88.569671,191,16753.136979
89.442937,105,16754.943383
89.130428,130,16757.093623
88.46545,169,16788.553779
-7.36,9,16788.775345
88.472324,198,16791.875031
88.789278,151,16794.371807
88.608109,147,16796.868003
89.005799,131,16799.067714
88.586497,154,16801.679681
88.808954,172,16804.694824
88.511655,180,16807.712942
88.31256,221,16811.251793
88.455478,178,16814.1839
88.358341,190,16817.203137
88.547127,185,16820.125584
88.472846,198,16850.898872
88.588754,172,16853.62772
88.701169,189,16856.588307
88.447474,198,16859.690604
88.893446,130,16861.926537
88.34076,181,16865.03488
88.807848,159,16867.626505
88.332904,218,16871.152363
88.524546,169,16873.993105
88.659242,181,16877.206874
88.572942,174,16880.20134
88.540664,170,16911.111759
88.500912,194,16914.266651
88.769634,142,16916.611601
88.944682,148,16919.034216
88.45153,177,16921.918772
88.343311,201,16925.004787
88.381257,210,16928.131696
89.240232,98,16929.791717
88.803345,165,16932.525859
88.886387,152,16935.234864
88.876134,105,16936.996014
88.393834,192,16939.90124
88.5623,191,16943.050256
88.697998,191,16974.334101
89.275057,127,16976.555893
88.76573,133,16978.897664
88.473146,204,16982.248024
88.658144,210,16985.729849
88.603511,195,16988.916345
88.665607,152,16991.442063
88.94851,147,16994.084126
88.475552,198,16997.38941
89.657194,98,16999.101784
88.478496,151,17001.557822
88.918879,139,17003.814448
88.493721,152,17035.345444
88.468268,183,17038.446785
88.418382,195,17041.621898
89.059853,112,17043.518249
88.833387,158,17046.097428
88.57329,185,17048.973182
88.259054,224,17052.482065
88.497707,191,17055.634539
-7.36,6,17055.801162
88.425931,190,17059.122933
-9.16,1,17059.202899
88.719488,157,17061.938855
88.609496,204,17065.293673
88.580482,206,17068.826245
88.588303,192,17102.155569
88.276848,215,17105.737235
88.441414,178,17108.964569
88.561637,221,17112.984649
88.761508,178,17116.109173
88.84543,154,17118.793282
88.690215,127,17121.027891
88.434644,214,17124.819679
89.255191,128,17127.209469
88.447321,178,17130.364466
88.86546,143,17132.859939
88.453703,170,17164.919044
88.516925,199,17168.070414
88.39108,180,17170.947471
88.726776,144,17173.273594
88.425115,187,17176.39677
88.606948,183,17179.458054
88.496923,179,17182.360916
88.593375,168,17185.363099
88.884011,171,17188.293844
88.67153,145,17190.665538
88.983234,141,17192.978153
89.376776,119,17195.066796
88.29366,207,17225.690313
88.528243,195,17228.773428
88.47095,209,17232.182665
88.511167,182,17235.226884
88.581957,198,17238.449515
88.611615,215,17241.76829
88.286412,212,17245.032571
88.386778,172,17247.876592
-3.972308,10,17248.109816
88.3365,195,17251.246865
88.4252,196,17254.238456
88.61981,203,17257.397075
88.887006,117,17286.657939
88.805928,169,17289.427072
88.729837,172,17292.28332
89.31724,115,17294.26308
88.45714,185,17297.384297
-7.36,8,17297.569571
88.648393,171,17300.360844
88.730299,151,17302.892575
88.635829,135,17305.170885
88.749056,136,17307.590777
-7.4,5,17307.754505
88.433128,207,17311.334119
88.884356,131,17313.518171
88.565789,175,17316.489428
89.524087,110,17318.456447
88.617078,147,17347.436256
88.683984,189,17350.525473
88.551186,214,17353.886508
88.725771,133,17356.096973
88.758789,159,17358.774491
88.679659,190,17361.774592
88.770893,117,17363.715411
88.808518,139,17366.052292
88.838646,144,17368.505641
-9.16,1,17368.61256
88.492844,185,17371.697168
-7.36,7,17371.884887
88.74732,188,17375.076384
88.603035,160,17377.797605
88.473436,176,17380.788047
88.787423,142,17411.791019
88.699557,168,17414.610014
-8.48,2,17414.712218
88.675074,153,17417.206402
90.011032,93,17418.775888
88.736756,166,17421.460856
88.718188,191,17424.632051
88.452955,191,17427.648157
-7.96,3,17427.762767
-7.36,7,17427.947584
89.318992,109,17429.776819
88.492885,222,17433.315495
88.438356,222,17437.097688
88.472498,181,17440.362277
88.991351,129,17442.441689
88.541104,178,17473.325403
89.040626,131,17475.498858
88.502277,166,17478.252411
88.565396,203,17481.465728
88.920907,117,17483.368557
88.920709,136,17485.735647
88.690128,193,17488.847062
88.515487,203,17491.974244
88.344556,196,17495.077613
89.074777,123,17497.168611
88.410288,186,17500.06732
88.775999,181,17502.961976
88.895985,165,17533.647622
88.784975,162,17536.59164
88.672017,172,17539.485763
88.717944,153,17542.033285
88.336365,185,17545.029815
88.524435,191,17548.006258
88.700506,170,17550.736395
89.004678,131,17552.848168
89.344431,108,17554.67436
88.774479,184,17557.674558
89.377838,121,17559.811285
88.56708,180,17562.601935
89.61174,105,17564.287801
88.584539,162,17595.375565
88.472978,200,17598.760926
89.096963,147,17601.214379
88.323665,202,17604.450182
-7.36,8,17604.643647
88.904684,135,17606.870094
88.7058,173,17609.64006
89.180165,109,17611.5029
-8.0,2,17611.597944
-8.48,2,17611.695478
88.604711,200,17614.853739
88.688511,123,17616.880359
88.533927,178,17619.80846
88.373906,177,17622.639687
89.181519,141,17624.951718
88.451765,178,17628.059562
-7.36,7,17628.24402
-7.4,5,17628.397513
88.956274,105,17660.47395
-7.4,5,17660.636233
89.173863,127,17662.901066
-7.4,5,17663.05389
88.614789,195,17666.541479
89.328141,94,17668.135633
88.365811,184,17671.048944
88.368667,222,17674.712233
88.660617,175,17677.720728
88.49088,184,17680.928689
-4.766227,6,17681.107419
88.366637,167,17684.142657
88.529268,179,17686.984616
88.721867,168,17689.659377
-5.033736,7,17689.849974
88.545152,149,17692.227862
-7.36,7,17692.412283
89.388239,106,17723.843254
88.729912,137,17726.287784
88.528543,185,17729.362741
89.113249,115,17731.292193
88.936692,142,17733.687161
88.526957,187,17736.751765
88.971469,135,17738.982072
88.50742,205,17742.182712
88.753145,171,17745.159185
88.366311,193,17748.550539
-7.36,6,17748.723074
88.596633,197,17752.064524
88.470417,191,17755.379681
88.498071,199,17787.325967
88.267014,199,17790.670655
88.47308,166,17793.485782
88.584029,207,17796.802283
88.851366,163,17799.492256
88.916837,133,17801.781616
88.417447,187,17804.875017
88.717839,177,17807.853007
88.60702,201,17811.114786
88.510044,205,17814.333212
88.700981,174,17817.289217
88.972312,99,17819.033839
-7.6,4,17819.186153
89.318266,135,17850.770731
88.395971,186,17853.749197
88.663643,184,17856.762233
88.93158,152,17859.309253
88.714864,160,17862.035859
88.571112,205,17865.425667
88.708772,167,17868.335155
88.33209,188,17871.512391
-3.677938,7,17871.692336
89.098748,130,17873.869272
-7.4,5,17874.018322
88.51333,161,17876.591421
88.776726,170,17879.521046
88.327122,211,17883.172583
89.089111,138,17915.000995
89.35305,121,17917.180238
89.086616,147,17919.636585
88.631661,172,17922.372664
88.8401,160,17925.00434
88.501526,206,17928.379174
90.123596,89,17929.797279
-7.96,3,17929.915231
88.483292,186,17933.092985
88.577773,188,17936.182916
88.887834,138,17938.489537
88.772414,125,17940.540039
88.468666,186,17943.732777
88.388843,188,17946.877172
88.688522,194,17979.231265
-9.16,1,17979.321609
88.396954,186,17982.857037
88.64526,172,17986.163133
88.852689,135,17988.562083
-9.0,1,17988.638649
88.335654,214,17991.970365
89.330109,126,17994.383254
88.557179,197,17998.035349
88.596959,197,18001.395175
89.083989,117,18003.332397
88.682634,190,18006.509872
88.56931,198,18009.730902
88.600624,195,18012.751006
88.300858,192,18045.128555
88.52611,203,18048.049606
88.555715,187,18050.945552
88.986387,122,18052.969579
88.822852,118,18054.93195
88.694871,170,18057.699246
88.693777,133,18059.925717
88.388086,183,18062.842798
-7.36,7,18063.026905
89.035868,114,18064.94001
88.731441,180,18067.927863
88.701247,148,18070.488145
89.001818,139,18072.859034
88.885077,123,18074.87127
88.654171,191,18105.56353
88.355811,223,18108.854906
88.688729,133,18111.04506
88.837087,146,18113.338442
88.545476,146,18115.736893
88.801744,160,18118.411441
89.023669,140,18120.664269
88.433307,193,18123.577646
89.449435,118,18125.55123
88.410792,201,18128.664429
89.226622,106,18130.429149
89.067988,126,18132.532912
88.755107,180,18135.413263
89.313719,114,18164.206884
88.94862,143,18166.596863
89.652598,91,18168.162808
88.495148,203,18171.340094
88.908053,153,18173.767093
88.327586,223,18177.249031
88.573786,198,18180.579804
88.484737,178,18183.68924
88.632557,194,18186.858749
88.463418,160,18189.683293
89.401891,104,18191.485774
88.326071,202,18194.710232
88.369307,192,18226.59813
88.622729,180,18229.378713
88.574913,168,18232.010687
89.24801,106,18233.76723
89.929538,95,18235.588439
88.42175,165,18238.485765
88.313495,193,18241.735798
88.640077,162,18244.593274
88.30605,197,18247.573739
88.749418,133,18249.88875
88.638757,194,18252.975009
88.414937,213,18256.145322
88.388619,214,18288.640806
-7.36,10,18288.889011
88.408961,198,18291.894238
88.508942,209,18295.100648
88.99904,131,18297.31289
88.813691,170,18300.068802
88.360431,196,18303.118818
-7.36,11,18303.369893
88.480087,157,18305.961748
88.636939,150,18308.479242
88.730407,185,18311.527963
88.64318,216,18314.823636
-7.11107,4,18314.95796
-4.023743,6,18315.117072
88.845439,160,18317.812066
88.53767,172,18320.679304
89.139679,104,18349.35348
88.295234,206,18352.451093
88.271969,198,18355.55921
88.763423,178,18358.505633
90.049002,91,18359.97264
88.227944,223,18363.5665
88.600121,162,18366.382411
88.697147,142,18368.863975
88.291584,214,18372.13481
89.475218,108,18373.920661
88.453633,221,18377.255862
89.186867,130,18379.355404
-7.36,6,18379.520883
88.413616,164,18410.07081
88.211806,223,18413.198403
88.603603,181,18415.90499
88.708687,165,18418.507775
88.552849,224,18421.728266
88.47382,195,18424.718436
88.864976,177,18427.450933
88.431839,193,18430.323182
89.156381,124,18432.357132
88.285854,216,18435.85108
88.396563,192,18438.841983
88.644487,170,18469.741749
88.576405,185,18472.668747
-7.4,5,18472.817058
89.083178,139,18475.071332
88.375175,175,18477.87989
88.448962,184,18480.660502
88.473265,185,18483.558763
89.196333,125,18485.529143
88.419836,200,18488.517471
89.287818,98,18490.093574
88.236452,212,18493.539353
88.618793,168,18496.233533
88.679183,169,18498.943301
89.000218,158,18529.357607
88.792483,132,18531.466697
88.393163,186,18534.408096
89.58538,91,18535.901688
89.037252,134,18538.124069
88.429587,208,18541.293104
88.407283,167,18544.021606
88.795685,150,18546.504933
88.600148,169,18549.248528
88.292194,196,18552.23071
88.625327,169,18554.975892
88.86322,177,18557.761226
88.617819,194,18560.785976
88.323014,188,18590.460602
-7.36,6,18590.618321
88.670228,209,18593.763085
88.544454,178,18596.471256
88.568296,155,18598.870468
88.456234,208,18602.103855
89.004907,142,18604.33743
88.747258,169,18606.991209
88.341444,182,18609.793178
89.421187,90,18611.28059
88.96116,149,18613.735025
-6.185679,5,18613.88324
89.14321,132,18616.095515
88.296341,200,18619.236123
-7.6,4,18619.370018
88.617605,195,18649.146519
88.582813,211,18652.340384
88.829754,170,18655.061718
88.795193,149,18657.355942
89.300928,109,18659.111349
89.350169,90,18660.515587
88.485861,152,18662.899647
88.374546,190,18665.780939
88.602537,171,18668.38433
-7.4,5,18668.524196
88.789367,166,18671.196146
88.548917,186,18674.11693
88.711292,125,18676.17564
88.659869,142,18678.614255
89.217859,103,18708.72183
88.438226,182,18711.509415
89.120488,123,18713.318937
88.825869,138,18715.49588
89.267417,107,18717.20219
88.799211,124,18719.058764
88.601609,172,18721.596747
88.543812,157,18723.982208
88.423586,197,18726.839048
88.371419,178,18729.509032
88.654341,175,18732.217495
88.470462,202,18735.289521
89.313481,119,18737.248937
88.720738,171,18764.999753
88.592837,202,18767.919866
-3.094147,8,18768.103078
-9.16,1,18768.176744
88.826157,155,18770.576908
89.388875,113,18772.243526
-6.0,4,18772.354161
88.636388,173,18774.92374
88.320313,188,18777.707803
88.587563,159,18780.050233
88.567738,203,18783.087283
88.58439,149,18785.318907
88.681759,191,18788.024227
88.879086,143,18790.156838
89.067302,133,18792.231113
89.021846,134,18794.227837
-7.36,9,18794.446523
89.131569,91,18819.831827
88.340254,184,18822.596697
88.935829,121,18824.639511
88.860828,120,18826.564652
89.254019,121,18828.399875
88.32882,197,18831.073909
88.936547,128,18833.005006
88.89971,133,18835.055904
88.428872,213,18838.036741
88.873109,165,18840.515677
88.457606,160,18842.836509
88.714279,174,18845.44849
88.516165,173,18848.015108
88.632433,155,18876.651075
88.279258,204,18879.706305
88.450159,178,18882.329838
88.382396,199,18885.168886
88.626941,181,18887.852624
88.40037,178,18890.565937
89.065516,112,18892.367776
88.554079,176,18895.112519
89.107409,118,18896.963047
88.409257,171,18899.506467
89.244262,119,18901.392455
88.499251,176,18904.096172
39.553197,125,18906.01944
88.348102,207,18934.91895
88.711919,182,18937.666494
88.419964,199,18940.748086
88.630961,151,18943.087583
89.3012,90,18944.347045
88.59424,174,18947.068675
88.479224,187,18949.860919
-7.4,5,18950.003397
88.453631,190,18952.97586
89.3704,107,18954.689985
88.618238,201,18957.7874
89.454531,90,18959.029675
88.897388,107,18960.664304
88.633096,180,18963.388536
88.371399,176,18992.397928
88.885554,143,18994.57891
88.460967,186,18997.227212
88.840732,148,18999.459258
-8.48,2,18999.554707
88.590583,171,19002.190069
88.725454,155,19004.536248
88.533883,185,19007.212739
88.666818,162,19009.674092
88.458004,186,19012.46057
88.5762,206,19015.484533
89.395426,120,19017.288011
88.563092,171,19019.736127
88.594406,182,19047.549313
88.591501,196,19050.453481
88.908246,135,19052.53166
88.451298,174,19055.226441
88.828323,131,19057.324215
89.021189,144,19059.475983
88.364829,201,19062.387598
88.885308,149,19064.718544
88.387215,183,19067.681623
89.171121,132,19069.799667
89.123393,142,19072.057748
88.588062,213,19075.187313
88.722122,168,19104.666274
88.290084,200,19107.493953
88.984176,160,19109.855073
89.338574,122,19111.698914
88.691568,149,19113.952745
88.903635,154,19116.251357
-5.010914,5,19116.379915
-7.36,7,19116.549652
88.56687,189,19119.489589
88.581338,167,19122.089656
88.536604,211,19125.363618
-9.16,1,19125.445274
88.855842,145,19127.899477
88.925845,115,19129.679948
88.770891,142,19132.001999
89.996502,92,19133.562859
88.598705,187,19162.201022
88.35509,182,19164.949632
89.013444,117,19166.752297
88.76964,144,19168.978862
-9.16,1,19169.04711
88.857473,169,19171.520051
-8.067124,2,19171.609306
88.61426,195,19174.461223
89.032894,152,19176.857534
88.700243,181,19179.707974
-7.4,5,19179.851807
89.047009,143,19182.105724
88.862129,147,19184.33843
88.973543,125,19186.249355
89.069423,143,19188.473211
88.519303,164,19191.030548
88.480573,169,19218.98176
88.964873,138,19221.108091
88.703656,149,19223.36387
88.678875,143,19225.567218
89.482828,113,19227.299629
88.848148,168,19229.784004
88.655813,172,19232.373098
88.380249,201,19235.379751
88.560523,192,19238.314788
89.246322,106,19239.979282
89.109846,141,19242.162699
89.090726,138,19244.278038
88.819669,115,19246.083722
88.83322,168,19248.619452
89.189866,106,19276.089103
-3.290229,7,19276.262676
88.313063,187,19279.346175
88.357857,204,19282.31597
89.122261,117,19284.294461
88.361518,191,19287.191135
88.483303,211,19290.324045
88.749185,193,19293.293857
88.505282,184,19296.259011
88.987298,144,19298.584133
88.618959,166,19301.157266
88.582117,217,19304.378675
88.688131,198,19307.152876
88.291878,201,19337.600451
88.574396,145,19340.021064
88.913277,136,19342.363511
88.757787,189,19345.411389
88.622533,172,19348.206245
-8.075468,2,19348.308321
88.531226,217,19351.660111
-7.36,7,19351.83349
88.323704,214,19355.014684
88.427701,201,19358.157678
88.926542,143,19360.451736
88.305327,203,19363.481771
88.645526,139,19365.694326
88.658526,210,19393.905044
88.645958,180,19396.553733
88.493154,204,19399.557058
88.729209,190,19402.401253
89.120542,120,19404.392055
-9.16,1,19404.480855
88.410908,195,19407.717996
88.873363,137,19409.990134
88.385857,192,19412.825362
89.268306,111,19414.730325
88.440676,168,19417.393716
88.456783,193,19420.274722
88.621393,133,19422.402341
88.575031,195,19452.384345
88.6321,197,19455.333042
88.813211,164,19457.800056
88.457416,185,19460.627135
88.262718,200,19463.698186
88.494784,178,19466.514255
88.291499,219,19469.597278
88.586559,137,19471.646892
88.999639,125,19473.617122
88.790669,180,19476.435724
88.694059,187,19479.35298
88.548925,196,19508.07751
88.464973,172,19510.711519
88.499796,192,19513.64335
88.298312,216,19516.777941
86.258103,174,19519.432937
88.370602,211,19522.736099
88.76258,184,19525.642695
88.350247,182,19528.389206
88.449813,166,19530.757295
88.302231,210,19533.816251
88.371836,182,19536.434664
88.585427,170,19562.688895
88.43132,203,19565.623617
88.684674,165,19568.122549
88.585906,198,19570.976062
89.675514,94,19572.430295
88.360571,180,19575.11386
88.45265,171,19577.764967
88.514362,188,19580.787029
88.632751,173,19583.482922
88.663663,142,19585.755965
88.592891,185,19588.52427
88.879935,118,19590.352647
88.380569,187,19593.134438
88.360593,215,19622.390798
90.123596,89,19623.675253
88.677332,136,19625.798121
88.486377,185,19628.639522
89.148565,129,19630.710878
88.836166,161,19633.244678
88.483624,211,19636.311278
88.770486,168,19638.920387
-9.16,1,19638.99028
28.147437,82,19640.265804
89.074282,142,19642.45597
88.622963,162,19645.03035
88.718352,167,19647.698032
88.711732,156,19650.100242
88.49124,202,19679.334324
89.492731,90,19680.641681
88.565458,216,19683.652669
88.857151,133,19685.688687
88.613496,219,19688.708187
89.169175,129,19690.665085
89.517866,95,19692.129283
-7.36,10,19692.356779
88.836354,150,19694.659777
88.52072,204,19697.683717
88.551147,204,19700.690783
88.46862,165,19703.114709
88.962701,131,19705.130052
89.295538,98,19706.683067
88.374348,201,19736.04635
88.334095,202,19739.232056
89.451005,95,19740.721735
88.573141,165,19743.266736
88.63614,172,19745.871868
89.215345,115,19747.719631
88.468877,168,19750.410914
88.771272,176,19753.129832
88.63235,166,19755.66237
89.429115,110,19757.451083
-8.072181,2,19757.542057
88.534203,183,19760.255438
-9.16,1,19760.326139
88.391048,175,19763.279813
88.687922,173,19766.076737
88.383301,199,19795.969845
88.531705,217,19799.271341
88.602289,218,19802.371395
88.355339,201,19805.339653
88.405727,174,19807.938264
88.496604,219,19811.006757
88.494701,203,19814.081063
89.065067,130,19816.023296
-7.36,7,19816.19212
88.680498,153,19818.56647
88.780285,184,19821.215544
88.67579,167,19851.409712
88.471437,197,19854.382828
88.458085,166,19857.025322
88.830598,158,19859.472055
88.571299,156,19861.947932
88.430683,187,19864.83773
89.18608,114,19866.634317
88.824687,155,19868.953789
88.32209,204,19871.984187
88.457675,194,19875.143264
88.364595,187,19878.324643
88.731144,128,19880.575663
88.542392,152,19883.297454
89.274487,120,19909.558503
88.608003,172,19912.07718
89.277379,92,19913.520164
88.37971,185,19916.508383
88.376857,189,19919.532578
88.469572,199,19922.846879
89.167417,139,19925.243555
88.544321,173,19927.994825
88.54116,165,19930.548348
88.996482,136,19932.631045
88.602321,204,19935.654795
88.609594,149,19937.918686
88.357566,182,19966.37959
88.924076,164,19968.786444
89.153987,129,19970.76097
88.379698,179,19973.565484
88.865367,163,19976.027711
88.742093,147,19978.254376
89.245196,118,19980.081637
88.720198,182,19982.806644
88.677836,165,19985.278074
89.289398,128,19987.166205
88.535076,202,19990.062871
88.687775,195,19992.952999
88.783519,160,19995.297636
88.34658,201,20024.715175
88.375975,208,20027.678969
89.211741,105,20029.29874
88.573078,188,20032.14848
88.713278,184,20034.943089
88.686696,189,20037.8443
88.70444,167,20040.393741
88.843028,130,20042.450875
88.858542,126,20044.400852
88.276281,200,20047.296585
88.244233,216,20050.411983
89.336006,99,20051.974589
88.732309,150,20081.466327
88.574028,190,20084.311034
88.358101,192,20087.228185
88.571788,177,20090.121833
88.804353,113,20091.916269
88.776863,175,20094.489544
88.379725,210,20097.620281
89.210476,135,20099.620166
88.940047,155,20101.995033
88.442748,181,20104.710629
88.506309,178,20107.496437
-9.16,1,20107.573681
88.895995,160,20110.300755
89.012697,125,20112.312782
88.846229,153,20140.904729
88.896763,144,20143.079257
88.914239,142,20145.252384
88.772425,169,20147.775791
88.837287,170,20150.272935
88.633044,181,20152.967819
90.043669,89,20154.307557
89.187584,131,20156.35551
89.091006,121,20158.241091
89.412498,110,20159.953518
89.010314,141,20162.231708
89.034066,148,20164.503658
88.74397,151,20166.712626
88.524473,207,20169.714527
88.610209,165,20199.322237
89.508459,109,20201.030998
88.654679,180,20203.756507
-9.16,1,20203.832817
89.454081,111,20205.728378
88.611539,181,20208.762192
88.634074,152,20211.325999
88.58569,190,20214.392979
89.441055,107,20216.111303
88.896748,127,20218.13652
88.261954,213,20221.339815
88.989199,134,20223.591264
88.848669,128,20225.768696
89.554198,93,20227.230266
88.774017,176,20229.980643
89.282584,116,20258.027163
88.56867,167,20260.812564
88.506976,211,20263.823676
88.898906,116,20265.723528
88.765226,165,20268.293298
88.467308,171,20270.914865
88.343847,199,20273.725329
88.585764,182,20276.615626
88.870382,130,20278.758348
89.132188,109,20280.436207
89.036446,147,20282.700437
88.388843,193,20285.500507
88.254037,213,20315.609801
88.521726,187,20318.532092
88.515075,174,20321.337663
88.482884,160,20324.028262
88.98344,136,20326.170877
88.567514,167,20328.756472
-7.36,8,20328.932192
89.315405,129,20330.874961
88.633539,211,20334.18999
88.794039,139,20336.463861
-7.4,5,20336.604522
88.602957,143,20338.849546
88.434268,218,20342.018009
88.959684,131,20344.055284
88.96933,156,20346.644158
89.29178,95,20375.012842
88.727749,189,20377.822831
88.268036,221,20380.892415
88.403499,170,20383.537669
89.013307,113,20385.339423
88.577089,139,20387.594506
88.33259,189,20390.468305
88.948893,159,20392.986785
88.893705,139,20395.222007
88.689749,134,20397.296895
88.988939,105,20398.876235
88.651434,189,20401.625492
88.506863,175,20404.202973
88.545919,191,20433.16869
88.649331,178,20435.888416
88.830142,142,20438.118238
88.696863,151,20440.486719
88.805501,156,20442.833283
-8.0,2,20442.923044
88.314093,193,20445.733994
88.951957,142,20447.969763
88.526144,175,20450.744513
88.430452,181,20453.527864
88.752855,175,20456.228344
88.851005,125,20458.206371
88.859585,153,20460.669577
88.596046,214,20491.361083
88.583968,188,20494.117058
88.563186,210,20497.179157
88.906794,138,20499.301935
-7.36,6,20499.466784
89.576546,111,20501.230138
88.69364,179,20504.120334
89.183006,91,20505.598291
88.749417,133,20507.723857
89.049549,152,20510.046692
88.46757,162,20512.526415
88.337918,181,20515.184865
89.333569,121,20517.06976
-7.96,3,20517.174118
88.661974,191,20520.037049
88.889315,160,20547.365621
88.498795,197,20550.240372
-7.4,5,20550.387269
88.968225,141,20552.617214
88.640477,206,20555.804854
88.466007,188,20558.671379
88.659669,186,20561.508507
88.531193,173,20564.331005
89.631491,101,20566.106602
88.477247,215,20569.700253
88.422989,165,20572.487068
88.65316,194,20575.608609
88.533535,217,20578.558635
89.196155,123,20606.624924
88.755021,142,20608.800022
88.980954,136,20610.841019
88.817413,147,20613.167753
88.534504,206,20616.094492
89.013711,152,20618.439249
88.369798,173,20621.205545
89.172932,117,20623.079484
88.687323,190,20625.908259
90.123596,89,20627.296531
88.247403,220,20630.459829
88.589545,146,20632.643592
88.623583,183,20635.352275
88.917661,164,20663.790786
89.1457,122,20665.782165
88.321307,189,20668.781211
88.511529,174,20671.38218
88.508014,175,20674.128803
88.44349,221,20677.33331
88.687603,190,20680.139982
88.28649,207,20683.320752
88.478381,176,20686.170176
88.295277,210,20689.239256
88.980526,124,20691.16629
89.032325,146,20720.338473
88.574435,207,20723.308327
88.891506,165,20725.887961
89.015471,129,20727.865037
88.755071,158,20730.173257
88.576058,172,20732.775599
88.712737,195,20735.619718
88.860647,136,20737.729568
88.916175,129,20739.730929
88.266369,208,20742.665809
-7.36,6,20742.819575
88.313513,195,20745.783537
89.808853,91,20747.184242
-7.4,5,20747.321984
89.23236,123,20749.210392
88.848488,121,20776.772414
88.657287,153,20779.117049
88.580212,222,20782.251616
89.147326,122,20784.205038
88.894141,125,20786.288872
85.927772,116,20788.173465
88.460097,182,20791.034008
88.591827,173,20793.673899
88.279167,209,20796.889108
88.860037,142,20799.487247
88.605214,187,20802.671368
86.122882,141,20805.269815
88.924418,143,20807.768055
88.814581,124,20809.749858
88.363067,180,20839.139765
88.595522,144,20841.420003
88.813105,183,20844.041103
88.505234,154,20846.473084
89.010725,157,20849.00429
88.518802,150,20851.432606
88.878666,123,20853.393693
89.600452,112,20855.179981
89.036097,131,20857.514073
88.819891,134,20859.727096
88.620664,177,20862.498481
88.65155,203,20865.656054
88.757368,183,20868.547221
88.404632,205,20898.385203
-7.4,5,20898.535585
88.344836,184,20901.439123
88.851037,170,20904.025923
89.001587,154,20906.35493
88.639804,191,20909.287592
88.459445,209,20912.324531
89.441313,97,20913.838289
88.423114,201,20916.863439
88.50599,180,20919.763139
88.744557,186,20922.828823
88.709519,183,20925.815256
89.04532,119,20951.988837
88.924177,134,20954.097444
88.407324,178,20956.959155
89.4461,120,20958.786784
-7.36,10,20958.984424
88.757558,170,20961.536663
88.69297,192,20964.540874
89.30931,125,20966.549922
89.442264,116,20968.344813
89.498181,95,20969.769539
88.706345,165,20972.186488
88.55889,194,20975.009207
88.517929,187,20977.979546
88.849254,128,20980.173686
88.547179,143,20982.49734
88.672892,147,21012.683478
88.569521,216,21016.0726
-9.16,1,21016.149746
88.71517,170,21018.671667
88.994115,98,21020.240423
88.582637,189,21023.041516
88.538525,195,21026.075464
89.117291,92,21027.603735
88.863332,148,21029.800438
88.365762,184,21032.7463
89.265236,113,21034.641363
89.144345,117,21036.670729
88.629592,212,21039.89123
88.995141,146,21042.038472
88.576704,163,21071.954262
88.639373,157,21074.419889
88.64726,184,21077.271044
88.368952,185,21080.358507
89.294405,132,21082.668961
88.70349,208,21085.751118
88.346813,193,21088.814129
88.603761,176,21091.585014
88.705627,169,21094.257575
88.403535,205,21097.398987
88.380295,191,21100.295504
-9.0,1,21100.370652
88.995413,154,21102.786582
88.656678,161,21132.507507
88.524337,155,21135.058199
88.532025,174,21137.789364
88.460165,178,21140.542916
89.051642,117,21142.392454
88.780629,188,21145.347738
88.75835,151,21147.787313
88.560353,213,21150.99436
88.527874,211,21154.194519
88.607677,169,21156.854579
88.68667,207,21159.799683
88.662315,182,21187.921749
89.015869,148,21190.323394
88.260534,218,21193.528968
88.752535,135,21195.72686
88.665089,195,21198.706942
88.310943,188,21201.548882
88.784627,122,21203.465479
90.123596,89,21204.780411
88.460674,179,21207.584709
88.496852,162,21210.208045
-7.4,5,21210.344174
89.209916,135,21212.532288
88.514993,191,21215.553779
88.418649,164,21218.172546
88.306778,197,21247.237231
88.929173,107,21248.875716
89.521918,103,21250.467689
88.657075,170,21253.078989
88.580177,153,21255.437327
88.8009,154,21257.78615
89.043114,156,21260.167865
89.169439,133,21262.219727
88.728361,171,21264.801978
88.577034,149,21267.191685
89.604913,108,21268.94707
88.612979,135,21271.002535
88.518892,205,21273.993276
-7.36,6,21274.148785
88.411527,220,21304.303895
88.650097,209,21307.343417
89.27501,131,21309.326092
88.993844,145,21311.664532
88.273791,206,21314.810459
88.291953,199,21317.848139
88.729664,133,21319.856382
88.509141,165,21322.464039
88.596201,210,21325.701403
88.500572,165,21328.232013
89.078162,127,21330.146042
88.463509,225,21333.229424
88.904181,143,21362.216899
88.941253,132,21364.175801
89.278755,125,21366.11644
88.587185,194,21369.009205
88.754836,167,21371.540008
89.017912,129,21373.560259
88.709394,145,21375.732931
88.649417,201,21378.653902
89.192346,130,21380.639598
88.422197,197,21383.76382
88.432563,167,21386.285083
88.964804,110,21387.931371
88.625428,201,21390.856799
88.911474,160,21419.488067
89.071425,149,21421.799993
88.581091,184,21424.645
89.170999,126,21426.574423
88.584424,173,21429.193162
-7.36,6,21429.347766
88.475628,164,21431.777587
88.551359,165,21434.289544
89.129077,143,21436.554205
89.209169,96,21438.078463
88.641675,191,21440.940898
88.525135,166,21443.461594
88.602994,177,21446.334223
88.757145,153,21448.711942
88.837888,146,21476.959465
88.64997,197,21479.762301
88.97138,137,21481.831052
89.596306,106,21483.472465
89.093845,127,21485.405681
88.46125,182,21488.121351
88.647366,199,21491.036904
88.540357,147,21493.268366
88.907299,168,21495.731508
88.643201,204,21498.592318
-7.36,6,21498.72945
88.456643,195,21501.520985
88.618155,153,21503.875805
88.539249,194,21532.425778
88.749412,179,21535.125566
-6.238135,5,21535.26028
89.006728,150,21537.620379
89.055302,102,21539.198176
88.600123,191,21541.979272
88.549737,189,21544.821044
-8.48,2,21544.907886
88.546733,190,21547.7691
88.910768,137,21549.972331
88.516189,161,21552.337716
88.496662,167,21554.781128
88.577494,155,21557.168113
88.818052,177,21560.031402
88.316262,204,21563.166202
88.588869,208,21591.006515
88.754025,175,21593.818216
88.967127,153,21596.203584
89.004567,139,21598.381491
88.742485,175,21600.959419
88.91715,157,21603.207712
89.305285,118,21604.971285
89.122852,122,21606.812514
88.618363,198,21609.762806
88.401887,184,21612.508159
89.428198,93,21613.961533
88.502318,154,21616.256608
90.094829,89,21617.580585
88.562141,178,21645.83569
88.525093,190,21648.659615
88.839633,142,21650.884986
88.709334,163,21653.403658
88.469571,187,21656.299334
88.578876,159,21658.665849
88.785167,173,21661.269568
88.672317,153,21663.575935
89.089827,136,21665.674777
89.090746,147,21667.88522
88.283531,196,21670.833493
88.959384,158,21673.242365
-9.16,1,21673.31795
88.422126,175,21675.91607
88.60223,137,21705.158769
88.516592,159,21707.485824
88.326646,209,21710.393655
88.879684,113,21712.227551
88.773976,158,21714.755615
88.313494,209,21717.801663
88.511894,151,21720.166046
89.024252,138,21722.302325
88.705406,177,21724.897062
88.725444,158,21727.232746
88.749836,178,21729.996592
88.307324,195,21732.92613
89.245042,123,21759.164512
89.06923,140,21761.40247
88.988872,115,21763.456879
89.261017,122,21765.412092
88.723338,135,21767.541517
88.696707,128,21769.588547
88.618487,190,21772.516258
88.42009,210,21775.52047
88.649376,163,21778.072151
88.890455,132,21780.098503
88.400485,184,21783.004637
88.416696,205,21786.157664
89.48596,113,21787.878228
89.068313,131,21789.843523
88.689393,123,21817.323697
88.38642,186,21820.282354
88.803177,137,21822.388128
89.057488,148,21824.602103
88.792333,166,21826.935578
88.463819,161,21829.345628
88.793066,164,21831.949486
88.679756,192,21834.870723
89.160423,136,21836.940002
89.067806,123,21838.838604
90.123596,89,21840.122131
88.900541,166,21842.667052
89.164112,132,21844.746842
88.696477,157,21871.890429
-9.16,1,21871.963451
88.517927,157,21874.40124
88.746649,159,21876.889525
-7.36,6,21877.048808
88.31664,196,21880.099807
88.465135,205,21883.038397
88.795882,119,21884.923524
88.884091,138,21887.099265
88.431172,207,21890.310102
89.206193,129,21892.352304
88.695473,147,21894.598035
88.654855,193,21897.47176
88.849769,177,21899.917918
88.609951,206,21902.961344
88.491451,220,21931.50584
-8.087501,2,21931.594148
88.67841,141,21933.728099
88.45758,212,21936.903981
88.39051,182,21939.508925
88.471436,204,21942.372039
88.573669,175,21944.925113
88.93291,144,21947.097873
88.834797,140,21949.231606
89.074875,140,21951.370079
88.553468,175,21953.87546
88.242126,211,21956.915828
88.295866,209,21985.958162
88.530183,163,21988.306507
88.678695,164,21990.765429
88.723295,155,21993.266884
88.358603,205,21996.27734
88.760359,174,21998.982242
88.71071,125,22000.993019
88.60833,219,22004.230443
88.82496,129,22006.175822
88.474159,208,22009.30997
88.449357,179,22012.016518
88.5167,193,22015.155926
89.402727,92,22041.258945
88.894511,168,22043.765421
88.665924,145,22046.067976
88.552143,153,22048.473683
-7.36,7,22048.646725
88.646343,133,22050.624678
88.638558,149,22052.895616
88.360146,178,22055.478929
88.598044,195,22058.376257
88.262981,204,22061.394777
89.302766,129,22063.488195
88.359391,181,22066.32984
89.146271,142,22068.469069
88.447835,181,22071.237896
89.129456,110,22099.183764
89.385565,109,22100.870632
-9.16,1,22100.945071
88.641484,160,22103.42331
88.407023,169,22105.888575
89.609121,102,22107.468534
88.708062,161,22109.850004
-7.4,5,22109.98173
88.580073,164,22112.42372
88.828647,140,22114.695754
88.715002,199,22117.699589
88.486604,212,22120.886011
88.953754,115,22122.656533
89.139934,133,22124.787679
88.823097,180,22127.49037
88.433742,184,22156.709663
88.585904,143,22158.951392
88.46015,193,22161.984318
88.608779,164,22164.472692
-7.96,3,22164.586022
88.349756,191,22167.337238
88.877088,121,22169.19541
89.336667,96,22170.692572
88.324287,188,22173.435135
88.629187,201,22176.414406
88.817355,127,22178.41905
89.384163,108,22180.085933
89.030899,141,22182.247857
88.519599,162,22184.723292
88.786646,126,22186.658929
88.838745,130,22214.271306
88.708033,196,22217.264148
88.974156,110,22219.018565
88.423651,186,22221.78632
16.206203,41,22222.436865
88.536617,147,22224.767804
89.021588,104,22226.366236
88.757126,144,22228.579874
88.737749,162,22231.008239
88.789978,162,22233.395763
88.526158,159,22235.768494
89.017526,135,22237.818226
88.851673,174,22240.334113
88.586691,168,22242.86267
-7.36,8,22243.052907
88.525274,195,22270.970134
88.511836,157,22273.406613
88.571674,213,22276.331445
88.566456,152,22278.689817
89.235742,129,22280.665237
88.429994,211,22283.620058
89.134909,109,22285.28664
88.939643,130,22287.31378
88.687972,178,22289.956237
88.695963,150,22292.216026
89.631173,119,22294.129432
88.595753,184,22297.048849
88.806734,141,22299.184509
89.2112,134,22326.797485
88.726906,155,22329.307203
88.524137,193,22332.107311
-7.6,4,22332.222081
88.962846,111,22333.913052
88.640507,208,22336.859404
88.278097,202,22339.845811
88.564248,175,22342.557193
88.642155,187,22345.445994
88.670477,161,22348.007952
90.123596,89,22349.316101
89.084224,121,22351.21058
88.353589,193,22354.212502
89.000765,141,22382.247146
89.214582,100,22383.835704
88.310124,212,22387.044113
88.861452,157,22389.712522
88.576146,187,22392.726114
88.750479,177,22395.439192
89.358472,104,22397.090467
88.698403,181,22399.799261
88.674141,162,22402.236438
88.651781,141,22404.382698
88.587551,207,22407.500953
-7.4,5,22407.646098
88.575925,189,22410.454786
88.314044,204,22413.268303
89.700965,102,22441.39685
88.554962,166,22443.872275
89.23865,121,22445.707452
88.753205,131,22447.755128
-7.36,6,22447.908068
88.694405,126,22449.878023
89.182556,120,22451.722825
88.880105,122,22453.616888
88.953743,126,22455.628532
88.542837,169,22458.278136
89.354594,94,22459.745902
88.562104,213,22462.876657
88.77748,158,22465.467655
88.623394,193,22468.45944
88.387105,174,22471.099983
89.252653,92,22498.370665
88.273307,196,22501.335499
88.61002,135,22503.41481
88.51063,156,22505.796788
88.561267,204,22508.882905
88.447492,196,22511.727784
88.77627,118,22513.505406
88.448515,177,22516.132687
88.444943,182,22518.933182
88.665162,203,22522.014492
89.143943,123,22523.907284
-7.36,6,22524.06563
88.718225,136,22526.127388
88.528368,177,22554.204879
89.038429,144,22556.418051
88.83275,167,22558.900166
89.034367,120,22560.727638
88.608032,195,22563.752703
88.505675,187,22566.593829
88.37148,182,22569.349292
86.645243,143,22571.617704
88.524765,180,22574.425473
88.63615,157,22576.949873
88.630953,217,22580.128194
88.6909,125,22582.081754
89.817471,101,22583.630373
88.597884,166,22612.479185
88.761557,117,22614.304945
88.652225,160,22616.700843
88.272569,202,22619.657984
88.64698,133,22621.680255
88.895871,124,22623.541
89.356028,116,22625.338233
88.879569,173,22627.836771
88.61705,188,22630.559277
88.53188,156,22632.94378
88.908677,161,22635.337967
89.138863,132,22637.352705
-4.153938,6,22637.505795
88.70806,197,22640.415908
89.117087,114,22642.162483
88.341323,209,22671.836213
88.866894,131,22673.85927
88.418603,210,22676.935823
88.527515,161,22679.36731
88.338345,194,22682.179784
88.59499,154,22684.505158
88.600976,198,22687.445029
88.835742,159,22689.846416
88.748839,147,22692.13093
89.068681,128,22694.132903
88.623073,134,22696.23675
89.090785,142,22698.532407
88.655858,148,22726.532776
88.509602,172,22729.050189
88.644894,138,22731.13397
89.079272,112,22732.78133
88.280502,212,22735.804813
88.635835,211,22738.806635
88.741816,145,22740.854701
88.831045,162,22743.204203
88.429435,205,22746.028804
-9.16,1,22746.106438
88.833788,129,22748.130722
-8.0,2,22748.221638
88.449287,199,22751.22574
88.956167,120,22753.079318
89.022101,148,22755.409352
88.440928,197,22784.363737
88.637275,131,22786.329703
-7.36,6,22786.484559
89.039132,141,22788.569005
88.298268,204,22791.361763
88.803757,142,22793.494331
88.958205,146,22795.689199
88.458707,185,22798.510901
88.421251,204,22801.500561
88.413362,179,22804.124583
89.178342,138,22806.216712
89.33358,124,22808.215716
88.53223,179,22810.906806
89.120419,131,22839.743712
88.60827,198,22842.698694
88.6472,205,22845.60827
88.285251,224,22848.759617
88.839153,154,22851.114026
88.531025,219,22854.160078
88.889879,140,22856.289409
89.407826,113,22858.06952
88.707221,177,22860.681118
88.885037,112,22862.411666
88.519521,202,22865.227641
88.349637,212,22868.187891
88.470629,216,22898.030707
88.465358,185,22900.808652
88.723938,134,22902.850071
88.709589,181,22905.569471
89.120667,125,22907.493844
88.861276,152,22909.718818
88.3955,205,22912.609716
88.29401,200,22915.499195
88.891517,152,22917.778989
89.414126,110,22919.482758
89.235188,134,22921.641044
88.77882,132,22923.761019
88.672079,179,22926.471887
-7.36,8,22926.677064
88.750468,173,22954.620447
88.561961,165,22957.050659
88.740584,153,22959.359714
88.608631,152,22961.737284
88.555105,179,22964.385494
88.419919,194,22967.172692
88.939897,137,22969.318307
88.642146,152,22971.589345
89.058372,152,22973.867919
88.356998,201,22976.668612
88.275849,195,22979.481352
88.562745,183,22982.037857
88.526819,225,23010.198076
88.828236,183,23012.843966
88.68711,151,23015.114601
88.500481,207,23017.977653
89.387938,118,23019.736313
88.713462,132,23021.714848
89.269453,122,23023.594668
88.58781,164,23026.084979
89.09577,142,23028.34304
88.734934,140,23030.574753
88.678612,145,23032.709366
88.502979,171,23035.192708
89.394613,122,23037.033823
88.476144,208,23066.573459
88.540632,211,23069.46129
88.543136,181,23072.131965
88.417844,203,23075.1907
88.995477,149,23077.649274
88.426728,214,23080.846136
88.723798,175,23083.701435
89.45806,109,23085.427149
88.337883,223,23088.620154
88.650044,166,23091.259632
88.405655,170,23093.949706
88.89982,165,23126.013229
88.638188,179,23128.831133
89.136738,141,23131.079882
88.736699,186,23134.055756
88.819673,117,23135.972627
88.492956,163,23138.63388
88.443209,218,23142.045232
88.476091,179,23144.931822
88.572668,191,23147.955397
88.671528,145,23150.307791
88.665744,178,23153.165794
88.666459,161,23155.79912
89.088805,105,23157.583069
88.564319,142,23188.020324
-4.536142,6,23188.20192
36.856221,100,23189.867694
88.720562,161,23192.502273
88.584678,182,23195.460753
88.364821,185,23198.568782
88.544519,185,23201.537049
88.381155,192,23204.489044
88.436834,188,23207.405439
88.481987,203,23210.587984
88.760213,158,23213.166313
88.363492,195,23216.24478
88.406523,173,23247.605147
-7.4,5,23247.758179
89.093087,133,23250.207148
88.65512,194,23253.596525
88.688153,176,23256.70432
88.640777,190,23259.676129
89.148905,139,23261.965199
88.626367,173,23264.89558
88.440716,190,23267.926801
88.879504,154,23270.411467
89.236533,112,23272.369404
88.864301,172,23275.131502
88.422986,201,23278.380264
88.309511,201,23308.699856
88.54917,217,23311.995205
88.424584,182,23314.797688
-7.36,7,23314.980365
88.651443,175,23317.799857
88.804564,157,23320.371616
88.423754,208,23323.3831
88.492707,192,23326.478413
88.65194,165,23329.178981
88.683389,176,23332.107854
88.642424,209,23335.503313
88.726216,163,23338.340276
88.466108,156,23341.047526
88.548708,144,23373.028889
-7.36,8,23373.22017
88.754422,153,23375.639143
88.399308,192,23378.707746
88.571678,190,23381.689718
-7.36,7,23381.860832
88.441463,166,23384.480554
88.934258,146,23386.872302
88.777764,170,23389.695827
88.387688,194,23393.026671
88.449169,210,23396.565461
88.599494,137,23398.897592
88.853663,169,23401.678223
88.56489,168,23404.531268
88.511544,188,23434.237755
88.606587,151,23436.652804
89.22866,137,23438.888965
88.469338,178,23441.692221
89.228242,89,23443.138358
88.60627,152,23445.655889
88.452587,217,23448.873599
88.660812,140,23451.186785
88.693817,188,23454.006559
88.856078,149,23456.472593
88.622306,162,23459.13709
86.315232,134,23461.452345
88.790573,180,23464.627652
89.226739,124,23493.80845
88.963017,108,23495.599358
88.65394,149,23498.014998
88.586777,138,23500.287317
88.404437,201,23503.489349
88.673681,184,23506.467873
88.496263,187,23509.446085
88.506337,158,23512.059215
88.746129,133,23514.352607
88.6,183,23517.39706
88.420583,195,23520.374251
88.452089,186,23523.236769
88.66656,168,23554.232053
-9.16,1,23554.307502
88.959085,135,23556.435079
88.508844,150,23558.850211
88.694879,166,23561.575048
88.489257,157,23564.207615
88.874374,169,23566.923849
88.599839,136,23569.099674
88.592931,167,23571.747581
88.469751,184,23574.829143
88.995035,141,23577.265908
89.023842,112,23579.22449
89.145083,91,23580.797955
88.649943,193,23584.008331
88.523089,222,23613.925205
88.784481,177,23616.706653
88.49402,161,23619.29483
88.28885,201,23622.339357
88.648842,203,23625.538871
88.796104,142,23627.800498
88.654347,187,23630.679533
-8.48,2,23630.777507
89.059105,135,23633.052066
89.627577,99,23634.734544
88.958365,142,23637.058993
89.170322,130,23639.190901
88.59047,171,23641.903318
88.697871,142,23644.214961
88.626114,145,23674.033786
88.580931,157,23676.727655
-3.372436,7,23676.932495
88.459081,197,23680.109343
89.648882,95,23681.755072
-7.4,5,23681.908134
88.362648,191,23685.167026
89.215883,121,23687.295431
88.608539,176,23690.269248
88.327489,198,23693.284603
89.093043,148,23695.727276
88.959684,116,23697.628514
88.835771,142,23699.925199
88.821552,142,23702.204192
88.685684,180,23705.130462
88.893772,124,23707.168169
88.604747,165,23737.853851
89.191587,132,23740.015384
88.509344,191,23743.094834
88.594681,137,23745.379854
88.724579,176,23748.352597
89.179546,95,23750.023412
89.336228,122,23752.169115
88.857601,133,23754.445769
88.942299,127,23756.654665
88.898669,122,23758.827197
-7.36,6,23759.021962
-4.710433,7,23759.21438
88.679246,136,23761.509973
89.127751,137,23763.790984
88.668354,146,23766.212916
88.921941,157,23768.892925
88.752111,118,23797.477565
88.959013,105,23799.300469
88.821297,120,23801.290122
88.660659,182,23804.184477
88.818806,159,23806.721828
88.520513,147,23809.059549
88.632382,157,23811.637725
88.797106,133,23813.808789
88.500876,154,23816.265869
88.431213,194,23819.247549
88.44811,197,23822.228526
88.559987,207,23825.451195
88.803127,172,23828.287499
88.33382,192,23858.324067
88.461009,198,23861.649294
88.700626,176,23864.693262
88.416201,216,23868.060149
88.637635,183,23871.044005
89.343735,120,23873.059162
88.641793,172,23875.896349
88.688088,152,23878.48872
88.449512,191,23881.540279
88.822203,172,23884.182909
88.647618,146,23886.520725
88.429554,209,23889.792994
-7.36,6,23889.952153
88.950957,121,23919.619124
-3.596618,13,23919.939103
88.998997,151,23922.432569
88.850747,135,23924.590598
88.549308,161,23927.098512
89.235023,95,23928.614331
89.403412,102,23930.191236
88.283578,214,23933.362623
-7.36,6,23933.518267
88.919983,150,23935.887251
88.602124,177,23938.69124
88.477708,169,23941.307512
89.120033,93,23942.836992
89.244731,129,23944.927945
89.111979,129,23947.03718
88.584131,186,23950.04647
88.438591,178,23979.532905
88.574626,141,23981.809974
88.62632,158,23984.421023
89.855444,91,23985.889915
88.474544,174,23988.667217
88.585614,190,23991.572862
88.821957,171,23994.234041
88.966279,155,23996.721676
-9.0,1,23996.797598
88.567072,176,23999.553787
89.204012,119,24001.516272
88.473782,161,24004.081582
88.691562,140,24006.325846
89.139047,137,24008.510263
88.610142,141,24036.111017
88.554048,164,24038.670237
88.674702,196,24041.675134
88.561508,194,24044.533184
-7.4,5,24044.67805
-7.6,4,24044.810441
88.394869,175,24047.500459
86.309746,187,24050.358079
88.291419,191,24053.247954
89.071759,102,24054.85902
88.683857,155,24057.397424
88.364946,227,24060.742975
88.674912,144,24063.063946
88.652302,199,24066.19795
88.802553,134,24095.59866
88.834076,132,24097.773066
88.67194,157,24100.33282
88.890047,150,24102.796557
88.441939,198,24105.836819
88.776752,124,24107.836555
88.795027,157,24110.458591
88.5459,159,24113.131506
88.632001,189,24116.018142
88.500326,158,24118.721537
89.179547,105,24120.517267
88.407987,206,24123.74279
88.445809,169,24126.392365
88.589713,201,24157.169585
88.376397,177,24160.022045
-7.96,3,24160.142079
89.04004,134,24162.306463
88.676263,205,24165.56073
88.493785,225,24168.927931
88.634065,158,24171.487625
88.653863,182,24174.386659
88.76038,162,24177.119164
88.456206,188,24180.308019
88.718847,182,24183.204715
88.841316,162,24185.79298
88.995677,157,24215.761836
88.43149,205,24218.961274
88.772983,181,24221.996241
88.410664,203,24225.066254
88.359922,210,24228.318492
88.556045,150,24230.731622
88.66627,139,24233.112367
88.449118,171,24235.77264
88.67033,152,24238.234276
88.570663,175,24241.134906
88.493518,186,24244.104888
88.60573,204,24247.271701
-7.96,3,24247.382627
88.765278,171,24276.902677
88.745209,149,24279.28796
-7.36,7,24279.468556
88.458329,182,24282.346205
89.285178,99,24283.940198
89.813001,93,24285.469911
89.38575,100,24287.130768
88.791921,186,24290.020906
89.882454,90,24291.492266
88.77045,185,24294.454283
86.228755,172,24297.129074
89.097759,148,24299.525232
88.559935,201,24302.5378
88.406222,205,24305.637086
88.732065,137,24334.595027
88.714689,144,24336.95247
88.482151,160,24339.564371
89.079162,140,24341.79137
88.639961,167,24344.459054
88.969733,150,24346.804181
88.711567,132,24348.909848
88.422566,184,24351.799297
88.72101,141,24354.173291
-7.36,7,24354.340857
88.695925,178,24357.182546
88.608403,200,24360.236758
89.669133,92,24361.725963
88.646192,186,24364.593415
88.326785,203,24393.464558
88.859151,167,24396.075744
88.46859,185,24398.989136
89.502871,97,24400.553773
89.149106,115,24402.498217
88.442501,161,24405.056037
88.333976,203,24408.348796
-7.36,7,24408.525759
88.72921,130,24410.699411
88.355905,198,24413.761186
88.355313,182,24416.553201
88.834639,146,24418.886768
88.723198,193,24421.906333
88.394456,183,24451.553062
88.654406,157,24454.152157
89.163573,113,24455.978112
88.455573,187,24458.982988
88.712792,165,24461.563236
89.089063,139,24463.861811
88.864665,131,24465.956264
88.738554,191,24468.836482
88.510056,217,24472.099085
88.711404,163,24474.642082
-7.4,5,24474.787231
88.52361,180,24477.678634
88.870365,144,24480.140059
88.576763,143,24482.533315
88.750925,158,24512.776979
88.282582,203,24515.93196
88.446022,195,24519.226073
88.743019,155,24522.005663
88.878269,156,24524.586843
88.467402,202,24527.716127
89.074114,122,24529.654765
-5.408349,5,24529.79426
88.508715,189,24532.76392
88.420738,179,24535.634626
89.04766,149,24538.0985
88.313054,207,24541.370507
88.867099,176,24544.134753
88.714026,187,24573.779672
88.548369,195,24576.877049
88.527363,206,24580.171341
88.479749,192,24583.26826
88.41096,212,24586.447168
88.777999,136,24588.630867
88.544317,169,24591.225652
88.737139,195,24594.318463
88.37808,186,24597.335928
88.312111,212,24600.635606
88.694162,193,24603.672754
88.626663,157,24633.493051
88.332576,208,24636.550133
88.655251,175,24639.465066
89.332518,111,24641.250832
89.517778,106,24643.040284
88.842301,128,24645.138125
-7.36,6,24645.309078
88.493924,169,24648.200142
89.594511,99,24649.971117
89.072875,130,24652.333015
88.613862,157,24655.057165
88.60429,205,24658.185633
88.422861,202,24661.479416
88.65389,156,24664.11826
89.003097,151,24694.062908
88.58465,211,24697.309063
88.539045,186,24700.268744
89.274114,123,24702.297177
88.607916,160,24704.896817
88.895986,139,24707.119457
89.136503,135,24709.310771
88.998615,107,24711.077442
88.507552,218,24714.303056
88.650118,152,24716.738771
88.809958,161,24719.337523
89.199251,112,24721.193776
88.325481,202,24724.309974
88.669978,158,24753.501288
88.580068,199,24756.554215
88.593815,178,24759.343596
88.448983,208,24762.646865
88.767675,188,24765.731501
88.295589,193,24768.72236
-9.16,1,24768.798095
88.930759,111,24770.657728
88.611601,201,24773.816253
88.271057,206,24777.148595
88.432979,194,24780.141922
89.733628,93,24781.768709
88.612171,141,24784.131603
89.159663,131,24812.930307
89.132888,121,24814.9242
88.52835,166,24817.615426
89.12412,139,24819.909948
88.314863,200,24823.109439
88.422411,181,24826.020513
88.618495,197,24829.116534
88.348193,208,24832.363992
88.575855,214,24835.782193
88.846645,151,24838.297807
88.570554,141,24840.810177
89.23466,126,24842.952262
88.397889,189,24872.962421
88.576162,175,24875.785726
88.390016,183,24878.73074
-7.96,3,24878.843985
88.591004,157,24881.389212
88.530988,220,24884.592979
88.764692,142,24886.849281
88.800184,181,24889.8725
88.857041,166,24892.586913
88.541953,198,24895.714678
88.560082,198,24898.747337
-7.4,5,24898.891818
88.569118,159,24901.407423
-6.368545,4,24901.544345
88.513736,186,24932.212372
88.797584,163,24934.726663
89.70433,102,24936.433295
89.106251,114,24938.341272
88.715478,146,24940.74732
-7.36,7,24940.932033
88.437845,178,24943.675971
88.55668,195,24946.745145
88.920025,114,24948.720486
-7.96,3,24948.849499
88.847603,152,24951.3675
88.578862,210,24954.676923
88.259132,203,24957.689404
88.695234,144,24959.993045
89.257122,113,24961.824627
88.561737,215,24992.198412
88.845241,147,24994.548133
-8.48,2,24994.643431
88.409296,170,24997.28335
88.40059,184,25000.262728
88.592563,198,25003.312973
88.675336,173,25006.11304
88.702971,148,25008.650825
88.810898,142,25010.958309
89.455514,100,25012.572212
88.601679,155,25015.07879
88.736274,155,25017.54239
88.374374,218,25020.906271
88.456805,196,25023.97648
88.294682,193,25053.775417
88.873983,108,25055.515302
88.377399,204,25058.508318
88.770925,130,25060.613153
88.68015,168,25063.202607
88.728317,164,25065.82389
88.624584,162,25068.474633
89.7901,99,25070.109669
88.538878,199,25073.271358
88.717517,133,25075.458813
88.367566,197,25078.379033
88.981654,130,25080.460046
88.698018,142,25082.76243
88.316721,184,25112.990023
-7.36,9,25113.198905
88.630094,163,25115.752871
88.411574,222,25119.22082
88.51222,191,25122.159077
-7.6,4,25122.283135
88.534586,170,25124.983328
88.290232,205,25128.046211
88.512831,186,25130.977504
88.734533,155,25133.478572
88.715927,136,25135.753939
88.395596,173,25138.369029
88.727006,148,25140.756984
88.620961,175,25170.662055
88.407113,182,25173.511459
88.535676,198,25176.58894
88.294165,195,25179.626946
88.71708,188,25182.537534
88.327341,188,25185.606148
88.259581,209,25188.779259
88.389392,211,25192.004824
88.601246,167,25194.670923
88.727853,130,25196.769866
89.219121,104,25198.488879
-7.4,5,25198.639782
89.853915,93,25200.150374
88.864212,132,25202.260722
88.620815,173,25231.502989
88.594653,162,25234.281165
88.764547,178,25237.25255
88.849697,119,25239.279499
88.283029,203,25242.562898
-7.36,6,25242.735598
89.189203,101,25244.514
88.693791,142,25246.894646
88.56995,197,25250.084397
88.938399,139,25252.475867
88.832751,156,25254.978913
-7.36,7,25255.165472
89.434044,90,25256.651897
88.605189,197,25259.770506
88.820121,163,25262.496192
89.119862,119,25291.829187
88.833285,158,25294.338545
88.622724,215,25297.549691
88.728332,159,25300.102428
88.418304,187,25303.026927
89.549186,107,25304.780347
88.64949,141,25307.129774
88.263105,218,25310.772256
88.381367,172,25313.540362
88.338486,185,25316.498754
88.32984,183,25319.641327
88.825855,171,25322.444024
88.790435,155,25351.687956
88.464446,186,25354.677541
89.198234,116,25356.524929
-7.96,3,25356.637769
89.430697,123,25358.640666
88.617298,157,25361.110689
88.594554,178,25363.903574
88.583145,202,25366.829454
89.08145,98,25368.42237
-4.100489,6,25368.571688
88.962982,143,25370.85632
88.643537,174,25373.602024
88.628721,178,25376.309325
88.592037,153,25378.774261
88.405826,182,25381.791872
88.485811,192,25411.816191
88.508698,189,25414.663106
88.360779,197,25417.527326
88.664168,174,25420.317179
88.480266,180,25423.01981
88.313,203,25426.070879
46.905911,134,25428.31003
88.880957,108,25430.250474
88.840664,140,25432.537921
88.826712,121,25434.488107
-7.36,8,25434.693489
88.42197,209,25437.749104
89.547525,106,25439.393905
85.821819,102,25441.07187
88.760439,173,25469.047435
88.785695,157,25471.464576
88.470958,196,25474.477331
-9.066138,1,25474.552312
88.417449,181,25477.363034
88.889768,134,25479.395807
89.43727,110,25481.181279
88.577667,195,25484.243532
88.546078,205,25487.503586
88.323775,194,25490.249253
88.817652,117,25492.009908
88.567308,201,25494.954296
88.576943,186,25497.736635
88.713733,181,25525.642624
88.883741,127,25527.542997
88.402875,193,25530.295135
88.781843,172,25532.73024
88.579992,202,25535.674873
88.626201,165,25538.119206
89.635365,89,25539.451801
88.791247,150,25541.709489
88.745421,158,25544.132012
88.87189,130,25546.148779
88.342698,213,25549.125258
88.411934,186,25551.820806
88.879227,149,25580.286969
88.305718,209,25583.360004
88.365157,173,25585.983022
88.604975,158,25588.38082
88.796432,141,25590.558285
89.268378,133,25592.668714
88.603021,185,25595.411434
88.530909,185,25598.359911
88.288402,195,25601.047026
88.76639,141,25603.13517
88.411698,165,25605.68252
88.624719,208,25608.649286
88.369102,190,25637.798337
88.797217,133,25639.816282
88.415866,225,25643.147865
89.788333,101,25644.800936
88.926752,110,25646.510579
88.438045,216,25649.627073
88.644452,209,25652.593479
88.443189,212,25655.58552
88.791801,129,25657.642637
88.365926,214,25660.879764
88.731267,171,25663.614632
88.716088,127,25665.67976
88.517941,223,25695.662823
88.955024,133,25697.842575
88.572753,184,25700.670145
88.272742,192,25703.552445
88.888127,152,25705.825603
89.409962,107,25707.432266
88.711669,198,25710.362418
88.527639,178,25713.101663
88.520223,192,25715.920627
88.638565,198,25718.824529
88.810352,150,25721.098133
88.525354,188,25723.737563
88.739575,134,25751.895195
88.572818,207,25754.87867
88.891313,146,25757.088116
88.874961,113,25758.812259
88.741667,170,25761.472255
-9.16,1,25761.551348
88.570867,211,25764.785919
88.449249,211,25767.747612
-8.07358,2,25767.8339
88.990573,148,25770.03895
88.7911,179,25772.613899
88.431866,194,25775.339237
89.163793,93,25776.788362
88.927369,133,25778.913854
88.938625,102,25780.490386
-7.96,3,25780.609071
88.728926,174,25811.005854
88.749299,152,25813.252758
88.524969,156,25815.527767
88.414851,172,25818.008888
88.838905,112,25819.69442
88.728544,135,25821.782933
88.724976,176,25824.483032
88.488323,198,25827.4434
88.68945,185,25830.268555
88.780575,121,25832.226126
88.858987,162,25834.767194
88.476081,223,25837.99278
88.304901,194,25865.548165
88.469319,163,25868.068064
89.337585,121,25870.023611
88.815963,176,25872.700572
88.678374,189,25875.606351
88.749347,177,25878.301267
88.469213,167,25880.847858
88.750953,160,25883.392938
88.487256,149,25885.904112
89.1178,121,25887.892545
89.342438,117,25889.716437
88.954024,160,25892.12898
88.811029,163,25894.591963
88.371582,174,25897.242526
89.135881,116,25925.492321
88.379511,194,25928.372427
88.736603,131,25930.555997
88.552117,190,25933.607975
88.57859,169,25936.231055
88.625149,158,25938.730964
88.433575,165,25941.390457
88.502052,203,25944.435039
88.949122,160,25946.853763
88.763131,187,25949.516231
88.696899,178,25952.040012
88.902479,123,25953.935717
88.359431,193,25981.058267
88.743957,187,25983.776229
-7.4,5,25983.911303
88.787467,175,25986.380583
88.377652,197,25989.246208
88.551956,220,25992.315926
88.744217,180,25995.0744
88.482088,211,25998.187235
88.943121,147,26000.351925
-7.36,9,26000.549498
88.454608,155,26002.879941
88.665524,170,26005.308585
88.59414,198,26008.314121
88.616034,187,26036.351441
88.809443,155,26038.648603
88.774259,159,26040.958959
88.471438,194,26043.82914
88.233899,209,26046.685746
88.332448,202,26049.58601
88.940416,148,26051.767435
88.494456,212,26054.689896
88.612789,158,26056.999339
88.336664,198,26059.906973
88.586158,201,26062.960411
89.056125,117,26090.011098
88.745154,151,26092.21545
88.484955,205,26095.146114
-4.195875,6,26095.290707
88.544828,197,26098.113864
89.251632,96,26099.619402
88.55006,175,26102.343066
88.570092,180,26105.104311
88.283466,204,26108.308351
88.745549,158,26110.816059
88.364999,205,26113.911311
89.07335,136,26116.076895
88.351177,195,26118.979061
88.932356,158,26146.69656
89.753668,89,26147.961852
88.293825,228,26151.121562
89.270191,131,26153.035455
-9.106826,1,26153.1105
88.557449,181,26155.746662
88.548917,226,26158.775651
88.706608,183,26161.346138
88.548018,175,26163.946012
89.544116,112,26165.65596
88.342256,179,26168.306324
88.908013,154,26170.719718
88.777448,168,26173.293629
88.64234,180,26176.032488
88.538496,171,26204.848318
88.539352,197,26207.803596
89.569236,98,26209.304549
88.429666,169,26211.841794
88.524057,175,26214.382544
88.609398,202,26217.206681
88.388395,203,26219.989034
88.865126,141,26222.102846
88.655904,199,26224.882319
88.618576,156,26227.17277
88.401836,200,26230.124851
88.648156,201,26259.463217
88.54806,179,26262.032444
88.538926,185,26264.697313
89.186275,117,26266.505847
88.745295,170,26269.041464
88.554297,167,26271.601044
88.513589,205,26274.701636
88.664296,164,26277.303927
88.508851,150,26279.642562
89.174204,133,26281.648482
88.733916,128,26283.600137
88.500414,203,26286.547259
88.235298,225,26316.474251
88.543286,175,26319.166976
88.352887,190,26321.957631
88.545528,158,26324.321203
88.522554,166,26326.851084
-7.96,3,26326.965505
89.1028,116,26328.786711
88.573403,194,26331.595253
88.788436,154,26333.879171
88.693121,135,26335.904292
89.149751,129,26337.821436
88.295548,192,26340.478597
88.417834,169,26342.973069
88.650891,148,26345.114046
88.764519,158,26372.810928
88.639798,184,26375.708444
88.449399,186,26378.388328
89.589586,98,26379.913538
88.38846,201,26382.848204
88.543676,203,26385.745994
88.664697,179,26388.446975
89.10414,121,26390.282792
88.609833,176,26393.023321
-7.4,5,26393.164637
89.022234,149,26395.425512
88.517892,156,26397.832545
88.818272,157,26400.17116
88.907594,140,26402.377314
88.62006,200,26430.109556
88.754368,157,26432.569037
89.184179,138,26434.804943
89.018681,143,26437.139927
89.08217,145,26439.504228
88.709872,160,26442.097218
88.459475,182,26444.856375
88.802829,158,26447.270505
88.863064,127,26449.376415
88.550935,187,26452.312773
88.686875,143,26454.523177
88.645125,158,26456.932541
88.74613,181,26487.0028
88.508178,194,26490.171535
89.025439,114,26492.125495
9.140706,26,26492.622082
88.590786,225,26496.247742
88.843805,135,26498.693771
88.70441,187,26501.919488
88.645306,172,26505.13563
88.674372,187,26508.522712
88.690688,183,26511.605255
88.681729,146,26513.998261
88.644798,184,26516.988946
88.586216,196,26519.993306
88.706008,187,26551.030212
89.224299,118,26553.015817
88.948158,114,26554.86364
88.709621,145,26557.15979
88.708633,189,26560.241106
88.762117,181,26563.129981
88.636136,191,26566.196913
-7.4,5,26566.336217
88.456423,193,26569.505602
88.444887,163,26572.21452
89.001001,128,26574.411859
-7.36,6,26574.575544
89.326684,121,26576.579318
88.382952,212,26579.873285
88.716562,163,26582.509728
88.843477,174,26614.915201
88.638673,216,26618.513982
88.691644,122,26620.724995
89.80961,94,26622.422503
89.513587,91,26623.935212
88.807043,143,26626.483999
88.463753,163,26629.190826
88.84184,118,26631.243501
88.499748,172,26634.055951
88.615795,136,26636.324168
88.906256,141,26638.753269
88.573388,173,26641.614522
-7.36,8,26641.816198
89.153823,117,26643.762219
89.423017,97,26645.458073
88.376577,175,26676.357489
-7.36,6,26676.53196
88.786596,151,26679.152692
88.757666,152,26681.864722
88.477197,216,26685.308599
88.623032,199,26688.71067
88.705259,191,26692.004802
88.347211,190,26695.125706
88.577813,177,26698.15233
88.697177,152,26700.728152
88.524146,209,26703.960774
88.57264,187,26706.955259
88.855844,124,26709.132774
88.611276,160,26740.041668
88.620434,214,26743.332568
88.432778,193,26746.459106
88.367029,198,26749.556699
89.013597,153,26752.031248
88.454338,174,26754.818734
88.539687,194,26757.992258
88.424397,169,26760.802795
88.702191,192,26764.071692
88.67844,150,26766.528774
88.674562,189,26769.489335
88.574995,215,26800.816812
88.746671,120,26802.800327
-5.019093,5,26802.945716
88.312104,215,26806.280708
89.015142,126,26808.401428
88.605103,215,26811.866293
88.531103,164,26814.542444
-7.0,3,26814.65168
88.947127,140,26817.034623
88.462057,169,26819.847761
88.829297,170,26822.661683
88.855614,146,26825.12844
88.417848,188,26828.138365
88.344497,208,26831.511657
88.70895,160,26862.741725
88.441707,190,26865.673074
88.355734,181,26868.634392
89.717063,92,26870.046296
89.121667,132,26872.229486
88.478827,192,26875.482955
88.5293,179,26878.482526
88.440281,187,26881.554311
88.680808,166,26884.268913
88.820504,171,26887.232904
88.770727,154,26889.947928
88.600598,140,26892.305833
88.763126,160,26924.252419
88.749267,131,26926.419506
88.668953,190,26929.644814
88.412708,176,26932.576409
88.584994,169,26935.409003
88.349184,188,26938.537411
88.528163,181,26941.617114
88.352035,186,26944.611611
88.846736,167,26947.390528
89.36434,103,26949.148648
88.480922,194,26952.281999
88.541497,213,26955.658605
88.910384,124,26957.903627
88.76929,115,26987.943813
88.356893,217,26991.221253
89.551524,106,26992.897194
88.96937,161,26995.423432
88.747207,130,26997.560288
88.544893,175,27000.339113
88.676934,165,27002.970942
89.223128,128,27005.097621
88.585668,152,27007.614263
88.61769,209,27010.960756
88.286413,213,27014.455714
-7.96,3,27014.578025
88.418158,175,27017.477401
88.404763,227,27049.20551
88.297924,195,27052.264574
88.484473,168,27054.991173
88.652465,201,27058.138426
88.32043,197,27061.270373
88.738309,183,27064.334659
88.657493,166,27067.053726
88.861284,127,27069.171007
88.42726,224,27072.613415
88.578616,178,27075.484329
-9.034866,1,27075.566385
89.111592,118,27077.582187
88.479559,187,27110.213587
88.424051,188,27113.23411
88.912874,162,27115.790077
88.456269,183,27118.682817
88.549189,167,27121.45389
88.469685,158,27123.977794
88.616922,153,27126.515392
-9.16,1,27126.599849
88.659932,179,27129.51414
88.4338,199,27132.697535
88.586985,220,27136.165149
88.418898,223,27139.530874
88.787535,169,27142.451248
89.022717,151,27171.263301
88.388594,197,27174.255904
-6.273236,4,27174.39167
88.764332,166,27176.938607
88.863851,110,27178.602883
88.599076,157,27180.937259
88.946576,144,27183.122225
88.66614,168,27185.563645
88.684943,195,27188.489435
-7.36,9,27188.688577
88.637623,206,27191.677949
88.708757,158,27194.173614
88.342892,211,27197.444451
88.412702,168,27199.898842
88.376365,221,27227.363176
88.964954,144,27229.560769
88.607415,166,27232.145819
88.963535,117,27234.011675
88.982619,120,27235.790493
88.948626,123,27237.617445
88.725476,174,27240.080956
89.38186,111,27241.705125
88.457108,190,27244.365102
89.192471,124,27246.156708
88.484566,173,27248.776056
88.639944,148,27250.944721
88.32157,185,27253.574177
89.019013,128,27281.349497
88.538785,205,27284.27081
88.409845,197,27287.116575
89.43177,117,27288.874852
88.548838,193,27291.599249
88.654572,152,27293.796108
88.969485,124,27295.686876
88.915832,124,27297.592359
88.346713,225,27300.494466
88.728527,175,27303.057879
88.44975,202,27306.064291
89.006817,154,27308.622126
89.077159,99,27310.214688
88.608773,147,27337.670886
88.572217,204,27340.695358
88.715763,160,27342.993202
88.527978,183,27345.636424
89.145338,141,27347.754081
89.669567,98,27349.168251
88.773989,173,27351.664527
88.400596,173,27354.148897
88.558256,195,27356.977448
88.520375,174,27359.536979
88.666575,143,27361.639648
88.39639,185,27364.390268
88.673414,168,27393.170146
88.288891,195,27395.889016
88.485486,192,27398.572358
89.008488,138,27400.662112
88.359687,221,27403.627916
88.738439,151,27405.949488
88.363197,184,27408.633133
89.188023,93,27410.076574
88.923319,118,27411.965153
88.759321,159,27414.400794
-7.36,9,27414.608823
88.797197,152,27417.013463
88.559025,191,27419.739697
88.408193,190,27422.513192
88.687797,187,27452.311096
89.19261,116,27454.118769
89.431015,93,27455.498683
89.463212,109,27457.225819
88.404377,197,27460.075382
88.47035,153,27462.3826
88.714461,191,27465.115091
88.591631,202,27468.048596
88.379078,218,27471.086198
88.700544,146,27473.239825
88.598191,165,27475.789407
89.386171,109,27477.530902
89.441553,98,27479.076841
88.655788,156,27506.991987
88.926547,136,27509.126902
88.528701,147,27511.408737
-7.6,4,27511.523706
88.853627,181,27514.395674
89.950617,92,27515.787931
88.778228,176,27518.482691
88.961575,154,27520.620156
88.858332,146,27522.765414
88.700729,151,27525.036958
88.585832,168,27527.615845
88.915568,159,27530.14927
88.578261,199,27533.049838
89.318115,123,27534.988529
88.559065,193,27563.407374
88.23918,212,27566.340299
88.265312,204,27569.483933
88.569614,170,27572.095058
88.597976,139,27574.255999
-7.36,7,27574.435436
89.121677,95,27575.931652
88.795861,152,27578.290172
89.191886,110,27580.000389
88.750765,151,27582.421649
88.90206,167,27584.989648
89.143998,103,27586.652155
88.346424,192,27589.478108
89.017177,150,27591.729689
88.607229,137,27618.801508
89.19625,131,27620.883147
88.577773,190,27623.754416
88.377583,195,27626.71846
88.501313,169,27629.07484
88.674703,136,27631.066565
89.254023,118,27632.917063
-7.36,9,27633.100697
88.597434,197,27636.092947
88.709406,132,27638.392749
89.504957,103,27640.056171
88.919886,169,27642.598684
88.847839,177,27645.202725
88.642763,159,27647.518421
88.662595,187,27674.263554
88.932329,121,27676.110515
88.48374,192,27678.884345
88.761728,189,27681.642581
88.549889,202,27684.444783
88.599665,185,27687.289532
89.140674,116,27689.104481
88.43879,186,27691.762335
89.148111,98,27693.223132
88.652864,180,27695.956905
88.495286,162,27698.37317
88.648369,144,27700.502369
88.666468,155,27702.810715
88.542697,170,27731.860908
88.68565,199,27734.760449
88.737351,181,27737.401185
89.231304,117,27739.163688
88.436352,187,27741.927989
88.55136,154,27744.299539
88.844367,174,27746.907131
88.268535,198,27749.755899
88.60876,139,27751.821772
88.731204,148,27753.988394
88.679948,206,27757.061085
88.746338,138,27759.302242
88.992258,104,27761.097355
88.396097,198,27789.631075
88.423115,210,27792.469764
88.301106,205,27795.218442
89.015413,145,27797.484192
88.896372,162,27799.883821
88.634509,163,27802.349205
88.801278,189,27805.176497
88.712704,184,27807.961866
88.705062,156,27810.232996
88.610384,144,27812.369206
-6.0,4,27812.489308
88.85549,121,27814.403998
88.74378,175,27817.086146
88.439748,191,27847.072905
88.655864,198,27849.863625
89.17221,128,27851.92064
-7.6,4,27852.04742
88.580572,149,27854.357846
88.623165,142,27856.585469
90.123596,89,27857.901101
88.734922,141,27860.111309
89.138624,131,27862.109097
88.464203,200,27865.103898
88.642368,185,27867.941543
88.510857,174,27870.483753
88.417952,176,27873.127418
88.681727,198,27900.633336
88.384476,212,27903.484124
88.342932,212,27906.274688
88.355622,192,27908.924898
89.037773,123,27910.700162
88.526151,160,27912.983938
23.448452,65,27914.026611
89.154161,122,27915.832608
88.622155,183,27918.47185
89.139856,125,27920.409198
88.396988,199,27923.244474
88.734979,162,27925.74521
88.778645,163,27928.304613
89.287248,99,27956.135425
-4.073605,6,27956.283034
88.59668,177,27958.908476
88.656042,149,27961.109262
88.424747,178,27963.721823
89.107085,113,27965.396399
88.650905,132,27967.371697
88.927503,144,27969.602584
88.445315,187,27972.483674
88.597599,187,27975.244768
88.629549,210,27978.247269
88.319397,200,27981.180263
88.94556,161,27983.593306
88.593905,185,27986.209035
88.634774,191,28014.571988
88.42895,183,28017.223499
88.55581,205,28019.971659
88.698365,163,28022.359894
88.495139,153,28024.640815
89.348814,108,28026.307727
88.609291,144,28028.569959
88.564328,157,28030.948343
88.798468,158,28033.286426
88.792354,186,28036.004513
88.779087,151,28038.328925
88.365203,181,28040.928125
88.46002,210,28070.32778
88.279895,204,28073.346672
88.762322,168,28075.964569
89.448555,109,28077.671546
88.47004,196,28080.55421
89.445409,92,28081.91987
88.429329,209,28084.869689
89.287593,109,28086.538726
88.294005,206,28089.525615
88.842543,149,28091.722919
88.47343,194,28094.394689
88.536616,158,28096.739945
88.702129,194,28124.317709
88.85639,144,28126.335871
88.93113,154,28128.622036
88.57635,167,28131.081831
88.843462,116,28132.790684
89.425156,104,28134.366131
88.930388,166,28136.910218
88.591087,162,28139.329168
88.260403,207,28142.200453
88.712786,185,28144.941717
88.948269,152,28147.084275
88.732057,148,28149.248415
88.781146,173,28151.775078
88.629874,157,28178.245522
89.560814,101,28179.961123
88.524478,210,28183.026866
89.847213,99,28184.574821
-4.081246,6,28184.716803
89.642815,105,28186.292861
88.643649,139,28188.352233
88.905586,119,28190.119853
88.344358,206,28193.124735
88.780015,128,28195.229067
89.31679,117,28197.06041
88.802154,152,28199.375437
88.798925,137,28201.516848
88.516775,198,28204.411682
88.333494,204,28207.374058
88.833289,183,28236.42557
88.572839,186,28239.242517
88.913488,138,28241.424495
88.702388,180,28244.204546
88.359021,184,28247.020542
89.517297,109,28248.660642
89.071324,140,28250.764355
88.614952,183,28253.370468
88.524758,193,28256.273079
88.770675,145,28258.353187
88.473225,160,28260.61109
88.528022,201,28263.402747
88.489375,180,28291.68148
88.448982,165,28294.205809
88.418394,173,28296.704001
89.335504,108,28298.345308
88.437238,200,28301.067961
89.049822,115,28302.803308
88.689218,171,28305.302419
88.724767,147,28307.493477
88.386435,201,28310.448025
88.641856,186,28313.238338
88.805931,163,28315.706752
88.490405,200,28318.627609
88.792853,140,28320.68975
88.525088,193,28349.314511
88.665891,185,28351.989898
89.048663,131,28353.942807
88.651946,187,28356.496743
88.753211,144,28358.616073
88.325784,215,28361.569895
88.661314,178,28364.168267
88.750128,151,28366.571175
88.638796,198,28369.448275
89.785124,99,28371.024513
88.616351,196,28373.928507
88.656406,132,28376.108814
88.679711,200,28405.009257
88.470756,218,28408.146631
88.331075,216,28411.068522
88.794195,177,28413.562175
88.71582,157,28415.805455
-7.36,6,28415.957004
88.465761,199,28418.63336
88.514483,190,28421.387276
88.726719,160,28423.691166
88.881779,157,28426.001638
89.013655,121,28427.725613
88.421244,192,28430.352846
88.72493,161,28457.881946
88.424385,164,28460.265364
88.887241,161,28462.62419
88.436643,194,28465.423875
88.2474,220,28468.544044
89.028298,104,28470.026889
89.359918,105,28471.561514
89.12932,122,28473.351691
88.814537,139,28475.418482
89.044215,135,28477.527886
89.332854,98,28479.074334
88.389162,219,28482.383564
88.944264,148,28484.543733
-7.4,5,28484.683724
88.805254,136,28486.744616
88.400146,192,28515.73621
88.357118,201,28518.586484
88.681957,148,28520.926012
88.773427,166,28523.411938
88.44905,184,28526.12201
88.334321,183,28528.694705
88.932978,138,28530.707455
88.611434,150,28532.885865
88.611619,176,28535.49203
89.85067,92,28536.904243
88.545615,214,28539.900259
88.416476,174,28542.422546
88.736802,163,28571.456151
88.645144,164,28573.902251
88.809234,161,28576.273686
88.540778,151,28578.529086
88.421564,181,28581.234201
88.676112,187,28583.932003
90.123596,89,28585.167771
89.654955,106,28586.75804
88.566124,181,28589.332547
88.705182,150,28591.457857
88.388642,171,28593.886103
88.949377,131,28595.844465
88.339807,190,28598.733134
88.779643,182,28627.044768
88.395101,176,28629.536955
88.846289,111,28631.38005
88.527595,164,28633.858905
89.02189,142,28636.052199
89.004158,132,28638.101198
88.654617,177,28640.664625
88.3758,183,28643.360758
89.468572,93,28644.752582
88.700482,186,28647.310075
88.828198,138,28649.271595
88.45647,166,28651.628527
89.03602,147,28653.744496
-6.012763,5,28653.879374
88.870831,175,28681.096996
88.657796,128,28683.055803
88.650944,176,28685.640041
89.044193,133,28687.589228
88.56628,185,28690.279394
88.82477,179,28692.987776
88.629278,165,28695.350242
88.404665,177,28697.861513
88.556495,168,28700.211414
88.384802,198,28703.028293
88.660511,175,28705.688766
88.400502,177,28708.184812
59.806297,126,28709.95049
88.469431,186,28736.849491
-7.36,6,28737.003993
88.95894,125,28738.935895
-7.6,4,28739.053004
88.490629,202,28741.896778
88.616665,159,28744.314642
88.615132,163,28746.941574
89.655455,96,28748.556375
88.387056,197,28751.574945
88.683971,178,28754.152784
88.543478,156,28756.507649
88.668455,170,28758.961868
88.840151,144,28761.184381
88.836177,156,28763.514689
89.264989,100,28765.003479
88.722244,186,28792.06372
88.662209,150,28794.191983
88.534585,181,28796.666475
89.472434,114,28798.414631
89.031042,137,28800.391562
88.66777,186,28802.979828
88.726233,170,28805.430512
89.026128,101,28806.864046
88.652376,170,28809.31653
88.687537,137,28811.292735
88.699594,139,28813.372772
88.332094,184,28816.01912
88.473963,154,28818.277215
88.918372,143,28843.807245
88.436407,161,28846.103574
88.718385,194,28848.895032
88.812474,182,28851.527385
88.725219,141,28853.624321
88.75454,148,28855.748173
88.693286,170,28858.215169
88.467616,187,28860.732845
88.530629,168,28863.106636
88.923905,155,28865.35627
88.449577,178,28867.833902
88.816215,173,28870.320804
88.83612,136,28897.159781
88.441733,165,28899.691235
89.196757,122,28901.641416
88.680967,184,28904.305725
88.693143,161,28906.701191
88.646977,183,28909.354209
88.830972,150,28911.561326
89.3295,126,28913.443362
88.47961,191,28916.106296
88.408943,213,28919.128229
88.823993,159,28921.476827
89.452464,106,28923.127703
88.871002,129,28925.123001
88.318531,200,28954.211985
88.849722,136,28956.152228
-7.36,6,28956.300656
88.724596,166,28958.677644
88.563953,212,28961.5377
88.907841,158,28963.840535
88.629011,155,28966.077141
88.593804,204,28969.098711
88.619273,182,28971.689142
88.940297,119,28973.515862
88.796454,145,28975.637564
88.840672,137,28977.686903
88.864763,141,28979.81565
88.427139,171,28982.432126
88.305063,203,29011.51038
89.107381,127,29013.367979
89.22065,128,29015.291068
88.681063,143,29017.397915
89.847216,98,29018.923905
88.481613,155,29021.295578
88.224681,215,29024.249781
88.532486,203,29027.195809
88.904837,168,29029.709554
-9.16,1,29029.78629
89.771217,102,29031.456228
88.61794,141,29033.639116
88.726434,174,29036.402626
88.505615,187,29039.067277
88.438075,202,21.463549
88.585915,202,25.390469
88.657571,147,28.13248
88.829389,144,30.67092
88.352289,190,34.000623
-7.36,7,34.202318
88.798457,117,36.603635
88.709252,183,40.320197
88.685726,170,43.667783
88.880658,121,46.011031
88.628363,213,49.830356
-7.332657,3,49.944601
88.995627,139,52.543789
88.405964,193,56.073277
89.085018,132,92.589992
-7.6,4,92.747236
88.585318,192,96.128745
88.892265,134,98.711415
88.380005,209,102.704086
88.54291,156,105.453067
-7.36,11,105.717615
88.816968,114,107.841008
88.479048,185,111.256145
88.594597,177,114.460138
88.358908,203,117.958838
88.59335,207,121.702884
88.438367,177,125.090763
88.437532,223,162.801307
89.222278,132,165.201291
89.179414,130,167.611306
89.339239,121,169.780793
88.318703,186,172.983021
88.457481,180,176.019875
88.981234,126,178.328049
-5.521563,6,178.513326
88.386172,193,181.861516
89.06227,147,184.609379
88.319933,208,188.213997
88.920394,137,190.819544
88.673062,161,193.657756
88.65774,183,196.852178
88.567012,193,233.432888
88.903325,109,235.363424
89.009096,151,238.335938
-8.48,2,238.437721
88.787251,175,241.600107
88.910524,135,243.991026
88.750026,185,247.276088
88.440005,170,250.389829
88.888862,140,253.225151
90.123596,89,254.821973
88.694648,162,257.912106
88.833311,166,260.75164
89.34421,132,263.258221
88.290901,215,266.761007
88.506908,162,302.865862
88.700676,141,305.430471
88.99525,144,308.083869
88.517152,180,311.36298
88.564775,205,314.745985
88.628541,172,317.817826
88.290372,202,321.311043
88.759448,185,325.037601
88.544403,195,328.500667
88.404685,204,332.349535
88.459969,199,335.895133
