timestep,episode,collision,near_collision,outside_road,reached_exit,max_steps
93,0,0,0,0,1,0
213,1,0,0,0,1,0
254,2,0,0,1,0,0
280,3,0,0,1,0,0
394,4,0,0,0,1,0
521,5,0,0,0,1,0
641,6,0,0,0,1,0
743,7,0,0,0,1,0
863,8,0,0,0,1,0
983,9,0,0,0,1,0
1076,10,0,0,0,1,0
1172,11,0,0,0,1,0
1185,12,0,0,1,0,0
1279,13,0,0,0,1,0
1345,14,0,0,1,0,0
1425,15,0,0,1,0,0
1556,16,0,0,0,1,0
1659,17,0,0,0,1,0
1754,18,0,0,0,1,0
1859,19,0,0,0,1,0
1951,20,0,0,0,1,0
1978,21,0,0,1,0,0
2080,22,0,0,0,1,0
2154,23,0,0,1,0,0
2266,24,0,0,0,1,0
2323,25,0,0,1,0,0
2428,26,0,0,0,1,0
2518,27,0,0,0,1,0
2584,28,0,0,1,0,0
2639,29,0,0,1,0,0
2745,30,0,0,0,1,0
2875,31,0,0,0,1,0
2973,32,0,0,0,1,0
3114,33,0,0,0,1,0
3198,34,0,0,1,0,0
3241,35,0,0,1,0,0
3338,36,0,0,0,1,0
3434,37,0,0,0,1,0
3545,38,0,0,0,1,0
3655,39,0,0,0,1,0
3795,40,0,0,0,1,0
3912,41,0,0,0,1,0
3950,42,0,0,1,0,0
4049,43,0,0,0,1,0
4175,44,0,0,0,1,0
4266,45,0,0,1,0,0
4349,46,0,0,1,0,0
4464,47,0,0,0,1,0
4560,48,0,0,1,0,0
4607,49,0,0,1,0,0
4675,50,0,0,1,0,0
4780,51,0,0,0,1,0
4879,52,0,0,0,1,0
5016,53,0,0,0,1,0
5133,54,0,0,0,1,0
5252,55,0,0,0,1,0
5369,56,0,0,0,1,0
5412,57,0,0,1,0,0
5549,58,0,0,0,1,0
5643,59,0,0,0,1,0
5753,60,0,0,0,1,0
5880,61,0,0,0,1,0
5974,62,0,0,0,1,0
6095,63,0,0,0,1,0
6189,64,0,0,0,1,0
6212,65,0,0,1,0,0
6231,66,0,0,1,0,0
6253,67,0,0,1,0,0
6331,68,0,0,1,0,0
6456,69,0,0,0,1,0
6534,70,0,0,1,0,0
6602,71,0,0,1,0,0
6708,72,0,0,0,1,0
6796,73,0,0,0,1,0
6903,74,0,0,1,0,0
7043,75,0,0,0,1,0
7111,76,0,0,1,0,0
7234,77,0,0,0,1,0
7331,78,0,0,1,0,0
7432,79,0,0,0,1,0
7549,80,0,0,1,0,0
7676,81,0,0,0,1,0
7774,82,0,0,0,1,0
7876,83,0,0,0,1,0
7993,84,0,0,0,1,0
8083,85,0,0,0,1,0
8173,86,0,0,1,0,0
8215,87,0,0,1,0,0
8330,88,0,0,0,1,0
8430,89,0,0,0,1,0
8534,90,0,0,0,1,0
8664,91,0,0,0,1,0
8793,92,0,0,0,1,0
8913,93,0,0,0,1,0
9045,94,0,0,0,1,0
9143,95,0,0,0,1,0
9180,96,0,0,1,0,0
9284,97,0,0,0,1,0
9405,98,0,0,0,1,0
9443,99,0,0,1,0,0
9531,100,0,0,1,0,0
9653,101,0,0,0,1,0
9744,102,0,0,0,1,0
9782,103,0,0,1,0,0
9900,104,0,0,0,1,0
10012,105,0,0,0,1,0
10145,106,0,0,0,1,0
10272,107,0,0,0,1,0
10358,108,0,0,1,0,0
10439,109,0,0,1,0,0
10562,110,0,0,0,1,0
10681,111,0,0,0,1,0
10807,112,0,0,1,0,0
10936,113,0,0,0,1,0
10950,114,0,0,1,0,0
11063,115,0,0,0,1,0
11171,116,0,0,0,1,0
11269,117,0,0,0,1,0
11395,118,0,0,0,1,0
11519,119,0,0,0,1,0
11646,120,0,0,0,1,0
11737,121,0,0,0,1,0
11843,122,0,0,0,1,0
11910,123,0,0,1,0,0
12031,124,0,0,0,1,0
12158,125,0,0,0,1,0
12282,126,0,0,1,0,0
12419,127,0,0,0,1,0
12518,128,0,0,1,0,0
12615,129,0,0,0,1,0
12645,130,0,0,1,0,0
12758,131,0,0,0,1,0
12883,132,0,0,0,1,0
13013,133,0,0,1,0,0
13146,134,0,0,0,1,0
13283,135,0,0,0,1,0
13392,136,0,0,0,1,0
13494,137,0,0,0,1,0
13589,138,0,0,0,1,0
13719,139,0,0,0,1,0
13817,140,0,0,0,1,0
13927,141,0,0,0,1,0
14030,142,0,0,0,1,0
14125,143,0,0,0,1,0
14234,144,0,0,0,1,0
14312,145,0,0,1,0,0
14414,146,0,0,0,1,0
14521,147,0,0,0,1,0
14638,148,0,0,0,1,0
14740,149,0,0,0,1,0
14871,150,0,0,0,1,0
14983,151,0,0,0,1,0
15108,152,0,0,0,1,0
15215,153,0,0,0,1,0
15340,154,0,0,0,1,0
15474,155,0,0,0,1,0
15604,156,0,0,0,1,0
15696,157,0,0,0,1,0
15802,158,0,0,0,1,0
15915,159,0,0,0,1,0
16013,160,0,0,0,1,0
16144,161,0,0,0,1,0
16253,162,0,0,0,1,0
16358,163,0,0,0,1,0
16467,164,0,0,0,1,0
16596,165,0,0,0,1,0
16685,166,0,0,1,0,0
16794,167,0,0,0,1,0
16919,168,0,0,0,1,0
17018,169,0,0,0,1,0
17149,170,0,0,0,1,0
17249,171,0,0,0,1,0
17379,172,0,0,0,1,0
17494,173,0,0,0,1,0
17625,174,0,0,0,1,0
17748,175,0,0,0,1,0
17873,176,0,0,0,1,0
17974,177,0,0,0,1,0
18101,178,0,0,0,1,0
18226,179,0,0,0,1,0
18313,180,0,0,0,1,0
18408,181,0,0,0,1,0
18503,182,0,0,0,1,0
18604,183,0,0,0,1,0
18729,184,0,0,0,1,0
18839,185,0,0,0,1,0
18965,186,0,0,0,1,0
19058,187,0,0,0,1,0
19081,188,0,0,1,0,0
19186,189,0,0,0,1,0
19300,190,0,0,0,1,0
19423,191,0,0,0,1,0
19548,192,0,0,0,1,0
19684,193,0,0,0,1,0
19794,194,0,0,0,1,0
19896,195,0,0,0,1,0
20044,196,0,0,0,1,0
20168,197,0,0,0,1,0
20257,198,0,0,0,1,0
20365,199,0,0,0,1,0
20478,200,0,0,0,1,0
20570,201,0,0,0,1,0
20670,202,0,0,0,1,0
20741,203,0,0,1,0,0
20840,204,0,0,0,1,0
20948,205,0,0,0,1,0
20994,206,0,0,1,0,0
21086,207,0,0,0,1,0
21221,208,0,0,0,1,0
21330,209,0,0,0,1,0
21440,210,0,0,0,1,0
21546,211,0,0,0,1,0
21642,212,0,0,0,1,0
21751,213,0,0,0,1,0
21849,214,0,0,0,1,0
21960,215,0,0,0,1,0
22095,216,0,0,0,1,0
22230,217,0,0,0,1,0
22258,218,0,0,1,0,0
22364,219,0,0,0,1,0
22486,220,0,0,0,1,0
22588,221,0,0,0,1,0
22679,222,0,0,0,1,0
22807,223,0,0,0,1,0
22940,224,0,0,0,1,0
23037,225,0,0,0,1,0
23140,226,0,0,0,1,0
23230,227,0,0,0,1,0
23350,228,0,0,0,1,0
23450,229,0,0,0,1,0
23541,230,0,0,0,1,0
23667,231,0,0,0,1,0
23766,232,0,0,0,1,0
23901,233,0,0,0,1,0
24010,234,0,0,0,1,0
24133,235,0,0,1,0,0
24181,236,0,0,1,0,0
24315,237,0,0,0,1,0
24406,238,0,0,0,1,0
24521,239,0,0,0,1,0
24614,240,0,0,0,1,0
24732,241,0,0,0,1,0
24828,242,0,0,0,1,0
24834,243,0,0,1,0,0
24937,244,0,0,0,1,0
25031,245,0,0,0,1,0
25130,246,0,0,0,1,0
25170,247,0,0,1,0,0
25288,248,0,0,0,1,0
25421,249,0,0,0,1,0
25544,250,0,0,0,1,0
25660,251,0,0,0,1,0
25768,252,0,0,0,1,0
25883,253,0,0,0,1,0
25980,254,0,0,0,1,0
26126,255,0,0,0,1,0
26247,256,0,0,0,1,0
26396,257,0,0,0,1,0
26515,258,0,0,0,1,0
26615,259,0,0,1,0,0
26723,260,0,0,0,1,0
26861,261,0,0,0,1,0
26972,262,0,0,0,1,0
27088,263,0,0,0,1,0
27209,264,0,0,0,1,0
27216,265,0,0,1,0,0
27337,266,0,0,0,1,0
27442,267,0,0,0,1,0
27569,268,0,0,0,1,0
27673,269,0,0,0,1,0
27782,270,0,0,0,1,0
27902,271,0,0,0,1,0
28025,272,0,0,0,1,0
28099,273,0,0,1,0,0
28208,274,0,0,0,1,0
28297,275,0,0,0,1,0
28406,276,0,0,0,1,0
28507,277,0,0,0,1,0
28602,278,0,0,0,1,0
28735,279,0,0,0,1,0
28873,280,0,0,0,1,0
29000,281,0,0,0,1,0
29141,282,0,0,0,1,0
29244,283,0,0,0,1,0
29246,284,1,0,0,0,0
29351,285,0,0,0,1,0
29438,286,0,0,1,0,0
29576,287,0,0,0,1,0
29696,288,0,0,0,1,0
29801,289,0,0,0,1,0
29934,290,0,0,0,1,0
30053,291,0,0,0,1,0
30177,292,0,0,0,1,0
30308,293,0,0,0,1,0
30412,294,0,0,0,1,0
30459,295,0,0,1,0,0
30558,296,0,0,0,1,0
30677,297,0,0,0,1,0
30790,298,0,0,0,1,0
30887,299,0,0,0,1,0
31005,300,0,0,0,1,0
31095,301,0,0,0,1,0
31098,302,1,0,0,0,0
31202,303,0,0,0,1,0
31303,304,0,0,0,1,0
31428,305,0,0,0,1,0
31442,306,0,0,1,0,0
31551,307,0,0,0,1,0
31663,308,0,0,0,1,0
31755,309,0,0,0,1,0
31897,310,0,0,0,1,0
32025,311,0,0,0,1,0
32120,312,0,0,0,1,0
32269,313,0,0,0,1,0
32375,314,0,0,0,1,0
32406,315,0,0,1,0,0
32421,316,0,0,1,0,0
32531,317,0,0,0,1,0
32644,318,0,0,0,1,0
32748,319,0,0,0,1,0
32845,320,0,0,0,1,0
32951,321,0,0,1,0,0
33050,322,0,0,0,1,0
33174,323,0,0,0,1,0
33299,324,0,0,0,1,0
33438,325,0,0,0,1,0
33560,326,0,0,1,0,0
33686,327,0,0,0,1,0
33827,328,0,0,0,1,0
33956,329,0,0,0,1,0
34083,330,0,0,0,1,0
34184,331,0,0,0,1,0
34279,332,0,0,0,1,0
34396,333,0,0,0,1,0
34525,334,0,0,0,1,0
34634,335,0,0,0,1,0
34730,336,0,0,0,1,0
34872,337,0,0,0,1,0
34975,338,0,0,0,1,0
35083,339,0,0,0,1,0
35190,340,0,0,0,1,0
35202,341,0,0,1,0,0
35336,342,0,0,0,1,0
35471,343,0,0,0,1,0
35607,344,0,0,0,1,0
35617,345,0,0,1,0,0
35737,346,0,0,0,1,0
35856,347,0,0,0,1,0
35965,348,0,0,0,1,0
36068,349,0,0,0,1,0
36070,350,0,0,1,0,0
36207,351,0,0,0,1,0
36315,352,0,0,0,1,0
36419,353,0,0,1,0,0
36507,354,0,0,0,1,0
36628,355,0,0,0,1,0
36733,356,0,0,0,1,0
36843,357,0,0,0,1,0
36979,358,0,0,0,1,0
37102,359,0,0,0,1,0
37239,360,0,0,0,1,0
37355,361,0,0,0,1,0
37470,362,0,0,0,1,0
37588,363,0,0,0,1,0
37685,364,0,0,0,1,0
37778,365,0,0,0,1,0
37877,366,0,0,0,1,0
38007,367,0,0,0,1,0
38041,368,0,0,1,0,0
38138,369,0,0,0,1,0
38229,370,0,0,0,1,0
38355,371,0,0,0,1,0
38462,372,0,0,0,1,0
38579,373,0,0,0,1,0
38666,374,0,0,0,1,0
38767,375,0,0,0,1,0
38890,376,0,0,0,1,0
39002,377,0,0,0,1,0
39125,378,0,0,0,1,0
39225,379,0,0,0,1,0
39368,380,0,0,0,1,0
39509,381,0,0,0,1,0
39600,382,0,0,0,1,0
39703,383,0,0,0,1,0
39849,384,0,0,0,1,0
39966,385,0,0,0,1,0
40081,386,0,0,0,1,0
40199,387,0,0,0,1,0
40227,388,0,0,1,0,0
40335,389,0,0,0,1,0
40440,390,0,0,0,1,0
40549,391,0,0,0,1,0
40647,392,0,0,0,1,0
40773,393,0,0,0,1,0
40876,394,0,0,0,1,0
40989,395,0,0,0,1,0
41102,396,0,0,0,1,0
41236,397,0,0,0,1,0
41345,398,0,0,0,1,0
41454,399,0,0,0,1,0
41557,400,0,0,0,1,0
41674,401,0,0,0,1,0
41792,402,0,0,0,1,0
41888,403,0,0,0,1,0
42027,404,0,0,0,1,0
42106,405,0,0,1,0,0
42199,406,0,0,0,1,0
42294,407,0,0,0,1,0
42420,408,0,0,0,1,0
42541,409,0,0,0,1,0
42677,410,0,0,0,1,0
42806,411,0,0,0,1,0
42942,412,0,0,0,1,0
43072,413,0,0,0,1,0
43168,414,0,0,0,1,0
43281,415,0,0,1,0,0
43309,416,0,0,1,0,0
43436,417,0,0,0,1,0
43552,418,0,0,0,1,0
43617,419,0,0,1,0,0
43706,420,0,0,0,1,0
43829,421,0,0,0,1,0
43944,422,0,0,0,1,0
44050,423,0,0,0,1,0
44187,424,0,0,0,1,0
44288,425,0,0,0,1,0
44405,426,0,0,0,1,0
44529,427,0,0,0,1,0
44623,428,0,0,0,1,0
44732,429,0,0,0,1,0
44830,430,0,0,0,1,0
44888,431,0,0,1,0,0
45014,432,0,0,0,1,0
45101,433,0,0,0,1,0
45214,434,0,0,0,1,0
45328,435,0,0,1,0,0
45463,436,0,0,0,1,0
45555,437,0,0,0,1,0
45691,438,0,0,0,1,0
45713,439,0,0,1,0,0
45826,440,0,0,0,1,0
45943,441,0,0,0,1,0
46064,442,0,0,0,1,0
46175,443,0,0,0,1,0
46280,444,0,0,0,1,0
46421,445,0,0,0,1,0
46554,446,0,0,0,1,0
46667,447,0,0,0,1,0
46801,448,0,0,0,1,0
46911,449,0,0,0,1,0
47003,450,0,0,1,0,0
47102,451,0,0,0,1,0
47207,452,0,0,0,1,0
47338,453,0,0,0,1,0
47451,454,0,0,0,1,0
47569,455,0,0,0,1,0
47668,456,0,0,0,1,0
47757,457,0,0,0,1,0
47850,458,0,0,0,1,0
47901,459,0,0,1,0,0
48029,460,0,0,0,1,0
48157,461,0,0,0,1,0
48301,462,0,0,0,1,0
48397,463,0,0,0,1,0
48519,464,0,0,0,1,0
48662,465,0,0,0,1,0
48779,466,0,0,0,1,0
48892,467,0,0,0,1,0
49005,468,0,0,0,1,0
49146,469,0,0,0,1,0
49277,470,0,0,0,1,0
49378,471,0,0,0,1,0
49466,472,0,0,1,0,0
49569,473,0,0,0,1,0
49687,474,0,0,0,1,0
49788,475,0,0,0,1,0
49875,476,0,0,0,1,0
49994,477,0,0,0,1,0
50120,478,0,0,0,1,0
50217,479,0,0,0,1,0
50308,480,0,0,0,1,0
50417,481,0,0,0,1,0
50508,482,0,0,0,1,0
50623,483,0,0,1,0,0
50735,484,0,0,0,1,0
50836,485,0,0,1,0,0
50923,486,0,0,1,0,0
51015,487,0,0,0,1,0
51123,488,0,0,0,1,0
51263,489,0,0,0,1,0
51376,490,0,0,0,1,0
51483,491,0,0,0,1,0
51593,492,0,0,0,1,0
51737,493,0,0,0,1,0
51843,494,0,0,0,1,0
51963,495,0,0,0,1,0
52071,496,0,0,0,1,0
52169,497,0,0,0,1,0
52281,498,0,0,0,1,0
52386,499,0,0,0,1,0
52521,500,0,0,0,1,0
52650,501,0,0,0,1,0
52744,502,0,0,0,1,0
52853,503,0,0,0,1,0
52984,504,0,0,0,1,0
53071,505,0,0,0,1,0
53117,506,0,0,1,0,0
53218,507,0,0,0,1,0
53351,508,0,0,0,1,0
53480,509,0,0,0,1,0
53604,510,0,0,0,1,0
53733,511,0,0,0,1,0
53862,512,0,0,0,1,0
53965,513,0,0,0,1,0
53975,514,0,0,1,0,0
54113,515,0,0,0,1,0
54239,516,0,0,0,1,0
54343,517,0,0,0,1,0
54448,518,0,0,0,1,0
54553,519,0,0,0,1,0
54691,520,0,0,0,1,0
54801,521,0,0,0,1,0
54903,522,0,0,0,1,0
54995,523,0,0,0,1,0
55104,524,0,0,0,1,0
55224,525,0,0,0,1,0
55342,526,0,0,0,1,0
55447,527,0,0,1,0,0
55578,528,0,0,0,1,0
55693,529,0,0,0,1,0
55780,530,0,0,0,1,0
55904,531,0,0,0,1,0
55996,532,0,0,0,1,0
56107,533,0,0,0,1,0
56226,534,0,0,0,1,0
56335,535,0,0,0,1,0
56470,536,0,0,0,1,0
56607,537,0,0,0,1,0
56756,538,0,0,0,1,0
56867,539,0,0,0,1,0
56965,540,0,0,0,1,0
57059,541,0,0,0,1,0
57154,542,0,0,0,1,0
57274,543,0,0,0,1,0
57376,544,0,0,0,1,0
57496,545,0,0,0,1,0
57595,546,0,0,0,1,0
57744,547,0,0,0,1,0
57874,548,0,0,0,1,0
57985,549,0,0,0,1,0
58119,550,0,0,0,1,0
58259,551,0,0,0,1,0
58376,552,0,0,0,1,0
58491,553,0,0,0,1,0
58607,554,0,0,0,1,0
58724,555,0,0,0,1,0
58858,556,0,0,0,1,0
58979,557,0,0,0,1,0
59081,558,0,0,0,1,0
59189,559,0,0,0,1,0
59288,560,0,0,0,1,0
59421,561,0,0,0,1,0
59540,562,0,0,0,1,0
59640,563,0,0,0,1,0
59733,564,0,0,0,1,0
59864,565,0,0,0,1,0
59980,566,0,0,0,1,0
60093,567,0,0,0,1,0
60201,568,0,0,0,1,0
60327,569,0,0,0,1,0
60470,570,0,0,0,1,0
60578,571,0,0,0,1,0
60672,572,0,0,0,1,0
60778,573,0,0,0,1,0
60875,574,0,0,1,0,0
61007,575,0,0,0,1,0
61136,576,0,0,0,1,0
61246,577,0,0,0,1,0
61373,578,0,0,0,1,0
61510,579,0,0,0,1,0
61643,580,0,0,0,1,0
61761,581,0,0,0,1,0
61886,582,0,0,0,1,0
62016,583,0,0,0,1,0
62151,584,0,0,0,1,0
62286,585,0,0,0,1,0
62403,586,0,0,0,1,0
62512,587,0,0,0,1,0
62628,588,0,0,0,1,0
62738,589,0,0,0,1,0
62850,590,0,0,0,1,0
62951,591,0,0,0,1,0
63051,592,0,0,0,1,0
63176,593,0,0,0,1,0
63295,594,0,0,0,1,0
63404,595,0,0,0,1,0
63510,596,0,0,0,1,0
63548,597,0,0,1,0,0
63553,598,1,0,0,0,0
63676,599,0,0,0,1,0
63814,600,0,0,0,1,0
63932,601,0,0,0,1,0
64012,602,0,0,1,0,0
64118,603,0,0,0,1,0
64232,604,0,0,0,1,0
64338,605,0,0,0,1,0
64431,606,0,0,0,1,0
64567,607,0,0,0,1,0
64683,608,0,0,0,1,0
64797,609,0,0,0,1,0
64908,610,0,0,0,1,0
65012,611,0,0,0,1,0
65161,612,0,0,0,1,0
65263,613,0,0,0,1,0
65407,614,0,0,0,1,0
65504,615,0,0,1,0,0
65606,616,0,0,0,1,0
65717,617,0,0,0,1,0
65847,618,0,0,0,1,0
65969,619,0,0,0,1,0
66073,620,0,0,0,1,0
66196,621,0,0,0,1,0
66311,622,0,0,0,1,0
66333,623,0,0,1,0,0
66423,624,0,0,0,1,0
66544,625,0,0,0,1,0
66660,626,0,0,0,1,0
66791,627,0,0,0,1,0
66919,628,0,0,0,1,0
67008,629,0,0,0,1,0
67154,630,0,0,0,1,0
67285,631,0,0,0,1,0
67411,632,0,0,0,1,0
67529,633,0,0,0,1,0
67648,634,0,0,0,1,0
67742,635,0,0,0,1,0
67876,636,0,0,0,1,0
67990,637,0,0,0,1,0
68136,638,0,0,0,1,0
68227,639,0,0,0,1,0
68372,640,0,0,0,1,0
68376,641,1,0,0,0,0
68518,642,0,0,0,1,0
68628,643,0,0,0,1,0
68742,644,0,0,0,1,0
68865,645,0,0,0,1,0
69002,646,0,0,0,1,0
69094,647,0,0,0,1,0
69213,648,0,0,0,1,0
69259,649,0,0,1,0,0
69353,650,0,0,0,1,0
69356,651,1,0,0,0,0
69480,652,0,0,0,1,0
69624,653,0,0,0,1,0
69661,654,0,0,1,0,0
69769,655,0,0,0,1,0
69899,656,0,0,0,1,0
70038,657,0,0,0,1,0
70166,658,0,0,0,1,0
70285,659,0,0,0,1,0
70407,660,0,0,0,1,0
70522,661,0,0,0,1,0
70606,662,0,0,1,0,0
70728,663,0,0,0,1,0
70819,664,0,0,0,1,0
70919,665,0,0,0,1,0
71037,666,0,0,0,1,0
71143,667,0,0,0,1,0
71252,668,0,0,0,1,0
71362,669,0,0,0,1,0
71458,670,0,0,0,1,0
71551,671,0,0,0,1,0
71648,672,0,0,0,1,0
71764,673,0,0,0,1,0
71886,674,0,0,0,1,0
71989,675,0,0,0,1,0
72113,676,0,0,0,1,0
72208,677,0,0,0,1,0
72342,678,0,0,0,1,0
72456,679,0,0,0,1,0
72579,680,0,0,0,1,0
72675,681,0,0,0,1,0
72805,682,0,0,0,1,0
72909,683,0,0,0,1,0
73020,684,0,0,0,1,0
73143,685,0,0,0,1,0
73252,686,0,0,0,1,0
73382,687,0,0,0,1,0
73491,688,0,0,0,1,0
73618,689,0,0,0,1,0
73728,690,0,0,0,1,0
73854,691,0,0,0,1,0
73991,692,0,0,0,1,0
74101,693,0,0,0,1,0
74250,694,0,0,0,1,0
74370,695,0,0,0,1,0
74487,696,0,0,0,1,0
74619,697,0,0,0,1,0
74741,698,0,0,0,1,0
74869,699,0,0,0,1,0
74972,700,0,0,0,1,0
75076,701,0,0,0,1,0
75173,702,0,0,0,1,0
75285,703,0,0,0,1,0
75429,704,0,0,0,1,0
75431,705,0,0,1,0,0
75518,706,0,0,0,1,0
75631,707,0,0,0,1,0
75764,708,0,0,0,1,0
75900,709,0,0,0,1,0
76037,710,0,0,0,1,0
76158,711,0,0,0,1,0
76258,712,0,0,0,1,0
76383,713,0,0,0,1,0
76479,714,0,0,0,1,0
76596,715,0,0,0,1,0
76729,716,0,0,0,1,0
76842,717,0,0,0,1,0
76941,718,0,0,0,1,0
77057,719,0,0,0,1,0
77160,720,0,0,0,1,0
77295,721,0,0,0,1,0
77415,722,0,0,1,0,0
77525,723,0,0,0,1,0
77655,724,0,0,0,1,0
77759,725,0,0,0,1,0
77892,726,0,0,0,1,0
78017,727,0,0,0,1,0
78106,728,0,0,0,1,0
78238,729,0,0,0,1,0
78352,730,0,0,0,1,0
78458,731,0,0,0,1,0
78583,732,0,0,0,1,0
78714,733,0,0,0,1,0
78850,734,0,0,0,1,0
78951,735,0,0,0,1,0
79077,736,0,0,0,1,0
79195,737,0,0,0,1,0
79287,738,0,0,0,1,0
79402,739,0,0,0,1,0
79525,740,0,0,0,1,0
79614,741,0,0,0,1,0
79705,742,0,0,0,1,0
79815,743,0,0,0,1,0
79909,744,0,0,0,1,0
80008,745,0,0,0,1,0
80111,746,0,0,0,1,0
80260,747,0,0,0,1,0
80392,748,0,0,0,1,0
80529,749,0,0,0,1,0
80635,750,0,0,0,1,0
80765,751,0,0,0,1,0
80893,752,0,0,0,1,0
80896,753,1,0,0,0,0
80996,754,0,0,0,1,0
81098,755,0,0,0,1,0
81236,756,0,0,0,1,0
81381,757,0,0,0,1,0
81493,758,0,0,0,1,0
81611,759,0,0,0,1,0
81734,760,0,0,0,1,0
81864,761,0,0,0,1,0
81971,762,0,0,0,1,0
82060,763,0,0,0,1,0
82174,764,0,0,0,1,0
82299,765,0,0,0,1,0
82431,766,0,0,0,1,0
82524,767,0,0,0,1,0
82655,768,0,0,0,1,0
82766,769,0,0,0,1,0
82908,770,0,0,0,1,0
83038,771,0,0,0,1,0
83150,772,0,0,0,1,0
83249,773,0,0,0,1,0
83364,774,0,0,0,1,0
83481,775,0,0,0,1,0
83609,776,0,0,0,1,0
83738,777,0,0,0,1,0
83861,778,0,0,0,1,0
83964,779,0,0,0,1,0
84102,780,0,0,0,1,0
84208,781,0,0,0,1,0
84324,782,0,0,0,1,0
84441,783,0,0,0,1,0
84546,784,0,0,0,1,0
84657,785,0,0,0,1,0
84794,786,0,0,0,1,0
84917,787,0,0,0,1,0
85008,788,0,0,0,1,0
85154,789,0,0,0,1,0
85243,790,0,0,0,1,0
85348,791,0,0,0,1,0
85455,792,0,0,0,1,0
85589,793,0,0,0,1,0
85713,794,0,0,0,1,0
85858,795,0,0,0,1,0
85974,796,0,0,0,1,0
86091,797,0,0,0,1,0
86232,798,0,0,0,1,0
86355,799,0,0,0,1,0
86468,800,0,0,0,1,0
86567,801,0,0,0,1,0
86668,802,0,0,0,1,0
86790,803,0,0,0,1,0
86916,804,0,0,0,1,0
86965,805,0,0,1,0,0
87081,806,0,0,0,1,0
87212,807,0,0,0,1,0
87318,808,0,0,1,0,0
87439,809,0,0,1,0,0
87545,810,0,0,0,1,0
87684,811,0,0,0,1,0
87824,812,0,0,0,1,0
87923,813,0,0,0,1,0
88030,814,0,0,0,1,0
88125,815,0,0,0,1,0
88255,816,0,0,0,1,0
88393,817,0,0,0,1,0
88514,818,0,0,0,1,0
88645,819,0,0,0,1,0
88751,820,0,0,0,1,0
88854,821,0,0,0,1,0
88997,822,0,0,0,1,0
89117,823,0,0,0,1,0
89241,824,0,0,0,1,0
89340,825,0,0,0,1,0
89453,826,0,0,0,1,0
89574,827,0,0,0,1,0
89699,828,0,0,0,1,0
89817,829,0,0,0,1,0
89932,830,0,0,0,1,0
90066,831,0,0,0,1,0
90205,832,0,0,0,1,0
90326,833,0,0,0,1,0
90444,834,0,0,0,1,0
90545,835,0,0,0,1,0
90659,836,0,0,0,1,0
90788,837,0,0,0,1,0
90922,838,0,0,0,1,0
91052,839,0,0,0,1,0
91166,840,0,0,0,1,0
91258,841,0,0,0,1,0
91374,842,0,0,0,1,0
91492,843,0,0,0,1,0
91633,844,0,0,0,1,0
91768,845,0,0,0,1,0
91866,846,0,0,0,1,0
91974,847,0,0,0,1,0
92063,848,0,0,0,1,0
92179,849,0,0,0,1,0
92325,850,0,0,0,1,0
92428,851,0,0,0,1,0
92526,852,0,0,0,1,0
92624,853,0,0,0,1,0
92758,854,0,0,0,1,0
92896,855,0,0,0,1,0
93025,856,0,0,0,1,0
93130,857,0,0,0,1,0
93243,858,0,0,0,1,0
93380,859,0,0,0,1,0
93501,860,0,0,0,1,0
93612,861,0,0,0,1,0
93729,862,0,0,0,1,0
93840,863,0,0,0,1,0
93925,864,0,0,0,1,0
94045,865,0,0,0,1,0
94167,866,0,0,0,1,0
94259,867,0,0,0,1,0
94374,868,0,0,0,1,0
94472,869,0,0,0,1,0
94565,870,0,0,0,1,0
94711,871,0,0,0,1,0
94845,872,0,0,0,1,0
94957,873,0,0,0,1,0
95066,874,0,0,0,1,0
95206,875,0,0,0,1,0
95304,876,0,0,0,1,0
95430,877,0,0,0,1,0
95530,878,0,0,0,1,0
95639,879,0,0,0,1,0
95775,880,0,0,0,1,0
95916,881,0,0,0,1,0
96012,882,0,0,0,1,0
96151,883,0,0,0,1,0
96259,884,0,0,1,0,0
96394,885,0,0,0,1,0
96536,886,0,0,0,1,0
96568,887,0,0,1,0,0
96671,888,0,0,0,1,0
96787,889,0,0,0,1,0
96893,890,0,0,0,1,0
97036,891,0,0,0,1,0
97132,892,0,0,0,1,0
97262,893,0,0,0,1,0
97405,894,0,0,0,1,0
97508,895,0,0,0,1,0
97638,896,0,0,0,1,0
97781,897,0,0,0,1,0
97893,898,0,0,0,1,0
98000,899,0,0,0,1,0
98131,900,0,0,0,1,0
98265,901,0,0,0,1,0
98405,902,0,0,0,1,0
98539,903,0,0,0,1,0
98631,904,0,0,0,1,0
98751,905,0,0,0,1,0
98852,906,0,0,0,1,0
98970,907,0,0,0,1,0
99102,908,0,0,0,1,0
99224,909,0,0,0,1,0
99341,910,0,0,0,1,0
99455,911,0,0,0,1,0
99552,912,0,0,0,1,0
99679,913,0,0,0,1,0
99799,914,0,0,0,1,0
99893,915,0,0,0,1,0
99983,916,0,0,0,1,0
100086,917,0,0,0,1,0
100199,918,0,0,0,1,0
100330,919,0,0,0,1,0
100449,920,0,0,0,1,0
100587,921,0,0,0,1,0
100726,922,0,0,0,1,0
100854,923,0,0,0,1,0
100952,924,0,0,0,1,0
101081,925,0,0,0,1,0
101221,926,0,0,0,1,0
101310,927,0,0,0,1,0
101427,928,0,0,0,1,0
101534,929,0,0,0,1,0
101650,930,0,0,0,1,0
101775,931,0,0,0,1,0
101913,932,0,0,0,1,0
102017,933,0,0,0,1,0
102149,934,0,0,0,1,0
102264,935,0,0,0,1,0
102357,936,0,0,0,1,0
102487,937,0,0,0,1,0
102599,938,0,0,0,1,0
102742,939,0,0,0,1,0
102875,940,0,0,0,1,0
102989,941,0,0,0,1,0
103087,942,0,0,0,1,0
103205,943,0,0,0,1,0
103333,944,0,0,0,1,0
103455,945,0,0,0,1,0
103597,946,0,0,0,1,0
103713,947,0,0,0,1,0
103839,948,0,0,0,1,0
103955,949,0,0,0,1,0
104057,950,0,0,0,1,0
104170,951,0,0,0,1,0
104299,952,0,0,0,1,0
104401,953,0,0,0,1,0
104530,954,0,0,0,1,0
104630,955,0,0,0,1,0
104766,956,0,0,0,1,0
104860,957,0,0,0,1,0
104861,958,1,0,0,0,0
104976,959,0,0,0,1,0
105106,960,0,0,0,1,0
105218,961,0,0,0,1,0
105280,962,0,0,1,0,0
105408,963,0,0,0,1,0
105504,964,0,0,0,1,0
105627,965,0,0,0,1,0
105772,966,0,0,0,1,0
105905,967,0,0,0,1,0
106045,968,0,0,0,1,0
106175,969,0,0,0,1,0
106288,970,0,0,0,1,0
106429,971,0,0,0,1,0
106572,972,0,0,0,1,0
106703,973,0,0,0,1,0
106799,974,0,0,0,1,0
106927,975,0,0,0,1,0
107030,976,0,0,0,1,0
107141,977,0,0,0,1,0
107262,978,0,0,0,1,0
107395,979,0,0,0,1,0
107516,980,0,0,0,1,0
107612,981,0,0,0,1,0
107755,982,0,0,0,1,0
107874,983,0,0,0,1,0
107963,984,0,0,0,1,0
108075,985,0,0,0,1,0
108208,986,0,0,0,1,0
108304,987,0,0,0,1,0
108430,988,0,0,0,1,0
108526,989,0,0,0,1,0
108654,990,0,0,0,1,0
108796,991,0,0,0,1,0
108924,992,0,0,0,1,0
109016,993,0,0,0,1,0
109123,994,0,0,0,1,0
109256,995,0,0,0,1,0
109391,996,0,0,0,1,0
109501,997,0,0,0,1,0
109602,998,0,0,0,1,0
109744,999,0,0,0,1,0
109852,1000,0,0,0,1,0
109948,1001,0,0,0,1,0
110084,1002,0,0,0,1,0
110182,1003,0,0,0,1,0
110281,1004,0,0,0,1,0
110344,1005,0,0,1,0,0
110452,1006,0,0,0,1,0
110457,1007,1,0,0,0,0
110584,1008,0,0,0,1,0
110675,1009,0,0,0,1,0
110793,1010,0,0,0,1,0
110901,1011,0,0,0,1,0
111012,1012,0,0,0,1,0
111145,1013,0,0,0,1,0
111252,1014,0,0,0,1,0
111361,1015,0,0,0,1,0
111454,1016,0,0,1,0,0
111580,1017,0,0,0,1,0
111676,1018,0,0,0,1,0
111749,1019,0,0,1,0,0
111844,1020,0,0,0,1,0
111946,1021,0,0,0,1,0
112076,1022,0,0,0,1,0
112200,1023,0,0,0,1,0
112264,1024,0,0,1,0,0
112411,1025,0,0,0,1,0
112509,1026,0,0,0,1,0
112610,1027,0,0,0,1,0
112745,1028,0,0,0,1,0
112845,1029,0,0,0,1,0
112983,1030,0,0,0,1,0
113113,1031,0,0,0,1,0
113217,1032,0,0,0,1,0
113333,1033,0,0,0,1,0
113447,1034,0,0,0,1,0
113579,1035,0,0,0,1,0
113721,1036,0,0,0,1,0
113819,1037,0,0,0,1,0
113952,1038,0,0,0,1,0
114078,1039,0,0,1,0,0
114204,1040,0,0,0,1,0
114316,1041,0,0,0,1,0
114419,1042,0,0,0,1,0
114527,1043,0,0,0,1,0
114630,1044,0,0,0,1,0
114749,1045,0,0,0,1,0
114886,1046,0,0,0,1,0
115019,1047,0,0,0,1,0
115130,1048,0,0,0,1,0
115221,1049,0,0,0,1,0
115335,1050,0,0,0,1,0
115476,1051,0,0,0,1,0
115612,1052,0,0,0,1,0
115727,1053,0,0,0,1,0
115836,1054,0,0,0,1,0
115953,1055,0,0,0,1,0
116090,1056,0,0,0,1,0
116218,1057,0,0,0,1,0
116367,1058,0,0,0,1,0
116489,1059,0,0,0,1,0
116604,1060,0,0,0,1,0
116683,1061,0,0,1,0,0
116795,1062,0,0,0,1,0
116908,1063,0,0,0,1,0
117020,1064,0,0,0,1,0
117137,1065,0,0,0,1,0
117226,1066,0,0,0,1,0
117344,1067,0,0,0,1,0
117465,1068,0,0,0,1,0
117591,1069,0,0,0,1,0
117681,1070,0,0,0,1,0
117820,1071,0,0,0,1,0
117930,1072,0,0,0,1,0
118032,1073,0,0,0,1,0
118167,1074,0,0,0,1,0
118280,1075,0,0,0,1,0
118411,1076,0,0,0,1,0
118506,1077,0,0,0,1,0
118642,1078,0,0,0,1,0
118757,1079,0,0,0,1,0
118868,1080,0,0,0,1,0
118987,1081,0,0,0,1,0
119114,1082,0,0,0,1,0
119215,1083,0,0,0,1,0
119353,1084,0,0,0,1,0
119486,1085,0,0,0,1,0
119606,1086,0,0,0,1,0
119611,1087,1,0,0,0,0
119723,1088,0,0,0,1,0
119740,1089,0,0,1,0,0
119854,1090,0,0,0,1,0
119954,1091,0,0,0,1,0
120063,1092,0,0,0,1,0
120186,1093,0,0,0,1,0
120292,1094,0,0,0,1,0
120384,1095,0,0,0,1,0
120482,1096,0,0,0,1,0
120613,1097,0,0,0,1,0
120742,1098,0,0,0,1,0
120877,1099,0,0,0,1,0
121020,1100,0,0,0,1,0
121142,1101,0,0,0,1,0
121257,1102,0,0,0,1,0
121372,1103,0,0,0,1,0
121464,1104,0,0,0,1,0
121591,1105,0,0,0,1,0
121691,1106,0,0,0,1,0
121782,1107,0,0,0,1,0
121925,1108,0,0,0,1,0
122029,1109,0,0,0,1,0
122125,1110,0,0,0,1,0
122227,1111,0,0,0,1,0
122363,1112,0,0,0,1,0
122455,1113,0,0,0,1,0
122594,1114,0,0,0,1,0
122684,1115,0,0,0,1,0
122780,1116,0,0,0,1,0
122918,1117,0,0,0,1,0
123010,1118,0,0,0,1,0
123145,1119,0,0,0,1,0
123280,1120,0,0,0,1,0
123408,1121,0,0,0,1,0
123515,1122,0,0,0,1,0
123634,1123,0,0,0,1,0
123764,1124,0,0,0,1,0
123890,1125,0,0,0,1,0
124008,1126,0,0,0,1,0
124135,1127,0,0,0,1,0
124236,1128,0,0,0,1,0
124333,1129,0,0,0,1,0
124468,1130,0,0,0,1,0
124572,1131,0,0,0,1,0
124689,1132,0,0,0,1,0
124805,1133,0,0,0,1,0
124912,1134,0,0,0,1,0
125041,1135,0,0,0,1,0
125140,1136,0,0,0,1,0
125246,1137,0,0,0,1,0
125337,1138,0,0,0,1,0
125443,1139,0,0,0,1,0
125564,1140,0,0,0,1,0
125566,1141,1,0,0,0,0
125689,1142,0,0,0,1,0
125812,1143,0,0,0,1,0
125950,1144,0,0,0,1,0
126097,1145,0,0,0,1,0
126102,1146,1,0,0,0,0
126236,1147,0,0,0,1,0
126358,1148,0,0,0,1,0
126449,1149,0,0,0,1,0
126581,1150,0,0,0,1,0
126696,1151,0,0,0,1,0
126830,1152,0,0,0,1,0
126937,1153,0,0,0,1,0
127053,1154,0,0,0,1,0
127147,1155,0,0,0,1,0
127275,1156,0,0,0,1,0
127389,1157,0,0,0,1,0
127506,1158,0,0,0,1,0
127637,1159,0,0,0,1,0
127724,1160,0,0,0,1,0
127829,1161,0,0,0,1,0
127962,1162,0,0,0,1,0
128005,1163,1,0,0,0,0
128128,1164,0,0,0,1,0
128261,1165,0,0,0,1,0
128373,1166,0,0,0,1,0
128443,1167,0,0,1,0,0
128540,1168,0,0,0,1,0
128656,1169,0,0,0,1,0
128786,1170,0,0,0,1,0
128896,1171,0,0,0,1,0
129024,1172,0,0,0,1,0
129135,1173,0,0,0,1,0
129245,1174,0,0,0,1,0
129351,1175,0,0,0,1,0
129489,1176,0,0,0,1,0
129602,1177,0,0,0,1,0
129712,1178,0,0,0,1,0
129830,1179,0,0,0,1,0
129950,1180,0,0,0,1,0
130062,1181,0,0,0,1,0
130179,1182,0,0,0,1,0
130316,1183,0,0,0,1,0
130445,1184,0,0,0,1,0
130565,1185,0,0,0,1,0
130568,1186,1,0,0,0,0
130669,1187,0,0,0,1,0
130805,1188,0,0,0,1,0
130905,1189,0,0,0,1,0
131034,1190,0,0,0,1,0
131138,1191,0,0,0,1,0
131256,1192,0,0,0,1,0
131383,1193,0,0,0,1,0
131501,1194,0,0,0,1,0
131622,1195,0,0,0,1,0
131742,1196,0,0,0,1,0
131875,1197,0,0,0,1,0
131974,1198,0,0,0,1,0
132106,1199,0,0,0,1,0
132233,1200,0,0,0,1,0
132349,1201,0,0,0,1,0
132459,1202,0,0,0,1,0
132557,1203,0,0,0,1,0
132689,1204,0,0,0,1,0
132818,1205,0,0,0,1,0
132921,1206,0,0,0,1,0
133016,1207,0,0,0,1,0
133017,1208,1,0,0,0,0
133134,1209,0,0,0,1,0
133248,1210,0,0,0,1,0
133375,1211,0,0,0,1,0
133486,1212,0,0,0,1,0
133587,1213,0,0,0,1,0
133712,1214,0,0,0,1,0
133856,1215,0,0,0,1,0
133945,1216,0,0,0,1,0
134065,1217,0,0,0,1,0
134198,1218,0,0,0,1,0
134309,1219,0,0,0,1,0
134417,1220,0,0,0,1,0
134542,1221,0,0,0,1,0
134661,1222,0,0,0,1,0
134761,1223,0,0,0,1,0
134870,1224,0,0,0,1,0
134991,1225,0,0,0,1,0
135127,1226,0,0,0,1,0
135242,1227,0,0,0,1,0
135354,1228,0,0,0,1,0
135427,1229,0,0,1,0,0
135567,1230,0,0,0,1,0
135678,1231,0,0,0,1,0
135778,1232,0,0,0,1,0
135889,1233,0,0,0,1,0
135999,1234,0,0,0,1,0
136131,1235,0,0,0,1,0
136242,1236,0,0,0,1,0
136337,1237,0,0,0,1,0
136470,1238,0,0,0,1,0
136567,1239,0,0,0,1,0
136696,1240,0,0,0,1,0
136803,1241,0,0,0,1,0
136937,1242,0,0,0,1,0
137043,1243,0,0,0,1,0
137134,1244,0,0,0,1,0
137245,1245,0,0,0,1,0
137374,1246,0,0,0,1,0
137490,1247,0,0,0,1,0
137589,1248,0,0,0,1,0
137696,1249,0,0,0,1,0
137796,1250,0,0,1,0,0
137896,1251,0,0,0,1,0
137995,1252,0,0,0,1,0
138110,1253,0,0,0,1,0
138240,1254,0,0,0,1,0
138331,1255,0,0,0,1,0
138470,1256,0,0,0,1,0
138601,1257,0,0,0,1,0
138703,1258,0,0,0,1,0
138805,1259,0,0,0,1,0
138917,1260,0,0,0,1,0
139038,1261,0,0,0,1,0
139164,1262,0,0,0,1,0
139285,1263,0,0,0,1,0
139389,1264,0,0,0,1,0
139507,1265,0,0,0,1,0
139613,1266,0,0,0,1,0
139739,1267,0,0,0,1,0
139845,1268,0,0,0,1,0
139934,1269,0,0,0,1,0
140024,1270,0,0,0,1,0
140141,1271,0,0,0,1,0
140279,1272,0,0,0,1,0
140403,1273,0,0,0,1,0
140522,1274,0,0,0,1,0
140647,1275,0,0,0,1,0
140762,1276,0,0,0,1,0
140869,1277,0,0,0,1,0
141005,1278,0,0,0,1,0
141132,1279,0,0,0,1,0
141251,1280,0,0,0,1,0
141387,1281,0,0,0,1,0
141504,1282,0,0,0,1,0
141624,1283,0,0,0,1,0
141746,1284,0,0,0,1,0
141877,1285,0,0,0,1,0
142010,1286,0,0,0,1,0
142146,1287,0,0,0,1,0
142280,1288,0,0,0,1,0
142409,1289,0,0,0,1,0
142516,1290,0,0,0,1,0
142659,1291,0,0,0,1,0
142750,1292,0,0,0,1,0
142854,1293,0,0,0,1,0
142953,1294,0,0,0,1,0
143082,1295,0,0,0,1,0
143211,1296,0,0,0,1,0
143329,1297,0,0,0,1,0
143442,1298,0,0,0,1,0
143575,1299,0,0,0,1,0
143699,1300,0,0,0,1,0
143820,1301,0,0,0,1,0
143928,1302,0,0,0,1,0
144031,1303,0,0,0,1,0
144158,1304,0,0,0,1,0
144226,1305,0,0,1,0,0
144235,1306,0,0,1,0,0
144345,1307,0,0,0,1,0
144439,1308,0,0,0,1,0
144551,1309,0,0,0,1,0
144640,1310,0,0,0,1,0
144777,1311,0,0,0,1,0
144914,1312,0,0,0,1,0
145010,1313,0,0,0,1,0
145126,1314,0,0,0,1,0
145223,1315,0,0,0,1,0
145229,1316,1,0,0,0,0
145345,1317,0,0,0,1,0
145437,1318,0,0,0,1,0
145530,1319,0,0,0,1,0
145647,1320,0,0,0,1,0
145653,1321,0,0,1,0,0
145782,1322,0,0,0,1,0
145899,1323,0,0,0,1,0
145998,1324,0,0,0,1,0
146112,1325,0,0,0,1,0
146207,1326,0,0,0,1,0
146338,1327,0,0,0,1,0
146443,1328,0,0,0,1,0
146570,1329,0,0,0,1,0
146675,1330,0,0,0,1,0
146774,1331,0,0,0,1,0
146885,1332,0,0,0,1,0
146983,1333,0,0,0,1,0
147122,1334,0,0,0,1,0
147226,1335,0,0,0,1,0
147257,1336,0,0,1,0,0
147349,1337,0,0,0,1,0
147443,1338,0,0,0,1,0
147556,1339,0,0,0,1,0
147600,1340,0,0,1,0,0
147693,1341,0,0,0,1,0
147807,1342,0,0,0,1,0
147896,1343,0,0,0,1,0
147991,1344,0,0,0,1,0
148118,1345,0,0,0,1,0
148213,1346,0,0,0,1,0
148306,1347,0,0,0,1,0
148409,1348,0,0,0,1,0
148530,1349,0,0,0,1,0
148628,1350,0,0,0,1,0
148760,1351,0,0,0,1,0
148880,1352,0,0,0,1,0
148986,1353,0,0,0,1,0
149135,1354,0,0,0,1,0
149245,1355,0,0,0,1,0
149379,1356,0,0,0,1,0
149481,1357,0,0,0,1,0
149596,1358,0,0,0,1,0
149728,1359,0,0,0,1,0
149874,1360,0,0,0,1,0
149974,1361,0,0,0,1,0
150117,1362,0,0,0,1,0
150229,1363,0,0,1,0,0
150345,1364,0,0,0,1,0
150470,1365,0,0,0,1,0
150569,1366,0,0,0,1,0
150684,1367,0,0,0,1,0
150727,1368,0,0,1,0,0
150837,1369,0,0,0,1,0
150971,1370,0,0,0,1,0
151093,1371,0,0,0,1,0
151222,1372,0,0,0,1,0
151316,1373,0,0,0,1,0
151427,1374,0,0,0,1,0
151539,1375,0,0,0,1,0
151681,1376,0,0,0,1,0
151817,1377,0,0,0,1,0
151935,1378,0,0,0,1,0
152009,1379,0,0,1,0,0
152137,1380,0,0,0,1,0
152257,1381,0,0,0,1,0
152359,1382,0,0,0,1,0
152460,1383,0,0,0,1,0
152560,1384,0,0,0,1,0
152676,1385,0,0,0,1,0
152805,1386,0,0,0,1,0
152897,1387,0,0,0,1,0
153012,1388,0,0,0,1,0
153105,1389,0,0,0,1,0
153243,1390,0,0,0,1,0
153371,1391,0,0,0,1,0
153476,1392,0,0,0,1,0
153588,1393,0,0,0,1,0
153709,1394,0,0,0,1,0
153740,1395,0,0,1,0,0
153840,1396,0,0,0,1,0
153931,1397,0,0,0,1,0
154040,1398,0,0,0,1,0
154161,1399,0,0,0,1,0
154274,1400,0,0,0,1,0
154389,1401,0,0,0,1,0
154500,1402,0,0,0,1,0
154614,1403,0,0,0,1,0
154723,1404,0,0,0,1,0
154846,1405,0,0,0,1,0
154969,1406,0,0,0,1,0
155062,1407,0,0,0,1,0
155205,1408,0,0,0,1,0
155307,1409,0,0,0,1,0
155444,1410,0,0,0,1,0
155556,1411,0,0,0,1,0
155664,1412,0,0,0,1,0
155798,1413,0,0,0,1,0
155897,1414,0,0,0,1,0
156028,1415,0,0,0,1,0
156125,1416,0,0,0,1,0
156241,1417,0,0,0,1,0
156334,1418,0,0,0,1,0
156440,1419,0,0,0,1,0
156560,1420,0,0,0,1,0
156659,1421,0,0,0,1,0
156777,1422,0,0,0,1,0
156874,1423,0,0,1,0,0
156976,1424,0,0,0,1,0
157092,1425,0,0,0,1,0
157178,1426,0,0,0,1,0
157278,1427,0,0,0,1,0
157324,1428,0,0,1,0,0
157458,1429,0,0,0,1,0
157565,1430,0,0,0,1,0
157683,1431,0,0,0,1,0
157810,1432,0,0,0,1,0
157910,1433,0,0,0,1,0
158046,1434,0,0,0,1,0
158159,1435,0,0,0,1,0
158282,1436,0,0,0,1,0
158401,1437,0,0,0,1,0
158493,1438,0,0,0,1,0
158625,1439,0,0,0,1,0
158754,1440,0,0,0,1,0
158851,1441,0,0,0,1,0
158992,1442,0,0,0,1,0
159098,1443,0,0,0,1,0
159220,1444,0,0,0,1,0
159322,1445,0,0,0,1,0
159426,1446,0,0,0,1,0
159514,1447,0,0,0,1,0
159646,1448,0,0,0,1,0
159774,1449,0,0,0,1,0
159874,1450,0,0,0,1,0
159977,1451,0,0,0,1,0
160087,1452,0,0,0,1,0
160220,1453,0,0,0,1,0
160331,1454,0,0,0,1,0
160435,1455,0,0,0,1,0
160551,1456,0,0,0,1,0
160671,1457,0,0,0,1,0
160784,1458,0,0,0,1,0
160904,1459,0,0,0,1,0
161016,1460,0,0,0,1,0
161122,1461,0,0,0,1,0
161226,1462,0,0,0,1,0
161321,1463,0,0,0,1,0
161455,1464,0,0,0,1,0
161573,1465,0,0,0,1,0
161697,1466,0,0,0,1,0
161815,1467,0,0,0,1,0
161921,1468,0,0,0,1,0
162046,1469,0,0,0,1,0
162184,1470,0,0,0,1,0
162321,1471,0,0,0,1,0
162446,1472,0,0,0,1,0
162559,1473,0,0,0,1,0
162661,1474,0,0,0,1,0
162758,1475,0,0,0,1,0
162882,1476,0,0,0,1,0
162886,1477,1,0,0,0,0
162963,1478,0,0,1,0,0
163085,1479,0,0,0,1,0
163196,1480,0,0,0,1,0
163290,1481,0,0,0,1,0
163404,1482,0,0,0,1,0
163505,1483,0,0,0,1,0
163649,1484,0,0,0,1,0
163741,1485,0,0,0,1,0
163867,1486,0,0,0,1,0
163958,1487,0,0,0,1,0
164075,1488,0,0,0,1,0
164167,1489,0,0,0,1,0
164263,1490,0,0,0,1,0
164404,1491,0,0,0,1,0
164515,1492,0,0,0,1,0
164635,1493,0,0,0,1,0
164754,1494,0,0,0,1,0
164881,1495,0,0,0,1,0
164999,1496,0,0,0,1,0
165138,1497,0,0,0,1,0
165253,1498,0,0,0,1,0
165360,1499,0,0,0,1,0
165450,1500,0,0,0,1,0
165566,1501,0,0,0,1,0
165682,1502,0,0,0,1,0
165779,1503,0,0,0,1,0
165907,1504,0,0,0,1,0
166012,1505,0,0,0,1,0
166106,1506,0,0,0,1,0
166249,1507,0,0,0,1,0
166351,1508,0,0,0,1,0
166474,1509,0,0,0,1,0
166594,1510,0,0,0,1,0
166692,1511,0,0,1,0,0
166796,1512,0,0,0,1,0
166916,1513,0,0,0,1,0
167033,1514,0,0,0,1,0
167148,1515,0,0,0,1,0
167283,1516,0,0,0,1,0
167383,1517,0,0,0,1,0
167504,1518,0,0,0,1,0
167606,1519,0,0,0,1,0
167739,1520,0,0,0,1,0
167883,1521,0,0,0,1,0
167996,1522,0,0,0,1,0
168115,1523,0,0,0,1,0
168243,1524,0,0,0,1,0
168373,1525,0,0,0,1,0
168457,1526,0,0,0,1,0
168584,1527,0,0,0,1,0
168721,1528,0,0,0,1,0
168850,1529,0,0,0,1,0
168945,1530,0,0,0,1,0
169045,1531,0,0,0,1,0
169146,1532,0,0,0,1,0
169241,1533,0,0,0,1,0
169365,1534,0,0,0,1,0
169470,1535,0,0,0,1,0
169608,1536,0,0,0,1,0
169728,1537,0,0,0,1,0
169732,1538,1,0,0,0,0
169838,1539,0,0,0,1,0
169978,1540,0,0,0,1,0
170060,1541,0,0,1,0,0
170164,1542,0,0,0,1,0
170270,1543,0,0,0,1,0
170380,1544,0,0,0,1,0
170474,1545,0,0,0,1,0
170575,1546,0,0,0,1,0
170673,1547,0,0,0,1,0
170784,1548,0,0,0,1,0
170886,1549,0,0,0,1,0
170988,1550,0,0,0,1,0
171126,1551,0,0,0,1,0
171226,1552,0,0,0,1,0
171344,1553,0,0,0,1,0
171467,1554,0,0,0,1,0
171565,1555,0,0,0,1,0
171704,1556,0,0,0,1,0
171706,1557,0,0,1,0,0
171796,1558,0,0,0,1,0
171898,1559,0,0,0,1,0
172013,1560,0,0,0,1,0
172116,1561,0,0,0,1,0
172224,1562,0,0,0,1,0
172227,1563,1,0,0,0,0
172294,1564,0,0,1,0,0
172408,1565,0,0,0,1,0
172534,1566,0,0,0,1,0
172647,1567,0,0,0,1,0
172780,1568,0,0,0,1,0
172882,1569,0,0,0,1,0
173011,1570,0,0,0,1,0
173105,1571,0,0,0,1,0
173237,1572,0,0,0,1,0
173357,1573,0,0,1,0,0
173467,1574,0,0,0,1,0
173595,1575,0,0,0,1,0
173724,1576,0,0,0,1,0
173848,1577,0,0,0,1,0
173959,1578,0,0,0,1,0
174066,1579,0,0,0,1,0
174164,1580,0,0,0,1,0
174259,1581,0,0,0,1,0
174359,1582,0,0,0,1,0
174466,1583,0,0,0,1,0
174600,1584,0,0,0,1,0
174700,1585,0,0,0,1,0
174835,1586,0,0,1,0,0
174977,1587,0,0,0,1,0
175079,1588,0,0,0,1,0
175208,1589,0,0,0,1,0
175301,1590,0,0,0,1,0
175401,1591,0,0,0,1,0
175537,1592,0,0,0,1,0
175674,1593,0,0,0,1,0
175816,1594,0,0,0,1,0
175955,1595,0,0,0,1,0
176045,1596,0,0,0,1,0
176051,1597,1,0,0,0,0
176158,1598,0,0,0,1,0
176287,1599,0,0,0,1,0
176387,1600,0,0,0,1,0
176524,1601,0,0,0,1,0
176620,1602,0,0,0,1,0
176727,1603,0,0,0,1,0
176851,1604,0,0,0,1,0
176955,1605,0,0,0,1,0
177095,1606,0,0,0,1,0
177203,1607,0,0,0,1,0
177327,1608,0,0,0,1,0
177472,1609,0,0,0,1,0
177581,1610,0,0,0,1,0
177715,1611,0,0,0,1,0
177837,1612,0,0,0,1,0
177931,1613,0,0,0,1,0
178052,1614,0,0,0,1,0
178164,1615,0,0,0,1,0
178311,1616,0,0,0,1,0
178403,1617,0,0,0,1,0
178514,1618,0,0,0,1,0
178640,1619,0,0,0,1,0
178778,1620,0,0,0,1,0
178883,1621,0,0,0,1,0
178988,1622,0,0,0,1,0
179104,1623,0,0,0,1,0
179251,1624,0,0,0,1,0
179361,1625,0,0,0,1,0
179481,1626,0,0,0,1,0
179608,1627,0,0,0,1,0
179719,1628,0,0,0,1,0
179810,1629,0,0,0,1,0
179902,1630,0,0,0,1,0
180007,1631,0,0,0,1,0
180126,1632,0,0,0,1,0
180228,1633,0,0,0,1,0
180349,1634,0,0,0,1,0
180452,1635,0,0,0,1,0
180574,1636,0,0,0,1,0
180666,1637,0,0,0,1,0
180782,1638,0,0,0,1,0
180919,1639,0,0,0,1,0
181039,1640,0,0,0,1,0
181172,1641,0,0,0,1,0
181314,1642,0,0,0,1,0
181455,1643,0,0,0,1,0
181587,1644,0,0,0,1,0
181692,1645,0,0,0,1,0
181824,1646,0,0,0,1,0
181927,1647,0,0,0,1,0
182030,1648,0,0,0,1,0
182154,1649,0,0,0,1,0
182264,1650,0,0,0,1,0
182329,1651,0,0,1,0,0
182428,1652,0,0,0,1,0
182548,1653,0,0,0,1,0
182692,1654,0,0,0,1,0
182829,1655,0,0,0,1,0
182922,1656,0,0,0,1,0
183059,1657,0,0,0,1,0
183174,1658,0,0,0,1,0
183281,1659,0,0,0,1,0
183391,1660,0,0,0,1,0
183502,1661,0,0,0,1,0
183616,1662,0,0,0,1,0
183622,1663,1,0,0,0,0
183723,1664,0,0,0,1,0
183819,1665,0,0,0,1,0
183933,1666,0,0,0,1,0
184035,1667,0,0,0,1,0
184172,1668,0,0,0,1,0
184288,1669,0,0,0,1,0
184388,1670,0,0,0,1,0
184504,1671,0,0,0,1,0
184619,1672,0,0,0,1,0
184737,1673,0,0,0,1,0
184846,1674,0,0,0,1,0
184937,1675,0,0,0,1,0
185055,1676,0,0,0,1,0
185188,1677,0,0,0,1,0
185321,1678,0,0,0,1,0
185423,1679,0,0,0,1,0
185555,1680,0,0,0,1,0
185659,1681,0,0,0,1,0
185729,1682,0,0,1,0,0
185839,1683,0,0,1,0,0
185981,1684,0,0,0,1,0
186128,1685,0,0,0,1,0
186225,1686,0,0,0,1,0
186354,1687,0,0,0,1,0
186496,1688,0,0,0,1,0
186628,1689,0,0,0,1,0
186731,1690,0,0,0,1,0
186858,1691,0,0,0,1,0
186976,1692,0,0,0,1,0
187092,1693,0,0,0,1,0
187209,1694,0,0,0,1,0
187315,1695,0,0,0,1,0
187417,1696,0,0,0,1,0
187515,1697,0,0,0,1,0
187612,1698,0,0,0,1,0
187726,1699,0,0,0,1,0
187822,1700,0,0,0,1,0
187933,1701,0,0,0,1,0
188070,1702,0,0,0,1,0
188184,1703,0,0,0,1,0
188322,1704,0,0,0,1,0
188439,1705,0,0,0,1,0
188556,1706,0,0,0,1,0
188694,1707,0,0,0,1,0
188801,1708,0,0,0,1,0
188908,1709,0,0,0,1,0
189041,1710,0,0,0,1,0
189183,1711,0,0,0,1,0
189275,1712,0,0,0,1,0
189372,1713,0,0,0,1,0
189469,1714,0,0,0,1,0
189591,1715,0,0,0,1,0
189697,1716,0,0,0,1,0
189814,1717,0,0,0,1,0
189916,1718,0,0,0,1,0
190030,1719,0,0,0,1,0
190140,1720,0,0,0,1,0
190271,1721,0,0,0,1,0
190395,1722,0,0,0,1,0
190491,1723,0,0,0,1,0
190622,1724,0,0,0,1,0
190762,1725,0,0,0,1,0
190903,1726,0,0,0,1,0
191039,1727,0,0,0,1,0
191142,1728,0,0,0,1,0
191246,1729,0,0,0,1,0
191357,1730,0,0,0,1,0
191469,1731,0,0,0,1,0
191558,1732,0,0,0,1,0
191662,1733,0,0,0,1,0
191771,1734,0,0,0,1,0
191879,1735,0,0,0,1,0
192003,1736,0,0,0,1,0
192120,1737,0,0,0,1,0
192229,1738,0,0,0,1,0
192359,1739,0,0,0,1,0
192464,1740,0,0,0,1,0
192565,1741,0,0,0,1,0
192708,1742,0,0,0,1,0
192824,1743,0,0,0,1,0
192925,1744,0,0,0,1,0
193060,1745,0,0,0,1,0
193168,1746,0,0,0,1,0
193265,1747,0,0,0,1,0
193371,1748,0,0,0,1,0
193510,1749,0,0,0,1,0
193651,1750,0,0,0,1,0
193773,1751,0,0,0,1,0
193875,1752,0,0,0,1,0
194007,1753,0,0,0,1,0
194151,1754,0,0,0,1,0
194254,1755,0,0,0,1,0
194396,1756,0,0,0,1,0
194520,1757,0,0,0,1,0
194644,1758,0,0,0,1,0
194787,1759,0,0,0,1,0
194923,1760,0,0,0,1,0
195040,1761,0,0,0,1,0
195150,1762,0,0,0,1,0
195245,1763,0,0,0,1,0
195367,1764,0,0,0,1,0
195503,1765,0,0,0,1,0
195624,1766,0,0,0,1,0
195744,1767,0,0,0,1,0
195865,1768,0,0,0,1,0
196010,1769,0,0,0,1,0
196105,1770,0,0,0,1,0
196216,1771,0,0,0,1,0
196330,1772,0,0,0,1,0
196463,1773,0,0,0,1,0
196581,1774,0,0,0,1,0
196671,1775,0,0,0,1,0
196768,1776,0,0,0,1,0
196890,1777,0,0,0,1,0
197014,1778,0,0,0,1,0
197128,1779,0,0,0,1,0
197222,1780,0,0,0,1,0
197332,1781,0,0,0,1,0
197438,1782,0,0,0,1,0
197537,1783,0,0,0,1,0
197631,1784,0,0,1,0,0
197721,1785,0,0,0,1,0
197863,1786,0,0,0,1,0
197973,1787,0,0,0,1,0
198100,1788,0,0,0,1,0
198205,1789,0,0,0,1,0
198307,1790,0,0,0,1,0
198414,1791,0,0,0,1,0
198523,1792,0,0,0,1,0
198637,1793,0,0,0,1,0
198653,1794,0,0,1,0,0
198758,1795,0,0,0,1,0
198894,1796,0,0,0,1,0
199033,1797,0,0,0,1,0
199171,1798,0,0,0,1,0
199296,1799,0,0,0,1,0
199405,1800,0,0,0,1,0
199515,1801,0,0,0,1,0
199642,1802,0,0,0,1,0
199775,1803,0,0,0,1,0
199901,1804,0,0,0,1,0
199910,1805,0,0,1,0,0
200003,1806,0,0,0,1,0
200122,1807,0,0,0,1,0
200215,1808,0,0,0,1,0
200335,1809,0,0,0,1,0
200340,1810,0,0,1,0,0
200482,1811,0,0,0,1,0
200620,1812,0,0,0,1,0
200741,1813,0,0,0,1,0
200831,1814,0,0,0,1,0
200920,1815,0,0,0,1,0
201036,1816,0,0,0,1,0
201141,1817,0,0,0,1,0
201233,1818,0,0,0,1,0
201361,1819,0,0,0,1,0
201481,1820,0,0,0,1,0
201606,1821,0,0,0,1,0
201741,1822,0,0,0,1,0
201881,1823,0,0,0,1,0
201975,1824,0,0,0,1,0
202100,1825,0,0,0,1,0
202200,1826,0,0,0,1,0
202326,1827,0,0,0,1,0
202471,1828,0,0,0,1,0
202584,1829,0,0,0,1,0
202727,1830,0,0,0,1,0
202841,1831,0,0,0,1,0
202963,1832,0,0,0,1,0
203078,1833,0,0,0,1,0
203219,1834,0,0,0,1,0
203355,1835,0,0,0,1,0
203491,1836,0,0,0,1,0
203601,1837,0,0,0,1,0
203606,1838,1,0,0,0,0
203715,1839,0,0,0,1,0
203821,1840,0,0,0,1,0
203949,1841,0,0,0,1,0
204074,1842,0,0,0,1,0
204211,1843,0,0,0,1,0
204344,1844,0,0,0,1,0
204480,1845,0,0,0,1,0
204621,1846,0,0,0,1,0
204749,1847,0,0,0,1,0
204839,1848,0,0,0,1,0
204949,1849,0,0,0,1,0
205040,1850,0,0,1,0,0
205130,1851,0,0,1,0,0
205249,1852,0,0,0,1,0
205359,1853,0,0,0,1,0
205497,1854,0,0,0,1,0
205594,1855,0,0,0,1,0
205726,1856,0,0,0,1,0
205836,1857,0,0,0,1,0
205962,1858,0,0,0,1,0
206074,1859,0,0,0,1,0
206184,1860,0,0,0,1,0
206278,1861,0,0,0,1,0
206415,1862,0,0,0,1,0
206523,1863,0,0,0,1,0
206650,1864,0,0,0,1,0
206755,1865,0,0,0,1,0
206861,1866,0,0,0,1,0
206986,1867,0,0,0,1,0
207081,1868,0,0,0,1,0
207171,1869,0,0,0,1,0
207289,1870,0,0,0,1,0
207394,1871,0,0,0,1,0
207505,1872,0,0,0,1,0
207627,1873,0,0,0,1,0
207760,1874,0,0,0,1,0
207871,1875,0,0,0,1,0
207942,1876,0,0,1,0,0
208051,1877,0,0,0,1,0
208150,1878,0,0,0,1,0
208283,1879,0,0,0,1,0
208373,1880,0,0,0,1,0
208491,1881,0,0,0,1,0
208624,1882,0,0,0,1,0
208724,1883,0,0,0,1,0
208829,1884,0,0,0,1,0
208923,1885,0,0,0,1,0
209030,1886,0,0,0,1,0
209137,1887,0,0,0,1,0
209267,1888,0,0,0,1,0
209332,1889,0,0,1,0,0
209429,1890,0,0,0,1,0
209527,1891,0,0,0,1,0
209641,1892,0,0,0,1,0
209750,1893,0,0,0,1,0
209853,1894,0,0,0,1,0
209976,1895,0,0,0,1,0
210108,1896,0,0,0,1,0
210246,1897,0,0,0,1,0
210358,1898,0,0,0,1,0
210445,1899,0,0,0,1,0
210450,1900,0,0,1,0,0
210558,1901,0,0,0,1,0
210675,1902,0,0,0,1,0
210773,1903,0,0,0,1,0
210868,1904,0,0,0,1,0
210994,1905,0,0,0,1,0
211110,1906,0,0,0,1,0
211247,1907,0,0,0,1,0
211351,1908,0,0,0,1,0
211443,1909,0,0,0,1,0
211577,1910,0,0,0,1,0
211691,1911,0,0,0,1,0
211806,1912,0,0,0,1,0
211940,1913,0,0,0,1,0
212084,1914,0,0,0,1,0
212216,1915,0,0,0,1,0
212323,1916,0,0,0,1,0
212460,1917,0,0,0,1,0
212558,1918,0,0,0,1,0
212660,1919,0,0,0,1,0
212785,1920,0,0,0,1,0
212884,1921,0,0,0,1,0
212974,1922,0,0,0,1,0
213090,1923,0,0,0,1,0
213223,1924,0,0,0,1,0
213364,1925,0,0,0,1,0
213495,1926,0,0,0,1,0
213585,1927,0,0,0,1,0
213726,1928,0,0,0,1,0
213837,1929,0,0,0,1,0
213947,1930,0,0,0,1,0
214046,1931,0,0,0,1,0
214183,1932,0,0,0,1,0
214317,1933,0,0,0,1,0
214410,1934,0,0,0,1,0
214518,1935,0,0,0,1,0
214634,1936,0,0,0,1,0
214771,1937,0,0,0,1,0
214869,1938,0,0,0,1,0
214978,1939,0,0,0,1,0
215089,1940,0,0,0,1,0
215227,1941,0,0,0,1,0
215352,1942,0,0,0,1,0
215476,1943,0,0,0,1,0
215569,1944,0,0,0,1,0
215688,1945,0,0,0,1,0
215800,1946,0,0,0,1,0
215927,1947,0,0,0,1,0
216048,1948,0,0,0,1,0
216178,1949,0,0,0,1,0
216299,1950,0,0,0,1,0
216429,1951,0,0,0,1,0
216562,1952,0,0,0,1,0
216676,1953,0,0,0,1,0
216804,1954,0,0,0,1,0
216903,1955,0,0,0,1,0
217012,1956,0,0,0,1,0
217146,1957,0,0,0,1,0
217264,1958,0,0,0,1,0
217267,1959,1,0,0,0,0
217402,1960,0,0,0,1,0
217458,1961,0,0,1,0,0
217584,1962,0,0,0,1,0
217711,1963,0,0,0,1,0
217815,1964,0,0,0,1,0
217922,1965,0,0,0,1,0
218027,1966,0,0,0,1,0
218169,1967,0,0,0,1,0
218270,1968,0,0,0,1,0
218392,1969,0,0,0,1,0
218527,1970,0,0,0,1,0
218630,1971,0,0,0,1,0
218766,1972,0,0,0,1,0
218882,1973,0,0,0,1,0
219012,1974,0,0,0,1,0
219113,1975,0,0,0,1,0
219230,1976,0,0,0,1,0
219339,1977,0,0,0,1,0
219432,1978,0,0,0,1,0
219555,1979,0,0,0,1,0
219671,1980,0,0,0,1,0
219796,1981,0,0,0,1,0
219916,1982,0,0,0,1,0
220035,1983,0,0,0,1,0
220154,1984,0,0,0,1,0
220264,1985,0,0,0,1,0
220370,1986,0,0,0,1,0
220516,1987,0,0,0,1,0
220603,1988,0,0,0,1,0
220692,1989,0,0,0,1,0
220828,1990,0,0,0,1,0
220952,1991,0,0,0,1,0
221093,1992,0,0,0,1,0
221214,1993,0,0,0,1,0
221310,1994,0,0,0,1,0
221429,1995,0,0,0,1,0
221528,1996,0,0,0,1,0
221622,1997,0,0,0,1,0
221692,1998,0,0,1,0,0
221814,1999,0,0,0,1,0
221943,2000,0,0,0,1,0
222065,2001,0,0,0,1,0
222181,2002,0,0,0,1,0
222310,2003,0,0,0,1,0
222409,2004,0,0,0,1,0
222537,2005,0,0,0,1,0
222669,2006,0,0,0,1,0
222794,2007,0,0,0,1,0
222880,2008,0,0,1,0,0
222974,2009,0,0,0,1,0
223111,2010,0,0,0,1,0
223200,2011,0,0,0,1,0
223330,2012,0,0,0,1,0
223449,2013,0,0,0,1,0
223577,2014,0,0,0,1,0
223713,2015,0,0,0,1,0
223814,2016,0,0,0,1,0
223924,2017,0,0,0,1,0
224018,2018,0,0,0,1,0
224128,2019,0,0,0,1,0
224263,2020,0,0,0,1,0
224360,2021,0,0,0,1,0
224459,2022,0,0,0,1,0
224590,2023,0,0,0,1,0
224697,2024,0,0,0,1,0
224796,2025,0,0,0,1,0
224890,2026,0,0,0,1,0
225034,2027,0,0,0,1,0
225144,2028,0,0,0,1,0
225233,2029,0,0,0,1,0
225339,2030,0,0,0,1,0
225481,2031,0,0,0,1,0
225570,2032,0,0,0,1,0
225691,2033,0,0,0,1,0
225827,2034,0,0,0,1,0
225931,2035,0,0,0,1,0
226032,2036,0,0,0,1,0
226125,2037,0,0,0,1,0
226248,2038,0,0,0,1,0
226387,2039,0,0,0,1,0
226492,2040,0,0,0,1,0
226626,2041,0,0,0,1,0
226751,2042,0,0,0,1,0
226861,2043,0,0,0,1,0
226991,2044,0,0,0,1,0
227088,2045,0,0,0,1,0
227208,2046,0,0,0,1,0
227322,2047,0,0,0,1,0
227447,2048,0,0,0,1,0
227546,2049,0,0,0,1,0
227635,2050,0,0,0,1,0
227772,2051,0,0,0,1,0
227889,2052,0,0,0,1,0
227996,2053,0,0,0,1,0
228103,2054,0,0,0,1,0
228198,2055,0,0,0,1,0
228335,2056,0,0,0,1,0
228460,2057,0,0,0,1,0
228560,2058,0,0,0,1,0
228671,2059,0,0,0,1,0
228796,2060,0,0,0,1,0
228798,2061,1,0,0,0,0
228905,2062,0,0,0,1,0
229020,2063,0,0,0,1,0
229133,2064,0,0,0,1,0
229233,2065,0,0,0,1,0
229345,2066,0,0,0,1,0
229449,2067,0,0,0,1,0
229573,2068,0,0,0,1,0
229711,2069,0,0,0,1,0
229854,2070,0,0,0,1,0
229970,2071,0,0,0,1,0
230079,2072,0,0,0,1,0
230219,2073,0,0,0,1,0
230361,2074,0,0,0,1,0
230474,2075,0,0,0,1,0
230564,2076,0,0,1,0,0
230685,2077,0,0,0,1,0
230803,2078,0,0,0,1,0
230922,2079,0,0,0,1,0
231012,2080,0,0,0,1,0
231127,2081,0,0,0,1,0
231256,2082,0,0,0,1,0
231379,2083,0,0,0,1,0
231518,2084,0,0,0,1,0
231609,2085,0,0,0,1,0
231747,2086,0,0,0,1,0
231863,2087,0,0,0,1,0
231975,2088,0,0,0,1,0
232125,2089,0,0,0,1,0
232254,2090,0,0,0,1,0
232357,2091,0,0,0,1,0
232491,2092,0,0,0,1,0
232592,2093,0,0,0,1,0
232715,2094,0,0,0,1,0
232824,2095,0,0,0,1,0
232925,2096,0,0,0,1,0
233021,2097,0,0,0,1,0
233154,2098,0,0,0,1,0
233281,2099,0,0,0,1,0
233384,2100,0,0,0,1,0
233515,2101,0,0,0,1,0
233650,2102,0,0,0,1,0
233772,2103,0,0,0,1,0
233906,2104,0,0,0,1,0
234051,2105,0,0,0,1,0
234167,2106,0,0,0,1,0
234315,2107,0,0,0,1,0
234404,2108,0,0,0,1,0
234497,2109,0,0,0,1,0
234614,2110,0,0,0,1,0
234745,2111,0,0,0,1,0
234846,2112,0,0,0,1,0
234981,2113,0,0,0,1,0
235089,2114,0,0,0,1,0
235231,2115,0,0,0,1,0
235340,2116,0,0,0,1,0
235467,2117,0,0,0,1,0
235560,2118,0,0,0,1,0
235687,2119,0,0,0,1,0
235789,2120,0,0,0,1,0
235910,2121,0,0,0,1,0
236006,2122,0,0,0,1,0
236126,2123,0,0,0,1,0
236256,2124,0,0,0,1,0
236346,2125,0,0,0,1,0
236491,2126,0,0,0,1,0
236612,2127,0,0,0,1,0
236750,2128,0,0,0,1,0
236892,2129,0,0,0,1,0
236896,2130,1,0,0,0,0
237029,2131,0,0,0,1,0
237161,2132,0,0,0,1,0
237300,2133,0,0,0,1,0
237430,2134,0,0,0,1,0
237562,2135,0,0,0,1,0
237677,2136,0,0,0,1,0
237803,2137,0,0,0,1,0
237940,2138,0,0,0,1,0
238050,2139,0,0,0,1,0
238163,2140,0,0,0,1,0
238285,2141,0,0,0,1,0
238408,2142,0,0,0,1,0
238515,2143,0,0,0,1,0
238635,2144,0,0,0,1,0
238733,2145,0,0,0,1,0
238876,2146,0,0,0,1,0
239005,2147,0,0,0,1,0
239147,2148,0,0,0,1,0
239248,2149,0,0,0,1,0
239339,2150,0,0,0,1,0
239453,2151,0,0,0,1,0
239543,2152,0,0,0,1,0
239675,2153,0,0,0,1,0
239797,2154,0,0,0,1,0
239928,2155,0,0,0,1,0
240060,2156,0,0,0,1,0
240178,2157,0,0,0,1,0
240298,2158,0,0,0,1,0
240387,2159,0,0,0,1,0
240485,2160,0,0,0,1,0
240607,2161,0,0,0,1,0
240717,2162,0,0,0,1,0
240812,2163,0,0,0,1,0
240928,2164,0,0,0,1,0
241032,2165,0,0,0,1,0
241178,2166,0,0,0,1,0
241294,2167,0,0,0,1,0
241427,2168,0,0,0,1,0
241565,2169,0,0,0,1,0
241695,2170,0,0,0,1,0
241828,2171,0,0,0,1,0
241943,2172,0,0,0,1,0
242073,2173,0,0,0,1,0
242186,2174,0,0,0,1,0
242286,2175,0,0,0,1,0
242421,2176,0,0,0,1,0
242519,2177,0,0,0,1,0
242652,2178,0,0,0,1,0
242774,2179,0,0,0,1,0
242919,2180,0,0,0,1,0
243050,2181,0,0,0,1,0
243150,2182,0,0,0,1,0
243286,2183,0,0,0,1,0
243412,2184,0,0,0,1,0
243507,2185,0,0,0,1,0
243629,2186,0,0,0,1,0
243775,2187,0,0,0,1,0
243886,2188,0,0,0,1,0
244008,2189,0,0,0,1,0
244129,2190,0,0,0,1,0
244218,2191,0,0,0,1,0
244322,2192,0,0,0,1,0
244458,2193,0,0,0,1,0
244582,2194,0,0,0,1,0
244689,2195,0,0,0,1,0
244779,2196,0,0,0,1,0
244803,2197,0,0,1,0,0
244910,2198,0,0,0,1,0
245022,2199,0,0,0,1,0
245172,2200,0,0,0,1,0
245306,2201,0,0,0,1,0
245427,2202,0,0,0,1,0
245519,2203,0,0,0,1,0
245645,2204,0,0,0,1,0
245781,2205,0,0,0,1,0
245908,2206,0,0,0,1,0
246047,2207,0,0,0,1,0
246179,2208,0,0,0,1,0
246299,2209,0,0,0,1,0
246434,2210,0,0,0,1,0
246542,2211,0,0,0,1,0
246659,2212,0,0,0,1,0
246787,2213,0,0,0,1,0
246880,2214,0,0,0,1,0
246999,2215,0,0,0,1,0
247133,2216,0,0,0,1,0
247224,2217,0,0,0,1,0
247326,2218,0,0,0,1,0
247434,2219,0,0,0,1,0
247523,2220,0,0,0,1,0
247650,2221,0,0,0,1,0
247778,2222,0,0,0,1,0
247914,2223,0,0,0,1,0
248031,2224,0,0,0,1,0
248160,2225,0,0,0,1,0
248287,2226,0,0,0,1,0
248383,2227,0,0,0,1,0
248487,2228,0,0,0,1,0
248598,2229,0,0,0,1,0
248715,2230,0,0,0,1,0
248842,2231,0,0,0,1,0
248985,2232,0,0,0,1,0
249079,2233,0,0,0,1,0
249196,2234,0,0,0,1,0
249311,2235,0,0,0,1,0
249426,2236,0,0,0,1,0
249558,2237,0,0,0,1,0
249686,2238,0,0,0,1,0
249789,2239,0,0,0,1,0
249925,2240,0,0,0,1,0
250039,2241,0,0,0,1,0
250162,2242,0,0,0,1,0
250257,2243,0,0,0,1,0
250380,2244,0,0,0,1,0
250485,2245,0,0,0,1,0
250612,2246,0,0,0,1,0
250725,2247,0,0,0,1,0
250819,2248,0,0,0,1,0
250910,2249,0,0,0,1,0
251034,2250,0,0,0,1,0
251132,2251,0,0,0,1,0
251237,2252,0,0,0,1,0
251375,2253,0,0,0,1,0
251501,2254,0,0,0,1,0
251619,2255,0,0,0,1,0
251737,2256,0,0,0,1,0
251872,2257,0,0,0,1,0
252009,2258,0,0,0,1,0
252115,2259,0,0,0,1,0
252240,2260,0,0,0,1,0
252357,2261,0,0,0,1,0
252456,2262,0,0,0,1,0
252573,2263,0,0,0,1,0
252699,2264,0,0,0,1,0
252802,2265,0,0,0,1,0
252803,2266,1,0,0,0,0
252944,2267,0,0,0,1,0
253057,2268,0,0,0,1,0
253186,2269,0,0,0,1,0
253298,2270,0,0,0,1,0
253426,2271,0,0,0,1,0
253547,2272,0,0,0,1,0
253694,2273,0,0,0,1,0
253795,2274,0,0,0,1,0
253921,2275,0,0,0,1,0
254038,2276,0,0,0,1,0
254151,2277,0,0,0,1,0
254269,2278,0,0,0,1,0
254398,2279,0,0,0,1,0
254513,2280,0,0,0,1,0
254578,2281,0,0,1,0,0
254689,2282,0,0,0,1,0
254820,2283,0,0,0,1,0
254956,2284,0,0,0,1,0
255046,2285,0,0,0,1,0
255156,2286,0,0,0,1,0
255269,2287,0,0,0,1,0
255405,2288,0,0,0,1,0
255508,2289,0,0,0,1,0
255597,2290,0,0,0,1,0
255706,2291,0,0,0,1,0
255800,2292,0,0,0,1,0
255901,2293,0,0,0,1,0
256048,2294,0,0,0,1,0
256155,2295,0,0,0,1,0
256262,2296,0,0,0,1,0
256384,2297,0,0,0,1,0
256504,2298,0,0,0,1,0
256643,2299,0,0,0,1,0
256733,2300,0,0,0,1,0
256848,2301,0,0,0,1,0
256982,2302,0,0,0,1,0
257106,2303,0,0,0,1,0
257221,2304,0,0,0,1,0
257339,2305,0,0,0,1,0
257475,2306,0,0,0,1,0
257605,2307,0,0,0,1,0
257711,2308,0,0,0,1,0
257821,2309,0,0,0,1,0
257926,2310,0,0,0,1,0
258044,2311,0,0,0,1,0
258144,2312,0,0,0,1,0
258247,2313,0,0,0,1,0
258385,2314,0,0,0,1,0
258488,2315,0,0,0,1,0
258614,2316,0,0,0,1,0
258722,2317,0,0,0,1,0
258842,2318,0,0,0,1,0
258973,2319,0,0,0,1,0
259062,2320,0,0,0,1,0
259196,2321,0,0,0,1,0
259345,2322,0,0,0,1,0
259463,2323,0,0,0,1,0
259552,2324,0,0,0,1,0
259642,2325,0,0,0,1,0
259761,2326,0,0,0,1,0
259889,2327,0,0,0,1,0
260033,2328,0,0,0,1,0
260122,2329,0,0,0,1,0
260258,2330,0,0,0,1,0
260352,2331,0,0,0,1,0
260467,2332,0,0,0,1,0
260583,2333,0,0,0,1,0
260717,2334,0,0,0,1,0
260849,2335,0,0,0,1,0
260957,2336,0,0,0,1,0
261081,2337,0,0,0,1,0
261179,2338,0,0,0,1,0
261315,2339,0,0,0,1,0
261446,2340,0,0,0,1,0
261566,2341,0,0,0,1,0
261670,2342,0,0,0,1,0
261791,2343,0,0,0,1,0
261883,2344,0,0,0,1,0
262025,2345,0,0,0,1,0
262160,2346,0,0,0,1,0
262257,2347,0,0,0,1,0
262353,2348,0,0,0,1,0
262482,2349,0,0,0,1,0
262594,2350,0,0,0,1,0
262739,2351,0,0,0,1,0
262886,2352,0,0,0,1,0
262987,2353,0,0,0,1,0
263082,2354,0,0,0,1,0
263191,2355,0,0,0,1,0
263300,2356,0,0,0,1,0
263428,2357,0,0,0,1,0
263566,2358,0,0,0,1,0
263704,2359,0,0,0,1,0
263821,2360,0,0,0,1,0
263913,2361,0,0,0,1,0
264019,2362,0,0,0,1,0
264146,2363,0,0,0,1,0
264273,2364,0,0,0,1,0
264369,2365,0,0,0,1,0
264481,2366,0,0,0,1,0
264609,2367,0,0,0,1,0
264698,2368,0,0,0,1,0
264811,2369,0,0,0,1,0
264941,2370,0,0,0,1,0
265042,2371,0,0,0,1,0
265171,2372,0,0,0,1,0
265282,2373,0,0,1,0,0
265430,2374,0,0,0,1,0
265543,2375,0,0,0,1,0
265635,2376,0,0,0,1,0
265763,2377,0,0,0,1,0
265853,2378,0,0,0,1,0
265989,2379,0,0,1,0,0
266114,2380,0,0,0,1,0
266244,2381,0,0,0,1,0
266351,2382,0,0,0,1,0
266495,2383,0,0,0,1,0
266585,2384,0,0,0,1,0
266681,2385,0,0,0,1,0
266830,2386,0,0,0,1,0
266919,2387,0,0,0,1,0
267047,2388,0,0,0,1,0
267181,2389,0,0,0,1,0
267286,2390,0,0,0,1,0
267435,2391,0,0,0,1,0
267530,2392,0,0,0,1,0
267658,2393,0,0,0,1,0
267783,2394,0,0,0,1,0
267891,2395,0,0,0,1,0
267986,2396,0,0,0,1,0
268094,2397,0,0,0,1,0
268191,2398,0,0,0,1,0
268298,2399,0,0,0,1,0
268392,2400,0,0,0,1,0
268492,2401,0,0,0,1,0
268589,2402,0,0,0,1,0
268679,2403,0,0,0,1,0
268810,2404,0,0,0,1,0
268935,2405,0,0,0,1,0
269053,2406,0,0,0,1,0
269169,2407,0,0,0,1,0
269268,2408,0,0,0,1,0
269408,2409,0,0,0,1,0
269537,2410,0,0,0,1,0
269630,2411,0,0,0,1,0
269763,2412,0,0,0,1,0
269769,2413,0,0,1,0,0
269899,2414,0,0,0,1,0
269996,2415,0,0,0,1,0
270110,2416,0,0,0,1,0
270212,2417,0,0,0,1,0
270328,2418,0,0,0,1,0
270468,2419,0,0,0,1,0
270598,2420,0,0,0,1,0
270694,2421,0,0,0,1,0
270826,2422,0,0,0,1,0
270961,2423,0,0,0,1,0
271108,2424,0,0,0,1,0
271232,2425,0,0,0,1,0
271329,2426,0,0,0,1,0
271463,2427,0,0,0,1,0
271562,2428,0,0,0,1,0
271680,2429,0,0,0,1,0
271817,2430,0,0,0,1,0
271917,2431,0,0,0,1,0
272015,2432,0,0,0,1,0
272123,2433,0,0,0,1,0
272250,2434,0,0,0,1,0
272357,2435,0,0,0,1,0
272492,2436,0,0,0,1,0
272602,2437,0,0,0,1,0
272709,2438,0,0,0,1,0
272823,2439,0,0,0,1,0
272968,2440,0,0,0,1,0
273076,2441,0,0,0,1,0
273200,2442,0,0,0,1,0
273299,2443,0,0,0,1,0
273430,2444,0,0,0,1,0
273557,2445,0,0,0,1,0
273671,2446,0,0,0,1,0
273792,2447,0,0,0,1,0
273883,2448,0,0,0,1,0
274004,2449,0,0,0,1,0
274116,2450,0,0,0,1,0
274213,2451,0,0,0,1,0
274336,2452,0,0,0,1,0
274448,2453,0,0,0,1,0
274537,2454,0,0,0,1,0
274647,2455,0,0,0,1,0
274765,2456,0,0,0,1,0
274861,2457,0,0,0,1,0
274950,2458,0,0,0,1,0
275085,2459,0,0,0,1,0
275198,2460,0,0,0,1,0
275304,2461,0,0,0,1,0
275411,2462,0,0,0,1,0
275494,2463,0,0,0,1,0
275609,2464,0,0,0,1,0
275731,2465,0,0,0,1,0
275862,2466,0,0,0,1,0
275976,2467,0,0,0,1,0
276104,2468,0,0,0,1,0
276226,2469,0,0,0,1,0
276332,2470,0,0,0,1,0
276448,2471,0,0,0,1,0
276541,2472,0,0,0,1,0
276658,2473,0,0,0,1,0
276790,2474,0,0,0,1,0
276916,2475,0,0,0,1,0
277033,2476,0,0,0,1,0
277180,2477,0,0,0,1,0
277275,2478,0,0,0,1,0
277378,2479,0,0,0,1,0
277478,2480,0,0,0,1,0
277623,2481,0,0,0,1,0
277750,2482,0,0,0,1,0
277883,2483,0,0,0,1,0
277992,2484,0,0,0,1,0
278101,2485,0,0,0,1,0
278229,2486,0,0,0,1,0
278336,2487,0,0,0,1,0
278449,2488,0,0,0,1,0
278562,2489,0,0,0,1,0
278693,2490,0,0,0,1,0
278785,2491,0,0,0,1,0
278923,2492,0,0,0,1,0
279009,2493,0,0,0,1,0
279153,2494,0,0,0,1,0
279263,2495,0,0,0,1,0
279365,2496,0,0,0,1,0
279465,2497,0,0,0,1,0
279562,2498,0,0,0,1,0
279672,2499,0,0,0,1,0
279782,2500,0,0,0,1,0
279890,2501,0,0,0,1,0
279985,2502,0,0,0,1,0
280098,2503,0,0,0,1,0
280219,2504,0,0,0,1,0
280336,2505,0,0,0,1,0
280475,2506,0,0,0,1,0
280606,2507,0,0,0,1,0
280734,2508,0,0,0,1,0
280829,2509,0,0,0,1,0
280942,2510,0,0,0,1,0
281079,2511,0,0,0,1,0
281220,2512,0,0,0,1,0
281330,2513,0,0,0,1,0
281452,2514,0,0,0,1,0
281558,2515,0,0,0,1,0
281691,2516,0,0,0,1,0
281826,2517,0,0,0,1,0
281928,2518,0,0,0,1,0
282042,2519,0,0,0,1,0
282178,2520,0,0,0,1,0
282312,2521,0,0,0,1,0
282425,2522,0,0,0,1,0
282538,2523,0,0,0,1,0
282649,2524,0,0,0,1,0
282781,2525,0,0,0,1,0
282878,2526,0,0,0,1,0
283018,2527,0,0,0,1,0
283127,2528,0,0,0,1,0
283263,2529,0,0,0,1,0
283378,2530,0,0,0,1,0
283497,2531,0,0,0,1,0
283601,2532,0,0,0,1,0
283732,2533,0,0,0,1,0
283846,2534,0,0,0,1,0
283958,2535,0,0,0,1,0
284104,2536,0,0,0,1,0
284215,2537,0,0,0,1,0
284307,2538,0,0,0,1,0
284311,2539,1,0,0,0,0
284448,2540,0,0,0,1,0
284566,2541,0,0,0,1,0
284669,2542,0,0,0,1,0
284799,2543,0,0,0,1,0
284914,2544,0,0,0,1,0
285016,2545,0,0,0,1,0
285128,2546,0,0,0,1,0
285235,2547,0,0,0,1,0
285346,2548,0,0,0,1,0
285475,2549,0,0,0,1,0
285573,2550,0,0,0,1,0
285709,2551,0,0,0,1,0
285842,2552,0,0,0,1,0
285970,2553,0,0,0,1,0
286090,2554,0,0,0,1,0
286192,2555,0,0,0,1,0
286304,2556,0,0,0,1,0
286438,2557,0,0,0,1,0
286536,2558,0,0,0,1,0
286667,2559,0,0,0,1,0
286757,2560,0,0,0,1,0
286886,2561,0,0,0,1,0
287029,2562,0,0,0,1,0
287137,2563,0,0,0,1,0
287240,2564,0,0,0,1,0
287344,2565,0,0,0,1,0
287480,2566,0,0,0,1,0
287616,2567,0,0,0,1,0
287716,2568,0,0,0,1,0
287844,2569,0,0,0,1,0
287943,2570,0,0,0,1,0
288068,2571,0,0,0,1,0
288201,2572,0,0,0,1,0
288337,2573,0,0,0,1,0
288461,2574,0,0,0,1,0
288610,2575,0,0,0,1,0
288719,2576,0,0,0,1,0
288820,2577,0,0,0,1,0
288909,2578,0,0,0,1,0
289002,2579,0,0,0,1,0
289113,2580,0,0,0,1,0
289255,2581,0,0,0,1,0
289376,2582,0,0,0,1,0
289473,2583,0,0,0,1,0
289606,2584,0,0,0,1,0
289704,2585,0,0,0,1,0
289832,2586,0,0,0,1,0
289971,2587,0,0,0,1,0
290098,2588,0,0,0,1,0
290198,2589,0,0,0,1,0
290321,2590,0,0,0,1,0
290428,2591,0,0,0,1,0
290524,2592,0,0,0,1,0
290616,2593,0,0,0,1,0
290748,2594,0,0,0,1,0
290838,2595,0,0,0,1,0
290975,2596,0,0,0,1,0
291080,2597,0,0,0,1,0
291175,2598,0,0,0,1,0
291322,2599,0,0,0,1,0
291467,2600,0,0,0,1,0
291606,2601,0,0,0,1,0
291722,2602,0,0,0,1,0
291823,2603,0,0,0,1,0
291915,2604,0,0,0,1,0
292037,2605,0,0,0,1,0
292149,2606,0,0,0,1,0
292292,2607,0,0,0,1,0
292389,2608,0,0,0,1,0
292509,2609,0,0,0,1,0
292615,2610,0,0,0,1,0
292722,2611,0,0,0,1,0
292854,2612,0,0,0,1,0
292985,2613,0,0,0,1,0
293112,2614,0,0,0,1,0
293250,2615,0,0,0,1,0
293363,2616,0,0,0,1,0
293497,2617,0,0,0,1,0
293622,2618,0,0,0,1,0
293712,2619,0,0,0,1,0
293819,2620,0,0,0,1,0
293824,2621,1,0,0,0,0
293951,2622,0,0,0,1,0
294057,2623,0,0,0,1,0
294174,2624,0,0,0,1,0
294309,2625,0,0,0,1,0
294399,2626,0,0,0,1,0
294521,2627,0,0,0,1,0
294661,2628,0,0,0,1,0
294753,2629,0,0,0,1,0
294880,2630,0,0,0,1,0
295024,2631,0,0,0,1,0
295150,2632,0,0,0,1,0
295285,2633,0,0,0,1,0
295392,2634,0,0,0,1,0
295510,2635,0,0,0,1,0
295643,2636,0,0,0,1,0
295770,2637,0,0,0,1,0
295886,2638,0,0,0,1,0
296021,2639,0,0,0,1,0
296163,2640,0,0,0,1,0
296280,2641,0,0,0,1,0
296283,2642,1,0,0,0,0
296424,2643,0,0,0,1,0
296568,2644,0,0,0,1,0
296702,2645,0,0,0,1,0
296826,2646,0,0,0,1,0
296917,2647,0,0,0,1,0
297016,2648,0,0,0,1,0
297147,2649,0,0,0,1,0
297236,2650,0,0,0,1,0
297360,2651,0,0,0,1,0
297456,2652,0,0,0,1,0
297556,2653,0,0,0,1,0
297560,2654,1,0,0,0,0
297697,2655,0,0,0,1,0
297806,2656,0,0,0,1,0
297931,2657,0,0,0,1,0
298049,2658,0,0,0,1,0
298157,2659,0,0,0,1,0
298267,2660,0,0,0,1,0
298371,2661,0,0,0,1,0
298479,2662,0,0,0,1,0
298569,2663,0,0,0,1,0
298663,2664,0,0,0,1,0
298787,2665,0,0,0,1,0
298914,2666,0,0,0,1,0
298917,2667,1,0,0,0,0
299023,2668,0,0,0,1,0
299146,2669,0,0,0,1,0
299239,2670,0,0,0,1,0
299380,2671,0,0,0,1,0
299482,2672,0,0,0,1,0
299592,2673,0,0,0,1,0
299719,2674,0,0,0,1,0
299826,2675,0,0,0,1,0
299969,2676,0,0,0,1,0
300093,2677,0,0,0,1,0
300237,2678,0,0,0,1,0
300333,2679,0,0,0,1,0
300455,2680,0,0,0,1,0
300563,2681,0,0,0,1,0
300671,2682,0,0,0,1,0
300785,2683,0,0,0,1,0
300898,2684,0,0,0,1,0
301026,2685,0,0,0,1,0
301125,2686,0,0,0,1,0
301212,2687,0,0,0,1,0
301217,2688,1,0,0,0,0
301336,2689,0,0,0,1,0
301436,2690,0,0,0,1,0
301536,2691,0,0,0,1,0
301651,2692,0,0,0,1,0
301770,2693,0,0,0,1,0
301881,2694,0,0,0,1,0
301934,2695,0,0,1,0,0
302042,2696,0,0,0,1,0
302172,2697,0,0,0,1,0
302303,2698,0,0,0,1,0
302430,2699,0,0,0,1,0
302530,2700,0,0,0,1,0
302635,2701,0,0,0,1,0
302739,2702,0,0,0,1,0
302829,2703,0,0,0,1,0
302958,2704,0,0,0,1,0
303084,2705,0,0,0,1,0
303207,2706,0,0,0,1,0
303341,2707,0,0,0,1,0
303480,2708,0,0,0,1,0
303603,2709,0,0,0,1,0
303719,2710,0,0,0,1,0
303849,2711,0,0,0,1,0
303963,2712,0,0,0,1,0
304078,2713,0,0,0,1,0
304221,2714,0,0,0,1,0
304310,2715,0,0,0,1,0
304441,2716,0,0,0,1,0
304579,2717,0,0,0,1,0
304716,2718,0,0,0,1,0
304838,2719,0,0,0,1,0
304976,2720,0,0,0,1,0
305113,2721,0,0,0,1,0
305218,2722,0,0,0,1,0
305335,2723,0,0,0,1,0
305455,2724,0,0,0,1,0
305596,2725,0,0,0,1,0
305724,2726,0,0,0,1,0
305813,2727,0,0,0,1,0
305953,2728,0,0,0,1,0
305957,2729,1,0,0,0,0
306080,2730,0,0,0,1,0
306213,2731,0,0,0,1,0
306314,2732,0,0,0,1,0
306426,2733,0,0,0,1,0
306519,2734,0,0,0,1,0
306633,2735,0,0,0,1,0
306757,2736,0,0,0,1,0
306873,2737,0,0,0,1,0
306984,2738,0,0,0,1,0
307107,2739,0,0,0,1,0
307221,2740,0,0,0,1,0
307352,2741,0,0,0,1,0
307453,2742,0,0,0,1,0
307576,2743,0,0,0,1,0
307675,2744,0,0,0,1,0
307794,2745,0,0,0,1,0
307915,2746,0,0,0,1,0
308052,2747,0,0,0,1,0
308157,2748,0,0,0,1,0
308273,2749,0,0,0,1,0
308369,2750,0,0,0,1,0
308482,2751,0,0,0,1,0
308602,2752,0,0,0,1,0
308704,2753,0,0,0,1,0
308812,2754,0,0,0,1,0
308913,2755,0,0,0,1,0
309009,2756,0,0,0,1,0
309102,2757,0,0,0,1,0
309239,2758,0,0,0,1,0
309336,2759,0,0,0,1,0
309352,2760,0,0,1,0,0
309463,2761,0,0,0,1,0
309557,2762,0,0,0,1,0
309661,2763,0,0,0,1,0
309782,2764,0,0,0,1,0
309897,2765,0,0,0,1,0
310019,2766,0,0,0,1,0
310113,2767,0,0,0,1,0
310245,2768,0,0,0,1,0
310365,2769,0,0,0,1,0
310479,2770,0,0,0,1,0
310583,2771,0,0,0,1,0
310724,2772,0,0,0,1,0
310841,2773,0,0,0,1,0
310946,2774,0,0,0,1,0
311077,2775,0,0,0,1,0
311207,2776,0,0,0,1,0
311335,2777,0,0,0,1,0
311456,2778,0,0,0,1,0
311562,2779,0,0,0,1,0
311686,2780,0,0,0,1,0
311816,2781,0,0,0,1,0
311911,2782,0,0,0,1,0
312043,2783,0,0,0,1,0
312154,2784,0,0,0,1,0
312274,2785,0,0,0,1,0
312400,2786,0,0,0,1,0
312533,2787,0,0,0,1,0
312663,2788,0,0,0,1,0
312752,2789,0,0,0,1,0
312855,2790,0,0,0,1,0
312944,2791,0,0,0,1,0
313071,2792,0,0,0,1,0
313179,2793,0,0,0,1,0
313281,2794,0,0,0,1,0
313408,2795,0,0,0,1,0
313529,2796,0,0,0,1,0
313647,2797,0,0,0,1,0
313748,2798,0,0,0,1,0
313881,2799,0,0,0,1,0
314012,2800,0,0,0,1,0
314116,2801,0,0,0,1,0
314224,2802,0,0,0,1,0
314330,2803,0,0,0,1,0
314460,2804,0,0,0,1,0
314598,2805,0,0,0,1,0
314711,2806,0,0,0,1,0
314800,2807,0,0,0,1,0
314908,2808,0,0,0,1,0
315045,2809,0,0,0,1,0
315164,2810,0,0,0,1,0
315267,2811,0,0,0,1,0
315368,2812,0,0,0,1,0
315484,2813,0,0,0,1,0
315610,2814,0,0,0,1,0
315725,2815,0,0,0,1,0
315861,2816,0,0,0,1,0
315988,2817,0,0,0,1,0
316107,2818,0,0,0,1,0
316218,2819,0,0,0,1,0
316353,2820,0,0,0,1,0
316449,2821,0,0,0,1,0
316574,2822,0,0,0,1,0
316695,2823,0,0,0,1,0
316807,2824,0,0,0,1,0
316924,2825,0,0,0,1,0
317043,2826,0,0,0,1,0
317160,2827,0,0,0,1,0
317294,2828,0,0,0,1,0
317424,2829,0,0,0,1,0
317548,2830,0,0,0,1,0
317549,2831,1,0,0,0,0
317674,2832,0,0,0,1,0
317781,2833,0,0,0,1,0
317922,2834,0,0,0,1,0
318022,2835,0,0,0,1,0
318159,2836,0,0,0,1,0
318273,2837,0,0,0,1,0
318379,2838,0,0,0,1,0
318512,2839,0,0,0,1,0
318631,2840,0,0,0,1,0
318780,2841,0,0,0,1,0
318904,2842,0,0,0,1,0
319008,2843,0,0,0,1,0
319130,2844,0,0,0,1,0
319246,2845,0,0,0,1,0
319346,2846,0,0,0,1,0
319440,2847,0,0,0,1,0
319441,2848,1,0,0,0,0
319554,2849,0,0,0,1,0
319693,2850,0,0,0,1,0
319836,2851,0,0,0,1,0
319957,2852,0,0,0,1,0
320094,2853,0,0,0,1,0
320194,2854,0,0,0,1,0
320320,2855,0,0,0,1,0
320449,2856,0,0,0,1,0
320593,2857,0,0,0,1,0
320687,2858,0,0,0,1,0
320806,2859,0,0,0,1,0
320902,2860,0,0,0,1,0
321038,2861,0,0,0,1,0
321174,2862,0,0,0,1,0
321303,2863,0,0,0,1,0
321408,2864,0,0,0,1,0
321542,2865,0,0,0,1,0
321674,2866,0,0,0,1,0
321784,2867,0,0,0,1,0
321877,2868,0,0,0,1,0
321987,2869,0,0,0,1,0
322086,2870,0,0,0,1,0
322197,2871,0,0,0,1,0
322313,2872,0,0,0,1,0
322439,2873,0,0,0,1,0
322570,2874,0,0,0,1,0
322674,2875,0,0,0,1,0
322807,2876,0,0,0,1,0
322938,2877,0,0,0,1,0
323071,2878,0,0,0,1,0
323200,2879,0,0,0,1,0
323303,2880,0,0,0,1,0
323417,2881,0,0,0,1,0
323522,2882,0,0,0,1,0
323656,2883,0,0,0,1,0
323768,2884,0,0,0,1,0
323881,2885,0,0,0,1,0
324000,2886,0,0,0,1,0
324120,2887,0,0,0,1,0
324250,2888,0,0,0,1,0
324373,2889,0,0,0,1,0
324488,2890,0,0,0,1,0
324617,2891,0,0,0,1,0
324722,2892,0,0,0,1,0
324831,2893,0,0,0,1,0
324940,2894,0,0,0,1,0
325069,2895,0,0,0,1,0
325158,2896,0,0,0,1,0
325297,2897,0,0,0,1,0
325423,2898,0,0,0,1,0
325557,2899,0,0,0,1,0
325660,2900,0,0,0,1,0
325785,2901,0,0,0,1,0
325889,2902,0,0,0,1,0
326005,2903,0,0,0,1,0
326108,2904,0,0,0,1,0
326226,2905,0,0,0,1,0
326323,2906,0,0,0,1,0
326440,2907,0,0,0,1,0
326549,2908,0,0,0,1,0
326695,2909,0,0,0,1,0
326787,2910,0,0,0,1,0
326886,2911,0,0,0,1,0
327019,2912,0,0,0,1,0
327126,2913,0,0,0,1,0
327233,2914,0,0,0,1,0
327341,2915,0,0,0,1,0
327479,2916,0,0,0,1,0
327611,2917,0,0,0,1,0
327720,2918,0,0,0,1,0
327831,2919,0,0,0,1,0
327922,2920,0,0,0,1,0
328044,2921,0,0,0,1,0
328140,2922,0,0,0,1,0
328255,2923,0,0,0,1,0
328374,2924,0,0,0,1,0
328484,2925,0,0,0,1,0
328580,2926,0,0,0,1,0
328688,2927,0,0,0,1,0
328819,2928,0,0,0,1,0
328919,2929,0,0,0,1,0
329030,2930,0,0,0,1,0
329137,2931,0,0,0,1,0
329252,2932,0,0,0,1,0
329378,2933,0,0,0,1,0
329483,2934,0,0,0,1,0
329619,2935,0,0,0,1,0
329732,2936,0,0,0,1,0
329873,2937,0,0,0,1,0
329964,2938,0,0,0,1,0
330066,2939,0,0,0,1,0
330167,2940,0,0,0,1,0
330292,2941,0,0,0,1,0
330422,2942,0,0,0,1,0
330558,2943,0,0,0,1,0
330658,2944,0,0,0,1,0
330772,2945,0,0,0,1,0
330874,2946,0,0,0,1,0
331001,2947,0,0,0,1,0
331090,2948,0,0,0,1,0
331228,2949,0,0,0,1,0
331352,2950,0,0,0,1,0
331457,2951,0,0,0,1,0
331600,2952,0,0,0,1,0
331699,2953,0,0,0,1,0
331831,2954,0,0,0,1,0
331942,2955,0,0,0,1,0
332066,2956,0,0,0,1,0
332177,2957,0,0,0,1,0
332306,2958,0,0,0,1,0
332440,2959,0,0,0,1,0
332556,2960,0,0,0,1,0
332659,2961,0,0,0,1,0
332794,2962,0,0,0,1,0
332900,2963,0,0,0,1,0
333024,2964,0,0,0,1,0
333138,2965,0,0,0,1,0
333261,2966,0,0,0,1,0
333393,2967,0,0,0,1,0
333491,2968,0,0,0,1,0
333614,2969,0,0,0,1,0
333726,2970,0,0,0,1,0
333845,2971,0,0,0,1,0
333969,2972,0,0,0,1,0
334095,2973,0,0,0,1,0
334206,2974,0,0,0,1,0
334334,2975,0,0,0,1,0
334450,2976,0,0,0,1,0
334566,2977,0,0,0,1,0
334687,2978,0,0,0,1,0
334692,2979,1,0,0,0,0
334825,2980,0,0,0,1,0
334930,2981,0,0,0,1,0
335050,2982,0,0,0,1,0
335177,2983,0,0,0,1,0
335296,2984,0,0,0,1,0
335389,2985,0,0,0,1,0
335514,2986,0,0,0,1,0
335618,2987,0,0,0,1,0
335709,2988,0,0,0,1,0
335822,2989,0,0,0,1,0
335950,2990,0,0,0,1,0
336070,2991,0,0,0,1,0
336136,2992,0,0,1,0,0
336273,2993,0,0,0,1,0
336386,2994,0,0,0,1,0
336536,2995,0,0,0,1,0
336642,2996,0,0,0,1,0
336772,2997,0,0,0,1,0
336895,2998,0,0,0,1,0
337034,2999,0,0,0,1,0
337127,3000,0,0,0,1,0
337220,3001,0,0,0,1,0
337331,3002,0,0,0,1,0
337422,3003,0,0,0,1,0
337558,3004,0,0,0,1,0
337687,3005,0,0,0,1,0
337812,3006,0,0,0,1,0
337954,3007,0,0,0,1,0
338082,3008,0,0,0,1,0
338205,3009,0,0,0,1,0
338325,3010,0,0,0,1,0
338418,3011,0,0,0,1,0
338543,3012,0,0,0,1,0
338660,3013,0,0,0,1,0
338755,3014,0,0,0,1,0
338875,3015,0,0,0,1,0
339010,3016,0,0,0,1,0
339154,3017,0,0,0,1,0
339292,3018,0,0,0,1,0
339412,3019,0,0,0,1,0
339542,3020,0,0,0,1,0
339676,3021,0,0,0,1,0
339773,3022,0,0,0,1,0
339904,3023,0,0,0,1,0
340042,3024,0,0,0,1,0
340113,3025,0,0,1,0,0
340219,3026,0,0,0,1,0
340341,3027,0,0,0,1,0
340452,3028,0,0,0,1,0
340547,3029,0,0,0,1,0
340666,3030,0,0,0,1,0
340764,3031,0,0,0,1,0
340905,3032,0,0,0,1,0
341012,3033,0,0,0,1,0
341108,3034,0,0,0,1,0
341246,3035,0,0,0,1,0
341370,3036,0,0,0,1,0
341490,3037,0,0,0,1,0
341600,3038,0,0,0,1,0
341724,3039,0,0,0,1,0
341859,3040,0,0,0,1,0
341952,3041,0,0,0,1,0
342078,3042,0,0,0,1,0
342171,3043,0,0,0,1,0
342296,3044,0,0,0,1,0
342430,3045,0,0,0,1,0
342567,3046,0,0,0,1,0
342681,3047,0,0,0,1,0
342797,3048,0,0,0,1,0
342937,3049,0,0,0,1,0
343046,3050,0,0,0,1,0
343168,3051,0,0,0,1,0
343288,3052,0,0,0,1,0
343404,3053,0,0,0,1,0
343497,3054,0,0,0,1,0
343621,3055,0,0,0,1,0
343718,3056,0,0,0,1,0
343816,3057,0,0,0,1,0
343922,3058,0,0,0,1,0
344012,3059,0,0,0,1,0
344139,3060,0,0,0,1,0
344278,3061,0,0,0,1,0
344407,3062,0,0,0,1,0
344544,3063,0,0,0,1,0
344628,3064,0,0,0,1,0
344749,3065,0,0,0,1,0
344869,3066,0,0,0,1,0
344979,3067,0,0,0,1,0
345087,3068,0,0,0,1,0
345200,3069,0,0,0,1,0
345325,3070,0,0,0,1,0
345433,3071,0,0,0,1,0
345554,3072,0,0,0,1,0
345679,3073,0,0,0,1,0
345810,3074,0,0,0,1,0
345910,3075,0,0,0,1,0
346021,3076,0,0,0,1,0
346143,3077,0,0,0,1,0
346283,3078,0,0,1,0,0
346420,3079,0,0,0,1,0
346515,3080,0,0,0,1,0
346647,3081,0,0,0,1,0
346652,3082,1,0,0,0,0
346786,3083,0,0,0,1,0
346915,3084,0,0,0,1,0
347004,3085,0,0,0,1,0
347138,3086,0,0,0,1,0
347256,3087,0,0,0,1,0
347347,3088,0,0,0,1,0
347439,3089,0,0,0,1,0
347571,3090,0,0,0,1,0
347700,3091,0,0,0,1,0
347840,3092,0,0,0,1,0
347943,3093,0,0,0,1,0
348080,3094,0,0,0,1,0
348202,3095,0,0,0,1,0
348337,3096,0,0,0,1,0
348447,3097,0,0,0,1,0
348586,3098,0,0,0,1,0
348712,3099,0,0,0,1,0
348843,3100,0,0,0,1,0
348949,3101,0,0,0,1,0
349079,3102,0,0,0,1,0
349184,3103,0,0,0,1,0
349301,3104,0,0,0,1,0
349413,3105,0,0,0,1,0
349514,3106,0,0,0,1,0
349646,3107,0,0,0,1,0
349770,3108,0,0,0,1,0
349859,3109,0,0,0,1,0
349989,3110,0,0,0,1,0
350115,3111,0,0,0,1,0
350226,3112,0,0,0,1,0
350330,3113,0,0,0,1,0
350428,3114,0,0,0,1,0
350535,3115,0,0,0,1,0
350669,3116,0,0,0,1,0
350813,3117,0,0,0,1,0
350955,3118,0,0,0,1,0
351082,3119,0,0,0,1,0
351219,3120,0,0,0,1,0
351323,3121,0,0,0,1,0
351445,3122,0,0,0,1,0
351547,3123,0,0,0,1,0
351689,3124,0,0,0,1,0
351821,3125,0,0,0,1,0
351907,3126,0,0,0,1,0
352043,3127,0,0,0,1,0
352183,3128,0,0,0,1,0
352297,3129,0,0,0,1,0
352433,3130,0,0,0,1,0
352569,3131,0,0,0,1,0
352699,3132,0,0,0,1,0
352791,3133,0,0,0,1,0
352931,3134,0,0,0,1,0
353052,3135,0,0,0,1,0
353166,3136,0,0,0,1,0
353294,3137,0,0,0,1,0
353389,3138,0,0,0,1,0
353498,3139,0,0,0,1,0
353619,3140,0,0,0,1,0
353739,3141,0,0,0,1,0
353833,3142,0,0,0,1,0
353836,3143,1,0,0,0,0
353961,3144,0,0,0,1,0
354050,3145,0,0,0,1,0
354161,3146,0,0,0,1,0
354259,3147,0,0,0,1,0
354356,3148,0,0,0,1,0
354477,3149,0,0,0,1,0
354566,3150,0,0,0,1,0
354699,3151,0,0,0,1,0
354813,3152,0,0,0,1,0
354950,3153,0,0,0,1,0
355062,3154,0,0,0,1,0
355170,3155,0,0,0,1,0
355280,3156,0,0,0,1,0
355397,3157,0,0,0,1,0
355495,3158,0,0,0,1,0
355597,3159,0,0,0,1,0
355686,3160,0,0,0,1,0
355800,3161,0,0,0,1,0
355935,3162,0,0,0,1,0
356045,3163,0,0,0,1,0
356160,3164,0,0,0,1,0
356250,3165,0,0,0,1,0
356380,3166,0,0,0,1,0
356486,3167,0,0,0,1,0
356632,3168,0,0,0,1,0
356766,3169,0,0,0,1,0
356902,3170,0,0,0,1,0
357009,3171,0,0,0,1,0
357140,3172,0,0,0,1,0
357240,3173,0,0,0,1,0
357372,3174,0,0,0,1,0
357469,3175,0,0,0,1,0
357597,3176,0,0,0,1,0
357691,3177,0,0,0,1,0
357809,3178,0,0,0,1,0
357931,3179,0,0,0,1,0
358068,3180,0,0,0,1,0
358192,3181,0,0,0,1,0
358296,3182,0,0,0,1,0
358427,3183,0,0,0,1,0
358553,3184,0,0,0,1,0
358686,3185,0,0,0,1,0
358810,3186,0,0,0,1,0
358928,3187,0,0,0,1,0
359048,3188,0,0,0,1,0
359155,3189,0,0,0,1,0
359287,3190,0,0,0,1,0
359394,3191,0,0,0,1,0
359489,3192,0,0,0,1,0
359621,3193,0,0,0,1,0
359736,3194,0,0,0,1,0
359853,3195,0,0,0,1,0
359949,3196,0,0,0,1,0
360086,3197,0,0,0,1,0
360181,3198,0,0,0,1,0
360303,3199,0,0,0,1,0
360422,3200,0,0,0,1,0
360563,3201,0,0,0,1,0
360654,3202,0,0,0,1,0
360749,3203,0,0,0,1,0
360860,3204,0,0,0,1,0
360948,3205,0,0,0,1,0
361045,3206,0,0,0,1,0
361169,3207,0,0,0,1,0
361292,3208,0,0,0,1,0
361421,3209,0,0,0,1,0
361525,3210,0,0,1,0,0
361633,3211,0,0,0,1,0
361755,3212,0,0,0,1,0
361881,3213,0,0,0,1,0
362018,3214,0,0,0,1,0
362140,3215,0,0,0,1,0
362247,3216,0,0,0,1,0
362346,3217,0,0,0,1,0
362488,3218,0,0,0,1,0
362629,3219,0,0,0,1,0
362767,3220,0,0,0,1,0
362888,3221,0,0,0,1,0
362977,3222,0,0,0,1,0
363104,3223,0,0,0,1,0
363191,3224,0,0,0,1,0
363331,3225,0,0,0,1,0
363428,3226,0,0,0,1,0
363561,3227,0,0,0,1,0
363668,3228,0,0,0,1,0
363780,3229,0,0,0,1,0
363879,3230,0,0,0,1,0
363984,3231,0,0,0,1,0
364125,3232,0,0,0,1,0
364258,3233,0,0,0,1,0
364370,3234,0,0,0,1,0
364472,3235,0,0,0,1,0
364602,3236,0,0,0,1,0
364693,3237,0,0,1,0,0
364825,3238,0,0,0,1,0
364827,3239,1,0,0,0,0
364953,3240,0,0,0,1,0
365082,3241,0,0,0,1,0
365211,3242,0,0,0,1,0
365337,3243,0,0,0,1,0
365448,3244,0,0,0,1,0
365589,3245,0,0,0,1,0
365720,3246,0,0,0,1,0
365860,3247,0,0,0,1,0
365976,3248,0,0,0,1,0
366099,3249,0,0,0,1,0
366223,3250,0,0,0,1,0
366331,3251,0,0,0,1,0
366470,3252,0,0,0,1,0
366571,3253,0,0,0,1,0
366689,3254,0,0,0,1,0
366788,3255,0,0,0,1,0
366906,3256,0,0,0,1,0
367018,3257,0,0,0,1,0
367150,3258,0,0,0,1,0
367267,3259,0,0,0,1,0
367367,3260,0,0,0,1,0
367499,3261,0,0,0,1,0
367646,3262,0,0,0,1,0
367653,3263,1,0,0,0,0
367773,3264,0,0,0,1,0
367898,3265,0,0,0,1,0
367993,3266,0,0,0,1,0
368110,3267,0,0,0,1,0
368230,3268,0,0,0,1,0
368362,3269,0,0,0,1,0
368456,3270,0,0,0,1,0
368588,3271,0,0,0,1,0
368734,3272,0,0,0,1,0
368866,3273,0,0,0,1,0
368993,3274,0,0,0,1,0
369098,3275,0,0,0,1,0
369218,3276,0,0,0,1,0
369334,3277,0,0,0,1,0
369448,3278,0,0,0,1,0
369526,3279,0,0,1,0,0
369643,3280,0,0,0,1,0
369778,3281,0,0,0,1,0
369917,3282,0,0,0,1,0
370032,3283,0,0,0,1,0
370175,3284,0,0,0,1,0
370314,3285,0,0,0,1,0
370435,3286,0,0,0,1,0
370568,3287,0,0,0,1,0
370697,3288,0,0,0,1,0
370807,3289,0,0,0,1,0
370928,3290,0,0,0,1,0
371050,3291,0,0,0,1,0
371193,3292,0,0,0,1,0
371317,3293,0,0,0,1,0
371417,3294,0,0,0,1,0
371516,3295,0,0,0,1,0
371616,3296,0,0,0,1,0
371758,3297,0,0,0,1,0
371851,3298,0,0,0,1,0
371948,3299,0,0,0,1,0
372064,3300,0,0,0,1,0
372180,3301,0,0,0,1,0
372307,3302,0,0,0,1,0
372413,3303,0,0,0,1,0
372509,3304,0,0,0,1,0
372515,3305,1,0,0,0,0
372638,3306,0,0,0,1,0
372784,3307,0,0,0,1,0
372873,3308,0,0,0,1,0
372962,3309,0,0,0,1,0
373051,3310,0,0,0,1,0
373156,3311,0,0,0,1,0
373264,3312,0,0,0,1,0
373387,3313,0,0,0,1,0
373508,3314,0,0,0,1,0
373597,3315,0,0,0,1,0
373741,3316,0,0,0,1,0
373847,3317,0,0,0,1,0
373976,3318,0,0,0,1,0
374079,3319,0,0,0,1,0
374213,3320,0,0,0,1,0
374343,3321,0,0,0,1,0
374470,3322,0,0,0,1,0
374587,3323,0,0,0,1,0
374724,3324,0,0,0,1,0
374814,3325,0,0,0,1,0
374924,3326,0,0,0,1,0
375056,3327,0,0,0,1,0
375191,3328,0,0,0,1,0
375287,3329,0,0,0,1,0
375395,3330,0,0,0,1,0
375505,3331,0,0,0,1,0
375635,3332,0,0,0,1,0
375772,3333,0,0,0,1,0
375916,3334,0,0,0,1,0
376049,3335,0,0,0,1,0
376178,3336,0,0,0,1,0
376301,3337,0,0,0,1,0
376396,3338,0,0,0,1,0
376519,3339,0,0,0,1,0
376608,3340,0,0,0,1,0
376708,3341,0,0,0,1,0
376829,3342,0,0,0,1,0
376923,3343,0,0,0,1,0
377040,3344,0,0,0,1,0
377139,3345,0,0,0,1,0
377255,3346,0,0,0,1,0
377376,3347,0,0,0,1,0
377465,3348,0,0,0,1,0
377583,3349,0,0,0,1,0
377713,3350,0,0,0,1,0
377808,3351,0,0,0,1,0
377912,3352,0,0,0,1,0
378010,3353,0,0,0,1,0
378139,3354,0,0,0,1,0
378263,3355,0,0,0,1,0
378364,3356,0,0,0,1,0
378509,3357,0,0,0,1,0
378613,3358,0,0,0,1,0
378729,3359,0,0,0,1,0
378861,3360,0,0,0,1,0
378950,3361,0,0,0,1,0
379039,3362,0,0,0,1,0
379159,3363,0,0,0,1,0
379291,3364,0,0,0,1,0
379432,3365,0,0,0,1,0
379523,3366,0,0,0,1,0
379609,3367,0,0,0,1,0
379727,3368,0,0,0,1,0
379841,3369,0,0,0,1,0
379951,3370,0,0,0,1,0
380086,3371,0,0,0,1,0
380194,3372,0,0,0,1,0
380331,3373,0,0,0,1,0
380455,3374,0,0,0,1,0
380561,3375,0,0,0,1,0
380693,3376,0,0,0,1,0
380819,3377,0,0,0,1,0
380918,3378,0,0,0,1,0
381027,3379,0,0,0,1,0
381158,3380,0,0,0,1,0
381271,3381,0,0,0,1,0
381381,3382,0,0,0,1,0
381480,3383,0,0,0,1,0
381610,3384,0,0,0,1,0
381743,3385,0,0,0,1,0
381882,3386,0,0,0,1,0
382001,3387,0,0,0,1,0
382137,3388,0,0,0,1,0
382253,3389,0,0,0,1,0
382364,3390,0,0,0,1,0
382490,3391,0,0,0,1,0
382636,3392,0,0,0,1,0
382778,3393,0,0,0,1,0
382887,3394,0,0,0,1,0
383019,3395,0,0,0,1,0
383147,3396,0,0,0,1,0
383253,3397,0,0,0,1,0
383381,3398,0,0,0,1,0
383500,3399,0,0,0,1,0
383629,3400,0,0,0,1,0
383732,3401,0,0,0,1,0
383865,3402,0,0,0,1,0
383972,3403,0,0,0,1,0
384091,3404,0,0,0,1,0
384211,3405,0,0,0,1,0
384303,3406,0,0,0,1,0
384415,3407,0,0,0,1,0
384528,3408,0,0,0,1,0
384673,3409,0,0,0,1,0
384791,3410,0,0,0,1,0
384901,3411,0,0,0,1,0
385027,3412,0,0,0,1,0
385120,3413,0,0,0,1,0
385236,3414,0,0,0,1,0
385349,3415,0,0,0,1,0
385466,3416,0,0,0,1,0
385571,3417,0,0,0,1,0
385703,3418,0,0,0,1,0
385807,3419,0,0,0,1,0
385923,3420,0,0,0,1,0
386047,3421,0,0,0,1,0
386176,3422,0,0,0,1,0
386309,3423,0,0,0,1,0
386440,3424,0,0,0,1,0
386558,3425,0,0,0,1,0
386694,3426,0,0,0,1,0
386827,3427,0,0,0,1,0
386933,3428,0,0,0,1,0
387054,3429,0,0,0,1,0
387172,3430,0,0,0,1,0
387267,3431,0,0,0,1,0
387380,3432,0,0,0,1,0
387471,3433,0,0,0,1,0
387607,3434,0,0,0,1,0
387730,3435,0,0,0,1,0
387868,3436,0,0,0,1,0
387963,3437,0,0,0,1,0
388086,3438,0,0,0,1,0
388223,3439,0,0,0,1,0
388350,3440,0,0,0,1,0
388488,3441,0,0,0,1,0
388584,3442,0,0,0,1,0
388675,3443,0,0,0,1,0
388784,3444,0,0,0,1,0
388917,3445,0,0,0,1,0
389013,3446,0,0,0,1,0
389137,3447,0,0,0,1,0
389267,3448,0,0,0,1,0
389374,3449,0,0,0,1,0
389489,3450,0,0,0,1,0
389607,3451,0,0,0,1,0
389745,3452,0,0,0,1,0
389863,3453,0,0,0,1,0
389960,3454,0,0,0,1,0
390091,3455,0,0,0,1,0
390223,3456,0,0,0,1,0
390338,3457,0,0,0,1,0
390434,3458,0,0,0,1,0
390562,3459,0,0,0,1,0
390673,3460,0,0,0,1,0
390790,3461,0,0,0,1,0
390913,3462,0,0,0,1,0
391023,3463,0,0,0,1,0
391166,3464,0,0,0,1,0
391258,3465,0,0,0,1,0
391366,3466,0,0,0,1,0
391498,3467,0,0,0,1,0
391632,3468,0,0,0,1,0
391749,3469,0,0,0,1,0
391886,3470,0,0,0,1,0
392003,3471,0,0,0,1,0
392092,3472,0,0,0,1,0
392225,3473,0,0,0,1,0
392348,3474,0,0,0,1,0
392452,3475,0,0,0,1,0
392560,3476,0,0,0,1,0
392694,3477,0,0,0,1,0
392831,3478,0,0,0,1,0
392946,3479,0,0,0,1,0
393053,3480,0,0,0,1,0
393177,3481,0,0,0,1,0
393306,3482,0,0,0,1,0
393426,3483,0,0,0,1,0
393562,3484,0,0,0,1,0
393695,3485,0,0,0,1,0
393824,3486,0,0,0,1,0
393954,3487,0,0,0,1,0
394094,3488,0,0,0,1,0
394190,3489,0,0,0,1,0
394320,3490,0,0,0,1,0
394416,3491,0,0,0,1,0
394554,3492,0,0,0,1,0
394666,3493,0,0,0,1,0
394776,3494,0,0,0,1,0
394887,3495,0,0,0,1,0
395010,3496,0,0,0,1,0
395140,3497,0,0,0,1,0
395255,3498,0,0,0,1,0
395358,3499,0,0,0,1,0
395464,3500,0,0,0,1,0
395606,3501,0,0,0,1,0
395750,3502,0,0,0,1,0
395886,3503,0,0,0,1,0
395980,3504,0,0,0,1,0
396096,3505,0,0,0,1,0
396213,3506,0,0,0,1,0
396302,3507,0,0,0,1,0
396423,3508,0,0,0,1,0
396531,3509,0,0,0,1,0
396630,3510,0,0,0,1,0
396758,3511,0,0,0,1,0
396885,3512,0,0,0,1,0
397003,3513,0,0,0,1,0
397126,3514,0,0,0,1,0
397254,3515,0,0,0,1,0
397398,3516,0,0,0,1,0
397510,3517,0,0,0,1,0
397618,3518,0,0,0,1,0
397734,3519,0,0,0,1,0
397871,3520,0,0,0,1,0
397999,3521,0,0,0,1,0
398135,3522,0,0,0,1,0
398273,3523,0,0,0,1,0
398394,3524,0,0,0,1,0
398499,3525,0,0,0,1,0
398608,3526,0,0,0,1,0
398734,3527,0,0,0,1,0
398853,3528,0,0,0,1,0
398959,3529,0,0,0,1,0
399060,3530,0,0,0,1,0
399200,3531,0,0,0,1,0
399318,3532,0,0,0,1,0
399426,3533,0,0,0,1,0
399551,3534,0,0,0,1,0
399676,3535,0,0,0,1,0
399787,3536,0,0,0,1,0
399884,3537,0,0,0,1,0
400012,3538,0,0,0,1,0
400115,3539,0,0,0,1,0
400233,3540,0,0,0,1,0
400371,3541,0,0,0,1,0
400470,3542,0,0,0,1,0
400563,3543,0,0,0,1,0
400690,3544,0,0,0,1,0
400829,3545,0,0,0,1,0
400922,3546,0,0,0,1,0
401067,3547,0,0,0,1,0
401173,3548,0,0,0,1,0
401305,3549,0,0,0,1,0
401413,3550,0,0,0,1,0
401544,3551,0,0,0,1,0
401675,3552,0,0,0,1,0
401774,3553,0,0,0,1,0
401863,3554,0,0,0,1,0
401986,3555,0,0,0,1,0
402101,3556,0,0,0,1,0
402241,3557,0,0,0,1,0
402370,3558,0,0,0,1,0
402488,3559,0,0,0,1,0
402587,3560,0,0,0,1,0
402724,3561,0,0,0,1,0
402856,3562,0,0,0,1,0
402985,3563,0,0,0,1,0
403108,3564,0,0,0,1,0
403255,3565,0,0,0,1,0
403390,3566,0,0,0,1,0
403484,3567,0,0,0,1,0
403621,3568,0,0,0,1,0
403731,3569,0,0,0,1,0
403855,3570,0,0,0,1,0
403960,3571,0,0,0,1,0
404074,3572,0,0,0,1,0
404214,3573,0,0,0,1,0
404334,3574,0,0,0,1,0
404445,3575,0,0,0,1,0
404588,3576,0,0,0,1,0
404686,3577,0,0,0,1,0
404800,3578,0,0,0,1,0
404929,3579,0,0,0,1,0
405056,3580,0,0,0,1,0
405172,3581,0,0,0,1,0
405280,3582,0,0,0,1,0
405395,3583,0,0,0,1,0
405531,3584,0,0,0,1,0
405663,3585,0,0,0,1,0
405779,3586,0,0,0,1,0
405892,3587,0,0,0,1,0
405994,3588,0,0,0,1,0
406125,3589,0,0,0,1,0
406263,3590,0,0,0,1,0
406276,3591,0,0,1,0,0
406401,3592,0,0,0,1,0
406495,3593,0,0,0,1,0
406598,3594,0,0,0,1,0
406717,3595,0,0,0,1,0
406847,3596,0,0,0,1,0
406965,3597,0,0,0,1,0
407070,3598,0,0,0,1,0
407203,3599,0,0,0,1,0
407324,3600,0,0,0,1,0
407454,3601,0,0,0,1,0
407561,3602,0,0,0,1,0
407671,3603,0,0,0,1,0
407780,3604,0,0,0,1,0
407881,3605,0,0,0,1,0
408022,3606,0,0,0,1,0
408113,3607,0,0,0,1,0
408202,3608,0,0,0,1,0
408330,3609,0,0,0,1,0
408427,3610,0,0,0,1,0
408565,3611,0,0,0,1,0
408691,3612,0,0,0,1,0
408809,3613,0,0,0,1,0
408913,3614,0,0,0,1,0
408914,3615,1,0,0,0,0
409015,3616,0,0,0,1,0
409136,3617,0,0,0,1,0
409242,3618,0,0,0,1,0
409380,3619,0,0,0,1,0
409490,3620,0,0,0,1,0
409506,3621,0,0,1,0,0
409626,3622,0,0,0,1,0
409744,3623,0,0,0,1,0
409855,3624,0,0,0,1,0
409959,3625,0,0,0,1,0
410084,3626,0,0,0,1,0
410178,3627,0,0,0,1,0
410276,3628,0,0,0,1,0
410390,3629,0,0,0,1,0
410519,3630,0,0,0,1,0
410653,3631,0,0,0,1,0
410774,3632,0,0,0,1,0
410906,3633,0,0,0,1,0
411024,3634,0,0,0,1,0
411142,3635,0,0,0,1,0
411240,3636,0,0,0,1,0
411364,3637,0,0,0,1,0
411473,3638,0,0,0,1,0
411580,3639,0,0,0,1,0
411679,3640,0,0,0,1,0
411778,3641,0,0,0,1,0
411902,3642,0,0,0,1,0
412025,3643,0,0,0,1,0
412142,3644,0,0,0,1,0
412248,3645,0,0,0,1,0
412374,3646,0,0,0,1,0
412488,3647,0,0,0,1,0
412618,3648,0,0,0,1,0
412749,3649,0,0,0,1,0
412877,3650,0,0,0,1,0
412996,3651,0,0,0,1,0
413127,3652,0,0,0,1,0
413268,3653,0,0,0,1,0
413399,3654,0,0,0,1,0
413526,3655,0,0,0,1,0
413658,3656,0,0,0,1,0
413749,3657,0,0,0,1,0
413848,3658,0,0,0,1,0
413982,3659,0,0,0,1,0
413985,3660,1,0,0,0,0
414104,3661,0,0,0,1,0
414221,3662,0,0,0,1,0
414317,3663,0,0,0,1,0
414416,3664,0,0,0,1,0
414513,3665,0,0,0,1,0
414616,3666,0,0,0,1,0
414752,3667,0,0,0,1,0
414884,3668,0,0,0,1,0
415009,3669,0,0,0,1,0
415133,3670,0,0,0,1,0
415263,3671,0,0,0,1,0
415394,3672,0,0,0,1,0
415510,3673,0,0,0,1,0
415615,3674,0,0,0,1,0
415720,3675,0,0,0,1,0
415829,3676,0,0,0,1,0
415971,3677,0,0,0,1,0
416092,3678,0,0,0,1,0
416196,3679,0,0,0,1,0
416285,3680,0,0,0,1,0
416381,3681,0,0,0,1,0
416498,3682,0,0,0,1,0
416617,3683,0,0,0,1,0
416741,3684,0,0,0,1,0
416854,3685,0,0,0,1,0
416983,3686,0,0,0,1,0
417112,3687,0,0,0,1,0
417240,3688,0,0,0,1,0
417354,3689,0,0,0,1,0
417458,3690,0,0,0,1,0
417581,3691,0,0,0,1,0
417726,3692,0,0,0,1,0
417815,3693,0,0,0,1,0
417911,3694,0,0,0,1,0
418054,3695,0,0,0,1,0
418170,3696,0,0,0,1,0
418259,3697,0,0,0,1,0
418395,3698,0,0,0,1,0
418503,3699,0,0,0,1,0
418617,3700,0,0,0,1,0
418752,3701,0,0,0,1,0
418880,3702,0,0,0,1,0
419005,3703,0,0,0,1,0
419138,3704,0,0,0,1,0
419256,3705,0,0,0,1,0
419384,3706,0,0,0,1,0
419502,3707,0,0,0,1,0
419627,3708,0,0,0,1,0
419750,3709,0,0,0,1,0
419883,3710,0,0,0,1,0
420022,3711,0,0,0,1,0
420159,3712,0,0,0,1,0
420248,3713,0,0,0,1,0
420380,3714,0,0,0,1,0
420477,3715,0,0,0,1,0
420585,3716,0,0,0,1,0
420694,3717,0,0,0,1,0
420789,3718,0,0,0,1,0
420924,3719,0,0,0,1,0
421035,3720,0,0,0,1,0
421130,3721,0,0,0,1,0
421248,3722,0,0,0,1,0
421366,3723,0,0,0,1,0
421462,3724,0,0,0,1,0
421463,3725,1,0,0,0,0
421574,3726,0,0,0,1,0
421702,3727,0,0,0,1,0
421842,3728,0,0,0,1,0
421958,3729,0,0,0,1,0
422080,3730,0,0,0,1,0
422204,3731,0,0,0,1,0
422293,3732,0,0,0,1,0
422407,3733,0,0,0,1,0
422541,3734,0,0,0,1,0
422676,3735,0,0,0,1,0
422816,3736,0,0,0,1,0
422940,3737,0,0,0,1,0
423036,3738,0,0,0,1,0
423148,3739,0,0,0,1,0
423273,3740,0,0,0,1,0
423409,3741,0,0,0,1,0
423546,3742,0,0,0,1,0
423646,3743,0,0,0,1,0
423749,3744,0,0,0,1,0
423868,3745,0,0,0,1,0
423960,3746,0,0,0,1,0
424078,3747,0,0,0,1,0
424198,3748,0,0,0,1,0
424312,3749,0,0,0,1,0
424441,3750,0,0,0,1,0
424536,3751,0,0,0,1,0
424633,3752,0,0,0,1,0
424735,3753,0,0,0,1,0
424830,3754,0,0,0,1,0
424939,3755,0,0,0,1,0
425053,3756,0,0,0,1,0
425153,3757,0,0,0,1,0
425282,3758,0,0,0,1,0
425393,3759,0,0,0,1,0
425523,3760,0,0,0,1,0
425640,3761,0,0,0,1,0
425759,3762,0,0,0,1,0
425890,3763,0,0,0,1,0
426021,3764,0,0,0,1,0
426146,3765,0,0,0,1,0
426254,3766,0,0,0,1,0
426398,3767,0,0,0,1,0
426523,3768,0,0,0,1,0
426651,3769,0,0,0,1,0
426764,3770,0,0,0,1,0
426881,3771,0,0,0,1,0
427027,3772,0,0,0,1,0
427116,3773,0,0,0,1,0
427246,3774,0,0,0,1,0
427335,3775,0,0,0,1,0
427471,3776,0,0,0,1,0
427562,3777,0,0,0,1,0
427694,3778,0,0,0,1,0
427792,3779,0,0,0,1,0
427881,3780,0,0,0,1,0
427993,3781,0,0,0,1,0
428130,3782,0,0,0,1,0
428232,3783,0,0,0,1,0
428345,3784,0,0,0,1,0
428435,3785,0,0,0,1,0
428549,3786,0,0,0,1,0
428668,3787,0,0,0,1,0
428763,3788,0,0,0,1,0
428852,3789,0,0,0,1,0
428976,3790,0,0,0,1,0
429072,3791,0,0,0,1,0
429172,3792,0,0,0,1,0
429280,3793,0,0,0,1,0
429398,3794,0,0,0,1,0
429533,3795,0,0,0,1,0
429645,3796,0,0,0,1,0
429747,3797,0,0,0,1,0
429845,3798,0,0,0,1,0
429954,3799,0,0,0,1,0
430073,3800,0,0,0,1,0
430214,3801,0,0,0,1,0
430314,3802,0,0,0,1,0
430449,3803,0,0,0,1,0
430581,3804,0,0,0,1,0
430691,3805,0,0,0,1,0
430796,3806,0,0,0,1,0
430936,3807,0,0,0,1,0
431058,3808,0,0,0,1,0
431184,3809,0,0,0,1,0
431286,3810,0,0,0,1,0
431380,3811,0,0,0,1,0
431487,3812,0,0,0,1,0
431613,3813,0,0,0,1,0
431741,3814,0,0,0,1,0
431844,3815,0,0,0,1,0
431976,3816,0,0,0,1,0
432095,3817,0,0,0,1,0
432219,3818,0,0,0,1,0
432316,3819,0,0,0,1,0
432442,3820,0,0,0,1,0
432568,3821,0,0,0,1,0
432669,3822,0,0,0,1,0
432779,3823,0,0,0,1,0
432912,3824,0,0,0,1,0
433021,3825,0,0,0,1,0
433156,3826,0,0,0,1,0
433271,3827,0,0,0,1,0
433401,3828,0,0,0,1,0
433511,3829,0,0,0,1,0
433641,3830,0,0,0,1,0
433767,3831,0,0,0,1,0
433883,3832,0,0,0,1,0
434006,3833,0,0,0,1,0
434100,3834,0,0,0,1,0
434195,3835,0,0,0,1,0
434324,3836,0,0,0,1,0
434412,3837,0,0,0,1,0
434527,3838,0,0,0,1,0
434631,3839,0,0,0,1,0
434748,3840,0,0,0,1,0
434888,3841,0,0,0,1,0
435031,3842,0,0,0,1,0
435155,3843,0,0,0,1,0
435284,3844,0,0,0,1,0
435389,3845,0,0,0,1,0
435478,3846,0,0,0,1,0
435616,3847,0,0,0,1,0
435711,3848,0,0,0,1,0
435856,3849,0,0,0,1,0
435961,3850,0,0,0,1,0
436052,3851,0,0,0,1,0
436184,3852,0,0,0,1,0
436318,3853,0,0,0,1,0
436437,3854,0,0,0,1,0
436553,3855,0,0,0,1,0
436683,3856,0,0,0,1,0
436772,3857,0,0,0,1,0
436866,3858,0,0,0,1,0
436968,3859,0,0,0,1,0
436973,3860,1,0,0,0,0
437120,3861,0,0,0,1,0
437236,3862,0,0,0,1,0
437330,3863,0,0,0,1,0
437476,3864,0,0,0,1,0
437594,3865,0,0,0,1,0
437709,3866,0,0,0,1,0
437814,3867,0,0,0,1,0
437917,3868,0,0,0,1,0
438027,3869,0,0,0,1,0
438160,3870,0,0,0,1,0
438280,3871,0,0,0,1,0
438400,3872,0,0,0,1,0
438507,3873,0,0,0,1,0
438625,3874,0,0,0,1,0
438757,3875,0,0,0,1,0
438872,3876,0,0,0,1,0
438998,3877,0,0,0,1,0
439123,3878,0,0,0,1,0
439228,3879,0,0,0,1,0
439349,3880,0,0,0,1,0
439453,3881,0,0,0,1,0
439599,3882,0,0,0,1,0
439703,3883,0,0,0,1,0
439831,3884,0,0,0,1,0
439959,3885,0,0,0,1,0
440062,3886,0,0,0,1,0
440166,3887,0,0,0,1,0
440296,3888,0,0,0,1,0
440418,3889,0,0,0,1,0
440522,3890,0,0,0,1,0
440658,3891,0,0,0,1,0
440771,3892,0,0,0,1,0
440864,3893,0,0,0,1,0
440981,3894,0,0,0,1,0
441080,3895,0,0,0,1,0
441187,3896,0,0,0,1,0
441294,3897,0,0,0,1,0
441403,3898,0,0,0,1,0
441524,3899,0,0,0,1,0
441636,3900,0,0,0,1,0
441749,3901,0,0,0,1,0
441838,3902,0,0,0,1,0
441962,3903,0,0,0,1,0
442097,3904,0,0,0,1,0
442211,3905,0,0,0,1,0
442332,3906,0,0,0,1,0
442460,3907,0,0,0,1,0
442578,3908,0,0,0,1,0
442702,3909,0,0,0,1,0
442851,3910,0,0,0,1,0
442967,3911,0,0,0,1,0
443079,3912,0,0,0,1,0
443217,3913,0,0,0,1,0
443324,3914,0,0,0,1,0
443424,3915,0,0,0,1,0
443530,3916,0,0,0,1,0
443651,3917,0,0,0,1,0
443777,3918,0,0,0,1,0
443902,3919,0,0,0,1,0
444027,3920,0,0,0,1,0
444151,3921,0,0,0,1,0
444240,3922,0,0,0,1,0
444366,3923,0,0,0,1,0
444465,3924,0,0,0,1,0
444597,3925,0,0,0,1,0
444697,3926,0,0,0,1,0
444804,3927,0,0,0,1,0
444913,3928,0,0,0,1,0
445004,3929,0,0,0,1,0
445132,3930,0,0,0,1,0
445243,3931,0,0,0,1,0
445363,3932,0,0,0,1,0
445480,3933,0,0,0,1,0
445611,3934,0,0,0,1,0
445701,3935,0,0,0,1,0
445829,3936,0,0,0,1,0
445932,3937,0,0,0,1,0
446071,3938,0,0,0,1,0
446207,3939,0,0,0,1,0
446296,3940,0,0,0,1,0
446399,3941,0,0,0,1,0
446499,3942,0,0,0,1,0
446638,3943,0,0,0,1,0
446743,3944,0,0,0,1,0
446867,3945,0,0,0,1,0
447000,3946,0,0,0,1,0
447122,3947,0,0,0,1,0
447214,3948,0,0,0,1,0
447351,3949,0,0,0,1,0
447443,3950,0,0,0,1,0
447532,3951,0,0,0,1,0
447672,3952,0,0,0,1,0
447814,3953,0,0,0,1,0
447947,3954,0,0,0,1,0
448065,3955,0,0,0,1,0
448185,3956,0,0,0,1,0
448294,3957,0,0,0,1,0
448422,3958,0,0,0,1,0
448549,3959,0,0,0,1,0
448696,3960,0,0,0,1,0
448803,3961,0,0,0,1,0
448935,3962,0,0,0,1,0
449045,3963,0,0,0,1,0
449156,3964,0,0,0,1,0
449265,3965,0,0,0,1,0
449371,3966,0,0,0,1,0
449465,3967,0,0,0,1,0
449604,3968,0,0,0,1,0
449693,3969,0,0,0,1,0
449826,3970,0,0,0,1,0
449956,3971,0,0,0,1,0
450069,3972,0,0,0,1,0
450170,3973,0,0,0,1,0
450295,3974,0,0,0,1,0
450423,3975,0,0,0,1,0
450538,3976,0,0,0,1,0
450659,3977,0,0,0,1,0
450804,3978,0,0,0,1,0
450947,3979,0,0,0,1,0
451077,3980,0,0,0,1,0
451176,3981,0,0,0,1,0
451297,3982,0,0,0,1,0
451412,3983,0,0,0,1,0
451504,3984,0,0,0,1,0
451627,3985,0,0,0,1,0
451737,3986,0,0,0,1,0
451856,3987,0,0,0,1,0
451975,3988,0,0,0,1,0
452072,3989,0,0,0,1,0
452206,3990,0,0,0,1,0
452295,3991,0,0,0,1,0
452391,3992,0,0,0,1,0
452483,3993,0,0,0,1,0
452585,3994,0,0,0,1,0
452705,3995,0,0,0,1,0
452803,3996,0,0,0,1,0
452947,3997,0,0,0,1,0
453047,3998,0,0,0,1,0
453189,3999,0,0,0,1,0
453306,4000,0,0,0,1,0
453417,4001,0,0,0,1,0
453532,4002,0,0,0,1,0
453674,4003,0,0,0,1,0
453804,4004,0,0,0,1,0
453893,4005,0,0,0,1,0
454026,4006,0,0,0,1,0
454146,4007,0,0,0,1,0
454235,4008,0,0,0,1,0
454356,4009,0,0,0,1,0
454449,4010,0,0,0,1,0
454569,4011,0,0,0,1,0
454686,4012,0,0,0,1,0
454812,4013,0,0,0,1,0
454940,4014,0,0,0,1,0
455047,4015,0,0,0,1,0
455161,4016,0,0,0,1,0
455274,4017,0,0,0,1,0
455384,4018,0,0,0,1,0
455473,4019,0,0,0,1,0
455577,4020,0,0,0,1,0
455681,4021,0,0,0,1,0
455788,4022,0,0,0,1,0
455893,4023,0,0,0,1,0
455982,4024,0,0,0,1,0
456078,4025,0,0,0,1,0
456172,4026,0,0,0,1,0
456278,4027,0,0,0,1,0
456413,4028,0,0,0,1,0
456547,4029,0,0,0,1,0
456633,4030,0,0,0,1,0
456747,4031,0,0,0,1,0
456883,4032,0,0,0,1,0
456985,4033,0,0,0,1,0
457103,4034,0,0,0,1,0
457218,4035,0,0,0,1,0
457361,4036,0,0,0,1,0
457462,4037,0,0,0,1,0
457551,4038,0,0,0,1,0
457673,4039,0,0,0,1,0
457771,4040,0,0,0,1,0
457906,4041,0,0,0,1,0
458023,4042,0,0,0,1,0
458144,4043,0,0,0,1,0
458249,4044,0,0,0,1,0
458344,4045,0,0,0,1,0
458458,4046,0,0,0,1,0
458581,4047,0,0,0,1,0
458725,4048,0,0,0,1,0
458838,4049,0,0,0,1,0
458949,4050,0,0,0,1,0
458976,4051,0,0,1,0,0
459077,4052,0,0,0,1,0
459222,4053,0,0,0,1,0
459342,4054,0,0,0,1,0
459431,4055,0,0,0,1,0
459543,4056,0,0,0,1,0
459632,4057,0,0,0,1,0
459742,4058,0,0,0,1,0
459832,4059,0,0,0,1,0
459928,4060,0,0,0,1,0
460014,4061,0,0,1,0,0
460118,4062,0,0,0,1,0
460214,4063,0,0,0,1,0
460345,4064,0,0,0,1,0
460449,4065,0,0,0,1,0
460545,4066,0,0,0,1,0
460683,4067,0,0,0,1,0
460776,4068,0,0,0,1,0
460885,4069,0,0,0,1,0
460996,4070,0,0,0,1,0
461105,4071,0,0,0,1,0
461222,4072,0,0,0,1,0
461365,4073,0,0,0,1,0
461476,4074,0,0,0,1,0
461588,4075,0,0,0,1,0
461682,4076,0,0,0,1,0
461804,4077,0,0,0,1,0
461900,4078,0,0,0,1,0
461999,4079,0,0,0,1,0
462117,4080,0,0,0,1,0
462232,4081,0,0,0,1,0
462353,4082,0,0,0,1,0
462449,4083,0,0,0,1,0
462578,4084,0,0,0,1,0
462582,4085,1,0,0,0,0
462677,4086,0,0,0,1,0
462805,4087,0,0,0,1,0
462895,4088,0,0,0,1,0
463022,4089,0,0,0,1,0
463150,4090,0,0,0,1,0
463239,4091,0,0,0,1,0
463363,4092,0,0,0,1,0
463468,4093,0,0,0,1,0
463581,4094,0,0,0,1,0
463719,4095,0,0,0,1,0
463826,4096,0,0,0,1,0
463961,4097,0,0,0,1,0
464051,4098,0,0,0,1,0
464161,4099,0,0,0,1,0
464300,4100,0,0,0,1,0
464389,4101,0,0,0,1,0
464483,4102,0,0,0,1,0
464584,4103,0,0,0,1,0
464698,4104,0,0,0,1,0
464826,4105,0,0,0,1,0
464931,4106,0,0,0,1,0
465041,4107,0,0,0,1,0
465168,4108,0,0,0,1,0
465299,4109,0,0,0,1,0
465424,4110,0,0,0,1,0
465530,4111,0,0,0,1,0
465670,4112,0,0,0,1,0
465762,4113,0,0,0,1,0
465879,4114,0,0,0,1,0
465979,4115,0,0,0,1,0
466104,4116,0,0,0,1,0
466238,4117,0,0,0,1,0
466327,4118,0,0,0,1,0
466420,4119,0,0,0,1,0
466527,4120,0,0,0,1,0
466630,4121,0,0,0,1,0
466727,4122,0,0,0,1,0
466833,4123,0,0,0,1,0
466938,4124,0,0,0,1,0
467054,4125,0,0,0,1,0
467166,4126,0,0,0,1,0
467259,4127,0,0,0,1,0
467375,4128,0,0,0,1,0
467468,4129,0,0,0,1,0
467605,4130,0,0,0,1,0
467728,4131,0,0,0,1,0
467832,4132,0,0,0,1,0
467928,4133,0,0,0,1,0
468063,4134,0,0,0,1,0
468164,4135,0,0,0,1,0
468254,4136,0,0,0,1,0
468373,4137,0,0,0,1,0
468484,4138,0,0,0,1,0
468573,4139,0,0,0,1,0
468660,4140,0,0,0,1,0
468769,4141,0,0,0,1,0
468893,4142,0,0,0,1,0
468987,4143,0,0,0,1,0
469078,4144,0,0,0,1,0
469181,4145,0,0,0,1,0
469271,4146,0,0,0,1,0
469360,4147,0,0,0,1,0
469450,4148,0,0,0,1,0
469542,4149,0,0,0,1,0
469654,4150,0,0,0,1,0
469743,4151,0,0,0,1,0
469852,4152,0,0,0,1,0
469976,4153,0,0,0,1,0
470069,4154,0,0,0,1,0
470209,4155,0,0,0,1,0
470327,4156,0,0,0,1,0
470428,4157,0,0,0,1,0
470565,4158,0,0,0,1,0
470688,4159,0,0,0,1,0
470816,4160,0,0,0,1,0
470906,4161,0,0,0,1,0
471006,4162,0,0,0,1,0
471122,4163,0,0,0,1,0
471245,4164,0,0,0,1,0
471341,4165,0,0,0,1,0
471476,4166,0,0,0,1,0
471601,4167,0,0,0,1,0
471690,4168,0,0,0,1,0
471796,4169,0,0,0,1,0
471911,4170,0,0,0,1,0
472036,4171,0,0,0,1,0
472151,4172,0,0,0,1,0
472282,4173,0,0,0,1,0
472401,4174,0,0,0,1,0
472533,4175,0,0,0,1,0
472676,4176,0,0,0,1,0
472814,4177,0,0,0,1,0
472914,4178,0,0,0,1,0
473007,4179,0,0,0,1,0
473121,4180,0,0,0,1,0
473242,4181,0,0,0,1,0
473344,4182,0,0,0,1,0
473468,4183,0,0,0,1,0
473587,4184,0,0,0,1,0
473687,4185,0,0,0,1,0
473788,4186,0,0,0,1,0
473897,4187,0,0,0,1,0
474015,4188,0,0,0,1,0
474150,4189,0,0,0,1,0
474291,4190,0,0,0,1,0
474411,4191,0,0,0,1,0
474530,4192,0,0,0,1,0
474639,4193,0,0,0,1,0
474752,4194,0,0,0,1,0
474843,4195,0,0,0,1,0
474956,4196,0,0,0,1,0
475084,4197,0,0,0,1,0
475183,4198,0,0,0,1,0
475321,4199,0,0,0,1,0
475432,4200,0,0,0,1,0
475553,4201,0,0,0,1,0
475692,4202,0,0,0,1,0
475825,4203,0,0,0,1,0
475948,4204,0,0,0,1,0
476066,4205,0,0,0,1,0
476202,4206,0,0,0,1,0
476330,4207,0,0,0,1,0
476421,4208,0,0,0,1,0
476534,4209,0,0,0,1,0
476669,4210,0,0,0,1,0
476794,4211,0,0,0,1,0
476927,4212,0,0,0,1,0
477053,4213,0,0,0,1,0
477164,4214,0,0,0,1,0
477276,4215,0,0,0,1,0
477391,4216,0,0,0,1,0
477530,4217,0,0,0,1,0
477640,4218,0,0,0,1,0
477742,4219,0,0,0,1,0
477831,4220,0,0,0,1,0
477945,4221,0,0,0,1,0
478088,4222,0,0,0,1,0
478192,4223,0,0,0,1,0
478297,4224,0,0,0,1,0
478405,4225,0,0,0,1,0
478511,4226,0,0,0,1,0
478610,4227,0,0,0,1,0
478715,4228,0,0,0,1,0
478834,4229,0,0,0,1,0
478935,4230,0,0,0,1,0
479045,4231,0,0,0,1,0
479156,4232,0,0,0,1,0
479272,4233,0,0,0,1,0
479396,4234,0,0,0,1,0
479485,4235,0,0,0,1,0
479615,4236,0,0,0,1,0
479730,4237,0,0,0,1,0
479828,4238,0,0,0,1,0
479963,4239,0,0,0,1,0
480097,4240,0,0,0,1,0
480201,4241,0,0,0,1,0
480316,4242,0,0,0,1,0
480463,4243,0,0,0,1,0
480556,4244,0,0,0,1,0
480684,4245,0,0,0,1,0
480799,4246,0,0,0,1,0
480900,4247,0,0,0,1,0
481000,4248,0,0,0,1,0
481102,4249,0,0,0,1,0
481212,4250,0,0,0,1,0
481335,4251,0,0,0,1,0
481469,4252,0,0,0,1,0
481609,4253,0,0,0,1,0
481703,4254,0,0,0,1,0
481795,4255,0,0,0,1,0
481912,4256,0,0,0,1,0
482043,4257,0,0,0,1,0
482164,4258,0,0,0,1,0
482169,4259,1,0,0,0,0
482173,4260,1,0,0,0,0
482277,4261,0,0,0,1,0
482410,4262,0,0,0,1,0
482548,4263,0,0,0,1,0
482676,4264,0,0,0,1,0
482792,4265,0,0,0,1,0
482901,4266,0,0,0,1,0
483009,4267,0,0,0,1,0
483119,4268,0,0,0,1,0
483248,4269,0,0,0,1,0
483385,4270,0,0,0,1,0
483502,4271,0,0,0,1,0
483620,4272,0,0,0,1,0
483742,4273,0,0,0,1,0
483877,4274,0,0,0,1,0
484003,4275,0,0,0,1,0
484141,4276,0,0,0,1,0
484230,4277,0,0,0,1,0
484330,4278,0,0,0,1,0
484441,4279,0,0,0,1,0
484566,4280,0,0,0,1,0
484701,4281,0,0,0,1,0
484791,4282,0,0,0,1,0
484921,4283,0,0,0,1,0
485046,4284,0,0,0,1,0
485159,4285,0,0,0,1,0
485273,4286,0,0,0,1,0
485377,4287,0,0,0,1,0
485484,4288,0,0,0,1,0
485598,4289,0,0,0,1,0
485693,4290,0,0,0,1,0
485811,4291,0,0,0,1,0
485933,4292,0,0,0,1,0
486060,4293,0,0,0,1,0
486160,4294,0,0,0,1,0
486268,4295,0,0,0,1,0
486405,4296,0,0,0,1,0
486539,4297,0,0,0,1,0
486671,4298,0,0,0,1,0
486677,4299,1,0,0,0,0
486787,4300,0,0,0,1,0
486913,4301,0,0,0,1,0
487040,4302,0,0,0,1,0
487180,4303,0,0,0,1,0
487289,4304,0,0,0,1,0
487412,4305,0,0,0,1,0
487544,4306,0,0,0,1,0
487664,4307,0,0,0,1,0
487753,4308,0,0,0,1,0
487890,4309,0,0,0,1,0
488026,4310,0,0,0,1,0
488132,4311,0,0,0,1,0
488221,4312,0,0,0,1,0
488314,4313,0,0,0,1,0
488444,4314,0,0,0,1,0
488567,4315,0,0,0,1,0
488703,4316,0,0,0,1,0
488800,4317,0,0,0,1,0
488912,4318,0,0,0,1,0
489051,4319,0,0,0,1,0
489145,4320,0,0,0,1,0
489276,4321,0,0,0,1,0
489372,4322,0,0,0,1,0
489394,4323,0,0,1,0,0
489506,4324,0,0,0,1,0
489618,4325,0,0,0,1,0
489721,4326,0,0,0,1,0
489846,4327,0,0,0,1,0
489968,4328,0,0,0,1,0
490106,4329,0,0,0,1,0
490204,4330,0,0,0,1,0
490310,4331,0,0,0,1,0
490420,4332,0,0,0,1,0
490547,4333,0,0,0,1,0
490655,4334,0,0,0,1,0
490788,4335,0,0,0,1,0
490904,4336,0,0,0,1,0
491017,4337,0,0,0,1,0
491151,4338,0,0,0,1,0
491293,4339,0,0,0,1,0
491408,4340,0,0,0,1,0
491527,4341,0,0,0,1,0
491616,4342,0,0,0,1,0
491745,4343,0,0,0,1,0
491843,4344,0,0,0,1,0
491960,4345,0,0,0,1,0
492049,4346,0,0,0,1,0
492193,4347,0,0,0,1,0
492292,4348,0,0,0,1,0
492381,4349,0,0,0,1,0
492503,4350,0,0,0,1,0
492604,4351,0,0,0,1,0
492718,4352,0,0,0,1,0
492838,4353,0,0,0,1,0
492967,4354,0,0,0,1,0
493096,4355,0,0,0,1,0
493210,4356,0,0,0,1,0
493310,4357,0,0,0,1,0
493445,4358,0,0,0,1,0
493532,4359,0,0,0,1,0
493640,4360,0,0,0,1,0
493778,4361,0,0,0,1,0
493881,4362,0,0,0,1,0
494016,4363,0,0,0,1,0
494104,4364,0,0,0,1,0
494216,4365,0,0,0,1,0
494361,4366,0,0,0,1,0
494362,4367,1,0,0,0,0
494481,4368,0,0,0,1,0
494574,4369,0,0,0,1,0
494663,4370,0,0,0,1,0
494770,4371,0,0,0,1,0
494862,4372,0,0,0,1,0
494959,4373,0,0,0,1,0
495100,4374,0,0,0,1,0
495225,4375,0,0,0,1,0
495345,4376,0,0,0,1,0
495453,4377,0,0,0,1,0
495558,4378,0,0,0,1,0
495681,4379,0,0,0,1,0
495789,4380,0,0,0,1,0
495918,4381,0,0,0,1,0
496015,4382,0,0,0,1,0
496120,4383,0,0,0,1,0
496244,4384,0,0,0,1,0
496359,4385,0,0,0,1,0
496482,4386,0,0,0,1,0
496620,4387,0,0,0,1,0
496732,4388,0,0,0,1,0
496845,4389,0,0,0,1,0
496965,4390,0,0,0,1,0
497101,4391,0,0,0,1,0
497224,4392,0,0,0,1,0
497364,4393,0,0,0,1,0
497474,4394,0,0,0,1,0
497563,4395,0,0,0,1,0
497679,4396,0,0,0,1,0
497794,4397,0,0,0,1,0
497904,4398,0,0,0,1,0
498020,4399,0,0,0,1,0
498142,4400,0,0,0,1,0
498251,4401,0,0,0,1,0
498380,4402,0,0,0,1,0
498510,4403,0,0,0,1,0
498638,4404,0,0,0,1,0
498737,4405,0,0,0,1,0
498837,4406,0,0,0,1,0
498933,4407,0,0,0,1,0
499046,4408,0,0,0,1,0
499167,4409,0,0,0,1,0
499272,4410,0,0,0,1,0
499402,4411,0,0,0,1,0
499493,4412,0,0,0,1,0
499631,4413,0,0,0,1,0
499763,4414,0,0,0,1,0
499897,4415,0,0,0,1,0
500017,4416,0,0,0,1,0
500120,4417,0,0,0,1,0
500255,4418,0,0,0,1,0
500373,4419,0,0,0,1,0
500520,4420,0,0,0,1,0
500635,4421,0,0,0,1,0
500724,4422,0,0,0,1,0
500832,4423,0,0,0,1,0
500973,4424,0,0,0,1,0
501105,4425,0,0,0,1,0
501245,4426,0,0,0,1,0
501344,4427,0,0,0,1,0
501462,4428,0,0,0,1,0
501552,4429,0,0,0,1,0
501677,4430,0,0,0,1,0
501760,4431,0,0,0,1,0
501878,4432,0,0,0,1,0
502017,4433,0,0,0,1,0
502118,4434,0,0,0,1,0
502233,4435,0,0,0,1,0
502354,4436,0,0,0,1,0
502471,4437,0,0,0,1,0
502589,4438,0,0,0,1,0
502697,4439,0,0,0,1,0
502789,4440,0,0,0,1,0
502899,4441,0,0,0,1,0
503014,4442,0,0,0,1,0
503142,4443,0,0,0,1,0
503266,4444,0,0,0,1,0
503373,4445,0,0,0,1,0
503474,4446,0,0,0,1,0
503598,4447,0,0,0,1,0
503746,4448,0,0,0,1,0
503888,4449,0,0,0,1,0
504003,4450,0,0,0,1,0
504114,4451,0,0,0,1,0
504219,4452,0,0,0,1,0
504324,4453,0,0,0,1,0
504444,4454,0,0,0,1,0
504548,4455,0,0,0,1,0
504647,4456,0,0,0,1,0
504743,4457,0,0,0,1,0
504887,4458,0,0,0,1,0
504990,4459,0,0,0,1,0
505116,4460,0,0,0,1,0
505239,4461,0,0,0,1,0
505356,4462,0,0,0,1,0
505468,4463,0,0,0,1,0
505593,4464,0,0,0,1,0
505703,4465,0,0,0,1,0
505831,4466,0,0,0,1,0
505927,4467,0,0,0,1,0
505931,4468,1,0,0,0,0
506055,4469,0,0,0,1,0
506145,4470,0,0,0,1,0
506255,4471,0,0,0,1,0
506344,4472,0,0,0,1,0
506470,4473,0,0,0,1,0
506581,4474,0,0,0,1,0
506702,4475,0,0,0,1,0
506807,4476,0,0,0,1,0
506916,4477,0,0,0,1,0
507006,4478,0,0,0,1,0
507104,4479,0,0,0,1,0
507234,4480,0,0,0,1,0
507369,4481,0,0,0,1,0
507503,4482,0,0,0,1,0
507637,4483,0,0,0,1,0
507733,4484,0,0,0,1,0
507874,4485,0,0,0,1,0
507972,4486,0,0,0,1,0
508076,4487,0,0,0,1,0
508166,4488,0,0,0,1,0
508294,4489,0,0,0,1,0
508385,4490,0,0,0,1,0
508491,4491,0,0,0,1,0
508587,4492,0,0,0,1,0
508699,4493,0,0,0,1,0
508849,4494,0,0,0,1,0
508974,4495,0,0,0,1,0
509112,4496,0,0,0,1,0
509234,4497,0,0,0,1,0
509333,4498,0,0,0,1,0
509459,4499,0,0,0,1,0
509550,4500,0,0,0,1,0
509672,4501,0,0,0,1,0
509774,4502,0,0,0,1,0
509872,4503,0,0,0,1,0
509968,4504,0,0,0,1,0
510119,4505,0,0,0,1,0
510220,4506,0,0,0,1,0
510329,4507,0,0,0,1,0
510456,4508,0,0,0,1,0
510575,4509,0,0,0,1,0
510703,4510,0,0,0,1,0
510799,4511,0,0,0,1,0
510894,4512,0,0,0,1,0
510998,4513,0,0,0,1,0
511093,4514,0,0,0,1,0
511199,4515,0,0,0,1,0
511285,4516,0,0,0,1,0
511377,4517,0,0,0,1,0
511508,4518,0,0,0,1,0
511631,4519,0,0,0,1,0
511735,4520,0,0,0,1,0
511844,4521,0,0,0,1,0
511948,4522,0,0,0,1,0
512088,4523,0,0,0,1,0
512177,4524,0,0,0,1,0
512312,4525,0,0,0,1,0
512441,4526,0,0,0,1,0
512558,4527,0,0,0,1,0
512666,4528,0,0,0,1,0
512797,4529,0,0,0,1,0
512886,4530,0,0,0,1,0
512980,4531,0,0,0,1,0
513111,4532,0,0,0,1,0
513204,4533,0,0,0,1,0
513323,4534,0,0,0,1,0
513427,4535,0,0,0,1,0
513521,4536,0,0,0,1,0
513648,4537,0,0,0,1,0
513760,4538,0,0,0,1,0
513859,4539,0,0,0,1,0
513958,4540,0,0,0,1,0
514070,4541,0,0,0,1,0
514175,4542,0,0,0,1,0
514303,4543,0,0,0,1,0
514424,4544,0,0,0,1,0
514569,4545,0,0,0,1,0
514695,4546,0,0,0,1,0
514803,4547,0,0,0,1,0
514910,4548,0,0,0,1,0
515001,4549,0,0,0,1,0
515100,4550,0,0,0,1,0
515197,4551,0,0,0,1,0
515311,4552,0,0,0,1,0
515415,4553,0,0,0,1,0
515532,4554,0,0,0,1,0
515660,4555,0,0,0,1,0
515776,4556,0,0,0,1,0
515894,4557,0,0,0,1,0
516020,4558,0,0,0,1,0
516127,4559,0,0,0,1,0
516216,4560,0,0,0,1,0
516309,4561,0,0,0,1,0
516448,4562,0,0,0,1,0
516561,4563,0,0,0,1,0
516655,4564,0,0,0,1,0
516744,4565,0,0,0,1,0
516833,4566,0,0,0,1,0
516945,4567,0,0,0,1,0
517060,4568,0,0,0,1,0
517153,4569,0,0,0,1,0
517280,4570,0,0,0,1,0
517418,4571,0,0,0,1,0
517515,4572,0,0,0,1,0
517608,4573,0,0,0,1,0
517711,4574,0,0,0,1,0
517840,4575,0,0,0,1,0
517942,4576,0,0,0,1,0
518065,4577,0,0,0,1,0
518178,4578,0,0,0,1,0
518298,4579,0,0,0,1,0
518432,4580,0,0,0,1,0
518581,4581,0,0,0,1,0
518713,4582,0,0,0,1,0
518842,4583,0,0,0,1,0
518975,4584,0,0,0,1,0
519072,4585,0,0,0,1,0
519215,4586,0,0,0,1,0
519327,4587,0,0,0,1,0
519431,4588,0,0,0,1,0
519542,4589,0,0,0,1,0
519655,4590,0,0,0,1,0
519756,4591,0,0,0,1,0
519864,4592,0,0,0,1,0
519969,4593,0,0,0,1,0
520103,4594,0,0,0,1,0
520191,4595,0,0,0,1,0
520284,4596,0,0,0,1,0
520387,4597,0,0,0,1,0
520507,4598,0,0,0,1,0
520615,4599,0,0,0,1,0
520743,4600,0,0,0,1,0
520869,4601,0,0,0,1,0
520982,4602,0,0,0,1,0
521072,4603,0,0,0,1,0
521205,4604,0,0,0,1,0
521334,4605,0,0,0,1,0
521424,4606,0,0,0,1,0
521531,4607,0,0,0,1,0
521655,4608,0,0,0,1,0
521767,4609,0,0,0,1,0
521858,4610,0,0,0,1,0
521983,4611,0,0,0,1,0
522082,4612,0,0,0,1,0
522205,4613,0,0,0,1,0
522331,4614,0,0,0,1,0
522463,4615,0,0,0,1,0
522552,4616,0,0,0,1,0
522667,4617,0,0,0,1,0
522765,4618,0,0,0,1,0
522886,4619,0,0,0,1,0
522984,4620,0,0,0,1,0
523100,4621,0,0,0,1,0
523214,4622,0,0,0,1,0
523343,4623,0,0,0,1,0
523470,4624,0,0,0,1,0
523474,4625,1,0,0,0,0
523563,4626,0,0,0,1,0
523670,4627,0,0,0,1,0
523799,4628,0,0,0,1,0
523926,4629,0,0,0,1,0
524039,4630,0,0,0,1,0
524183,4631,0,0,0,1,0
524302,4632,0,0,0,1,0
524426,4633,0,0,0,1,0
524526,4634,0,0,0,1,0
524657,4635,0,0,0,1,0
524746,4636,0,0,0,1,0
524848,4637,0,0,0,1,0
524949,4638,0,0,0,1,0
525061,4639,0,0,0,1,0
525152,4640,0,0,0,1,0
525244,4641,0,0,0,1,0
525355,4642,0,0,0,1,0
525473,4643,0,0,0,1,0
525570,4644,0,0,0,1,0
525680,4645,0,0,0,1,0
525801,4646,0,0,0,1,0
525899,4647,0,0,0,1,0
526031,4648,0,0,0,1,0
526142,4649,0,0,0,1,0
526263,4650,0,0,0,1,0
526379,4651,0,0,0,1,0
526520,4652,0,0,0,1,0
526612,4653,0,0,0,1,0
526745,4654,0,0,0,1,0
526850,4655,0,0,0,1,0
526958,4656,0,0,0,1,0
527104,4657,0,0,0,1,0
527195,4658,0,0,0,1,0
527307,4659,0,0,0,1,0
527418,4660,0,0,0,1,0
527560,4661,0,0,0,1,0
527670,4662,0,0,0,1,0
527784,4663,0,0,0,1,0
527888,4664,0,0,0,1,0
528016,4665,0,0,0,1,0
528113,4666,0,0,0,1,0
528218,4667,0,0,0,1,0
528348,4668,0,0,0,1,0
528437,4669,0,0,0,1,0
528562,4670,0,0,0,1,0
528658,4671,0,0,0,1,0
528793,4672,0,0,0,1,0
528923,4673,0,0,0,1,0
529048,4674,0,0,0,1,0
529167,4675,0,0,0,1,0
529290,4676,0,0,0,1,0
529295,4677,1,0,0,0,0
529423,4678,0,0,0,1,0
529513,4679,0,0,0,1,0
529619,4680,0,0,0,1,0
529651,4681,0,0,1,0,0
529774,4682,0,0,0,1,0
529907,4683,0,0,0,1,0
530008,4684,0,0,0,1,0
530139,4685,0,0,0,1,0
530258,4686,0,0,0,1,0
530368,4687,0,0,0,1,0
530484,4688,0,0,0,1,0
530611,4689,0,0,0,1,0
530741,4690,0,0,0,1,0
530859,4691,0,0,0,1,0
530982,4692,0,0,0,1,0
531100,4693,0,0,0,1,0
531197,4694,0,0,0,1,0
531314,4695,0,0,0,1,0
531453,4696,0,0,0,1,0
531551,4697,0,0,0,1,0
531647,4698,0,0,0,1,0
531739,4699,0,0,0,1,0
531846,4700,0,0,0,1,0
531949,4701,0,0,0,1,0
532066,4702,0,0,0,1,0
532175,4703,0,0,0,1,0
532289,4704,0,0,0,1,0
532382,4705,0,0,0,1,0
532497,4706,0,0,0,1,0
532600,4707,0,0,0,1,0
532708,4708,0,0,0,1,0
532829,4709,0,0,0,1,0
532922,4710,0,0,0,1,0
533033,4711,0,0,0,1,0
533162,4712,0,0,0,1,0
533278,4713,0,0,0,1,0
533396,4714,0,0,0,1,0
533534,4715,0,0,0,1,0
533647,4716,0,0,0,1,0
533743,4717,0,0,0,1,0
533859,4718,0,0,0,1,0
533981,4719,0,0,0,1,0
534106,4720,0,0,0,1,0
534210,4721,0,0,0,1,0
534301,4722,0,0,0,1,0
534428,4723,0,0,0,1,0
534541,4724,0,0,0,1,0
534653,4725,0,0,0,1,0
534757,4726,0,0,0,1,0
534867,4727,0,0,0,1,0
534976,4728,0,0,0,1,0
535092,4729,0,0,0,1,0
535225,4730,0,0,0,1,0
535335,4731,0,0,0,1,0
535467,4732,0,0,0,1,0
535592,4733,0,0,0,1,0
535728,4734,0,0,0,1,0
535830,4735,0,0,0,1,0
535917,4736,0,0,0,1,0
536055,4737,0,0,0,1,0
536182,4738,0,0,0,1,0
536332,4739,0,0,0,1,0
536462,4740,0,0,0,1,0
536605,4741,0,0,0,1,0
536710,4742,0,0,0,1,0
536793,4743,0,0,0,1,0
536907,4744,0,0,0,1,0
537037,4745,0,0,0,1,0
537155,4746,0,0,0,1,0
537270,4747,0,0,0,1,0
537397,4748,0,0,0,1,0
537520,4749,0,0,0,1,0
537627,4750,0,0,0,1,0
537716,4751,0,0,0,1,0
537808,4752,0,0,0,1,0
537955,4753,0,0,0,1,0
538086,4754,0,0,0,1,0
538208,4755,0,0,0,1,0
538317,4756,0,0,0,1,0
538446,4757,0,0,0,1,0
538547,4758,0,0,0,1,0
538681,4759,0,0,0,1,0
538776,4760,0,0,0,1,0
538896,4761,0,0,0,1,0
539026,4762,0,0,0,1,0
539141,4763,0,0,0,1,0
539270,4764,0,0,0,1,0
539406,4765,0,0,0,1,0
539514,4766,0,0,0,1,0
539611,4767,0,0,0,1,0
539737,4768,0,0,0,1,0
539849,4769,0,0,0,1,0
539959,4770,0,0,0,1,0
540059,4771,0,0,0,1,0
540157,4772,0,0,0,1,0
540249,4773,0,0,0,1,0
540365,4774,0,0,0,1,0
540469,4775,0,0,0,1,0
540588,4776,0,0,0,1,0
540689,4777,0,0,0,1,0
540791,4778,0,0,0,1,0
540901,4779,0,0,0,1,0
541040,4780,0,0,0,1,0
541165,4781,0,0,0,1,0
541267,4782,0,0,0,1,0
541393,4783,0,0,0,1,0
541486,4784,0,0,0,1,0
541583,4785,0,0,0,1,0
541680,4786,0,0,0,1,0
541774,4787,0,0,0,1,0
541889,4788,0,0,0,1,0
541998,4789,0,0,0,1,0
542109,4790,0,0,0,1,0
542240,4791,0,0,0,1,0
542371,4792,0,0,0,1,0
542489,4793,0,0,0,1,0
542622,4794,0,0,0,1,0
542715,4795,0,0,0,1,0
542827,4796,0,0,0,1,0
542943,4797,0,0,0,1,0
543052,4798,0,0,0,1,0
543181,4799,0,0,0,1,0
543273,4800,0,0,0,1,0
543406,4801,0,0,0,1,0
543519,4802,0,0,0,1,0
543624,4803,0,0,0,1,0
543710,4804,0,0,0,1,0
543809,4805,0,0,0,1,0
543909,4806,0,0,0,1,0
544029,4807,0,0,0,1,0
544144,4808,0,0,0,1,0
544274,4809,0,0,0,1,0
544412,4810,0,0,0,1,0
544548,4811,0,0,0,1,0
544637,4812,0,0,0,1,0
544766,4813,0,0,0,1,0
544891,4814,0,0,0,1,0
544991,4815,0,0,0,1,0
545122,4816,0,0,0,1,0
545240,4817,0,0,0,1,0
545350,4818,0,0,0,1,0
545479,4819,0,0,0,1,0
545568,4820,0,0,0,1,0
545667,4821,0,0,0,1,0
545793,4822,0,0,0,1,0
545890,4823,0,0,0,1,0
545991,4824,0,0,0,1,0
546103,4825,0,0,0,1,0
546233,4826,0,0,0,1,0
546338,4827,0,0,0,1,0
546440,4828,0,0,0,1,0
546559,4829,0,0,0,1,0
546688,4830,0,0,0,1,0
546790,4831,0,0,0,1,0
546900,4832,0,0,0,1,0
547003,4833,0,0,0,1,0
547119,4834,0,0,0,1,0
547259,4835,0,0,0,1,0
547400,4836,0,0,0,1,0
547533,4837,0,0,0,1,0
547640,4838,0,0,0,1,0
547748,4839,0,0,0,1,0
547849,4840,0,0,0,1,0
547966,4841,0,0,0,1,0
548088,4842,0,0,0,1,0
548193,4843,0,0,0,1,0
548315,4844,0,0,0,1,0
548421,4845,0,0,0,1,0
548566,4846,0,0,0,1,0
548690,4847,0,0,0,1,0
548823,4848,0,0,0,1,0
548828,4849,1,0,0,0,0
548948,4850,0,0,0,1,0
549071,4851,0,0,0,1,0
549174,4852,0,0,0,1,0
549302,4853,0,0,0,1,0
549426,4854,0,0,0,1,0
549569,4855,0,0,0,1,0
549670,4856,0,0,0,1,0
549788,4857,0,0,0,1,0
549918,4858,0,0,0,1,0
550021,4859,0,0,0,1,0
550133,4860,0,0,0,1,0
550265,4861,0,0,0,1,0
550393,4862,0,0,0,1,0
550516,4863,0,0,0,1,0
550638,4864,0,0,0,1,0
550731,4865,0,0,0,1,0
550855,4866,0,0,0,1,0
550977,4867,0,0,0,1,0
551102,4868,0,0,0,1,0
551192,4869,0,0,0,1,0
551281,4870,0,0,0,1,0
551394,4871,0,0,0,1,0
551519,4872,0,0,0,1,0
551614,4873,0,0,0,1,0
551719,4874,0,0,0,1,0
551831,4875,0,0,0,1,0
551918,4876,0,0,0,1,0
552026,4877,0,0,0,1,0
552155,4878,0,0,0,1,0
552296,4879,0,0,0,1,0
552412,4880,0,0,0,1,0
552519,4881,0,0,0,1,0
552645,4882,0,0,0,1,0
552744,4883,0,0,0,1,0
552833,4884,0,0,0,1,0
552964,4885,0,0,0,1,0
553097,4886,0,0,0,1,0
553221,4887,0,0,0,1,0
553325,4888,0,0,0,1,0
553432,4889,0,0,0,1,0
553555,4890,0,0,0,1,0
553666,4891,0,0,0,1,0
553765,4892,0,0,0,1,0
553873,4893,0,0,0,1,0
553986,4894,0,0,0,1,0
554129,4895,0,0,0,1,0
554261,4896,0,0,0,1,0
554375,4897,0,0,0,1,0
554497,4898,0,0,0,1,0
554601,4899,0,0,0,1,0
554722,4900,0,0,0,1,0
554832,4901,0,0,0,1,0
554965,4902,0,0,0,1,0
555063,4903,0,0,0,1,0
555170,4904,0,0,0,1,0
555286,4905,0,0,0,1,0
555395,4906,0,0,0,1,0
555497,4907,0,0,0,1,0
555607,4908,0,0,0,1,0
555732,4909,0,0,0,1,0
555839,4910,0,0,0,1,0
555965,4911,0,0,0,1,0
556079,4912,0,0,0,1,0
556192,4913,0,0,0,1,0
556292,4914,0,0,0,1,0
556420,4915,0,0,0,1,0
556519,4916,0,0,0,1,0
556617,4917,0,0,0,1,0
556745,4918,0,0,0,1,0
556891,4919,0,0,0,1,0
556979,4920,0,0,0,1,0
557088,4921,0,0,0,1,0
557228,4922,0,0,0,1,0
557346,4923,0,0,0,1,0
557451,4924,0,0,0,1,0
557568,4925,0,0,0,1,0
557697,4926,0,0,0,1,0
557789,4927,0,0,0,1,0
557929,4928,0,0,0,1,0
558042,4929,0,0,0,1,0
558170,4930,0,0,0,1,0
558298,4931,0,0,0,1,0
558394,4932,0,0,0,1,0
558502,4933,0,0,0,1,0
558602,4934,0,0,0,1,0
558707,4935,0,0,0,1,0
558824,4936,0,0,0,1,0
558948,4937,0,0,0,1,0
559047,4938,0,0,0,1,0
559146,4939,0,0,0,1,0
559262,4940,0,0,0,1,0
559372,4941,0,0,0,1,0
559494,4942,0,0,0,1,0
559595,4943,0,0,0,1,0
559723,4944,0,0,0,1,0
559841,4945,0,0,0,1,0
559954,4946,0,0,0,1,0
560090,4947,0,0,0,1,0
560220,4948,0,0,0,1,0
560327,4949,0,0,0,1,0
560444,4950,0,0,0,1,0
560562,4951,0,0,0,1,0
560666,4952,0,0,0,1,0
560692,4953,0,0,1,0,0
560775,4954,0,0,0,1,0
560865,4955,0,0,0,1,0
561000,4956,0,0,0,1,0
561120,4957,0,0,0,1,0
561244,4958,0,0,0,1,0
561373,4959,0,0,0,1,0
561500,4960,0,0,0,1,0
561620,4961,0,0,0,1,0
561713,4962,0,0,0,1,0
561851,4963,0,0,0,1,0
561947,4964,0,0,0,1,0
562041,4965,0,0,0,1,0
562176,4966,0,0,0,1,0
562267,4967,0,0,0,1,0
562370,4968,0,0,0,1,0
562464,4969,0,0,0,1,0
562466,4970,1,0,0,0,0
562584,4971,0,0,0,1,0
562682,4972,0,0,0,1,0
562792,4973,0,0,0,1,0
562919,4974,0,0,0,1,0
563037,4975,0,0,0,1,0
563157,4976,0,0,0,1,0
563274,4977,0,0,0,1,0
563365,4978,0,0,0,1,0
563497,4979,0,0,0,1,0
563624,4980,0,0,0,1,0
563735,4981,0,0,0,1,0
563833,4982,0,0,0,1,0
563922,4983,0,0,0,1,0
564011,4984,0,0,0,1,0
564096,4985,0,0,0,1,0
564204,4986,0,0,0,1,0
564313,4987,0,0,0,1,0
564422,4988,0,0,0,1,0
564539,4989,0,0,0,1,0
564642,4990,0,0,0,1,0
564784,4991,0,0,0,1,0
564885,4992,0,0,0,1,0
565013,4993,0,0,0,1,0
565117,4994,0,0,0,1,0
565210,4995,0,0,0,1,0
565317,4996,0,0,0,1,0
565408,4997,0,0,0,1,0
565497,4998,0,0,0,1,0
565592,4999,0,0,0,1,0
565687,5000,0,0,0,1,0
565797,5001,0,0,0,1,0
565934,5002,0,0,0,1,0
566066,5003,0,0,0,1,0
566156,5004,0,0,0,1,0
566274,5005,0,0,0,1,0
566371,5006,0,0,0,1,0
566492,5007,0,0,0,1,0
566601,5008,0,0,0,1,0
566733,5009,0,0,0,1,0
566880,5010,0,0,0,1,0
566999,5011,0,0,0,1,0
567124,5012,0,0,0,1,0
567261,5013,0,0,0,1,0
567387,5014,0,0,0,1,0
567518,5015,0,0,0,1,0
567645,5016,0,0,0,1,0
567776,5017,0,0,0,1,0
567878,5018,0,0,0,1,0
567971,5019,0,0,0,1,0
568081,5020,0,0,0,1,0
568181,5021,0,0,0,1,0
568311,5022,0,0,0,1,0
568423,5023,0,0,0,1,0
568537,5024,0,0,0,1,0
568646,5025,0,0,0,1,0
568774,5026,0,0,0,1,0
568905,5027,0,0,0,1,0
568998,5028,0,0,0,1,0
569100,5029,0,0,0,1,0
569248,5030,0,0,0,1,0
569336,5031,0,0,0,1,0
569469,5032,0,0,0,1,0
569599,5033,0,0,0,1,0
569729,5034,0,0,0,1,0
569841,5035,0,0,0,1,0
569945,5036,0,0,0,1,0
570073,5037,0,0,0,1,0
570199,5038,0,0,0,1,0
570318,5039,0,0,0,1,0
570423,5040,0,0,0,1,0
570526,5041,0,0,0,1,0
570641,5042,0,0,0,1,0
570772,5043,0,0,0,1,0
570901,5044,0,0,0,1,0
571018,5045,0,0,0,1,0
571118,5046,0,0,0,1,0
571237,5047,0,0,0,1,0
571371,5048,0,0,0,1,0
571516,5049,0,0,0,1,0
571635,5050,0,0,0,1,0
571760,5051,0,0,0,1,0
571883,5052,0,0,0,1,0
571982,5053,0,0,0,1,0
572081,5054,0,0,0,1,0
572220,5055,0,0,0,1,0
572362,5056,0,0,0,1,0
572453,5057,0,0,0,1,0
572564,5058,0,0,0,1,0
572651,5059,0,0,0,1,0
572772,5060,0,0,0,1,0
572898,5061,0,0,0,1,0
573018,5062,0,0,0,1,0
573142,5063,0,0,0,1,0
573228,5064,0,0,0,1,0
573325,5065,0,0,1,0,0
573456,5066,0,0,0,1,0
573587,5067,0,0,0,1,0
573678,5068,0,0,1,0,0
573808,5069,0,0,0,1,0
573941,5070,0,0,0,1,0
574053,5071,0,0,0,1,0
574165,5072,0,0,0,1,0
574277,5073,0,0,0,1,0
574390,5074,0,0,0,1,0
574499,5075,0,0,0,1,0
574599,5076,0,0,0,1,0
574698,5077,0,0,0,1,0
574702,5078,1,0,0,0,0
574841,5079,0,0,0,1,0
574973,5080,0,0,0,1,0
575088,5081,0,0,0,1,0
575197,5082,0,0,0,1,0
575287,5083,0,0,0,1,0
575412,5084,0,0,0,1,0
575527,5085,0,0,0,1,0
575656,5086,0,0,0,1,0
575746,5087,0,0,0,1,0
575858,5088,0,0,0,1,0
575953,5089,0,0,0,1,0
576056,5090,0,0,0,1,0
576148,5091,0,0,0,1,0
576244,5092,0,0,0,1,0
576353,5093,0,0,0,1,0
576485,5094,0,0,0,1,0
576597,5095,0,0,0,1,0
576694,5096,0,0,0,1,0
576826,5097,0,0,0,1,0
576938,5098,0,0,0,1,0
577069,5099,0,0,0,1,0
577186,5100,0,0,0,1,0
577303,5101,0,0,0,1,0
577425,5102,0,0,0,1,0
577529,5103,0,0,0,1,0
577653,5104,0,0,0,1,0
577789,5105,0,0,0,1,0
577887,5106,0,0,0,1,0
577997,5107,0,0,0,1,0
578100,5108,0,0,0,1,0
578199,5109,0,0,0,1,0
578301,5110,0,0,0,1,0
578441,5111,0,0,0,1,0
578568,5112,0,0,0,1,0
578674,5113,0,0,0,1,0
578769,5114,0,0,0,1,0
578906,5115,0,0,0,1,0
579049,5116,0,0,0,1,0
579191,5117,0,0,0,1,0
579304,5118,0,0,0,1,0
579424,5119,0,0,0,1,0
579554,5120,0,0,0,1,0
579678,5121,0,0,0,1,0
579789,5122,0,0,0,1,0
579907,5123,0,0,0,1,0
580032,5124,0,0,0,1,0
580121,5125,0,0,0,1,0
580210,5126,0,0,0,1,0
580339,5127,0,0,0,1,0
580445,5128,0,0,0,1,0
580580,5129,0,0,0,1,0
580708,5130,0,0,0,1,0
580798,5131,0,0,0,1,0
580937,5132,0,0,0,1,0
581061,5133,0,0,0,1,0
581191,5134,0,0,0,1,0
581307,5135,0,0,0,1,0
581430,5136,0,0,0,1,0
581564,5137,0,0,0,1,0
581688,5138,0,0,0,1,0
581808,5139,0,0,0,1,0
581905,5140,0,0,0,1,0
582043,5141,0,0,0,1,0
582173,5142,0,0,0,1,0
582306,5143,0,0,0,1,0
582403,5144,0,0,0,1,0
582506,5145,0,0,0,1,0
582620,5146,0,0,0,1,0
582717,5147,0,0,0,1,0
582828,5148,0,0,0,1,0
582928,5149,0,0,0,1,0
583057,5150,0,0,0,1,0
583169,5151,0,0,0,1,0
583299,5152,0,0,0,1,0
583397,5153,0,0,0,1,0
583526,5154,0,0,0,1,0
583629,5155,0,0,0,1,0
583738,5156,0,0,0,1,0
583856,5157,0,0,0,1,0
583965,5158,0,0,0,1,0
584105,5159,0,0,0,1,0
584223,5160,0,0,0,1,0
584351,5161,0,0,0,1,0
584482,5162,0,0,0,1,0
584594,5163,0,0,0,1,0
584714,5164,0,0,0,1,0
584850,5165,0,0,0,1,0
584939,5166,0,0,0,1,0
585080,5167,0,0,0,1,0
585198,5168,0,0,0,1,0
585312,5169,0,0,0,1,0
585401,5170,0,0,0,1,0
585496,5171,0,0,0,1,0
585615,5172,0,0,0,1,0
585746,5173,0,0,0,1,0
585861,5174,0,0,0,1,0
585989,5175,0,0,0,1,0
586086,5176,0,0,0,1,0
586183,5177,0,0,0,1,0
586306,5178,0,0,0,1,0
586429,5179,0,0,0,1,0
586525,5180,0,0,0,1,0
586654,5181,0,0,0,1,0
586784,5182,0,0,0,1,0
586870,5183,0,0,0,1,0
586986,5184,0,0,0,1,0
587123,5185,0,0,0,1,0
587232,5186,0,0,0,1,0
587338,5187,0,0,0,1,0
587438,5188,0,0,0,1,0
587565,5189,0,0,0,1,0
587663,5190,0,0,0,1,0
587800,5191,0,0,0,1,0
587939,5192,0,0,0,1,0
588064,5193,0,0,0,1,0
588193,5194,0,0,0,1,0
588290,5195,0,0,0,1,0
588425,5196,0,0,0,1,0
588511,5197,0,0,0,1,0
588615,5198,0,0,0,1,0
588725,5199,0,0,0,1,0
588868,5200,0,0,0,1,0
588984,5201,0,0,0,1,0
589082,5202,0,0,0,1,0
589223,5203,0,0,0,1,0
589354,5204,0,0,0,1,0
589493,5205,0,0,0,1,0
589620,5206,0,0,0,1,0
589737,5207,0,0,0,1,0
589854,5208,0,0,0,1,0
589971,5209,0,0,0,1,0
590110,5210,0,0,0,1,0
590226,5211,0,0,0,1,0
590337,5212,0,0,0,1,0
590459,5213,0,0,0,1,0
590556,5214,0,0,0,1,0
590663,5215,0,0,0,1,0
590787,5216,0,0,0,1,0
590908,5217,0,0,0,1,0
591030,5218,0,0,0,1,0
591143,5219,0,0,0,1,0
591270,5220,0,0,0,1,0
591365,5221,0,0,0,1,0
591507,5222,0,0,0,1,0
591604,5223,0,0,0,1,0
591746,5224,0,0,0,1,0
591846,5225,0,0,0,1,0
591979,5226,0,0,0,1,0
592109,5227,0,0,0,1,0
592198,5228,0,0,0,1,0
592291,5229,0,0,0,1,0
592416,5230,0,0,0,1,0
592540,5231,0,0,0,1,0
592629,5232,0,0,0,1,0
592725,5233,0,0,0,1,0
592857,5234,0,0,0,1,0
592954,5235,0,0,0,1,0
593069,5236,0,0,0,1,0
593168,5237,0,0,0,1,0
593266,5238,0,0,0,1,0
593371,5239,0,0,0,1,0
593507,5240,0,0,0,1,0
593511,5241,1,0,0,0,0
593630,5242,0,0,0,1,0
593775,5243,0,0,0,1,0
593897,5244,0,0,0,1,0
593994,5245,0,0,0,1,0
594115,5246,0,0,0,1,0
594240,5247,0,0,0,1,0
594372,5248,0,0,0,1,0
594461,5249,0,0,0,1,0
594558,5250,0,0,0,1,0
594663,5251,0,0,0,1,0
594753,5252,0,0,0,1,0
594885,5253,0,0,0,1,0
595014,5254,0,0,0,1,0
595131,5255,0,0,0,1,0
595265,5256,0,0,0,1,0
595360,5257,0,0,0,1,0
595501,5258,0,0,0,1,0
595626,5259,0,0,0,1,0
595716,5260,0,0,0,1,0
595830,5261,0,0,0,1,0
595931,5262,0,0,0,1,0
596050,5263,0,0,0,1,0
596178,5264,0,0,0,1,0
596280,5265,0,0,0,1,0
596373,5266,0,0,0,1,0
596511,5267,0,0,0,1,0
596610,5268,0,0,0,1,0
596710,5269,0,0,0,1,0
596828,5270,0,0,0,1,0
596974,5271,0,0,0,1,0
597107,5272,0,0,0,1,0
597227,5273,0,0,0,1,0
597362,5274,0,0,0,1,0
597457,5275,0,0,0,1,0
597554,5276,0,0,0,1,0
597650,5277,0,0,0,1,0
597757,5278,0,0,0,1,0
597886,5279,0,0,0,1,0
598001,5280,0,0,0,1,0
598098,5281,0,0,0,1,0
598206,5282,0,0,0,1,0
598319,5283,0,0,0,1,0
598422,5284,0,0,0,1,0
598555,5285,0,0,0,1,0
598695,5286,0,0,0,1,0
598821,5287,0,0,0,1,0
598948,5288,0,0,0,1,0
599069,5289,0,0,0,1,0
599193,5290,0,0,0,1,0
599324,5291,0,0,0,1,0
599415,5292,0,0,0,1,0
599545,5293,0,0,0,1,0
599691,5294,0,0,0,1,0
599824,5295,0,0,0,1,0
599960,5296,0,0,0,1,0
600048,5297,0,0,0,1,0
600171,5298,0,0,0,1,0
600286,5299,0,0,0,1,0
600400,5300,0,0,0,1,0
600532,5301,0,0,0,1,0
600635,5302,0,0,0,1,0
600774,5303,0,0,0,1,0
600877,5304,0,0,0,1,0
601012,5305,0,0,0,1,0
601138,5306,0,0,0,1,0
601262,5307,0,0,0,1,0
601376,5308,0,0,0,1,0
601474,5309,0,0,0,1,0
601582,5310,0,0,0,1,0
601677,5311,0,0,0,1,0
601788,5312,0,0,0,1,0
601914,5313,0,0,0,1,0
602045,5314,0,0,0,1,0
602143,5315,0,0,0,1,0
602255,5316,0,0,0,1,0
602345,5317,0,0,0,1,0
602438,5318,0,0,0,1,0
602546,5319,0,0,0,1,0
602661,5320,0,0,0,1,0
602752,5321,0,0,0,1,0
602886,5322,0,0,0,1,0
603005,5323,0,0,0,1,0
603128,5324,0,0,0,1,0
603256,5325,0,0,0,1,0
603342,5326,0,0,0,1,0
603470,5327,0,0,0,1,0
603563,5328,0,0,0,1,0
603691,5329,0,0,0,1,0
603815,5330,0,0,0,1,0
603922,5331,0,0,0,1,0
604059,5332,0,0,0,1,0
604173,5333,0,0,0,1,0
604271,5334,0,0,0,1,0
604360,5335,0,0,0,1,0
604504,5336,0,0,0,1,0
604646,5337,0,0,0,1,0
604782,5338,0,0,0,1,0
604884,5339,0,0,0,1,0
604983,5340,0,0,0,1,0
605082,5341,0,0,0,1,0
605194,5342,0,0,0,1,0
605302,5343,0,0,0,1,0
605421,5344,0,0,0,1,0
605556,5345,0,0,0,1,0
605654,5346,0,0,0,1,0
605783,5347,0,0,0,1,0
605894,5348,0,0,0,1,0
606009,5349,0,0,0,1,0
606152,5350,0,0,0,1,0
606267,5351,0,0,0,1,0
606372,5352,0,0,0,1,0
606502,5353,0,0,0,1,0
606610,5354,0,0,0,1,0
606708,5355,0,0,0,1,0
606825,5356,0,0,0,1,0
606953,5357,0,0,0,1,0
607076,5358,0,0,0,1,0
607194,5359,0,0,0,1,0
607285,5360,0,0,0,1,0
607411,5361,0,0,0,1,0
607501,5362,0,0,0,1,0
607635,5363,0,0,0,1,0
607736,5364,0,0,0,1,0
607833,5365,0,0,0,1,0
607948,5366,0,0,0,1,0
608056,5367,0,0,0,1,0
608168,5368,0,0,0,1,0
608289,5369,0,0,0,1,0
608412,5370,0,0,0,1,0
608511,5371,0,0,0,1,0
608628,5372,0,0,0,1,0
608763,5373,0,0,0,1,0
608863,5374,0,0,0,1,0
608973,5375,0,0,0,1,0
609088,5376,0,0,0,1,0
609207,5377,0,0,0,1,0
609326,5378,0,0,0,1,0
609431,5379,0,0,0,1,0
609535,5380,0,0,0,1,0
609624,5381,0,0,0,1,0
609750,5382,0,0,0,1,0
609861,5383,0,0,0,1,0
610002,5384,0,0,0,1,0
610096,5385,0,0,0,1,0
610212,5386,0,0,0,1,0
610310,5387,0,0,0,1,0
610403,5388,0,0,0,1,0
610540,5389,0,0,0,1,0
610651,5390,0,0,0,1,0
610755,5391,0,0,0,1,0
610881,5392,0,0,0,1,0
610973,5393,0,0,0,1,0
611069,5394,0,0,0,1,0
611188,5395,0,0,0,1,0
611316,5396,0,0,0,1,0
611418,5397,0,0,0,1,0
611517,5398,0,0,0,1,0
611603,5399,0,0,0,1,0
611736,5400,0,0,0,1,0
611830,5401,0,0,0,1,0
611956,5402,0,0,0,1,0
612086,5403,0,0,0,1,0
612199,5404,0,0,0,1,0
612291,5405,0,0,0,1,0
612392,5406,0,0,0,1,0
612499,5407,0,0,0,1,0
612614,5408,0,0,0,1,0
612736,5409,0,0,0,1,0
612835,5410,0,0,0,1,0
612950,5411,0,0,0,1,0
613047,5412,0,0,0,1,0
613160,5413,0,0,0,1,0
613280,5414,0,0,0,1,0
613382,5415,0,0,0,1,0
613493,5416,0,0,0,1,0
613636,5417,0,0,0,1,0
613728,5418,0,0,0,1,0
613819,5419,0,0,0,1,0
613913,5420,0,0,0,1,0
614042,5421,0,0,0,1,0
614155,5422,0,0,0,1,0
614243,5423,0,0,0,1,0
614375,5424,0,0,0,1,0
614481,5425,0,0,0,1,0
614584,5426,0,0,0,1,0
614674,5427,0,0,0,1,0
614813,5428,0,0,0,1,0
614934,5429,0,0,0,1,0
615026,5430,0,0,0,1,0
615150,5431,0,0,0,1,0
615276,5432,0,0,0,1,0
615375,5433,0,0,0,1,0
615464,5434,0,0,0,1,0
615565,5435,0,0,0,1,0
615691,5436,0,0,0,1,0
615829,5437,0,0,0,1,0
615925,5438,0,0,0,1,0
616043,5439,0,0,0,1,0
616148,5440,0,0,0,1,0
616286,5441,0,0,0,1,0
616385,5442,0,0,0,1,0
616510,5443,0,0,0,1,0
616623,5444,0,0,0,1,0
616752,5445,0,0,0,1,0
616852,5446,0,0,0,1,0
616985,5447,0,0,0,1,0
617101,5448,0,0,0,1,0
617204,5449,0,0,0,1,0
617299,5450,0,0,0,1,0
617401,5451,0,0,0,1,0
617535,5452,0,0,0,1,0
617637,5453,0,0,0,1,0
617760,5454,0,0,0,1,0
617857,5455,0,0,0,1,0
617949,5456,0,0,0,1,0
618049,5457,0,0,0,1,0
618161,5458,0,0,0,1,0
618267,5459,0,0,0,1,0
618404,5460,0,0,0,1,0
618524,5461,0,0,0,1,0
618648,5462,0,0,0,1,0
618773,5463,0,0,0,1,0
618879,5464,0,0,0,1,0
618971,5465,0,0,0,1,0
619118,5466,0,0,0,1,0
619233,5467,0,0,0,1,0
619336,5468,0,0,0,1,0
619430,5469,0,0,0,1,0
619519,5470,0,0,0,1,0
619646,5471,0,0,0,1,0
619749,5472,0,0,0,1,0
619861,5473,0,0,0,1,0
619988,5474,0,0,0,1,0
620104,5475,0,0,0,1,0
620212,5476,0,0,0,1,0
620334,5477,0,0,0,1,0
620428,5478,0,0,0,1,0
620495,5479,0,0,1,0,0
620587,5480,0,0,0,1,0
620684,5481,0,0,0,1,0
620790,5482,0,0,0,1,0
620888,5483,0,0,0,1,0
621026,5484,0,0,0,1,0
621158,5485,0,0,0,1,0
621262,5486,0,0,0,1,0
621363,5487,0,0,0,1,0
621484,5488,0,0,0,1,0
621616,5489,0,0,0,1,0
621728,5490,0,0,0,1,0
621868,5491,0,0,0,1,0
621961,5492,0,0,0,1,0
622095,5493,0,0,0,1,0
622229,5494,0,0,0,1,0
622330,5495,0,0,0,1,0
622474,5496,0,0,0,1,0
622576,5497,0,0,0,1,0
622709,5498,0,0,0,1,0
622836,5499,0,0,0,1,0
622934,5500,0,0,0,1,0
623071,5501,0,0,0,1,0
623210,5502,0,0,0,1,0
623304,5503,0,0,0,1,0
623419,5504,0,0,0,1,0
623534,5505,0,0,0,1,0
623641,5506,0,0,0,1,0
623750,5507,0,0,0,1,0
623861,5508,0,0,0,1,0
623961,5509,0,0,0,1,0
624079,5510,0,0,0,1,0
624190,5511,0,0,0,1,0
624314,5512,0,0,0,1,0
624415,5513,0,0,0,1,0
624528,5514,0,0,0,1,0
624640,5515,0,0,0,1,0
624745,5516,0,0,0,1,0
624872,5517,0,0,0,1,0
624984,5518,0,0,0,1,0
625087,5519,0,0,0,1,0
625211,5520,0,0,0,1,0
625336,5521,0,0,0,1,0
625437,5522,0,0,0,1,0
625573,5523,0,0,0,1,0
625693,5524,0,0,0,1,0
625814,5525,0,0,0,1,0
625936,5526,0,0,0,1,0
626078,5527,0,0,0,1,0
626200,5528,0,0,0,1,0
626327,5529,0,0,0,1,0
626441,5530,0,0,0,1,0
626572,5531,0,0,0,1,0
626703,5532,0,0,0,1,0
626812,5533,0,0,0,1,0
626932,5534,0,0,0,1,0
627061,5535,0,0,0,1,0
627174,5536,0,0,0,1,0
627280,5537,0,0,0,1,0
627388,5538,0,0,0,1,0
627521,5539,0,0,0,1,0
627659,5540,0,0,0,1,0
627771,5541,0,0,0,1,0
627871,5542,0,0,0,1,0
627972,5543,0,0,0,1,0
628068,5544,0,0,0,1,0
628195,5545,0,0,0,1,0
628306,5546,0,0,0,1,0
628433,5547,0,0,0,1,0
628548,5548,0,0,0,1,0
628670,5549,0,0,0,1,0
628759,5550,0,0,0,1,0
628862,5551,0,0,0,1,0
628961,5552,0,0,0,1,0
629066,5553,0,0,0,1,0
629183,5554,0,0,0,1,0
629284,5555,0,0,0,1,0
629376,5556,0,0,0,1,0
629483,5557,0,0,0,1,0
629623,5558,0,0,0,1,0
629624,5559,1,0,0,0,0
629718,5560,0,0,0,1,0
629824,5561,0,0,0,1,0
629933,5562,0,0,0,1,0
630053,5563,0,0,0,1,0
630180,5564,0,0,0,1,0
630296,5565,0,0,0,1,0
630394,5566,0,0,0,1,0
630529,5567,0,0,0,1,0
630621,5568,0,0,0,1,0
630764,5569,0,0,0,1,0
630882,5570,0,0,0,1,0
631005,5571,0,0,0,1,0
631132,5572,0,0,0,1,0
631239,5573,0,0,0,1,0
631337,5574,0,0,0,1,0
631468,5575,0,0,0,1,0
631575,5576,0,0,0,1,0
631670,5577,0,0,0,1,0
631771,5578,0,0,0,1,0
631896,5579,0,0,0,1,0
631986,5580,0,0,0,1,0
632106,5581,0,0,0,1,0
632235,5582,0,0,0,1,0
632333,5583,0,0,0,1,0
632439,5584,0,0,0,1,0
632572,5585,0,0,0,1,0
632680,5586,0,0,0,1,0
632808,5587,0,0,0,1,0
632911,5588,0,0,0,1,0
633003,5589,0,0,0,1,0
633112,5590,0,0,0,1,0
633246,5591,0,0,0,1,0
633356,5592,0,0,0,1,0
633439,5593,0,0,0,1,0
633543,5594,0,0,0,1,0
633648,5595,0,0,0,1,0
633784,5596,0,0,0,1,0
633896,5597,0,0,0,1,0
634001,5598,0,0,0,1,0
634119,5599,0,0,0,1,0
634207,5600,0,0,0,1,0
634340,5601,0,0,0,1,0
634472,5602,0,0,0,1,0
634597,5603,0,0,0,1,0
634697,5604,0,0,0,1,0
634807,5605,0,0,0,1,0
634937,5606,0,0,0,1,0
634942,5607,1,0,0,0,0
635041,5608,0,0,0,1,0
635168,5609,0,0,0,1,0
635281,5610,0,0,0,1,0
635396,5611,0,0,0,1,0
635504,5612,0,0,0,1,0
635637,5613,0,0,0,1,0
635736,5614,0,0,0,1,0
635827,5615,0,0,0,1,0
635930,5616,0,0,0,1,0
636041,5617,0,0,0,1,0
636137,5618,0,0,0,1,0
636266,5619,0,0,0,1,0
636383,5620,0,0,0,1,0
636502,5621,0,0,0,1,0
636511,5622,0,0,1,0,0
636615,5623,0,0,0,1,0
636719,5624,0,0,0,1,0
636849,5625,0,0,0,1,0
636935,5626,0,0,0,1,0
637025,5627,0,0,0,1,0
637164,5628,0,0,0,1,0
637296,5629,0,0,0,1,0
637423,5630,0,0,0,1,0
637542,5631,0,0,0,1,0
637668,5632,0,0,0,1,0
637758,5633,0,0,0,1,0
637900,5634,0,0,0,1,0
638022,5635,0,0,0,1,0
638158,5636,0,0,0,1,0
638281,5637,0,0,0,1,0
638395,5638,0,0,0,1,0
638506,5639,0,0,0,1,0
638592,5640,0,0,0,1,0
638723,5641,0,0,0,1,0
638873,5642,0,0,0,1,0
638983,5643,0,0,0,1,0
639117,5644,0,0,0,1,0
639227,5645,0,0,0,1,0
639355,5646,0,0,0,1,0
639466,5647,0,0,0,1,0
639577,5648,0,0,0,1,0
639670,5649,0,0,0,1,0
639786,5650,0,0,0,1,0
639877,5651,0,0,0,1,0
640009,5652,0,0,0,1,0
640147,5653,0,0,0,1,0
640253,5654,0,0,0,1,0
640257,5655,1,0,0,0,0
640387,5656,0,0,0,1,0
640517,5657,0,0,0,1,0
640643,5658,0,0,0,1,0
640737,5659,0,0,0,1,0
640853,5660,0,0,0,1,0
640962,5661,0,0,0,1,0
641062,5662,0,0,0,1,0
641151,5663,0,0,0,1,0
641250,5664,0,0,0,1,0
641353,5665,0,0,0,1,0
641478,5666,0,0,0,1,0
641602,5667,0,0,0,1,0
641691,5668,0,0,0,1,0
641804,5669,0,0,0,1,0
641895,5670,0,0,0,1,0
642025,5671,0,0,0,1,0
642154,5672,0,0,0,1,0
642286,5673,0,0,0,1,0
642409,5674,0,0,0,1,0
642507,5675,0,0,0,1,0
642638,5676,0,0,0,1,0
642769,5677,0,0,0,1,0
642914,5678,0,0,0,1,0
643021,5679,0,0,0,1,0
643137,5680,0,0,0,1,0
643255,5681,0,0,0,1,0
643354,5682,0,0,0,1,0
643452,5683,0,0,0,1,0
643601,5684,0,0,0,1,0
643699,5685,0,0,0,1,0
643821,5686,0,0,0,1,0
643921,5687,0,0,0,1,0
644020,5688,0,0,0,1,0
644126,5689,0,0,0,1,0
644265,5690,0,0,0,1,0
644400,5691,0,0,0,1,0
644540,5692,0,0,0,1,0
644663,5693,0,0,0,1,0
644786,5694,0,0,0,1,0
644901,5695,0,0,0,1,0
645013,5696,0,0,0,1,0
645119,5697,0,0,0,1,0
645220,5698,0,0,0,1,0
645338,5699,0,0,0,1,0
645451,5700,0,0,0,1,0
645564,5701,0,0,0,1,0
645655,5702,0,0,0,1,0
645791,5703,0,0,0,1,0
645912,5704,0,0,0,1,0
646043,5705,0,0,0,1,0
646140,5706,0,0,0,1,0
646240,5707,0,0,0,1,0
646358,5708,0,0,0,1,0
646484,5709,0,0,0,1,0
646593,5710,0,0,0,1,0
646704,5711,0,0,0,1,0
646803,5712,0,0,0,1,0
646933,5713,0,0,0,1,0
647044,5714,0,0,0,1,0
647157,5715,0,0,0,1,0
647246,5716,0,0,0,1,0
647354,5717,0,0,0,1,0
647469,5718,0,0,0,1,0
647587,5719,0,0,0,1,0
647731,5720,0,0,0,1,0
647737,5721,1,0,0,0,0
647863,5722,0,0,0,1,0
647982,5723,0,0,0,1,0
648108,5724,0,0,0,1,0
648216,5725,0,0,0,1,0
648256,5726,0,0,1,0,0
648372,5727,0,0,0,1,0
648474,5728,0,0,0,1,0
648578,5729,0,0,0,1,0
648673,5730,0,0,0,1,0
648815,5731,0,0,0,1,0
648944,5732,0,0,0,1,0
649058,5733,0,0,0,1,0
649191,5734,0,0,0,1,0
649309,5735,0,0,0,1,0
649427,5736,0,0,0,1,0
649537,5737,0,0,0,1,0
649626,5738,0,0,0,1,0
649749,5739,0,0,0,1,0
649854,5740,0,0,0,1,0
649970,5741,0,0,0,1,0
650108,5742,0,0,0,1,0
650224,5743,0,0,0,1,0
650327,5744,0,0,0,1,0
650431,5745,0,0,0,1,0
650532,5746,0,0,0,1,0
650650,5747,0,0,0,1,0
650784,5748,0,0,0,1,0
650898,5749,0,0,0,1,0
650984,5750,0,0,0,1,0
651099,5751,0,0,0,1,0
651205,5752,0,0,0,1,0
651312,5753,0,0,0,1,0
651405,5754,0,0,0,1,0
651494,5755,0,0,0,1,0
651603,5756,0,0,0,1,0
651700,5757,0,0,0,1,0
651804,5758,0,0,0,1,0
651919,5759,0,0,0,1,0
652018,5760,0,0,0,1,0
652146,5761,0,0,0,1,0
652259,5762,0,0,0,1,0
652391,5763,0,0,0,1,0
652504,5764,0,0,0,1,0
652607,5765,0,0,0,1,0
652703,5766,0,0,0,1,0
652835,5767,0,0,0,1,0
652938,5768,0,0,0,1,0
653072,5769,0,0,0,1,0
653177,5770,0,0,0,1,0
653303,5771,0,0,0,1,0
653412,5772,0,0,0,1,0
653542,5773,0,0,0,1,0
653660,5774,0,0,0,1,0
653769,5775,0,0,0,1,0
653860,5776,0,0,0,1,0
653958,5777,0,0,0,1,0
654070,5778,0,0,0,1,0
654195,5779,0,0,0,1,0
654316,5780,0,0,0,1,0
654440,5781,0,0,0,1,0
654569,5782,0,0,0,1,0
654693,5783,0,0,0,1,0
654794,5784,0,0,0,1,0
654905,5785,0,0,0,1,0
655007,5786,0,0,0,1,0
655103,5787,0,0,0,1,0
655192,5788,0,0,0,1,0
655313,5789,0,0,0,1,0
655416,5790,0,0,0,1,0
655510,5791,0,0,0,1,0
655634,5792,0,0,0,1,0
655740,5793,0,0,0,1,0
655868,5794,0,0,0,1,0
655979,5795,0,0,0,1,0
656091,5796,0,0,0,1,0
656200,5797,0,0,0,1,0
656332,5798,0,0,0,1,0
656450,5799,0,0,0,1,0
656591,5800,0,0,0,1,0
656711,5801,0,0,0,1,0
656805,5802,0,0,0,1,0
656937,5803,0,0,0,1,0
657061,5804,0,0,0,1,0
657150,5805,0,0,0,1,0
657251,5806,0,0,0,1,0
657377,5807,0,0,0,1,0
657491,5808,0,0,0,1,0
657593,5809,0,0,0,1,0
657723,5810,0,0,0,1,0
657827,5811,0,0,0,1,0
657931,5812,0,0,0,1,0
658053,5813,0,0,0,1,0
658184,5814,0,0,0,1,0
658333,5815,0,0,0,1,0
658435,5816,0,0,0,1,0
658532,5817,0,0,0,1,0
658626,5818,0,0,0,1,0
658756,5819,0,0,0,1,0
658861,5820,0,0,0,1,0
658952,5821,0,0,0,1,0
659088,5822,0,0,0,1,0
659210,5823,0,0,0,1,0
659324,5824,0,0,0,1,0
659446,5825,0,0,0,1,0
659570,5826,0,0,0,1,0
659684,5827,0,0,0,1,0
659784,5828,0,0,0,1,0
659899,5829,0,0,0,1,0
660009,5830,0,0,0,1,0
660105,5831,0,0,0,1,0
660219,5832,0,0,0,1,0
660354,5833,0,0,0,1,0
660463,5834,0,0,0,1,0
660570,5835,0,0,0,1,0
660688,5836,0,0,0,1,0
660785,5837,0,0,0,1,0
660899,5838,0,0,0,1,0
661032,5839,0,0,0,1,0
661147,5840,0,0,0,1,0
661269,5841,0,0,0,1,0
661376,5842,0,0,0,1,0
661494,5843,0,0,0,1,0
661583,5844,0,0,0,1,0
661680,5845,0,0,0,1,0
661769,5846,0,0,0,1,0
661870,5847,0,0,0,1,0
661978,5848,0,0,0,1,0
662080,5849,0,0,0,1,0
662194,5850,0,0,0,1,0
662294,5851,0,0,0,1,0
662392,5852,0,0,0,1,0
662497,5853,0,0,0,1,0
662621,5854,0,0,0,1,0
662729,5855,0,0,0,1,0
662852,5856,0,0,0,1,0
662950,5857,0,0,0,1,0
663096,5858,0,0,0,1,0
663199,5859,0,0,0,1,0
663303,5860,0,0,0,1,0
663396,5861,0,0,0,1,0
663510,5862,0,0,0,1,0
663599,5863,0,0,0,1,0
663714,5864,0,0,0,1,0
663833,5865,0,0,0,1,0
663948,5866,0,0,0,1,0
664074,5867,0,0,0,1,0
664180,5868,0,0,0,1,0
664297,5869,0,0,0,1,0
664386,5870,0,0,0,1,0
664494,5871,0,0,0,1,0
664610,5872,0,0,0,1,0
664706,5873,0,0,0,1,0
664812,5874,0,0,0,1,0
664909,5875,0,0,0,1,0
665010,5876,0,0,0,1,0
665146,5877,0,0,0,1,0
665265,5878,0,0,0,1,0
665400,5879,0,0,0,1,0
665490,5880,0,0,0,1,0
665619,5881,0,0,0,1,0
665723,5882,0,0,0,1,0
665834,5883,0,0,0,1,0
665962,5884,0,0,0,1,0
666061,5885,0,0,0,1,0
666183,5886,0,0,0,1,0
666189,5887,1,0,0,0,0
666319,5888,0,0,0,1,0
666435,5889,0,0,0,1,0
666546,5890,0,0,0,1,0
666659,5891,0,0,0,1,0
666751,5892,0,0,0,1,0
666841,5893,0,0,0,1,0
666947,5894,0,0,0,1,0
667050,5895,0,0,0,1,0
667174,5896,0,0,0,1,0
667319,5897,0,0,0,1,0
667446,5898,0,0,0,1,0
667553,5899,0,0,0,1,0
667682,5900,0,0,0,1,0
667780,5901,0,0,0,1,0
667885,5902,0,0,0,1,0
668030,5903,0,0,0,1,0
668136,5904,0,0,0,1,0
668263,5905,0,0,0,1,0
668400,5906,0,0,0,1,0
668526,5907,0,0,0,1,0
668620,5908,0,0,0,1,0
668763,5909,0,0,0,1,0
668881,5910,0,0,0,1,0
668982,5911,0,0,0,1,0
669086,5912,0,0,0,1,0
669220,5913,0,0,0,1,0
669344,5914,0,0,0,1,0
669468,5915,0,0,0,1,0
669572,5916,0,0,0,1,0
669668,5917,0,0,0,1,0
669774,5918,0,0,0,1,0
669867,5919,0,0,0,1,0
669987,5920,0,0,0,1,0
670107,5921,0,0,0,1,0
670203,5922,0,0,0,1,0
670325,5923,0,0,0,1,0
670447,5924,0,0,0,1,0
670557,5925,0,0,0,1,0
670648,5926,0,0,0,1,0
670767,5927,0,0,0,1,0
670861,5928,0,0,0,1,0
670993,5929,0,0,0,1,0
671097,5930,0,0,0,1,0
671246,5931,0,0,0,1,0
671372,5932,0,0,0,1,0
671468,5933,0,0,0,1,0
671570,5934,0,0,0,1,0
671688,5935,0,0,0,1,0
671807,5936,0,0,0,1,0
671927,5937,0,0,0,1,0
672056,5938,0,0,0,1,0
672160,5939,0,0,0,1,0
672276,5940,0,0,0,1,0
672394,5941,0,0,0,1,0
672507,5942,0,0,0,1,0
672640,5943,0,0,0,1,0
672747,5944,0,0,0,1,0
672862,5945,0,0,0,1,0
673002,5946,0,0,0,1,0
673094,5947,0,0,0,1,0
673194,5948,0,0,0,1,0
673284,5949,0,0,0,1,0
673412,5950,0,0,0,1,0
673520,5951,0,0,0,1,0
673607,5952,0,0,0,1,0
673695,5953,0,0,0,1,0
673841,5954,0,0,0,1,0
673932,5955,0,0,0,1,0
674038,5956,0,0,0,1,0
674158,5957,0,0,0,1,0
674292,5958,0,0,0,1,0
674401,5959,0,0,0,1,0
674507,5960,0,0,0,1,0
674597,5961,0,0,0,1,0
674701,5962,0,0,0,1,0
674793,5963,0,0,0,1,0
674907,5964,0,0,0,1,0
675023,5965,0,0,1,0,0
675128,5966,0,0,0,1,0
675242,5967,0,0,0,1,0
675341,5968,0,0,0,1,0
675453,5969,0,0,0,1,0
675580,5970,0,0,0,1,0
675718,5971,0,0,0,1,0
675818,5972,0,0,0,1,0
675925,5973,0,0,0,1,0
676039,5974,0,0,0,1,0
676131,5975,0,0,0,1,0
676252,5976,0,0,0,1,0
676363,5977,0,0,0,1,0
676482,5978,0,0,0,1,0
676584,5979,0,0,0,1,0
676697,5980,0,0,0,1,0
676840,5981,0,0,0,1,0
676944,5982,0,0,0,1,0
677037,5983,0,0,0,1,0
677181,5984,0,0,0,1,0
677298,5985,0,0,0,1,0
677392,5986,0,0,0,1,0
677504,5987,0,0,0,1,0
677632,5988,0,0,0,1,0
677738,5989,0,0,0,1,0
677855,5990,0,0,0,1,0
677970,5991,0,0,0,1,0
678074,5992,0,0,0,1,0
678183,5993,0,0,0,1,0
678292,5994,0,0,0,1,0
678406,5995,0,0,0,1,0
678491,5996,0,0,0,1,0
678622,5997,0,0,0,1,0
678712,5998,0,0,0,1,0
678834,5999,0,0,0,1,0
678961,6000,0,0,0,1,0
679064,6001,0,0,0,1,0
679166,6002,0,0,0,1,0
679311,6003,0,0,0,1,0
679441,6004,0,0,0,1,0
679556,6005,0,0,0,1,0
679653,6006,0,0,0,1,0
679762,6007,0,0,0,1,0
679856,6008,0,0,0,1,0
679966,6009,0,0,0,1,0
680065,6010,0,0,0,1,0
680192,6011,0,0,0,1,0
680193,6012,1,0,0,0,0
680329,6013,0,0,0,1,0
680423,6014,0,0,0,1,0
680540,6015,0,0,0,1,0
680667,6016,0,0,0,1,0
680787,6017,0,0,0,1,0
680889,6018,0,0,0,1,0
680974,6019,0,0,0,1,0
681072,6020,0,0,0,1,0
681200,6021,0,0,0,1,0
681304,6022,0,0,0,1,0
681445,6023,0,0,0,1,0
681552,6024,0,0,0,1,0
681655,6025,0,0,0,1,0
681659,6026,1,0,0,0,0
681795,6027,0,0,0,1,0
681920,6028,0,0,0,1,0
682017,6029,0,0,0,1,0
682153,6030,0,0,0,1,0
682260,6031,0,0,0,1,0
682395,6032,0,0,0,1,0
682489,6033,0,0,0,1,0
682605,6034,0,0,0,1,0
682723,6035,0,0,0,1,0
682844,6036,0,0,0,1,0
682983,6037,0,0,0,1,0
683090,6038,0,0,0,1,0
683216,6039,0,0,0,1,0
683324,6040,0,0,0,1,0
683436,6041,0,0,0,1,0
683549,6042,0,0,0,1,0
683677,6043,0,0,0,1,0
683812,6044,0,0,0,1,0
683932,6045,0,0,0,1,0
684037,6046,0,0,0,1,0
684160,6047,0,0,0,1,0
684251,6048,0,0,0,1,0
684356,6049,0,0,0,1,0
684474,6050,0,0,0,1,0
684594,6051,0,0,0,1,0
684693,6052,0,0,0,1,0
684698,6053,1,0,0,0,0
684825,6054,0,0,0,1,0
684931,6055,0,0,0,1,0
685020,6056,0,0,0,1,0
685146,6057,0,0,0,1,0
685257,6058,0,0,0,1,0
685344,6059,0,0,0,1,0
685474,6060,0,0,0,1,0
685596,6061,0,0,0,1,0
685659,6062,0,0,1,0,0
685768,6063,0,0,0,1,0
685877,6064,0,0,0,1,0
685966,6065,0,0,0,1,0
686071,6066,0,0,0,1,0
686175,6067,0,0,0,1,0
686299,6068,0,0,0,1,0
686414,6069,0,0,0,1,0
686530,6070,0,0,0,1,0
686646,6071,0,0,0,1,0
686742,6072,0,0,0,1,0
686857,6073,0,0,0,1,0
686977,6074,0,0,1,0,0
687094,6075,0,0,0,1,0
687216,6076,0,0,0,1,0
687310,6077,0,0,0,1,0
687424,6078,0,0,0,1,0
687543,6079,0,0,0,1,0
687650,6080,0,0,0,1,0
687766,6081,0,0,0,1,0
687890,6082,0,0,0,1,0
688006,6083,0,0,0,1,0
688102,6084,0,0,0,1,0
688197,6085,0,0,0,1,0
688328,6086,0,0,0,1,0
688428,6087,0,0,0,1,0
688538,6088,0,0,0,1,0
688651,6089,0,0,0,1,0
688776,6090,0,0,0,1,0
688869,6091,0,0,0,1,0
688969,6092,0,0,0,1,0
689100,6093,0,0,0,1,0
689205,6094,0,0,0,1,0
689319,6095,0,0,0,1,0
689445,6096,0,0,1,0,0
689562,6097,0,0,0,1,0
689653,6098,0,0,0,1,0
689768,6099,0,0,0,1,0
689874,6100,0,0,0,1,0
690008,6101,0,0,0,1,0
690105,6102,0,0,0,1,0
690232,6103,0,0,0,1,0
690351,6104,0,0,0,1,0
690463,6105,0,0,0,1,0
690562,6106,0,0,0,1,0
690695,6107,0,0,0,1,0
690832,6108,0,0,0,1,0
690942,6109,0,0,0,1,0
690997,6110,0,0,1,0,0
691095,6111,0,0,0,1,0
691178,6112,0,0,0,1,0
691301,6113,0,0,0,1,0
691419,6114,0,0,0,1,0
691527,6115,0,0,0,1,0
691655,6116,0,0,0,1,0
691754,6117,0,0,0,1,0
691880,6118,0,0,0,1,0
692012,6119,0,0,0,1,0
692130,6120,0,0,0,1,0
692268,6121,0,0,0,1,0
692376,6122,0,0,0,1,0
692468,6123,0,0,0,1,0
692595,6124,0,0,0,1,0
692648,6125,0,0,1,0,0
692759,6126,0,0,0,1,0
692853,6127,0,0,0,1,0
692997,6128,0,0,0,1,0
693130,6129,0,0,0,1,0
693244,6130,0,0,0,1,0
693348,6131,0,0,0,1,0
693442,6132,0,0,0,1,0
693544,6133,0,0,0,1,0
693661,6134,0,0,0,1,0
693751,6135,0,0,0,1,0
693880,6136,0,0,0,1,0
694014,6137,0,0,0,1,0
694108,6138,0,0,0,1,0
694194,6139,0,0,0,1,0
694283,6140,0,0,0,1,0
694301,6141,0,0,1,0,0
694397,6142,0,0,0,1,0
694507,6143,0,0,0,1,0
694618,6144,0,0,0,1,0
694755,6145,0,0,0,1,0
694844,6146,0,0,0,1,0
694948,6147,0,0,0,1,0
695057,6148,0,0,0,1,0
695164,6149,0,0,0,1,0
695273,6150,0,0,0,1,0
695412,6151,0,0,0,1,0
695519,6152,0,0,0,1,0
695606,6153,0,0,1,0,0
695711,6154,0,0,0,1,0
695816,6155,0,0,0,1,0
695843,6156,1,0,0,0,0
695958,6157,0,0,0,1,0
696071,6158,0,0,0,1,0
696200,6159,0,0,0,1,0
696288,6160,0,0,0,1,0
696417,6161,0,0,0,1,0
696522,6162,0,0,0,1,0
696636,6163,0,0,0,1,0
696758,6164,0,0,0,1,0
696850,6165,0,0,0,1,0
696964,6166,0,0,0,1,0
697068,6167,0,0,0,1,0
697174,6168,0,0,0,1,0
697312,6169,0,0,0,1,0
697407,6170,0,0,0,1,0
697520,6171,0,0,0,1,0
697657,6172,0,0,0,1,0
697760,6173,0,0,0,1,0
697896,6174,0,0,0,1,0
698011,6175,0,0,0,1,0
698118,6176,0,0,0,1,0
698222,6177,0,0,0,1,0
698352,6178,0,0,0,1,0
698479,6179,0,0,0,1,0
698583,6180,0,0,0,1,0
698688,6181,0,0,0,1,0
698801,6182,0,0,0,1,0
698934,6183,0,0,0,1,0
699054,6184,0,0,0,1,0
699195,6185,0,0,0,1,0
699316,6186,0,0,0,1,0
699422,6187,0,0,0,1,0
699527,6188,0,0,0,1,0
699633,6189,0,0,0,1,0
699740,6190,0,0,0,1,0
699858,6191,0,0,0,1,0
699950,6192,0,0,0,1,0
700048,6193,0,0,0,1,0
700168,6194,0,0,0,1,0
700272,6195,0,0,0,1,0
700405,6196,0,0,0,1,0
700500,6197,0,0,0,1,0
700612,6198,0,0,0,1,0
700729,6199,0,0,0,1,0
700835,6200,0,0,0,1,0
700974,6201,0,0,0,1,0
701078,6202,0,0,0,1,0
701171,6203,0,0,0,1,0
701293,6204,0,0,0,1,0
701396,6205,0,0,0,1,0
701502,6206,0,0,0,1,0
701617,6207,0,0,0,1,0
701721,6208,0,0,0,1,0
701817,6209,0,0,0,1,0
701918,6210,0,0,0,1,0
702024,6211,0,0,0,1,0
702116,6212,0,0,0,1,0
702249,6213,0,0,0,1,0
702343,6214,0,0,0,1,0
702456,6215,0,0,0,1,0
702572,6216,0,0,0,1,0
702689,6217,0,0,0,1,0
702826,6218,0,0,0,1,0
702928,6219,0,0,1,0,0
703020,6220,0,0,0,1,0
703125,6221,0,0,0,1,0
703235,6222,0,0,0,1,0
703342,6223,0,0,0,1,0
703480,6224,0,0,0,1,0
703585,6225,0,0,0,1,0
703712,6226,0,0,0,1,0
703815,6227,0,0,0,1,0
703923,6228,0,0,0,1,0
704034,6229,0,0,0,1,0
704135,6230,0,0,0,1,0
704231,6231,0,0,0,1,0
704329,6232,0,0,0,1,0
704458,6233,0,0,0,1,0
704573,6234,0,0,0,1,0
704707,6235,0,0,0,1,0
704794,6236,0,0,0,1,0
704916,6237,0,0,0,1,0
705040,6238,0,0,0,1,0
705155,6239,0,0,0,1,0
705250,6240,0,0,0,1,0
705349,6241,0,0,0,1,0
705457,6242,0,0,0,1,0
705570,6243,0,0,0,1,0
705574,6244,1,0,0,0,0
705666,6245,0,0,0,1,0
705757,6246,0,0,0,1,0
705868,6247,0,0,0,1,0
705972,6248,0,0,0,1,0
706085,6249,0,0,0,1,0
706217,6250,0,0,0,1,0
706337,6251,0,0,0,1,0
706458,6252,0,0,0,1,0
706596,6253,0,0,0,1,0
706708,6254,0,0,0,1,0
706807,6255,0,0,0,1,0
706921,6256,0,0,0,1,0
707025,6257,0,0,0,1,0
707136,6258,0,0,0,1,0
707240,6259,0,0,0,1,0
707366,6260,0,0,0,1,0
707467,6261,0,0,0,1,0
707602,6262,0,0,0,1,0
707736,6263,0,0,0,1,0
707854,6264,0,0,0,1,0
707943,6265,0,0,0,1,0
708050,6266,0,0,0,1,0
708156,6267,0,0,0,1,0
708265,6268,0,0,0,1,0
708364,6269,0,0,0,1,0
708477,6270,0,0,0,1,0
708603,6271,0,0,0,1,0
708695,6272,0,0,0,1,0
708800,6273,0,0,0,1,0
708925,6274,0,0,0,1,0
709019,6275,0,0,0,1,0
709111,6276,0,0,0,1,0
709200,6277,0,0,0,1,0
709299,6278,0,0,0,1,0
709411,6279,0,0,0,1,0
709520,6280,0,0,0,1,0
709611,6281,0,0,0,1,0
709708,6282,0,0,0,1,0
709825,6283,0,0,0,1,0
709929,6284,0,0,0,1,0
710037,6285,0,0,0,1,0
710167,6286,0,0,0,1,0
710278,6287,0,0,0,1,0
710374,6288,0,0,0,1,0
710511,6289,0,0,0,1,0
710617,6290,0,0,0,1,0
710712,6291,0,0,0,1,0
710838,6292,0,0,0,1,0
710949,6293,0,0,0,1,0
711067,6294,0,0,0,1,0
711161,6295,0,0,0,1,0
711282,6296,0,0,0,1,0
711403,6297,0,0,0,1,0
711524,6298,0,0,0,1,0
711627,6299,0,0,0,1,0
711727,6300,0,0,0,1,0
711816,6301,0,0,0,1,0
711907,6302,0,0,0,1,0
712051,6303,0,0,0,1,0
712147,6304,0,0,0,1,0
712238,6305,0,0,0,1,0
712364,6306,0,0,0,1,0
712464,6307,0,0,0,1,0
712609,6308,0,0,0,1,0
712708,6309,0,0,0,1,0
712818,6310,0,0,0,1,0
712917,6311,0,0,0,1,0
713026,6312,0,0,0,1,0
713158,6313,0,0,0,1,0
713277,6314,0,0,0,1,0
713383,6315,0,0,0,1,0
713486,6316,0,0,0,1,0
713582,6317,0,0,0,1,0
713692,6318,0,0,0,1,0
713820,6319,0,0,0,1,0
713940,6320,0,0,0,1,0
714043,6321,0,0,0,1,0
714067,6322,0,0,1,0,0
714177,6323,0,0,0,1,0
714295,6324,0,0,0,1,0
714417,6325,0,0,0,1,0
714533,6326,0,0,0,1,0
714666,6327,0,0,0,1,0
714802,6328,0,0,0,1,0
714912,6329,0,0,0,1,0
715012,6330,0,0,0,1,0
715130,6331,0,0,0,1,0
715263,6332,0,0,0,1,0
715357,6333,0,0,0,1,0
715464,6334,0,0,0,1,0
715559,6335,0,0,0,1,0
715679,6336,0,0,0,1,0
715815,6337,0,0,0,1,0
715927,6338,0,0,0,1,0
716065,6339,0,0,0,1,0
716161,6340,0,0,0,1,0
716275,6341,0,0,0,1,0
716417,6342,0,0,0,1,0
716509,6343,0,0,0,1,0
716635,6344,0,0,0,1,0
716752,6345,0,0,0,1,0
716872,6346,0,0,0,1,0
716975,6347,0,0,0,1,0
717108,6348,0,0,0,1,0
717163,6349,0,0,1,0,0
717286,6350,0,0,0,1,0
717384,6351,0,0,0,1,0
717506,6352,0,0,0,1,0
717631,6353,0,0,0,1,0
717732,6354,0,0,0,1,0
717835,6355,0,0,0,1,0
717957,6356,0,0,0,1,0
718073,6357,0,0,0,1,0
718187,6358,0,0,0,1,0
718296,6359,0,0,0,1,0
718386,6360,0,0,0,1,0
718518,6361,0,0,0,1,0
718628,6362,0,0,0,1,0
718738,6363,0,0,0,1,0
718876,6364,0,0,0,1,0
719004,6365,0,0,0,1,0
719118,6366,0,0,0,1,0
719248,6367,0,0,0,1,0
719378,6368,0,0,0,1,0
719482,6369,0,0,0,1,0
719597,6370,0,0,0,1,0
719713,6371,0,0,0,1,0
719831,6372,0,0,0,1,0
719922,6373,0,0,0,1,0
720038,6374,0,0,0,1,0
720151,6375,0,0,0,1,0
720257,6376,0,0,0,1,0
720375,6377,0,0,0,1,0
720479,6378,0,0,0,1,0
720616,6379,0,0,0,1,0
720735,6380,0,0,0,1,0
720853,6381,0,0,0,1,0
720941,6382,0,0,0,1,0
721069,6383,0,0,0,1,0
721073,6384,0,0,1,0,0
721132,6385,0,0,1,0,0
721224,6386,0,0,0,1,0
721352,6387,0,0,0,1,0
721449,6388,0,0,0,1,0
721589,6389,0,0,0,1,0
721719,6390,0,0,0,1,0
721828,6391,0,0,0,1,0
721974,6392,0,0,0,1,0
722075,6393,0,0,0,1,0
722196,6394,0,0,0,1,0
722298,6395,0,0,0,1,0
722423,6396,0,0,0,1,0
722546,6397,0,0,0,1,0
722619,6398,0,0,1,0,0
722742,6399,0,0,0,1,0
722832,6400,0,0,0,1,0
722952,6401,0,0,0,1,0
723067,6402,0,0,0,1,0
723197,6403,0,0,0,1,0
723310,6404,0,0,0,1,0
723433,6405,0,0,0,1,0
723551,6406,0,0,0,1,0
723660,6407,0,0,0,1,0
723781,6408,0,0,0,1,0
723908,6409,0,0,0,1,0
724012,6410,0,0,0,1,0
724142,6411,0,0,0,1,0
724233,6412,0,0,0,1,0
724353,6413,0,0,0,1,0
724481,6414,0,0,0,1,0
724603,6415,0,0,0,1,0
724749,6416,0,0,0,1,0
724838,6417,0,0,0,1,0
724940,6418,0,0,0,1,0
725035,6419,0,0,0,1,0
725136,6420,0,0,0,1,0
725242,6421,0,0,0,1,0
725344,6422,0,0,0,1,0
725433,6423,0,0,0,1,0
725540,6424,0,0,0,1,0
725666,6425,0,0,0,1,0
725773,6426,0,0,0,1,0
725879,6427,0,0,0,1,0
725997,6428,0,0,0,1,0
726116,6429,0,0,0,1,0
726231,6430,0,0,0,1,0
726355,6431,0,0,0,1,0
726444,6432,0,0,0,1,0
726562,6433,0,0,0,1,0
726681,6434,0,0,0,1,0
726790,6435,0,0,0,1,0
726917,6436,0,0,0,1,0
727041,6437,0,0,0,1,0
727141,6438,0,0,0,1,0
727234,6439,0,0,0,1,0
727365,6440,0,0,0,1,0
727455,6441,0,0,0,1,0
727563,6442,0,0,0,1,0
727669,6443,0,0,0,1,0
727788,6444,0,0,0,1,0
727902,6445,0,0,0,1,0
728031,6446,0,0,0,1,0
728154,6447,0,0,0,1,0
728254,6448,0,0,0,1,0
728375,6449,0,0,0,1,0
728464,6450,0,0,0,1,0
728562,6451,0,0,0,1,0
728690,6452,0,0,0,1,0
728824,6453,0,0,0,1,0
728964,6454,0,0,0,1,0
729095,6455,0,0,0,1,0
729190,6456,0,0,0,1,0
729304,6457,0,0,0,1,0
729414,6458,0,0,0,1,0
729536,6459,0,0,0,1,0
729625,6460,0,0,0,1,0
729736,6461,0,0,0,1,0
729841,6462,0,0,0,1,0
729960,6463,0,0,0,1,0
730068,6464,0,0,0,1,0
730174,6465,0,0,0,1,0
730264,6466,0,0,0,1,0
730363,6467,0,0,0,1,0
730489,6468,0,0,0,1,0
730614,6469,0,0,0,1,0
730733,6470,0,0,0,1,0
730863,6471,0,0,0,1,0
730956,6472,0,0,0,1,0
731056,6473,0,0,0,1,0
731167,6474,0,0,0,1,0
731259,6475,0,0,0,1,0
731361,6476,0,0,0,1,0
731489,6477,0,0,0,1,0
731581,6478,0,0,0,1,0
731707,6479,0,0,0,1,0
731802,6480,0,0,0,1,0
731899,6481,0,0,0,1,0
732020,6482,0,0,0,1,0
732136,6483,0,0,0,1,0
732256,6484,0,0,0,1,0
732351,6485,0,0,0,1,0
732454,6486,0,0,0,1,0
732596,6487,0,0,0,1,0
732701,6488,0,0,0,1,0
732812,6489,0,0,0,1,0
732926,6490,0,0,0,1,0
733025,6491,0,0,0,1,0
733114,6492,0,0,0,1,0
733117,6493,1,0,0,0,0
733224,6494,0,0,0,1,0
733313,6495,0,0,0,1,0
733443,6496,0,0,0,1,0
733545,6497,0,0,0,1,0
733551,6498,1,0,0,0,0
733667,6499,0,0,0,1,0
733769,6500,0,0,0,1,0
733881,6501,0,0,0,1,0
733992,6502,0,0,0,1,0
734069,6503,0,0,1,0,0
734195,6504,0,0,0,1,0
734311,6505,0,0,0,1,0
734417,6506,0,0,0,1,0
734522,6507,0,0,0,1,0
734638,6508,0,0,0,1,0
734739,6509,0,0,0,1,0
734744,6510,1,0,0,0,0
734868,6511,0,0,0,1,0
734985,6512,0,0,0,1,0
735090,6513,0,0,0,1,0
735203,6514,0,0,0,1,0
735302,6515,0,0,0,1,0
735425,6516,0,0,0,1,0
735559,6517,0,0,0,1,0
735673,6518,0,0,0,1,0
735775,6519,0,0,0,1,0
735917,6520,0,0,0,1,0
736028,6521,0,0,0,1,0
736136,6522,0,0,0,1,0
736230,6523,0,0,0,1,0
736367,6524,0,0,0,1,0
736468,6525,0,0,0,1,0
736587,6526,0,0,0,1,0
736695,6527,0,0,0,1,0
736784,6528,0,0,0,1,0
736926,6529,0,0,0,1,0
737051,6530,0,0,0,1,0
737183,6531,0,0,0,1,0
737281,6532,0,0,0,1,0
737373,6533,0,0,0,1,0
737466,6534,0,0,0,1,0
737555,6535,0,0,0,1,0
737650,6536,0,0,0,1,0
737765,6537,0,0,0,1,0
737867,6538,0,0,0,1,0
737984,6539,0,0,0,1,0
738086,6540,0,0,0,1,0
738185,6541,0,0,0,1,0
738285,6542,0,0,0,1,0
738405,6543,0,0,0,1,0
738513,6544,0,0,0,1,0
738627,6545,0,0,0,1,0
738718,6546,0,0,0,1,0
738852,6547,0,0,0,1,0
738995,6548,0,0,0,1,0
739116,6549,0,0,0,1,0
739155,6550,0,0,1,0,0
739270,6551,0,0,0,1,0
739400,6552,0,0,0,1,0
739521,6553,0,0,0,1,0
739640,6554,0,0,0,1,0
739735,6555,0,0,0,1,0
739879,6556,0,0,0,1,0
739975,6557,0,0,0,1,0
740101,6558,0,0,0,1,0
740229,6559,0,0,0,1,0
740324,6560,0,0,0,1,0
740443,6561,0,0,0,1,0
740564,6562,0,0,0,1,0
740667,6563,0,0,0,1,0
740788,6564,0,0,0,1,0
740877,6565,0,0,0,1,0
740995,6566,0,0,0,1,0
741120,6567,0,0,0,1,0
741245,6568,0,0,0,1,0
741343,6569,0,0,0,1,0
741436,6570,0,0,0,1,0
741522,6571,0,0,0,1,0
741631,6572,0,0,0,1,0
741760,6573,0,0,0,1,0
741903,6574,0,0,0,1,0
742032,6575,0,0,0,1,0
742148,6576,0,0,0,1,0
742295,6577,0,0,0,1,0
742394,6578,0,0,0,1,0
742501,6579,0,0,0,1,0
742629,6580,0,0,0,1,0
742760,6581,0,0,0,1,0
742855,6582,0,0,1,0,0
742948,6583,0,0,0,1,0
743052,6584,0,0,0,1,0
743156,6585,0,0,0,1,0
743263,6586,0,0,0,1,0
743304,6587,0,0,1,0,0
743418,6588,0,0,0,1,0
743555,6589,0,0,0,1,0
743666,6590,0,0,0,1,0
743776,6591,0,0,0,1,0
743873,6592,0,0,0,1,0
743981,6593,0,0,0,1,0
744112,6594,0,0,0,1,0
744213,6595,0,0,0,1,0
744304,6596,0,0,0,1,0
744400,6597,0,0,0,1,0
744512,6598,0,0,0,1,0
744603,6599,0,0,0,1,0
744699,6600,0,0,0,1,0
744807,6601,0,0,0,1,0
744942,6602,0,0,0,1,0
745050,6603,0,0,0,1,0
745168,6604,0,0,0,1,0
745264,6605,0,0,0,1,0
745376,6606,0,0,0,1,0
745490,6607,0,0,0,1,0
745598,6608,0,0,0,1,0
745706,6609,0,0,0,1,0
745804,6610,0,0,0,1,0
745912,6611,0,0,0,1,0
746017,6612,0,0,0,1,0
746140,6613,0,0,0,1,0
746273,6614,0,0,0,1,0
746415,6615,0,0,0,1,0
746545,6616,0,0,0,1,0
746648,6617,0,0,0,1,0
746749,6618,0,0,0,1,0
746789,6619,1,0,0,0,0
746912,6620,0,0,0,1,0
746918,6621,1,0,0,0,0
747011,6622,0,0,0,1,0
747134,6623,0,0,0,1,0
747246,6624,0,0,0,1,0
747383,6625,0,0,0,1,0
747479,6626,0,0,0,1,0
747577,6627,0,0,0,1,0
747708,6628,0,0,0,1,0
747841,6629,0,0,0,1,0
747956,6630,0,0,0,1,0
748073,6631,0,0,0,1,0
748163,6632,0,0,0,1,0
748303,6633,0,0,0,1,0
748410,6634,0,0,0,1,0
748517,6635,0,0,0,1,0
748618,6636,0,0,0,1,0
748726,6637,0,0,0,1,0
748862,6638,0,0,0,1,0
748989,6639,0,0,0,1,0
749098,6640,0,0,0,1,0
749211,6641,0,0,0,1,0
749325,6642,0,0,0,1,0
749453,6643,0,0,0,1,0
749580,6644,0,0,0,1,0
749687,6645,0,0,0,1,0
749814,6646,0,0,0,1,0
749914,6647,0,0,0,1,0
750018,6648,0,0,0,1,0
750120,6649,0,0,0,1,0
750211,6650,0,0,0,1,0
750304,6651,0,0,0,1,0
750436,6652,0,0,0,1,0
750541,6653,0,0,0,1,0
750673,6654,0,0,0,1,0
750777,6655,0,0,0,1,0
750880,6656,0,0,0,1,0
750990,6657,0,0,0,1,0
751111,6658,0,0,0,1,0
751201,6659,0,0,0,1,0
751307,6660,0,0,0,1,0
751415,6661,0,0,0,1,0
751526,6662,0,0,0,1,0
751623,6663,0,0,0,1,0
751736,6664,0,0,0,1,0
751827,6665,0,0,0,1,0
751947,6666,0,0,0,1,0
752037,6667,0,0,0,1,0
752156,6668,0,0,0,1,0
752278,6669,0,0,0,1,0
752374,6670,0,0,0,1,0
752477,6671,0,0,0,1,0
752616,6672,0,0,0,1,0
752720,6673,0,0,0,1,0
752825,6674,0,0,0,1,0
752927,6675,0,0,0,1,0
753032,6676,0,0,0,1,0
753143,6677,0,0,0,1,0
753150,6678,1,0,0,0,0
753277,6679,0,0,0,1,0
753383,6680,0,0,0,1,0
753490,6681,0,0,0,1,0
753610,6682,0,0,0,1,0
753718,6683,0,0,0,1,0
753822,6684,0,0,0,1,0
753964,6685,0,0,0,1,0
754088,6686,0,0,0,1,0
754198,6687,0,0,0,1,0
754298,6688,0,0,0,1,0
754435,6689,0,0,0,1,0
754524,6690,0,0,0,1,0
754625,6691,0,0,0,1,0
754728,6692,0,0,0,1,0
754837,6693,0,0,0,1,0
754947,6694,0,0,0,1,0
755088,6695,0,0,0,1,0
755212,6696,0,0,0,1,0
755327,6697,0,0,0,1,0
755438,6698,0,0,0,1,0
755559,6699,0,0,0,1,0
755653,6700,0,0,0,1,0
755742,6701,0,0,0,1,0
755838,6702,0,0,0,1,0
755936,6703,0,0,0,1,0
756044,6704,0,0,0,1,0
756165,6705,0,0,0,1,0
756286,6706,0,0,0,1,0
756407,6707,0,0,0,1,0
756507,6708,0,0,0,1,0
756621,6709,0,0,0,1,0
756753,6710,0,0,0,1,0
756846,6711,0,0,0,1,0
756963,6712,0,0,0,1,0
757063,6713,0,0,0,1,0
757186,6714,0,0,0,1,0
757296,6715,0,0,0,1,0
757394,6716,0,0,0,1,0
757526,6717,0,0,0,1,0
757657,6718,0,0,0,1,0
757753,6719,0,0,1,0,0
757886,6720,0,0,0,1,0
757991,6721,0,0,0,1,0
758094,6722,0,0,0,1,0
758189,6723,0,0,0,1,0
758313,6724,0,0,0,1,0
758415,6725,0,0,0,1,0
758534,6726,0,0,0,1,0
758643,6727,0,0,0,1,0
758759,6728,0,0,0,1,0
758856,6729,0,0,0,1,0
758927,6730,0,0,1,0,0
759032,6731,0,0,0,1,0
759121,6732,0,0,0,1,0
759242,6733,0,0,0,1,0
759372,6734,0,0,0,1,0
759461,6735,0,0,0,1,0
759552,6736,0,0,0,1,0
759652,6737,0,0,0,1,0
759780,6738,0,0,0,1,0
759886,6739,0,0,0,1,0
759991,6740,0,0,0,1,0
760080,6741,0,0,0,1,0
760178,6742,0,0,0,1,0
760276,6743,0,0,0,1,0
760383,6744,0,0,0,1,0
760512,6745,0,0,0,1,0
760646,6746,0,0,0,1,0
760768,6747,0,0,0,1,0
760883,6748,0,0,0,1,0
761023,6749,0,0,0,1,0
761113,6750,0,0,0,1,0
761232,6751,0,0,0,1,0
761371,6752,0,0,0,1,0
761471,6753,0,0,0,1,0
761603,6754,0,0,0,1,0
761717,6755,0,0,0,1,0
761817,6756,0,0,0,1,0
761943,6757,0,0,0,1,0
762063,6758,0,0,0,1,0
762164,6759,0,0,0,1,0
762294,6760,0,0,0,1,0
762385,6761,0,0,0,1,0
762491,6762,0,0,0,1,0
762617,6763,0,0,0,1,0
762728,6764,0,0,0,1,0
762830,6765,0,0,0,1,0
762955,6766,0,0,0,1,0
763091,6767,0,0,0,1,0
763201,6768,0,0,0,1,0
763322,6769,0,0,0,1,0
763442,6770,0,0,0,1,0
763572,6771,0,0,0,1,0
763694,6772,0,0,0,1,0
763785,6773,0,0,0,1,0
763886,6774,0,0,0,1,0
764004,6775,0,0,0,1,0
764121,6776,0,0,0,1,0
764241,6777,0,0,0,1,0
764242,6778,1,0,0,0,0
764368,6779,0,0,0,1,0
764494,6780,0,0,0,1,0
764612,6781,0,0,0,1,0
764721,6782,0,0,0,1,0
764831,6783,0,0,0,1,0
764941,6784,0,0,0,1,0
765068,6785,0,0,0,1,0
765186,6786,0,0,0,1,0
765310,6787,0,0,0,1,0
765436,6788,0,0,0,1,0
765570,6789,0,0,0,1,0
765672,6790,0,0,0,1,0
765768,6791,0,0,0,1,0
765855,6792,0,0,0,1,0
765966,6793,0,0,0,1,0
766101,6794,0,0,0,1,0
766208,6795,0,0,0,1,0
766336,6796,0,0,0,1,0
766425,6797,0,0,0,1,0
766561,6798,0,0,0,1,0
766690,6799,0,0,0,1,0
766823,6800,0,0,0,1,0
766918,6801,0,0,0,1,0
767056,6802,0,0,0,1,0
767189,6803,0,0,0,1,0
767313,6804,0,0,0,1,0
767423,6805,0,0,0,1,0
767518,6806,0,0,0,1,0
767615,6807,0,0,0,1,0
767732,6808,0,0,0,1,0
767832,6809,0,0,0,1,0
767937,6810,0,0,0,1,0
768063,6811,0,0,0,1,0
768195,6812,0,0,0,1,0
768309,6813,0,0,0,1,0
768407,6814,0,0,0,1,0
768555,6815,0,0,0,1,0
768667,6816,0,0,0,1,0
768756,6817,0,0,0,1,0
768828,6818,0,0,1,0,0
768950,6819,0,0,0,1,0
769066,6820,0,0,0,1,0
769184,6821,0,0,0,1,0
769274,6822,0,0,0,1,0
769376,6823,0,0,0,1,0
769466,6824,0,0,0,1,0
769597,6825,0,0,0,1,0
769711,6826,0,0,0,1,0
769809,6827,0,0,0,1,0
769912,6828,0,0,0,1,0
770055,6829,0,0,0,1,0
770149,6830,0,0,0,1,0
770272,6831,0,0,0,1,0
770397,6832,0,0,0,1,0
770488,6833,0,0,0,1,0
770604,6834,0,0,0,1,0
770717,6835,0,0,0,1,0
770839,6836,0,0,0,1,0
770930,6837,0,0,0,1,0
771033,6838,0,0,0,1,0
771146,6839,0,0,0,1,0
771238,6840,0,0,0,1,0
771342,6841,0,0,0,1,0
771443,6842,0,0,0,1,0
771549,6843,0,0,0,1,0
771682,6844,0,0,0,1,0
771772,6845,0,0,0,1,0
771859,6846,0,0,0,1,0
771988,6847,0,0,0,1,0
772111,6848,0,0,0,1,0
772229,6849,0,0,0,1,0
772357,6850,0,0,0,1,0
772485,6851,0,0,0,1,0
772616,6852,0,0,0,1,0
772720,6853,0,0,0,1,0
772831,6854,0,0,0,1,0
772967,6855,0,0,0,1,0
773075,6856,0,0,0,1,0
773207,6857,0,0,0,1,0
773296,6858,0,0,0,1,0
773404,6859,0,0,0,1,0
773518,6860,0,0,0,1,0
773660,6861,0,0,0,1,0
773663,6862,1,0,0,0,0
773751,6863,0,0,0,1,0
773874,6864,0,0,0,1,0
773988,6865,0,0,0,1,0
774081,6866,0,0,0,1,0
774188,6867,0,0,0,1,0
774309,6868,0,0,0,1,0
774403,6869,0,0,0,1,0
774518,6870,0,0,0,1,0
774624,6871,0,0,0,1,0
774750,6872,0,0,0,1,0
774869,6873,0,0,0,1,0
774995,6874,0,0,0,1,0
775094,6875,0,0,0,1,0
775219,6876,0,0,0,1,0
775327,6877,0,0,0,1,0
775451,6878,0,0,0,1,0
775576,6879,0,0,0,1,0
775671,6880,0,0,0,1,0
775776,6881,0,0,0,1,0
775891,6882,0,0,0,1,0
775992,6883,0,0,0,1,0
776122,6884,0,0,0,1,0
776214,6885,0,0,0,1,0
776349,6886,0,0,0,1,0
776456,6887,0,0,0,1,0
776472,6888,0,0,1,0,0
776592,6889,0,0,0,1,0
776695,6890,0,0,0,1,0
776793,6891,0,0,0,1,0
776891,6892,0,0,0,1,0
777011,6893,0,0,0,1,0
777153,6894,0,0,0,1,0
777268,6895,0,0,0,1,0
777370,6896,0,0,0,1,0
777456,6897,0,0,0,1,0
777574,6898,0,0,0,1,0
777578,6899,1,0,0,0,0
777710,6900,0,0,0,1,0
777855,6901,0,0,0,1,0
777965,6902,0,0,0,1,0
778076,6903,0,0,0,1,0
778180,6904,0,0,0,1,0
778289,6905,0,0,0,1,0
778378,6906,0,0,0,1,0
778471,6907,0,0,0,1,0
778570,6908,0,0,0,1,0
778686,6909,0,0,0,1,0
778787,6910,0,0,0,1,0
778881,6911,0,0,0,1,0
778998,6912,0,0,0,1,0
779129,6913,0,0,0,1,0
779218,6914,0,0,0,1,0
779331,6915,0,0,0,1,0
779433,6916,0,0,0,1,0
779561,6917,0,0,0,1,0
779683,6918,0,0,0,1,0
779811,6919,0,0,0,1,0
779910,6920,0,0,0,1,0
780021,6921,0,0,0,1,0
780115,6922,0,0,0,1,0
780233,6923,0,0,0,1,0
780343,6924,0,0,0,1,0
780474,6925,0,0,0,1,0
780589,6926,0,0,0,1,0
780692,6927,0,0,0,1,0
780790,6928,0,0,0,1,0
780920,6929,0,0,0,1,0
781043,6930,0,0,0,1,0
781179,6931,0,0,0,1,0
781273,6932,0,0,0,1,0
781386,6933,0,0,0,1,0
781510,6934,0,0,0,1,0
781511,6935,1,0,0,0,0
781600,6936,0,0,0,1,0
781698,6937,0,0,0,1,0
781827,6938,0,0,0,1,0
781957,6939,0,0,0,1,0
782063,6940,0,0,0,1,0
782168,6941,0,0,0,1,0
782288,6942,0,0,0,1,0
782394,6943,0,0,0,1,0
782516,6944,0,0,0,1,0
782623,6945,0,0,0,1,0
782731,6946,0,0,0,1,0
782835,6947,0,0,0,1,0
782948,6948,0,0,0,1,0
783051,6949,0,0,0,1,0
783143,6950,0,0,0,1,0
783231,6951,0,0,0,1,0
783349,6952,0,0,0,1,0
783446,6953,0,0,0,1,0
783558,6954,0,0,0,1,0
783650,6955,0,0,0,1,0
783773,6956,0,0,0,1,0
783878,6957,0,0,0,1,0
784001,6958,0,0,0,1,0
784114,6959,0,0,1,0,0
784220,6960,0,0,0,1,0
784348,6961,0,0,0,1,0
784490,6962,0,0,0,1,0
784579,6963,0,0,0,1,0
784677,6964,0,0,0,1,0
784770,6965,0,0,0,1,0
784863,6966,0,0,0,1,0
784988,6967,0,0,0,1,0
785080,6968,0,0,0,1,0
785191,6969,0,0,0,1,0
785279,6970,0,0,0,1,0
785410,6971,0,0,0,1,0
785523,6972,0,0,0,1,0
785637,6973,0,0,0,1,0
785735,6974,0,0,0,1,0
785823,6975,0,0,0,1,0
785941,6976,0,0,0,1,0
786030,6977,0,0,0,1,0
786130,6978,0,0,0,1,0
786238,6979,0,0,0,1,0
786327,6980,0,0,0,1,0
786456,6981,0,0,0,1,0
786558,6982,0,0,0,1,0
786674,6983,0,0,0,1,0
786764,6984,0,0,0,1,0
786881,6985,0,0,0,1,0
786993,6986,0,0,0,1,0
787093,6987,0,0,0,1,0
787201,6988,0,0,0,1,0
787309,6989,0,0,0,1,0
787417,6990,0,0,0,1,0
787513,6991,0,0,0,1,0
787602,6992,0,0,0,1,0
787692,6993,0,0,0,1,0
787804,6994,0,0,0,1,0
787893,6995,0,0,0,1,0
787995,6996,0,0,0,1,0
788135,6997,0,0,0,1,0
788224,6998,0,0,0,1,0
788321,6999,0,0,0,1,0
788463,7000,0,0,0,1,0
788566,7001,0,0,0,1,0
788689,7002,0,0,0,1,0
788806,7003,0,0,0,1,0
788947,7004,0,0,0,1,0
789050,7005,0,0,0,1,0
789177,7006,0,0,0,1,0
789311,7007,0,0,0,1,0
789407,7008,0,0,0,1,0
789522,7009,0,0,0,1,0
789660,7010,0,0,0,1,0
789765,7011,0,0,0,1,0
789879,7012,0,0,0,1,0
789882,7013,1,0,0,0,0
789995,7014,0,0,0,1,0
790088,7015,0,0,0,1,0
790187,7016,0,0,0,1,0
790314,7017,0,0,0,1,0
790447,7018,0,0,0,1,0
790584,7019,0,0,0,1,0
790713,7020,0,0,0,1,0
790818,7021,0,0,0,1,0
790937,7022,0,0,0,1,0
791071,7023,0,0,0,1,0
791183,7024,0,0,0,1,0
791307,7025,0,0,0,1,0
791413,7026,0,0,0,1,0
791535,7027,0,0,0,1,0
791639,7028,0,0,0,1,0
791731,7029,0,0,0,1,0
791839,7030,0,0,0,1,0
791928,7031,0,0,0,1,0
792029,7032,0,0,0,1,0
792119,7033,0,0,0,1,0
792236,7034,0,0,0,1,0
792335,7035,0,0,0,1,0
792432,7036,0,0,0,1,0
792547,7037,0,0,0,1,0
792675,7038,0,0,0,1,0
792765,7039,0,0,0,1,0
792888,7040,0,0,0,1,0
793017,7041,0,0,0,1,0
793106,7042,0,0,0,1,0
793237,7043,0,0,0,1,0
793342,7044,0,0,0,1,0
793471,7045,0,0,0,1,0
793592,7046,0,0,0,1,0
793684,7047,0,0,0,1,0
793814,7048,0,0,0,1,0
793906,7049,0,0,0,1,0
793910,7050,1,0,0,0,0
794035,7051,0,0,0,1,0
794153,7052,0,0,0,1,0
794296,7053,0,0,0,1,0
794405,7054,0,0,0,1,0
794514,7055,0,0,0,1,0
794607,7056,0,0,0,1,0
794729,7057,0,0,0,1,0
794832,7058,0,0,0,1,0
794929,7059,0,0,0,1,0
795050,7060,0,0,0,1,0
795139,7061,0,0,0,1,0
795249,7062,0,0,0,1,0
795365,7063,0,0,0,1,0
795468,7064,0,0,0,1,0
795581,7065,0,0,0,1,0
795709,7066,0,0,0,1,0
795757,7067,0,0,1,0,0
795889,7068,0,0,0,1,0
795997,7069,0,0,0,1,0
796116,7070,0,0,0,1,0
796224,7071,0,0,0,1,0
796359,7072,0,0,0,1,0
796484,7073,0,0,0,1,0
796632,7074,0,0,0,1,0
796752,7075,0,0,0,1,0
796880,7076,0,0,0,1,0
796993,7077,0,0,0,1,0
797109,7078,0,0,0,1,0
797250,7079,0,0,0,1,0
797364,7080,0,0,0,1,0
797473,7081,0,0,0,1,0
797578,7082,0,0,0,1,0
797672,7083,0,0,0,1,0
797741,7084,0,0,1,0,0
797874,7085,0,0,0,1,0
797997,7086,0,0,0,1,0
798120,7087,0,0,0,1,0
798215,7088,0,0,0,1,0
798342,7089,0,0,0,1,0
798442,7090,0,0,0,1,0
798534,7091,0,0,0,1,0
798667,7092,0,0,0,1,0
798760,7093,0,0,0,1,0
798864,7094,0,0,0,1,0
798975,7095,0,0,0,1,0
799068,7096,0,0,0,1,0
799206,7097,0,0,0,1,0
799300,7098,0,0,0,1,0
799405,7099,0,0,0,1,0
799515,7100,0,0,0,1,0
799615,7101,0,0,0,1,0
799728,7102,0,0,0,1,0
799823,7103,0,0,0,1,0
799951,7104,0,0,0,1,0
800080,7105,0,0,0,1,0
800194,7106,0,0,0,1,0
800304,7107,0,0,0,1,0
800435,7108,0,0,0,1,0
800546,7109,0,0,0,1,0
800685,7110,0,0,0,1,0
800779,7111,0,0,0,1,0
800887,7112,0,0,0,1,0
800990,7113,0,0,0,1,0
801113,7114,0,0,0,1,0
801226,7115,0,0,0,1,0
801336,7116,0,0,0,1,0
801459,7117,0,0,0,1,0
801554,7118,0,0,0,1,0
801695,7119,0,0,0,1,0
801840,7120,0,0,0,1,0
801951,7121,0,0,0,1,0
801955,7122,1,0,0,0,0
802082,7123,0,0,0,1,0
802205,7124,0,0,0,1,0
802328,7125,0,0,0,1,0
802465,7126,0,0,0,1,0
802592,7127,0,0,0,1,0
802724,7128,0,0,0,1,0
802824,7129,0,0,0,1,0
802922,7130,0,0,0,1,0
803017,7131,0,0,0,1,0
803141,7132,0,0,0,1,0
803271,7133,0,0,0,1,0
803376,7134,0,0,0,1,0
803483,7135,0,0,0,1,0
803610,7136,0,0,0,1,0
803724,7137,0,0,0,1,0
803862,7138,0,0,0,1,0
803980,7139,0,0,0,1,0
804111,7140,0,0,0,1,0
804218,7141,0,0,0,1,0
804333,7142,0,0,0,1,0
804435,7143,0,0,0,1,0
804538,7144,0,0,0,1,0
804540,7145,1,0,0,0,0
804638,7146,0,0,0,1,0
804765,7147,0,0,0,1,0
804880,7148,0,0,0,1,0
804981,7149,0,0,0,1,0
805070,7150,0,0,0,1,0
805176,7151,0,0,0,1,0
805306,7152,0,0,0,1,0
805395,7153,0,0,0,1,0
805520,7154,0,0,0,1,0
805630,7155,0,0,0,1,0
805753,7156,0,0,0,1,0
805877,7157,0,0,0,1,0
806004,7158,0,0,0,1,0
806100,7159,0,0,0,1,0
806199,7160,0,0,0,1,0
806331,7161,0,0,0,1,0
806434,7162,0,0,0,1,0
806567,7163,0,0,0,1,0
806706,7164,0,0,0,1,0
806824,7165,0,0,0,1,0
806941,7166,0,0,0,1,0
807058,7167,0,0,0,1,0
807164,7168,0,0,0,1,0
807279,7169,0,0,0,1,0
807380,7170,0,0,0,1,0
807507,7171,0,0,0,1,0
807619,7172,0,0,0,1,0
807753,7173,0,0,0,1,0
807866,7174,0,0,0,1,0
807981,7175,0,0,0,1,0
808074,7176,0,0,0,1,0
808204,7177,0,0,0,1,0
808317,7178,0,0,0,1,0
808438,7179,0,0,0,1,0
808570,7180,0,0,0,1,0
808684,7181,0,0,0,1,0
808776,7182,0,0,0,1,0
808888,7183,0,0,0,1,0
808995,7184,0,0,0,1,0
809116,7185,0,0,0,1,0
809219,7186,0,0,0,1,0
809308,7187,0,0,0,1,0
809424,7188,0,0,0,1,0
809542,7189,0,0,0,1,0
809646,7190,0,0,0,1,0
809781,7191,0,0,0,1,0
809899,7192,0,0,0,1,0
810021,7193,0,0,0,1,0
810149,7194,0,0,0,1,0
810271,7195,0,0,0,1,0
810395,7196,0,0,0,1,0
810484,7197,0,0,0,1,0
810610,7198,0,0,0,1,0
810730,7199,0,0,0,1,0
810854,7200,0,0,0,1,0
810955,7201,0,0,0,1,0
811075,7202,0,0,0,1,0
811175,7203,0,0,0,1,0
811299,7204,0,0,0,1,0
811411,7205,0,0,0,1,0
811507,7206,0,0,0,1,0
811597,7207,0,0,0,1,0
811725,7208,0,0,0,1,0
811816,7209,0,0,0,1,0
811925,7210,0,0,0,1,0
812014,7211,0,0,0,1,0
812131,7212,0,0,0,1,0
812242,7213,0,0,0,1,0
812334,7214,0,0,0,1,0
812436,7215,0,0,0,1,0
812526,7216,0,0,0,1,0
812625,7217,0,0,0,1,0
812726,7218,0,0,0,1,0
812837,7219,0,0,0,1,0
812969,7220,0,0,0,1,0
813066,7221,0,0,0,1,0
813195,7222,0,0,0,1,0
813298,7223,0,0,0,1,0
813411,7224,0,0,0,1,0
813500,7225,0,0,0,1,0
813619,7226,0,0,0,1,0
813734,7227,0,0,0,1,0
813825,7228,0,0,0,1,0
813916,7229,0,0,0,1,0
814059,7230,0,0,0,1,0
814150,7231,0,0,0,1,0
814267,7232,0,0,0,1,0
814361,7233,0,0,0,1,0
814489,7234,0,0,0,1,0
814585,7235,0,0,0,1,0
814714,7236,0,0,0,1,0
814849,7237,0,0,0,1,0
814949,7238,0,0,0,1,0
815069,7239,0,0,0,1,0
815194,7240,0,0,0,1,0
815288,7241,0,0,0,1,0
815391,7242,0,0,1,0,0
815489,7243,0,0,0,1,0
815592,7244,0,0,0,1,0
815719,7245,0,0,0,1,0
815834,7246,0,0,0,1,0
815936,7247,0,0,0,1,0
816074,7248,0,0,0,1,0
816196,7249,0,0,0,1,0
816317,7250,0,0,0,1,0
816431,7251,0,0,0,1,0
816536,7252,0,0,0,1,0
816632,7253,0,0,0,1,0
816743,7254,0,0,0,1,0
816862,7255,0,0,0,1,0
816990,7256,0,0,0,1,0
817088,7257,0,0,0,1,0
817202,7258,0,0,0,1,0
817321,7259,0,0,0,1,0
817442,7260,0,0,0,1,0
817570,7261,0,0,0,1,0
817694,7262,0,0,0,1,0
817818,7263,0,0,0,1,0
817954,7264,0,0,0,1,0
818088,7265,0,0,0,1,0
818180,7266,0,0,0,1,0
818283,7267,0,0,0,1,0
818418,7268,0,0,0,1,0
818555,7269,0,0,0,1,0
818665,7270,0,0,0,1,0
818764,7271,0,0,0,1,0
818886,7272,0,0,0,1,0
819015,7273,0,0,0,1,0
819111,7274,0,0,0,1,0
819235,7275,0,0,0,1,0
819335,7276,0,0,0,1,0
819442,7277,0,0,0,1,0
819552,7278,0,0,0,1,0
819647,7279,0,0,0,1,0
819741,7280,0,0,0,1,0
819838,7281,0,0,0,1,0
819959,7282,0,0,0,1,0
820084,7283,0,0,0,1,0
820205,7284,0,0,0,1,0
820344,7285,0,0,0,1,0
820458,7286,0,0,0,1,0
820602,7287,0,0,0,1,0
820721,7288,0,0,0,1,0
820860,7289,0,0,0,1,0
820994,7290,0,0,0,1,0
821123,7291,0,0,0,1,0
821238,7292,0,0,0,1,0
821367,7293,0,0,0,1,0
821488,7294,0,0,0,1,0
821583,7295,0,0,0,1,0
821716,7296,0,0,0,1,0
821838,7297,0,0,0,1,0
821980,7298,0,0,0,1,0
822084,7299,0,0,0,1,0
822195,7300,0,0,0,1,0
822319,7301,0,0,0,1,0
822443,7302,0,0,0,1,0
822533,7303,0,0,0,1,0
822634,7304,0,0,0,1,0
822757,7305,0,0,0,1,0
822882,7306,0,0,0,1,0
822978,7307,0,0,0,1,0
823095,7308,0,0,0,1,0
823190,7309,0,0,0,1,0
823289,7310,0,0,0,1,0
823400,7311,0,0,0,1,0
823500,7312,0,0,1,0,0
823607,7313,0,0,0,1,0
823712,7314,0,0,0,1,0
823841,7315,0,0,0,1,0
823948,7316,0,0,0,1,0
824067,7317,0,0,0,1,0
824165,7318,0,0,0,1,0
824292,7319,0,0,0,1,0
824420,7320,0,0,0,1,0
824533,7321,0,0,0,1,0
824538,7322,1,0,0,0,0
824627,7323,0,0,0,1,0
824744,7324,0,0,0,1,0
824856,7325,0,0,0,1,0
824945,7326,0,0,0,1,0
825075,7327,0,0,0,1,0
825190,7328,0,0,0,1,0
825269,7329,0,0,1,0,0
825366,7330,0,0,0,1,0
825496,7331,0,0,0,1,0
825637,7332,0,0,0,1,0
825742,7333,0,0,0,1,0
825853,7334,0,0,0,1,0
825949,7335,0,0,0,1,0
826064,7336,0,0,0,1,0
826198,7337,0,0,0,1,0
826300,7338,0,0,0,1,0
826404,7339,0,0,0,1,0
826508,7340,0,0,0,1,0
826614,7341,0,0,0,1,0
826707,7342,0,0,0,1,0
826796,7343,0,0,0,1,0
826892,7344,0,0,0,1,0
827021,7345,0,0,0,1,0
827140,7346,0,0,0,1,0
827268,7347,0,0,0,1,0
827378,7348,0,0,0,1,0
827513,7349,0,0,0,1,0
827618,7350,0,0,0,1,0
827753,7351,0,0,0,1,0
827879,7352,0,0,0,1,0
827997,7353,0,0,0,1,0
828113,7354,0,0,0,1,0
828228,7355,0,0,0,1,0
828325,7356,0,0,0,1,0
828459,7357,0,0,0,1,0
828560,7358,0,0,0,1,0
828678,7359,0,0,0,1,0
828795,7360,0,0,0,1,0
828930,7361,0,0,0,1,0
829044,7362,0,0,0,1,0
829159,7363,0,0,0,1,0
829250,7364,0,0,0,1,0
829352,7365,0,0,0,1,0
829448,7366,0,0,0,1,0
829563,7367,0,0,0,1,0
829695,7368,0,0,0,1,0
829802,7369,0,0,0,1,0
829898,7370,0,0,0,1,0
829995,7371,0,0,0,1,0
830120,7372,0,0,0,1,0
830225,7373,0,0,0,1,0
830315,7374,0,0,0,1,0
830419,7375,0,0,0,1,0
830525,7376,0,0,0,1,0
830640,7377,0,0,0,1,0
830751,7378,0,0,0,1,0
830868,7379,0,0,0,1,0
830989,7380,0,0,0,1,0
831076,7381,0,0,0,1,0
831185,7382,0,0,0,1,0
831290,7383,0,0,0,1,0
831429,7384,0,0,0,1,0
831527,7385,0,0,0,1,0
831651,7386,0,0,0,1,0
831757,7387,0,0,0,1,0
831862,7388,0,0,0,1,0
831976,7389,0,0,0,1,0
832082,7390,0,0,0,1,0
832219,7391,0,0,0,1,0
832326,7392,0,0,0,1,0
832415,7393,0,0,0,1,0
832418,7394,0,0,1,0,0
832540,7395,0,0,0,1,0
832637,7396,0,0,0,1,0
832731,7397,0,0,0,1,0
832843,7398,0,0,0,1,0
832942,7399,0,0,0,1,0
833051,7400,0,0,0,1,0
833162,7401,0,0,0,1,0
833299,7402,0,0,0,1,0
833388,7403,0,0,0,1,0
833507,7404,0,0,0,1,0
833640,7405,0,0,0,1,0
