#{"t_start": 1787649219.0628462, "env_id": "None"}
r,l,t
81.574071,93,2.589557
86.716881,120,4.089668
18.689473,41,4.619138
11.296506,26,4.960213
89.009196,114,6.409609
80.184368,127,8.077374
83.240562,120,9.630961
82.215342,102,10.975164
75.241799,120,12.559782
79.428386,120,14.170681
75.679921,93,15.411537
71.922846,96,16.656959
-4.95082,13,16.842833
75.287364,94,18.08344
34.238252,66,18.994263
42.414882,80,20.023807
86.044556,131,21.747766
86.114663,103,23.101349
82.287259,95,24.323017
82.447525,105,25.622647
79.138957,92,26.744993
2.973958,27,27.109254
82.544864,102,58.379619
49.610499,74,59.34952
82.82099,112,60.758546
26.016378,57,61.480798
76.228435,105,62.817801
89.296879,90,63.888558
48.315613,66,64.737286
30.778239,55,65.4412
82.651511,106,66.791101
85.971409,130,68.445315
82.692287,98,69.667254
88.699574,141,71.391252
57.765617,84,72.450635
15.888477,43,73.017355
89.258447,97,74.1794
88.998155,96,75.394586
82.483883,111,76.830353
81.917197,110,78.257995
88.890409,140,80.001028
82.747655,117,81.544399
18.983514,38,82.033202
82.741796,99,83.242937
88.74029,126,114.714802
66.222065,91,115.863367
45.77657,83,116.902861
88.923265,115,118.346281
55.923016,96,119.535336
17.042375,47,120.132388
41.993525,68,120.971759
89.459384,105,122.261926
76.457132,99,123.527979
88.713538,137,125.254343
86.039458,117,126.709378
88.820588,119,128.167042
89.361275,117,129.61817
12.014945,43,130.168674
86.422926,137,131.886825
89.475131,94,133.082957
89.505248,110,134.473882
84.737214,127,136.076414
82.917179,94,137.256332
86.094768,121,138.774063
85.512854,94,169.835148
9.091911,23,170.146105
6.448155,19,170.399365
4.053679,22,170.696353
42.697891,78,171.656417
89.078267,125,173.215743
45.420084,78,174.20141
38.59308,68,175.034664
76.90545,106,176.386823
85.177934,88,177.424256
54.542446,107,178.779432
88.68898,140,180.479115
40.132892,68,181.305403
86.319793,123,182.78615
63.797541,97,183.984524
89.507148,101,185.234487
72.426046,117,186.665515
83.061991,127,188.222722
89.243028,98,189.425596
85.629077,102,190.738776
89.504836,117,192.227311
85.997679,90,193.323551
51.597471,90,194.451584
21.642313,42,224.232804
82.544022,115,225.670836
89.042191,100,226.948199
86.55738,104,228.353224
82.197359,130,229.984753
86.264351,129,231.621827
86.389,120,233.127525
86.325309,132,234.763962
89.19869,98,235.990731
20.805689,37,236.463836
86.459788,104,237.738003
86.065961,121,239.226492
13.310628,38,239.717969
52.705923,88,240.800363
88.969633,122,242.281424
81.778679,91,243.40147
8.40985,38,243.878141
89.444706,118,245.316727
83.510673,112,246.722449
89.169099,133,248.362316
88.800918,127,279.799465
56.674246,86,280.940286
57.051676,81,281.942868
83.124649,123,283.551394
85.161717,119,285.075337
65.888597,126,286.676149
86.395208,129,288.276445
2.580781,14,288.464504
88.929201,113,289.841145
89.001355,108,291.158759
82.083377,98,292.396442
85.525263,126,293.911734
89.392789,124,295.401438
88.731371,127,296.956645
81.986919,91,298.103315
85.706802,106,299.375384
35.719255,67,300.214636
88.890225,121,301.702044
83.319995,127,303.295613
75.997493,124,304.849146
89.017729,137,336.153703
67.530385,99,337.346804
89.487591,97,338.516167
10.847209,30,338.893663
82.447191,113,340.272086
85.946807,125,341.824365
76.602487,130,343.392544
88.9599,133,345.049445
86.319273,137,346.724423
89.132678,109,348.008063
86.238136,102,349.289713
82.69313,95,350.472159
88.791627,130,352.051473
83.437417,98,353.269137
86.411676,110,354.604769
85.967752,103,355.904961
89.218785,95,357.106608
89.000685,109,358.455655
37.349675,78,359.544063
83.063187,102,389.402745
82.637731,107,390.746201
89.476356,117,392.214664
89.498171,102,393.483514
88.669398,131,395.062768
86.051465,112,396.457682
85.8166,125,397.968669
86.282797,107,399.269711
83.352226,125,400.807919
86.267692,134,402.458582
86.11423,130,404.111123
85.143266,92,405.250203
85.978542,106,406.54811
88.780251,113,407.915778
82.462339,98,409.138828
86.52462,131,410.77104
85.657733,109,412.164047
88.918363,105,413.50593
83.272711,109,444.045282
88.680186,129,445.584477
49.181888,89,446.668077
82.983783,109,448.01158
89.158083,125,449.591384
85.714266,99,450.811087
89.227569,131,452.446253
89.809294,100,453.680809
85.799568,130,455.318063
89.290065,115,456.754181
88.791609,131,458.384148
86.226093,123,459.900905
89.248124,125,461.442148
78.614321,101,462.735191
82.791055,127,464.338618
77.726292,125,465.968161
85.620305,87,467.052727
85.668575,95,468.265908
89.021907,95,498.521154
82.450992,101,499.826977
82.560853,125,501.348925
88.857252,110,502.744787
88.883514,126,504.278298
85.734897,93,505.422073
-2.810304,23,505.722533
88.905517,105,507.014948
78.966877,114,508.430336
89.030164,123,509.941531
86.112998,125,511.483701
89.187727,136,513.117369
86.053848,110,514.443494
89.49004,102,515.683372
88.979761,148,517.459527
82.927718,124,518.979948
89.493302,89,519.993111
89.441691,108,521.31063
82.881501,113,522.706467
85.592015,92,553.155908
86.524629,100,554.386238
37.651236,71,555.247866
89.574842,99,556.54452
86.414945,108,557.875429
27.11443,46,558.442204
89.897761,92,559.555019
88.778454,135,561.193742
87.404735,109,562.494705
89.585348,110,563.818731
89.604521,106,565.105096
78.287029,96,566.298921
82.869318,109,567.62902
76.220707,98,568.877063
86.878621,111,570.250249
88.729735,135,571.928383
85.819492,135,573.556578
5.112774,28,573.908421
89.207687,106,575.211106
86.63134,122,576.710892
89.586895,102,606.510215
89.918837,91,607.62589
89.264502,128,609.163134
88.675745,133,610.778265
81.906419,97,611.963014
86.567699,103,613.2159
81.251198,90,614.318637
85.149186,120,615.766392
89.620233,100,616.979542
89.328743,91,618.063277
88.892182,126,619.592043
82.063749,99,620.819787
84.777914,135,622.441548
89.706953,109,623.811551
71.592031,123,625.302094
26.017462,48,625.92077
89.250657,134,627.574163
89.415187,91,628.600269
86.347915,115,630.005769
89.19407,93,660.032618
86.163142,118,661.43588
85.82309,96,662.59475
-5.065441,6,662.687362
88.938099,103,664.014177
89.446474,94,665.173434
83.58855,99,666.448163
22.46458,40,666.942547
88.285236,118,668.348248
85.991334,133,669.959444
86.458786,123,671.441007
82.947703,116,672.832297
89.409863,108,674.115672
89.389023,115,675.483341
89.289446,97,676.638757
88.777202,146,678.39003
89.291097,121,679.818542
88.797885,149,681.615431
85.476034,119,683.078562
56.71853,100,684.33117
89.230089,108,714.638211
89.10652,138,716.345522
82.57134,111,717.736159
81.977783,116,719.191187
86.590813,121,720.734621
-4.290608,7,720.844937
85.821269,121,722.305403
86.183725,105,723.572798
89.202643,127,725.146683
84.698043,104,726.396298
89.543527,109,727.72867
89.099998,120,729.167578
86.221422,123,730.679853
59.990361,74,731.586326
85.873144,109,732.901412
89.918559,89,733.873101
89.200535,109,735.254923
86.23699,101,736.465786
89.792132,95,737.551238
88.980702,133,768.19859
85.609228,138,769.942462
88.872392,127,771.498893
89.062308,141,773.199791
89.102681,103,774.433843
-8.48,2,774.489451
86.061638,105,775.821814
57.818414,87,776.905813
88.701749,138,778.546748
89.006139,120,779.977359
85.465055,105,781.253531
89.236069,133,782.862672
88.92833,119,784.294984
82.3178,124,785.790249
89.276254,131,787.379033
86.13178,104,788.652501
31.543786,47,789.234076
86.220184,99,790.444242
87.191131,119,791.893384
86.239617,113,822.328726
85.766911,97,823.508283
89.340392,118,824.921067
85.603564,90,826.000828
-7.96,3,826.067556
86.24745,104,827.395221
89.043182,101,828.610459
88.881674,125,830.102066
-7.512985,14,830.292453
86.772515,109,831.634053
86.258686,112,832.964587
85.631106,92,834.075562
88.922363,142,835.771352
88.719532,128,837.303886
82.03266,95,838.45617
88.825063,149,840.295571
85.302489,106,841.583527
14.231555,31,841.977723
-2.306799,15,842.180428
85.976631,110,843.53571
89.22012,113,844.894395
89.204291,104,846.133951
89.279902,97,876.411993
74.966698,106,877.743689
88.96341,99,878.998089
88.731533,124,880.477777
89.027402,125,881.998224
88.840898,139,883.657092
71.172037,122,885.169427
89.018949,126,886.706646
88.941889,141,888.449952
86.194115,129,890.012361
89.287625,127,891.538409
88.949779,101,892.756071
89.474291,95,893.910146
89.289144,117,895.352942
86.228281,129,896.950693
89.347278,109,898.383585
89.489418,96,899.573381
89.100565,142,930.252702
85.537348,103,931.492896
88.960787,108,932.784483
85.98562,107,934.07505
0.751261,12,934.231662
89.006785,134,935.808117
89.00461,135,937.393842
88.977889,136,939.002203
-5.564634,10,939.141082
89.111446,120,940.620877
89.358193,119,942.104196
89.295849,109,943.530392
86.467154,103,944.856779
-9.32,2,944.90291
85.924545,137,946.571646
86.349281,108,947.909822
63.699974,104,949.208988
86.18317,88,950.328263
85.450829,121,951.905699
88.494218,105,953.191809
89.189653,110,954.54706
88.93556,136,984.810163
82.385125,123,986.39325
89.031361,137,988.069719
89.188869,116,989.564801
89.253697,115,991.022263
88.880746,118,992.679443
85.478879,97,993.919927
89.124319,93,995.065319
89.127615,99,996.254395
86.060929,130,997.810469
8.670275,34,998.233416
89.389905,97,999.405913
85.811683,91,1000.516139
89.325767,126,1002.02181
88.966922,107,1003.334871
89.378754,117,1004.764426
85.880463,87,1005.797399
89.398575,101,1007.018995
88.881286,123,1008.494001
89.517512,112,1038.448841
88.89601,123,1039.920536
82.095138,100,1041.154902
89.242512,143,1042.874509
88.907471,141,1044.560254
81.620774,91,1045.656965
86.206515,103,1046.928562
88.66852,146,1048.681258
85.530033,117,1050.097089
86.500369,115,1051.507832
85.351988,118,1052.94856
9.585575,28,1053.308643
86.098032,108,1054.631408
89.073197,105,1055.982232
79.515973,109,1057.353261
82.390793,98,1058.572597
89.254145,126,1060.131533
89.258875,103,1061.375719
89.352035,113,1091.459702
85.565925,113,1092.848135
89.017706,134,1094.438884
85.730135,109,1095.758561
89.415997,109,1097.068179
89.580081,103,1098.301639
89.420996,117,1099.711579
85.373395,118,1101.143653
88.988294,96,1102.291901
89.006673,139,1103.958944
48.272673,79,1104.890629
89.267332,93,1106.007807
89.735391,95,1107.167345
88.841894,126,1108.714342
86.580817,121,1110.204396
86.213554,136,1111.890161
85.461907,129,1113.417646
89.136097,136,1115.087367
89.310572,130,1145.626184
89.562782,96,1146.788648
68.348668,113,1148.128555
9.723066,28,1148.476542
86.208588,127,1150.008661
89.289076,116,1151.388463
40.47952,65,1152.167402
89.625736,89,1153.180396
88.799693,123,1154.684862
89.251889,115,1156.096268
85.97009,106,1157.435531
86.045972,137,1159.109967
85.988034,101,1160.337951
88.910085,117,1161.750584
89.170329,124,1163.270954
89.493267,94,1164.416955
89.383115,109,1165.732356
88.984388,98,1166.929775
37.536372,58,1167.631715
89.07216,126,1169.13413
85.5613,87,1198.249337
89.309952,113,1199.632576
64.258109,114,1201.053675
89.186069,135,1202.670419
85.400865,92,1203.750035
88.643368,136,1205.360185
1.304444,22,1205.646155
89.423808,113,1207.014097
88.817325,117,1208.415902
89.195393,121,1209.861752
86.011425,111,1211.208184
85.707319,105,1212.463544
88.819949,141,1214.199473
89.061152,133,1215.867093
85.811048,113,1217.274483
89.120547,134,1218.941486
82.923669,110,1220.342139
66.069891,92,1221.456293
89.021757,99,1222.630743
89.583038,105,1252.463947
89.240517,131,1254.011368
85.663763,113,1255.368392
89.348733,118,1256.79245
86.536119,99,1257.990102
90.085897,89,1258.97597
86.005207,93,1260.102377
27.189555,51,1260.717527
89.126747,128,1262.216886
82.795237,128,1263.734396
89.18248,144,1265.47807
89.730472,96,1266.599921
89.174686,122,1268.051969
89.051987,143,1269.743837
85.424769,117,1271.228634
88.873349,113,1272.58968
89.51828,113,1273.957916
89.115218,141,1275.630976
86.076476,131,1306.480365
86.244791,101,1307.708253
48.707417,88,1308.753917
86.098317,103,1309.986883
82.159468,118,1311.408971
89.197568,101,1312.626128
85.391765,87,1313.604376
88.973142,119,1315.054768
89.058968,126,1316.603639
86.074501,97,1317.778589
82.619378,91,1319.003364
89.167137,109,1320.362644
85.799781,91,1321.497535
72.063517,115,1322.896143
88.903668,112,1324.248447
70.73929,101,1325.477412
55.582156,87,1326.582766
89.895062,92,1327.654804
86.064671,108,1329.023703
88.997669,140,1360.264337
88.996924,113,1361.654682
89.322584,107,1363.013638
89.103574,110,1364.390926
89.09853,144,1366.222313
89.228939,106,1367.661674
89.082569,120,1369.202932
89.583094,108,1370.641862
89.840897,98,1371.860577
89.534994,112,1373.299505
85.438147,105,1374.586772
89.227198,135,1376.226224
81.762761,129,1377.757663
85.576019,94,1378.894507
85.668524,109,1380.205662
89.328112,131,1381.779736
81.835489,87,1382.790158
20.156376,46,1383.352206
85.634846,101,1384.564567
89.115957,133,1415.961145
85.034574,129,1417.582669
88.792686,124,1419.134089
89.209965,129,1420.76077
88.725474,129,1422.350205
89.417988,103,1423.660212
-1.0,10,1423.796672
88.995088,138,1425.507541
89.224317,126,1427.148273
82.814278,104,1428.476965
85.047522,105,1429.841233
85.925774,105,1431.162994
89.144926,138,1432.982435
86.047052,110,1434.424335
85.828603,102,1435.759562
89.920981,92,1436.953195
86.692983,109,1438.264246
89.407627,120,1439.714346
89.376006,118,1470.115849
55.240596,105,1471.38616
88.946129,131,1472.962787
85.588385,115,1474.377288
85.980492,87,1475.375364
89.337123,124,1476.98942
90.016865,92,1478.145919
85.71164,111,1479.516225
88.897274,119,1480.983366
89.52519,109,1482.311992
89.151714,135,1483.963318
86.021499,137,1485.662989
88.713387,149,1487.424514
86.740064,111,1488.732324
89.761675,98,1489.901764
82.520085,94,1491.05687
89.625877,95,1492.120605
88.787322,120,1493.542325
85.659367,102,1525.133512
85.119451,120,1526.642637
89.542566,99,1527.896981
88.858655,149,1529.731891
89.161401,130,1531.348094
89.145909,111,1532.760562
89.144959,134,1534.408967
89.132217,140,1536.104222
85.743324,117,1537.539049
88.887763,115,1538.934982
89.470406,116,1540.364963
89.490903,117,1541.816554
88.71932,134,1543.468724
88.978356,121,1544.935435
89.163666,102,1546.178574
89.057654,108,1547.480655
89.648651,99,1548.725804
89.207713,133,1579.165444
89.183882,119,1580.714064
89.727371,100,1581.935571
89.92525,93,1583.086942
86.160677,131,1584.764366
89.349237,116,1586.202884
85.898808,113,1587.594676
85.779607,108,1588.885519
89.060831,126,1590.443181
89.155672,143,1592.17397
89.112769,108,1593.477004
89.203152,94,1594.609677
85.604932,106,1595.900012
56.061677,97,1597.079958
89.119257,132,1598.649822
88.675321,129,1600.208046
89.011133,110,1601.556463
88.896061,127,1603.0835
88.874966,137,1633.313316
89.167397,133,1634.883818
89.159924,118,1636.346607
89.025877,125,1637.831452
89.214285,130,1639.425204
88.866439,135,1641.068573
88.81593,135,1642.82139
89.215846,117,1644.238237
85.771849,109,1645.557271
89.168348,116,1646.953867
89.714502,110,1648.27073
86.482067,112,1649.61149
85.867665,101,1650.8374
89.24629,100,1652.045414
86.78665,125,1653.543092
88.996658,119,1654.958116
89.291557,109,1656.285819
89.24128,106,1686.376394
14.408223,38,1686.859711
-7.4,5,1686.954697
86.092105,123,1688.41316
88.643995,138,1690.061895
89.451964,118,1691.47488
45.089314,80,1692.448608
89.589739,106,1693.719548
89.398977,114,1695.09594
83.031505,106,1696.41571
89.305927,93,1697.588515
88.722988,136,1699.252276
86.640819,116,1700.679805
88.814739,114,1702.123785
89.153791,111,1703.45779
85.152298,104,1704.772246
88.677788,149,1706.549429
89.488783,102,1707.85006
88.715462,144,1709.593312
48.137624,97,1710.807441
89.188126,102,1741.978768
89.005715,111,1743.32593
89.19878,130,1744.946688
89.296063,122,1746.422073
89.000861,104,1747.716769
89.453898,123,1749.200601
88.859659,115,1750.614884
8.998275,22,1750.900832
89.940875,90,1751.918064
88.918516,121,1753.380865
89.335821,116,1754.778573
86.278292,131,1756.389233
89.357462,128,1757.948579
90.123596,89,1758.987956
88.60912,146,1760.743145
88.920767,131,1762.315383
88.721292,126,1763.81524
89.264828,118,1765.212929
89.103456,119,1796.313208
86.370633,94,1797.472733
89.108673,134,1799.117793
88.905677,114,1800.5491
88.93539,146,1802.302605
89.748136,91,1803.383811
88.836959,145,1805.086792
-7.6,4,1805.164342
88.812833,142,1806.855505
89.161784,110,1808.181455
89.472156,114,1809.53227
85.661109,123,1811.00522
89.020554,137,1812.606624
89.503091,92,1813.707351
89.243438,119,1815.133795
27.238706,46,1815.705344
86.225761,94,1816.78142
-7.96,3,1816.851072
88.729268,124,1818.332834
89.183524,144,1820.082635
14.422402,37,1849.302897
89.344063,108,1850.603498
88.796462,130,1852.197091
89.064556,139,1853.898445
89.351997,128,1855.459251
89.261575,119,1856.942996
88.793579,122,1858.498842
86.018798,115,1859.855926
59.605181,84,1860.852635
86.163327,122,1862.305658
89.689376,91,1863.435573
89.477111,100,1864.653979
88.816181,118,1866.134726
89.128762,106,1867.450037
89.287857,109,1868.769707
89.239725,110,1870.082799
89.235797,96,1871.254595
89.390795,93,1872.367131
89.166587,97,1873.533159
89.072822,116,1904.219025
89.16828,122,1905.68552
89.163462,103,1906.928985
88.938191,124,1908.434826
89.994164,95,1909.582472
89.183818,134,1911.193495
89.081946,114,1912.59397
89.180556,123,1914.070354
89.853089,96,1915.172616
88.92606,130,1916.735002
89.354448,104,1917.998986
89.428641,111,1919.335104
86.774806,123,1920.8347
89.391801,109,1922.11722
88.790565,130,1923.725237
89.540501,109,1925.033656
88.86602,127,1926.56841
89.504616,110,1927.903336
88.884822,126,1958.078351
89.210313,137,1959.704268
89.483896,110,1961.108758
88.850535,149,1962.95996
89.271489,120,1964.448767
85.852311,117,1965.938553
88.921504,132,1967.551715
88.822804,122,1969.060364
88.735177,128,1970.748276
89.001835,103,1971.995521
89.001155,104,1973.245966
89.015903,97,1974.420904
89.524145,112,1975.801635
88.682704,144,1977.508991
-9.32,2,1977.55441
85.739727,87,1978.558127
89.299873,113,1979.89093
88.815027,133,1981.462452
89.147404,136,2011.929835
88.916066,137,2013.672045
89.167683,121,2015.240556
89.271898,100,2016.490711
88.73404,125,2017.998471
89.88884,96,2019.158532
88.852372,117,2020.566437
88.632565,133,2022.190114
88.883912,113,2023.574663
89.680996,99,2024.75856
89.119163,116,2026.227512
89.047179,103,2027.479466
88.712785,135,2029.171444
62.427196,120,2030.682989
89.237617,110,2032.054351
88.93304,130,2033.663951
85.678812,104,2034.951039
89.099811,133,2065.646791
89.009943,125,2067.291373
90.123596,89,2068.367265
88.664386,132,2070.085791
88.988086,114,2071.47613
88.92753,106,2072.742772
89.27004,125,2074.241668
89.232497,131,2075.804619
86.2395,136,2077.454345
89.388105,101,2078.688443
87.513332,126,2080.237875
89.136705,118,2081.678673
89.838241,92,2082.757155
86.250567,115,2084.125592
89.049061,123,2085.620625
89.951466,89,2086.621572
85.541568,91,2087.740611
89.374592,110,2089.057343
89.253626,94,2119.49302
89.098533,99,2120.734975
89.338876,103,2122.029497
89.056831,149,2124.030723
88.773248,132,2125.689245
88.977225,137,2127.352185
85.590348,106,2128.684876
89.020838,130,2130.254329
85.350574,128,2131.793176
-7.96,3,2131.86278
85.406519,100,2133.097677
88.999018,102,2134.32946
88.730992,138,2136.015756
88.834833,145,2137.762122
84.848,112,2139.116531
89.266447,118,2140.578207
86.354878,123,2142.075032
88.673111,130,2143.68725
89.165519,107,2173.621588
89.382895,89,2174.669214
86.530581,114,2176.035553
89.169472,125,2177.550488
88.786756,132,2179.10638
89.094559,93,2180.251001
87.017372,131,2181.794495
89.489532,111,2183.116927
86.09515,142,2184.775835
89.153632,130,2186.312371
86.391434,112,2187.626973
89.680304,99,2188.819154
89.162174,115,2190.205174
88.81475,117,2191.660302
88.854855,128,2193.215071
89.414624,129,2194.827872
89.366365,123,2196.306927
89.018812,103,2197.525564
88.740861,138,2228.548655
89.454946,106,2229.847558
85.939243,116,2231.26968
89.093207,117,2232.724457
82.290838,105,2234.032705
86.036544,111,2235.364223
88.947182,137,2237.046471
89.17721,123,2238.571556
89.281343,91,2239.699161
88.755417,146,2241.431439
89.430546,89,2242.468055
85.996697,105,2243.766193
89.458683,107,2245.166032
86.112075,134,2246.853796
86.097323,124,2248.410683
88.605733,145,2250.25901
86.006526,116,2251.667722
89.065515,117,2283.106459
88.627207,141,2284.837221
89.000238,123,2286.359695
89.107885,113,2287.769364
86.335953,99,2289.00498
89.148024,101,2290.197171
89.378831,122,2291.668983
88.97773,126,2293.271053
30.309447,49,2293.87697
86.841028,116,2295.286682
88.723723,131,2296.906605
67.205919,106,2298.194775
70.357305,121,2299.769309
89.434504,106,2301.111569
88.655125,139,2302.912879
88.949039,140,2304.63764
89.688981,99,2305.850755
78.755551,107,2307.142266
89.520345,95,2337.546306
89.165677,130,2339.182064
88.769201,138,2341.140867
88.759161,121,2342.653443
88.897205,131,2344.306033
89.054802,106,2345.675615
86.83206,103,2347.011928
89.203631,143,2348.759737
86.564433,120,2350.219982
88.896597,124,2351.720904
89.152455,99,2352.915106
89.206925,113,2354.28226
85.836597,121,2355.826504
88.801767,125,2357.412906
86.005799,118,2358.933262
89.026332,115,2360.455401
88.735779,134,2362.247965
88.7863,139,2393.571733
88.829949,121,2395.014386
89.42362,118,2396.422461
86.027696,101,2397.647032
89.348208,114,2399.069348
89.319946,129,2400.629977
88.726634,134,2402.29947
89.009299,130,2403.904534
89.281148,114,2405.341889
89.313209,92,2406.488113
89.423603,116,2407.89414
89.393661,118,2409.309589
88.777351,141,2410.999457
89.142061,135,2412.597213
89.757399,98,2413.780525
86.407046,108,2415.067566
89.3073,89,2416.131147
89.382902,116,2446.262753
88.928934,146,2448.0085
89.474098,103,2449.269743
89.660698,98,2450.445382
89.954131,98,2451.621052
88.692297,134,2453.220601
88.875315,138,2454.872829
89.075168,129,2456.424902
88.993682,105,2457.695572
89.386343,113,2459.047892
88.782536,137,2460.705553
89.186573,121,2462.193529
89.060711,111,2463.529002
89.427154,117,2464.962258
85.898587,111,2466.429666
81.721605,85,2467.469646
88.86478,120,2468.919828
89.10182,122,2470.389286
89.359126,92,2500.344284
89.168309,115,2501.753639
86.241203,98,2502.941952
89.926293,93,2503.987694
88.575991,146,2505.734099
88.624672,134,2507.385474
86.188883,112,2508.740036
89.718091,109,2510.034869
88.652237,140,2511.685069
85.788151,98,2512.884395
88.710026,126,2514.471821
89.681829,100,2515.700871
89.144887,109,2516.996891
88.904824,136,2518.59321
88.87613,141,2520.257062
89.659223,96,2521.392514
89.139522,139,2523.029264
60.626435,108,2553.699928
86.426804,135,2555.288451
88.933121,142,2556.962372
12.659166,32,2557.365719
89.702614,103,2558.607457
89.10643,116,2560.004515
85.733539,106,2561.267185
88.698394,143,2562.957901
86.116372,96,2564.092258
89.179015,130,2565.636658
89.082955,143,2567.330011
89.079635,103,2568.556169
88.675927,130,2570.185194
85.880633,143,2571.921305
85.853001,112,2573.279351
89.537166,107,2574.569269
88.74946,131,2576.162158
88.923618,134,2577.823561
89.178555,140,2608.905258
88.894201,134,2610.56041
89.382236,92,2611.665713
88.776862,120,2613.120153
89.185375,101,2614.35586
86.511688,118,2615.791627
88.889862,132,2617.383979
88.759086,122,2618.899226
89.079938,117,2620.382718
85.749975,114,2621.802422
85.842825,97,2622.994087
88.789253,127,2624.537513
85.518687,120,2625.99015
86.341006,94,2627.132046
89.312642,90,2628.235419
89.458033,103,2629.51756
89.301926,113,2630.917761
89.064959,131,2632.495338
89.353673,119,2662.902956
88.724232,138,2664.587074
89.083924,139,2666.274862
85.158214,128,2667.846602
89.486713,98,2669.047796
85.960924,129,2670.624722
85.669811,140,2672.344375
90.123596,89,2673.36439
88.937601,117,2674.793412
89.586523,107,2676.13903
89.096076,116,2677.607023
89.070684,125,2679.255901
88.790041,138,2680.990288
89.474072,104,2682.365396
89.141215,132,2683.982389
86.571811,115,2685.350015
86.958573,93,2686.480319
89.055505,130,2716.57777
89.265353,112,2718.007529
88.980671,143,2719.756155
89.119391,133,2721.379945
89.177586,114,2722.829175
89.413695,98,2724.011377
89.474413,118,2725.467649
89.341974,128,2727.067014
86.315687,122,2728.552934
89.111478,142,2730.246381
89.18826,116,2731.630805
88.750197,126,2733.146564
89.07298,116,2734.55211
89.288799,102,2735.811247
89.161388,113,2737.190766
88.667573,129,2738.732481
89.591542,102,2739.976685
88.766076,129,2770.540764
89.472087,100,2771.811716
87.055369,136,2773.454098
89.238242,94,2774.616364
-9.16,1,2774.662889
85.79627,115,2776.059786
88.031044,130,2777.661955
88.977519,112,2779.115245
43.545445,62,2779.955861
88.948278,128,2781.634217
86.060831,96,2782.899676
89.092585,123,2784.444204
88.626573,145,2786.253272
88.677846,133,2787.953586
88.751261,140,2789.76771
86.140613,130,2791.369587
83.124054,113,2792.7191
88.736511,141,2794.409038
89.051663,143,2824.380229
88.708229,131,2825.947564
86.276939,96,2827.107368
89.170523,128,2828.650465
89.031967,103,2829.881892
86.115493,111,2831.237828
89.041792,121,2832.688612
89.219763,133,2834.330096
88.849671,121,2835.797478
89.938266,96,2836.971981
88.781043,143,2838.760308
89.179364,119,2840.242944
89.399349,89,2841.329498
89.493201,112,2842.686964
88.891459,133,2844.290049
89.1318,96,2845.449373
88.68034,126,2846.971535
89.491044,96,2848.129818
88.807603,128,2880.898206
88.621531,142,2882.602214
86.137212,128,2884.143952
89.611314,92,2885.283735
85.74203,107,2886.581622
88.872507,133,2888.174273
88.815906,135,2889.788318
85.945006,110,2891.11881
85.991143,101,2892.334628
88.845438,142,2894.038674
86.917083,108,2895.33428
89.722816,96,2896.532909
85.989164,136,2898.167354
89.153328,98,2899.3275
89.212718,99,2900.525476
35.028819,63,2901.30464
86.217371,108,2902.650321
-7.4,5,2902.75898
86.495567,127,2904.340185
89.929387,91,2934.405927
88.958069,118,2935.840834
89.611844,108,2937.206854
86.827207,111,2938.576113
88.689443,133,2940.245424
89.651625,107,2941.563721
88.936963,109,2942.898704
60.426546,93,2944.001696
88.904177,126,2945.504622
89.408258,96,2946.618968
39.530596,73,2947.519105
89.677777,95,2948.695849
89.371671,102,2949.961935
86.319048,130,2951.587139
88.82158,124,2953.080475
51.454838,64,2953.860847
88.8955,147,2955.63526
89.37483,98,2956.887705
86.460492,101,2958.158314
88.927081,135,2988.628206
89.103168,100,2989.884053
89.049844,138,2991.593278
89.273585,130,2993.167818
89.20499,104,2994.483319
88.952677,116,2995.996792
89.491789,114,2997.415792
89.047641,132,2999.089164
88.910277,142,3000.864717
89.448109,98,3002.089558
89.028776,133,3003.754899
72.134433,126,3005.409635
89.005156,126,3007.035982
89.351371,112,3008.43292
89.430269,103,3009.735987
89.228014,108,3011.132802
86.083599,103,3012.430892
88.819859,119,3043.03194
88.734527,137,3044.680106
88.994905,133,3046.292427
89.427156,111,3047.68433
89.551093,91,3048.820429
82.698449,114,3050.290706
88.997953,141,3051.986592
88.882137,136,3053.615005
86.840015,115,3055.052532
89.239527,109,3056.400793
88.781997,117,3057.831982
88.611207,137,3059.514512
82.885633,128,3061.146564
89.181743,149,3063.021925
88.751276,122,3064.577495
89.34224,115,3065.995192
64.232659,79,3066.99388
88.914611,112,3097.694472
89.337032,113,3099.098054
85.675853,112,3100.531988
89.157845,117,3102.007996
90.123596,89,3103.017192
85.956066,118,3104.448454
88.959321,121,3105.909322
88.863757,126,3107.498743
86.217519,90,3108.622159
89.079168,139,3110.276723
89.229898,110,3111.688704
89.750089,102,3112.993837
85.526996,135,3114.68095
85.538327,113,3116.089509
88.876338,131,3117.711034
89.541815,95,3118.864892
89.240856,136,3120.538629
86.057005,115,3121.922924
89.303093,111,3152.89945
89.221726,119,3154.430476
88.946182,127,3156.005939
85.813313,101,3157.283585
88.807203,138,3158.953278
88.883224,133,3160.636325
86.723753,120,3162.100113
-7.4,5,3162.191937
85.938811,112,3163.57733
0.174706,17,3163.819284
85.606947,114,3165.266905
89.09211,100,3166.542218
86.362967,109,3167.972154
89.172035,123,3169.627468
89.090961,106,3171.045051
86.52971,92,3172.185209
89.747479,98,3173.425217
88.832296,131,3175.070859
88.860618,129,3176.70897
89.076393,135,3206.874389
88.758453,143,3208.606786
89.34326,122,3210.103658
89.161965,115,3211.50527
89.294316,115,3212.864615
89.163277,92,3213.978272
88.812343,127,3215.552984
89.391666,100,3216.799002
89.760263,91,3217.825037
88.706269,143,3219.559944
85.970005,104,3220.841075
89.796747,96,3222.009258
89.173465,102,3223.33693
89.072666,136,3225.070268
89.673287,92,3226.132548
88.905557,139,3227.834988
90.020722,90,3228.881644
89.106561,96,3230.137162
88.853486,138,3260.388183
89.852672,92,3261.402968
88.938143,135,3263.025579
82.39071,135,3264.679049
88.735535,128,3266.27081
89.374932,107,3267.544852
89.020423,119,3268.96244
88.728704,130,3270.521991
89.033058,126,3272.040537
85.767911,118,3273.45085
89.154562,127,3274.956009
89.535619,101,3276.206295
86.559588,97,3277.420758
89.129191,135,3279.104193
89.20766,104,3280.363554
88.936012,117,3281.785451
88.802614,116,3283.225876
89.388631,107,3284.519232
85.668786,129,3316.012967
89.524329,99,3317.253789
89.085374,106,3318.590772
89.353009,91,3319.772463
89.383261,106,3321.129805
89.064491,121,3322.64945
-8.48,2,3322.713908
88.937711,123,3324.304201
89.219105,123,3325.842685
88.631949,138,3327.538321
88.593355,147,3329.327704
-7.4,5,3329.422038
88.871179,134,3331.072239
88.985646,122,3332.576339
90.049002,91,3333.633995
89.396872,132,3335.258903
89.173633,115,3336.655212
89.026947,134,3338.315707
89.521606,107,3339.619809
89.549029,116,3370.071179
86.687882,94,3371.260181
88.91821,128,3372.895635
88.889017,114,3374.32457
86.559479,117,3375.764457
89.047188,131,3377.379179
85.806846,87,3378.520711
89.523604,105,3379.851253
89.005382,133,3381.517649
21.049424,43,3382.087451
88.854166,123,3383.620117
88.654986,133,3385.238871
89.554473,112,3386.604202
47.615646,70,3387.489124
89.088595,97,3388.707993
88.9276,116,3390.160135
88.921572,130,3391.77548
86.299928,110,3393.116591
86.888855,128,3394.674834
88.99657,111,3425.00479
89.194242,110,3426.343932
89.287326,106,3427.619256
88.688973,138,3429.287541
89.15042,113,3430.648097
89.354325,110,3431.955316
89.166017,118,3433.37485
89.106512,120,3434.820569
88.855978,112,3436.19898
86.16152,117,3437.652875
89.007689,137,3439.299963
88.841189,129,3440.891251
88.872428,120,3442.338627
-7.96,3,3442.40602
89.455402,101,3443.629635
88.733938,136,3445.267984
89.682868,100,3446.480671
88.851105,129,3448.057351
89.445587,104,3478.126685
88.912699,118,3479.601339
89.221569,127,3481.19813
85.382211,118,3482.64371
89.354114,121,3484.125468
85.861357,120,3485.629689
89.036212,133,3487.353874
86.479125,99,3488.553699
89.251,132,3490.172013
86.030872,127,3491.692251
89.407116,116,3493.090468
85.56718,110,3494.440563
89.73495,98,3495.628269
88.915379,132,3497.253823
89.246748,129,3498.778984
86.032032,103,3500.060928
89.533298,95,3501.21949
-9.16,1,3501.26456
86.013242,117,3532.28878
86.035338,114,3533.676575
89.082728,127,3535.19879
85.591133,111,3536.551404
89.584403,101,3537.794576
89.367261,125,3539.281885
89.153353,144,3541.01084
85.436969,89,3542.090238
89.137525,120,3543.517828
89.020029,133,3545.107756
86.860732,111,3546.451975
82.675478,108,3547.779879
85.677093,125,3549.310488
89.03121,119,3550.786233
86.216234,100,3552.032665
89.176263,109,3553.413062
88.923974,121,3554.930394
88.67858,136,3556.618486
86.483399,115,3587.054722
89.498443,112,3588.409477
51.128736,73,3589.319652
89.05339,140,3591.076265
82.559395,111,3592.424645
82.313646,100,3593.693629
89.259892,111,3595.12205
89.590535,110,3596.480035
85.806134,132,3598.143745
89.255513,111,3599.474579
89.86679,95,3600.537919
86.327922,133,3602.134732
82.635062,97,3603.309166
85.956056,129,3604.877478
88.969259,107,3606.187964
88.695607,134,3607.821716
89.025371,106,3609.090772
86.162999,91,3610.103635
85.44127,111,3639.832259
89.243576,129,3641.362914
85.677824,116,3642.812505
89.682749,99,3644.032965
89.568723,107,3645.390327
51.796902,100,3646.63493
89.531646,100,3647.89165
89.882283,99,3649.123924
89.126323,115,3650.566799
88.999539,130,3652.212085
89.975217,91,3653.309479
88.936687,139,3654.983283
88.708896,131,3656.55017
89.097159,102,3657.763872
89.101037,102,3658.987274
82.637721,112,3660.350213
89.031524,121,3661.809244
85.984145,126,3663.307891
86.109358,121,3693.771272
82.218676,104,3695.024724
88.858475,118,3696.442945
89.034901,106,3697.764317
89.219777,126,3699.293616
88.948934,106,3700.609089
82.122161,89,3701.703857
85.552716,90,3702.905699
88.835609,117,3704.351053
89.164287,138,3705.979966
88.712772,124,3707.453437
88.910247,119,3708.877403
88.889564,125,3710.386928
88.894849,115,3711.832669
89.495184,107,3713.12556
88.773892,136,3714.734597
88.753819,127,3716.240971
89.432848,119,3717.663318
88.734839,136,3747.929729
89.064007,117,3749.3817
89.355263,120,3750.910397
88.913127,122,3752.426099
86.565288,131,3754.110135
88.681596,133,3755.776558
89.000651,136,3757.550936
89.23417,134,3759.232678
89.140113,129,3760.834266
85.966448,107,3762.144136
88.621881,143,3763.968043
89.310822,91,3765.098264
89.166706,104,3766.413714
86.128664,99,3767.681131
88.673818,129,3769.294915
85.630821,129,3770.893078
89.422453,118,3772.338996
89.464731,113,3802.492265
89.10374,133,3804.08168
88.841254,124,3805.553097
88.992729,121,3806.988991
88.983916,108,3808.262621
89.434557,103,3809.495174
88.909064,127,3811.044662
53.197149,68,3811.866551
-2.360299,9,3811.990403
87.013592,110,3813.302755
89.304387,94,3814.427622
89.502735,112,3815.806423
89.582821,89,3816.830528
88.918399,137,3818.570827
85.895584,137,3820.270947
89.773852,96,3821.442443
88.888456,116,3822.874135
89.640392,97,3824.028443
-7.36,6,3824.134432
89.507975,116,3825.542917
89.651191,92,3855.815614
89.26941,93,3856.960052
88.994129,117,3858.408435
-7.673208,6,3858.508179
89.086729,129,3860.152255
88.836535,117,3861.623441
89.211375,99,3862.963084
88.854636,114,3864.374262
89.142774,95,3865.540773
88.765326,131,3867.127986
89.202608,105,3868.387472
89.308553,127,3869.956581
85.699433,105,3871.261316
89.588687,99,3872.456481
89.367446,111,3873.808148
85.567621,98,3875.020735
86.033486,139,3876.798027
89.721711,104,3878.081344
15.703254,31,3878.479786
89.88107,92,3879.605011
89.890961,94,3880.783527
89.306584,113,3910.545975
25.008432,44,3911.137863
89.75027,93,3912.280064
83.373218,114,3913.64477
90.123596,89,3914.655398
89.687212,95,3915.829262
85.07742,127,3917.461065
89.384865,95,3918.589471
89.148237,93,3919.731246
89.254553,103,3921.053781
86.108099,121,3922.584466
89.237157,98,3923.765758
89.076499,132,3925.351867
86.71018,120,3926.809356
85.89376,106,3928.094141
89.004485,149,3929.867551
89.216259,110,3931.23482
89.19863,134,3932.824605
82.499776,102,3934.09542
88.973651,115,3964.321814
89.156599,132,3965.904427
88.815265,146,3967.653788
89.477634,100,3968.871232
88.901433,143,3970.672846
66.355204,112,3972.09422
86.055676,116,3973.556985
88.815408,125,3975.051568
89.170346,99,3976.263464
88.787365,115,3977.634063
31.519984,43,3978.157717
89.21135,110,3979.500199
89.179378,134,3981.140961
82.68787,122,3982.670319
88.693434,129,3984.262722
89.28313,94,3985.410205
83.440797,111,3986.742249
89.423531,112,3988.080351
88.610906,142,4018.937854
88.994159,136,4020.584603
89.019025,118,4022.048654
46.29747,74,4022.935799
89.35132,128,4024.475981
89.003599,120,4025.936816
85.991369,102,4027.15864
89.392856,101,4028.375034
89.696488,100,4029.614043
89.380166,116,4031.016718
89.125576,129,4032.540538
89.892245,92,4033.562202
89.177053,115,4034.942014
86.071561,93,4036.136963
88.697976,138,4037.820707
88.734166,128,4039.474959
89.497438,105,4040.814494
82.853738,112,4042.256274
88.94187,121,4073.244037
15.252954,31,4073.663597
82.981661,100,4074.902489
89.32957,91,4076.00013
85.900676,109,4077.327495
89.17886,121,4078.77673
85.958675,113,4080.141235
89.299911,115,4081.521949
85.906214,111,4082.896775
86.403626,114,4084.29699
86.021268,109,4085.638283
89.069972,123,4087.118299
89.193007,123,4088.634218
89.161949,93,4089.795907
88.611443,143,4091.518891
86.177841,102,4092.736789
88.874841,137,4094.386834
87.356813,112,4095.754316
89.226602,108,4126.074972
82.841055,134,4127.710072
89.45262,99,4128.926712
88.893192,131,4130.526299
89.087159,97,4131.73519
89.099645,116,4133.161805
89.384998,93,4134.215795
85.733922,106,4135.505704
86.376459,120,4136.967757
89.347396,99,4138.187005
89.299536,118,4139.628031
67.184193,97,4140.80478
89.611796,102,4142.040451
89.467596,116,4143.449951
85.634544,86,4144.421755
89.750433,100,4145.679171
23.866633,46,4146.249631
88.820932,134,4147.862769
81.936739,107,4149.207559
86.542166,118,4150.68738
86.048018,127,4181.61076
82.019859,100,4182.837878
88.905093,136,4184.485234
89.463244,113,4185.873399
89.19451,123,4187.368934
89.370249,119,4188.861663
89.856353,92,4189.942633
89.255571,132,4191.62733
88.956003,129,4193.269325
89.591985,97,4194.46344
89.01148,141,4196.191022
89.574351,106,4197.532022
88.789993,122,4199.039474
89.390408,102,4200.336067
89.445032,104,4201.60938
85.363391,88,4202.700969
88.901069,132,4204.347388
88.932288,128,4234.998293
89.292074,100,4236.234405
89.418024,103,4237.548203
88.8715,110,4239.000878
89.075899,133,4240.757449
89.166534,111,4242.170995
89.024017,104,4243.480841
86.642166,116,4244.990782
89.298344,120,4246.55258
89.067141,113,4247.905271
89.414807,120,4249.355732
85.877324,112,4250.740934
89.480288,106,4252.054019
89.254372,104,4253.38941
85.954272,95,4254.56815
88.848043,134,4256.198369
82.944954,118,4257.660234
89.046699,124,4259.145865
85.888663,118,4289.446874
89.316415,106,4290.715592
89.137199,125,4292.239157
89.053945,138,4293.941719
89.171103,137,4295.626114
88.788528,125,4297.181017
89.164919,113,4298.574052
88.937358,102,4299.883636
89.145437,97,4301.053364
88.906163,124,4302.552271
-7.6,4,4302.631812
55.681179,77,4303.591129
82.27465,122,4305.124589
86.265781,111,4306.507265
89.937493,94,4307.622268
88.948494,114,4309.010399
89.593489,101,4310.322181
88.837634,144,4312.152241
86.058217,92,4313.294173
86.987031,126,4344.089738
89.766175,91,4345.239879
89.298781,117,4346.678609
89.848396,92,4347.815606
89.450589,96,4348.983232
89.207339,141,4350.668776
88.565847,111,4352.001755
88.809406,120,4353.441194
86.310146,119,4354.902293
82.952684,127,4356.456057
85.396076,118,4357.875034
85.855528,139,4359.584776
89.043156,115,4360.998728
88.921126,107,4362.299809
89.581153,90,4363.286207
85.19645,116,4364.684523
86.309082,116,4366.178205
89.229641,97,4367.345504
89.153131,128,4397.888036
85.782544,105,4399.161592
85.729369,94,4400.328955
88.749411,143,4402.072781
89.091934,102,4403.314411
89.043355,123,4404.831174
89.449061,120,4406.338655
63.801938,98,4407.527274
89.391222,104,4408.783562
88.763127,120,4410.252944
88.937219,117,4411.661101
88.800585,115,4413.038302
88.659875,135,4414.651087
89.412945,100,4415.886545
89.173031,121,4417.386085
89.282233,102,4418.650673
89.231927,133,4420.240173
88.654568,144,4421.983943
89.092416,113,4452.29916
89.212669,119,4453.729853
88.90145,128,4455.236693
88.655854,130,4456.792972
82.123918,84,4457.76159
89.430779,127,4459.267893
89.215862,137,4460.895904
86.049667,129,4462.437782
89.219329,95,4463.580026
89.337363,100,4464.802658
88.951189,101,4465.991592
82.538377,95,4467.153356
89.173578,124,4468.739204
89.292434,105,4469.986666
88.7286,138,4471.622816
85.846374,120,4473.073353
-7.6,4,4473.153409
85.661043,106,4474.427153
88.808745,140,4476.088597
37.33821,82,4505.665733
86.001667,104,4506.916978
85.722614,106,4508.175217
89.300164,110,4509.489511
89.377375,94,4510.622729
89.23928,101,4511.816318
89.386278,98,4512.974265
86.025048,111,4514.281268
82.506374,102,4515.546559
89.66176,102,4516.798474
88.837822,138,4518.451915
89.048184,100,4519.649619
89.160981,118,4521.124532
89.274728,123,4522.657053
89.156919,98,4523.900939
88.91887,139,4525.706072
-9.32,2,4525.754261
89.69521,90,4526.89855
89.394561,102,4528.224448
86.001089,115,4529.649448
85.572772,103,4559.856707
89.13571,108,4561.20122
-7.96,3,4561.272283
37.009962,67,4562.126415
85.948401,114,4563.502824
85.214847,126,4565.076958
89.113722,113,4566.472306
88.816295,133,4568.064852
89.510329,102,4569.312323
89.362809,129,4570.892793
89.276268,94,4571.921838
88.805109,132,4573.50141
65.919182,120,4574.923407
85.664121,110,4576.312108
88.968899,128,4577.827348
89.323932,129,4579.463069
86.54081,124,4580.976227
89.058585,111,4582.312762
88.898491,107,4583.622772
89.016785,98,4613.673331
89.29605,95,4614.819193
86.150675,100,4616.044773
86.460062,107,4617.566067
85.963836,134,4619.224581
89.592026,100,4620.500213
72.482006,135,4622.193459
88.989907,142,4623.962381
85.73925,102,4625.236532
86.316285,129,4626.812358
85.984112,93,4627.943159
89.404035,100,4629.234442
89.034304,136,4630.947315
89.209878,137,4632.692024
88.91701,142,4634.462164
88.832697,139,4636.155357
90.025074,90,4637.251684
-7.36,6,4637.354365
89.200957,107,4668.025276
89.180868,129,4669.657032
85.978283,100,4670.87369
89.072397,137,4672.503509
89.085266,96,4673.681059
85.516269,107,4675.004498
89.056199,124,4676.539429
89.395657,104,4677.838309
89.048753,140,4679.543695
85.853154,108,4680.924306
85.406071,124,4682.421286
88.716737,145,4684.197467
89.355357,109,4685.541207
88.80822,134,4687.212253
88.901006,122,4688.738778
89.234556,94,4689.777199
89.396389,121,4691.229886
89.024006,112,4692.560781
88.880437,147,4723.376808
89.420845,92,4724.394046
86.304209,111,4725.759246
85.558798,126,4727.258812
88.886632,138,4728.893868
82.615515,105,4730.197792
88.949061,105,4731.472645
86.149623,116,4732.875245
88.972403,147,4734.613803
88.886472,110,4735.939143
89.241111,120,4737.388823
88.994082,127,4738.903766
86.276572,111,4740.251321
89.96471,91,4741.284399
85.944855,92,4742.393257
86.277305,105,4743.658535
86.50658,119,4745.097371
89.258359,102,4775.629009
88.955868,121,4777.086592
85.435739,103,4778.38433
89.341503,122,4779.902954
89.090621,92,4780.986179
89.4331,116,4782.396971
89.102861,137,4784.060211
85.91909,120,4785.513526
89.158436,133,4787.100102
88.564456,142,4788.843458
89.029065,141,4790.579724
88.904505,132,4792.171864
82.590356,105,4793.437686
89.001502,132,4795.002563
89.500066,103,4796.238694
89.577285,103,4797.507125
85.956365,124,4799.100335
88.943882,110,4800.464393
39.727829,65,4829.698978
85.664952,99,4830.904664
89.267482,120,4832.351261
89.165973,144,4834.063883
88.619484,137,4835.701954
89.214294,93,4836.829798
88.836802,137,4838.492343
89.294951,115,4839.861327
89.348861,107,4841.161357
88.822678,110,4842.502358
85.306627,111,4843.916928
88.822945,114,4845.352039
-7.36,6,4845.4565
89.710218,101,4846.712992
85.494768,96,4847.915863
89.211216,114,4849.395614
89.415292,102,4850.695415
89.278034,137,4852.441785
89.356486,116,4853.885311
89.503383,100,4884.174073
82.585055,116,4885.573225
89.044355,115,4886.952281
89.026848,118,4888.370464
88.905003,109,4889.695598
85.888306,91,4890.758683
89.065728,118,4892.158595
88.726397,133,4893.739838
89.030849,133,4895.349663
85.323984,102,4896.59781
85.602175,132,4898.188209
89.704271,104,4899.44299
51.682568,70,4900.290834
65.153246,110,4901.609711
88.582255,142,4903.347594
88.790272,147,4905.113019
89.338009,97,4906.287064
89.153615,129,4907.885627
89.017624,142,4938.714901
88.828127,132,4940.404077
89.784877,103,4941.664044
86.638518,127,4943.310198
89.048222,118,4944.736469
86.161686,116,4946.167026
86.967196,117,4947.620173
89.309445,106,4948.921879
89.168037,102,4950.180257
89.229212,98,4951.397915
89.442274,97,4952.593849
89.343064,114,4953.950943
89.365323,96,4955.110106
89.525114,111,4956.510294
88.826124,137,4958.2621
88.968024,114,4959.72413
88.619647,138,4961.429454
88.745772,117,4991.404067
85.981337,117,4992.93172
88.959118,138,4994.776031
82.123812,107,4996.117382
89.11996,107,4997.460346
85.658982,133,4999.047401
89.195487,142,5000.77641
85.427039,92,5001.879477
82.593918,97,5003.074702
89.208659,97,5004.253576
86.222208,122,5005.710906
89.234212,106,5006.980517
86.570596,117,5008.391962
79.113413,102,5009.644184
85.793169,114,5011.064322
88.893788,110,5012.494913
85.645709,131,5014.156178
89.080172,124,5015.719051
89.452429,96,5045.935435
89.003013,131,5047.513915
86.266903,140,5049.172002
89.215734,141,5050.848848
88.924025,136,5052.491168
89.462279,103,5053.770167
89.3017,104,5055.047443
89.502544,111,5056.437737
82.344389,112,5057.797886
89.169838,89,5058.865433
88.988036,104,5060.166987
86.347496,109,5061.536174
89.432418,108,5062.888534
89.069277,124,5064.503456
89.202079,117,5065.995624
89.324522,109,5067.427407
88.735953,130,5069.139497
88.947059,105,5070.487907
86.054355,101,5100.224534
88.837934,143,5101.91803
88.815207,116,5103.317257
89.750001,101,5104.549053
89.062241,135,5106.166579
89.616147,108,5107.450229
86.186473,97,5108.63317
88.956608,106,5109.918054
88.977156,139,5111.623317
89.159296,141,5113.340567
89.134398,122,5114.809892
89.316622,102,5116.021345
87.889002,132,5117.617815
88.97073,144,5119.371158
86.268732,103,5120.652694
89.139375,142,5122.389862
89.211012,124,5123.918449
88.783739,124,5154.141719
88.862256,143,5155.86283
89.056796,136,5157.507205
88.859136,117,5158.90536
85.87364,110,5160.229174
89.809191,95,5161.369066
88.840001,122,5162.847165
89.191495,136,5164.52946
89.15261,121,5166.009084
86.567849,120,5167.499976
89.14455,121,5168.988944
88.586272,145,5170.764361
86.10295,95,5171.921334
88.88005,111,5173.291036
89.428206,114,5174.696509
88.848682,133,5176.38294
88.993661,118,5177.884312
89.482085,90,5207.365647
89.073913,97,5208.572845
88.767324,122,5210.047285
85.888538,124,5211.538481
88.995416,114,5212.899743
89.520117,94,5213.977652
86.138809,110,5215.291176
85.779769,106,5216.574304
89.378523,99,5217.781268
66.534174,94,5218.919215
89.872315,90,5219.93186
89.188858,142,5221.630197
85.602087,110,5222.943597
88.73808,127,5224.453255
89.183086,105,5225.752894
89.081314,102,5226.992748
89.574303,107,5228.293479
89.322673,109,5229.619453
89.318794,114,5231.021041
4.719471,16,5231.230814
89.217653,105,5261.044524
86.174384,136,5262.729646
89.228997,139,5264.401636
88.740009,138,5266.072084
88.963026,125,5267.607378
89.099605,109,5268.969988
89.085322,110,5270.364996
88.694818,127,5271.923602
88.919946,133,5273.534787
89.087745,126,5275.067866
-3.304706,9,5275.204315
89.269256,93,5276.367138
85.171541,119,5277.870494
82.492525,93,5279.015722
89.364383,120,5280.524289
-6.40367,5,5280.608804
89.007074,142,5282.328071
88.963378,138,5284.042891
82.698803,121,5315.054369
89.31645,90,5316.162702
89.545614,89,5317.254398
89.509088,116,5318.65773
86.013542,105,5319.944889
82.395448,92,5321.090842
88.824387,128,5322.637325
85.845169,120,5324.107075
89.193906,125,5325.666981
89.283372,135,5327.377983
89.126101,140,5329.120782
89.743316,94,5330.330616
85.742443,125,5331.998569
89.239803,100,5333.201857
88.723577,126,5334.72731
88.809917,145,5336.458735
89.087156,113,5337.838308
89.003573,143,5339.55817
89.376569,114,5369.892243
89.052837,122,5371.371931
89.010236,115,5372.763062
88.772953,141,5374.462951
89.111912,136,5376.104087
89.072235,136,5377.735525
86.039789,110,5379.073926
-7.4,5,5379.164821
89.241246,109,5380.480426
89.692242,106,5381.762012
88.72538,128,5383.313901
89.110708,125,5384.825372
88.784617,137,5386.450227
88.846779,133,5388.082879
89.161782,136,5389.704182
88.71608,141,5391.376873
88.72271,128,5392.901736
85.880625,90,5423.431992
86.40672,110,5424.780382
52.648652,91,5425.935696
49.539272,90,5427.127888
85.504976,119,5428.678367
88.964281,110,5430.042399
88.691918,138,5431.785684
85.893191,97,5432.965655
89.090179,132,5434.544797
89.52271,110,5435.871061
89.276643,126,5437.448182
86.585163,112,5438.798799
85.670263,110,5440.170542
86.357959,94,5441.327607
88.658263,137,5442.991669
86.172527,108,5444.317204
89.228112,127,5445.858539
85.118793,105,5447.134623
89.134805,106,5477.556875
88.915786,125,5479.064418
89.901231,95,5480.25821
89.855602,90,5481.252783
89.154248,118,5482.674295
86.251564,105,5484.014158
85.617584,111,5485.3898
89.461029,122,5486.953185
88.75443,133,5488.59434
89.302008,111,5490.003828
37.583452,71,5490.877619
89.019918,109,5492.233656
88.063328,99,5493.479017
89.313722,133,5495.160391
89.524775,90,5496.217066
89.250899,118,5497.641903
86.022743,133,5499.273411
89.530606,100,5500.490573
89.345971,105,5501.781138
89.733687,94,5531.149126
88.943267,107,5532.439811
86.308056,107,5533.757772
86.061782,130,5535.355914
35.092162,65,5536.158201
89.36371,97,5537.329321
89.724291,98,5538.50913
83.701219,114,5539.8948
89.39639,109,5541.25773
89.211749,103,5542.517454
85.828537,123,5544.070994
89.348794,132,5545.676795
88.738804,138,5547.347631
88.838939,112,5548.798954
85.532057,87,5549.846424
-8.24,5,5549.932852
89.269739,108,5551.249802
89.285405,117,5552.643083
86.028815,98,5553.877802
89.866865,95,5554.989969
89.122845,126,5585.595257
89.36818,116,5587.012974
88.802961,137,5588.662196
89.739694,104,5589.94483
89.361608,92,5591.153275
88.991611,134,5592.839811
88.846877,114,5594.24432
86.364564,115,5595.63095
88.854916,134,5597.230381
88.734127,144,5598.945476
89.170695,132,5600.540517
89.044719,107,5601.88505
88.876814,137,5603.540454
86.12285,98,5604.718197
82.45775,102,5606.0663
88.978275,125,5607.600223
89.266042,99,5608.827772
89.386645,90,5610.004206
86.294437,116,5641.190621
89.326543,133,5642.833927
88.962444,141,5644.53086
88.729823,131,5646.112321
85.508643,90,5647.264622
89.026322,141,5649.001407
89.25519,111,5650.371214
89.288382,110,5651.832566
89.405487,99,5653.053072
88.625477,137,5654.711127
88.648402,134,5656.304088
81.964045,93,5657.457257
89.562276,108,5658.773874
89.098399,116,5660.222296
88.956693,137,5661.83889
89.506588,98,5663.025148
89.059044,109,5664.336097
85.683977,111,5694.712611
88.984802,138,5696.368812
89.031008,125,5697.878664
89.295377,124,5699.366584
85.983602,93,5700.481556
89.050292,119,5701.888839
88.850106,112,5703.227927
85.087238,127,5704.740627
89.049886,121,5706.197865
88.916964,130,5707.753119
88.735822,121,5709.187676
89.26642,130,5710.748637
88.997651,133,5712.373972
89.17952,114,5713.775663
89.255044,128,5715.372643
85.411966,99,5716.664567
89.579186,109,5718.054153
88.709051,134,5749.720794
89.306243,118,5751.200615
-7.96,3,5751.270231
89.159899,135,5752.920006
41.846784,56,5753.604238
88.806473,126,5755.110528
89.046,127,5756.709994
89.743424,104,5758.026026
89.213541,107,5759.33797
89.444684,105,5760.674795
88.736172,142,5762.37138
89.007326,101,5763.61456
88.819072,122,5765.109057
89.055748,135,5766.736502
89.147854,103,5767.976071
89.162017,136,5769.655009
89.179663,116,5771.079583
89.226179,130,5772.714245
89.584077,101,5773.957386
89.500514,117,5804.44972
89.523513,109,5805.759873
89.857806,93,5806.89037
85.707276,123,5808.409117
88.883917,116,5809.871016
89.425842,125,5811.405009
86.519764,120,5812.862996
89.358433,119,5814.301963
88.906941,119,5815.733558
89.10159,110,5817.065334
82.809562,106,5818.343681
89.016798,146,5820.096993
85.60714,87,5821.146459
90.123596,89,5822.139721
88.590523,136,5823.914235
88.95555,124,5825.437653
89.009534,141,5827.131758
89.241688,121,5858.28408
89.179575,96,5859.507944
85.962736,119,5860.998448
89.613756,99,5862.121474
89.043781,94,5863.261415
56.990385,70,5864.171245
86.110396,122,5865.71558
86.080738,129,5867.312352
89.291815,122,5868.817688
86.113015,116,5870.314644
89.310268,129,5871.893021
89.79894,99,5873.122606
88.810446,128,5874.712536
89.074402,132,5876.394918
88.817173,125,5877.989493
65.23383,86,5879.085396
89.044173,94,5880.27035
89.134331,137,5881.935919
89.620516,89,5883.001345
89.116044,130,5913.670699
85.136982,119,5915.178678
88.815184,128,5916.855027
88.791365,136,5918.562448
89.247226,101,5919.891917
88.875416,110,5921.273537
85.365227,94,5922.524625
89.223488,110,5923.959038
89.026837,135,5925.63918
89.781435,97,5926.826154
85.853338,99,5928.023061
89.147049,131,5929.602862
88.900928,107,5930.909514
89.406107,99,5932.106266
89.678649,94,5933.251272
88.660751,144,5934.991056
89.498012,110,5936.339797
89.244803,89,5937.391082
89.218777,106,5967.481673
88.991554,142,5969.176961
89.625832,89,5970.172451
89.120167,121,5971.697772
89.271183,136,5973.45405
89.354614,104,5974.859091
89.414452,101,5976.11835
89.166755,93,5977.317529
86.148172,123,5978.888752
89.040172,139,5980.665466
89.142072,105,5982.051789
89.184826,134,5983.71737
88.912445,125,5985.265261
89.044376,110,5986.689045
86.731687,130,5988.287956
89.699022,97,5989.493306
89.116016,120,5991.071631
89.393973,114,5992.429706
89.06346,125,6023.193068
89.581295,99,6024.387943
89.813574,89,6025.389067
89.015413,137,6027.051351
89.011713,117,6028.472919
89.02015,107,6029.769538
89.272395,107,6031.098207
89.100504,95,6032.351815
89.067033,137,6034.059584
88.896102,125,6035.609772
89.029966,100,6036.936485
89.324006,111,6038.314613
89.158302,125,6039.824894
-8.48,2,6039.884487
89.124993,107,6041.231942
89.420111,115,6042.656214
89.399882,113,6044.0722
89.218666,100,6045.365634
88.984775,112,6046.746384
89.350222,104,6080.457194
89.223175,124,6081.966455
88.787508,138,6083.679676
88.83988,143,6085.436456
89.258751,116,6086.848455
85.494419,109,6088.252484
89.122113,140,6090.017329
88.953518,142,6091.855044
88.886749,113,6093.333544
47.915654,90,6094.467245
89.080623,121,6095.943707
88.743152,118,6097.372283
88.869023,119,6098.86724
89.705144,90,6099.996679
88.955453,115,6101.438551
88.717972,129,6103.006687
88.937449,123,6104.477006
88.695248,139,6135.378225
89.981836,91,6136.476089
89.126688,138,6138.158828
89.433159,116,6139.558769
88.92471,112,6140.991522
88.984818,150,6142.789167
88.807177,129,6144.379785
85.844017,103,6145.665749
89.230803,134,6147.271415
89.628636,101,6148.47893
89.067305,123,6149.948231
89.038985,109,6151.265231
89.410263,101,6152.524187
89.937132,96,6153.699661
89.220951,133,6155.305069
88.900574,127,6156.954943
89.463385,103,6158.202904
86.377346,131,6188.89951
89.195614,135,6190.593886
88.861722,122,6192.08883
89.190467,134,6193.679703
89.081293,145,6195.373267
89.093123,116,6196.763604
88.726264,148,6198.518265
90.123596,89,6199.506006
89.286378,93,6200.545805
86.342911,117,6201.965118
88.752592,131,6203.557243
89.352047,101,6204.779044
89.095451,135,6206.462598
89.414793,108,6207.787316
88.786848,142,6209.551451
89.371932,109,6210.901981
89.315455,127,6212.488353
82.589228,93,6243.694487
89.265651,127,6245.22629
83.634147,102,6246.506114
89.134143,121,6247.938575
89.140702,96,6249.092952
88.868,120,6250.522975
88.786786,130,6252.151506
89.781054,90,6253.165743
88.927412,145,6254.898403
88.767195,121,6256.354559
86.05599,138,6258.025175
88.615297,142,6259.741714
-7.6,4,6259.824245
88.929906,133,6261.425099
89.009801,132,6262.98789
88.638636,139,6264.644413
88.729831,130,6266.202322
88.875472,132,6267.802559
89.272129,115,6297.858377
89.04054,126,6299.350806
89.016366,137,6301.023224
89.556629,110,6302.371009
89.304974,113,6303.719177
89.440694,122,6305.192379
86.061325,123,6306.754152
89.364049,107,6308.035246
89.048481,120,6309.482201
89.138443,98,6310.705723
88.982237,143,6312.425387
89.021352,129,6314.082148
89.079559,142,6315.821783
89.240214,101,6317.062179
89.353195,91,6318.171465
89.364844,114,6319.546556
85.821399,90,6320.612471
84.918187,132,6351.458004
88.779419,122,6352.924511
89.018651,131,6354.484133
88.710313,132,6356.168855
85.703355,118,6357.609389
89.189294,120,6359.091471
89.192662,89,6360.09504
89.345643,98,6361.280762
85.93271,122,6362.738297
88.958461,110,6364.071052
89.910533,95,6365.278847
89.042565,116,6366.69508
89.056273,104,6367.948964
88.810737,146,6369.699089
89.224306,116,6371.111694
89.138058,133,6372.800478
88.810263,138,6374.61036
88.751803,130,6405.902219
88.924647,133,6407.516084
89.395591,115,6408.919733
88.963176,130,6410.500494
89.250705,113,6411.868563
89.732525,100,6413.072862
89.261301,135,6414.686533
89.327758,98,6415.889231
89.147753,133,6417.481159
89.047563,122,6418.947597
88.860166,145,6420.761099
88.980932,131,6422.342026
89.36286,100,6423.578388
89.045409,136,6425.260654
88.759986,126,6426.82381
85.933559,95,6428.077582
89.03222,122,6429.710997
88.640094,146,6460.671531
85.552124,111,6461.998742
88.734244,122,6463.561751
89.029135,121,6465.031568
89.234961,89,6466.102537
89.650196,104,6467.419043
89.071514,136,6469.08449
88.945718,124,6470.630623
88.881027,107,6471.95143
89.701105,90,6472.936386
13.0,24,6473.215336
88.969075,107,6474.519089
89.477116,112,6475.897122
88.863304,150,6477.748142
89.269356,134,6479.369883
86.362288,121,6480.849823
85.998833,92,6481.981804
89.25584,126,6483.48586
88.776396,136,6514.88237
89.306226,127,6516.429849
88.869822,139,6518.113089
88.734805,132,6519.691033
89.436968,120,6521.193452
89.211385,135,6522.892691
89.303556,108,6524.230269
86.251186,117,6525.759745
88.895517,128,6527.409209
89.40622,93,6528.478467
89.365197,119,6529.985392
88.802407,134,6531.699785
90.005512,91,6532.787317
89.369298,102,6534.00937
88.994984,108,6535.301139
90.112383,89,6536.290653
89.011195,127,6537.792684
89.18686,128,6539.344329
89.09519,136,6569.848518
88.979756,117,6571.283959
88.898904,129,6572.898028
89.255957,127,6574.424879
89.745685,96,6575.621103
89.60474,104,6576.884555
88.813713,111,6578.274777
89.152231,117,6579.764128
88.779532,127,6581.341172
88.793668,143,6583.06851
89.31133,94,6584.212845
89.02322,117,6585.622974
89.447246,115,6586.99942
89.187465,115,6588.370651
88.989339,132,6589.980363
89.259253,128,6591.524542
89.299327,103,6592.779097
88.951491,136,6623.533908
89.156252,114,6624.936261
88.768326,123,6626.400463
89.414346,95,6627.541426
89.145394,123,6629.124581
86.447549,105,6630.383396
88.901353,127,6631.959893
86.672342,113,6633.44434
89.114815,94,6634.510349
89.849005,91,6635.588365
89.041875,124,6637.144807
89.674877,98,6638.368996
88.938118,105,6639.787447
89.196253,138,6641.460846
84.751889,126,6643.035807
88.857935,118,6644.450483
88.844153,118,6645.899573
88.88459,135,6647.561894
88.776562,137,6679.843606
89.10789,106,6681.142294
88.787967,125,6682.680387
89.261325,117,6684.138736
89.5763,99,6685.347949
85.974236,117,6686.758659
85.835339,126,6688.330575
89.366723,103,6689.578026
-9.16,1,6689.622921
89.068602,141,6691.381061
83.020993,113,6692.76964
88.925555,129,6694.358808
88.817411,112,6695.763534
89.116659,128,6697.487406
89.103525,121,6699.034292
88.856537,147,6700.797687
89.389878,101,6702.019263
88.790487,126,6703.543053
89.37687,117,6734.535177
89.313651,113,6735.896251
88.929811,118,6737.323535
88.784263,129,6738.887315
89.318969,115,6740.303522
34.736673,65,6741.099515
86.23263,111,6742.454963
88.859092,131,6744.067138
86.262854,136,6745.716857
89.770694,90,6746.811017
89.025449,110,6748.134055
89.010551,113,6749.509982
89.159398,136,6751.167115
89.759239,103,6752.414799
89.509132,89,6753.405063
89.164428,109,6754.733333
89.130092,94,6755.875952
86.08247,101,6757.110737
88.709762,147,6787.70188
85.827903,107,6788.988322
89.356194,107,6790.29065
89.174861,122,6791.751231
88.841748,120,6793.220112
88.849789,139,6794.925997
89.808338,90,6795.961764
89.245465,115,6797.36621
88.773755,134,6799.001496
88.874353,124,6800.569272
89.373657,115,6801.938854
89.036619,118,6803.377801
88.864,136,6805.008025
88.992736,130,6806.569887
89.08829,106,6807.863379
88.949585,110,6809.224123
86.780604,105,6810.541938
89.041874,118,6811.995023
89.311068,100,6841.724331
89.307117,103,6843.015252
89.218246,138,6844.669466
89.71861,103,6845.987321
89.039275,126,6847.570782
89.337766,108,6848.929162
88.963423,120,6850.400867
89.127787,131,6851.970159
90.069387,89,6853.002455
88.944252,134,6854.622113
88.800037,149,6856.480295
89.44629,118,6857.980192
89.543986,89,6859.11814
89.82258,90,6860.165282
86.466821,119,6861.641138
88.80558,128,6863.172503
89.05671,144,6864.924397
90.123596,89,6894.330663
88.98423,136,6895.966578
89.290034,94,6897.0919
88.84611,115,6898.469986
89.171677,116,6899.888365
89.178066,134,6901.497396
89.242078,132,6903.139278
85.390037,108,6904.457281
88.888856,124,6905.98025
89.223915,98,6907.170786
89.222857,136,6908.790192
89.044485,131,6910.434343
88.798325,120,6911.870199
89.609957,104,6913.136135
88.935471,121,6914.581773
89.098473,92,6915.734475
88.999773,142,6917.42518
88.707164,135,6948.535685
89.120502,97,6949.702998
89.804333,96,6950.809687
89.214186,129,6952.388489
85.775046,112,6953.772491
88.838049,145,6955.598915
89.030298,147,6957.430757
85.664979,101,6958.770866
89.718872,95,6960.02143
89.180703,109,6961.358947
89.227922,109,6962.753297
88.686233,128,6964.367674
88.691509,138,6966.097839
89.078392,138,6967.762808
89.186843,117,6969.160404
89.919205,92,6970.28063
89.320611,106,6971.551898
88.988588,127,6973.094074
88.830211,127,7004.639918
89.305502,96,7005.853952
89.073836,112,7007.320065
88.892305,128,7008.937413
90.123596,89,7010.021159
89.160646,113,7011.493692
88.685314,130,7013.127402
89.700953,101,7014.387134
85.138421,129,7015.968126
74.496344,111,7017.352041
89.1516,148,7019.194913
88.814494,113,7020.63764
89.995962,92,7021.810939
89.090214,128,7023.394704
89.976665,90,7024.556871
74.583258,136,7026.279542
88.811064,125,7027.821293
89.210093,130,7058.662062
89.06541,107,7060.044358
88.913955,144,7061.748132
89.273862,90,7062.773719
89.722278,96,7063.971739
88.92998,149,7065.74138
90.119132,89,7066.761441
89.11961,128,7068.283176
89.087087,134,7069.874074
86.131244,105,7071.152099
88.898491,149,7072.953722
89.24852,95,7074.092889
89.067206,128,7075.630132
89.42146,125,7077.116924
86.242194,108,7078.423968
89.217967,95,7079.579379
86.208768,108,7080.911247
89.179869,97,7082.096237
89.69661,107,7112.769348
89.855187,94,7113.978861
89.81158,100,7115.210072
89.368242,97,7116.384722
89.434657,90,7117.481328
89.114281,131,7119.055698
86.553772,125,7120.566643
89.196848,118,7121.987134
89.335383,116,7123.410445
85.891861,99,7124.62551
88.964689,140,7126.406612
89.085823,129,7127.996597
89.634539,93,7129.151974
88.994609,133,7130.814782
-5.121215,6,7130.904063
88.83649,130,7132.449612
89.558801,97,7133.640102
89.559263,114,7135.026548
89.892138,102,7136.271585
89.088155,116,7137.693214
89.109053,140,7168.035431
89.012018,130,7169.594634
89.824544,96,7170.754853
89.195506,132,7172.331899
88.791227,135,7173.971377
89.120548,147,7175.705552
88.973511,124,7177.197107
89.272057,97,7178.364263
88.830788,134,7180.052292
89.573154,99,7181.288449
89.3044,118,7182.7229
88.878202,137,7184.445377
89.061999,100,7185.677445
89.812356,98,7186.875472
88.992971,108,7188.155558
87.545957,127,7189.68075
85.893103,107,7190.972649
89.226626,135,7222.179947
89.541379,110,7223.546944
89.538256,107,7224.88253
88.832892,114,7226.309144
89.111625,145,7228.062854
88.980977,108,7229.429179
88.804901,124,7230.980164
89.369219,99,7232.182573
88.895089,131,7233.752623
89.015875,127,7235.296858
89.428215,114,7236.707005
86.524269,121,7238.181047
89.676473,91,7239.214346
89.152074,121,7240.706309
88.987591,112,7242.091395
89.897008,97,7243.286706
88.701735,123,7244.79956
89.207632,112,7275.303379
90.123596,89,7276.291217
89.653248,110,7277.605688
88.785807,118,7279.020642
89.166025,96,7280.238773
89.484381,89,7281.32624
89.1339,135,7282.919928
89.488543,113,7284.26737
89.296355,106,7285.543248
85.977126,107,7286.838408
82.204104,83,7287.842459
89.581866,115,7289.244197
85.685163,122,7290.723576
89.248515,131,7292.304396
89.073852,114,7293.664162
89.290613,128,7295.27245
89.207159,122,7296.778184
89.019424,106,7298.062676
89.291561,116,7299.484667
89.337325,93,7329.850443
88.908537,117,7331.24508
88.750669,132,7332.840406
89.068914,126,7334.370953
86.198856,117,7335.805881
88.750945,147,7337.563467
89.521657,95,7338.711831
89.665909,103,7339.963346
89.30117,100,7341.177873
88.633025,145,7342.920491
88.858885,127,7344.443982
88.855421,133,7346.06389
89.494989,109,7347.369215
89.550017,109,7348.685858
88.814678,128,7350.230284
88.974409,107,7351.529077
89.470511,113,7352.897987
89.456765,113,7383.595845
88.666145,131,7385.235879
89.821737,92,7386.32698
89.215337,138,7388.111574
85.995733,86,7389.137463
88.949142,144,7390.893651
89.281962,110,7392.255421
89.149048,102,7393.560082
89.555312,100,7394.821302
89.185403,97,7396.028309
89.193448,110,7397.441515
86.366628,110,7398.886376
89.387222,108,7400.277211
89.11661,95,7401.475538
88.835005,113,7402.914459
89.062125,121,7404.435323
88.886435,117,7405.897466
88.637704,139,7407.995477
88.657661,131,7440.493542
89.252891,128,7442.173324
89.507362,95,7443.317838
88.81054,113,7444.778931
88.726819,137,7446.439907
88.915138,141,7448.19223
89.552472,110,7449.545762
89.137203,122,7451.044513
89.209246,106,7452.318301
89.001878,133,7453.92153
88.690781,135,7455.545301
89.029189,102,7456.782058
86.812892,114,7458.177567
88.743514,136,7459.916278
88.957015,134,7461.594996
89.062489,113,7463.060448
89.265543,113,7464.47904
88.853176,111,7496.122632
88.664421,132,7497.735725
89.720659,97,7498.947938
88.926356,140,7500.72204
89.126251,109,7502.060308
89.158226,136,7503.748493
89.269982,115,7505.165662
89.380246,119,7506.698308
89.760186,104,7507.976257
88.943809,131,7509.665639
85.506853,114,7511.104661
89.136295,112,7512.626665
88.730132,146,7514.598312
88.877202,111,7516.115488
89.867689,92,7517.380868
-7.6,4,7517.467347
89.118605,137,7519.224275
86.273967,118,7520.771027
89.505718,103,7522.146405
86.504502,130,7554.516458
83.213989,115,7556.051
89.308787,102,7557.36676
89.31409,112,7558.874298
89.668625,107,7560.263135
89.089518,111,7561.722665
89.18551,129,7563.40065
89.776259,98,7564.69596
88.855594,136,7566.449498
88.914476,133,7568.215084
89.232293,128,7569.873106
89.358474,120,7571.426002
85.507086,102,7572.745583
89.000758,112,7574.194212
88.931123,134,7575.895374
89.765608,98,7577.191588
89.022291,131,7578.914638
89.375971,90,7609.368433
86.478846,129,7610.971055
88.704426,143,7612.81297
89.005577,108,7614.270569
89.269871,103,7615.614882
89.508218,104,7616.935582
88.852125,136,7618.714959
88.77225,136,7620.541757
89.201181,100,7621.898432
86.482374,128,7623.488768
89.448459,99,7624.727041
89.336035,125,7626.319131
88.961961,133,7627.972541
88.92559,136,7629.636131
88.765354,124,7631.140134
88.882595,149,7632.972707
85.68278,109,7634.368556
89.445457,101,7665.251523
89.536426,89,7666.354103
89.55836,93,7667.491548
89.371777,111,7668.852029
89.014297,142,7670.598669
89.198785,121,7672.081166
89.675923,97,7673.211812
89.034335,133,7674.856842
86.010379,98,7676.127807
88.725883,128,7677.689907
89.160894,139,7679.396105
88.867806,127,7680.967799
89.101743,100,7682.19055
85.787632,123,7683.705194
86.242686,107,7685.057862
86.015306,96,7686.249355
89.470527,92,7687.37742
88.767463,132,7688.995565
85.409837,90,7720.044839
89.112712,137,7721.857149
89.350653,105,7723.208449
89.303427,95,7724.400729
89.007085,147,7726.380924
88.698957,145,7728.230571
88.703392,139,7730.105474
89.281166,116,7731.583576
89.572391,101,7732.840369
89.580439,92,7734.015336
89.264842,122,7735.549533
89.168629,112,7736.995006
89.050486,143,7738.834902
89.215442,97,7740.073488
88.836534,120,7741.575449
88.981159,106,7742.917664
89.356898,107,7744.292834
88.641981,132,7745.922843
88.710117,131,7777.292473
89.204841,127,7778.884559
88.907201,138,7780.593487
89.478277,113,7781.991056
89.07806,134,7783.649813
89.030466,125,7785.319283
89.822092,90,7786.457953
89.439935,107,7787.842926
-7.4,5,7787.942237
88.661497,127,7789.546258
89.539169,106,7790.942944
88.846665,117,7792.523768
88.680307,135,7794.259654
89.661124,90,7795.344312
89.399793,122,7797.019359
89.213071,140,7798.85301
89.947211,92,7800.040547
89.26006,127,7801.6039
89.028019,144,7833.140939
88.978209,126,7834.730044
88.817016,135,7836.532352
88.919072,107,7837.980338
89.008868,118,7839.646406
85.922827,133,7841.469929
86.656356,127,7843.173628
88.929711,116,7844.686415
88.622438,135,7846.534745
88.612,142,7848.393939
89.264199,117,7850.031594
-7.96,3,7850.106385
88.814636,141,7852.023365
89.172041,144,7853.901559
89.120537,134,7855.800602
88.733855,124,7857.368035
89.837941,91,7858.584032
89.317891,99,7890.38321
89.085527,131,7892.021348
90.083585,89,7893.135559
89.00138,124,7894.767202
89.773417,96,7896.0006
89.434887,100,7897.384667
-7.6,4,7897.476306
89.203235,137,7899.327159
89.356019,109,7900.777448
85.740171,125,7902.473148
89.478822,118,7903.924234
86.0676,108,7905.261816
88.965658,110,7906.689947
85.960096,104,7907.996146
89.45592,108,7909.381264
89.188282,90,7910.483928
89.799528,94,7911.670156
88.899084,124,7913.216539
88.728548,127,7914.845284
-7.96,3,7914.915031
88.96202,106,7945.636331
86.027747,123,7947.194821
89.907944,93,7948.434789
88.896279,141,7950.18364
89.062831,102,7951.424064
89.137966,110,7952.775861
85.624752,127,7954.333957
89.172976,107,7955.637088
88.74155,143,7957.39617
89.22491,124,7958.929461
89.062926,144,7960.690043
89.023394,96,7961.895985
89.002354,122,7963.413789
89.13352,108,7964.766062
89.311429,108,7966.133553
89.349392,114,7967.549413
88.90156,113,7968.920936
88.852946,128,7970.465775
89.296812,99,8000.943906
86.018419,87,8001.995657
-7.4,5,8002.089493
85.581723,119,8003.6381
89.118193,100,8004.97875
89.501408,100,8006.309169
89.284029,115,8007.852216
89.0825,119,8009.40234
89.425128,111,8010.869462
24.077299,53,8011.56037
86.184147,108,8012.900167
88.960392,130,8014.546037
88.863183,131,8016.252306
85.848569,127,8017.947866
89.718198,100,8019.263213
89.783298,105,8020.686267
89.698923,104,8022.040938
89.582716,90,8023.248886
89.386817,129,8024.87303
89.026897,126,8026.463048
89.349487,123,8057.700736
88.702856,134,8059.357791
89.112422,139,8061.132286
88.976166,123,8062.640116
89.325907,116,8064.060203
89.089287,130,8065.625976
89.289903,114,8067.058044
89.326532,115,8068.474639
82.923159,143,8070.234641
90.063339,89,8071.252277
89.148274,131,8072.878406
88.813195,138,8074.634664
88.995342,137,8076.407537
89.416838,122,8077.992799
89.080254,138,8079.793226
89.161087,137,8081.557862
85.954397,105,8114.277551
88.821463,117,8115.762036
89.248876,120,8117.262066
89.066357,141,8119.034315
86.101331,128,8120.638827
90.123596,89,8121.629591
88.657629,140,8123.331223
-7.6,4,8123.409893
89.032079,123,8124.892109
89.316369,133,8126.485644
89.2802,101,8127.793024
88.904977,112,8129.283327
89.217306,93,8130.503867
88.955296,114,8131.986759
89.207352,124,8133.579236
89.365416,116,8135.009008
85.857702,111,8136.409158
89.345173,123,8137.997442
89.206742,114,8169.483041
89.167498,131,8171.06546
89.238158,101,8172.296443
88.791593,123,8173.818233
89.130638,99,8175.097326
85.752236,119,8176.564357
86.191215,121,8178.055867
88.792625,137,8179.808265
89.492871,105,8181.103386
89.185404,116,8182.56682
89.21849,96,8183.73871
88.986022,113,8185.098081
88.884853,120,8186.599538
89.487688,102,8187.857103
85.773807,108,8189.169664
89.491164,101,8190.437704
89.088863,96,8191.601215
89.188673,93,8192.729549
88.941304,137,8194.39
89.064041,97,8225.218627
-2.461411,16,8225.460277
85.901694,111,8226.90884
89.578826,94,8228.124825
88.895045,104,8229.484056
89.371275,121,8231.053309
88.835793,115,8232.508869
88.88568,122,8234.049436
89.400435,94,8235.211689
88.788255,132,8236.940684
89.449293,120,8238.510108
85.957922,114,8240.029264
89.439216,104,8241.373606
89.14571,141,8243.120022
88.989422,117,8244.60534
89.599986,105,8245.984014
85.935176,131,8247.646504
88.775016,130,8249.305846
89.353115,128,8280.239097
88.994872,121,8281.699539
89.097839,106,8282.989144
88.968017,124,8284.536527
88.989092,130,8286.134209
89.401324,95,8287.316735
89.109727,132,8288.934999
89.206147,111,8290.392659
89.154413,120,8291.894778
86.291674,126,8293.452126
89.179086,133,8295.108988
88.744311,130,8296.718875
89.518911,89,8297.790075
89.240542,103,8299.111472
90.123596,89,8300.149368
89.255749,127,8301.731451
86.17378,108,8303.081567
89.249938,102,8304.334555
88.997289,127,8336.687467
89.202486,121,8338.183098
88.89082,118,8339.633502
89.306584,101,8340.958442
88.716567,133,8342.566141
88.857337,131,8344.285666
89.653396,104,8345.712648
89.361364,108,8347.102501
85.548141,106,8348.475629
89.282224,130,8350.226003
89.22968,138,8351.986005
88.974968,113,8353.487741
85.875224,89,8354.62682
89.605193,108,8356.051524
88.788687,137,8357.735241
88.809865,119,8359.172528
89.433944,103,8360.431681
89.735218,101,8361.67805
88.991342,116,8393.027332
88.900221,126,8394.568588
89.335092,115,8395.98068
88.829684,136,8397.654436
89.335399,127,8399.255501
88.873451,119,8400.71665
86.349729,111,8402.126081
89.084521,135,8403.78906
89.128584,96,8404.977655
89.061922,125,8406.548314
89.125974,121,8408.107769
85.652459,112,8409.510719
89.387174,117,8410.954652
89.349758,119,8412.462304
85.774196,117,8413.884493
89.019991,134,8415.535917
88.995253,130,8417.137149
88.714609,124,8447.368799
-9.16,1,8447.414531
88.889073,125,8448.995802
89.608182,107,8450.296002
89.153053,141,8452.018675
89.834143,100,8453.244436
89.204158,137,8454.91947
89.358259,114,8456.334765
89.570502,106,8457.683131
88.911188,133,8459.350381
88.796874,119,8460.898129
88.923295,149,8462.786134
89.22845,124,8464.342286
85.636049,104,8465.715694
88.819611,122,8467.299714
89.42972,116,8468.747443
89.096536,100,8470.000777
85.373065,94,8471.153126
-9.16,1,8471.20746
89.343778,113,8503.156616
89.203655,139,8504.918737
88.894756,143,8506.681487
89.057879,121,8508.196073
89.138268,137,8509.924805
89.613991,100,8511.225257
89.376197,126,8512.781679
88.686006,129,8514.361752
88.869577,144,8516.112437
89.710066,94,8517.27331
89.04016,119,8518.750023
89.29671,96,8519.949389
89.177394,136,8521.601472
88.834875,136,8523.267041
89.074183,129,8524.836765
89.669316,105,8526.117529
89.247828,134,8557.498241
89.096828,132,8559.122816
86.270976,110,8560.516631
85.354422,93,8561.671154
86.032404,110,8563.000285
89.429718,99,8564.215196
89.265747,111,8565.559117
89.273971,116,8566.990039
86.263837,126,8568.510353
89.134331,131,8570.108251
85.176837,104,8571.397146
89.086805,133,8573.081029
89.061102,131,8574.755912
88.688221,133,8576.48239
88.663789,129,8578.063854
85.586264,103,8579.329091
89.471375,114,8580.716183
89.652938,105,8582.005356
89.119583,134,8613.623691
89.445552,112,8615.119527
88.906015,113,8616.562958
89.156704,119,8618.072935
86.531716,120,8619.61316
89.238417,130,8621.194845
89.138375,123,8622.705433
89.033185,115,8624.127163
88.726737,129,8625.745849
88.928575,105,8627.022771
89.360868,109,8628.361888
85.909804,109,8629.727631
88.692727,129,8631.30539
89.586236,89,8632.385575
88.818879,139,8634.049387
88.73742,126,8635.564029
85.936303,134,8637.181473
89.160189,103,8668.461974
89.14867,125,8670.202365
89.589248,104,8671.573291
89.082955,116,8673.062892
89.51256,103,8674.378582
89.137005,118,8675.850492
86.192516,97,8677.061145
89.196471,117,8678.53317
89.25318,109,8679.972636
87.517974,146,8681.887862
89.608575,92,8683.171849
89.001063,99,8684.4716
88.816628,133,8686.260684
86.585673,107,8687.67158
88.949511,107,8688.990207
86.390002,108,8690.348085
88.660344,138,8692.07096
88.838016,132,8693.724775
89.319313,109,8725.07745
89.06057,111,8726.450117
89.987085,91,8727.513134
89.040746,122,8729.007173
89.450554,96,8730.198904
86.104652,115,8731.730919
89.206189,119,8733.186312
86.459144,110,8734.634116
89.244812,96,8735.925484
88.952102,108,8737.31813
88.991083,131,8738.953888
86.375252,100,8740.212019
89.313234,111,8741.576232
89.397412,107,8742.956525
89.292357,115,8744.376336
89.141955,126,8745.971103
89.033442,105,8747.344009
88.874994,136,8749.023644
89.261926,113,8779.54708
88.904742,141,8781.278793
89.56121,91,8782.417419
89.411239,102,8783.702836
89.182059,101,8784.946932
88.844007,125,8786.49185
89.14644,130,8788.094796
88.649587,136,8789.770449
85.542247,100,8791.012938
89.431629,114,8792.452064
89.32775,102,8793.679903
89.079037,127,8795.210146
89.918642,89,8796.310303
88.91931,138,8798.018519
86.535061,124,8799.543314
89.337615,105,8800.850421
88.713946,143,8802.58828
85.548579,99,8803.892558
89.247264,132,8834.728038
89.059637,111,8836.210689
88.932351,124,8837.822376
85.382919,111,8839.299716
88.980829,129,8841.067695
89.089334,134,8842.804966
89.508875,116,8844.211421
89.244349,103,8845.460515
89.011213,135,8847.089753
89.085308,106,8848.392599
89.112458,124,8849.935601
89.38188,114,8851.394574
89.11661,123,8852.873058
89.377484,132,8854.499246
89.424201,98,8855.71598
89.076039,123,8857.286354
89.366596,112,8858.658608
89.1135,119,8889.63774
89.471828,124,8891.180766
88.878941,126,8892.77317
89.18583,111,8894.13294
88.799228,128,8895.709211
82.342732,116,8897.135915
89.124507,116,8898.572584
88.919726,121,8900.069949
-7.4,5,8900.161187
88.84083,133,8901.863279
86.347529,105,8903.217195
89.202764,120,8904.744232
88.955768,127,8906.369721
89.291965,119,8907.906086
89.598275,93,8909.046925
88.752295,125,8910.575714
89.20274,104,8911.869456
89.153261,91,8913.07073
89.044064,113,8914.483781
88.681458,128,8946.720386
89.26488,120,8948.235175
37.061105,66,8949.114653
89.199903,137,8950.832683
89.479672,113,8952.245094
88.792722,150,8954.104542
85.56334,106,8955.419196
88.896097,130,8957.038954
89.164354,123,8958.594475
85.490468,139,8960.480024
89.204659,93,8961.678298
89.64615,93,8962.841632
89.550042,111,8964.223461
89.693819,91,8965.43277
88.674946,136,8967.198459
88.889366,129,8968.98094
89.179795,125,8970.610509
88.695623,142,9002.646237
88.956816,128,9004.394445
88.875859,123,9006.103901
89.545101,120,9007.715441
89.862898,93,9008.942589
88.863421,125,9010.524693
89.096727,117,9011.945161
89.897947,95,9013.151493
89.262038,120,9014.667169
88.787215,135,9016.385164
88.726684,144,9018.295743
89.100021,138,9020.111948
88.725408,120,9021.657629
89.301832,130,9023.246539
88.657546,134,9024.904467
88.991447,97,9026.153963
89.150406,131,9027.803988
88.840141,138,9060.10276
44.461599,71,9061.013284
86.002623,106,9062.324212
89.260976,122,9063.79959
89.458272,111,9065.15873
89.056318,95,9066.348901
89.052717,119,9067.790735
89.292417,98,9069.020813
89.19024,141,9070.739974
88.935553,107,9072.02427
89.500941,96,9073.210214
89.185914,138,9074.926332
89.321465,124,9076.490556
88.909694,120,9078.031108
89.587526,110,9079.390812
89.318991,124,9080.991448
88.855888,135,9082.647251
89.202751,93,9083.815193
89.258047,126,9116.17254
89.905339,93,9117.527986
88.897711,125,9119.254853
88.626309,134,9121.034833
88.665023,137,9122.839213
89.439335,114,9124.359962
85.939999,116,9125.893687
89.078525,140,9127.662213
86.538892,109,9129.089268
89.107746,122,9130.647573
89.359411,120,9132.11642
88.773256,116,9133.552366
89.176834,93,9134.814687
89.048356,124,9136.426017
89.027506,97,9137.664511
89.767298,98,9138.97664
89.442741,106,9140.345702
85.103707,90,9141.526973
88.677906,127,9172.395325
88.976425,139,9174.139553
88.759529,129,9175.851433
89.008562,137,9177.560748
81.538979,84,9178.633975
88.843633,121,9180.228526
88.780229,120,9181.797192
86.212371,110,9183.318067
89.050713,108,9184.746783
89.2533,113,9186.242923
89.295638,125,9187.865762
89.040789,108,9189.224151
89.174766,121,9190.757715
89.349184,125,9192.309426
88.835008,131,9193.90376
89.408723,100,9195.144854
89.313107,111,9196.534047
85.923056,122,9227.813254
73.330091,140,9229.52445
88.845931,137,9231.227829
89.9267,95,9232.43884
89.173766,132,9234.055365
-7.4,5,9234.149523
89.349391,134,9235.809304
86.556659,129,9237.401845
89.186346,89,9238.450173
88.687322,134,9240.11
88.776699,118,9241.560442
89.979115,91,9242.72854
89.527204,92,9243.936137
88.73102,132,9245.572187
89.262662,129,9247.237858
89.018149,140,9249.013717
89.32921,103,9250.369742
88.631901,137,9252.076381
89.181684,122,9283.849866
89.336878,135,9285.638922
89.262074,110,9287.191429
88.880695,139,9288.89797
89.24178,126,9290.4943
89.01029,131,9292.17975
89.296179,106,9293.499168
88.774359,130,9295.124611
89.171565,105,9296.492289
89.407843,117,9297.934254
88.977055,112,9299.305775
89.173873,101,9300.611692
88.762197,132,9302.287806
89.044915,124,9303.89361
89.762311,89,9305.068571
88.881731,130,9306.865637
88.651417,126,9308.466504
88.889207,111,9340.785459
89.177964,104,9342.160774
89.767028,98,9343.464828
89.542703,107,9344.831683
88.911287,134,9346.529581
89.147627,144,9348.331565
89.043284,142,9350.168547
88.88431,127,9351.774918
88.780046,137,9353.543549
89.111914,104,9354.860481
88.932933,122,9356.459746
82.684429,102,9357.819909
89.167426,142,9359.60052
89.079674,132,9361.252479
85.725952,86,9362.363567
88.854637,136,9364.072111
89.134924,140,9365.853952
89.113353,114,9397.142102
88.764818,136,9398.904378
88.869647,136,9400.624867
89.243651,130,9402.28763
88.297115,92,9403.471241
88.654103,140,9405.243876
88.794895,121,9406.744155
89.111974,114,9408.15295
88.76984,128,9409.70694
89.704025,95,9410.944378
89.177637,109,9412.306043
89.509363,121,9413.810715
88.854691,120,9415.317149
89.155185,94,9416.515643
-7.96,3,9416.590148
89.321657,125,9418.150547
89.52086,89,9419.270607
89.379385,111,9420.728242
89.179545,98,9422.062464
89.565704,97,9453.632479
89.059808,121,9455.242325
90.085897,89,9456.401946
88.849658,133,9458.109624
88.992027,114,9459.628942
89.043171,137,9461.405527
89.364072,112,9462.772874
89.402774,108,9464.099941
89.160331,110,9465.482959
88.819251,117,9466.960843
89.671146,98,9468.207857
89.221023,102,9469.467775
90.123596,89,9470.55062
89.078579,114,9472.06338
89.0952,135,9473.856535
88.929916,110,9475.31868
89.091899,115,9476.868395
89.50785,90,9477.95632
88.994372,130,9508.906201
89.308302,106,9510.208061
88.911667,146,9512.005668
89.226757,134,9513.698565
88.81263,136,9515.389148
89.020483,107,9516.719391
88.698259,131,9518.329778
85.040712,100,9519.558028
89.115088,132,9521.204523
89.345654,97,9522.40232
89.336372,128,9523.988661
89.688226,94,9525.14174
89.146698,118,9526.68318
89.476918,122,9528.221015
88.832801,137,9529.932919
89.257036,124,9531.452975
89.533528,104,9532.747646
88.673952,131,9563.62076
89.121254,126,9565.169394
88.999549,133,9566.805558
88.960728,124,9568.317138
89.521695,118,9569.815738
89.064777,120,9571.411111
89.143262,107,9572.750393
89.091058,132,9574.347069
89.286482,107,9575.683688
89.437236,95,9576.967928
88.719096,132,9578.647093
89.314918,115,9580.120746
88.817706,117,9581.571889
89.576651,96,9582.769583
88.952763,137,9584.546332
85.993501,95,9585.79346
88.808777,122,9587.338765
89.402187,119,9588.794693
89.028139,141,9620.53482
89.11459,91,9621.647238
89.688431,95,9622.810719
88.920998,111,9624.251587
86.140669,88,9625.339236
89.573164,97,9626.570954
88.856113,124,9628.103019
89.121293,123,9629.611538
88.893894,129,9631.230596
62.323209,104,9632.50486
89.185965,108,9633.900064
89.004817,122,9635.447517
89.225377,126,9637.074311
88.89967,137,9638.825472
89.176218,122,9640.401923
89.004507,107,9641.74468
89.433132,99,9642.979604
88.969685,142,9644.717734
88.676409,141,9676.26392
88.752296,138,9677.986572
89.385502,121,9679.540649
90.111,89,9680.613973
88.985607,127,9682.165838
85.955895,87,9683.21766
88.842339,140,9684.977578
89.177674,97,9686.227776
88.714238,133,9687.897736
85.761973,107,9689.209627
89.124563,112,9690.571587
89.547652,99,9691.787097
89.174608,105,9693.126167
89.09633,141,9695.02406
89.176794,133,9696.676825
89.060628,112,9698.069087
89.234098,102,9699.421618
89.077722,130,9730.904983
58.643184,91,9732.054678
88.897591,132,9733.716307
-8.48,2,9733.773607
89.014597,126,9735.325748
89.032152,129,9736.941124
88.851542,129,9738.510227
88.688212,126,9740.090558
89.113358,111,9741.523008
89.161666,141,9743.333816
89.146579,131,9744.952854
89.100868,140,9746.717687
89.468724,116,9748.181283
88.779973,123,9749.711441
86.595696,124,9751.235567
89.115598,108,9752.554115
88.943794,139,9754.26746
89.170896,101,9755.531096
88.998321,118,9787.136753
89.552139,99,9788.371698
89.076808,118,9789.81448
89.369874,112,9791.19954
89.069026,132,9792.87395
89.004982,117,9794.305721
89.622992,100,9795.544707
89.085038,132,9797.198469
89.106688,147,9799.059871
-7.36,7,9799.186111
88.768563,120,9800.794753
89.308222,125,9802.355054
89.914427,95,9803.587967
88.877034,117,9805.092803
88.991751,120,9806.669138
89.139518,132,9808.328938
89.910783,94,9809.584083
88.899952,132,9811.302058
89.153145,146,9842.686854
89.008028,132,9844.352864
89.398874,127,9845.908681
88.952082,105,9847.280788
88.914878,120,9848.869054
83.428002,116,9850.374024
89.266589,114,9851.991857
65.806303,78,9853.017937
89.067077,117,9854.451882
88.994908,135,9856.093851
89.020324,139,9857.848141
89.141055,115,9859.279575
89.113019,143,9861.144956
88.766302,139,9863.029009
89.187158,121,9864.614153
88.782937,133,9866.337517
88.947441,129,9899.827324
89.57345,110,9901.280784
88.87356,121,9902.828108
89.08503,122,9904.399427
88.915189,143,9906.264037
88.86072,124,9907.926466
89.287774,100,9909.220837
88.939312,99,9910.559913
89.173146,100,9911.842855
88.791859,142,9913.619215
89.725239,93,9914.813501
89.576155,97,9916.05505
89.419799,116,9917.567886
89.117439,116,9919.143612
89.276238,127,9920.785543
88.953962,106,9922.13922
89.053556,96,9923.336355
-7.36,6,9923.443794
88.998566,123,9925.00207
88.594382,146,9957.533051
90.110665,89,9958.643758
89.311891,89,9959.679149
89.731454,89,9960.799403
88.940475,105,9962.109788
89.018282,108,9963.461928
88.918672,123,9965.029191
89.176564,121,9966.580491
90.105017,89,9967.678291
88.739886,144,9969.438027
88.876849,106,9970.767331
89.252338,129,9972.414409
89.679402,103,9973.719168
89.037197,134,9975.369057
88.917075,130,9976.972261
89.290708,127,9978.49219
89.426512,117,9979.929475
88.834783,137,9981.623731
89.895786,90,10013.532867
89.521767,110,10014.862901
89.268357,132,10016.477814
88.710125,135,10018.278677
89.774178,96,10019.591068
89.571849,108,10021.072911
89.007921,110,10022.485909
89.095385,130,10024.112523
88.907252,137,10025.891888
89.051676,144,10027.840318
89.202749,133,10029.474355
88.915172,129,10031.131825
89.067697,123,10032.756119
89.154551,95,10033.997642
89.040806,123,10035.559969
89.967901,89,10036.572962
89.092435,100,10037.789525
88.959193,121,10039.282701
89.294052,94,10070.792791
89.218487,117,10072.253522
89.354789,99,10073.488951
89.342404,116,10074.953845
89.287031,121,10076.562151
90.118062,89,10077.614683
89.018375,118,10079.182063
88.998561,130,10080.882151
89.078202,95,10082.077112
89.219782,104,10083.360381
89.372259,98,10084.602762
89.038053,129,10086.215746
88.966992,124,10087.753408
89.687757,101,10089.006432
88.656631,145,10090.793336
89.365287,104,10092.160512
88.966807,116,10093.722938
88.873475,132,10095.450051
90.123596,89,10126.620032
90.123596,89,10127.676955
89.130879,120,10129.160834
89.271441,132,10130.790319
89.056752,141,10132.589624
89.09733,91,10133.728954
86.162791,86,10134.796399
89.285128,118,10136.395011
89.133123,114,10137.969442
89.44479,110,10139.488081
88.662485,135,10141.219478
89.459434,108,10142.603182
89.166492,137,10144.307875
88.820952,124,10145.839432
85.846039,106,10147.193394
88.72738,132,10148.901764
88.951429,126,10150.581324
89.527521,99,10151.863832
89.349683,109,10182.691229
89.097973,131,10184.360506
88.946289,113,10185.81003
89.064165,110,10187.313337
85.425904,99,10188.583116
89.176938,130,10190.239842
88.729101,133,10191.946448
89.059386,139,10193.730991
86.66733,119,10195.217026
88.824478,136,10196.905388
89.409055,116,10198.318291
89.51214,111,10199.726591
89.029254,126,10201.277819
89.094381,146,10203.089292
88.677326,142,10204.880209
85.927959,109,10206.264371
89.340683,132,10239.100784
89.156743,128,10240.774112
89.503878,106,10242.103381
88.926202,128,10243.772847
89.015301,119,10245.28433
89.281822,129,10246.906868
85.95597,103,10248.244574
88.991593,133,10249.949847
89.00109,107,10251.337874
89.063956,119,10252.831115
88.90278,120,10254.383983
89.580441,92,10255.51304
88.916186,112,10256.950267
89.16774,113,10258.349185
88.976259,145,10260.184671
88.818779,118,10261.703982
88.982455,110,10263.068906
88.958992,126,10296.089964
89.904337,93,10297.250776
89.182092,116,10298.678858
89.355339,113,10300.156405
86.428563,117,10301.642355
88.905329,105,10302.999527
89.08657,132,10304.733593
89.529831,104,10306.116434
89.052817,116,10307.637147
89.270054,124,10309.398267
89.016236,129,10311.229009
88.662393,133,10312.937078
88.73938,131,10314.71122
89.109632,118,10316.229969
89.081825,136,10317.948214
89.087646,133,10319.596066
89.363474,106,10320.899032
89.372098,121,10322.382321
89.218244,118,10353.402296
89.642428,95,10354.606785
89.299167,113,10356.04859
89.769006,91,10357.082029
89.034537,136,10358.796174
88.860342,123,10360.372743
88.82928,138,10362.037416
89.285685,95,10363.195552
89.216343,123,10364.690145
88.659726,137,10366.39079
89.167213,127,10368.019275
88.720263,138,10369.740393
89.729387,96,10370.987473
89.807462,91,10372.167312
89.12971,109,10373.512538
88.686844,133,10375.15041
89.113863,96,10376.358546
88.843876,124,10407.448764
89.170632,130,10409.014416
88.899538,107,10410.313304
89.063059,115,10411.796036
89.197427,118,10413.372234
88.771955,138,10415.1068
88.843504,118,10416.561466
89.234331,97,10417.789615
88.703245,131,10419.439585
88.980597,132,10421.106782
89.279611,115,10422.550969
89.553631,96,10423.808975
88.924621,128,10425.400124
89.449039,111,10426.797912
89.494808,117,10428.314808
89.188197,123,10429.841173
89.200737,110,10431.199093
88.905659,143,10432.952654
89.941946,92,10464.530687
89.604515,108,10465.889162
88.964442,132,10467.526737
89.17116,134,10469.230361
89.373528,117,10470.714431
88.929076,137,10472.447672
88.788172,117,10473.906871
90.096172,89,10475.053931
88.96065,133,10476.692059
88.999072,123,10478.244087
89.04899,104,10479.555961
89.071954,108,10480.947053
89.108263,134,10482.585602
88.645012,137,10484.29592
89.192504,115,10485.757687
85.652602,107,10487.101331
88.90071,124,10488.621807
88.899445,129,10520.486405
88.975211,120,10521.981652
89.286326,136,10523.678943
89.210388,133,10525.296817
89.116124,129,10526.878542
88.943361,130,10528.478414
88.686379,140,10530.24053
89.630785,96,10531.442324
89.130361,130,10533.029442
85.487395,96,10534.25263
88.627338,138,10535.960016
89.061071,112,10537.341273
89.321585,110,10538.751096
89.50383,111,10540.200258
86.127953,123,10541.76087
88.81577,130,10543.387698
88.974736,115,10544.925852
89.464503,103,10576.198883
85.895004,106,10577.611323
88.833814,142,10579.511808
89.0738,144,10581.470779
89.21285,136,10583.165998
89.694523,94,10584.374849
89.191159,116,10585.893574
89.472856,117,10587.483044
90.123596,89,10588.6686
88.857694,121,10590.278951
89.467912,108,10591.754201
88.968009,99,10593.053712
89.072035,128,10594.728185
88.844764,127,10596.346561
89.424446,118,10597.862153
88.899937,123,10599.460595
89.228515,128,10601.105502
89.039501,144,10632.170963
89.483317,112,10633.57076
89.303683,108,10634.94421
89.265224,116,10636.431814
88.846526,137,10638.126829
88.790895,128,10639.715837
89.023621,136,10641.440459
88.703377,138,10643.187219
88.77836,121,10644.760356
88.949029,105,10646.130181
88.853188,109,10647.526439
88.782569,126,10649.142581
89.423547,119,10650.691614
88.927572,106,10652.09765
89.645878,101,10653.42264
88.908,140,10655.262198
89.184194,118,10656.814084
88.931222,108,10689.044142
88.750831,125,10690.582844
89.278547,125,10692.130736
89.401103,111,10693.501251
89.582689,97,10694.700943
89.090807,128,10696.275896
89.314943,103,10697.541139
88.780261,118,10698.986057
89.183322,138,10700.693155
89.475439,99,10701.937706
89.083713,93,10703.093769
88.714824,127,10704.678014
89.281545,139,10706.385001
89.502244,93,10707.531046
88.865783,145,10709.33811
89.161797,106,10710.65523
88.999931,132,10712.289016
89.626074,108,10743.754624
88.83888,131,10745.396712
89.081987,131,10747.057325
89.786772,99,10748.286515
89.704542,89,10749.367764
88.922485,123,10750.868526
89.415,115,10752.306836
88.767073,140,10754.035839
88.90997,129,10755.608073
88.942689,118,10757.136406
89.16216,99,10758.4625
89.199422,137,10760.322141
89.204721,132,10762.00618
88.988747,129,10763.710901
88.750671,123,10765.262789
88.810019,147,10767.086099
88.75461,135,10768.834724
89.93773,94,10799.463393
88.741759,137,10801.175159
88.85836,110,10802.676773
89.305029,124,10804.250818
85.690316,105,10805.608359
89.413638,114,10807.181365
88.817672,140,10808.930241
89.268672,120,10810.418571
88.815654,111,10811.778188
88.965119,143,10813.545993
89.757697,98,10814.758958
89.125925,114,10816.162941
88.86789,129,10817.771825
88.709531,127,10819.315681
89.438132,116,10820.809839
88.851902,108,10822.165874
89.153129,115,10823.601017
89.166747,136,10855.760556
88.826973,132,10857.493605
89.370622,116,10858.953127
89.057202,113,10860.386162
89.281439,102,10861.65276
88.843732,131,10863.294367
88.795796,138,10864.9818
1.707987,13,10865.161028
89.308787,125,10866.713112
89.05449,94,10867.870915
89.465214,103,10869.147221
85.721137,119,10870.598533
88.803586,130,10872.19893
88.757439,118,10873.677736
89.461254,105,10874.971876
88.859584,133,10876.642817
89.407511,121,10878.132075
89.116372,130,10879.76125
89.553357,107,10910.733146
88.856909,110,10912.078002
89.27484,109,10913.45445
89.648498,101,10914.757533
89.039093,141,10916.510058
89.479107,91,10917.648095
90.123596,89,10918.651898
89.115447,128,10920.287087
89.560341,97,10921.603714
89.235563,138,10923.393329
86.134728,126,10925.032488
89.408106,118,10926.49498
88.948456,104,10927.777008
-9.16,1,10927.823017
89.22858,101,10929.06661
85.688436,121,10930.583528
89.081818,106,10931.893929
89.101483,138,10933.616234
88.945706,110,10935.07568
-4.184768,16,10935.300184
89.360451,120,10968.598864
88.84962,118,10970.141137
86.06449,111,10971.561363
89.341864,104,10972.850355
89.124346,125,10974.460547
89.698065,94,10975.643636
89.084737,98,10976.934827
86.032986,114,10978.3846
88.868961,129,10979.983727
88.706648,134,10981.651614
88.907766,121,10983.136332
89.135184,132,10984.846633
88.818454,118,10986.398053
88.856135,118,10987.873511
85.067427,98,10989.152089
88.954153,124,10990.721863
89.363916,109,10992.061656
89.221768,107,10993.366385
86.328752,99,11024.778952
88.983485,99,11026.074713
89.282017,124,11027.650179
88.895757,123,11029.236278
89.234746,117,11030.969775
89.023748,106,11032.380058
89.018235,126,11034.040344
85.792137,114,11035.680056
85.645936,130,11037.455353
88.744814,131,11039.675544
89.129244,128,11041.628096
88.992195,119,11043.187817
88.791114,131,11044.881895
89.050354,141,11046.68711
88.739076,131,11048.324559
88.946518,127,11049.956938
88.828515,132,11051.870792
89.712076,91,11084.026511
89.66596,99,11085.32567
88.865712,134,11087.045639
-7.96,3,11087.116176
89.297164,119,11088.610817
89.125118,117,11090.123047
89.898952,96,11091.332631
89.249733,99,11092.558879
86.071302,97,11093.795557
89.219382,103,11095.127758
89.140329,136,11096.914658
89.224262,132,11098.618843
88.889898,125,11100.344874
89.369416,124,11102.112946
88.851434,130,11103.936182
89.239992,131,11105.637039
88.817842,116,11107.099133
89.590137,105,11108.480506
89.280024,105,11109.806522
89.365772,109,11141.533804
89.154848,142,11143.445154
89.037964,121,11145.078951
89.692313,104,11146.523599
90.036587,89,11147.747881
89.566837,96,11149.057457
89.219205,117,11150.56123
89.031405,119,11152.088886
89.1164,124,11153.736964
89.165467,113,11155.232897
89.09308,129,11156.970501
88.9966,129,11158.631662
88.950717,128,11160.329127
86.364445,114,11161.80047
88.952894,104,11163.179522
89.342409,123,11164.811191
88.888368,145,11166.722529
90.123596,89,11199.137726
89.640789,96,11200.500394
89.151331,143,11202.477937
88.922707,116,11204.026158
90.123596,89,11205.10326
89.136332,136,11206.862508
89.689446,108,11208.308446
89.320999,114,11209.832997
89.022337,135,11211.571079
89.015789,128,11213.23539
86.416854,125,11214.789511
89.044662,133,11216.447661
89.398175,118,11217.918107
88.826417,128,11219.498495
89.157107,118,11221.044824
88.776803,125,11222.698075
89.190733,123,11224.308605
88.8515,133,11257.94194
88.93976,139,11259.775537
88.780564,137,11261.657758
90.123596,89,11262.728028
88.677337,132,11264.367819
89.570365,97,11265.655003
88.876311,108,11267.191326
89.17217,109,11268.754946
89.276593,95,11270.08427
88.847472,135,11271.893951
89.37381,111,11273.429346
89.204113,95,11274.737243
88.844948,118,11276.39117
89.109078,118,11278.079463
89.667712,96,11279.443726
-9.16,1,11279.49328
89.52105,111,11281.068525
85.813487,128,11282.799954
89.215346,140,11284.722351
86.497613,116,11317.795969
88.922357,122,11319.38797
89.347401,124,11320.978904
90.112938,89,11322.038286
89.28535,114,11323.479909
88.742298,134,11325.15394
88.620741,135,11326.88182
89.05241,140,11328.678578
89.131448,124,11330.259355
89.556415,96,11331.474984
89.230141,112,11332.8795
86.157183,125,11334.4246
86.441639,136,11336.119438
89.052962,137,11337.869344
89.286231,100,11339.130701
86.669321,103,11340.426403
89.513479,119,11341.940506
89.388231,92,11372.76934
89.139497,118,11374.237635
89.398922,120,11375.870324
89.219086,114,11377.406084
88.95179,129,11379.130379
89.622331,95,11380.401401
85.837046,97,11381.662413
88.985919,102,11382.951747
89.17115,95,11384.125214
88.991474,109,11385.520174
86.6838,114,11386.944454
89.550138,100,11388.212456
88.909213,129,11389.835278
89.467774,111,11391.278408
89.069996,130,11392.927569
89.33165,117,11394.39104
88.881089,119,11395.921
88.848218,131,11397.675217
88.900243,131,11429.877233
89.017537,125,11431.468148
85.901919,108,11432.826986
88.601469,144,11434.718175
88.950748,125,11436.409642
88.835137,128,11438.172929
89.532509,113,11439.758527
89.25209,117,11441.425501
88.792332,146,11443.310056
90.123596,89,11444.394998
86.764418,130,11446.177489
90.123596,89,11447.309226
88.655573,136,11449.201134
89.659675,91,11450.475085
89.219627,132,11452.210366
89.170078,98,11453.546995
90.123596,89,11454.672181
89.384726,112,11456.149264
88.752439,137,11488.887496
89.456793,102,11490.212578
82.627586,113,11491.662761
89.349387,90,11492.804372
86.151075,114,11494.273372
88.830513,119,11495.827498
89.504064,95,11497.076094
89.953183,89,11498.274628
89.088207,124,11499.935016
89.096595,96,11501.321915
89.324686,100,11502.779624
89.653593,108,11504.231272
85.0961,118,11505.900572
86.087873,135,11507.82041
88.906491,112,11509.335101
85.991955,102,11510.791833
89.654851,98,11512.096444
89.58144,109,11513.562393
85.823399,119,11515.210914
88.773087,141,11547.434769
89.588472,100,11548.742232
88.879912,135,11550.512203
88.648664,132,11552.261537
89.357995,110,11553.677993
85.015619,105,11555.03322
88.762883,140,11556.888583
86.732595,122,11558.489212
83.864667,126,11560.202993
89.505799,102,11561.549242
89.42629,94,11562.951185
86.431059,107,11564.538412
88.684189,126,11566.347924
88.929789,128,11568.091069
89.398163,103,11569.42156
86.522446,132,11571.217862
88.943153,119,11572.839278
88.830833,124,11604.815274
86.081756,97,11606.096558
89.116143,126,11607.727841
88.987889,126,11609.373919
86.200833,101,11610.680549
86.297735,110,11612.090276
86.365828,133,11613.767344
85.827628,109,11615.163928
88.925787,135,11616.83684
89.329941,115,11618.258511
88.990386,130,11619.874778
89.562515,110,11621.2743
88.82341,130,11622.938369
88.752933,126,11624.549429
89.434437,116,11626.041257
88.843919,123,11627.695969
89.301572,94,11628.896672
86.012171,95,11660.718631
88.752912,129,11662.433651
85.353236,88,11663.611989
88.942689,115,11665.061796
86.196438,104,11666.417019
89.137812,117,11667.948398
89.130608,140,11669.721115
89.042783,143,11671.561534
89.136203,124,11673.216355
89.28849,129,11674.839839
89.467233,105,11676.178613
90.123488,89,11677.219133
89.231486,138,11678.954437
89.807665,95,11680.183102
89.014686,145,11682.057135
89.489228,105,11683.561262
89.17871,91,11684.786086
88.92911,132,11686.446197
88.873928,134,11717.842035
89.285486,119,11719.357294
89.174501,116,11720.893293
86.359258,130,11722.487034
90.123596,89,11723.538324
89.771178,94,11724.723955
89.321544,102,11726.050965
-7.4,5,11726.145307
89.15651,147,11728.011315
89.126793,116,11729.464571
89.883413,94,11730.669837
88.980441,146,11732.491285
89.091823,118,11734.122524
89.41964,115,11735.643592
89.641718,105,11737.083413
89.58984,103,11738.425406
89.194668,110,11739.850737
89.0909,133,11741.55091
89.163164,120,11774.864989
89.369624,120,11776.404227
85.792754,107,11777.745201
89.382911,118,11779.259363
89.200698,132,11781.034181
86.00128,115,11782.546953
88.932697,126,11784.271121
89.236954,125,11785.909914
89.210166,105,11787.275825
89.223826,121,11788.835078
82.683512,104,11790.188717
88.807003,146,11792.025124
88.971008,104,11793.334801
88.737333,128,11794.923463
88.682393,128,11796.528768
89.55497,103,11797.830219
86.750903,104,11799.183042
88.754901,130,11800.87051
88.800988,122,11832.900725
89.373464,104,11834.177889
89.184403,136,11835.902236
88.88132,113,11837.330634
89.683681,93,11838.511502
89.353615,117,11840.062781
89.519371,99,11841.324815
89.370668,107,11842.697824
89.530702,107,11844.032701
89.293044,109,11845.414374
89.388881,121,11846.982035
88.944076,112,11848.374331
89.538524,113,11849.797054
89.878101,89,11850.938511
89.372966,124,11852.532567
88.915511,135,11854.181176
89.491149,114,11855.611965
88.977781,121,11857.197921
88.923066,128,11889.935882
85.511876,118,11891.464452
88.763003,124,11893.058553
88.877504,149,11894.936161
88.846925,116,11896.459591
89.142888,112,11897.930222
88.873156,138,11899.656864
89.490097,107,11901.018368
89.038875,100,11902.334709
89.236558,106,11903.687099
85.842306,121,11905.213704
89.250056,126,11906.814317
89.127305,125,11908.380294
89.278242,125,11909.996569
89.420943,124,11911.627009
90.120077,89,11912.70308
88.793422,126,11914.376388
89.511981,99,11946.590708
88.832209,132,11948.353406
85.897872,100,11949.69495
89.531635,107,11951.118841
86.248074,109,11952.577443
89.467162,91,11953.762941
85.816762,128,11955.46271
88.985112,111,11956.895469
88.999989,120,11958.421912
89.403846,117,11959.918278
88.993484,131,11961.568618
85.528097,90,11962.703996
89.056144,128,11964.37064
89.599721,103,11965.699164
89.068177,139,11967.456403
88.739457,136,11969.175485
89.711127,89,11970.283752
89.413585,103,11971.579985
88.965289,100,12003.159193
88.69802,139,12004.991417
89.22473,105,12006.405017
89.275372,124,12008.053172
89.020794,133,12009.690519
88.85688,122,12011.190984
89.520721,92,12012.33902
88.630369,137,12014.070339
89.604238,92,12015.246136
89.803755,89,12016.357849
88.970472,140,12018.131661
88.944989,142,12019.930718
89.213578,133,12021.642892
86.567243,118,12023.242635
88.873552,120,12024.752998
87.923053,109,12026.123021
89.142305,128,12027.691773
89.373348,127,12058.876077
88.755333,147,12060.769029
88.874116,107,12062.143688
89.192099,132,12063.77843
88.91291,110,12065.28444
89.413644,111,12066.769982
89.004092,109,12068.162344
89.007504,106,12069.574885
86.176291,94,12070.902684
88.716088,139,12072.729497
90.123596,89,12073.811251
88.763838,133,12075.588383
88.986625,130,12077.332014
89.218722,113,12078.845032
89.486828,101,12080.209065
89.17379,125,12081.895658
89.021063,128,12083.63913
89.312732,115,12085.158174
89.234526,121,12117.636302
88.773468,145,12119.630648
89.144988,143,12121.595408
89.119226,130,12123.282215
89.044889,99,12124.560479
86.200137,121,12126.180122
88.807316,115,12127.663256
85.49776,92,12128.815971
89.075599,123,12130.434476
89.142811,110,12131.882854
88.806122,119,12133.410194
88.97951,119,12134.972453
86.066195,97,12136.261313
86.301062,134,12137.961834
90.020019,89,12139.08028
85.757776,96,12140.367841
89.30469,92,12141.540604
89.356938,102,12142.844359
88.855594,120,12174.280955
89.016405,98,12175.490789
88.777835,144,12177.269251
89.241062,100,12178.513984
89.138655,142,12180.28454
88.833625,117,12181.715206
89.598833,111,12183.12022
83.335504,115,12184.585356
88.980116,142,12186.359247
88.836859,130,12187.962569
90.123596,89,12188.956205
88.800331,133,12190.626717
88.905449,120,12192.126468
90.110991,89,12193.140617
89.362455,121,12194.655544
89.828585,93,12195.821923
89.254014,120,12197.313148
89.31512,117,12228.669976
89.292893,126,12230.208964
89.214087,128,12231.765162
85.905139,107,12233.102795
85.831379,114,12234.528936
89.394431,113,12235.968079
89.548829,110,12237.371596
89.781568,89,12238.519199
89.504364,104,12239.820019
89.377988,104,12241.143751
89.514928,107,12242.525973
89.216129,105,12243.854438
90.123596,89,12244.93202
89.830936,96,12246.19248
89.127103,94,12247.362984
84.96632,106,12248.709486
89.316942,135,12250.486906
88.705096,134,12252.125501
85.939599,86,12253.224728
89.032059,114,12284.072309
88.747911,136,12285.817255
86.006617,102,12287.150876
88.892056,118,12288.64571
89.207806,115,12290.189011
88.831333,143,12292.041309
89.182639,101,12293.316487
90.123596,89,12294.357458
89.107635,122,12295.914767
89.852761,98,12297.1752
88.707915,135,12298.9156
89.460894,117,12300.383941
85.796913,121,12301.926981
89.335481,105,12303.213065
89.090438,95,12304.389278
89.04396,114,12305.831071
83.070879,123,12307.442051
88.632289,144,12309.316662
85.894325,113,12340.191709
89.327231,111,12341.564037
12.113808,27,12341.912971
89.362016,101,12343.163599
89.067746,145,12344.974711
89.394717,120,12346.522975
89.79166,89,12347.639094
88.906376,112,12349.014556
90.123596,89,12350.026222
89.392888,110,12351.384465
85.686062,90,12352.504655
89.862181,96,12353.770465
54.876178,86,12354.828169
89.387891,104,12356.126877
89.367374,96,12357.371045
88.741776,131,12359.063085
89.230091,104,12360.401336
86.291196,96,12361.609456
88.67007,138,12363.302734
89.789037,93,12364.514896
89.300832,109,12395.577768
89.354332,111,12397.026162
89.144657,109,12398.380016
86.272324,117,12399.858531
88.73721,143,12401.710013
89.212178,111,12403.247085
88.482431,112,12404.766353
89.714724,94,12406.093763
88.967561,122,12407.80245
89.663469,96,12409.061527
89.325291,99,12410.284201
85.892784,118,12411.772886
85.282283,115,12413.206722
89.379505,121,12414.715848
89.601496,96,12415.921749
89.112891,129,12417.531572
-7.6,4,12417.61889
89.893898,95,12418.845066
88.988206,128,12420.566831
89.741082,90,12452.466312
89.320642,127,12454.021954
86.090952,128,12455.619065
89.560939,89,12456.747245
88.969461,124,12458.278108
85.755562,105,12459.584009
89.441584,113,12461.044677
89.193405,138,12462.725472
89.496739,107,12464.125869
86.20812,135,12465.851896
89.301322,90,12467.01818
89.589869,110,12468.401917
88.760308,139,12470.135769
90.123596,89,12471.168861
89.610178,94,12472.358121
89.076295,101,12473.632398
86.41478,114,12475.106193
88.724312,128,12476.765537
88.989903,105,12507.768854
89.330247,110,12509.125507
89.254439,127,12510.836827
88.907139,131,12512.452997
89.206772,125,12514.05843
89.113494,106,12515.405778
88.900791,140,12517.194859
81.945558,92,12518.338538
88.773862,117,12519.772913
89.659033,100,12521.006318
86.480463,125,12522.567209
89.018717,134,12524.326516
90.11626,89,12525.453181
89.128784,93,12526.712886
89.317363,107,12528.20744
89.734934,103,12529.646789
89.366634,97,12530.939496
88.90671,106,12532.264671
89.083527,105,12533.563356
89.377395,116,12565.932849
89.302527,112,12567.321295
86.559839,93,12568.479662
89.146342,116,12569.910444
89.797982,93,12571.131645
88.911726,137,12572.837869
88.905721,123,12574.436551
89.163588,104,12575.73514
89.020898,96,12576.988068
88.835004,135,12578.629322
89.381487,101,12579.861875
86.073315,90,12580.929864
89.317432,119,12582.381987
89.289316,111,12583.724864
90.123596,89,12584.716349
85.937951,87,12585.733964
89.124897,109,12587.067341
89.102819,124,12588.599732
89.719184,94,12589.761149
89.136463,91,12620.955632
89.249903,103,12622.278081
89.209927,90,12623.381999
86.173615,89,12624.574862
85.194504,90,12625.766426
89.179637,92,12627.005907
86.162806,112,12628.492373
89.930526,89,12629.666557
89.196117,109,12631.159686
89.246275,124,12632.820302
86.00386,93,12634.060516
88.730044,140,12635.971039
89.159031,118,12637.584142
89.724693,101,12638.916071
88.815931,137,12640.641652
89.099801,123,12642.153571
89.179214,128,12643.810788
82.496921,90,12644.962173
85.691861,100,12646.240495
89.015945,116,12676.994335
85.94586,123,12678.539356
85.810437,96,12679.76556
89.027322,135,12681.459152
89.185827,125,12682.994576
89.982702,89,12684.05421
89.432213,106,12685.360066
88.847188,115,12686.796005
89.04249,125,12688.305047
89.419354,115,12689.699011
86.043976,131,12691.281912
86.076829,119,12692.770768
89.257942,132,12694.386357
89.163635,143,12696.165471
88.640942,138,12697.9203
89.574191,100,12699.253937
89.644625,93,12700.418475
88.913736,114,12731.507248
89.029443,121,12732.978699
89.722745,102,12734.228601
89.354446,124,12735.763727
89.271642,119,12737.245104
88.98079,100,12738.481993
89.120859,101,12739.745337
85.750555,109,12741.1707
89.286033,118,12742.640489
88.819575,135,12744.369353
89.038578,141,12746.10338
88.804582,120,12747.631721
88.962399,119,12749.088165
89.056253,109,12750.425106
88.824423,113,12751.820225
85.122669,91,12752.937298
89.214657,113,12754.34148
85.950862,128,12755.930103
89.091196,99,12786.437423
88.836726,138,12788.170633
89.595375,111,12789.59821
89.100841,121,12791.21891
89.17341,139,12793.080217
86.08772,133,12794.795272
88.814969,123,12796.367747
89.047562,118,12797.869135
88.805364,136,12799.544416
88.939305,128,12801.194395
85.541939,91,12802.418248
88.999263,113,12803.869244
88.725636,135,12805.600254
88.736941,125,12807.16542
88.968989,133,12808.811649
85.438036,126,12810.37333
89.483287,111,12811.723244
85.888393,112,12842.37199
82.974413,115,12843.780991
88.720331,139,12845.479277
86.301243,110,12846.827641
89.487331,102,12848.075061
90.123596,89,12849.067753
89.533335,114,12850.439805
89.001815,143,12852.161994
89.18887,104,12853.499212
89.131301,105,12854.780363
87.061978,108,12856.096235
89.139104,106,12857.407609
86.372494,99,12858.673757
89.56904,105,12859.944221
89.281325,119,12861.435594
89.325104,101,12862.695433
89.342,110,12864.124104
89.213434,111,12865.563889
89.320433,116,12897.552185
88.894114,124,12899.052468
89.232451,89,12900.060674
89.386242,130,12901.692984
89.452409,115,12903.133016
86.195465,98,12904.344111
86.195796,135,12906.083448
89.089984,134,12907.929467
89.349183,104,12909.308831
86.298243,115,12910.709841
89.09884,147,12912.577831
89.34303,93,12913.837911
88.79037,128,12915.472404
88.960968,115,12916.957717
89.254015,101,12918.230266
89.13046,100,12919.490755
89.683144,102,12920.752915
85.418338,110,12922.10074
88.750673,123,12954.734116
89.220472,134,12956.420163
89.009996,140,12958.219852
85.186571,94,12959.39116
89.343477,92,12960.586014
89.489857,117,12962.060439
88.935777,131,12963.680644
89.36319,121,12965.253699
-7.4,5,12965.355772
-7.6,4,12965.446336
82.536334,104,12966.773985
88.986254,133,12968.44801
88.861194,138,12970.130329
86.265265,128,12971.716423
89.323713,116,12973.14454
89.508314,109,12974.530957
89.485601,108,12975.875328
86.408772,110,12977.266104
86.08958,129,12978.943588
88.838266,137,13011.012158
88.803402,117,13012.49517
83.310583,118,13013.957813
88.794181,122,13015.482377
89.073887,135,13017.187238
88.705279,126,13018.769006
88.888342,138,13020.502515
90.084882,89,13021.505213
89.276666,100,13022.768406
88.959299,111,13024.169332
86.1959,125,13025.727237
86.075841,135,13027.420149
85.763761,90,13028.575708
89.331647,130,13030.18708
88.764513,125,13031.957404
89.063136,113,13033.338566
89.478404,114,13034.766651
89.203986,104,13068.353133
86.09394,107,13069.670333
89.431801,114,13071.124743
85.887375,95,13072.344124
89.426294,118,13073.792208
88.947058,122,13075.300822
88.904237,127,13076.856515
89.609861,100,13078.076832
88.924281,108,13079.378829
88.905897,137,13081.053784
89.222198,134,13082.690107
88.996267,132,13084.314077
-7.36,6,13084.422596
89.160434,110,13085.952074
89.102414,126,13087.544881
89.223533,127,13089.318726
88.65585,140,13091.20197
89.14132,109,13092.558298
88.960133,123,13094.070181
85.456474,132,13125.496146
89.265228,120,13127.035939
90.091226,89,13128.140095
89.049447,137,13129.893136
88.67188,136,13131.695102
89.401019,106,13133.078703
89.625736,89,13134.103437
89.497993,93,13135.285925
88.922905,130,13136.930375
89.051819,123,13138.463469
88.986955,136,13140.200261
86.114593,97,13141.470235
86.237805,112,13142.934632
89.025277,139,13144.771656
89.71857,94,13146.043629
85.791963,131,13147.656013
89.153126,96,13148.896177
8.82395,22,13149.202169
89.198636,112,13180.387843
86.2392,112,13181.853977
86.444182,103,13183.172048
89.364243,125,13184.718414
88.804787,122,13186.237779
86.298441,138,13187.998604
89.472016,98,13189.199986
89.162303,106,13190.632857
89.364478,110,13192.071592
89.160356,127,13193.684697
85.654789,108,13195.027398
88.726009,133,13196.703467
89.304783,116,13198.156093
89.228997,113,13199.553288
88.98169,134,13201.266457
88.863747,142,13203.044517
88.981068,115,13204.518127
82.10467,119,13235.60185
90.123596,89,13236.657741
88.82683,129,13238.363046
89.057708,98,13239.623773
86.133694,117,13241.110728
90.123596,89,13242.119096
88.803725,144,13243.870175
89.001443,99,13245.137042
89.572972,89,13246.28554
86.518425,122,13247.842336
88.986473,101,13249.164465
89.325779,114,13250.597648
88.870157,120,13252.121861
89.104137,129,13253.76012
89.009759,129,13255.338588
88.904147,114,13256.814128
89.363227,100,13258.045527
88.630152,135,13259.704877
85.451809,87,13260.842392
86.593699,108,13292.031537
89.028558,138,13293.702243
88.980082,103,13294.997858
88.842271,135,13296.711241
85.841944,88,13297.849625
89.066836,112,13299.287415
89.169104,145,13301.175572
-9.16,1,13301.222357
89.200318,119,13302.744783
89.568366,93,13303.90771
90.118627,89,13304.947736
89.401614,107,13306.263127
89.726308,92,13307.334447
89.726785,97,13308.544133
89.204139,141,13310.283201
89.180365,125,13311.858395
88.958372,120,13313.357474
88.852808,108,13314.78022
89.086409,105,13316.068064
88.747098,123,13348.001011
89.38113,108,13349.341565
89.098411,129,13351.034975
89.025509,97,13352.347534
89.015969,105,13353.776424
89.200949,124,13355.341388
89.207596,115,13356.790463
88.739176,123,13358.370064
88.77927,138,13360.128364
86.016316,112,13361.557142
89.146753,113,13363.007504
88.908524,120,13364.50883
88.784955,136,13366.21925
89.372296,123,13367.748939
88.924799,140,13369.562361
89.090352,110,13370.970886
90.123596,89,13372.029976
88.894249,116,13403.499803
89.382982,115,13405.073905
88.947272,110,13406.608175
88.900447,116,13408.203475
88.735308,122,13409.868778
84.907957,109,13411.325735
89.280755,129,13412.934851
88.899718,130,13414.611198
89.252007,128,13416.237197
85.859622,99,13417.591369
89.778846,100,13418.930969
89.18608,96,13420.174912
86.107129,113,13421.795423
85.916886,121,13423.345662
85.50944,105,13424.679532
88.812624,130,13426.335548
89.829237,91,13427.550234
88.638501,138,13429.366604
89.225758,132,13461.440717
89.050381,134,13463.146072
89.311149,120,13464.651201
85.501078,103,13466.004202
89.246545,135,13467.802443
88.912302,118,13469.317262
88.556648,147,13471.202926
89.457813,115,13472.689801
89.647184,89,13473.779481
89.020133,108,13475.149011
88.777111,141,13476.993294
88.680501,132,13478.673079
89.028592,140,13480.411534
89.212096,99,13481.653126
89.051601,118,13483.137416
89.657665,90,13484.175556
89.423691,125,13485.710505
82.180283,83,13486.701928
89.116839,118,13518.272124
89.203771,139,13520.009505
89.599856,101,13521.321988
89.174151,115,13522.829247
88.744691,121,13524.32191
89.446152,117,13525.774816
89.386965,118,13527.26543
85.801869,108,13528.676713
89.757063,92,13529.760451
89.242676,110,13531.212471
89.382011,115,13532.75157
86.054165,128,13534.361529
86.762293,124,13535.997468
89.524838,107,13537.329425
89.658927,101,13538.573438
86.124604,124,13540.115616
88.965452,148,13541.95855
89.048015,142,13574.866817
86.156873,115,13576.421597
85.873344,111,13577.925909
88.999842,105,13579.270384
86.458723,105,13580.764062
88.857726,120,13582.334816
89.25972,104,13583.64868
89.359608,99,13584.875745
89.233324,96,13586.101118
89.137211,144,13587.91323
86.567281,103,13589.184682
85.593723,126,13590.817664
89.244637,123,13592.452186
88.982247,117,13594.009408
89.597857,112,13595.500377
89.09,125,13597.17288
88.887847,110,13598.581658
88.647953,128,13600.343186
89.931564,96,13631.841275
-7.6,4,13631.925377
89.260881,124,13633.507397
89.3653,90,13634.646478
88.939285,110,13636.122948
90.123596,89,13637.20694
86.125769,126,13638.881165
89.528097,111,13640.313326
88.805874,121,13641.829193
89.151283,105,13643.158679
89.268523,109,13644.509017
89.585624,90,13645.628506
89.377047,98,13646.844691
89.162016,130,13648.541527
89.151518,135,13650.253688
89.064355,134,13651.975564
88.965146,134,13653.634778
85.492848,96,13654.864711
88.930056,141,13656.677889
89.513604,98,13688.50595
89.12397,104,13689.856374
89.579838,90,13691.057285
85.507008,128,13692.699968
89.960544,91,13693.884029
86.177655,106,13695.204879
85.937082,96,13696.423832
86.483636,112,13697.835469
88.872058,150,13699.722982
89.190278,125,13701.326919
88.717129,138,13703.048507
88.964711,122,13704.633186
85.846558,99,13705.911863
82.281474,126,13707.58858
86.429585,91,13708.760314
88.7263,122,13710.306928
88.975521,102,13711.586717
89.097793,98,13712.844751
89.584332,96,13745.158348
88.665185,151,13747.00421
88.999864,101,13748.243162
89.196019,109,13749.589984
89.041676,127,13751.186954
89.274139,119,13752.675625
88.731549,128,13754.231946
89.756422,96,13755.433456
89.676164,95,13756.625189
89.427971,104,13757.962596
89.371232,95,13759.262208
88.929366,106,13760.630304
86.117792,86,13761.615029
89.190331,92,13762.772394
89.142452,131,13764.440086
88.929612,123,13766.077202
88.920232,104,13767.425585
89.051752,109,13768.82512
89.449707,104,13770.150677
89.11235,140,13802.026675
90.123596,89,13803.05679
88.883954,135,13804.779387
88.730917,129,13806.454902
86.116497,117,13807.918992
89.065752,108,13809.301148
89.008617,131,13811.106836
89.870395,89,13812.236968
89.089714,94,13813.485882
88.864794,131,13815.135221
86.193652,93,13816.330159
88.807411,119,13817.853524
89.46806,104,13819.235133
89.798696,94,13820.530483
89.177079,127,13822.230947
87.780563,112,13823.686189
89.095165,99,13824.951435
89.381518,99,13826.175264
89.312127,112,13857.926422
86.393979,105,13859.27687
89.306956,128,13860.899728
88.828223,121,13862.428823
89.058352,145,13864.211956
86.006334,126,13865.812587
89.00405,108,13867.222785
89.445904,107,13868.621376
89.476102,91,13869.86816
86.387854,99,13871.194543
85.95986,97,13872.498528
89.062227,114,13874.025312
88.937091,104,13875.374105
88.860224,117,13876.898067
89.123906,128,13878.555445
85.968991,116,13880.007702
89.320941,118,13881.484933
88.993778,126,13883.050884
86.200573,107,13914.919675
89.168047,89,13916.068871
89.058458,93,13917.255605
88.937279,139,13918.999607
88.935055,113,13920.431722
89.187615,94,13921.598736
90.123596,89,13922.606963
89.322867,89,13923.643614
88.867726,112,13925.02831
85.791593,115,13926.521885
89.697054,93,13927.672749
88.719722,127,13929.228997
88.751443,138,13930.963184
85.836719,97,13932.167476
89.88598,93,13933.577339
89.687744,103,13934.895728
85.864298,129,13936.570984
89.093061,102,13937.817906
88.848291,123,13939.377207
89.118887,113,13970.390424
88.921649,120,13971.858313
89.270219,134,13973.49381
88.652075,149,13975.323451
88.761189,132,13976.945062
89.23499,129,13978.507615
89.218617,133,13980.137133
85.905175,97,13981.35731
88.605381,143,13983.164739
89.336963,112,13984.621435
89.651243,104,13986.008837
89.523238,111,13987.4516
89.607816,113,13988.949765
89.174583,101,13990.229891
88.908208,108,13991.558104
89.524603,105,13992.913208
86.749486,134,13994.549312
85.52647,88,13995.573285
86.452795,93,14026.748355
86.128856,103,14028.029889
89.417518,120,14029.524601
85.859823,108,14030.889082
89.281492,128,14032.509781
88.995629,126,14034.099167
89.164694,113,14035.496992
85.667339,90,14036.603566
89.243214,133,14038.254245
85.860169,129,14039.861208
89.742468,90,14040.992492
88.942462,107,14042.340744
89.018988,124,14043.88523
88.944475,112,14045.222989
89.255464,91,14046.446637
86.052967,125,14048.044523
89.328956,99,14049.313135
89.169564,123,14050.840981
85.959586,126,14082.304238
88.73328,132,14084.035574
90.050338,89,14085.184179
89.557043,115,14086.698142
86.689712,98,14088.04677
88.89898,121,14089.615321
86.829456,98,14090.919826
89.053159,116,14092.372788
89.477994,114,14093.820881
89.065336,129,14095.487671
85.734312,127,14097.20101
-7.6,4,14097.284911
90.123596,89,14098.338727
89.242383,107,14099.699603
86.112386,129,14101.36023
86.645424,127,14102.939546
89.028773,113,14104.453825
88.880889,144,14106.286855
88.727183,119,14137.78601
89.179647,124,14139.443631
85.275374,100,14140.798882
88.918906,131,14142.521796
89.128604,89,14143.803196
89.51829,102,14145.176024
85.91521,101,14146.50083
89.575916,112,14147.982092
90.00362,91,14149.169135
89.370333,92,14150.426684
81.940368,111,14152.004472
89.291788,118,14153.584796
89.619451,97,14154.932174
89.350528,110,14156.484124
89.27765,121,14158.060249
89.518196,98,14159.312776
88.67263,132,14160.987467
89.286996,111,14162.371596
89.362983,121,14163.971431
86.189784,116,14195.730966
89.19642,141,14197.476142
89.889016,92,14198.600346
89.002489,133,14200.253556
89.006793,105,14201.523465
89.034038,108,14202.860496
88.701201,146,14204.618593
89.509698,91,14205.716251
89.180624,112,14207.076477
86.031606,111,14208.414512
88.89611,142,14210.143636
89.318612,110,14211.518687
89.070421,114,14212.917273
89.139956,104,14214.188471
87.044435,128,14215.83535
89.297614,97,14217.097265
89.246448,105,14218.514164
89.277485,130,14220.221503
89.763394,89,14252.591493
86.627248,125,14254.118477
82.077455,96,14255.365723
89.238277,135,14257.032279
88.891285,130,14258.651918
89.245873,125,14260.19094
88.756194,119,14261.658201
86.014602,123,14263.168904
-7.4,5,14263.265917
88.79522,128,14264.860036
89.28209,90,14265.997621
85.204842,106,14267.325025
14.508844,32,14267.745596
85.683293,123,14269.291978
88.999248,133,14270.952368
89.500448,101,14272.218268
85.808547,131,14273.83434
86.266519,119,14275.286301
82.75339,110,14276.626317
89.076417,116,14307.833477
89.128948,127,14309.372824
88.893602,130,14311.026206
89.313797,118,14312.465653
88.97749,123,14314.062957
89.216854,118,14315.544415
89.66327,97,14316.762297
88.963077,117,14318.201362
88.671313,139,14320.12589
81.878821,98,14321.431038
89.651171,96,14322.679015
89.121079,92,14323.914718
89.240866,107,14325.319957
89.114643,103,14326.7029
82.841246,117,14328.189302
89.409822,109,14329.574823
89.308884,114,14331.08425
89.181955,93,14332.287978
89.145503,115,14364.138853
89.818726,103,14365.487282
89.053519,108,14366.833441
88.927275,121,14368.350931
89.300605,93,14369.545969
88.826281,111,14370.940895
86.115503,129,14372.579949
85.970797,116,14374.083572
88.879359,118,14375.533303
88.705618,138,14377.292725
89.370655,113,14378.74056
89.823584,96,14379.940737
89.150512,116,14381.38803
88.874902,122,14382.914478
88.920252,125,14384.47153
86.229509,104,14385.787488
89.369007,91,14386.900266
85.909403,127,14388.503711
89.390227,113,14419.758374
89.204077,112,14421.140034
86.390051,104,14422.436467
89.164557,110,14423.787793
89.320809,109,14425.139012
86.790913,116,14426.658273
88.872573,133,14428.375088
85.967884,110,14429.795122
86.256076,132,14431.454672
89.200266,125,14433.029292
88.594441,136,14434.743865
86.34882,102,14436.064191
85.464188,87,14437.137951
85.940687,138,14438.907559
89.44871,127,14440.494927
88.965825,150,14442.365006
85.723932,130,14444.084017
88.969571,143,14477.330188
89.490759,105,14478.650388
82.204819,83,14479.617679
89.185411,114,14481.233736
88.664521,130,14482.90251
89.105945,118,14484.402175
89.426237,115,14485.914939
85.931874,127,14487.574937
89.406731,123,14489.133953
86.732915,107,14490.524299
90.123596,89,14491.642666
85.374684,92,14492.789302
88.860168,147,14494.604828
86.359682,131,14496.353915
89.013063,122,14497.984057
86.485257,109,14499.376928
88.863574,129,14501.05692
89.652959,101,14502.351579
88.964959,134,14535.43094
89.155844,95,14536.630018
82.711259,120,14538.146805
85.734388,130,14539.786583
85.930222,115,14541.265356
89.294425,129,14542.887593
88.654915,136,14544.582605
85.883312,108,14545.973636
86.484549,97,14547.321231
89.399519,126,14548.925808
85.12624,112,14550.362861
89.286683,110,14551.810295
89.092255,100,14553.12585
89.833705,98,14554.428204
89.549318,92,14555.564773
89.32586,116,14557.023456
89.67438,104,14558.359951
88.996699,119,14559.881396
83.935365,101,14591.807309
86.374455,102,14593.115943
88.888016,110,14594.538025
88.805835,139,14596.402402
85.811885,125,14598.032651
86.825586,102,14599.35371
88.90814,126,14601.016328
85.860064,93,14602.273497
83.690243,97,14603.549046
89.713228,97,14604.780373
85.741063,94,14606.123636
89.15643,115,14607.650627
83.160805,109,14609.013506
89.146936,111,14610.450952
86.258552,131,14612.092215
88.790646,131,14613.701691
86.366743,118,14615.222612
89.149865,133,14616.891422
85.825182,93,14618.057867
86.589601,112,14648.663958
86.803018,116,14650.123719
82.74444,109,14651.497198
85.963871,129,14653.072222
85.517314,92,14654.203195
88.644285,133,14655.888285
89.359824,113,14657.346456
89.451592,105,14658.694791
86.069372,86,14659.825086
89.504767,99,14661.168228
85.478096,100,14662.473258
89.053505,120,14664.034593
86.128403,115,14665.499497
88.730754,130,14667.175658
88.771667,138,14668.907463
89.130435,136,14670.668509
90.123596,89,14671.716634
89.139177,129,14673.374194
89.035829,125,14704.820547
89.53155,100,14706.152275
86.350211,131,14707.811943
88.822853,118,14709.284356
89.148327,110,14710.753852
86.405555,129,14712.341074
90.123596,89,14713.396558
89.426113,99,14714.699614
86.265648,126,14716.326396
86.108148,97,14717.629797
82.791379,101,14718.923753
86.243292,112,14720.330422
86.983473,130,14721.922539
89.653936,105,14723.214408
89.580684,102,14724.476271
85.613553,119,14725.977816
89.082013,129,14727.612565
85.977394,102,14728.882393
89.149172,110,14759.766074
89.009305,103,14761.056695
89.206299,116,14762.526559
88.677006,140,14764.249543
88.841897,141,14766.022036
88.757814,133,14767.642065
89.583851,107,14768.938025
85.272606,108,14770.252391
88.983463,101,14771.509238
89.17284,117,14772.96309
85.982133,122,14774.517179
89.539121,105,14775.849421
89.334693,122,14777.426818
89.337779,106,14778.832954
89.191729,145,14780.703849
88.987824,124,14782.400362
88.763421,133,14784.1902
-7.4,5,14784.283518
82.518802,120,14815.642595
88.753684,123,14817.324758
89.080971,103,14818.730345
88.980328,128,14820.520997
88.832545,124,14822.303098
88.693234,143,14824.221611
85.456463,101,14825.661699
89.207766,118,14827.250971
88.793107,130,14828.875973
89.705394,103,14830.215863
86.645594,112,14831.626159
85.72185,132,14833.363677
89.172134,128,14834.983076
88.864262,123,14836.532937
86.263907,122,14838.037239
89.439672,93,14839.18098
88.988135,124,14840.872479
88.791027,122,14872.851526
89.053097,125,14874.396648
89.221124,90,14875.468262
90.123596,89,14876.488295
86.069546,113,14877.956845
89.045412,125,14879.499339
89.398433,95,14880.682691
86.863089,105,14881.998298
88.951058,112,14883.381486
85.363994,87,14884.47308
85.370813,108,14885.881458
85.802913,129,14887.596515
88.959256,141,14889.516785
89.26587,116,14891.008345
89.018807,107,14892.446752
85.858201,126,14894.134352
89.168113,99,14895.437107
90.123596,89,14896.5192
88.881303,131,14928.65668
89.245065,133,14930.330593
85.913185,124,14932.075161
83.062962,104,14933.381206
89.616794,107,14934.788022
89.246155,123,14936.300058
85.830481,111,14937.653898
86.626904,99,14938.890614
86.851719,108,14940.231
88.958877,113,14941.616561
89.12987,143,14943.396978
89.033971,132,14945.070662
85.81535,114,14946.525088
89.14384,122,14948.124814
86.119179,104,14949.453772
89.333959,121,14951.008652
86.406361,110,14952.386296
88.916971,133,14954.045712
81.922116,98,14985.194895
86.308828,107,14986.523507
88.804696,116,14987.962983
86.626153,109,14989.338859
89.77847,102,14990.651679
86.607525,110,14992.045083
89.131638,125,14993.580923
83.149528,107,14994.936383
85.797264,126,14996.558548
85.726555,114,14997.988525
88.994596,113,14999.37549
86.708776,100,15000.644869
89.056604,128,15002.279851
85.787681,99,15003.582352
89.002908,98,15004.782914
86.235894,128,15006.40431
88.719914,146,15008.202555
85.464686,88,15009.315824
86.478415,109,15041.20661
86.382304,140,15042.997436
89.23395,118,15044.482222
86.40299,105,15045.825304
88.769731,117,15047.335279
89.086221,129,15048.971476
89.174127,92,15050.077193
89.093839,140,15051.85054
85.881026,113,15053.2543
85.85201,128,15054.889052
89.191453,128,15056.571124
89.304346,96,15057.869757
85.688923,108,15059.383428
89.212709,100,15060.690553
88.901162,105,15062.009714
89.391753,117,15063.440688
88.916,124,15065.01931
85.46607,99,15066.256097
89.13929,99,15097.85901
89.294102,116,15099.295633
89.235553,110,15100.678224
88.718873,122,15102.173002
85.411712,101,15103.546813
88.774865,128,15105.146305
89.374116,118,15106.627734
85.940127,113,15108.059045
88.969513,136,15109.759643
88.854864,130,15111.457985
86.290332,107,15112.897282
85.960317,117,15114.496042
83.275612,118,15116.09906
89.319852,104,15117.465916
14.728279,26,15117.815632
81.870834,83,15118.851624
82.30507,90,15119.913481
88.982415,135,15121.624485
85.746108,120,15123.105769
86.242814,124,15154.982234
88.808773,129,15156.570273
88.823258,127,15158.190332
89.200122,120,15159.676327
85.306765,93,15160.919884
88.701112,138,15162.671853
81.91729,96,15163.920978
86.280853,94,15165.100932
88.668762,135,15166.758954
86.073858,91,15167.873303
89.371768,103,15169.161805
85.904597,94,15170.340435
-8.48,2,15170.402478
83.437159,118,15171.950175
86.283087,98,15173.180557
86.764077,110,15174.533326
88.849834,127,15176.115949
89.085368,118,15177.638308
86.072578,120,15179.169833
85.870654,117,15211.622698
85.255182,91,15212.797746
89.091632,132,15214.513602
86.079451,127,15216.190722
82.804475,111,15217.727086
89.35826,98,15219.005312
90.123596,89,15220.096779
89.632506,89,15221.286973
82.271493,85,15222.34002
89.439857,108,15223.696533
89.573434,109,15225.036763
89.414855,109,15226.438514
86.166263,117,15227.962464
89.233069,103,15229.281314
88.643914,142,15231.075407
89.478812,101,15232.49649
84.789545,128,15234.264443
89.556681,104,15235.597003
89.229759,93,15236.851177
83.144038,107,15269.770489
82.243448,91,15270.995002
89.241754,89,15272.166211
85.580111,95,15273.457831
89.555878,95,15274.707607
89.552562,110,15276.096513
88.631617,137,15277.819721
88.766219,132,15279.516941
89.124348,90,15280.573333
86.427961,118,15282.16783
89.302387,97,15283.461753
86.50518,121,15285.078695
89.503319,109,15286.606696
86.396255,132,15288.280881
88.827203,147,15290.130671
86.707472,119,15291.638482
86.775334,125,15293.309952
88.679922,137,15295.056218
89.411486,126,15326.778555
89.141234,131,15328.479419
88.790855,127,15330.127934
88.82098,131,15331.859517
89.303768,102,15333.19805
89.957798,93,15334.307804
86.153714,110,15335.861814
89.445529,100,15337.179065
89.203197,130,15338.741579
86.798547,112,15340.104712
85.827272,114,15341.514114
89.092574,109,15342.875743
85.786845,128,15344.461923
85.917833,131,15346.114226
89.159001,93,15347.272469
88.977973,102,15348.544214
88.73917,148,15350.349669
85.749074,88,15351.439977
89.154383,133,15385.31152
88.663734,130,15386.981107
88.808101,130,15388.624741
89.104019,112,15390.077507
89.186275,104,15391.44746
89.313066,128,15393.119661
89.153142,126,15394.769582
89.134729,119,15396.455754
88.911762,105,15397.831601
86.178416,103,15399.186655
89.284621,115,15400.692033
89.182452,131,15402.438747
86.059527,129,15404.203698
85.805242,117,15405.78033
89.748211,100,15407.098858
89.083927,119,15408.692821
88.943298,134,15410.54153
88.85915,145,15442.437198
89.43222,119,15443.898358
89.034547,125,15445.485568
85.480387,123,15447.135426
82.49111,99,15448.413432
89.404299,99,15449.817368
88.771743,139,15451.711558
89.142384,142,15453.517953
85.112009,91,15454.581984
89.496656,111,15455.978598
85.244828,87,15457.086116
89.371245,121,15458.615867
89.298304,126,15460.302959
86.313087,120,15461.90255
88.684581,124,15463.47877
86.162791,86,15464.501923
49.455271,97,15465.7076
86.379029,131,15496.303352
88.975421,131,15498.005699
46.238507,91,15499.13681
89.014163,130,15500.762757
88.763589,133,15502.4897
87.026736,112,15503.895769
89.274196,112,15505.289219
89.136723,112,15506.675262
89.161409,113,15508.078835
89.454458,109,15509.452922
85.670876,100,15510.716369
89.294621,99,15511.965406
-7.6,4,15512.048702
89.038553,139,15513.823868
89.048546,132,15515.550812
89.115328,115,15516.992513
89.641988,109,15518.370942
90.058511,90,15519.484093
89.092648,125,15521.042101
89.013008,115,15551.980639
89.025539,129,15553.590177
89.376551,90,15554.715923
89.10134,112,15556.103464
89.505897,95,15557.267477
89.078153,103,15558.580711
89.760115,92,15559.750341
89.441392,96,15561.033722
89.725362,109,15562.467178
86.413722,132,15564.120112
85.63977,112,15565.604857
89.666092,97,15566.918327
89.145645,132,15568.609673
89.512508,112,15570.085233
88.690516,131,15571.833684
87.145209,117,15573.315485
89.356341,117,15574.783634
88.980322,122,15576.348233
86.376528,104,15577.676828
85.789156,124,15609.794214
89.125788,136,15611.522565
89.324615,98,15612.825888
88.935844,110,15614.188316
89.177943,103,15615.645968
85.910818,99,15617.00492
89.435838,102,15618.287247
88.90702,140,15620.086662
84.313284,127,15621.825788
86.643448,106,15623.214682
89.944977,95,15624.518791
85.963891,137,15626.421863
88.964402,143,15628.439905
88.727088,142,15630.298959
89.189827,113,15631.761069
89.361965,120,15633.338597
88.753979,130,15635.049166
86.395427,124,15667.646476
86.012291,111,15669.00901
88.95574,118,15670.4551
85.4098,125,15672.00509
90.123596,89,15673.068919
90.123596,89,15674.180598
88.894597,129,15675.84645
88.844094,106,15677.201925
88.822891,135,15678.950558
86.340963,128,15680.649926
89.781054,90,15681.699042
89.100138,139,15683.444099
86.18584,124,15685.086267
88.917316,130,15686.757109
88.805914,116,15688.230428
89.224877,123,15689.822676
85.968613,134,15691.539592
88.926244,124,15723.672853
85.946316,120,15725.18592
89.111043,97,15726.402797
88.763009,138,15728.121518
88.713354,130,15729.773793
85.861799,133,15731.427994
89.483244,97,15732.631818
86.581661,103,15733.901427
85.412961,114,15735.357564
86.163813,97,15736.556238
82.687648,111,15737.897547
83.305945,100,15739.123356
89.241851,129,15740.721563
89.162384,112,15742.152641
89.092249,130,15743.863427
89.621556,98,15745.179903
88.979757,129,15746.825439
86.119118,103,15748.140525
89.262712,109,15779.839976
85.359579,118,15781.371644
89.158534,109,15782.881347
88.990909,140,15784.775281
89.427854,118,15786.427601
89.275245,128,15788.183033
88.870409,131,15789.968478
89.01936,112,15791.489064
89.158428,120,15793.162984
88.647096,136,15794.882923
90.075961,89,15795.969598
88.858763,141,15797.820679
85.964841,118,15799.331715
85.731712,114,15800.762725
90.123596,89,15801.845654
86.293959,95,15803.0501
88.988013,119,15804.544692
88.679274,131,15837.096051
88.774726,115,15838.551753
86.096026,128,15840.212054
89.632318,97,15841.481203
89.432354,97,15842.703248
88.779382,123,15844.24202
89.011815,123,15845.793605
89.495651,96,15846.993412
88.784528,129,15848.724927
88.874408,130,15850.381608
82.386825,86,15851.475941
88.89443,116,15852.95613
88.985726,137,15854.708903
89.035111,109,15856.070718
89.599538,106,15857.449012
89.627953,100,15858.699907
89.054484,127,15860.276075
89.431944,98,15861.488314
85.701942,137,15892.520275
88.66644,139,15894.239067
86.147426,125,15895.864682
86.26371,129,15897.524828
89.479577,97,15898.743967
88.929861,135,15900.474854
85.460954,86,15901.448475
82.132015,104,15902.732645
89.07993,110,15904.111205
89.049964,143,15906.000276
86.071767,116,15907.479192
89.611448,98,15908.786584
89.065953,141,15910.587163
88.727504,131,15912.221319
89.196031,139,15913.986829
84.958214,127,15915.568706
88.961856,117,15917.022016
89.419581,117,15948.046853
89.373311,117,15949.493691
88.915426,139,15951.238576
88.781243,116,15952.664917
88.953246,111,15954.028103
88.791497,122,15955.549161
89.408167,97,15956.743515
89.339773,107,15958.102603
88.842632,124,15959.665478
89.332488,121,15961.150544
89.117103,122,15962.677774
89.535322,113,15964.060765
89.167684,127,15965.61863
89.426764,95,15966.835722
86.362521,142,15968.550215
89.612505,97,15969.756618
88.886163,142,15971.486934
85.857829,100,15972.737457
85.881174,133,16003.676702
85.915971,130,16005.275414
90.123596,89,16006.27793
89.693844,93,16007.457494
86.496153,125,16009.04353
88.811798,124,16010.598369
90.123596,89,16011.645099
89.86552,96,16012.870907
89.032121,132,16014.638623
89.377324,97,16015.948568
89.176583,115,16017.372746
87.711573,99,16018.637067
85.815827,98,16019.912934
86.246119,105,16021.283948
89.041859,136,16023.007331
-7.6,4,16023.094179
89.197652,119,16024.611613
88.666729,145,16026.407092
88.835032,122,16027.933914
89.706001,97,16058.89051
88.924683,121,16060.37093
86.353653,125,16061.91719
89.018446,132,16063.559007
89.028565,89,16064.609303
89.62458,97,16065.923448
89.117483,105,16067.277818
89.161877,90,16068.444622
89.274794,132,16070.169235
83.830137,129,16071.796413
89.515094,117,16073.25367
89.225911,134,16074.925177
89.740779,95,16076.097164
88.959897,141,16077.869502
88.856753,125,16079.410515
89.396193,90,16080.559228
89.577341,114,16082.054805
89.395069,101,16083.344173
86.191398,119,16114.715037
88.992342,128,16116.284724
89.160992,102,16117.54061
89.69433,93,16118.700377
88.978503,138,16120.396102
89.519748,99,16121.628494
86.093665,100,16122.833044
86.082861,118,16124.359584
88.554648,146,16126.215686
89.24697,133,16127.882151
82.700018,120,16129.434538
88.677333,135,16131.165594
89.190431,95,16132.408786
86.268507,97,16133.808027
89.282947,96,16135.050866
86.664502,107,16136.448015
89.23175,129,16138.070915
89.155737,115,16139.501239
89.565903,97,16171.362448
88.93871,108,16172.743832
88.860144,113,16174.194091
89.270259,103,16175.500208
88.744986,133,16177.169062
88.805647,140,16178.930801
88.76892,126,16180.558723
88.812118,127,16182.237365
88.876648,121,16183.843469
89.268515,124,16185.402013
89.053749,131,16187.047219
89.458361,91,16188.218413
88.99543,130,16189.891622
88.592341,146,16191.784017
88.906705,133,16193.48906
88.92255,136,16195.175025
85.542317,88,16196.29968
88.785537,123,16227.510879
89.266323,115,16228.920521
88.873325,114,16230.290405
88.920736,132,16231.884369
88.95759,103,16233.200632
88.663171,139,16234.976523
89.433482,103,16236.324654
89.134953,135,16238.058707
89.075658,126,16239.730102
88.930484,124,16241.366692
89.113684,114,16242.830652
85.7937,98,16244.069701
88.829363,108,16245.418995
86.09102,95,16246.63476
86.457092,111,16247.988997
89.011342,126,16249.546338
89.204511,131,16251.139885
89.310551,98,16282.067125
85.74273,112,16283.498431
89.180702,90,16284.630607
89.937402,93,16285.781919
89.265392,108,16287.110753
89.266517,115,16288.490125
85.569133,91,16289.602304
88.805845,134,16291.272569
86.268485,119,16292.777753
88.814812,123,16294.306211
88.721891,128,16295.955689
85.869985,86,16297.05229
89.361716,128,16298.608937
85.632964,93,16299.81409
88.902808,128,16301.439029
85.989522,124,16302.972926
88.996677,107,16304.27703
88.822108,137,16305.942604
88.858952,114,16336.593294
89.197518,98,16337.817034
90.11886,89,16338.883077
88.977473,144,16340.773033
88.710224,142,16342.552107
88.671573,136,16344.271919
86.015195,102,16345.546475
89.092337,99,16346.842306
89.462274,99,16348.08696
85.934388,112,16349.47503
89.07752,108,16350.83228
86.453148,119,16352.270322
86.037122,135,16353.953848
89.710235,98,16355.162622
88.960279,129,16356.790414
89.485831,111,16358.192217
86.576764,115,16359.617913
89.084625,143,16361.391532
89.36454,115,16393.32725
89.134249,105,16394.757602
88.871071,130,16396.586136
86.587101,108,16398.044359
86.763951,98,16399.394078
89.316052,117,16400.911789
89.289302,128,16402.5772
88.766025,123,16404.109914
89.485349,118,16405.625299
89.546935,91,16406.72789
86.293218,126,16408.368848
89.855579,90,16409.624167
88.90346,134,16411.391592
89.41085,101,16412.66391
89.594388,97,16413.941557
89.10753,115,16415.41894
86.560577,108,16416.804198
89.526178,112,16418.190936
88.84518,121,16449.617406
89.318718,123,16451.128773
89.074237,99,16452.350674
85.959966,117,16453.796931
88.970409,135,16455.56846
89.674242,100,16456.915711
89.055966,110,16458.382031
88.888822,115,16459.876207
88.992965,119,16461.437063
89.409165,119,16462.964191
89.586941,105,16464.34402
89.338077,104,16465.665257
90.123596,89,16466.74406
88.8121,126,16468.435235
88.882119,111,16469.850275
88.890002,141,16471.622404
89.493012,94,16472.813805
86.171603,116,16474.246307
89.025717,98,16504.623307
89.092778,93,16505.780522
88.67487,137,16507.476908
86.252384,111,16508.859762
89.762858,104,16510.139526
88.693441,126,16511.737373
89.996504,92,16512.868784
89.397334,96,16514.040955
89.003007,119,16515.482711
88.890574,128,16517.064807
85.386611,102,16518.313274
89.098294,99,16519.552935
86.156916,86,16520.636146
88.937006,133,16522.247495
82.441589,94,16523.41846
89.237555,126,16524.960701
85.729827,130,16526.566766
83.134124,113,16527.981332
89.403748,92,16529.112802
89.384433,101,16560.449818
89.376508,107,16561.718196
89.553485,115,16563.128076
88.918631,122,16564.607329
86.240021,99,16565.874349
89.052967,115,16567.303762
89.720089,97,16568.512909
89.170821,113,16569.94465
85.656633,120,16571.493776
89.464655,102,16572.789473
85.982755,111,16574.173313
88.752336,143,16575.913755
84.840704,92,16577.075552
89.521779,91,16578.186166
89.135238,94,16579.338888
89.001908,129,16581.016556
88.840197,113,16582.414838
85.48829,88,16583.502812
89.109616,132,16585.089736
86.211561,106,16615.767729
89.452974,103,16617.056504
89.385864,90,16618.194017
89.064859,139,16619.879447
86.068754,121,16621.390316
89.62752,92,16622.520853
82.192101,124,16624.087221
86.009717,126,16625.638424
89.505784,99,16626.868399
90.123596,89,16627.887595
89.284388,101,16629.147691
89.434912,126,16630.677848
88.869427,138,16632.370518
89.302983,96,16633.539254
88.838921,118,16634.974737
89.582722,105,16636.253049
88.629337,138,16637.930943
86.330268,99,16639.159511
88.726132,125,16670.241003
89.523382,113,16671.681128
88.870025,129,16673.276563
89.52756,100,16674.54203
88.715614,133,16676.200317
88.833576,116,16677.719455
89.110293,103,16678.981523
89.159925,95,16680.214507
89.315384,102,16681.529351
89.025259,134,16683.186755
89.288011,102,16684.449231
88.982225,123,16686.068097
89.938399,97,16687.30131
89.180937,92,16688.448567
85.27604,100,16689.735543
88.914402,112,16691.10782
85.593589,106,16692.444011
89.091014,137,16694.150719
89.218749,120,16725.456648
82.984417,124,16727.038363
89.187159,125,16728.620234
89.508378,106,16729.943669
89.476961,92,16731.099217
88.624125,147,16732.951374
89.050292,115,16734.365247
85.747004,103,16735.636745
89.305197,94,16736.840802
85.948417,89,16737.963096
88.814418,127,16739.57735
89.592621,103,16740.872433
86.398019,112,16742.268242
89.017657,127,16743.834725
88.892192,116,16745.324358
86.594215,108,16746.660928
89.222183,122,16748.182371
89.235777,94,16749.360926
43.085814,67,16750.182867
89.538789,92,16781.582247
89.437429,97,16782.797417
86.866524,106,16784.121319
89.129324,98,16785.374183
88.972373,138,16787.133356
88.725408,132,16788.826108
89.559185,104,16790.20484
85.852042,101,16791.465379
89.052548,121,16792.92644
88.798743,132,16794.521362
89.482477,112,16795.919104
88.815293,140,16797.67178
89.67424,93,16798.831684
88.958445,134,16800.473607
85.907033,134,16802.134025
85.891908,101,16803.397032
88.724772,144,16805.199501
89.138767,102,16806.514541
86.339944,133,16838.018141
88.978232,127,16839.613172
89.271311,98,16840.865292
88.725941,137,16842.541249
89.029229,139,16844.238911
89.145486,94,16845.406845
89.22965,115,16846.812764
86.475762,115,16848.2496
89.190216,107,16849.595132
89.524939,109,16850.977683
86.329736,111,16852.36422
89.828668,100,16853.622545
89.328882,118,16855.06983
89.288729,111,16856.492088
89.348525,124,16858.046203
89.653118,101,16859.31144
86.389399,113,16860.690323
89.417969,112,16862.053221
85.731143,105,16892.553205
88.96975,127,16894.115189
88.847189,112,16895.49297
89.460788,103,16896.836437
86.269819,124,16898.427558
89.139912,125,16900.018916
85.921478,101,16901.370406
88.69299,136,16903.166317
89.352493,120,16904.710337
88.830763,121,16906.215568
86.305698,122,16907.709186
88.622007,142,16909.507722
89.100715,122,16911.109613
88.730025,127,16912.739126
89.183305,114,16914.174658
86.590611,131,16915.782599
89.181477,131,16946.672235
89.015386,109,16947.994538
88.921409,120,16949.468565
88.853678,129,16951.027766
89.08538,113,16952.431109
89.622352,106,16953.784012
89.535714,108,16955.196501
88.917196,133,16956.851865
88.67009,138,16958.525238
89.483336,112,16959.907071
88.978472,100,16961.156641
89.442101,101,16962.410335
86.346767,96,16963.634062
89.05599,127,16965.208062
86.550085,111,16966.642309
88.668065,127,16968.219185
89.541624,115,16969.641611
86.190727,122,16971.182449
90.064743,89,17001.733416
89.155159,103,17002.969555
89.765837,99,17004.284648
82.532443,105,17005.644307
86.204097,117,17007.170409
88.958081,101,17008.516372
89.636863,92,17009.715397
86.103321,107,17011.145443
89.176668,140,17012.985196
-9.16,1,17013.031576
86.305457,94,17014.233464
86.4941,106,17015.732414
86.044434,109,17017.177486
89.411357,120,17018.679114
89.280918,127,17020.313773
88.925596,116,17021.749745
86.286831,98,17022.961867
89.053332,135,17024.603999
89.854554,92,17025.764096
88.798183,143,17027.498538
88.813585,118,17058.629643
88.843851,123,17060.171749
89.003278,127,17061.771343
86.521051,107,17063.092657
89.507737,98,17064.338463
85.959728,131,17066.031317
85.315622,107,17067.381998
89.119143,95,17068.599979
85.98568,101,17069.878948
89.323421,125,17071.410793
89.933455,90,17072.518903
86.207069,120,17074.003937
86.432338,129,17075.589832
85.377975,98,17076.845076
88.864386,106,17078.221935
88.893658,133,17079.921286
89.417857,108,17081.338046
83.1595,128,17082.942305
89.479367,103,17114.058347
88.060513,92,17115.10195
86.582598,109,17116.56981
88.740545,134,17118.309636
89.521861,110,17119.846502
82.200523,83,17120.920662
88.994864,104,17122.254879
88.967499,105,17123.66439
88.846623,136,17125.419621
82.509401,112,17126.900872
89.600793,105,17128.212033
86.578237,118,17129.652347
82.053845,88,17130.76058
89.004239,133,17132.398299
89.322749,132,17134.011933
89.338143,125,17135.556607
85.625512,100,17136.795853
86.151169,110,17138.142127
89.175134,130,17169.062219
-7.4,5,17169.15276
89.903439,99,17170.390364
85.556399,127,17171.972062
89.355819,113,17173.364058
89.124189,115,17174.771275
89.316584,108,17176.115257
86.597501,133,17177.756253
86.44034,99,17178.964834
85.753135,91,17180.056979
82.428708,103,17181.339262
86.319077,111,17182.698179
89.079068,96,17183.911983
87.365166,129,17185.504085
89.35406,117,17186.933785
85.733432,119,17188.41381
-2.101143,9,17188.548931
89.187716,104,17189.842783
89.342655,104,17191.149718
88.793586,130,17192.738402
85.948247,86,17223.629901
85.990496,90,17224.760041
88.878217,139,17226.442569
89.007671,132,17228.091414
89.198317,127,17229.639073
89.413847,119,17231.089005
89.247615,126,17232.620828
82.006982,90,17233.741507
88.858712,142,17235.458311
89.07321,122,17236.979232
88.649544,136,17238.620203
88.75818,123,17240.138092
86.178736,114,17241.548199
89.058862,111,17242.91002
86.162791,86,17243.883438
89.155614,131,17245.540903
89.046575,150,17247.480211
86.120684,110,17277.823
88.89317,134,17279.429323
89.059933,110,17280.77768
88.979517,128,17282.317997
85.340109,111,17283.656242
89.292153,111,17285.053317
82.649474,93,17286.217213
85.449119,116,17287.645187
89.441749,91,17288.714719
89.103248,132,17290.317791
89.233966,138,17292.025015
82.224683,106,17293.342712
-7.6,4,17293.423282
86.09129,130,17295.014424
87.865872,130,17296.589993
88.867374,126,17298.138563
89.67561,94,17299.290419
86.62943,116,17300.767242
86.829423,109,17302.114362
89.529092,100,17333.466984
85.814961,89,17334.579213
89.649036,99,17335.822769
82.789917,103,17337.194276
82.827324,125,17338.797851
85.966746,124,17340.409448
90.122806,89,17341.53617
89.411416,113,17342.961253
89.985448,91,17344.167698
88.703445,130,17345.864952
88.89545,129,17347.572125
88.905967,132,17349.245288
86.516719,123,17350.7198
89.010128,98,17351.947037
86.359911,131,17353.649507
88.660063,131,17355.372232
88.633573,145,17357.260277
86.463142,107,17358.631931
89.108924,116,17390.825268
88.96185,118,17392.274003
89.555282,99,17393.483163
89.21842,98,17394.705277
88.915025,149,17396.587956
89.370485,98,17397.794195
88.740018,122,17399.394388
89.4648,100,17400.745472
89.298116,99,17402.057195
88.887737,106,17403.371611
88.678795,139,17405.081782
88.864904,135,17406.738825
88.663451,140,17408.443595
88.921948,123,17409.95679
88.817065,123,17411.492409
89.554388,115,17412.994897
85.445465,112,17414.429814
89.070885,106,17415.786238
85.598033,101,17446.757484
88.94179,118,17448.265384
85.321465,113,17449.671245
89.472466,113,17451.116507
89.273317,91,17452.145481
89.131108,136,17453.78996
85.910811,121,17455.239688
88.708774,131,17456.836772
85.492736,97,17458.035053
86.434053,100,17459.280259
89.196822,118,17460.835021
89.315802,126,17462.433289
86.824514,109,17463.851541
89.500572,111,17465.374411
85.387494,99,17466.732882
89.060399,130,17468.365195
89.411284,111,17469.924348
89.108714,113,17471.509341
90.123596,89,17503.057738
89.259214,108,17504.390938
82.428129,115,17505.855803
85.896146,118,17507.320668
88.889339,144,17509.088843
-7.36,6,17509.19601
85.809625,126,17510.777953
85.459353,119,17512.254242
88.976065,126,17513.804024
86.385748,108,17515.22691
23.064953,40,17515.754648
86.475848,116,17517.177435
89.081736,102,17518.460746
88.953998,104,17519.822463
89.449901,95,17521.015692
88.625205,142,17522.770701
86.141496,129,17524.430608
89.008123,114,17525.886044
86.0138,133,17527.645222
89.224619,118,17558.588907
83.911935,118,17560.031205
89.333032,110,17561.370796
85.239471,89,17562.459014
88.923028,123,17563.975186
89.07619,105,17565.257828
82.977471,116,17566.726205
89.075384,138,17568.404961
86.276558,116,17569.819207
89.327083,103,17571.143543
82.559962,104,17572.549031
89.025935,101,17573.891229
85.865321,118,17575.420271
88.834425,134,17577.179826
86.533753,114,17578.688353
85.939438,86,17579.758767
85.767285,115,17581.376089
85.747951,106,17582.721677
89.458893,107,17614.274501
85.45594,93,17615.476499
89.925574,89,17616.566848
82.60894,109,17617.927645
85.679178,97,17619.129422
82.523749,104,17620.431736
86.3948,115,17621.836054
86.025446,99,17623.131177
88.820745,128,17624.73702
89.09498,113,17626.213988
88.986021,132,17627.827497
88.908829,113,17629.223667
83.804674,103,17630.511178
86.576843,96,17631.744209
88.647728,132,17633.410859
89.310469,103,17634.678968
88.843613,134,17636.357882
88.999774,105,17637.689289
85.576466,126,17639.251971
85.899874,109,17670.728971
88.883796,130,17672.360866
83.325915,118,17673.884514
89.478766,109,17675.247645
85.366882,91,17676.430572
82.429778,98,17677.689884
86.740986,112,17679.110963
85.733614,125,17680.721725
85.884066,121,17682.270513
89.007381,124,17683.806644
88.675496,129,17685.47375
88.999943,124,17687.042979
85.560482,101,17688.313706
85.692191,111,17689.70299
89.771263,102,17690.978945
85.451205,96,17692.165334
85.752569,89,17693.313381
85.873009,121,17694.865047
89.702997,103,17725.92842
82.049194,94,17727.116356
89.391104,124,17728.622847
82.65468,106,17729.976741
89.038962,128,17731.547682
89.225609,111,17732.928459
86.329138,112,17734.324844
89.428072,109,17735.678492
88.669986,132,17737.305932
85.785657,118,17738.77487
88.81517,141,17740.526674
85.794662,120,17742.01517
89.154423,94,17743.174737
88.718022,132,17744.82515
85.682271,124,17746.360871
85.523794,89,17747.467268
89.284014,101,17748.709254
82.454945,126,17750.295215
89.314171,114,17781.705094
83.449318,102,17782.978747
88.947028,130,17784.634681
89.3498,104,17785.959073
86.41174,104,17787.283554
88.924154,122,17788.792135
88.76111,131,17790.444474
89.086762,149,17792.285486
86.205879,102,17793.537984
82.771108,97,17794.752961
89.490498,94,17795.924737
89.037906,130,17797.520487
86.041484,105,17798.805814
89.130385,91,17799.886131
88.976129,136,17801.57987
82.569074,122,17803.069396
85.905259,114,17804.47496
83.339569,122,17805.971498
86.226354,124,17837.210009
89.005904,114,17838.680321
89.466603,100,17839.920582
88.884098,115,17841.347559
88.892207,110,17842.687799
89.340961,96,17843.841066
82.848483,114,17845.25727
88.942596,135,17846.952429
81.77308,109,17848.313351
89.646353,107,17849.652374
88.868912,118,17851.148156
82.405533,97,17852.354721
89.57072,114,17853.762179
86.072032,133,17855.434517
85.457836,115,17856.8235
88.738441,122,17858.310726
86.725665,107,17859.629526
89.379627,118,17861.093322
89.135156,89,17892.139049
82.577018,97,17893.402609
89.524217,89,17894.544331
86.180161,101,17895.827227
85.854541,108,17897.151603
89.057815,102,17898.434887
88.992854,114,17899.8794
82.850039,100,17901.225564
89.202819,98,17902.472923
85.729509,105,17903.795341
86.196364,124,17905.540494
86.21713,108,17907.08637
86.373975,123,17908.676674
86.718012,98,17909.961803
88.578268,146,17911.835429
83.346599,103,17913.139215
85.283451,104,17914.524542
85.703362,93,17915.707892
89.245282,114,17917.174766
78.675548,89,17947.574248
86.467458,115,17948.991009
85.98531,119,17950.435528
82.634598,115,17951.858225
89.140647,126,17953.385747
86.305968,106,17954.684619
87.156431,117,17956.124461
85.936273,89,17957.23837
89.246239,108,17958.604383
89.036273,116,17960.038061
85.827931,96,17961.246652
86.434772,106,17962.545502
89.366118,97,17963.736966
82.735692,101,17964.972225
86.068447,136,17966.63798
89.255929,119,17968.079618
88.788346,135,17969.718204
90.039979,90,17970.824841
86.013329,129,18004.029306
85.880555,104,18005.40361
89.428257,111,18006.921413
86.164601,128,18008.514202
85.106594,99,18009.788782
88.842977,122,18011.408298
-7.36,6,18011.534331
84.925903,130,18013.290709
82.857082,116,18014.812411
86.133759,111,18016.27685
88.899107,113,18017.658358
89.408781,92,18018.788365
89.906039,90,18019.91261
83.557149,106,18021.29903
82.225718,103,18022.597194
88.977024,124,18024.120861
88.920978,145,18025.97582
83.053211,127,18027.547027
82.868336,107,18028.95972
88.981595,129,18060.798259
85.673471,98,18062.064783
86.466415,105,18063.412757
89.034613,145,18065.266922
86.748155,106,18066.633707
89.057315,127,18068.258952
88.724585,137,18069.940109
88.717619,126,18071.522407
82.092913,94,18072.761851
89.061575,143,18074.564118
86.961232,118,18076.070211
85.327889,101,18077.395448
85.624086,104,18078.769393
88.926705,134,18080.663459
89.117221,124,18082.287135
89.401574,124,18083.847323
86.713012,104,18085.150861
89.553099,96,18086.404437
89.054624,106,18117.015966
85.611517,93,18118.140725
89.429563,120,18119.587178
82.108261,120,18121.094916
85.624747,96,18122.281914
88.761162,122,18123.798555
89.310176,122,18125.35185
86.977002,110,18126.749626
82.083792,91,18127.946657
85.909498,119,18129.43323
89.386104,94,18130.675067
88.807946,132,18132.364769
85.89823,104,18133.662945
88.950229,149,18135.506228
89.033918,126,18137.077555
83.01979,96,18138.270346
85.908867,102,18139.571653
86.494952,118,18141.089269
89.418819,119,18172.092356
82.579825,120,18173.618956
88.91477,129,18175.236746
82.835012,104,18176.587962
89.367645,116,18178.035983
82.985396,118,18179.537649
89.529537,113,18180.974608
85.865951,133,18182.699465
89.470906,107,18184.054368
89.403479,115,18185.489033
88.720123,140,18187.231542
85.319379,92,18188.399734
89.079707,100,18189.665165
89.368972,90,18190.982714
88.80894,128,18192.566467
85.828804,108,18193.951263
85.70342,87,18195.076295
86.013215,88,18196.138262
88.625386,146,18228.674148
89.349559,91,18229.850884
86.842673,106,18231.25617
86.087862,120,18232.835763
89.097338,134,18234.573348
89.143866,109,18235.962222
89.662767,106,18237.372312
82.153069,90,18238.529695
86.120281,104,18239.82522
89.444984,92,18241.056708
86.553125,114,18242.466896
70.912557,116,18244.035053
89.719353,105,18245.433023
82.506948,114,18246.952662
86.00743,99,18248.311268
88.916312,112,18249.909982
89.032078,127,18251.59644
88.759391,138,18253.425994
86.268405,100,18254.771532
83.088449,107,18287.146588
86.034531,114,18288.633907
89.712052,92,18289.785306
86.531622,121,18291.371513
89.446217,111,18292.824226
89.332042,119,18294.321244
82.402973,102,18295.637013
89.196432,113,18297.107009
88.664199,143,18298.944617
83.21333,104,18300.334747
86.094927,93,18301.59694
88.938765,144,18303.484238
89.375468,117,18305.022329
89.791209,94,18306.238844
85.663666,112,18307.650577
83.893337,128,18309.248136
84.940207,106,18310.583507
85.266534,117,18312.025723
89.209211,115,18343.431754
85.095852,104,18344.731199
89.169051,109,18346.093026
83.510932,109,18347.456004
82.647451,114,18348.867486
81.987961,85,18349.930254
89.083688,131,18351.555966
82.619067,90,18352.681375
88.789588,122,18354.250194
88.957945,127,18355.874257
86.530628,103,18357.16258
89.280017,102,18358.438972
88.714499,145,18360.277567
85.976087,130,18361.875199
89.048828,115,18363.283562
89.163511,97,18364.495771
89.154696,109,18365.858902
89.507169,94,18367.084856
89.361253,110,18398.356288
83.420285,99,18399.614061
88.824771,127,18401.237095
-9.16,1,18401.282349
88.64227,136,18403.004015
86.115252,94,18404.222311
82.701034,117,18405.714088
83.537669,127,18407.410686
82.56602,120,18409.004218
82.383124,102,18410.362109
82.164014,85,18411.465238
82.269215,98,18412.753628
89.340976,128,18414.324251
85.595197,104,18415.576637
88.608245,141,18417.29492
89.520761,107,18418.674918
82.870942,103,18419.956501
-7.6,4,18420.04102
89.05737,136,18421.771642
86.183815,125,18423.348156
89.787261,97,18454.196428
89.117668,136,18455.914648
86.340876,107,18457.297527
85.878618,135,18458.965915
86.6334,94,18460.134636
89.34931,116,18461.547504
89.069576,118,18463.005292
86.445782,121,18464.503245
89.245466,139,18466.249381
89.397084,107,18467.564509
82.805803,126,18469.121262
82.657176,108,18470.453342
89.040372,112,18471.852682
86.466428,113,18473.230938
86.322157,128,18474.778135
86.586519,135,18476.466152
86.644992,120,18478.03811
83.597853,105,18509.051326
89.124026,123,18510.581743
85.16442,91,18511.700866
82.540019,105,18512.982149
86.358692,118,18514.420917
89.214452,120,18515.885423
89.073824,99,18517.106205
-7.4,5,18517.204487
86.176853,127,18518.787374
86.35325,106,18520.125871
90.123596,89,18521.130536
88.835348,126,18522.67932
89.093094,111,18524.057705
86.013222,87,18525.153429
89.161613,130,18526.770213
85.440621,122,18528.29886
30.119311,63,18529.112838
85.715416,109,18530.554245
85.979727,109,18531.969127
89.745063,89,18533.063964
82.445156,105,18534.508157
89.138274,104,18565.38996
85.910089,124,18566.951504
88.868406,115,18568.417062
81.866643,116,18569.888406
87.543719,116,18571.424035
89.788638,96,18572.637642
86.290451,115,18574.154047
73.378556,120,18575.665766
86.483522,117,18577.14021
85.798539,122,18578.732587
89.349741,94,18579.908087
89.373107,114,18581.381025
86.276875,119,18582.931503
82.333938,107,18584.268877
86.330744,116,18585.748961
88.772059,124,18587.320877
82.191385,116,18588.780725
85.849443,96,18589.950269
89.492491,95,18621.344025
85.745767,131,18622.957899
82.224678,100,18624.308472
89.674611,110,18625.69217
86.110495,113,18627.122835
85.90444,125,18628.738664
86.551744,93,18629.892712
89.017927,100,18631.259533
85.807763,131,18632.982394
85.98293,105,18634.340543
85.978858,114,18635.786393
77.119277,126,18637.371659
89.359779,117,18638.817689
86.21944,91,18639.980534
86.324954,115,18641.393514
88.93682,106,18642.67886
88.988009,134,18644.298962
86.196897,97,18645.601848
89.13886,127,18677.645641
88.887065,119,18679.105308
89.621703,112,18680.520015
86.351566,99,18681.758397
89.181666,133,18683.372967
88.778457,137,18685.060775
86.671816,110,18686.413265
31.428591,55,18687.104731
89.13097,98,18688.305449
82.204819,83,18689.244944
89.239388,123,18690.754047
89.398475,118,18692.196123
82.538686,108,18693.564515
85.89883,128,18695.2001
89.700268,99,18696.457793
89.310878,126,18698.093312
83.213025,132,18699.899402
83.032772,118,18701.525815
89.180931,138,18734.581505
89.399374,108,18735.957374
89.6588,92,18737.07815
89.069764,127,18738.696278
39.089723,53,18739.373112
88.846194,111,18740.781506
82.19394,94,18741.995359
89.10624,144,18743.761677
88.694915,133,18745.409972
88.860221,114,18746.829022
83.70949,104,18748.153059
89.583258,94,18749.350994
89.203015,102,18750.612632
82.422504,117,18752.130322
90.04302,90,18753.176546
88.758098,129,18754.777223
88.892954,134,18756.471846
85.807229,94,18757.630374
85.856559,86,18758.653553
89.883357,89,18790.097507
3.018302,18,18790.342997
86.86173,96,18791.504074
86.065887,110,18792.862718
86.515518,111,18794.225219
88.67409,137,18795.917717
90.123596,89,18796.933931
84.915141,104,18798.24113
89.649527,109,18799.619039
86.091638,107,18800.978616
86.079059,109,18802.341232
89.162206,139,18804.073645
89.056554,107,18805.398185
50.890845,87,18806.453345
89.438508,105,18807.783437
85.186682,105,18809.093471
11.206394,27,18809.457705
85.78508,115,18810.85781
86.708039,113,18812.257944
88.995072,129,18813.860487
85.702149,88,18814.975144
88.946936,129,18846.078909
87.647256,105,18847.460423
86.0564,114,18848.907641
89.148477,122,18850.426933
85.827716,92,18851.589261
86.110148,114,18853.066089
81.565882,104,18854.356819
89.286708,106,18855.772858
88.924837,138,18857.539642
82.02954,95,18858.821317
83.004217,113,18860.204187
89.233815,137,18861.903012
86.079006,103,18863.186476
81.818352,136,18864.929002
82.787569,115,18866.381768
89.403179,107,18867.709219
86.435727,104,18868.963215
86.000448,130,18870.609043
85.639766,127,18901.771628
89.588572,104,18903.101123
85.862817,105,18904.414494
89.170653,113,18905.795605
89.086631,133,18907.500295
86.104795,120,18909.044911
88.710017,141,18910.835029
89.269095,121,18912.404503
89.529793,106,18913.719576
89.690669,105,18915.022491
88.954904,106,18916.343724
82.681271,107,18917.726293
89.071898,118,18919.234934
85.562077,92,18920.419847
82.573381,98,18921.776335
85.053265,120,18923.284642
88.977217,104,18924.56675
88.948668,133,18926.212918
86.073471,95,18957.186047
88.924253,112,18958.564402
88.915226,117,18960.015951
83.348755,106,18961.340823
89.168,139,18963.007761
86.522811,104,18964.263353
89.583128,93,18965.384496
89.466587,122,18966.869406
89.683774,103,18968.121505
82.600372,106,18969.40762
89.567462,115,18970.823739
86.243396,104,18972.095262
82.705549,96,18973.269518
89.34836,101,18974.490844
89.067398,106,18975.795275
89.574215,92,18976.972293
89.110044,133,18978.590728
89.635031,94,18979.74185
86.175083,113,18981.146454
89.159704,116,19011.714722
88.775598,117,19013.147125
89.178983,137,19014.846236
73.609164,102,19016.178015
89.281431,92,19017.304449
83.398514,105,19018.59417
83.441381,110,19019.96902
85.606051,107,19021.328155
88.788817,138,19023.068512
85.700576,105,19024.37238
88.744291,127,19025.97544
86.483066,103,19027.289464
82.415105,108,19028.682094
86.737625,111,19030.090188
86.018002,101,19031.350054
89.423167,96,19032.597813
89.36514,98,19033.873264
89.258699,129,19035.520833
89.403861,115,19066.364302
88.740735,134,19068.139971
85.979237,87,19069.222217
88.960708,122,19070.75319
88.785578,124,19072.412925
85.885826,115,19073.879183
86.054563,95,19075.056114
85.977094,99,19076.277395
85.591637,108,19077.591664
85.691384,113,19079.019522
-7.6,4,19079.098303
89.265475,92,19080.245417
89.633948,91,19081.358016
86.033319,111,19082.730293
82.711629,104,19084.027689
86.191358,113,19085.433003
88.847991,132,19087.040947
86.577635,120,19088.501864
89.075439,121,19089.97217
88.734715,138,19121.39132
86.149128,112,19122.791648
89.215718,99,19124.011948
89.401104,114,19125.397568
82.830328,104,19126.702753
86.199957,111,19128.053934
89.439353,104,19129.32147
89.017113,126,19130.883621
89.119183,101,19132.193794
88.696425,135,19133.874749
86.050887,134,19135.520965
86.214332,118,19137.017264
89.929705,89,19138.032687
89.38831,107,19139.388321
88.912205,106,19140.710652
83.573894,109,19142.115346
85.555835,99,19143.373511
86.034252,113,19144.809271
89.040081,126,19146.358948
86.445594,92,19176.743016
89.130636,105,19178.041245
88.981241,125,19179.593301
89.596571,94,19180.756859
85.877021,92,19181.880144
90.121044,89,19182.896425
89.581864,99,19184.103642
89.065656,112,19185.492565
86.278885,109,19186.85059
89.098057,91,19187.96131
85.880776,97,19189.159269
89.059086,117,19190.594804
89.603252,104,19191.895571
89.58041,108,19193.32824
89.262832,130,19194.934233
86.308728,111,19196.353888
89.883996,96,19197.64621
88.966876,137,19199.378906
89.145261,106,19200.778818
86.214419,95,19232.785263
89.1489,126,19234.380904
89.085011,111,19235.768991
86.018798,118,19237.239917
89.697876,94,19238.420122
88.759662,121,19239.95263
86.327024,121,19241.479794
89.214205,121,19243.044281
86.494764,103,19244.340176
88.956607,100,19245.651083
89.988485,89,19246.765674
89.529,91,19247.780857
88.768058,144,19249.591348
89.844769,96,19250.806678
82.39362,91,19251.974598
83.099848,126,19253.612215
83.175963,100,19254.91732
88.694176,145,19256.701798
89.24352,99,19288.108273
86.601642,110,19289.518572
89.896901,99,19290.789506
86.260384,109,19292.198346
88.724027,132,19293.915674
88.980698,119,19295.413575
86.422962,106,19296.743395
89.584324,103,19298.076705
82.542242,96,19299.323322
84.966985,110,19300.694398
88.708601,128,19302.277346
83.120551,120,19303.785443
83.502796,103,19305.119024
-2.122853,24,19305.43361
86.103637,110,19306.811687
89.160913,118,19308.287973
88.896731,122,19309.798368
86.183558,116,19311.212492
88.701981,133,19312.817142
89.297127,136,19343.686662
88.92787,110,19345.102469
89.570517,100,19346.40248
89.350496,118,19347.970225
89.067703,133,19349.66226
86.347607,94,19350.818987
85.557074,107,19352.130158
89.882123,95,19353.332514
89.05289,120,19354.802259
89.11739,136,19356.516121
86.053129,112,19357.933293
89.011016,138,19359.631656
89.396125,96,19360.882908
86.768988,114,19362.344126
88.626338,142,19364.19176
89.406022,92,19365.4342
89.287468,126,19367.088767
86.380987,117,19368.618293
85.93549,120,19399.979274
88.943903,103,19401.302442
89.035139,133,19402.943892
39.879857,55,19403.633051
86.590193,123,19405.174961
89.431674,98,19406.413073
86.07809,122,19407.925217
86.730393,125,19409.471355
89.166245,101,19410.73915
85.736767,103,19412.040473
83.753504,122,19413.556342
82.897634,116,19415.043454
83.401122,114,19416.509337
82.871351,109,19417.86557
89.151823,90,19418.993585
89.107536,132,19420.665737
89.223116,110,19422.028512
89.497589,110,19423.40423
86.103298,138,19457.815009
88.885322,128,19459.43741
89.369042,114,19460.862929
84.806718,130,19462.464746
86.155073,130,19464.054556
89.311837,104,19465.355941
89.094335,115,19466.856989
86.39891,116,19468.329601
89.25513,118,19469.913063
89.134794,91,19471.049689
89.028596,116,19472.465777
88.972384,113,19473.851448
86.049733,106,19475.163504
86.209677,118,19476.642406
86.119302,104,19477.909559
86.691577,137,19479.578783
89.400077,119,19481.038882
89.086082,118,19482.520282
81.897162,88,19513.032225
85.79263,128,19514.623041
-7.994089,4,19514.69711
38.47368,59,19515.444773
89.648395,92,19516.498098
86.528616,128,19518.100986
89.586368,97,19519.296438
88.820625,140,19521.076363
89.296028,130,19522.680568
85.824418,109,19524.153988
88.810817,146,19526.005585
89.393074,101,19527.312816
88.747773,121,19528.909145
89.55757,102,19530.207158
82.44873,125,19531.814996
89.33857,123,19533.337279
48.268601,73,19534.261659
88.794857,123,19535.794746
89.807304,90,19536.868223
86.074954,120,19567.620554
89.371072,115,19569.073215
89.15635,130,19570.679064
89.234221,113,19572.076007
86.278395,123,19573.633902
89.211607,118,19575.109856
88.8248,109,19576.446757
89.095566,121,19577.938417
88.86027,127,19579.51106
89.215639,104,19580.82595
88.786461,130,19582.489647
89.508169,91,19583.597358
89.051803,120,19585.114678
88.813126,128,19586.769492
86.745251,122,19588.438389
89.061285,146,19590.226947
89.869519,89,19591.253516
86.062112,102,19592.566989
86.071824,95,19623.371544
86.454238,101,19624.639558
85.332066,106,19626.006714
86.340413,102,19627.318157
90.044795,89,19628.406977
86.315942,107,19629.716164
88.780171,126,19631.267512
85.685504,107,19632.591034
89.36029,106,19633.905146
89.154816,118,19635.354962
86.801071,119,19636.831873
82.747209,115,19638.292634
83.217139,124,19639.962076
89.982702,89,19641.036972
86.192188,118,19642.594151
86.159914,119,19644.09259
82.75264,109,19645.466395
88.720934,127,19647.044772
88.84854,124,19682.181658
89.084792,100,19683.445145
89.919884,93,19684.647015
88.924134,131,19686.33689
89.876545,90,19687.482527
89.140491,108,19688.876207
83.587045,106,19690.248075
89.238584,119,19691.74981
89.377348,114,19693.181619
82.349906,129,19694.769841
86.447055,123,19696.27101
86.709578,100,19697.553388
89.028859,121,19699.03754
90.123596,89,19700.085507
85.928005,98,19701.303574
83.278843,128,19702.897227
85.786907,134,19704.549268
89.105803,140,19706.294766
88.989712,131,19737.782402
87.626601,95,19739.011252
86.487519,114,19740.425516
82.760908,110,19741.777892
88.877946,122,19743.273308
89.607025,89,19744.348118
88.935142,111,19745.722203
89.23455,105,19746.993334
86.170219,119,19748.462171
85.820417,108,19749.807017
88.901853,106,19751.107921
89.781054,90,19752.127525
86.261805,99,19753.341223
88.836321,126,19754.895248
85.93502,125,19756.45405
88.782511,119,19757.951422
89.199379,130,19759.554732
86.154332,93,19760.803507
89.549421,100,19762.042693
89.583579,111,19793.265495
89.637063,92,19794.30464
86.804556,102,19795.575327
86.381881,128,19797.180788
85.860571,92,19798.328074
86.114039,126,19799.903631
89.774971,95,19801.078368
86.225167,97,19802.266682
88.855898,121,19803.918448
89.193505,116,19805.37026
88.77847,120,19806.945986
89.878204,95,19808.11564
86.126441,103,19809.382946
88.789148,142,19811.133202
82.566443,105,19812.503579
82.429467,111,19813.936979
89.213616,114,19815.426297
89.435339,99,19816.738162
90.123596,89,19817.773545
-7.96,3,19817.846173
82.89764,107,19848.657831
89.788653,89,19849.735199
86.395956,130,19851.364768
89.242296,102,19852.619455
-7.36,6,19852.725575
86.249498,116,19854.170387
89.28583,102,19855.422123
89.034791,112,19856.789179
86.759961,111,19858.233476
43.783139,77,19859.196177
85.707771,126,19860.745152
85.768782,116,19862.163529
87.00292,106,19863.450873
86.372781,105,19864.728284
83.080958,116,19866.166267
83.15113,101,19867.384448
-7.4,5,19867.478182
89.159667,124,19869.015665
86.137698,117,19870.460024
89.233999,105,19871.762053
89.154269,113,19873.149651
86.201297,99,19903.640141
86.176457,123,19905.198348
88.988694,134,19906.935229
85.792258,114,19908.390304
85.81813,102,19909.657017
88.874868,142,19911.391762
88.987738,111,19912.808822
88.880169,108,19914.18923
82.809142,94,19915.384413
88.724787,137,19917.061181
89.293073,101,19918.355621
86.491372,119,19919.893905
86.065198,108,19921.306693
89.951371,89,19922.34701
88.781429,142,19924.172783
88.703982,125,19925.80835
89.280619,132,19927.436599
89.040481,98,19958.431341
89.147158,92,19959.596382
89.507363,93,19960.782066
90.123596,89,19961.819355
89.812913,95,19962.931522
89.380599,115,19964.346923
85.539787,102,19965.644567
86.004254,117,19967.18741
85.873166,102,19968.502676
85.935513,99,19969.818179
85.97072,100,19971.139226
86.333582,120,19972.658393
89.36779,108,19974.034366
89.058066,114,19975.45353
90.0027,91,19976.587625
89.227717,134,19978.266819
88.843026,143,19980.016237
85.681348,121,19981.522251
18.188551,39,19982.012465
89.453189,115,19983.428315
89.221017,130,20014.949333
89.283062,121,20016.521519
86.257609,119,20018.048219
89.261818,95,20019.279558
88.802456,144,20021.122379
89.804783,96,20022.333863
88.96655,126,20023.90114
89.150136,128,20025.507491
89.132296,95,20026.753125
86.012985,119,20028.3387
88.965475,121,20029.953055
82.56491,103,20031.388671
88.940407,121,20033.006318
90.123596,89,20034.147458
89.38577,118,20035.74381
86.489183,125,20037.355207
88.923414,125,20038.926671
82.237093,98,20040.175601
85.815172,93,20071.453879
82.283773,86,20072.592676
83.672954,109,20073.974269
86.322995,129,20075.596589
88.892782,143,20077.342898
89.158388,129,20078.962164
86.270729,116,20080.389732
88.798854,147,20082.206738
89.353956,99,20083.439539
86.239902,107,20084.76912
85.614796,128,20086.419372
88.71419,131,20088.067573
69.608623,95,20089.239515
89.247011,93,20090.416655
89.663914,104,20091.746053
89.620404,104,20093.029659
86.807306,107,20094.335736
25.231548,41,20094.839578
82.688094,114,20096.239572
88.873872,137,20127.698355
89.128433,111,20129.066828
86.389271,110,20130.422892
83.217707,97,20131.639227
89.119829,108,20132.942901
83.527776,131,20134.553993
85.682822,101,20135.794593
89.129007,91,20136.863053
89.428536,96,20138.058889
88.861734,112,20139.431174
89.294429,91,20140.551269
83.000017,96,20141.74018
86.424397,108,20143.061264
88.903719,135,20144.707516
89.140506,108,20146.051543
83.23939,118,20147.591191
89.142521,96,20148.798862
86.40775,112,20150.215153
89.030553,114,20181.411637
86.292719,108,20182.752289
89.008345,108,20184.077245
85.812725,98,20185.31457
89.5423,108,20186.76787
89.619033,105,20188.121886
82.634218,123,20189.691998
89.074828,133,20191.403749
88.686549,142,20193.147386
86.413789,130,20194.810355
89.056441,103,20196.176829
89.479288,101,20197.522286
23.558567,40,20198.121076
88.757317,123,20199.647865
-7.36,6,20199.757677
85.754793,93,20200.933526
85.927558,123,20202.469885
89.64535,112,20203.913078
88.791893,137,20205.616762
85.404033,96,20206.830269
89.222726,98,20238.209634
86.306553,131,20239.881967
89.142261,133,20241.575372
89.231585,115,20242.971188
89.089245,117,20244.430194
85.644477,90,20245.555454
88.718293,140,20247.309688
86.534881,107,20248.646706
85.542234,107,20249.973428
89.166416,101,20251.268017
89.325487,108,20252.631905
88.990616,136,20254.260353
83.405876,127,20255.855408
89.278914,109,20257.18669
89.107992,113,20258.663432
86.057581,114,20260.117081
88.842917,128,20261.725755
85.60482,127,20293.077677
89.10138,107,20294.390134
86.295491,127,20295.952003
89.618168,100,20297.187235
86.529222,104,20298.470251
89.179792,102,20299.714679
85.600796,91,20300.883517
89.17245,93,20302.078286
89.145526,132,20303.753663
89.671357,105,20305.110153
88.787977,132,20306.827413
83.597966,104,20308.168835
86.442605,103,20309.476198
89.239927,110,20310.820079
85.964224,121,20312.34863
89.860981,90,20313.421372
86.21216,106,20314.726619
82.846955,108,20316.095066
85.888202,111,20317.473166
82.294362,97,20348.355207
86.226767,113,20349.741064
85.564621,91,20350.84495
88.946677,120,20352.292614
89.272781,90,20353.344435
83.206769,119,20354.811812
89.276751,122,20356.295262
82.186889,96,20357.521919
86.442124,103,20358.800056
82.259797,139,20360.528675
85.908452,104,20361.876281
89.07804,105,20363.200258
86.135871,102,20364.461558
89.625139,105,20365.763373
83.502906,111,20367.124853
-7.36,7,20367.245276
85.728164,127,20368.910527
89.493815,106,20370.274125
85.798915,107,20371.689814
83.280187,120,20373.230084
85.981103,108,20404.807597
81.950871,104,20406.153656
89.171814,142,20408.068093
89.329312,124,20409.664193
86.629427,110,20411.061456
88.934737,100,20412.30567
89.097981,137,20413.994557
89.133145,89,20415.080215
87.341561,101,20416.315555
89.028967,103,20417.55816
89.306266,109,20418.882629
86.383282,110,20420.247552
89.004723,141,20421.963631
89.085191,124,20423.483438
86.649899,115,20424.887884
86.565653,111,20426.297282
89.135011,121,20427.793551
85.612985,94,20428.976249
90.123596,89,20459.779907
85.795415,96,20460.986837
86.200053,98,20462.208471
86.606318,108,20463.536207
86.044744,121,20465.041609
85.754086,121,20466.526722
82.822793,121,20468.023624
86.545255,100,20469.260318
86.276046,114,20470.665398
86.07788,132,20472.308148
89.206364,93,20473.357568
89.467151,117,20474.774495
87.574409,100,20475.990216
89.363126,123,20477.523674
89.589784,110,20478.944601
86.955438,98,20480.204951
86.52705,132,20481.919315
86.053631,131,20483.592774
70.224146,96,20484.810057
88.938045,133,20515.581455
85.100365,105,20516.894497
85.88278,103,20518.164314
85.70711,95,20519.345303
89.023335,124,20520.884395
89.686562,102,20522.127411
82.591388,119,20523.5783
83.264771,109,20524.928421
86.775461,116,20526.38591
89.175662,97,20527.586213
47.791363,71,20528.475472
82.475323,105,20529.79022
89.812315,89,20530.817832
88.863745,121,20532.294823
89.174711,130,20533.879689
90.123596,89,20534.876481
85.308055,91,20536.0202
82.557416,100,20537.25578
85.784277,128,20538.808502
89.395022,106,20569.527665
85.728011,105,20570.959676
90.123596,89,20572.005821
89.786676,98,20573.279609
88.969936,98,20574.511792
88.939673,107,20575.828105
84.710235,129,20577.403943
88.971725,134,20579.053993
83.737746,122,20580.546548
86.145179,115,20581.968918
88.876272,140,20583.671237
89.821021,90,20584.761888
82.453987,119,20586.426199
88.715289,139,20588.271578
87.525156,100,20589.658784
88.786967,132,20591.40902
89.072204,114,20592.812759
86.473081,100,20594.103575
85.928168,126,20625.774052
89.302468,120,20627.252304
89.334105,101,20628.493903
89.185919,130,20630.141516
89.169007,91,20631.238549
82.237993,106,20632.720878
89.060549,126,20634.328581
86.101789,111,20635.912254
89.570032,102,20637.266563
88.960335,125,20638.841257
85.6029,136,20640.64002
89.144125,110,20642.087535
89.359262,121,20643.620315
89.496875,120,20645.209923
85.390884,130,20646.875901
84.890106,122,20648.380501
89.09117,91,20649.487859
89.411619,101,20650.731747
88.80488,118,20681.562911
85.85298,117,20683.028494
89.426917,120,20684.502968
-9.16,1,20684.549708
88.853595,126,20686.112415
85.987737,126,20687.646755
86.169547,118,20689.104407
89.520294,109,20690.437723
88.933595,110,20691.849802
89.199351,110,20693.18706
89.004189,127,20694.755173
85.761161,118,20696.238595
89.313989,124,20697.881189
89.135291,126,20699.548225
88.902984,134,20701.27853
89.36086,102,20702.584567
89.651633,96,20703.80623
85.372877,87,20704.947705
86.193785,111,20735.869651
88.944905,135,20737.569743
89.25876,107,20738.92929
88.818383,128,20740.51737
90.123596,89,20741.510728
89.051566,136,20743.205204
85.823029,129,20744.82125
88.886743,133,20746.435131
89.05196,95,20747.57725
89.099515,138,20749.240261
89.186754,133,20750.852602
85.998042,124,20752.386872
89.027386,110,20753.721769
89.795771,95,20754.932498
89.544097,97,20756.183645
88.80101,117,20757.631534
89.042275,100,20758.917783
89.079342,105,20760.354233
88.797175,126,20792.286106
86.256601,132,20793.877552
82.889895,114,20795.313804
89.878598,98,20796.57936
88.555628,148,20798.452428
86.449172,112,20799.886226
90.123596,89,20800.957479
56.792534,72,20801.87677
88.897656,122,20803.469328
89.125262,116,20804.919054
89.303217,118,20806.457879
89.524005,90,20807.600975
88.382767,102,20808.910185
89.405648,90,20809.999938
88.860452,131,20811.734185
89.489199,114,20813.17592
81.978833,98,20814.516998
88.931428,103,20815.844566
88.588568,143,20847.80086
89.78359,94,20848.942904
88.974966,123,20850.489695
86.495346,125,20852.050686
85.504603,91,20853.231356
89.322234,116,20854.655659
86.482,113,20856.059564
88.748263,122,20857.547108
89.538057,91,20858.676514
89.187959,103,20859.939938
89.561231,113,20861.321947
89.164207,92,20862.456809
89.645739,104,20863.735954
85.745901,101,20864.993145
82.663665,106,20866.322555
89.003301,133,20867.97161
89.855602,90,20868.978941
85.987891,87,20869.983061
88.881672,129,20871.557806
86.389532,123,20903.709669
86.179713,118,20905.198734
82.65756,128,20906.825637
85.751235,128,20908.400683
85.771081,131,20910.066601
86.211801,104,20911.346558
87.474136,111,20912.701183
85.923649,136,20914.3799
86.412936,108,20915.726412
85.695311,132,20917.369177
90.123596,89,20918.425438
86.025645,108,20919.718314
89.021604,114,20921.105812
88.789024,142,20922.807464
-7.96,3,20922.87497
85.353551,88,20923.867664
86.225059,123,20925.425028
88.9279,114,20926.865047
89.130543,93,20928.017343
83.014749,107,20959.241612
86.220061,121,20960.70789
89.017273,94,20961.851487
89.213601,115,20963.299259
82.870145,106,20964.616668
86.007453,126,20966.258235
88.765954,119,20967.713876
83.808719,126,20969.259791
89.148044,99,20970.496975
89.09272,125,20972.090445
86.410565,108,20973.558241
86.218155,124,20975.099778
85.938955,125,20976.706078
85.752771,95,20977.907626
82.796812,105,20979.25502
81.239413,115,20980.834325
89.73999,101,20982.195619
88.742062,130,20983.939527
89.619442,92,21016.203895
89.021453,135,21017.949179
89.321105,107,21019.328358
0.763141,16,21019.550056
86.706057,120,21021.209532
89.557557,103,21022.551684
89.592776,98,21023.825999
89.503278,98,21025.146309
88.721044,120,21026.712547
88.758837,142,21028.54758
86.348556,115,21030.086917
89.503099,102,21031.372967
85.515763,86,21032.366488
89.108063,118,21033.864228
-7.6,4,21033.949977
88.685689,132,21035.583566
88.893311,145,21037.367054
89.075752,110,21038.706538
86.201718,111,21040.103214
89.55116,104,21041.386928
86.585687,109,21073.099859
90.123596,89,21074.098384
89.118695,93,21075.223136
89.345338,99,21076.446364
86.798804,116,21077.866165
89.364608,101,21079.115977
86.092123,94,21080.324035
86.006369,117,21081.83553
85.335512,131,21083.475378
90.0881,89,21084.536391
89.059093,113,21086.047797
89.574404,102,21087.299678
88.788004,128,21088.85971
85.832315,122,21090.486221
88.750886,128,21092.12537
86.408308,99,21093.468937
89.619791,111,21094.945524
89.504998,94,21096.141746
86.125169,118,21097.704013
86.351213,110,21130.171633
88.93698,131,21131.948097
82.796012,115,21133.412775
89.404171,103,21134.66632
89.505514,98,21135.87522
89.31646,130,21137.489168
89.314382,123,21139.126903
89.136606,136,21140.852148
89.64099,94,21142.020228
89.414434,113,21143.420328
85.708799,124,21145.056734
-9.16,1,21145.101743
90.123102,89,21146.101377
89.661706,98,21147.40563
86.76318,129,21149.137975
85.944293,130,21150.812665
86.248342,106,21152.191346
89.440977,105,21153.604901
89.504743,120,21155.204762
86.255141,106,21186.418084
86.511979,122,21187.933133
89.20404,107,21189.29885
86.228707,108,21190.662765
82.475526,104,21192.035961
89.557597,113,21193.437673
89.235131,103,21194.778748
85.742795,92,21196.024641
85.575478,88,21197.165432
86.033381,118,21198.660159
86.123732,97,21199.861865
86.803978,112,21201.293822
89.9653,92,21202.451563
88.912204,123,21204.015024
86.118004,105,21205.389494
89.408894,123,21206.945936
70.394326,113,21208.326212
89.287986,106,21209.634636
86.160294,128,21211.216204
89.164055,142,21242.213703
89.927551,89,21243.307869
85.638137,98,21244.522259
86.405245,93,21245.691567
89.770397,93,21246.829838
86.127167,125,21248.441577
89.879867,92,21249.562122
89.558461,111,21250.926331
85.408103,88,21252.009267
88.706291,131,21253.599801
82.283724,113,21254.980535
89.15808,114,21256.411349
89.048931,98,21257.621824
86.157081,88,21258.705053
89.358071,118,21260.178912
89.123596,89,21261.281744
86.15394,100,21262.529913
89.691309,108,21263.930366
90.020875,89,21265.050707
89.387959,129,21296.111334
89.013211,102,21297.363513
86.333305,116,21298.779897
87.5183,90,21299.946192
89.123883,117,21301.44387
85.879049,112,21302.842448
87.817516,100,21304.069263
89.412918,108,21305.416318
89.511208,108,21306.748244
86.421603,108,21308.087312
89.195632,96,21309.290106
90.123596,89,21310.315537
89.332605,90,21311.421251
86.236396,112,21312.812901
86.04724,89,21313.902093
85.521493,102,21315.143417
87.527424,140,21316.874667
89.806897,89,21317.959377
89.615921,97,21319.176424
88.708939,142,21321.003974
86.413978,103,21352.641864
85.73714,123,21354.227168
89.223014,117,21355.682284
88.620836,141,21357.481071
89.40262,103,21358.74008
85.971969,127,21360.353006
89.06965,134,21362.006429
85.771376,96,21363.191395
86.087969,115,21364.638483
89.036213,138,21366.450691
86.750129,105,21367.89201
89.126361,114,21369.439887
-7.96,3,21369.510671
89.054019,113,21371.062226
89.66589,93,21372.243716
88.950459,99,21373.537593
88.768939,127,21375.183743
88.783163,133,21376.823853
89.173332,137,21409.1232
88.874777,129,21410.741441
89.088887,105,21412.060865
89.143104,119,21413.539626
88.846092,134,21415.214202
86.465633,112,21416.640426
89.202612,124,21418.18478
89.329928,106,21419.525182
86.131361,122,21421.105222
89.052711,104,21422.476963
85.487184,92,21423.63472
89.540475,108,21425.012618
90.123596,89,21426.051599
89.236517,101,21427.321481
89.343542,90,21428.42272
89.267353,117,21429.863331
89.626938,99,21431.108979
89.044744,97,21432.347175
86.311036,115,21433.769922
88.844591,128,21465.338802
89.901792,90,21466.469905
85.861101,123,21468.050346
88.855697,129,21469.680337
89.681395,89,21470.722574
89.295817,131,21472.328984
86.005026,105,21473.625918
89.006557,129,21475.240644
86.417217,121,21476.731885
89.564426,92,21477.802874
89.373688,130,21479.366336
89.594894,92,21480.51288
-7.6,4,21480.593089
89.280725,125,21482.22242
89.319713,118,21483.717497
89.132266,143,21485.607147
86.483263,109,21487.009326
85.79471,109,21488.395545
89.376598,93,21489.593449
88.812695,122,21521.285276
88.969126,103,21522.572662
89.341513,97,21523.797678
88.760874,121,21525.284516
89.975611,89,21526.336051
84.115253,110,21527.764812
89.252591,116,21529.238573
86.254487,103,21530.524538
89.563294,113,21531.936221
89.321816,128,21533.509746
20.587399,48,21534.125511
88.731158,132,21535.76399
89.016541,108,21537.107895
89.089457,119,21538.585541
89.362914,108,21539.904352
89.087976,135,21541.542134
89.007166,125,21543.083014
88.979362,148,21544.851812
88.858848,120,21575.472708
82.855314,128,21577.039753
89.29868,113,21578.442975
89.471451,116,21579.939951
89.05431,141,21581.6827
89.11644,114,21583.067545
89.158867,109,21584.386003
89.241897,105,21585.661858
89.630664,94,21586.817382
54.216933,69,21587.653348
85.179952,133,21589.281379
88.97784,123,21590.79234
89.265696,123,21592.314289
89.876705,95,21593.470623
89.101847,127,21595.000485
86.398124,100,21596.231591
89.87133,92,21597.367714
85.989052,133,21598.990081
85.277383,93,21629.531381
86.488342,104,21630.785553
85.742819,111,21632.149455
89.691079,93,21633.272165
88.949414,138,21634.932049
89.298313,94,21636.123605
89.345363,105,21637.443626
89.058067,110,21638.805364
86.406683,100,21640.035793
88.810163,113,21641.467181
89.497214,95,21642.607833
82.872073,128,21644.166105
88.711508,129,21645.717698
86.431317,114,21647.140038
88.907918,110,21648.517753
89.259603,131,21650.178224
82.464491,111,21651.596837
84.812637,139,21653.365285
86.335625,94,21684.669541
85.95065,108,21686.019831
87.499957,103,21687.291167
88.980714,123,21688.801312
89.250182,113,21690.175826
86.169989,110,21691.558403
86.313925,123,21693.106333
89.889119,95,21694.339428
89.054915,141,21696.100168
88.782166,145,21697.89733
86.215147,111,21699.253922
-7.6,4,21699.334618
86.049765,127,21700.928415
89.243064,123,21702.482459
89.081635,123,21703.978096
89.302596,137,21705.750108
89.198642,127,21707.471249
89.101563,132,21709.262487
85.302704,100,21742.698715
89.66994,98,21744.034079
89.19896,95,21745.237246
89.023398,124,21746.793292
88.810953,130,21748.376456
86.403738,105,21749.670278
89.5643,107,21750.992982
89.247552,127,21752.537647
88.984169,114,21753.942406
88.965775,138,21755.640591
88.748025,118,21757.104661
88.758224,131,21758.695566
86.379585,107,21759.987358
89.23733,115,21761.429639
89.081344,102,21762.787605
89.65287,103,21764.107899
-8.48,2,21764.169413
89.702925,98,21765.452812
89.177724,127,21767.11202
86.30186,115,21798.229469
89.221669,101,21799.46208
90.10817,89,21800.511237
89.649442,106,21801.875675
89.117691,130,21803.50938
90.123596,89,21804.613327
88.87355,125,21806.189545
89.152299,110,21807.534387
86.12603,123,21809.031583
89.190643,124,21810.530753
86.207695,127,21812.078581
89.550956,96,21813.251838
89.231769,99,21814.479815
89.093423,132,21816.232951
86.049648,103,21817.544116
89.226606,133,21819.212757
88.951534,139,21820.97778
88.829689,118,21822.421312
86.521728,117,21853.976101
89.088248,117,21855.450757
86.377673,106,21856.771273
86.164338,115,21858.220041
89.663656,101,21859.533171
86.355915,127,21861.203176
86.838447,112,21862.632471
89.130861,134,21864.275681
86.95915,113,21865.667249
86.259106,115,21867.087631
85.442014,93,21868.266734
85.436565,130,21869.917267
89.043546,113,21871.31936
86.422373,121,21872.839779
89.193602,132,21874.51425
86.167597,114,21876.026864
89.371946,92,21877.195187
87.033276,112,21878.588235
89.195181,107,21911.606932
89.34382,121,21913.075778
89.337279,103,21914.369777
89.412859,89,21915.40922
88.866629,116,21916.865602
85.98382,118,21918.328153
86.519777,104,21919.656803
88.774015,135,21921.396393
89.285814,118,21922.871313
89.017952,122,21924.423322
88.995606,128,21926.032326
88.798443,122,21927.536095
86.110611,124,21929.032888
89.311891,89,21930.03515
86.2709,126,21931.592103
84.884464,120,21933.075154
86.198196,124,21934.588187
89.339039,101,21935.832058
89.043736,120,21966.772458
87.214801,100,21968.032125
89.041507,124,21969.620852
85.522178,112,21971.038913
89.34757,96,21972.247759
89.850605,90,21973.350837
85.612686,128,21974.9078
86.00785,91,21975.96578
88.93823,109,21977.396785
89.84193,89,21978.466724
89.34621,117,21979.917692
88.859276,111,21981.322904
89.315721,92,21982.481303
89.430755,102,21983.756623
89.325787,90,21984.852745
89.269111,99,21986.118304
85.841635,101,21987.438309
89.277233,111,21988.81492
89.337369,132,21990.565776
89.367858,97,22021.275188
88.743024,129,22022.862927
89.653567,103,22024.171965
89.065752,113,22025.643638
89.888667,89,22026.83083
82.248218,119,22028.478776
88.928704,115,22030.067083
89.339629,91,22031.284343
89.816596,91,22032.552429
89.030549,143,22034.44238
89.138026,91,22035.612309
89.334779,117,22037.089198
89.643279,94,22038.288644
86.469778,128,22039.901264
89.218343,96,22041.262084
89.266316,129,22043.083144
86.138109,135,22045.056502
88.964355,100,22046.434601
86.313275,120,22048.013133
89.191946,125,22080.632268
89.151524,94,22081.800679
54.740487,103,22083.052296
86.010525,98,22084.263962
89.095777,103,22085.585123
89.158471,127,22087.16624
89.25159,115,22088.59141
85.173891,102,22089.891317
89.001207,138,22091.659787
89.143703,122,22093.205508
89.26793,121,22094.772137
88.970844,114,22096.253522
89.440006,105,22097.619881
89.131618,96,22098.801376
86.431144,111,22100.173919
85.933658,119,22101.634121
89.239881,128,22103.20085
88.985591,98,22104.440182
89.21892,114,22136.22005
86.750527,119,22137.658325
88.815189,121,22139.211757
88.756094,128,22140.768241
88.74997,124,22142.325114
88.767803,124,22143.849283
88.779073,136,22145.531361
88.930417,134,22147.179042
89.142084,92,22148.3344
89.417567,103,22149.591048
86.677602,135,22151.243093
88.970709,137,22152.918584
85.723098,110,22154.313552
89.6723,99,22155.560207
86.222146,122,22157.140303
86.186358,129,22158.705169
89.842331,96,22159.896447
85.987668,124,22190.838774
89.188284,100,22192.091353
89.198629,107,22193.399047
89.037778,110,22194.758703
89.71015,95,22195.928183
89.335222,94,22197.096552
89.672902,97,22198.315658
88.930966,121,22199.785511
89.068574,125,22201.305885
88.945534,121,22202.789402
89.035126,139,22204.513452
88.982503,114,22205.957368
88.776687,144,22207.753741
89.358655,119,22209.226933
89.028239,139,22210.979911
88.779234,134,22212.606468
89.338057,129,22214.173639
88.956842,115,22215.66388
88.978126,129,22246.242416
89.068959,121,22247.701504
89.432672,95,22248.874669
85.941295,133,22250.504785
89.151263,122,22252.054646
89.214755,142,22253.835358
86.514556,104,22255.140859
88.905057,111,22256.531566
88.771418,124,22258.030364
86.27618,124,22259.52293
89.882115,90,22260.622997
89.036831,101,22261.852424
88.922436,123,22263.339588
88.70473,125,22264.956983
89.378933,96,22266.197826
85.998425,117,22267.781167
89.414896,95,22268.997459
89.544386,99,22270.270383
88.860689,111,22301.181301
46.244532,100,22302.404922
89.183906,107,22303.719577
89.619099,105,22304.989308
86.20237,129,22306.59315
86.216298,107,22307.936503
89.317787,119,22309.442018
89.341764,98,22310.698511
86.481633,127,22312.277622
89.07057,128,22313.861743
85.820098,113,22315.223496
-7.4,5,22315.31713
90.07243,89,22316.415777
89.245069,117,22317.831384
89.329475,112,22319.193046
90.123596,89,22320.203554
89.237235,130,22321.829829
89.074653,115,22323.281574
58.929906,79,22324.302496
83.537423,97,22355.203694
88.947258,130,22356.83073
88.682321,141,22358.547162
82.918225,105,22359.850465
85.857074,111,22361.215065
86.364946,96,22362.425457
89.267585,115,22363.858758
89.041646,134,22365.507629
82.562167,102,22366.805059
89.229199,104,22368.092392
86.798993,104,22369.381086
86.598408,106,22370.683542
89.472457,93,22371.841572
89.722319,89,22372.915689
89.711215,96,22374.179922
89.231923,129,22375.761345
88.909317,119,22377.22528
86.229281,128,22378.778103
89.377298,110,22380.116239
88.662156,135,22411.607864
89.221733,105,22412.971626
88.869639,135,22414.657331
86.141171,126,22416.18883
82.880136,118,22417.637718
84.185276,116,22419.084033
83.339102,115,22420.510353
89.724225,97,22421.707941
83.148172,134,22423.357885
85.963429,101,22424.59948
88.916883,118,22426.123276
89.559821,117,22427.603324
85.88643,135,22429.345899
89.091483,114,22430.753077
89.166642,115,22432.168225
89.87121,91,22433.285176
89.590395,102,22434.536381
89.891424,96,22465.652906
85.920039,115,22467.048946
88.811239,132,22468.645029
88.878957,107,22470.007656
89.620721,96,22471.186733
89.536114,97,22472.376235
88.947535,125,22473.910308
86.135746,105,22475.200458
89.724362,90,22476.377713
89.14857,104,22477.655922
82.569,106,22478.962301
88.971485,115,22480.363779
89.320389,111,22481.74808
89.231557,117,22483.222035
88.741156,121,22484.861389
85.724971,87,22485.965497
86.19614,109,22487.390225
89.198009,105,22488.804551
88.615365,139,22490.636517
85.898452,98,22522.194356
88.881894,124,22523.750491
85.900027,106,22525.085199
89.050507,105,22526.463995
89.305962,114,22527.848909
89.272299,106,22529.18775
89.063278,137,22530.860626
82.982503,107,22532.252333
89.192365,89,22533.371198
-8.0,3,22533.430376
86.32994,122,22534.968547
89.553271,97,22536.243945
89.598479,94,22537.433223
86.284391,112,22538.842999
89.008785,99,22540.047498
82.747088,109,22541.381971
89.571411,111,22542.72774
89.170478,137,22544.376824
89.957939,89,22545.411092
86.447917,119,22546.886234
89.014731,133,22578.27035
