timestep,episode,collision,near_collision,outside_road,reached_exit,max_steps
1,0,0,0,1,0,0
17,1,0,0,1,0,0
34,2,0,0,1,0,0
63,3,0,0,1,0,0
81,4,0,0,1,0,0
102,5,0,0,1,0,0
162,6,0,0,1,0,0
168,7,0,0,1,0,0
172,8,0,0,1,0,0
174,9,0,0,1,0,0
191,10,0,0,1,0,0
200,11,1,0,0,0,0
217,12,0,0,1,0,0
219,13,0,0,1,0,0
220,14,0,0,1,0,0
226,15,0,0,1,0,0
238,16,0,0,1,0,0
241,17,0,0,1,0,0
245,18,0,0,1,0,0
249,19,0,0,1,0,0
261,20,0,0,1,0,0
263,21,0,0,1,0,0
275,22,0,0,1,0,0
278,23,0,0,1,0,0
297,24,0,0,1,0,0
300,25,0,0,1,0,0
313,26,0,0,1,0,0
314,27,0,0,1,0,0
319,28,0,0,1,0,0
337,29,0,0,1,0,0
338,30,0,0,1,0,0
346,31,0,0,1,0,0
353,32,0,0,1,0,0
355,33,0,0,1,0,0
362,34,0,0,1,0,0
363,35,0,0,1,0,0
369,36,0,0,1,0,0
382,37,0,0,1,0,0
386,38,0,0,1,0,0
397,39,0,0,1,0,0
421,40,0,0,1,0,0
428,41,0,0,1,0,0
451,42,0,0,1,0,0
452,43,0,0,1,0,0
459,44,0,0,1,0,0
466,45,0,0,1,0,0
468,46,0,0,1,0,0
491,47,0,0,1,0,0
494,48,0,0,1,0,0
518,49,0,0,1,0,0
523,50,0,0,1,0,0
524,51,0,0,1,0,0
527,52,0,0,1,0,0
528,53,0,0,1,0,0
532,54,0,0,1,0,0
543,55,0,0,1,0,0
555,56,0,0,1,0,0
560,57,0,0,1,0,0
565,58,0,0,1,0,0
571,59,0,0,1,0,0
574,60,0,0,1,0,0
610,61,0,0,1,0,0
618,62,0,0,1,0,0
629,63,0,0,1,0,0
661,64,0,0,1,0,0
673,65,0,0,1,0,0
688,66,0,0,1,0,0
701,67,0,0,1,0,0
703,68,0,0,1,0,0
710,69,0,0,1,0,0
724,70,0,0,1,0,0
754,71,0,0,1,0,0
772,72,0,0,1,0,0
775,73,0,0,1,0,0
815,74,0,0,1,0,0
823,75,0,0,1,0,0
836,76,0,0,1,0,0
890,77,0,0,1,0,0
895,78,0,0,1,0,0
930,79,0,0,1,0,0
1015,80,0,0,0,1,0
1062,81,0,0,1,0,0
1070,82,0,0,1,0,0
1086,83,0,0,1,0,0
1094,84,0,0,1,0,0
1100,85,0,0,1,0,0
1114,86,0,0,1,0,0
1127,87,0,0,1,0,0
1142,88,0,0,1,0,0
1155,89,0,0,1,0,0
1165,90,0,0,1,0,0
1174,91,0,0,1,0,0
1187,92,0,0,1,0,0
1210,93,0,0,1,0,0
1213,94,0,0,1,0,0
1220,95,0,0,1,0,0
1241,96,0,0,1,0,0
1247,97,0,0,1,0,0
1255,98,0,0,1,0,0
1259,99,0,0,1,0,0
1265,100,0,0,1,0,0
1272,101,0,0,1,0,0
1277,102,0,0,1,0,0
1296,103,0,0,1,0,0
1331,104,0,0,1,0,0
1365,105,0,0,1,0,0
1379,106,0,0,1,0,0
1388,107,0,0,1,0,0
1394,108,0,0,1,0,0
1407,109,0,0,1,0,0
1410,110,0,0,1,0,0
1427,111,0,0,1,0,0
1432,112,0,0,1,0,0
1455,113,0,0,1,0,0
1463,114,0,0,1,0,0
1481,115,0,0,1,0,0
1483,116,0,0,1,0,0
1486,117,0,0,1,0,0
1491,118,0,0,1,0,0
1492,119,0,0,1,0,0
1497,120,0,0,1,0,0
1510,121,0,0,1,0,0
1512,122,0,0,1,0,0
1515,123,0,0,1,0,0
1544,124,0,0,1,0,0
1547,125,0,0,1,0,0
1569,126,0,0,1,0,0
1581,127,0,0,1,0,0
1594,128,0,0,1,0,0
1595,129,0,0,1,0,0
1596,130,0,0,1,0,0
1613,131,0,0,1,0,0
1636,132,0,0,1,0,0
1640,133,0,0,1,0,0
1680,134,0,0,1,0,0
1688,135,0,0,1,0,0
1699,136,0,0,1,0,0
1715,137,0,0,1,0,0
1726,138,0,0,1,0,0
1744,139,0,0,1,0,0
1752,140,0,0,1,0,0
1753,141,0,0,1,0,0
1764,142,0,0,1,0,0
1769,143,0,0,1,0,0
1770,144,0,0,1,0,0
1774,145,0,0,1,0,0
1785,146,0,0,1,0,0
1787,147,0,0,1,0,0
1819,148,0,0,1,0,0
1842,149,0,0,1,0,0
1848,150,0,0,1,0,0
1860,151,0,0,1,0,0
1865,152,0,0,1,0,0
1892,153,0,0,1,0,0
1894,154,0,0,1,0,0
1916,155,0,0,1,0,0
1969,156,0,0,1,0,0
1978,157,0,0,1,0,0
1989,158,0,0,1,0,0
2012,159,0,0,1,0,0
2024,160,0,0,1,0,0
2042,161,0,0,1,0,0
2055,162,0,0,1,0,0
2061,163,0,0,1,0,0
2062,164,0,0,1,0,0
2107,165,0,0,1,0,0
2120,166,0,0,1,0,0
2124,167,0,0,1,0,0
2133,168,0,0,1,0,0
2140,169,0,0,1,0,0
2152,170,0,0,1,0,0
2158,171,0,0,1,0,0
2175,172,0,0,1,0,0
2199,173,0,0,1,0,0
2203,174,0,0,1,0,0
2211,175,0,0,1,0,0
2225,176,0,0,1,0,0
2237,177,0,0,1,0,0
2250,178,0,0,1,0,0
2256,179,0,0,1,0,0
2275,180,0,0,1,0,0
2283,181,0,0,1,0,0
2315,182,0,0,1,0,0
2329,183,0,0,1,0,0
2355,184,0,0,1,0,0
2365,185,0,0,1,0,0
2379,186,0,0,1,0,0
2384,187,0,0,1,0,0
2399,188,0,0,1,0,0
2413,189,0,0,1,0,0
2415,190,0,0,1,0,0
2424,191,0,0,1,0,0
2425,192,0,0,1,0,0
2430,193,0,0,1,0,0
2450,194,0,0,1,0,0
2461,195,0,0,1,0,0
2466,196,0,0,1,0,0
2473,197,0,0,1,0,0
2493,198,0,0,1,0,0
2509,199,0,0,1,0,0
2521,200,0,0,1,0,0
2531,201,0,0,1,0,0
2569,202,0,0,1,0,0
2593,203,0,0,1,0,0
2595,204,0,0,1,0,0
2605,205,0,0,1,0,0
2608,206,0,0,1,0,0
2626,207,0,0,1,0,0
2632,208,0,0,1,0,0
2639,209,0,0,1,0,0
2708,210,0,0,1,0,0
2718,211,0,0,1,0,0
2724,212,0,0,1,0,0
2736,213,0,0,1,0,0
2766,214,0,0,1,0,0
2768,215,0,0,1,0,0
2774,216,0,0,1,0,0
2775,217,0,0,1,0,0
2790,218,0,0,1,0,0
2794,219,0,0,1,0,0
2801,220,0,0,1,0,0
2820,221,0,0,1,0,0
2826,222,0,0,1,0,0
2831,223,0,0,1,0,0
2839,224,0,0,1,0,0
2845,225,0,0,1,0,0
2851,226,0,0,1,0,0
2852,227,0,0,1,0,0
2853,228,0,0,1,0,0
2859,229,0,0,1,0,0
2899,230,0,0,1,0,0
2902,231,0,0,1,0,0
2915,232,0,0,1,0,0
2918,233,0,0,1,0,0
2963,234,0,0,1,0,0
2992,235,0,0,1,0,0
3022,236,0,0,1,0,0
3045,237,0,0,1,0,0
3054,238,0,0,1,0,0
3065,239,0,0,1,0,0
3072,240,0,0,1,0,0
3089,241,0,0,1,0,0
3096,242,0,0,1,0,0
3106,243,0,0,1,0,0
3107,244,0,0,1,0,0
3116,245,0,0,1,0,0
3134,246,0,0,1,0,0
3156,247,0,0,1,0,0
3184,248,0,0,1,0,0
3217,249,0,0,1,0,0
3221,250,0,0,1,0,0
3228,251,0,0,1,0,0
3257,252,0,0,1,0,0
3264,253,0,0,1,0,0
3269,254,0,0,1,0,0
3270,255,0,0,1,0,0
3275,256,0,0,1,0,0
3278,257,0,0,1,0,0
3284,258,0,0,1,0,0
3298,259,0,0,1,0,0
3329,260,0,0,1,0,0
3371,261,0,0,1,0,0
3403,262,0,0,1,0,0
3418,263,0,0,1,0,0
3448,264,0,0,1,0,0
3485,265,0,0,1,0,0
3496,266,0,0,1,0,0
3498,267,0,0,1,0,0
3520,268,0,0,1,0,0
3521,269,0,0,1,0,0
3528,270,0,0,1,0,0
3531,271,0,0,1,0,0
3546,272,0,0,1,0,0
3562,273,0,0,1,0,0
3563,274,0,0,1,0,0
3576,275,0,0,1,0,0
3579,276,0,0,1,0,0
3588,277,0,0,1,0,0
3591,278,0,0,1,0,0
3594,279,0,0,1,0,0
3608,280,0,0,1,0,0
3614,281,0,0,1,0,0
3621,282,0,0,1,0,0
3647,283,0,0,1,0,0
3649,284,1,0,0,0,0
3661,285,0,0,1,0,0
3702,286,0,0,1,0,0
3728,287,0,0,1,0,0
3744,288,0,0,1,0,0
3753,289,0,0,1,0,0
3786,290,0,0,1,0,0
3787,291,0,0,1,0,0
3817,292,0,0,1,0,0
3836,293,0,0,1,0,0
3837,294,0,0,1,0,0
3883,295,0,0,1,0,0
3887,296,0,0,1,0,0
3899,297,0,0,1,0,0
3900,298,0,0,1,0,0
3929,299,0,0,1,0,0
3941,300,0,0,1,0,0
3942,301,0,0,1,0,0
3945,302,0,0,1,0,0
3946,303,0,0,1,0,0
3955,304,0,0,1,0,0
3965,305,0,0,1,0,0
3985,306,0,0,1,0,0
4000,307,0,0,1,0,0
4019,308,0,0,1,0,0
4029,309,0,0,1,0,0
4032,310,0,0,1,0,0
4033,311,0,0,1,0,0
4058,312,0,0,1,0,0
4063,313,0,0,1,0,0
4071,314,0,0,1,0,0
4081,315,0,0,1,0,0
4122,316,0,0,1,0,0
4124,317,0,0,1,0,0
4131,318,0,0,1,0,0
4173,319,0,0,1,0,0
4227,320,0,0,1,0,0
4232,321,0,0,1,0,0
4241,322,0,0,1,0,0
4246,323,0,0,1,0,0
4248,324,0,0,1,0,0
4277,325,0,0,1,0,0
4289,326,0,0,1,0,0
4347,327,0,0,1,0,0
4373,328,0,0,1,0,0
4378,329,0,0,1,0,0
4396,330,0,0,1,0,0
4417,331,0,0,1,0,0
4428,332,0,0,1,0,0
4441,333,0,0,1,0,0
4446,334,0,0,1,0,0
4450,335,0,0,1,0,0
4466,336,0,0,1,0,0
4491,337,0,0,1,0,0
4508,338,0,0,1,0,0
4510,339,0,0,1,0,0
4515,340,0,0,1,0,0
4517,341,0,0,1,0,0
4518,342,0,0,1,0,0
4528,343,0,0,1,0,0
4538,344,0,0,1,0,0
4543,345,0,0,1,0,0
4567,346,0,0,1,0,0
4570,347,0,0,1,0,0
4575,348,0,0,1,0,0
4581,349,0,0,1,0,0
4583,350,0,0,1,0,0
4584,351,0,0,1,0,0
4604,352,0,0,1,0,0
4635,353,0,0,1,0,0
4638,354,0,0,1,0,0
4676,355,0,0,1,0,0
4677,356,0,0,1,0,0
4707,357,0,0,1,0,0
4757,358,0,0,1,0,0
4759,359,0,0,1,0,0
4769,360,0,0,1,0,0
4797,361,0,0,1,0,0
4807,362,0,0,1,0,0
4813,363,0,0,1,0,0
4830,364,0,0,1,0,0
4837,365,0,0,1,0,0
4869,366,0,0,1,0,0
4946,367,0,0,1,0,0
4950,368,0,0,1,0,0
4971,369,0,0,1,0,0
4994,370,0,0,1,0,0
5031,371,0,0,1,0,0
5035,372,0,0,1,0,0
5056,373,0,0,1,0,0
5070,374,0,0,1,0,0
5079,375,0,0,1,0,0
5089,376,0,0,1,0,0
5105,377,0,0,1,0,0
5120,378,0,0,1,0,0
5136,379,0,0,1,0,0
5138,380,0,0,1,0,0
5148,381,0,0,1,0,0
5179,382,0,0,1,0,0
5192,383,0,0,1,0,0
5260,384,0,0,1,0,0
5299,385,0,0,1,0,0
5333,386,0,0,1,0,0
5342,387,0,0,1,0,0
5343,388,0,0,1,0,0
5347,389,0,0,1,0,0
5358,390,0,0,1,0,0
5371,391,0,0,1,0,0
5372,392,0,0,1,0,0
5379,393,0,0,1,0,0
5396,394,0,0,1,0,0
5401,395,0,0,1,0,0
5405,396,0,0,1,0,0
5414,397,0,0,1,0,0
5443,398,0,0,1,0,0
5451,399,0,0,1,0,0
5463,400,0,0,1,0,0
5476,401,0,0,1,0,0
5484,402,0,0,1,0,0
5494,403,0,0,1,0,0
5499,404,0,0,1,0,0
5500,405,0,0,1,0,0
5515,406,0,0,1,0,0
5530,407,0,0,1,0,0
5560,408,0,0,1,0,0
5574,409,0,0,1,0,0
5583,410,0,0,1,0,0
5612,411,0,0,1,0,0
5615,412,0,0,1,0,0
5618,413,0,0,1,0,0
5621,414,0,0,1,0,0
5622,415,0,0,1,0,0
5623,416,0,0,1,0,0
5665,417,0,0,1,0,0
5704,418,0,0,1,0,0
5708,419,0,0,1,0,0
5712,420,0,0,1,0,0
5723,421,0,0,1,0,0
5768,422,0,0,1,0,0
5775,423,0,0,1,0,0
5786,424,0,0,1,0,0
5799,425,0,0,1,0,0
5809,426,0,0,1,0,0
5838,427,0,0,1,0,0
5839,428,0,0,1,0,0
5868,429,0,0,1,0,0
5879,430,0,0,1,0,0
5882,431,0,0,1,0,0
5884,432,0,0,1,0,0
5919,433,0,0,1,0,0
5925,434,0,0,1,0,0
5949,435,0,0,1,0,0
5951,436,0,0,1,0,0
5953,437,0,0,1,0,0
5977,438,0,0,1,0,0
5996,439,0,0,1,0,0
6009,440,0,0,1,0,0
6023,441,0,0,1,0,0
6028,442,0,0,1,0,0
6048,443,0,0,1,0,0
6051,444,0,0,1,0,0
6074,445,0,0,1,0,0
6075,446,0,0,1,0,0
6101,447,0,0,1,0,0
6105,448,0,0,1,0,0
6113,449,0,0,1,0,0
6129,450,0,0,1,0,0
6152,451,0,0,1,0,0
6163,452,0,0,1,0,0
6181,453,0,0,1,0,0
6195,454,0,0,1,0,0
6218,455,0,0,1,0,0
6279,456,0,0,1,0,0
6283,457,0,0,1,0,0
6287,458,0,0,1,0,0
6294,459,0,0,1,0,0
6325,460,0,0,1,0,0
6333,461,0,0,1,0,0
6390,462,0,0,1,0,0
6393,463,0,0,1,0,0
6410,464,0,0,1,0,0
6415,465,0,0,1,0,0
6461,466,0,0,1,0,0
6470,467,0,0,1,0,0
6488,468,0,0,1,0,0
6489,469,0,0,1,0,0
6490,470,0,0,1,0,0
6492,471,0,0,1,0,0
6524,472,0,0,1,0,0
6566,473,0,0,1,0,0
6598,474,0,0,1,0,0
6608,475,0,0,1,0,0
6630,476,0,0,1,0,0
6632,477,0,0,1,0,0
6659,478,0,0,1,0,0
6675,479,0,0,1,0,0
6683,480,0,0,1,0,0
6721,481,0,0,1,0,0
6741,482,0,0,1,0,0
6742,483,0,0,1,0,0
6758,484,0,0,1,0,0
6760,485,0,0,1,0,0
6774,486,0,0,1,0,0
6801,487,0,0,1,0,0
6822,488,0,0,1,0,0
6833,489,0,0,1,0,0
6834,490,0,0,1,0,0
6857,491,0,0,1,0,0
6861,492,0,0,1,0,0
6884,493,0,0,1,0,0
6886,494,0,0,1,0,0
6917,495,0,0,1,0,0
6933,496,0,0,1,0,0
6946,497,0,0,1,0,0
6954,498,0,0,1,0,0
6993,499,0,0,1,0,0
7001,500,0,0,1,0,0
7011,501,0,0,1,0,0
7013,502,0,0,1,0,0
7044,503,0,0,1,0,0
7047,504,0,0,1,0,0
7054,505,0,0,1,0,0
7057,506,0,0,1,0,0
7091,507,0,0,1,0,0
7098,508,0,0,1,0,0
7104,509,0,0,1,0,0
7110,510,0,0,1,0,0
7133,511,0,0,1,0,0
7144,512,0,0,1,0,0
7158,513,0,0,1,0,0
7162,514,0,0,1,0,0
7192,515,0,0,1,0,0
7204,516,0,0,1,0,0
7210,517,0,0,1,0,0
7224,518,0,0,1,0,0
7236,519,0,0,1,0,0
7255,520,0,0,1,0,0
7258,521,0,0,1,0,0
7259,522,0,0,1,0,0
7290,523,0,0,1,0,0
7302,524,0,0,1,0,0
7322,525,0,0,1,0,0
7346,526,0,0,1,0,0
7358,527,0,0,1,0,0
7360,528,0,0,1,0,0
7370,529,0,0,1,0,0
7374,530,0,0,1,0,0
7377,531,0,0,1,0,0
7398,532,0,0,1,0,0
7404,533,0,0,1,0,0
7406,534,0,0,1,0,0
7411,535,0,0,1,0,0
7422,536,0,0,1,0,0
7428,537,0,0,1,0,0
7436,538,0,0,1,0,0
7439,539,0,0,1,0,0
7471,540,0,0,1,0,0
7507,541,0,0,1,0,0
7558,542,0,0,1,0,0
7566,543,0,0,1,0,0
7573,544,0,0,1,0,0
7587,545,0,0,1,0,0
7592,546,0,0,1,0,0
7603,547,0,0,1,0,0
7607,548,0,0,1,0,0
7611,549,0,0,1,0,0
7624,550,0,0,1,0,0
7642,551,0,0,1,0,0
7651,552,0,0,1,0,0
7662,553,0,0,1,0,0
7680,554,0,0,1,0,0
7747,555,0,0,1,0,0
7753,556,0,0,1,0,0
7800,557,0,0,1,0,0
7802,558,0,0,1,0,0
7827,559,0,0,1,0,0
7839,560,0,0,1,0,0
7861,561,0,0,1,0,0
7863,562,0,0,1,0,0
7875,563,0,0,1,0,0
7876,564,0,0,1,0,0
7904,565,0,0,1,0,0
7917,566,0,0,1,0,0
7928,567,0,0,1,0,0
7943,568,0,0,1,0,0
7961,569,0,0,1,0,0
7964,570,0,0,1,0,0
7975,571,0,0,1,0,0
7979,572,0,0,1,0,0
7998,573,0,0,1,0,0
8001,574,0,0,1,0,0
8002,575,0,0,1,0,0
8005,576,0,0,1,0,0
8006,577,0,0,1,0,0
8008,578,0,0,1,0,0
8027,579,0,0,1,0,0
8038,580,0,0,1,0,0
8040,581,0,0,1,0,0
8049,582,0,0,1,0,0
8054,583,0,0,1,0,0
8056,584,0,0,1,0,0
8098,585,0,0,1,0,0
8110,586,0,0,1,0,0
8116,587,0,0,1,0,0
8122,588,0,0,1,0,0
8137,589,0,0,1,0,0
8142,590,0,0,1,0,0
8146,591,0,0,1,0,0
8151,592,0,0,1,0,0
8171,593,0,0,1,0,0
8174,594,0,0,1,0,0
8183,595,0,0,1,0,0
8184,596,0,0,1,0,0
8207,597,0,0,1,0,0
8226,598,0,0,1,0,0
8252,599,0,0,1,0,0
8265,600,0,0,1,0,0
8278,601,0,0,1,0,0
8286,602,0,0,1,0,0
8290,603,0,0,1,0,0
8302,604,0,0,1,0,0
8304,605,0,0,1,0,0
8305,606,0,0,1,0,0
8320,607,0,0,1,0,0
8330,608,0,0,1,0,0
8339,609,0,0,1,0,0
8342,610,0,0,1,0,0
8351,611,0,0,1,0,0
8363,612,0,0,1,0,0
8367,613,1,0,0,0,0
8372,614,0,0,1,0,0
8383,615,0,0,1,0,0
8386,616,0,0,1,0,0
8405,617,0,0,1,0,0
8415,618,0,0,1,0,0
8427,619,0,0,1,0,0
8428,620,0,0,1,0,0
8437,621,0,0,1,0,0
8453,622,0,0,1,0,0
8455,623,0,0,1,0,0
8473,624,0,0,1,0,0
8478,625,0,0,1,0,0
8486,626,0,0,1,0,0
8492,627,0,0,1,0,0
8500,628,0,0,1,0,0
8509,629,0,0,1,0,0
8513,630,0,0,1,0,0
8540,631,0,0,1,0,0
8583,632,0,0,1,0,0
8591,633,0,0,1,0,0
8620,634,0,0,1,0,0
8645,635,0,0,1,0,0
8675,636,0,0,1,0,0
8688,637,0,0,1,0,0
8689,638,0,0,1,0,0
8696,639,0,0,1,0,0
8725,640,0,0,1,0,0
8728,641,0,0,1,0,0
8738,642,0,0,1,0,0
8740,643,0,0,1,0,0
8753,644,0,0,1,0,0
8759,645,0,0,1,0,0
8779,646,0,0,1,0,0
8782,647,0,0,1,0,0
8792,648,0,0,1,0,0
8805,649,0,0,1,0,0
8809,650,0,0,1,0,0
8812,651,1,0,0,0,0
8815,652,0,0,1,0,0
8838,653,0,0,1,0,0
8855,654,0,0,1,0,0
8857,655,0,0,1,0,0
8860,656,0,0,1,0,0
8873,657,0,0,1,0,0
8877,658,0,0,1,0,0
8907,659,0,0,1,0,0
8919,660,0,0,1,0,0
8921,661,0,0,1,0,0
8923,662,0,0,1,0,0
8932,663,0,0,1,0,0
8961,664,0,0,1,0,0
8964,665,0,0,1,0,0
8975,666,0,0,1,0,0
9020,667,0,0,1,0,0
9024,668,0,0,1,0,0
9030,669,0,0,1,0,0
9044,670,0,0,1,0,0
9058,671,0,0,1,0,0
9068,672,0,0,1,0,0
9085,673,0,0,1,0,0
9099,674,0,0,1,0,0
9113,675,0,0,1,0,0
9123,676,0,0,1,0,0
9142,677,0,0,1,0,0
9145,678,0,0,1,0,0
9156,679,0,0,1,0,0
9170,680,0,0,1,0,0
9181,681,0,0,1,0,0
9199,682,0,0,1,0,0
9213,683,0,0,1,0,0
9217,684,0,0,1,0,0
9227,685,0,0,1,0,0
9233,686,0,0,1,0,0
9243,687,0,0,1,0,0
9253,688,0,0,1,0,0
9266,689,0,0,1,0,0
9273,690,0,0,1,0,0
9276,691,1,0,0,0,0
9309,692,0,0,1,0,0
9366,693,0,0,1,0,0
9385,694,0,0,1,0,0
9404,695,0,0,1,0,0
9410,696,0,0,1,0,0
9417,697,0,0,1,0,0
9425,698,0,0,1,0,0
9435,699,0,0,1,0,0
9502,700,0,0,1,0,0
9508,701,0,0,1,0,0
9511,702,0,0,1,0,0
9514,703,0,0,1,0,0
9525,704,0,0,1,0,0
9529,705,0,0,1,0,0
9541,706,0,0,1,0,0
9554,707,0,0,1,0,0
9606,708,0,0,1,0,0
9624,709,0,0,1,0,0
9629,710,0,0,1,0,0
9632,711,0,0,1,0,0
9633,712,0,0,1,0,0
9662,713,0,0,1,0,0
9664,714,0,0,1,0,0
9667,715,0,0,1,0,0
9692,716,0,0,1,0,0
9698,717,0,0,1,0,0
9700,718,0,0,1,0,0
9708,719,0,0,1,0,0
9714,720,0,0,1,0,0
9720,721,0,0,1,0,0
9723,722,0,0,1,0,0
9730,723,0,0,1,0,0
9749,724,0,0,1,0,0
9753,725,0,0,1,0,0
9774,726,0,0,1,0,0
9791,727,0,0,1,0,0
9796,728,0,0,1,0,0
9803,729,0,0,1,0,0
9849,730,0,0,1,0,0
9861,731,0,0,1,0,0
9876,732,0,0,1,0,0
9890,733,0,0,1,0,0
9904,734,0,0,1,0,0
9919,735,0,0,1,0,0
9933,736,0,0,1,0,0
9937,737,0,0,1,0,0
9954,738,0,0,1,0,0
9988,739,0,0,1,0,0
10003,740,0,0,1,0,0
10010,741,0,0,1,0,0
10021,742,0,0,1,0,0
10030,743,0,0,1,0,0
10036,744,0,0,1,0,0
10049,745,0,0,1,0,0
10065,746,0,0,1,0,0
10081,747,0,0,1,0,0
10111,748,0,0,1,0,0
10113,749,0,0,1,0,0
10123,750,0,0,1,0,0
10135,751,0,0,1,0,0
10141,752,0,0,1,0,0
10173,753,0,0,1,0,0
10221,754,0,0,1,0,0
10237,755,0,0,1,0,0
10249,756,0,0,1,0,0
10254,757,0,0,1,0,0
10259,758,0,0,1,0,0
10343,759,0,0,1,0,0
10344,760,0,0,1,0,0
10349,761,0,0,1,0,0
10352,762,0,0,1,0,0
10358,763,0,0,1,0,0
10374,764,0,0,1,0,0
10380,765,0,0,1,0,0
10389,766,0,0,1,0,0
10399,767,0,0,1,0,0
10421,768,0,0,1,0,0
10425,769,0,0,1,0,0
10430,770,0,0,1,0,0
10481,771,0,0,1,0,0
10489,772,0,0,1,0,0
10514,773,0,0,1,0,0
10525,774,0,0,1,0,0
10529,775,0,0,1,0,0
10532,776,0,0,1,0,0
10543,777,0,0,1,0,0
10547,778,0,0,1,0,0
10570,779,0,0,1,0,0
10575,780,0,0,1,0,0
10579,781,0,0,1,0,0
10594,782,0,0,1,0,0
10595,783,0,0,1,0,0
10644,784,0,0,1,0,0
10649,785,0,0,1,0,0
10659,786,0,0,1,0,0
10665,787,1,0,0,0,0
10687,788,0,0,1,0,0
10703,789,0,0,1,0,0
10728,790,0,0,1,0,0
10744,791,0,0,1,0,0
10749,792,0,0,1,0,0
10783,793,0,0,1,0,0
10808,794,0,0,1,0,0
10833,795,0,0,1,0,0
10834,796,0,0,1,0,0
10837,797,0,0,1,0,0
10859,798,0,0,1,0,0
10860,799,0,0,1,0,0
10872,800,0,0,1,0,0
10882,801,0,0,1,0,0
10895,802,0,0,1,0,0
10926,803,0,0,1,0,0
10936,804,0,0,1,0,0
10959,805,0,0,1,0,0
10964,806,0,0,1,0,0
11025,807,0,0,1,0,0
11058,808,0,0,1,0,0
11073,809,0,0,1,0,0
11074,810,0,0,1,0,0
11080,811,0,0,1,0,0
11092,812,0,0,1,0,0
11115,813,0,0,1,0,0
11123,814,0,0,1,0,0
11134,815,0,0,1,0,0
11135,816,0,0,1,0,0
11141,817,0,0,1,0,0
11156,818,0,0,1,0,0
11195,819,0,0,1,0,0
11197,820,0,0,1,0,0
11214,821,0,0,1,0,0
11215,822,0,0,1,0,0
11230,823,0,0,1,0,0
11232,824,0,0,1,0,0
11266,825,0,0,1,0,0
11283,826,0,0,1,0,0
11317,827,0,0,1,0,0
11318,828,0,0,1,0,0
11338,829,0,0,1,0,0
11345,830,0,0,1,0,0
11348,831,0,0,1,0,0
11364,832,0,0,1,0,0
11373,833,0,0,1,0,0
11379,834,0,0,1,0,0
11390,835,0,0,1,0,0
11422,836,0,0,1,0,0
11429,837,0,0,1,0,0
11445,838,0,0,1,0,0
11446,839,0,0,1,0,0
11464,840,0,0,1,0,0
11489,841,0,0,1,0,0
11508,842,0,0,1,0,0
11532,843,0,0,1,0,0
11543,844,0,0,1,0,0
11617,845,0,0,1,0,0
11630,846,0,0,1,0,0
11642,847,1,0,0,0,0
11645,848,0,0,1,0,0
11683,849,0,0,1,0,0
11689,850,0,0,1,0,0
11691,851,0,0,1,0,0
11694,852,0,0,1,0,0
11715,853,0,0,1,0,0
11716,854,0,0,1,0,0
11723,855,0,0,1,0,0
11735,856,0,0,1,0,0
11736,857,0,0,1,0,0
11773,858,0,0,1,0,0
11791,859,0,0,1,0,0
11802,860,0,0,1,0,0
11820,861,0,0,1,0,0
11824,862,0,0,1,0,0
11826,863,0,0,1,0,0
11832,864,0,0,1,0,0
11834,865,0,0,1,0,0
11886,866,0,0,1,0,0
11948,867,0,0,0,1,0
11959,868,0,0,1,0,0
11980,869,0,0,1,0,0
11981,870,0,0,1,0,0
11982,871,0,0,1,0,0
11985,872,0,0,1,0,0
11992,873,0,0,1,0,0
12072,874,0,0,1,0,0
12078,875,0,0,1,0,0
12079,876,0,0,1,0,0
12084,877,0,0,1,0,0
12123,878,0,0,1,0,0
12130,879,0,0,1,0,0
12136,880,0,0,1,0,0
12157,881,0,0,1,0,0
12195,882,0,0,1,0,0
12196,883,0,0,1,0,0
12201,884,0,0,1,0,0
12220,885,0,0,1,0,0
12229,886,0,0,1,0,0
12236,887,0,0,1,0,0
12248,888,0,0,1,0,0
12257,889,0,0,1,0,0
12269,890,0,0,1,0,0
12286,891,0,0,1,0,0
12365,892,0,0,1,0,0
12369,893,0,0,1,0,0
12377,894,0,0,1,0,0
12382,895,0,0,1,0,0
12416,896,0,0,1,0,0
12420,897,0,0,1,0,0
12424,898,0,0,1,0,0
12436,899,0,0,1,0,0
12448,900,0,0,1,0,0
12453,901,0,0,1,0,0
12464,902,0,0,1,0,0
12474,903,0,0,1,0,0
12487,904,0,0,1,0,0
12490,905,0,0,1,0,0
12491,906,0,0,1,0,0
12511,907,0,0,1,0,0
12523,908,0,0,1,0,0
12543,909,0,0,1,0,0
12544,910,0,0,1,0,0
12547,911,0,0,1,0,0
12569,912,0,0,1,0,0
12589,913,0,0,1,0,0
12601,914,0,0,1,0,0
12614,915,0,0,1,0,0
12622,916,0,0,1,0,0
12652,917,0,0,1,0,0
12661,918,0,0,1,0,0
12666,919,0,0,1,0,0
12703,920,0,0,1,0,0
12736,921,0,0,1,0,0
12744,922,0,0,1,0,0
12758,923,0,0,1,0,0
12843,924,0,0,0,1,0
12853,925,0,0,1,0,0
12865,926,0,0,1,0,0
12878,927,0,0,1,0,0
12898,928,0,0,1,0,0
12905,929,0,0,1,0,0
12944,930,0,0,1,0,0
12961,931,0,0,1,0,0
13003,932,0,0,1,0,0
13005,933,0,0,1,0,0
13026,934,0,0,1,0,0
13032,935,0,0,1,0,0
13064,936,0,0,1,0,0
13066,937,0,0,1,0,0
13080,938,0,0,1,0,0
13086,939,0,0,1,0,0
13098,940,0,0,1,0,0
13099,941,0,0,1,0,0
13100,942,0,0,1,0,0
13115,943,0,0,1,0,0
13135,944,0,0,1,0,0
13161,945,0,0,1,0,0
13163,946,0,0,1,0,0
13168,947,0,0,1,0,0
13175,948,0,0,1,0,0
13177,949,0,0,1,0,0
13189,950,0,0,1,0,0
13214,951,0,0,1,0,0
13221,952,0,0,1,0,0
13223,953,0,0,1,0,0
13224,954,0,0,1,0,0
13225,955,0,0,1,0,0
13265,956,0,0,1,0,0
13266,957,0,0,1,0,0
13267,958,1,0,0,0,0
13285,959,0,0,1,0,0
13305,960,0,0,1,0,0
13306,961,1,0,1,0,0
13310,962,0,0,1,0,0
13324,963,0,0,1,0,0
13333,964,0,0,1,0,0
13340,965,0,0,1,0,0
13341,966,0,0,1,0,0
13349,967,0,0,1,0,0
13357,968,0,0,1,0,0
13367,969,0,0,1,0,0
13371,970,0,0,1,0,0
13383,971,0,0,1,0,0
13395,972,0,0,1,0,0
13405,973,0,0,1,0,0
13433,974,0,0,1,0,0
13434,975,0,0,1,0,0
13443,976,0,0,1,0,0
13448,977,0,0,1,0,0
13469,978,0,0,1,0,0
13492,979,0,0,1,0,0
13504,980,0,0,1,0,0
13522,981,0,0,1,0,0
13533,982,0,0,1,0,0
13536,983,0,0,1,0,0
13543,984,0,0,1,0,0
13544,985,0,0,1,0,0
13545,986,0,0,1,0,0
13553,987,0,0,1,0,0
13559,988,0,0,1,0,0
13603,989,0,0,1,0,0
13641,990,0,0,1,0,0
13654,991,0,0,1,0,0
13680,992,0,0,1,0,0
13701,993,0,0,1,0,0
13702,994,0,0,1,0,0
13709,995,0,0,1,0,0
13741,996,0,0,1,0,0
13750,997,0,0,1,0,0
13832,998,0,0,0,1,0
13859,999,0,0,1,0,0
13901,1000,0,0,1,0,0
13925,1001,0,0,1,0,0
13964,1002,0,0,1,0,0
13966,1003,0,0,1,0,0
13987,1004,0,0,1,0,0
13992,1005,0,0,1,0,0
14000,1006,0,0,1,0,0
14003,1007,0,0,1,0,0
14009,1008,0,0,1,0,0
14031,1009,0,0,1,0,0
14073,1010,0,0,1,0,0
14100,1011,0,0,1,0,0
14101,1012,0,0,1,0,0
14110,1013,0,0,1,0,0
14111,1014,0,0,1,0,0
14117,1015,0,0,1,0,0
14135,1016,0,0,1,0,0
14146,1017,0,0,1,0,0
14162,1018,0,0,1,0,0
14184,1019,0,0,1,0,0
14212,1020,0,0,1,0,0
14230,1021,0,0,1,0,0
14250,1022,0,0,1,0,0
14257,1023,0,0,1,0,0
14266,1024,0,0,1,0,0
14268,1025,0,0,1,0,0
14272,1026,0,0,1,0,0
14274,1027,0,0,1,0,0
14284,1028,0,0,1,0,0
14299,1029,0,0,1,0,0
14306,1030,0,0,1,0,0
14319,1031,0,0,1,0,0
14333,1032,0,0,1,0,0
14361,1033,0,0,1,0,0
14368,1034,0,0,1,0,0
14372,1035,0,0,1,0,0
14395,1036,0,0,1,0,0
14416,1037,0,0,1,0,0
14426,1038,0,0,1,0,0
14475,1039,0,0,1,0,0
14514,1040,0,0,1,0,0
14524,1041,0,0,1,0,0
14552,1042,0,0,1,0,0
14556,1043,0,0,1,0,0
14561,1044,0,0,1,0,0
14562,1045,0,0,1,0,0
14575,1046,0,0,1,0,0
14582,1047,0,0,1,0,0
14606,1048,0,0,1,0,0
14618,1049,0,0,1,0,0
14620,1050,0,0,1,0,0
14627,1051,0,0,1,0,0
14628,1052,0,0,1,0,0
14654,1053,0,0,1,0,0
14667,1054,0,0,1,0,0
14709,1055,0,0,1,0,0
14713,1056,0,0,1,0,0
14723,1057,0,0,1,0,0
14724,1058,0,0,1,0,0
14735,1059,0,0,1,0,0
14759,1060,0,0,1,0,0
14768,1061,0,0,1,0,0
14777,1062,0,0,1,0,0
14781,1063,0,0,1,0,0
14822,1064,0,0,1,0,0
14833,1065,0,0,1,0,0
14904,1066,0,0,0,1,0
14928,1067,0,0,1,0,0
14967,1068,0,0,1,0,0
14974,1069,0,0,1,0,0
14985,1070,0,0,1,0,0
14987,1071,0,0,1,0,0
14997,1072,0,0,1,0,0
15013,1073,0,0,1,0,0
15021,1074,0,0,1,0,0
15040,1075,0,0,1,0,0
15075,1076,0,0,1,0,0
15077,1077,0,0,1,0,0
15086,1078,0,0,1,0,0
15092,1079,0,0,1,0,0
15094,1080,0,0,1,0,0
15098,1081,0,0,1,0,0
15143,1082,0,0,1,0,0
15146,1083,0,0,1,0,0
15147,1084,0,0,1,0,0
15160,1085,0,0,1,0,0
15184,1086,0,0,1,0,0
15190,1087,0,0,1,0,0
15193,1088,0,0,1,0,0
15214,1089,0,0,1,0,0
15222,1090,0,0,1,0,0
15235,1091,0,0,1,0,0
15248,1092,0,0,1,0,0
15250,1093,0,0,1,0,0
15253,1094,0,0,1,0,0
15274,1095,0,0,1,0,0
15320,1096,0,0,1,0,0
15321,1097,0,0,1,0,0
15332,1098,0,0,1,0,0
15343,1099,0,0,1,0,0
15353,1100,0,0,1,0,0
15404,1101,0,0,1,0,0
15411,1102,0,0,1,0,0
15429,1103,0,0,1,0,0
15434,1104,0,0,1,0,0
15476,1105,0,0,1,0,0
15482,1106,0,0,1,0,0
15494,1107,0,0,1,0,0
15513,1108,0,0,1,0,0
15518,1109,0,0,1,0,0
15519,1110,0,0,1,0,0
15534,1111,0,0,1,0,0
15535,1112,0,0,1,0,0
15579,1113,0,0,1,0,0
15613,1114,0,0,1,0,0
15623,1115,0,0,1,0,0
15644,1116,0,0,1,0,0
15645,1117,0,0,1,0,0
15648,1118,0,0,1,0,0
15663,1119,0,0,1,0,0
15671,1120,0,0,1,0,0
15689,1121,0,0,1,0,0
15708,1122,0,0,1,0,0
15725,1123,0,0,1,0,0
15736,1124,0,0,1,0,0
15746,1125,0,0,1,0,0
15771,1126,0,0,1,0,0
15784,1127,0,0,1,0,0
15798,1128,0,0,1,0,0
15812,1129,0,0,1,0,0
15818,1130,0,0,1,0,0
15845,1131,0,0,1,0,0
15861,1132,0,0,1,0,0
15894,1133,0,0,1,0,0
15916,1134,0,0,1,0,0
15923,1135,0,0,1,0,0
15950,1136,0,0,1,0,0
15970,1137,0,0,1,0,0
15975,1138,0,0,1,0,0
15979,1139,0,0,1,0,0
15988,1140,0,0,1,0,0
15990,1141,1,0,0,0,0
16028,1142,0,0,1,0,0
16075,1143,0,0,1,0,0
16086,1144,0,0,1,0,0
16088,1145,0,0,1,0,0
16092,1146,0,0,1,0,0
16109,1147,0,0,1,0,0
16110,1148,0,0,1,0,0
16114,1149,0,0,1,0,0
16135,1150,0,0,1,0,0
16156,1151,0,0,1,0,0
16158,1152,0,0,1,0,0
16162,1153,0,0,1,0,0
16179,1154,0,0,1,0,0
16254,1155,0,0,0,1,0
16259,1156,0,0,1,0,0
16295,1157,0,0,1,0,0
16303,1158,0,0,1,0,0
16308,1159,0,0,1,0,0
16334,1160,0,0,1,0,0
16358,1161,0,0,1,0,0
16367,1162,0,0,1,0,0
16385,1163,0,0,1,0,0
16386,1164,0,0,1,0,0
16388,1165,0,0,1,0,0
16391,1166,0,0,1,0,0
16392,1167,0,0,1,0,0
16396,1168,0,0,1,0,0
16431,1169,0,0,1,0,0
16448,1170,0,0,1,0,0
16469,1171,0,0,1,0,0
16473,1172,0,0,1,0,0
16476,1173,0,0,1,0,0
16509,1174,0,0,1,0,0
16536,1175,0,0,1,0,0
16553,1176,0,0,1,0,0
16571,1177,0,0,1,0,0
16575,1178,0,0,1,0,0
16587,1179,0,0,1,0,0
16639,1180,0,0,1,0,0
16667,1181,0,0,1,0,0
16672,1182,0,0,1,0,0
16679,1183,0,0,1,0,0
16706,1184,0,0,1,0,0
16707,1185,0,0,1,0,0
16709,1186,0,0,1,0,0
16741,1187,0,0,1,0,0
16811,1188,0,0,1,0,0
16818,1189,0,0,1,0,0
16820,1190,0,0,1,0,0
16840,1191,0,0,1,0,0
16849,1192,0,0,1,0,0
16867,1193,0,0,1,0,0
16888,1194,0,0,1,0,0
16891,1195,0,0,1,0,0
16903,1196,0,0,1,0,0
16927,1197,0,0,1,0,0
16929,1198,0,0,1,0,0
16962,1199,0,0,1,0,0
17006,1200,0,0,1,0,0
17022,1201,0,0,1,0,0
17028,1202,0,0,1,0,0
17050,1203,0,0,1,0,0
17053,1204,0,0,1,0,0
17065,1205,0,0,1,0,0
17077,1206,0,0,1,0,0
17100,1207,0,0,1,0,0
17101,1208,1,0,0,0,0
17124,1209,0,0,1,0,0
17132,1210,0,0,1,0,0
17157,1211,0,0,1,0,0
17171,1212,0,0,1,0,0
17172,1213,0,0,1,0,0
17185,1214,0,0,1,0,0
17204,1215,0,0,1,0,0
17221,1216,0,0,1,0,0
17271,1217,0,0,1,0,0
17279,1218,0,0,1,0,0
17283,1219,0,0,1,0,0
17295,1220,0,0,1,0,0
17302,1221,0,0,1,0,0
17310,1222,0,0,1,0,0
17328,1223,0,0,1,0,0
17336,1224,0,0,1,0,0
17339,1225,0,0,1,0,0
17370,1226,0,0,1,0,0
17388,1227,0,0,1,0,0
17390,1228,0,0,1,0,0
17393,1229,0,0,1,0,0
17415,1230,0,0,1,0,0
17426,1231,0,0,1,0,0
17432,1232,0,0,1,0,0
17438,1233,0,0,1,0,0
17442,1234,0,0,1,0,0
17467,1235,0,0,1,0,0
17469,1236,0,0,1,0,0
17473,1237,0,0,1,0,0
17483,1238,0,0,1,0,0
17486,1239,0,0,1,0,0
17490,1240,0,0,1,0,0
17493,1241,0,0,1,0,0
17501,1242,0,0,1,0,0
17505,1243,0,0,1,0,0
17509,1244,0,0,1,0,0
17516,1245,0,0,1,0,0
17521,1246,0,0,1,0,0
17540,1247,0,0,1,0,0
17578,1248,0,0,1,0,0
17581,1249,0,0,1,0,0
17593,1250,0,0,1,0,0
17598,1251,0,0,1,0,0
17612,1252,0,0,1,0,0
17627,1253,0,0,1,0,0
17631,1254,0,0,1,0,0
17639,1255,0,0,1,0,0
17662,1256,0,0,1,0,0
17699,1257,0,0,1,0,0
17734,1258,0,0,1,0,0
17763,1259,0,0,1,0,0
17771,1260,0,0,1,0,0
17799,1261,0,0,1,0,0
17811,1262,0,0,1,0,0
17832,1263,0,0,1,0,0
17839,1264,0,0,1,0,0
17842,1265,0,0,1,0,0
17884,1266,0,0,1,0,0
17890,1267,0,0,1,0,0
17915,1268,0,0,1,0,0
17917,1269,0,0,1,0,0
17928,1270,0,0,1,0,0
17929,1271,0,0,1,0,0
17935,1272,0,0,1,0,0
17954,1273,0,0,1,0,0
17969,1274,0,0,1,0,0
17980,1275,0,0,1,0,0
18001,1276,0,0,1,0,0
18016,1277,0,0,1,0,0
18030,1278,0,0,1,0,0
18039,1279,0,0,1,0,0
18061,1280,0,0,1,0,0
18101,1281,0,0,1,0,0
18112,1282,0,0,1,0,0
18122,1283,0,0,1,0,0
18144,1284,0,0,1,0,0
18173,1285,0,0,1,0,0
18211,1286,0,0,1,0,0
18219,1287,0,0,1,0,0
18232,1288,0,0,1,0,0
18277,1289,0,0,1,0,0
18287,1290,0,0,1,0,0
18319,1291,0,0,1,0,0
18326,1292,0,0,1,0,0
18327,1293,0,0,1,0,0
18331,1294,0,0,1,0,0
18348,1295,0,0,1,0,0
18383,1296,0,0,1,0,0
18404,1297,0,0,1,0,0
18420,1298,0,0,1,0,0
18421,1299,0,0,1,0,0
18426,1300,0,0,1,0,0
18440,1301,0,0,1,0,0
18451,1302,0,0,1,0,0
18463,1303,0,0,1,0,0
18491,1304,0,0,1,0,0
18505,1305,0,0,1,0,0
18508,1306,0,0,1,0,0
18550,1307,0,0,1,0,0
18552,1308,0,0,1,0,0
18568,1309,0,0,1,0,0
18580,1310,0,0,1,0,0
18601,1311,0,0,1,0,0
18608,1312,0,0,1,0,0
18623,1313,0,0,1,0,0
18638,1314,0,0,1,0,0
18644,1315,0,0,1,0,0
18650,1316,1,0,0,0,0
18681,1317,0,0,1,0,0
18732,1318,0,0,1,0,0
18755,1319,0,0,1,0,0
18771,1320,0,0,1,0,0
18802,1321,0,0,1,0,0
18805,1322,0,0,1,0,0
18813,1323,0,0,1,0,0
18816,1324,0,0,1,0,0
18823,1325,0,0,1,0,0
18830,1326,0,0,1,0,0
18835,1327,0,0,1,0,0
18836,1328,0,0,1,0,0
18841,1329,0,0,1,0,0
18848,1330,0,0,1,0,0
18878,1331,0,0,1,0,0
18886,1332,0,0,1,0,0
18901,1333,0,0,1,0,0
18920,1334,0,0,1,0,0
18926,1335,0,0,1,0,0
18927,1336,0,0,1,0,0
18938,1337,0,0,1,0,0
18942,1338,0,0,1,0,0
18945,1339,0,0,1,0,0
18947,1340,0,0,1,0,0
18957,1341,0,0,1,0,0
18962,1342,0,0,1,0,0
18981,1343,0,0,1,0,0
18982,1344,0,0,1,0,0
18991,1345,0,0,1,0,0
19019,1346,0,0,1,0,0
19021,1347,0,0,1,0,0
19030,1348,0,0,1,0,0
19053,1349,0,0,1,0,0
19074,1350,0,0,1,0,0
19075,1351,0,0,1,0,0
19112,1352,0,0,1,0,0
19157,1353,0,0,1,0,0
19166,1354,0,0,1,0,0
19217,1355,0,0,1,0,0
19218,1356,0,0,1,0,0
19219,1357,0,0,1,0,0
19269,1358,0,0,1,0,0
19309,1359,0,0,1,0,0
19315,1360,0,0,1,0,0
19327,1361,0,0,1,0,0
19355,1362,0,0,1,0,0
19398,1363,0,0,1,0,0
19406,1364,0,0,1,0,0
19407,1365,0,0,1,0,0
19488,1366,0,0,0,1,0
19521,1367,0,0,1,0,0
19526,1368,0,0,1,0,0
19532,1369,0,0,1,0,0
19538,1370,0,0,1,0,0
19566,1371,0,0,1,0,0
19571,1372,0,0,1,0,0
19593,1373,0,0,1,0,0
19594,1374,0,0,1,0,0
19611,1375,0,0,1,0,0
19612,1376,0,0,1,0,0
19617,1377,0,0,1,0,0
19633,1378,0,0,1,0,0
19650,1379,0,0,1,0,0
19685,1380,0,0,1,0,0
19693,1381,0,0,1,0,0
19710,1382,0,0,1,0,0
19711,1383,0,0,1,0,0
19712,1384,0,0,1,0,0
19725,1385,0,0,1,0,0
19744,1386,0,0,1,0,0
19786,1387,0,0,1,0,0
19802,1388,0,0,1,0,0
19805,1389,0,0,1,0,0
19826,1390,0,0,1,0,0
19830,1391,0,0,1,0,0
19865,1392,0,0,1,0,0
19876,1393,0,0,1,0,0
19880,1394,0,0,1,0,0
19888,1395,0,0,1,0,0
19890,1396,0,0,1,0,0
19892,1397,0,0,1,0,0
19903,1398,0,0,1,0,0
19920,1399,0,0,1,0,0
19947,1400,0,0,1,0,0
19962,1401,0,0,1,0,0
19982,1402,0,0,1,0,0
20004,1403,0,0,1,0,0
20010,1404,0,0,1,0,0
20017,1405,0,0,1,0,0
20028,1406,0,0,1,0,0
20045,1407,0,0,1,0,0
20056,1408,0,0,1,0,0
20087,1409,0,0,1,0,0
20112,1410,0,0,1,0,0
20113,1411,0,0,1,0,0
20120,1412,0,0,1,0,0
20128,1413,0,0,1,0,0
20134,1414,0,0,1,0,0
20188,1415,0,0,1,0,0
20204,1416,0,0,1,0,0
20228,1417,0,0,1,0,0
20238,1418,0,0,1,0,0
20251,1419,0,0,1,0,0
20259,1420,0,0,1,0,0
20264,1421,0,0,1,0,0
20271,1422,0,0,1,0,0
20291,1423,0,0,1,0,0
20305,1424,0,0,1,0,0
20324,1425,0,0,1,0,0
20336,1426,0,0,1,0,0
20356,1427,0,0,1,0,0
20367,1428,0,0,1,0,0
20370,1429,0,0,1,0,0
20386,1430,0,0,1,0,0
20481,1431,0,0,0,1,0
20497,1432,0,0,1,0,0
20526,1433,0,0,1,0,0
20530,1434,0,0,1,0,0
20544,1435,0,0,1,0,0
20553,1436,0,0,1,0,0
20574,1437,0,0,1,0,0
20590,1438,0,0,1,0,0
20619,1439,0,0,1,0,0
20647,1440,0,0,1,0,0
20673,1441,0,0,1,0,0
20685,1442,0,0,1,0,0
20687,1443,0,0,1,0,0
20734,1444,0,0,1,0,0
20736,1445,0,0,1,0,0
20758,1446,0,0,1,0,0
20760,1447,0,0,1,0,0
20766,1448,0,0,1,0,0
20770,1449,0,0,1,0,0
20814,1450,0,0,1,0,0
20827,1451,0,0,1,0,0
20828,1452,0,0,1,0,0
20842,1453,0,0,1,0,0
20849,1454,0,0,1,0,0
20851,1455,0,0,1,0,0
20875,1456,0,0,1,0,0
20890,1457,0,0,1,0,0
20891,1458,0,0,1,0,0
20931,1459,0,0,1,0,0
20951,1460,0,0,1,0,0
20958,1461,0,0,1,0,0
20979,1462,0,0,1,0,0
21020,1463,0,0,1,0,0
21080,1464,0,0,1,0,0
21103,1465,0,0,1,0,0
21123,1466,0,0,1,0,0
21131,1467,0,0,1,0,0
21140,1468,0,0,1,0,0
21165,1469,0,0,1,0,0
21183,1470,0,0,1,0,0
21184,1471,0,0,1,0,0
21224,1472,0,0,1,0,0
21232,1473,0,0,1,0,0
21248,1474,0,0,1,0,0
21253,1475,0,0,1,0,0
21263,1476,0,0,1,0,0
21280,1477,0,0,1,0,0
21287,1478,0,0,1,0,0
21292,1479,0,0,1,0,0
21325,1480,0,0,1,0,0
21338,1481,0,0,1,0,0
21340,1482,0,0,1,0,0
21343,1483,0,0,1,0,0
21365,1484,0,0,1,0,0
21382,1485,0,0,1,0,0
21432,1486,0,0,1,0,0
21437,1487,0,0,1,0,0
21439,1488,0,0,1,0,0
21473,1489,0,0,1,0,0
21482,1490,0,0,1,0,0
21502,1491,0,0,1,0,0
21515,1492,0,0,1,0,0
21522,1493,0,0,1,0,0
21535,1494,0,0,1,0,0
21539,1495,0,0,1,0,0
21553,1496,0,0,1,0,0
21567,1497,0,0,1,0,0
21583,1498,0,0,1,0,0
21590,1499,0,0,1,0,0
21595,1500,0,0,1,0,0
21624,1501,0,0,1,0,0
21646,1502,0,0,1,0,0
21670,1503,0,0,1,0,0
21678,1504,0,0,1,0,0
21680,1505,0,0,1,0,0
21691,1506,0,0,1,0,0
21727,1507,0,0,1,0,0
21769,1508,0,0,1,0,0
21775,1509,0,0,1,0,0
21788,1510,0,0,1,0,0
21800,1511,0,0,1,0,0
21802,1512,0,0,1,0,0
21805,1513,0,0,1,0,0
21824,1514,0,0,1,0,0
21849,1515,0,0,1,0,0
21898,1516,0,0,1,0,0
21908,1517,0,0,1,0,0
21920,1518,0,0,1,0,0
21926,1519,0,0,1,0,0
21929,1520,0,0,1,0,0
21962,1521,0,0,1,0,0
22016,1522,0,0,1,0,0
22023,1523,0,0,1,0,0
22057,1524,0,0,1,0,0
22085,1525,0,0,1,0,0
22113,1526,0,0,1,0,0
22118,1527,0,0,1,0,0
22129,1528,0,0,1,0,0
22167,1529,0,0,1,0,0
22202,1530,0,0,1,0,0
22211,1531,0,0,1,0,0
22239,1532,0,0,1,0,0
22241,1533,0,0,1,0,0
22249,1534,0,0,1,0,0
22281,1535,0,0,1,0,0
22289,1536,0,0,1,0,0
22329,1537,0,0,1,0,0
22341,1538,0,0,1,0,0
22344,1539,0,0,1,0,0
22362,1540,0,0,1,0,0
22372,1541,0,0,1,0,0
22391,1542,0,0,1,0,0
22406,1543,0,0,1,0,0
22419,1544,0,0,1,0,0
22431,1545,0,0,1,0,0
22454,1546,0,0,1,0,0
22455,1547,0,0,1,0,0
22463,1548,0,0,1,0,0
22471,1549,0,0,1,0,0
22500,1550,0,0,1,0,0
22511,1551,0,0,1,0,0
22513,1552,0,0,1,0,0
22516,1553,0,0,1,0,0
22530,1554,0,0,1,0,0
22576,1555,0,0,1,0,0
22602,1556,0,0,1,0,0
22603,1557,0,0,1,0,0
22633,1558,0,0,1,0,0
22663,1559,0,0,1,0,0
22671,1560,0,0,1,0,0
22700,1561,0,0,1,0,0
22712,1562,0,0,1,0,0
22725,1563,0,0,1,0,0
22770,1564,0,0,1,0,0
22789,1565,0,0,1,0,0
22791,1566,0,0,1,0,0
22813,1567,0,0,1,0,0
22825,1568,0,0,1,0,0
22836,1569,0,0,1,0,0
22857,1570,0,0,1,0,0
22858,1571,0,0,1,0,0
22898,1572,0,0,1,0,0
22908,1573,0,0,1,0,0
22915,1574,0,0,1,0,0
22926,1575,0,0,1,0,0
22936,1576,0,0,1,0,0
22940,1577,0,0,1,0,0
22950,1578,0,0,1,0,0
22953,1579,0,0,1,0,0
22957,1580,0,0,1,0,0
22978,1581,0,0,1,0,0
22982,1582,0,0,1,0,0
23048,1583,0,0,0,1,0
23060,1584,0,0,1,0,0
23071,1585,0,0,1,0,0
23077,1586,0,0,1,0,0
23080,1587,0,0,1,0,0
23094,1588,0,0,1,0,0
23118,1589,0,0,1,0,0
23154,1590,0,0,1,0,0
23163,1591,0,0,1,0,0
23166,1592,0,0,1,0,0
23173,1593,0,0,1,0,0
23177,1594,0,0,1,0,0
23178,1595,0,0,1,0,0
23183,1596,0,0,1,0,0
23202,1597,0,0,1,0,0
23211,1598,0,0,1,0,0
23214,1599,0,0,1,0,0
23255,1600,0,0,1,0,0
23259,1601,0,0,1,0,0
23278,1602,0,0,1,0,0
23316,1603,0,0,1,0,0
23331,1604,0,0,1,0,0
23334,1605,0,0,1,0,0
23352,1606,0,0,1,0,0
23383,1607,0,0,1,0,0
23394,1608,0,0,1,0,0
23397,1609,0,0,1,0,0
23411,1610,0,0,1,0,0
23418,1611,0,0,1,0,0
23423,1612,0,0,1,0,0
23455,1613,0,0,1,0,0
23457,1614,0,0,1,0,0
23465,1615,0,0,1,0,0
23470,1616,0,0,1,0,0
23485,1617,0,0,1,0,0
23488,1618,0,0,1,0,0
23512,1619,0,0,1,0,0
23518,1620,0,0,1,0,0
23576,1621,0,0,1,0,0
23622,1622,0,0,1,0,0
23624,1623,0,0,1,0,0
23680,1624,0,0,1,0,0
23742,1625,0,0,1,0,0
23757,1626,0,0,1,0,0
23760,1627,0,0,1,0,0
23764,1628,0,0,1,0,0
23796,1629,0,0,1,0,0
23833,1630,0,0,1,0,0
23869,1631,0,0,1,0,0
23886,1632,0,0,1,0,0
23917,1633,0,0,1,0,0
23947,1634,0,0,1,0,0
23973,1635,0,0,1,0,0
23985,1636,0,0,1,0,0
24009,1637,0,0,1,0,0
24016,1638,0,0,1,0,0
24031,1639,0,0,1,0,0
24085,1640,0,0,1,0,0
24088,1641,0,0,1,0,0
24105,1642,0,0,1,0,0
24128,1643,0,0,1,0,0
24175,1644,0,0,1,0,0
24213,1645,0,0,1,0,0
24260,1646,0,0,1,0,0
24306,1647,0,0,1,0,0
24310,1648,0,0,1,0,0
24340,1649,0,0,1,0,0
24344,1650,0,0,1,0,0
24354,1651,0,0,1,0,0
24374,1652,0,0,1,0,0
24378,1653,0,0,1,0,0
24390,1654,0,0,1,0,0
24413,1655,0,0,1,0,0
24428,1656,0,0,1,0,0
24446,1657,0,0,1,0,0
24451,1658,0,0,1,0,0
24483,1659,0,0,1,0,0
24485,1660,0,0,1,0,0
24491,1661,0,0,1,0,0
24534,1662,0,0,1,0,0
24550,1663,0,0,1,0,0
24575,1664,0,0,1,0,0
24607,1665,0,0,1,0,0
24630,1666,0,0,1,0,0
24635,1667,0,0,1,0,0
24653,1668,0,0,1,0,0
24665,1669,0,0,1,0,0
24698,1670,0,0,1,0,0
24740,1671,0,0,1,0,0
24749,1672,0,0,1,0,0
24767,1673,0,0,1,0,0
24773,1674,0,0,1,0,0
24784,1675,0,0,1,0,0
24808,1676,0,0,1,0,0
24814,1677,0,0,1,0,0
24819,1678,0,0,1,0,0
24827,1679,0,0,1,0,0
24870,1680,0,0,1,0,0
24873,1681,0,0,1,0,0
24894,1682,0,0,1,0,0
24923,1683,0,0,1,0,0
24925,1684,0,0,1,0,0
24948,1685,0,0,1,0,0
24993,1686,0,0,1,0,0
25010,1687,1,0,0,0,0
25014,1688,0,0,1,0,0
25017,1689,0,0,1,0,0
25021,1690,0,0,1,0,0
25024,1691,0,0,1,0,0
25046,1692,0,0,1,0,0
25059,1693,0,0,1,0,0
25066,1694,0,0,1,0,0
25093,1695,0,0,1,0,0
25102,1696,0,0,1,0,0
25103,1697,0,0,1,0,0
25160,1698,0,0,1,0,0
25169,1699,0,0,1,0,0
25191,1700,0,0,1,0,0
25197,1701,0,0,1,0,0
25241,1702,0,0,1,0,0
25256,1703,0,0,1,0,0
25280,1704,0,0,1,0,0
25284,1705,0,0,1,0,0
25298,1706,0,0,1,0,0
25316,1707,0,0,1,0,0
25327,1708,0,0,1,0,0
25350,1709,0,0,1,0,0
25357,1710,0,0,1,0,0
25376,1711,0,0,1,0,0
25382,1712,0,0,1,0,0
25385,1713,0,0,1,0,0
25386,1714,0,0,1,0,0
25398,1715,0,0,1,0,0
25413,1716,0,0,1,0,0
25437,1717,0,0,1,0,0
25455,1718,0,0,1,0,0
25462,1719,0,0,1,0,0
25467,1720,0,0,1,0,0
25477,1721,0,0,1,0,0
25528,1722,0,0,1,0,0
25529,1723,0,0,1,0,0
25533,1724,0,0,1,0,0
25537,1725,0,0,1,0,0
25540,1726,0,0,1,0,0
25572,1727,0,0,1,0,0
25579,1728,0,0,1,0,0
25594,1729,0,0,1,0,0
25636,1730,0,0,1,0,0
25660,1731,0,0,1,0,0
25668,1732,0,0,1,0,0
25700,1733,0,0,1,0,0
25719,1734,0,0,1,0,0
25747,1735,0,0,1,0,0
25759,1736,0,0,1,0,0
25796,1737,0,0,1,0,0
25802,1738,0,0,1,0,0
25810,1739,0,0,1,0,0
25827,1740,0,0,1,0,0
25863,1741,0,0,1,0,0
25886,1742,0,0,1,0,0
25903,1743,0,0,1,0,0
25906,1744,0,0,1,0,0
25934,1745,0,0,1,0,0
25939,1746,0,0,1,0,0
25950,1747,0,0,1,0,0
25962,1748,0,0,1,0,0
25970,1749,0,0,1,0,0
26008,1750,0,0,1,0,0
26022,1751,0,0,1,0,0
26023,1752,0,0,1,0,0
26033,1753,0,0,1,0,0
26059,1754,0,0,1,0,0
26064,1755,0,0,1,0,0
26104,1756,0,0,1,0,0
26126,1757,0,0,1,0,0
26190,1758,0,0,1,0,0
26217,1759,0,0,1,0,0
26242,1760,0,0,1,0,0
26246,1761,0,0,1,0,0
26259,1762,0,0,1,0,0
26270,1763,0,0,1,0,0
26274,1764,0,0,1,0,0
26276,1765,0,0,1,0,0
26361,1766,0,0,0,1,0
26369,1767,0,0,1,0,0
26376,1768,0,0,1,0,0
26381,1769,0,0,1,0,0
26389,1770,0,0,1,0,0
26399,1771,0,0,1,0,0
26402,1772,0,0,1,0,0
26421,1773,0,0,1,0,0
26444,1774,0,0,1,0,0
26452,1775,0,0,1,0,0
26482,1776,0,0,1,0,0
26540,1777,0,0,1,0,0
26585,1778,0,0,1,0,0
26593,1779,0,0,1,0,0
26610,1780,0,0,1,0,0
26619,1781,0,0,1,0,0
26631,1782,0,0,1,0,0
26646,1783,0,0,1,0,0
26647,1784,0,0,1,0,0
26663,1785,0,0,1,0,0
26669,1786,0,0,1,0,0
26670,1787,0,0,1,0,0
26712,1788,0,0,1,0,0
26730,1789,0,0,1,0,0
26741,1790,0,0,1,0,0
26760,1791,0,0,1,0,0
26771,1792,0,0,1,0,0
26782,1793,0,0,1,0,0
26796,1794,0,0,1,0,0
26872,1795,0,0,1,0,0
26876,1796,0,0,1,0,0
26886,1797,0,0,1,0,0
26888,1798,0,0,1,0,0
26930,1799,0,0,1,0,0
26944,1800,0,0,1,0,0
26948,1801,0,0,1,0,0
26959,1802,0,0,1,0,0
26968,1803,0,0,1,0,0
27004,1804,0,0,1,0,0
27010,1805,0,0,1,0,0
27015,1806,0,0,1,0,0
27056,1807,0,0,1,0,0
27063,1808,0,0,1,0,0
27064,1809,0,0,1,0,0
27109,1810,0,0,1,0,0
27111,1811,0,0,1,0,0
27168,1812,0,0,1,0,0
27174,1813,0,0,1,0,0
27189,1814,0,0,1,0,0
27206,1815,0,0,1,0,0
27213,1816,0,0,1,0,0
27260,1817,0,0,1,0,0
27265,1818,1,0,0,0,0
27307,1819,0,0,1,0,0
27333,1820,0,0,1,0,0
27347,1821,0,0,1,0,0
27350,1822,0,0,1,0,0
27358,1823,0,0,1,0,0
27361,1824,0,0,1,0,0
27365,1825,0,0,1,0,0
27366,1826,0,0,1,0,0
27437,1827,0,0,1,0,0
27439,1828,0,0,1,0,0
27444,1829,0,0,1,0,0
27455,1830,0,0,1,0,0
27474,1831,0,0,1,0,0
27492,1832,0,0,1,0,0
27498,1833,0,0,1,0,0
27519,1834,0,0,1,0,0
27523,1835,0,0,1,0,0
27532,1836,0,0,1,0,0
27539,1837,0,0,1,0,0
27544,1838,1,0,0,0,0
27576,1839,0,0,1,0,0
27598,1840,0,0,1,0,0
27627,1841,0,0,1,0,0
27634,1842,0,0,1,0,0
27640,1843,0,0,1,0,0
27671,1844,0,0,1,0,0
27756,1845,0,0,0,1,0
27762,1846,0,0,1,0,0
27770,1847,0,0,1,0,0
27780,1848,0,0,1,0,0
27852,1849,0,0,1,0,0
27856,1850,0,0,1,0,0
27858,1851,0,0,1,0,0
27880,1852,0,0,1,0,0
27889,1853,0,0,1,0,0
27903,1854,0,0,1,0,0
27915,1855,0,0,1,0,0
27985,1856,0,0,1,0,0
27986,1857,0,0,1,0,0
27990,1858,0,0,1,0,0
28005,1859,0,0,1,0,0
28026,1860,0,0,1,0,0
28078,1861,0,0,1,0,0
28118,1862,0,0,1,0,0
28145,1863,0,0,1,0,0
28151,1864,1,0,0,0,0
28171,1865,0,0,1,0,0
28177,1866,0,0,1,0,0
28196,1867,0,0,1,0,0
28214,1868,0,0,1,0,0
28218,1869,0,0,1,0,0
28260,1870,0,0,1,0,0
28262,1871,0,0,1,0,0
28265,1872,0,0,1,0,0
28266,1873,0,0,1,0,0
28283,1874,0,0,1,0,0
28284,1875,0,0,1,0,0
28326,1876,0,0,1,0,0
28345,1877,0,0,1,0,0
28356,1878,0,0,1,0,0
28367,1879,0,0,1,0,0
28393,1880,0,0,1,0,0
28394,1881,0,0,1,0,0
28395,1882,0,0,1,0,0
28399,1883,0,0,1,0,0
28435,1884,0,0,1,0,0
28439,1885,0,0,1,0,0
28453,1886,0,0,1,0,0
28470,1887,0,0,1,0,0
28540,1888,0,0,1,0,0
28542,1889,0,0,1,0,0
28586,1890,0,0,1,0,0
28596,1891,0,0,1,0,0
28613,1892,0,0,1,0,0
28620,1893,0,0,1,0,0
28624,1894,0,0,1,0,0
28625,1895,0,0,1,0,0
28636,1896,0,0,1,0,0
28665,1897,0,0,1,0,0
28672,1898,0,0,1,0,0
28684,1899,0,0,1,0,0
28692,1900,0,0,1,0,0
28697,1901,0,0,1,0,0
28698,1902,0,0,1,0,0
28708,1903,0,0,1,0,0
28714,1904,0,0,1,0,0
28721,1905,0,0,1,0,0
28764,1906,0,0,1,0,0
28766,1907,0,0,1,0,0
28777,1908,0,0,1,0,0
28795,1909,0,0,1,0,0
28803,1910,0,0,1,0,0
28813,1911,0,0,1,0,0
28824,1912,0,0,1,0,0
28845,1913,0,0,1,0,0
28868,1914,0,0,1,0,0
28879,1915,0,0,1,0,0
28914,1916,0,0,1,0,0
28935,1917,0,0,1,0,0
28939,1918,0,0,1,0,0
28947,1919,0,0,1,0,0
28949,1920,0,0,1,0,0
28984,1921,0,0,1,0,0
29051,1922,0,0,0,1,0
29054,1923,0,0,1,0,0
29060,1924,0,0,1,0,0
29071,1925,0,0,1,0,0
29076,1926,0,0,1,0,0
29099,1927,0,0,1,0,0
29104,1928,0,0,1,0,0
29108,1929,0,0,1,0,0
29140,1930,0,0,1,0,0
29173,1931,0,0,1,0,0
29185,1932,0,0,1,0,0
29189,1933,0,0,1,0,0
29190,1934,0,0,1,0,0
29210,1935,0,0,1,0,0
29262,1936,0,0,1,0,0
29263,1937,0,0,1,0,0
29265,1938,0,0,1,0,0
29273,1939,0,0,1,0,0
29291,1940,0,0,1,0,0
29293,1941,0,0,1,0,0
29301,1942,0,0,1,0,0
29321,1943,0,0,1,0,0
29327,1944,0,0,1,0,0
29344,1945,0,0,1,0,0
29387,1946,0,0,1,0,0
29394,1947,0,0,1,0,0
29407,1948,0,0,1,0,0
29415,1949,0,0,1,0,0
29421,1950,0,0,1,0,0
29426,1951,0,0,1,0,0
29428,1952,0,0,1,0,0
29449,1953,0,0,1,0,0
29465,1954,0,0,1,0,0
29468,1955,0,0,1,0,0
29477,1956,0,0,1,0,0
29500,1957,0,0,1,0,0
29510,1958,0,0,1,0,0
29513,1959,1,0,0,0,0
29520,1960,0,0,1,0,0
29569,1961,0,0,1,0,0
29584,1962,0,0,1,0,0
29587,1963,0,0,1,0,0
29599,1964,0,0,1,0,0
29609,1965,0,0,1,0,0
29632,1966,0,0,1,0,0
29647,1967,0,0,1,0,0
29664,1968,1,0,0,0,0
29677,1969,0,0,1,0,0
29695,1970,0,0,1,0,0
29737,1971,0,0,1,0,0
29757,1972,0,0,1,0,0
29778,1973,0,0,1,0,0
29783,1974,0,0,1,0,0
29808,1975,0,0,1,0,0
29822,1976,0,0,1,0,0
29825,1977,0,0,1,0,0
29847,1978,0,0,1,0,0
29851,1979,0,0,1,0,0
29857,1980,0,0,1,0,0
29892,1981,0,0,1,0,0
29931,1982,0,0,1,0,0
29974,1983,0,0,1,0,0
29989,1984,0,0,1,0,0
30020,1985,0,0,1,0,0
30026,1986,0,0,1,0,0
30060,1987,0,0,1,0,0
30113,1988,0,0,1,0,0
30121,1989,0,0,1,0,0
30128,1990,0,0,1,0,0
30133,1991,0,0,1,0,0
30155,1992,0,0,1,0,0
30181,1993,0,0,1,0,0
30182,1994,0,0,1,0,0
30194,1995,0,0,1,0,0
30208,1996,0,0,1,0,0
30220,1997,0,0,1,0,0
30222,1998,0,0,1,0,0
30262,1999,0,0,1,0,0
30270,2000,0,0,1,0,0
30271,2001,0,0,1,0,0
30305,2002,0,0,1,0,0
30330,2003,0,0,1,0,0
30397,2004,0,0,1,0,0
30421,2005,0,0,1,0,0
30451,2006,0,0,1,0,0
30456,2007,0,0,1,0,0
30462,2008,0,0,1,0,0
30493,2009,0,0,1,0,0
30544,2010,0,0,1,0,0
30574,2011,0,0,1,0,0
30602,2012,0,0,1,0,0
30660,2013,0,0,1,0,0
30662,2014,0,0,1,0,0
30665,2015,0,0,1,0,0
30705,2016,0,0,1,0,0
30740,2017,0,0,1,0,0
30755,2018,0,0,1,0,0
30765,2019,0,0,1,0,0
30810,2020,0,0,1,0,0
30811,2021,0,0,1,0,0
30819,2022,0,0,1,0,0
30820,2023,0,0,1,0,0
30866,2024,0,0,1,0,0
30867,2025,0,0,1,0,0
30896,2026,0,0,1,0,0
30955,2027,0,0,1,0,0
30970,2028,0,0,1,0,0
30988,2029,0,0,1,0,0
30995,2030,0,0,1,0,0
30996,2031,0,0,1,0,0
31002,2032,0,0,1,0,0
31009,2033,0,0,1,0,0
31043,2034,0,0,1,0,0
31112,2035,0,0,1,0,0
31125,2036,0,0,1,0,0
31149,2037,0,0,1,0,0
31153,2038,0,0,1,0,0
31157,2039,0,0,1,0,0
31220,2040,0,0,1,0,0
31227,2041,0,0,1,0,0
31229,2042,0,0,1,0,0
31274,2043,0,0,1,0,0
31321,2044,0,0,1,0,0
31341,2045,0,0,1,0,0
31365,2046,0,0,1,0,0
31373,2047,0,0,1,0,0
31388,2048,0,0,1,0,0
31408,2049,0,0,1,0,0
31417,2050,0,0,1,0,0
31497,2051,0,0,1,0,0
31537,2052,0,0,1,0,0
31581,2053,0,0,1,0,0
31583,2054,0,0,1,0,0
31591,2055,0,0,1,0,0
31598,2056,0,0,1,0,0
31619,2057,0,0,1,0,0
31623,2058,0,0,1,0,0
31642,2059,0,0,1,0,0
31659,2060,0,0,1,0,0
31661,2061,1,0,0,0,0
31668,2062,0,0,1,0,0
31684,2063,0,0,1,0,0
31698,2064,0,0,1,0,0
31728,2065,0,0,1,0,0
31729,2066,0,0,1,0,0
31761,2067,0,0,1,0,0
31769,2068,0,0,1,0,0
31785,2069,0,0,1,0,0
31788,2070,0,0,1,0,0
31812,2071,0,0,1,0,0
31822,2072,0,0,1,0,0
31849,2073,0,0,1,0,0
31865,2074,0,0,1,0,0
31912,2075,0,0,1,0,0
31929,2076,0,0,1,0,0
31935,2077,0,0,1,0,0
31952,2078,0,0,1,0,0
32010,2079,0,0,1,0,0
32022,2080,0,0,1,0,0
32027,2081,0,0,1,0,0
32035,2082,0,0,1,0,0
32047,2083,0,0,1,0,0
32049,2084,0,0,1,0,0
32096,2085,0,0,1,0,0
32105,2086,0,0,1,0,0
32126,2087,0,0,1,0,0
32130,2088,0,0,1,0,0
32154,2089,0,0,1,0,0
32178,2090,0,0,1,0,0
32225,2091,0,0,1,0,0
32252,2092,0,0,1,0,0
32281,2093,0,0,1,0,0
32356,2094,0,0,1,0,0
32359,2095,0,0,1,0,0
32420,2096,0,0,1,0,0
32426,2097,0,0,1,0,0
32447,2098,0,0,1,0,0
32455,2099,0,0,1,0,0
32494,2100,0,0,1,0,0
32515,2101,0,0,1,0,0
32518,2102,0,0,1,0,0
32522,2103,0,0,1,0,0
32547,2104,0,0,1,0,0
32570,2105,0,0,1,0,0
32602,2106,0,0,1,0,0
32683,2107,0,0,1,0,0
32689,2108,0,0,1,0,0
32697,2109,0,0,1,0,0
32703,2110,0,0,1,0,0
32705,2111,0,0,1,0,0
32724,2112,0,0,1,0,0
32733,2113,0,0,1,0,0
32735,2114,0,0,1,0,0
32736,2115,0,0,1,0,0
32758,2116,0,0,1,0,0
32764,2117,0,0,1,0,0
32783,2118,0,0,1,0,0
32825,2119,0,0,1,0,0
32831,2120,0,0,1,0,0
32840,2121,0,0,1,0,0
32851,2122,0,0,1,0,0
32852,2123,0,0,1,0,0
32892,2124,0,0,1,0,0
32920,2125,0,0,1,0,0
32925,2126,0,0,1,0,0
32926,2127,0,0,1,0,0
32937,2128,0,0,1,0,0
32949,2129,0,0,1,0,0
32951,2130,0,0,1,0,0
33015,2131,0,0,1,0,0
33033,2132,0,0,1,0,0
33046,2133,0,0,1,0,0
33052,2134,0,0,1,0,0
33055,2135,0,0,1,0,0
33062,2136,0,0,1,0,0
33074,2137,0,0,1,0,0
33098,2138,0,0,1,0,0
33105,2139,0,0,1,0,0
33122,2140,0,0,1,0,0
33135,2141,0,0,1,0,0
33154,2142,0,0,1,0,0
33160,2143,0,0,1,0,0
33182,2144,0,0,1,0,0
33193,2145,0,0,1,0,0
33215,2146,0,0,1,0,0
33224,2147,0,0,1,0,0
33226,2148,0,0,1,0,0
33235,2149,0,0,1,0,0
33267,2150,0,0,1,0,0
33304,2151,0,0,1,0,0
33312,2152,0,0,1,0,0
33360,2153,0,0,1,0,0
33364,2154,0,0,1,0,0
33378,2155,0,0,1,0,0
33409,2156,0,0,1,0,0
33460,2157,0,0,1,0,0
33465,2158,0,0,1,0,0
33499,2159,0,0,1,0,0
33508,2160,0,0,1,0,0
33528,2161,0,0,1,0,0
33532,2162,0,0,1,0,0
33548,2163,0,0,1,0,0
33553,2164,0,0,1,0,0
33562,2165,0,0,1,0,0
33587,2166,0,0,1,0,0
33598,2167,0,0,1,0,0
33600,2168,0,0,1,0,0
33602,2169,0,0,1,0,0
33604,2170,0,0,1,0,0
33636,2171,0,0,1,0,0
33642,2172,0,0,1,0,0
33713,2173,0,0,1,0,0
33770,2174,0,0,1,0,0
33773,2175,0,0,1,0,0
33795,2176,0,0,1,0,0
33806,2177,0,0,1,0,0
33829,2178,0,0,1,0,0
33841,2179,0,0,1,0,0
33846,2180,0,0,1,0,0
33867,2181,0,0,1,0,0
33880,2182,0,0,1,0,0
33886,2183,0,0,1,0,0
33892,2184,0,0,1,0,0
33937,2185,0,0,1,0,0
33986,2186,0,0,1,0,0
33987,2187,0,0,1,0,0
34005,2188,0,0,1,0,0
34009,2189,0,0,1,0,0
34014,2190,0,0,1,0,0
34018,2191,0,0,1,0,0
34051,2192,0,0,1,0,0
34060,2193,0,0,1,0,0
34077,2194,0,0,1,0,0
34079,2195,0,0,1,0,0
34105,2196,0,0,1,0,0
34181,2197,0,0,0,1,0
34182,2198,0,0,1,0,0
34184,2199,0,0,1,0,0
34189,2200,0,0,1,0,0
34210,2201,0,0,1,0,0
34251,2202,0,0,1,0,0
34266,2203,0,0,1,0,0
34278,2204,0,0,1,0,0
34285,2205,0,0,1,0,0
34289,2206,0,0,1,0,0
34290,2207,0,0,1,0,0
34337,2208,0,0,1,0,0
34339,2209,0,0,1,0,0
34419,2210,0,0,1,0,0
34449,2211,0,0,1,0,0
34450,2212,0,0,1,0,0
34471,2213,0,0,1,0,0
34517,2214,0,0,1,0,0
34551,2215,0,0,1,0,0
34553,2216,0,0,1,0,0
34563,2217,1,0,0,0,0
34575,2218,0,0,1,0,0
34604,2219,0,0,1,0,0
34609,2220,0,0,1,0,0
34624,2221,0,0,1,0,0
34693,2222,0,0,1,0,0
34732,2223,0,0,1,0,0
34735,2224,0,0,1,0,0
34763,2225,1,0,0,0,0
34801,2226,0,0,1,0,0
34802,2227,0,0,1,0,0
34813,2228,0,0,1,0,0
34830,2229,0,0,1,0,0
34845,2230,0,0,1,0,0
34868,2231,0,0,1,0,0
34889,2232,0,0,1,0,0
34915,2233,0,0,1,0,0
34917,2234,0,0,1,0,0
34918,2235,0,0,1,0,0
34932,2236,0,0,1,0,0
34938,2237,0,0,1,0,0
34942,2238,0,0,1,0,0
35021,2239,0,0,0,1,0
35022,2240,0,0,1,0,0
35043,2241,0,0,1,0,0
35130,2242,0,0,0,1,0
35138,2243,0,0,1,0,0
35140,2244,0,0,1,0,0
35179,2245,0,0,1,0,0
35200,2246,0,0,1,0,0
35212,2247,0,0,1,0,0
35219,2248,0,0,1,0,0
35243,2249,0,0,1,0,0
35251,2250,0,0,1,0,0
35254,2251,0,0,1,0,0
35261,2252,0,0,1,0,0
35314,2253,0,0,1,0,0
35319,2254,0,0,1,0,0
35367,2255,0,0,1,0,0
35378,2256,0,0,1,0,0
35431,2257,0,0,1,0,0
35452,2258,0,0,1,0,0
35459,2259,0,0,1,0,0
35481,2260,0,0,1,0,0
35490,2261,0,0,1,0,0
35493,2262,0,0,1,0,0
35494,2263,0,0,1,0,0
35497,2264,0,0,1,0,0
35513,2265,0,0,1,0,0
35514,2266,1,0,0,0,0
35537,2267,0,0,1,0,0
35564,2268,0,0,1,0,0
35585,2269,0,0,1,0,0
35601,2270,0,0,1,0,0
35612,2271,0,0,1,0,0
35619,2272,0,0,1,0,0
35621,2273,0,0,1,0,0
35625,2274,0,0,1,0,0
35643,2275,0,0,1,0,0
35650,2276,0,0,1,0,0
35663,2277,0,0,1,0,0
35710,2278,0,0,1,0,0
35711,2279,0,0,1,0,0
35721,2280,0,0,1,0,0
35728,2281,0,0,1,0,0
35757,2282,0,0,1,0,0
35789,2283,0,0,1,0,0
35827,2284,0,0,1,0,0
35829,2285,0,0,1,0,0
35830,2286,0,0,1,0,0
35831,2287,0,0,1,0,0
35832,2288,0,0,1,0,0
35909,2289,0,0,0,1,0
35961,2290,0,0,1,0,0
35964,2291,0,0,1,0,0
36015,2292,0,0,1,0,0
36016,2293,0,0,1,0,0
36019,2294,0,0,1,0,0
36031,2295,0,0,1,0,0
36035,2296,0,0,1,0,0
36055,2297,0,0,1,0,0
36061,2298,0,0,1,0,0
36073,2299,0,0,1,0,0
36079,2300,0,0,1,0,0
36126,2301,0,0,1,0,0
36129,2302,0,0,1,0,0
36141,2303,0,0,1,0,0
36144,2304,0,0,1,0,0
36171,2305,0,0,1,0,0
36213,2306,0,0,1,0,0
36222,2307,0,0,1,0,0
36252,2308,0,0,1,0,0
36259,2309,0,0,1,0,0
36281,2310,0,0,1,0,0
36338,2311,0,0,1,0,0
36342,2312,0,0,1,0,0
36345,2313,0,0,1,0,0
36363,2314,0,0,1,0,0
36376,2315,0,0,1,0,0
36390,2316,0,0,1,0,0
36397,2317,0,0,1,0,0
36421,2318,0,0,1,0,0
36433,2319,0,0,1,0,0
36434,2320,0,0,1,0,0
36445,2321,0,0,1,0,0
36461,2322,0,0,1,0,0
36525,2323,0,0,1,0,0
36570,2324,0,0,1,0,0
36572,2325,0,0,1,0,0
36589,2326,0,0,1,0,0
36638,2327,0,0,1,0,0
36664,2328,0,0,1,0,0
36668,2329,0,0,1,0,0
36685,2330,0,0,1,0,0
36721,2331,0,0,1,0,0
36739,2332,0,0,1,0,0
36771,2333,0,0,1,0,0
36800,2334,0,0,1,0,0
36876,2335,0,0,1,0,0
36878,2336,0,0,1,0,0
36907,2337,0,0,1,0,0
36945,2338,0,0,1,0,0
36961,2339,0,0,1,0,0
36977,2340,0,0,1,0,0
36979,2341,0,0,1,0,0
36994,2342,0,0,1,0,0
36997,2343,0,0,1,0,0
36999,2344,0,0,1,0,0
37003,2345,0,0,1,0,0
37094,2346,0,0,0,1,0
37129,2347,0,0,1,0,0
37130,2348,0,0,1,0,0
37151,2349,0,0,1,0,0
37200,2350,0,0,1,0,0
37220,2351,0,0,1,0,0
37280,2352,0,0,1,0,0
37328,2353,0,0,1,0,0
37342,2354,0,0,1,0,0
37406,2355,0,0,1,0,0
37407,2356,0,0,1,0,0
37435,2357,0,0,1,0,0
37472,2358,0,0,1,0,0
37501,2359,0,0,1,0,0
37521,2360,0,0,1,0,0
37544,2361,0,0,1,0,0
37579,2362,0,0,1,0,0
37601,2363,0,0,1,0,0
37627,2364,0,0,1,0,0
37636,2365,0,0,1,0,0
37641,2366,0,0,1,0,0
37667,2367,0,0,1,0,0
37682,2368,0,0,1,0,0
37689,2369,0,0,1,0,0
37730,2370,0,0,1,0,0
37743,2371,0,0,1,0,0
37788,2372,0,0,1,0,0
37800,2373,0,0,1,0,0
37811,2374,0,0,1,0,0
37828,2375,0,0,1,0,0
37836,2376,0,0,1,0,0
37846,2377,0,0,1,0,0
37847,2378,0,0,1,0,0
37872,2379,0,0,1,0,0
37873,2380,0,0,1,0,0
37880,2381,0,0,1,0,0
37895,2382,0,0,1,0,0
37897,2383,0,0,1,0,0
37906,2384,0,0,1,0,0
37963,2385,0,0,1,0,0
37976,2386,0,0,1,0,0
38002,2387,0,0,1,0,0
38017,2388,0,0,1,0,0
38028,2389,0,0,1,0,0
38033,2390,0,0,1,0,0
38036,2391,0,0,1,0,0
38049,2392,0,0,1,0,0
38140,2393,0,0,1,0,0
38172,2394,0,0,1,0,0
38188,2395,0,0,1,0,0
38197,2396,0,0,1,0,0
38202,2397,0,0,1,0,0
38203,2398,0,0,1,0,0
38212,2399,0,0,1,0,0
38243,2400,0,0,1,0,0
38286,2401,0,0,1,0,0
38302,2402,0,0,1,0,0
38308,2403,0,0,1,0,0
38331,2404,0,0,1,0,0
38341,2405,0,0,1,0,0
38397,2406,0,0,1,0,0
38400,2407,0,0,1,0,0
38427,2408,0,0,1,0,0
38446,2409,0,0,1,0,0
38460,2410,0,0,1,0,0
38481,2411,0,0,1,0,0
38495,2412,0,0,1,0,0
38510,2413,0,0,1,0,0
38535,2414,0,0,1,0,0
38547,2415,0,0,1,0,0
38574,2416,0,0,1,0,0
38617,2417,0,0,1,0,0
38653,2418,0,0,1,0,0
38689,2419,0,0,1,0,0
38718,2420,0,0,1,0,0
38729,2421,0,0,1,0,0
38731,2422,0,0,1,0,0
38733,2423,0,0,1,0,0
38742,2424,0,0,1,0,0
38744,2425,0,0,1,0,0
38751,2426,0,0,1,0,0
38756,2427,0,0,1,0,0
38759,2428,0,0,1,0,0
38846,2429,0,0,0,1,0
38855,2430,0,0,1,0,0
38865,2431,0,0,1,0,0
38898,2432,0,0,1,0,0
38963,2433,0,0,1,0,0
38964,2434,0,0,1,0,0
38968,2435,0,0,1,0,0
38981,2436,0,0,1,0,0
38990,2437,0,0,1,0,0
38999,2438,0,0,1,0,0
39007,2439,0,0,1,0,0
39019,2440,0,0,1,0,0
39054,2441,0,0,1,0,0
39082,2442,0,0,1,0,0
39100,2443,0,0,1,0,0
39119,2444,0,0,1,0,0
39121,2445,0,0,1,0,0
39142,2446,0,0,1,0,0
39155,2447,0,0,1,0,0
39168,2448,0,0,1,0,0
39182,2449,0,0,1,0,0
39199,2450,0,0,1,0,0
39219,2451,0,0,1,0,0
39230,2452,0,0,1,0,0
39243,2453,0,0,1,0,0
39245,2454,0,0,1,0,0
39277,2455,0,0,1,0,0
39290,2456,0,0,1,0,0
39291,2457,0,0,1,0,0
39328,2458,0,0,1,0,0
39364,2459,0,0,1,0,0
39365,2460,0,0,1,0,0
39372,2461,0,0,1,0,0
39373,2462,0,0,1,0,0
39401,2463,0,0,1,0,0
39411,2464,0,0,1,0,0
39446,2465,0,0,1,0,0
39464,2466,0,0,1,0,0
39485,2467,0,0,1,0,0
39571,2468,0,0,1,0,0
39572,2469,0,0,1,0,0
39597,2470,0,0,1,0,0
39607,2471,0,0,1,0,0
39641,2472,0,0,1,0,0
39688,2473,0,0,1,0,0
39695,2474,0,0,1,0,0
39715,2475,0,0,1,0,0
39723,2476,0,0,1,0,0
39730,2477,0,0,1,0,0
39753,2478,0,0,1,0,0
39790,2479,0,0,1,0,0
39808,2480,0,0,1,0,0
39829,2481,0,0,1,0,0
39847,2482,0,0,1,0,0
39868,2483,0,0,1,0,0
39952,2484,0,0,1,0,0
39985,2485,0,0,1,0,0
40040,2486,0,0,1,0,0
40061,2487,0,0,1,0,0
40103,2488,0,0,1,0,0
40133,2489,0,0,1,0,0
40189,2490,0,0,1,0,0
40200,2491,0,0,1,0,0
40205,2492,0,0,1,0,0
40219,2493,0,0,1,0,0
40228,2494,0,0,1,0,0
40318,2495,0,0,0,1,0
40330,2496,0,0,1,0,0
40369,2497,0,0,1,0,0
40382,2498,0,0,1,0,0
40383,2499,0,0,1,0,0
40400,2500,0,0,1,0,0
40438,2501,0,0,1,0,0
40460,2502,0,0,1,0,0
40520,2503,0,0,1,0,0
40550,2504,0,0,1,0,0
40553,2505,0,0,1,0,0
40591,2506,0,0,1,0,0
40607,2507,0,0,1,0,0
40609,2508,0,0,1,0,0
40641,2509,0,0,1,0,0
40642,2510,0,0,1,0,0
40669,2511,0,0,1,0,0
40723,2512,0,0,1,0,0
40748,2513,0,0,1,0,0
40774,2514,0,0,1,0,0
40776,2515,0,0,1,0,0
40814,2516,0,0,1,0,0
40855,2517,0,0,1,0,0
40859,2518,0,0,1,0,0
40860,2519,0,0,1,0,0
40866,2520,0,0,1,0,0
40914,2521,0,0,1,0,0
40933,2522,0,0,1,0,0
40947,2523,0,0,1,0,0
40953,2524,0,0,1,0,0
40954,2525,0,0,1,0,0
40967,2526,0,0,1,0,0
40976,2527,0,0,1,0,0
40985,2528,0,0,1,0,0
40987,2529,0,0,1,0,0
41014,2530,0,0,1,0,0
41032,2531,0,0,1,0,0
41043,2532,0,0,1,0,0
41045,2533,0,0,1,0,0
41047,2534,0,0,1,0,0
41048,2535,0,0,1,0,0
41051,2536,0,0,1,0,0
41091,2537,0,0,1,0,0
41099,2538,0,0,1,0,0
41103,2539,0,0,1,0,0
41133,2540,0,0,1,0,0
41140,2541,0,0,1,0,0
41167,2542,0,0,1,0,0
41193,2543,0,0,1,0,0
41195,2544,0,0,1,0,0
41202,2545,0,0,1,0,0
41207,2546,0,0,1,0,0
41216,2547,0,0,1,0,0
41228,2548,0,0,1,0,0
41229,2549,0,0,1,0,0
41230,2550,0,0,1,0,0
41235,2551,0,0,1,0,0
41243,2552,0,0,1,0,0
41272,2553,0,0,1,0,0
41296,2554,0,0,1,0,0
41323,2555,0,0,1,0,0
41326,2556,0,0,1,0,0
41331,2557,0,0,1,0,0
41378,2558,0,0,1,0,0
41379,2559,0,0,1,0,0
41387,2560,0,0,1,0,0
41424,2561,0,0,1,0,0
41488,2562,0,0,1,0,0
41499,2563,0,0,1,0,0
41533,2564,0,0,1,0,0
41540,2565,0,0,1,0,0
41559,2566,0,0,1,0,0
41635,2567,0,0,1,0,0
41644,2568,0,0,1,0,0
41663,2569,0,0,1,0,0
41683,2570,0,0,1,0,0
41694,2571,0,0,1,0,0
41699,2572,0,0,1,0,0
41708,2573,0,0,1,0,0
41725,2574,0,0,1,0,0
41746,2575,0,0,1,0,0
41747,2576,0,0,1,0,0
41757,2577,0,0,1,0,0
41791,2578,0,0,1,0,0
41871,2579,0,0,1,0,0
41876,2580,0,0,1,0,0
41893,2581,0,0,1,0,0
41898,2582,0,0,1,0,0
41900,2583,1,0,0,0,0
41905,2584,0,0,1,0,0
41911,2585,0,0,1,0,0
41912,2586,0,0,1,0,0
41917,2587,0,0,1,0,0
41965,2588,0,0,1,0,0
41970,2589,0,0,1,0,0
41980,2590,0,0,1,0,0
41985,2591,0,0,1,0,0
42032,2592,0,0,1,0,0
42035,2593,0,0,1,0,0
42065,2594,0,0,1,0,0
42072,2595,0,0,1,0,0
42181,2596,0,0,0,1,0
42204,2597,0,0,1,0,0
42212,2598,0,0,1,0,0
42285,2599,0,0,1,0,0
42373,2600,0,0,0,1,0
42374,2601,0,0,1,0,0
42410,2602,0,0,1,0,0
42444,2603,0,0,1,0,0
42461,2604,0,0,1,0,0
42499,2605,0,0,1,0,0
42509,2606,0,0,1,0,0
42518,2607,0,0,1,0,0
42520,2608,0,0,1,0,0
42539,2609,0,0,1,0,0
42544,2610,0,0,1,0,0
42551,2611,0,0,1,0,0
42568,2612,0,0,1,0,0
42585,2613,0,0,1,0,0
42596,2614,0,0,1,0,0
42604,2615,0,0,1,0,0
42626,2616,0,0,1,0,0
42637,2617,0,0,1,0,0
42641,2618,0,0,1,0,0
42728,2619,0,0,0,1,0
42815,2620,0,0,0,1,0
42845,2621,0,0,1,0,0
42872,2622,0,0,1,0,0
42927,2623,0,0,1,0,0
42948,2624,0,0,1,0,0
42953,2625,0,0,1,0,0
42970,2626,0,0,1,0,0
42976,2627,0,0,1,0,0
42980,2628,0,0,1,0,0
43004,2629,0,0,1,0,0
43005,2630,0,0,1,0,0
43081,2631,0,0,1,0,0
43096,2632,0,0,1,0,0
43115,2633,0,0,1,0,0
43116,2634,0,0,1,0,0
43127,2635,0,0,1,0,0
43134,2636,0,0,1,0,0
43155,2637,0,0,1,0,0
43171,2638,0,0,1,0,0
43172,2639,0,0,1,0,0
43190,2640,0,0,1,0,0
43207,2641,0,0,1,0,0
43209,2642,0,0,1,0,0
43219,2643,0,0,1,0,0
43304,2644,0,0,0,1,0
43324,2645,0,0,1,0,0
43361,2646,0,0,1,0,0
43379,2647,0,0,1,0,0
43393,2648,0,0,1,0,0
43440,2649,0,0,1,0,0
43461,2650,0,0,1,0,0
43506,2651,0,0,1,0,0
43510,2652,0,0,1,0,0
43524,2653,0,0,1,0,0
43527,2654,0,0,1,0,0
43528,2655,0,0,1,0,0
43548,2656,0,0,1,0,0
43549,2657,0,0,1,0,0
43552,2658,0,0,1,0,0
43553,2659,0,0,1,0,0
43585,2660,0,0,1,0,0
43672,2661,0,0,0,1,0
43689,2662,0,0,1,0,0
43699,2663,0,0,1,0,0
43705,2664,0,0,1,0,0
43742,2665,0,0,1,0,0
43744,2666,0,0,1,0,0
43760,2667,0,0,1,0,0
43772,2668,0,0,1,0,0
43777,2669,0,0,1,0,0
43788,2670,0,0,1,0,0
43796,2671,0,0,1,0,0
43854,2672,0,0,1,0,0
43869,2673,0,0,1,0,0
43882,2674,0,0,1,0,0
43953,2675,0,0,1,0,0
44015,2676,0,0,1,0,0
44026,2677,0,0,1,0,0
44027,2678,0,0,1,0,0
44044,2679,0,0,1,0,0
44065,2680,0,0,1,0,0
44132,2681,0,0,1,0,0
44159,2682,0,0,1,0,0
44209,2683,0,0,1,0,0
44213,2684,0,0,1,0,0
44249,2685,0,0,1,0,0
44258,2686,0,0,1,0,0
44294,2687,0,0,1,0,0
44313,2688,0,0,1,0,0
44326,2689,0,0,1,0,0
44346,2690,0,0,1,0,0
44352,2691,0,0,1,0,0
44357,2692,0,0,1,0,0
44361,2693,0,0,1,0,0
44363,2694,0,0,1,0,0
44369,2695,0,0,1,0,0
44371,2696,0,0,1,0,0
44399,2697,0,0,1,0,0
44435,2698,0,0,1,0,0
44436,2699,0,0,1,0,0
44500,2700,0,0,1,0,0
44511,2701,0,0,1,0,0
44551,2702,0,0,1,0,0
44622,2703,0,0,1,0,0
44643,2704,0,0,1,0,0
44722,2705,0,0,1,0,0
44730,2706,0,0,1,0,0
44739,2707,0,0,1,0,0
44759,2708,0,0,1,0,0
44766,2709,0,0,1,0,0
44827,2710,0,0,1,0,0
44836,2711,0,0,1,0,0
44852,2712,0,0,1,0,0
44865,2713,0,0,1,0,0
44923,2714,0,0,1,0,0
44977,2715,0,0,1,0,0
44994,2716,0,0,1,0,0
44997,2717,0,0,1,0,0
45034,2718,0,0,1,0,0
45036,2719,0,0,1,0,0
45060,2720,0,0,1,0,0
45066,2721,0,0,1,0,0
45085,2722,0,0,1,0,0
45124,2723,0,0,1,0,0
45187,2724,0,0,1,0,0
45209,2725,0,0,1,0,0
45213,2726,0,0,1,0,0
45224,2727,0,0,1,0,0
45249,2728,0,0,1,0,0
45252,2729,0,0,1,0,0
45299,2730,0,0,1,0,0
45301,2731,0,0,1,0,0
45346,2732,0,0,1,0,0
45347,2733,0,0,1,0,0
45367,2734,0,0,1,0,0
45371,2735,0,0,1,0,0
45372,2736,0,0,1,0,0
45373,2737,0,0,1,0,0
45461,2738,0,0,1,0,0
45472,2739,0,0,1,0,0
45498,2740,0,0,1,0,0
45524,2741,0,0,1,0,0
45538,2742,0,0,1,0,0
45568,2743,0,0,1,0,0
45639,2744,0,0,0,1,0
45664,2745,0,0,1,0,0
45680,2746,0,0,1,0,0
45708,2747,0,0,1,0,0
45711,2748,0,0,1,0,0
45769,2749,0,0,1,0,0
45782,2750,0,0,1,0,0
45793,2751,0,0,1,0,0
45861,2752,0,0,1,0,0
45883,2753,0,0,1,0,0
45919,2754,0,0,1,0,0
45920,2755,0,0,1,0,0
45949,2756,0,0,1,0,0
46000,2757,0,0,1,0,0
46012,2758,0,0,1,0,0
46030,2759,0,0,1,0,0
46033,2760,0,0,1,0,0
46034,2761,0,0,1,0,0
46085,2762,0,0,1,0,0
46099,2763,0,0,1,0,0
46138,2764,0,0,1,0,0
46143,2765,0,0,1,0,0
46173,2766,0,0,1,0,0
46207,2767,0,0,1,0,0
46208,2768,0,0,1,0,0
46261,2769,0,0,1,0,0
46271,2770,0,0,1,0,0
46294,2771,0,0,1,0,0
46323,2772,0,0,1,0,0
46420,2773,0,0,1,0,0
46440,2774,0,0,1,0,0
46441,2775,0,0,1,0,0
46525,2776,0,0,1,0,0
46570,2777,0,0,1,0,0
46573,2778,0,0,1,0,0
46623,2779,0,0,1,0,0
46627,2780,0,0,1,0,0
46640,2781,0,0,1,0,0
46686,2782,0,0,1,0,0
46773,2783,0,0,1,0,0
46821,2784,0,0,1,0,0
46823,2785,0,0,1,0,0
46831,2786,0,0,1,0,0
46847,2787,0,0,1,0,0
46861,2788,0,0,1,0,0
46884,2789,0,0,1,0,0
46901,2790,0,0,1,0,0
46922,2791,0,0,1,0,0
47004,2792,0,0,1,0,0
47011,2793,0,0,1,0,0
47055,2794,0,0,1,0,0
47058,2795,0,0,1,0,0
47071,2796,0,0,1,0,0
47114,2797,0,0,1,0,0
47161,2798,0,0,1,0,0
47173,2799,0,0,1,0,0
47176,2800,0,0,1,0,0
47201,2801,0,0,1,0,0
47214,2802,0,0,1,0,0
47235,2803,0,0,1,0,0
47250,2804,0,0,1,0,0
47330,2805,0,0,0,1,0
47341,2806,0,0,1,0,0
47343,2807,0,0,1,0,0
47361,2808,0,0,1,0,0
47372,2809,0,0,1,0,0
47374,2810,0,0,1,0,0
47377,2811,0,0,1,0,0
47378,2812,0,0,1,0,0
47391,2813,0,0,1,0,0
47423,2814,0,0,1,0,0
47494,2815,0,0,0,1,0
47524,2816,0,0,1,0,0
47548,2817,0,0,1,0,0
47587,2818,0,0,1,0,0
47621,2819,0,0,1,0,0
47640,2820,0,0,1,0,0
47662,2821,0,0,1,0,0
47677,2822,0,0,1,0,0
47685,2823,0,0,1,0,0
47696,2824,0,0,1,0,0
47711,2825,0,0,1,0,0
47719,2826,0,0,1,0,0
47757,2827,0,0,1,0,0
47762,2828,0,0,1,0,0
47789,2829,0,0,1,0,0
47803,2830,0,0,1,0,0
47804,2831,1,0,0,0,0
47836,2832,0,0,1,0,0
47875,2833,0,0,1,0,0
47957,2834,0,0,1,0,0
47996,2835,0,0,1,0,0
48003,2836,0,0,1,0,0
48017,2837,0,0,1,0,0
48052,2838,0,0,1,0,0
48070,2839,0,0,1,0,0
48080,2840,0,0,1,0,0
48170,2841,0,0,1,0,0
48191,2842,0,0,1,0,0
48202,2843,0,0,1,0,0
48239,2844,0,0,1,0,0
48250,2845,0,0,1,0,0
48264,2846,0,0,1,0,0
48266,2847,0,0,1,0,0
48267,2848,1,0,0,0,0
48268,2849,0,0,1,0,0
48312,2850,0,0,1,0,0
48319,2851,0,0,1,0,0
48327,2852,0,0,1,0,0
48331,2853,0,0,1,0,0
48333,2854,0,0,1,0,0
48351,2855,0,0,1,0,0
48356,2856,0,0,1,0,0
48362,2857,0,0,1,0,0
48375,2858,0,0,1,0,0
48443,2859,0,0,1,0,0
48471,2860,0,0,1,0,0
48484,2861,0,0,1,0,0
48528,2862,0,0,1,0,0
48532,2863,0,0,1,0,0
48542,2864,0,0,1,0,0
48548,2865,0,0,1,0,0
48568,2866,0,0,1,0,0
48661,2867,0,0,0,1,0
48729,2868,0,0,1,0,0
48741,2869,0,0,1,0,0
48761,2870,0,0,1,0,0
48766,2871,0,0,1,0,0
48773,2872,0,0,1,0,0
48774,2873,0,0,1,0,0
48787,2874,0,0,1,0,0
48796,2875,0,0,1,0,0
48836,2876,0,0,1,0,0
48854,2877,0,0,1,0,0
48875,2878,0,0,1,0,0
48894,2879,0,0,1,0,0
48901,2880,0,0,1,0,0
48918,2881,0,0,1,0,0
49022,2882,0,0,0,1,0
49105,2883,0,0,1,0,0
49116,2884,0,0,1,0,0
49155,2885,0,0,1,0,0
49214,2886,0,0,1,0,0
49229,2887,0,0,1,0,0
49255,2888,0,0,1,0,0
49280,2889,0,0,1,0,0
49284,2890,0,0,1,0,0
49315,2891,0,0,1,0,0
49331,2892,0,0,1,0,0
49333,2893,0,0,1,0,0
49350,2894,0,0,1,0,0
49434,2895,0,0,1,0,0
49458,2896,0,0,1,0,0
49459,2897,0,0,1,0,0
49507,2898,0,0,1,0,0
49574,2899,0,0,1,0,0
49672,2900,0,0,1,0,0
49673,2901,0,0,1,0,0
49690,2902,0,0,1,0,0
49705,2903,0,0,1,0,0
49712,2904,0,0,1,0,0
49721,2905,0,0,1,0,0
49729,2906,0,0,1,0,0
49731,2907,0,0,1,0,0
49746,2908,0,0,1,0,0
49763,2909,0,0,1,0,0
49765,2910,0,0,1,0,0
49773,2911,0,0,1,0,0
49794,2912,0,0,1,0,0
49810,2913,0,0,1,0,0
49820,2914,0,0,1,0,0
49843,2915,0,0,1,0,0
49853,2916,0,0,1,0,0
49907,2917,0,0,1,0,0
49921,2918,0,0,1,0,0
49928,2919,0,0,1,0,0
49931,2920,0,0,1,0,0
49934,2921,0,0,1,0,0
49956,2922,0,0,1,0,0
49959,2923,0,0,1,0,0
49965,2924,0,0,1,0,0
49966,2925,0,0,1,0,0
49975,2926,0,0,1,0,0
50032,2927,0,0,1,0,0
50035,2928,0,0,1,0,0
50068,2929,0,0,1,0,0
50085,2930,0,0,1,0,0
50135,2931,0,0,1,0,0
50136,2932,0,0,1,0,0
50165,2933,0,0,1,0,0
50171,2934,0,0,1,0,0
50204,2935,0,0,1,0,0
50215,2936,0,0,1,0,0
50241,2937,0,0,1,0,0
50270,2938,0,0,1,0,0
50308,2939,0,0,1,0,0
50338,2940,0,0,1,0,0
50339,2941,0,0,1,0,0
50398,2942,0,0,1,0,0
50426,2943,0,0,1,0,0
50434,2944,0,0,1,0,0
50445,2945,0,0,1,0,0
50451,2946,0,0,1,0,0
50452,2947,0,0,1,0,0
50468,2948,0,0,1,0,0
50497,2949,0,0,1,0,0
50514,2950,0,0,1,0,0
50528,2951,0,0,1,0,0
50536,2952,0,0,1,0,0
50547,2953,0,0,1,0,0
50552,2954,0,0,1,0,0
50621,2955,0,0,1,0,0
50689,2956,0,0,1,0,0
50703,2957,0,0,1,0,0
50720,2958,0,0,1,0,0
50748,2959,0,0,1,0,0
50760,2960,0,0,1,0,0
50791,2961,0,0,1,0,0
50792,2962,0,0,1,0,0
50804,2963,0,0,1,0,0
50823,2964,0,0,1,0,0
50843,2965,0,0,1,0,0
50871,2966,0,0,1,0,0
50885,2967,0,0,1,0,0
50896,2968,0,0,1,0,0
50908,2969,0,0,1,0,0
50924,2970,0,0,1,0,0
50939,2971,0,0,1,0,0
50951,2972,0,0,1,0,0
51013,2973,0,0,1,0,0
51034,2974,0,0,1,0,0
51038,2975,0,0,1,0,0
51076,2976,0,0,1,0,0
51086,2977,0,0,1,0,0
51124,2978,0,0,1,0,0
51146,2979,0,0,1,0,0
51154,2980,0,0,1,0,0
51251,2981,0,0,1,0,0
51256,2982,0,0,1,0,0
51265,2983,0,0,1,0,0
51292,2984,0,0,1,0,0
51341,2985,0,0,1,0,0
51422,2986,0,0,0,1,0
51424,2987,0,0,1,0,0
51482,2988,0,0,1,0,0
51522,2989,0,0,1,0,0
51523,2990,0,0,1,0,0
51611,2991,0,0,1,0,0
51618,2992,0,0,1,0,0
51702,2993,0,0,1,0,0
51704,2994,0,0,1,0,0
51752,2995,0,0,1,0,0
51762,2996,0,0,1,0,0
51785,2997,0,0,1,0,0
51831,2998,0,0,1,0,0
51869,2999,0,0,1,0,0
51944,3000,0,0,1,0,0
51952,3001,0,0,1,0,0
51970,3002,0,0,1,0,0
51989,3003,0,0,1,0,0
52023,3004,0,0,1,0,0
52030,3005,0,0,1,0,0
52068,3006,0,0,1,0,0
52150,3007,0,0,1,0,0
52154,3008,0,0,1,0,0
52158,3009,0,0,1,0,0
52161,3010,0,0,1,0,0
52181,3011,1,0,0,0,0
52182,3012,0,0,1,0,0
52187,3013,0,0,1,0,0
52188,3014,0,0,1,0,0
52233,3015,0,0,1,0,0
52248,3016,0,0,1,0,0
52291,3017,0,0,1,0,0
52320,3018,0,0,1,0,0
52322,3019,0,0,1,0,0
52351,3020,0,0,1,0,0
52399,3021,0,0,1,0,0
52402,3022,0,0,1,0,0
52414,3023,0,0,1,0,0
52423,3024,0,0,1,0,0
52425,3025,0,0,1,0,0
52491,3026,0,0,1,0,0
52507,3027,0,0,1,0,0
52528,3028,0,0,1,0,0
52572,3029,0,0,1,0,0
52656,3030,0,0,1,0,0
52677,3031,0,0,1,0,0
52769,3032,0,0,1,0,0
52798,3033,0,0,1,0,0
52800,3034,0,0,1,0,0
52805,3035,0,0,1,0,0
52818,3036,0,0,1,0,0
52893,3037,0,0,1,0,0
52976,3038,0,0,1,0,0
52986,3039,0,0,1,0,0
53003,3040,0,0,1,0,0
53054,3041,0,0,1,0,0
53057,3042,0,0,1,0,0
53078,3043,0,0,1,0,0
53094,3044,0,0,1,0,0
53111,3045,0,0,1,0,0
53122,3046,0,0,1,0,0
53135,3047,0,0,1,0,0
53166,3048,0,0,1,0,0
53243,3049,0,0,1,0,0
53283,3050,0,0,1,0,0
53312,3051,0,0,1,0,0
53332,3052,0,0,1,0,0
53355,3053,0,0,1,0,0
53392,3054,0,0,1,0,0
53410,3055,0,0,1,0,0
53419,3056,0,0,1,0,0
53444,3057,0,0,1,0,0
53476,3058,0,0,1,0,0
53491,3059,0,0,1,0,0
53534,3060,0,0,1,0,0
53541,3061,0,0,1,0,0
53583,3062,0,0,1,0,0
53597,3063,0,0,1,0,0
53638,3064,0,0,1,0,0
53691,3065,0,0,1,0,0
53709,3066,0,0,1,0,0
53755,3067,0,0,1,0,0
53795,3068,0,0,1,0,0
53831,3069,0,0,1,0,0
53844,3070,0,0,1,0,0
53858,3071,0,0,1,0,0
53886,3072,0,0,1,0,0
53900,3073,0,0,1,0,0
53919,3074,0,0,1,0,0
53921,3075,0,0,1,0,0
53926,3076,0,0,1,0,0
53933,3077,0,0,1,0,0
53944,3078,0,0,1,0,0
53955,3079,0,0,1,0,0
53959,3080,0,0,1,0,0
53961,3081,0,0,1,0,0
53972,3082,0,0,1,0,0
53982,3083,0,0,1,0,0
54057,3084,0,0,1,0,0
54109,3085,0,0,1,0,0
54156,3086,0,0,1,0,0
54208,3087,0,0,1,0,0
54245,3088,0,0,1,0,0
54299,3089,0,0,1,0,0
54371,3090,0,0,1,0,0
54381,3091,0,0,1,0,0
54398,3092,0,0,1,0,0
54400,3093,0,0,1,0,0
54406,3094,0,0,1,0,0
54425,3095,0,0,1,0,0
54440,3096,0,0,1,0,0
54462,3097,0,0,1,0,0
54503,3098,0,0,1,0,0
54506,3099,0,0,1,0,0
54584,3100,0,0,0,1,0
54600,3101,0,0,1,0,0
54628,3102,0,0,1,0,0
54691,3103,0,0,1,0,0
54764,3104,0,0,1,0,0
54785,3105,0,0,1,0,0
54865,3106,0,0,0,1,0
54892,3107,0,0,1,0,0
54924,3108,0,0,1,0,0
54939,3109,0,0,1,0,0
54945,3110,0,0,1,0,0
54958,3111,0,0,1,0,0
54991,3112,0,0,1,0,0
54994,3113,0,0,1,0,0
55043,3114,0,0,1,0,0
55055,3115,0,0,1,0,0
55056,3116,0,0,1,0,0
55105,3117,0,0,1,0,0
55133,3118,0,0,1,0,0
55217,3119,0,0,0,1,0
55312,3120,0,0,1,0,0
55337,3121,0,0,1,0,0
55344,3122,0,0,1,0,0
55369,3123,0,0,1,0,0
55489,3124,0,0,1,0,0
55490,3125,0,0,1,0,0
55504,3126,0,0,1,0,0
55557,3127,0,0,1,0,0
55569,3128,0,0,1,0,0
55654,3129,0,0,0,1,0
55687,3130,0,0,1,0,0
55709,3131,0,0,1,0,0
55717,3132,0,0,1,0,0
55736,3133,0,0,1,0,0
55740,3134,0,0,1,0,0
55799,3135,0,0,1,0,0
55804,3136,0,0,1,0,0
55856,3137,0,0,1,0,0
55880,3138,0,0,1,0,0
55905,3139,0,0,1,0,0
55919,3140,0,0,1,0,0
55926,3141,0,0,1,0,0
55969,3142,0,0,1,0,0
56037,3143,0,0,1,0,0
56042,3144,0,0,1,0,0
56083,3145,0,0,1,0,0
56109,3146,0,0,1,0,0
56112,3147,0,0,1,0,0
56188,3148,0,0,1,0,0
56212,3149,0,0,1,0,0
56282,3150,0,0,1,0,0
56286,3151,0,0,1,0,0
56288,3152,0,0,1,0,0
56347,3153,0,0,1,0,0
56364,3154,0,0,1,0,0
56394,3155,0,0,1,0,0
56399,3156,0,0,1,0,0
56423,3157,0,0,1,0,0
56438,3158,0,0,1,0,0
56480,3159,0,0,1,0,0
56547,3160,0,0,1,0,0
56583,3161,0,0,1,0,0
56587,3162,0,0,1,0,0
56646,3163,0,0,1,0,0
56666,3164,0,0,1,0,0
56690,3165,0,0,1,0,0
56724,3166,0,0,1,0,0
56734,3167,0,0,1,0,0
56787,3168,0,0,1,0,0
56813,3169,0,0,1,0,0
56899,3170,0,0,0,1,0
56934,3171,0,0,1,0,0
56954,3172,0,0,1,0,0
56963,3173,0,0,1,0,0
57007,3174,0,0,1,0,0
57049,3175,0,0,1,0,0
57054,3176,0,0,1,0,0
57141,3177,0,0,1,0,0
57221,3178,0,0,1,0,0
57239,3179,0,0,1,0,0
57243,3180,0,0,1,0,0
57273,3181,0,0,1,0,0
57277,3182,0,0,1,0,0
57282,3183,0,0,1,0,0
57293,3184,0,0,1,0,0
57313,3185,0,0,1,0,0
57314,3186,0,0,1,0,0
57348,3187,0,0,1,0,0
57408,3188,0,0,1,0,0
57452,3189,0,0,1,0,0
57533,3190,0,0,1,0,0
57549,3191,0,0,1,0,0
57551,3192,0,0,1,0,0
57566,3193,0,0,1,0,0
57582,3194,0,0,1,0,0
57613,3195,0,0,1,0,0
57688,3196,0,0,0,1,0
57756,3197,0,0,1,0,0
57768,3198,0,0,1,0,0
57817,3199,0,0,1,0,0
57898,3200,0,0,0,1,0
57904,3201,0,0,1,0,0
57916,3202,0,0,1,0,0
57984,3203,0,0,1,0,0
57985,3204,0,0,1,0,0
58045,3205,0,0,1,0,0
58118,3206,0,0,1,0,0
58130,3207,0,0,1,0,0
58141,3208,0,0,1,0,0
58160,3209,0,0,1,0,0
58165,3210,0,0,1,0,0
58168,3211,0,0,1,0,0
58224,3212,0,0,1,0,0
58262,3213,0,0,1,0,0
58273,3214,0,0,1,0,0
58279,3215,0,0,1,0,0
58328,3216,0,0,1,0,0
58375,3217,0,0,1,0,0
58388,3218,0,0,1,0,0
58395,3219,0,0,1,0,0
58426,3220,0,0,1,0,0
58499,3221,0,0,0,1,0
58512,3222,0,0,1,0,0
58552,3223,0,0,1,0,0
58600,3224,0,0,1,0,0
58619,3225,0,0,1,0,0
58661,3226,0,0,1,0,0
58683,3227,0,0,1,0,0
58686,3228,0,0,1,0,0
58715,3229,0,0,1,0,0
58807,3230,0,0,0,1,0
58815,3231,0,0,1,0,0
58820,3232,0,0,1,0,0
58836,3233,0,0,1,0,0
58846,3234,0,0,1,0,0
58854,3235,0,0,1,0,0
58865,3236,0,0,1,0,0
58877,3237,0,0,1,0,0
58905,3238,0,0,1,0,0
58907,3239,1,0,0,0,0
58941,3240,0,0,1,0,0
58949,3241,0,0,1,0,0
58962,3242,0,0,1,0,0
58965,3243,0,0,1,0,0
58988,3244,0,0,1,0,0
59042,3245,0,0,1,0,0
59079,3246,0,0,1,0,0
59100,3247,0,0,1,0,0
59101,3248,0,0,1,0,0
59104,3249,0,0,1,0,0
59151,3250,0,0,1,0,0
59212,3251,0,0,1,0,0
59291,3252,0,0,1,0,0
59305,3253,0,0,1,0,0
59308,3254,0,0,1,0,0
59336,3255,0,0,1,0,0
59340,3256,0,0,1,0,0
59370,3257,0,0,1,0,0
59421,3258,0,0,1,0,0
59486,3259,0,0,1,0,0
59560,3260,0,0,1,0,0
59600,3261,0,0,1,0,0
59635,3262,0,0,1,0,0
59642,3263,1,0,0,0,0
59668,3264,0,0,1,0,0
59675,3265,0,0,1,0,0
59685,3266,0,0,1,0,0
59755,3267,0,0,1,0,0
59837,3268,0,0,1,0,0
59915,3269,0,0,0,1,0
59920,3270,0,0,1,0,0
59989,3271,0,0,1,0,0
60051,3272,0,0,1,0,0
60077,3273,0,0,1,0,0
60133,3274,0,0,1,0,0
60159,3275,0,0,1,0,0
60220,3276,0,0,1,0,0
60242,3277,0,0,1,0,0
60279,3278,0,0,1,0,0
60289,3279,0,0,1,0,0
60313,3280,0,0,1,0,0
60380,3281,0,0,1,0,0
60452,3282,0,0,0,1,0
60465,3283,0,0,1,0,0
60489,3284,0,0,1,0,0
60510,3285,0,0,1,0,0
60520,3286,0,0,1,0,0
60613,3287,0,0,0,1,0
60698,3288,0,0,0,1,0
60741,3289,0,0,1,0,0
60791,3290,0,0,1,0,0
60876,3291,0,0,1,0,0
60880,3292,0,0,1,0,0
60938,3293,0,0,1,0,0
60990,3294,0,0,1,0,0
61040,3295,0,0,1,0,0
61044,3296,0,0,1,0,0
61089,3297,0,0,1,0,0
61124,3298,0,0,1,0,0
61172,3299,0,0,1,0,0
61173,3300,0,0,1,0,0
61180,3301,0,0,1,0,0
61211,3302,0,0,1,0,0
61291,3303,0,0,1,0,0
61338,3304,0,0,1,0,0
61351,3305,0,0,1,0,0
61436,3306,0,0,1,0,0
61437,3307,0,0,1,0,0
61505,3308,0,0,0,1,0
61586,3309,0,0,0,1,0
61598,3310,0,0,1,0,0
61610,3311,0,0,1,0,0
61701,3312,0,0,0,1,0
61761,3313,0,0,1,0,0
61774,3314,0,0,1,0,0
61776,3315,0,0,1,0,0
61843,3316,0,0,0,1,0
61862,3317,0,0,1,0,0
61917,3318,0,0,1,0,0
62008,3319,0,0,0,1,0
62066,3320,0,0,1,0,0
62095,3321,0,0,1,0,0
62130,3322,0,0,1,0,0
62168,3323,0,0,1,0,0
62169,3324,0,0,1,0,0
62200,3325,0,0,1,0,0
62216,3326,0,0,1,0,0
62220,3327,0,0,1,0,0
62306,3328,0,0,1,0,0
62308,3329,0,0,1,0,0
62372,3330,0,0,1,0,0
62406,3331,0,0,1,0,0
62432,3332,0,0,1,0,0
62441,3333,0,0,1,0,0
62456,3334,0,0,1,0,0
62486,3335,0,0,1,0,0
62573,3336,0,0,0,1,0
62595,3337,0,0,1,0,0
62608,3338,0,0,1,0,0
62628,3339,0,0,1,0,0
62646,3340,0,0,1,0,0
62655,3341,0,0,1,0,0
62733,3342,0,0,1,0,0
62781,3343,0,0,1,0,0
62840,3344,0,0,1,0,0
62856,3345,0,0,1,0,0
62889,3346,0,0,1,0,0
62891,3347,0,0,1,0,0
62902,3348,0,0,1,0,0
63030,3349,0,0,1,0,0
63035,3350,0,0,1,0,0
63039,3351,0,0,1,0,0
63060,3352,0,0,1,0,0
63113,3353,0,0,1,0,0
63115,3354,0,0,1,0,0
63170,3355,0,0,1,0,0
63250,3356,0,0,0,1,0
63255,3357,1,0,0,0,0
63260,3358,0,0,1,0,0
63283,3359,0,0,1,0,0
63339,3360,0,0,1,0,0
63369,3361,0,0,1,0,0
63373,3362,0,0,1,0,0
63451,3363,0,0,1,0,0
63498,3364,0,0,1,0,0
63522,3365,0,0,1,0,0
63526,3366,0,0,1,0,0
63535,3367,1,0,0,0,0
63591,3368,0,0,1,0,0
63628,3369,0,0,1,0,0
63685,3370,0,0,1,0,0
63716,3371,0,0,1,0,0
63789,3372,0,0,1,0,0
63874,3373,0,0,1,0,0
63901,3374,0,0,1,0,0
63942,3375,0,0,1,0,0
63961,3376,0,0,1,0,0
63968,3377,0,0,1,0,0
64010,3378,0,0,1,0,0
64028,3379,0,0,1,0,0
64102,3380,0,0,1,0,0
64117,3381,0,0,1,0,0
64118,3382,0,0,1,0,0
64193,3383,0,0,1,0,0
64230,3384,0,0,1,0,0
64288,3385,0,0,1,0,0
64327,3386,0,0,1,0,0
64336,3387,0,0,1,0,0
64342,3388,0,0,1,0,0
64378,3389,0,0,1,0,0
64391,3390,0,0,1,0,0
64427,3391,0,0,1,0,0
64458,3392,0,0,1,0,0
64493,3393,0,0,1,0,0
64579,3394,0,0,0,1,0
64587,3395,0,0,1,0,0
64598,3396,0,0,1,0,0
64654,3397,0,0,1,0,0
64666,3398,0,0,1,0,0
64732,3399,0,0,1,0,0
64733,3400,0,0,1,0,0
64750,3401,0,0,1,0,0
64802,3402,0,0,1,0,0
64817,3403,0,0,1,0,0
64906,3404,0,0,0,1,0
64948,3405,0,0,1,0,0
65000,3406,0,0,1,0,0
65023,3407,0,0,1,0,0
65058,3408,0,0,1,0,0
65106,3409,0,0,1,0,0
65180,3410,0,0,1,0,0
65186,3411,0,0,1,0,0
65198,3412,0,0,1,0,0
65208,3413,0,0,1,0,0
65248,3414,0,0,1,0,0
65258,3415,0,0,1,0,0
65269,3416,0,0,1,0,0
65276,3417,0,0,1,0,0
65315,3418,0,0,1,0,0
65445,3419,0,0,1,0,0
65480,3420,0,0,1,0,0
65519,3421,0,0,1,0,0
65579,3422,0,0,1,0,0
65596,3423,0,0,1,0,0
65681,3424,0,0,1,0,0
65709,3425,0,0,1,0,0
65713,3426,0,0,1,0,0
65725,3427,0,0,1,0,0
65737,3428,0,0,1,0,0
65789,3429,0,0,1,0,0
65820,3430,0,0,1,0,0
65948,3431,0,0,1,0,0
65971,3432,0,0,1,0,0
66007,3433,0,0,1,0,0
66011,3434,0,0,1,0,0
66072,3435,0,0,1,0,0
66153,3436,0,0,0,1,0
66159,3437,0,0,1,0,0
66181,3438,0,0,1,0,0
66232,3439,0,0,1,0,0
66275,3440,0,0,1,0,0
66284,3441,0,0,1,0,0
66301,3442,0,0,1,0,0
66309,3443,0,0,1,0,0
66322,3444,0,0,1,0,0
66366,3445,0,0,1,0,0
66406,3446,0,0,1,0,0
66417,3447,0,0,1,0,0
66424,3448,0,0,1,0,0
66426,3449,0,0,1,0,0
66492,3450,0,0,1,0,0
66498,3451,0,0,1,0,0
66515,3452,0,0,1,0,0
66531,3453,0,0,1,0,0
66633,3454,0,0,0,1,0
66650,3455,0,0,1,0,0
66661,3456,0,0,1,0,0
66685,3457,0,0,1,0,0
66734,3458,0,0,1,0,0
66781,3459,0,0,1,0,0
66809,3460,0,0,1,0,0
66897,3461,0,0,0,1,0
66904,3462,0,0,1,0,0
66960,3463,0,0,1,0,0
66991,3464,0,0,1,0,0
67010,3465,0,0,1,0,0
67027,3466,0,0,1,0,0
67061,3467,0,0,1,0,0
67066,3468,0,0,1,0,0
67134,3469,0,0,1,0,0
67137,3470,0,0,1,0,0
67156,3471,0,0,1,0,0
67174,3472,0,0,1,0,0
67229,3473,0,0,1,0,0
67248,3474,0,0,1,0,0
67250,3475,0,0,1,0,0
67279,3476,0,0,1,0,0
67326,3477,0,0,1,0,0
67384,3478,0,0,1,0,0
67456,3479,0,0,1,0,0
67482,3480,0,0,1,0,0
67564,3481,0,0,0,1,0
67566,3482,0,0,1,0,0
67645,3483,0,0,1,0,0
67686,3484,0,0,1,0,0
67717,3485,0,0,1,0,0
67746,3486,0,0,1,0,0
67837,3487,0,0,0,1,0
67838,3488,0,0,1,0,0
67926,3489,0,0,0,1,0
67927,3490,0,0,1,0,0
67988,3491,0,0,1,0,0
67996,3492,0,0,1,0,0
68007,3493,0,0,1,0,0
68087,3494,0,0,1,0,0
68094,3495,0,0,1,0,0
68111,3496,0,0,1,0,0
68196,3497,0,0,0,1,0
68219,3498,0,0,1,0,0
68310,3499,0,0,1,0,0
68345,3500,0,0,1,0,0
68467,3501,0,0,1,0,0
68536,3502,0,0,1,0,0
68562,3503,0,0,1,0,0
68566,3504,0,0,1,0,0
68598,3505,0,0,1,0,0
68610,3506,0,0,1,0,0
68682,3507,0,0,1,0,0
68695,3508,0,0,1,0,0
68714,3509,0,0,1,0,0
68799,3510,0,0,0,1,0
68857,3511,0,0,1,0,0
68934,3512,0,0,1,0,0
68946,3513,0,0,1,0,0
69016,3514,0,0,1,0,0
69068,3515,0,0,1,0,0
69086,3516,0,0,1,0,0
69170,3517,0,0,1,0,0
69278,3518,0,0,0,1,0
69328,3519,0,0,1,0,0
69338,3520,0,0,1,0,0
69402,3521,0,0,1,0,0
69514,3522,0,0,0,1,0
69525,3523,0,0,1,0,0
69542,3524,0,0,1,0,0
69587,3525,0,0,1,0,0
69588,3526,0,0,1,0,0
69600,3527,0,0,1,0,0
69646,3528,0,0,1,0,0
69770,3529,0,0,0,1,0
69845,3530,0,0,1,0,0
69855,3531,0,0,1,0,0
69858,3532,0,0,1,0,0
69920,3533,0,0,1,0,0
70009,3534,0,0,0,1,0
70020,3535,0,0,1,0,0
70023,3536,0,0,1,0,0
70064,3537,0,0,1,0,0
70121,3538,0,0,1,0,0
70162,3539,0,0,1,0,0
70169,3540,0,0,1,0,0
70192,3541,0,0,1,0,0
70207,3542,0,0,1,0,0
70226,3543,0,0,1,0,0
70245,3544,0,0,1,0,0
70292,3545,0,0,1,0,0
70309,3546,0,0,1,0,0
70310,3547,0,0,1,0,0
70348,3548,0,0,1,0,0
70427,3549,0,0,1,0,0
70511,3550,0,0,1,0,0
70518,3551,0,0,1,0,0
70553,3552,0,0,1,0,0
70612,3553,0,0,1,0,0
70642,3554,0,0,1,0,0
70651,3555,0,0,1,0,0
70701,3556,0,0,1,0,0
70711,3557,0,0,1,0,0
70750,3558,0,0,1,0,0
70787,3559,0,0,1,0,0
70846,3560,0,0,1,0,0
70938,3561,0,0,0,1,0
70956,3562,0,0,1,0,0
70976,3563,0,0,1,0,0
70993,3564,0,0,1,0,0
71005,3565,0,0,1,0,0
71090,3566,0,0,1,0,0
71132,3567,0,0,1,0,0
71168,3568,0,0,1,0,0
71173,3569,0,0,1,0,0
71298,3570,0,0,1,0,0
71309,3571,0,0,1,0,0
71375,3572,0,0,0,1,0
71419,3573,0,0,1,0,0
71440,3574,0,0,1,0,0
71461,3575,0,0,1,0,0
71540,3576,0,0,1,0,0
71541,3577,0,0,1,0,0
71589,3578,0,0,1,0,0
71609,3579,0,0,1,0,0
71681,3580,0,0,1,0,0
71739,3581,0,0,1,0,0
71745,3582,0,0,1,0,0
71770,3583,0,0,1,0,0
71834,3584,0,0,1,0,0
71928,3585,0,0,0,1,0
72026,3586,0,0,0,1,0
72071,3587,0,0,1,0,0
72076,3588,0,0,1,0,0
72091,3589,0,0,1,0,0
72131,3590,0,0,1,0,0
72178,3591,0,0,1,0,0
72268,3592,0,0,0,1,0
72281,3593,0,0,1,0,0
72298,3594,0,0,1,0,0
72324,3595,0,0,1,0,0
72343,3596,0,0,1,0,0
72432,3597,0,0,1,0,0
72435,3598,0,0,1,0,0
72523,3599,0,0,1,0,0
72548,3600,0,0,1,0,0
72572,3601,0,0,1,0,0
72582,3602,0,0,1,0,0
72634,3603,0,0,1,0,0
72663,3604,0,0,1,0,0
72750,3605,0,0,0,1,0
72801,3606,0,0,1,0,0
72813,3607,0,0,1,0,0
72856,3608,0,0,1,0,0
72878,3609,0,0,1,0,0
72915,3610,0,0,1,0,0
72996,3611,0,0,1,0,0
73007,3612,0,0,1,0,0
73015,3613,0,0,1,0,0
73099,3614,0,0,1,0,0
73100,3615,1,0,0,0,0
73174,3616,0,0,1,0,0
73276,3617,0,0,1,0,0
73342,3618,0,0,1,0,0
73348,3619,0,0,1,0,0
73421,3620,0,0,1,0,0
73478,3621,0,0,1,0,0
73553,3622,0,0,1,0,0
73557,3623,0,0,1,0,0
73568,3624,0,0,1,0,0
73625,3625,0,0,1,0,0
73639,3626,0,0,1,0,0
73693,3627,0,0,1,0,0
73768,3628,0,0,1,0,0
73777,3629,0,0,1,0,0
73836,3630,0,0,1,0,0
73848,3631,0,0,1,0,0
73850,3632,0,0,1,0,0
73880,3633,0,0,1,0,0
73890,3634,0,0,1,0,0
73973,3635,0,0,0,1,0
73974,3636,0,0,1,0,0
73980,3637,0,0,1,0,0
74036,3638,0,0,1,0,0
74101,3639,0,0,1,0,0
74103,3640,0,0,1,0,0
74119,3641,0,0,1,0,0
74200,3642,0,0,1,0,0
74283,3643,0,0,1,0,0
74317,3644,0,0,1,0,0
74387,3645,0,0,1,0,0
74411,3646,0,0,1,0,0
74423,3647,0,0,1,0,0
74525,3648,0,0,0,1,0
74558,3649,0,0,1,0,0
74627,3650,0,0,1,0,0
74649,3651,0,0,1,0,0
74680,3652,0,0,1,0,0
74766,3653,0,0,1,0,0
74828,3654,0,0,1,0,0
74842,3655,0,0,1,0,0
74868,3656,0,0,1,0,0
74922,3657,0,0,1,0,0
74976,3658,0,0,1,0,0
74983,3659,0,0,1,0,0
74986,3660,1,0,0,0,0
75008,3661,0,0,1,0,0
75031,3662,0,0,1,0,0
75133,3663,0,0,0,1,0
75180,3664,0,0,1,0,0
75214,3665,0,0,1,0,0
75272,3666,0,0,1,0,0
75293,3667,0,0,1,0,0
75310,3668,0,0,1,0,0
75361,3669,0,0,1,0,0
75424,3670,0,0,1,0,0
75518,3671,0,0,1,0,0
75525,3672,0,0,1,0,0
75571,3673,0,0,1,0,0
75584,3674,0,0,1,0,0
75592,3675,0,0,1,0,0
75613,3676,0,0,1,0,0
75649,3677,0,0,1,0,0
75655,3678,0,0,1,0,0
75717,3679,0,0,0,1,0
75813,3680,0,0,0,1,0
75843,3681,0,0,1,0,0
75934,3682,0,0,0,1,0
75956,3683,0,0,1,0,0
76064,3684,0,0,1,0,0
76116,3685,0,0,1,0,0
76131,3686,0,0,1,0,0
76191,3687,0,0,1,0,0
76308,3688,0,0,0,1,0
76416,3689,0,0,0,1,0
76442,3690,0,0,1,0,0
76483,3691,0,0,1,0,0
76491,3692,0,0,1,0,0
76527,3693,0,0,1,0,0
76564,3694,0,0,1,0,0
76603,3695,0,0,1,0,0
76690,3696,0,0,0,1,0
76698,3697,0,0,1,0,0
76721,3698,0,0,1,0,0
76757,3699,0,0,1,0,0
76790,3700,0,0,1,0,0
76814,3701,0,0,1,0,0
76891,3702,0,0,1,0,0
76925,3703,0,0,1,0,0
76962,3704,0,0,1,0,0
76976,3705,0,0,1,0,0
76979,3706,0,0,1,0,0
77006,3707,0,0,1,0,0
77011,3708,0,0,1,0,0
77083,3709,0,0,1,0,0
77103,3710,0,0,1,0,0
77233,3711,0,0,0,1,0
77262,3712,0,0,1,0,0
77290,3713,0,0,1,0,0
77363,3714,0,0,1,0,0
77370,3715,0,0,1,0,0
77453,3716,0,0,1,0,0
77480,3717,0,0,1,0,0
77548,3718,0,0,0,1,0
77642,3719,0,0,0,1,0
77658,3720,0,0,1,0,0
77667,3721,0,0,1,0,0
77698,3722,0,0,1,0,0
77704,3723,0,0,1,0,0
77728,3724,0,0,1,0,0
77729,3725,1,0,0,0,0
77768,3726,0,0,1,0,0
77776,3727,0,0,1,0,0
77830,3728,0,0,1,0,0
77944,3729,0,0,0,1,0
77982,3730,0,0,1,0,0
78076,3731,0,0,1,0,0
78168,3732,0,0,0,1,0
78212,3733,0,0,1,0,0
78246,3734,0,0,1,0,0
78303,3735,0,0,1,0,0
78448,3736,0,0,0,1,0
78498,3737,0,0,1,0,0
78517,3738,0,0,1,0,0
78579,3739,0,0,1,0,0
78581,3740,0,0,1,0,0
78754,3741,0,0,0,1,0
78783,3742,0,0,1,0,0
78800,3743,0,0,1,0,0
78811,3744,0,0,1,0,0
78813,3745,0,0,1,0,0
78825,3746,0,0,1,0,0
78947,3747,0,0,0,1,0
79042,3748,0,0,1,0,0
79192,3749,0,0,1,0,0
79210,3750,0,0,1,0,0
79226,3751,0,0,1,0,0
79235,3752,0,0,1,0,0
79275,3753,0,0,1,0,0
79299,3754,0,0,1,0,0
79354,3755,0,0,1,0,0
79395,3756,0,0,1,0,0
79421,3757,0,0,1,0,0
79499,3758,0,0,0,1,0
79513,3759,0,0,1,0,0
79601,3760,0,0,0,1,0
79610,3761,0,0,1,0,0
79623,3762,0,0,1,0,0
79635,3763,0,0,1,0,0
79637,3764,0,0,1,0,0
79644,3765,0,0,1,0,0
79660,3766,0,0,1,0,0
79719,3767,0,0,1,0,0
79825,3768,0,0,0,1,0
79849,3769,0,0,1,0,0
79925,3770,0,0,1,0,0
80017,3771,0,0,0,1,0
80038,3772,0,0,1,0,0
80072,3773,0,0,1,0,0
80294,3774,0,0,0,1,0
80393,3775,0,0,0,1,0
80399,3776,0,0,1,0,0
80493,3777,0,0,1,0,0
80531,3778,0,0,1,0,0
80576,3779,0,0,1,0,0
80664,3780,0,0,0,1,0
80754,3781,0,0,1,0,0
80775,3782,0,0,1,0,0
80792,3783,0,0,1,0,0
80806,3784,0,0,1,0,0
80820,3785,0,0,1,0,0
80910,3786,0,0,0,1,0
80945,3787,0,0,1,0,0
80959,3788,0,0,1,0,0
81080,3789,0,0,1,0,0
81181,3790,0,0,0,1,0
81283,3791,0,0,0,1,0
81344,3792,0,0,1,0,0
81376,3793,0,0,1,0,0
81378,3794,0,0,1,0,0
81499,3795,0,0,0,1,0
81632,3796,0,0,1,0,0
81634,3797,0,0,1,0,0
81796,3798,0,0,1,0,0
81809,3799,0,0,1,0,0
81864,3800,0,0,1,0,0
81878,3801,0,0,1,0,0
81885,3802,0,0,1,0,0
81931,3803,0,0,1,0,0
81989,3804,0,0,1,0,0
82025,3805,0,0,1,0,0
82028,3806,0,0,1,0,0
82090,3807,0,0,1,0,0
82106,3808,0,0,1,0,0
82133,3809,0,0,1,0,0
82143,3810,0,0,1,0,0
82223,3811,0,0,1,0,0
82348,3812,0,0,1,0,0
82350,3813,0,0,1,0,0
82479,3814,0,0,0,1,0
82481,3815,0,0,1,0,0
82506,3816,0,0,1,0,0
82520,3817,0,0,1,0,0
82545,3818,0,0,1,0,0
82662,3819,0,0,0,1,0
82708,3820,0,0,1,0,0
82745,3821,0,0,1,0,0
82834,3822,0,0,0,1,0
82887,3823,0,0,1,0,0
82901,3824,0,0,1,0,0
82995,3825,0,0,0,1,0
83005,3826,0,0,1,0,0
83115,3827,0,0,0,1,0
83124,3828,0,0,1,0,0
83132,3829,0,0,1,0,0
83171,3830,0,0,1,0,0
83237,3831,0,0,1,0,0
83306,3832,0,0,1,0,0
83308,3833,0,0,1,0,0
83395,3834,0,0,0,1,0
83409,3835,1,0,0,0,0
83434,3836,0,0,1,0,0
83504,3837,0,0,0,1,0
83536,3838,0,0,1,0,0
83573,3839,0,0,1,0,0
83624,3840,0,0,1,0,0
83633,3841,0,0,1,0,0
83691,3842,0,0,1,0,0
83741,3843,0,0,1,0,0
83745,3844,0,0,1,0,0
83746,3845,0,0,1,0,0
83868,3846,0,0,0,1,0
83895,3847,0,0,1,0,0
84006,3848,0,0,1,0,0
84010,3849,0,0,1,0,0
84037,3850,0,0,1,0,0
84115,3851,0,0,1,0,0
84124,3852,0,0,1,0,0
84136,3853,0,0,1,0,0
84155,3854,0,0,1,0,0
84239,3855,0,0,0,1,0
84278,3856,0,0,1,0,0
84299,3857,0,0,1,0,0
84386,3858,0,0,0,1,0
84388,3859,0,0,1,0,0
84393,3860,1,0,0,0,0
84396,3861,0,0,1,0,0
84405,3862,0,0,1,0,0
84458,3863,0,0,1,0,0
84566,3864,0,0,1,0,0
84582,3865,0,0,1,0,0
84709,3866,0,0,1,0,0
84754,3867,0,0,1,0,0
84772,3868,0,0,1,0,0
84857,3869,0,0,0,1,0
84859,3870,0,0,1,0,0
84864,3871,0,0,1,0,0
84870,3872,0,0,1,0,0
84884,3873,0,0,1,0,0
84985,3874,0,0,1,0,0
85006,3875,0,0,1,0,0
85011,3876,0,0,1,0,0
85090,3877,0,0,1,0,0
85156,3878,0,0,1,0,0
85158,3879,0,0,1,0,0
85184,3880,0,0,1,0,0
85216,3881,0,0,1,0,0
85218,3882,0,0,1,0,0
85327,3883,0,0,0,1,0
85424,3884,0,0,1,0,0
85427,3885,0,0,1,0,0
85517,3886,0,0,0,1,0
85560,3887,0,0,1,0,0
85571,3888,0,0,1,0,0
85592,3889,0,0,1,0,0
85601,3890,0,0,1,0,0
85614,3891,0,0,1,0,0
85664,3892,0,0,1,0,0
85732,3893,0,0,1,0,0
85807,3894,0,0,1,0,0
85824,3895,0,0,1,0,0
85891,3896,0,0,1,0,0
85953,3897,0,0,1,0,0
85966,3898,0,0,1,0,0
85975,3899,0,0,1,0,0
86041,3900,0,0,1,0,0
86049,3901,1,0,0,0,0
86062,3902,0,0,1,0,0
86099,3903,0,0,1,0,0
86158,3904,0,0,1,0,0
86242,3905,0,0,1,0,0
86376,3906,0,0,1,0,0
86449,3907,0,0,1,0,0
86469,3908,0,0,1,0,0
86568,3909,0,0,0,1,0
86657,3910,0,0,1,0,0
86807,3911,0,0,0,1,0
86829,3912,0,0,1,0,0
86844,3913,0,0,1,0,0
86997,3914,0,0,1,0,0
87037,3915,0,0,1,0,0
87054,3916,0,0,1,0,0
87093,3917,0,0,1,0,0
87102,3918,0,0,1,0,0
87190,3919,0,0,1,0,0
87219,3920,0,0,1,0,0
87327,3921,0,0,0,1,0
87367,3922,0,0,1,0,0
87456,3923,0,0,1,0,0
87466,3924,0,0,1,0,0
87563,3925,0,0,1,0,0
87594,3926,0,0,1,0,0
87595,3927,0,0,1,0,0
87690,3928,0,0,1,0,0
87766,3929,0,0,0,1,0
87864,3930,0,0,0,1,0
87898,3931,0,0,1,0,0
87925,3932,0,0,1,0,0
88044,3933,0,0,0,1,0
88169,3934,0,0,0,1,0
88171,3935,0,0,1,0,0
88215,3936,0,0,1,0,0
88248,3937,0,0,1,0,0
88331,3938,0,0,1,0,0
88363,3939,0,0,1,0,0
88434,3940,0,0,1,0,0
88444,3941,0,0,1,0,0
88468,3942,0,0,1,0,0
88530,3943,0,0,1,0,0
88536,3944,0,0,1,0,0
88634,3945,0,0,0,1,0
88665,3946,0,0,1,0,0
88734,3947,0,0,1,0,0
88737,3948,0,0,1,0,0
88861,3949,0,0,0,1,0
88872,3950,0,0,1,0,0
88877,3951,0,0,1,0,0
88976,3952,0,0,0,1,0
88996,3953,0,0,1,0,0
89019,3954,0,0,1,0,0
89046,3955,0,0,1,0,0
89050,3956,0,0,1,0,0
89159,3957,0,0,0,1,0
89269,3958,0,0,0,1,0
89282,3959,0,0,1,0,0
89322,3960,0,0,1,0,0
89328,3961,0,0,1,0,0
89340,3962,0,0,1,0,0
89362,3963,0,0,1,0,0
89437,3964,0,0,1,0,0
89506,3965,0,0,1,0,0
89601,3966,0,0,0,1,0
89602,3967,0,0,1,0,0
89720,3968,0,0,0,1,0
89733,3969,0,0,1,0,0
89896,3970,0,0,0,1,0
90058,3971,0,0,1,0,0
90086,3972,0,0,1,0,0
90131,3973,0,0,1,0,0
90133,3974,0,0,1,0,0
90214,3975,0,0,1,0,0
90250,3976,0,0,1,0,0
90302,3977,0,0,1,0,0
90323,3978,0,0,1,0,0
90444,3979,0,0,1,0,0
90509,3980,0,0,1,0,0
90537,3981,0,0,1,0,0
90644,3982,0,0,0,1,0
90702,3983,0,0,1,0,0
90712,3984,0,0,1,0,0
90738,3985,0,0,1,0,0
90756,3986,0,0,1,0,0
90762,3987,0,0,1,0,0
90863,3988,0,0,0,1,0
90971,3989,0,0,0,1,0
91076,3990,0,0,1,0,0
91187,3991,0,0,0,1,0
91274,3992,0,0,1,0,0
91672,3993,0,0,1,0,0
91809,3994,0,0,1,0,0
91903,3995,0,0,0,1,0
91962,3996,0,0,1,0,0
91988,3997,0,0,1,0,0
92007,3998,0,0,1,0,0
92096,3999,0,0,1,0,0
92177,4000,0,0,1,0,0
92248,4001,0,0,1,0,0
92283,4002,0,0,1,0,0
92285,4003,0,0,1,0,0
92413,4004,0,0,1,0,0
92526,4005,0,0,1,0,0
92537,4006,0,0,1,0,0
92673,4007,0,0,0,1,0
92742,4008,0,0,1,0,0
92746,4009,0,0,1,0,0
92838,4010,0,0,1,0,0
92946,4011,0,0,0,1,0
92982,4012,0,0,1,0,0
93254,4013,0,0,1,0,0
93255,4014,0,0,1,0,0
93326,4015,0,0,1,0,0
93353,4016,0,0,1,0,0
93415,4017,0,0,1,0,0
93528,4018,0,0,0,1,0
93632,4019,0,0,0,1,0
93722,4020,0,0,0,1,0
93742,4021,0,0,1,0,0
93841,4022,0,0,0,1,0
93882,4023,0,0,1,0,0
93901,4024,0,0,1,0,0
93937,4025,0,0,1,0,0
93941,4026,0,0,1,0,0
94030,4027,0,0,0,1,0
94233,4028,0,0,0,1,0
94351,4029,0,0,1,0,0
94407,4030,0,0,1,0,0
94461,4031,0,0,1,0,0
94580,4032,0,0,0,1,0
94659,4033,0,0,1,0,0
94775,4034,0,0,0,1,0
94796,4035,0,0,1,0,0
94919,4036,0,0,0,1,0
94966,4037,0,0,1,0,0
95044,4038,0,0,1,0,0
95061,4039,0,0,1,0,0
95125,4040,0,0,1,0,0
95176,4041,0,0,1,0,0
95266,4042,0,0,0,1,0
95305,4043,0,0,1,0,0
95419,4044,0,0,0,1,0
95443,4045,0,0,1,0,0
95504,4046,0,0,1,0,0
95620,4047,0,0,0,1,0
95792,4048,0,0,1,0,0
95826,4049,0,0,1,0,0
95905,4050,0,0,1,0,0
96037,4051,0,0,1,0,0
96382,4052,0,0,0,1,0
96492,4053,0,0,0,1,0
96503,4054,0,0,1,0,0
96511,4055,0,0,1,0,0
96539,4056,0,0,1,0,0
96759,4057,0,0,1,0,0
96858,4058,0,0,0,1,0
96900,4059,0,0,1,0,0
96985,4060,0,0,0,1,0
97009,4061,0,0,1,0,0
97103,4062,0,0,0,1,0
97197,4063,0,0,0,1,0
97327,4064,0,0,1,0,0
97400,4065,0,0,1,0,0
97406,4066,0,0,1,0,0
97421,4067,0,0,1,0,0
97498,4068,0,0,1,0,0
97555,4069,0,0,1,0,0
97589,4070,0,0,1,0,0
97689,4071,0,0,1,0,0
97806,4072,0,0,0,1,0
97915,4073,0,0,1,0,0
98053,4074,0,0,0,1,0
98167,4075,0,0,0,1,0
98263,4076,0,0,0,1,0
98285,4077,0,0,1,0,0
98379,4078,0,0,0,1,0
98554,4079,0,0,0,1,0
98688,4080,0,0,1,0,0
98716,4081,0,0,1,0,0
98740,4082,0,0,1,0,0
98942,4083,0,0,0,1,0
99061,4084,0,0,0,1,0
99172,4085,0,0,0,1,0
99268,4086,0,0,0,1,0
99274,4087,0,0,1,0,0
99396,4088,0,0,0,1,0
99457,4089,0,0,1,0,0
99573,4090,0,0,0,1,0
99619,4091,0,0,1,0,0
99738,4092,0,0,0,1,0
99781,4093,0,0,1,0,0
99903,4094,0,0,1,0,0
99995,4095,0,0,1,0,0
100044,4096,0,0,1,0,0
100190,4097,0,0,0,1,0
100233,4098,0,0,1,0,0
100321,4099,0,0,1,0,0
100404,4100,0,0,1,0,0
100586,4101,0,0,0,1,0
100697,4102,0,0,0,1,0
100805,4103,0,0,0,1,0
100887,4104,0,0,0,1,0
101004,4105,0,0,0,1,0
101007,4106,0,0,1,0,0
101102,4107,0,0,0,1,0
101128,4108,0,0,1,0,0
101187,4109,0,0,1,0,0
101244,4110,0,0,1,0,0
101365,4111,0,0,0,1,0
101500,4112,0,0,1,0,0
101564,4113,0,0,1,0,0
101679,4114,0,0,0,1,0
101774,4115,0,0,0,1,0
101867,4116,0,0,0,1,0
101973,4117,0,0,0,1,0
102048,4118,0,0,1,0,0
102141,4119,0,0,0,1,0
102252,4120,0,0,0,1,0
102355,4121,0,0,0,1,0
102451,4122,0,0,0,1,0
102567,4123,0,0,0,1,0
102672,4124,0,0,0,1,0
102790,4125,0,0,1,0,0
102882,4126,0,0,0,1,0
102972,4127,0,0,0,1,0
103088,4128,0,0,0,1,0
103183,4129,0,0,0,1,0
103285,4130,0,0,0,1,0
103408,4131,0,0,0,1,0
103508,4132,0,0,0,1,0
103602,4133,0,0,0,1,0
103619,4134,0,0,1,0,0
103663,4135,0,0,1,0,0
103781,4136,0,0,1,0,0
103888,4137,0,0,0,1,0
103914,4138,0,0,1,0,0
104028,4139,0,0,0,1,0
104101,4140,0,0,1,0,0
104164,4141,0,0,1,0,0
104181,4142,0,0,1,0,0
104184,4143,0,0,1,0,0
104185,4144,0,0,1,0,0
104192,4145,0,0,1,0,0
104242,4146,0,0,1,0,0
104256,4147,0,0,1,0,0
104336,4148,0,0,0,1,0
104434,4149,0,0,0,1,0
104542,4150,0,0,0,1,0
104630,4151,0,0,0,1,0
104740,4152,0,0,0,1,0
104848,4153,0,0,0,1,0
104897,4154,0,0,1,0,0
104900,4155,0,0,1,0,0
104912,4156,0,0,1,0,0
105020,4157,0,0,0,1,0
105122,4158,0,0,1,0,0
105299,4159,0,0,1,0,0
105319,4160,0,0,1,0,0
105340,4161,0,0,1,0,0
105457,4162,0,0,0,1,0
105909,4163,0,0,1,0,0
106006,4164,0,0,0,1,0
106114,4165,0,0,0,1,0
106237,4166,0,0,0,1,0
106297,4167,0,0,1,0,0
106314,4168,0,0,1,0,0
106411,4169,0,0,0,1,0
106514,4170,0,0,0,1,0
106561,4171,0,0,1,0,0
106586,4172,0,0,1,0,0
106738,4173,0,0,0,1,0
106924,4174,0,0,0,1,0
107029,4175,0,0,1,0,0
107149,4176,0,0,1,0,0
107230,4177,0,0,1,0,0
107331,4178,0,0,0,1,0
107346,4179,0,0,1,0,0
107350,4180,0,0,1,0,0
107472,4181,0,0,0,1,0
107572,4182,0,0,0,1,0
107689,4183,0,0,0,1,0
107812,4184,0,0,0,1,0
107877,4185,0,0,1,0,0
107976,4186,0,0,0,1,0
108086,4187,0,0,0,1,0
108205,4188,0,0,0,1,0
108262,4189,0,0,1,0,0
108403,4190,0,0,1,0,0
108473,4191,0,0,1,0,0
108593,4192,0,0,0,1,0
108705,4193,0,0,0,1,0
108802,4194,0,0,1,0,0
108891,4195,0,0,0,1,0
109010,4196,0,0,0,1,0
109119,4197,0,0,0,1,0
109241,4198,0,0,0,1,0
109380,4199,0,0,0,1,0
109493,4200,0,0,0,1,0
109589,4201,0,0,0,1,0
109720,4202,0,0,0,1,0
109850,4203,0,0,0,1,0
109873,4204,0,0,1,0,0
109907,4205,0,0,1,0,0
110036,4206,0,0,0,1,0
110113,4207,0,0,1,0,0
110182,4208,0,0,1,0,0
110295,4209,0,0,0,1,0
110320,4210,0,0,1,0,0
110409,4211,0,0,0,1,0
110530,4212,0,0,0,1,0
110744,4213,0,0,1,0,0
110804,4214,0,0,1,0,0
110915,4215,0,0,0,1,0
111035,4216,0,0,0,1,0
111042,4217,0,0,1,0,0
111184,4218,0,0,0,1,0
111261,4219,0,0,1,0,0
111341,4220,0,0,0,1,0
111384,4221,0,0,1,0,0
111497,4222,0,0,0,1,0
111611,4223,0,0,0,1,0
111709,4224,0,0,1,0,0
111713,4225,0,0,1,0,0
111735,4226,0,0,1,0,0
111887,4227,0,0,1,0,0
111957,4228,0,0,1,0,0
112041,4229,0,0,1,0,0
112138,4230,0,0,0,1,0
112143,4231,0,0,1,0,0
112255,4232,0,0,0,1,0
112361,4233,0,0,0,1,0
112418,4234,0,0,1,0,0
112464,4235,0,0,1,0,0
112567,4236,0,0,0,1,0
112673,4237,0,0,1,0,0
112760,4238,0,0,1,0,0
112876,4239,0,0,0,1,0
112994,4240,0,0,0,1,0
113023,4241,0,0,1,0,0
113073,4242,0,0,1,0,0
113180,4243,0,0,0,1,0
113282,4244,0,0,0,1,0
113410,4245,0,0,0,1,0
113434,4246,0,0,1,0,0
113538,4247,0,0,0,1,0
113642,4248,0,0,0,1,0
113745,4249,0,0,0,1,0
113844,4250,0,0,0,1,0
113854,4251,0,0,1,0,0
113859,4252,0,0,1,0,0
113939,4253,0,0,1,0,0
113940,4254,0,0,1,0,0
114038,4255,0,0,1,0,0
114082,4256,0,0,1,0,0
114116,4257,0,0,1,0,0
114129,4258,0,0,1,0,0
114211,4259,0,0,1,0,0
114215,4260,1,0,0,0,0
114299,4261,0,0,1,0,0
114434,4262,0,0,0,1,0
114505,4263,0,0,1,0,0
114630,4264,0,0,0,1,0
114757,4265,0,0,0,1,0
114767,4266,0,0,1,0,0
114873,4267,0,0,0,1,0
115004,4268,0,0,0,1,0
115045,4269,0,0,1,0,0
115368,4270,0,0,1,0,0
115725,4271,0,0,0,1,0
116058,4272,0,0,0,1,0
116166,4273,0,0,0,1,0
116325,4274,0,0,0,1,0
116432,4275,0,0,0,1,0
116564,4276,0,0,0,1,0
116580,4277,0,0,1,0,0
117032,4278,0,0,1,0,0
117074,4279,0,0,1,0,0
117101,4280,0,0,1,0,0
117195,4281,0,0,1,0,0
117322,4282,0,0,1,0,0
117417,4283,0,0,1,0,0
117614,4284,0,0,1,0,0
117691,4285,0,0,1,0,0
117839,4286,0,0,0,1,0
118054,4287,0,0,0,1,0
118086,4288,0,0,1,0,0
118105,4289,0,0,1,0,0
118227,4290,0,0,0,1,0
118243,4291,0,0,1,0,0
118360,4292,0,0,0,1,0
118488,4293,0,0,0,1,0
118582,4294,0,0,0,1,0
118646,4295,0,0,1,0,0
118779,4296,0,0,0,1,0
118805,4297,0,0,1,0,0
118922,4298,0,0,0,1,0
118972,4299,0,0,1,0,0
119082,4300,0,0,0,1,0
119208,4301,0,0,0,1,0
119245,4302,0,0,1,0,0
119300,4303,0,0,1,0,0
119426,4304,0,0,0,1,0
119553,4305,0,0,0,1,0
119684,4306,0,0,0,1,0
119789,4307,0,0,0,1,0
119882,4308,0,0,0,1,0
119980,4309,0,0,1,0,0
120057,4310,0,0,1,0,0
120154,4311,0,0,0,1,0
120240,4312,0,0,1,0,0
120335,4313,0,0,0,1,0
120339,4314,0,0,1,0,0
120462,4315,0,0,0,1,0
120594,4316,0,0,0,1,0
120662,4317,0,0,1,0,0
120752,4318,0,0,1,0,0
120865,4319,0,0,0,1,0
120971,4320,0,0,0,1,0
121088,4321,0,0,0,1,0
121202,4322,0,0,0,1,0
121298,4323,0,0,0,1,0
121320,4324,0,0,1,0,0
121443,4325,0,0,0,1,0
121539,4326,0,0,0,1,0
121646,4327,0,0,0,1,0
121717,4328,0,0,1,0,0
121843,4329,0,0,0,1,0
121846,4330,0,0,1,0,0
121859,4331,0,0,1,0,0
121871,4332,0,0,1,0,0
121905,4333,0,0,1,0,0
122016,4334,0,0,0,1,0
122146,4335,0,0,0,1,0
122252,4336,0,0,0,1,0
122367,4337,0,0,0,1,0
122488,4338,0,0,0,1,0
122614,4339,0,0,0,1,0
122700,4340,0,0,1,0,0
122824,4341,0,0,0,1,0
122864,4342,0,0,1,0,0
122993,4343,0,0,0,1,0
123018,4344,0,0,1,0,0
123141,4345,0,0,0,1,0
123151,4346,0,0,1,0,0
123245,4347,0,0,1,0,0
123345,4348,0,0,0,1,0
123420,4349,0,0,1,0,0
123502,4350,0,0,1,0,0
123529,4351,0,0,1,0,0
123633,4352,0,0,1,0,0
123733,4353,0,0,1,0,0
123801,4354,0,0,1,0,0
123853,4355,0,0,1,0,0
124199,4356,0,0,1,0,0
124313,4357,0,0,1,0,0
124331,4358,0,0,1,0,0
124405,4359,0,0,1,0,0
124420,4360,0,0,1,0,0
124422,4361,0,0,1,0,0
124537,4362,0,0,0,1,0
124701,4363,0,0,1,0,0
124796,4364,0,0,0,1,0
124912,4365,0,0,0,1,0
124943,4366,0,0,1,0,0
124944,4367,1,0,0,0,0
124947,4368,0,0,1,0,0
124989,4369,0,0,1,0,0
125256,4370,0,0,0,1,0
125259,4371,0,0,1,0,0
125348,4372,0,0,1,0,0
125355,4373,0,0,1,0,0
125490,4374,0,0,0,1,0
125583,4375,0,0,0,1,0
125700,4376,0,0,0,1,0
125704,4377,0,0,1,0,0
125815,4378,0,0,0,1,0
125838,4379,0,0,1,0,0
125952,4380,0,0,0,1,0
126008,4381,0,0,1,0,0
126071,4382,0,0,1,0,0
126177,4383,0,0,1,0,0
126192,4384,0,0,1,0,0
126316,4385,0,0,0,1,0
126443,4386,0,0,0,1,0
126465,4387,0,0,1,0,0
126558,4388,0,0,0,1,0
126654,4389,0,0,0,1,0
126752,4390,0,0,0,1,0
126798,4391,0,0,1,0,0
126824,4392,0,0,1,0,0
126898,4393,0,0,1,0,0
127009,4394,0,0,0,1,0
127104,4395,0,0,0,1,0
127209,4396,0,0,0,1,0
127321,4397,0,0,0,1,0
127435,4398,0,0,0,1,0
127459,4399,0,0,1,0,0
127581,4400,0,0,0,1,0
127626,4401,0,0,1,0,0
127746,4402,0,0,0,1,0
127860,4403,0,0,1,0,0
127919,4404,0,0,1,0,0
128006,4405,0,0,0,1,0
128033,4406,0,0,1,0,0
128048,4407,0,0,1,0,0
128084,4408,0,0,1,0,0
128124,4409,0,0,1,0,0
128203,4410,0,0,1,0,0
128321,4411,0,0,0,1,0
128350,4412,0,0,1,0,0
128395,4413,0,0,1,0,0
128517,4414,0,0,0,1,0
128634,4415,0,0,1,0,0
128754,4416,0,0,0,1,0
128860,4417,0,0,0,1,0
128873,4418,0,0,1,0,0
128991,4419,0,0,0,1,0
129094,4420,0,0,0,1,0
129122,4421,0,0,1,0,0
129214,4422,0,0,0,1,0
129319,4423,0,0,0,1,0
129461,4424,0,0,0,1,0
129591,4425,0,0,0,1,0
129699,4426,0,0,0,1,0
129800,4427,0,0,0,1,0
129918,4428,0,0,0,1,0
129996,4429,0,0,0,1,0
130121,4430,0,0,0,1,0
130127,4431,0,0,1,0,0
130225,4432,0,0,1,0,0
130366,4433,0,0,0,1,0
130468,4434,0,0,0,1,0
130544,4435,0,0,1,0,0
130576,4436,0,0,1,0,0
130686,4437,0,0,0,1,0
130791,4438,0,0,0,1,0
130909,4439,0,0,0,1,0
131088,4440,0,0,1,0,0
131113,4441,0,0,1,0,0
131230,4442,0,0,0,1,0
131377,4443,0,0,0,1,0
131383,4444,0,0,1,0,0
131472,4445,0,0,0,1,0
131606,4446,0,0,0,1,0
131723,4447,0,0,0,1,0
131781,4448,0,0,1,0,0
131988,4449,0,0,1,0,0
132036,4450,0,0,1,0,0
132047,4451,0,0,1,0,0
132144,4452,0,0,0,1,0
132241,4453,0,0,0,1,0
132250,4454,0,0,1,0,0
132351,4455,0,0,0,1,0
132424,4456,0,0,1,0,0
132492,4457,0,0,1,0,0
132600,4458,0,0,0,1,0
132687,4459,0,0,1,0,0
132712,4460,0,0,1,0,0
132778,4461,0,0,1,0,0
132898,4462,0,0,0,1,0
132962,4463,0,0,1,0,0
132992,4464,0,0,1,0,0
133099,4465,0,0,0,1,0
133108,4466,0,0,1,0,0
133148,4467,0,0,1,0,0
133152,4468,1,0,0,0,0
133260,4469,0,0,0,1,0
133377,4470,0,0,0,1,0
133490,4471,0,0,0,1,0
133533,4472,0,0,1,0,0
133681,4473,0,0,0,1,0
133789,4474,0,0,0,1,0
133912,4475,0,0,0,1,0
134013,4476,0,0,0,1,0
134030,4477,0,0,1,0,0
134123,4478,0,0,0,1,0
134212,4479,0,0,0,1,0
134342,4480,0,0,0,1,0
134460,4481,0,0,0,1,0
134606,4482,0,0,0,1,0
134796,4483,0,0,1,0,0
134898,4484,0,0,0,1,0
134994,4485,0,0,0,1,0
135097,4486,0,0,0,1,0
135135,4487,0,0,1,0,0
135229,4488,0,0,0,1,0
135289,4489,0,0,1,0,0
135364,4490,0,0,0,1,0
135436,4491,0,0,1,0,0
135531,4492,0,0,0,1,0
135636,4493,0,0,0,1,0
135701,4494,0,0,1,0,0
135817,4495,0,0,0,1,0
135874,4496,0,0,1,0,0
135956,4497,0,0,1,0,0
136088,4498,0,0,0,1,0
136119,4499,0,0,1,0,0
136217,4500,0,0,0,1,0
136305,4501,0,0,0,1,0
136416,4502,0,0,0,1,0
136510,4503,0,0,0,1,0
136615,4504,0,0,1,0,0
136720,4505,0,0,1,0,0
136804,4506,0,0,1,0,0
136947,4507,0,0,0,1,0
137070,4508,0,0,0,1,0
137146,4509,0,0,1,0,0
137257,4510,0,0,0,1,0
137338,4511,0,0,1,0,0
137439,4512,0,0,0,1,0
137476,4513,0,0,1,0,0
137576,4514,0,0,0,1,0
137684,4515,0,0,0,1,0
137820,4516,0,0,0,1,0
137833,4517,0,0,1,0,0
137937,4518,0,0,0,1,0
138042,4519,0,0,0,1,0
138120,4520,0,0,1,0,0
138443,4521,0,0,0,1,0
138891,4522,0,0,0,1,0
138986,4523,0,0,1,0,0
139362,4524,0,0,0,1,0
139467,4525,0,0,0,1,0
139585,4526,0,0,0,1,0
139709,4527,0,0,0,1,0
139840,4528,0,0,0,1,0
139900,4529,0,0,1,0,0
139989,4530,0,0,0,1,0
140086,4531,0,0,0,1,0
140219,4532,0,0,0,1,0
140319,4533,0,0,0,1,0
140428,4534,0,0,0,1,0
140526,4535,0,0,0,1,0
140558,4536,0,0,1,0,0
140633,4537,0,0,1,0,0
140740,4538,0,0,0,1,0
140834,4539,0,0,0,1,0
140903,4540,0,0,1,0,0
141040,4541,0,0,0,1,0
141138,4542,0,0,0,1,0
141266,4543,0,0,0,1,0
141381,4544,0,0,0,1,0
141458,4545,0,0,1,0,0
141480,4546,0,0,1,0,0
141583,4547,0,0,0,1,0
141671,4548,0,0,1,0,0
141760,4549,0,0,0,1,0
141827,4550,0,0,1,0,0
141933,4551,0,0,0,1,0
142047,4552,0,0,0,1,0
142139,4553,0,0,1,0,0
142142,4554,0,0,1,0,0
142151,4555,0,0,1,0,0
142264,4556,0,0,0,1,0
142359,4557,0,0,1,0,0
142472,4558,0,0,1,0,0
142583,4559,0,0,0,1,0
142673,4560,0,0,0,1,0
142700,4561,0,0,1,0,0
142823,4562,0,0,0,1,0
142940,4563,0,0,0,1,0
143060,4564,0,0,0,1,0
143115,4565,0,0,1,0,0
143206,4566,0,0,0,1,0
143319,4567,0,0,0,1,0
143419,4568,0,0,0,1,0
143517,4569,0,0,0,1,0
143644,4570,0,0,0,1,0
143669,4571,0,0,1,0,0
143781,4572,0,0,0,1,0
143886,4573,0,0,0,1,0
143979,4574,0,0,1,0,0
144119,4575,0,0,0,1,0
144294,4576,0,0,0,1,0
144596,4577,0,0,0,1,0
144709,4578,0,0,0,1,0
144927,4579,0,0,1,0,0
144937,4580,0,0,1,0,0
145039,4581,0,0,0,1,0
145069,4582,0,0,1,0,0
145134,4583,0,0,1,0,0
145234,4584,0,0,0,1,0
145289,4585,0,0,1,0,0
145536,4586,0,0,0,1,0
145628,4587,0,0,0,1,0
145649,4588,0,0,1,0,0
145747,4589,0,0,0,1,0
145850,4590,0,0,0,1,0
145895,4591,0,0,1,0,0
146000,4592,0,0,0,1,0
146102,4593,0,0,0,1,0
146246,4594,0,0,0,1,0
146333,4595,0,0,0,1,0
146404,4596,0,0,1,0,0
146460,4597,0,0,1,0,0
146582,4598,0,0,0,1,0
146645,4599,0,0,1,0,0
146823,4600,0,0,1,0,0
146926,4601,0,0,0,1,0
146993,4602,0,0,1,0,0
147083,4603,0,0,0,1,0
147128,4604,0,0,1,0,0
147234,4605,0,0,0,1,0
147248,4606,0,0,1,0,0
147355,4607,0,0,0,1,0
147462,4608,0,0,0,1,0
147574,4609,0,0,0,1,0
147651,4610,0,0,1,0,0
147766,4611,0,0,0,1,0
147902,4612,0,0,0,1,0
148027,4613,0,0,0,1,0
148140,4614,0,0,1,0,0
148254,4615,0,0,0,1,0
148343,4616,0,0,0,1,0
148454,4617,0,0,0,1,0
148570,4618,0,0,0,1,0
148691,4619,0,0,0,1,0
148755,4620,0,0,1,0,0
148871,4621,0,0,0,1,0
148980,4622,0,0,0,1,0
149247,4623,0,0,0,1,0
149369,4624,0,0,1,0,0
149373,4625,1,0,0,0,0
149468,4626,0,0,1,0,0
149499,4627,0,0,1,0,0
149611,4628,0,0,0,1,0
149716,4629,0,0,0,1,0
149829,4630,0,0,0,1,0
149855,4631,0,0,1,0,0
149965,4632,0,0,0,1,0
150045,4633,0,0,1,0,0
150137,4634,0,0,0,1,0
150151,4635,0,0,1,0,0
150243,4636,0,0,0,1,0
150323,4637,0,0,1,0,0
150425,4638,0,0,0,1,0
150552,4639,0,0,0,1,0
150644,4640,0,0,1,0,0
150735,4641,0,0,0,1,0
150824,4642,0,0,0,1,0
150938,4643,0,0,0,1,0
151015,4644,0,0,1,0,0
151123,4645,0,0,1,0,0
151192,4646,0,0,1,0,0
151194,4647,0,0,1,0,0
151385,4648,0,0,1,0,0
151476,4649,0,0,1,0,0
151530,4650,0,0,1,0,0
151646,4651,0,0,1,0,0
151930,4652,0,0,0,1,0
152013,4653,0,0,0,1,0
152145,4654,0,0,0,1,0
152270,4655,0,0,0,1,0
152372,4656,0,0,1,0,0
152510,4657,0,0,0,1,0
152573,4658,0,0,1,0,0
152686,4659,0,0,0,1,0
152771,4660,0,0,0,1,0
152909,4661,0,0,0,1,0
153020,4662,0,0,0,1,0
153044,4663,0,0,1,0,0
153065,4664,0,0,1,0,0
153189,4665,0,0,0,1,0
153290,4666,0,0,0,1,0
153382,4667,0,0,0,1,0
153385,4668,0,0,1,0,0
153468,4669,0,0,0,1,0
153482,4670,0,0,1,0,0
153594,4671,0,0,0,1,0
153695,4672,0,0,0,1,0
153758,4673,0,0,1,0,0
153801,4674,0,0,1,0,0
153816,4675,0,0,1,0,0
153940,4676,0,0,0,1,0
153945,4677,1,0,0,0,0
154135,4678,0,0,0,1,0
154232,4679,0,0,0,1,0
154331,4680,0,0,0,1,0
154433,4681,0,0,1,0,0
154548,4682,0,0,0,1,0
154674,4683,0,0,0,1,0
154726,4684,0,0,1,0,0
154858,4685,0,0,0,1,0
154882,4686,0,0,1,0,0
154942,4687,0,0,1,0,0
155058,4688,0,0,0,1,0
155076,4689,0,0,1,0,0
155206,4690,0,0,0,1,0
155321,4691,0,0,0,1,0
155432,4692,0,0,0,1,0
155550,4693,0,0,0,1,0
155566,4694,0,0,1,0,0
155670,4695,0,0,1,0,0
155765,4696,0,0,0,1,0
155873,4697,0,0,0,1,0
155922,4698,0,0,1,0,0
156004,4699,0,0,0,1,0
156094,4700,0,0,0,1,0
156128,4701,0,0,1,0,0
156193,4702,0,0,1,0,0
156290,4703,0,0,1,0,0
156391,4704,0,0,0,1,0
156452,4705,0,0,1,0,0
156551,4706,0,0,0,1,0
156623,4707,0,0,1,0,0
156714,4708,0,0,1,0,0
156724,4709,0,0,1,0,0
156811,4710,0,0,1,0,0
156905,4711,0,0,0,1,0
157037,4712,0,0,0,1,0
157167,4713,0,0,0,1,0
157209,4714,0,0,1,0,0
157247,4715,0,0,1,0,0
157296,4716,0,0,1,0,0
157413,4717,0,0,0,1,0
157506,4718,0,0,0,1,0
157611,4719,0,0,1,0,0
157734,4720,0,0,0,1,0
157848,4721,0,0,0,1,0
157937,4722,0,0,0,1,0
158066,4723,0,0,0,1,0
158070,4724,0,0,1,0,0
158176,4725,0,0,0,1,0
158279,4726,0,0,0,1,0
158327,4727,0,0,1,0,0
158337,4728,0,0,1,0,0
158442,4729,0,0,0,1,0
158577,4730,0,0,0,1,0
158682,4731,0,0,0,1,0
158761,4732,0,0,1,0,0
158855,4733,0,0,0,1,0
158983,4734,0,0,1,0,0
159078,4735,0,0,0,1,0
159203,4736,0,0,0,1,0
159218,4737,0,0,1,0,0
159256,4738,0,0,1,0,0
159263,4739,0,0,1,0,0
159300,4740,0,0,1,0,0
159433,4741,0,0,0,1,0
159517,4742,0,0,0,1,0
159606,4743,0,0,0,1,0
159613,4744,0,0,1,0,0
159746,4745,0,0,0,1,0
159768,4746,0,0,1,0,0
159791,4747,0,0,1,0,0
159869,4748,0,0,1,0,0
159969,4749,0,0,1,0,0
160050,4750,0,0,1,0,0
160054,4751,0,0,1,0,0
160179,4752,0,0,0,1,0
160345,4753,0,0,1,0,0
160477,4754,0,0,0,1,0
160518,4755,0,0,1,0,0
160541,4756,0,0,1,0,0
160667,4757,0,0,0,1,0
160770,4758,0,0,0,1,0
160874,4759,0,0,0,1,0
160945,4760,0,0,1,0,0
161010,4761,0,0,1,0,0
161038,4762,0,0,1,0,0
161055,4763,0,0,1,0,0
161273,4764,0,0,1,0,0
161295,4765,0,0,1,0,0
161314,4766,0,0,1,0,0
161437,4767,0,0,0,1,0
161549,4768,0,0,0,1,0
161670,4769,0,0,0,1,0
161775,4770,0,0,0,1,0
161886,4771,0,0,0,1,0
161887,4772,0,0,1,0,0
161984,4773,0,0,0,1,0
162029,4774,0,0,1,0,0
162074,4775,0,0,1,0,0
162123,4776,0,0,1,0,0
162140,4777,0,0,1,0,0
162249,4778,0,0,0,1,0
162362,4779,0,0,0,1,0
162417,4780,0,0,1,0,0
162423,4781,0,0,1,0,0
162447,4782,0,0,1,0,0
162551,4783,0,0,0,1,0
162647,4784,0,0,0,1,0
162722,4785,0,0,1,0,0
162808,4786,0,0,0,1,0
162896,4787,0,0,0,1,0
162916,4788,0,0,1,0,0
163035,4789,0,0,0,1,0
163084,4790,0,0,1,0,0
163093,4791,0,0,1,0,0
163215,4792,0,0,0,1,0
163355,4793,0,0,0,1,0
163449,4794,0,0,1,0,0
163539,4795,0,0,0,1,0
163660,4796,0,0,0,1,0
163736,4797,0,0,1,0,0
164025,4798,0,0,0,1,0
164083,4799,0,0,1,0,0
164204,4800,0,0,0,1,0
164330,4801,0,0,0,1,0
164437,4802,0,0,0,1,0
164575,4803,0,0,1,0,0
164653,4804,0,0,1,0,0
164752,4805,0,0,0,1,0
164858,4806,0,0,0,1,0
164971,4807,0,0,0,1,0
165043,4808,0,0,1,0,0
165174,4809,0,0,0,1,0
165465,4810,0,0,0,1,0
165816,4811,0,0,0,1,0
165867,4812,0,0,1,0,0
165876,4813,0,0,1,0,0
165945,4814,0,0,1,0,0
166045,4815,0,0,0,1,0
166090,4816,0,0,1,0,0
166359,4817,0,0,0,1,0
166452,4818,0,0,0,1,0
166542,4819,0,0,1,0,0
166715,4820,0,0,0,1,0
166957,4821,0,0,0,1,0
167201,4822,0,0,0,1,0
167301,4823,0,0,0,1,0
167409,4824,0,0,0,1,0
167526,4825,0,0,1,0,0
167667,4826,0,0,1,0,0
167845,4827,0,0,1,0,0
167848,4828,0,0,1,0,0
167967,4829,0,0,0,1,0
168070,4830,0,0,0,1,0
168176,4831,0,0,0,1,0
168293,4832,0,0,0,1,0
168399,4833,0,0,0,1,0
168423,4834,0,0,1,0,0
168557,4835,0,0,0,1,0
168590,4836,0,0,1,0,0
168694,4837,0,0,1,0,0
168804,4838,0,0,0,1,0
168881,4839,0,0,1,0,0
168992,4840,0,0,0,1,0
169099,4841,0,0,0,1,0
169151,4842,0,0,1,0,0
169249,4843,0,0,0,1,0
169303,4844,0,0,1,0,0
169323,4845,0,0,1,0,0
169339,4846,0,0,1,0,0
169421,4847,0,0,1,0,0
169490,4848,0,0,1,0,0
169495,4849,1,0,0,0,0
169522,4850,0,0,1,0,0
169582,4851,0,0,1,0,0
169682,4852,0,0,0,1,0
169807,4853,0,0,0,1,0
169812,4854,0,0,1,0,0
169882,4855,0,0,1,0,0
169955,4856,0,0,1,0,0
169983,4857,0,0,1,0,0
169989,4858,0,0,1,0,0
170051,4859,0,0,1,0,0
170144,4860,0,0,0,1,0
170248,4861,0,0,0,1,0
170301,4862,0,0,1,0,0
170398,4863,0,0,0,1,0
170508,4864,0,0,0,1,0
170603,4865,0,0,0,1,0
170696,4866,0,0,0,1,0
170798,4867,0,0,0,1,0
170815,4868,0,0,1,0,0
170866,4869,0,0,1,0,0
170954,4870,0,0,0,1,0
171031,4871,0,0,1,0,0
171108,4872,0,0,1,0,0
171197,4873,0,0,0,1,0
171295,4874,0,0,0,1,0
171375,4875,0,0,1,0,0
171503,4876,0,0,0,1,0
171645,4877,0,0,1,0,0
171762,4878,0,0,0,1,0
171883,4879,0,0,0,1,0
171963,4880,0,0,1,0,0
171989,4881,0,0,1,0,0
172053,4882,0,0,1,0,0
172079,4883,0,0,1,0,0
172170,4884,0,0,0,1,0
172199,4885,0,0,1,0,0
172217,4886,0,0,1,0,0
172319,4887,0,0,1,0,0
172430,4888,0,0,0,1,0
172526,4889,0,0,0,1,0
172625,4890,0,0,0,1,0
172743,4891,0,0,0,1,0
173019,4892,0,0,1,0,0
173068,4893,0,0,1,0,0
173162,4894,0,0,1,0,0
173194,4895,0,0,1,0,0
173272,4896,0,0,1,0,0
173299,4897,0,0,1,0,0
173352,4898,0,0,1,0,0
173400,4899,0,0,1,0,0
173519,4900,0,0,0,1,0
173656,4901,0,0,0,1,0
173730,4902,0,0,1,0,0
173993,4903,0,0,0,1,0
174021,4904,0,0,1,0,0
174201,4905,0,0,0,1,0
174204,4906,0,0,1,0,0
174463,4907,0,0,1,0,0
174544,4908,0,0,1,0,0
174666,4909,0,0,1,0,0
174801,4910,0,0,0,1,0
174836,4911,0,0,1,0,0
174838,4912,0,0,1,0,0
174960,4913,0,0,0,1,0
175027,4914,0,0,1,0,0
175122,4915,0,0,0,1,0
175176,4916,0,0,1,0,0
175275,4917,0,0,0,1,0
175302,4918,0,0,1,0,0
175398,4919,0,0,0,1,0
175466,4920,0,0,1,0,0
175573,4921,0,0,1,0,0
175706,4922,0,0,0,1,0
175825,4923,0,0,0,1,0
175936,4924,0,0,0,1,0
176053,4925,0,0,0,1,0
176151,4926,0,0,1,0,0
176253,4927,0,0,0,1,0
176393,4928,0,0,0,1,0
176523,4929,0,0,0,1,0
176666,4930,0,0,0,1,0
176767,4931,0,0,0,1,0
176991,4932,0,0,0,1,0
177096,4933,0,0,0,1,0
177199,4934,0,0,0,1,0
177303,4935,0,0,0,1,0
177414,4936,0,0,0,1,0
177451,4937,0,0,1,0,0
177547,4938,0,0,0,1,0
177598,4939,0,0,1,0,0
177648,4940,0,0,1,0,0
177720,4941,0,0,1,0,0
177828,4942,0,0,0,1,0
178145,4943,0,0,0,1,0
178229,4944,0,0,0,1,0
178265,4945,0,0,1,0,0
178314,4946,0,0,1,0,0
178435,4947,0,0,0,1,0
178498,4948,0,0,1,0,0
178587,4949,0,0,0,1,0
178614,4950,0,0,1,0,0
178727,4951,0,0,0,1,0
178832,4952,0,0,0,1,0
178843,4953,0,0,1,0,0
178883,4954,0,0,1,0,0
178888,4955,0,0,1,0,0
178896,4956,0,0,1,0,0
178984,4957,0,0,0,1,0
179125,4958,0,0,0,1,0
179209,4959,0,0,1,0,0
179316,4960,0,0,0,1,0
179435,4961,0,0,0,1,0
179801,4962,0,0,0,1,0
179896,4963,0,0,0,1,0
180123,4964,0,0,0,1,0
180197,4965,0,0,1,0,0
180230,4966,0,0,1,0,0
180337,4967,0,0,0,1,0
180338,4968,0,0,1,0,0
180395,4969,0,0,1,0,0
180501,4970,0,0,0,1,0
180627,4971,0,0,0,1,0
180763,4972,0,0,0,1,0
180853,4973,0,0,0,1,0
180892,4974,0,0,1,0,0
180939,4975,0,0,1,0,0
181069,4976,0,0,0,1,0
181091,4977,0,0,1,0,0
181196,4978,0,0,0,1,0
181308,4979,0,0,0,1,0
181438,4980,0,0,0,1,0
181561,4981,0,0,1,0,0
181572,4982,0,0,1,0,0
181661,4983,0,0,0,1,0
181744,4984,0,0,0,1,0
181776,4985,0,0,1,0,0
181794,4986,0,0,1,0,0
181902,4987,0,0,0,1,0
182007,4988,0,0,0,1,0
182094,4989,0,0,0,1,0
182116,4990,0,0,1,0,0
182252,4991,0,0,0,1,0
182357,4992,0,0,0,1,0
182489,4993,0,0,0,1,0
182499,4994,0,0,1,0,0
182500,4995,0,0,1,0,0
182597,4996,0,0,0,1,0
182702,4997,0,0,0,1,0
182712,4998,0,0,1,0,0
182809,4999,0,0,0,1,0
182844,5000,0,0,1,0,0
182864,5001,0,0,1,0,0
182974,5002,0,0,0,1,0
183103,5003,0,0,0,1,0
183182,5004,0,0,1,0,0
183663,5005,0,0,1,0,0
183666,5006,0,0,1,0,0
183696,5007,0,0,1,0,0
183810,5008,0,0,0,1,0
183909,5009,0,0,0,1,0
183912,5010,0,0,1,0,0
184016,5011,0,0,0,1,0
184168,5012,0,0,0,1,0
184270,5013,0,0,0,1,0
184391,5014,0,0,0,1,0
184498,5015,0,0,0,1,0
184592,5016,0,0,0,1,0
184707,5017,0,0,0,1,0
184780,5018,0,0,0,1,0
184891,5019,0,0,0,1,0
185022,5020,0,0,0,1,0
185127,5021,0,0,0,1,0
185138,5022,0,0,1,0,0
185141,5023,0,0,1,0,0
185221,5024,0,0,0,1,0
185255,5025,0,0,1,0,0
185286,5026,0,0,1,0,0
185401,5027,0,0,0,1,0
185494,5028,0,0,0,1,0
185591,5029,0,0,0,1,0
185700,5030,0,0,0,1,0
185789,5031,0,0,0,1,0
185914,5032,0,0,0,1,0
186038,5033,0,0,0,1,0
186158,5034,0,0,0,1,0
186265,5035,0,0,1,0,0
186322,5036,0,0,1,0,0
186421,5037,0,0,1,0,0
186621,5038,0,0,0,1,0
186745,5039,0,0,0,1,0
186861,5040,0,0,0,1,0
186960,5041,0,0,0,1,0
187075,5042,0,0,0,1,0
187178,5043,0,0,1,0,0
187483,5044,0,0,0,1,0
187663,5045,0,0,0,1,0
187755,5046,0,0,1,0,0
187841,5047,0,0,1,0,0
187844,5048,0,0,1,0,0
188171,5049,0,0,0,1,0
188291,5050,0,0,0,1,0
188404,5051,0,0,0,1,0
188521,5052,0,0,0,1,0
188523,5053,0,0,1,0,0
188614,5054,0,0,0,1,0
188726,5055,0,0,1,0,0
188772,5056,0,0,1,0,0
188858,5057,0,0,0,1,0
188902,5058,0,0,1,0,0
188976,5059,0,0,0,1,0
189092,5060,0,0,0,1,0
189128,5061,0,0,1,0,0
189202,5062,0,0,1,0,0
189232,5063,0,0,1,0,0
189491,5064,0,0,1,0,0
189495,5065,0,0,1,0,0
189793,5066,0,0,0,1,0
189838,5067,0,0,1,0,0
189849,5068,0,0,1,0,0
189909,5069,0,0,1,0,0
189911,5070,0,0,1,0,0
189998,5071,0,0,0,1,0
190090,5072,0,0,0,1,0
190144,5073,0,0,1,0,0
190247,5074,0,0,0,1,0
190357,5075,0,0,0,1,0
190463,5076,0,0,0,1,0
190567,5077,0,0,0,1,0
190571,5078,1,0,0,0,0
190627,5079,0,0,1,0,0
190734,5080,0,0,0,1,0
190843,5081,0,0,0,1,0
190866,5082,0,0,1,0,0
190886,5083,0,0,1,0,0
190991,5084,0,0,0,1,0
191094,5085,0,0,1,0,0
191210,5086,0,0,0,1,0
191313,5087,0,0,0,1,0
191384,5088,0,0,1,0,0
191474,5089,0,0,0,1,0
191577,5090,0,0,0,1,0
191668,5091,0,0,0,1,0
191757,5092,0,0,0,1,0
191884,5093,0,0,0,1,0
192016,5094,0,0,0,1,0
192088,5095,0,0,1,0,0
192180,5096,0,0,0,1,0
192301,5097,0,0,0,1,0
192409,5098,0,0,0,1,0
192537,5099,0,0,0,1,0
192673,5100,0,0,0,1,0
192789,5101,0,0,0,1,0
192911,5102,0,0,0,1,0
192920,5103,0,0,1,0,0
192989,5104,0,0,1,0,0
193070,5105,0,0,1,0,0
193110,5106,0,0,1,0,0
193274,5107,0,0,1,0,0
193369,5108,0,0,0,1,0
193494,5109,0,0,0,1,0
193596,5110,0,0,0,1,0
193738,5111,0,0,0,1,0
193744,5112,0,0,1,0,0
193858,5113,0,0,0,1,0
193920,5114,0,0,1,0,0
194026,5115,0,0,0,1,0
194138,5116,0,0,0,1,0
194223,5117,0,0,1,0,0
194334,5118,0,0,0,1,0
194340,5119,0,0,1,0,0
194465,5120,0,0,0,1,0
194718,5121,0,0,0,1,0
194818,5122,0,0,0,1,0
195002,5123,0,0,0,1,0
195027,5124,0,0,1,0,0
195162,5125,0,0,1,0,0
195394,5126,0,0,1,0,0
195525,5127,0,0,0,1,0
195532,5128,0,0,1,0,0
195534,5129,0,0,1,0,0
195573,5130,0,0,1,0,0
195689,5131,0,0,0,1,0
195712,5132,0,0,1,0,0
195929,5133,0,0,0,1,0
196014,5134,0,0,1,0,0
196130,5135,0,0,0,1,0
196244,5136,0,0,0,1,0
196351,5137,0,0,0,1,0
196470,5138,0,0,0,1,0
196586,5139,0,0,0,1,0
196673,5140,0,0,0,1,0
196811,5141,0,0,0,1,0
196909,5142,0,0,1,0,0
197026,5143,0,0,0,1,0
197104,5144,0,0,1,0,0
197204,5145,0,0,0,1,0
197293,5146,0,0,0,1,0
197351,5147,0,0,1,0,0
197441,5148,0,0,0,1,0
197468,5149,0,0,1,0,0
197474,5150,0,0,1,0,0
197564,5151,0,0,0,1,0
197657,5152,0,0,0,1,0
197776,5153,0,0,0,1,0
197875,5154,0,0,0,1,0
197898,5155,0,0,1,0,0
197916,5156,0,0,1,0,0
197999,5157,0,0,1,0,0
198095,5158,0,0,0,1,0
198152,5159,0,0,1,0,0
198374,5160,0,0,0,1,0
198618,5161,0,0,0,1,0
198744,5162,0,0,0,1,0
198830,5163,0,0,0,1,0
198887,5164,0,0,1,0,0
198984,5165,0,0,1,0,0
198994,5166,0,0,1,0,0
199115,5167,0,0,0,1,0
199136,5168,0,0,1,0,0
199228,5169,0,0,0,1,0
199463,5170,0,0,1,0,0
199560,5171,0,0,0,1,0
199673,5172,0,0,0,1,0
199774,5173,0,0,0,1,0
199789,5174,0,0,1,0,0
199870,5175,0,0,1,0,0
199962,5176,0,0,0,1,0
200023,5177,0,0,1,0,0
200133,5178,0,0,1,0,0
200250,5179,0,0,0,1,0
200342,5180,0,0,0,1,0
200452,5181,0,0,0,1,0
200560,5182,0,0,1,0,0
200569,5183,0,0,1,0,0
200580,5184,0,0,1,0,0
200699,5185,0,0,0,1,0
200749,5186,0,0,1,0,0
200849,5187,0,0,0,1,0
200944,5188,0,0,0,1,0
201065,5189,0,0,0,1,0
201102,5190,0,0,1,0,0
201236,5191,0,0,0,1,0
201375,5192,0,0,0,1,0
201829,5193,0,0,0,1,0
201860,5194,0,0,1,0,0
202236,5195,0,0,1,0,0
202237,5196,0,0,1,0,0
202371,5197,0,0,1,0,0
202388,5198,0,0,1,0,0
202493,5199,0,0,0,1,0
202512,5200,0,0,1,0,0
202630,5201,0,0,0,1,0
202730,5202,0,0,1,0,0
202735,5203,0,0,1,0,0
202829,5204,0,0,1,0,0
202967,5205,0,0,0,1,0
203053,5206,0,0,1,0,0
203147,5207,0,0,0,1,0
203255,5208,0,0,0,1,0
203371,5209,0,0,0,1,0
203490,5210,0,0,0,1,0
203556,5211,0,0,1,0,0
203667,5212,0,0,0,1,0
203789,5213,0,0,0,1,0
203847,5214,0,0,1,0,0
203918,5215,0,0,1,0,0
204044,5216,0,0,0,1,0
204145,5217,0,0,0,1,0
204181,5218,0,0,1,0,0
204201,5219,0,0,1,0,0
204314,5220,0,0,0,1,0
204363,5221,0,0,1,0,0
204513,5222,0,0,0,1,0
204610,5223,0,0,0,1,0
204700,5224,0,0,1,0,0
204810,5225,0,0,0,1,0
204947,5226,0,0,0,1,0
204950,5227,0,0,1,0,0
205058,5228,0,0,1,0,0
205150,5229,0,0,0,1,0
205277,5230,0,0,0,1,0
205299,5231,0,0,1,0,0
205546,5232,0,0,0,1,0
205548,5233,0,0,1,0,0
205655,5234,0,0,0,1,0
205753,5235,0,0,0,1,0
205954,5236,0,0,0,1,0
206040,5237,0,0,0,1,0
206141,5238,0,0,0,1,0
206256,5239,0,0,0,1,0
206393,5240,0,0,0,1,0
206397,5241,1,0,0,0,0
206432,5242,0,0,1,0,0
206516,5243,0,0,1,0,0
206627,5244,0,0,0,1,0
206689,5245,0,0,1,0,0
206806,5246,0,0,0,1,0
206894,5247,0,0,1,0,0
206911,5248,0,0,1,0,0
206997,5249,0,0,0,1,0
207054,5250,0,0,1,0,0
207098,5251,0,0,1,0,0
207187,5252,0,0,0,1,0
207312,5253,0,0,0,1,0
207382,5254,0,0,1,0,0
207492,5255,0,0,1,0,0
207515,5256,0,0,1,0,0
207607,5257,0,0,0,1,0
208027,5258,0,0,1,0,0
208184,5259,0,0,1,0,0
208214,5260,0,0,1,0,0
208335,5261,0,0,0,1,0
208338,5262,0,0,1,0,0
208401,5263,0,0,1,0,0
208512,5264,0,0,0,1,0
208585,5265,0,0,1,0,0
208670,5266,0,0,1,0,0
208791,5267,0,0,0,1,0
208873,5268,0,0,1,0,0
208903,5269,0,0,1,0,0
209003,5270,0,0,0,1,0
209038,5271,0,0,1,0,0
209139,5272,0,0,1,0,0
209148,5273,0,0,1,0,0
209242,5274,0,0,1,0,0
209336,5275,0,0,0,1,0
209383,5276,0,0,1,0,0
209481,5277,0,0,0,1,0
209600,5278,0,0,0,1,0
209725,5279,0,0,0,1,0
209840,5280,0,0,0,1,0
209937,5281,0,0,0,1,0
210037,5282,0,0,0,1,0
210141,5283,0,0,0,1,0
210240,5284,0,0,0,1,0
210336,5285,0,0,0,1,0
210394,5286,0,0,1,0,0
210409,5287,0,0,1,0,0
210430,5288,0,0,1,0,0
210554,5289,0,0,0,1,0
210569,5290,0,0,1,0,0
210571,5291,0,0,1,0,0
210662,5292,0,0,0,1,0
210787,5293,0,0,0,1,0
210809,5294,0,0,1,0,0
210854,5295,0,0,1,0,0
210975,5296,0,0,0,1,0
211060,5297,0,0,0,1,0
211145,5298,0,0,0,1,0
211219,5299,0,0,1,0,0
211313,5300,0,0,0,1,0
211360,5301,0,0,1,0,0
211442,5302,0,0,0,1,0
211581,5303,0,0,0,1,0
211678,5304,0,0,0,1,0
211686,5305,0,0,1,0,0
211694,5306,0,0,1,0,0
211818,5307,0,0,0,1,0
211928,5308,0,0,0,1,0
212057,5309,0,0,0,1,0
212129,5310,0,0,1,0,0
212225,5311,0,0,0,1,0
212337,5312,0,0,0,1,0
212439,5313,0,0,0,1,0
212547,5314,0,0,1,0,0
212549,5315,0,0,1,0,0
212639,5316,0,0,0,1,0
212707,5317,0,0,1,0,0
212801,5318,0,0,0,1,0
212914,5319,0,0,0,1,0
212917,5320,0,0,1,0,0
212985,5321,0,0,1,0,0
213049,5322,0,0,1,0,0
213060,5323,0,0,1,0,0
213149,5324,0,0,0,1,0
213255,5325,0,0,0,1,0
213344,5326,0,0,0,1,0
213466,5327,0,0,0,1,0
213535,5328,0,0,1,0,0
213667,5329,0,0,0,1,0
213790,5330,0,0,0,1,0
213900,5331,0,0,0,1,0
214069,5332,0,0,0,1,0
214090,5333,0,0,1,0,0
214257,5334,0,0,1,0,0
214355,5335,0,0,1,0,0
214652,5336,0,0,0,1,0
214691,5337,0,0,1,0,0
214711,5338,0,0,1,0,0
214824,5339,0,0,1,0,0
215047,5340,0,0,0,1,0
215061,5341,0,0,1,0,0
215142,5342,0,0,1,0,0
215181,5343,0,0,1,0,0
215281,5344,0,0,1,0,0
215376,5345,0,0,0,1,0
215500,5346,0,0,0,1,0
215630,5347,0,0,0,1,0
215740,5348,0,0,0,1,0
215778,5349,0,0,1,0,0
215887,5350,0,0,1,0,0
215994,5351,0,0,0,1,0
216065,5352,0,0,1,0,0
216143,5353,0,0,1,0,0
216218,5354,0,0,1,0,0
216316,5355,0,0,0,1,0
216423,5356,0,0,0,1,0
216551,5357,0,0,0,1,0
216574,5358,0,0,1,0,0
216684,5359,0,0,1,0,0
216774,5360,0,0,0,1,0
216842,5361,0,0,1,0,0
216875,5362,0,0,1,0,0
217036,5363,0,0,1,0,0
217078,5364,0,0,1,0,0
217173,5365,0,0,0,1,0
217256,5366,0,0,0,1,0
217377,5367,0,0,0,1,0
217418,5368,0,0,1,0,0
217476,5369,0,0,1,0,0
217536,5370,0,0,1,0,0
217553,5371,0,0,1,0,0
217643,5372,0,0,0,1,0
217710,5373,0,0,1,0,0
217821,5374,0,0,0,1,0
217914,5375,0,0,0,1,0
217997,5376,0,0,1,0,0
218002,5377,0,0,1,0,0
218074,5378,0,0,1,0,0
218133,5379,0,0,1,0,0
218239,5380,0,0,0,1,0
218258,5381,0,0,1,0,0
218311,5382,0,0,1,0,0
218411,5383,0,0,0,1,0
218554,5384,0,0,0,1,0
218568,5385,0,0,1,0,0
218779,5386,0,0,0,1,0
218876,5387,0,0,0,1,0
218969,5388,0,0,0,1,0
219072,5389,0,0,0,1,0
219160,5390,0,0,0,1,0
219261,5391,0,0,0,1,0
219288,5392,0,0,1,0,0
219377,5393,0,0,0,1,0
219462,5394,0,0,0,1,0
219583,5395,0,0,1,0,0
219691,5396,0,0,0,1,0
219782,5397,0,0,0,1,0
219794,5398,0,0,1,0,0
219885,5399,0,0,0,1,0
219889,5400,0,0,1,0,0
219911,5401,0,0,1,0,0
219945,5402,0,0,1,0,0
219974,5403,0,0,1,0,0
220021,5404,0,0,1,0,0
220052,5405,0,0,1,0,0
220153,5406,0,0,0,1,0
220185,5407,0,0,1,0,0
220195,5408,0,0,1,0,0
220198,5409,0,0,1,0,0
220222,5410,0,0,1,0,0
220317,5411,0,0,0,1,0
220421,5412,0,0,0,1,0
220429,5413,0,0,1,0,0
220483,5414,0,0,1,0,0
220595,5415,0,0,0,1,0
220645,5416,0,0,1,0,0
220767,5417,0,0,0,1,0
220867,5418,0,0,0,1,0
221051,5419,0,0,0,1,0
221112,5420,0,0,1,0,0
221309,5421,0,0,0,1,0
221342,5422,0,0,1,0,0
221432,5423,0,0,0,1,0
221469,5424,0,0,1,0,0
221719,5425,0,0,0,1,0
221818,5426,0,0,0,1,0
221938,5427,0,0,0,1,0
222132,5428,0,0,1,0,0
222197,5429,0,0,1,0,0
222296,5430,0,0,0,1,0
222396,5431,0,0,0,1,0
222506,5432,0,0,0,1,0
222530,5433,0,0,1,0,0
222536,5434,0,0,1,0,0
222626,5435,0,0,0,1,0
222722,5436,0,0,0,1,0
222747,5437,0,0,1,0,0
222839,5438,0,0,0,1,0
222941,5439,0,0,0,1,0
223062,5440,0,0,0,1,0
223189,5441,0,0,0,1,0
223278,5442,0,0,0,1,0
223291,5443,0,0,1,0,0
223361,5444,0,0,1,0,0
223414,5445,0,0,1,0,0
223505,5446,0,0,0,1,0
223603,5447,0,0,0,1,0
223624,5448,0,0,1,0,0
223729,5449,0,0,0,1,0
223824,5450,0,0,0,1,0
223864,5451,0,0,1,0,0
223984,5452,0,0,0,1,0
224076,5453,0,0,0,1,0
224078,5454,0,0,1,0,0
224173,5455,0,0,1,0,0
224256,5456,0,0,1,0,0
224364,5457,0,0,0,1,0
224471,5458,0,0,1,0,0
224493,5459,0,0,1,0,0
224571,5460,0,0,1,0,0
224681,5461,0,0,0,1,0
224715,5462,0,0,1,0,0
224823,5463,0,0,0,1,0
224900,5464,0,0,1,0,0
224981,5465,0,0,0,1,0
224996,5466,0,0,1,0,0
225007,5467,0,0,1,0,0
225082,5468,0,0,1,0,0
225179,5469,0,0,0,1,0
225268,5470,0,0,0,1,0
225379,5471,0,0,0,1,0
225444,5472,0,0,1,0,0
225486,5473,0,0,1,0,0
225744,5474,0,0,1,0,0
225771,5475,0,0,1,0,0
225899,5476,0,0,0,1,0
226191,5477,0,0,0,1,0
226356,5478,0,0,1,0,0
226382,5479,0,0,1,0,0
226690,5480,0,0,0,1,0
226735,5481,0,0,1,0,0
226855,5482,0,0,0,1,0
226916,5483,0,0,1,0,0
226921,5484,0,0,1,0,0
226973,5485,0,0,1,0,0
227089,5486,0,0,0,1,0
227199,5487,0,0,0,1,0
227321,5488,0,0,0,1,0
227420,5489,0,0,0,1,0
227528,5490,0,0,1,0,0
227670,5491,0,0,0,1,0
227712,5492,0,0,1,0,0
227825,5493,0,0,0,1,0
227841,5494,0,0,1,0,0
227879,5495,0,0,1,0,0
227888,5496,0,0,1,0,0
227988,5497,0,0,0,1,0
228126,5498,0,0,0,1,0
228254,5499,0,0,0,1,0
228362,5500,0,0,1,0,0
228499,5501,0,0,0,1,0
228701,5502,0,0,0,1,0
228806,5503,0,0,0,1,0
228980,5504,0,0,1,0,0
229032,5505,0,0,1,0,0
229090,5506,0,0,1,0,0
229390,5507,0,0,1,0,0
229475,5508,0,0,0,1,0
229703,5509,0,0,0,1,0
229813,5510,0,0,0,1,0
229924,5511,0,0,0,1,0
230041,5512,0,0,0,1,0
230141,5513,0,0,0,1,0
230150,5514,0,0,1,0,0
230163,5515,1,0,0,0,0
230247,5516,0,0,1,0,0
230280,5517,0,0,1,0,0
230375,5518,0,0,0,1,0
230477,5519,0,0,0,1,0
230540,5520,0,0,1,0,0
230541,5521,0,0,1,0,0
230575,5522,0,0,1,0,0
230670,5523,0,0,1,0,0
230792,5524,0,0,0,1,0
230910,5525,0,0,0,1,0
230953,5526,0,0,1,0,0
231095,5527,0,0,0,1,0
231151,5528,0,0,1,0,0
231502,5529,0,0,1,0,0
231549,5530,0,0,1,0,0
231667,5531,0,0,0,1,0
231674,5532,0,0,1,0,0
231770,5533,0,0,0,1,0
231825,5534,0,0,1,0,0
231949,5535,0,0,0,1,0
231989,5536,0,0,1,0,0
232007,5537,0,0,1,0,0
232102,5538,0,0,0,1,0
232405,5539,0,0,0,1,0
232431,5540,0,0,1,0,0
232455,5541,0,0,1,0,0
232522,5542,0,0,1,0,0
232614,5543,0,0,1,0,0
232649,5544,0,0,1,0,0
232741,5545,0,0,0,1,0
232879,5546,0,0,0,1,0
232957,5547,0,0,1,0,0
233064,5548,0,0,0,1,0
233093,5549,0,0,1,0,0
233099,5550,0,0,1,0,0
233201,5551,0,0,0,1,0
233323,5552,0,0,0,1,0
233422,5553,0,0,1,0,0
233486,5554,0,0,1,0,0
233613,5555,0,0,0,1,0
233660,5556,0,0,1,0,0
233674,5557,0,0,1,0,0
233806,5558,0,0,0,1,0
233807,5559,1,0,0,0,0
233853,5560,0,0,1,0,0
233975,5561,0,0,0,1,0
234017,5562,0,0,1,0,0
234125,5563,0,0,0,1,0
234222,5564,0,0,0,1,0
234327,5565,0,0,0,1,0
234420,5566,0,0,0,1,0
234424,5567,0,0,1,0,0
234466,5568,0,0,1,0,0
234496,5569,0,0,1,0,0
234591,5570,0,0,0,1,0
234630,5571,0,0,1,0,0
234644,5572,0,0,1,0,0
234752,5573,0,0,0,1,0
234849,5574,0,0,0,1,0
234957,5575,0,0,0,1,0
235050,5576,0,0,0,1,0
235146,5577,0,0,0,1,0
235207,5578,0,0,1,0,0
235323,5579,0,0,0,1,0
235389,5580,0,0,1,0,0
235477,5581,0,0,1,0,0
235580,5582,0,0,1,0,0
235691,5583,0,0,0,1,0
235703,5584,0,0,1,0,0
235808,5585,0,0,0,1,0
235910,5586,0,0,0,1,0
235926,5587,0,0,1,0,0
235929,5588,0,0,1,0,0
236037,5589,0,0,0,1,0
236066,5590,0,0,1,0,0
236198,5591,0,0,0,1,0
236242,5592,0,0,1,0,0
236606,5593,0,0,1,0,0
236704,5594,0,0,0,1,0
236775,5595,0,0,1,0,0
236890,5596,0,0,0,1,0
236990,5597,0,0,0,1,0
237088,5598,0,0,0,1,0
237201,5599,0,0,0,1,0
237317,5600,0,0,0,1,0
237365,5601,0,0,1,0,0
237437,5602,0,0,1,0,0
237540,5603,0,0,0,1,0
237542,5604,0,0,1,0,0
237652,5605,0,0,0,1,0
237764,5606,0,0,0,1,0
237769,5607,1,0,0,0,0
237828,5608,0,0,1,0,0
237852,5609,0,0,1,0,0
237898,5610,0,0,1,0,0
238008,5611,0,0,0,1,0
238110,5612,0,0,0,1,0
238199,5613,0,0,0,1,0
238304,5614,0,0,0,1,0
238393,5615,0,0,0,1,0
238447,5616,0,0,1,0,0
238480,5617,0,0,1,0,0
238568,5618,0,0,1,0,0
238649,5619,0,0,1,0,0
238790,5620,0,0,0,1,0
238924,5621,0,0,1,0,0
239160,5622,0,0,0,1,0
239285,5623,0,0,1,0,0
239294,5624,0,0,1,0,0
239411,5625,0,0,0,1,0
239451,5626,0,0,1,0,0
239544,5627,0,0,0,1,0
239659,5628,0,0,0,1,0
239746,5629,0,0,0,1,0
239795,5630,0,0,1,0,0
239811,5631,0,0,1,0,0
239929,5632,0,0,0,1,0
240029,5633,0,0,0,1,0
240067,5634,0,0,1,0,0
240157,5635,0,0,1,0,0
240269,5636,0,0,0,1,0
240381,5637,0,0,1,0,0
240395,5638,0,0,1,0,0
240509,5639,0,0,0,1,0
240613,5640,0,0,0,1,0
240717,5641,0,0,0,1,0
240822,5642,0,0,0,1,0
240927,5643,0,0,1,0,0
241007,5644,0,0,1,0,0
241106,5645,0,0,0,1,0
241222,5646,0,0,0,1,0
241277,5647,0,0,1,0,0
241382,5648,0,0,1,0,0
241467,5649,0,0,0,1,0
241569,5650,0,0,0,1,0
241658,5651,0,0,0,1,0
241739,5652,0,0,1,0,0
241868,5653,0,0,1,0,0
241879,5654,0,0,1,0,0
241883,5655,1,0,0,0,0
242021,5656,0,0,0,1,0
242040,5657,0,0,1,0,0
242096,5658,0,0,1,0,0
242189,5659,0,0,0,1,0
242221,5660,0,0,1,0,0
242347,5661,0,0,1,0,0
242389,5662,0,0,1,0,0
242522,5663,0,0,1,0,0
242636,5664,0,0,0,1,0
242783,5665,0,0,0,1,0
242915,5666,0,0,0,1,0
242970,5667,0,0,1,0,0
242972,5668,0,0,1,0,0
243086,5669,0,0,0,1,0
243176,5670,0,0,0,1,0
243306,5671,0,0,0,1,0
243402,5672,0,0,0,1,0
243422,5673,1,0,0,0,0
243522,5674,0,0,0,1,0
243622,5675,0,0,0,1,0
243740,5676,0,0,0,1,0
243837,5677,0,0,1,0,0
243965,5678,0,0,0,1,0
244068,5679,0,0,0,1,0
244185,5680,0,0,0,1,0
244283,5681,0,0,1,0,0
244378,5682,0,0,0,1,0
244477,5683,0,0,0,1,0
244561,5684,0,0,1,0,0
244655,5685,0,0,0,1,0
244763,5686,0,0,0,1,0
244830,5687,0,0,1,0,0
244922,5688,0,0,1,0,0
244970,5689,0,0,1,0,0
245077,5690,0,0,1,0,0
245174,5691,0,0,0,1,0
245285,5692,0,0,0,1,0
245381,5693,0,0,0,1,0
245397,5694,0,0,1,0,0
245520,5695,0,0,0,1,0
245627,5696,0,0,0,1,0
245682,5697,0,0,1,0,0
245800,5698,0,0,1,0,0
245928,5699,0,0,0,1,0
246049,5700,0,0,0,1,0
246159,5701,0,0,0,1,0
246241,5702,0,0,1,0,0
246374,5703,0,0,0,1,0
246487,5704,0,0,0,1,0
246615,5705,0,0,0,1,0
246719,5706,0,0,0,1,0
246773,5707,0,0,1,0,0
246871,5708,0,0,0,1,0
246994,5709,0,0,0,1,0
247011,5710,0,0,1,0,0
247119,5711,0,0,0,1,0
247220,5712,0,0,0,1,0
247259,5713,0,0,1,0,0
247370,5714,0,0,0,1,0
247483,5715,0,0,1,0,0
247572,5716,0,0,0,1,0
247682,5717,0,0,0,1,0
247782,5718,0,0,0,1,0
247873,5719,0,0,0,1,0
248013,5720,0,0,0,1,0
248019,5721,1,0,0,0,0
248080,5722,0,0,1,0,0
248201,5723,0,0,0,1,0
248317,5724,0,0,0,1,0
248323,5725,0,0,1,0,0
248417,5726,0,0,0,1,0
248769,5727,0,0,0,1,0
248795,5728,0,0,1,0,0
248935,5729,0,0,0,1,0
248991,5730,0,0,1,0,0
249103,5731,0,0,0,1,0
249233,5732,0,0,0,1,0
249341,5733,0,0,0,1,0
249477,5734,0,0,0,1,0
249529,5735,0,0,1,0,0
249847,5736,0,0,0,1,0
249932,5737,0,0,1,0,0
250035,5738,0,0,1,0,0
250092,5739,0,0,1,0,0
250183,5740,0,0,0,1,0
250188,5741,0,0,1,0,0
250258,5742,0,0,1,0,0
250511,5743,0,0,1,0,0
250579,5744,0,0,1,0,0
250663,5745,0,0,1,0,0
250767,5746,0,0,0,1,0
250886,5747,0,0,0,1,0
250931,5748,0,0,1,0,0
251055,5749,0,0,0,1,0
251141,5750,0,0,0,1,0
251143,5751,0,0,1,0,0
251188,5752,0,0,1,0,0
251327,5753,0,0,0,1,0
251421,5754,0,0,0,1,0
251539,5755,0,0,0,1,0
251658,5756,0,0,0,1,0
251677,5757,0,0,1,0,0
251784,5758,0,0,0,1,0
251853,5759,0,0,1,0,0
251915,5760,0,0,1,0,0
252006,5761,0,0,0,1,0
252110,5762,0,0,0,1,0
252230,5763,0,0,0,1,0
252317,5764,0,0,1,0,0
252358,5765,0,0,1,0,0
252462,5766,0,0,0,1,0
252558,5767,0,0,0,1,0
252663,5768,0,0,0,1,0
252788,5769,0,0,0,1,0
252841,5770,0,0,1,0,0
252959,5771,0,0,0,1,0
252971,5772,0,0,1,0,0
252986,5773,0,0,1,0,0
253098,5774,0,0,1,0,0
253202,5775,0,0,0,1,0
253273,5776,0,0,1,0,0
253387,5777,0,0,0,1,0
253485,5778,0,0,0,1,0
253618,5779,0,0,0,1,0
253668,5780,0,0,1,0,0
253759,5781,0,0,1,0,0
253808,5782,0,0,1,0,0
253919,5783,0,0,0,1,0
253969,5784,0,0,1,0,0
253988,5785,0,0,1,0,0
254032,5786,0,0,1,0,0
254101,5787,0,0,1,0,0
254189,5788,0,0,0,1,0
254298,5789,0,0,1,0,0
254386,5790,0,0,0,1,0
254396,5791,0,0,1,0,0
254440,5792,0,0,1,0,0
254537,5793,0,0,0,1,0
254665,5794,0,0,0,1,0
254770,5795,0,0,0,1,0
254868,5796,0,0,0,1,0
254977,5797,0,0,0,1,0
255060,5798,0,0,1,0,0
255148,5799,0,0,1,0,0
255272,5800,0,0,0,1,0
255319,5801,0,0,1,0,0
255330,5802,0,0,1,0,0
255430,5803,0,0,0,1,0
255537,5804,0,0,0,1,0
255643,5805,0,0,0,1,0
255746,5806,0,0,0,1,0
255875,5807,0,0,1,0,0
255979,5808,0,0,0,1,0
255984,5809,0,0,1,0,0
256103,5810,0,0,0,1,0
256209,5811,0,0,0,1,0
256304,5812,0,0,0,1,0
256347,5813,0,0,1,0,0
256465,5814,0,0,0,1,0
256552,5815,0,0,1,0,0
256584,5816,0,0,1,0,0
257063,5817,0,0,1,0,0
257164,5818,0,0,0,1,0
257292,5819,0,0,0,1,0
257374,5820,0,0,1,0,0
257479,5821,0,0,1,0,0
257601,5822,0,0,0,1,0
257663,5823,0,0,1,0,0
257693,5824,0,0,1,0,0
257705,5825,0,0,1,0,0
257713,5826,0,0,1,0,0
257829,5827,0,0,0,1,0
257918,5828,0,0,0,1,0
258027,5829,0,0,0,1,0
258137,5830,0,0,0,1,0
258233,5831,0,0,0,1,0
258241,5832,0,0,1,0,0
258470,5833,0,0,0,1,0
258571,5834,0,0,1,0,0
258685,5835,0,0,0,1,0
258746,5836,0,0,1,0,0
258767,5837,0,0,1,0,0
258877,5838,0,0,0,1,0
258994,5839,0,0,0,1,0
259095,5840,0,0,0,1,0
259130,5841,0,0,1,0,0
259257,5842,0,0,0,1,0
259297,5843,0,0,1,0,0
259386,5844,0,0,0,1,0
259431,5845,0,0,1,0,0
259515,5846,0,0,1,0,0
259615,5847,0,0,0,1,0
259725,5848,0,0,0,1,0
259896,5849,0,0,0,1,0
260016,5850,0,0,0,1,0
260019,5851,0,0,1,0,0
260133,5852,0,0,0,1,0
260188,5853,0,0,1,0,0
260225,5854,0,0,1,0,0
260360,5855,0,0,0,1,0
260590,5856,0,0,0,1,0
260664,5857,0,0,1,0,0
260776,5858,0,0,0,1,0
260801,5859,0,0,1,0,0
260898,5860,0,0,0,1,0
260985,5861,0,0,0,1,0
261082,5862,0,0,1,0,0
261180,5863,0,0,0,1,0
261275,5864,0,0,1,0,0
261327,5865,0,0,1,0,0
261361,5866,0,0,1,0,0
261407,5867,0,0,1,0,0
261522,5868,0,0,0,1,0
261651,5869,0,0,0,1,0
261748,5870,0,0,0,1,0
261845,5871,0,0,0,1,0
261958,5872,0,0,0,1,0
262060,5873,0,0,0,1,0
262163,5874,0,0,0,1,0
262253,5875,0,0,1,0,0
262350,5876,0,0,0,1,0
262483,5877,0,0,0,1,0
262596,5878,0,0,0,1,0
262597,5879,0,0,1,0,0
262687,5880,0,0,0,1,0
262806,5881,0,0,0,1,0
262903,5882,0,0,0,1,0
263010,5883,0,0,0,1,0
263138,5884,0,0,0,1,0
263148,5885,0,0,1,0,0
263223,5886,0,0,1,0,0
263229,5887,1,0,0,0,0
263349,5888,0,0,0,1,0
263472,5889,0,0,0,1,0
263504,5890,0,0,1,0,0
263510,5891,0,0,1,0,0
263610,5892,0,0,0,1,0
263700,5893,0,0,0,1,0
263845,5894,0,0,0,1,0
263968,5895,0,0,0,1,0
263986,5896,0,0,1,0,0
264089,5897,0,0,0,1,0
264179,5898,0,0,0,1,0
264292,5899,0,0,0,1,0
264413,5900,0,0,1,0,0
264490,5901,0,0,1,0,0
264605,5902,0,0,0,1,0
264742,5903,0,0,0,1,0
264861,5904,0,0,0,1,0
264988,5905,0,0,0,1,0
265096,5906,0,0,0,1,0
265225,5907,0,0,0,1,0
265346,5908,0,0,0,1,0
265486,5909,0,0,0,1,0
265617,5910,0,0,0,1,0
265718,5911,0,0,0,1,0
265815,5912,0,0,1,0,0
265920,5913,0,0,0,1,0
266046,5914,0,0,0,1,0
266170,5915,0,0,0,1,0
266288,5916,0,0,0,1,0
266414,5917,0,0,0,1,0
266516,5918,0,0,0,1,0
266722,5919,0,0,1,0,0
267014,5920,0,0,0,1,0
267145,5921,0,0,0,1,0
267272,5922,0,0,0,1,0
267383,5923,0,0,0,1,0
267400,5924,0,0,1,0,0
267504,5925,0,0,0,1,0
267543,5926,0,0,1,0,0
267749,5927,0,0,1,0,0
267793,5928,0,0,1,0,0
267897,5929,0,0,1,0,0
268014,5930,0,0,0,1,0
268091,5931,0,0,1,0,0
268192,5932,0,0,0,1,0
268311,5933,0,0,0,1,0
268398,5934,0,0,1,0,0
268520,5935,0,0,0,1,0
268890,5936,0,0,1,0,0
269028,5937,0,0,0,1,0
269149,5938,0,0,1,0,0
269152,5939,0,0,1,0,0
269170,5940,0,0,1,0,0
269277,5941,0,0,1,0,0
269398,5942,0,0,0,1,0
269475,5943,0,0,1,0,0
269580,5944,0,0,0,1,0
269646,5945,0,0,1,0,0
269656,5946,1,0,0,0,0
269749,5947,0,0,0,1,0
269845,5948,0,0,0,1,0
269922,5949,0,0,1,0,0
269952,5950,0,0,1,0,0
270070,5951,0,0,0,1,0
270161,5952,0,0,0,1,0
270245,5953,0,0,0,1,0
270256,5954,0,0,1,0,0
270289,5955,0,0,1,0,0
270298,5956,0,0,1,0,0
270363,5957,0,0,1,0,0
270368,5958,0,0,1,0,0
270401,5959,0,0,1,0,0
270455,5960,0,0,1,0,0
270548,5961,0,0,0,1,0
270589,5962,0,0,1,0,0
270674,5963,0,0,0,1,0
270688,5964,0,0,1,0,0
270790,5965,0,0,0,1,0
270903,5966,0,0,0,1,0
271040,5967,0,0,0,1,0
271068,5968,0,0,1,0,0
271076,5969,0,0,1,0,0
271204,5970,0,0,0,1,0
271298,5971,0,0,1,0,0
271397,5972,0,0,0,1,0
271518,5973,0,0,0,1,0
271638,5974,0,0,0,1,0
271648,5975,0,0,1,0,0
271764,5976,0,0,0,1,0
271876,5977,0,0,0,1,0
271989,5978,0,0,0,1,0
271996,5979,0,0,1,0,0
272091,5980,0,0,0,1,0
272100,5981,0,0,1,0,0
272246,5982,0,0,0,1,0
272341,5983,0,0,0,1,0
272469,5984,0,0,0,1,0
272578,5985,0,0,0,1,0
272679,5986,0,0,0,1,0
272787,5987,0,0,0,1,0
272867,5988,0,0,1,0,0
272989,5989,0,0,0,1,0
273100,5990,0,0,0,1,0
273221,5991,0,0,0,1,0
273274,5992,0,0,1,0,0
273380,5993,0,0,0,1,0
273381,5994,0,0,1,0,0
273501,5995,0,0,0,1,0
273603,5996,0,0,0,1,0
273734,5997,0,0,0,1,0
274234,5998,0,0,0,0,1
274325,5999,0,0,1,0,0
274455,6000,0,0,0,1,0
274553,6001,0,0,0,1,0
274610,6002,0,0,1,0,0
274719,6003,0,0,0,1,0
274829,6004,0,0,0,1,0
274944,6005,0,0,0,1,0
275040,6006,0,0,0,1,0
275150,6007,0,0,0,1,0
275247,6008,0,0,0,1,0
275313,6009,0,0,1,0,0
275393,6010,0,0,1,0,0
275404,6011,0,0,1,0,0
275405,6012,1,0,0,0,0
275443,6013,0,0,1,0,0
275568,6014,0,0,0,1,0
275633,6015,0,0,1,0,0
275687,6016,0,0,1,0,0
275766,6017,0,0,1,0,0
275858,6018,0,0,0,1,0
275948,6019,0,0,1,0,0
276041,6020,0,0,0,1,0
276086,6021,0,0,1,0,0
276174,6022,0,0,1,0,0
276274,6023,0,0,0,1,0
276375,6024,0,0,0,1,0
276500,6025,0,0,0,1,0
276504,6026,1,0,0,0,0
276628,6027,0,0,1,0,0
276729,6028,0,0,0,1,0
276820,6029,0,0,0,1,0
276964,6030,0,0,0,1,0
277078,6031,0,0,0,1,0
277189,6032,0,0,1,0,0
277307,6033,0,0,0,1,0
277396,6034,0,0,0,1,0
277483,6035,0,0,1,0,0
277532,6036,0,0,1,0,0
277672,6037,0,0,0,1,0
277755,6038,0,0,1,0,0
277902,6039,0,0,1,0,0
278033,6040,0,0,0,1,0
278147,6041,0,0,0,1,0
278259,6042,0,0,0,1,0
278292,6043,0,0,1,0,0
278409,6044,0,0,0,1,0
278537,6045,0,0,0,1,0
278657,6046,0,0,0,1,0
278751,6047,0,0,0,1,0
278883,6048,0,0,0,1,0
279090,6049,0,0,1,0,0
279202,6050,0,0,0,1,0
279273,6051,0,0,1,0,0
279395,6052,0,0,0,1,0
279400,6053,1,0,0,0,0
279515,6054,0,0,1,0,0
279609,6055,0,0,0,1,0
279712,6056,0,0,1,0,0
279734,6057,0,0,1,0,0
279838,6058,0,0,0,1,0
279910,6059,0,0,1,0,0
279934,6060,0,0,1,0,0
279956,6061,0,0,1,0,0
279968,6062,0,0,1,0,0
280084,6063,0,0,0,1,0
280144,6064,0,0,1,0,0
280228,6065,0,0,0,1,0
280367,6066,0,0,0,1,0
280473,6067,0,0,0,1,0
280596,6068,0,0,0,1,0
280711,6069,0,0,1,0,0
280837,6070,0,0,0,1,0
280933,6071,0,0,0,1,0
281050,6072,0,0,0,1,0
281170,6073,0,0,0,1,0
281283,6074,0,0,0,1,0
281388,6075,0,0,1,0,0
281505,6076,0,0,0,1,0
281587,6077,0,0,0,1,0
281589,6078,0,0,1,0,0
281714,6079,0,0,0,1,0
281816,6080,0,0,0,1,0
281950,6081,0,0,0,1,0
281993,6082,0,0,1,0,0
281997,6083,0,0,1,0,0
282085,6084,0,0,1,0,0
282403,6085,0,0,1,0,0
282408,6086,0,0,1,0,0
282511,6087,0,0,0,1,0
282526,6088,0,0,1,0,0
282545,6089,0,0,1,0,0
282587,6090,0,0,1,0,0
282627,6091,0,0,1,0,0
282730,6092,0,0,0,1,0
282860,6093,0,0,0,1,0
282969,6094,0,0,0,1,0
283069,6095,0,0,0,1,0
283103,6096,0,0,1,0,0
283121,6097,0,0,1,0,0
283216,6098,0,0,0,1,0
283235,6099,0,0,1,0,0
283326,6100,0,0,0,1,0
283464,6101,0,0,0,1,0
283559,6102,0,0,1,0,0
283665,6103,0,0,0,1,0
283765,6104,0,0,0,1,0
283863,6105,0,0,0,1,0
283974,6106,0,0,0,1,0
284045,6107,0,0,1,0,0
284183,6108,0,0,0,1,0
284267,6109,0,0,1,0,0
284303,6110,0,0,1,0,0
284305,6111,0,0,1,0,0
284462,6112,0,0,1,0,0
284556,6113,0,0,1,0,0
284664,6114,0,0,0,1,0
284711,6115,0,0,1,0,0
284830,6116,0,0,0,1,0
284954,6117,0,0,0,1,0
285011,6118,0,0,1,0,0
285086,6119,0,0,1,0,0
285203,6120,0,0,1,0,0
285306,6121,0,0,1,0,0
285414,6122,0,0,0,1,0
285500,6123,0,0,0,1,0
285635,6124,0,0,0,1,0
285729,6125,0,0,0,1,0
285767,6126,0,0,1,0,0
285862,6127,0,0,0,1,0
285950,6128,0,0,0,1,0
286056,6129,0,0,0,1,0
286079,6130,0,0,1,0,0
286110,6131,0,0,1,0,0
286130,6132,0,0,1,0,0
286227,6133,0,0,0,1,0
286319,6134,0,0,1,0,0
286454,6135,0,0,0,1,0
286560,6136,0,0,0,1,0
286661,6137,0,0,0,1,0
286763,6138,0,0,0,1,0
286852,6139,0,0,0,1,0
286927,6140,0,0,1,0,0
287006,6141,0,0,1,0,0
287050,6142,0,0,1,0,0
287093,6143,0,0,1,0,0
287189,6144,0,0,0,1,0
287212,6145,0,0,1,0,0
287359,6146,0,0,1,0,0
287413,6147,0,0,1,0,0
287513,6148,0,0,0,1,0
287622,6149,0,0,0,1,0
287700,6150,0,0,1,0,0
287838,6151,0,0,0,1,0
287943,6152,0,0,0,1,0
287977,6153,0,0,1,0,0
288071,6154,0,0,0,1,0
288177,6155,0,0,0,1,0
288241,6156,0,0,1,0,0
288335,6157,0,0,0,1,0
288338,6158,0,0,1,0,0
288468,6159,0,0,0,1,0
288478,6160,0,0,1,0,0
288508,6161,0,0,1,0,0
288606,6162,0,0,0,1,0
288721,6163,0,0,0,1,0
288825,6164,0,0,1,0,0
288935,6165,0,0,0,1,0
289054,6166,0,0,0,1,0
289168,6167,0,0,0,1,0
289216,6168,0,0,1,0,0
289356,6169,0,0,0,1,0
289379,6170,0,0,1,0,0
289424,6171,0,0,1,0,0
289479,6172,0,0,1,0,0
289568,6173,0,0,0,1,0
289638,6174,0,0,0,1,0
289708,6175,0,0,0,1,0
289784,6176,0,0,1,0,0
289866,6177,0,0,0,1,0
289919,6178,0,0,1,0,0
290037,6179,0,0,0,1,0
290134,6180,0,0,0,1,0
290137,6181,0,0,1,0,0
290150,6182,0,0,1,0,0
290284,6183,0,0,0,1,0
290374,6184,0,0,0,1,0
290484,6185,0,0,0,1,0
290596,6186,0,0,0,1,0
290614,6187,0,0,1,0,0
290719,6188,0,0,0,1,0
290825,6189,0,0,0,1,0
290907,6190,0,0,1,0,0
291019,6191,0,0,0,1,0
291113,6192,0,0,0,1,0
291174,6193,0,0,1,0,0
291290,6194,0,0,0,1,0
291378,6195,0,0,0,1,0
291615,6196,0,0,0,1,0
291729,6197,0,0,0,1,0
291843,6198,0,0,0,1,0
291938,6199,0,0,0,1,0
292065,6200,0,0,0,1,0
292167,6201,0,0,0,1,0
292254,6202,0,0,1,0,0
292339,6203,0,0,0,1,0
292358,6204,0,0,1,0,0
292404,6205,0,0,1,0,0
292467,6206,0,0,1,0,0
292567,6207,0,0,0,1,0
292664,6208,0,0,0,1,0
292752,6209,0,0,1,0,0
292828,6210,0,0,0,1,0
292923,6211,0,0,0,1,0
293018,6212,0,0,0,1,0
293038,6213,0,0,1,0,0
293042,6214,0,0,1,0,0
293171,6215,0,0,0,1,0
293289,6216,0,0,0,1,0
293400,6217,0,0,0,1,0
293513,6218,0,0,0,1,0
293612,6219,0,0,1,0,0
293638,6220,0,0,1,0,0
293745,6221,0,0,1,0,0
293752,6222,0,0,1,0,0
293857,6223,0,0,0,1,0
293969,6224,0,0,0,1,0
294031,6225,0,0,1,0,0
294144,6226,0,0,0,1,0
294244,6227,0,0,0,1,0
294385,6228,0,0,0,1,0
294523,6229,0,0,0,1,0
294622,6230,0,0,0,1,0
294723,6231,0,0,0,1,0
294821,6232,0,0,0,1,0
294824,6233,0,0,1,0,0
294875,6234,0,0,1,0,0
295010,6235,0,0,0,1,0
295107,6236,0,0,0,1,0
295205,6237,0,0,0,1,0
295280,6238,0,0,1,0,0
295401,6239,0,0,0,1,0
295539,6240,0,0,0,1,0
295644,6241,0,0,0,1,0
295747,6242,0,0,0,1,0
295805,6243,0,0,1,0,0
295809,6244,1,0,0,0,0
295830,6245,0,0,1,0,0
295914,6246,0,0,0,1,0
296013,6247,0,0,0,1,0
296091,6248,0,0,1,0,0
296191,6249,0,0,0,1,0
296323,6250,0,0,0,1,0
296451,6251,0,0,0,1,0
296543,6252,0,0,0,1,0
296549,6253,0,0,1,0,0
296677,6254,0,0,0,1,0
296687,6255,0,0,1,0,0
296811,6256,0,0,0,1,0
296844,6257,0,0,1,0,0
296972,6258,0,0,0,1,0
297079,6259,0,0,0,1,0
297183,6260,0,0,0,1,0
297278,6261,0,0,0,1,0
297281,6262,0,0,1,0,0
297304,6263,0,0,1,0,0
297429,6264,0,0,0,1,0
297552,6265,0,0,0,1,0
297789,6266,0,0,0,1,0
297822,6267,0,0,1,0,0
297918,6268,0,0,1,0,0
297953,6269,0,0,1,0,0
298132,6270,0,0,1,0,0
298258,6271,0,0,0,1,0
298361,6272,0,0,0,1,0
298376,6273,0,0,1,0,0
298460,6274,0,0,1,0,0
298695,6275,0,0,1,0,0
298802,6276,0,0,0,1,0
298823,6277,0,0,1,0,0
299004,6278,0,0,0,1,0
299156,6279,0,0,1,0,0
299244,6280,0,0,1,0,0
299300,6281,0,0,1,0,0
299323,6282,0,0,1,0,0
299409,6283,0,0,1,0,0
299441,6284,0,0,1,0,0
299545,6285,0,0,0,1,0
299676,6286,0,0,0,1,0
299791,6287,0,0,0,1,0
299886,6288,0,0,0,1,0
299995,6289,0,0,0,1,0
300039,6290,0,0,1,0,0
300131,6291,0,0,1,0,0
300242,6292,0,0,0,1,0
300348,6293,0,0,0,1,0
300468,6294,0,0,0,1,0
300552,6295,0,0,1,0,0
300592,6296,0,0,1,0,0
300692,6297,0,0,1,0,0
300807,6298,0,0,0,1,0
300840,6299,0,0,1,0,0
300931,6300,0,0,0,1,0
300955,6301,0,0,1,0,0
301045,6302,0,0,0,1,0
301062,6303,0,0,1,0,0
301092,6304,0,0,1,0,0
301186,6305,0,0,0,1,0
301296,6306,0,0,0,1,0
301313,6307,0,0,1,0,0
301416,6308,0,0,1,0,0
301517,6309,0,0,0,1,0
301637,6310,0,0,0,1,0
301763,6311,0,0,0,1,0
301873,6312,0,0,0,1,0
302000,6313,0,0,0,1,0
302044,6314,0,0,1,0,0
302133,6315,0,0,0,1,0
302234,6316,0,0,0,1,0
302346,6317,0,0,0,1,0
302453,6318,0,0,0,1,0
302582,6319,0,0,0,1,0
302646,6320,0,0,1,0,0
302779,6321,0,0,0,1,0
302836,6322,0,0,1,0,0
302951,6323,0,0,0,1,0
303048,6324,0,0,0,1,0
303064,6325,0,0,1,0,0
303162,6326,0,0,0,1,0
303293,6327,0,0,0,1,0
303322,6328,0,0,1,0,0
303359,6329,0,0,1,0,0
303452,6330,0,0,1,0,0
303462,6331,0,0,1,0,0
303493,6332,0,0,1,0,0
303608,6333,0,0,0,1,0
303716,6334,0,0,1,0,0
303852,6335,0,0,0,1,0
303956,6336,0,0,1,0,0
304024,6337,0,0,1,0,0
304027,6338,0,0,1,0,0
304141,6339,0,0,0,1,0
304143,6340,0,0,1,0,0
304171,6341,0,0,1,0,0
304293,6342,0,0,0,1,0
304379,6343,0,0,1,0,0
304501,6344,0,0,0,1,0
304604,6345,0,0,1,0,0
304752,6346,0,0,0,1,0
304859,6347,0,0,0,1,0
304969,6348,0,0,0,1,0
305036,6349,0,0,1,0,0
305132,6350,0,0,0,1,0
305223,6351,0,0,0,1,0
305323,6352,0,0,0,1,0
305418,6353,0,0,0,1,0
305509,6354,0,0,1,0,0
305600,6355,0,0,0,1,0
305697,6356,0,0,1,0,0
305824,6357,0,0,0,1,0
305965,6358,0,0,0,1,0
306081,6359,0,0,0,1,0
306128,6360,0,0,1,0,0
306248,6361,0,0,0,1,0
306427,6362,0,0,1,0,0
306549,6363,0,0,0,1,0
306592,6364,0,0,1,0,0
306626,6365,0,0,1,0,0
306740,6366,0,0,0,1,0
306852,6367,0,0,1,0,0
306856,6368,0,0,1,0,0
306920,6369,0,0,1,0,0
307047,6370,0,0,0,1,0
307170,6371,0,0,0,1,0
307285,6372,0,0,0,1,0
307386,6373,0,0,0,1,0
307504,6374,0,0,0,1,0
307526,6375,0,0,1,0,0
307620,6376,0,0,0,1,0
307736,6377,0,0,1,0,0
307861,6378,0,0,0,1,0
308086,6379,0,0,0,1,0
308204,6380,0,0,0,1,0
308319,6381,0,0,0,1,0
308419,6382,0,0,0,1,0
308529,6383,0,0,0,1,0
308577,6384,0,0,1,0,0
308601,6385,0,0,1,0,0
308687,6386,0,0,0,1,0
308823,6387,0,0,0,1,0
308840,6388,0,0,1,0,0
308932,6389,0,0,1,0,0
308944,6390,0,0,1,0,0
309013,6391,0,0,1,0,0
309129,6392,0,0,0,1,0
309231,6393,0,0,0,1,0
309344,6394,0,0,0,1,0
309399,6395,0,0,1,0,0
309432,6396,0,0,1,0,0
309538,6397,0,0,0,1,0
309649,6398,0,0,0,1,0
309756,6399,0,0,0,1,0
309798,6400,0,0,1,0,0
309903,6401,0,0,0,1,0
309963,6402,0,0,1,0,0
310079,6403,0,0,0,1,0
310149,6404,0,0,1,0,0
310236,6405,0,0,0,1,0
310276,6406,0,0,1,0,0
310385,6407,0,0,0,1,0
310489,6408,0,0,0,1,0
310559,6409,0,0,1,0,0
310665,6410,0,0,0,1,0
310797,6411,0,0,0,1,0
310888,6412,0,0,0,1,0
310988,6413,0,0,1,0,0
311022,6414,0,0,1,0,0
311077,6415,0,0,1,0,0
311191,6416,0,0,1,0,0
311276,6417,0,0,0,1,0
311332,6418,0,0,1,0,0
311427,6419,0,0,0,1,0
311546,6420,0,0,0,1,0
311624,6421,0,0,1,0,0
311684,6422,0,0,1,0,0
311787,6423,0,0,0,1,0
311890,6424,0,0,0,1,0
311944,6425,0,0,1,0,0
311955,6426,0,0,1,0,0
312062,6427,0,0,0,1,0
312065,6428,0,0,1,0,0
312112,6429,0,0,1,0,0
312153,6430,0,0,1,0,0
312285,6431,0,0,0,1,0
312407,6432,0,0,0,1,0
312509,6433,0,0,0,1,0
312607,6434,0,0,0,1,0
312711,6435,0,0,0,1,0
312840,6436,0,0,0,1,0
312933,6437,0,0,0,1,0
313035,6438,0,0,0,1,0
313108,6439,0,0,1,0,0
313149,6440,0,0,1,0,0
313240,6441,0,0,0,1,0
313365,6442,0,0,0,1,0
313476,6443,0,0,0,1,0
313477,6444,0,0,1,0,0
313586,6445,0,0,1,0,0
313682,6446,0,0,0,1,0
313714,6447,0,0,1,0,0
313798,6448,0,0,0,1,0
313804,6449,0,0,1,0,0
313821,6450,0,0,1,0,0
313899,6451,0,0,1,0,0
314033,6452,0,0,0,1,0
314179,6453,0,0,0,1,0
314462,6454,0,0,0,1,0
314523,6455,0,0,1,0,0
314632,6456,0,0,0,1,0
314742,6457,0,0,1,0,0
314840,6458,0,0,1,0,0
314958,6459,0,0,0,1,0
315395,6460,0,0,0,1,0
315401,6461,0,0,1,0,0
315649,6462,0,0,1,0,0
315778,6463,0,0,0,1,0
315882,6464,0,0,0,1,0
315898,6465,0,0,1,0,0
315992,6466,0,0,0,1,0
316090,6467,0,0,0,1,0
316176,6468,0,0,1,0,0
316219,6469,0,0,1,0,0
316252,6470,0,0,1,0,0
316389,6471,0,0,0,1,0
316483,6472,0,0,0,1,0
316569,6473,0,0,0,1,0
316680,6474,0,0,0,1,0
316761,6475,0,0,1,0,0
316887,6476,0,0,0,1,0
317015,6477,0,0,0,1,0
317077,6478,0,0,1,0,0
317133,6479,0,0,1,0,0
317232,6480,0,0,0,1,0
317338,6481,0,0,0,1,0
317383,6482,0,0,1,0,0
317488,6483,0,0,0,1,0
317609,6484,0,0,0,1,0
317705,6485,0,0,0,1,0
317818,6486,0,0,0,1,0
317953,6487,0,0,0,1,0
318062,6488,0,0,0,1,0
318562,6489,0,0,0,0,1
318643,6490,0,0,1,0,0
318737,6491,0,0,0,1,0
318823,6492,0,0,0,1,0
318826,6493,1,0,0,0,0
318931,6494,0,0,0,1,0
319018,6495,0,0,0,1,0
319022,6496,1,0,0,0,0
319126,6497,0,0,0,1,0
319132,6498,1,0,0,0,0
319140,6499,0,0,1,0,0
319199,6500,0,0,1,0,0
319221,6501,0,0,1,0,0
319266,6502,0,0,1,0,0
319383,6503,0,0,0,1,0
319509,6504,0,0,0,1,0
319636,6505,0,0,0,1,0
319769,6506,0,0,0,1,0
319894,6507,0,0,0,1,0
320021,6508,0,0,0,1,0
320121,6509,0,0,1,0,0
320126,6510,1,0,0,0,0
320240,6511,0,0,0,1,0
320345,6512,0,0,0,1,0
320445,6513,0,0,1,0,0
320614,6514,0,0,0,1,0
320709,6515,0,0,0,1,0
320830,6516,0,0,0,1,0
320883,6517,0,0,1,0,0
321008,6518,0,0,0,1,0
321127,6519,0,0,0,1,0
321172,6520,0,0,1,0,0
321187,6521,0,0,1,0,0
321290,6522,0,0,0,1,0
321338,6523,0,0,1,0,0
321406,6524,0,0,1,0,0
321498,6525,0,0,1,0,0
321603,6526,0,0,1,0,0
321732,6527,0,0,0,1,0
321819,6528,0,0,0,1,0
321961,6529,0,0,0,1,0
322095,6530,0,0,0,1,0
322129,6531,0,0,1,0,0
322158,6532,0,0,1,0,0
322236,6533,0,0,1,0,0
322286,6534,0,0,1,0,0
322375,6535,0,0,0,1,0
322520,6536,0,0,0,1,0
322536,6537,0,0,1,0,0
322638,6538,0,0,0,1,0
322757,6539,0,0,0,1,0
322854,6540,0,0,0,1,0
322963,6541,0,0,0,1,0
323082,6542,0,0,0,1,0
323212,6543,0,0,0,1,0
323328,6544,0,0,0,1,0
323450,6545,0,0,0,1,0
323545,6546,0,0,0,1,0
323673,6547,0,0,0,1,0
323799,6548,0,0,0,1,0
323926,6549,0,0,0,1,0
324061,6550,0,0,0,1,0
324155,6551,0,0,0,1,0
324181,6552,0,0,1,0,0
324271,6553,0,0,0,1,0
324360,6554,0,0,1,0,0
324450,6555,0,0,0,1,0
324574,6556,0,0,1,0,0
324651,6557,0,0,1,0,0
324755,6558,0,0,1,0,0
324876,6559,0,0,0,1,0
324958,6560,0,0,1,0,0
324977,6561,0,0,1,0,0
325087,6562,0,0,0,1,0
325213,6563,0,0,0,1,0
325335,6564,0,0,0,1,0
325612,6565,0,0,1,0,0
325728,6566,0,0,0,1,0
325757,6567,0,0,1,0,0
325817,6568,1,0,0,0,0
325870,6569,0,0,1,0,0
325957,6570,0,0,0,1,0
326043,6571,0,0,0,1,0
326146,6572,0,0,1,0,0
326283,6573,0,0,0,1,0
326387,6574,0,0,0,1,0
326502,6575,0,0,0,1,0
326570,6576,0,0,1,0,0
326679,6577,0,0,0,1,0
326782,6578,0,0,0,1,0
326886,6579,0,0,0,1,0
326940,6580,0,0,1,0,0
327052,6581,0,0,0,1,0
327096,6582,0,0,1,0,0
327188,6583,0,0,0,1,0
327200,6584,0,0,1,0,0
327301,6585,0,0,0,1,0
327382,6586,0,0,1,0,0
327482,6587,0,0,0,1,0
327494,6588,0,0,1,0,0
327623,6589,0,0,0,1,0
327625,6590,0,0,1,0,0
327752,6591,0,0,0,1,0
327843,6592,0,0,1,0,0
327863,6593,0,0,1,0,0
328003,6594,0,0,0,1,0
328111,6595,0,0,0,1,0
328147,6596,0,0,1,0,0
328245,6597,0,0,0,1,0
328357,6598,0,0,0,1,0
328454,6599,0,0,0,1,0
328588,6600,0,0,0,1,0
328717,6601,0,0,0,1,0
328791,6602,0,0,1,0,0
328931,6603,0,0,0,1,0
328966,6604,0,0,1,0,0
329051,6605,0,0,1,0,0
329143,6606,0,0,0,1,0
329218,6607,0,0,1,0,0
329347,6608,0,0,0,1,0
329468,6609,0,0,0,1,0
329490,6610,0,0,1,0,0
329535,6611,0,0,1,0,0
329776,6612,0,0,0,1,0
329850,6613,0,0,1,0,0
330074,6614,0,0,0,1,0
330305,6615,0,0,0,1,0
330416,6616,0,0,0,1,0
330521,6617,0,0,0,1,0
330627,6618,0,0,0,1,0
330736,6619,0,0,0,1,0
330741,6620,0,0,1,0,0
330747,6621,1,0,0,0,0
330784,6622,0,0,1,0,0
330813,6623,0,0,1,0,0
330880,6624,0,0,1,0,0
330976,6625,0,0,0,1,0
331081,6626,0,0,0,1,0
331105,6627,0,0,1,0,0
331206,6628,0,0,0,1,0
331330,6629,0,0,0,1,0
331441,6630,0,0,0,1,0
331539,6631,0,0,0,1,0
331634,6632,0,0,0,1,0
331745,6633,0,0,0,1,0
331775,6634,0,0,1,0,0
331792,6635,0,0,1,0,0
331826,6636,0,0,1,0,0
331954,6637,0,0,0,1,0
332002,6638,0,0,1,0,0
332069,6639,0,0,1,0,0
332119,6640,0,0,1,0,0
332210,6641,0,0,0,1,0
332325,6642,0,0,0,1,0
332393,6643,0,0,1,0,0
332528,6644,0,0,0,1,0
332617,6645,0,0,0,1,0
332744,6646,0,0,0,1,0
332843,6647,0,0,0,1,0
332973,6648,0,0,0,1,0
333076,6649,0,0,0,1,0
333163,6650,0,0,0,1,0
333258,6651,0,0,0,1,0
333303,6652,0,0,1,0,0
333389,6653,0,0,0,1,0
333523,6654,0,0,0,1,0
333559,6655,0,0,1,0,0
333696,6656,0,0,0,1,0
333748,6657,0,0,1,0,0
333868,6658,0,0,0,1,0
333957,6659,0,0,0,1,0
334044,6660,0,0,0,1,0
334062,6661,0,0,1,0,0
334069,6662,0,0,1,0,0
334178,6663,0,0,0,1,0
334289,6664,0,0,0,1,0
334366,6665,0,0,1,0,0
334423,6666,0,0,1,0,0
334541,6667,0,0,0,1,0
334554,6668,0,0,1,0,0
334677,6669,0,0,0,1,0
334740,6670,0,0,1,0,0
334810,6671,0,0,1,0,0
334951,6672,0,0,0,1,0
335048,6673,0,0,0,1,0
335155,6674,0,0,0,1,0
335206,6675,0,0,1,0,0
335252,6676,0,0,1,0,0
335366,6677,0,0,1,0,0
335373,6678,1,0,0,0,0
335428,6679,0,0,1,0,0
335495,6680,0,0,1,0,0
335597,6681,0,0,0,1,0
335616,6682,0,0,1,0,0
335665,6683,0,0,1,0,0
335783,6684,0,0,0,1,0
335845,6685,0,0,1,0,0
335873,6686,0,0,1,0,0
335994,6687,0,0,0,1,0
336277,6688,0,0,0,1,0
336389,6689,0,0,0,1,0
336420,6690,0,0,1,0,0
336494,6691,0,0,1,0,0
336571,6692,0,0,1,0,0
336680,6693,0,0,0,1,0
336807,6694,0,0,0,1,0
336829,6695,0,0,1,0,0
336886,6696,0,0,1,0,0
336903,6697,0,0,1,0,0
337011,6698,0,0,0,1,0
337082,6699,0,0,1,0,0
337186,6700,0,0,0,1,0
337283,6701,0,0,0,1,0
337380,6702,0,0,0,1,0
337469,6703,0,0,0,1,0
337517,6704,0,0,1,0,0
337640,6705,0,0,0,1,0
337675,6706,0,0,1,0,0
337776,6707,0,0,1,0,0
337803,6708,0,0,1,0,0
337908,6709,0,0,1,0,0
338011,6710,0,0,0,1,0
338096,6711,0,0,1,0,0
338199,6712,0,0,0,1,0
338324,6713,0,0,0,1,0
338614,6714,0,0,0,1,0
339114,6715,0,0,0,0,1
339214,6716,0,0,0,1,0
339226,6717,0,0,1,0,0
339321,6718,0,0,1,0,0
339422,6719,0,0,0,1,0
339530,6720,0,0,0,1,0
339617,6721,0,0,1,0,0
339619,6722,0,0,1,0,0
339719,6723,0,0,0,1,0
339726,6724,0,0,1,0,0
339830,6725,0,0,0,1,0
339952,6726,0,0,0,1,0
340062,6727,0,0,0,1,0
340341,6728,0,0,1,0,0
340377,6729,0,0,1,0,0
340495,6730,0,0,0,1,0
340532,6731,0,0,1,0,0
340564,6732,0,0,1,0,0
340580,6733,0,0,1,0,0
340689,6734,0,0,0,1,0
340773,6735,0,0,0,1,0
340890,6736,0,0,0,1,0
340924,6737,0,0,1,0,0
341020,6738,0,0,1,0,0
341103,6739,0,0,1,0,0
341220,6740,0,0,0,1,0
341318,6741,0,0,0,1,0
341428,6742,0,0,0,1,0
341460,6743,0,0,1,0,0
341575,6744,0,0,0,1,0
341862,6745,0,0,0,1,0
341879,6746,0,0,1,0,0
342016,6747,0,0,0,1,0
342020,6748,0,0,1,0,0
342075,6749,0,0,1,0,0
342104,6750,0,0,1,0,0
342217,6751,0,0,0,1,0
342259,6752,0,0,1,0,0
342316,6753,0,0,1,0,0
342438,6754,0,0,0,1,0
342553,6755,0,0,0,1,0
342606,6756,0,0,1,0,0
342814,6757,0,0,1,0,0
342926,6758,0,0,0,1,0
343027,6759,0,0,0,1,0
343106,6760,0,0,1,0,0
343166,6761,0,0,1,0,0
343291,6762,0,0,0,1,0
343472,6763,0,0,1,0,0
343589,6764,0,0,0,1,0
343683,6765,0,0,0,1,0
343688,6766,0,0,1,0,0
343787,6767,0,0,0,1,0
344058,6768,0,0,0,1,0
344179,6769,0,0,0,1,0
344248,6770,0,0,1,0,0
344330,6771,0,0,1,0,0
344371,6772,0,0,1,0,0
344468,6773,0,0,1,0,0
344568,6774,0,0,0,1,0
344655,6775,0,0,1,0,0
344663,6776,0,0,1,0,0
344784,6777,0,0,0,1,0
344785,6778,1,0,0,0,0
344880,6779,0,0,1,0,0
345005,6780,0,0,0,1,0
345104,6781,0,0,1,0,0
345195,6782,0,0,0,1,0
345196,6783,0,0,1,0,0
345308,6784,0,0,0,1,0
345349,6785,0,0,1,0,0
345467,6786,0,0,1,0,0
345549,6787,0,0,1,0,0
345667,6788,0,0,0,1,0
345671,6789,0,0,1,0,0
345700,6790,0,0,1,0,0
345792,6791,0,0,0,1,0
345887,6792,0,0,0,1,0
346005,6793,0,0,0,1,0
346026,6794,0,0,1,0,0
346068,6795,0,0,1,0,0
346192,6796,0,0,0,1,0
346211,6797,0,0,1,0,0
346349,6798,0,0,0,1,0
346434,6799,0,0,1,0,0
346546,6800,0,0,0,1,0
346638,6801,0,0,0,1,0
346743,6802,0,0,0,1,0
346843,6803,0,0,0,1,0
346985,6804,0,0,1,0,0
347093,6805,0,0,0,1,0
347159,6806,0,0,1,0,0
347258,6807,0,0,0,1,0
347366,6808,0,0,1,0,0
347367,6809,0,0,1,0,0
347527,6810,0,0,0,1,0
347653,6811,0,0,0,1,0
347929,6812,0,0,1,0,0
348054,6813,0,0,0,1,0
348139,6814,0,0,0,1,0
348253,6815,0,0,0,1,0
348356,6816,0,0,0,1,0
348472,6817,0,0,0,1,0
348569,6818,0,0,0,1,0
348587,6819,0,0,1,0,0
348692,6820,0,0,0,1,0
348802,6821,0,0,0,1,0
348886,6822,0,0,0,1,0
348928,6823,0,0,1,0,0
349017,6824,0,0,0,1,0
349148,6825,0,0,0,1,0
349261,6826,0,0,0,1,0
349289,6827,0,0,1,0,0
349392,6828,0,0,0,1,0
349536,6829,0,0,0,1,0
349583,6830,0,0,1,0,0
349692,6831,0,0,0,1,0
349824,6832,0,0,0,1,0
349945,6833,0,0,0,1,0
349989,6834,0,0,1,0,0
350044,6835,0,0,1,0,0
350162,6836,0,0,0,1,0
350260,6837,0,0,0,1,0
350330,6838,0,0,1,0,0
350430,6839,0,0,0,1,0
350528,6840,0,0,0,1,0
350627,6841,0,0,0,1,0
350730,6842,0,0,0,1,0
350779,6843,0,0,1,0,0
350883,6844,0,0,0,1,0
350985,6845,0,0,1,0,0
351084,6846,0,0,0,1,0
351209,6847,0,0,0,1,0
351314,6848,0,0,0,1,0
351424,6849,0,0,0,1,0
351545,6850,0,0,0,1,0
351670,6851,0,0,1,0,0
351801,6852,0,0,0,1,0
351874,6853,0,0,1,0,0
352000,6854,0,0,0,1,0
352139,6855,0,0,0,1,0
352254,6856,0,0,0,1,0
352322,6857,0,0,1,0,0
352375,6858,0,0,1,0,0
352476,6859,0,0,0,1,0
352579,6860,0,0,0,1,0
352648,6861,0,0,1,0,0
352651,6862,1,0,0,0,0
352775,6863,0,0,0,1,0
352870,6864,0,0,0,1,0
352985,6865,0,0,0,1,0
352994,6866,0,0,1,0,0
353110,6867,0,0,0,1,0
353252,6868,0,0,0,1,0
353288,6869,0,0,1,0,0
353361,6870,0,0,1,0,0
353374,6871,0,0,1,0,0
353504,6872,0,0,0,1,0
353508,6873,0,0,1,0,0
353630,6874,0,0,0,1,0
353707,6875,0,0,1,0,0
353822,6876,0,0,0,1,0
353919,6877,0,0,0,1,0
354042,6878,0,0,0,1,0
354077,6879,0,0,1,0,0
354117,6880,0,0,1,0,0
354233,6881,0,0,0,1,0
354357,6882,0,0,0,1,0
354455,6883,0,0,0,1,0
354470,6884,0,0,1,0,0
354560,6885,0,0,1,0,0
354691,6886,0,0,0,1,0
354794,6887,0,0,0,1,0
354893,6888,0,0,0,1,0
354894,6889,0,0,1,0,0
355001,6890,0,0,0,1,0
355011,6891,0,0,1,0,0
355034,6892,0,0,1,0,0
355061,6893,0,0,1,0,0
355087,6894,0,0,1,0,0
355200,6895,0,0,0,1,0
355294,6896,0,0,0,1,0
355331,6897,0,0,1,0,0
355380,6898,0,0,1,0,0
355384,6899,1,0,0,0,0
355496,6900,0,0,0,1,0
355613,6901,0,0,0,1,0
355685,6902,0,0,1,0,0
355816,6903,0,0,0,1,0
355917,6904,0,0,0,1,0
355956,6905,0,0,1,0,0
356048,6906,0,0,0,1,0
356143,6907,0,0,0,1,0
356208,6908,0,0,1,0,0
356304,6909,0,0,0,1,0
356343,6910,0,0,1,0,0
356357,6911,0,0,1,0,0
356472,6912,0,0,1,0,0
356527,6913,0,0,1,0,0
356791,6914,0,0,1,0,0
356920,6915,0,0,0,1,0
357025,6916,0,0,0,1,0
357148,6917,0,0,1,0,0
357190,6918,0,0,1,0,0
357196,6919,0,0,1,0,0
357258,6920,0,0,1,0,0
357391,6921,0,0,0,1,0
357488,6922,0,0,0,1,0
357597,6923,0,0,0,1,0
357647,6924,0,0,1,0,0
357670,6925,0,0,1,0,0
357694,6926,0,0,1,0,0
357816,6927,0,0,0,1,0
357848,6928,0,0,1,0,0
357962,6929,0,0,0,1,0
358068,6930,0,0,0,1,0
358078,6931,0,0,1,0,0
358168,6932,0,0,0,1,0
358231,6933,0,0,1,0,0
358336,6934,0,0,0,1,0
358337,6935,1,0,0,0,0
358423,6936,0,0,0,1,0
358514,6937,0,0,0,1,0
358565,6938,0,0,1,0,0
358676,6939,0,0,0,1,0
358784,6940,0,0,0,1,0
358868,6941,0,0,1,0,0
358913,6942,0,0,1,0,0
358947,6943,0,0,1,0,0
359055,6944,0,0,0,1,0
359167,6945,0,0,0,1,0
359306,6946,0,0,0,1,0
359406,6947,0,0,0,1,0
359498,6948,0,0,0,1,0
359568,6949,0,0,1,0,0
359664,6950,0,0,0,1,0
359730,6951,0,0,1,0,0
359740,6952,0,0,1,0,0
359794,6953,0,0,1,0,0
359890,6954,0,0,0,1,0
359985,6955,0,0,0,1,0
360086,6956,0,0,0,1,0
360210,6957,0,0,0,1,0
360332,6958,0,0,0,1,0
360454,6959,0,0,0,1,0
360555,6960,0,0,0,1,0
360686,6961,0,0,0,1,0
360748,6962,0,0,1,0,0
360842,6963,0,0,0,1,0
360941,6964,0,0,0,1,0
361065,6965,0,0,0,1,0
361128,6966,0,0,1,0,0
361264,6967,0,0,0,1,0
361445,6968,0,0,0,1,0
361557,6969,0,0,0,1,0
361650,6970,0,0,0,1,0
361759,6971,0,0,1,0,0
361865,6972,0,0,0,1,0
361968,6973,0,0,0,1,0
361990,6974,0,0,1,0,0
362202,6975,0,0,0,1,0
362308,6976,0,0,1,0,0
362328,6977,0,0,1,0,0
362423,6978,0,0,0,1,0
362545,6979,0,0,0,1,0
362625,6980,0,0,0,1,0
362693,6981,0,0,1,0,0
362704,6982,0,0,1,0,0
362780,6983,0,0,1,0,0
362869,6984,0,0,0,1,0
362962,6985,0,0,0,1,0
363081,6986,0,0,0,1,0
363181,6987,0,0,0,1,0
363290,6988,0,0,0,1,0
363397,6989,0,0,0,1,0
363498,6990,0,0,0,1,0
363597,6991,0,0,0,1,0
363709,6992,0,0,0,1,0
363779,6993,0,0,1,0,0
363816,6994,0,0,1,0,0
363936,6995,0,0,0,1,0
364058,6996,0,0,0,1,0
364180,6997,0,0,0,1,0
364197,6998,0,0,1,0,0
364320,6999,0,0,0,1,0
364433,7000,0,0,0,1,0
364448,7001,0,0,1,0,0
364566,7002,0,0,0,1,0
364683,7003,0,0,0,1,0
364785,7004,0,0,0,1,0
364791,7005,0,0,1,0,0
364884,7006,0,0,0,1,0
365009,7007,0,0,0,1,0
365126,7008,0,0,0,1,0
365173,7009,0,0,1,0,0
365306,7010,0,0,0,1,0
365432,7011,0,0,0,1,0
365466,7012,0,0,1,0,0
365577,7013,0,0,1,0,0
365641,7014,0,0,1,0,0
365731,7015,0,0,0,1,0
365754,7016,0,0,1,0,0
365882,7017,0,0,0,1,0
365883,7018,0,0,1,0,0
365888,7019,0,0,1,0,0
366007,7020,0,0,0,1,0
366109,7021,0,0,0,1,0
366224,7022,0,0,0,1,0
366352,7023,0,0,0,1,0
366441,7024,0,0,0,1,0
366446,7025,0,0,1,0,0
366569,7026,0,0,1,0,0
366669,7027,0,0,0,1,0
366791,7028,0,0,0,1,0
366884,7029,0,0,0,1,0
366926,7030,0,0,1,0,0
367012,7031,0,0,0,1,0
367044,7032,0,0,1,0,0
367136,7033,0,0,0,1,0
367173,7034,0,0,1,0,0
367276,7035,0,0,0,1,0
367373,7036,0,0,0,1,0
367480,7037,0,0,0,1,0
367548,7038,0,0,1,0,0
367654,7039,0,0,0,1,0
367656,7040,0,0,1,0,0
367693,7041,0,0,1,0,0
367768,7042,0,0,1,0,0
367855,7043,0,0,1,0,0
367946,7044,0,0,0,1,0
367961,7045,0,0,1,0,0
368048,7046,0,0,1,0,0
368132,7047,0,0,0,1,0
368271,7048,0,0,0,1,0
368365,7049,0,0,0,1,0
368369,7050,1,0,0,0,0
368575,7051,0,0,0,1,0
368679,7052,0,0,1,0,0
368817,7053,0,0,0,1,0
368932,7054,0,0,1,0,0
369041,7055,0,0,0,1,0
369132,7056,0,0,0,1,0
369239,7057,0,0,0,1,0
369344,7058,0,0,0,1,0
369434,7059,0,0,0,1,0
369555,7060,0,0,0,1,0
369637,7061,0,0,0,1,0
369701,7062,0,0,1,0,0
369808,7063,0,0,0,1,0
369813,7064,0,0,1,0,0
369917,7065,0,0,1,0,0
370002,7066,0,0,0,1,0
370007,7067,0,0,1,0,0
370133,7068,0,0,0,1,0
370233,7069,0,0,0,1,0
370352,7070,0,0,0,1,0
370461,7071,0,0,0,1,0
370513,7072,0,0,1,0,0
370547,7073,0,0,1,0,0
370694,7074,0,0,0,1,0
370818,7075,0,0,0,1,0
370837,7076,0,0,1,0,0
370866,7077,0,0,1,0,0
370962,7078,0,0,0,1,0
371081,7079,0,0,0,1,0
371200,7080,0,0,0,1,0
371306,7081,0,0,1,0,0
371412,7082,0,0,0,1,0
371504,7083,0,0,0,1,0
371597,7084,0,0,0,1,0
371656,7085,0,0,1,0,0
371676,7086,0,0,1,0,0
371749,7087,0,0,1,0,0
371753,7088,0,0,1,0,0
371876,7089,0,0,0,1,0
371958,7090,0,0,0,1,0
372051,7091,0,0,0,1,0
372087,7092,0,0,1,0,0
372169,7093,0,0,1,0,0
372252,7094,0,0,1,0,0
372370,7095,0,0,0,1,0
372472,7096,0,0,0,1,0
372568,7097,0,0,1,0,0
372643,7098,0,0,1,0,0
372737,7099,0,0,0,1,0
372847,7100,0,0,0,1,0
372944,7101,0,0,0,1,0
373051,7102,0,0,0,1,0
373106,7103,0,0,1,0,0
373133,7104,0,0,1,0,0
373145,7105,0,0,1,0,0
373245,7106,0,0,0,1,0
373366,7107,0,0,0,1,0
373477,7108,0,0,0,1,0
373490,7109,0,0,1,0,0
373514,7110,0,0,1,0,0
373614,7111,0,0,0,1,0
373721,7112,0,0,0,1,0
373788,7113,0,0,1,0,0
373840,7114,0,0,1,0,0
373943,7115,0,0,0,1,0
374032,7116,0,0,0,1,0
374096,7117,0,0,1,0,0
374182,7118,0,0,0,1,0
374288,7119,0,0,0,1,0
374391,7120,0,0,0,1,0
374510,7121,0,0,0,1,0
374513,7122,0,0,1,0,0
374566,7123,0,0,1,0,0
374594,7124,0,0,1,0,0
374682,7125,0,0,1,0,0
374806,7126,0,0,0,1,0
374926,7127,0,0,1,0,0
374991,7128,0,0,1,0,0
375069,7129,0,0,1,0,0
375109,7130,0,0,1,0,0
375203,7131,0,0,0,1,0
375328,7132,0,0,0,1,0
375461,7133,0,0,0,1,0
375495,7134,0,0,1,0,0
375600,7135,0,0,0,1,0
375708,7136,0,0,1,0,0
375711,7137,0,0,1,0,0
375855,7138,0,0,0,1,0
375941,7139,0,0,1,0,0
375957,7140,0,0,1,0,0
376047,7141,0,0,1,0,0
376142,7142,0,0,0,1,0
376249,7143,0,0,0,1,0
376371,7144,0,0,0,1,0
376373,7145,1,0,0,0,0
376467,7146,0,0,0,1,0
376590,7147,0,0,0,1,0
376598,7148,0,0,1,0,0
376619,7149,0,0,1,0,0
376708,7150,0,0,0,1,0
376810,7151,0,0,0,1,0
376855,7152,0,0,1,0,0
376944,7153,0,0,0,1,0
376979,7154,0,0,1,0,0
377008,7155,0,0,1,0,0
377107,7156,0,0,0,1,0
377230,7157,0,0,0,1,0
377364,7158,0,0,0,1,0
377389,7159,0,0,1,0,0
377417,7160,0,0,1,0,0
377544,7161,0,0,0,1,0
377660,7162,0,0,0,1,0
377729,7163,0,0,1,0,0
377763,7164,0,0,1,0,0
377868,7165,0,0,1,0,0
377967,7166,0,0,0,1,0
378467,7167,0,0,0,0,1
378655,7168,0,0,0,1,0
378701,7169,0,0,1,0,0
378792,7170,0,0,1,0,0
378929,7171,0,0,0,1,0
379025,7172,0,0,1,0,0
379117,7173,0,0,1,0,0
379400,7174,0,0,0,1,0
379526,7175,0,0,0,1,0
379614,7176,0,0,0,1,0
379745,7177,0,0,0,1,0
379857,7178,0,0,0,1,0
379971,7179,0,0,0,1,0
380009,7180,0,0,1,0,0
380102,7181,0,0,0,1,0
380196,7182,0,0,0,1,0
380298,7183,0,0,1,0,0
380312,7184,0,0,1,0,0
380333,7185,0,0,1,0,0
380449,7186,0,0,0,1,0
380532,7187,0,0,1,0,0
380634,7188,0,0,1,0,0
380731,7189,0,0,1,0,0
380848,7190,0,0,0,1,0
380983,7191,0,0,0,1,0
381040,7192,0,0,1,0,0
381147,7193,0,0,1,0,0
381164,7194,0,0,1,0,0
381200,7195,0,0,1,0,0
381297,7196,0,0,0,1,0
381345,7197,0,0,1,0,0
381469,7198,0,0,1,0,0
381561,7199,0,0,1,0,0
381568,7200,0,0,1,0,0
381671,7201,0,0,0,1,0
381700,7202,0,0,1,0,0
381815,7203,0,0,0,1,0
381939,7204,0,0,0,1,0
382054,7205,0,0,0,1,0
382071,7206,0,0,1,0,0
382159,7207,0,0,0,1,0
382196,7208,0,0,1,0,0
382321,7209,0,0,0,1,0
382328,7210,0,0,1,0,0
382409,7211,0,0,0,1,0
382509,7212,0,0,0,1,0
382617,7213,0,0,0,1,0
382676,7214,0,0,1,0,0
382712,7215,0,0,1,0,0
382822,7216,0,0,0,1,0
382857,7217,0,0,1,0,0
382895,7218,0,0,1,0,0
382997,7219,0,0,0,1,0
383047,7220,0,0,1,0,0
383155,7221,0,0,0,1,0
383279,7222,0,0,0,1,0
383389,7223,0,0,0,1,0
383543,7224,0,0,0,1,0
383610,7225,0,0,1,0,0
383750,7226,0,0,0,1,0
383815,7227,0,0,1,0,0
383863,7228,0,0,1,0,0
383910,7229,0,0,1,0,0
383991,7230,0,0,1,0,0
384019,7231,0,0,1,0,0
384032,7232,0,0,1,0,0
384127,7233,0,0,0,1,0
384215,7234,0,0,1,0,0
384317,7235,0,0,0,1,0
384425,7236,0,0,1,0,0
384560,7237,0,0,0,1,0
384662,7238,0,0,0,1,0
384690,7239,0,0,1,0,0
384817,7240,0,0,0,1,0
384918,7241,0,0,0,1,0
384972,7242,0,0,1,0,0
385071,7243,0,0,0,1,0
385186,7244,0,0,0,1,0
385230,7245,0,0,1,0,0
385346,7246,0,0,0,1,0
385482,7247,0,0,0,1,0
385614,7248,0,0,0,1,0
385719,7249,0,0,1,0,0
385843,7250,0,0,0,1,0
385899,7251,0,0,1,0,0
386010,7252,0,0,0,1,0
386099,7253,0,0,0,1,0
386197,7254,0,0,0,1,0
386252,7255,0,0,1,0,0
386373,7256,0,0,0,1,0
386451,7257,0,0,1,0,0
386547,7258,0,0,1,0,0
386608,7259,0,0,1,0,0
386758,7260,0,0,1,0,0
386772,7261,0,0,1,0,0
386894,7262,0,0,0,1,0
387021,7263,0,0,0,1,0
387130,7264,0,0,1,0,0
387233,7265,0,0,0,1,0
387326,7266,0,0,0,1,0
387421,7267,0,0,0,1,0
387449,7268,0,0,1,0,0
387457,7269,0,0,1,0,0
387561,7270,0,0,0,1,0
387657,7271,0,0,0,1,0
387710,7272,0,0,1,0,0
387791,7273,0,0,1,0,0
387884,7274,0,0,0,1,0
388006,7275,0,0,0,1,0
388124,7276,0,0,0,1,0
388249,7277,0,0,0,1,0
388334,7278,0,0,1,0,0
388402,7279,0,0,1,0,0
388408,7280,0,0,1,0,0
388479,7281,0,0,0,1,0
388593,7282,0,0,0,1,0
388679,7283,0,0,0,1,0
388774,7284,0,0,0,1,0
388792,7285,0,0,1,0,0
388904,7286,0,0,0,1,0
388905,7287,0,0,1,0,0
388920,7288,0,0,1,0,0
389059,7289,0,0,0,1,0
389185,7290,0,0,0,1,0
389308,7291,0,0,0,1,0
389374,7292,0,0,1,0,0
389634,7293,0,0,0,1,0
389754,7294,0,0,1,0,0
389847,7295,0,0,0,1,0
389966,7296,0,0,0,1,0
390050,7297,0,0,1,0,0
390162,7298,0,0,0,1,0
390276,7299,0,0,0,1,0
390391,7300,0,0,1,0,0
390426,7301,0,0,1,0,0
390558,7302,0,0,0,1,0
390565,7303,0,0,1,0,0
390696,7304,0,0,0,1,0
390700,7305,0,0,1,0,0
390813,7306,0,0,1,0,0
390912,7307,0,0,0,1,0
391013,7308,0,0,0,1,0
391159,7309,0,0,0,1,0
391229,7310,0,0,1,0,0
391320,7311,0,0,1,0,0
391438,7312,0,0,0,1,0
391465,7313,0,0,1,0,0
391497,7314,0,0,1,0,0
391597,7315,0,0,1,0,0
391807,7316,0,0,0,1,0
391861,7317,0,0,1,0,0
391900,7318,0,0,1,0,0
391972,7319,0,0,1,0,0
392076,7320,0,0,0,1,0
392192,7321,0,0,0,1,0
392197,7322,1,0,0,0,0
392286,7323,0,0,0,1,0
392296,7324,0,0,1,0,0
392400,7325,0,0,1,0,0
392467,7326,0,0,1,0,0
392525,7327,0,0,1,0,0
392640,7328,0,0,0,1,0
392723,7329,0,0,1,0,0
392844,7330,0,0,0,1,0
392951,7331,0,0,0,1,0
393021,7332,0,0,1,0,0
393118,7333,0,0,1,0,0
393189,7334,0,0,1,0,0
392031,0,0,0,1,0,0
392158,1,0,0,0,1,0
392265,2,0,0,0,1,0
392765,3,0,0,0,0,1
392834,4,0,0,1,0,0
393334,5,0,0,0,0,1
393355,6,0,0,1,0,0
393399,7,0,0,1,0,0
393429,8,0,0,1,0,0
393649,9,0,0,0,1,0
393888,10,0,0,0,1,0
394114,11,0,0,1,0,0
394242,12,0,0,0,1,0
394270,13,0,0,1,0,0
394379,14,0,0,0,1,0
394433,15,0,0,1,0,0
394443,16,0,0,1,0,0
394565,17,0,0,0,1,0
394679,18,0,0,0,1,0
394759,19,0,0,0,1,0
394779,20,0,0,1,0,0
394904,21,0,0,0,1,0
394913,22,0,0,1,0,0
395002,23,0,0,0,1,0
395118,24,0,0,0,1,0
395212,25,0,0,0,1,0
395249,26,0,0,1,0,0
395384,27,0,0,0,1,0
395435,28,0,0,1,0,0
395549,29,0,0,0,1,0
395595,30,0,0,1,0,0
395670,31,0,0,0,1,0
395781,32,0,0,0,1,0
395815,33,0,0,1,0,0
395863,34,0,0,1,0,0
395919,35,0,0,1,0,0
396016,36,0,0,0,1,0
396107,37,0,0,0,1,0
396123,38,0,0,1,0,0
396228,39,0,0,0,1,0
396234,40,0,0,1,0,0
396331,41,0,0,0,1,0
396412,42,0,0,0,1,0
396509,43,0,0,0,1,0
396596,44,0,0,0,1,0
396619,45,0,0,1,0,0
396711,46,0,0,0,1,0
396804,47,0,0,0,1,0
397037,48,0,0,0,1,0
397084,49,0,0,1,0,0
397184,50,0,0,0,1,0
397283,51,0,0,0,1,0
397380,52,0,0,1,0,0
397451,53,0,0,1,0,0
397501,54,0,0,1,0,0
397514,55,0,0,1,0,0
397591,56,0,0,0,1,0
397639,57,0,0,1,0,0
397673,58,0,0,1,0,0
397761,59,0,0,0,1,0
397764,60,0,0,1,0,0
397847,61,0,0,0,1,0
397912,62,0,0,1,0,0
398003,63,0,0,0,1,0
398045,64,0,0,1,0,0
398083,65,0,0,0,1,0
398174,66,0,0,0,1,0
398197,67,0,0,1,0,0
398198,68,0,0,1,0,0
398227,69,0,0,1,0,0
398336,70,0,0,0,1,0
398397,71,0,0,0,1,0
398484,72,0,0,0,1,0
398536,73,0,0,1,0,0
398620,74,0,0,0,1,0
398679,75,0,0,0,1,0
398680,76,0,0,1,0,0
398759,77,0,0,0,1,0
398809,78,0,0,0,1,0
398870,79,0,0,0,1,0
398942,80,0,0,0,1,0
399001,81,0,0,1,0,0
399082,82,0,0,0,1,0
399155,83,0,0,0,1,0
399212,84,0,0,0,1,0
399255,85,0,0,1,0,0
399293,86,0,0,1,0,0
399333,87,0,0,0,1,0
399452,88,0,0,0,1,0
399512,89,0,0,0,1,0
399582,90,0,0,1,0,0
399633,91,0,0,1,0,0
399748,92,0,0,0,1,0
399840,93,0,0,0,1,0
399962,94,0,0,0,1,0
400036,95,0,0,0,1,0
400129,96,0,0,0,1,0
400209,97,0,0,0,1,0
400286,98,0,0,1,0,0
400401,99,0,0,0,1,0
400519,100,0,0,0,1,0
400615,101,0,0,0,1,0
400687,102,0,0,0,1,0
400713,103,1,0,0,0,0
400766,104,0,0,1,0,0
400873,105,0,0,0,1,0
400875,106,0,0,1,0,0
400958,107,0,0,0,1,0
401029,108,0,0,0,1,0
401092,109,0,0,1,0,0
401180,110,0,0,0,1,0
401257,111,0,0,0,1,0
401282,112,0,0,1,0,0
401323,113,0,0,0,1,0
401332,114,0,0,1,0,0
401387,115,0,0,0,1,0
401404,116,0,0,1,0,0
401500,117,0,0,1,0,0
401528,118,0,0,1,0,0
401600,119,0,0,0,1,0
401619,120,0,0,1,0,0
401710,121,0,0,1,0,0
401758,122,0,0,1,0,0
401764,123,0,0,1,0,0
401807,124,0,0,1,0,0
401857,125,0,0,1,0,0
401937,126,0,0,0,1,0
402017,127,0,0,1,0,0
402055,128,0,0,0,1,0
402140,129,0,0,0,1,0
402245,130,0,0,0,1,0
402287,131,0,0,1,0,0
402351,132,0,0,1,0,0
402431,133,0,0,0,1,0
402472,134,0,0,1,0,0
402612,135,0,0,0,1,0
402713,136,0,0,0,1,0
402762,137,0,0,0,1,0
402830,138,0,0,1,0,0
402928,139,0,0,0,1,0
402949,140,0,0,1,0,0
403071,141,0,0,0,1,0
403105,142,0,0,1,0,0
403225,143,0,0,0,1,0
403335,144,0,0,0,1,0
403369,145,0,0,1,0,0
403431,146,0,0,0,1,0
403511,147,0,0,1,0,0
403607,148,0,0,0,1,0
403707,149,0,0,0,1,0
403733,150,0,0,1,0,0
403824,151,0,0,0,1,0
403957,152,0,0,0,1,0
404067,153,0,0,0,1,0
404209,154,0,0,0,1,0
404342,155,0,0,0,1,0
404420,156,0,0,1,0,0
404507,157,0,0,0,1,0
404608,158,0,0,1,0,0
404835,159,0,0,0,1,0
404906,160,0,0,1,0,0
405025,161,0,0,0,1,0
405057,162,0,0,1,0,0
405163,163,0,0,0,1,0
405301,164,0,0,0,1,0
405326,165,1,0,0,0,0
405420,166,0,0,0,1,0
405514,167,0,0,0,1,0
405620,168,0,0,0,1,0
405694,169,0,0,0,1,0
405792,170,0,0,0,1,0
405801,171,0,0,1,0,0
405889,172,0,0,0,1,0
405958,173,0,0,0,1,0
406073,174,0,0,0,1,0
406198,175,0,0,0,1,0
406272,176,0,0,0,1,0
406375,177,0,0,0,1,0
406490,178,0,0,1,0,0
406628,179,0,0,0,1,0
406707,180,0,0,1,0,0
406803,181,0,0,0,1,0
406906,182,0,0,0,1,0
407013,183,0,0,0,1,0
407066,184,0,0,1,0,0
407158,185,0,0,0,1,0
407269,186,0,0,0,1,0
407372,187,0,0,0,1,0
407387,188,0,0,1,0,0
407576,189,0,0,0,1,0
407644,190,0,0,1,0,0
407685,191,0,0,1,0,0
407802,192,0,0,0,1,0
407911,193,0,0,0,1,0
408014,194,0,0,0,1,0
408106,195,0,0,1,0,0
408138,196,0,0,1,0,0
408275,197,0,0,0,1,0
408385,198,0,0,0,1,0
408430,199,0,0,1,0,0
408554,200,0,0,0,1,0
408643,201,0,0,0,1,0
408735,202,0,0,0,1,0
408833,203,0,0,1,0,0
408880,204,0,0,1,0,0
408935,205,0,0,1,0,0
408996,206,0,0,1,0,0
409086,207,0,0,0,1,0
409197,208,0,0,0,1,0
409283,209,0,0,1,0,0
409396,210,0,0,0,1,0
409486,211,0,0,0,1,0
409510,212,0,0,0,1,0
409592,213,0,0,0,1,0
409702,214,0,0,0,1,0
409785,215,0,0,1,0,0
409895,216,0,0,0,1,0
410022,217,0,0,0,1,0
410121,218,0,0,0,1,0
410219,219,0,0,0,1,0
410220,220,0,0,1,0,0
410322,221,0,0,0,1,0
410413,222,0,0,0,1,0
410516,223,0,0,1,0,0
410523,224,0,0,1,0,0
410564,225,0,0,1,0,0
410653,226,0,0,0,1,0
410679,227,0,0,1,0,0
410799,228,0,0,0,1,0
410912,229,0,0,0,1,0
410925,230,0,0,1,0,0
410933,231,0,0,1,0,0
410994,232,0,0,0,1,0
411107,233,0,0,0,1,0
411220,234,0,0,0,1,0
411352,235,0,0,0,1,0
411385,236,0,0,1,0,0
411518,237,0,0,0,1,0
411604,238,0,0,0,1,0
411615,239,0,0,1,0,0
411629,240,0,0,1,0,0
411869,241,0,0,0,1,0
411883,242,0,0,1,0,0
411964,243,0,0,1,0,0
412023,244,0,0,1,0,0
412132,245,0,0,0,1,0
412251,246,0,0,0,1,0
412360,247,0,0,0,1,0
412507,248,0,0,0,1,0
412627,249,0,0,0,1,0
412689,250,0,0,1,0,0
412814,251,0,0,0,1,0
412948,252,0,0,0,1,0
413048,253,0,0,0,1,0
413135,254,0,0,0,1,0
413223,255,0,0,0,1,0
413317,256,0,0,0,1,0
413408,257,0,0,0,1,0
413514,258,0,0,0,1,0
413538,259,0,0,1,0,0
413623,260,0,0,1,0,0
413756,261,0,0,0,1,0
413842,262,0,0,0,1,0
413958,263,0,0,0,1,0
414059,264,0,0,0,1,0
414142,265,0,0,0,1,0
414265,266,0,0,0,1,0
414386,267,0,0,0,1,0
414482,268,0,0,1,0,0
414643,269,0,0,0,1,0
414662,270,0,0,1,0,0
414723,271,0,0,1,0,0
414938,272,0,0,0,1,0
415001,273,0,0,1,0,0
415120,274,0,0,0,1,0
415209,275,0,0,0,1,0
415248,276,0,0,0,1,0
415299,277,0,0,1,0,0
415448,278,0,0,0,1,0
415549,279,0,0,0,1,0
415648,280,0,0,0,1,0
415745,281,0,0,0,1,0
415835,282,0,0,0,1,0
415935,283,0,0,0,1,0
415963,284,0,0,1,0,0
416060,285,0,0,0,1,0
416176,286,0,0,0,1,0
416234,287,0,0,1,0,0
416344,288,0,0,0,1,0
416439,289,0,0,0,1,0
416561,290,0,0,0,1,0
416658,291,0,0,0,1,0
416667,292,0,0,1,0,0
416788,293,0,0,0,1,0
416813,294,0,0,1,0,0
416913,295,0,0,0,1,0
417007,296,0,0,0,1,0
417066,297,0,0,1,0,0
417080,298,0,0,1,0,0
417107,299,0,0,1,0,0
417210,300,0,0,0,1,0
417245,301,0,0,1,0,0
417248,302,1,0,0,0,0
417354,303,0,0,0,1,0
417409,304,0,0,1,0,0
417448,305,0,0,1,0,0
417550,306,0,0,0,1,0
417665,307,0,0,0,1,0
417789,308,0,0,0,1,0
417902,309,0,0,1,0,0
418046,310,0,0,0,1,0
418078,311,0,0,1,0,0
418092,312,1,0,0,0,0
418186,313,0,0,0,1,0
418280,314,0,0,0,1,0
418405,315,0,0,0,1,0
418508,316,0,0,1,0,0
418626,317,0,0,1,0,0
418741,318,0,0,0,1,0
418845,319,0,0,0,1,0
418940,320,0,0,0,1,0
419040,321,0,0,1,0,0
419139,322,0,0,0,1,0
419263,323,0,0,0,1,0
419375,324,0,0,0,1,0
419509,325,0,0,0,1,0
419631,326,0,0,0,1,0
419709,327,0,0,1,0,0
419722,328,0,0,1,0,0
419820,329,0,0,1,0,0
419906,330,0,0,1,0,0
419992,331,0,0,0,1,0
420021,332,0,0,1,0,0
420053,333,0,0,1,0,0
420075,334,0,0,1,0,0
420169,335,0,0,1,0,0
420203,336,0,0,1,0,0
420209,337,0,0,1,0,0
420217,338,0,0,1,0,0
420328,339,0,0,0,1,0
420407,340,0,0,0,1,0
420484,341,0,0,1,0,0
420577,342,0,0,0,1,0
420706,343,0,0,0,1,0
420811,344,0,0,0,1,0
420931,345,0,0,0,1,0
421026,346,0,0,0,1,0
421123,347,0,0,1,0,0
421209,348,0,0,0,1,0
421297,349,0,0,0,1,0
421424,350,0,0,0,1,0
421447,351,0,0,1,0,0
421518,352,0,0,1,0,0
421621,353,0,0,1,0,0
421714,354,0,0,0,1,0
421830,355,0,0,0,1,0
421932,356,0,0,0,1,0
422034,357,0,0,0,1,0
422128,358,0,0,0,1,0
422256,359,0,0,0,1,0
422347,360,0,0,0,1,0
422460,361,0,0,0,1,0
422489,362,0,0,1,0,0
422511,363,0,0,1,0,0
422533,364,0,0,1,0,0
422628,365,0,0,0,1,0
422714,366,0,0,0,1,0
422840,367,0,0,0,1,0
422886,368,0,0,1,0,0
422974,369,0,0,0,1,0
423043,370,0,0,1,0,0
423157,371,0,0,0,1,0
423261,372,0,0,0,1,0
423277,373,0,0,1,0,0
423453,374,0,0,0,1,0
423587,375,0,0,0,1,0
423598,376,0,0,1,0,0
423708,377,0,0,0,1,0
423833,378,0,0,0,1,0
423916,379,0,0,1,0,0
423951,380,0,0,1,0,0
424060,381,0,0,0,1,0
424153,382,0,0,0,1,0
424192,383,0,0,1,0,0
424319,384,0,0,0,1,0
424425,385,0,0,0,1,0
424531,386,0,0,0,1,0
424646,387,0,0,0,1,0
424749,388,0,0,0,1,0
424860,389,0,0,0,1,0
424961,390,0,0,0,1,0
425054,391,0,0,1,0,0
425189,392,0,0,0,1,0
425303,393,0,0,0,1,0
425427,394,0,0,0,1,0
425494,395,0,0,1,0,0
425602,396,0,0,0,1,0
425639,397,0,0,1,0,0
425728,398,0,0,1,0,0
425805,399,0,0,1,0,0
425895,400,0,0,0,1,0
426015,401,0,0,0,1,0
426104,402,0,0,0,1,0
426190,403,0,0,0,1,0
426197,404,0,0,1,0,0
426317,405,0,0,0,1,0
426412,406,0,0,0,1,0
426433,407,0,0,1,0,0
426558,408,0,0,0,1,0
426799,409,0,0,0,1,0
426859,410,0,0,1,0,0
426971,411,0,0,0,1,0
427059,412,0,0,1,0,0
427150,413,0,0,0,1,0
427260,414,0,0,0,1,0
427324,415,0,0,1,0,0
427447,416,0,0,0,1,0
427569,417,0,0,0,1,0
427651,418,0,0,0,1,0
427655,419,0,0,1,0,0
427787,420,0,0,0,1,0
427893,421,0,0,0,1,0
427934,422,0,0,1,0,0
428033,423,0,0,0,1,0
428175,424,0,0,0,1,0
428292,425,0,0,0,1,0
428405,426,0,0,0,1,0
428411,427,0,0,1,0,0
428527,428,0,0,1,0,0
428643,429,0,0,0,1,0
428736,430,0,0,0,1,0
428841,431,0,0,0,1,0
428862,432,0,0,1,0,0
428964,433,0,0,0,1,0
429076,434,0,0,0,1,0
429186,435,0,0,0,1,0
429302,436,0,0,0,1,0
429360,437,0,0,1,0,0
429583,438,0,0,1,0,0
429591,439,0,0,1,0,0
429700,440,0,0,0,1,0
429813,441,0,0,0,1,0
429837,442,0,0,1,0,0
429873,443,0,0,1,0,0
429984,444,0,0,0,1,0
430090,445,0,0,0,1,0
430203,446,0,0,0,1,0
430298,447,0,0,0,1,0
430330,448,0,0,1,0,0
430433,449,0,0,0,1,0
430504,450,0,0,1,0,0
430568,451,0,0,1,0,0
430653,452,0,0,1,0,0
430783,453,0,0,0,1,0
430906,454,0,0,0,1,0
430948,455,0,0,1,0,0
431055,456,0,0,0,1,0
431115,457,0,0,1,0,0
431203,458,0,0,0,1,0
431218,459,0,0,1,0,0
431345,460,0,0,0,1,0
431443,461,0,0,0,1,0
431458,462,0,0,1,0,0
431552,463,0,0,0,1,0
431628,464,0,0,1,0,0
431722,465,0,0,1,0,0
431782,466,0,0,1,0,0
431787,467,0,0,1,0,0
431894,468,0,0,0,1,0
431900,469,0,0,1,0,0
431977,470,0,0,1,0,0
432073,471,0,0,0,1,0
432156,472,0,0,1,0,0
432236,473,0,0,1,0,0
432337,474,0,0,0,1,0
432428,475,0,0,0,1,0
432529,476,0,0,0,1,0
432565,477,0,0,1,0,0
432684,478,0,0,0,1,0
432791,479,0,0,0,1,0
432881,480,0,0,0,1,0
432996,481,0,0,0,1,0
433087,482,0,0,0,1,0
433177,483,0,0,0,1,0
433221,484,0,0,1,0,0
433353,485,0,0,0,1,0
433468,486,0,0,0,1,0
433592,487,0,0,0,1,0
433706,488,0,0,0,1,0
433821,489,0,0,1,0,0
433936,490,0,0,0,1,0
434031,491,0,0,0,1,0
434135,492,0,0,0,1,0
434234,493,0,0,1,0,0
434248,494,0,0,1,0,0
434279,495,0,0,1,0,0
434300,496,0,0,1,0,0
434388,497,0,0,0,1,0
434453,498,0,0,1,0,0
434564,499,0,0,0,1,0
434619,500,0,0,1,0,0
434747,501,0,0,0,1,0
434751,502,0,0,1,0,0
434860,503,0,0,0,1,0
434992,504,0,0,0,1,0
435052,505,0,0,1,0,0
435243,506,0,0,0,1,0
435340,507,0,0,0,1,0
435410,508,0,0,1,0,0
435464,509,0,0,1,0,0
435579,510,0,0,0,1,0
435620,511,0,0,1,0,0
435737,512,0,0,0,1,0
435836,513,0,0,0,1,0
435884,514,0,0,1,0,0
435889,515,0,0,1,0,0
436003,516,0,0,1,0,0
436058,517,0,0,1,0,0
436099,518,0,0,1,0,0
436165,519,0,0,1,0,0
436301,520,0,0,0,1,0
436421,521,0,0,0,1,0
436520,522,0,0,0,1,0
436562,523,0,0,1,0,0
436687,524,0,0,0,1,0
436788,525,0,0,1,0,0
436886,526,0,0,0,1,0
436943,527,0,0,1,0,0
437062,528,0,0,0,1,0
437165,529,0,0,1,0,0
437255,530,0,0,0,1,0
437375,531,0,0,0,1,0
437427,532,0,0,1,0,0
437555,533,0,0,0,1,0
437597,534,0,0,1,0,0
437646,535,0,0,1,0,0
437662,536,0,0,1,0,0
437681,537,0,0,1,0,0
437800,538,0,0,1,0,0
437934,539,0,0,1,0,0
438027,540,0,0,0,1,0
438125,541,0,0,0,1,0
438215,542,0,0,0,1,0
438336,543,0,0,0,1,0
438443,544,0,0,0,1,0
438516,545,0,0,1,0,0
438585,546,0,0,1,0,0
438703,547,0,0,0,1,0
438801,548,0,0,0,1,0
438803,549,0,0,1,0,0
438893,550,0,0,0,1,0
438995,551,0,0,0,1,0
439040,552,0,0,1,0,0
439093,553,0,0,1,0,0
439138,554,0,0,1,0,0
439217,555,0,0,1,0,0
439352,556,0,0,0,1,0
439472,557,0,0,0,1,0
439565,558,0,0,0,1,0
439674,559,0,0,0,1,0
439758,560,0,0,0,1,0
439852,561,0,0,1,0,0
439960,562,0,0,0,1,0
440013,563,0,0,1,0,0
440039,564,0,0,1,0,0
440041,565,1,0,0,0,0
440091,566,0,0,1,0,0
440114,567,0,0,1,0,0
440244,568,0,0,0,1,0
440370,569,0,0,0,1,0
440400,570,0,0,1,0,0
440402,571,0,0,1,0,0
440488,572,0,0,0,1,0
440844,573,0,0,1,0,0
440900,574,0,0,1,0,0
441154,575,0,0,0,1,0
441283,576,0,0,0,1,0
441388,577,0,0,0,1,0
441516,578,0,0,0,1,0
441630,579,0,0,0,1,0
441734,580,0,0,1,0,0
441743,581,0,0,1,0,0
441863,582,0,0,0,1,0
441959,583,0,0,0,1,0
442095,584,0,0,0,1,0
442208,585,0,0,0,1,0
442324,586,0,0,0,1,0
442344,587,0,0,1,0,0
442458,588,0,0,1,0,0
442562,589,0,0,0,1,0
442669,590,0,0,0,1,0
442707,591,0,0,1,0,0
442817,592,0,0,0,1,0
442858,593,0,0,1,0,0
442902,594,0,0,1,0,0
443002,595,0,0,0,1,0
443112,596,0,0,0,1,0
443223,597,0,0,0,1,0
443249,598,0,0,1,0,0
443334,599,0,0,0,1,0
443444,600,0,0,0,1,0
443554,601,0,0,0,1,0
443685,602,0,0,0,1,0
443784,603,0,0,0,1,0
443885,604,0,0,0,1,0
443995,605,0,0,0,1,0
444067,606,0,0,1,0,0
444399,607,0,0,0,1,0
444509,608,0,0,0,1,0
444542,609,0,0,1,0,0
444653,610,0,0,0,1,0
444762,611,0,0,0,1,0
444881,612,0,0,0,1,0
444989,613,0,0,0,1,0
445058,614,0,0,1,0,0
445077,615,0,0,1,0,0
445179,616,0,0,0,1,0
445238,617,0,0,1,0,0
445251,618,0,0,1,0,0
445332,619,0,0,1,0,0
445438,620,0,0,0,1,0
445513,621,0,0,1,0,0
445628,622,0,0,0,1,0
445670,623,0,0,1,0,0
445798,624,0,0,0,1,0
445930,625,0,0,0,1,0
446039,626,0,0,0,1,0
446154,627,0,0,0,1,0
446277,628,0,0,0,1,0
446365,629,0,0,1,0,0
446418,630,0,0,1,0,0
446547,631,0,0,0,1,0
446668,632,0,0,0,1,0
446755,633,0,0,0,1,0
446854,634,0,0,0,1,0
446945,635,0,0,0,1,0
447009,636,0,0,1,0,0
447129,637,0,0,0,1,0
447246,638,0,0,0,1,0
447337,639,0,0,0,1,0
447468,640,0,0,0,1,0
447492,641,0,0,1,0,0
447618,642,0,0,0,1,0
447718,643,0,0,1,0,0
447822,644,0,0,0,1,0
447941,645,0,0,0,1,0
447986,646,0,0,1,0,0
448080,647,0,0,0,1,0
448191,648,0,0,0,1,0
448287,649,0,0,0,1,0
448407,650,0,0,0,1,0
448532,651,0,0,0,1,0
448652,652,0,0,0,1,0
448737,653,0,0,1,0,0
448863,654,0,0,0,1,0
448904,655,0,0,1,0,0
448942,656,0,0,1,0,0
449075,657,0,0,1,0,0
449133,658,0,0,1,0,0
449253,659,0,0,0,1,0
449274,660,0,0,1,0,0
449357,661,0,0,0,1,0
449453,662,0,0,0,1,0
449585,663,0,0,0,1,0
449670,664,0,0,0,1,0
449692,665,0,0,1,0,0
449781,666,0,0,1,0,0
449890,667,0,0,1,0,0
449999,668,0,0,0,1,0
450115,669,0,0,0,1,0
450129,670,0,0,1,0,0
450157,671,0,0,1,0,0
450260,672,0,0,0,1,0
450285,673,0,0,1,0,0
450402,674,0,0,0,1,0
450492,675,0,0,0,1,0
450580,676,0,0,0,1,0
450675,677,0,0,0,1,0
450771,678,0,0,0,1,0
450903,679,0,0,0,1,0
450937,680,0,0,1,0,0
451022,681,0,0,1,0,0
451112,682,0,0,1,0,0
451215,683,0,0,0,1,0
451319,684,0,0,0,1,0
451363,685,0,0,1,0,0
451468,686,0,0,0,1,0
451597,687,0,0,0,1,0
451706,688,0,0,0,1,0
451832,689,0,0,0,1,0
451921,690,0,0,1,0,0
452030,691,0,0,1,0,0
452156,692,0,0,0,1,0
452159,693,0,0,1,0,0
452174,694,0,0,1,0,0
452269,695,0,0,0,1,0
452389,696,0,0,1,0,0
452477,697,0,0,1,0,0
452589,698,0,0,0,1,0
452696,699,0,0,0,1,0
452789,700,0,0,0,1,0
452813,701,0,0,1,0,0
452910,702,0,0,0,1,0
452937,703,0,0,1,0,0
453001,704,0,0,1,0,0
453087,705,0,0,1,0,0
453217,706,0,0,0,1,0
453223,707,0,0,1,0,0
453284,708,0,0,1,0,0
453349,709,0,0,1,0,0
453452,710,0,0,0,1,0
453564,711,0,0,0,1,0
453566,712,0,0,1,0,0
453691,713,0,0,0,1,0
453787,714,0,0,0,1,0
453903,715,0,0,0,1,0
454030,716,0,0,0,1,0
454132,717,0,0,0,1,0
454239,718,0,0,0,1,0
454341,719,0,0,0,1,0
454344,720,0,0,1,0,0
454479,721,0,0,0,1,0
454487,722,0,0,1,0,0
454596,723,0,0,0,1,0
454612,724,0,0,1,0,0
454632,725,0,0,1,0,0
454693,726,0,0,1,0,0
454817,727,0,0,0,1,0
454906,728,0,0,0,1,0
455026,729,0,0,0,1,0
455087,730,0,0,1,0,0
455300,731,0,0,0,1,0
455424,732,0,0,0,1,0
455479,733,0,0,1,0,0
455606,734,0,0,0,1,0
455702,735,0,0,0,1,0
455826,736,0,0,1,0,0
455880,737,0,0,1,0,0
455971,738,0,0,0,1,0
456085,739,0,0,0,1,0
456192,740,0,0,0,1,0
456228,741,0,0,1,0,0
456319,742,0,0,0,1,0
456413,743,0,0,1,0,0
456499,744,0,0,0,1,0
456587,745,0,0,0,1,0
456651,746,0,0,1,0,0
456752,747,0,0,0,1,0
456816,748,0,0,1,0,0
456946,749,0,0,0,1,0
456995,750,0,0,1,0,0
457120,751,0,0,0,1,0
457255,752,0,0,0,1,0
457258,753,1,0,0,0,0
457351,754,0,0,0,1,0
457401,755,0,0,1,0,0
457539,756,0,0,0,1,0
457685,757,0,0,0,1,0
457802,758,0,0,0,1,0
457919,759,0,0,0,1,0
457947,760,0,0,1,0,0
458079,761,0,0,0,1,0
458184,762,0,0,0,1,0
458196,763,0,0,1,0,0
458304,764,0,0,0,1,0
458341,765,0,0,1,0,0
458473,766,0,0,0,1,0
458562,767,0,0,0,1,0
458713,768,0,0,0,1,0
458811,769,0,0,1,0,0
458960,770,0,0,0,1,0
459051,771,0,0,1,0,0
459151,772,0,0,0,1,0
459261,773,0,0,0,1,0
459375,774,0,0,0,1,0
459466,775,0,0,1,0,0
459585,776,0,0,0,1,0
459616,777,0,0,1,0,0
459735,778,0,0,0,1,0
459833,779,0,0,0,1,0
459941,780,0,0,0,1,0
459967,781,0,0,1,0,0
460086,782,0,0,0,1,0
460203,783,0,0,0,1,0
460280,784,0,0,1,0,0
460388,785,0,0,0,1,0
460525,786,0,0,0,1,0
460599,787,0,0,1,0,0
460698,788,0,0,0,1,0
460757,789,0,0,1,0,0
460843,790,0,0,0,1,0
460944,791,0,0,0,1,0
461034,792,0,0,0,1,0
461163,793,0,0,0,1,0
461190,794,0,0,1,0,0
461249,795,0,0,1,0,0
461359,796,0,0,0,1,0
461382,797,0,0,1,0,0
461523,798,0,0,0,1,0
461640,799,0,0,0,1,0
461756,800,0,0,0,1,0
461850,801,0,0,0,1,0
461938,802,0,0,0,1,0
461983,803,0,0,1,0,0
462096,804,0,0,1,0,0
462100,805,0,0,1,0,0
462230,806,0,0,0,1,0
462355,807,0,0,0,1,0
462469,808,0,0,0,1,0
462564,809,0,0,0,1,0
462666,810,0,0,1,0,0
462801,811,0,0,0,1,0
462887,812,0,0,1,0,0
462993,813,0,0,0,1,0
463118,814,0,0,0,1,0
463216,815,0,0,0,1,0
463310,816,0,0,1,0,0
463419,817,0,0,0,1,0
463480,818,0,0,1,0,0
463550,819,0,0,1,0,0
463657,820,0,0,0,1,0
463725,821,0,0,1,0,0
463796,822,0,0,1,0,0
463857,823,0,0,1,0,0
463955,824,0,0,0,1,0
464054,825,0,0,0,1,0
464156,826,0,0,0,1,0
464278,827,0,0,0,1,0
464402,828,0,0,0,1,0
464497,829,0,0,1,0,0
464584,830,0,0,1,0,0
464717,831,0,0,0,1,0
464821,832,0,0,0,1,0
464943,833,0,0,0,1,0
465020,834,0,0,1,0,0
465145,835,0,0,0,1,0
465161,836,0,0,1,0,0
465270,837,0,0,0,1,0
465324,838,0,0,1,0,0
465455,839,0,0,0,1,0
465564,840,0,0,0,1,0
465656,841,0,0,0,1,0
465763,842,0,0,0,1,0
465775,843,0,0,1,0,0
465916,844,0,0,0,1,0
465953,845,0,0,1,0,0
466045,846,0,0,0,1,0
466154,847,0,0,0,1,0
466260,848,0,0,0,1,0
466380,849,0,0,0,1,0
466497,850,0,0,0,1,0
466597,851,0,0,0,1,0
466616,852,0,0,1,0,0
466714,853,0,0,0,1,0
466848,854,0,0,0,1,0
466982,855,0,0,0,1,0
467095,856,0,0,0,1,0
467198,857,0,0,0,1,0
467317,858,0,0,0,1,0
467455,859,0,0,0,1,0
467586,860,0,0,0,1,0
467680,861,0,0,0,1,0
467798,862,0,0,0,1,0
467839,863,0,0,1,0,0
467876,864,0,0,1,0,0
467975,865,0,0,0,1,0
468096,866,0,0,0,1,0
468182,867,0,0,0,1,0
468296,868,0,0,0,1,0
468390,869,0,0,0,1,0
468495,870,0,0,0,1,0
468643,871,0,0,0,1,0
468737,872,0,0,0,1,0
468823,873,0,0,0,1,0
468827,874,0,0,1,0,0
468845,875,0,0,1,0,0
468863,876,0,0,1,0,0
468970,877,0,0,0,1,0
469063,878,0,0,0,1,0
469092,879,0,0,1,0,0
469227,880,0,0,0,1,0
469331,881,0,0,1,0,0
469441,882,0,0,1,0,0
469543,883,0,0,0,1,0
469578,884,0,0,1,0,0
469683,885,0,0,0,1,0
469789,886,0,0,0,1,0
469916,887,0,0,0,1,0
470016,888,0,0,0,1,0
470072,889,0,0,1,0,0
470172,890,0,0,0,1,0
470302,891,0,0,1,0,0
470395,892,0,0,0,1,0
470500,893,0,0,1,0,0
470644,894,0,0,0,1,0
470773,895,0,0,0,1,0
470889,896,0,0,0,1,0
471013,897,0,0,0,1,0
471130,898,0,0,0,1,0
471138,899,0,0,1,0,0
471219,900,0,0,1,0,0
471328,901,0,0,0,1,0
471459,902,0,0,0,1,0
471589,903,0,0,0,1,0
471680,904,0,0,0,1,0
471779,905,0,0,0,1,0
471880,906,0,0,0,1,0
471900,907,0,0,1,0,0
471958,908,0,0,1,0,0
472011,909,0,0,1,0,0
472117,910,0,0,0,1,0
472191,911,0,0,1,0,0
472306,912,0,0,0,1,0
472433,913,0,0,0,1,0
472549,914,0,0,0,1,0
472656,915,0,0,0,1,0
472741,916,0,0,0,1,0
472834,917,0,0,0,1,0
472958,918,0,0,0,1,0
473169,919,0,0,0,1,0
473386,920,0,0,0,1,0
473526,921,0,0,0,1,0
473656,922,0,0,0,1,0
473766,923,0,0,0,1,0
473887,924,0,0,0,1,0
474009,925,0,0,0,1,0
474142,926,0,0,0,1,0
474193,927,0,0,1,0,0
474268,928,0,0,1,0,0
474326,929,0,0,1,0,0
474391,930,0,0,1,0,0
474494,931,0,0,1,0,0
474633,932,0,0,0,1,0
474740,933,0,0,0,1,0
474823,934,0,0,1,0,0
474846,935,0,0,1,0,0
474940,936,0,0,0,1,0
475031,937,0,0,1,0,0
475037,938,0,0,1,0,0
475142,939,0,0,0,1,0
475270,940,0,0,1,0,0
475401,941,0,0,0,1,0
475489,942,0,0,1,0,0
475528,943,0,0,1,0,0
475621,944,0,0,0,1,0
475661,945,0,0,1,0,0
475802,946,0,0,0,1,0
475870,947,0,0,1,0,0
475890,948,0,0,1,0,0
475998,949,0,0,0,1,0
476023,950,0,0,1,0,0
476136,951,0,0,0,1,0
476262,952,0,0,0,1,0
476360,953,0,0,0,1,0
476364,954,0,0,1,0,0
476470,955,0,0,0,1,0
476571,956,0,0,0,1,0
476601,957,0,0,1,0,0
476602,958,1,0,0,0,0
476715,959,0,0,0,1,0
476837,960,0,0,1,0,0
476942,961,0,0,0,1,0
476969,962,0,0,1,0,0
477008,963,0,0,1,0,0
477107,964,0,0,0,1,0
477230,965,0,0,0,1,0
477287,966,0,0,1,0,0
477326,967,0,0,1,0,0
477440,968,0,0,0,1,0
477571,969,0,0,0,1,0
477599,970,0,0,1,0,0
477724,971,0,0,0,1,0
477855,972,0,0,0,1,0
477987,973,0,0,0,1,0
478086,974,0,0,0,1,0
478214,975,0,0,0,1,0
478226,976,0,0,1,0,0
478350,977,0,0,0,1,0
478461,978,0,0,0,1,0
478594,979,0,0,0,1,0
478710,980,0,0,0,1,0
478802,981,0,0,0,1,0
478929,982,0,0,0,1,0
479047,983,0,0,0,1,0
479143,984,0,0,0,1,0
479251,985,0,0,0,1,0
479375,986,0,0,0,1,0
479506,987,0,0,0,1,0
479625,988,0,0,0,1,0
479692,989,0,0,1,0,0
479825,990,0,0,0,1,0
479967,991,0,0,0,1,0
480073,992,0,0,0,1,0
480163,993,0,0,0,1,0
480268,994,0,0,0,1,0
480329,995,0,0,1,0,0
480700,996,0,0,0,1,0
480728,997,0,0,1,0,0
480846,998,0,0,1,0,0
480890,999,0,0,1,0,0
481033,1000,0,0,0,1,0
481098,1001,0,0,1,0,0
481196,1002,0,0,0,1,0
481206,1003,0,0,1,0,0
481228,1004,0,0,1,0,0
481334,1005,0,0,0,1,0
481449,1006,0,0,0,1,0
481454,1007,1,0,0,0,0
481475,1008,0,0,1,0,0
481558,1009,0,0,0,1,0
481652,1010,0,0,0,1,0
481762,1011,0,0,0,1,0
481876,1012,0,0,0,1,0
481886,1013,0,0,1,0,0
481976,1014,0,0,0,1,0
482088,1015,0,0,0,1,0
482193,1016,0,0,0,1,0
482332,1017,0,0,0,1,0
482423,1018,0,0,0,1,0
482452,1019,0,0,1,0,0
482572,1020,0,0,0,1,0
482612,1021,0,0,1,0,0
482741,1022,0,0,0,1,0
482856,1023,0,0,0,1,0
482926,1024,0,0,1,0,0
483009,1025,0,0,1,0,0
483101,1026,0,0,0,1,0
483212,1027,0,0,0,1,0
483347,1028,0,0,0,1,0
483367,1029,0,0,1,0,0
483473,1030,0,0,0,1,0
483518,1031,0,0,1,0,0
483624,1032,0,0,0,1,0
483678,1033,0,0,1,0,0
483748,1034,0,0,1,0,0
483854,1035,0,0,0,1,0
483954,1036,0,0,1,0,0
484051,1037,0,0,0,1,0
484184,1038,0,0,0,1,0
484283,1039,0,0,0,1,0
484404,1040,0,0,0,1,0
484419,1041,0,0,1,0,0
484497,1042,0,0,1,0,0
484621,1043,0,0,0,1,0
484699,1044,0,0,1,0,0
484821,1045,0,0,0,1,0
484932,1046,0,0,0,1,0
485050,1047,0,0,0,1,0
485169,1048,0,0,0,1,0
485269,1049,0,0,0,1,0
485396,1050,0,0,0,1,0
485525,1051,0,0,1,0,0
485530,1052,0,0,1,0,0
485659,1053,0,0,0,1,0
485804,1054,0,0,0,1,0
485886,1055,0,0,1,0,0
485999,1056,0,0,1,0,0
486108,1057,0,0,0,1,0
486239,1058,0,0,0,1,0
486351,1059,0,0,0,1,0
486356,1060,0,0,1,0,0
486414,1061,0,0,1,0,0
486528,1062,0,0,0,1,0
486651,1063,0,0,0,1,0
486662,1064,0,0,1,0,0
486780,1065,0,0,0,1,0
486814,1066,0,0,1,0,0
486850,1067,0,0,1,0,0
486965,1068,0,0,0,1,0
487086,1069,0,0,0,1,0
487180,1070,0,0,0,1,0
487320,1071,0,0,0,1,0
487430,1072,0,0,0,1,0
487523,1073,0,0,0,1,0
487621,1074,0,0,0,1,0
487663,1075,0,0,1,0,0
487712,1076,0,0,1,0,0
487805,1077,0,0,0,1,0
487926,1078,0,0,1,0,0
488050,1079,0,0,0,1,0
488170,1080,0,0,0,1,0
488229,1081,0,0,1,0,0
488359,1082,0,0,0,1,0
488460,1083,0,0,0,1,0
488568,1084,0,0,0,1,0
488674,1085,0,0,0,1,0
488960,1086,0,0,0,1,0
488965,1087,1,0,0,0,0
488996,1088,0,0,1,0,0
489103,1089,0,0,0,1,0
489221,1090,0,0,1,0,0
489315,1091,0,0,0,1,0
489408,1092,0,0,0,1,0
489529,1093,0,0,0,1,0
489577,1094,0,0,1,0,0
489686,1095,0,0,0,1,0
489782,1096,0,0,0,1,0
489885,1097,0,0,0,1,0
489991,1098,0,0,0,1,0
490106,1099,0,0,1,0,0
490115,1100,0,0,1,0,0
490132,1101,0,0,1,0,0
490243,1102,0,0,0,1,0
490331,1103,0,0,1,0,0
490424,1104,0,0,0,1,0
490513,1105,0,0,1,0,0
490603,1106,0,0,0,1,0
490646,1107,0,0,1,0,0
490743,1108,0,0,0,1,0
490856,1109,0,0,0,1,0
490953,1110,0,0,0,1,0
491031,1111,0,0,1,0,0
491165,1112,0,0,0,1,0
491248,1113,0,0,1,0,0
491299,1114,0,0,1,0,0
491421,1115,0,0,0,1,0
491514,1116,0,0,0,1,0
491600,1117,0,0,0,1,0
491683,1118,0,0,0,1,0
491810,1119,0,0,0,1,0
491861,1120,0,0,1,0,0
491932,1121,0,0,1,0,0
491997,1122,0,0,1,0,0
492088,1123,0,0,0,1,0
492185,1124,0,0,0,1,0
492215,1125,0,0,1,0,0
492318,1126,0,0,0,1,0
492432,1127,0,0,1,0,0
492534,1128,0,0,0,1,0
492632,1129,0,0,0,1,0
492640,1130,0,0,1,0,0
492680,1131,0,0,1,0,0
492796,1132,0,0,0,1,0
492895,1133,0,0,0,1,0
493001,1134,0,0,0,1,0
493121,1135,0,0,0,1,0
493210,1136,0,0,0,1,0
493268,1137,0,0,1,0,0
493378,1138,0,0,0,1,0
493469,1139,0,0,1,0,0
493571,1140,0,0,0,1,0
493573,1141,1,0,0,0,0
493697,1142,0,0,0,1,0
493797,1143,0,0,0,1,0
493936,1144,0,0,0,1,0
494039,1145,0,0,1,0,0
494044,1146,1,0,0,0,0
494077,1147,0,0,1,0,0
494186,1148,0,0,0,1,0
494214,1149,0,0,1,0,0
494248,1150,0,0,1,0,0
494356,1151,0,0,0,1,0
494403,1152,0,0,1,0,0
494463,1153,0,0,1,0,0
494578,1154,0,0,0,1,0
494609,1155,0,0,1,0,0
494719,1156,0,0,0,1,0
494823,1157,0,0,0,1,0
494965,1158,0,0,0,1,0
495096,1159,0,0,0,1,0
495194,1160,0,0,0,1,0
495293,1161,0,0,0,1,0
495392,1162,0,0,1,0,0
495510,1163,0,0,0,1,0
495515,1164,0,0,1,0,0
495529,1165,0,0,1,0,0
495637,1166,0,0,1,0,0
495663,1167,0,0,1,0,0
495726,1168,0,0,1,0,0
495836,1169,0,0,0,1,0
495965,1170,0,0,0,1,0
496095,1171,0,0,0,1,0
496215,1172,0,0,0,1,0
496326,1173,0,0,0,1,0
496405,1174,0,0,1,0,0
496520,1175,0,0,0,1,0
496641,1176,0,0,0,1,0
496741,1177,0,0,0,1,0
496848,1178,0,0,0,1,0
496969,1179,0,0,0,1,0
497062,1180,0,0,0,1,0
497175,1181,0,0,0,1,0
497177,1182,0,0,1,0,0
497294,1183,0,0,0,1,0
497341,1184,0,0,1,0,0
497393,1185,0,0,1,0,0
497491,1186,0,0,0,1,0
497630,1187,0,0,0,1,0
497673,1188,0,0,1,0,0
497767,1189,0,0,0,1,0
497832,1190,0,0,1,0,0
497854,1191,0,0,1,0,0
497970,1192,0,0,0,1,0
498096,1193,0,0,0,1,0
498190,1194,0,0,0,1,0
498219,1195,0,0,1,0,0
498341,1196,0,0,0,1,0
498354,1197,0,0,1,0,0
498452,1198,0,0,0,1,0
498576,1199,0,0,0,1,0
498651,1200,0,0,1,0,0
498757,1201,0,0,1,0,0
498861,1202,0,0,0,1,0
498865,1203,0,0,1,0,0
498973,1204,0,0,0,1,0
499084,1205,0,0,0,1,0
499187,1206,0,0,0,1,0
499277,1207,0,0,0,1,0
499278,1208,1,0,0,0,0
499397,1209,0,0,0,1,0
499495,1210,0,0,0,1,0
499574,1211,0,0,1,0,0
499619,1212,0,0,1,0,0
499665,1213,0,0,1,0,0
499710,1214,0,0,1,0,0
499838,1215,0,0,0,1,0
499933,1216,0,0,0,1,0
499986,1217,0,0,1,0,0
500030,1218,0,0,1,0,0
500171,1219,0,0,0,1,0
500270,1220,0,0,0,1,0
500377,1221,0,0,0,1,0
500440,1222,0,0,1,0,0
500537,1223,0,0,0,1,0
500641,1224,0,0,0,1,0
500762,1225,0,0,0,1,0
500810,1226,0,0,1,0,0
500918,1227,0,0,0,1,0
501022,1228,0,0,0,1,0
501071,1229,0,0,1,0,0
501080,1230,0,0,1,0,0
501197,1231,0,0,0,1,0
501306,1232,0,0,0,1,0
501412,1233,0,0,0,1,0
501516,1234,0,0,0,1,0
501645,1235,0,0,0,1,0
501750,1236,0,0,0,1,0
501816,1237,0,0,1,0,0
501962,1238,0,0,0,1,0
502081,1239,0,0,0,1,0
502121,1240,0,0,1,0,0
502206,1241,0,0,1,0,0
502255,1242,0,0,1,0,0
502356,1243,0,0,0,1,0
502454,1244,0,0,0,1,0
502552,1245,0,0,0,1,0
502666,1246,0,0,0,1,0
502777,1247,0,0,0,1,0
502875,1248,0,0,0,1,0
502923,1249,0,0,1,0,0
502997,1250,0,0,1,0,0
503043,1251,0,0,1,0,0
503143,1252,0,0,0,1,0
503257,1253,0,0,0,1,0
503375,1254,0,0,0,1,0
503498,1255,0,0,0,1,0
503636,1256,0,0,0,1,0
503783,1257,0,0,0,1,0
503877,1258,0,0,1,0,0
503980,1259,0,0,0,1,0
504109,1260,0,0,0,1,0
504247,1261,0,0,0,1,0
504367,1262,0,0,0,1,0
504495,1263,0,0,0,1,0
504553,1264,0,0,1,0,0
504647,1265,0,0,0,1,0
504746,1266,0,0,1,0,0
504854,1267,0,0,0,1,0
504972,1268,0,0,0,1,0
505078,1269,0,0,1,0,0
505167,1270,0,0,0,1,0
505233,1271,0,0,1,0,0
505335,1272,0,0,0,1,0
505434,1273,0,0,0,1,0
505488,1274,0,0,1,0,0
505554,1275,0,0,1,0,0
505625,1276,0,0,1,0,0
505714,1277,0,0,1,0,0
505834,1278,0,0,0,1,0
505942,1279,0,0,1,0,0
505976,1280,0,0,1,0,0
505977,1281,0,0,1,0,0
506083,1282,0,0,0,1,0
506209,1283,0,0,0,1,0
506331,1284,0,0,0,1,0
506471,1285,0,0,0,1,0
506590,1286,0,0,0,1,0
506637,1287,0,0,1,0,0
506766,1288,0,0,0,1,0
506875,1289,0,0,0,1,0
506990,1290,0,0,0,1,0
507103,1291,0,0,0,1,0
507189,1292,0,0,0,1,0
507247,1293,0,0,1,0,0
507342,1294,0,0,0,1,0
507362,1295,0,0,1,0,0
507504,1296,0,0,0,1,0
507554,1297,0,0,1,0,0
507642,1298,0,0,1,0,0
507765,1299,0,0,0,1,0
507892,1300,0,0,0,1,0
508008,1301,0,0,0,1,0
508113,1302,0,0,0,1,0
508216,1303,0,0,0,1,0
508322,1304,0,0,1,0,0
508397,1305,0,0,1,0,0
508445,1306,0,0,1,0,0
508583,1307,0,0,0,1,0
508585,1308,0,0,1,0,0
508621,1309,0,0,1,0,0
508624,1310,0,0,1,0,0
508666,1311,0,0,1,0,0
508787,1312,0,0,0,1,0
508809,1313,0,0,1,0,0
508923,1314,0,0,0,1,0
509009,1315,0,0,0,1,0
509105,1316,0,0,0,1,0
509193,1317,0,0,1,0,0
509284,1318,0,0,0,1,0
509360,1319,0,0,1,0,0
509361,1320,0,0,1,0,0
509484,1321,0,0,0,1,0
509501,1322,0,0,1,0,0
509614,1323,0,0,1,0,0
509630,1324,0,0,1,0,0
509751,1325,0,0,0,1,0
509837,1326,0,0,0,1,0
509943,1327,0,0,1,0,0
509998,1328,0,0,1,0,0
510130,1329,0,0,0,1,0
510221,1330,0,0,0,1,0
510319,1331,0,0,0,1,0
510382,1332,0,0,1,0,0
510481,1333,0,0,0,1,0
510496,1334,0,0,1,0,0
510510,1335,0,0,1,0,0
510637,1336,0,0,0,1,0
510714,1337,0,0,1,0,0
510760,1338,0,0,1,0,0
510806,1339,0,0,1,0,0
510918,1340,0,0,0,1,0
510963,1341,0,0,1,0,0
511032,1342,0,0,1,0,0
511168,1343,0,0,0,1,0
511341,1344,0,0,0,1,0
511436,1345,0,0,0,1,0
511535,1346,0,0,0,1,0
511627,1347,0,0,0,1,0
511746,1348,0,0,0,1,0
511874,1349,0,0,0,1,0
511919,1350,0,0,1,0,0
511955,1351,0,0,1,0,0
512088,1352,0,0,0,1,0
512195,1353,0,0,0,1,0
512325,1354,0,0,0,1,0
512720,1355,0,0,0,1,0
512745,1356,0,0,1,0,0
512753,1357,0,0,1,0,0
512849,1358,0,0,0,1,0
512974,1359,0,0,0,1,0
513119,1360,0,0,0,1,0
513147,1361,0,0,1,0,0
513278,1362,0,0,0,1,0
513405,1363,0,0,0,1,0
513507,1364,0,0,0,1,0
513608,1365,0,0,0,1,0
513652,1366,0,0,1,0,0
513678,1367,0,0,1,0,0
513769,1368,0,0,0,1,0
513878,1369,0,0,0,1,0
514003,1370,0,0,0,1,0
514075,1371,0,0,1,0,0
514159,1372,0,0,1,0,0
514253,1373,0,0,0,1,0
514281,1374,0,0,1,0,0
514355,1375,0,0,1,0,0
514469,1376,0,0,0,1,0
514486,1377,0,0,1,0,0
514594,1378,0,0,0,1,0
514630,1379,0,0,1,0,0
514757,1380,0,0,0,1,0
514886,1381,0,0,0,1,0
514986,1382,0,0,0,1,0
515080,1383,0,0,0,1,0
515182,1384,0,0,0,1,0
515286,1385,0,0,0,1,0
515393,1386,0,0,0,1,0
515483,1387,0,0,0,1,0
515585,1388,0,0,0,1,0
515619,1389,0,0,1,0,0
515737,1390,0,0,0,1,0
515866,1391,0,0,0,1,0
515971,1392,0,0,0,1,0
515978,1393,0,0,1,0,0
516080,1394,0,0,1,0,0
516099,1395,0,0,1,0,0
516200,1396,0,0,0,1,0
516319,1397,0,0,1,0,0
516435,1398,0,0,0,1,0
516559,1399,0,0,0,1,0
516674,1400,0,0,0,1,0
516768,1401,0,0,0,1,0
516879,1402,0,0,0,1,0
516972,1403,0,0,0,1,0
517086,1404,0,0,0,1,0
517097,1405,0,0,1,0,0
517101,1406,0,0,1,0,0
517192,1407,0,0,0,1,0
517319,1408,0,0,0,1,0
517332,1409,0,0,1,0,0
517418,1410,0,0,0,1,0
517476,1411,0,0,1,0,0
517572,1412,0,0,0,1,0
517615,1413,0,0,1,0,0
517713,1414,0,0,0,1,0
517807,1415,0,0,1,0,0
517896,1416,0,0,0,1,0
517995,1417,0,0,0,1,0
518094,1418,0,0,0,1,0
518125,1419,0,0,1,0,0
518242,1420,0,0,0,1,0
518268,1421,0,0,1,0,0
518371,1422,0,0,0,1,0
518482,1423,0,0,0,1,0
518530,1424,0,0,1,0,0
518607,1425,0,0,1,0,0
518690,1426,0,0,0,1,0
518781,1427,0,0,0,1,0
518908,1428,0,0,0,1,0
518954,1429,0,0,1,0,0
519001,1430,0,0,1,0,0
519098,1431,0,0,0,1,0
519207,1432,0,0,0,1,0
519326,1433,0,0,0,1,0
519432,1434,0,0,0,1,0
519541,1435,0,0,0,1,0
519669,1436,0,0,0,1,0
519672,1437,0,0,1,0,0
519786,1438,0,0,0,1,0
519917,1439,0,0,0,1,0
520013,1440,0,0,1,0,0
520109,1441,0,0,0,1,0
520251,1442,0,0,0,1,0
520356,1443,0,0,0,1,0
520361,1444,0,0,1,0,0
520454,1445,0,0,0,1,0
520465,1446,0,0,1,0,0
520552,1447,0,0,0,1,0
520684,1448,0,0,0,1,0
520809,1449,0,0,0,1,0
520899,1450,0,0,0,1,0
520999,1451,0,0,0,1,0
521121,1452,0,0,0,1,0
521205,1453,0,0,1,0,0
521240,1454,0,0,1,0,0
521266,1455,0,0,1,0,0
521365,1456,0,0,0,1,0
521376,1457,0,0,1,0,0
521488,1458,0,0,0,1,0
521609,1459,0,0,0,1,0
521725,1460,0,0,0,1,0
521824,1461,0,0,0,1,0
521840,1462,0,0,1,0,0
521842,1463,0,0,1,0,0
521949,1464,0,0,1,0,0
522049,1465,0,0,0,1,0
522172,1466,0,0,0,1,0
522263,1467,0,0,0,1,0
522385,1468,0,0,0,1,0
522421,1469,0,0,1,0,0
522494,1470,0,0,1,0,0
522546,1471,0,0,1,0,0
522560,1472,0,0,1,0,0
522680,1473,0,0,0,1,0
522781,1474,0,0,0,1,0
522877,1475,0,0,0,1,0
522951,1476,0,0,1,0,0
522963,1477,0,0,1,0,0
523056,1478,0,0,0,1,0
523150,1479,0,0,0,1,0
523285,1480,0,0,0,1,0
523377,1481,0,0,0,1,0
523491,1482,0,0,0,1,0
523586,1483,0,0,0,1,0
523652,1484,0,0,1,0,0
523752,1485,0,0,0,1,0
523855,1486,0,0,1,0,0
523898,1487,0,0,1,0,0
523969,1488,0,0,1,0,0
524061,1489,0,0,0,1,0
524067,1490,0,0,1,0,0
524068,1491,0,0,1,0,0
524208,1492,0,0,0,1,0
524323,1493,0,0,0,1,0
524428,1494,0,0,1,0,0
524543,1495,0,0,0,1,0
524645,1496,0,0,0,1,0
524771,1497,0,0,0,1,0
524779,1498,0,0,1,0,0
524899,1499,0,0,0,1,0
525012,1500,0,0,0,1,0
525105,1501,0,0,0,1,0
525210,1502,0,0,0,1,0
525305,1503,0,0,0,1,0
525434,1504,0,0,0,1,0
525548,1505,0,0,0,1,0
525587,1506,0,0,1,0,0
525594,1507,0,0,1,0,0
525618,1508,0,0,1,0,0
525715,1509,0,0,0,1,0
525747,1510,0,0,1,0,0
525818,1511,0,0,1,0,0
525913,1512,0,0,0,1,0
525929,1513,0,0,1,0,0
526058,1514,0,0,0,1,0
526084,1515,0,0,1,0,0
526198,1516,0,0,0,1,0
526292,1517,0,0,0,1,0
526414,1518,0,0,0,1,0
526515,1519,0,0,0,1,0
526635,1520,0,0,0,1,0
526719,1521,0,0,1,0,0
526838,1522,0,0,0,1,0
526936,1523,0,0,0,1,0
527062,1524,0,0,1,0,0
527174,1525,0,0,0,1,0
527254,1526,0,0,1,0,0
527356,1527,0,0,0,1,0
527472,1528,0,0,0,1,0
527594,1529,0,0,0,1,0
527670,1530,0,0,1,0,0
527769,1531,0,0,0,1,0
527891,1532,0,0,0,1,0
528010,1533,0,0,0,1,0
528133,1534,0,0,0,1,0
528236,1535,0,0,0,1,0
528356,1536,0,0,0,1,0
528443,1537,0,0,0,1,0
528447,1538,1,0,0,0,0
528553,1539,0,0,0,1,0
528652,1540,0,0,1,0,0
528714,1541,0,0,1,0,0
528811,1542,0,0,0,1,0
528839,1543,0,0,1,0,0
528950,1544,0,0,0,1,0
528957,1545,0,0,1,0,0
529045,1546,0,0,0,1,0
529126,1547,0,0,0,1,0
529220,1548,0,0,0,1,0
529250,1549,0,0,1,0,0
529351,1550,0,0,0,1,0
529399,1551,0,0,1,0,0
529498,1552,0,0,0,1,0
529610,1553,0,0,1,0,0
529732,1554,0,0,0,1,0
529812,1555,0,0,0,1,0
529947,1556,0,0,0,1,0
529990,1557,0,0,1,0,0
530077,1558,0,0,0,1,0
530106,1559,0,0,1,0,0
530240,1560,0,0,0,1,0
530345,1561,0,0,0,1,0
530350,1562,0,0,1,0,0
530353,1563,1,0,0,0,0
530354,1564,0,0,1,0,0
530466,1565,0,0,0,1,0
530571,1566,0,0,0,1,0
530695,1567,0,0,0,1,0
530825,1568,0,0,0,1,0
530924,1569,0,0,0,1,0
531031,1570,0,0,0,1,0
531136,1571,0,0,0,1,0
531251,1572,0,0,0,1,0
531324,1573,0,0,1,0,0
531380,1574,0,0,1,0,0
531478,1575,0,0,1,0,0
531501,1576,0,0,1,0,0
531581,1577,0,0,1,0,0
531585,1578,0,0,1,0,0
531617,1579,0,0,1,0,0
531716,1580,0,0,0,1,0
531766,1581,0,0,1,0,0
531867,1582,0,0,0,1,0
531980,1583,0,0,0,1,0
532020,1584,0,0,1,0,0
532121,1585,0,0,0,1,0
532226,1586,0,0,0,1,0
532303,1587,0,0,1,0,0
532426,1588,0,0,1,0,0
532556,1589,0,0,0,1,0
532647,1590,0,0,0,1,0
532716,1591,0,0,1,0,0
532819,1592,0,0,1,0,0
532947,1593,0,0,0,1,0
533088,1594,0,0,0,1,0
533099,1595,0,0,1,0,0
533189,1596,0,0,0,1,0
533195,1597,1,0,0,0,0
533301,1598,0,0,0,1,0
533366,1599,0,0,1,0,0
533476,1600,0,0,0,1,0
533595,1601,0,0,0,1,0
533654,1602,0,0,1,0,0
533777,1603,0,0,0,1,0
533800,1604,0,0,1,0,0
533805,1605,0,0,1,0,0
533935,1606,0,0,0,1,0
533938,1607,0,0,1,0,0
534030,1608,0,0,1,0,0
534050,1609,0,0,1,0,0
534062,1610,0,0,1,0,0
534074,1611,0,0,1,0,0
534190,1612,0,0,0,1,0
534273,1613,0,0,0,1,0
534378,1614,0,0,0,1,0
534494,1615,0,0,0,1,0
534631,1616,0,0,0,1,0
534658,1617,0,0,1,0,0
534794,1618,0,0,0,1,0
534908,1619,0,0,0,1,0
535023,1620,0,0,0,1,0
535138,1621,0,0,1,0,0
535159,1622,0,0,1,0,0
535218,1623,0,0,1,0,0
535366,1624,0,0,0,1,0
535476,1625,0,0,0,1,0
535577,1626,0,0,1,0,0
535605,1627,0,0,1,0,0
535724,1628,0,0,0,1,0
535837,1629,0,0,0,1,0
535920,1630,0,0,0,1,0
536019,1631,0,0,0,1,0
536139,1632,0,0,0,1,0
536186,1633,0,0,1,0,0
536292,1634,0,0,0,1,0
536389,1635,0,0,0,1,0
536401,1636,0,0,1,0,0
536490,1637,0,0,0,1,0
536577,1638,0,0,0,1,0
536689,1639,0,0,0,1,0
536824,1640,0,0,0,1,0
536875,1641,0,0,1,0,0
537002,1642,0,0,0,1,0
537055,1643,0,0,1,0,0
537176,1644,0,0,0,1,0
537230,1645,0,0,1,0,0
537361,1646,0,0,0,1,0
537369,1647,0,0,1,0,0
537476,1648,0,0,0,1,0
537576,1649,0,0,0,1,0
537667,1650,0,0,0,1,0
537743,1651,0,0,1,0,0
537754,1652,0,0,1,0,0
537873,1653,0,0,0,1,0
537998,1654,0,0,0,1,0
538097,1655,0,0,0,1,0
538182,1656,0,0,0,1,0
538254,1657,0,0,1,0,0
538285,1658,0,0,1,0,0
538379,1659,0,0,0,1,0
538400,1660,0,0,1,0,0
538486,1661,0,0,0,1,0
538578,1662,0,0,0,1,0
538674,1663,0,0,1,0,0
538775,1664,0,0,0,1,0
538813,1665,0,0,1,0,0
538834,1666,0,0,1,0,0
538947,1667,0,0,0,1,0
539085,1668,0,0,0,1,0
539172,1669,0,0,0,1,0
539246,1670,0,0,0,1,0
539252,1671,0,0,1,0,0
539368,1672,0,0,0,1,0
539476,1673,0,0,0,1,0
539534,1674,0,0,1,0,0
539588,1675,0,0,1,0,0
539605,1676,0,0,1,0,0
539692,1677,0,0,0,1,0
539704,1678,0,0,1,0,0
539777,1679,0,0,1,0,0
539877,1680,0,0,0,1,0
539966,1681,0,0,0,1,0
540049,1682,0,0,0,1,0
540057,1683,0,0,1,0,0
540190,1684,0,0,0,1,0
540242,1685,0,0,1,0,0
540332,1686,0,0,0,1,0
540343,1687,0,0,1,0,0
540458,1688,0,0,0,1,0
540583,1689,0,0,0,1,0
540659,1690,0,0,1,0,0
540790,1691,0,0,0,1,0
540833,1692,0,0,1,0,0
540842,1693,0,0,1,0,0
540950,1694,0,0,0,1,0
541055,1695,0,0,0,1,0
541169,1696,0,0,0,1,0
541175,1697,0,0,1,0,0
541265,1698,0,0,0,1,0
541372,1699,0,0,0,1,0
541487,1700,0,0,0,1,0
541585,1701,0,0,1,0,0
541694,1702,0,0,0,1,0
541759,1703,0,0,1,0,0
541897,1704,0,0,0,1,0
541932,1705,0,0,1,0,0
542038,1706,0,0,0,1,0
542170,1707,0,0,0,1,0
542257,1708,0,0,0,1,0
542288,1709,0,0,1,0,0
542416,1710,0,0,0,1,0
542510,1711,0,0,0,1,0
542595,1712,0,0,0,1,0
542677,1713,0,0,1,0,0
542767,1714,0,0,1,0,0
542854,1715,0,0,1,0,0
542959,1716,0,0,0,1,0
543064,1717,0,0,1,0,0
543127,1718,0,0,1,0,0
543164,1719,0,0,1,0,0
543296,1720,0,0,0,1,0
543329,1721,0,0,1,0,0
543408,1722,0,0,1,0,0
543504,1723,0,0,0,1,0
543613,1724,0,0,1,0,0
543678,1725,0,0,1,0,0
543818,1726,0,0,0,1,0
543886,1727,0,0,1,0,0
543936,1728,0,0,1,0,0
544044,1729,0,0,0,1,0
544151,1730,0,0,0,1,0
544294,1731,0,0,0,1,0
544377,1732,0,0,0,1,0
544401,1733,0,0,1,0,0
544520,1734,0,0,0,1,0
544579,1735,0,0,1,0,0
544700,1736,0,0,0,1,0
544810,1737,0,0,0,1,0
544910,1738,0,0,0,1,0
545008,1739,0,0,0,1,0
545083,1740,0,0,1,0,0
545190,1741,0,0,0,1,0
545276,1742,0,0,0,1,0
545414,1743,0,0,0,1,0
545426,1744,0,0,1,0,0
545524,1745,0,0,1,0,0
545630,1746,0,0,0,1,0
545722,1747,0,0,0,1,0
545758,1748,0,0,1,0,0
545819,1749,0,0,1,0,0
545828,1750,0,0,1,0,0
545839,1751,0,0,1,0,0
545976,1752,0,0,1,0,0
546003,1753,0,0,1,0,0
546102,1754,0,0,1,0,0
546204,1755,0,0,0,1,0
546334,1756,0,0,0,1,0
546428,1757,0,0,0,1,0
546538,1758,0,0,0,1,0
546544,1759,0,0,1,0,0
546575,1760,0,0,1,0,0
546623,1761,0,0,1,0,0
546673,1762,0,0,1,0,0
546764,1763,0,0,1,0,0
546782,1764,0,0,1,0,0
546874,1765,0,0,1,0,0
546906,1766,0,0,1,0,0
546998,1767,0,0,0,1,0
547082,1768,0,0,1,0,0
547224,1769,0,0,0,1,0
547293,1770,0,0,1,0,0
547332,1771,0,0,1,0,0
547407,1772,0,0,1,0,0
547539,1773,0,0,0,1,0
547645,1774,0,0,0,1,0
547766,1775,0,0,0,1,0
547866,1776,0,0,0,1,0
547900,1777,0,0,1,0,0
548007,1778,0,0,0,1,0
548028,1779,0,0,1,0,0
548104,1780,0,0,0,1,0
548167,1781,0,0,1,0,0
548309,1782,0,0,0,1,0
548333,1783,0,0,1,0,0
548355,1784,0,0,1,0,0
548444,1785,0,0,1,0,0
548573,1786,0,0,0,1,0
548585,1787,0,0,1,0,0
548886,1788,0,0,0,1,0
548978,1789,0,0,0,1,0
549108,1790,0,0,0,1,0
549169,1791,0,0,1,0,0
549173,1792,0,0,1,0,0
549248,1793,0,0,1,0,0
549329,1794,0,0,1,0,0
549375,1795,0,0,1,0,0
549477,1796,0,0,0,1,0
549599,1797,0,0,0,1,0
549699,1798,0,0,1,0,0
549788,1799,0,0,0,1,0
549921,1800,0,0,0,1,0
550018,1801,0,0,0,1,0
550133,1802,0,0,0,1,0
550176,1803,0,0,1,0,0
550295,1804,0,0,0,1,0
550381,1805,0,0,0,1,0
550469,1806,0,0,0,1,0
550560,1807,0,0,0,1,0
550605,1808,0,0,1,0,0
550616,1809,0,0,1,0,0
550657,1810,0,0,1,0,0
550799,1811,0,0,0,1,0
550918,1812,0,0,0,1,0
550923,1813,0,0,1,0,0
550947,1814,0,0,1,0,0
550981,1815,0,0,1,0,0
551097,1816,0,0,0,1,0
551201,1817,0,0,0,1,0
551206,1818,1,0,0,0,0
551238,1819,0,0,1,0,0
551340,1820,0,0,1,0,0
551355,1821,0,0,1,0,0
551478,1822,0,0,0,1,0
551603,1823,0,0,1,0,0
551698,1824,0,0,0,1,0
551823,1825,0,0,0,1,0
551924,1826,0,0,0,1,0
552039,1827,0,0,0,1,0
552154,1828,0,0,0,1,0
552263,1829,0,0,0,1,0
552305,1830,0,0,1,0,0
552418,1831,0,0,0,1,0
552528,1832,0,0,0,1,0
552643,1833,0,0,0,1,0
552699,1834,0,0,1,0,0
552737,1835,0,0,1,0,0
552873,1836,0,0,0,1,0
552930,1837,0,0,1,0,0
552935,1838,1,0,0,0,0
553013,1839,0,0,1,0,0
553112,1840,0,0,0,1,0
553234,1841,0,0,0,1,0
553275,1842,0,0,1,0,0
553404,1843,0,0,0,1,0
553533,1844,0,0,0,1,0
553649,1845,0,0,0,1,0
553732,1846,0,0,1,0,0
553857,1847,0,0,0,1,0
553966,1848,0,0,0,1,0
554053,1849,0,0,0,1,0
554182,1850,0,0,0,1,0
554310,1851,0,0,0,1,0
554426,1852,0,0,0,1,0
554538,1853,0,0,0,1,0
554551,1854,0,0,1,0,0
554589,1855,0,0,1,0,0
554614,1856,0,0,1,0,0
554723,1857,0,0,0,1,0
554812,1858,0,0,1,0,0
554944,1859,0,0,0,1,0
555053,1860,0,0,0,1,0
555157,1861,0,0,1,0,0
555275,1862,0,0,1,0,0
555375,1863,0,0,0,1,0
555495,1864,0,0,0,1,0
555578,1865,0,0,0,1,0
555677,1866,0,0,0,1,0
555720,1867,0,0,1,0,0
555815,1868,0,0,0,1,0
555903,1869,0,0,0,1,0
555962,1870,0,0,1,0,0
555986,1871,0,0,1,0,0
556101,1872,0,0,0,1,0
556142,1873,0,0,1,0,0
556262,1874,0,0,0,1,0
556373,1875,0,0,0,1,0
556475,1876,0,0,0,1,0
556576,1877,0,0,0,1,0
556670,1878,0,0,0,1,0
556771,1879,0,0,1,0,0
556858,1880,0,0,0,1,0
556977,1881,0,0,0,1,0
557080,1882,0,0,1,0,0
557152,1883,0,0,1,0,0
557249,1884,0,0,0,1,0
557341,1885,0,0,0,1,0
557452,1886,0,0,0,1,0
557558,1887,0,0,0,1,0
557649,1888,0,0,1,0,0
557754,1889,0,0,0,1,0
557846,1890,0,0,0,1,0
557956,1891,0,0,0,1,0
558081,1892,0,0,0,1,0
558118,1893,0,0,1,0,0
558169,1894,0,0,1,0,0
558288,1895,0,0,0,1,0
558380,1896,0,0,1,0,0
558518,1897,0,0,0,1,0
558592,1898,0,0,1,0,0
558649,1899,0,0,1,0,0
558800,1900,0,0,0,1,0
558902,1901,0,0,0,1,0
559017,1902,0,0,1,0,0
559069,1903,0,0,1,0,0
559155,1904,0,0,1,0,0
559287,1905,0,0,0,1,0
559345,1906,0,0,1,0,0
559472,1907,0,0,0,1,0
559575,1908,0,0,0,1,0
559577,1909,0,0,1,0,0
559717,1910,0,0,0,1,0
559760,1911,0,0,1,0,0
559846,1912,0,0,1,0,0
559979,1913,0,0,0,1,0
560122,1914,0,0,0,1,0
560180,1915,0,0,1,0,0
560286,1916,0,0,1,0,0
560400,1917,0,0,1,0,0
560503,1918,0,0,0,1,0
560597,1919,0,0,0,1,0
560679,1920,0,0,1,0,0
560774,1921,0,0,0,1,0
560885,1922,0,0,0,1,0
560913,1923,0,0,1,0,0
561024,1924,0,0,0,1,0
561126,1925,0,0,0,1,0
561160,1926,0,0,1,0,0
561223,1927,0,0,1,0,0
561362,1928,0,0,0,1,0
561368,1929,0,0,1,0,0
561470,1930,0,0,1,0,0
561514,1931,0,0,1,0,0
561586,1932,0,0,1,0,0
561696,1933,0,0,1,0,0
561793,1934,0,0,0,1,0
561867,1935,0,0,1,0,0
561873,1936,0,0,1,0,0
561970,1937,0,0,0,1,0
562058,1938,0,0,0,1,0
562108,1939,0,0,1,0,0
562205,1940,0,0,0,1,0
562213,1941,0,0,1,0,0
562293,1942,0,0,1,0,0
562302,1943,0,0,1,0,0
562426,1944,0,0,0,1,0
562550,1945,0,0,0,1,0
562663,1946,0,0,0,1,0
562752,1947,0,0,0,1,0
562763,1948,0,0,1,0,0
562803,1949,0,0,1,0,0
562905,1950,0,0,0,1,0
562997,1951,0,0,1,0,0
563129,1952,0,0,0,1,0
563146,1953,0,0,1,0,0
563163,1954,0,0,1,0,0
563256,1955,0,0,0,1,0
563259,1956,0,0,1,0,0
563359,1957,0,0,0,1,0
563478,1958,0,0,0,1,0
563572,1959,0,0,0,1,0
563681,1960,0,0,0,1,0
563776,1961,0,0,0,1,0
563893,1962,0,0,0,1,0
563992,1963,0,0,0,1,0
564002,1964,0,0,1,0,0
564029,1965,0,0,1,0,0
564083,1966,0,0,1,0,0
564211,1967,0,0,0,1,0
564233,1968,0,0,1,0,0
564352,1969,0,0,0,1,0
564446,1970,0,0,0,1,0
564546,1971,0,0,0,1,0
564642,1972,0,0,0,1,0
564655,1973,0,0,1,0,0
564759,1974,0,0,0,1,0
564795,1975,0,0,1,0,0
564836,1976,0,0,1,0,0
564947,1977,0,0,0,1,0
565037,1978,0,0,0,1,0
565146,1979,0,0,0,1,0
565180,1980,0,0,1,0,0
565290,1981,0,0,0,1,0
565409,1982,0,0,0,1,0
565500,1983,0,0,1,0,0
565617,1984,0,0,0,1,0
565727,1985,0,0,0,1,0
565759,1986,0,0,1,0,0
565906,1987,0,0,0,1,0
565995,1988,0,0,1,0,0
566089,1989,0,0,0,1,0
566201,1990,0,0,1,0,0
566275,1991,0,0,1,0,0
566347,1992,0,0,1,0,0
566469,1993,0,0,0,1,0
566565,1994,0,0,0,1,0
566669,1995,0,0,1,0,0
566770,1996,0,0,0,1,0
566859,1997,0,0,0,1,0
566872,1998,0,0,1,0,0
566966,1999,0,0,0,1,0
567091,2000,0,0,0,1,0
567213,2001,0,0,0,1,0
567325,2002,0,0,0,1,0
567355,2003,1,0,0,0,0
567444,2004,0,0,0,1,0
567567,2005,0,0,0,1,0
567687,2006,0,0,0,1,0
567723,2007,0,0,1,0,0
567788,2008,0,0,1,0,0
567842,2009,0,0,1,0,0
567951,2010,0,0,0,1,0
568007,2011,0,0,1,0,0
568093,2012,0,0,1,0,0
568211,2013,0,0,0,1,0
568311,2014,0,0,0,1,0
568390,2015,0,0,1,0,0
568469,2016,0,0,1,0,0
568586,2017,0,0,0,1,0
568639,2018,0,0,1,0,0
568735,2019,0,0,0,1,0
568845,2020,0,0,0,1,0
568937,2021,0,0,0,1,0
569039,2022,0,0,1,0,0
569066,2023,0,0,1,0,0
569170,2024,0,0,0,1,0
569263,2025,0,0,0,1,0
569361,2026,0,0,1,0,0
569391,2027,0,0,1,0,0
569482,2028,0,0,1,0,0
569560,2029,0,0,0,1,0
569604,2030,0,0,1,0,0
569617,2031,0,0,1,0,0
569729,2032,0,0,0,1,0
569845,2033,0,0,0,1,0
569956,2034,0,0,0,1,0
570055,2035,0,0,0,1,0
570132,2036,0,0,1,0,0
570166,2037,0,0,1,0,0
570274,2038,0,0,1,0,0
570393,2039,0,0,0,1,0
570395,2040,0,0,1,0,0
570398,2041,0,0,1,0,0
570509,2042,0,0,0,1,0
570611,2043,0,0,0,1,0
570630,2044,0,0,1,0,0
570693,2045,0,0,1,0,0
570801,2046,0,0,0,1,0
570914,2047,0,0,0,1,0
571010,2048,0,0,1,0,0
571109,2049,0,0,0,1,0
571200,2050,0,0,0,1,0
571229,2051,0,0,1,0,0
571327,2052,0,0,0,1,0
571437,2053,0,0,0,1,0
571555,2054,0,0,0,1,0
571665,2055,0,0,0,1,0
571678,2056,0,0,1,0,0
571803,2057,0,0,0,1,0
571997,2058,0,0,0,1,0
572103,2059,0,0,0,1,0
572130,2060,0,0,1,0,0
572132,2061,1,0,0,0,0
572221,2062,0,0,0,1,0
572335,2063,0,0,0,1,0
572450,2064,0,0,0,1,0
572545,2065,0,0,0,1,0
572660,2066,0,0,0,1,0
572766,2067,0,0,0,1,0
572834,2068,0,0,1,0,0
572958,2069,0,0,0,1,0
573051,2070,0,0,1,0,0
573164,2071,0,0,0,1,0
573264,2072,0,0,0,1,0
573369,2073,0,0,1,0,0
573495,2074,0,0,0,1,0
573592,2075,0,0,1,0,0
573723,2076,0,0,0,1,0
573840,2077,0,0,0,1,0
573948,2078,0,0,0,1,0
574019,2079,0,0,1,0,0
574106,2080,0,0,0,1,0
574221,2081,0,0,0,1,0
574302,2082,0,0,1,0,0
574413,2083,0,0,0,1,0
574452,2084,0,0,1,0,0
574503,2085,0,0,1,0,0
574625,2086,0,0,0,1,0
574673,2087,0,0,1,0,0
574717,2088,0,0,1,0,0
574843,2089,0,0,0,1,0
574972,2090,0,0,0,1,0
575051,2091,0,0,1,0,0
575107,2092,0,0,1,0,0
575201,2093,0,0,0,1,0
575296,2094,0,0,0,1,0
575391,2095,0,0,1,0,0
575439,2096,0,0,1,0,0
575535,2097,0,0,0,1,0
575647,2098,0,0,0,1,0
575752,2099,0,0,0,1,0
575878,2100,0,0,0,1,0
575981,2101,0,0,0,1,0
576010,2102,0,0,1,0,0
576133,2103,0,0,0,1,0
576266,2104,0,0,0,1,0
576387,2105,0,0,1,0,0
576446,2106,0,0,1,0,0
576449,2107,0,0,1,0,0
576489,2108,0,0,1,0,0
576580,2109,0,0,1,0,0
576662,2110,0,0,1,0,0
576723,2111,0,0,1,0,0
576826,2112,0,0,0,1,0
576960,2113,0,0,0,1,0
577001,2114,0,0,1,0,0
577137,2115,0,0,0,1,0
577232,2116,0,0,0,1,0
577273,2117,0,0,1,0,0
577368,2118,0,0,0,1,0
577494,2119,0,0,0,1,0
577506,2120,0,0,1,0,0
577620,2121,0,0,0,1,0
577715,2122,0,0,0,1,0
577834,2123,0,0,0,1,0
577965,2124,0,0,0,1,0
578054,2125,0,0,0,1,0
578168,2126,0,0,0,1,0
578261,2127,0,0,1,0,0
578388,2128,0,0,0,1,0
578523,2129,0,0,0,1,0
578527,2130,1,0,0,0,0
578638,2131,0,0,0,1,0
578681,2132,0,0,1,0,0
578702,2133,0,0,1,0,0
578736,2134,0,0,1,0,0
578868,2135,0,0,0,1,0
578929,2136,0,0,1,0,0
579054,2137,0,0,0,1,0
579191,2138,0,0,0,1,0
579301,2139,0,0,0,1,0
579386,2140,0,0,1,0,0
579484,2141,0,0,1,0,0
579607,2142,0,0,0,1,0
579688,2143,0,0,1,0,0
579797,2144,0,0,0,1,0
579897,2145,0,0,0,1,0
580039,2146,0,0,0,1,0
580155,2147,0,0,0,1,0
580162,2148,0,0,1,0,0
580264,2149,0,0,0,1,0
580354,2150,0,0,0,1,0
580404,2151,0,0,1,0,0
580495,2152,0,0,0,1,0
580612,2153,0,0,0,1,0
580727,2154,0,0,0,1,0
580739,2155,0,0,1,0,0
580747,2156,0,0,1,0,0
580846,2157,0,0,0,1,0
580965,2158,0,0,0,1,0
581083,2159,0,0,0,1,0
581177,2160,0,0,0,1,0
581303,2161,0,0,0,1,0
581361,2162,0,0,1,0,0
581413,2163,0,0,1,0,0
581529,2164,0,0,0,1,0
581646,2165,0,0,0,1,0
581647,2166,0,0,1,0,0
581757,2167,0,0,0,1,0
581763,2168,0,0,1,0,0
581889,2169,0,0,0,1,0
582002,2170,0,0,0,1,0
582031,2171,0,0,1,0,0
582121,2172,0,0,1,0,0
582179,2173,0,0,1,0,0
582244,2174,0,0,1,0,0
582338,2175,0,0,0,1,0
582454,2176,0,0,0,1,0
582512,2177,0,0,1,0,0
582605,2178,0,0,1,0,0
582719,2179,0,0,0,1,0
582809,2180,0,0,1,0,0
582813,2181,0,0,1,0,0
582914,2182,0,0,0,1,0
583050,2183,0,0,0,1,0
583152,2184,0,0,0,1,0
583184,2185,0,0,1,0,0
583261,2186,0,0,1,0,0
583409,2187,0,0,1,0,0
583498,2188,0,0,0,1,0
583594,2189,0,0,0,1,0
583626,2190,0,0,1,0,0
583718,2191,0,0,0,1,0
583750,2192,0,0,1,0,0
583885,2193,0,0,0,1,0
583950,2194,0,0,1,0,0
584058,2195,0,0,0,1,0
584142,2196,0,0,0,1,0
584235,2197,0,0,0,1,0
584334,2198,0,0,0,1,0
584406,2199,0,0,1,0,0
584417,2200,0,0,1,0,0
584550,2201,0,0,0,1,0
584648,2202,0,0,1,0,0
584743,2203,0,0,0,1,0
584868,2204,0,0,0,1,0
584977,2205,0,0,1,0,0
585063,2206,0,0,1,0,0
585135,2207,0,0,1,0,0
585148,2208,0,0,1,0,0
585239,2209,0,0,0,1,0
585364,2210,0,0,0,1,0
585466,2211,0,0,0,1,0
585588,2212,0,0,0,1,0
585692,2213,0,0,0,1,0
585769,2214,0,0,0,1,0
585792,2215,0,0,1,0,0
585851,2216,0,0,1,0,0
585929,2217,0,0,0,1,0
586041,2218,0,0,0,1,0
586095,2219,0,0,1,0,0
586097,2220,0,0,1,0,0
586184,2221,0,0,1,0,0
586289,2222,0,0,0,1,0
586391,2223,0,0,0,1,0
586406,2224,0,0,1,0,0
586535,2225,0,0,0,1,0
586648,2226,0,0,0,1,0
586745,2227,0,0,0,1,0
586844,2228,0,0,0,1,0
586945,2229,0,0,0,1,0
586984,2230,0,0,1,0,0
587091,2231,0,0,0,1,0
587235,2232,0,0,0,1,0
587322,2233,0,0,0,1,0
587403,2234,0,0,1,0,0
587517,2235,0,0,0,1,0
587632,2236,0,0,0,1,0
587667,2237,0,0,1,0,0
587786,2238,0,0,0,1,0
587878,2239,0,0,0,1,0
588003,2240,0,0,0,1,0
588116,2241,0,0,0,1,0
588240,2242,0,0,0,1,0
588336,2243,0,0,0,1,0
588342,2244,0,0,1,0,0
588441,2245,0,0,0,1,0
588554,2246,0,0,0,1,0
588681,2247,0,0,0,1,0
588767,2248,0,0,0,1,0
588831,2249,0,0,1,0,0
588945,2250,0,0,0,1,0
589045,2251,0,0,0,1,0
589158,2252,0,0,1,0,0
589268,2253,0,0,1,0,0
589274,2254,0,0,1,0,0
589393,2255,0,0,0,1,0
589511,2256,0,0,0,1,0
589647,2257,0,0,0,1,0
589730,2258,0,0,1,0,0
589789,2259,0,0,1,0,0
589908,2260,0,0,0,1,0
590013,2261,0,0,0,1,0
590114,2262,0,0,0,1,0
590226,2263,0,0,0,1,0
590349,2264,0,0,0,1,0
590393,2265,0,0,1,0,0
590394,2266,1,0,0,0,0
590528,2267,0,0,0,1,0
590626,2268,0,0,1,0,0
590742,2269,0,0,0,1,0
590755,2270,0,0,1,0,0
590882,2271,0,0,0,1,0
590895,2272,0,0,1,0,0
590996,2273,0,0,0,1,0
591102,2274,0,0,0,1,0
591137,2275,0,0,1,0,0
591199,2276,0,0,1,0,0
591209,2277,0,0,1,0,0
591310,2278,0,0,0,1,0
591433,2279,0,0,0,1,0
591541,2280,0,0,0,1,0
591676,2281,0,0,0,1,0
591801,2282,0,0,0,1,0
591933,2283,0,0,0,1,0
592072,2284,0,0,0,1,0
592149,2285,0,0,1,0,0
592262,2286,0,0,0,1,0
592369,2287,0,0,0,1,0
592407,2288,0,0,1,0,0
592424,2289,0,0,1,0,0
592444,2290,0,0,1,0,0
592552,2291,0,0,0,1,0
592646,2292,0,0,0,1,0
592664,2293,0,0,1,0,0
592679,2294,0,0,1,0,0
592789,2295,0,0,0,1,0
592881,2296,0,0,1,0,0
592931,2297,0,0,1,0,0
593036,2298,0,0,0,1,0
593097,2299,0,0,1,0,0
593182,2300,0,0,0,1,0
593296,2301,0,0,0,1,0
593410,2302,0,0,0,1,0
593529,2303,0,0,0,1,0
593554,2304,0,0,1,0,0
593659,2305,0,0,0,1,0
593796,2306,0,0,0,1,0
593807,2307,0,0,1,0,0
593908,2308,0,0,0,1,0
593910,2309,0,0,1,0,0
593953,2310,0,0,1,0,0
594068,2311,0,0,1,0,0
594164,2312,0,0,0,1,0
594171,2313,0,0,1,0,0
594278,2314,0,0,1,0,0
594386,2315,0,0,0,1,0
594483,2316,0,0,1,0,0
594495,2317,0,0,1,0,0
594555,2318,0,0,1,0,0
594656,2319,0,0,0,1,0
594739,2320,0,0,0,1,0
594870,2321,0,0,0,1,0
594978,2322,0,0,0,1,0
595041,2323,0,0,1,0,0
595135,2324,0,0,0,1,0
595149,2325,0,0,1,0,0
595191,2326,0,0,1,0,0
595309,2327,0,0,0,1,0
595421,2328,0,0,0,1,0
595447,2329,0,0,1,0,0
595464,2330,0,0,1,0,0
595545,2331,0,0,1,0,0
595644,2332,0,0,0,1,0
595753,2333,0,0,0,1,0
595879,2334,0,0,0,1,0
595957,2335,0,0,1,0,0
595963,2336,0,0,1,0,0
595976,2337,0,0,1,0,0
596020,2338,0,0,1,0,0
596126,2339,0,0,0,1,0
596170,2340,0,0,1,0,0
596271,2341,0,0,0,1,0
596360,2342,0,0,1,0,0
596388,2343,0,0,1,0,0
596417,2344,0,0,1,0,0
596438,2345,0,0,1,0,0
596561,2346,0,0,0,1,0
596652,2347,0,0,0,1,0
596741,2348,0,0,0,1,0
596830,2349,0,0,0,1,0
596853,2350,0,0,1,0,0
596861,2351,0,0,1,0,0
596953,2352,0,0,0,1,0
596960,2353,0,0,1,0,0
597031,2354,0,0,1,0,0
597121,2355,0,0,1,0,0
597160,2356,0,0,1,0,0
597282,2357,0,0,0,1,0
597405,2358,0,0,0,1,0
597543,2359,0,0,0,1,0
597659,2360,0,0,0,1,0
597748,2361,0,0,0,1,0
597857,2362,0,0,0,1,0
597966,2363,0,0,0,1,0
598071,2364,0,0,1,0,0
598092,2365,0,0,1,0,0
598122,2366,0,0,1,0,0
598246,2367,0,0,0,1,0
598332,2368,0,0,0,1,0
598434,2369,0,0,1,0,0
598493,2370,0,0,1,0,0
598582,2371,0,0,0,1,0
598713,2372,0,0,0,1,0
598815,2373,0,0,0,1,0
598877,2374,0,0,1,0,0
598886,2375,0,0,1,0,0
598910,2376,0,0,1,0,0
599019,2377,0,0,0,1,0
599109,2378,0,0,0,1,0
599238,2379,0,0,0,1,0
599352,2380,0,0,0,1,0
599439,2381,0,0,0,1,0
599467,2382,0,0,1,0,0
599610,2383,0,0,0,1,0
599699,2384,0,0,0,1,0
599767,2385,0,0,1,0,0
599862,2386,0,0,1,0,0
599949,2387,0,0,0,1,0
600073,2388,0,0,0,1,0
600191,2389,0,0,0,1,0
600286,2390,0,0,0,1,0
600409,2391,0,0,1,0,0
600496,2392,0,0,0,1,0
600622,2393,0,0,0,1,0
600729,2394,0,0,1,0,0
600793,2395,0,0,1,0,0
600831,2396,0,0,1,0,0
600955,2397,0,0,0,1,0
601198,2398,0,0,0,1,0
601274,2399,0,0,1,0,0
601393,2400,0,0,0,1,0
601496,2401,0,0,0,1,0
601588,2402,0,0,0,1,0
601672,2403,0,0,0,1,0
601802,2404,0,0,0,1,0
601924,2405,0,0,0,1,0
602029,2406,0,0,0,1,0
602079,2407,0,0,1,0,0
602192,2408,0,0,0,1,0
602217,2409,0,0,1,0,0
602320,2410,0,0,0,1,0
602405,2411,0,0,0,1,0
602454,2412,0,0,1,0,0
602544,2413,0,0,0,1,0
602632,2414,0,0,0,1,0
602703,2415,0,0,0,1,0
602799,2416,0,0,0,1,0
602893,2417,0,0,0,1,0
602962,2418,0,0,1,0,0
603062,2419,0,0,0,1,0
603190,2420,0,0,0,1,0
603271,2421,0,0,1,0,0
603380,2422,0,0,0,1,0
603507,2423,0,0,0,1,0
603511,2424,0,0,1,0,0
603558,2425,0,0,1,0,0
603656,2426,0,0,0,1,0
603754,2427,0,0,1,0,0
603845,2428,0,0,0,1,0
603942,2429,0,0,0,1,0
604041,2430,0,0,0,1,0
604140,2431,0,0,0,1,0
604176,2432,0,0,1,0,0
604262,2433,0,0,0,1,0
604375,2434,0,0,0,1,0
604415,2435,0,0,1,0,0
604460,2436,0,0,1,0,0
604574,2437,0,0,0,1,0
604621,2438,0,0,1,0,0
604741,2439,0,0,0,1,0
604889,2440,0,0,0,1,0
604917,2441,0,0,1,0,0
604941,2442,0,0,1,0,0
605037,2443,0,0,0,1,0
605168,2444,0,0,0,1,0
605306,2445,0,0,0,1,0
605396,2446,0,0,1,0,0
605479,2447,0,0,0,1,0
605568,2448,0,0,0,1,0
605688,2449,0,0,0,1,0
605692,2450,0,0,1,0,0
605780,2451,0,0,0,1,0
605809,2452,0,0,1,0,0
605829,2453,0,0,1,0,0
605912,2454,0,0,0,1,0
606013,2455,0,0,0,1,0
606126,2456,0,0,0,1,0
606153,2457,0,0,1,0,0
606239,2458,0,0,0,1,0
606337,2459,0,0,0,1,0
606449,2460,0,0,0,1,0
606490,2461,0,0,1,0,0
606605,2462,0,0,0,1,0
606714,2463,0,0,0,1,0
606766,2464,0,0,1,0,0
606829,2465,0,0,1,0,0
606921,2466,0,0,0,1,0
607033,2467,0,0,0,1,0
607157,2468,0,0,0,1,0
607272,2469,0,0,0,1,0
607374,2470,0,0,0,1,0
607469,2471,0,0,0,1,0
607498,2472,0,0,1,0,0
607615,2473,0,0,0,1,0
607738,2474,0,0,0,1,0
607847,2475,0,0,0,1,0
607963,2476,0,0,0,1,0
608010,2477,0,0,1,0,0
608100,2478,0,0,0,1,0
608202,2479,0,0,0,1,0
608276,2480,0,0,1,0,0
608372,2481,0,0,1,0,0
608408,2482,0,0,1,0,0
608413,2483,0,0,1,0,0
608511,2484,0,0,0,1,0
608532,2485,0,0,1,0,0
608661,2486,0,0,0,1,0
608768,2487,0,0,0,1,0
608874,2488,0,0,0,1,0
608986,2489,0,0,0,1,0
609026,2490,0,0,1,0,0
609127,2491,0,0,0,1,0
609137,2492,0,0,1,0,0
609150,2493,0,0,1,0,0
609250,2494,0,0,0,1,0
609345,2495,0,0,0,1,0
609450,2496,0,0,0,1,0
609559,2497,0,0,0,1,0
609657,2498,0,0,0,1,0
609676,2499,1,0,0,0,0
609771,2500,0,0,0,1,0
609786,2501,0,0,1,0,0
609880,2502,0,0,0,1,0
609982,2503,0,0,0,1,0
610103,2504,0,0,0,1,0
610202,2505,0,0,0,1,0
610342,2506,0,0,1,0,0
610386,2507,0,0,1,0,0
610412,2508,0,0,1,0,0
610441,2509,0,0,1,0,0
610554,2510,0,0,0,1,0
610608,2511,0,0,1,0,0
610738,2512,0,0,0,1,0
610850,2513,0,0,0,1,0
610965,2514,0,0,0,1,0
611050,2515,0,0,1,0,0
611153,2516,0,0,0,1,0
611255,2517,0,0,0,1,0
611279,2518,0,0,1,0,0
611340,2519,0,0,1,0,0
611427,2520,0,0,1,0,0
611531,2521,0,0,0,1,0
611641,2522,0,0,0,1,0
611754,2523,0,0,0,1,0
611847,2524,0,0,0,1,0
611848,2525,0,0,1,0,0
611940,2526,0,0,0,1,0
611947,2527,0,0,1,0,0
612057,2528,0,0,0,1,0
612193,2529,0,0,0,1,0
612312,2530,0,0,0,1,0
612394,2531,0,0,1,0,0
612514,2532,0,0,0,1,0
612543,2533,0,0,1,0,0
612673,2534,0,0,0,1,0
612780,2535,0,0,0,1,0
612815,2536,0,0,1,0,0
612918,2537,0,0,0,1,0
613009,2538,0,0,0,1,0
613066,2539,0,0,1,0,0
613194,2540,0,0,0,1,0
613283,2541,0,0,0,1,0
613378,2542,0,0,0,1,0
613512,2543,0,0,0,1,0
613529,2544,0,0,1,0,0
613631,2545,0,0,0,1,0
613634,2546,0,0,1,0,0
613741,2547,0,0,0,1,0
613848,2548,0,0,0,1,0
613881,2549,0,0,1,0,0
613980,2550,0,0,0,1,0
614040,2551,0,0,1,0,0
614159,2552,0,0,0,1,0
614287,2553,0,0,0,1,0
614330,2554,0,0,1,0,0
614390,2555,0,0,1,0,0
614396,2556,0,0,1,0,0
614427,2557,0,0,1,0,0
614521,2558,0,0,0,1,0
614631,2559,0,0,1,0,0
614726,2560,0,0,0,1,0
614840,2561,0,0,0,1,0
614968,2562,0,0,0,1,0
614987,2563,0,0,1,0,0
615104,2564,0,0,0,1,0
615208,2565,0,0,0,1,0
615292,2566,0,0,1,0,0
615321,2567,0,0,1,0,0
615323,2568,0,0,1,0,0
615413,2569,0,0,1,0,0
615514,2570,0,0,0,1,0
615634,2571,0,0,0,1,0
615742,2572,0,0,0,1,0
615859,2573,0,0,0,1,0
615969,2574,0,0,0,1,0
616077,2575,0,0,0,1,0
616186,2576,0,0,0,1,0
616289,2577,0,0,0,1,0
616365,2578,0,0,1,0,0
616459,2579,0,0,0,1,0
616483,2580,0,0,1,0,0
616486,2581,0,0,1,0,0
616607,2582,0,0,0,1,0
616731,2583,0,0,0,1,0
616838,2584,0,0,1,0,0
616841,2585,0,0,1,0,0
616962,2586,0,0,0,1,0
617107,2587,0,0,0,1,0
617233,2588,0,0,1,0,0
617327,2589,0,0,0,1,0
617420,2590,0,0,0,1,0
617527,2591,0,0,0,1,0
617593,2592,0,0,1,0,0
617615,2593,0,0,1,0,0
617741,2594,0,0,0,1,0
617785,2595,0,0,1,0,0
617900,2596,0,0,0,1,0
617969,2597,0,0,1,0,0
618084,2598,0,0,0,1,0
618230,2599,0,0,0,1,0
618357,2600,0,0,0,1,0
618388,2601,0,0,1,0,0
618483,2602,0,0,0,1,0
618574,2603,0,0,0,1,0
618592,2604,0,0,1,0,0
618686,2605,0,0,0,1,0
618790,2606,0,0,1,0,0
618903,2607,0,0,0,1,0
619000,2608,0,0,0,1,0
619115,2609,0,0,0,1,0
619221,2610,0,0,0,1,0
619315,2611,0,0,0,1,0
619439,2612,0,0,0,1,0
619572,2613,0,0,0,1,0
619676,2614,0,0,0,1,0
619811,2615,0,0,0,1,0
619842,2616,0,0,1,0,0
619965,2617,0,0,0,1,0
620061,2618,0,0,0,1,0
620152,2619,0,0,0,1,0
620244,2620,0,0,1,0,0
620381,2621,0,0,0,1,0
620404,2622,0,0,1,0,0
620504,2623,0,0,0,1,0
620623,2624,0,0,0,1,0
620720,2625,0,0,1,0,0
620748,2626,0,0,1,0,0
620870,2627,0,0,0,1,0
620922,2628,0,0,1,0,0
621027,2629,0,0,0,1,0
621156,2630,0,0,0,1,0
621265,2631,0,0,0,1,0
621374,2632,0,0,0,1,0
621508,2633,0,0,0,1,0
621615,2634,0,0,0,1,0
621721,2635,0,0,0,1,0
621836,2636,0,0,0,1,0
621882,2637,0,0,1,0,0
621887,2638,0,0,1,0,0
621964,2639,0,0,1,0,0
622066,2640,0,0,1,0,0
622100,2641,0,0,1,0,0
622168,2642,0,0,1,0,0
622272,2643,0,0,1,0,0
622389,2644,0,0,0,1,0
622431,2645,0,0,1,0,0
622547,2646,0,0,0,1,0
622632,2647,0,0,0,1,0
622728,2648,0,0,0,1,0
622742,2649,0,0,1,0,0
622850,2650,0,0,0,1,0
622953,2651,0,0,0,1,0
622994,2652,0,0,1,0,0
623112,2653,0,0,0,1,0
623116,2654,1,0,0,0,0
623248,2655,0,0,0,1,0
623357,2656,0,0,0,1,0
623369,2657,0,0,1,0,0
623407,2658,0,0,1,0,0
623520,2659,0,0,0,1,0
623595,2660,0,0,1,0,0
623628,2661,0,0,1,0,0
623727,2662,0,0,0,1,0
623813,2663,0,0,0,1,0
623913,2664,0,0,0,1,0
624039,2665,0,0,0,1,0
624131,2666,0,0,1,0,0
624134,2667,1,0,0,0,0
624199,2668,0,0,1,0,0
624332,2669,0,0,0,1,0
624422,2670,0,0,0,1,0
624531,2671,0,0,0,1,0
624633,2672,0,0,0,1,0
624740,2673,0,0,0,1,0
624891,2674,0,0,0,1,0
624919,2675,0,0,1,0,0
625000,2676,0,0,1,0,0
625100,2677,0,0,1,0,0
625228,2678,0,0,0,1,0
625230,2679,0,0,1,0,0
625352,2680,0,0,0,1,0
625439,2681,0,0,0,1,0
625545,2682,0,0,0,1,0
625570,2683,0,0,1,0,0
625659,2684,0,0,1,0,0
625787,2685,0,0,0,1,0
625817,2686,0,0,1,0,0
625906,2687,0,0,0,1,0
625993,2688,0,0,1,0,0
626116,2689,0,0,0,1,0
626226,2690,0,0,0,1,0
626256,2691,0,0,1,0,0
626369,2692,0,0,1,0,0
626393,2693,0,0,1,0,0
626424,2694,0,0,1,0,0
626520,2695,0,0,0,1,0
626617,2696,0,0,0,1,0
626747,2697,0,0,0,1,0
626800,2698,0,0,1,0,0
626843,2699,0,0,1,0,0
626921,2700,0,0,1,0,0
627019,2701,0,0,0,1,0
627111,2702,0,0,0,1,0
627201,2703,0,0,0,1,0
627218,2704,0,0,1,0,0
627277,2705,0,0,1,0,0
627393,2706,0,0,0,1,0
627451,2707,0,0,1,0,0
627496,2708,0,0,1,0,0
627610,2709,0,0,0,1,0
627707,2710,0,0,0,1,0
627837,2711,0,0,0,1,0
627930,2712,0,0,0,1,0
628029,2713,0,0,0,1,0
628037,2714,0,0,1,0,0
628120,2715,0,0,0,1,0
628228,2716,0,0,1,0,0
628231,2717,0,0,1,0,0
628368,2718,0,0,0,1,0
628469,2719,0,0,1,0,0
628559,2720,0,0,0,1,0
628656,2721,0,0,0,1,0
628759,2722,0,0,0,1,0
628868,2723,0,0,0,1,0
628955,2724,0,0,1,0,0
629039,2725,0,0,1,0,0
629160,2726,0,0,0,1,0
629254,2727,0,0,0,1,0
629286,2728,0,0,1,0,0
629290,2729,1,0,0,0,0
629408,2730,0,0,0,1,0
629542,2731,0,0,0,1,0
629642,2732,0,0,0,1,0
629743,2733,0,0,0,1,0
629836,2734,0,0,0,1,0
629909,2735,0,0,1,0,0
630003,2736,0,0,1,0,0
630036,2737,0,0,1,0,0
630160,2738,0,0,0,1,0
630279,2739,0,0,0,1,0
630339,2740,0,0,1,0,0
630376,2741,0,0,1,0,0
630428,2742,0,0,1,0,0
630544,2743,0,0,0,1,0
630653,2744,0,0,0,1,0
630774,2745,0,0,0,1,0
630894,2746,0,0,0,1,0
631014,2747,0,0,0,1,0
631119,2748,0,0,0,1,0
631228,2749,0,0,0,1,0
631307,2750,0,0,0,1,0
631411,2751,0,0,0,1,0
631526,2752,0,0,0,1,0
631629,2753,0,0,0,1,0
631632,2754,0,0,1,0,0
631727,2755,0,0,0,1,0
631739,2756,0,0,1,0,0
631832,2757,0,0,0,1,0
631969,2758,0,0,0,1,0
631988,2759,0,0,1,0,0
632126,2760,0,0,0,1,0
632142,2761,0,0,1,0,0
632234,2762,0,0,1,0,0
632313,2763,0,0,1,0,0
632373,2764,0,0,1,0,0
632494,2765,0,0,0,1,0
632522,2766,0,0,1,0,0
632622,2767,0,0,0,1,0
632728,2768,0,0,0,1,0
632775,2769,0,0,1,0,0
632893,2770,0,0,0,1,0
632996,2771,0,0,0,1,0
633136,2772,0,0,0,1,0
633247,2773,0,0,0,1,0
633351,2774,0,0,0,1,0
633364,2775,0,0,1,0,0
633388,2776,0,0,1,0,0
633452,2777,0,0,1,0,0
633470,2778,0,0,1,0,0
633496,2779,0,0,1,0,0
633608,2780,0,0,0,1,0
633706,2781,0,0,0,1,0
633714,2782,0,0,1,0,0
633802,2783,0,0,1,0,0
633907,2784,0,0,0,1,0
634020,2785,0,0,0,1,0
634128,2786,0,0,1,0,0
634180,2787,0,0,1,0,0
634310,2788,0,0,0,1,0
634400,2789,0,0,0,1,0
634497,2790,0,0,0,1,0
634583,2791,0,0,0,1,0
634710,2792,0,0,0,1,0
634821,2793,0,0,0,1,0
634917,2794,0,0,0,1,0
635037,2795,0,0,0,1,0
635073,2796,0,0,1,0,0
635184,2797,0,0,0,1,0
635192,2798,0,0,1,0,0
635327,2799,0,0,0,1,0
635466,2800,0,0,0,1,0
635559,2801,0,0,0,1,0
635660,2802,0,0,0,1,0
635745,2803,0,0,1,0,0
635875,2804,0,0,0,1,0
635922,2805,0,0,1,0,0
636008,2806,0,0,1,0,0
636091,2807,0,0,0,1,0
636197,2808,0,0,0,1,0
636319,2809,0,0,0,1,0
636436,2810,0,0,0,1,0
636543,2811,0,0,0,1,0
636557,2812,0,0,1,0,0
636620,2813,0,0,1,0,0
636670,2814,0,0,1,0,0
636772,2815,0,0,0,1,0
636789,2816,0,0,1,0,0
636913,2817,0,0,1,0,0
637000,2818,0,0,1,0,0
637116,2819,0,0,0,1,0
637147,2820,0,0,1,0,0
637222,2821,0,0,1,0,0
637241,2822,0,0,1,0,0
637291,2823,0,0,1,0,0
637307,2824,0,0,1,0,0
637325,2825,0,0,1,0,0
637422,2826,0,0,0,1,0
637498,2827,0,0,1,0,0
637530,2828,0,0,1,0,0
637639,2829,0,0,0,1,0
637667,2830,0,0,1,0,0
637668,2831,1,0,0,0,0
637681,2832,0,0,1,0,0
637769,2833,0,0,0,1,0
637887,2834,0,0,0,1,0
637985,2835,0,0,0,1,0
638109,2836,0,0,0,1,0
638135,2837,0,0,1,0,0
638227,2838,0,0,0,1,0
638341,2839,0,0,0,1,0
638403,2840,0,0,1,0,0
638444,2841,0,0,1,0,0
638541,2842,0,0,0,1,0
638544,2843,0,0,1,0,0
638676,2844,0,0,0,1,0
638698,2845,0,0,1,0,0
638805,2846,0,0,0,1,0
638855,2847,0,0,1,0,0
638969,2848,0,0,1,0,0
639060,2849,0,0,0,1,0
639176,2850,0,0,0,1,0
639209,2851,0,0,1,0,0
639268,2852,0,0,1,0,0
639403,2853,0,0,0,1,0
639510,2854,0,0,0,1,0
639602,2855,0,0,0,1,0
639646,2856,0,0,1,0,0
639712,2857,0,0,1,0,0
639748,2858,0,0,1,0,0
639787,2859,0,0,1,0,0
639792,2860,0,0,1,0,0
639867,2861,0,0,1,0,0
639890,2862,0,0,1,0,0
639942,2863,0,0,1,0,0
640027,2864,0,0,0,1,0
640053,2865,0,0,1,0,0
640143,2866,0,0,0,1,0
640280,2867,0,0,0,1,0
640372,2868,0,0,0,1,0
640400,2869,0,0,1,0,0
640402,2870,0,0,1,0,0
640504,2871,0,0,0,1,0
640613,2872,0,0,0,1,0
640713,2873,0,0,0,1,0
640790,2874,0,0,1,0,0
640827,2875,0,0,1,0,0
640863,2876,0,0,1,0,0
640864,2877,0,0,1,0,0
640979,2878,0,0,0,1,0
641018,2879,0,0,1,0,0
641108,2880,0,0,0,1,0
641219,2881,0,0,0,1,0
641340,2882,0,0,1,0,0
641424,2883,0,0,1,0,0
641483,2884,0,0,1,0,0
641586,2885,0,0,0,1,0
641699,2886,0,0,1,0,0
641719,2887,0,0,1,0,0
641803,2888,0,0,0,1,0
641912,2889,0,0,0,1,0
641966,2890,0,0,1,0,0
642086,2891,0,0,0,1,0
642179,2892,0,0,0,1,0
642186,2893,0,0,1,0,0
642285,2894,0,0,0,1,0
642400,2895,0,0,0,1,0
642489,2896,0,0,0,1,0
642556,2897,0,0,1,0,0
642585,2898,0,0,1,0,0
642702,2899,0,0,0,1,0
642791,2900,0,0,0,1,0
642922,2901,0,0,0,1,0
643023,2902,0,0,0,1,0
643137,2903,0,0,0,1,0
643239,2904,0,0,0,1,0
643297,2905,0,0,1,0,0
643422,2906,0,0,0,1,0
643434,2907,0,0,1,0,0
643491,2908,0,0,1,0,0
643534,2909,0,0,1,0,0
643639,2910,0,0,0,1,0
643739,2911,0,0,0,1,0
643816,2912,0,0,1,0,0
643878,2913,0,0,1,0,0
643992,2914,0,0,0,1,0
644094,2915,0,0,0,1,0
644100,2916,0,0,1,0,0
644152,2917,0,0,1,0,0
644236,2918,0,0,1,0,0
644362,2919,0,0,0,1,0
644489,2920,0,0,0,1,0
644592,2921,0,0,0,1,0
644691,2922,0,0,0,1,0
644779,2923,0,0,0,1,0
644893,2924,0,0,0,1,0
644978,2925,0,0,1,0,0
645033,2926,0,0,1,0,0
645034,2927,0,0,1,0,0
645159,2928,0,0,0,1,0
645161,2929,0,0,1,0,0
645271,2930,0,0,0,1,0
645298,2931,0,0,1,0,0
645366,2932,0,0,1,0,0
645429,2933,0,0,1,0,0
645528,2934,0,0,0,1,0
645671,2935,0,0,0,1,0
645781,2936,0,0,0,1,0
645907,2937,0,0,0,1,0
645995,2938,0,0,0,1,0
646088,2939,0,0,0,1,0
646182,2940,0,0,0,1,0
646286,2941,0,0,0,1,0
646340,2942,0,0,1,0,0
646458,2943,0,0,0,1,0
646567,2944,0,0,0,1,0
646667,2945,0,0,0,1,0
646764,2946,0,0,0,1,0
646769,2947,0,0,1,0,0
646855,2948,0,0,0,1,0
646982,2949,0,0,0,1,0
647106,2950,0,0,0,1,0
647212,2951,0,0,0,1,0
647253,2952,0,0,1,0,0
647348,2953,0,0,0,1,0
647349,2954,0,0,1,0,0
647459,2955,0,0,0,1,0
647584,2956,0,0,0,1,0
647693,2957,0,0,0,1,0
647809,2958,0,0,0,1,0
647909,2959,0,0,0,1,0
648019,2960,0,0,0,1,0
648106,2961,0,0,0,1,0
648196,2962,0,0,0,1,0
648285,2963,0,0,0,1,0
648326,2964,0,0,1,0,0
648426,2965,0,0,0,1,0
648539,2966,0,0,0,1,0
648654,2967,0,0,0,1,0
648753,2968,0,0,0,1,0
648870,2969,0,0,0,1,0
648931,2970,0,0,1,0,0
649049,2971,0,0,0,1,0
649175,2972,0,0,0,1,0
649260,2973,0,0,1,0,0
649369,2974,0,0,0,1,0
649491,2975,0,0,0,1,0
649609,2976,0,0,0,1,0
649646,2977,0,0,1,0,0
649709,2978,0,0,1,0,0
649828,2979,0,0,0,1,0
649961,2980,0,0,0,1,0
650089,2981,0,0,0,1,0
650179,2982,0,0,1,0,0
650299,2983,0,0,0,1,0
650410,2984,0,0,0,1,0
650496,2985,0,0,0,1,0
650518,2986,0,0,1,0,0
650624,2987,0,0,0,1,0
650719,2988,0,0,0,1,0
650827,2989,0,0,0,1,0
650927,2990,0,0,1,0,0
650979,2991,0,0,1,0,0
651111,2992,0,0,0,1,0
651151,2993,0,0,1,0,0
651274,2994,0,0,0,1,0
651421,2995,0,0,0,1,0
651493,2996,0,0,1,0,0
651559,2997,0,0,1,0,0
651604,2998,0,0,1,0,0
651620,2999,0,0,1,0,0
651695,3000,0,0,1,0,0
651708,3001,0,0,1,0,0
651825,3002,0,0,0,1,0
651849,3003,0,0,1,0,0
651985,3004,0,0,0,1,0
652109,3005,0,0,0,1,0
652174,3006,0,0,1,0,0
652272,3007,0,0,0,1,0
652381,3008,0,0,0,1,0
652418,3009,0,0,1,0,0
652550,3010,0,0,0,1,0
652637,3011,0,0,0,1,0
652733,3012,0,0,0,1,0
652832,3013,0,0,0,1,0
652874,3014,0,0,1,0,0
652994,3015,0,0,0,1,0
652997,3016,0,0,1,0,0
653105,3017,0,0,0,1,0
653230,3018,0,0,0,1,0
653350,3019,0,0,0,1,0
653457,3020,0,0,0,1,0
653462,3021,0,0,1,0,0
653481,3022,0,0,1,0,0
653544,3023,0,0,1,0,0
653679,3024,0,0,0,1,0
653778,3025,0,0,0,1,0
653899,3026,0,0,0,1,0
653907,3027,0,0,1,0,0
653996,3028,0,0,0,1,0
654090,3029,0,0,0,1,0
654213,3030,0,0,0,1,0
654305,3031,0,0,0,1,0
654363,3032,0,0,1,0,0
654455,3033,0,0,0,1,0
654551,3034,0,0,0,1,0
654668,3035,0,0,1,0,0
654793,3036,0,0,0,1,0
654913,3037,0,0,0,1,0
655016,3038,0,0,0,1,0
655148,3039,0,0,0,1,0
655278,3040,0,0,0,1,0
655368,3041,0,0,0,1,0
655472,3042,0,0,0,1,0
655534,3043,0,0,1,0,0
655661,3044,0,0,0,1,0
655789,3045,0,0,0,1,0
655917,3046,0,0,0,1,0
655941,3047,0,0,1,0,0
655982,3048,0,0,1,0,0
656089,3049,0,0,0,1,0
656184,3050,0,0,0,1,0
656274,3051,0,0,0,1,0
656394,3052,0,0,0,1,0
656501,3053,0,0,0,1,0
656600,3054,0,0,0,1,0
656736,3055,0,0,0,1,0
656755,3056,0,0,1,0,0
656844,3057,0,0,0,1,0
656885,3058,0,0,1,0,0
656976,3059,0,0,0,1,0
657088,3060,0,0,0,1,0
657190,3061,0,0,1,0,0
657292,3062,0,0,1,0,0
657430,3063,0,0,0,1,0
657510,3064,0,0,1,0,0
657616,3065,0,0,0,1,0
657719,3066,0,0,0,1,0
657845,3067,0,0,0,1,0
657952,3068,0,0,0,1,0
658059,3069,0,0,0,1,0
658165,3070,0,0,0,1,0
658281,3071,0,0,0,1,0
658311,3072,0,0,1,0,0
658359,3073,0,0,1,0,0
658482,3074,0,0,0,1,0
658504,3075,0,0,1,0,0
658521,3076,0,0,1,0,0
658606,3077,0,0,0,1,0
658644,3078,0,0,1,0,0
658760,3079,0,0,0,1,0
658773,3080,0,0,1,0,0
658872,3081,0,0,1,0,0
658992,3082,0,0,0,1,0
659036,3083,0,0,1,0,0
659144,3084,0,0,0,1,0
659263,3085,0,0,0,1,0
659355,3086,0,0,1,0,0
659444,3087,0,0,1,0,0
659530,3088,0,0,0,1,0
659660,3089,0,0,0,1,0
659760,3090,0,0,0,1,0
659782,3091,0,0,1,0,0
659785,3092,0,0,1,0,0
659826,3093,0,0,1,0,0
659949,3094,0,0,0,1,0
659962,3095,0,0,1,0,0
660073,3096,0,0,0,1,0
660183,3097,0,0,0,1,0
660275,3098,0,0,0,1,0
660302,3099,0,0,1,0,0
660400,3100,0,0,0,1,0
660508,3101,0,0,0,1,0
660622,3102,0,0,0,1,0
660632,3103,0,0,1,0,0
660669,3104,0,0,1,0,0
660686,3105,0,0,1,0,0
660781,3106,0,0,0,1,0
660895,3107,0,0,0,1,0
661013,3108,0,0,0,1,0
661020,3109,0,0,1,0,0
661152,3110,0,0,0,1,0
661262,3111,0,0,0,1,0
661374,3112,0,0,0,1,0
661477,3113,0,0,0,1,0
661580,3114,0,0,0,1,0
661684,3115,0,0,1,0,0
661709,3116,0,0,1,0,0
661836,3117,0,0,0,1,0
661942,3118,0,0,1,0,0
662040,3119,0,0,0,1,0
662171,3120,0,0,0,1,0
662270,3121,0,0,0,1,0
662393,3122,0,0,0,1,0
662496,3123,0,0,0,1,0
662534,3124,0,0,1,0,0
662576,3125,0,0,1,0,0
662629,3126,0,0,1,0,0
662640,3127,0,0,1,0,0
662653,3128,0,0,1,0,0
662753,3129,0,0,0,1,0
662826,3130,0,0,1,0,0
662961,3131,0,0,0,1,0
663090,3132,0,0,0,1,0
663091,3133,0,0,1,0,0
663147,3134,0,0,1,0,0
663238,3135,0,0,0,1,0
663364,3136,0,0,0,1,0
663400,3137,0,0,1,0,0
663520,3138,0,0,0,1,0
663522,3139,0,0,1,0,0
663558,3140,0,0,1,0,0
663647,3141,0,0,0,1,0
663736,3142,0,0,0,1,0
663739,3143,1,0,0,0,0
663865,3144,0,0,0,1,0
663957,3145,0,0,0,1,0
663988,3146,0,0,1,0,0
664077,3147,0,0,0,1,0
664148,3148,0,0,1,0,0
664294,3149,0,0,0,1,0
664374,3150,0,0,0,1,0
664500,3151,0,0,0,1,0
664537,3152,0,0,1,0,0
664653,3153,0,0,0,1,0
664701,3154,0,0,1,0,0
664803,3155,0,0,0,1,0
664853,3156,0,0,1,0,0
664966,3157,0,0,0,1,0
665057,3158,0,0,0,1,0
665168,3159,0,0,0,1,0
665181,3160,0,0,1,0,0
665275,3161,0,0,0,1,0
665322,3162,0,0,1,0,0
665325,3163,0,0,1,0,0
665429,3164,0,0,0,1,0
665518,3165,0,0,0,1,0
665605,3166,0,0,1,0,0
665696,3167,0,0,0,1,0
665842,3168,0,0,0,1,0
665961,3169,0,0,0,1,0
666032,3170,0,0,1,0,0
666136,3171,0,0,0,1,0
666263,3172,0,0,0,1,0
666352,3173,0,0,0,1,0
666471,3174,0,0,0,1,0
666565,3175,0,0,0,1,0
666581,3176,0,0,1,0,0
666681,3177,0,0,1,0,0
666744,3178,0,0,1,0,0
666875,3179,0,0,0,1,0
666943,3180,0,0,1,0,0
667064,3181,0,0,0,1,0
667156,3182,0,0,0,1,0
667275,3183,0,0,0,1,0
667391,3184,0,0,0,1,0
667520,3185,0,0,0,1,0
667624,3186,0,0,0,1,0
667724,3187,0,0,0,1,0
667888,3188,0,0,0,1,0
667918,3189,0,0,1,0,0
667951,3190,0,0,1,0,0
668008,3191,0,0,1,0,0
668109,3192,0,0,0,1,0
668252,3193,0,0,0,1,0
668355,3194,0,0,0,1,0
668377,3195,0,0,1,0,0
668473,3196,0,0,0,1,0
668581,3197,0,0,0,1,0
668622,3198,0,0,1,0,0
668744,3199,0,0,0,1,0
668823,3200,0,0,1,0,0
668958,3201,0,0,0,1,0
669051,3202,0,0,0,1,0
669146,3203,0,0,0,1,0
669259,3204,0,0,0,1,0
669345,3205,0,0,0,1,0
669445,3206,0,0,0,1,0
669524,3207,0,0,1,0,0
669601,3208,0,0,1,0,0
669664,3209,0,0,1,0,0
669783,3210,0,0,1,0,0
669885,3211,0,0,0,1,0
669991,3212,0,0,0,1,0
670077,3213,0,0,0,1,0
670153,3214,0,0,1,0,0
670275,3215,0,0,0,1,0
670382,3216,0,0,0,1,0
670482,3217,0,0,0,1,0
670573,3218,0,0,1,0,0
670714,3219,0,0,0,1,0
670719,3220,0,0,1,0,0
670834,3221,0,0,0,1,0
670860,3222,0,0,1,0,0
670909,3223,0,0,1,0,0
670997,3224,0,0,0,1,0
671020,3225,0,0,1,0,0
671113,3226,0,0,0,1,0
671220,3227,0,0,0,1,0
671303,3228,0,0,1,0,0
671391,3229,0,0,0,1,0
671490,3230,0,0,0,1,0
671597,3231,0,0,0,1,0
671701,3232,0,0,1,0,0
671824,3233,0,0,1,0,0
671932,3234,0,0,0,1,0
672027,3235,0,0,0,1,0
672059,3236,0,0,1,0,0
672176,3237,0,0,0,1,0
672225,3238,0,0,1,0,0
672227,3239,1,0,0,0,0
672323,3240,0,0,0,1,0
672399,3241,0,0,0,1,0
672512,3242,0,0,0,1,0
672638,3243,0,0,0,1,0
672719,3244,0,0,1,0,0
672721,3245,0,0,1,0,0
672811,3246,0,0,0,1,0
672851,3247,0,0,1,0,0
672968,3248,0,0,0,1,0
672994,3249,0,0,1,0,0
673090,3250,0,0,0,1,0
673199,3251,0,0,0,1,0
673317,3252,0,0,0,1,0
673342,3253,0,0,1,0,0
673454,3254,0,0,0,1,0
673477,3255,0,0,1,0,0
673598,3256,0,0,0,1,0
673614,3257,0,0,1,0,0
673662,3258,0,0,1,0,0
673688,3259,0,0,1,0,0
673782,3260,0,0,0,1,0
673913,3261,0,0,0,1,0
674053,3262,0,0,0,1,0
674100,3263,0,0,1,0,0
674212,3264,0,0,0,1,0
674337,3265,0,0,0,1,0
674419,3266,0,0,0,1,0
674533,3267,0,0,0,1,0
674633,3268,0,0,0,1,0
674759,3269,0,0,0,1,0
674847,3270,0,0,0,1,0
674957,3271,0,0,0,1,0
675102,3272,0,0,0,1,0
675189,3273,0,0,1,0,0
675191,3274,0,0,1,0,0
675248,3275,0,0,1,0,0
675296,3276,0,0,1,0,0
675421,3277,0,0,0,1,0
675518,3278,0,0,0,1,0
675533,3279,0,0,1,0,0
675646,3280,0,0,0,1,0
675747,3281,0,0,0,1,0
675883,3282,0,0,0,1,0
675998,3283,0,0,0,1,0
676117,3284,0,0,1,0,0
676221,3285,0,0,0,1,0
676341,3286,0,0,0,1,0
676362,3287,0,0,1,0,0
676380,3288,0,0,1,0,0
676482,3289,0,0,0,1,0
676614,3290,0,0,0,1,0
676714,3291,0,0,0,1,0
676834,3292,0,0,0,1,0
676954,3293,0,0,0,1,0
676986,3294,0,0,1,0,0
677085,3295,0,0,0,1,0
677185,3296,0,0,0,1,0
677215,3297,0,0,1,0,0
677311,3298,0,0,0,1,0
677409,3299,0,0,0,1,0
677477,3300,0,0,1,0,0
677593,3301,0,0,0,1,0
677607,3302,0,0,1,0,0
677723,3303,0,0,0,1,0
677814,3304,0,0,0,1,0
677918,3305,0,0,0,1,0
678038,3306,0,0,0,1,0
678080,3307,0,0,1,0,0
678167,3308,0,0,0,1,0
678250,3309,0,0,0,1,0
678339,3310,0,0,0,1,0
678344,3311,0,0,1,0,0
678442,3312,0,0,0,1,0
678546,3313,0,0,0,1,0
678667,3314,0,0,0,1,0
678755,3315,0,0,0,1,0
678761,3316,0,0,1,0,0
678867,3317,0,0,0,1,0
678885,3318,0,0,1,0,0
678946,3319,0,0,1,0,0
678977,3320,0,0,1,0,0
679088,3321,0,0,0,1,0
679217,3322,0,0,0,1,0
679303,3323,0,0,1,0,0
679402,3324,0,0,0,1,0
679493,3325,0,0,0,1,0
679596,3326,0,0,0,1,0
679707,3327,0,0,0,1,0
679813,3328,0,0,0,1,0
679909,3329,0,0,0,1,0
680016,3330,0,0,0,1,0
680127,3331,0,0,0,1,0
680234,3332,0,0,0,1,0
680247,3333,0,0,1,0,0
680358,3334,0,0,0,1,0
680382,3335,0,0,1,0,0
680493,3336,0,0,0,1,0
680519,3337,0,0,1,0,0
680525,3338,0,0,1,0,0
680645,3339,0,0,0,1,0
680790,3340,0,0,0,1,0
680888,3341,0,0,0,1,0
680995,3342,0,0,0,1,0
681045,3343,0,0,1,0,0
681052,3344,0,0,1,0,0
681141,3345,0,0,0,1,0
681227,3346,0,0,1,0,0
681316,3347,0,0,1,0,0
681320,3348,0,0,1,0,0
681439,3349,0,0,0,1,0
681536,3350,0,0,0,1,0
681637,3351,0,0,0,1,0
681742,3352,0,0,0,1,0
681842,3353,0,0,0,1,0
681890,3354,0,0,1,0,0
681991,3355,0,0,0,1,0
682029,3356,0,0,1,0,0
682131,3357,0,0,1,0,0
682215,3358,0,0,1,0,0
682334,3359,0,0,0,1,0
682377,3360,0,0,1,0,0
682468,3361,0,0,0,1,0
682525,3362,0,0,1,0,0
682638,3363,0,0,0,1,0
682770,3364,0,0,0,1,0
682886,3365,0,0,0,1,0
682980,3366,0,0,0,1,0
683069,3367,0,0,0,1,0
683109,3368,0,0,1,0,0
683223,3369,0,0,0,1,0
683335,3370,0,0,0,1,0
683444,3371,0,0,0,1,0
683493,3372,0,0,1,0,0
683560,3373,0,0,1,0,0
683686,3374,0,0,0,1,0
683770,3375,0,0,1,0,0
683884,3376,0,0,1,0,0
684010,3377,0,0,0,1,0
684113,3378,0,0,0,1,0
684150,3379,0,0,1,0,0
684293,3380,0,0,0,1,0
684375,3381,0,0,0,1,0
684400,3382,0,0,1,0,0
684503,3383,0,0,0,1,0
684632,3384,0,0,0,1,0
684755,3385,0,0,0,1,0
684849,3386,0,0,0,1,0
684943,3387,0,0,0,1,0
685079,3388,0,0,0,1,0
685188,3389,0,0,0,1,0
685207,3390,0,0,1,0,0
685312,3391,0,0,1,0,0
685457,3392,0,0,0,1,0
685558,3393,0,0,1,0,0
685680,3394,0,0,0,1,0
685737,3395,0,0,1,0,0
685761,3396,0,0,1,0,0
685859,3397,0,0,0,1,0
685963,3398,0,0,0,1,0
686081,3399,0,0,0,1,0
686212,3400,0,0,0,1,0
686285,3401,0,0,1,0,0
686419,3402,0,0,0,1,0
686422,3403,0,0,1,0,0
686447,3404,0,0,1,0,0
686498,3405,0,0,1,0,0
686625,3406,0,0,0,1,0
686690,3407,0,0,1,0,0
686803,3408,0,0,0,1,0
686928,3409,0,0,0,1,0
686969,3410,0,0,1,0,0
686989,3411,0,0,1,0,0
687115,3412,0,0,0,1,0
687192,3413,0,0,1,0,0
687289,3414,0,0,1,0,0
687343,3415,0,0,1,0,0
687441,3416,0,0,0,1,0
687458,3417,0,0,1,0,0
687558,3418,0,0,0,1,0
687652,3419,0,0,0,1,0
687759,3420,0,0,0,1,0
687843,3421,0,0,1,0,0
687973,3422,0,0,0,1,0
687983,3423,0,0,1,0,0
688114,3424,0,0,0,1,0
688252,3425,0,0,0,1,0
688406,3426,0,0,0,1,0
688441,3427,0,0,1,0,0
688551,3428,0,0,0,1,0
688608,3429,0,0,1,0,0
688726,3430,0,0,0,1,0
688747,3431,0,0,1,0,0
688845,3432,0,0,0,1,0
688934,3433,0,0,0,1,0
689051,3434,0,0,1,0,0
689056,3435,0,0,1,0,0
689165,3436,0,0,0,1,0
689186,3437,0,0,1,0,0
689304,3438,0,0,0,1,0
689329,3439,0,0,1,0,0
689430,3440,0,0,0,1,0
689515,3441,0,0,1,0,0
689539,3442,0,0,1,0,0
689551,3443,0,0,1,0,0
689655,3444,0,0,0,1,0
689775,3445,0,0,0,1,0
689868,3446,0,0,0,1,0
689987,3447,0,0,0,1,0
690117,3448,0,0,0,1,0
690217,3449,0,0,0,1,0
690332,3450,0,0,0,1,0
690459,3451,0,0,0,1,0
690584,3452,0,0,0,1,0
690618,3453,0,0,1,0,0
690686,3454,0,0,1,0,0
690805,3455,0,0,0,1,0
690871,3456,0,0,1,0,0
690960,3457,0,0,1,0,0
691065,3458,0,0,0,1,0
691188,3459,0,0,0,1,0
691314,3460,0,0,0,1,0
691412,3461,0,0,0,1,0
691483,3462,0,0,1,0,0
691593,3463,0,0,0,1,0
691625,3464,0,0,1,0,0
691716,3465,0,0,0,1,0
691824,3466,0,0,0,1,0
691856,3467,0,0,1,0,0
691894,3468,0,0,1,0,0
691919,3469,0,0,1,0,0
692035,3470,0,0,0,1,0
692130,3471,0,0,1,0,0
692207,3472,0,0,1,0,0
692218,3473,0,0,1,0,0
692337,3474,0,0,0,1,0
692437,3475,0,0,0,1,0
692535,3476,0,0,0,1,0
692538,3477,0,0,1,0,0
692660,3478,0,0,0,1,0
692772,3479,0,0,0,1,0
692890,3480,0,0,0,1,0
693014,3481,0,0,0,1,0
693148,3482,0,0,0,1,0
693211,3483,0,0,1,0,0
693316,3484,0,0,0,1,0
693448,3485,0,0,0,1,0
693579,3486,0,0,0,1,0
693580,3487,0,0,1,0,0
693721,3488,0,0,0,1,0
693817,3489,0,0,0,1,0
693915,3490,0,0,0,1,0
693999,3491,0,0,1,0,0
694084,3492,0,0,1,0,0
694168,3493,0,0,1,0,0
694279,3494,0,0,0,1,0
694383,3495,0,0,0,1,0
694512,3496,0,0,0,1,0
694602,3497,0,0,1,0,0
694710,3498,0,0,0,1,0
694817,3499,0,0,0,1,0
694897,3500,0,0,1,0,0
695030,3501,0,0,1,0,0
695156,3502,0,0,0,1,0
695206,3503,0,0,1,0,0
695306,3504,0,0,1,0,0
695336,3505,0,0,1,0,0
695453,3506,0,0,1,0,0
695475,3507,0,0,1,0,0
695594,3508,0,0,0,1,0
695713,3509,0,0,0,1,0
695804,3510,0,0,0,1,0
695931,3511,0,0,0,1,0
696044,3512,0,0,0,1,0
696164,3513,0,0,0,1,0
696260,3514,0,0,0,1,0
696313,3515,0,0,1,0,0
696406,3516,0,0,0,1,0
696423,3517,0,0,1,0,0
696546,3518,0,0,0,1,0
696663,3519,0,0,0,1,0
696698,3520,0,0,1,0,0
696808,3521,0,0,0,1,0
696854,3522,0,0,1,0,0
696965,3523,0,0,0,1,0
697072,3524,0,0,0,1,0
697172,3525,0,0,0,1,0
697212,3526,0,0,1,0,0
697263,3527,0,0,1,0,0
697390,3528,0,0,0,1,0
697487,3529,0,0,0,1,0
697579,3530,0,0,0,1,0
697719,3531,0,0,0,1,0
697775,3532,0,0,1,0,0
697884,3533,0,0,0,1,0
698003,3534,0,0,0,1,0
698087,3535,0,0,1,0,0
698200,3536,0,0,0,1,0
698230,3537,0,0,1,0,0
698243,3538,0,0,1,0,0
698309,3539,0,0,1,0,0
698417,3540,0,0,0,1,0
698548,3541,0,0,0,1,0
698647,3542,0,0,0,1,0
698741,3543,0,0,0,1,0
698843,3544,0,0,0,1,0
698969,3545,0,0,0,1,0
699104,3546,0,0,0,1,0
699195,3547,0,0,1,0,0
699300,3548,0,0,0,1,0
699334,3549,0,0,1,0,0
699346,3550,0,0,1,0,0
699479,3551,0,0,0,1,0
699571,3552,0,0,1,0,0
699628,3553,0,0,1,0,0
699725,3554,0,0,0,1,0
699814,3555,0,0,1,0,0
699903,3556,0,0,0,1,0
700022,3557,0,0,1,0,0
700152,3558,0,0,0,1,0
700177,3559,0,0,1,0,0
700278,3560,0,0,0,1,0
700404,3561,0,0,0,1,0
700447,3562,0,0,1,0,0
700575,3563,0,0,0,1,0
700654,3564,0,0,1,0,0
700695,3565,0,0,1,0,0
700792,3566,0,0,0,1,0
700882,3567,0,0,1,0,0
700941,3568,0,0,1,0,0
701052,3569,0,0,0,1,0
701176,3570,0,0,0,1,0
701294,3571,0,0,0,1,0
701328,3572,0,0,1,0,0
701457,3573,0,0,0,1,0
701577,3574,0,0,0,1,0
701689,3575,0,0,0,1,0
701825,3576,0,0,0,1,0
701868,3577,0,0,1,0,0
701980,3578,0,0,0,1,0
701986,3579,0,0,1,0,0
702113,3580,0,0,0,1,0
702226,3581,0,0,0,1,0
702327,3582,0,0,0,1,0
702447,3583,0,0,0,1,0
702558,3584,0,0,0,1,0
702680,3585,0,0,0,1,0
702745,3586,0,0,1,0,0
702839,3587,0,0,0,1,0
702900,3588,0,0,1,0,0
703001,3589,0,0,0,1,0
703135,3590,0,0,0,1,0
703215,3591,0,0,1,0,0
703330,3592,0,0,0,1,0
703413,3593,0,0,0,1,0
703500,3594,0,0,0,1,0
703616,3595,0,0,0,1,0
703720,3596,0,0,0,1,0
703819,3597,0,0,1,0,0
703915,3598,0,0,0,1,0
704040,3599,0,0,1,0,0
704162,3600,0,0,0,1,0
704272,3601,0,0,0,1,0
704360,3602,0,0,0,1,0
704391,3603,0,0,1,0,0
704472,3604,0,0,0,1,0
704491,3605,0,0,1,0,0
704610,3606,0,0,0,1,0
704702,3607,0,0,0,1,0
704785,3608,0,0,0,1,0
704899,3609,0,0,0,1,0
704989,3610,0,0,0,1,0
705106,3611,0,0,0,1,0
705134,3612,0,0,1,0,0
705259,3613,0,0,0,1,0
705354,3614,0,0,0,1,0
705425,3615,0,0,1,0,0
705515,3616,0,0,0,1,0
705581,3617,0,0,1,0,0
705612,3618,0,0,1,0,0
705719,3619,0,0,1,0,0
705829,3620,0,0,0,1,0
705928,3621,0,0,0,1,0
705976,3622,0,0,1,0,0
706053,3623,0,0,1,0,0
706171,3624,0,0,0,1,0
706292,3625,0,0,0,1,0
706389,3626,0,0,1,0,0
706417,3627,0,0,1,0,0
706520,3628,0,0,0,1,0
706589,3629,0,0,1,0,0
706718,3630,0,0,0,1,0
706724,3631,0,0,1,0,0
706770,3632,0,0,1,0,0
706903,3633,0,0,0,1,0
706970,3634,0,0,1,0,0
707082,3635,0,0,0,1,0
707186,3636,0,0,0,1,0
707265,3637,0,0,1,0,0
707364,3638,0,0,0,1,0
707468,3639,0,0,0,1,0
707537,3640,0,0,1,0,0
707665,3641,0,0,0,1,0
707793,3642,0,0,0,1,0
707824,3643,0,0,1,0,0
707925,3644,0,0,1,0,0
707955,3645,0,0,1,0,0
708081,3646,0,0,0,1,0
708132,3647,0,0,1,0,0
708138,3648,0,0,1,0,0
708269,3649,0,0,0,1,0
708372,3650,0,0,1,0,0
708491,3651,0,0,0,1,0
708602,3652,0,0,0,1,0
708731,3653,0,0,0,1,0
708838,3654,0,0,0,1,0
708954,3655,0,0,0,1,0
709055,3656,0,0,1,0,0
709169,3657,0,0,0,1,0
709270,3658,0,0,0,1,0
709386,3659,0,0,0,1,0
709391,3660,0,0,1,0,0
709504,3661,0,0,0,1,0
709617,3662,0,0,0,1,0
709713,3663,0,0,0,1,0
709818,3664,0,0,0,1,0
709915,3665,0,0,0,1,0
709917,3666,0,0,1,0,0
710026,3667,0,0,0,1,0
710152,3668,0,0,0,1,0
710278,3669,0,0,0,1,0
710375,3670,0,0,1,0,0
710383,3671,0,0,1,0,0
710510,3672,0,0,0,1,0
710527,3673,0,0,1,0,0
710546,3674,0,0,1,0,0
710625,3675,0,0,1,0,0
710630,3676,0,0,1,0,0
710768,3677,0,0,0,1,0
710864,3678,0,0,1,0,0
710895,3679,0,0,1,0,0
710986,3680,0,0,0,1,0
711070,3681,0,0,0,1,0
711166,3682,0,0,0,1,0
711268,3683,0,0,0,1,0
711275,3684,0,0,1,0,0
711389,3685,0,0,0,1,0
711519,3686,0,0,0,1,0
711648,3687,0,0,0,1,0
711776,3688,0,0,0,1,0
711899,3689,0,0,0,1,0
712006,3690,0,0,0,1,0
712128,3691,0,0,0,1,0
712234,3692,0,0,0,1,0
712323,3693,0,0,0,1,0
712413,3694,0,0,0,1,0
712540,3695,0,0,0,1,0
712548,3696,0,0,1,0,0
712652,3697,0,0,0,1,0
712780,3698,0,0,0,1,0
712792,3699,0,0,1,0,0
712901,3700,0,0,1,0,0
712973,3701,0,0,1,0,0
713020,3702,0,0,1,0,0
713052,3703,0,0,1,0,0
713150,3704,0,0,0,1,0
713262,3705,0,0,0,1,0
713286,3706,0,0,1,0,0
713405,3707,0,0,0,1,0
713518,3708,0,0,0,1,0
713537,3709,0,0,1,0,0
713643,3710,0,0,1,0,0
713745,3711,0,0,0,1,0
713777,3712,0,0,1,0,0
713806,3713,0,0,1,0,0
713898,3714,0,0,1,0,0
714006,3715,0,0,0,1,0
714009,3716,0,0,1,0,0
714056,3717,0,0,1,0,0
714151,3718,0,0,1,0,0
714166,3719,0,0,1,0,0
714278,3720,0,0,0,1,0
714351,3721,0,0,1,0,0
714374,3722,0,0,1,0,0
714448,3723,0,0,1,0,0
714449,3724,0,0,1,0,0
714547,3725,0,0,1,0,0
714643,3726,0,0,0,1,0
714757,3727,0,0,0,1,0
714872,3728,0,0,0,1,0
715012,3729,0,0,0,1,0
715130,3730,0,0,0,1,0
715254,3731,0,0,0,1,0
715312,3732,0,0,1,0,0
715414,3733,0,0,0,1,0
715537,3734,0,0,0,1,0
715642,3735,0,0,0,1,0
715652,3736,0,0,1,0,0
715776,3737,0,0,0,1,0
715874,3738,0,0,0,1,0
715976,3739,0,0,0,1,0
716109,3740,0,0,0,1,0
716236,3741,0,0,1,0,0
716239,3742,0,0,1,0,0
716246,3743,0,0,1,0,0
716338,3744,0,0,0,1,0
716455,3745,0,0,0,1,0
716495,3746,0,0,1,0,0
716503,3747,0,0,1,0,0
716605,3748,0,0,1,0,0
716707,3749,0,0,1,0,0
716825,3750,0,0,0,1,0
716924,3751,0,0,0,1,0
716993,3752,0,0,1,0,0
717098,3753,0,0,0,1,0
717157,3754,0,0,1,0,0
717254,3755,0,0,0,1,0
717307,3756,0,0,1,0,0
717405,3757,0,0,0,1,0
717417,3758,0,0,1,0,0
717458,3759,0,0,1,0,0
717586,3760,0,0,0,1,0
717705,3761,0,0,0,1,0
717795,3762,0,0,0,1,0
717922,3763,0,0,1,0,0
718026,3764,0,0,0,1,0
718113,3765,0,0,1,0,0
718234,3766,0,0,0,1,0
718265,3767,0,0,1,0,0
718382,3768,0,0,0,1,0
718525,3769,0,0,0,1,0
718640,3770,0,0,0,1,0
718707,3771,0,0,1,0,0
718728,3772,0,0,1,0,0
718814,3773,0,0,0,1,0
718921,3774,0,0,1,0,0
719036,3775,0,0,0,1,0
719169,3776,0,0,1,0,0
719258,3777,0,0,0,1,0
719333,3778,0,0,1,0,0
719340,3779,0,0,1,0,0
719413,3780,0,0,1,0,0
719513,3781,0,0,0,1,0
719627,3782,0,0,0,1,0
719721,3783,0,0,0,1,0
719825,3784,0,0,0,1,0
719912,3785,0,0,0,1,0
720006,3786,0,0,0,1,0
720112,3787,0,0,0,1,0
720212,3788,0,0,0,1,0
720299,3789,0,0,1,0,0
720336,3790,0,0,1,0,0
720440,3791,0,0,0,1,0
720516,3792,0,0,0,1,0
720615,3793,0,0,0,1,0
720704,3794,0,0,0,1,0
720807,3795,0,0,0,1,0
720844,3796,0,0,1,0,0
720946,3797,0,0,0,1,0
721045,3798,0,0,0,1,0
721054,3799,0,0,1,0,0
721158,3800,0,0,0,1,0
721263,3801,0,0,0,1,0
721321,3802,0,0,1,0,0
721382,3803,0,0,1,0,0
721508,3804,0,0,0,1,0
721615,3805,0,0,0,1,0
721701,3806,0,0,1,0,0
721748,3807,0,0,1,0,0
721808,3808,0,0,1,0,0
721873,3809,0,0,1,0,0
721967,3810,0,0,0,1,0
721980,3811,0,0,1,0,0
722054,3812,0,0,0,1,0
722147,3813,0,0,1,0,0
722230,3814,0,0,1,0,0
722235,3815,0,0,1,0,0
722311,3816,0,0,0,1,0
722357,3817,0,0,1,0,0
722452,3818,0,0,0,1,0
722521,3819,0,0,0,1,0
722523,3820,0,0,1,0,0
722628,3821,0,0,0,1,0
722745,3822,0,0,0,1,0
722848,3823,0,0,0,1,0
722860,3824,0,0,1,0,0
722968,3825,0,0,0,1,0
722983,3826,0,0,1,0,0
723009,3827,0,0,1,0,0
723133,3828,0,0,0,1,0
723183,3829,0,0,1,0,0
723281,3830,0,0,0,1,0
723305,3831,0,0,1,0,0
723381,3832,0,0,1,0,0
723505,3833,0,0,0,1,0
723558,3834,0,0,1,0,0
723657,3835,0,0,0,1,0
723786,3836,0,0,0,1,0
723880,3837,0,0,0,1,0
723920,3838,0,0,1,0,0
723995,3839,0,0,1,0,0
724078,3840,0,0,1,0,0
724205,3841,0,0,0,1,0
724348,3842,0,0,0,1,0
724468,3843,0,0,0,1,0
724600,3844,0,0,0,1,0
724638,3845,0,0,1,0,0
724720,3846,0,0,1,0,0
724857,3847,0,0,0,1,0
724946,3848,0,0,0,1,0
725062,3849,0,0,0,1,0
725169,3850,0,0,0,1,0
725181,3851,0,0,1,0,0
725245,3852,0,0,1,0,0
725268,3853,0,0,1,0,0
725375,3854,0,0,0,1,0
725479,3855,0,0,1,0,0
725586,3856,0,0,0,1,0
725672,3857,0,0,0,1,0
725766,3858,0,0,0,1,0
725818,3859,0,0,1,0,0
725929,3860,0,0,0,1,0
726045,3861,0,0,0,1,0
726148,3862,0,0,0,1,0
726184,3863,0,0,1,0,0
726293,3864,0,0,0,1,0
726411,3865,0,0,0,1,0
726548,3866,0,0,0,1,0
726646,3867,0,0,0,1,0
726733,3868,0,0,0,1,0
726768,3869,0,0,1,0,0
726874,3870,0,0,1,0,0
726897,3871,0,0,1,0,0
727016,3872,0,0,0,1,0
727115,3873,0,0,0,1,0
727234,3874,0,0,0,1,0
727300,3875,0,0,1,0,0
727416,3876,0,0,0,1,0
727533,3877,0,0,0,1,0
727642,3878,0,0,0,1,0
727748,3879,0,0,0,1,0
727786,3880,0,0,1,0,0
727874,3881,0,0,0,1,0
727972,3882,0,0,0,1,0
727982,3883,0,0,1,0,0
728096,3884,0,0,0,1,0
728104,3885,0,0,1,0,0
728198,3886,0,0,0,1,0
728303,3887,0,0,0,1,0
728371,3888,0,0,1,0,0
728490,3889,0,0,0,1,0
728581,3890,0,0,0,1,0
728699,3891,0,0,1,0,0
728785,3892,0,0,1,0,0
728810,3893,0,0,1,0,0
728924,3894,0,0,0,1,0
729025,3895,0,0,0,1,0
729141,3896,0,0,0,1,0
729267,3897,0,0,0,1,0
729373,3898,0,0,0,1,0
729489,3899,0,0,0,1,0
729524,3900,0,0,1,0,0
729637,3901,0,0,0,1,0
729726,3902,0,0,0,1,0
729762,3903,0,0,1,0,0
729877,3904,0,0,1,0,0
729886,3905,0,0,1,0,0
729937,3906,0,0,1,0,0
730068,3907,0,0,0,1,0
730185,3908,0,0,0,1,0
730191,3909,0,0,1,0,0
730237,3910,0,0,1,0,0
730348,3911,0,0,0,1,0
730454,3912,0,0,0,1,0
730570,3913,0,0,0,1,0
730629,3914,0,0,1,0,0
730719,3915,0,0,0,1,0
730821,3916,0,0,0,1,0
730885,3917,0,0,1,0,0
731004,3918,0,0,0,1,0
731101,3919,0,0,0,1,0
731178,3920,0,0,1,0,0
731305,3921,0,0,0,1,0
731310,3922,0,0,1,0,0
731410,3923,0,0,1,0,0
731466,3924,0,0,1,0,0
731594,3925,0,0,0,1,0
731687,3926,0,0,0,1,0
731722,3927,0,0,1,0,0
731807,3928,0,0,1,0,0
731908,3929,0,0,0,1,0
731975,3930,0,0,1,0,0
732071,3931,0,0,0,1,0
732187,3932,0,0,0,1,0
732297,3933,0,0,0,1,0
732317,3934,0,0,1,0,0
732394,3935,0,0,1,0,0
732479,3936,0,0,1,0,0
732572,3937,0,0,0,1,0
732701,3938,0,0,0,1,0
732830,3939,0,0,0,1,0
732892,3940,0,0,1,0,0
732993,3941,0,0,0,1,0
733100,3942,0,0,0,1,0
733133,3943,0,0,1,0,0
733226,3944,0,0,1,0,0
733336,3945,0,0,0,1,0
733444,3946,0,0,0,1,0
733483,3947,0,0,1,0,0
733485,3948,0,0,1,0,0
733499,3949,0,0,1,0,0
733589,3950,0,0,0,1,0
733673,3951,0,0,0,1,0
733813,3952,0,0,0,1,0
733922,3953,0,0,0,1,0
733962,3954,0,0,1,0,0
734066,3955,0,0,0,1,0
734174,3956,0,0,0,1,0
734271,3957,0,0,0,1,0
734400,3958,0,0,0,1,0
734452,3959,0,0,1,0,0
734478,3960,0,0,1,0,0
734565,3961,0,0,1,0,0
734604,3962,0,0,1,0,0
734714,3963,0,0,0,1,0
734832,3964,0,0,0,1,0
734868,3965,0,0,1,0,0
734950,3966,0,0,1,0,0
735044,3967,0,0,0,1,0
735184,3968,0,0,0,1,0
735315,3969,0,0,0,1,0
735448,3970,0,0,0,1,0
735515,3971,0,0,1,0,0
735607,3972,0,0,1,0,0
735710,3973,0,0,0,1,0
735829,3974,0,0,0,1,0
735952,3975,0,0,0,1,0
735996,3976,0,0,1,0,0
736101,3977,0,0,0,1,0
736202,3978,0,0,1,0,0
736311,3979,0,0,0,1,0
736365,3980,0,0,1,0,0
736461,3981,0,0,0,1,0
736581,3982,0,0,0,1,0
736612,3983,0,0,1,0,0
736700,3984,0,0,0,1,0
736810,3985,0,0,1,0,0
736930,3986,0,0,0,1,0
737049,3987,0,0,0,1,0
737083,3988,0,0,1,0,0
737203,3989,0,0,0,1,0
737327,3990,0,0,0,1,0
737375,3991,0,0,1,0,0
737403,3992,0,0,1,0,0
737419,3993,0,0,1,0,0
737459,3994,0,0,1,0,0
737564,3995,0,0,0,1,0
737666,3996,0,0,0,1,0
737712,3997,0,0,1,0,0
737806,3998,0,0,0,1,0
737870,3999,0,0,1,0,0
737934,4000,0,0,1,0,0
738044,4001,0,0,0,1,0
738067,4002,0,0,1,0,0
738210,4003,0,0,0,1,0
738228,4004,0,0,1,0,0
738314,4005,0,0,0,1,0
738403,4006,0,0,0,1,0
738456,4007,0,0,1,0,0
738547,4008,0,0,0,1,0
738576,4009,0,0,1,0,0
738669,4010,0,0,0,1,0
738788,4011,0,0,0,1,0
738906,4012,0,0,0,1,0
738958,4013,0,0,1,0,0
738979,4014,0,0,1,0,0
739095,4015,0,0,0,1,0
739203,4016,0,0,0,1,0
739317,4017,0,0,0,1,0
739364,4018,0,0,1,0,0
739449,4019,0,0,0,1,0
739553,4020,0,0,0,1,0
739653,4021,0,0,0,1,0
739668,4022,0,0,1,0,0
739750,4023,0,0,1,0,0
739836,4024,0,0,0,1,0
739897,4025,0,0,1,0,0
739912,4026,0,0,1,0,0
740022,4027,0,0,0,1,0
740145,4028,0,0,0,1,0
740279,4029,0,0,0,1,0
740318,4030,0,0,1,0,0
740419,4031,0,0,1,0,0
740536,4032,0,0,0,1,0
740634,4033,0,0,0,1,0
740734,4034,0,0,0,1,0
740744,4035,0,0,1,0,0
740853,4036,0,0,0,1,0
740940,4037,0,0,0,1,0
740976,4038,0,0,1,0,0
741075,4039,0,0,0,1,0
741181,4040,0,0,0,1,0
741318,4041,0,0,0,1,0
741406,4042,0,0,1,0,0
741417,4043,0,0,1,0,0
741492,4044,0,0,1,0,0
741588,4045,0,0,0,1,0
741671,4046,0,0,0,1,0
741804,4047,0,0,1,0,0
741907,4048,0,0,0,1,0
742005,4049,0,0,0,1,0
742022,4050,0,0,1,0,0
742068,4051,0,0,1,0,0
742151,4052,0,0,1,0,0
742158,4053,0,0,1,0,0
742272,4054,0,0,0,1,0
742290,4055,0,0,1,0,0
742402,4056,0,0,0,1,0
742452,4057,0,0,1,0,0
742550,4058,0,0,0,1,0
742651,4059,0,0,0,1,0
742758,4060,0,0,0,1,0
742873,4061,0,0,0,1,0
742936,4062,0,0,1,0,0
743029,4063,0,0,0,1,0
743129,4064,0,0,1,0,0
743232,4065,0,0,0,1,0
743368,4066,0,0,0,1,0
743378,4067,0,0,1,0,0
743458,4068,0,0,0,1,0
743563,4069,0,0,0,1,0
743644,4070,0,0,1,0,0
743734,4071,0,0,0,1,0
743797,4072,0,0,1,0,0
743807,4073,0,0,1,0,0
743905,4074,0,0,0,1,0
744009,4075,0,0,1,0,0
744028,4076,0,0,1,0,0
744125,4077,0,0,0,1,0
744223,4078,0,0,0,1,0
744325,4079,0,0,0,1,0
744439,4080,0,0,0,1,0
744535,4081,0,0,0,1,0
744636,4082,0,0,0,1,0
744727,4083,0,0,0,1,0
744802,4084,0,0,1,0,0
744887,4085,0,0,1,0,0
744946,4086,0,0,1,0,0
745075,4087,0,0,1,0,0
745156,4088,0,0,1,0,0
745274,4089,0,0,0,1,0
745401,4090,0,0,0,1,0
745510,4091,0,0,0,1,0
745607,4092,0,0,0,1,0
745711,4093,0,0,0,1,0
745803,4094,0,0,0,1,0
745934,4095,0,0,0,1,0
746044,4096,0,0,0,1,0
746144,4097,0,0,0,1,0
746231,4098,0,0,0,1,0
746344,4099,0,0,0,1,0
746462,4100,0,0,0,1,0
746568,4101,0,0,0,1,0
746682,4102,0,0,0,1,0
746786,4103,0,0,0,1,0
746837,4104,0,0,1,0,0
746954,4105,0,0,0,1,0
746990,4106,0,0,1,0,0
747100,4107,0,0,0,1,0
747189,4108,0,0,0,1,0
747320,4109,0,0,0,1,0
747369,4110,0,0,1,0,0
747406,4111,0,0,1,0,0
747505,4112,0,0,0,1,0
747518,4113,0,0,1,0,0
747630,4114,0,0,0,1,0
747735,4115,0,0,0,1,0
747784,4116,0,0,1,0,0
747824,4117,0,0,1,0,0
747921,4118,0,0,0,1,0
748023,4119,0,0,1,0,0
748105,4120,0,0,0,1,0
748209,4121,0,0,0,1,0
748305,4122,0,0,0,1,0
748392,4123,0,0,0,1,0
748484,4124,0,0,0,1,0
748534,4125,0,0,1,0,0
748557,4126,0,0,1,0,0
748693,4127,0,0,0,1,0
748800,4128,0,0,0,1,0
748876,4129,0,0,1,0,0
748896,4130,0,0,1,0,0
748996,4131,0,0,0,1,0
749016,4132,0,0,1,0,0
749110,4133,0,0,0,1,0
749186,4134,0,0,1,0,0
749271,4135,0,0,1,0,0
749405,4136,0,0,0,1,0
749503,4137,0,0,0,1,0
749564,4138,0,0,1,0,0
749653,4139,0,0,0,1,0
749739,4140,0,0,0,1,0
749744,4141,0,0,1,0,0
749869,4142,0,0,0,1,0
749999,4143,0,0,0,1,0
750097,4144,0,0,0,1,0
750173,4145,0,0,1,0,0
750231,4146,0,0,1,0,0
750317,4147,0,0,0,1,0
750331,4148,0,0,1,0,0
750423,4149,0,0,0,1,0
750548,4150,0,0,0,1,0
750657,4151,0,0,0,1,0
750678,4152,0,0,1,0,0
750694,4153,0,0,1,0,0
750813,4154,0,0,0,1,0
750946,4155,0,0,0,1,0
751041,4156,0,0,0,1,0
751146,4157,0,0,0,1,0
751266,4158,0,0,0,1,0
751281,4159,1,0,0,0,0
751383,4160,0,0,0,1,0
751392,4161,0,0,1,0,0
751498,4162,0,0,0,1,0
751614,4163,0,0,0,1,0
751733,4164,0,0,0,1,0
751831,4165,0,0,1,0,0
751945,4166,0,0,0,1,0
752048,4167,0,0,0,1,0
752098,4168,0,0,1,0,0
752163,4169,0,0,1,0,0
752301,4170,0,0,0,1,0
752397,4171,0,0,0,1,0
752487,4172,0,0,0,1,0
752599,4173,0,0,0,1,0
752677,4174,0,0,1,0,0
752680,4175,0,0,1,0,0
752771,4176,0,0,1,0,0
752876,4177,0,0,0,1,0
752978,4178,0,0,0,1,0
753067,4179,0,0,0,1,0
753168,4180,0,0,0,1,0
753289,4181,0,0,0,1,0
753362,4182,0,0,1,0,0
753462,4183,0,0,0,1,0
753496,4184,0,0,1,0,0
753584,4185,0,0,1,0,0
753629,4186,0,0,1,0,0
753697,4187,0,0,1,0,0
753777,4188,0,0,0,1,0
753791,4189,0,0,1,0,0
753901,4190,0,0,0,1,0
753931,4191,0,0,1,0,0
754024,4192,0,0,1,0,0
754118,4193,0,0,0,1,0
754192,4194,0,0,1,0,0
754322,4195,0,0,1,0,0
754446,4196,0,0,0,1,0
754559,4197,0,0,1,0,0
754654,4198,0,0,0,1,0
754774,4199,0,0,0,1,0
754880,4200,0,0,0,1,0
754976,4201,0,0,0,1,0
755086,4202,0,0,0,1,0
755216,4203,0,0,0,1,0
755344,4204,0,0,0,1,0
755438,4205,0,0,0,1,0
755443,4206,0,0,1,0,0
755571,4207,0,0,0,1,0
755667,4208,0,0,0,1,0
755720,4209,0,0,1,0,0
755806,4210,0,0,1,0,0
755809,4211,0,0,1,0,0
755928,4212,0,0,0,1,0
755934,4213,0,0,1,0,0
755998,4214,0,0,1,0,0
756110,4215,0,0,0,1,0
756229,4216,0,0,0,1,0
756275,4217,0,0,1,0,0
756394,4218,0,0,0,1,0
756481,4219,0,0,0,1,0
756570,4220,0,0,0,1,0
756673,4221,0,0,0,1,0
756771,4222,0,0,0,1,0
756883,4223,0,0,0,1,0
756962,4224,0,0,1,0,0
757054,4225,0,0,0,1,0
757154,4226,0,0,0,1,0
757246,4227,0,0,0,1,0
757329,4228,0,0,0,1,0
757375,4229,0,0,1,0,0
757463,4230,0,0,0,1,0
757552,4231,0,0,0,1,0
757659,4232,0,0,0,1,0
757747,4233,0,0,1,0,0
757855,4234,0,0,1,0,0
757944,4235,0,0,0,1,0
758070,4236,0,0,0,1,0
758158,4237,0,0,1,0,0
758293,4238,0,0,0,1,0
758432,4239,0,0,0,1,0
758490,4240,0,0,1,0,0
758606,4241,0,0,0,1,0
758625,4242,0,0,1,0,0
758726,4243,0,0,0,1,0
758818,4244,0,0,0,1,0
758864,4245,0,0,1,0,0
758979,4246,0,0,0,1,0
759069,4247,0,0,0,1,0
759169,4248,0,0,1,0,0
759238,4249,0,0,1,0,0
759363,4250,0,0,0,1,0
759489,4251,0,0,0,1,0
759616,4252,0,0,1,0,0
759628,4253,0,0,1,0,0
759713,4254,0,0,1,0,0
759725,4255,0,0,1,0,0
759739,4256,0,0,1,0,0
759745,4257,0,0,1,0,0
759794,4258,0,0,1,0,0
759899,4259,0,0,1,0,0
759903,4260,1,0,0,0,0
759975,4261,0,0,1,0,0
760098,4262,0,0,0,1,0
760112,4263,0,0,1,0,0
760243,4264,0,0,0,1,0
760360,4265,0,0,0,1,0
760462,4266,0,0,0,1,0
760567,4267,0,0,0,1,0
760664,4268,0,0,1,0,0
760772,4269,0,0,0,1,0
760892,4270,0,0,1,0,0
760987,4271,0,0,0,1,0
761079,4272,0,0,1,0,0
761190,4273,0,0,0,1,0
761289,4274,0,0,0,1,0
761345,4275,0,0,1,0,0
761431,4276,0,0,1,0,0
761464,4277,0,0,1,0,0
761556,4278,0,0,0,1,0
761662,4279,0,0,1,0,0
761697,4280,0,0,1,0,0
761834,4281,0,0,0,1,0
761952,4282,0,0,0,1,0
762066,4283,0,0,0,1,0
762154,4284,0,0,1,0,0
762256,4285,0,0,0,1,0
762364,4286,0,0,0,1,0
762469,4287,0,0,0,1,0
762592,4288,0,0,0,1,0
762617,4289,0,0,1,0,0
762737,4290,0,0,0,1,0
762793,4291,0,0,1,0,0
762892,4292,0,0,0,1,0
763001,4293,0,0,0,1,0
763103,4294,0,0,0,1,0
763106,4295,0,0,1,0,0
763234,4296,0,0,0,1,0
763346,4297,0,0,1,0,0
763464,4298,0,0,0,1,0
763579,4299,0,0,0,1,0
763609,4300,0,0,1,0,0
763648,4301,0,0,1,0,0
763709,4302,0,0,1,0,0
763844,4303,0,0,0,1,0
763968,4304,0,0,0,1,0
764025,4305,0,0,1,0,0
764124,4306,0,0,1,0,0
764125,4307,0,0,1,0,0
764221,4308,0,0,0,1,0
764323,4309,0,0,1,0,0
764460,4310,0,0,0,1,0
764555,4311,0,0,0,1,0
764683,4312,0,0,0,1,0
