#{"t_start": 1787143535.5158026, "env_id": "None"}
r,l,t
-10.0,1,1.167451
-2.568503,16,1.385708
-8.230855,17,1.631657
6.062096,29,1.986072
2.085918,18,2.256969
0.037029,21,2.530077
27.52274,60,3.694892
-6.265415,6,3.818796
-7.078034,4,3.999386
-11.7576,2,4.085623
-0.690204,17,4.418277
-2.529138,9,4.606853
-4.930865,17,5.044878
-9.32,2,5.095905
-10.0,1,5.132636
-7.669448,6,5.294599
-4.027176,12,5.639546
-8.125408,3,5.727254
-7.0,4,5.819513
-8.124119,4,5.918174
-0.782457,12,6.250826
-9.32,2,6.30398
-1.345058,12,6.552011
-10.074866,3,6.656516
-4.29323,19,7.128175
-11.790863,3,7.191288
-4.327425,13,7.478031
-10.0,1,7.520739
-7.049362,5,7.718317
2.687382,18,8.086219
-10.0,1,8.126546
-7.196669,8,8.300072
-4.50433,7,8.534867
-9.32,2,8.5863
-6.958675,7,8.74824
-10.0,1,8.783221
-5.055358,6,9.005445
-3.602021,13,9.270147
-8.621761,4,9.378854
-1.132606,11,9.606779
1.18954,24,10.159956
-5.636616,7,10.297782
4.536347,23,10.749724
-10.0,1,10.785072
-5.411538,7,11.04868
-5.126628,7,11.222288
-9.042017,2,11.269921
0.244163,23,11.736879
-8.697684,3,11.915003
2.265314,24,12.388095
-9.218488,5,12.497317
-10.0,1,12.536315
-8.168123,3,12.701817
-10.0,1,12.737778
-8.44,4,12.838857
-6.31553,11,13.083057
-3.600639,12,13.418834
-8.24,5,13.53113
-8.24,5,13.6747
-5.221949,6,13.799976
-8.197025,3,13.965718
9.790682,36,14.639276
-6.365764,8,14.818486
-4.60338,11,15.060154
12.431179,32,15.753284
-2.992781,12,15.995423
-5.577607,15,16.284914
-2.513146,13,16.583196
-9.091257,2,16.715654
-5.925369,7,16.885164
-1.775533,14,17.156207
-2.544401,30,17.75064
1.344541,18,18.154073
-9.005671,3,18.246071
6.435947,40,18.981058
-7.499845,8,19.151346
-4.400597,13,19.508536
13.111041,54,20.571364
-8.14166,5,20.691714
6.534167,35,21.462721
41.38888,85,23.351263
13.114862,47,24.310464
-6.399666,8,24.517251
1.647628,16,24.831108
-4.892092,8,25.085306
-5.0,6,25.206008
-1.34655,14,25.601612
-5.892782,13,25.878963
0.98648,15,26.284014
2.0,13,26.550816
-6.422939,10,26.784743
-7.596398,9,26.966375
-6.843813,13,27.308136
4.065345,23,27.782041
-9.48,3,27.873605
-5.083272,7,28.018094
1.847269,21,28.546811
-6.32882,6,28.678244
-6.251686,8,28.856785
-8.095953,4,28.961964
-5.863751,6,29.186621
-6.791795,7,29.312203
-6.05183,5,29.44182
-10.469649,19,29.774528
10.607395,35,30.49149
9.240374,34,31.129964
-7.171541,14,31.383942
-6.504846,9,31.560167
-8.525676,6,31.791313
-2.344144,13,32.049012
-8.629896,3,32.138415
-5.215963,17,32.470606
-12.818659,5,32.670979
-0.09993,23,33.125826
-7.49521,8,33.301294
-0.771383,18,33.66113
-9.0,2,33.781363
-8.425211,3,33.873098
-7.699408,5,33.990613
-10.0,1,34.027105
-6.855069,5,34.266154
-3.680566,13,34.530824
-9.32,2,34.575295
-9.343095,3,34.66858
7.70782,29,35.315443
-9.934417,3,35.404963
-0.33969,22,35.837757
-4.492878,12,36.073815
0.363914,13,36.424243
-10.0,1,36.461657
-10.0,1,36.501062
-1.760864,17,36.852884
0.709133,23,37.345992
-7.299234,4,37.439359
19.812161,40,38.177203
-8.36,8,38.356597
-3.356933,11,38.676105
-5.456897,16,38.996345
-4.907579,11,39.231145
-0.975542,18,39.558832
-6.373642,8,39.81391
-10.0,1,39.875144
-5.41779,11,40.087997
-6.041743,5,40.222036
-10.0,1,40.355069
-9.64,4,40.459295
-3.185023,11,40.6933
-9.32,2,40.747407
6.36594,32,41.45844
4.834576,23,41.907676
-7.640658,6,42.031038
-0.683069,12,42.274317
-8.583678,5,42.4789
-1.131444,27,42.956259
-9.32,2,43.032834
-4.351976,22,43.420553
9.854894,53,44.525941
-4.112104,9,44.709223
-3.069198,11,44.934049
-0.477374,23,45.41059
-4.656777,12,45.744263
-6.125829,18,46.127067
-2.823441,13,46.399933
-6.184798,6,46.549325
-10.0,1,46.665041
10.125957,45,47.531199
-1.257803,13,47.795266
-8.273177,4,47.898047
-6.70318,9,48.191372
-4.169536,7,48.327286
-3.045402,12,48.582145
-6.742946,6,48.734538
-3.909592,17,49.148856
3.546097,24,49.6239
-7.157323,4,49.726261
-5.295063,8,49.906652
0.841039,14,50.275194
-3.220491,12,50.52903
-4.735734,13,50.80787
-8.184175,6,50.931365
-1.456801,19,51.405031
-4.681582,8,51.58826
11.706437,32,52.24251
1.090645,14,52.581622
2.68836,26,53.154882
-5.154427,10,53.423119
-4.32955,14,53.705186
-6.019839,5,53.801808
-0.924831,15,54.17302
-2.054077,14,54.49247
-9.095443,2,54.538692
-3.690602,9,54.7204
-10.0,1,54.867274
-7.942244,5,54.984095
-0.998484,20,55.420614
-3.466879,11,55.671515
-8.134239,5,55.858758
-8.43697,7,56.021781
4.038689,20,56.401679
-4.456547,16,56.714085
-5.266075,12,57.040344
-1.227824,10,57.294682
5.276304,38,58.054445
0.342911,24,58.521804
-9.32,2,58.640265
-4.98299,10,58.858862
-8.775113,3,58.919347
3.438533,18,59.28515
-7.867656,6,59.481264
-8.055965,7,59.643184
27.94396,69,60.923711
-1.187933,10,61.152052
-6.261714,6,61.343358
-1.315722,12,61.586141
0.160216,30,62.203167
-9.051521,2,62.25045
-6.644227,6,62.488557
-10.0,1,62.522991
-4.127686,15,62.839211
-7.306236,4,62.946163
-6.38167,7,63.178665
1.332301,19,63.551486
-6.0,6,63.709266
-7.209161,5,63.835673
-7.565171,8,64.115014
-5.373968,6,64.258291
-6.870552,6,64.381502
-10.0,1,64.416842
-10.0,1,64.557386
-6.916039,6,64.689322
11.339871,40,65.472514
-8.8,3,65.562935
-2.569855,13,65.912518
-8.8,3,66.007002
18.602591,45,66.871273
2.911939,29,67.431575
10.230577,30,68.115128
0.175241,23,68.584873
-2.032958,9,68.753889
-5.255937,11,68.987252
-6.01424,7,69.192488
-1.554687,17,69.546495
-4.807008,7,69.676277
-4.026009,10,69.893008
-10.0,1,70.003519
-4.531286,9,70.189789
-1.162809,18,70.551339
5.211801,22,70.97729
-4.109752,28,71.58294
10.470264,33,72.219898
-8.44,4,72.310281
-5.035112,7,72.434857
1.063818,29,73.053612
-5.670404,7,73.183067
-7.0,5,73.316364
-10.0,1,73.355753
-9.826531,5,73.551045
-10.703808,3,73.638968
-8.2,6,73.755394
-2.144833,14,74.043242
10.636818,31,74.691563
11.928848,42,75.423807
12.943092,32,76.009858
-2.442879,15,76.301033
3.545988,30,76.897433
19.215193,37,77.566753
-4.850133,11,77.763093
-9.142954,2,77.834777
0.051319,22,78.314189
-10.0,1,78.377517
-5.099215,7,78.50217
-8.0,3,78.585166
-3.439285,15,78.958189
1.988452,16,79.251919
-10.0,1,79.28589
0.0,13,79.511617
-9.02136,3,79.676399
-8.342476,9,79.845725
-8.0,3,79.927392
-8.330762,3,80.010149
-10.943082,14,80.339734
-5.210887,6,80.477581
-9.104022,7,80.633837
3.902876,26,81.084674
-8.48,2,81.245827
-7.024896,12,81.484655
4.89403,41,82.249343
3.503872,26,82.715249
0.442238,16,83.107662
-5.390099,9,83.341304
8.286556,33,83.948706
-10.0,1,83.983492
6.479205,30,84.677927
5.851243,19,85.012928
-10.0,1,85.077543
25.699095,46,85.925424
-7.89476,4,86.100173
-3.45225,12,86.328917
-10.0,1,86.362457
7.065549,29,86.898368
-4.643362,12,87.229983
-10.0,1,87.267827
-8.8,3,87.351412
-10.0,1,87.389359
-3.562524,9,87.634163
-3.959267,10,87.840709
-9.945096,20,88.20263
-8.052971,15,88.461355
-0.661296,19,88.930254
-7.491122,10,89.14936
-8.8,3,89.206802
-10.0,1,89.272535
6.806732,25,89.790843
-8.24,5,89.893675
-4.0,8,90.050002
-1.684458,10,90.258568
10.171284,41,91.077241
-9.32,2,91.119962
-4.404938,7,91.271649
13.82403,42,92.046423
24.242243,54,93.068435
-8.24,5,93.167462
-3.183544,9,93.362533
-11.929812,5,93.474591
-9.021019,2,93.589193
6.065347,29,94.128321
-2.862559,12,94.378935
13.595346,58,95.509784
-0.886781,26,96.2039
-8.37292,5,96.316169
-1.905023,18,96.66791
2.496083,21,97.100225
-0.320618,11,97.380716
-4.204328,13,97.709973
-8.012656,5,97.82778
-7.095217,4,97.927504
0.556445,16,98.335323
8.512334,25,98.843682
1.012701,17,99.217198
-9.32,2,99.310792
-6.823937,5,99.503986
-9.0,2,99.586862
-10.0,1,99.627437
-3.580962,10,99.822527
-3.079274,10,100.142703
-8.212993,5,100.26072
9.903002,24,100.746307
-8.107187,3,100.844527
-6.277161,5,101.044122
-5.014003,6,101.198536
-9.32,2,101.251081
-10.0,1,101.288465
0.543268,20,101.788147
5.769505,31,102.427805
-8.0,3,102.517091
10.630381,38,103.232887
-10.0,1,103.376235
3.388927,30,103.950044
10.2446,50,104.932555
-9.32,2,104.985432
-4.783563,10,105.317659
8.870297,28,105.882567
-5.995473,10,106.09663
-6.789562,6,106.255416
0.945941,17,106.713259
-9.151379,7,106.886638
13.246785,32,107.508298
33.779787,77,109.006591
-8.44,4,109.192346
-2.932635,21,109.638628
-0.475008,23,110.181362
5.885748,37,110.911349
-9.520079,4,111.084751
0.010575,21,111.496621
-0.01424,14,111.806141
-6.03238,9,112.008832
-1.833856,10,112.355603
-0.697833,16,112.698835
-2.176125,15,113.015527
-1.095622,16,113.412164
-9.32,2,113.586149
-4.16154,10,113.787961
13.757025,31,114.426492
-0.976225,13,114.699166
18.690433,68,116.109382
10.758268,39,116.849827
7.584953,34,117.509957
-5.785543,9,117.690525
-10.0,1,117.80519
-8.203214,4,117.909006
-1.894587,11,118.143664
-0.354373,13,118.402329
-10.0,1,118.504909
-8.086785,7,118.691505
-0.604179,17,119.031995
-7.0,5,119.171981
-7.267476,4,119.346939
-4.376002,9,119.524337
5.587167,29,120.084827
-5.525266,8,120.268273
-4.472721,12,120.611024
-4.375236,13,120.871049
-4.465198,8,121.05461
-2.375311,10,121.297536
-7.162025,5,121.483469
-10.0,1,121.520446
-0.805252,15,121.821715
3.192655,15,122.12295
5.764251,30,122.789464
-5.781931,14,123.077609
-7.418946,9,123.246615
4.240282,29,123.790789
-8.244891,3,123.958278
-9.48,3,124.053206
-8.118019,3,124.137366
-10.0,1,124.177668
-10.0,1,124.29153
7.887926,42,125.092463
13.535098,39,125.798322
-7.408343,4,125.893409
-7.055358,4,126.06924
-3.897962,11,126.313253
18.812013,45,127.130311
-7.13453,7,127.292881
-7.7135,11,127.605037
0.061408,13,127.847442
-8.791257,10,128.063573
4.442362,29,128.63344
-10.0,1,128.741204
0.155225,29,129.287829
-0.213768,11,129.509248
-10.485545,3,129.602118
-9.32,2,129.722989
17.838589,35,130.361127
-5.124836,6,130.502912
2.234023,24,130.964089
-9.32,2,131.094175
-9.0,2,131.170559
0.898243,24,131.719322
-6.574779,19,132.100868
-1.882179,13,132.533723
-3.97673,14,132.821982
-9.44,5,132.94142
0.197848,20,133.357428
-8.111224,3,133.525251
1.986529,23,133.989993
-10.0,1,134.025758
-1.632496,26,134.571249
-8.44,4,134.739326
-4.981555,8,134.931835
-8.22183,16,135.276166
5.400692,23,135.711143
-4.330562,11,136.034326
-1.193263,18,136.418948
-2.144878,14,136.685369
3.562636,23,137.154688
26.708334,61,138.402953
-7.0,4,138.500484
-8.828946,4,138.595355
-7.873432,7,138.753829
1.80275,31,139.413018
-4.889237,8,139.582912
13.832021,57,140.633664
-8.0,3,140.715298
-0.978599,17,141.147638
-9.098735,5,141.258439
21.877642,46,142.14621
-6.641271,9,142.353697
-1.214175,18,142.777777
-10.0,1,142.843204
-10.0,1,142.880306
-9.32,2,142.921345
5.521508,32,143.661464
8.145408,42,144.466158
6.829019,32,145.059709
-1.766542,10,145.26313
10.351763,22,145.706407
-9.06171,2,145.752346
1.504163,27,146.244831
-3.041925,16,146.555034
-5.131654,8,146.815317
14.100932,38,147.495531
6.619017,20,147.854101
-10.0,1,147.890478
0.94194,16,148.278867
-10.9496,2,148.326955
-1.342427,14,148.609356
7.127656,27,149.079514
0.599175,21,149.569548
-7.534608,11,149.791265
-10.0,1,149.827697
2.78454,23,150.248605
-7.94109,4,150.428396
-1.248907,23,150.823723
-9.084913,2,150.896596
5.701995,31,151.455675
-1.006569,16,151.834854
-3.198677,13,152.088027
-6.183828,8,152.255524
16.123971,39,152.965841
-5.900571,8,153.198408
-7.128096,10,153.382143
-9.01607,2,153.453554
12.423164,31,153.984889
-8.8,3,154.138125
-4.041743,7,154.283444
-8.573107,3,154.367729
7.662082,34,154.96725
-8.32,7,155.195694
-5.104501,6,155.305152
-7.885717,6,155.452142
0.29557,23,155.886117
-4.841434,11,156.1488
1.487552,14,156.422273
-10.471602,4,156.52354
5.214422,30,157.067062
-6.83143,12,157.391243
-8.228975,6,157.53695
-1.899295,14,157.79569
-2.694586,12,158.028016
-1.136788,19,158.466316
-8.073295,3,158.547931
-10.0,1,158.582219
4.687305,31,159.14959
-3.544407,12,159.468841
5.487867,20,159.828694
6.650759,24,160.23928
-8.425653,12,160.460523
-9.32,2,160.590302
-5.730461,10,160.805145
-9.109939,4,160.896932
-8.491013,3,160.993798
3.480121,21,161.454256
-6.498899,6,161.569811
-9.01424,2,161.648315
-6.746686,5,161.749451
-5.924151,11,162.114598
-9.072807,6,162.218884
-11.9018,8,162.389417
-9.48,3,162.482638
8.339386,32,163.173526
2.015974,36,163.85016
19.319362,51,164.801793
-6.920335,8,164.969652
-5.442734,7,165.19025
-3.390076,14,165.432301
-9.011652,5,165.530519
-7.885064,11,165.739552
-7.356319,4,165.90109
-8.44,4,165.988942
-2.325822,13,166.223383
-4.823545,18,166.6277
-5.132709,9,166.895386
-3.834106,11,167.142838
-0.506164,18,167.501513
25.937274,67,168.890345
-7.311087,6,169.144702
4.625363,47,170.146448
-9.055023,2,170.21944
2.755957,25,170.748653
-2.43164,12,171.068985
-4.53878,22,171.562016
-9.12486,2,171.608078
-3.041362,12,171.891087
-10.0,1,172.001394
-0.67754,28,172.557626
-7.354368,13,172.830257
-2.59789,11,173.055235
-3.948059,15,173.461675
-1.610335,18,173.838772
-8.527226,3,173.908993
-2.327588,11,174.161538
-9.148443,4,174.339835
-6.463626,19,174.731498
-8.708704,3,174.880658
-10.0,1,174.918454
-8.219448,3,175.08188
-10.0,1,175.124786
-9.32,2,175.191519
0.08398,19,175.632621
-5.676369,11,175.962093
-9.030687,2,176.013274
-6.185116,9,176.252876
-6.187318,5,176.36272
-9.32,2,176.496026
13.198228,42,177.392562
-4.641859,12,177.615718
-6.505833,6,177.722238
-5.610178,6,177.952742
-3.304916,15,178.280197
-7.449097,5,178.379792
-8.023314,4,178.466413
-6.0,5,178.640259
-8.768226,20,179.026563
-8.593691,3,179.110235
-5.307389,9,179.261554
-10.0,1,179.369041
-2.5405,23,179.803786
-10.397323,19,180.214435
-2.363203,26,180.68542
-1.635648,13,181.091681
-7.021402,13,181.330763
-7.452969,8,181.476773
-7.582659,4,181.564729
-4.342476,12,181.883251
-9.32,2,181.932478
-10.0,1,181.998466
-6.608352,15,182.287128
-7.116063,10,182.575024
-5.487487,9,182.73874
-8.499716,3,182.820522
-2.239061,9,182.968268
-3.215783,12,183.306058
-7.18136,4,183.414788
-7.265355,5,183.513066
-4.615636,11,183.757844
-8.0,3,183.936358
1.637394,19,184.301639
-6.739632,10,184.505409
-2.441652,12,184.764608
-10.0,1,184.875553
-5.20434,9,185.062469
-0.138954,16,185.381957
-9.032394,2,185.429156
0.341295,18,185.879669
-7.598835,5,185.987424
-6.545018,8,186.148116
-7.86682,6,186.258447
-7.389776,8,186.518221
-5.729188,9,186.725094
-8.420291,4,186.822499
7.039529,27,187.311397
9.736595,43,188.154929
-5.135374,8,188.351447
4.834928,29,188.91516
5.120756,25,189.403288
4.947052,30,190.041173
-7.89529,13,190.268718
-10.0,1,190.338514
-4.346291,7,190.494124
1.989806,29,191.144309
-12.0,3,191.203386
-10.32772,10,191.450996
-10.008772,2,191.502562
-1.420853,13,191.865568
-5.252963,6,192.001729
-3.768671,20,192.385942
-8.167293,3,192.465521
-3.538684,10,192.734279
0.284982,13,192.985623
-8.89308,4,193.076754
-7.96,3,193.136613
-8.095152,3,193.293558
2.663789,23,193.726633
-5.559678,17,194.084879
-9.115424,2,194.172964
-8.8,3,194.298944
-5.337472,13,194.554737
-8.332972,4,194.653168
2.661465,30,195.226677
-0.987574,12,195.540249
-10.602929,2,195.623063
-9.236364,2,195.682999
-6.171039,9,195.863584
10.258319,29,196.567726
-8.230574,3,196.637579
-3.00073,11,196.886993
19.046872,45,197.660843
-8.326035,4,197.833517
-5.214326,6,197.972178
-3.857112,14,198.238081
2.769206,14,198.509224
-4.467522,10,198.770227
0.443834,17,199.127172
-5.743303,14,199.363879
-5.274922,14,199.632394
-4.74626,10,199.898885
0.512566,19,200.228395
-8.01424,3,200.303805
-2.344666,11,200.495467
-5.280569,14,200.850652
-3.470893,11,201.064084
-3.710862,18,201.387847
-3.51215,14,201.686427
-8.675026,4,201.868745
-3.771829,10,202.080725
-6.769856,6,202.289095
-4.647428,10,202.514561
-5.061518,10,202.870188
-6.615406,13,203.159822
-6.779929,7,203.345275
-8.8,3,203.411402
7.806825,33,204.160713
31.340082,57,205.252042
-6.604748,19,205.705776
4.443783,19,206.053749
-5.536913,6,206.298242
-7.719772,7,206.45331
-5.821549,8,206.62203
-3.279407,10,206.824072
20.104487,67,208.115849
-8.358838,6,208.2354
-8.0,3,208.33258
-8.352435,3,208.42889
-3.524347,11,208.738157
-8.44,4,208.837764
-3.087917,12,209.062516
-5.730103,13,209.299352
22.994244,52,210.270261
-3.143389,18,210.59688
-8.110359,5,210.723396
-8.18768,3,210.778048
-10.0,1,210.917838
6.608183,29,211.433068
-9.170998,2,211.47569
-8.8,3,211.56491
7.120611,25,212.105541
-7.480261,6,212.248634
-9.022132,2,212.291624
-4.494582,8,212.450845
-7.35326,6,212.68316
-6.68697,6,212.78635
-8.8,3,212.863172
-6.930238,7,213.012196
4.482608,19,213.403123
-7.76152,4,213.498668
1.960474,21,213.896501
-5.055092,17,214.2306
-6.055358,5,214.44032
-6.228466,7,214.610231
11.39,46,215.456993
-1.59935,12,215.774288
0.873303,15,216.143518
-2.017952,14,216.439923
-3.902936,14,216.719157
-4.846129,15,217.00503
-6.76193,14,217.3414
-7.033393,4,217.445806
0.651096,17,217.754143
8.054732,34,218.354739
-3.227308,15,218.779931
-4.0674,7,218.949264
-3.697505,11,219.172589
-7.666539,9,219.356412
-10.41521,6,219.574604
-1.318915,13,219.840817
3.323958,16,220.132969
-4.046894,16,220.458507
3.449067,30,221.096248
-9.033368,2,221.168951
-7.695338,10,221.381293
-7.140464,12,221.638088
-10.072146,6,221.876064
0.882135,32,222.443409
21.235181,48,223.270394
0.797081,16,223.560895
-5.799506,12,223.865476
-8.24,5,223.976999
-6.045551,5,224.073536
31.353536,84,225.493536
-10.0,1,225.600961
-6.134691,5,225.736758
-8.069434,3,225.790893
-5.108724,6,225.92024
-1.886493,16,226.301264
-5.266703,6,226.408305
-3.225405,9,226.604593
-1.132608,10,226.786113
-7.592175,22,227.258107
-8.44,4,227.349816
-8.24,5,227.459387
19.318444,51,228.398694
-8.712246,8,228.628628
3.992259,25,229.075413
-9.009368,11,229.311141
-7.443247,4,229.40515
-8.8,3,229.521495
-5.352307,11,229.735005
-8.44,4,229.826601
4.902914,23,230.252112
-8.699357,5,230.437338
-7.056514,4,230.531528
-4.612539,15,230.826195
-10.0,1,230.862563
9.968948,49,231.887063
-7.56835,5,232.025625
-8.193651,10,232.260201
-5.89342,6,232.430896
-2.936046,22,232.904737
-3.02318,16,233.297365
9.616714,25,233.804213
-1.156656,16,234.154854
-7.780533,5,234.367406
11.499748,34,234.962854
3.473545,25,235.441733
0.296483,25,235.92198
-10.0,1,236.042205
-8.042599,3,236.129496
-4.194459,22,236.595755
-10.0,1,236.632096
-3.948544,12,236.977372
-2.777142,10,237.233765
-4.108592,13,237.50443
3.750476,31,238.054822
-7.922303,10,238.304824
7.935343,23,238.722732
-8.721555,5,238.824746
14.087642,61,240.088305
10.02148,33,240.945102
-2.555126,15,241.324458
-10.0,1,241.366453
-5.568649,6,241.498845
-6.475527,12,241.857862
5.079518,23,242.32495
-11.101728,8,242.511074
-2.957603,11,242.753381
-10.0,1,242.860648
-6.882811,6,243.000802
-2.738813,15,243.26452
7.654276,39,244.091928
-9.00573,2,244.241804
2.790328,17,244.551302
-10.0,1,244.587746
-1.778714,15,244.874828
-9.08316,2,245.005982
11.251638,34,245.638244
-2.690798,17,245.962539
7.945656,34,246.70574
-10.0,1,246.824845
1.318295,20,247.186384
-4.051577,7,247.324536
-8.231019,3,247.386006
1.583766,16,247.75792
-6.472665,9,247.958369
-7.597748,6,248.070664
-5.539012,11,248.289339
7.635462,32,248.934832
-7.034056,7,249.087937
-0.978801,16,249.426871
-10.0,1,249.466103
-0.497599,18,249.890179
6.36308,25,250.372514
-3.106195,19,250.712611
-1.638124,24,251.137627
-6.225158,11,251.440576
29.918541,74,252.783798
0.391256,13,253.014755
-3.348291,12,253.245368
-8.049592,3,253.403957
10.964751,38,254.060524
-8.4,6,254.200649
-9.020027,2,254.248782
-8.08944,3,254.414801
-0.179392,21,254.780349
-10.0,1,254.81331
-7.706437,7,254.97801
-7.252511,12,255.269376
-10.0,1,255.303092
12.290151,37,256.000355
0.266114,18,256.311682
-6.721822,11,256.636895
-1.964019,18,256.979045
-8.063762,4,257.073406
-9.246204,2,257.143523
-5.026945,6,257.309911
-9.0,2,257.376826
15.777262,52,258.303588
39.24263,62,259.428983
-5.245048,11,259.761821
2.923504,21,260.172952
-10.0,1,260.237903
-10.0,1,260.275677
-8.205754,3,260.437171
-8.15837,7,260.60034
38.585485,80,262.115606
-7.850766,6,262.28226
-10.0,1,262.391841
-7.339112,5,262.502051
12.965046,39,263.231332
-4.097943,7,263.408098
-8.2,6,263.616347
-0.517347,21,264.041585
17.930749,38,264.727036
-10.0,1,264.756709
-9.022248,5,265.003489
-2.89999,19,265.382629
-5.077933,9,265.598749
-7.045462,7,265.753355
-5.884506,12,266.063835
-6.651324,9,266.250608
-0.441688,12,266.46613
-1.44176,17,266.766923
36.621311,79,268.32427
-8.273315,4,268.410237
-6.373746,8,268.568652
-6.0,5,268.664899
10.137241,34,269.381645
-10.18102,4,269.468298
-7.052102,4,269.555147
-0.530617,12,269.771575
-2.107445,12,270.101723
-8.76,5,270.222147
-5.929459,11,270.406
-4.076919,10,270.611764
-0.630859,13,270.91334
-8.780704,3,270.996525
-10.0,1,271.028745
-1.672699,20,271.388757
-2.88948,12,271.714466
-3.144758,20,272.082559
-10.0,1,272.115061
-8.245075,3,272.203214
0.139776,22,272.719275
3.193934,20,273.094882
-2.667804,12,273.324029
0.099744,13,273.568944
-6.910251,8,273.812387
8.288482,30,274.324251
-4.476537,9,274.523179
-7.9855,5,274.646022
7.556788,37,275.480438
-1.081944,33,276.103771
-6.700592,8,276.271403
-2.650227,14,276.579191
36.416484,85,278.151741
-3.487518,10,278.354898
-4.003483,12,278.594064
-2.125736,13,278.825065
3.10565,20,279.271044
-4.523103,7,279.416545
11.307839,39,280.146238
-7.157231,17,280.517916
10.16898,42,281.352104
-9.056116,2,281.429518
-2.523371,21,281.816875
-8.584745,6,281.950072
3.137534,32,282.652938
-9.32,2,282.732419
-6.603229,14,283.015406
-6.88456,6,283.165321
-5.470703,12,283.48672
-10.0,1,283.526029
-10.0,1,283.565207
-0.992268,15,283.864764
-4.367698,20,284.324078
2.544021,26,284.834959
-9.32,2,284.885771
-6.168691,5,284.981776
-4.798203,7,285.233408
-9.32,2,285.309825
-3.907603,12,285.556658
3.476002,25,286.047197
-7.590304,7,286.280641
-9.044469,2,286.322807
-10.0,1,286.355555
-10.0,1,286.415189
13.145468,40,287.162601
-10.0,1,287.199226
-9.16,1,287.239137
-1.680824,18,287.577844
-2.446619,20,288.011615
-10.0,1,288.050502
-7.022277,4,288.143985
-1.676969,14,288.400439
-4.217927,9,288.686031
-5.736581,7,288.813779
-10.0,1,288.873311
-6.407907,8,289.031558
-6.722248,8,289.29226
-6.039794,10,289.481233
-7.630242,4,289.573059
-5.815781,12,289.82085
-6.773941,12,290.132677
-5.959727,10,290.346116
11.401119,28,290.86622
-10.0,1,290.901852
-4.596779,9,291.153493
-8.24,5,291.257887
1.488437,21,291.662606
4.409037,23,292.094631
-2.790212,12,292.431233
3.378684,18,292.844309
-4.467026,11,293.080449
-9.876134,3,293.15458
-4.046681,7,293.392683
-10.0,1,293.424745
-10.0,1,293.48463
-7.165702,8,293.651299
-6.04473,6,293.832159
20.343791,44,294.662416
5.05979,38,295.457048
-2.545301,13,295.714644
1.726778,26,296.25242
2.197419,21,296.65762
-10.0,1,296.697728
-7.250442,7,296.856219
8.674881,32,297.552114
-6.457727,9,297.755946
55.094806,82,299.164652
3.802758,27,299.648548
4.782085,42,300.493742
-2.094174,24,300.937553
5.665737,39,301.599553
-9.012071,2,301.672698
2.556362,21,302.132555
-7.711945,5,302.234645
-3.107197,8,302.381782
-8.8,3,302.501891
-8.321968,6,302.72811
5.653903,22,303.093628
24.557177,42,303.804248
8.499113,27,304.254883
-10.0,1,304.382492
-7.378762,9,304.561913
-10.0,1,304.594884
-5.502401,6,304.732513
2.850755,18,305.108916
-9.852458,11,305.316356
-1.616534,16,305.627182
-0.435564,22,306.010704
4.812679,28,306.586515
0.09787,18,306.942675
-1.942893,20,307.336275
-7.90847,7,307.506334
-4.672666,9,307.816952
-9.32,2,307.861738
-7.013005,4,307.957768
-10.7072,2,308.03414
-5.629357,10,308.294775
0.563862,15,308.612332
-8.530385,7,308.788825
-3.574903,13,309.070178
1.045756,14,309.448211
-0.528593,28,309.987557
-7.465095,7,310.122381
-7.792356,4,310.223776
4.372634,23,310.777761
0.702369,21,311.234655
-7.224099,10,311.490379
16.192166,49,312.404027
4.837822,39,313.276656
-5.473622,10,313.458212
10.467442,28,313.971842
-7.890013,4,314.060382
-6.0,5,314.277131
-10.0,1,314.316631
-1.38151,13,314.57414
-7.991074,7,314.732001
1.087057,24,315.248098
-1.437483,12,315.533751
-9.32,2,315.592499
-5.390021,7,315.76794
-10.0,1,315.878424
2.23798,26,316.384764
-1.199359,13,316.621453
13.571775,42,317.353424
-7.32522,4,317.540034
-4.147071,10,317.723875
-10.0,1,317.757306
-2.73349,11,317.972662
6.67612,24,318.544998
-2.461632,9,318.710992
-2.30532,9,318.911431
-7.460033,4,318.998959
16.666461,41,319.793207
-3.759321,11,320.011204
49.417126,71,321.232812
2.803879,24,321.681699
9.478872,39,322.518679
-8.32,7,322.66992
-5.258844,11,322.883541
-9.32,2,322.927306
-2.316018,10,323.204357
-2.922323,16,323.536615
-6.128766,8,323.694178
-2.312909,19,324.003017
4.899303,35,324.793696
-9.01662,2,324.861281
-6.016455,9,325.027938
-7.625474,6,325.144941
-10.0,2,325.294013
-8.44,4,325.404038
15.206559,45,326.170777
-9.48,3,326.256275
-10.0,1,326.360466
-2.580961,13,326.594592
0.732376,24,327.017754
-8.758758,6,327.160563
-10.001712,3,327.311482
-3.209845,21,327.689946
-7.994338,8,327.849181
0.029288,13,328.080852
-3.52804,13,328.389115
-11.192,2,328.466549
-9.05219,3,328.549392
3.067631,21,328.91358
9.649634,46,329.804569
-10.0,1,329.871398
-2.608957,11,330.060706
-3.208509,11,330.280424
-6.168833,10,330.556216
18.044674,51,331.436737
-5.822083,7,331.584625
0.43728,18,331.914825
-6.203753,5,332.109677
9.536398,42,332.818011
-6.377256,6,332.964535
-1.836286,12,333.185593
-1.246261,19,333.615703
-7.288428,5,333.724219
-10.0,1,333.753586
-1.754177,15,334.027887
-10.0,1,334.130214
24.344463,44,334.866655
3.463325,34,335.468176
-1.055358,10,335.633063
5.747227,21,336.082347
-10.0,1,336.162554
-8.0,3,336.23052
-3.921787,15,336.527859
-5.132998,8,336.750508
1.456961,18,337.079342
1.806258,19,337.393391
-5.567049,17,337.698191
-1.943994,11,337.941532
-2.861677,10,338.156304
4.968972,25,338.64933
-7.886526,13,338.911661
2.304145,14,339.277511
-5.097734,14,339.539627
-6.676857,6,339.686774
7.84652,27,340.218786
-2.275082,16,340.606389
8.26493,33,341.195167
7.610607,22,341.581181
-6.375418,7,341.738169
7.564543,27,342.317302
4.112516,20,342.76444
-8.740448,5,342.880919
-7.293573,4,342.977452
-4.256636,9,343.245154
-8.48,2,343.330975
10.498906,38,344.023692
19.150328,47,344.8897
-5.095145,11,345.240868
-10.910264,2,345.290694
-9.12,4,345.390606
-3.199644,17,345.764156
-10.0,1,345.882952
-7.0,4,345.998594
-2.842737,21,346.410708
1.536023,21,346.788913
-10.836355,2,346.965335
-7.191669,4,347.060731
-2.111988,17,347.374233
41.242385,75,348.705711
-7.804538,5,348.877115
12.440305,36,349.51063
-6.308668,8,349.67514
-7.03562,5,349.779887
1.14138,26,350.361493
6.110867,24,350.80593
-7.980636,9,350.979745
-1.927434,18,351.332803
-10.0,1,351.442
-9.32,2,351.48779
-8.431849,3,351.575565
-10.0,1,351.607363
-7.190603,4,351.781788
12.565686,35,352.454434
-0.750622,17,352.753905
-5.492806,21,353.211429
-8.599354,4,353.376669
-10.153521,3,353.435637
6.668553,33,354.059498
6.163973,27,354.5648
-1.089352,17,354.985067
1.102984,18,355.351173
-8.44,4,355.452164
-1.348996,12,355.684431
14.164156,52,356.694952
5.231038,28,357.225227
-6.223447,5,357.33128
-7.127094,7,357.483712
3.533854,27,358.081327
-10.0,1,358.114093
-9.32,2,358.188025
13.627773,32,358.742615
21.046993,70,360.083607
-5.387812,7,360.241385
-9.32,2,360.283689
3.22888,20,360.652005
-8.380838,9,360.947486
-1.259817,18,361.27104
8.155884,21,361.683068
-11.306257,3,361.776158
-2.238749,12,362.090728
0.330882,24,362.510998
-9.062712,2,362.580195
8.885581,33,363.212619
7.509022,44,364.075785
0.459129,16,364.373207
-5.964127,6,364.519829
4.509978,22,364.977461
-8.8,3,365.138294
-3.080126,12,365.400498
-0.665546,12,365.643581
2.784115,23,366.049241
-9.16,1,366.219701
1.300053,23,366.630113
-5.90217,8,366.790345
2.899038,25,367.262435
-7.341661,14,367.625344
-10.0,1,367.660435
-1.665186,13,367.946468
-9.532618,19,368.356393
2.962345,17,368.772963
19.229989,50,369.663429
-3.182044,8,369.824299
-8.44,4,369.916481
-4.069887,12,370.226603
-5.080541,7,370.374516
-5.928008,8,370.546137
-4.155785,18,370.874832
-5.597161,8,371.107206
-9.48,3,371.19139
17.388107,31,371.730366
1.292712,18,372.052997
-9.0,2,372.186158
-8.106804,3,372.266037
-1.96161,22,372.654914
-2.508967,11,372.875357
-7.426383,6,373.073815
-9.195262,6,373.226753
-7.233676,4,373.318001
2.474363,25,373.780252
-9.32,2,373.923056
-7.0,4,374.009927
-7.075308,10,374.193884
-8.8,3,374.279512
-9.12,4,374.430568
-10.582873,3,374.506795
-5.500109,8,374.66299
-8.088024,4,374.762874
-7.57292,4,374.930925
-5.251336,7,375.055185
-8.473757,5,375.201595
2.939518,19,375.561502
20.560861,38,376.361446
-8.259092,3,376.447453
-9.45059,12,376.711802
-6.416089,5,376.839089
-1.56222,14,377.154285
0.722109,15,377.499517
-9.027128,4,377.597641
-4.485818,8,377.796503
-0.744663,23,378.36536
13.768395,37,379.071219
8.528789,35,379.722251
5.153376,29,380.300802
-7.945589,8,380.54987
9.062265,28,381.167283
-3.816261,12,381.457727
0.577706,21,381.893603
-5.293522,7,382.163439
-9.518891,3,382.271757
14.430816,42,383.169696
-8.635223,6,383.36232
7.425514,25,383.938146
-9.05142,2,384.014364
-4.706696,11,384.250522
-10.0,1,384.315078
-7.940232,6,384.517551
-0.326635,19,384.884956
-6.936917,15,385.178676
-4.671611,11,385.413797
0.457562,21,385.957349
-2.843881,15,386.228822
-6.082108,14,386.523985
-6.446958,9,386.698281
2.339115,22,387.195202
16.723303,40,387.93492
-1.673486,11,388.149997
-2.469508,10,388.349547
3.368921,22,388.846599
5.214494,29,389.428133
11.731258,38,390.097191
-6.996696,8,390.264878
-6.327524,13,390.612768
13.717488,45,391.396883
-1.366742,10,391.614334
5.185407,32,392.203801
-4.318602,7,392.435925
-10.0,1,392.46612
-7.57387,4,392.55405
0.33421,17,392.851275
12.320773,35,393.61997
-2.718359,21,394.035711
-2.777374,16,394.331271
-10.0,1,394.407017
-7.331074,5,394.607051
-2.565441,14,394.833965
-1.295425,11,395.091793
-3.481318,12,395.337468
2.439004,28,395.957088
-4.354493,14,396.255307
-8.052516,3,396.310753
10.50463,42,397.061862
-9.0,2,397.173635
-1.336365,16,397.467755
-2.010285,12,397.687877
-9.293853,21,398.084273
-8.435174,7,398.279013
-6.886605,15,398.573463
1.073153,15,398.85109
-5.001333,6,398.954331
-7.36,6,399.196765
-0.281976,31,399.732429
24.146608,51,400.575573
1.941224,23,400.989764
0.023044,16,401.365879
6.179587,31,401.911215
-8.0,3,401.988265
-4.289486,8,402.149242
-8.032958,3,402.264174
-6.710919,7,402.410683
-4.12415,7,402.586474
-6.543097,5,402.696976
-10.0,1,402.814876
-9.60704,5,402.950165
-6.867856,7,403.084398
4.416251,30,403.654204
-7.066173,8,403.879364
1.868567,15,404.163358
0.103517,19,404.484259
-5.176586,6,404.62578
-10.0,1,404.721938
-2.331872,11,404.933221
-8.026487,4,405.030301
-8.26627,3,405.106638
-9.03502,2,405.214405
-3.038512,10,405.419382
-8.27482,5,405.524706
2.985476,19,405.857297
-10.0,1,405.990347
-4.255094,9,406.16946
8.600499,28,406.658767
-9.0,2,406.733739
-5.992143,9,406.96863
1.218274,23,407.385434
4.641812,21,407.756645
-10.0,1,407.791709
6.976847,37,408.51601
17.775255,45,409.307184
-7.417505,9,409.484607
11.785648,51,410.387375
-10.0,1,410.490957
-10.0,1,410.525272
17.284402,50,411.415975
8.410675,40,412.171135
-12.652928,6,412.373781
-1.546719,12,412.618682
4.369427,28,413.186878
12.713313,43,414.038923
-6.364352,8,414.309762
-10.0,1,414.344235
56.571251,81,415.940129
9.563831,33,416.623381
-8.001834,5,416.814127
-7.872947,6,416.931888
-7.262325,6,417.089035
3.672016,28,417.687286
-6.180338,5,417.885926
3.794062,22,418.361432
-10.0,1,418.400103
4.625286,17,418.692265
-10.0,1,418.793385
-8.265409,5,418.92375
-9.168727,16,419.35785
-3.39756,17,419.728325
14.327536,35,420.464906
-9.308077,8,420.638207
-0.477594,17,420.964815
-10.0,1,420.998339
-10.0,1,421.114711
-0.74837,13,421.383314
1.252662,19,421.712617
15.630822,42,422.468392
-1.25337,16,422.874267
-8.001855,3,422.962414
0.283828,21,423.385743
-8.44,4,423.487862
11.11232,35,424.259697
-5.876044,11,424.457748
-8.44,4,424.556264
-5.971364,8,424.707654
-9.32,2,424.850659
-9.002138,2,424.899403
-5.134223,11,425.146311
0.630645,17,425.498539
6.128754,27,426.062001
-2.666209,15,426.38315
3.982925,20,426.776198
-0.640982,22,427.215445
-7.680605,6,427.477815
-7.111886,7,427.634397
-3.776535,11,427.835646
-0.493587,17,428.192339
-3.750015,11,428.509976
4.963356,31,429.066143
2.525684,25,429.537145
-10.0,1,429.604795
-5.246429,7,429.800258
-7.862604,8,429.967816
-5.059243,6,430.111404
23.595526,54,431.123139
0.271949,16,431.54319
0.904533,24,431.997812
-1.068459,10,432.229449
-5.891361,13,432.523125
-8.712271,8,432.775687
-8.122163,5,432.877701
-7.174748,7,433.031073
1.741494,20,433.433116
-5.108076,14,433.793282
1.991652,19,434.152955
-0.115844,12,434.364452
1.832803,20,434.763132
-4.639164,11,435.055067
-8.279841,3,435.149429
-8.17195,16,435.491163
53.392618,95,437.196709
-2.583983,16,437.611647
11.891071,29,438.10287
-8.408457,4,438.199889
-3.75785,14,438.452068
-3.758964,9,438.741449
5.716028,21,439.130566
1.113794,16,439.432556
6.319356,29,439.949834
5.065784,28,440.513921
-1.289302,26,441.005778
-5.992221,12,441.229848
-9.319526,2,441.282902
25.163893,47,442.295258
-9.146225,2,442.341287
-1.654535,22,442.791934
-9.0,2,442.835322
-5.394448,6,443.062868
-8.835139,4,443.186009
19.900125,44,444.004076
-0.298903,13,444.266
-10.0,1,444.369148
0.541852,14,444.673746
-5.38761,7,444.817615
-11.192,2,444.868982
4.231883,24,445.4372
-2.420297,15,445.736697
-10.0,1,445.769509
14.138108,40,446.485815
-2.568229,20,447.007605
-5.970397,7,447.189998
3.642091,21,447.591986
18.538747,41,448.396071
17.514463,60,449.591971
6.664601,23,450.024233
0.486542,20,450.409823
-7.94614,8,450.59546
-3.564917,9,450.843688
0.573486,25,451.317829
-0.145759,18,451.667429
-10.0,1,451.707482
11.312981,40,452.538514
-6.479982,8,452.713928
0.503114,16,453.01416
-6.093172,5,453.140827
-3.256672,10,453.399317
-3.995503,17,453.688427
-5.654864,7,453.831963
-6.148932,5,453.927755
7.055214,33,454.627004
0.0,13,454.851911
-9.32,2,454.905137
-9.430476,3,455.008996
-8.726846,22,455.573367
-2.220327,17,455.87257
21.487961,50,456.688672
-8.052093,5,456.817427
-9.32,2,456.92561
9.282429,34,457.623459
-4.148859,9,457.794605
-11.428872,20,458.171827
-1.931318,13,458.480553
-5.611638,7,458.664051
-3.06212,13,458.903016
-8.036057,4,458.996042
0.640745,14,459.349645
-6.412206,14,459.627801
-1.995182,16,459.986945
-4.075795,7,460.136005
-6.117958,5,460.334211
7.022248,29,460.867126
2.773064,22,461.276628
10.223794,24,461.720206
-7.098435,8,461.971011
-9.132162,2,462.025364
-1.439493,11,462.248013
3.088931,36,462.962792
22.792464,42,463.843519
-6.880854,6,463.967775
-2.853616,13,464.214498
-5.40043,12,464.451369
-9.32,2,464.628573
-8.777581,3,464.713763
-3.88944,19,465.0825
6.434084,25,465.572355
13.176616,49,466.495487
-2.57408,10,466.677554
-3.521177,12,466.906817
-5.01049,6,467.040063
-10.703337,3,467.213429
8.457125,33,467.796003
18.572881,54,468.784139
-5.712915,7,468.933424
4.507186,34,469.635187
2.577815,28,470.207596
8.848888,28,470.68555
-7.95302,5,470.781393
-2.699442,11,471.062457
8.189535,38,471.714946
19.714545,35,472.377362
-5.25538,9,472.564436
8.901994,28,473.143966
-9.103021,2,473.213633
-5.169361,8,473.406774
12.225598,32,473.986846
-4.876615,8,474.217813
14.676783,40,474.952345
-4.985611,12,475.185653
-9.013406,3,475.239696
-2.277047,18,475.65273
-7.704554,10,475.829865
1.064396,19,476.197363
-5.344958,15,476.483806
-2.827238,13,476.804685
-1.413576,12,477.040845
3.212841,23,477.454756
-10.0,1,477.488534
-7.567151,8,477.733641
-5.425834,8,477.901252
13.743344,29,478.39979
-1.390652,11,478.621242
-9.039256,2,478.783974
-8.40584,3,478.83737
-3.523667,14,479.109818
24.537359,46,479.889982
4.382207,26,480.461587
-10.0,1,480.497128
15.419947,30,481.038513
6.447073,30,481.575976
-7.948042,8,481.818011
4.689381,29,482.325415
-0.884388,12,482.548425
-3.719346,13,482.826846
3.988391,45,483.751688
-1.084032,19,484.129126
-9.034888,2,484.174274
4.284586,22,484.576602
-5.057418,12,484.904154
-3.438163,11,485.105913
-1.162447,21,485.520059
-10.0,1,485.558902
10.105794,40,486.367437
-8.029189,10,486.568527
-7.318026,7,486.743111
-2.80691,11,486.979079
-6.075354,10,487.266788
-8.44,4,487.360174
-5.325241,10,487.569816
-8.156803,3,487.647925
-7.238383,4,487.812492
4.762218,21,488.16803
-9.141237,4,488.266912
46.72446,66,489.421777
-4.80645,12,489.730457
-5.604701,11,489.94907
-8.2,6,490.086771
-9.48,3,490.145199
-3.16267,14,490.498449
1.887031,24,490.927678
8.440727,36,491.54335
-7.756477,9,491.713359
-8.798597,3,491.889605
-8.32,7,492.039545
-7.711078,4,492.129496
-10.0,1,492.165665
-6.0,5,492.340676
-6.877442,19,492.712651
-4.140744,9,492.883682
-8.8,3,492.96574
19.399101,41,493.759756
-9.022901,4,493.85534
7.114392,19,494.21172
9.525703,38,494.860793
-0.34421,15,495.227523
-9.48,3,495.314826
-2.811763,18,495.614854
7.499747,31,496.193759
-4.998112,11,496.497299
-8.8,3,496.575485
-3.751436,14,496.840515
-5.362178,7,496.996829
-8.24,5,497.157831
5.607095,32,497.72139
-11.192,2,497.798843
-6.893419,8,497.964114
-8.201423,5,498.145011
1.429431,15,498.424448
-8.318152,3,498.480114
2.608177,24,498.911052
-8.2,6,499.124296
22.347567,58,500.096788
19.625469,46,500.910807
-9.32,2,500.951918
26.126569,56,502.04242
22.082523,62,503.235382
-3.563981,15,503.52695
-8.28219,3,503.581674
-7.433116,4,503.761811
10.196229,32,504.332523
20.187943,37,504.992111
7.798114,36,505.672038
4.205636,17,506.038789
9.013202,31,506.618571
9.608183,30,507.174523
5.388928,26,507.680977
-3.223287,12,508.009856
6.94649,24,508.487261
-4.088445,7,508.608063
-2.334895,15,508.916591
16.253263,54,509.973761
-8.049592,3,510.024538
-1.899842,17,510.34882
1.817851,23,510.754074
14.121233,47,511.685618
8.828216,38,512.434116
19.266705,47,513.36269
20.798429,46,514.320872
-8.229582,4,514.513374
3.833098,30,515.065642
-7.343121,4,515.168874
-4.183707,10,515.388206
4.141759,20,515.845459
-8.44,4,515.943565
-5.041606,12,516.203357
4.073592,23,516.706488
3.246775,15,517.063308
-1.687162,18,517.411595
-6.348123,5,517.509599
10.347653,32,518.054362
-9.030437,2,518.200473
-6.835601,6,518.305128
15.007636,43,519.154366
-2.626883,16,519.442938
6.287419,25,519.968013
8.779181,32,520.530967
4.770612,23,520.944803
-6.34079,5,521.045261
0.565965,18,521.490164
-3.130575,12,521.72088
12.802554,33,522.33787
14.868979,42,523.043328
-4.440834,9,523.319473
-0.109439,18,523.6325
-7.968579,6,523.774042
-0.327554,11,523.943765
7.5472,24,524.422619
-8.803548,6,524.557725
-6.01424,5,524.651273
-3.317513,8,524.797884
12.524557,43,525.594604
-8.238628,3,525.672058
4.968164,21,526.026457
5.175772,29,526.508203
-9.32,2,526.660928
2.669446,23,527.036453
22.570106,45,527.774273
2.210413,17,528.074584
-7.469396,4,528.244964
-9.315252,3,528.320842
-8.056332,4,528.409908
-8.575873,3,528.462445
-3.234163,22,528.924315
-2.262255,13,529.153853
-8.096646,7,529.303526
11.67917,27,529.791958
-3.394705,9,530.025419
-10.0,1,530.05757
33.375185,57,531.087752
-5.293648,9,531.301591
2.793482,22,531.776664
-6.159971,6,531.933862
15.589205,44,532.810056
-1.03879,15,533.072067
-0.268173,24,533.657603
-7.049592,4,533.747905
-2.962255,14,534.037224
2.001787,18,534.380097
-2.044674,11,534.679871
6.017679,23,535.115019
-6.648409,7,535.271742
-0.462139,19,535.646195
-5.0,6,535.844551
-8.022844,3,535.917708
-10.0,1,535.955394
-0.432818,12,536.173141
1.353692,15,536.52529
3.842635,24,536.931932
-3.605227,18,537.248725
-7.67224,7,537.401303
-6.411376,5,537.575891
-6.948801,10,537.781431
18.594393,51,538.63572
-10.0,1,538.697991
-7.218193,4,538.876109
-11.504,4,538.976542
-8.8,3,539.041551
3.061641,32,539.627541
-4.054054,7,539.843446
-1.320584,15,540.134725
10.953457,42,540.83095
5.24737,24,541.245818
-6.383911,8,541.483706
6.396556,32,542.024322
3.872392,19,542.373466
-0.462989,28,542.864204
-2.901035,12,543.160738
12.495598,37,543.849466
-6.09419,6,543.997383
-7.775284,8,544.164124
-0.478347,17,544.553111
3.665679,36,545.188537
1.270645,23,545.603827
-0.285336,17,545.899809
-8.15366,3,546.0629
3.821553,28,546.553011
-8.843641,5,546.654214
-3.767044,11,546.871998
-0.153162,12,547.173714
-4.730495,8,547.348009
20.225957,38,548.015574
0.154623,14,548.303905
-10.0,1,548.424124
-5.531551,10,548.638683
-0.123548,26,549.067363
-7.131712,5,549.169122
8.117579,40,549.938285
-0.037904,22,550.372381
27.445184,64,551.494174
3.344943,27,551.984649
5.250116,25,552.513712
-8.229466,4,552.600664
-1.174509,13,552.838468
-0.938738,11,553.048835
-8.44,4,553.230486
-9.036672,2,553.269721
46.240379,85,554.757748
-8.023942,8,554.923314
-5.54027,7,555.127004
-8.128045,5,555.2511
-4.542402,8,555.401693
-3.590009,10,555.573617
-8.304221,3,555.719331
-2.437564,19,556.046095
3.389715,23,556.418049
-3.309425,8,556.564822
9.713324,30,557.242778
29.302134,58,558.264109
18.990527,45,559.062638
-6.503761,8,559.23368
3.752296,17,559.625133
-4.92733,9,559.804576
-1.592953,12,560.036287
-1.715343,15,560.322427
-10.0,1,560.427478
1.117412,16,560.704149
-8.2,6,560.842348
-10.0,1,560.882774
20.524694,42,561.702882
2.880281,18,562.042612
-6.401308,11,562.301578
4.734464,19,562.656445
-0.616449,11,562.958016
-4.042684,11,563.188
-0.501177,14,563.456351
43.11375,76,564.78899
-8.297832,4,564.968052
-5.768214,10,565.187123
-9.054482,2,565.23702
14.046998,42,565.984676
-1.40056,14,566.291483
-7.263925,4,566.381102
-7.902433,11,566.589178
-6.426431,9,566.820897
0.736212,36,567.514217
-7.58174,6,567.665435
-6.123804,5,567.764487
17.07192,41,568.464349
-6.170674,7,568.68127
-10.0,1,568.71341
15.718562,45,569.512778
-9.32,2,569.556832
16.588087,57,570.601922
-5.27105,6,570.741227
3.928286,15,571.006665
0.979188,17,571.309151
-6.982151,7,571.559659
17.403402,47,572.334837
-7.4,5,572.471961
15.170267,42,573.177483
3.654465,26,573.762204
-3.452449,14,574.021225
-8.8,3,574.106096
-6.257188,8,574.27545
-8.0,3,574.426902
-8.44,4,574.526066
-10.0,1,574.566492
25.381143,71,575.791204
-9.32,2,575.91696
-8.829027,5,576.018887
-3.228272,11,576.220668
-0.962114,19,576.56972
1.72727,18,576.938495
-6.79633,6,577.07916
1.751023,21,577.46075
-8.359818,4,577.553939
-4.262862,9,577.796125
-7.898139,7,577.947006
-7.4,5,578.056477
9.126057,32,578.61708
2.698867,22,579.117918
3.972225,29,579.618232
-4.620276,7,579.762849
-8.4,6,579.872088
-1.023379,31,580.494551
38.949812,85,582.035239
-7.327944,6,582.186262
-5.403753,8,582.353313
-3.342489,10,582.620709
28.862662,72,583.873717
-7.835449,4,583.967883
-10.138582,2,584.041308
1.737808,22,584.497493
-5.719327,9,584.693978
-1.233879,14,584.952985
-4.901797,12,585.188866
33.617283,70,586.632105
-10.0,1,586.677805
-8.431874,4,586.784989
-4.38431,15,587.16724
-7.763107,21,587.694583
21.711182,52,588.77573
15.651469,40,589.576658
1.086606,27,590.094607
-7.56,6,590.300787
3.263433,20,590.672193
-6.535539,6,590.809341
-1.040163,19,591.150226
0.684779,18,591.572487
-9.0,4,591.665024
15.04932,42,592.452968
-9.32,2,592.536619
-9.353753,3,592.720995
-10.0,1,592.760618
-1.604117,17,593.103685
-10.0,1,593.140234
11.279269,42,594.179744
3.373489,19,594.615906
-0.957179,11,594.85311
-4.38967,11,595.117404
13.471084,26,595.724162
-10.0,1,595.765906
-10.0,1,595.805523
-8.480693,4,595.910382
14.549244,36,596.699457
-7.090658,4,596.806131
0.646516,14,597.108723
-4.355765,17,597.431026
27.351176,70,598.840698
-9.116334,2,598.918912
18.737348,44,599.730468
-4.509073,10,599.92109
-8.518958,17,600.35178
-4.658354,7,600.486065
-7.941791,4,600.574114
-10.0,1,600.637559
-8.860193,11,600.929593
1.842201,29,601.516143
-4.884495,7,601.653151
0.859566,12,601.874516
-8.349124,8,602.121863
-7.046172,5,602.256995
-10.0,1,602.294052
-10.650763,10,602.476695
-5.032958,6,602.697487
-7.691713,7,602.848058
9.56968,43,603.59845
-9.07656,2,603.67036
-2.33992,11,603.960272
0.274016,18,604.279129
-6.762689,8,604.444888
-4.410876,10,604.668762
-4.308064,11,604.935388
-0.107188,21,605.40939
-5.479721,23,605.865797
-3.95376,11,606.12237
14.310353,35,606.866453
-0.032074,21,607.272384
-8.943581,4,607.379415
-5.532007,8,607.544105
-9.32,2,607.701383
16.565478,35,608.369881
48.571241,67,609.602044
-10.864855,3,609.693778
-8.2,6,609.894908
-6.865817,11,610.118424
-6.351521,5,610.227344
-0.362767,23,610.654891
-8.24,5,610.845956
-7.829353,4,610.939247
10.855041,32,611.561427
14.760896,33,612.202642
-2.303357,12,612.513138
-8.44,4,612.610639
-10.0,1,612.651678
0.37811,20,613.044813
25.434858,52,614.109428
-10.0,1,614.144377
-9.054715,2,614.220236
-6.527451,8,614.39292
0.936557,18,614.821666
-9.104886,2,614.896791
-3.179585,8,615.065897
3.1634,20,615.456604
-8.111133,6,615.666634
-0.217291,17,615.993127
7.437781,43,616.834205
-5.940887,7,616.995347
-3.578508,13,617.389294
-4.146661,8,617.556108
-8.260898,6,617.693136
-8.180824,5,617.804689
-9.32,2,617.947034
2.516703,21,618.395528
-6.256896,16,618.738758
-9.036057,3,618.811885
-5.714685,9,619.080741
4.566668,23,619.494502
-7.980128,10,619.712734
-7.96,3,619.806109
-6.057381,7,620.014832
19.102722,49,620.936676
-1.417716,15,621.203784
-10.130974,3,621.287502
-1.22303,12,621.591468
-1.819691,10,621.804586
5.29168,23,622.200138
-4.275715,15,622.50336
5.101564,17,622.886984
-1.243605,13,623.156846
-5.077267,18,623.47101
13.672659,42,624.235216
1.048057,20,624.730991
-0.291753,21,625.123921
-8.376191,5,625.233667
2.928191,25,625.678332
-2.148144,14,626.043891
-9.09004,3,626.130068
5.173316,22,626.546853
-10.779905,4,626.645495
-5.877252,6,626.874134
15.627247,35,627.543743
5.576693,39,628.34406
14.227191,43,629.22115
0.793639,15,629.605165
6.720635,31,630.259226
-6.013722,6,630.411609
11.335629,34,631.06488
37.386396,53,632.257014
-3.159713,8,632.440125
-5.509261,7,632.587919
-8.24,5,632.739323
-6.718402,22,633.241931
5.965928,26,633.763
-10.0,1,633.804224
-1.598523,12,634.048087
-2.355505,14,634.391116
0.760867,12,634.617345
-9.0,2,634.696777
16.03017,40,635.488367
-7.307166,8,635.75299
-10.0,1,635.790572
7.406036,34,636.491238
3.847451,25,636.970443
39.582065,67,638.291224
2.145555,24,638.774531
8.149495,30,639.328516
-7.10125,5,639.440626
-5.251768,6,639.671579
12.204232,31,640.27477
20.935989,51,641.208458
11.090101,30,641.773749
6.973749,28,642.388186
28.295475,58,643.446081
-9.32,2,643.520126
-8.8,3,643.596485
4.412463,40,644.420033
9.96345,35,645.094945
-0.350594,15,645.393207
-3.62409,10,645.613611
16.370644,45,646.475696
-10.0,1,646.510077
-5.798441,8,646.671724
-10.0,1,646.704609
13.955229,46,647.601824
-10.0,1,647.634186
5.821112,29,648.123938
22.393896,59,649.147879
0.619178,15,649.505582
4.532294,18,649.817501
-6.916069,7,649.969729
-10.0,1,650.003356
-6.0,6,650.239999
-4.165955,7,650.386025
14.036218,34,650.962848
35.258165,69,652.102793
-0.07726,13,652.447513
10.298271,24,652.867508
-7.199503,4,652.961462
-7.547333,4,653.052649
40.876783,63,654.243227
-4.193017,7,654.390351
-9.32,2,654.466144
22.391899,45,655.260901
9.787614,47,656.206709
2.702095,20,656.568841
3.511684,24,657.00083
-6.078921,8,657.166914
-2.219534,15,657.505002
4.88753,20,657.834522
-2.331368,9,658.012272
27.846948,80,659.291972
14.69395,40,660.0284
19.010765,44,660.753875
-9.32,2,660.800462
-3.266934,8,660.948969
-4.788563,7,661.155174
-1.574333,21,661.506467
-8.0,4,661.602036
5.3423,19,661.943721
0.279461,17,662.306661
-8.48,2,662.386404
-4.646588,7,662.50333
-1.144148,16,662.795455
-3.240775,14,663.174505
11.74806,30,663.694905
-10.0,1,663.756982
-4.074082,32,664.34185
-9.21145,8,664.566912
-0.653716,16,664.879098
-8.34148,3,664.93209
2.634743,24,665.407919
-1.898461,10,665.698442
1.88032,27,666.261839
-1.197103,16,666.561611
21.995452,47,667.391484
-4.771961,17,667.845658
-6.290349,6,667.971452
0.389123,17,668.295209
19.780423,58,669.499646
-1.773782,12,669.834893
-8.180834,5,669.938673
-5.226084,8,670.100871
-1.244514,12,670.337964
-9.32,2,670.498153
12.864563,47,671.362854
-7.118794,9,671.584496
4.60829,21,672.017356
-7.253976,4,672.206781
-2.014452,24,672.744189
1.759477,24,673.255007
18.728347,47,674.235921
3.103312,27,674.861596
7.366873,29,675.40714
36.668905,75,676.808827
-8.042448,3,676.887655
23.7723,61,678.018976
-6.491356,6,678.15828
3.762446,21,678.548841
-5.806015,8,678.724105
13.576985,39,679.524023
0.87025,21,679.923782
-8.8,3,680.009097
-7.425316,4,680.108809
7.532578,25,680.655358
-7.775666,23,681.075255
5.753262,32,681.656275
48.211545,81,683.046349
-5.0,6,683.277382
-6.745185,8,683.440137
-6.378821,6,683.557602
-9.32,2,683.625631
2.168452,19,684.094078
-3.36942,9,684.329014
-10.0,2,684.386686
-10.0,1,684.425001
8.634987,22,684.951917
-7.608543,6,685.075346
-1.295541,19,685.455987
4.289084,42,686.289704
-5.141119,6,686.47987
-6.56189,9,686.644528
-1.161295,11,686.860669
-10.0,1,686.896685
10.428607,40,687.680832
6.92825,28,688.183969
-7.713637,5,688.309655
-10.0,1,688.345454
-2.72748,11,688.652045
-7.513565,12,688.876681
-9.32,2,688.923171
22.344324,64,689.992185
-0.37005,18,690.393737
-5.049624,13,690.629651
-10.766834,6,690.743634
-8.762873,3,690.826162
-4.884158,7,691.036573
-5.566324,12,691.282848
-3.309525,24,691.721111
-7.502356,7,691.870862
1.360733,17,692.250673
-4.392719,13,692.488918
-2.523623,19,692.864294
-9.116634,6,693.02186
4.793112,22,693.531277
-2.58583,11,693.743004
0.617095,22,694.147895
-4.476874,9,694.314242
-9.32,2,694.456592
-6.155619,9,694.63109
19.179031,32,695.16824
11.350565,37,695.818816
-3.14341,8,696.032982
18.958168,48,696.815221
-11.134045,4,696.914136
-4.735732,14,697.200004
6.271254,31,697.838663
21.15166,51,698.679645
-6.082465,5,698.81645
13.491656,34,699.408648
-2.951118,9,699.642957
2.570973,20,699.996757
-7.049904,4,700.081396
0.966049,16,700.372668
-7.358165,5,700.592833
-3.26863,9,700.764559
-2.482319,25,701.197323
-6.511199,11,701.433101
-9.32,2,701.56185
-9.32,2,701.636881
-10.027202,2,701.682546
6.471435,32,702.282328
-7.077813,6,702.517676
35.430076,71,703.999514
28.953134,57,705.087366
-10.048566,3,705.170403
3.083949,22,705.683927
-7.491373,11,705.936028
-1.768728,23,706.391045
-1.970712,12,706.611794
-8.24,5,706.790075
-0.508319,21,707.196844
-1.204553,13,707.468255
-8.2,6,707.636479
-5.319291,6,707.825704
21.966811,45,708.676959
13.803279,49,709.515601
-10.0,1,709.546597
3.972664,18,710.008627
-8.057545,4,710.09938
-8.7403,5,710.203172
-7.041743,4,710.297104
8.409077,33,710.98316
-3.995868,9,711.134364
-0.455318,17,711.457133
-10.068225,2,711.50495
8.517901,26,712.048147
49.245039,76,713.360515
-10.0,1,713.391259
-9.021529,2,713.433653
-8.24,5,713.664414
-0.271884,21,714.044024
15.025347,41,714.7778
-1.452426,15,715.063967
-1.463984,12,715.377708
-6.9042,7,715.529095
-8.44,4,715.699548
-10.0,1,715.737058
17.112279,47,716.634979
-9.32,2,716.681319
29.597162,80,718.087174
5.248854,30,718.651805
-10.0,1,718.756708
5.539196,21,719.19512
22.8087,46,719.941359
10.174797,34,720.48814
-9.32,2,720.643395
-1.036677,10,720.819338
-1.020302,12,721.037294
7.271646,29,721.522906
-6.096834,5,721.719917
2.095439,15,721.97406
34.641192,69,723.242664
13.376445,39,723.959797
-8.315437,3,724.118377
8.466914,28,724.70724
13.082877,38,725.406842
-10.0,1,725.444242
-3.489847,11,725.74061
1.77549,17,726.030845
-1.802013,15,726.308559
0.888328,23,726.713527
-9.608453,21,727.213788
11.872894,26,727.662349
-9.32,2,727.736971
-10.0,1,727.77818
-2.169113,14,728.114858
-8.2,6,728.268142
-8.44,4,728.36732
61.024863,79,729.823606
-10.0,1,729.924951
3.372218,21,730.295633
64.487644,87,731.829606
-3.157331,8,731.981359
-9.32,2,732.101384
12.869193,39,732.809947
4.944356,21,733.205819
-7.30652,12,733.436497
-4.08079,7,733.659339
9.764962,24,734.147054
-6.503983,8,734.323763
-8.798355,3,734.414506
-6.494998,7,734.647442
22.835811,53,735.663667
-7.431372,5,735.797705
16.357519,48,736.62138
-5.464739,11,736.91512
17.904402,53,737.894877
3.579278,21,738.308247
-5.616843,7,738.452243
3.536173,22,738.968868
-8.069601,9,739.16072
-9.373331,3,739.236476
-10.0,1,739.272491
-8.599272,3,739.429254
3.558994,16,739.712763
-9.16,1,739.757777
2.855955,23,740.222245
0.946172,27,740.943751
2.641009,21,741.410325
2.37087,16,741.704951
-6.054732,11,741.900872
-4.394011,7,742.120368
-10.85358,2,742.222339
-8.011414,4,742.348984
0.219789,18,742.677745
-4.212494,7,742.9128
-2.879917,13,743.148345
15.395369,47,744.083355
-10.0,1,744.115741
-4.736649,10,744.413469
-6.269322,7,744.543939
6.664432,29,745.064839
11.526539,32,745.705612
13.599796,38,746.474299
-9.02125,2,746.548881
-10.0,1,746.597831
-10.0,1,746.645564
-10.0,1,746.764858
55.0515,77,748.176076
22.587928,52,749.079708
-8.8,3,749.131378
30.263721,51,750.137616
-10.0,1,750.16778
-8.8,3,750.251166
-4.192408,12,750.488949
-8.332365,4,750.664126
3.425243,20,751.001509
-6.507373,6,751.139685
-8.548447,12,751.352747
-5.28893,6,751.525887
21.68072,47,752.313337
-8.66287,3,752.394758
-5.366352,12,752.607876
-8.8,3,752.72182
4.690745,27,753.181392
9.233697,42,753.883809
-4.860277,9,754.049062
10.134746,30,754.633859
-6.011937,7,754.778167
0.239716,22,755.179018
19.250343,57,756.107888
-8.269613,4,756.282955
-8.001845,3,756.362827
-1.968223,18,756.656044
-6.810722,13,756.881435
-0.162583,14,757.212396
-7.376659,7,757.346135
5.428107,24,757.758241
-3.782433,12,757.96666
-10.0,1,758.088629
-8.175442,11,758.29145
-8.910198,16,758.563809
20.294727,64,759.614602
26.204863,45,760.488838
-9.01424,2,760.53055
0.219843,17,760.86996
19.520461,49,761.710845
4.099983,26,762.233335
-7.0,4,762.317301
1.590056,17,762.63657
14.25436,36,763.320634
3.594133,18,763.811966
9.399843,32,764.360914
3.840467,29,764.874976
39.331691,76,766.23139
-9.32,2,766.378359
4.826075,29,766.877204
16.00862,38,767.51435
0.873577,16,767.79488
-4.189909,16,768.141976
-9.32,2,768.184221
-4.444856,15,768.460438
-8.432074,3,768.531898
-10.027018,2,768.646834
-8.269916,4,768.734972
48.536743,91,770.249796
14.827796,35,770.855653
-10.0,1,770.975125
5.744784,21,771.347515
22.218352,49,772.206655
-1.045248,20,772.553379
14.467055,60,773.701363
29.128797,48,774.501327
2.306364,14,774.776102
27.635282,64,775.839079
-10.0,1,775.93763
6.057987,28,776.475516
6.364633,37,777.098253
4.469527,29,777.600629
5.038523,20,778.025692
-0.867244,23,778.399706
10.965169,35,779.004735
5.221254,22,779.38897
4.356673,26,779.910344
-3.566318,9,780.069832
-6.0,5,780.188129
6.641203,26,780.610062
-2.115836,15,780.961872
-6.843717,7,781.099944
14.400891,41,781.794388
-0.096675,13,782.033498
15.605485,45,782.859057
-0.511744,12,783.078036
-12.202776,11,783.293117
-0.497511,17,783.583564
-6.2666,8,783.829716
-7.19982,10,784.030596
-10.0,1,784.061242
-0.66005,25,784.497265
-10.0,1,784.647652
-8.433848,7,784.770479
1.650937,15,785.046233
-9.32,2,785.113515
-3.843496,9,785.382907
26.806601,57,786.321613
-3.319671,13,786.550873
4.063498,26,787.032175
-3.113975,15,787.384028
-3.936407,11,787.570948
-7.295853,5,787.698828
-8.8,3,787.749405
-0.600758,13,788.076214
37.777196,91,789.551022
9.914057,32,790.10292
1.995182,16,790.409975
-6.555046,9,790.686286
-6.907994,5,790.792338
-10.0,1,790.824831
-5.671337,9,791.00712
11.5527,31,791.637121
14.383435,43,792.425971
1.238548,16,792.744355
-5.01424,6,792.862628
-0.231727,23,793.370626
-4.71171,10,793.579494
30.125685,56,794.556431
-8.710073,3,794.609115
11.810025,27,795.153927
5.386506,19,795.484181
1.314005,14,795.734132
6.047947,21,796.128705
-3.683264,14,796.430694
0.982501,15,796.701105
-0.379238,25,797.122808
0.178212,12,797.3444
8.632758,27,797.869073
10.76316,43,798.590204
10.491062,36,799.211081
8.189701,36,799.80644
6.95956,29,800.363692
-2.259975,11,800.568574
-9.32,2,800.613066
-9.32,2,800.682493
-7.283119,9,800.933058
-9.082845,2,800.975528
-6.183179,7,801.127506
-7.923012,5,801.222463
-8.033116,3,801.388225
54.544509,87,802.937182
-7.165625,9,803.109941
-3.375429,10,803.309114
4.015731,33,803.962059
42.735087,65,805.033633
-10.0,1,805.065854
-8.155642,4,805.155662
-3.093075,13,805.492556
-3.11983,9,805.646843
-5.006262,9,805.812108
-6.705579,8,805.968194
-5.659146,12,806.249459
15.706187,35,806.820413
2.598107,28,807.307009
4.310756,18,807.600296
-2.841448,19,808.024627
-9.018605,2,808.09603
5.893817,21,808.486805
-2.62831,13,808.735289
-1.474483,13,809.030732
0.168158,14,809.355165
-2.783279,17,809.656687
7.639602,20,810.00807
-4.958934,11,810.314617
-5.490056,13,810.543497
-9.01424,2,810.618281
8.517226,32,811.178743
-5.478312,13,811.493458
-10.0,1,811.528063
14.923826,37,812.16537
10.020587,36,812.775192
-10.0,1,812.907972
-5.531107,7,813.034653
-10.0,1,813.093879
8.279121,28,813.567813
-5.878704,10,813.832819
6.061976,35,814.424286
1.651907,18,814.725276
2.865436,21,815.10569
37.672131,86,816.57511
-10.0,1,816.606102
10.282901,25,817.037046
-4.655453,10,817.210886
16.75472,34,817.873333
21.925112,47,818.638728
-6.713224,7,818.7882
1.862112,20,819.128174
-6.558376,8,819.361766
-8.32,7,819.506899
7.919126,23,819.90721
9.629584,37,820.514771
3.259081,18,820.88825
-0.447696,21,821.27397
3.562026,18,821.5711
6.415939,21,821.921499
59.977342,84,823.445107
11.411159,33,824.080876
18.78259,55,825.056066
7.675122,21,825.434741
18.347662,42,826.266407
7.123309,30,826.889807
14.492081,56,827.936035
-1.672037,11,828.125335
-8.24,5,828.33424
0.140047,14,828.59251
-5.848018,9,828.794321
57.425033,90,830.494738
-1.466659,12,830.802747
9.794111,39,831.483657
0.498888,13,831.716324
-10.0,1,831.747794
1.497267,17,832.188525
12.635653,38,832.850081
0.55784,22,833.307887
27.619001,60,834.345886
12.075973,30,834.93475
-8.033472,3,835.028113
10.414569,38,835.739738
-3.114877,16,836.068617
-9.32,2,836.241636
9.682486,32,836.799482
-10.0,1,836.8349
3.552326,27,837.297907
18.132135,54,838.268535
5.836374,25,838.702278
1.381328,26,839.297587
-9.022729,2,839.340089
8.612705,38,840.117992
16.614448,41,840.941206
-7.758416,4,841.0378
-10.0,1,841.072261
-7.06026,6,841.291846
17.733733,48,842.095855
-3.282301,19,842.527111
1.123754,14,842.813482
-5.343607,6,843.033133
-10.0,1,843.069207
-3.756089,13,843.307231
-5.686304,9,843.493838
-2.275865,9,843.799575
-9.32,2,843.861492
3.827513,27,844.409405
-2.207336,18,844.718251
-3.823877,11,845.008098
-9.32,2,845.084258
-12.0,2,845.137897
-10.0,1,845.173207
-8.8,3,845.35869
16.615513,40,846.167454
-3.433627,8,846.316343
-8.44,4,846.438946
10.009008,30,847.197863
-7.961713,7,847.335884
9.096137,27,847.842146
3.240988,26,848.392772
-9.173205,2,848.519993
-4.872134,7,848.674304
-6.042083,5,848.767233
-3.396089,9,848.92598
0.579456,12,849.254369
-10.0,1,849.325587
-10.0,1,849.367706
-6.833085,5,849.480268
-6.245885,8,849.728196
2.84348,29,850.281176
9.940451,24,850.761616
8.478607,27,851.240147
-12.042,3,851.406019
-6.040003,5,851.499603
24.071365,47,852.358849
-10.0,1,852.391116
-4.187262,8,852.630966
12.473708,37,853.315392
16.434902,64,854.429611
-0.351477,11,854.637967
7.948989,34,855.316455
-4.589569,7,855.434266
-1.470551,19,855.81175
27.156814,76,857.123667
-4.702329,9,857.38412
0.856192,19,857.715459
-2.708493,20,858.098277
-1.281686,11,858.312988
-6.041281,5,858.504271
-3.052654,9,858.679155
-0.126013,17,859.031876
-7.206046,21,859.416835
-10.0,1,859.51619
-1.819001,10,859.738533
15.692702,34,860.359449
61.821783,80,861.919396
-6.812571,5,862.119738
-2.52283,17,862.484029
-8.671273,5,862.607282
-9.0,2,862.667472
-8.24,5,862.898685
-7.294826,6,863.042812
-10.0,1,863.083474
-7.681572,5,863.229393
18.103813,48,864.153984
-7.983939,5,864.253991
-8.131824,10,864.430587
-7.22191,5,864.568616
19.103476,47,865.581716
-9.846222,3,865.661826
12.162848,30,866.196928
-5.612903,7,866.321496
39.131557,109,868.509762
5.417356,23,868.902185
-4.01424,8,869.100928
44.284209,73,870.45961
62.568429,88,872.157589
-10.0,1,872.199872
18.024497,36,872.893576
17.306438,34,873.539995
2.133884,17,874.039667
11.973562,38,874.801914
-2.491198,10,875.018272
-7.874535,9,875.198617
-9.310981,2,875.30377
-1.415691,19,875.719304
-6.394667,5,875.81853
-5.360408,7,876.004043
3.787948,17,876.472825
-0.082103,17,876.894632
-5.233256,11,877.120773
-3.842453,8,877.301004
7.174119,22,877.834968
-4.981942,11,878.046922
-8.96,4,878.149023
59.344599,87,879.740956
47.050313,87,881.596031
-2.644677,30,882.33707
4.696454,27,882.994364
23.964943,55,884.247752
2.98221,21,884.725452
-6.732181,5,884.915782
1.88619,17,885.215463
-7.034706,6,885.354118
-8.44,4,885.527717
12.760608,24,886.049115
-10.0,1,886.11445
39.556665,76,887.606633
-1.358072,15,887.935625
1.591295,19,888.365761
-10.0,1,888.397846
-2.134671,11,888.610945
-8.298586,7,888.890516
5.658614,21,889.284288
0.065004,16,889.591801
-10.0,1,889.634762
-1.845692,18,890.123595
2.727788,17,890.429007
-9.32,2,890.511578
-6.999346,10,890.720607
61.550158,85,892.486144
-0.889974,20,892.923827
12.884105,37,893.622315
3.964583,18,894.000616
2.326054,14,894.391026
20.733649,47,895.222861
2.490324,21,895.587768
20.899046,45,896.371556
-8.108272,4,896.547282
2.018627,14,896.786177
-8.8,3,896.887588
-10.0,1,896.926883
6.058104,20,897.41014
-10.0,1,897.485185
-8.632998,3,897.536796
-10.0,1,897.592757
11.071175,32,898.321409
40.751293,87,899.916723
-2.220931,17,900.30276
-2.068277,10,900.478961
-5.028279,6,900.717418
17.582718,37,901.369191
-9.064179,2,901.42259
-0.813237,16,901.771544
-4.522259,12,902.089038
-6.114857,5,902.239376
-3.662569,11,902.444945
-5.102888,8,902.601046
28.863902,58,903.821807
1.963704,15,904.094728
-6.660217,13,904.328763
32.509714,71,905.556288
33.478,62,906.865754
-3.746885,11,907.105164
-10.0,1,907.137699
1.357953,17,907.463597
1.681684,21,908.014925
47.818401,67,909.150295
7.777682,27,909.63681
19.873747,50,910.635586
-8.374063,4,910.803855
13.165643,36,911.448604
-2.140606,9,911.629214
11.97417,36,912.318995
-3.048678,19,912.833365
-1.55351,13,913.100602
5.825477,20,913.457137
-5.360975,6,913.564133
-7.153204,5,913.793766
-7.431689,4,913.902233
-9.008448,2,913.952956
-8.2,6,914.098685
-9.060313,2,914.210738
-1.320637,28,914.701317
11.782003,36,915.391129
-10.0,1,915.428065
42.58277,64,916.622377
-5.072501,11,916.823377
11.581244,40,917.483796
45.127417,71,918.709501
-2.336557,21,919.172465
26.306205,79,920.641279
-5.875756,8,920.808718
-4.892428,9,920.970562
-4.808249,20,921.42327
-8.003922,7,921.593611
32.204219,61,922.672675
-5.15699,9,922.87817
2.024198,16,923.245783
-3.796516,13,923.498226
12.02911,58,924.457344
36.080573,54,925.396656
-1.817333,17,925.764961
-8.793112,3,925.844417
12.48231,37,926.470315
-9.196523,2,926.508721
7.852649,24,927.072717
-8.2,6,927.204965
5.641534,19,927.621358
11.714597,39,928.481499
25.94966,63,929.638297
-0.463881,22,930.053092
-8.44,4,930.176359
-2.085194,11,930.378153
0.895298,25,930.928709
-9.48,3,930.985765
11.040914,47,931.830419
-9.32,2,931.897673
27.019337,45,932.689996
-10.0,1,932.723717
3.874744,20,933.0805
-7.136848,4,933.177459
-10.0,1,933.276692
-10.0,1,933.341032
40.200174,88,934.961265
-5.240877,11,935.149851
5.885984,26,935.692803
2.875482,26,936.170993
-0.647872,14,936.468195
8.723462,30,936.99151
54.663707,71,938.39082
6.199295,25,938.915753
-1.848704,16,939.234931
6.331676,28,939.73496
-8.0,3,939.895663
24.337767,58,940.874702
1.766495,13,941.127594
-1.760578,11,941.346786
42.692534,68,942.691702
4.502675,22,943.115051
14.748141,36,943.807935
-10.0,1,943.844102
11.229461,29,944.485302
18.365207,51,945.410199
-6.402386,12,945.723926
1.98123,18,946.085923
-8.8,3,946.263004
-10.0,1,946.303895
21.672252,51,947.202021
-3.064182,14,947.474298
20.641607,39,948.289237
-8.391705,5,948.389658
11.349197,30,948.944045
14.980739,34,949.56861
-10.0,1,949.673789
21.412381,53,950.627331
-7.98841,10,950.802112
7.355831,23,951.214776
2.99944,29,951.786919
17.616587,97,953.657786
4.066728,20,954.040031
-10.0,1,954.104985
41.379384,84,955.800718
17.471947,45,956.607261
-9.476689,3,956.691926
26.315433,50,957.588588
-8.419054,4,957.76368
-1.774946,13,958.005656
30.39367,46,958.797934
48.357203,87,960.392542
22.342062,48,961.323154
-9.089203,2,961.37245
-7.088363,8,961.531946
1.615895,16,961.82866
-5.742242,14,962.259806
8.359113,23,962.690537
-1.396953,17,963.039144
9.404345,21,963.420108
35.665864,82,965.017577
-5.455141,7,965.166077
27.732738,44,965.879751
-9.859502,3,965.967203
0.556806,13,966.326011
16.792896,43,967.108066
17.604902,47,967.943146
0.476198,12,968.170605
-8.8,3,968.290779
7.383219,25,968.73739
-2.098001,13,968.970556
-3.719667,21,969.332195
0.045158,15,969.748336
60.842302,80,971.175771
-1.956861,11,971.38857
-9.0,2,971.433646
-0.39661,18,971.939803
-5.058087,11,972.161861
-9.32,2,972.237399
-8.034962,3,972.314316
-10.0,1,972.418008
-3.148348,13,972.706306
6.190731,32,973.310165
65.871318,71,974.5058
9.622916,30,975.115279
2.773868,24,975.559096
13.388872,39,976.255832
14.143351,34,976.843448
1.057376,19,977.255333
9.234115,22,977.642461
-0.868046,15,977.920773
-3.892348,8,978.077644
-1.580418,11,978.355527
-0.666348,15,978.653954
-7.081995,8,978.813944
13.839655,38,979.524323
-6.159164,5,979.692022
1.794562,27,980.162778
0.899745,14,980.41144
-9.16,1,980.457935
12.685209,32,981.106779
16.6589,39,981.922253
36.760051,82,983.334987
15.909041,39,984.015883
-5.191675,7,984.289658
0.763623,14,984.562321
11.226857,35,985.163925
0.766148,18,985.49073
-5.521181,10,985.734632
35.150232,90,987.366081
-1.457665,21,987.74599
-9.160545,11,987.961017
13.89667,37,988.640235
-6.540829,11,988.854287
-0.573327,14,989.107735
-9.0,2,989.185346
-9.16,1,989.305712
-10.0,1,989.337669
16.106078,44,990.155915
-8.32,7,990.311879
-4.839877,8,990.561082
-8.44,4,990.690059
-9.120257,2,990.782933
-4.902243,18,991.127113
-8.24,5,991.293803
-8.364045,6,991.435936
0.530041,13,991.663532
29.833105,68,992.838496
11.967134,28,993.44577
-3.225993,13,993.703323
13.089539,44,994.456546
-8.636297,4,994.551566
-3.003232,10,994.911894
-6.15949,6,995.046083
1.246285,20,995.505569
61.364143,93,997.308665
35.039176,68,998.864111
-4.732664,12,999.161252
0.330513,20,999.6387
-6.526655,5,999.768247
-4.109789,7,1000.022841
-10.0,1,1000.062397
-1.046242,13,1000.3203
-3.050559,9,1000.504215
8.389162,40,1001.309477
-2.565631,18,1001.751247
0.030238,21,1002.230998
3.627101,19,1002.623351
-8.34495,7,1002.828532
-2.544185,17,1003.158606
78.674224,104,1005.410306
36.902045,83,1007.038447
-2.138926,11,1007.309042
17.514205,39,1008.007621
20.225034,59,1009.26245
0.351768,15,1009.552121
3.798326,26,1010.149145
9.278,25,1010.603904
-8.122675,4,1010.694983
10.755902,31,1011.248384
-0.74922,16,1011.674302
-9.011491,2,1011.748189
-6.74299,17,1012.05419
31.590884,84,1013.602146
4.07643,24,1014.203251
-10.0,1,1014.237488
14.686532,48,1015.149153
27.355334,67,1016.323575
45.29241,98,1018.060609
-10.0,1,1018.127612
0.067466,17,1018.438574
-3.363134,15,1018.731836
-6.614032,7,1018.922528
-6.197619,9,1019.107228
-5.015487,8,1019.263148
-9.32,2,1019.306952
0.896555,15,1019.653093
-3.08862,17,1019.95145
-9.064188,2,1020.016176
-4.087667,8,1020.171679
3.314491,21,1020.686256
0.627914,16,1020.968174
-3.083301,10,1021.14364
-2.986673,23,1021.556136
-5.669338,10,1021.857591
23.788195,54,1022.767221
0.700815,14,1023.010774
-7.700417,7,1023.130644
-8.0,3,1023.29013
-8.051203,3,1023.368805
3.350743,22,1023.751873
-8.067279,3,1023.836698
-7.934041,6,1024.058985
-10.0,1,1024.094906
-4.750532,9,1024.256104
34.962451,57,1025.242988
-11.548467,3,1025.396158
13.744054,33,1025.983743
-2.147696,17,1026.353852
25.973449,50,1027.296369
-10.0,1,1027.400626
8.087828,29,1027.955304
-7.8,6,1028.078039
5.501788,33,1028.651186
-2.316084,11,1028.935338
1.041609,26,1029.39685
14.645293,29,1029.892062
13.293497,38,1030.524225
6.409185,30,1031.175614
-10.0,1,1031.207284
30.159666,59,1032.270987
5.971174,28,1032.910764
-3.945408,8,1033.182335
-6.269343,11,1033.439239
-6.038796,6,1033.558794
-10.0,1,1033.599586
-0.4,16,1034.004323
3.461349,29,1034.543488
0.218807,17,1034.885169
1.537413,14,1035.122328
-8.081826,8,1035.363229
-5.96179,11,1035.587695
-6.095173,5,1035.700724
32.38662,69,1036.868349
32.347583,68,1038.062244
0.826955,14,1038.304616
-4.505142,17,1038.590596
5.045317,28,1039.066123
-5.888843,12,1039.372766
7.287742,31,1039.899432
-10.0,1,1039.930495
-3.47994,12,1040.145073
-4.867271,19,1040.559455
3.745409,20,1040.912085
7.525132,28,1041.392277
-6.248837,14,1041.661342
-0.578024,11,1041.938777
0.682398,12,1042.148661
0.802953,16,1042.431572
-1.315856,15,1042.720082
-5.367319,12,1043.029416
35.949471,62,1044.07921
0.019757,21,1044.445052
-8.435256,4,1044.54285
5.162029,38,1045.269634
-4.306547,10,1045.468755
15.119964,38,1046.087007
3.894286,22,1046.483756
-8.063,8,1046.728456
45.980225,97,1048.400752
-6.334464,5,1048.495144
-7.486836,9,1048.681885
5.891342,27,1049.185323
15.520641,49,1050.033638
46.662667,81,1051.438388
-9.073124,2,1051.480041
32.318691,58,1052.627406
11.682921,40,1053.311117
-10.0,1,1053.344828
51.017189,88,1054.797906
-6.337826,7,1055.016403
58.065818,84,1056.395254
-9.273785,2,1056.438885
10.527509,48,1057.237153
-3.760452,10,1057.51211
3.121905,23,1057.91869
17.547516,46,1058.671177
11.48594,38,1059.304724
44.571928,75,1060.599782
-5.039363,8,1060.750579
0.215902,18,1061.07694
4.674048,19,1061.418777
10.286471,34,1062.153422
-5.818852,7,1062.313553
9.306918,38,1063.040776
47.108771,82,1064.4903
-8.708694,4,1064.665049
-7.0,4,1064.757867
-8.8,3,1064.83262
8.115517,20,1065.177485
-10.0,1,1065.297725
-8.03939,5,1065.402473
-10.0,1,1065.432229
15.470408,45,1066.320954
0.948415,15,1066.648547
9.594985,43,1067.392427
8.389559,29,1067.884508
-9.193103,2,1067.956998
4.290809,29,1068.550463
19.727995,48,1069.506755
-8.057699,3,1069.592074
-3.15671,12,1069.843634
-5.330599,9,1070.115221
-9.048816,2,1070.191633
21.773182,66,1071.337003
-2.165866,16,1071.638822
2.579758,21,1072.117243
11.807682,44,1072.94804
33.856623,84,1074.343891
4.132522,21,1074.732719
51.573472,92,1076.327167
11.252148,29,1076.844656
-9.0,2,1076.885766
-9.601734,5,1077.015673
-4.342536,13,1077.351555
37.954299,75,1078.624056
32.906161,83,1079.976111
-5.638871,10,1080.174351
1.290058,17,1080.532005
23.819392,51,1081.377906
-10.107342,3,1081.457265
4.237994,21,1081.825185
0.128349,16,1082.174332
2.828086,17,1082.452731
-6.162896,11,1082.66536
-1.478134,13,1082.88582
5.317346,31,1083.494789
44.809175,77,1084.766929
23.917153,40,1085.442519
12.269424,29,1085.978516
5.727465,20,1086.439281
3.417856,23,1086.848403
16.589759,37,1087.459808
1.890955,18,1087.818442
-3.786772,9,1088.064784
4.039053,25,1088.527398
4.454572,32,1089.10812
3.90689,15,1089.38215
17.48905,43,1090.236444
-7.109364,7,1090.399163
17.042586,42,1091.128738
1.147685,14,1091.417424
19.229824,41,1092.219145
21.717367,53,1093.258368
2.807765,18,1093.628112
17.794116,46,1094.491064
12.142345,40,1095.312109
12.767754,36,1096.057319
-3.983007,13,1096.384883
-1.431395,14,1096.672051
7.202067,28,1097.232251
1.127223,14,1097.468462
1.362032,19,1097.826579
-9.0,2,1097.898055
-8.342004,5,1098.07531
-5.017009,7,1098.220132
-7.947982,11,1098.411205
-4.208724,11,1098.625262
-7.064365,4,1098.785291
-9.32,2,1098.85225
-5.750416,11,1099.033291
-7.420007,10,1099.239903
32.918766,75,1100.628799
29.360053,52,1101.670856
14.033869,47,1102.562179
28.082154,52,1103.53342
25.167582,37,1104.331225
29.976528,54,1105.370033
28.969073,72,1106.658328
-3.564669,10,1106.877257
-3.786497,17,1107.276202
-9.196254,2,1107.324905
-6.772737,6,1107.474703
4.988237,19,1107.854142
-1.664834,15,1108.198715
6.842468,22,1108.63454
17.638135,41,1109.358996
-8.072098,3,1109.439965
54.191522,78,1110.886534
1.860579,16,1111.190613
5.962524,28,1111.723206
39.093587,63,1112.853674
46.878501,73,1114.244083
5.068954,21,1114.639117
61.230193,80,1116.035745
3.321572,27,1116.508168
11.387677,32,1117.15713
1.956305,15,1117.431852
-5.498856,6,1117.582489
-0.808013,13,1117.841319
10.368845,33,1118.536747
-8.012606,3,1118.622391
21.760242,49,1119.465955
-2.351707,12,1119.711218
-10.0,1,1119.813007
20.676307,49,1120.673951
6.089637,28,1121.173644
50.986012,84,1122.905757
37.407537,95,1124.732012
6.661019,25,1125.192043
-6.629083,7,1125.322307
4.190867,25,1125.877047
37.509705,120,1128.001645
-10.0,1,1128.037986
0.2941,14,1128.289501
29.702207,53,1129.22099
-9.885605,12,1129.571881
50.800628,85,1131.109392
4.590135,33,1131.714549
4.98898,22,1132.100178
-6.664235,8,1132.353558
7.46089,19,1132.755758
-7.737959,4,1132.847361
26.87325,59,1133.871979
-8.24,5,1134.087838
16.990246,52,1135.087401
7.929848,24,1135.522841
2.599252,25,1136.073061
-4.703127,14,1136.433067
-5.453365,7,1136.601686
26.079848,43,1137.557859
34.542164,68,1138.815771
-6.001719,5,1139.01246
11.962443,41,1139.739089
3.175605,26,1140.267696
-8.01912,3,1140.356647
46.823266,76,1141.933205
1.530951,24,1142.437918
34.421335,70,1143.711928
-8.323467,4,1143.810039
-9.060638,2,1143.923884
20.212731,59,1144.985195
-1.47401,17,1145.279727
9.123752,30,1145.836354
-6.188519,5,1146.00412
10.613673,24,1146.402222
1.228061,15,1146.683713
17.685364,42,1147.490203
3.576282,67,1148.828666
13.785371,36,1149.515717
-7.413804,4,1149.614853
33.404155,59,1150.652274
5.636676,20,1151.129142
10.855243,24,1151.559589
9.420008,34,1152.17225
-5.004664,10,1152.420125
13.641651,53,1153.483887
2.790754,26,1154.110093
68.19204,86,1155.60918
12.123589,35,1156.332224
3.203948,20,1156.795085
-2.0,9,1156.96298
19.679316,44,1157.728916
22.791396,42,1158.553484
-7.917072,5,1158.763238
39.881905,87,1160.398065
38.829127,80,1161.76675
1.167781,18,1162.072064
-8.23998,4,1162.26246
13.900726,30,1162.800078
-7.009917,4,1162.887415
-7.010122,5,1162.991338
-2.805436,11,1163.285252
0.582002,20,1163.650056
-10.0,1,1163.685514
7.881946,34,1164.243794
19.595013,60,1165.341755
17.287728,44,1166.086709
37.096603,81,1167.459217
2.795293,16,1167.747125
-9.020309,2,1167.857208
-3.442403,15,1168.134097
-2.682287,16,1168.437726
11.1604,31,1169.030848
57.567822,75,1170.414793
24.427301,68,1171.58874
-1.676132,12,1171.805799
18.529229,49,1172.71455
59.130774,81,1174.262413
-5.91934,6,1174.388628
0.684305,12,1174.636565
22.778969,68,1175.875042
-10.0,1,1176.003082
37.863936,60,1177.058414
41.871593,73,1178.273048
-1.150638,12,1178.491292
-0.645028,11,1178.780667
0.152103,19,1179.101572
-8.24,5,1179.223549
-8.049592,3,1179.276721
31.681913,56,1180.373518
17.484647,38,1181.060352
-3.578502,11,1181.268139
-5.193874,6,1181.383857
23.348937,49,1182.283389
32.451163,47,1183.163529
-4.518823,13,1183.401556
-7.032272,7,1183.571013
8.710406,31,1184.205819
49.584708,73,1185.463109
-0.09311,13,1185.729911
9.078438,40,1186.418952
28.00707,48,1187.275604
0.440767,19,1187.616466
21.616272,42,1188.348951
5.963404,22,1188.731438
-8.004554,3,1188.881789
12.010245,29,1189.378138
71.280019,92,1191.023336
-4.052703,8,1191.173253
-6.503927,5,1191.354133
0.685703,16,1191.636102
-5.014019,10,1191.837174
-3.083587,8,1191.982729
-2.969161,11,1192.268922
-2.010844,12,1192.492085
7.12726,28,1192.960339
-8.48,2,1193.014155
8.814804,34,1193.699038
-4.06072,8,1193.858236
-1.134748,13,1194.09579
-8.192098,3,1194.173725
5.906489,23,1194.639727
11.185263,54,1195.54621
14.284177,37,1196.173055
2.593318,21,1196.53085
-10.0,1,1196.665804
-8.122942,3,1196.717778
2.466918,47,1197.501191
23.643816,61,1198.513556
40.381165,79,1199.894533
-1.963734,14,1200.17146
-8.674126,3,1200.226391
4.754951,28,1200.706665
-7.491145,4,1200.87391
-3.074036,30,1201.396487
16.477209,51,1202.25472
29.221844,65,1203.329263
42.021687,74,1204.617228
13.911702,40,1205.284319
5.504746,35,1205.884669
-7.36,7,1206.03344
4.77094,26,1206.515426
-6.943408,7,1206.660764
-1.152668,10,1206.858168
39.631981,70,1208.054733
47.425408,82,1209.549909
63.46684,78,1210.920148
-6.0,5,1211.02288
32.191699,69,1212.273197
22.56346,62,1213.517247
3.143113,26,1214.030184
22.608359,56,1214.995234
9.257252,26,1215.425577
26.404446,61,1216.549724
-0.026019,22,1216.938818
10.377891,37,1217.542644
-3.069996,10,1217.738853
6.711124,24,1218.214319
33.186977,67,1219.30926
63.041824,72,1220.505489
-2.264372,13,1220.771373
-7.664956,24,1221.251944
2.662977,21,1221.608357
-3.175206,10,1221.773957
58.724353,93,1223.32616
66.283618,85,1224.83493
22.421761,43,1225.552441
14.982362,50,1226.37856
36.660966,85,1227.766168
-8.44,4,1227.951236
35.183578,58,1228.999167
19.894779,52,1229.891091
29.806132,50,1230.771565
-7.096574,4,1230.943973
15.302662,45,1231.703655
20.577636,35,1232.268507
28.047882,48,1233.113438
-10.0,1,1233.251975
-6.172894,7,1233.374162
4.326897,31,1233.954832
21.595169,80,1235.334002
16.679899,47,1236.253785
-10.253591,13,1236.482469
40.150869,85,1237.901267
-10.0,1,1237.960993
58.912605,68,1239.287507
70.865091,81,1240.609831
0.0,12,1240.826228
-0.247724,12,1241.05682
66.742346,91,1242.745822
29.677694,60,1243.957317
0.625607,13,1244.198666
-9.0,2,1244.236576
48.208501,67,1245.529015
-3.931758,19,1245.930268
21.113804,55,1246.920295
63.66243,91,1248.486083
22.484965,58,1249.581762
9.663748,29,1250.067894
13.245245,35,1250.720895
13.415519,38,1251.376683
-10.0,1,1251.530442
11.508062,31,1252.043004
2.641047,16,1252.327229
-7.561333,4,1252.41739
46.153009,86,1253.957452
-9.158886,2,1254.004001
38.123331,64,1255.101492
10.389179,34,1255.735245
8.630076,26,1256.242199
-5.016619,9,1256.43146
-1.369335,15,1256.688117
4.664437,30,1257.211575
72.960156,87,1258.748745
-1.361909,22,1259.120035
-0.434631,13,1259.342571
2.288377,20,1259.688069
5.853946,18,1260.075302
-3.330704,9,1260.23724
41.841428,78,1261.548866
23.169973,48,1262.348809
23.268897,59,1263.367094
0.747199,16,1263.649819
8.545458,33,1264.228347
-9.050807,2,1264.275952
-2.991808,11,1264.581714
36.410509,128,1266.603988
-8.372759,5,1266.706579
-7.009475,4,1266.796571
2.855348,21,1267.270203
18.64399,53,1268.231648
-9.025799,2,1268.279006
14.83446,55,1269.211656
62.050903,80,1270.603216
-7.76,5,1270.710976
-7.104595,5,1270.808274
3.414837,23,1271.213598
31.55455,56,1272.259036
18.726999,30,1272.820815
-7.032958,4,1272.912652
40.568742,78,1274.302064
14.195929,47,1275.213072
2.585204,24,1275.639589
-7.0,4,1275.745958
-2.0,9,1275.907967
27.864938,56,1276.909607
11.70715,37,1277.589105
26.844128,57,1278.657249
10.114391,31,1279.243844
46.487892,73,1280.653794
-1.279539,85,1282.190221
6.102666,27,1282.677412
14.617217,41,1283.405126
-5.350548,19,1283.837943
-4.530092,7,1283.960208
18.938443,42,1284.752902
5.619259,18,1285.053843
29.539847,74,1286.384604
0.116731,15,1286.649958
-10.0,1,1286.689153
46.184296,75,1287.943968
12.49385,37,1288.649576
14.903152,58,1289.628561
13.864539,39,1290.290057
-2.084365,9,1290.447968
-8.289892,6,1290.660464
15.346727,36,1291.269095
-0.916006,13,1291.492053
11.864696,36,1292.118109
1.22055,31,1292.73348
6.726107,35,1293.33348
57.655536,86,1294.756282
-4.844479,8,1294.911579
-3.337831,11,1295.192356
33.976854,56,1296.109455
-3.006255,12,1296.332774
25.751565,66,1297.410538
-10.0,1,1297.550274
1.328759,17,1297.85002
28.307469,52,1298.742635
-0.597739,15,1299.048831
63.327697,89,1300.690425
17.722691,42,1301.404007
11.443377,52,1302.273616
10.697039,23,1302.713719
9.433416,35,1303.399703
16.492775,48,1304.264299
44.424325,74,1305.50269
-5.901857,6,1305.636158
-2.876209,12,1305.941029
-4.1931,10,1306.115906
13.182229,40,1306.852875
-2.898796,10,1307.068827
-7.041431,11,1307.380489
-5.767023,7,1307.501979
12.259162,39,1308.164397
46.343651,130,1310.280463
13.230009,35,1310.975711
13.235277,39,1311.648296
23.695806,60,1312.65708
-0.21395,17,1312.960293
59.77706,85,1314.588561
2.090604,28,1315.133048
-8.44,4,1315.225844
-6.111152,12,1315.455596
-3.433411,12,1315.775177
21.907478,52,1316.678669
11.527556,31,1317.214441
-0.000204,128,1319.362845
6.559308,23,1319.826425
17.45133,36,1320.46498
-8.168753,4,1320.563492
23.716705,61,1321.624764
58.655566,81,1323.101892
-5.375143,6,1323.203995
-0.405722,22,1323.613302
15.171093,51,1324.44749
15.024208,43,1325.321787
-4.295875,9,1325.501659
-1.423118,17,1325.825333
-3.306174,8,1325.978602
-1.431864,13,1326.276879
13.210397,44,1327.001804
14.883482,40,1327.698922
-6.413623,11,1327.908048
-5.642234,7,1328.103984
-10.0,2,1328.179848
34.798072,66,1329.263759
-6.780408,6,1329.399054
0.997774,17,1329.763767
-5.114928,16,1330.051436
79.195982,102,1331.761281
-5.678009,17,1332.08604
-4.785548,11,1332.405203
9.855415,24,1332.917648
30.360178,49,1333.81375
28.448461,47,1334.625548
-0.75787,28,1335.176869
65.548402,88,1336.66675
-4.155047,7,1336.784502
33.866166,56,1337.696153
7.827079,31,1338.312576
6.118073,19,1338.666833
-7.02606,17,1338.977821
10.115261,34,1339.612265
-9.134833,5,1339.789562
41.292783,68,1340.930032
-8.8,3,1341.016078
1.300926,19,1341.325514
1.225663,18,1341.743849
15.205771,55,1342.682057
-1.452416,19,1342.993043
-9.082845,2,1343.065198
13.568329,29,1343.617091
24.499426,47,1344.389909
17.250381,58,1345.372041
32.493619,72,1346.666291
6.339196,26,1347.220878
48.488978,82,1348.609832
-9.32,2,1348.680894
42.346359,79,1349.979787
6.24981,41,1350.762005
7.865481,31,1351.359664
6.960911,29,1351.859921
65.877345,91,1353.438177
-10.0,1,1353.583269
60.790663,88,1355.1643
-10.0,1,1355.196613
25.746135,61,1356.256956
-8.081848,8,1356.561539
-0.486492,11,1356.823579
43.697274,80,1358.165575
-7.119717,7,1358.310608
4.50983,17,1358.693699
71.396525,85,1360.040792
3.859719,23,1360.449345
45.567877,91,1361.991722
6.844943,35,1362.801409
13.912128,122,1364.962273
31.830265,69,1366.218557
0.934358,26,1366.685931
-7.050267,4,1366.863106
13.148192,32,1367.457592
-7.336148,12,1367.687027
13.505984,72,1368.903852
-2.530752,13,1369.227772
1.157606,19,1369.56493
71.318244,85,1370.96753
20.361721,58,1371.944848
35.074549,77,1373.38564
0.636264,12,1373.607708
37.02093,70,1374.743241
20.822141,52,1375.618911
-4.945077,18,1376.03757
54.926275,84,1377.462397
70.552609,108,1379.26562
26.451036,50,1380.089622
-2.959809,10,1380.373489
39.582334,64,1381.449969
64.91857,112,1383.387081
-1.149627,11,1383.604004
-2.918067,17,1383.974201
27.553094,45,1384.701155
-10.0,1,1384.732575
0.083199,12,1384.9389
18.167839,46,1385.787797
67.867881,124,1387.882175
49.222399,75,1389.13748
-5.327374,10,1389.320085
-8.002631,3,1389.473797
33.892525,62,1390.542157
51.823103,89,1392.121002
-3.144901,11,1392.322617
-8.045404,3,1392.498648
22.101289,41,1393.255718
23.375418,57,1394.331852
24.814016,41,1395.05495
-8.904681,7,1395.267302
0.831991,23,1395.670833
-0.991232,15,1395.957152
7.807687,19,1396.284079
4.801647,19,1396.712218
16.981646,47,1397.473914
0.699937,17,1397.803717
-10.0,1,1397.840382
15.352833,38,1398.528533
49.607861,79,1399.921239
51.717191,84,1401.320212
-7.64204,7,1401.471445
16.241193,35,1402.161253
24.767559,59,1403.127532
13.112659,30,1403.656131
-3.390517,9,1403.824871
23.878432,50,1404.798932
-6.624557,10,1404.994153
14.64315,39,1405.67235
13.816654,37,1406.297906
33.418512,59,1407.37731
64.460583,92,1408.973881
1.382458,18,1409.272144
1.313299,20,1409.624664
0.844371,17,1410.068505
-7.726476,12,1410.312453
45.831964,85,1411.798754
26.789343,42,1412.505989
18.339575,36,1413.211558
-7.496522,5,1413.331264
49.91767,125,1415.411553
-1.799292,11,1415.623543
55.672261,66,1416.802616
9.470542,44,1417.561178
5.01635,21,1417.921347
8.554043,21,1418.305811
28.237641,79,1419.670308
-10.0,1,1419.731341
19.023991,48,1420.529911
3.166394,20,1420.908711
39.147956,72,1422.33624
26.837347,58,1423.439555
-6.351993,6,1423.606344
5.286381,25,1424.094919
32.385198,64,1425.322141
75.618585,94,1426.983144
81.654144,98,1428.694547
23.300816,45,1429.418681
-6.085679,5,1429.599392
-3.858139,15,1429.87594
18.920421,40,1430.551218
23.745597,47,1431.361578
71.42863,90,1432.927326
0.737221,13,1433.174221
5.437418,17,1433.467668
1.734436,26,1433.909083
-1.710706,19,1434.331364
51.8775,89,1435.775159
-8.085171,3,1435.86023
32.425027,88,1437.367085
7.056674,25,1437.896518
-4.029587,24,1438.318779
-2.023759,10,1438.518007
19.789974,52,1439.385941
12.140227,29,1439.950692
77.918179,87,1441.448137
11.292186,51,1442.289266
0.783277,12,1442.5066
23.957043,43,1443.271503
1.39813,22,1443.673512
21.195096,37,1444.310863
36.208501,81,1445.655301
-4.276275,11,1445.947365
-4.045122,8,1446.100178
47.885036,84,1447.612799
-9.16,1,1447.652642
43.115839,74,1449.02814
13.835485,102,1450.743467
40.341919,66,1451.875263
-5.309297,6,1452.004272
29.39322,73,1453.528119
29.964865,57,1454.551866
33.648754,75,1455.889989
-7.931049,4,1455.979906
-5.990829,11,1456.260517
31.877749,57,1457.292016
-1.713393,14,1457.558578
27.434757,54,1458.596245
48.556782,75,1459.928797
-4.123934,9,1460.127063
24.705173,59,1461.182289
-6.827194,12,1461.439693
-9.053352,2,1461.605042
11.878005,30,1462.163205
-7.799114,10,1462.373665
61.405346,83,1463.790383
-10.0,1,1463.886282
-7.584657,6,1464.000266
35.468123,56,1465.019254
36.524102,65,1466.1074
-11.192,2,1466.221672
2.114472,16,1466.499397
43.640171,81,1467.830642
50.776006,83,1469.192142
14.000483,34,1469.8556
42.949212,70,1471.021087
4.746694,24,1471.4297
-5.026136,12,1471.658842
50.569352,102,1473.493063
14.882839,33,1474.039657
34.269747,69,1475.185726
4.71855,22,1475.58442
12.107835,31,1476.170712
42.322252,86,1477.602655
41.113868,62,1478.609192
-2.619661,14,1478.884186
3.07375,26,1479.385283
38.221223,54,1480.289646
34.445182,54,1481.190478
-4.401238,7,1481.330473
-7.96,3,1481.49394
2.762665,22,1481.89179
1.601643,23,1482.328506
69.09364,102,1484.244861
25.880982,47,1485.241311
12.448919,34,1485.915456
29.478396,58,1486.932839
-4.041709,21,1487.366387
2.540831,17,1487.758169
36.342565,51,1488.612039
30.078824,63,1489.675042
45.977687,94,1491.259832
-5.113734,7,1491.490009
24.332021,46,1492.249024
-0.298022,13,1492.480961
-7.998189,8,1492.638779
5.159601,21,1493.10543
7.923882,36,1493.769496
-5.645562,6,1493.889
46.668982,62,1494.983758
64.029698,96,1496.655369
14.341057,30,1497.279742
72.484648,91,1498.840626
4.421042,22,1499.208756
61.177026,108,1501.129119
22.38809,52,1501.99884
0.697562,15,1502.276166
41.391981,60,1503.238603
74.374872,117,1505.246799
72.701325,108,1507.119258
9.340077,26,1507.573772
9.548018,41,1508.276186
-6.669771,8,1508.509616
15.004013,36,1509.099918
15.010175,37,1509.71433
12.384114,39,1510.382696
72.408034,87,1511.999333
-3.634647,8,1512.152718
5.196395,23,1512.569039
14.207122,36,1513.251016
13.857701,33,1513.950491
4.355681,24,1514.378178
30.794501,77,1515.711661
6.392799,34,1516.301295
14.586414,37,1517.006988
-1.069325,14,1517.250338
-8.8,3,1517.334348
12.672258,27,1517.796913
-8.84239,5,1517.963241
45.941199,72,1519.261281
-1.919239,20,1519.628227
72.60122,130,1521.790986
7.934216,29,1522.352291
12.128134,28,1522.801648
52.011392,73,1524.058457
-4.855251,7,1524.215991
46.966659,83,1525.707175
9.892116,27,1526.156721
49.290705,68,1527.325216
65.580368,94,1528.896679
2.518886,16,1529.290569
-2.477263,9,1529.480747
12.837936,31,1530.026067
-7.941629,6,1530.131801
10.515962,24,1530.621348
-9.16,1,1530.700581
23.792915,39,1531.329216
-6.228698,8,1531.491069
25.449853,54,1532.515157
69.675573,114,1534.462808
17.531248,38,1535.127088
57.77629,94,1536.72804
79.348813,92,1538.305486
17.012961,44,1539.085278
3.889651,34,1539.679825
24.600731,57,1540.670534
71.593974,145,1543.230692
24.93558,50,1544.108293
5.797236,19,1544.436765
35.168104,62,1545.508509
-9.042666,2,1545.657179
81.742957,173,1548.411057
3.453326,29,1548.953253
1.117996,17,1549.275843
-4.600837,11,1549.583739
-9.32,2,1549.657065
0.888493,12,1549.876236
74.979768,122,1551.882615
62.454869,95,1553.531104
25.265582,150,1556.08103
5.527682,18,1556.400941
4.938371,16,1556.673498
-7.333133,9,1556.92785
22.507792,40,1557.591771
8.137938,24,1558.006396
25.944293,55,1558.932715
25.574557,41,1559.682224
8.515104,26,1560.148636
71.086067,78,1561.402622
1.694238,14,1561.657154
66.00501,88,1563.188613
-2.072687,9,1563.350441
0.928072,13,1563.581821
-1.661898,12,1563.799303
-9.092576,2,1563.952553
-7.379903,7,1564.07031
3.283722,16,1564.357069
29.210279,59,1565.406106
73.305356,106,1567.284026
2.41043,24,1567.715255
39.462221,76,1569.037932
79.031788,92,1570.620661
-0.464388,21,1571.086931
9.905296,34,1571.640605
58.859969,222,1575.225667
79.426742,99,1576.862147
-8.119414,6,1577.058791
52.636086,94,1578.692993
22.707722,38,1579.327694
24.593828,45,1580.083609
78.019942,88,1581.702235
53.041634,90,1583.253547
0.262957,21,1583.610604
5.680438,17,1583.900294
0.836786,14,1584.249557
1.879611,14,1584.478061
78.056086,90,1585.994185
8.1817,35,1586.592993
2.695198,14,1586.916547
40.115751,121,1588.864845
76.50546,101,1590.560211
76.166792,102,1592.321228
32.924368,61,1593.442623
12.082942,32,1593.999402
-9.01424,2,1594.072907
72.624344,121,1596.16265
49.486465,133,1598.380863
-9.293972,2,1598.45072
28.072329,162,1601.090874
0.51553,13,1601.356937
14.600335,55,1602.499823
0.390992,14,1602.88033
-4.539568,7,1603.046054
22.026748,46,1603.95767
27.890831,58,1605.103366
15.631535,36,1605.862641
-8.0,3,1605.917328
13.166179,62,1607.048827
0.537736,16,1607.407748
3.453901,27,1607.879787
-1.895107,10,1608.055099
22.397343,80,1609.389986
17.824609,125,1611.495744
-9.072657,2,1611.572247
66.823397,129,1613.699386
-9.016118,2,1613.774852
6.82439,25,1614.285801
1.472623,14,1614.516819
7.505542,25,1614.959698
82.951767,117,1616.860333
22.280036,46,1617.701976
11.625007,37,1618.365947
73.17177,89,1619.825435
25.97328,53,1620.688542
-4.111191,14,1621.044051
68.412852,94,1622.585357
-2.053103,10,1622.786651
82.565308,110,1624.55369
-2.687813,9,1624.803413
-5.266952,8,1624.959862
12.872709,39,1625.677321
38.160327,66,1626.86733
40.507299,69,1628.105255
-9.32,2,1628.146434
78.480873,87,1629.598567
1.422225,14,1629.85786
5.642174,25,1630.378641
57.966699,70,1631.621189
10.105544,32,1632.235995
5.629585,37,1632.977022
31.121646,51,1634.000953
-5.769405,9,1634.19185
8.18556,58,1635.218061
17.394124,50,1636.146779
-8.44,4,1636.322745
-10.0,1,1636.358537
81.073427,122,1638.312956
2.845499,27,1638.794352
13.022887,111,1640.82712
-8.44,4,1640.921387
6.194564,27,1641.377668
38.194851,78,1642.711311
-3.574635,9,1642.971499
-6.218608,12,1643.194468
-3.814814,19,1643.61601
71.470462,84,1645.16791
6.001604,39,1645.991137
7.216199,21,1646.351394
81.290427,87,1647.854129
-9.016909,2,1647.893711
-7.4,5,1648.122443
-8.8,3,1648.173072
-2.681684,9,1648.363433
38.882648,53,1649.262776
57.385833,108,1651.149806
-2.172187,16,1651.433812
63.427081,127,1653.516257
17.284767,45,1654.27786
5.918627,18,1654.643531
58.582329,85,1656.066128
-9.32,2,1656.107841
-6.103496,5,1656.199992
-5.192619,6,1656.401556
-2.176,14,1656.650842
37.520052,101,1658.410023
6.618225,21,1658.775736
-6.914533,5,1658.937484
46.359057,79,1660.24503
33.569214,66,1661.359147
-9.083873,2,1661.427696
2.173812,26,1661.937936
18.735571,32,1662.505388
-9.32,2,1662.602739
82.358935,109,1664.626582
30.196537,97,1666.406913
-8.182218,3,1666.489677
78.611294,90,1668.028615
24.492506,43,1668.765605
-0.735386,11,1669.057992
8.461571,21,1669.423189
-2.103103,9,1669.65957
-2.827594,13,1669.902043
17.47359,50,1670.841417
48.48393,68,1671.980215
38.256202,75,1673.221886
5.759963,17,1673.512189
33.369071,67,1674.735613
31.176304,62,1675.766482
-2.275246,13,1675.995879
-2.392566,9,1676.157609
35.991137,66,1677.406767
-4.887145,8,1677.5801
0.7649,13,1677.803521
14.512661,37,1678.422487
36.617492,59,1679.611063
36.750906,84,1681.026118
7.44321,134,1683.276744
37.773417,73,1684.534268
1.803722,20,1684.960313
72.027815,99,1686.607319
52.074898,89,1688.107044
76.34732,150,1690.53087
1.591909,22,1691.022328
-1.712079,15,1691.280245
41.415209,153,1693.937923
26.53671,40,1694.654346
4.861882,17,1695.021147
15.751277,39,1695.726621
-4.615338,9,1695.907952
45.023003,88,1697.369102
9.511098,29,1697.937249
73.405284,108,1699.752976
20.464377,40,1700.425786
36.787418,89,1701.912776
-4.616345,10,1702.194847
53.607915,97,1703.792317
16.462437,31,1704.327675
-10.0,1,1704.359181
63.854359,95,1706.032936
66.705736,76,1707.313362
86.460822,98,1708.928635
18.478575,34,1709.543116
8.080157,27,1710.094696
82.238815,119,1712.14899
81.229445,125,1714.262964
-9.000569,2,1714.302812
15.923202,44,1715.156597
18.253762,33,1715.738854
48.807886,83,1717.192975
6.908414,32,1717.807578
20.401318,71,1719.198702
-5.585415,10,1719.37244
7.098154,24,1719.81955
25.648535,62,1720.938394
-6.6931,6,1721.132169
79.049564,98,1722.894614
4.362315,31,1723.509481
16.135136,69,1724.861709
-8.0,3,1725.015514
82.796563,124,1727.187663
-0.1277,11,1727.376295
-6.026497,5,1727.502608
79.947799,99,1729.189391
-2.551569,20,1729.540215
8.107709,23,1729.942837
8.987934,27,1730.419181
-8.44,4,1730.573723
85.912452,109,1732.34809
80.638433,110,1734.173741
-3.540525,13,1734.417324
9.838072,40,1735.172828
-5.165327,6,1735.276536
-0.19477,12,1735.493443
10.174187,22,1735.88733
48.532367,75,1737.193547
46.576534,69,1738.341715
75.28069,95,1739.948366
-10.0,1,1739.980489
74.825139,118,1741.984958
2.0,13,1742.227422
80.046173,163,1744.863494
30.334557,162,1747.53929
6.043018,28,1748.105578
26.10491,45,1748.855402
-9.32,2,1748.92733
42.207243,81,1750.335442
13.807804,36,1751.050617
14.980679,52,1751.935989
4.344121,21,1752.321538
7.928192,121,1754.769353
42.716502,65,1756.103238
11.37899,28,1756.596837
85.90066,107,1758.36975
37.176372,58,1759.353804
-3.562436,10,1759.595991
9.022387,26,1760.041249
-0.26354,18,1760.34816
-7.256588,6,1760.487473
83.314126,101,1762.240551
81.349921,108,1763.991477
16.850323,105,1765.744153
82.407378,111,1767.5694
48.879552,87,1769.083315
33.933622,398,1774.808704
52.258437,137,1777.047898
64.084716,94,1778.604648
38.881326,59,1779.657166
8.688371,26,1780.088892
5.814083,19,1780.472522
54.310371,89,1781.945903
27.880358,81,1783.597832
3.996915,71,1784.889209
9.334678,35,1785.564111
-9.318143,2,1785.64416
7.609399,128,1787.940303
12.132022,113,1790.018993
-4.855078,11,1790.231863
80.39133,136,1792.710909
57.0,69,1793.896794
-8.44,4,1793.989993
58.759691,92,1795.527695
78.601213,108,1797.40699
14.854946,36,1798.13513
65.001076,272,1802.283119
-10.0,1,1802.313528
31.141791,71,1803.505319
8.066482,27,1804.066704
30.632396,62,1805.074208
85.037718,113,1806.941219
82.182445,104,1808.650051
71.441095,90,1810.251302
5.583551,20,1810.59419
86.287632,99,1812.290777
17.048059,41,1813.060866
7.962052,19,1813.497961
23.080607,36,1814.180036
-7.0,4,1814.264966
90.123596,89,1815.758944
80.019673,203,1819.063081
64.839523,118,1820.995447
44.187104,56,1821.971437
32.259019,54,1822.958405
87.007766,119,1825.216504
52.262033,79,1826.600621
83.047347,116,1828.577364
5.047856,21,1828.93455
81.641499,123,1831.102376
31.231373,47,1831.889129
43.441053,78,1833.152313
1.181746,17,1833.468988
45.434753,64,1834.635029
24.012097,51,1835.488946
72.642476,90,1837.038697
16.220807,39,1837.717929
78.300868,114,1839.805012
7.372109,24,1840.223322
38.690494,61,1841.26332
83.17593,116,1843.431237
49.027226,172,1846.631165
20.436597,34,1847.22522
47.519714,79,1848.531715
42.547726,132,1850.749015
82.921288,345,1856.154617
86.122776,110,1858.031317
-1.233377,11,1858.242102
-3.012603,8,1858.399173
7.022211,28,1858.993206
30.410812,220,1862.598909
78.883938,99,1864.312003
28.604426,42,1864.991562
78.476728,85,1866.536352
6.719434,24,1866.966558
82.265672,94,1868.549689
82.841243,94,1870.149679
76.323816,130,1872.431702
47.620602,73,1873.794488
-6.445991,6,1873.951417
-2.185958,15,1874.229497
58.392516,77,1875.642713
36.056013,57,1876.698518
17.059769,34,1877.322161
68.001808,100,1878.987179
86.653206,117,1881.007926
55.705662,109,1882.873406
80.613704,138,1885.276584
89.112847,114,1887.154659
82.216182,96,1888.805398
7.23974,22,1889.192485
85.662368,94,1890.749221
80.666886,175,1893.636399
72.85579,134,1896.001482
8.230428,28,1896.497051
7.966482,24,1896.915639
81.029191,202,1900.122199
82.583962,119,1902.198778
83.888836,111,1904.127794
89.500591,96,1905.787359
-7.41789,6,1905.941048
89.338134,122,1907.908307
28.412699,61,1908.962173
78.795046,116,1910.871539
34.615528,46,1911.618524
85.371351,119,1913.714237
16.146232,43,1914.461293
8.688956,122,1916.453276
60.996283,92,1917.973226
27.275863,49,1918.935139
88.794363,146,1921.372049
17.899442,43,1922.126506
63.499389,88,1923.576351
44.006313,83,1925.100073
84.705243,182,1928.112269
74.461747,111,1930.002362
85.275925,108,1932.019732
74.564528,82,1933.629229
80.434848,117,1935.69373
-8.269611,3,1935.774918
85.425847,95,1937.373268
2.146824,26,1937.886379
32.102724,59,1938.871673
27.767216,57,1939.833055
79.445479,121,1941.894222
73.360121,135,1944.20736
40.295184,64,1945.310934
86.210393,115,1947.221781
82.281944,95,1948.816855
76.958194,93,1950.43198
83.903043,106,1952.204726
62.993303,75,1953.401453
82.795483,93,1954.955769
82.297333,111,1956.829118
89.731496,103,1958.552861
82.085187,96,1960.141755
86.354479,116,1962.078058
85.975998,105,1964.147298
63.201345,118,1966.362809
82.674473,92,1967.913985
79.32972,90,1969.470292
88.881595,116,1971.536735
89.841919,95,1973.126902
78.051452,102,1974.846692
88.918132,123,1976.868855
77.986022,100,1978.615607
86.255148,94,1980.222695
2.821154,17,1980.510887
26.331137,44,1981.25074
38.606015,118,1983.305894
76.848052,107,1985.066042
8.151728,26,1985.518449
89.269297,114,1987.383862
48.458263,73,1988.672878
29.758803,63,1989.701185
1.429931,17,1990.022933
-10.063005,3,1990.080544
-10.0,1,1990.223104
-5.212931,7,1990.344546
35.682501,50,1991.162653
1.88281,14,1991.403144
74.597437,80,1992.878814
81.888699,98,1994.638468
80.619809,108,1996.49627
86.018936,88,1997.98039
83.019949,110,1999.869166
80.621839,108,2001.774432
22.521229,49,2002.651525
-8.420202,3,2002.709948
-0.296517,12,2003.003682
85.815635,108,2004.852469
12.856604,102,2006.560235
18.749101,177,2009.444989
5.03222,20,2009.852432
6.7749,21,2010.228943
89.25414,117,2012.410458
61.366652,452,2019.983151
83.848507,97,2021.868006
85.913776,108,2023.747715
85.821621,123,2025.888859
39.577713,60,2026.95665
1.258246,17,2027.349487
79.296099,97,2029.114281
78.243918,103,2030.948338
23.623419,47,2031.7951
1.690717,25,2032.320332
86.159094,152,2034.9656
82.656919,186,2038.154439
59.829688,105,2040.212922
69.892405,120,2042.539152
38.879148,81,2043.992679
89.575891,101,2045.863397
2.722911,15,2046.154822
-7.509882,4,2046.319829
88.832622,122,2048.67288
75.473966,100,2050.497062
86.565291,117,2052.812264
82.718378,123,2055.148617
36.655074,65,2056.426024
80.051472,99,2058.397883
82.515528,110,2060.472964
89.320745,119,2062.66706
26.088975,57,2063.66367
76.079295,141,2066.142749
38.014286,70,2067.415553
89.193247,120,2069.604292
85.837022,112,2071.5746
64.086064,97,2073.216337
90.123596,89,2074.637966
85.898715,119,2076.70165
86.154827,109,2078.687263
87.499491,122,2080.739465
87.159714,139,2083.008914
89.242587,113,2084.979607
79.404285,96,2086.589872
85.999475,131,2088.815038
85.549603,130,2091.267933
8.31703,23,2091.738729
15.040963,34,2092.317656
82.905927,129,2094.66827
45.215445,77,2095.984518
51.867181,69,2097.225701
89.085874,113,2099.107385
5.682731,25,2099.552609
85.424357,89,2101.245912
79.511423,121,2103.392121
67.086904,214,2106.766677
28.780713,60,2107.756365
85.74969,111,2109.62718
82.571532,120,2111.692124
-7.24127,7,2111.833288
85.817793,142,2114.162347
58.804583,77,2115.460546
78.057421,80,2116.831107
22.379279,43,2117.529459
83.667571,113,2119.421931
85.570563,114,2121.285928
46.899407,98,2122.98468
-8.013646,4,2123.075958
5.262182,22,2123.445591
54.166486,152,2125.956012
48.131532,70,2127.211349
51.425536,84,2128.724339
83.000468,97,2130.536125
-6.731698,5,2130.639372
89.313928,112,2132.721734
83.288786,106,2134.567435
33.470457,57,2135.563355
35.0,46,2136.347033
83.103725,103,2138.198862
71.889842,106,2140.053069
73.254497,87,2141.517902
85.272139,116,2143.480112
78.877335,118,2145.530932
12.521496,29,2146.026092
25.301081,50,2146.887036
85.855106,107,2148.636854
85.770191,102,2150.438498
88.910293,128,2152.580781
6.921189,24,2152.991092
89.638169,104,2154.810972
89.222864,104,2156.659133
82.434893,103,2158.366406
79.122299,99,2160.087175
-4.678486,10,2160.34535
-7.710769,5,2160.53448
37.680376,80,2161.993783
-10.0,1,2162.023959
51.737251,98,2163.809176
22.724357,44,2164.686843
13.459307,34,2165.262308
-4.595912,13,2165.519257
49.328318,82,2166.906431
-7.6,4,2167.072271
53.214366,84,2168.452861
89.007129,135,2170.693237
35.048114,71,2171.873298
82.394171,125,2174.009173
89.402465,127,2176.066179
-1.502218,10,2176.231694
85.72746,106,2178.005294
88.927096,131,2180.275828
14.726194,41,2180.97963
65.990119,323,2185.7606
86.25202,357,2191.30516
87.468701,333,2196.661664
85.788334,108,2198.551439
81.694267,159,2201.204708
86.318865,107,2202.965578
86.355481,132,2205.205852
5.0,16,2205.480643
59.92408,452,2212.026593
26.860504,42,2212.744396
8.327354,27,2213.275697
42.72447,94,2214.813514
56.648217,127,2216.868893
16.506788,95,2218.526049
26.071727,197,2222.069606
50.711979,77,2223.376303
88.572027,148,2225.859358
83.927297,215,2229.296586
11.367831,32,2229.902696
4.20948,19,2230.29161
88.786164,122,2232.429006
-1.561955,16,2232.720141
86.511811,117,2234.845664
89.073074,128,2237.032693
77.890443,94,2238.632288
34.091767,64,2239.690244
85.999397,133,2242.057809
6.877749,26,2242.522397
85.759869,117,2244.544112
12.757698,50,2245.410053
89.289721,110,2247.346665
89.196071,126,2249.456003
14.639326,37,2250.23051
24.601767,55,2251.193938
85.765984,126,2253.455111
85.864329,127,2255.646974
85.277301,131,2257.932957
82.985627,105,2259.714121
89.389865,93,2261.368656
71.188781,98,2262.968308
44.447221,77,2264.337445
86.352789,97,2266.022127
59.066737,86,2267.484585
89.352862,95,2269.159221
-8.44,4,2269.252711
89.146394,123,2271.340292
86.237288,132,2273.621687
47.814734,68,2274.792302
47.916318,90,2276.341252
85.746102,113,2278.292068
81.985152,106,2280.197381
83.458457,117,2282.372699
85.529199,114,2284.320066
89.491749,96,2285.941828
8.556191,22,2286.394799
85.749291,123,2288.41733
79.150334,96,2290.166871
85.45359,107,2292.228205
35.239379,71,2293.584496
86.13328,126,2296.08348
-8.040249,3,2296.260634
-0.585072,13,2296.594728
0.803524,12,2296.954324
13.839903,34,2297.676055
89.260766,111,2299.963809
82.806852,130,2302.324089
86.462065,106,2304.448212
89.045026,115,2306.610008
85.498584,121,2308.586442
80.556215,126,2310.85614
45.973933,86,2312.461395
86.753106,124,2314.537819
28.654084,40,2315.199953
88.909869,129,2317.396185
11.842489,25,2317.891616
88.966494,123,2320.014852
-1.0,10,2320.172118
46.237102,94,2321.736788
89.431164,100,2323.49492
58.963422,75,2324.69062
42.533108,82,2326.350468
14.952584,27,2326.864268
54.588498,104,2328.727046
63.057156,100,2330.38333
43.813947,68,2331.507615
24.850302,52,2332.384369
71.082168,346,2337.699916
35.094381,114,2339.778249
0.706453,18,2340.144725
42.037081,74,2341.509173
0.324183,15,2341.850235
-9.025754,2,2341.930227
86.697207,115,2343.892114
16.243615,164,2346.64947
89.941425,95,2348.307903
86.063841,116,2350.223647
5.520571,31,2350.763563
-9.16,1,2350.806012
-8.212311,3,2350.985207
16.486413,42,2351.708743
83.949907,267,2355.76385
-8.0,3,2355.843735
77.726774,89,2357.325698
-4.107514,7,2357.472018
86.340395,135,2359.825264
82.304938,93,2361.381758
86.252655,117,2363.425346
-7.216889,4,2363.52279
83.310434,111,2365.454406
7.870434,23,2365.868067
76.474715,114,2367.813637
27.6316,56,2368.811285
45.176168,63,2369.950998
77.111488,106,2371.933642
-0.893913,15,2372.251572
80.701906,124,2374.485927
86.04385,127,2376.645517
3.400537,22,2377.047233
78.691892,93,2378.65194
85.727145,96,2380.266569
83.100716,98,2381.860631
18.448904,46,2382.651771
7.757554,26,2383.172374
36.068751,74,2384.386346
89.340298,111,2386.215498
89.13686,95,2387.73685
85.617423,105,2389.630099
83.06923,112,2391.48333
86.037155,114,2393.335177
11.483549,24,2393.74171
88.958169,122,2395.832032
32.87909,45,2396.524683
79.870302,120,2398.494813
64.204923,114,2400.461918
28.621132,59,2401.613755
71.296628,87,2403.20865
11.340409,27,2403.693058
0.876534,15,2403.94243
17.603784,36,2404.630421
16.798655,40,2405.300924
49.134296,79,2406.788886
85.680461,118,2408.953923
16.846754,29,2409.686378
22.483195,45,2410.550483
86.777933,122,2412.653294
67.073806,117,2414.580325
89.361693,120,2416.626025
86.17313,106,2418.377903
0.297539,13,2418.634664
88.915986,118,2420.584269
86.657961,103,2422.393491
14.774814,28,2422.880255
89.930055,92,2424.396929
87.261409,105,2426.153126
88.929722,142,2428.615674
80.084686,130,2430.949939
82.572501,108,2432.810675
89.1883,101,2434.517193
89.334132,118,2436.649029
74.91332,78,2437.936377
85.87781,125,2440.104609
-5.0,6,2440.205334
66.157751,98,2442.03175
89.121906,141,2444.502087
85.776974,102,2446.251837
37.569588,76,2447.546562
15.319785,32,2448.160393
81.188324,110,2449.980451
85.603907,105,2451.703157
83.295389,118,2453.701692
22.484787,179,2456.556063
9.737087,25,2457.002763
89.232431,117,2458.934146
88.607939,147,2461.701101
-7.597857,6,2461.89589
78.51411,89,2463.445423
85.669357,134,2465.714457
77.363729,117,2467.650239
20.120184,58,2468.719657
69.763157,207,2471.93611
28.444333,48,2472.835433
-5.422088,11,2473.039602
82.390844,97,2474.718258
75.822316,97,2476.362863
-4.787192,9,2476.526309
85.726991,101,2478.268743
55.007743,73,2479.648316
52.166079,68,2480.877731
85.764966,108,2482.741791
57.204744,87,2484.201915
0.409262,25,2484.728659
36.016642,66,2485.830543
89.49638,120,2487.844303
39.22499,64,2488.900848
8.986065,30,2489.531468
85.584415,107,2491.616833
-4.06898,9,2491.793887
23.452274,40,2492.534861
-7.6,4,2492.713897
85.75295,108,2494.540219
82.673538,117,2496.483376
89.40574,113,2498.342839
17.744336,43,2499.13061
83.356032,148,2501.548854
79.395704,108,2503.383344
88.955122,123,2505.394497
80.008221,101,2507.206642
4.798246,17,2507.497002
85.420063,93,2509.078249
78.25652,89,2510.558172
89.150267,130,2512.917768
82.790636,118,2515.022884
85.656037,146,2517.498547
41.390078,190,2520.583425
89.464362,102,2522.425234
86.179066,96,2524.051592
86.317325,103,2525.731819
22.692048,38,2526.351878
82.558843,94,2528.001713
28.409242,60,2528.998502
69.920985,75,2530.194155
35.206755,72,2531.39424
85.350953,95,2533.046776
87.767794,105,2534.7974
36.548842,65,2535.890862
82.371397,116,2537.81227
37.701578,57,2538.826275
46.335078,82,2540.212306
84.923569,132,2542.545212
9.256955,31,2543.093403
86.391656,98,2544.979198
85.323676,88,2546.439946
85.325868,111,2548.390673
78.36207,94,2550.157714
48.739803,105,2552.281425
55.521955,105,2554.13681
49.840704,84,2555.554903
86.10266,143,2557.958699
82.098481,123,2560.104233
40.168634,76,2561.381995
85.964056,111,2563.223288
47.882176,81,2564.581139
82.216097,101,2566.466714
13.621933,37,2567.15781
89.80588,100,2568.91355
89.639236,108,2570.693535
87.83197,136,2572.975069
0.15176,13,2573.214389
83.616772,104,2574.946227
82.731884,105,2576.703649
51.775938,78,2578.080133
83.607022,323,2583.440328
88.41627,448,2589.970586
57.989618,95,2591.58201
83.146556,376,2597.057005
80.662657,105,2598.877953
82.631374,118,2600.832345
85.766277,124,2602.854398
89.356689,131,2605.058162
28.965321,60,2606.053741
89.319821,89,2607.511341
89.673416,97,2609.151586
88.772792,133,2611.572763
88.924489,100,2613.357203
80.014783,109,2615.151884
85.553733,98,2616.783825
19.839647,32,2617.403626
41.650537,75,2618.710487
83.64451,107,2620.523479
86.040019,94,2622.105557
40.194674,69,2623.344937
85.304716,137,2625.560723
86.418048,98,2627.30696
89.30792,128,2629.411621
82.126221,115,2631.369735
36.547391,77,2632.659678
-0.733727,22,2633.032781
82.849624,103,2634.748154
42.418256,88,2636.290407
85.601388,89,2637.816701
46.963898,67,2638.967127
82.898757,106,2641.042873
89.114991,114,2643.160354
60.983648,92,2644.815373
-8.0,3,2644.89639
-4.038506,9,2645.064623
83.548821,113,2647.15316
60.858363,95,2648.74819
66.157199,113,2650.694883
86.047315,111,2652.679184
89.715046,90,2654.356554
13.980795,27,2654.879363
86.001312,123,2657.068797
89.012583,117,2659.094407
85.671237,120,2661.283947
44.0,55,2662.16347
82.379478,91,2663.661023
89.3811,113,2665.5337
86.548224,100,2667.273816
89.537515,98,2669.019248
88.804231,127,2671.621916
8.682227,25,2672.151608
89.686059,112,2674.352164
88.89444,105,2676.260534
64.207853,93,2677.916742
89.074969,140,2680.453181
83.734526,175,2683.669945
78.421801,302,2688.653152
82.890103,113,2690.799031
37.873711,218,2694.422247
-4.007913,10,2694.71237
75.542956,102,2696.359651
9.508465,30,2696.872741
28.188299,65,2697.974058
80.049666,100,2699.886529
30.943284,55,2700.921782
86.173577,247,2704.899287
82.035987,92,2706.595997
6.86774,21,2707.069997
69.525692,98,2708.844755
85.614562,103,2710.704852
30.165452,45,2711.514589
83.022206,105,2713.442482
82.916912,102,2715.285097
88.703139,144,2717.832011
85.528414,87,2719.340953
20.540399,71,2720.741456
12.934327,56,2721.744748
89.340068,122,2724.060985
36.504727,63,2725.27799
68.761738,178,2728.741999
82.434805,103,2730.64847
41.443662,67,2731.8679
81.622609,90,2733.529534
22.719582,45,2734.360299
65.687198,106,2736.161449
2.891194,14,2736.389902
81.953375,107,2738.304043
81.074544,107,2740.417985
88.937678,112,2742.49989
59.604496,77,2743.937597
78.965348,115,2746.040775
85.047254,136,2748.5934
88.90945,125,2750.829589
70.885147,113,2752.773872
86.676903,114,2754.781323
89.344749,89,2756.410729
86.431663,111,2758.404979
86.485909,116,2760.606886
88.722484,121,2762.971283
31.740696,64,2764.179674
89.195721,116,2766.168736
74.895161,109,2768.045875
85.343072,267,2772.387369
70.331243,122,2774.568101
-7.6,4,2774.681735
71.582449,95,2776.242538
14.998425,31,2776.801511
82.660315,112,2778.803811
83.048162,105,2780.601564
85.089896,113,2782.615847
-0.27382,26,2783.107698
82.781866,110,2785.130218
48.204437,80,2786.654057
85.632555,92,2788.339738
-2.345522,14,2788.634739
89.707316,92,2790.459163
54.255081,80,2792.104249
86.191115,102,2794.170583
85.606256,127,2796.544842
65.924569,92,2798.348611
86.191165,91,2800.06044
90.123596,89,2801.542163
85.800474,114,2803.524698
46.507631,77,2804.940033
75.371653,108,2806.765454
15.970216,69,2807.957516
-9.207946,2,2808.031102
18.639594,191,2811.17665
20.976636,91,2812.722209
28.161245,54,2813.67816
21.489038,116,2815.739957
86.833847,284,2820.640945
78.457397,83,2822.256906
88.619844,132,2824.730363
88.985788,125,2826.832461
10.767675,102,2828.685229
86.120399,138,2831.144854
35.9204,63,2832.293163
89.122988,113,2834.328788
75.985134,85,2835.876655
85.954997,138,2838.247792
77.124684,111,2840.244528
9.75668,24,2840.676233
6.644527,21,2841.17063
86.541819,124,2843.386142
89.636905,101,2845.152064
86.494361,92,2846.697654
-8.069869,3,2846.856671
81.596845,83,2848.298534
1.477017,14,2848.596714
84.241442,112,2850.645814
74.361348,101,2852.522215
32.712122,63,2853.676407
20.69631,43,2854.431916
3.475486,15,2854.693043
85.711469,124,2856.885881
-7.4,5,2857.027239
80.231246,190,2860.247844
85.855,97,2862.033181
89.739519,99,2863.849056
65.215759,102,2865.676807
82.209356,115,2867.752766
83.447153,126,2870.026298
29.863768,52,2871.077875
89.074655,132,2873.512959
5.560978,24,2873.987919
47.486051,60,2875.119209
89.01574,116,2877.311836
2.84946,18,2877.62103
89.036381,130,2879.938198
85.968141,115,2882.140476
86.782586,111,2884.186626
89.252958,118,2886.220821
3.705455,16,2886.526756
62.27458,104,2888.418483
86.129489,95,2890.159979
89.38028,108,2892.014542
36.272789,49,2892.868779
78.258755,82,2894.271701
85.97959,90,2895.943264
19.249116,34,2896.571677
33.158756,65,2897.732847
57.864142,97,2899.39756
86.409618,101,2901.31742
47.064449,61,2902.39314
80.778107,99,2904.285659
34.574487,72,2905.584171
56.423868,91,2907.253633
-3.39656,10,2907.434741
67.143352,87,2908.948592
84.161105,94,2910.740925
89.208814,132,2913.231606
83.680868,130,2915.451745
21.551255,42,2916.211946
10.74489,38,2916.866712
21.185769,49,2917.820505
82.027184,117,2919.884704
86.213953,93,2921.484782
63.368643,105,2923.331546
85.932653,123,2925.537787
74.070656,114,2927.673887
89.092763,89,2929.169193
82.425486,129,2931.622155
-7.128473,4,2931.797548
82.285685,106,2933.631159
86.423223,103,2935.532489
26.827893,48,2936.459529
-1.841561,10,2936.752179
80.911756,105,2938.667618
88.949151,135,2941.406077
79.397841,105,2943.370777
37.726526,79,2944.806409
79.311604,94,2946.421552
70.94788,128,2948.670756
86.168432,95,2950.329919
80.956226,125,2952.561137
-1.96936,15,2952.850647
10.566622,38,2953.489554
-8.32,7,2953.643533
10.391058,37,2954.373831
82.730467,133,2956.654255
78.479961,84,2958.071604
90.123596,89,2959.487666
-4.032117,7,2959.704348
89.222674,133,2961.984188
8.544969,22,2962.37037
10.147373,23,2962.805652
43.257329,78,2964.259565
49.889232,100,2965.987018
40.296768,81,2967.427165
-7.0,4,2967.516376
82.457624,125,2969.952237
32.399515,166,2973.131324
86.267564,132,2975.600269
19.984647,41,2976.331963
9.429582,23,2976.837696
85.89897,126,2978.987778
89.172194,103,2980.784272
86.291431,104,2982.577067
35.131029,71,2983.873847
29.931772,65,2984.98866
5.805013,28,2985.482169
2.858727,17,2985.79071
38.493794,218,2989.393343
6.912456,22,2989.772624
3.977252,19,2990.131141
88.815049,123,2992.312571
77.487706,112,2994.43669
89.34552,121,2996.526707
83.570645,105,2998.42989
85.674118,111,3000.497941
-10.0,1,3000.621579
82.720841,97,3002.406403
22.264954,45,3003.399405
28.139804,45,3004.225602
24.573254,49,3005.169358
-2.092708,17,3005.481039
82.913861,109,3007.422269
89.242309,113,3009.408732
23.691986,55,3010.555833
-6.934217,6,3010.675584
9.991721,24,3011.125012
82.052949,104,3012.947594
89.540985,96,3014.709395
47.722976,75,3016.009936
75.163865,86,3017.509696
78.795838,88,3019.082371
3.208763,20,3019.582722
79.512018,119,3021.671455
26.130062,49,3022.522623
-3.31613,9,3022.71773
86.236519,122,3024.923178
88.890898,140,3027.443262
53.225644,94,3029.080576
89.919493,90,3030.734883
86.234172,121,3033.027804
38.001439,76,3034.348216
86.228865,289,3039.43734
27.1552,58,3040.525612
83.269448,121,3042.812088
86.487147,126,3045.150148
81.902099,107,3047.04679
22.193296,138,3049.340878
31.800323,78,3050.785338
89.426754,99,3052.481533
89.322101,106,3054.332102
79.114756,113,3056.302574
48.742372,72,3057.617238
88.780485,131,3059.913385
86.268823,291,3064.727517
86.438578,351,3070.217237
40.0,51,3071.133951
-7.164023,9,3071.311318
49.439269,69,3072.522429
79.268167,100,3074.290451
19.24255,45,3075.139912
78.581834,269,3079.581635
81.857081,93,3081.258729
45.059206,90,3082.84868
82.392961,173,3085.757273
80.638701,242,3089.718945
83.16466,244,3093.986821
89.053642,100,3095.701336
89.263291,108,3097.65371
72.919217,117,3099.663847
46.834172,141,3102.047065
29.343602,178,3105.010808
-8.0,3,3105.158513
85.611647,119,3107.224073
83.281831,103,3109.069084
83.031767,106,3110.864791
89.762652,117,3113.117742
89.526146,106,3115.001108
7.915851,24,3115.474853
85.85419,134,3117.922415
9.026781,33,3118.600378
53.615754,104,3120.627083
86.116834,110,3122.752248
65.69082,77,3124.044366
89.128128,111,3126.124589
77.167966,107,3128.007259
31.445907,52,3128.922773
76.19115,98,3130.623805
28.231261,54,3131.623251
-0.836766,20,3131.999706
-5.422414,16,3132.296626
48.584272,82,3133.730272
39.363707,69,3135.17238
-7.4,5,3135.299013
0.386098,27,3135.807285
45.978218,60,3136.823762
81.364394,100,3138.639605
86.278413,125,3140.768887
-8.968503,5,3140.877185
35.089797,70,3142.184757
60.681373,73,3143.509079
10.50564,28,3144.019302
-5.272061,6,3144.160861
36.670349,62,3145.304488
82.480694,93,3146.998142
73.532405,104,3148.984123
24.99905,53,3150.044076
77.549884,97,3151.945482
76.354986,110,3153.948191
89.708768,95,3155.650416
85.969505,93,3157.364967
79.093498,102,3159.121191
0.698547,17,3159.523457
39.220185,51,3160.437364
88.136364,88,3161.899846
42.925503,77,3163.237066
36.687154,77,3164.68074
85.553599,89,3166.289773
78.166651,98,3168.005807
50.0661,80,3169.47453
80.117532,128,3171.747526
66.494781,142,3174.238964
81.921268,117,3176.253286
63.586008,121,3178.326424
38.216238,80,3179.865589
10.689565,26,3180.396064
43.485762,64,3181.630602
9.999041,26,3182.137415
89.217643,91,3183.860137
9.06028,29,3184.380351
0.534328,18,3184.737857
57.96533,102,3186.630053
83.303389,111,3188.726124
85.801996,96,3190.785772
83.925969,99,3192.810945
89.01334,118,3195.089789
54.62756,276,3199.571185
20.684335,49,3200.49876
63.199572,94,3202.276182
10.192514,32,3202.867838
40.321766,78,3204.364832
7.602502,27,3204.937807
28.195008,53,3205.978719
27.270507,48,3206.991972
86.497354,119,3209.384002
88.882338,137,3212.24889
31.386989,74,3213.753198
89.085324,263,3218.278524
3.329314,28,3218.997163
88.366046,180,3222.514864
-9.100182,3,3222.579219
20.046708,259,3227.125594
39.936401,81,3228.718581
56.995152,122,3231.011902
89.111778,135,3233.491686
13.762096,35,3234.276474
-9.319758,2,3234.444865
81.961565,122,3236.792112
34.403533,67,3238.091112
72.433124,95,3239.904852
21.449236,54,3241.043236
89.496843,99,3242.934633
7.56303,27,3243.463425
83.347368,96,3245.195111
54.647437,68,3246.586857
68.097487,107,3248.576938
71.10557,133,3250.94258
89.320954,119,3253.13077
79.524663,111,3255.320387
88.892663,117,3257.673008
57.319582,98,3259.474922
89.42808,102,3261.295095
85.806715,140,3263.889121
83.713921,130,3266.230349
89.116498,143,3268.818242
81.584684,101,3270.764827
86.454103,224,3274.721866
85.750248,105,3276.582186
89.505703,103,3278.437443
85.645414,104,3280.314704
82.841493,111,3282.413498
12.427161,37,3283.081901
85.992829,96,3284.828901
33.957319,51,3285.786057
26.01555,50,3286.784164
47.45128,72,3288.083678
72.331167,108,3290.147253
82.231173,317,3295.783717
82.051762,84,3297.312648
16.016194,36,3297.985914
25.954153,49,3298.889529
77.162721,121,3301.270749
34.588905,63,3302.612468
82.882622,89,3304.251922
11.195166,27,3304.768659
86.352851,113,3306.889571
88.949248,105,3308.99607
-0.022947,11,3309.215717
25.95206,40,3309.897633
-6.778105,5,3310.010324
-7.576125,8,3310.278864
79.398434,88,3311.948255
88.637409,141,3314.496689
47.477849,84,3316.000177
69.945478,107,3318.017922
72.945184,119,3320.26276
74.892375,366,3326.400558
64.409299,95,3328.198947
86.743718,227,3332.403894
44.924776,74,3333.843691
10.810536,33,3334.511409
72.73365,107,3336.48313
-10.0,1,3336.611141
37.037673,57,3337.648349
80.358152,106,3339.723286
88.971681,126,3341.987744
85.646893,136,3344.476459
82.257141,90,3346.102431
18.854939,39,3346.804008
25.312858,47,3347.748082
85.480215,130,3350.185067
9.443762,22,3350.578609
89.185273,105,3352.376113
82.93284,112,3354.46494
89.033077,130,3357.01916
73.03723,123,3359.306698
-0.245362,11,3359.518556
90.0871,89,3361.44956
77.973904,83,3363.308345
21.0,32,3363.920641
-0.739555,18,3364.369344
83.395769,108,3366.519915
82.348015,105,3368.561362
74.360848,87,3370.141866
6.834443,22,3370.539308
83.001292,136,3372.957796
79.740273,105,3374.9399
88.826224,132,3377.457719
-2.433487,10,3377.662423
-10.0,1,3377.699494
83.243382,97,3379.56777
86.746705,105,3381.460295
-1.061384,10,3381.647637
85.605049,97,3383.550622
17.887482,35,3384.256845
6.268587,20,3384.665194
82.012937,110,3386.601771
86.381054,129,3388.943503
4.292924,79,3390.561454
21.579455,481,3398.226575
-9.562576,3,3398.311314
7.771761,30,3398.875906
86.152003,114,3401.113214
79.606812,99,3402.877403
-8.8,3,3402.932447
87.15039,104,3404.832425
85.500581,152,3407.446795
78.18706,102,3409.203666
85.749445,121,3411.284329
76.48648,107,3413.164079
68.806718,94,3414.836245
82.765406,115,3416.831564
65.935404,73,3418.079479
82.408999,111,3420.021151
72.265485,131,3422.531059
88.93416,105,3424.397902
-4.218867,11,3424.630513
-9.235478,3,3424.716212
78.133154,80,3426.157475
20.747428,34,3426.753498
14.635456,31,3427.324861
80.314953,115,3429.344927
89.48633,93,3431.049958
85.354053,97,3432.829133
86.481509,109,3434.883604
90.123596,89,3436.414958
86.228839,125,3438.715283
73.924228,124,3440.928466
77.568446,120,3443.050882
61.470401,107,3444.936555
27.700222,57,3446.021103
9.529129,99,3447.761937
81.775895,200,3451.360126
82.288354,124,3453.599029
83.525184,116,3455.675926
75.648534,99,3457.390924
89.067148,115,3459.581293
56.04464,103,3461.399376
84.675115,305,3466.243077
88.080815,180,3469.545219
62.220412,92,3471.347848
53.502114,86,3473.190748
-8.551033,3,3473.365173
83.969097,327,3479.104393
85.630537,120,3481.407539
77.130319,113,3483.529632
79.988523,117,3485.877866
-9.32,2,3485.925926
81.908329,91,3487.63267
60.974541,112,3489.664197
17.385942,46,3490.585227
81.88046,86,3492.114888
20.624812,44,3492.95389
56.567522,74,3494.34604
82.001687,116,3496.575487
12.067665,36,3497.259018
43.236027,74,3498.668274
12.935624,30,3499.213495
70.665969,259,3503.627255
-8.190729,4,3503.730797
78.438026,298,3508.87728
21.203178,45,3509.735189
-4.309116,11,3510.052382
31.063812,60,3511.204888
-9.286608,2,3511.255549
79.983549,87,3512.965251
69.572756,92,3514.923453
27.782524,54,3515.9714
82.381004,103,3517.869051
83.684684,110,3519.895599
89.181955,106,3521.92257
89.670184,104,3523.813239
-7.6,4,3523.932382
24.82436,56,3524.992646
79.615392,107,3527.223795
82.602252,109,3529.241889
6.642184,23,3529.679835
5.804188,20,3530.03224
82.791591,105,3532.011869
67.040046,103,3534.038448
80.314258,116,3536.37099
89.189817,103,3538.494106
44.465873,71,3540.068172
82.227292,90,3541.804203
85.707773,103,3543.954792
89.317303,91,3545.937549
85.907074,89,3548.685921
79.857726,127,3552.62244
86.585792,132,3555.733946
40.904685,72,3557.490905
78.924001,92,3559.413871
81.692509,121,3561.955631
85.813897,108,3563.862032
83.195793,128,3567.117744
85.509299,136,3570.219653
88.92636,116,3572.395271
87.390308,122,3575.234805
-7.416031,9,3575.464871
26.44264,69,3577.284644
34.718084,81,3579.294684
20.088376,40,3580.048548
50.538298,164,3582.987106
81.981596,95,3585.319444
89.055144,125,3588.292123
89.528859,102,3590.711943
89.015713,142,3593.397364
-7.133987,6,3593.609599
89.533154,114,3595.716267
43.841941,62,3596.800287
82.368662,106,3598.667516
83.826667,112,3600.667632
42.892795,85,3602.13917
86.595658,111,3604.060197
-6.274242,6,3604.1792
83.161918,125,3606.434678
76.136006,253,3610.779225
78.335665,100,3613.198831
80.045697,184,3617.511782
-1.601168,25,3618.234554
54.421728,135,3621.878493
51.642459,232,3627.104493
88.994236,131,3630.067371
-4.179837,7,3630.281948
-9.126916,2,3630.357815
14.802851,39,3631.066997
79.660003,116,3633.275549
-2.658218,23,3633.896763
83.29986,217,3639.123445
45.762811,85,3640.899778
89.079978,116,3642.992769
74.242826,114,3645.612143
87.068659,107,3648.030008
83.020605,119,3651.286838
85.87156,116,3653.950236
86.196724,87,3655.908304
88.837189,138,3659.037131
55.927582,98,3661.013231
89.378121,117,3663.670371
61.188043,78,3665.244773
82.296891,100,3666.994828
89.331647,89,3668.449017
35.095081,58,3669.559928
79.208235,90,3671.677401
12.398608,27,3672.287599
-6.398623,6,3672.449826
82.27788,90,3674.318454
79.645567,93,3676.416188
79.72148,119,3678.636734
82.684529,99,3680.66117
10.40926,23,3681.095869
5.876848,18,3681.59025
63.69772,83,3683.57581
70.871609,96,3685.540327
42.337852,57,3686.521615
73.22579,222,3690.620102
83.705621,244,3694.581758
86.139306,126,3696.833513
75.53905,86,3698.358597
31.713676,57,3699.50036
42.217182,97,3701.221253
-1.0,10,3701.420084
79.798209,121,3703.531706
2.801004,21,3703.989816
75.216204,92,3705.704363
46.884964,235,3710.084723
82.993532,97,3712.3383
86.323181,113,3715.138592
85.916276,101,3717.487427
3.103107,15,3717.915385
40.308201,81,3719.924773
86.182266,92,3722.241365
34.414906,61,3723.86749
67.65042,110,3726.626382
85.958951,117,3728.823828
86.081531,92,3730.877246
83.5634,110,3733.132744
73.828689,108,3735.648877
-2.146822,9,3735.847483
-1.251561,11,3736.133115
86.310241,119,3738.276583
18.859162,50,3739.211376
83.286446,100,3741.327743
80.659663,95,3743.15229
82.297417,121,3745.390814
19.787022,37,3746.081819
83.656139,134,3748.670959
88.747637,139,3751.24433
86.310547,454,3759.640842
1.288432,31,3760.566229
28.136696,376,3768.375431
-10.0,1,3768.546066
41.155707,134,3771.527531
3.479678,17,3771.889287
84.665147,105,3773.801347
0.813913,19,3774.214674
85.950126,118,3776.304243
74.884912,100,3778.15415
-7.326832,5,3778.272948
53.357253,94,3780.012774
88.678764,138,3782.468092
48.229321,86,3784.005579
76.380927,94,3785.715771
82.721326,108,3787.700728
88.777429,116,3789.960736
83.845544,119,3793.263519
36.414239,66,3794.874591
89.231643,111,3797.633583
88.857395,122,3799.960962
44.005582,58,3801.054
47.602446,71,3802.605546
88.818521,126,3805.719259
85.954594,101,3808.497237
17.512842,36,3809.477985
-0.538527,20,3810.015917
84.418441,113,3813.13763
34.766084,49,3814.390217
88.9335,150,3817.912335
89.20937,97,3819.820386
47.827098,90,3822.033532
82.182453,110,3824.111956
88.72185,137,3826.931798
-8.068403,3,3827.052964
70.603994,108,3829.051554
89.967837,92,3831.115416
85.45005,127,3833.485716
5.382174,22,3833.906027
88.473999,247,3838.554633
-9.0,2,3838.609206
79.129893,107,3841.3474
80.324878,98,3843.717921
83.428183,201,3847.406597
78.463721,86,3848.948364
89.433751,101,3850.748183
89.605193,115,3852.903182
89.111281,137,3855.621696
-7.6,4,3855.726253
16.093944,35,3856.431148
40.069842,84,3857.993366
85.943088,111,3860.258164
42.840811,62,3861.6241
83.406376,117,3863.759389
61.744146,88,3865.323247
1.353459,17,3865.718764
85.798253,86,3867.180661
36.166431,57,3868.162048
22.240516,44,3869.012969
89.289042,89,3870.67121
86.004859,125,3872.852382
22.984878,70,3874.163171
0.495361,110,3876.149271
9.540378,23,3876.660702
89.747626,92,3878.37148
31.720302,420,3884.967159
39.67218,157,3887.71734
18.479975,30,3888.411603
79.797267,121,3890.641913
-8.225226,3,3890.72395
32.49799,63,3891.873832
71.361083,111,3894.082274
48.430641,73,3895.444372
68.923769,85,3896.980844
82.669641,121,3899.059732
26.288568,82,3900.63414
2.523763,30,3901.163994
81.331588,100,3902.966996
4.136568,35,3903.66169
55.60562,101,3905.599345
-5.851229,9,3905.779676
69.068089,94,3907.583522
85.845473,94,3909.334076
27.163168,47,3910.334892
89.588558,98,3912.162319
88.797307,119,3914.588903
86.44932,125,3917.02354
89.213609,115,3920.049867
85.798241,97,3922.15177
82.932914,100,3924.839409
79.428567,104,3927.421008
85.629893,99,3929.363692
82.920177,96,3931.107039
23.664747,58,3932.110438
-4.636486,15,3932.391139
0.336062,21,3932.871287
89.415247,124,3934.980102
2.678702,15,3935.253304
-9.32,2,3935.30212
89.297852,91,3937.019289
82.540796,125,3939.729358
-1.716861,22,3940.369847
21.437295,45,3941.539172
82.397751,121,3944.217741
78.184672,85,3946.284398
70.579454,85,3948.146612
50.304334,74,3950.275591
82.649771,94,3952.218484
10.501666,47,3953.08587
77.883137,82,3954.591883
88.77894,139,3957.166825
81.930899,97,3958.927884
-8.296848,8,3959.092862
-6.30054,8,3959.253388
88.989412,124,3961.375171
86.283034,110,3963.325704
84.903618,129,3965.60714
41.948637,72,3966.899153
85.802272,96,3968.624644
86.399902,112,3970.758924
86.561381,102,3972.508538
57.148995,108,3974.33915
-9.058996,2,3974.414293
76.651649,90,3976.037266
51.735832,68,3977.272451
89.301487,94,3979.000926
84.072853,113,3981.221209
-8.0,3,3981.392048
49.168951,68,3982.721426
31.463118,64,3983.991248
-3.010944,11,3984.217276
85.90465,89,3986.043597
85.783043,106,3987.884274
90.060942,89,3989.348345
86.308269,122,3991.783547
58.0,69,3993.101461
89.354744,132,3995.58188
83.100077,123,3997.822067
89.581087,110,3999.759937
88.290276,169,4002.9012
5.978642,21,4003.289409
65.713883,167,4006.210923
60.184716,98,4007.955262
85.626095,297,4013.217733
11.92766,39,4014.006648
-1.044286,20,4014.441394
63.394207,113,4016.545812
87.137652,223,4020.481827
2.750029,14,4020.754642
45.64757,81,4022.200615
13.298156,39,4022.898228
66.790953,100,4024.891881
86.2565,95,4026.703537
85.894882,124,4029.102547
85.94113,130,4031.56378
88.842506,110,4033.649679
12.958321,38,4034.373327
70.478239,109,4036.320763
78.958847,107,4038.366309
35.819926,71,4039.97033
13.914246,78,4042.102862
37.516387,75,4043.680384
86.254045,98,4045.765035
86.078662,107,4047.985219
89.290168,128,4051.008728
9.628607,23,4051.503049
64.607589,110,4053.791729
89.341196,90,4055.615047
26.34253,68,4057.273363
17.394045,33,4057.993907
20.159994,161,4061.143088
21.368335,42,4062.088681
86.129403,95,4063.916985
79.368393,83,4065.604789
80.928281,121,4068.419972
17.010117,41,4069.338339
33.306152,58,4070.570324
34.382961,60,4071.84164
4.459631,17,4072.222979
85.77066,90,4074.278062
35.072864,67,4075.573902
85.441748,111,4077.508372
78.739601,93,4079.206395
49.300871,83,4080.876549
-6.370194,5,4081.038229
30.681925,72,4082.416929
41.696789,59,4083.60228
89.33915,106,4085.74468
8.0,19,4086.133938
19.973693,53,4087.248645
76.052281,100,4089.098368
89.162718,143,4092.049108
3.0,14,4092.296381
88.012974,211,4095.939649
82.83258,97,4097.6904
78.262415,93,4099.600753
82.466348,103,4101.846306
82.028372,88,4103.701466
85.571693,101,4105.711893
4.883185,27,4106.411855
86.013164,89,4108.079764
78.127429,85,4109.672065
66.975794,121,4112.000412
84.771831,108,4114.153166
86.001971,91,4115.950613
0.346859,12,4116.200338
82.478982,91,4117.961237
-8.202348,4,4118.135059
8.432612,22,4118.583906
12.553307,34,4119.238256
8.262906,29,4119.788525
20.373861,47,4120.874411
18.403801,31,4121.470306
89.6165,101,4123.532344
16.187955,32,4124.157095
-2.372528,10,4124.427475
-8.170084,3,4124.516373
10.007843,24,4124.978147
78.745599,95,4126.858558
85.470119,104,4128.939783
-3.827202,8,4129.109865
15.94544,54,4130.219798
86.252795,112,4132.394741
17.983254,50,4133.516352
86.232413,122,4135.819798
89.265449,100,4137.715054
82.774981,184,4140.927319
32.221098,61,4142.185851
79.867324,197,4145.735051
12.912963,33,4146.370294
82.220585,90,4148.121705
8.709876,37,4148.96085
72.667936,250,4153.124149
82.741314,99,4154.873672
84.809153,120,4157.033279
60.103596,194,4160.780725
36.573432,65,4162.112844
89.576197,99,4164.0017
82.803035,100,4165.949143
76.954095,110,4168.164039
9.198066,24,4168.626076
-5.0,6,4168.753559
72.096198,90,4170.352415
83.906922,96,4172.076087
6.714233,25,4172.532779
81.502314,92,4174.261122
82.110998,102,4176.035838
85.597914,121,4178.220257
78.620532,127,4180.409047
89.296617,89,4181.880527
-0.5951,13,4182.126501
32.453427,70,4183.430878
25.49632,53,4184.353715
83.484062,91,4185.943112
78.496786,98,4187.622406
6.498454,21,4188.094045
78.980673,105,4190.029483
85.564395,95,4191.76781
20.24912,40,4192.486957
80.412411,120,4194.974524
85.784276,92,4197.012587
-9.080319,2,4197.094732
73.683775,95,4199.119631
70.361779,83,4200.757496
73.130995,108,4202.798796
64.565995,107,4204.898432
10.064049,22,4205.354974
39.426014,78,4206.982224
76.29406,110,4209.11107
12.316548,34,4209.759741
85.705364,108,4211.89076
42.668265,77,4213.483943
73.840057,81,4215.09801
0.441199,15,4215.378554
-6.749595,11,4215.609665
39.621964,75,4217.107704
89.848762,97,4219.003948
85.334491,89,4220.872621
75.66858,111,4223.078229
43.272355,65,4224.366746
25.303753,42,4225.174787
7.343602,258,4229.84649
12.395997,27,4230.432342
88.933475,128,4233.150747
81.981765,292,4238.64732
39.371166,165,4241.725172
12.388462,26,4242.286642
82.436723,308,4247.659623
28.548966,45,4248.549804
88.782248,120,4251.023338
46.238433,61,4252.238548
-7.839243,5,4252.466306
27.343714,52,4253.520219
85.714853,116,4255.73423
89.14784,110,4257.957299
88.942076,122,4260.435801
86.56752,99,4262.903403
71.007291,108,4265.896915
89.128622,142,4269.247215
27.114421,42,4270.167957
76.40193,113,4272.628782
-2.398373,16,4272.96509
17.558376,38,4273.864686
-7.514013,9,4274.150117
85.869337,100,4276.060749
86.117009,138,4278.934234
88.859588,128,4281.686516
71.840617,108,4284.066933
88.924665,137,4286.677536
84.664694,202,4290.325107
89.309506,105,4292.416131
38.977963,174,4295.940171
23.347315,52,4297.040608
40.307455,58,4298.159407
32.000111,300,4303.918505
79.063858,85,4305.725042
82.292583,228,4310.727773
85.890517,110,4313.372613
89.282276,111,4315.64953
86.024298,117,4318.260458
89.082746,100,4320.3577
-2.84739,9,4320.527711
0.548482,13,4320.791997
51.512779,84,4322.518586
9.494736,33,4323.279944
82.080416,95,4325.541155
86.049503,102,4327.61074
34.860598,63,4328.925808
-10.0,1,4328.995191
14.171925,34,4329.628839
48.486332,95,4331.410471
89.226812,122,4333.927879
83.22304,118,4336.435279
21.547156,43,4337.44708
88.617053,142,4341.353393
24.251655,56,4342.969477
46.870855,351,4349.503822
0.315029,47,4350.600174
83.942608,118,4352.681144
-5.067848,7,4352.939267
81.954165,96,4354.622202
29.441757,55,4355.614315
83.880891,124,4357.786716
19.671147,40,4358.572068
2.664565,18,4358.942642
82.331764,95,4360.637022
85.414046,303,4365.450296
6.935817,26,4365.997089
-0.319925,24,4366.429769
42.021515,67,4367.620692
15.275203,92,4369.213696
20.718828,35,4370.002283
77.499099,92,4371.846585
88.98046,138,4374.359963
49.579032,78,4375.831335
80.956777,107,4377.811988
7.105641,29,4378.339423
-5.0,6,4378.450819
78.804959,102,4380.227716
79.983391,122,4382.443458
53.397343,99,4384.198735
52.0,64,4385.305382
85.010987,127,4387.559675
33.236655,47,4388.447677
-1.433162,14,4388.740712
86.210731,132,4391.049403
-9.16,1,4391.093891
25.844279,46,4392.001732
84.90418,122,4394.103094
21.814722,42,4394.910953
79.502093,108,4396.82348
77.092867,97,4398.586563
76.573716,105,4400.570701
85.815799,93,4402.252975
-8.44,4,4402.347311
29.734784,42,4403.225253
2.669656,30,4403.78203
82.608673,95,4405.515705
22.099814,39,4406.225306
1.057332,14,4406.544804
82.330101,108,4408.57581
83.624967,97,4410.334824
85.417059,108,4412.304462
89.244312,93,4413.967556
89.271489,96,4415.63764
39.041007,61,4416.718951
80.417828,116,4418.752246
52.918245,66,4420.005296
56.524307,88,4421.524247
51.174831,103,4423.301691
89.234843,111,4425.232737
-0.46165,12,4425.533545
86.667899,105,4427.312281
83.10068,102,4429.144564
-2.080236,16,4429.498888
-8.049809,3,4429.67117
89.435647,108,4431.742128
12.034371,29,4432.258492
86.453459,132,4434.625602
25.856765,44,4435.489047
38.803445,364,4441.098834
82.217486,98,4442.7947
51.236627,71,4444.152767
86.102571,115,4446.459018
82.524223,100,4448.63835
82.447304,98,4450.796932
78.218847,113,4453.730869
84.730832,116,4456.461564
14.88557,48,4457.474574
37.649207,72,4459.006314
82.36572,103,4461.848999
-9.0,2,4462.000684
81.471846,110,4463.994678
79.10424,112,4465.958958
-7.4,5,4466.098531
32.359131,59,4467.192509
2.931115,24,4467.62208
28.461631,46,4468.454547
85.400453,110,4470.456532
82.627713,102,4472.321738
72.668985,89,4473.862
89.12847,105,4475.662856
89.311891,89,4477.178793
10.61911,54,4478.27968
11.715194,33,4479.041682
53.357124,88,4480.739244
38.53398,81,4482.352486
88.605375,141,4485.287857
22.700342,134,4488.046308
88.918423,236,4493.69755
34.577747,125,4496.258366
-2.349357,9,4496.589557
80.669161,117,4499.615021
29.0,40,4500.647358
85.741914,93,4502.928305
82.920189,115,4505.942224
72.426158,87,4507.810659
24.257929,49,4508.752773
-0.589359,16,4509.083088
82.97585,118,4511.303189
85.384636,100,4513.069877
11.133954,38,4513.727431
66.675243,90,4515.366653
86.294663,112,4517.385659
67.144674,112,4519.463735
2.592472,14,4519.834017
82.71024,114,4522.060394
82.958993,104,4524.073204
82.619974,104,4526.039611
86.422364,105,4528.026729
59.443279,105,4530.178631
40.982969,80,4531.992745
86.512305,99,4533.854509
80.507714,116,4536.008703
21.997488,55,4537.061427
64.808804,105,4539.286968
78.638965,85,4541.206079
79.251834,102,4543.467632
85.482422,89,4545.303797
45.576937,81,4547.010235
70.590332,129,4549.510466
-2.549194,11,4549.812063
-7.6,4,4549.920348
86.260053,138,4552.865563
3.988138,19,4553.222887
28.023088,56,4554.314848
82.114854,93,4556.148714
12.150739,32,4556.831295
71.504253,126,4559.140171
29.067868,42,4559.959739
73.292663,133,4562.571365
85.062386,114,4565.407608
89.106716,147,4568.248288
89.147866,132,4570.78245
22.136305,55,4571.98347
-9.01424,2,4572.127758
89.286872,114,4574.269474
89.416139,90,4576.251848
88.821416,130,4579.029776
82.175526,96,4581.069373
2.670589,20,4581.480934
83.22268,100,4583.383852
89.733079,100,4585.505222
86.531833,118,4588.037423
54.018986,97,4589.86237
84.293037,128,4592.279284
86.078078,103,4594.212636
89.112231,117,4596.666576
63.458039,98,4598.527986
85.462615,95,4600.485586
89.418817,99,4602.422259
37.623446,84,4604.002505
86.153177,94,4605.648793
85.654532,108,4607.565176
48.174315,67,4608.860791
65.762985,92,4610.781648
30.354471,48,4611.738898
56.829765,107,4613.727512
83.763628,97,4615.627787
86.422839,111,4617.834877
86.391965,96,4619.672518
0.439059,16,4619.973986
81.925573,123,4622.240939
82.294156,107,4624.539996
37.131068,55,4625.685683
61.523893,118,4627.992165
83.004276,128,4630.508495
84.749338,121,4632.855262
82.173208,110,4635.295974
49.013975,82,4637.013199
85.767317,133,4639.873322
76.715056,113,4642.266166
85.497922,128,4644.752791
79.536433,104,4646.636234
29.926751,54,4647.647477
85.76832,98,4649.538938
79.556618,123,4651.844294
0.763716,17,4652.160595
78.665866,108,4654.135346
86.726672,101,4656.124586
5.809875,39,4656.853382
89.400092,111,4658.928936
59.567325,113,4661.009089
90.123596,89,4662.616294
89.400394,110,4664.699731
74.21208,100,4666.647225
82.074247,91,4668.493975
82.953701,140,4671.619263
-7.36,6,4671.756861
30.850733,61,4672.990694
88.999233,121,4675.291091
86.157555,116,4677.494959
-5.693385,6,4677.611584
78.857601,94,4679.359562
85.371828,352,4685.243932
11.397209,26,4685.811775
84.420974,140,4688.273736
29.383618,56,4689.367571
83.367496,112,4691.45771
77.205963,130,4693.814912
86.024593,108,4695.941081
88.978442,136,4698.450077
16.659836,52,4699.448892
85.723098,318,4705.199028
57.339032,85,4706.936272
32.209259,103,4708.951917
24.615544,57,4710.074808
78.02011,91,4712.08651
-6.218463,5,4712.19741
32.980271,70,4713.533796
59.546741,253,4717.977553
30.927576,68,4719.437111
41.722277,84,4720.992832
89.404349,104,4722.955371
82.954644,119,4725.2098
25.818953,45,4726.173186
80.101867,124,4728.487304
85.921174,86,4730.20975
-9.32,2,4730.256294
24.67256,45,4731.248601
86.64502,139,4733.860958
85.93224,94,4735.62169
82.844923,118,4737.750603
86.394856,119,4740.381681
5.700579,19,4740.799069
86.662019,107,4743.215072
39.364164,69,4744.647677
28.694443,62,4745.93395
75.661601,91,4747.752445
81.998693,104,4749.756574
86.17249,120,4752.089859
58.662023,87,4753.888853
12.626922,41,4754.640188
89.561678,104,4756.616358
75.49697,96,4758.478432
79.671691,105,4760.748892
83.349309,125,4763.368687
30.437944,53,4764.463767
81.740339,118,4766.828361
-4.645686,12,4767.195806
-1.816339,15,4767.539001
61.786657,112,4769.650496
82.967762,104,4771.692481
53.752644,71,4773.056518
89.380193,114,4775.23098
85.811722,98,4777.189747
81.111491,133,4779.71804
25.194093,50,4780.822082
48.418371,91,4782.624933
24.713102,49,4783.588719
86.348651,111,4785.700951
30.234924,50,4786.766424
0.956502,19,4787.165097
21.971743,44,4788.022091
50.10448,69,4789.419733
77.97651,88,4791.328078
67.284183,109,4793.543736
75.345479,88,4795.225888
-1.706832,10,4795.420631
11.539204,44,4796.394967
75.000013,97,4798.211743
89.206049,128,4800.898095
82.872576,105,4802.999123
86.356116,98,4805.100892
89.308506,109,4807.246983
44.836052,83,4808.7864
53.946995,88,4810.567378
86.864709,124,4813.060105
18.803512,47,4814.056388
-0.068459,11,4814.289905
74.759591,100,4816.294672
77.099155,107,4818.393201
79.389546,106,4820.516376
89.051524,103,4822.509575
67.44431,129,4824.838139
86.695116,104,4826.79833
-7.678874,5,4826.903586
83.047277,119,4829.211783
82.849018,106,4831.199646
72.38223,95,4832.982214
18.61124,43,4833.764897
83.064541,118,4835.932122
51.245525,87,4837.498636
8.409294,32,4838.189502
37.732981,479,4845.799604
82.320789,101,4847.783807
83.117817,128,4850.429598
57.625677,82,4852.160565
63.799227,105,4854.272082
86.30124,122,4856.727697
34.782673,62,4857.883462
10.704592,30,4858.56311
-4.560958,12,4858.808612
-4.246562,8,4858.973405
83.870546,116,4861.175005
82.066798,89,4862.853174
86.226942,109,4864.887361
89.03285,110,4866.902578
89.353893,96,4868.639543
-5.394319,8,4868.88025
74.556475,229,4872.781304
54.975848,101,4874.574867
77.057678,114,4876.621686
33.848068,61,4877.799136
8.049828,21,4878.196661
79.242392,110,4880.379693
80.328507,117,4882.61223
80.50211,101,4884.501775
15.887182,35,4885.24974
89.262597,127,4887.547533
14.321786,40,4888.315407
89.746734,89,4890.027872
24.706356,45,4890.876013
70.927405,84,4892.477143
85.638509,100,4894.355735
79.498117,110,4896.496556
75.493793,171,4899.485118
89.033998,120,4901.693656
-8.8,3,4901.782523
89.211715,114,4903.901191
31.201795,55,4904.855456
20.636659,37,4905.540237
88.632108,135,4907.905597
81.4475,230,4912.241113
41.125704,74,4913.599962
86.425841,112,4915.639508
8.626963,25,4916.137849
89.354388,97,4918.076657
85.656587,87,4919.627125
66.281618,97,4921.355175
89.029351,98,4923.105206
58.810165,95,4925.057217
23.692838,52,4926.142427
16.603072,34,4926.841758
19.649235,46,4927.77283
76.13968,115,4930.168349
88.988351,129,4932.714467
86.603552,97,4934.623945
75.708576,97,4936.522646
86.079492,113,4938.815479
86.244188,102,4941.089617
86.665137,103,4943.116156
70.358134,90,4944.972193
82.429193,97,4946.943668
82.891381,133,4949.481206
81.378378,113,4951.627702
-10.0,1,4951.697776
89.963527,90,4953.453285
89.0929,119,4955.761702
82.300148,97,4957.596173
86.438464,107,4959.698843
82.593255,128,4962.312781
-1.54704,10,4962.544606
42.246505,75,4964.000726
-7.36,6,4964.194798
83.203986,120,4966.584973
85.225653,123,4968.901318
11.933002,32,4969.557484
-5.132693,6,4969.769293
89.092408,100,4971.844772
89.247223,90,4973.595075
88.849104,145,4976.40736
83.20789,123,4978.625324
5.463494,18,4979.064598
83.467387,103,4981.059594
86.705698,90,4982.728018
85.683413,113,4984.770471
71.15974,121,4987.043121
57.605523,77,4988.425727
84.279301,115,4990.5109
85.612149,137,4992.98008
80.188031,119,4995.323371
89.08396,127,4997.710176
84.580395,108,4999.854832
89.21927,129,5002.330504
89.229115,121,5004.615177
85.79399,140,5007.170598
86.145588,131,5009.798556
85.449903,101,5011.704011
69.136885,97,5013.67886
85.433469,105,5015.751603
89.234586,126,5018.272763
88.740823,124,5020.741536
82.592645,118,5023.036798
86.765033,126,5025.422402
81.884944,102,5027.422148
27.18112,206,5031.57768
81.542827,292,5037.069741
83.683405,131,5039.482826
80.534082,127,5041.846591
86.421526,111,5043.891957
-1.768893,17,5044.310112
78.747569,104,5046.229353
20.187024,39,5047.127944
33.236899,206,5050.890841
29.11509,44,5051.872703
59.530407,104,5053.900496
79.900287,117,5056.111364
36.332641,77,5057.567747
82.937389,101,5059.606591
82.863617,119,5062.066932
59.60192,87,5063.788479
85.341887,122,5066.171407
37.674066,370,5072.804878
88.94432,138,5075.422896
72.598727,121,5077.738844
-8.269758,3,5077.80811
5.962553,18,5078.260717
66.528127,107,5080.203607
83.261419,121,5082.374534
35.476177,77,5083.765562
85.796458,105,5085.735057
37.268499,66,5086.948884
-7.52,10,5087.166222
89.332395,93,5088.902774
76.418722,96,5091.016362
64.72369,77,5092.569442
5.58345,30,5093.161845
86.78088,118,5095.555975
85.477226,91,5097.439631
78.466517,84,5098.942083
-4.660043,11,5099.137652
21.487422,33,5099.774975
-5.154325,9,5100.031766
46.740952,65,5101.298489
-6.396226,5,5101.416813
15.172834,33,5102.053281
34.956338,54,5103.129449
78.655948,93,5105.03196
20.518344,41,5105.885202
81.524724,85,5107.577242
-2.614791,14,5107.945578
78.135285,102,5109.973666
85.328645,113,5112.151578
88.854611,137,5114.83736
10.271232,28,5115.513803
-3.128411,8,5115.698355
79.698064,128,5118.133675
43.543673,94,5120.089133
85.765082,99,5122.337344
89.337138,121,5124.790111
69.122412,120,5127.203386
-3.0,10,5127.402539
69.502118,116,5129.793055
89.347512,112,5131.958068
82.843491,113,5134.198838
-4.806217,7,5134.341023
73.975089,95,5136.466628
-8.319922,9,5136.668329
82.246336,146,5139.643964
78.98059,95,5141.427813
83.165213,128,5143.792116
83.522914,109,5145.765873
86.179334,101,5147.569725
85.398594,108,5149.570761
37.667021,80,5151.193866
85.132761,122,5153.553531
80.290436,111,5155.77289
85.861688,121,5158.124099
12.382921,53,5159.225363
81.184998,106,5161.221931
-10.0,1,5161.286721
82.837378,120,5163.649545
81.755566,102,5165.695245
88.931514,131,5168.185172
32.988771,500,5176.665334
47.48143,91,5178.428753
85.675086,130,5181.270723
82.580373,98,5183.203293
39.322735,57,5184.315511
88.329429,109,5186.453004
75.986823,110,5188.624692
89.082376,115,5190.756868
85.649366,96,5192.650966
89.346276,110,5194.724942
89.582124,97,5196.616767
39.517091,66,5197.974814
50.910796,80,5199.472353
-5.151448,11,5199.677902
-9.16,1,5199.854416
13.057297,38,5200.564232
82.3631,125,5202.879668
29.539233,65,5204.114322
22.377564,54,5205.224377
41.761885,79,5206.742984
82.008291,92,5208.622002
73.110247,90,5210.718762
82.340942,93,5212.792444
19.768031,45,5213.62977
56.757084,88,5215.305131
75.889971,100,5217.458867
81.830629,101,5219.496232
83.00788,125,5221.801337
-7.6,4,5221.912235
70.878862,124,5224.179244
79.614665,101,5226.165247
89.220055,91,5227.855153
81.643335,144,5230.522989
89.097799,114,5232.597343
63.844552,111,5234.663935
89.033828,118,5236.760264
81.499838,89,5238.406378
51.562869,87,5240.087203
19.748789,49,5241.115818
88.874884,140,5244.152207
58.980032,83,5245.939279
77.232326,147,5248.919591
89.104096,131,5251.551348
88.947496,114,5253.7016
83.211104,112,5255.829126
12.314652,33,5256.483166
69.042281,117,5258.938986
82.763881,128,5261.395541
89.225585,120,5263.811129
82.748333,94,5265.797354
88.920962,132,5268.431011
61.823464,207,5272.42332
82.453232,112,5274.544056
37.323449,71,5275.920075
82.975561,122,5278.472667
-7.4,5,5278.62849
63.198665,115,5280.827634
71.147903,94,5282.671628
64.982601,103,5284.534791
5.31558,22,5284.979122
86.077035,104,5286.909347
44.591492,72,5288.207292
8.692031,24,5288.742257
1.976832,22,5289.131845
-0.700549,12,5289.365849
85.003566,116,5291.510546
34.222059,60,5292.690635
81.749658,84,5294.042248
83.377885,139,5296.555759
89.419249,106,5298.492447
83.128612,123,5301.020083
45.032407,115,5303.216555
80.41769,126,5305.452325
81.1235,96,5307.173575
79.958464,117,5309.362237
89.258116,120,5311.779961
82.497077,113,5313.966302
67.583504,105,5316.11177
78.504795,117,5318.403717
77.869205,82,5319.866755
-9.013813,2,5319.941895
89.201651,125,5322.221032
77.288556,102,5324.209309
83.329748,134,5326.508206
19.78741,43,5327.26657
-7.546832,4,5327.367826
68.182015,88,5329.104873
53.098032,318,5335.024067
-8.006035,5,5335.136809
82.174529,103,5337.123138
-1.093184,15,5337.514788
-0.150921,19,5337.89105
22.9251,42,5338.659355
15.542019,40,5339.371316
89.486129,103,5341.45991
86.049164,130,5343.962954
86.802365,109,5346.04908
83.118878,100,5348.118809
15.36574,34,5348.938721
-0.446639,18,5349.314404
89.070493,95,5351.121038
5.444075,19,5351.505565
82.046528,91,5353.531952
88.795127,138,5356.350952
64.764599,95,5358.242442
86.401928,106,5360.365012
74.778055,100,5362.28525
81.996708,98,5364.267882
85.501524,111,5366.340235
33.453314,71,5367.723326
88.6739,138,5370.485416
48.160649,84,5371.971838
16.091666,36,5372.713439
-10.425891,2,5372.799803
17.656162,157,5375.938497
42.348442,94,5377.791073
86.096205,108,5379.969566
19.459757,47,5380.844286
76.308962,119,5383.209425
80.908907,124,5385.839407
31.318342,57,5387.121062
60.477274,75,5388.580489
65.447969,117,5391.253355
55.750645,103,5393.330845
89.552139,108,5395.243012
83.937703,86,5396.698271
85.40159,135,5399.186634
85.419434,94,5401.099143
17.797,38,5401.867008
81.807314,95,5403.877625
60.144488,88,5405.804466
77.139106,106,5407.895311
7.526849,23,5408.334005
12.351703,31,5408.919704
6.388088,20,5409.409412
80.259129,97,5411.508269
53.126984,92,5413.405472
88.739457,135,5416.141731
78.822856,106,5418.205319
77.390169,101,5420.201121
80.083506,102,5422.167248
90.123596,89,5423.816451
63.998896,75,5425.39794
40.925558,79,5427.071635
21.846945,44,5427.939124
28.327509,43,5428.731596
86.505193,96,5430.560934
5.700185,23,5430.993753
44.525104,147,5433.553571
31.266424,54,5434.578308
83.06622,100,5436.559786
86.277991,109,5438.640248
30.493364,78,5440.165338
86.237961,138,5442.99451
79.855186,105,5444.920028
17.418475,34,5445.592871
79.096809,94,5447.40699
86.345768,106,5449.513306
32.859323,64,5450.971133
79.955982,94,5453.063496
-8.013453,3,5453.148892
89.09217,130,5455.709168
-5.997466,10,5456.028486
8.188191,30,5456.67004
61.785976,98,5458.809047
83.239546,115,5461.228813
57.130824,104,5463.408252
86.310775,110,5465.583678
89.203225,119,5467.835965
78.14718,114,5469.8429
27.843553,48,5470.796869
88.884627,140,5473.308476
9.437278,23,5473.777601
18.347531,45,5474.610717
24.547664,55,5475.724617
74.09267,89,5477.330526
27.833449,70,5478.640467
35.684,70,5480.032597
48.182577,76,5481.978266
43.732373,82,5483.700281
25.817074,53,5484.881053
80.939158,118,5487.37453
82.719145,97,5489.301568
-9.339929,3,5489.39153
1.640498,13,5489.661382
89.174439,134,5492.204815
80.511006,90,5494.10611
70.778506,110,5496.401974
86.08243,112,5498.653149
3.524488,18,5499.057037
88.921661,105,5501.162623
89.246059,106,5503.34045
51.66644,82,5505.085407
83.203747,112,5507.375316
82.184457,94,5509.406984
41.785638,61,5510.646255
82.841223,116,5513.095181
72.045896,88,5514.962322
79.117067,237,5519.533972
85.415075,114,5521.955561
89.027901,114,5524.336571
71.088877,95,5526.303508
82.407465,127,5529.022602
52.239435,102,5531.152463
60.647323,87,5533.045501
81.966761,85,5534.88752
-3.912597,19,5535.420507
32.103415,46,5536.455929
32.915122,63,5537.830208
72.55626,100,5540.045996
71.37309,97,5542.10903
62.52698,88,5543.887244
70.130161,76,5545.433885
72.41162,95,5547.345203
89.400117,95,5549.393439
4.357263,20,5549.806761
-7.548632,4,5549.911094
88.682829,129,5552.554235
89.108053,118,5554.977828
83.091332,111,5557.182216
86.345989,113,5559.443094
66.862065,99,5561.36896
14.596967,26,5561.983544
57.833943,107,5564.085068
-5.318877,7,5564.233449
83.09672,105,5566.266557
84.91127,112,5568.55998
33.153622,62,5569.861694
86.38977,113,5572.119813
86.010495,100,5574.087738
89.108393,141,5577.056594
88.915208,138,5579.870894
85.878478,99,5581.885961
85.804431,101,5583.829701
89.663907,98,5585.835259
-8.369721,3,5585.896954
31.813544,51,5586.921045
88.792449,135,5589.49075
85.492686,97,5591.461503
85.394177,98,5593.36534
42.151123,75,5594.812393
89.083603,121,5597.223914
84.871288,138,5599.927888
86.423262,105,5601.878293
89.196496,103,5603.8863
34.526964,58,5605.125314
-7.6,4,5605.337764
8.8587,21,5605.77354
81.217324,84,5607.426519
83.008583,99,5609.613347
52.62801,78,5611.350174
85.562808,100,5613.423029
88.931416,132,5615.979594
85.788939,128,5618.399804
86.607252,92,5620.271458
-5.530357,6,5620.433294
83.086318,128,5622.756312
-3.158915,10,5622.961763
85.986269,124,5625.382268
15.610252,33,5626.049773
80.120702,128,5628.513508
89.240008,107,5630.644121
82.551155,104,5632.729279
85.574675,95,5634.760579
-8.109355,3,5634.865025
-3.328091,23,5635.302426
86.339089,125,5637.826208
88.84339,123,5640.479252
79.52613,237,5645.05501
16.331275,33,5645.734015
23.345899,96,5647.887609
14.113595,35,5648.60472
17.29214,179,5652.010622
88.972733,126,5654.544914
75.285756,103,5656.661986
2.850105,15,5656.971324
48.362487,84,5658.589247
14.373089,235,5662.979095
82.76116,107,5665.146807
9.829568,21,5665.543159
86.113407,181,5669.054624
6.246462,152,5672.26049
52.235395,88,5674.052751
42.549595,56,5675.184378
8.016033,23,5675.748974
56.751693,86,5677.626355
14.207751,32,5678.418021
86.154203,104,5680.603541
81.212806,131,5683.273361
83.087786,115,5685.535961
89.308534,95,5687.49216
86.497679,109,5689.40325
23.406041,44,5690.296651
69.372831,92,5692.0903
83.402401,111,5694.344116
86.041036,106,5696.293548
85.762748,120,5698.694106
68.322564,84,5700.552564
18.437496,40,5701.433191
51.053704,100,5703.505866
82.441273,115,5705.630515
13.686447,33,5706.237613
85.827777,91,5708.009232
12.128457,24,5708.468569
89.728577,90,5710.02353
-6.210509,17,5710.356675
14.490798,30,5710.990441
89.215969,94,5712.865918
82.708048,110,5714.981206
-3.148181,17,5715.343731
51.10814,103,5717.500782
89.218429,101,5719.483972
85.998155,120,5721.752205
79.064076,126,5724.139598
86.744929,110,5726.325535
82.772295,127,5728.957053
20.162675,44,5730.000789
82.160723,89,5731.906135
85.773853,101,5734.126453
89.451889,112,5736.79827
79.644283,107,5739.119524
88.677784,129,5741.811054
30.204561,64,5743.21438
85.757136,133,5745.889161
23.779032,57,5747.056837
88.950874,115,5749.44813
75.297916,97,5751.573015
3.143154,16,5751.951094
79.488023,98,5754.078241
85.400566,131,5756.763513
7.37121,29,5757.422164
22.391996,37,5758.171313
45.534906,93,5760.200648
-3.683283,10,5760.447162
11.260764,31,5761.208386
85.240054,115,5763.431568
72.46286,108,5765.351842
89.744839,136,5769.558269
58.629788,104,5939.93681
43.770737,68,5947.24506
-8.358805,3,5947.435682
83.162577,114,5951.126102
-9.019741,2,5951.23181
8.808437,28,5951.991497
86.312523,122,5955.28248
72.950986,86,5957.525921
83.113918,122,5960.751386
67.089574,103,5963.359269
89.284293,148,5967.175946
89.074751,107,5969.949908
83.537001,110,5972.84758
51.977676,67,5974.53593
82.828877,96,5977.150683
82.077894,91,5979.482105
81.953069,100,5982.138031
85.868667,95,5984.581313
55.471968,91,5987.180904
85.67026,91,5989.931786
47.454583,97,5992.67196
89.070538,127,5996.198091
88.833308,141,6000.868018
89.126272,116,6003.860185
11.258387,47,6005.092607
82.953606,120,6008.147802
10.367149,179,6012.92665
84.925454,122,6016.095989
20.497735,43,6017.478651
9.631471,34,6018.530014
74.617241,114,6021.479618
57.291389,112,6024.439326
-8.019203,4,6024.746634
45.18269,64,6026.423789
84.737381,127,6029.683508
88.785337,123,6032.803527
85.896348,115,6035.907125
85.746535,101,6038.554854
89.215377,118,6041.618838
9.057054,22,6042.214825
78.299793,94,6044.704345
70.729276,116,6048.056685
86.845687,125,6051.504194
84.611026,225,6057.256359
85.951228,118,6060.365474
86.160145,115,6063.276163
82.118033,100,6065.786953
85.681404,110,6068.566025
20.028942,48,6069.923278
8.113681,24,6070.587717
85.839397,86,6072.75572
86.058347,136,6076.189528
4.279629,17,6076.932319
46.347535,92,6080.06027
-7.286966,12,6080.406837
32.342163,69,6082.261519
83.346252,116,7339.644989
89.486707,102,7343.401175
82.631844,113,7348.36456
38.690203,55,7351.238423
11.298024,33,7353.387392
82.724639,106,7358.557382
78.630881,111,7362.702244
86.552468,107,7366.408934
30.98576,42,7367.875089
86.431175,105,7371.871409
33.601466,60,7373.798597
82.712819,116,7377.388736
37.587107,70,7379.713889
78.80956,87,7382.610814
18.29445,40,7383.906162
89.347836,109,7388.091372
80.114024,104,7391.534093
37.298676,70,7393.644034
82.696724,106,7396.944837
89.101524,132,7401.049791
89.575655,91,7403.899143
65.028655,100,7407.511213
14.230664,34,7408.728878
23.114011,55,7410.414104
60.840437,114,7413.468066
81.473335,85,7416.19702
30.47824,56,7418.065428
86.111811,95,7420.723607
82.746487,119,7424.048655
51.953202,78,7426.054636
40.787602,60,7427.574587
88.980676,103,7430.344064
75.597098,103,7433.896827
22.303985,54,7435.297059
-5.447267,11,7435.647972
89.400285,107,7438.521628
-8.8,3,7438.73762
18.250768,47,7440.218852
14.907174,41,7441.689367
85.732623,132,7445.517675
89.726819,122,7448.878396
79.315025,102,7451.754724
83.508244,98,7454.234906
77.210909,104,7456.943747
89.00224,129,7460.452931
83.335846,93,7463.077097
89.076959,102,7465.789746
56.933575,73,7467.741569
25.897359,41,7469.077118
89.955181,91,7471.595045
85.233414,125,7475.221795
89.598365,111,7478.851668
-10.0,1,7479.045583
70.346142,109,7482.248686
86.125641,96,7485.027996
16.301746,32,7485.954974
74.665517,84,7488.328261
-8.2,6,7488.511171
6.0,17,7489.026605
51.650045,78,7491.298326
89.212617,134,7495.399523
88.590107,146,7499.322707
86.348811,283,7507.185608
23.15616,61,7509.072558
80.113838,109,7512.361107
69.909244,110,7515.601654
59.866365,98,7518.387518
85.627263,118,7521.944484
80.609217,437,7533.234733
-6.468862,6,7533.463407
57.348395,248,7541.156953
89.040129,129,7544.928593
82.365028,104,7548.299577
3.375072,16,7548.788337
85.074429,94,7551.372399
84.548208,98,7554.11234
49.041153,86,7556.552036
22.641556,43,7557.872479
15.271893,33,7558.81448
85.646642,137,7562.424919
89.229876,94,7565.021565
85.86378,86,7567.778277
88.385282,111,7570.677432
62.210057,81,7572.793901
89.123709,126,7576.47264
85.716155,128,7580.284741
46.001355,62,7582.195095
26.057585,56,7583.883053
89.014864,99,7586.965535
89.595859,106,7590.220644
21.883717,45,7591.522283
76.51047,105,7594.701248
89.219012,121,7599.027426
89.645241,96,7601.785458
88.804366,113,7605.277689
85.866774,135,7609.347834
88.481139,109,7612.738183
34.86314,500,7625.46915
52.52171,81,7628.294349
85.566838,94,7631.0263
85.80617,86,7633.580512
-7.96,3,7633.745128
88.948109,105,7636.774576
85.431995,87,7639.33734
-8.28,4,7639.615256
89.515944,104,7642.54562
-7.36,6,7642.75114
-3.242137,8,7643.025427
37.851709,59,7644.833947
8.38945,22,7645.494887
18.358573,45,7646.878452
83.038609,117,7650.215167
85.649035,126,7653.870014
87.533903,127,7657.968724
83.353895,133,7661.741835
88.809901,125,7665.301018
88.777941,127,7669.108675
50.964668,100,7671.866826
-7.4,5,7672.068415
86.504946,114,7675.427871
82.158172,105,7678.79571
73.134225,100,7681.652166
83.311676,169,7687.089542
82.645749,95,7690.030199
82.450626,121,7693.55427
19.712305,53,7695.063451
87.227807,125,7698.700281
88.934183,119,7702.230871
18.259389,45,7703.547689
-0.53205,15,7704.010112
86.377756,103,7706.911063
25.601774,48,7708.158675
36.141812,68,7710.138649
67.112887,92,7712.525638
61.37242,105,7715.495535
89.072389,129,7719.064843
85.77844,87,7721.455908
89.009604,142,7725.115725
85.932371,134,7728.575848
7.23876,34,7729.483159
14.893501,29,7730.366644
8.052815,78,7732.402949
22.587273,50,7733.832915
90.050043,89,7736.132979
88.892357,145,7740.09163
4.219514,16,7740.54664
85.358084,102,7743.358714
82.71632,119,7747.32661
87.033249,97,7750.341564
89.210842,109,7753.441246
82.828826,119,7756.810998
80.146692,130,7760.08407
85.822359,116,7763.261905
86.353621,122,7766.810457
89.158183,95,7769.746912
86.035361,128,7773.423004
83.369135,126,7777.828777
83.457894,127,7781.493122
89.065359,135,7785.417232
83.609652,94,7787.986184
6.748781,26,7788.884959
85.530497,90,7791.502337
65.590345,89,7794.076483
86.099908,90,7796.636335
65.250687,124,7800.222893
62.077039,77,7802.384172
61.236018,104,7805.698077
83.52949,121,7809.410573
67.077847,82,7811.842752
3.695098,19,7812.434469
76.915886,110,7815.6183
83.056555,126,7819.269835
88.944334,122,7822.819975
73.874561,277,7829.903875
67.847131,116,7833.232627
9.70451,29,7834.215202
24.000597,60,7836.452592
31.64077,53,7838.131005
85.822786,87,7840.967723
81.363541,86,7843.667718
58.380177,103,7847.049286
89.167998,137,7851.021477
83.122648,104,7854.190976
71.254268,115,7857.058776
38.543786,68,7859.071818
79.565482,109,7862.200469
89.157024,103,7865.072144
75.150344,104,7868.399978
28.461642,54,7870.088216
86.619469,112,7873.302314
17.705611,44,7874.468753
89.150419,92,7876.856616
-2.859413,12,7877.296362
86.768873,101,7880.209533
35.711234,81,7882.51867
82.787739,100,7885.498969
-2.262713,12,7885.944159
79.947725,129,7889.555332
-9.212548,2,7889.670933
80.211769,127,7893.163077
55.749377,91,7896.350131
8.027468,20,7897.020652
88.765479,140,7901.239178
89.037731,108,7904.376435
18.819678,36,7905.533526
89.289311,98,7908.709321
88.935856,112,7912.163519
89.276662,97,7915.209665
85.656167,134,7919.322888
86.038218,129,7923.19048
20.054996,74,7925.787827
83.295475,140,7930.357078
14.161575,35,7931.550687
64.227369,85,7934.042935
86.461156,92,7936.714522
6.08415,75,7938.916992
85.339638,129,7942.523941
83.31401,121,7946.072774
5.004336,22,7946.777278
22.009491,45,7948.090048
85.101308,241,7954.909731
41.65466,74,7957.284265
85.373521,224,7963.20098
76.973361,231,7968.948618
77.117202,111,7972.606511
83.669334,105,7975.639358
89.302109,106,7978.630923
79.301059,109,7981.91872
-6.316439,5,7982.297455
-7.36,6,7982.543555
19.352847,37,7983.68196
7.785602,29,7984.786722
41.141618,67,7987.178698
78.636874,96,7990.13367
89.361202,105,7993.114276
7.645597,24,7993.834312
82.408908,101,7996.921929
80.16323,124,8000.476025
86.240937,111,8003.567017
72.359381,98,8006.522506
89.335298,95,8009.494898
83.7941,111,8012.625019
16.452449,30,8013.428088
-0.32858,17,8013.925583
16.055183,34,8015.324694
85.428489,128,8019.390836
24.447189,48,8020.893989
31.311573,67,8022.878984
24.425674,50,8024.426813
82.129081,91,8027.049261
85.440989,115,8030.149645
36.969074,68,8031.933429
89.063141,135,8036.018462
85.402351,89,8038.666495
86.24645,127,8042.231236
89.823472,99,8045.250257
89.144358,130,8049.55755
88.98992,103,8052.536351
85.654051,87,8054.956348
81.706525,95,8057.711173
22.535929,45,8059.090918
85.597293,86,8061.311122
89.038808,134,8065.161244
12.559253,36,8066.216527
89.02778,137,8070.10405
32.606054,52,8071.567298
85.705465,120,8075.225728
90.123596,89,8078.012667
85.886149,87,8080.53811
1.633832,18,8081.06749
-7.856093,7,8081.315896
89.496205,109,8084.341142
85.859392,111,8087.758756
55.895032,77,8089.897929
32.213174,57,8091.470697
84.93914,118,8094.8437
0.036766,13,8095.360502
89.257545,123,8098.794429
47.398621,63,8100.653708
28.967297,70,8103.00315
88.830795,141,8108.027069
82.306078,97,8110.89664
89.484866,107,8113.995286
27.940678,51,8115.379562
28.493744,46,8116.765056
64.647154,114,8119.903747
-7.36,7,8120.208939
21.043656,55,8121.80757
44.038305,67,8123.801336
79.173974,102,8127.049019
1.613122,19,8127.567804
17.693691,49,8128.935662
88.903459,118,8132.006265
27.85099,62,8133.575896
8.622389,28,8134.443871
89.091096,121,8138.250247
80.83644,283,8145.560216
82.996062,112,8148.826854
19.795848,31,8149.66963
44.836941,74,8151.669976
38.364984,77,8153.842826
89.555908,109,8156.719854
88.872279,127,8160.018847
2.117293,22,8160.619868
32.486429,57,8162.224031
2.588572,17,8162.685237
82.258015,108,8165.77675
37.845323,71,8167.938781
79.636405,104,8170.699443
89.788325,97,8173.255235
86.370625,97,8176.079216
74.746888,89,8178.701254
31.55961,48,8180.411145
77.64112,123,8184.511668
9.238973,35,8185.945395
23.772465,101,8188.80491
11.314361,27,8189.73842
67.121008,105,8192.572468
79.612188,103,8196.285902
54.082516,85,8198.884358
82.616965,103,8202.043506
84.900392,125,8205.742613
84.956646,290,8213.424014
49.23901,500,8225.839312
86.003015,100,8229.213629
0.485169,12,8229.601792
50.229184,95,8232.280461
79.768319,101,8235.305051
79.4449,108,8239.028652
42.087774,87,8241.755991
-9.32,2,8241.836104
89.269511,100,8244.807266
-6.730413,7,8245.144781
78.858758,104,8247.943347
88.780766,122,8251.517701
76.555914,110,8255.089299
12.486117,279,8263.735793
21.087826,36,8264.819138
89.185963,118,8268.232069
13.753057,37,8269.363015
21.0,32,8270.387254
4.017603,16,8270.900604
79.115171,109,8274.170947
82.329082,84,8276.556803
82.693327,117,8280.068827
17.752377,34,8280.987273
54.733717,96,8283.681561
28.116283,83,8286.439282
82.405194,117,8290.087203
81.903373,98,8293.017654
85.245787,110,8296.176057
15.440733,32,8297.10453
85.270066,115,8300.63021
86.929679,287,8308.539247
-0.257487,17,8309.056421
89.171902,137,8313.112413
-7.029841,4,8313.374689
23.951426,55,8315.090363
18.0,29,8316.073475
76.532815,113,8319.953578
19.419204,42,8321.298285
24.35649,57,8322.919662
86.134325,122,8326.381588
88.986751,115,8329.743052
21.686606,53,8331.40246
52.823466,208,8336.493968
85.809005,112,8339.250018
77.662595,101,8341.750614
43.990182,79,8343.81264
49.0,60,8345.514915
89.129221,125,8349.288787
23.20756,181,8354.439945
85.673903,117,8358.09796
71.304835,94,8360.710823
-7.783106,5,8360.911201
85.9401,99,8364.042814
82.442159,271,8372.137803
89.049291,121,8376.180813
17.019767,69,8378.603095
43.812947,82,8381.002296
13.297585,41,8382.30078
64.473372,97,8385.144067
89.049924,100,8387.977597
31.954507,87,8390.52093
-4.911065,8,8390.872168
89.299359,121,8394.221719
-9.16,1,8394.364325
56.842606,95,8397.115148
89.284809,125,8400.936513
61.002766,99,8403.774319
82.437548,91,8406.919118
-10.0,1,8406.96152
85.703813,112,8410.49586
19.836441,41,8411.748544
74.503626,118,8415.246861
46.242141,82,8417.681404
86.068719,118,8421.235494
-7.359229,4,8421.39726
16.931046,29,8422.25136
85.933673,92,8424.971748
85.802118,95,8427.841908
89.079935,118,8431.387269
6.961756,21,8432.009873
23.407976,42,8433.277706
86.06997,124,8437.874762
8.0,19,8438.495496
89.083129,138,8442.652096
56.46821,85,8445.161793
82.514894,112,8448.726409
82.211724,92,8451.500291
86.68795,105,8454.53051
83.553299,100,8457.482359
75.510036,142,8461.309817
84.337817,108,8464.394443
37.904842,66,8466.435462
81.94394,99,8469.653588
19.616924,108,8473.078008
-10.0,1,8473.134757
84.126936,160,8477.645486
89.114353,126,8481.485862
40.729738,276,8489.789329
85.887042,125,8493.295285
74.779986,85,8495.866783
82.941563,114,8499.174868
82.912751,103,8501.794883
81.48193,116,8504.708384
89.575805,97,8507.490815
3.630194,18,8508.024944
82.764134,105,8510.940726
86.558026,110,8514.012161
81.373748,84,8516.41109
23.646777,42,8517.674537
89.442789,89,8520.990505
88.982011,131,8525.12754
88.956013,113,8528.854606
9.121383,28,8529.6561
89.573494,103,8532.625035
88.642438,144,8536.64061
31.169437,47,8537.873688
85.921216,109,8541.190597
86.18047,132,8545.379394
81.88485,121,8548.873588
25.88276,44,8550.417439
22.115269,55,8552.398319
83.267198,118,8556.295285
89.647557,98,8559.013598
42.25338,70,8560.894346
85.778763,100,8563.625691
89.571746,98,8566.60705
82.488556,99,8569.465905
85.584449,103,8572.304506
25.368282,49,8573.643026
82.65395,104,8576.805259
14.171052,102,8579.707037
89.585223,99,8582.582627
86.630231,125,8586.877238
86.089652,105,8590.445833
85.437536,110,8593.660191
86.054901,121,8597.42009
72.183975,125,8601.021097
85.862171,131,8604.633638
43.089463,73,8606.740488
85.93537,126,8610.109613
89.015341,139,8613.986973
86.513269,115,8618.845896
28.3609,68,8621.034581
42.0,53,8622.544891
86.157299,101,8625.532608
86.557419,103,8628.388059
29.812307,69,8630.056485
-7.96,3,8630.182251
82.194668,124,8633.269649
78.825901,95,8635.952973
88.875218,115,8639.053284
-2.265804,9,8639.349002
79.453692,116,8642.571712
88.842519,142,8647.126175
23.307965,36,8648.232453
44.828627,73,8651.055249
-3.952124,13,8651.433248
86.15845,130,8655.079039
-7.244167,4,8655.238256
82.345508,122,8659.224134
45.746999,77,8661.572368
86.082467,115,8664.825214
85.847973,97,8667.635456
85.647581,123,8671.349887
14.085265,35,8672.389983
23.705306,40,8673.656311
89.087798,116,8677.337451
87.218189,124,8680.94085
85.595047,98,8684.51933
2.631923,15,8685.087667
69.573764,90,8687.574632
86.241902,131,8691.16526
82.533987,103,8694.022403
79.015823,99,8696.839904
-10.0,1,8696.884505
89.760377,107,8699.883078
-4.205754,10,8700.173848
7.079177,23,8700.990034
7.269672,27,8701.708755
4.125205,26,8702.38323
82.641731,113,8706.079895
81.961264,94,8709.632199
18.853029,37,8710.891901
28.542401,49,8712.353472
-7.6,4,8712.50473
86.682712,112,8715.911371
82.527949,117,8720.189341
19.363087,72,8722.185857
85.042112,131,8725.901344
82.035844,101,8728.679266
20.154019,39,8729.673545
88.917835,92,8732.220538
89.64868,95,8735.001392
9.972642,65,8737.259862
79.329081,96,8740.344823
22.085472,39,8741.523001
-0.01122,14,8741.963034
62.163947,115,8745.15234
29.142716,55,8746.705834
16.755691,264,8754.064297
85.606198,129,8758.132005
89.223447,105,8761.140846
69.881273,123,8764.406255
25.593193,42,8765.971316
-5.332857,6,8766.190196
41.115965,62,8768.336994
82.955896,133,8771.97075
85.877205,97,8774.730909
78.767892,109,8777.884751
33.135798,50,8779.454029
3.888742,23,8780.141349
5.475846,24,8780.795611
85.4096,122,8785.385743
16.184087,32,8786.578496
79.18257,114,8789.865963
82.02256,106,8792.850518
-2.150801,10,8793.169114
81.43841,90,8796.038921
40.808457,63,8798.150265
68.029708,105,8800.941349
-9.16,1,8801.056997
86.162791,86,8803.276547
82.004368,91,8806.403228
30.035414,51,8808.412745
78.548707,111,8811.682346
82.909013,108,8814.863755
58.721988,84,8818.148362
10.189081,45,8819.36693
15.057993,34,8820.3074
86.859445,108,8823.40642
89.479062,112,8826.723658
89.157463,139,8830.859951
83.140388,100,8833.548437
85.30494,92,8836.140794
36.711853,70,8838.119224
89.336812,96,8840.871449
48.225838,66,8842.802952
-3.938245,10,8843.23587
25.326412,54,8845.214178
86.526849,96,8848.273809
89.454125,95,8851.834052
86.198235,101,8855.191234
86.644661,124,8859.097142
88.741067,122,8862.46832
89.163409,122,8865.899581
85.587113,101,8868.652675
89.128244,131,8872.427361
25.483932,62,8874.126463
89.14418,94,8876.681886
85.794664,99,8879.537292
83.237862,124,8883.793438
31.154499,63,8885.813783
89.008638,136,8889.946503
88.292528,181,8894.365196
89.43099,112,8897.655596
89.628981,93,8900.261263
62.985841,109,8903.456652
82.173261,106,8906.862178
85.548313,103,8909.841967
6.179316,22,8910.48856
80.170726,212,8917.573377
69.022092,106,8920.427055
9.0,20,8920.955368
82.787454,95,8923.407232
80.812717,122,8926.462383
77.448441,80,8928.671813
35.438013,68,8930.512279
-1.28174,11,8930.821762
39.11381,76,8932.859868
85.908818,89,8935.32636
86.35108,93,8938.667542
85.836588,119,8942.043148
87.109438,100,8945.125182
89.391452,109,8949.711562
89.059475,107,8952.626564
86.178044,101,8955.283901
89.465097,99,8957.804103
81.661119,112,8961.012287
41.220308,70,8962.959651
20.412924,37,8964.017931
82.944258,120,8967.349485
79.381067,122,8971.378453
71.702733,122,8974.960197
5.270163,17,8975.703823
84.331244,123,8979.666481
82.507689,113,8984.002154
1.203737,15,8984.388974
82.635089,118,8987.698667
89.40397,117,8991.036865
75.99457,102,8993.936879
-6.514449,6,8994.132041
85.951759,93,8996.848952
80.990319,125,9000.461395
82.088089,117,9004.08323
22.17152,47,9005.640699
83.24858,133,9010.030019
72.168666,126,9014.064098
20.522496,34,9016.207651
51.138273,111,9019.65447
37.750833,64,9021.607196
83.859928,90,9023.928638
10.62806,23,9024.671276
88.818033,128,9028.588997
-10.0,1,9028.638615
-8.24,5,9028.884163
76.791221,119,9032.837387
86.072646,102,9036.481812
86.179286,115,9039.95971
85.777343,128,9043.489156
86.071489,89,9046.138636
-6.039766,5,9046.307129
22.240615,123,9050.568386
85.726352,100,9053.477323
85.148646,122,9057.031974
85.709805,93,9059.668806
22.747282,42,9060.959399
86.0938,86,9063.553493
18.422704,32,9064.564436
89.132736,92,9067.760903
17.061536,37,9068.993228
88.957137,103,9071.969035
89.247411,97,9074.953196
82.727536,107,9078.120707
39.124693,68,9080.049557
85.796897,106,9083.850891
-9.132007,2,9084.036168
14.431655,37,9085.305132
62.002638,75,9087.64191
61.73812,87,9090.048808
65.061128,91,9092.943686
-5.02006,15,9093.450769
47.375556,87,9096.224196
81.953409,84,9098.520283
85.327883,139,9102.599662
89.729072,94,9105.438806
-7.6,4,9105.639853
77.467511,206,9111.079291
14.492823,104,9114.859253
83.848648,138,9118.614058
64.228684,115,9121.775594
85.67298,109,9125.069887
85.898326,91,9128.116307
86.072104,107,9131.22139
89.543277,105,9134.168118
81.855925,90,9136.786016
89.077585,121,9140.137618
74.045495,82,9142.303599
39.330901,64,9144.080572
76.825699,107,9147.693612
-6.372123,5,9147.980662
70.523839,104,9150.86078
68.635627,85,9153.212169
-7.751533,5,9153.363606
84.206634,126,9156.895215
86.04715,100,9159.700083
89.341096,119,9162.611601
89.534167,109,9165.489828
24.379908,52,9167.048292
13.892354,34,9168.059206
88.649398,147,9173.212478
85.291466,124,9176.7513
1.557254,19,9177.533991
11.476439,29,9178.557466
82.52191,96,9182.429872
74.437288,119,9186.88171
80.09221,119,9190.395885
53.459964,106,9193.697763
89.306015,106,9196.850645
85.602517,92,9199.600611
82.182642,93,9202.518449
28.554523,59,9204.313303
4.3526,20,9204.957321
53.357053,73,9207.375222
-7.068052,4,9207.734452
70.584545,123,9211.62939
77.83271,82,9215.252566
89.381728,93,9218.343079
13.807109,36,9219.606893
41.480362,82,9222.093098
68.189729,83,9224.23398
79.059366,118,9227.379659
78.390004,102,9230.873479
52.871266,96,9233.827435
59.611491,75,9236.043213
78.090233,94,9238.772129
85.780177,110,9242.802457
80.221238,97,9247.593086
82.015318,107,9251.311874
14.063516,55,9253.159176
4.999164,27,9254.047353
-1.107036,12,9254.408563
83.423298,100,9257.25968
86.579787,121,9260.846192
79.000031,111,9264.189104
-5.42526,13,9264.60805
-3.673144,24,9265.387315
74.796766,100,9268.373602
73.964804,107,9271.653801
26.730287,67,9273.516406
26.03745,52,9275.253329
86.073253,103,9278.58315
82.633906,89,9282.372131
25.851025,64,9284.239883
81.990517,86,9286.806874
75.582748,106,9289.731886
76.820901,103,9292.816041
74.485843,119,9296.239361
-8.8,3,9296.381671
26.101147,53,9297.939469
8.3118,28,9298.954509
53.460317,88,9301.500629
82.57367,124,9305.156306
72.317358,120,9309.128206
33.38756,65,9311.035515
41.421693,78,9314.279305
26.05419,40,9315.522889
85.515268,94,9318.405694
89.202436,125,9322.17615
89.28681,133,9326.124212
12.913967,34,9327.092096
85.692704,105,9329.975793
63.123155,108,9333.057021
-8.0,3,9333.184691
88.795056,144,9337.544354
52.514867,86,9340.325416
0.189965,16,9340.971964
55.557107,90,9343.757793
85.666792,95,9347.482819
75.733931,107,9350.572914
83.996835,122,9354.18141
-8.48,2,9354.301717
82.135878,94,9357.241374
82.114165,123,9361.120278
-7.672267,8,9361.458096
8.082726,21,9362.128436
85.834732,89,9364.910455
86.207191,102,9368.444682
21.012248,45,9369.847282
90.123596,89,9372.347722
12.411971,35,9373.507841
10.599798,29,9374.476841
86.416259,99,9377.660568
88.733031,123,9382.117235
89.172502,134,9385.945288
9.875717,25,9386.698702
15.456841,28,9387.609924
86.561444,127,9391.546199
89.317164,116,9395.232624
36.010635,69,9397.886875
6.456472,34,9399.063294
71.175631,105,9402.127846
86.324364,99,9404.787882
79.119519,500,9418.261528
85.142758,188,9422.968544
18.858405,46,9424.202586
49.757941,91,9426.800337
88.886231,137,9430.60303
36.074937,96,9433.334764
51.246423,92,9435.622719
77.983951,283,9442.02988
88.91996,126,9446.004096
85.672313,88,9448.323416
85.626155,131,9451.520412
85.84664,112,9454.308369
73.804263,114,9458.032252
13.761361,38,9459.352303
85.711,93,9461.56291
89.672024,94,9464.527498
54.687776,102,9467.847351
0.186089,14,9468.370941
1.023221,21,9469.048353
76.9863,116,9472.567437
52.078713,83,9474.964051
63.340691,102,9477.809187
65.702971,97,9481.4193
85.568381,117,9485.26747
84.892882,135,9490.263298
36.994663,57,9492.505415
63.334142,107,9496.355716
-4.014463,17,9496.853943
16.024612,36,9497.946137
87.116191,97,9500.887737
36.796445,48,9502.09169
67.734901,124,9505.652078
55.670914,92,9508.570159
-4.854459,7,9508.907181
89.063096,103,9512.400307
9.618481,29,9513.185379
85.831105,115,9516.844198
89.105173,124,9520.482839
88.958398,115,9523.762615
4.380706,17,9524.221233
86.192181,88,9526.867696
14.150424,37,9528.112171
85.348494,125,9531.708483
-4.116593,7,9531.903045
78.275511,81,9534.071488
82.203536,100,9537.124356
82.8306,108,9540.317962
28.534752,59,9541.951118
14.326165,36,9542.985827
75.41694,110,9547.680949
15.047234,35,9548.834012
18.442779,38,9550.07672
82.470505,102,9553.007287
21.212847,50,9554.544037
84.996838,108,9557.63312
84.506452,124,9561.359309
77.337521,110,9564.868882
80.860802,154,9569.964927
55.463914,67,9571.871551
85.886778,140,9576.228382
40.868316,65,9579.187742
26.086964,48,9580.657998
21.432194,47,9581.959972
39.958331,81,9584.244561
16.786469,28,9585.072354
-5.340887,13,9585.516001
82.913046,95,9587.917116
50.270241,88,9590.170465
88.893643,102,9593.0469
64.646128,108,9596.17942
86.18752,135,9600.220243
89.170966,102,9603.379719
9.732186,28,9604.246594
89.162512,127,9608.41982
89.303815,101,9612.384993
21.235392,54,9613.867747
82.680596,99,9616.972658
81.716426,115,9620.745203
16.397333,44,9622.031127
89.19439,116,9625.517688
86.393815,136,9629.16619
83.46025,132,9633.024453
67.009301,105,9636.386634
82.401561,124,9639.898336
31.037641,56,9641.491349
89.178493,111,9645.801628
86.102237,89,9648.863241
86.164208,98,9651.788627
21.007268,55,9653.646652
82.81081,121,9657.729893
29.615827,78,9660.466152
60.158819,96,9663.422758
25.664161,61,9665.916284
56.146412,150,9670.638817
-0.188132,14,9671.001196
86.05281,122,9674.026303
83.774105,127,9678.043
65.552401,109,9681.047147
83.81129,103,9683.878875
89.241012,93,9687.357145
82.871628,95,9690.504461
11.840653,28,9691.640513
-5.243147,8,9691.913337
76.282008,104,9695.158455
82.477085,96,9698.146147
29.187435,53,9700.269211
49.424033,81,9702.724807
82.024491,93,9705.302193
83.158601,122,9708.699701
86.069587,118,9712.603342
82.037288,125,9716.291212
59.01329,85,9718.615131
51.489844,68,9720.722795
-5.121703,6,9721.042416
65.883785,71,9723.879422
86.054592,114,9727.777315
81.499653,86,9730.910887
85.834167,95,9734.076935
-0.203158,18,9734.620307
85.905426,112,9737.827818
-10.0,1,9737.934789
0.890797,15,9738.464392
88.626315,139,9743.753107
85.989751,126,9747.443455
85.829337,123,9750.818459
41.816405,66,9752.832204
85.803887,260,9760.734164
8.186414,120,9764.539366
86.220652,93,9767.346437
86.200134,119,9770.924921
57.548427,84,9773.503403
86.488827,112,9777.41228
89.524686,114,9780.387469
75.851694,115,9783.719276
14.764378,35,9784.739637
88.867,132,9788.537436
-4.078948,7,9788.761594
80.281483,131,9793.009353
-8.44,4,9793.152968
66.965882,113,9796.339035
89.403051,99,9799.292016
86.824692,101,9802.534941
83.830283,146,9806.831417
51.090682,70,9808.768322
32.706008,91,9812.172207
87.645062,118,9815.608947
7.570669,27,9816.387331
8.465139,32,9817.251681
55.10972,100,9820.671527
86.078956,210,9826.804391
9.021059,54,9828.40946
15.649818,39,9829.601901
39.666536,72,9831.719391
67.768516,104,9835.079779
88.890877,116,9838.588685
-7.4,5,9838.837274
90.091609,89,9842.806874
-1.983883,10,9843.215013
70.893912,104,9846.219074
46.764297,67,9848.045109
30.11629,58,9849.890085
83.419664,115,9854.284038
61.594988,83,9857.313399
89.19934,121,9862.439292
82.261292,107,9867.260651
43.736089,70,9870.159735
64.613253,97,9876.02233
55.486044,71,9883.429235
19.002911,31,2.337948
82.885383,127,5.21925
79.640582,107,7.416275
26.839214,500,17.623039
6.177295,69,19.247981
29.723376,500,29.911524
1.163571,21,30.346865
5.289509,44,31.303134
14.364497,30,32.021087
71.192881,220,36.088484
83.324575,239,40.561353
64.176048,226,45.953997
68.05652,128,48.682679
8.845296,28,49.25202
82.837191,109,51.570328
16.616465,54,52.883038
-8.348523,10,53.225213
81.356868,122,55.880498
88.870142,114,58.214133
41.243521,80,59.883519
-4.170523,20,60.430636
76.588768,125,62.817345
-8.49287,9,63.054092
74.550609,89,64.832704
87.332309,116,67.073764
73.984333,94,68.831902
8.304659,37,69.64409
83.723437,135,72.303593
24.280772,51,73.456871
77.091845,114,75.736366
15.306096,46,76.63424
28.347035,75,79.105048
77.397764,111,81.592788
16.440483,34,82.36773
26.048887,48,83.398636
24.344896,56,84.542937
81.816234,97,86.472662
89.513201,91,88.267044
-3.151921,16,88.595363
89.150466,105,90.506352
-9.108398,6,90.724813
65.568981,97,92.543769
77.606843,81,93.997482
48.949707,97,95.586108
44.241422,87,97.140682
9.764552,23,97.553492
60.958247,92,99.327334
49.667732,93,101.343837
61.345412,233,106.041473
18.955371,47,106.94662
75.342029,100,108.783624
82.029126,99,110.606247
62.738576,97,113.636907
31.339862,71,115.002194
20.745437,50,116.035331
-7.786076,13,116.285645
67.803533,77,117.772227
22.798281,48,118.729609
-1.820352,34,119.425021
81.760563,88,121.084897
-10.100247,3,121.220969
60.369253,83,122.750965
45.503461,65,123.93088
52.242729,91,125.693167
26.559079,42,126.575423
-0.200798,38,127.313612
77.213657,91,129.122949
2.085973,23,129.586433
-10.0,1,129.688259
1.937649,29,130.273411
80.442335,109,132.262294
33.79447,61,133.38266
62.188852,87,135.019262
18.76613,52,136.02604
48.764657,84,137.750973
40.975239,59,138.904108
-10.0,1,139.033406
45.398353,79,140.634515
18.201948,50,141.782039
40.421867,61,143.0098
64.140363,72,144.432039
30.907163,59,146.538811
69.909697,81,148.136571
47.269897,73,149.535891
26.169321,57,150.744427
32.0,43,151.529387
11.550028,38,152.29624
9.027531,40,153.210464
86.739851,119,155.525198
26.625622,60,156.616965
31.492134,70,157.969145
31.45644,51,158.966236
78.299943,115,161.374043
80.590295,92,163.410904
81.701638,122,166.097517
60.005474,74,167.523398
68.540339,93,169.377237
67.008511,80,170.851067
35.328535,77,172.333264
82.912668,115,174.506861
85.939777,118,176.893442
86.537154,96,179.845397
53.625527,72,181.195914
-2.978086,26,181.770064
27.458393,53,182.859807
66.405696,107,184.780783
-9.32,2,184.821576
61.020097,83,186.301469
29.398021,71,187.637074
39.593595,63,188.715626
39.243216,88,190.171805
33.964551,77,191.557467
-16.924887,25,192.110374
-1.714118,41,192.930134
-6.0,9,193.111696
23.152861,55,194.182065
-4.8,17,194.648284
47.802364,96,196.548677
-13.377626,28,197.115858
31.526331,72,198.534958
-11.939038,19,199.018056
43.45238,91,200.676823
9.21524,48,201.671433
-9.321053,6,201.799823
1.576528,43,202.747948
19.354088,50,203.732258
38.536046,80,205.277285
28.529679,80,206.833413
21.438407,38,207.64364
39.653789,85,209.195213
82.138783,105,212.382594
24.529024,42,213.224735
18.036808,64,214.491595
75.104003,80,215.890724
17.923533,41,216.628175
88.764033,140,219.104594
77.318131,101,221.174022
30.685375,49,222.100351
32.201624,68,223.392093
59.648155,98,225.2001
-2.901322,21,225.72049
89.752139,122,228.104481
8.118967,34,228.745126
80.805223,120,230.857807
75.774483,110,232.97001
9.149507,34,233.623719
42.296972,62,234.782504
40.025153,80,236.306508
60.774291,96,238.274911
73.614342,100,240.16013
7.532923,26,240.711563
51.606249,91,242.459566
89.064465,133,246.4702
74.506687,110,248.469388
82.55303,142,251.153678
83.270156,133,253.645442
33.501518,78,255.210944
85.178595,87,256.744373
43.273851,101,258.55178
75.280707,227,262.631268
45.403174,71,263.886594
83.870091,119,265.82116
14.683803,32,266.357815
73.246861,106,268.198746
88.850532,138,270.81906
3.040664,25,271.303142
65.174571,94,272.991462
69.00895,94,274.70047
73.432959,106,276.723362
58.622319,74,279.271193
54.886269,98,281.047587
-9.36135,9,281.264625
56.443688,88,282.916747
51.237726,69,284.197552
80.562752,115,286.36384
73.385775,125,288.618627
69.532699,74,289.984899
74.716763,103,291.868065
60.986718,115,294.07167
88.632393,138,296.597143
64.989543,79,298.13531
89.507644,96,299.837979
74.458627,103,301.799067
85.532547,107,303.858763
32.513973,53,304.906938
82.186262,92,306.575907
73.359595,111,308.579066
88.960056,103,310.510074
-6.969597,15,310.900268
85.67935,189,315.308105
31.546696,68,316.516392
16.261381,41,317.299509
79.119783,117,319.59766
86.440017,109,321.744925
83.013743,103,323.658827
65.835908,92,325.40527
14.084075,32,326.121788
79.808873,137,328.845509
76.828248,110,330.877337
28.069352,45,331.694562
83.226411,124,334.17469
89.406766,89,336.035461
86.015609,92,337.850548
59.646159,98,339.750719
28.325725,47,340.731812
31.398139,55,341.804623
43.552045,61,342.996207
89.367084,90,345.993596
77.044742,111,348.22351
44.060143,86,349.847949
85.399929,113,352.039254
78.931176,90,353.782345
4.17967,24,354.355312
43.007873,82,355.936227
81.973029,110,357.921417
53.380134,83,359.516621
86.296363,110,361.628911
80.259484,127,363.85602
76.650811,99,365.519854
82.209907,98,367.375629
-10.0,1,367.493616
65.34413,102,369.544236
82.009714,91,371.180822
56.967493,103,372.995585
-6.733284,7,373.236385
22.694302,41,374.005345
72.114732,89,375.683458
13.553242,26,376.139294
85.154775,120,379.56316
85.639877,113,381.578346
2.0,13,381.826978
-8.059848,8,382.003082
41.679406,61,383.278668
76.979624,113,385.452126
78.232602,113,387.525688
86.21593,132,389.84244
4.495004,33,390.524756
89.154024,133,392.921499
86.162791,86,394.537361
-1.996002,11,394.757928
2.616795,14,395.105105
77.339346,240,398.935074
-0.657975,14,399.222738
37.034099,81,400.654004
16.66577,59,401.831678
82.304757,109,403.863802
88.933119,119,406.16155
85.59145,109,408.367591
89.13941,147,412.817236
89.373435,120,415.286649
31.702224,62,416.727346
89.361471,125,419.355184
86.524608,134,421.8146
81.979323,100,423.678698
78.54633,87,425.280812
76.221045,88,426.970673
82.484151,94,428.768141
80.539225,91,430.207577
72.442208,106,431.932158
8.209232,24,432.401207
49.221233,85,434.08268
85.778302,133,436.47477
81.640222,86,437.912944
83.163624,116,440.041078
79.198072,101,442.194269
78.287512,83,443.813313
80.13193,123,447.276657
89.150461,121,449.513443
15.297747,96,451.332972
83.967321,161,454.157435
2.325219,19,454.567518
7.426234,61,455.701718
81.949049,215,459.4517
47.308647,63,460.653624
89.333007,119,462.711541
90.123596,89,464.168773
22.943254,39,464.971938
11.554055,51,465.846247
88.37883,149,468.412322
69.764251,101,470.264773
75.584962,99,471.916155
78.213483,97,473.740584
69.916653,90,475.383989
85.852214,100,477.189562
6.264641,28,477.783494
78.521544,97,480.620553
89.32558,116,482.717404
35.510327,58,483.790606
82.387963,110,485.801425
78.889556,95,487.560788
86.265917,122,489.645145
73.612421,97,491.534263
-4.0,9,491.770872
79.133399,121,494.335842
10.623391,25,494.895192
89.197089,100,496.650769
85.881793,94,498.323352
33.552428,59,499.394136
0.696386,14,499.647071
12.849431,27,500.180526
81.843237,103,502.199175
21.592775,35,502.800749
-7.96,3,502.877262
86.439262,106,504.851588
30.054637,55,505.921628
19.700737,39,506.556684
83.798562,102,508.418727
78.74758,115,510.516719
89.207667,124,514.138181
61.750917,113,516.132601
89.122048,144,518.975979
14.131584,32,519.673913
2.744261,14,520.057674
76.223723,94,521.739588
82.284988,94,523.352772
82.587266,125,525.518798
52.428764,103,527.438977
66.011184,118,529.570318
89.529922,115,531.562257
79.632931,104,533.344571
89.315512,95,535.179632
68.363739,100,537.011701
89.788088,99,538.731251
89.395076,124,540.920074
86.137605,112,543.017774
85.961668,134,546.732755
86.718906,122,548.923306
20.879055,78,550.343354
-5.83126,13,550.696771
60.60833,98,552.489609
49.806753,86,554.041769
78.08144,86,555.531366
17.526621,29,556.162059
11.986283,32,556.70575
2.082228,22,557.101885
54.844921,94,558.724546
10.933429,34,559.485923
-8.2,6,559.632917
-3.0,8,559.791122
89.403808,111,561.822743
74.168464,79,563.331357
55.562635,77,564.605386
78.687232,93,566.300154
86.10224,129,568.640704
82.513845,105,570.580301
89.264772,120,572.817108
81.930414,95,574.571355
62.486741,97,576.420241
75.560452,86,578.097236
78.763206,88,580.893072
88.577928,127,583.3449
1.628642,23,583.792861
37.228148,71,585.221547
64.9387,103,587.108654
89.193333,93,588.670763
82.291099,116,590.669746
86.376766,102,592.442122
79.904146,102,594.281435
78.2128,94,595.843498
83.770915,128,597.868898
78.769761,91,599.461983
83.111522,113,601.437289
15.985178,29,601.988683
7.319987,22,602.406921
9.06072,22,602.924823
85.880945,95,604.571866
86.162791,86,605.955421
86.288916,126,608.133067
15.722562,46,609.030426
85.364049,88,610.685757
55.323118,69,613.312297
77.95449,114,615.234793
86.132943,104,617.172291
4.210878,16,617.494235
85.567171,176,620.535279
85.399207,134,622.825279
-1.043316,11,623.128724
89.367226,110,624.964246
89.238395,125,627.219696
56.164566,83,628.654387
9.993609,35,629.302677
86.132693,109,631.093056
89.604342,93,632.629522
20.324112,39,633.285332
82.850579,127,635.587637
86.57715,106,637.481589
83.067308,106,639.328685
86.435749,115,641.35151
86.051964,103,643.332164
86.858054,111,645.287046
85.636618,101,648.293838
52.341398,93,649.882546
88.885214,135,652.414717
77.547856,114,654.450074
85.525118,124,656.57365
33.520048,67,657.731137
82.525798,108,659.740773
20.90136,37,660.390879
46.847896,89,661.911555
44.152635,77,663.289562
78.478583,90,664.929179
80.197517,120,667.249988
81.781478,89,669.061688
77.906932,86,670.645451
-5.65841,7,670.87164
81.798476,120,672.971461
85.793064,95,674.586039
8.949953,21,674.98455
88.680609,125,677.289347
81.166765,241,682.360296
28.197548,60,683.423621
83.277736,112,685.378921
47.541401,88,686.991913
79.952966,91,688.708954
81.951118,110,690.49588
50.592917,64,691.511182
86.071123,123,693.985159
74.230654,122,696.047142
77.973847,82,697.335645
-7.22823,4,697.435474
81.155171,132,699.840663
83.604311,106,701.927528
15.749108,41,702.643244
82.141397,99,704.414523
88.986809,142,707.066588
82.639675,117,709.225616
81.041028,113,711.255036
-5.804382,6,711.380994
52.425576,116,714.786337
81.427032,116,716.856454
89.87481,93,718.48393
70.796971,105,720.23573
3.985962,21,720.672419
89.370187,102,722.288272
87.576533,112,724.045929
79.674268,110,725.890985
85.889458,116,727.921167
46.654084,58,728.798156
33.406778,223,732.513838
-7.365417,8,732.681025
83.124527,109,734.849612
89.222221,113,736.862252
3.170108,24,737.276848
18.569651,36,737.974395
89.177934,111,740.033113
80.267753,106,742.114017
83.870761,113,744.191215
75.949795,95,747.198342
10.887608,32,747.906917
78.866453,103,749.712085
44.605354,71,750.991421
45.878207,64,752.202683
45.423788,85,753.798568
89.233575,130,756.005145
82.553665,123,758.062689
24.761725,42,758.782708
86.12187,107,760.816495
49.0,60,761.864858
78.394284,88,763.355839
1.098311,15,763.639526
83.323432,127,765.94674
82.363207,98,767.997648
-4.604186,15,768.346014
85.894179,94,769.985709
47.512404,76,771.401178
56.45552,94,773.205668
33.640791,60,774.36973
-6.616044,5,774.472643
81.839999,107,776.564541
-8.2,6,776.680709
40.054627,77,778.039904
82.744889,96,781.053862
45.471107,83,782.649693
60.608015,80,784.19227
86.088113,101,786.108204
85.681379,91,787.611617
89.922589,101,789.45831
18.55452,36,790.073921
82.757098,119,792.336957
83.497815,107,794.230255
89.792386,90,795.959631
85.694173,115,797.988472
89.694044,91,799.69421
82.512377,90,801.286147
26.474023,44,802.227242
80.311028,132,804.427041
82.935201,115,806.507536
89.062668,124,808.782641
89.407721,114,810.998958
60.582613,115,814.330433
89.405934,115,816.46196
82.598821,95,818.249457
82.07992,104,820.15548
48.791363,99,821.765047
1.281368,14,822.017128
13.536812,31,822.579951
5.745315,21,823.009147
85.512799,88,824.427106
39.239271,65,825.612058
82.425682,111,827.559884
26.305022,55,828.571998
85.737836,128,830.703306
-7.051956,4,830.786122
85.952204,109,832.72568
88.950552,132,835.224797
20.967441,60,836.218328
84.29015,191,839.307321
78.227908,97,841.097729
32.776308,70,842.539096
17.424322,54,843.623765
85.879389,115,845.697996
15.686391,41,847.697265
86.188679,117,849.971937
89.369993,99,851.807775
37.0,48,852.636389
-8.118751,5,852.778424
68.198144,114,854.994455
32.247387,55,855.983667
22.968921,41,856.678162
32.125822,66,857.832678
83.614147,136,860.647331
89.138606,120,862.880072
89.250847,99,864.627817
28.143338,42,865.471787
82.880473,125,867.895314
64.739118,101,869.695198
86.009019,98,871.416627
33.968556,57,872.444373
76.024159,119,874.811156
67.785935,103,876.814072
89.621123,90,878.305935
83.185372,120,881.727236
39.611823,52,882.802262
89.495441,128,885.18291
19.176827,42,885.957042
2.895818,49,886.852882
1.08666,16,887.241259
-1.624018,19,887.610835
-1.504706,119,889.697814
35.977604,134,891.960959
82.158206,93,893.841592
89.641772,98,895.559538
88.28433,90,897.061988
88.865833,121,899.24077
79.285052,107,901.535602
59.562129,73,902.903793
24.534078,69,904.10632
80.096246,118,906.198335
82.947648,98,908.292867
-9.32,2,908.343722
82.921307,90,910.036664
86.729978,102,911.869616
20.127154,45,912.783192
18.831588,53,915.008217
21.894235,45,915.828269
41.271931,79,917.223249
89.20623,135,919.577196
88.97426,120,921.502573
83.078883,93,923.007384
89.621697,109,924.779667
78.311399,84,926.344577
63.785792,94,927.883937
83.336863,108,929.6314
23.72912,53,930.554946
5.79889,26,931.044795
-9.32,2,931.124002
26.910622,50,931.987541
7.848456,23,932.401622
85.843936,130,934.802463
88.743332,126,937.050186
7.859849,30,937.593825
-9.0,2,937.670226
82.150344,86,939.28243
63.230719,356,945.279639
27.328043,56,946.36245
87.713488,254,952.160542
89.316585,129,954.480815
82.255368,105,956.378789
86.503353,128,958.515364
85.334644,114,960.525087
57.249855,104,962.346232
-2.398567,9,962.503152
84.526724,120,964.629909
83.008916,96,966.47707
89.230795,136,969.163302
86.30454,113,971.120128
89.172864,116,973.289791
1.244907,20,973.702149
74.626549,114,975.963627
78.492309,104,977.889325
79.235933,107,979.828372
22.20621,38,981.776689
82.287752,110,983.988573
17.834423,41,984.743877
21.69612,44,985.546715
76.063804,100,987.237847
89.394396,110,989.081997
84.384811,111,991.127541
8.247496,26,991.623813
75.423787,85,993.332572
83.141753,110,995.703013
82.714593,110,997.695112
88.909365,131,1000.132139
78.949502,99,1001.824636
76.152994,101,1003.633895
82.803333,110,1005.432822
58.480863,72,1006.73262
88.754317,332,1012.015088
86.443837,110,1015.263908
13.433748,33,1015.866154
88.877623,111,1017.828279
85.871874,109,1019.832211
83.477869,119,1021.882814
85.574706,108,1023.664942
31.36641,69,1024.912068
-1.092296,19,1025.286001
88.937244,102,1027.225913
34.409251,59,1028.26519
-2.610282,13,1028.520564
46.819086,81,1029.914005
88.921821,106,1031.95715
41.657919,75,1033.355561
89.368244,115,1035.460368
23.618123,42,1036.232583
86.686888,128,1038.61666
82.881129,132,1040.980477
86.284418,109,1043.021479
82.117947,115,1045.101192
85.922027,123,1048.665494
47.738485,88,1050.231896
20.668876,53,1051.192715
86.399093,129,1053.326641
82.39652,121,1055.413373
77.953115,87,1056.87975
82.749648,99,1058.599463
82.121236,91,1060.256055
22.151838,64,1061.404137
89.631412,120,1063.32239
83.129703,117,1065.240387
89.990352,91,1066.811255
85.765527,131,1069.354004
-3.061645,24,1069.818815
86.273231,126,1071.956226
70.453216,100,1073.709232
86.573748,104,1075.754838
83.328329,119,1078.029192
21.20281,45,1078.833031
89.576927,94,1080.547322
79.967339,111,1084.114525
78.112499,96,1085.882699
85.847435,120,1087.961433
83.722415,125,1090.10937
85.93462,120,1092.476792
51.580851,85,1094.072146
83.978466,126,1096.327359
24.069821,41,1097.046016
14.012257,38,1097.834916
74.013778,133,1100.256199
28.507331,58,1101.364234
88.811339,120,1103.444955
4.736904,21,1103.871336
75.285107,83,1105.279888
70.188296,96,1106.943918
88.837338,132,1109.182345
82.133475,85,1110.795351
8.418959,22,1111.204029
44.235774,89,1113.121883
63.520555,109,1116.526359
76.308543,109,1119.044784
82.01698,116,1121.718597
-1.651769,14,1122.110823
14.684837,28,1122.700593
80.999436,103,1124.854781
8.331302,25,1125.393464
82.432359,117,1127.678967
79.753423,90,1129.676898
72.377454,88,1131.660059
89.318267,95,1133.836621
72.595025,96,1135.784121
85.369338,132,1138.122966
21.117378,34,1138.806203
74.0,85,1140.381325
65.835297,90,1142.108286
89.510687,103,1144.11958
83.205564,104,1146.146441
23.904709,44,1146.927541
89.750203,105,1150.146184
88.900988,129,1152.49978
89.277547,109,1154.374807
88.836883,126,1156.426693
60.098012,89,1157.929071
67.63191,109,1159.925379
86.282512,126,1162.16877
-8.044516,3,1162.249671
-5.818419,15,1162.549071
85.877364,95,1164.234601
65.680288,120,1166.605755
47.63895,88,1168.233702
85.671167,112,1170.070249
83.299938,107,1172.163193
78.559941,93,1174.159909
5.773898,24,1174.624896
89.712975,97,1176.520358
10.71729,27,1177.04179
28.671109,64,1178.317804
46.349374,86,1179.929453
89.075235,130,1183.51616
-5.065061,6,1183.63346
32.093295,61,1184.840028
36.673516,65,1186.054595
86.30287,103,1187.858292
86.376695,112,1189.930951
-9.308885,2,1190.076226
88.775015,125,1192.396662
89.249464,96,1194.182663
88.881878,116,1196.216552
82.768666,127,1198.57393
86.450709,102,1200.397518
89.47542,107,1202.362511
86.313948,102,1204.326541
-8.121533,3,1204.447382
89.089439,135,1206.944967
-5.509192,8,1207.113959
89.131422,109,1209.104753
3.890344,16,1209.479026
3.794975,20,1209.830476
33.498618,61,1210.920347
88.873174,124,1213.159525
90.123596,89,1215.794083
82.960386,120,1218.106515
35.713289,61,1219.189099
88.234578,213,1222.780845
89.259238,124,1225.103271
27.640149,55,1226.095681
86.431659,127,1228.382458
86.275658,96,1230.053285
75.224194,124,1232.685037
33.253941,54,1233.77319
85.363275,91,1235.535302
86.017074,114,1237.835681
85.670359,107,1240.101697
25.0,36,1240.76174
86.202454,91,1242.485153
59.58398,94,1244.225779
81.684698,86,1245.891949
78.131415,88,1247.605682
33.458543,64,1250.096362
82.826142,101,1251.973013
35.010943,64,1253.236387
86.286311,130,1255.557087
25.962878,49,1256.420264
85.625551,125,1258.586432
89.208744,135,1260.989382
-7.96,3,1261.075693
85.548925,93,1262.863024
31.905776,50,1263.789689
88.978511,138,1266.254035
89.138807,146,1268.879421
85.167579,117,1271.118618
89.012328,117,1273.486637
1.015523,28,1274.119025
89.27061,132,1276.679355
85.950201,105,1278.545598
1.0,12,1278.767031
86.461152,108,1280.794332
17.414917,37,1282.667572
89.031581,132,1284.98705
89.331883,89,1286.5746
83.510414,151,1289.318796
47.492575,98,1291.074428
88.664228,149,1293.685575
58.402642,91,1295.248792
86.432454,100,1297.092198
89.083949,110,1299.049328
88.857899,114,1301.086612
43.292616,91,1302.673724
85.667893,119,1304.822505
8.67118,31,1305.369824
85.753108,119,1307.506824
85.707827,98,1309.265048
82.499353,108,1311.260979
13.722434,26,1311.727992
84.006656,119,1313.931096
89.241279,117,1317.156608
40.20051,77,1318.614802
86.099319,108,1320.495709
89.247915,137,1323.088335
49.307908,74,1324.410542
85.211178,99,1326.159541
22.066667,59,1327.157448
82.436392,86,1328.536075
79.641096,101,1330.382632
86.103429,90,1332.129988
86.80963,129,1334.388223
6.831602,27,1334.905533
23.914013,59,1336.004503
78.868104,110,1338.099875
9.967913,23,1338.545365
88.916353,141,1341.107219
86.392601,117,1343.211202
88.972854,116,1345.378238
86.435842,94,1347.067884
85.369801,88,1349.765976
20.930533,45,1350.596513
72.344694,113,1352.704654
-7.236765,4,1352.793514
83.238212,130,1355.008246
80.312026,125,1357.175758
82.48021,114,1359.231746
84.77563,95,1360.813906
59.697067,102,1362.587052
82.928988,135,1364.91367
45.721331,86,1366.501065
85.849716,106,1368.451448
88.992113,125,1371.083638
89.24889,98,1372.873241
51.662471,94,1374.706076
83.093237,109,1376.770117
41.674265,61,1377.806334
45.554767,70,1379.075826
89.595034,107,1381.11152
38.46585,68,1383.479043
31.73358,71,1384.753247
42.272613,61,1385.916407
86.592169,98,1387.727184
89.257545,99,1389.775759
86.094333,102,1391.699792
86.462452,122,1393.838631
88.862474,124,1396.375996
56.026123,95,1398.122802
56.368352,87,1399.658792
88.653181,133,1402.790534
86.675313,104,1404.76222
89.270814,122,1407.017647
56.385762,77,1408.35973
86.169532,125,1410.507416
-1.184764,16,1410.910864
86.58524,109,1412.850137
27.986489,54,1413.875078
89.167038,131,1417.381874
85.845158,109,1419.429726
81.411213,92,1421.301723
79.610943,107,1423.348331
-5.919732,12,1423.597081
88.889301,141,1426.282826
13.835556,37,1427.042356
86.056068,92,1428.78299
82.61624,109,1430.806206
82.050594,106,1432.793311
85.497121,120,1434.873059
86.831228,117,1436.947065
89.040342,100,1438.687188
6.327477,19,1439.089901
83.668784,98,1440.881491
89.194843,134,1443.271787
86.381676,134,1445.744547
79.347694,113,1447.791073
89.769766,103,1450.789594
83.193894,119,1453.031663
88.922188,138,1455.575645
85.948712,131,1458.086035
87.12045,94,1459.806175
89.579261,118,1461.988452
19.707819,41,1462.705389
25.531834,37,1463.467734
86.508749,99,1465.237695
82.700611,121,1467.475357
85.44798,86,1469.034776
89.186033,114,1471.241262
82.306095,94,1472.942963
78.602042,105,1474.911717
89.007439,148,1477.471147
86.894148,94,1479.242023
82.317854,86,1480.753157
-8.281166,4,1480.848504
-1.401199,18,1481.184883
6.038952,18,1481.608463
75.950967,107,1484.754857
85.871934,93,1486.437143
15.663061,29,1486.974994
88.8813,135,1489.667234
53.944409,104,1491.616165
76.518142,110,1493.753701
86.81741,102,1495.648543
13.462015,35,1496.454169
86.578722,105,1498.264283
82.594939,106,1500.07576
85.492122,127,1502.363756
81.567441,100,1504.342149
32.781662,56,1505.507653
82.708371,100,1507.504961
69.52254,130,1510.041328
85.65415,93,1512.127919
56.275629,105,1514.220094
88.865451,144,1518.306383
82.107568,129,1520.947742
85.754167,116,1523.335308
79.49109,124,1525.776143
89.353895,117,1528.036044
-4.552231,8,1528.205795
52.092274,81,1529.882009
86.681621,109,1532.048448
86.127809,131,1534.652777
82.606021,130,1537.058222
89.392947,91,1538.770772
86.553028,99,1540.599632
89.191442,101,1542.3881
4.210548,20,1542.83011
27.445685,58,1543.930898
31.927303,53,1544.938959
82.901859,106,1546.819335
40.518495,74,1548.12467
86.208669,115,1551.383413
86.057231,127,1553.649468
80.243385,116,1555.770827
83.071739,107,1558.043235
77.163954,85,1559.874566
82.322183,93,1561.879453
85.057276,124,1564.472796
81.422772,211,1568.456748
84.007379,217,1572.688614
89.182625,140,1580.380833
86.384042,130,1584.228804
89.157649,110,1586.329212
89.156117,121,1588.900209
79.12636,122,1591.126623
83.114188,133,1593.618348
40.0,51,1594.465399
28.457613,75,1595.943681
38.750752,58,1597.160842
36.298315,65,1598.386808
60.537315,103,1600.391073
88.951192,139,1603.43055
89.694685,107,1605.502102
42.036992,83,1607.110127
3.300443,23,1607.62927
89.081235,94,1609.601006
52.070246,91,1611.720357
-8.2,6,1611.888408
83.226827,105,1614.192305
73.40611,128,1617.812992
84.961486,131,1620.188443
76.311895,88,1621.705214
18.554084,39,1622.478896
86.141931,93,1624.243341
15.286859,40,1624.993879
88.935314,141,1627.488806
42.866045,68,1628.724807
5.088998,20,1629.180077
84.306486,108,1631.181837
10.273869,25,1631.665812
89.271496,113,1633.633266
86.497842,126,1636.03195
86.124261,98,1637.844819
-8.44,4,1637.943508
89.715444,106,1639.904521
83.002632,101,1641.907362
12.249854,30,1642.480042
-9.16,1,1642.52578
86.43844,113,1644.758096
72.603401,122,1647.204837
83.099932,105,1649.991467
14.098142,27,1650.45997
15.414271,39,1651.12583
85.89793,99,1652.905651
88.958595,123,1655.082084
24.107983,57,1656.134819
16.239524,39,1656.890774
80.983948,114,1659.148813
85.92783,131,1661.96413
11.926174,28,1662.535067
86.065501,125,1665.076819
86.477481,131,1667.674872
89.127145,132,1670.461236
86.347313,99,1672.570325
85.322538,128,1675.198728
0.089178,12,1675.542345
88.74076,124,1677.978883
83.179527,111,1680.556736
89.074905,133,1684.418745
85.624517,116,1686.874264
89.305866,92,1688.722685
83.291607,127,1691.224046
89.214142,118,1693.801263
89.881351,96,1695.783685
86.073635,108,1698.275838
86.168444,124,1700.804468
86.471741,131,1703.473286
85.778132,119,1705.713415
41.009075,67,1707.050846
80.848824,133,1709.366972
88.094309,142,1712.028128
81.1114,106,1714.108797
90.057127,90,1717.259357
85.771781,105,1719.37868
31.96519,61,1720.614726
85.240011,371,1727.299014
5.943592,28,1727.78672
42.808549,118,1729.80353
23.686212,44,1730.544279
88.838037,143,1732.964359
30.821532,65,1734.184653
82.944267,98,1736.091581
-1.460355,10,1736.323681
7.928778,22,1736.862684
85.588903,106,1740.139839
89.271459,115,1743.991205
-7.4,5,1744.203204
1.559108,21,1745.051784
81.585974,83,1747.72953
86.31479,94,1752.416475
83.989071,110,1756.186173
82.631787,114,1759.845041
-8.140747,10,1760.199565
81.785828,90,1763.17832
85.416746,112,1767.41255
80.053972,105,1771.034485
85.198995,139,1775.407765
89.498516,91,1778.783053
11.548884,29,1779.845788
89.840828,120,1785.828175
23.823338,40,1787.455307
85.44981,129,1792.069361
86.175978,115,1795.932672
56.509897,70,1798.34496
36.789328,83,1801.197775
89.830306,92,1804.084702
82.406775,111,1807.753356
88.703299,135,1812.290198
4.672935,20,1813.019573
82.182609,106,1818.745579
22.483673,45,1820.573212
82.730121,106,1824.489985
20.07112,54,1826.424388
36.376612,70,1828.727766
82.555432,106,1832.694785
57.343515,100,1836.292622
89.092147,97,1839.862913
89.023129,133,1844.674561
83.030761,99,1848.043687
85.571397,121,1854.457379
-1.049296,15,1855.01854
56.93109,78,1858.544212
85.819805,124,1863.21933
54.173538,78,1866.247616
89.569632,122,1870.729636
85.87545,111,1874.866095
85.845935,118,1879.091828
89.018328,119,1883.593677
89.735241,100,1888.052427
88.929451,127,1892.183767
70.509037,129,1896.691135
-8.24,5,1896.962501
85.580986,129,1901.224197
88.959399,145,1906.275376
42.841229,82,1909.620947
32.379211,113,1914.111195
85.936455,109,1920.296472
86.261479,131,1925.111142
76.224999,112,1929.489342
-6.222573,5,1929.740019
42.428045,58,1931.987786
89.206032,114,1936.142333
85.25983,123,1940.565732
-2.807795,11,1941.166534
88.955438,118,1945.345995
23.0,34,1946.478848
18.037814,36,1947.731922
85.65507,115,1953.195763
81.961692,121,1957.31794
79.532963,94,1960.56228
88.660967,140,1965.721817
85.989524,110,1969.9373
85.486822,93,1973.124208
84.894495,98,1976.792148
21.005009,42,1978.40114
23.226439,49,1980.17075
85.221955,93,1984.149294
66.602924,121,1989.643919
88.987298,124,1994.286797
85.414683,120,1998.674771
32.056139,59,2001.109164
86.674236,130,2005.671051
82.850521,101,2009.268222
77.986105,108,2013.452221
78.682306,106,2017.422178
84.059636,286,2028.583703
-7.4,5,2028.877391
9.102482,31,2030.238979
82.56948,107,2034.525669
67.462379,118,2039.125884
82.147798,94,2042.477005
75.408797,93,2046.113338
84.107086,121,2050.82449
25.753339,48,2054.449499
84.520028,109,2058.393956
89.859867,96,2062.245156
82.746678,103,2066.113397
78.471537,106,2069.706367
70.371198,115,2073.73449
-6.698887,9,2074.222874
5.582238,17,2074.895716
82.525704,111,2078.771687
57.507313,88,2082.641887
89.256609,93,2088.017251
49.024542,89,2091.461014
78.346208,90,2095.317721
31.829568,43,2096.94585
79.774696,97,2100.712254
86.421115,113,2104.709928
89.844537,97,2108.631375
50.568864,78,2111.524517
86.26681,134,2117.072501
66.735643,83,2119.828768
23.655815,51,2123.262128
76.286497,122,2127.348744
82.943913,93,2130.853806
83.227461,86,2133.791845
82.197263,83,2136.512483
85.937875,127,2140.982702
23.554528,51,2142.945934
37.926721,71,2145.443092
42.895358,65,2147.690586
79.805813,91,2150.669248
83.001904,97,2155.475352
7.573408,30,2156.488368
86.318194,103,2160.024004
68.250835,114,2164.049632
89.01416,102,2167.713893
82.462385,98,2170.962023
-4.152509,8,2171.289652
22.254056,40,2172.604206
88.915897,116,2176.745971
84.111823,99,2180.026415
89.215139,106,2183.59688
86.556972,120,2188.989875
85.500408,89,2191.990224
37.742759,58,2193.972599
86.905074,110,2197.639693
63.609893,91,2200.567396
73.136839,102,2203.969067
-8.48,2,2204.145809
89.185651,124,2208.291061
82.79491,100,2211.913927
88.88452,139,2216.888782
50.152018,103,2220.455109
-7.4,5,2220.661841
9.401422,33,2223.211298
86.01632,109,2226.878582
17.0,28,2227.779402
12.197919,34,2228.920347
86.275002,108,2232.528812
27.585877,47,2234.269782
41.185886,60,2236.614903
89.055134,115,2240.683817
16.289772,31,2241.943925
83.373876,110,2245.749026
83.097293,104,2249.414571
89.007401,142,2256.263197
88.778743,131,2260.912547
89.5384,98,2264.779802
82.236759,99,2268.386724
65.824043,99,2272.030468
89.421159,118,2276.360565
-6.0,5,2276.611788
-1.790242,14,2277.292318
73.45247,108,2280.754365
9.07812,26,2281.219609
45.769894,63,2282.357384
82.06455,110,2284.39152
88.855629,129,2286.779079
85.952692,130,2290.547939
86.853531,120,2293.495489
88.905169,111,2297.234167
51.286637,79,2300.015716
79.566412,115,2303.970924
85.97267,121,2308.759208
86.402162,100,2313.063474
81.674315,107,2317.116091
82.378067,121,2321.448108
72.876679,93,2326.52278
89.048506,113,2330.727847
-9.031057,2,2330.855483
79.276971,117,2335.33243
22.926265,47,2337.184381
28.403954,52,2339.059253
83.911391,98,2342.602934
80.212203,139,2347.602856
13.337051,43,2349.202716
82.693411,94,2352.791901
32.272125,65,2355.425897
5.487209,22,2357.827921
83.825756,116,2362.421854
88.916192,126,2368.054003
72.407973,94,2371.930887
4.853162,29,2373.213799
83.272689,122,2378.211232
-3.649072,13,2378.874347
69.448883,98,2382.464194
78.663091,124,2387.455201
34.406971,75,2391.778108
60.090712,106,2396.137352
89.276834,104,2400.166215
-7.009441,4,2400.386997
83.084831,108,2404.438759
85.58068,111,2408.34904
86.288939,103,2412.444764
85.669202,90,2416.456994
-9.16,1,2416.635267
86.274191,119,2421.010461
78.923913,98,2426.666775
42.696904,79,2429.777165
26.324553,45,2431.825432
26.209289,46,2433.966486
19.306047,45,2435.918423
84.050259,128,2441.488367
86.191955,95,2445.537247
25.979544,53,2447.505994
11.406933,44,2449.583535
89.047944,141,2455.584349
85.742268,99,2461.482304
83.291674,107,2465.735858
39.047163,63,2468.005753
89.066609,97,2472.098904
86.000027,104,2476.208212
79.906163,121,2480.877663
21.995927,48,2482.739313
79.646149,108,2486.664503
81.477861,104,2492.294894
31.1821,49,2494.11072
-6.992782,9,2494.502885
85.891142,117,2499.011817
85.595523,109,2503.540466
86.477479,106,2507.787328
82.263482,104,2511.87166
82.901626,129,2516.849797
82.787756,105,2521.209821
55.0,66,2523.425483
89.167987,146,2530.514408
86.499312,119,2535.179448
3.139667,40,2536.8214
52.595021,85,2539.941324
21.192968,49,2541.669259
82.42274,101,2545.246188
89.307856,98,2549.012216
89.490888,98,2552.46229
85.958454,114,2556.763663
82.265167,111,2562.385315
88.997657,98,2566.148002
26.773891,48,2568.384118
35.072669,74,2571.453574
29.680359,46,2573.404639
89.673509,100,2577.332322
89.049367,114,2581.470336
81.968684,118,2585.700657
84.904791,123,2590.030058
88.653327,138,2596.714685
86.872303,147,2602.401262
71.364817,94,2605.930423
86.241782,103,2609.985328
85.482837,129,2615.026491
88.597721,138,2619.953114
83.502066,120,2624.334669
88.816466,128,2630.35386
35.960976,58,2632.558629
86.423976,94,2635.976031
69.305768,99,2639.530209
82.985039,108,2643.4688
85.12211,118,2647.740907
73.109882,106,2651.560974
85.716717,89,2654.806237
41.612601,66,2657.213132
86.608096,102,2662.941054
75.365745,99,2666.800324
30.759838,54,2668.90624
35.239402,66,2671.4668
44.042833,71,2674.146247
59.399492,89,2677.687695
84.177211,120,2682.809707
63.568229,108,2686.799127
15.809077,34,2688.225042
-10.0,1,2688.355404
78.901908,106,2692.368802
85.588199,126,2699.376446
89.266892,122,2704.504925
88.802997,140,2709.74842
86.152949,119,2714.160693
21.317577,47,2715.933135
86.073524,129,2720.970978
86.430678,109,2725.186079
89.44078,115,2731.386643
83.824738,113,2735.816597
78.244685,86,2739.076214
42.300015,58,2741.134168
79.571973,95,2744.493103
6.647707,20,2745.225348
82.992887,142,2750.300004
23.283214,50,2752.299891
43.891957,88,2755.518192
82.962834,123,2759.912285
83.324849,127,2766.3102
86.397093,116,2770.564071
85.691768,105,2774.348469
88.943263,103,2777.686348
61.492414,106,2781.568078
53.092991,75,2784.170996
22.937217,48,2785.834786
85.818667,138,2790.702528
-9.01424,2,2790.923754
19.097865,36,2792.333466
-8.049592,3,2792.452322
11.993651,42,2794.297675
86.297992,121,2800.865384
7.351028,22,2801.762229
86.907969,114,2805.897744
85.389588,86,2808.775921
75.906151,96,2812.065054
54.509961,88,2814.976812
89.168488,91,2818.157974
60.040244,76,2820.746551
-10.0,1,2820.9814
89.21309,123,2825.713822
3.783218,17,2826.529666
73.211201,113,2832.800367
4.190368,16,2833.549459
89.078641,121,2838.681757
82.221825,86,2841.952752
58.65651,106,2845.709347
38.417315,55,2847.820126
86.589971,132,2852.629138
80.978773,91,2855.855601
89.534145,98,2859.215046
39.105342,63,2861.787692
85.4048,99,2867.724209
-2.735719,15,2868.359452
2.228358,14,2869.045226
88.670951,127,2874.658278
64.532716,77,2877.532327
28.418727,46,2879.264471
24.295052,46,2881.068002
85.816627,112,2886.147624
33.538533,45,2888.401474
38.666411,69,2891.605824
89.036156,136,2899.363174
84.633001,173,2906.333791
82.60236,95,2909.875144
85.535101,99,2913.624091
89.326652,92,2917.189187
85.56513,119,2922.38123
85.67957,128,2926.715127
30.88667,45,2928.321239
18.551014,36,2929.507584
89.204402,133,2935.988977
85.880357,107,2939.603121
79.565025,130,2943.661909
88.869799,395,2953.981694
10.633484,25,2954.870738
-5.62158,8,2955.186422
82.509947,96,2958.471167
85.76264,125,2962.435168
88.613456,145,2969.226432
13.353159,28,2970.372207
83.077928,131,2975.067792
88.678716,127,2979.56108
72.788599,102,2983.297615
64.082562,101,2986.377777
27.908044,44,2987.909839
8.20745,26,2988.908803
89.61717,91,2991.960784
88.878965,109,2995.420978
79.142103,125,3001.378612
38.318661,72,3003.750528
65.306953,84,3006.728353
85.587539,94,3009.850465
10.400665,28,3010.723515
55.427253,74,3013.012713
86.272156,114,3016.855066
1.418867,17,3017.462995
81.682782,108,3021.159291
16.746854,36,3022.396065
88.891675,127,3026.996537
85.184714,129,3031.439723
85.131545,100,3036.59124
67.601814,94,3040.403156
79.889928,102,3044.340544
86.042076,104,3047.896634
82.83698,107,3051.637301
89.860981,90,3054.292349
86.15753,102,3057.551345
22.102852,34,3058.62588
86.56278,118,3062.379395
84.022971,129,3066.447032
82.880172,105,3071.326317
-7.513114,7,3071.575048
56.922815,102,3074.954608
6.016928,19,3075.539278
89.647531,101,3078.498616
60.325696,119,3081.899002
88.949908,116,3085.305914
78.264775,124,3089.062054
86.030249,115,3092.705987
79.903761,94,3095.521652
85.292461,111,3098.844322
79.437847,93,3103.46794
82.431688,114,3106.898318
-0.668129,11,3107.261426
-9.12,4,3107.45468
75.71694,91,3110.012335
86.417435,127,3114.152169
-3.075109,13,3114.639932
78.17247,86,3117.725384
22.150588,58,3119.726289
86.077445,96,3123.192082
23.407275,43,3124.80471
89.466039,98,3127.991
51.697169,94,3130.96834
85.737539,89,3133.768335
82.851517,99,3138.82238
89.138932,99,3142.268522
16.993676,31,3143.354101
82.725857,117,3147.333294
9.650569,26,3148.193763
86.411424,103,3151.287976
89.045708,111,3154.547071
32.520606,48,3156.096839
54.375851,77,3158.467639
81.408264,83,3160.980051
82.163201,91,3163.720686
83.008059,127,3167.508968
21.838247,46,3170.628123
21.329803,47,3172.113378
82.108977,97,3175.19607
86.394587,109,3178.381683
89.084183,119,3181.727575
86.545539,106,3184.797308
85.666217,109,3187.968649
89.209018,128,3191.808379
-8.053723,3,3191.893561
89.293396,114,3195.202667
88.973886,131,3199.057061
54.103549,96,3202.077108
89.71041,96,3206.744747
89.007883,142,3211.306934
89.220385,105,3214.495273
-6.572924,5,3214.842573
85.667461,93,3217.610511
-0.417253,11,3217.986498
82.129693,87,3220.481241
89.223458,132,3224.386087
85.846757,125,3228.323188
81.881024,90,3231.215327
85.994591,100,3234.396339
85.382302,122,3240.419335
39.068391,84,3243.244559
7.046905,35,3244.370111
8.209337,26,3245.159895
86.807543,99,3248.197095
-5.101338,11,3248.528567
89.07617,112,3251.841181
89.390324,121,3255.515899
86.276062,116,3259.251612
88.996659,99,3262.280289
4.600554,16,3262.779163
-9.01424,2,3262.892768
62.427682,107,3266.205773
85.742841,100,3269.485388
88.714408,123,3275.222876
83.39193,91,3278.576576
81.368474,122,3282.994467
14.262641,36,3284.143708
48.919774,73,3286.379889
21.910034,52,3287.917673
-4.752687,14,3288.42485
75.818311,120,3292.103472
86.239695,101,3295.465921
86.119889,96,3298.589024
45.315251,74,3301.018207
-5.892898,12,3301.464406
78.672102,93,3306.252817
85.216935,94,3309.188655
86.406751,135,3313.513212
89.916389,92,3316.366282
89.511385,114,3319.842519
85.547699,95,3322.949266
27.35836,66,3325.228279
89.169561,100,3328.343704
54.941265,103,3331.789298
23.524767,43,3333.191483
37.904373,71,3335.587395
82.406789,92,3340.439713
-5.030491,6,3340.622337
-10.0,1,3340.687392
86.201784,140,3345.051452
85.968548,115,3348.59288
58.101969,105,3351.944572
82.649924,115,3356.204896
79.397886,102,3359.546175
86.573252,126,3363.423038
-3.574906,8,3363.720359
81.351509,120,3367.225554
78.425558,113,3370.84254
82.425441,93,3375.303962
86.144273,105,3378.389067
89.610882,95,3381.187049
88.952779,129,3385.641026
89.247987,114,3389.661105
26.092939,39,3391.087515
-8.106125,7,3391.365424
5.305391,24,3392.265842
79.601276,97,3395.449381
15.025093,32,3396.542848
43.792716,71,3398.748194
74.587674,95,3401.803368
1.01382,16,3402.308217
86.169498,129,3408.080471
9.583645,26,3408.953437
78.796356,114,3412.764634
85.815985,94,3415.737496
89.012688,122,3419.921191
89.316191,101,3423.139384
86.030952,120,3427.003989
42.239032,84,3429.73459
85.141839,119,3433.520611
82.677131,98,3436.797837
76.453187,126,3442.602489
83.199379,112,3446.159273
52.702354,80,3448.693463
83.059313,102,3451.739259
80.332164,116,3455.664416
78.878456,122,3459.686558
63.349508,76,3462.264968
89.569037,99,3465.484653
84.963063,122,3469.342695
88.80346,119,3473.076644
88.872457,123,3478.816498
82.014448,103,3481.985184
86.020227,120,3485.733413
78.163077,87,3488.339252
-7.6,4,3488.537656
82.68644,106,3491.686982
51.096056,99,3494.746057
24.464943,62,3496.712245
78.159224,97,3499.825707
11.796621,28,3500.724348
85.63406,111,3504.345245
-4.132503,7,3504.593911
78.653438,88,3507.36429
74.665147,81,3511.455046
87.007642,94,3514.562584
4.5513,30,3515.540133
89.305025,101,3518.713663
20.84086,48,3520.309566
89.19016,99,3523.552379
73.534031,112,3527.159679
89.147918,122,3530.918815
70.359366,80,3533.535378
86.116401,135,3537.990451
14.660277,43,3539.307158
81.335019,87,3543.602926
15.826777,29,3544.556356
88.743002,134,3549.017205
85.660278,105,3552.334708
-7.204573,5,3552.495494
-7.96,3,3552.644403
-10.0,1,3552.789932
83.670339,112,3556.524613
89.009437,105,3559.804951
89.027697,124,3563.794135
86.500643,130,3568.207793
85.415599,99,3571.374141
82.407334,107,3574.824008
85.586266,105,3579.505702
80.543796,115,3583.057293
37.192703,73,3585.285454
32.941782,56,3586.943472
53.14971,98,3589.837682
1.825026,23,3590.671989
40.427026,80,3593.160874
-8.44,4,3593.302498
16.672072,32,3594.301999
84.623461,99,3597.605789
39.0,50,3599.175065
84.324621,101,3602.396731
88.98104,113,3606.137652
16.170553,40,3607.564854
89.194838,101,3612.589822
82.721459,105,3615.918156
38.193298,77,3618.405222
68.649922,123,3622.352191
80.881501,130,3626.865338
82.383823,91,3629.750473
51.402537,69,3631.00984
68.834257,103,3632.932078
85.607927,128,3635.235447
88.647587,141,3637.675645
-3.895261,11,3637.883974
89.364711,90,3639.96157
-7.36,6,3640.124652
84.988579,106,3642.724202
45.953242,65,3646.583696
85.776955,110,3650.391241
82.904403,119,3654.618878
43.869542,59,3656.691238
86.026537,123,3660.890387
6.542824,23,3661.723037
-10.197733,5,3661.986719
86.359572,130,3666.962941
-8.370728,3,3667.118898
50.883666,92,3670.534463
-4.694622,20,3671.335314
-0.655852,12,3671.839401
-1.508151,12,3672.289887
86.479865,116,3676.425798
82.167916,83,3680.674809
86.411673,105,3684.297011
83.205105,116,3688.526828
86.791288,137,3693.373894
16.0,27,3694.368132
89.007277,136,3699.52929
80.151905,114,3703.907257
79.626748,115,3708.380343
74.963533,115,3714.439454
5.632426,21,3715.223351
29.002552,59,3717.626222
88.86156,148,3723.319078
89.304755,110,3728.050277
63.520578,101,3732.35029
9.923352,28,3733.397505
88.844717,119,3737.215178
89.566641,113,3739.267642
81.291127,83,3740.661976
79.321454,99,3742.440608
85.945164,120,3744.653165
27.683481,47,3747.377345
85.577201,106,3749.242953
85.599988,97,3751.007792
-2.306981,12,3751.303687
90.115248,89,3752.809722
86.298359,87,3754.252339
82.759656,112,3756.201946
86.32368,135,3758.578033
27.580772,51,3759.494758
80.196961,127,3761.70275
25.175452,53,3762.596775
80.786063,121,3764.767973
31.835815,54,3765.744709
88.814997,131,3767.970026
-3.031268,8,3768.116752
82.509498,107,3770.06125
83.104405,100,3771.757594
75.89868,91,3773.360353
48.129525,76,3774.645476
-1.555074,11,3774.929986
82.791282,119,3776.99728
83.252169,125,3779.266323
75.818491,99,3782.517707
78.677087,85,3784.042315
30.024851,72,3785.308474
14.570729,31,3785.925036
79.506479,94,3787.713778
9.069491,21,3788.168689
82.311658,86,3789.61655
82.452927,92,3791.293318
57.186594,96,3792.946042
89.41586,101,3794.735646
17.18602,38,3795.399421
5.995557,21,3795.75859
72.889593,113,3797.730968
88.941513,138,3800.226676
69.594519,87,3801.772542
65.060145,74,3803.272343
-7.241447,6,3803.393977
89.41109,116,3805.887856
82.455438,108,3807.943835
27.953513,58,3809.074769
43.0,54,3809.92946
-2.42346,17,3810.336439
75.401752,87,3811.804186
0.504624,12,3812.020433
41.129114,73,3814.78864
70.842364,100,3816.663149
74.50967,89,3818.203348
82.204745,83,3819.54776
-3.422191,8,3819.700142
82.697237,133,3822.000808
27.910699,52,3822.913108
81.999865,90,3824.543314
-3.720579,11,3824.772846
82.428497,115,3826.929589
80.516911,125,3829.234808
54.479565,76,3830.625585
82.659761,131,3833.302984
15.865224,43,3834.237288
-3.658394,9,3834.417413
82.393686,108,3836.600838
89.118494,105,3838.536182
85.924226,114,3840.738332
-5.28437,6,3840.855683
81.532145,90,3842.52476
82.760712,107,3844.473042
78.835526,115,3846.671188
41.329558,98,3850.209457
82.62491,109,3852.210137
39.674403,65,3853.387482
88.987975,138,3856.078071
20.150176,35,3856.72434
82.75386,106,3858.740009
83.274812,132,3861.196394
68.116663,87,3863.031645
16.432458,31,3863.612035
80.229014,128,3865.978988
80.389449,94,3867.695789
82.435934,85,3869.274889
63.010657,82,3870.785422
69.106749,90,3872.388185
46.17447,87,3874.036521
89.258568,105,3876.044966
63.368772,105,3877.863694
27.993068,63,3879.01124
17.125418,37,3879.671188
82.861049,132,3883.761153
8.361884,33,3884.398078
32.475685,79,3885.806587
89.481722,96,3887.575362
63.751583,109,3889.571834
28.651413,65,3890.723116
89.004461,140,3893.203819
35.612126,68,3894.438253
16.192374,50,3895.400126
85.627144,108,3897.438672
82.899982,107,3899.395238
89.173548,143,3901.971192
78.700146,83,3903.543796
9.108545,24,3903.985356
83.080753,119,3906.157657
38.044917,59,3907.242043
77.856832,121,3909.479814
82.446779,110,3911.494168
82.829071,100,3913.368465
86.623441,98,3916.842656
30.450978,75,3918.305503
85.497961,107,3920.550897
78.936251,86,3922.149346
85.624424,138,3924.692058
0.446113,12,3924.983925
52.41456,98,3926.593582
79.763745,106,3928.330418
73.084932,92,3929.846986
20.715392,36,3930.559621
34.865019,61,3931.582131
-7.814619,9,3931.748944
-3.101502,11,3931.963059
59.000334,137,3934.235764
10.274179,27,3934.727298
57.019117,99,3936.336272
86.112236,102,3937.943735
76.389298,130,3940.121434
83.281093,94,3941.646025
79.974203,110,3943.473108
-9.471162,6,3943.580909
11.640207,31,3944.171633
24.969708,48,3944.96497
26.811275,50,3945.851627
52.504724,91,3947.402583
0.774092,18,3947.825094
44.646871,92,3951.15054
13.534162,32,3951.73765
85.747468,92,3953.346657
54.573399,84,3954.921403
86.050142,142,3957.423729
34.236942,69,3958.677312
20.955207,39,3959.356613
43.204931,75,3960.794544
85.729918,132,3963.133312
86.01238,106,3965.011697
89.33285,121,3967.022516
78.556877,100,3968.925746
11.75026,34,3969.560529
80.659212,107,3971.570328
2.966036,21,3971.995964
70.809331,76,3973.331368
34.617155,63,3974.446899
84.952396,142,3976.981893
9.991101,24,3977.383382
-0.206965,22,3977.904519
13.302396,89,3979.341761
82.901408,129,3981.584988
0.238396,12,3981.794542
73.153589,301,3988.268294
85.672896,92,3989.770082
74.037253,130,3991.917454
40.422062,61,3992.960355
-7.089316,4,3993.120285
52.379504,75,3995.078686
64.492117,81,3997.354306
31.59484,46,3998.741419
71.143513,102,4002.272671
86.435995,122,4006.120501
68.795796,100,4009.317741
78.356729,89,4012.200842
85.0963,133,4018.246069
74.416533,97,4021.575923
86.621683,115,4025.215314
20.854787,43,4026.567784
82.48445,119,4030.385837
78.765961,86,4033.015188
85.374337,88,4035.775926
89.536407,91,4038.55757
25.286404,45,4040.337555
-3.751599,11,4040.761346
17.933407,41,4042.247058
88.700854,142,4047.257025
86.487406,119,4053.220969
-6.066704,5,4053.416387
13.0,24,4054.241478
14.502816,34,4055.440822
89.350559,116,4059.557152
80.463608,104,4063.16163
-7.4,5,4063.39209
12.467802,32,4064.509631
60.291666,102,4068.049651
3.329628,15,4068.572803
83.189569,123,4072.594305
67.555712,125,4076.725505
81.209334,95,4080.072649
84.225839,125,4084.32558
89.11318,101,4089.801257
78.907316,115,4094.289152
82.938165,115,4098.63555
82.547912,109,4103.099817
16.012082,42,4104.977887
89.182863,113,4109.221586
79.052673,110,4113.635773
89.507465,115,4118.211047
34.509945,56,4122.468166
12.969974,38,4124.045856
88.851299,136,4129.491778
29.840491,57,4131.39059
-7.4,5,4131.649543
47.73737,78,4134.750105
86.242818,99,4138.569527
82.894773,122,4143.27613
23.637004,41,4145.024845
86.495741,129,4150.563772
83.072379,129,4157.939523
86.160313,116,4162.222594
40.932448,83,4165.393954
85.937925,125,4170.085932
79.151268,109,4173.94931
78.673125,87,4177.147532
89.239859,129,4181.738888
83.70192,128,4188.046731
79.693712,116,4192.407493
88.875563,112,4196.406269
-1.571485,13,4196.911018
20.280471,38,4198.229576
4.685175,25,4199.144665
81.20454,109,4202.616284
48.876844,89,4205.40228
81.262906,132,4209.781285
75.366307,109,4213.606869
70.40622,104,4217.133704
63.967649,118,4223.524324
82.039794,100,4227.828319
84.00262,120,4232.519387
82.204819,83,4235.388716
81.976169,99,4238.980222
19.190651,43,4240.583217
89.835493,95,4243.861211
85.249019,88,4246.734634
36.170511,59,4248.855665
7.993856,24,4249.730172
88.915012,115,4253.871075
15.389809,41,4257.374237
86.796212,120,4261.703916
89.246475,111,4265.973555
82.163506,102,4269.754095
86.025995,101,4273.166731
82.041043,94,4276.37689
62.914887,101,4279.653794
85.437394,87,4282.651957
88.823086,119,4286.638474
58.473187,103,4292.040478
55.334267,72,4294.586903
86.132166,97,4298.094602
89.216106,92,4300.992979
82.855632,111,4304.526086
87.272498,106,4307.849644
46.446871,91,4311.006339
76.033353,105,4314.713668
83.900639,92,4317.723674
85.944703,110,4321.347723
86.378266,125,4327.847569
20.604327,37,4329.150913
32.912894,51,4330.985813
82.965356,119,4335.252063
59.529527,92,4338.466706
89.097061,138,4342.936717
47.161002,74,4345.346179
30.693772,57,4347.286856
89.001018,151,4352.774089
86.541087,102,4356.136225
74.721298,115,4362.118317
24.357883,52,4363.940102
72.539471,86,4366.856116
88.955537,132,4371.197318
31.253756,58,4373.092765
86.918556,127,4377.183631
89.634832,103,4380.819892
-9.030771,2,4380.953598
85.507181,140,4385.940054
21.460011,43,4387.611776
58.061697,86,4392.705334
88.741891,133,4397.285181
88.677707,143,4402.201581
28.507275,58,4404.015751
68.012661,106,4407.439518
61.084872,114,4411.182174
85.193394,103,4413.811628
82.617446,94,4415.471944
46.942219,82,4416.920188
75.933375,95,4418.507236
84.98127,111,4420.391075
4.175885,28,4420.865171
86.572839,111,4422.819528
79.669313,102,4424.68172
16.475501,34,4427.062662
42.735512,63,4428.230236
88.611512,139,4432.120853
-5.721925,6,4432.318259
70.597574,102,4435.719843
29.056455,44,4437.20982
36.11314,72,4439.613232
61.366649,110,4443.100063
82.516725,97,4446.222538
48.442313,74,4448.504514
-6.252054,6,4448.841994
83.80836,97,4451.891264
82.53873,88,4454.880022
19.346646,50,4456.639007
86.420671,97,4461.884704
-4.453764,8,4462.20925
48.121364,80,4464.81928
-3.359322,9,4465.100708
85.800905,124,4469.049087
80.769887,124,4473.101404
89.084231,113,4476.831586
81.388541,89,4479.690753
-2.074959,11,4480.168436
17.869925,40,4481.541693
80.323593,102,4485.379238
68.714508,92,4489.137902
89.035272,132,4496.01365
5.32087,17,4496.82368
-2.857192,17,4497.656888
77.552115,93,4500.879426
-8.8,3,4501.150677
79.203478,100,4504.88057
88.927562,119,4508.938929
83.538642,94,4512.258456
86.651903,109,4516.391257
89.321674,95,4519.61659
79.844402,117,4523.541923
73.644979,99,4529.071769
-2.508965,10,4529.663959
12.835111,27,4530.806828
32.760515,54,4532.663776
82.917699,128,4536.977684
10.517688,22,4537.718766
83.560024,119,4541.829989
84.177893,94,4545.085548
89.285026,100,4548.556531
79.272254,96,4551.906678
-1.498159,13,4552.340389
85.381273,104,4556.178599
22.783646,36,4557.533588
20.101726,41,4559.151787
82.609395,111,4564.962902
89.560761,90,4568.322247
73.721118,109,4571.908271
8.021236,34,4573.23978
76.645596,110,4577.056059
82.122578,119,4581.941004
73.1476,91,4585.397797
82.606904,117,4589.947519
89.388557,110,4593.986264
11.612398,32,4597.13331
88.704228,147,4602.260933
72.23321,89,4605.409524
89.757051,94,4608.833935
72.345109,112,4612.941184
41.592313,74,4615.598466
50.560992,72,4618.228448
88.74821,122,4622.757925
85.208905,96,4627.222707
64.821001,104,4633.366372
80.996355,101,4637.449599
89.545928,89,4640.950671
1.947853,13,4641.393731
79.495237,94,4644.912708
82.497919,125,4649.396554
85.583624,122,4654.10751
86.061898,112,4658.481673
13.745372,30,4659.729
78.510266,89,4665.109758
80.215528,123,4669.847222
80.332919,120,4674.266226
16.590848,36,4675.87351
46.015465,65,4678.479042
27.411044,54,4680.78462
86.028772,109,4685.050667
38.678056,56,4687.312569
49.697014,86,4690.985203
88.78628,118,4695.393233
84.361313,100,4701.025738
61.906678,79,4703.659197
59.875673,79,4706.976259
82.132429,117,4711.006262
41.041919,53,4713.143434
74.584833,96,4716.988014
85.298765,110,4721.729105
86.012895,92,4725.159868
50.679529,102,4729.064936
9.91843,27,4730.076609
85.439911,104,4735.855071
85.506681,93,4739.871466
56.948237,98,4743.409497
2.198415,30,4743.903553
70.006964,91,4745.476805
73.638859,78,4746.762834
28.731873,44,4747.487623
-5.125684,13,4747.763661
85.768078,112,4749.741213
86.552017,116,4751.842017
86.188623,111,4753.688547
85.498023,99,4756.306356
43.00192,77,4758.829992
17.663672,34,4760.164193
65.71684,108,4763.932491
83.0479,119,4770.155596
-9.00232,2,4770.306009
-8.017144,3,4770.457456
85.700953,111,4774.633524
85.772245,102,4778.387803
-1.154147,19,4779.2082
46.270788,63,4781.516069
77.99825,108,4785.395127
89.183468,113,4789.141158
58.574247,96,4792.738811
88.498145,99,4796.464873
89.662284,91,4801.085522
4.407808,29,4802.22999
82.939165,98,4805.802415
89.604226,110,4809.852206
89.529848,118,4814.108988
85.200501,110,4818.283076
-0.986116,13,4818.882933
89.292358,125,4823.2146
84.614461,194,4830.34209
81.830737,106,4836.426971
7.78001,27,4837.477201
-8.48,2,4837.571257
75.676393,89,4840.843543
89.078757,114,4844.957464
88.445366,115,4849.164347
82.973673,95,4852.777663
79.10237,115,4857.259461
89.560311,106,4861.613224
45.484887,68,4864.715477
86.499814,124,4871.346239
47.245379,93,4874.532462
86.01419,113,4878.290123
85.532441,100,4881.612895
71.116371,105,4885.280338
86.270441,126,4889.468796
63.481992,97,4892.682711
82.520013,131,4897.114141
85.715961,117,4900.862255
86.08382,108,4906.096056
41.889323,71,4908.571558
81.888666,87,4911.393149
89.412644,115,4915.075951
46.778163,81,4917.632743
77.017271,111,4921.149341
13.431162,39,4922.484796
39.613129,51,4924.119633
83.201711,122,4927.809036
19.627384,48,4929.214573
25.832978,44,4930.987173
78.702741,126,4934.881744
89.168066,129,4940.685275
57.14793,79,4943.48947
28.240481,56,4945.59543
86.138598,94,4948.437139
82.576648,95,4951.481164
67.211049,95,4954.553775
33.168794,48,4956.28363
89.864542,96,4959.391273
86.851853,112,4963.000149
86.349933,105,4966.099463
85.585053,126,4971.809064
86.715973,103,4974.907018
5.24264,29,4975.918255
89.35815,123,4979.764929
88.781163,133,4984.014805
61.877318,121,4987.73995
36.323464,59,4989.53891
-8.8,3,4989.68737
29.0,40,4991.039114
65.473303,91,4993.587522
53.203614,82,4996.144195
29.600479,61,4997.944406
82.786764,103,5001.131247
89.04822,134,5007.047396
24.93176,41,5008.346366
86.017863,136,5012.415284
82.174027,95,5015.198317
24.168345,41,5016.423739
89.368672,95,5019.567929
88.974489,126,5023.667272
0.547962,12,5024.10153
82.657745,114,5027.529292
89.136257,95,5030.568664
88.837271,119,5034.208583
89.07463,131,5040.155132
90.123596,89,5042.783746
86.58841,114,5046.308184
56.029462,93,5049.153255
82.12393,127,5053.441563
85.785001,135,5058.263021
-7.6,4,5058.463401
79.629497,111,5062.260128
16.606996,43,5063.794992
4.366469,21,5064.42279
10.898579,34,5065.751382
89.193342,132,5070.049813
31.084942,61,5073.738136
85.91788,125,5078.311588
89.209809,137,5082.801059
86.043325,110,5087.130216
57.696775,85,5090.181468
69.487265,98,5093.289481
85.963225,123,5097.188655
55.6147,81,5099.618105
79.521446,109,5103.251167
89.170534,100,5108.391884
88.831729,142,5112.736462
86.353128,116,5117.169649
-6.2944,7,5117.551418
85.766658,102,5121.314053
89.525497,90,5124.479181
30.262936,50,5126.208304
89.859646,91,5129.389611
82.914919,117,5133.682455
86.031859,115,5137.628126
-0.130814,12,5138.097679
-3.449132,8,5138.437747
85.640445,99,5143.72544
88.808027,119,5147.945626
82.766755,118,5152.19551
85.391383,94,5155.522284
88.78825,126,5159.907158
38.780569,58,5162.032784
36.836754,52,5164.099894
89.192381,116,5168.368959
85.793739,117,5172.456678
-10.0,1,5172.52957
86.660888,110,5178.248758
-7.110407,6,5178.5461
86.145713,126,5182.955403
86.428983,113,5186.934871
8.18552,29,5187.981163
63.049862,90,5191.197318
36.452118,58,5193.436104
43.861607,65,5195.759018
86.314073,94,5199.234769
82.844298,116,5203.5606
37.683204,58,5205.625426
44.847188,93,5210.872461
85.963174,114,5214.911995
53.123411,90,5218.552573
-7.10361,4,5218.722897
89.645403,101,5222.474447
89.281956,136,5227.308559
84.386682,102,5230.979186
17.630942,32,5232.07786
45.214733,77,5234.579645
76.969671,148,5239.489055
86.109058,89,5244.370266
81.840813,96,5247.677692
10.949889,32,5248.734941
89.07416,92,5251.707002
16.144421,32,5252.857554
88.70733,135,5257.375724
36.527406,65,5259.809002
86.192308,108,5263.709263
82.059933,84,5266.778441
82.302408,93,5270.131572
86.14715,99,5273.606953
42.270115,72,5277.924735
-7.998765,11,5278.489614
88.709065,133,5283.749425
59.93882,98,5287.304999
85.512619,95,5290.90161
88.996963,125,5295.588388
60.660962,109,5299.528491
47.245114,86,5303.022885
35.60771,72,5305.983618
-3.099824,13,5306.570205
75.827428,91,5310.319558
85.936573,125,5315.634493
82.568575,102,5320.060724
89.168217,122,5325.12144
79.357052,104,5329.525518
74.298701,77,5332.502292
6.629454,23,5333.420341
38.687898,59,5335.796836
74.258856,78,5338.994771
82.19346,112,5343.694768
31.100986,54,5348.677743
-9.0,2,5348.963563
50.361664,87,5352.548936
79.59242,105,5357.082067
73.833735,102,5361.255181
2.259571,15,5361.93428
89.175222,129,5365.451402
83.362584,113,5367.307245
89.048665,97,5369.000665
82.153705,99,5370.700397
86.598045,101,5372.470652
15.525537,39,5373.094828
82.646264,107,5374.88
88.728921,144,5380.923441
77.636778,87,5384.212347
50.178153,81,5387.07329
88.877404,114,5391.226546
89.2335,115,5395.24401
8.857734,35,5396.522551
86.083987,119,5401.168765
78.402446,92,5404.54268
84.052583,125,5409.337026
85.81964,113,5416.068473
89.391038,124,5420.826385
89.283706,96,5424.281699
-8.2,6,5424.710979
85.847489,99,5428.208497
84.848506,113,5432.285216
89.166591,127,5436.892004
86.162791,86,5440.051845
30.929391,64,5442.559078
86.368205,114,5448.475832
89.357041,100,5452.251539
73.160084,113,5456.39781
60.795388,110,5460.538396
-7.034434,6,5460.90061
89.49497,119,5465.140843
89.331146,118,5469.627999
89.271005,136,5474.819291
43.609434,83,5478.172275
41.714655,59,5480.52408
86.665117,119,5487.037319
86.2716,105,5491.510931
89.236714,101,5495.291549
85.391802,112,5499.585318
89.422106,123,5504.347376
27.375601,44,5506.211532
-9.16,1,5506.330328
78.645659,134,5511.852529
53.969363,98,5517.559856
86.150305,116,5522.369709
-0.553574,13,5522.873807
88.748468,127,5527.478386
1.242529,13,5528.07109
87.01522,101,5531.854689
78.572319,106,5535.863406
11.400029,35,5537.585406
38.40453,62,5540.019608
-4.566648,10,5540.581397
85.965819,101,5545.226171
83.029021,123,5551.957243
81.854839,108,5556.550125
88.675787,135,5561.703434
85.46393,125,5566.301851
89.077288,132,5571.195101
89.152083,139,5576.33605
64.455004,77,5579.130892
89.486207,113,5584.274043
85.638957,107,5588.354678
13.916903,38,5589.778885
-1.726152,17,5590.446848
9.0,20,5591.216115
89.345291,108,5595.167625
85.85937,94,5598.762598
3.162303,18,5599.421565
-4.700955,15,5600.001288
89.171202,110,5603.947051
64.806501,92,5607.429828
29.162393,50,5609.287952
85.868747,105,5613.177192
31.549555,61,5616.666314
81.835388,85,5619.598215
86.22715,114,5623.718378
82.529589,114,5628.266529
82.417437,119,5633.389895
3.313336,25,5634.453668
79.357826,105,5638.491457
89.146408,137,5643.849665
-2.870668,11,5644.29742
82.351015,101,5648.235316
-9.297177,2,5648.352448
18.526867,43,5651.063329
70.401259,115,5654.709322
82.515146,96,5657.833507
-4.04314,7,5658.090683
64.500251,107,5661.718632
85.873373,108,5665.128143
72.068871,97,5668.110459
-4.368773,12,5668.510298
37.516077,60,5670.495204
86.148773,101,5673.736317
82.101876,83,5676.58764
85.568774,131,5681.056982
86.613383,108,5686.104121
29.730269,63,5688.26542
89.039463,94,5691.696005
3.0,14,5692.325302
14.462967,42,5693.867323
86.584256,118,5697.904227
82.103045,112,5701.853277
15.0,26,5702.594461
1.495043,17,5703.167236
53.864789,81,5705.842454
82.299819,99,5708.98669
73.007601,109,5712.680757
82.153168,126,5718.208863
48.185788,78,5719.941864
-6.784551,6,5720.172227
-0.705284,13,5720.440624
26.20552,44,5721.29509
70.978683,106,5723.253057
18.762107,44,5724.137983
84.870749,101,5725.990733
63.8969,89,5727.52025
11.133778,28,5728.012298
10.093413,29,5728.655768
3.697811,21,5729.10596
77.026984,123,5733.168619
85.768416,91,5736.266984
89.108811,89,5739.150707
85.276858,89,5742.222713
-0.356512,23,5743.017426
-6.275071,8,5743.317142
84.909781,92,5746.536881
-5.339896,7,5746.775788
55.496237,71,5749.074701
56.36927,90,5753.259299
21.176311,39,5754.526019
82.619343,122,5758.79896
82.643662,123,5763.445981
88.81153,138,5768.017723
88.988388,116,5771.980496
85.60202,89,5775.050271
79.161581,109,5779.032822
86.113283,109,5783.988037
69.239067,105,5787.652661
5.181664,21,5788.41136
17.571254,30,5789.578909
82.775178,124,5793.733264
86.162791,86,5796.54415
65.761855,102,5800.422708
31.672535,59,5802.661269
86.022162,89,5806.001423
83.412031,131,5810.991486
78.896042,102,5814.978817
24.102344,62,5818.727376
-2.991447,9,5819.126477
10.696176,24,5820.073909
86.706909,109,5824.149261
89.835488,90,5827.497893
84.103461,129,5832.166097
86.537717,114,5836.537461
79.542776,87,5839.416286
12.642304,28,5840.403453
88.569495,143,5845.397565
85.770192,89,5848.507537
51.12928,68,5852.084294
59.428029,95,5855.523057
81.795355,87,5858.568278
86.23414,124,5862.89632
86.194391,118,5867.042302
81.98985,95,5870.978351
63.472029,123,5875.802503
85.510375,87,5878.839545
86.392276,126,5884.957404
60.768966,107,5889.232176
34.326848,64,5891.434315
24.469255,38,5893.142185
83.044011,124,5897.974605
83.018613,243,5906.412346
41.425438,76,5909.239529
86.261934,119,5913.82706
89.442692,103,5919.033228
81.874683,92,5922.347564
81.245741,84,5925.22874
88.852476,130,5930.197615
82.546751,122,5934.796345
82.785408,105,5938.792219
26.713938,50,5940.972212
89.210125,113,5945.701687
12.227742,25,5946.633218
77.021934,103,5951.862853
82.380096,85,5954.954591
18.085118,49,5956.908808
78.201159,90,5959.999532
83.226482,88,5963.213441
50.246136,71,5965.760887
78.697241,96,5969.142848
75.357723,94,5972.844051
37.63244,69,5975.427217
82.7454,100,5979.082185
83.179873,128,5985.434593
52.775198,81,5988.534398
80.925613,109,5992.473688
86.032329,127,5997.290688
-8.44,4,5997.552267
24.394152,47,5999.305391
89.068357,98,6002.990487
54.274878,98,6006.59538
82.012808,91,6010.072555
82.739306,97,6013.780556
78.22603,99,6018.547332
85.714319,99,6022.031578
17.526697,36,6023.418771
78.317398,86,6026.349483
82.564509,113,6030.601892
20.286679,40,6031.952385
18.756376,45,6033.859771
89.788075,114,6038.264017
28.477644,47,6040.063421
89.197045,120,6044.263994
86.115935,148,6049.292479
10.399556,28,6050.325227
4.104118,24,6052.5442
86.049833,96,6056.073306
89.138601,131,6060.327252
88.661016,138,6065.044955
69.380757,90,6067.982635
71.844192,83,6070.88525
89.58966,89,6073.948663
88.989914,120,6078.054666
-7.10353,4,6078.223726
86.34467,88,6081.251031
13.546088,29,6082.37986
0.18077,20,6083.164824
82.072778,83,6087.663286
86.492785,101,6091.172319
85.722971,113,6095.099546
13.796201,27,6096.058137
85.617207,86,6098.835111
81.863685,98,6102.310778
83.235385,112,6106.192169
19.274357,41,6107.654213
88.997802,115,6111.495098
75.623013,109,6115.116436
29.183174,52,6117.115452
32.483033,63,6121.077063
86.152663,92,6124.472131
86.119928,112,6128.559753
85.939992,124,6133.017622
82.222625,115,6137.017671
83.167411,102,6140.381031
83.177408,95,6143.488106
17.114588,29,6144.54468
89.184384,117,6148.726224
80.481948,123,6154.279562
82.671978,109,6158.138406
86.165398,116,6162.350431
15.875166,47,6164.200075
82.26201,90,6167.376129
89.749704,102,6171.056832
54.759264,74,6173.684598
54.435588,96,6177.285803
20.559914,36,6178.552605
-6.075019,5,6178.85468
85.654772,98,6182.66119
7.435084,21,6183.504005
88.983607,129,6189.491307
89.471858,107,6193.417295
86.015264,106,6197.480144
89.259369,112,6201.640488
17.346039,40,6203.17103
85.962316,101,6207.058353
-7.386289,10,6207.60276
2.0,13,6208.091938
87.080487,100,6212.172592
79.181529,95,6215.636709
86.409907,105,6221.094393
86.071719,109,6225.152819
89.052041,98,6228.854659
7.434903,19,6229.470024
86.400766,95,6233.132423
2.639073,15,6233.705337
89.177125,94,6237.188899
86.250373,102,6241.211239
88.873061,121,6245.738762
82.810118,99,6249.102712
77.333571,140,6255.613444
21.769525,44,6257.178129
8.830552,26,6258.368005
16.650317,29,6259.488829
89.313882,113,6263.711793
26.269664,54,6265.669088
79.990188,130,6270.293926
89.284288,112,6274.398437
78.623569,115,6278.721962
61.496035,85,6281.914088
86.400024,103,6285.965071
78.683522,102,6291.352152
8.139396,24,6292.394523
29.484101,61,6294.530102
47.051279,87,6297.74803
86.282693,104,6301.388011
85.803521,110,6305.087146
89.00255,113,6308.810408
86.00036,93,6312.196276
-10.0,1,6312.262305
86.140722,92,6315.758957
-6.989808,7,6316.064477
89.324427,110,6321.71313
88.915828,136,6326.555362
85.438338,119,6330.87945
49.882478,82,6333.850968
78.272118,120,6338.052792
8.023558,29,6339.023255
87.049678,130,6343.523266
86.299839,107,6347.355019
9.449695,35,6348.889921
86.335969,103,6352.614723
89.609376,91,6357.690279
37.534986,57,6359.870124
83.211084,128,6364.461827
82.382965,89,6367.429654
85.760727,95,6370.859937
88.989064,134,6375.921255
0.850505,17,6376.708571
89.414723,102,6380.30672
-8.045184,3,6380.509744
89.259794,107,6384.518761
79.261447,107,6390.100385
13.804978,33,6391.460168
86.083264,99,6394.887881
27.473458,60,6397.28582
82.015215,119,6401.901036
89.279809,128,6406.35671
22.610294,43,6407.973177
32.87607,60,6410.228391
-7.885311,6,6410.569287
15.409993,31,6411.898681
85.724539,94,6415.425057
56.275373,110,6419.453149
85.674681,95,6424.754786
85.8855,114,6428.983733
86.307889,128,6433.518919
5.823397,19,6434.152087
85.878142,117,6438.468889
89.183185,104,6441.984999
50.65081,84,6444.871976
6.192802,29,6445.882991
-9.32,2,6446.05603
66.122554,90,6449.230143
85.811086,101,6452.950082
81.94244,120,6458.63274
82.591562,108,6462.671826
81.346783,117,6466.659551
76.854396,110,6470.665956
88.22809,108,6474.631695
82.815997,109,6478.733553
89.412145,103,6482.37581
58.160656,76,6485.152297
89.299886,94,6488.579348
7.183642,24,6491.292222
-8.8,3,6491.506395
89.412127,121,6496.259912
88.948678,124,6500.551705
58.584879,107,6504.354434
-8.8,3,6504.523732
74.438275,121,6508.628888
85.835103,145,6513.537066
75.383859,126,6518.069964
79.805521,94,6521.551539
79.565063,93,6526.709034
83.875649,107,6530.760777
48.600451,66,6533.195779
5.575941,22,6533.960346
86.560458,126,6538.261222
17.979479,44,6539.756213
86.305061,115,6543.862403
35.674567,69,6546.323704
85.858718,115,6550.328819
88.602194,146,6555.474634
86.10706,127,6562.123427
8.474261,31,6563.234316
83.290097,95,6567.141403
71.90105,91,6570.170431
3.709953,18,6570.875283
82.107948,94,6574.007776
69.326298,104,6577.4846
78.808576,113,6581.546365
89.167159,97,6584.983966
86.333562,115,6589.222134
89.020145,106,6595.45469
86.192235,94,6598.908486
80.65513,124,6603.689265
89.100931,133,6608.481424
82.978554,104,6611.739032
86.28503,135,6616.326306
10.717366,31,6617.53326
85.802651,123,6622.038823
76.514826,96,6627.242355
89.663553,91,6630.67367
60.182602,92,6634.14334
80.919832,137,6639.061906
8.239465,23,6639.875501
82.120077,100,6643.304612
82.868186,119,6647.647652
52.960574,97,6651.397885
13.019695,28,6652.509161
85.915278,122,6657.20224
20.421487,52,6661.244164
89.226548,105,6664.890916
89.252883,129,6669.463191
79.750204,109,6673.348567
86.054957,109,6677.557434
88.639783,134,6682.55589
89.670025,107,6686.768868
85.904085,106,6690.825869
83.455711,115,6697.096423
23.150331,46,6698.852535
-7.709035,5,6699.054625
36.027811,77,6702.049797
52.315032,102,6705.461558
10.766793,34,6706.493388
39.615356,68,6709.137011
62.400272,104,6712.939467
76.681049,117,6717.097599
14.608183,42,6718.562777
78.742467,116,6722.629927
81.54672,85,6725.909857
85.911967,96,6731.218401
-1.879886,14,6731.780346
85.714504,108,6735.476296
85.073969,103,6738.791349
22.950351,41,6740.160325
89.714731,118,6744.172909
-7.6,4,6744.416376
83.846171,132,6749.140298
89.222158,109,6753.15256
-0.54367,12,6753.626272
16.604042,38,6754.928914
89.493922,113,6758.867718
61.032615,75,6763.338322
18.125575,33,6764.725208
82.169013,99,6768.746503
86.162791,86,6771.910066
85.517908,100,6775.481503
89.293316,126,6780.399722
53.670711,92,6783.828989
-7.96,3,6784.013117
41.133541,65,6786.557368
88.755989,133,6791.285034
82.317534,90,6794.621256
80.094029,109,6800.32706
88.915921,102,6804.141409
85.943717,107,6807.732013
86.375522,151,6813.061977
8.322266,28,6814.284337
39.956321,81,6817.538547
61.051934,100,6821.413858
86.396025,128,6826.192153
-9.0,2,6826.313901
89.332103,122,6832.735869
85.984798,87,6835.770126
85.715026,106,6839.619173
9.77804,25,6840.552642
46.830556,89,6843.66493
89.286413,128,6847.731067
13.85378,30,6848.759863
85.896043,89,6851.659082
59.596899,87,6854.804582
88.774983,123,6858.910704
81.523284,110,6864.798975
14.623349,30,6865.931697
74.490771,113,6870.362088
7.463259,24,6871.232345
17.236327,31,6872.53415
87.022283,96,6875.809533
75.478618,97,6879.528148
89.186609,130,6884.235918
25.234006,53,6886.184932
18.605813,43,6887.81129
61.597571,78,6890.721205
82.889883,98,6894.541848
85.728183,92,6900.055535
81.496386,90,6904.277816
-1.66588,17,6905.324149
32.745731,59,6907.879663
82.786436,116,6912.190341
40.221009,58,6914.266805
21.525902,45,6915.981451
85.944063,114,6920.274529
85.760632,97,6924.546231
89.042176,130,6929.601376
82.47724,93,6935.450759
79.507437,99,6940.232718
-8.36,8,6940.64325
82.139658,83,6944.436925
59.234491,108,6950.479489
-8.793112,3,6950.683154
89.055936,137,6957.068389
63.996386,101,6962.120703
78.481176,90,6968.442108
69.212132,97,6973.065351
89.555783,103,6977.727395
79.363622,109,6982.440925
50.723905,87,6985.98714
40.72283,84,6990.308678
77.7974,121,6995.857191
86.297298,94,7002.100519
4.101882,32,7003.54705
-7.6,4,7003.766021
77.557107,118,7008.401364
88.795527,134,7013.347821
86.244461,100,7017.889339
86.093083,101,7022.167119
89.50667,93,7026.062622
42.365104,73,7029.437878
53.70073,94,7035.64577
13.588925,33,7037.195747
85.946534,124,7042.401649
83.224971,119,7047.211211
29.416659,60,7050.048957
14.930142,37,7051.599822
35.957922,52,7053.879538
85.959864,116,7059.358565
87.250151,109,7064.840643
89.035106,121,7069.848222
85.979347,120,7074.090183
83.905463,120,7078.505732
89.798749,105,7082.410702
85.951735,109,7086.753232
74.295398,79,7090.374837
86.087588,104,7094.65552
82.504688,115,7101.248295
89.265817,103,7105.224887
-8.0,3,7105.335013
81.438903,95,7108.909057
-1.262876,12,7109.518372
89.883642,93,7113.181317
89.132058,137,7118.255275
4.372711,19,7118.97711
86.027212,138,7124.977503
-2.525051,16,7125.563713
67.693498,92,7129.265512
47.339248,79,7134.126125
33.354309,60,7136.610198
83.022175,121,7141.223901
12.3009,28,7142.298495
89.692526,100,7145.681538
86.654353,106,7149.749055
20.698805,47,7151.42087
86.314947,118,7155.800344
89.294351,103,7159.718103
88.701655,140,7165.564258
82.763589,111,7171.421423
88.999589,104,7175.186499
-3.984359,13,7175.679146
7.42808,24,7176.687104
30.361807,64,7178.968566
2.402293,18,7179.740568
13.636197,26,7180.745744
86.757298,112,7184.946159
86.908685,98,7188.274523
-3.136773,8,7188.611553
49.686793,88,7192.074388
83.269673,105,7196.468052
85.896751,113,7202.831589
60.920892,108,7207.457216
25.662524,52,7210.028498
89.121608,130,7215.957246
89.733705,90,7219.40631
86.200276,97,7223.400751
85.622302,86,7226.581305
88.734521,127,7231.8928
89.368101,111,7238.023163
86.387848,96,7241.813073
85.89267,120,7247.130613
19.873702,36,7248.870214
85.912924,111,7253.4922
-3.974605,8,7253.864001
89.11547,135,7259.554
85.71971,139,7265.742498
86.075664,93,7271.568857
81.944303,101,7275.442836
59.9438,85,7279.29963
89.298668,130,7284.125893
21.740703,47,7285.86442
56.215188,86,7288.919061
82.202909,83,7291.971295
81.990281,106,7296.466367
80.091661,122,7301.478591
85.600889,117,7308.409902
85.331536,107,7313.016233
2.611423,14,7313.85886
37.923308,63,7316.64317
30.806631,50,7318.732817
76.157291,102,7322.760674
3.351654,17,7323.552569
75.892279,124,7328.401894
53.083653,87,7331.568689
80.579001,116,7337.673049
8.886122,31,7339.002386
47.806164,75,7342.035388
3.689754,19,7342.764636
28.197565,50,7344.60158
3.201819,16,7345.331957
2.544659,18,7346.096662
73.680614,97,7349.809715
54.657359,76,7352.685917
14.384694,32,7354.035692
73.016977,109,7358.158431
10.868262,28,7359.205841
-9.16,1,7359.298753
-0.043122,13,7359.936074
82.300916,88,7363.448662
83.035085,118,7367.768066
89.290189,98,7373.002491
86.107052,124,7378.435301
11.770666,26,7379.515902
83.329882,92,7383.324996
86.476642,114,7387.658262
36.986881,62,7390.006494
10.349085,41,7391.5396
86.184519,97,7395.599477
-11.958651,3,7395.695069
82.762635,132,7401.244676
1.045541,22,7402.217263
85.735152,107,7408.308923
36.474068,50,7410.20438
65.237336,114,7414.523343
83.233773,91,7417.925211
86.262283,116,7422.1947
5.416167,33,7423.466481
32.038524,59,7426.002264
83.330514,135,7431.440845
83.344978,107,7435.895263
76.546017,92,7441.551552
16.930178,44,7443.401875
35.190906,66,7446.20258
21.52932,36,7447.684356
20.276186,39,7449.300926
-8.150805,5,7449.615252
46.975304,75,7452.527801
3.933124,23,7453.444625
22.571942,52,7455.857458
78.472345,85,7459.425632
6.491787,26,7460.732874
83.328534,90,7464.108222
89.492954,137,7469.286041
85.78916,92,7475.095408
9.04121,28,7476.361839
-9.0514,2,7476.524786
82.949588,102,7480.628395
82.759356,109,7485.00724
79.001463,100,7489.168442
47.298687,77,7492.068315
21.321104,37,7493.436191
16.376116,36,7494.887553
-10.0,1,7494.948283
85.775196,115,7499.322303
16.111969,39,7500.902947
80.591133,90,7504.661284
80.272187,111,7510.683247
67.404249,121,7514.873342
44.667075,84,7518.322459
15.433935,59,7521.380487
83.290088,103,7525.687528
60.599177,113,7530.895103
4.435049,20,7531.859523
75.198396,84,7535.366851
71.554262,109,7541.174343
30.20807,54,7543.29645
85.282131,120,7548.13466
74.97728,93,7551.956706
-4.20323,7,7552.258155
81.237619,99,7556.330449
82.593085,115,7560.471986
89.448498,89,7564.115088
45.487601,67,7566.580184
12.612013,29,7567.730518
86.69149,117,7572.070834
81.966363,89,7576.912875
86.005697,131,7582.392411
86.030844,101,7586.169827
85.830003,114,7590.726056
85.603565,102,7594.647057
35.156881,58,7596.846302
85.85225,125,7601.434131
-4.264773,12,7601.976892
33.916583,57,7604.434372
20.965084,43,7606.179991
83.0747,105,7611.910246
88.991202,100,7615.705371
47.723169,77,7618.665008
38.07008,62,7621.331992
89.592165,114,7625.955141
87.086938,102,7629.975898
-6.689188,6,7630.302173
27.822098,52,7632.24328
56.97123,84,7635.635361
86.676402,126,7640.474144
85.098582,127,7646.834392
86.274725,103,7650.777311
82.347555,99,7654.502905
75.34171,88,7657.925142
85.583695,114,7662.209857
48.502335,85,7665.517567
40.396613,55,7667.686999
-10.0,1,7667.745665
81.468399,125,7672.396551
-9.172566,2,7672.533249
88.977708,110,7677.96639
14.985568,27,7678.917704
42.011248,68,7681.562742
27.977355,63,7683.821544
84.318078,99,7687.298608
88.806702,143,7692.657979
85.405102,110,7697.043664
86.026319,126,7701.653284
82.182257,88,7705.123722
76.049224,93,7710.383004
78.826369,94,7714.147648
83.173401,104,7718.257469
22.299901,54,7720.925125
86.75232,118,7725.453295
89.090373,109,7729.619277
85.806469,100,7733.647806
78.936694,97,7737.684999
-6.30811,5,7738.011586
85.688016,86,7741.959987
79.17728,127,7748.997097
83.315011,124,7754.164802
85.84567,106,7758.483129
13.672132,41,7760.301923
83.255474,95,7764.102396
-10.0,1,7764.26273
83.406075,110,7768.360051
89.415692,125,7773.347497
82.081988,109,7779.161847
77.51551,116,7783.971959
79.16476,100,7788.005884
82.599045,110,7792.206954
81.783842,87,7795.54638
69.716009,90,7799.061005
67.932592,89,7802.724775
12.78145,41,7804.296683
78.344722,100,7807.892911
80.615314,113,7813.977526
87.247727,115,7818.186933
89.122778,99,7821.637237
85.960936,117,7825.903236
28.095586,61,7828.161274
85.001651,118,7832.625291
85.360044,126,7837.04206
45.079985,85,7840.094378
89.023122,109,7844.174653
83.561833,122,7850.275653
87.29709,118,7854.726106
11.13762,37,7856.211021
35.329655,63,7858.626406
86.350198,119,7862.750689
89.213864,133,7867.431552
86.168585,128,7872.233132
54.963818,90,7875.248778
86.846246,120,7881.305851
85.498377,111,7885.693866
85.605573,86,7888.713373
7.809388,22,7889.554459
89.082647,106,7893.321985
85.672892,95,7896.907617
83.012432,108,7900.638036
58.91658,100,7904.158447
27.401093,52,7906.228862
88.819807,132,7911.09139
16.78041,40,7914.227832
83.264646,123,7918.760614
86.22738,147,7924.172539
36.402737,72,7926.778483
37.267375,66,7928.940187
8.806459,45,7930.664211
-0.358469,16,7931.24211
57.625055,75,7933.876062
1.082171,13,7934.360519
83.203975,117,7938.44079
12.568157,24,7939.28891
88.783696,136,7944.140945
86.284481,124,7950.493939
31.443315,65,7952.919516
82.442629,98,7956.298099
86.465857,109,7960.300293
21.310175,37,7961.493422
85.20723,132,7965.797453
86.175899,87,7968.709025
83.040513,96,7971.986539
79.966795,99,7975.221054
29.792371,42,7976.978169
88.811997,120,7983.190474
-8.173921,3,7983.441899
86.140536,108,7987.568043
85.866909,125,7992.277847
89.056426,120,7997.137824
86.624805,107,8001.378309
-7.110951,5,8001.593062
7.489966,19,8002.340748
32.203741,63,8004.597183
86.229926,135,8009.825081
86.574974,99,8013.629433
85.796928,121,8020.002793
-5.404234,8,8020.336852
82.66483,89,8023.643687
85.560756,94,8027.181656
82.865753,123,8031.484565
85.613762,92,8034.751913
23.432451,58,8036.948868
85.861789,92,8040.336474
89.767721,96,8043.742312
61.934197,117,8047.787996
88.9235,125,8054.826066
88.840336,120,8058.958369
85.531388,103,8062.481017
80.352474,132,8066.998607
86.059169,130,8071.402876
85.382723,90,8074.315246
83.198345,104,8077.923305
48.821578,62,8080.09496
89.075586,127,8086.891567
86.141623,128,8091.509855
80.130252,128,8096.090852
10.685282,24,8096.904541
17.808179,41,8098.615184
86.756993,107,8102.429343
86.808328,95,8105.644581
86.379741,90,8108.552602
88.972814,120,8112.971215
85.597794,107,8116.870742
89.421165,99,8122.344956
86.059185,136,8127.155999
2.276909,19,8127.961299
86.388576,89,8131.391671
24.583789,41,8132.959594
89.169523,91,8135.825373
85.888035,112,8139.788512
54.366709,102,8143.574142
66.256205,102,8147.050962
89.083446,138,8154.105582
66.940518,80,8157.100467
82.76543,106,8160.662271
85.820169,103,8164.098751
82.58563,126,8168.646307
88.870324,107,8172.205782
86.168221,107,8176.043394
85.903278,106,8179.909465
79.665189,116,8184.257699
9.903963,30,8187.512876
27.016041,48,8189.265157
84.885584,123,8193.449707
10.616068,22,8194.170753
2.301724,17,8194.962419
81.687899,85,8197.824902
8.55281,38,8199.031746
86.064304,116,8203.008921
1.668473,13,8203.646379
55.148635,99,8207.160522
81.247236,120,8211.196534
14.757958,44,8212.702514
76.431148,108,8216.578092
88.994185,119,8222.663685
54.358282,92,8225.988543
36.291546,89,8229.09781
81.711315,86,8232.243733
84.912575,130,8236.817501
85.983853,100,8240.507748
5.661864,22,8241.36455
-8.774052,3,8241.575114
23.834149,41,8242.978428
86.28332,123,8247.563387
-0.184371,13,8248.053848
83.223421,111,8252.3839
89.46555,110,8258.248154
79.567502,92,8261.394311
12.664637,27,8262.345825
86.507376,98,8265.532844
89.335467,108,8269.345213
86.264662,114,8273.640035
-4.57481,10,8274.027719
16.018136,37,8275.406277
1.674187,17,8276.076844
85.572769,95,8279.773963
86.531911,114,8283.875556
85.768908,118,8290.310497
-4.0,7,8290.519053
88.8795,132,8295.737906
85.698599,110,8299.75695
78.450377,112,8303.856976
86.138945,103,8307.429394
89.239283,103,8311.086239
74.096269,104,8314.864604
6.731136,25,8315.934035
86.194137,127,8320.649357
61.366569,106,8326.614365
79.208541,98,8330.178878
82.422083,131,8334.688702
83.165594,99,8338.15732
89.430685,123,8342.558847
89.556737,103,8346.247324
11.083184,38,8348.037668
15.084004,42,8349.488391
22.917338,53,8351.414958
-3.216821,11,8351.820071
-7.389976,13,8352.527382
76.437555,100,8357.954888
28.084644,73,8360.739313
88.664414,135,8365.737522
86.195127,129,8370.383375
-10.0,1,8370.458705
24.770756,56,8372.56908
87.057234,91,8375.93826
83.387406,126,8380.388167
13.411647,36,8381.825668
85.231114,120,8386.32626
-9.32,2,8386.472044
12.607069,36,8387.903429
85.517644,89,8393.000951
90.123596,89,8395.944621
-7.96,3,8396.146724
88.916854,126,8400.693239
89.940317,92,8403.843875
7.77976,31,8405.152379
82.534807,89,8408.402297
33.531922,71,8411.029776
85.650353,146,8416.325898
78.231986,80,8419.208985
83.953705,126,8425.940508
9.152095,37,8427.553709
84.264159,116,8431.713294
29.088407,48,8433.347351
82.361086,102,8436.777157
29.463071,50,8438.617595
85.949701,113,8442.716804
85.569318,91,8446.03682
82.941549,111,8449.906594
0.665209,13,8450.472498
86.036872,94,8453.892098
20.680648,47,8455.592269
-8.06394,3,8455.759254
86.233697,104,8461.390114
89.124109,89,8464.490319
61.164878,87,8467.669647
81.775086,91,8471.13754
89.115666,146,8476.223597
84.262162,119,8480.166171
50.740948,71,8482.754975
82.278332,104,8486.552343
85.14256,127,8491.1723
90.123596,89,8495.829264
82.147119,119,8499.856787
89.589707,94,8503.36243
-2.384286,16,8504.008959
56.975735,100,8507.504108
37.900463,63,8509.682062
85.808605,131,8514.357023
39.296823,68,8516.963311
79.92162,121,8521.087875
86.0208,92,8524.412224
86.211198,119,8530.615376
76.979878,116,8535.077554
82.954646,129,8539.613826
83.318729,104,8543.278423
79.342544,100,8546.908484
84.062171,164,8552.643863
12.766328,30,8553.777597
12.456677,33,8555.002187
43.470309,57,8557.22126
89.025058,101,8562.854483
83.208235,143,8567.865663
83.091928,103,8571.5136
4.568603,22,8572.279724
89.504238,96,8575.769094
86.866769,108,8579.560768
26.423434,41,8581.014072
88.968729,122,8585.472968
63.312198,79,8588.31444
86.685406,135,8593.028306
89.175632,93,8598.098445
89.127742,95,8601.350167
88.987432,113,8605.608251
82.023834,86,8608.6207
89.532873,100,8612.155019
46.483499,79,8614.761538
46.017767,77,8617.381284
32.11625,63,8619.82292
71.631495,119,8624.079667
85.852065,102,8627.80413
86.058232,106,8633.296969
81.762731,86,8636.624455
37.59147,76,8639.221154
89.337507,122,8643.419438
89.4692,107,8647.328229
89.474077,100,8650.874206
63.782643,91,8654.172347
88.847803,141,8659.363839
-7.143503,5,8659.659023
85.924419,115,8665.746128
15.0,26,8666.591699
23.699559,49,8668.588237
85.334673,88,8671.847359
3.465844,23,8672.746658
85.99036,93,8676.284125
83.191043,107,8679.717826
53.848152,83,8682.939834
72.246607,88,8685.984964
89.871486,99,8689.526051
89.261344,107,8693.333385
54.92395,104,8698.75707
71.579214,123,8703.097181
81.799562,108,8707.104895
82.376137,95,8710.450215
14.801668,32,8711.692528
89.143665,117,8716.004887
35.667457,49,8717.769095
-8.48,2,8717.880026
63.204014,96,8721.430678
70.026412,76,8724.18483
77.107237,113,8728.248046
88.767946,126,8734.582477
58.861706,81,8737.575662
-9.32,2,8737.736012
67.098549,90,8740.786025
12.232921,40,8742.381323
89.16514,117,8746.711026
10.110851,26,8747.796339
65.523559,96,8751.149692
89.14574,109,8755.150394
83.171509,118,8759.268571
12.589748,25,8760.117165
83.08175,112,8766.029759
7.112707,23,8766.837082
82.108973,121,8771.072303
-7.636793,16,8771.7003
33.024885,48,8773.448633
12.034292,26,8774.538182
85.396646,94,8777.756913
88.753387,131,8782.280056
86.703208,140,8787.380712
17.067051,47,8789.159359
85.93681,112,8793.034691
88.754695,125,8797.280849
77.658773,82,8802.126072
78.790374,114,8805.901098
79.366883,100,8809.61723
86.427363,126,8813.789839
86.028095,88,8817.028117
83.287645,110,8820.916422
86.25741,145,8826.192054
46.914788,87,8829.207604
-9.32,2,8829.29943
35.734273,57,8831.237919
24.107667,48,8834.738325
79.394968,125,8839.199484
79.479401,97,8842.43431
3.796705,15,8842.952076
82.808911,113,8847.081117
79.656288,101,8850.480666
86.319712,136,8855.248651
89.515493,115,8859.490966
61.958224,119,8864.278093
82.783795,104,8870.049155
88.831956,120,8874.594612
1.19944,21,8875.363657
1.869074,18,8876.058684
82.80624,102,8880.243312
82.743732,132,8885.509854
82.144326,100,8889.368893
84.115982,120,8893.927586
85.953655,120,8898.219465
19.080392,32,8899.412361
89.191397,99,8905.108313
89.55439,100,8908.76233
5.707604,30,8909.869802
89.856855,96,8913.474244
89.501546,98,8917.035961
39.292631,68,8919.882476
88.844608,116,8924.186904
-0.201071,14,8924.715297
82.495812,116,8929.132481
85.454734,91,8932.545943
79.545507,104,8938.303085
85.891778,120,8942.889879
13.734599,42,8944.560148
81.887496,87,8947.887674
82.039637,83,8950.774303
85.787013,89,8953.957109
-6.841948,5,8954.164845
83.974006,98,8957.671671
82.355837,104,8961.637545
88.767129,121,8965.862487
81.949902,88,8970.904749
-8.993168,6,8971.259596
89.138123,106,8975.144598
1.080049,18,8975.831291
39.868411,61,8978.07364
4.941483,31,8979.359892
86.427953,111,8983.096298
89.265879,129,8987.615118
55.585331,86,8990.623665
81.957436,99,8994.113151
86.284346,91,8997.116206
86.399902,103,9000.806059
82.61675,111,9006.577434
86.686692,106,9010.585305
89.219586,96,9013.872391
89.240622,107,9017.643423
89.008831,111,9021.523284
86.88294,107,9025.613626
-2.516445,13,9026.06387
86.78146,111,9030.297426
3.285062,24,9031.136767
84.862445,111,9034.913688
5.241925,26,9035.949623
-5.0,6,9036.227178
86.076833,120,9042.564106
88.493538,145,9047.703228
85.911938,98,9051.192327
83.502096,107,9055.060582
30.590606,50,9057.071391
-8.388571,7,9057.396516
78.907194,89,9060.694046
55.231016,86,9063.764443
55.155161,89,9066.909864
-7.112226,4,9067.186792
88.844697,119,9073.516893
86.158248,97,9076.890135
85.407689,101,9080.484997
89.162152,105,9084.301197
89.19345,100,9087.919129
25.738049,48,9089.593798
75.766542,101,9093.375055
17.563023,38,9094.972657
55.62986,102,9098.515052
60.520161,84,9101.645115
85.53312,119,9107.938796
16.841244,43,9109.53883
89.412185,91,9112.654062
45.385725,57,9114.530699
85.831956,113,9118.601167
86.728999,132,9123.351794
82.990151,116,9127.582628
89.303977,94,9131.068974
88.552779,89,9134.343799
17.334074,40,9135.929816
89.427184,114,9141.717199
89.641004,112,9145.590737
86.316602,109,9149.334086
32.490671,49,9151.090586
35.160256,67,9153.325597
88.924027,126,9157.546341
43.510745,84,9160.810399
62.523558,114,9164.78268
88.943837,126,9169.513435
89.153329,103,9174.900767
21.211816,37,9176.255117
89.510183,143,9181.847779
78.533848,82,9184.459359
8.030548,25,9185.372327
89.230647,103,9188.918255
88.653358,129,9193.449059
85.595197,123,9197.744204
80.481785,94,9201.241636
86.012483,94,9204.607001
88.888875,136,9211.204087
83.563849,109,9215.289722
4.082815,19,9216.056125
61.768013,105,9219.981917
88.678687,145,9225.329281
66.65014,101,9228.723971
88.970283,122,9233.048691
27.944238,57,9235.410734
6.846949,24,9236.316648
82.374147,98,9239.824668
76.022954,104,9245.379471
86.327055,118,9249.778289
89.357598,131,9254.194985
37.237341,73,9256.668768
89.032686,134,9261.459903
-9.567546,3,9261.663
1.896924,25,9262.736727
25.492314,51,9264.552315
85.597819,127,9268.938269
41.977182,65,9271.180944
89.246516,113,9277.068744
82.716244,125,9282.076853
18.302934,41,9283.70595
0.952085,20,9284.470211
88.836353,126,9289.176083
60.373263,77,9292.248137
63.880631,97,9295.528776
33.493987,54,9297.453696
77.199377,98,9300.997094
3.092203,17,9301.601181
86.561723,100,9305.285644
78.435705,94,9308.829232
79.476195,107,9314.619757
38.614572,84,9317.691844
88.980513,130,9322.075614
-1.853834,10,9322.421774
88.973692,131,9326.944218
86.594362,138,9331.618208
85.557185,154,9336.912089
3.460734,35,9338.25499
89.718344,110,9342.157199
30.802625,57,9346.054892
89.273118,118,9350.662492
9.422065,21,9351.42824
82.529372,98,9355.114453
90.123596,89,9357.985923
65.222315,117,9361.798593
-6.901799,5,9362.014422
80.472134,109,9365.933341
8.906829,21,9366.595811
85.861983,118,9370.757045
4.143251,25,9371.874002
86.234031,101,9375.560331
46.625449,85,9380.767359
11.503358,24,9381.68409
0.479549,12,9382.248217
81.706439,104,9386.306533
80.247541,120,9390.099586
82.354968,93,9393.297775
83.414387,119,9397.270181
89.230815,130,9402.218829
86.13968,100,9405.731436
89.327281,115,9409.917174
85.572375,127,9416.529871
82.843234,125,9421.18059
10.841189,34,9422.331983
45.997333,68,9424.761686
79.850618,119,9428.737787
33.910327,66,9431.114614
58.492534,89,9434.360734
79.576832,105,9438.294987
80.730124,123,9442.515807
78.938964,126,9449.121736
86.576871,98,9452.726071
42.861391,71,9455.103286
89.373683,110,9458.924255
9.264458,32,9460.088501
82.766415,91,9463.016698
89.28022,108,9466.786927
16.423607,32,9468.022964
13.66655,38,9469.477253
7.224134,25,9470.316763
83.693916,116,9474.263187
55.673356,95,9477.515795
59.933101,77,9482.313795
-1.60503,11,9482.750576
86.421129,119,9487.048326
86.072371,100,9490.616095
85.9818,98,9493.916523
-8.0,3,9494.062571
83.415827,122,9498.291825
85.698621,112,9502.233963
79.647905,118,9506.716518
89.223152,124,9511.377039
79.664439,134,9518.524525
27.000787,63,9520.869975
87.062833,105,9524.915695
88.62619,132,9529.493277
83.029352,131,9534.40782
-10.0,1,9534.47215
89.043158,141,9539.570571
89.909233,96,9542.961075
86.014579,98,9546.752427
57.466223,84,9552.025025
42.326742,85,9555.099784
62.239594,84,9558.338984
89.304494,111,9562.086075
85.674599,104,9565.58683
86.160572,129,9570.37748
54.394649,90,9573.457281
86.534655,108,9577.330606
89.458669,107,9581.458335
49.065581,80,9586.70193
69.732756,133,9591.547516
86.73811,126,9595.817652
29.338493,50,9597.682534
61.964934,100,9601.614705
12.557329,30,9602.598868
76.858577,117,9606.677814
3.027936,22,9607.427449
84.765799,119,9611.768386
87.097914,119,9616.0186
85.670926,91,9621.135332
88.739758,127,9625.99988
86.371798,113,9630.301397
89.361366,120,9634.818571
83.011955,96,9638.194904
26.261461,53,9640.025483
77.986348,93,9643.614741
2.188079,17,9644.279353
86.065849,123,9648.670142
89.207223,117,9654.873985
13.902293,35,9656.162035
86.750962,110,9659.87013
20.313312,46,9661.545656
86.206938,111,9665.470357
86.599813,107,9669.14482
81.759346,100,9672.929205
20.206941,40,9674.278938
28.450624,51,9676.280303
83.607208,127,9681.176782
83.869807,97,9686.6613
85.263647,92,9689.994915
89.12616,140,9695.188367
32.023204,56,9697.170719
89.206974,109,9701.157642
82.391026,119,9705.650429
47.887339,84,9708.486483
89.154524,113,9712.539436
16.3274,30,9713.70853
0.495423,13,9714.131064
41.89197,66,9716.326405
86.228811,108,9721.858173
85.783466,131,9726.266001
89.725757,99,9729.576964
89.492718,94,9732.823669
83.347466,102,9736.537045
82.379233,126,9740.799128
85.009271,135,9745.331892
43.73773,91,9748.503155
89.06102,105,9752.040239
18.084758,34,9755.238055
-1.014079,12,9755.68778
86.117197,133,9760.366574
64.905021,92,9763.68885
38.825327,57,9765.751802
82.14585,97,9769.470353
60.253271,89,9772.379435
72.875057,89,9775.50534
64.370855,119,9779.781333
89.006252,130,9784.31048
6.139005,25,9785.296546
89.448731,101,9790.833444
85.847697,126,9795.147785
18.656092,43,9796.740656
86.303132,128,9801.273014
46.283343,79,9804.055975
11.807043,41,9805.637341
79.316912,97,9808.909934
64.309163,90,9812.06178
40.15608,59,9814.265707
89.325714,111,9817.956607
88.835573,124,9823.846928
82.060775,118,9828.15823
17.412102,34,9829.402594
77.43475,129,9834.151727
89.320963,120,9838.48859
88.92106,112,9842.319926
86.256126,136,9847.036321
22.676172,43,9848.49869
86.588202,112,9852.602953
-6.703791,6,9852.915408
88.780368,127,9859.504048
82.948315,113,9863.495749
86.229402,101,9867.333012
85.800675,120,9871.547098
86.574097,111,9875.438803
86.310319,122,9879.545542
42.977355,65,9881.876147
85.535508,94,9885.373263
34.787034,61,9887.60066
80.310296,101,9893.19927
85.585054,134,9898.009359
56.938631,80,9900.947761
82.874089,115,9905.430836
74.754421,83,9908.582262
81.840121,87,9911.549165
76.444125,116,9915.921379
79.766695,104,9919.756922
67.592477,99,9925.041788
82.028378,96,9928.311867
65.157031,125,9933.042982
89.368542,122,9937.373066
82.914308,110,9941.315697
78.131736,88,9944.526742
10.317584,31,9945.750402
67.613084,81,9948.625304
1.807355,19,9949.287436
79.368282,119,9953.605622
89.522576,92,9956.782353
81.84623,83,9961.740844
79.687706,114,9965.647903
81.668213,90,9968.593336
79.834351,117,9972.676805
5.358706,28,9973.791311
83.155626,125,9978.378932
71.14209,95,9981.90836
37.116986,71,9984.398721
86.223391,90,9987.779502
38.483414,66,9990.271893
8.791654,31,9993.193183
55.427769,107,9996.819969
89.227046,110,10000.655474
82.559208,99,10004.229664
26.338352,48,10005.903902
50.001301,77,10008.783309
88.810745,118,10012.942854
78.997776,121,10017.252599
59.716671,97,10020.710767
15.534306,28,10021.753894
85.646643,103,10027.113976
40.23139,69,10029.579744
89.013043,129,10033.979354
-7.965986,6,10034.202334
27.018317,46,10035.937058
89.185967,133,10040.441592
31.279875,67,10042.591972
82.948031,112,10046.475953
86.51919,104,10050.163795
44.834655,79,10052.801084
78.615645,99,10056.147413
82.21561,104,10061.921991
33.521759,69,10064.364294
85.736199,128,10069.017115
86.307625,128,10073.542689
9.571028,31,10074.62465
64.542635,101,10078.291059
14.445384,30,10079.372712
89.278565,126,10083.890549
26.430273,51,10085.595836
-7.639913,6,10085.949549
88.923345,131,10090.425235
60.943693,103,10095.778748
89.133154,119,10099.80861
85.984036,111,10103.823598
85.905463,129,10108.565515
83.419037,107,10112.277197
82.825804,116,10116.397186
56.618479,101,10120.034016
85.331103,114,10123.821631
89.034686,101,10129.382247
80.753791,116,10133.566159
-9.602287,5,10133.818073
85.769304,113,10137.695849
85.663949,113,10141.857774
89.064175,96,10145.192648
85.718494,105,10148.834641
86.143958,97,10152.378026
-11.3536,2,10152.525005
86.507516,109,10156.418695
83.057361,126,10160.959576
89.006589,126,10167.121155
67.317043,97,10170.425582
-6.503543,8,10170.731123
81.206058,127,10175.391492
0.33021,17,10176.012193
3.455594,19,10176.677595
55.860787,79,10179.59158
-7.241919,5,10179.894801
86.422081,138,10184.509684
58.692011,96,10187.981187
16.190512,31,10189.20964
89.386286,91,10192.293976
81.76541,84,10195.348064
85.683103,96,10200.927894
78.669954,102,10204.352859
-5.435332,7,10204.725309
89.302989,114,10208.812812
89.195221,130,10213.429794
89.117463,129,10218.056125
89.059788,128,10222.882007
83.555852,123,10227.404453
85.748664,107,10233.316803
88.782696,122,10237.544799
82.587798,106,10241.204701
89.123596,89,10244.168231
82.249247,90,10247.618296
83.266376,127,10251.791477
-7.810233,8,10252.166396
82.588242,104,10255.969372
86.872116,128,10260.545942
-2.270795,12,10260.979907
73.178172,109,10267.036483
34.062305,72,10269.523519
19.507791,47,10271.316481
2.930458,32,10272.587428
82.426807,98,10276.366025
82.392602,112,10280.653345
4.894968,24,10281.614617
88.968252,119,10285.870633
80.298257,113,10290.171917
0.856199,19,10290.91272
59.364248,106,10294.846494
80.19843,102,10300.241656
10.869506,32,10301.600592
17.95776,29,10302.726548
51.551453,92,10305.900803
89.918575,108,10309.904093
-8.0,3,10310.166695
12.257802,47,10311.794117
71.533046,95,10315.221292
-0.749401,15,10315.782096
89.373675,112,10319.825518
57.379258,73,10322.636851
7.505737,23,10323.455914
44.04283,74,10325.946642
-10.0,1,10326.131465
51.986745,98,10329.668865
85.876936,96,10334.859809
85.665772,114,10338.871446
83.294399,115,10343.053039
89.083419,140,10347.945641
86.03515,118,10352.08022
88.737532,124,10356.2306
44.011984,58,10358.325696
86.129294,102,10361.954358
75.07192,123,10368.198621
82.989918,105,10371.69622
-2.385788,10,10372.138
89.24776,124,10376.281269
89.322078,98,10379.703494
82.432632,102,10383.093509
88.938063,133,10387.981094
71.929807,127,10392.280314
-8.8,3,10392.427255
-6.128126,7,10392.788499
82.26616,92,10396.041402
85.643561,117,10400.098052
28.349031,40,10403.392136
-5.16851,8,10403.721984
64.680376,102,10407.467327
68.2848,102,10411.050229
79.950758,118,10415.190389
89.541785,99,10418.55709
42.982193,69,10421.170984
88.986387,105,10424.718647
34.964852,59,10426.772148
83.063981,97,10429.987472
29.796667,53,10432.090479
85.866524,98,10437.308005
-4.576158,12,10437.73878
22.961632,41,10439.013842
86.158624,128,10443.623949
89.181173,119,10447.826535
78.910086,90,10451.136037
73.283417,127,10455.586525
82.728535,104,10459.354793
48.423682,87,10462.633804
89.305428,121,10466.798117
6.785789,31,10467.89747
82.815169,117,10473.771115
89.094659,143,10478.80156
85.566338,115,10482.930472
42.288131,67,10485.193451
-0.791297,21,10486.044234
86.134435,86,10488.85275
70.56145,107,10492.745667
81.740514,115,10496.773487
75.092239,133,10501.604786
87.095796,89,10506.672874
37.901566,75,10509.409196
-4.845968,7,10509.649709
35.137275,73,10512.517987
76.006912,100,10515.894197
86.061529,114,10519.665112
82.119003,94,10522.971917
89.639784,104,10526.652967
84.654883,87,10530.034958
86.549522,94,10533.569783
85.628195,106,10539.061869
89.242372,100,10542.961883
61.036547,87,10545.938163
21.093422,37,10547.248746
79.361313,104,10550.566406
67.605057,76,10553.36592
79.615207,99,10556.892908
90.079614,89,10559.907361
80.685422,103,10563.55883
14.063821,37,10564.882076
75.835154,102,10568.697209
89.178454,99,10574.01973
-4.731365,9,10574.39903
83.640924,104,10578.421859
86.275161,105,10582.062678
33.146481,58,10584.114669
34.075409,61,10586.255368
82.688232,126,10590.84941
83.966008,107,10594.662577
72.557528,86,10597.684579
19.058184,47,10599.360496
21.330122,60,10601.611434
35.168987,65,10604.206325
83.694696,94,10609.578501
-0.695675,13,10610.047779
63.988219,74,10613.107925
54.442726,93,10616.427372
42.975797,83,10619.463332
-6.015686,5,10619.664829
59.809272,76,10622.364461
25.333983,46,10624.143646
79.73818,95,10627.312551
59.261155,69,10629.827659
-11.2728,2,10630.01022
82.319204,105,10633.618045
86.800868,117,10637.716329
82.04657,103,10643.358926
-5.316579,12,10644.121057
85.28823,108,10648.012653
1.409213,15,10648.637922
11.015418,26,10649.649298
83.33732,124,10653.827512
26.215799,50,10655.496655
83.800493,98,10658.930754
9.741793,24,10659.92047
47.299565,76,10662.852307
89.179171,124,10667.430924
39.178976,53,10669.33251
85.554699,99,10672.750791
89.115997,129,10679.679175
89.670851,94,10683.130122
17.024863,40,10684.710224
45.360059,75,10687.264046
53.267191,83,10690.227988
86.216515,127,10694.978869
89.160652,143,10700.138901
85.537392,120,10704.406122
89.014837,132,10711.027317
10.141407,38,10712.619927
42.672362,82,10715.723098
88.969564,137,10720.831984
85.573932,89,10723.75168
83.41878,116,10728.434781
82.654654,107,10732.367451
-0.914175,12,10732.758297
34.077541,64,10735.061215
1.049905,23,10735.804988
85.566553,107,10739.841289
70.524385,104,10745.994046
85.843707,107,10749.992202
86.162791,86,10752.950386
89.98315,94,10756.134756
34.107093,52,10757.951417
80.068284,111,10761.859446
82.680855,116,10766.249298
85.898716,103,10770.564019
23.425031,36,10771.949532
87.327335,109,10778.000642
88.946773,118,10782.530679
85.442414,137,10787.88264
86.413108,98,10791.253509
82.51636,87,10794.716586
18.075776,35,10796.050275
56.24093,106,10799.928132
9.427553,23,10800.810211
88.914017,119,10805.306274
83.388276,99,10808.75839
88.848792,119,10815.015709
32.647355,66,10817.33569
82.990454,116,10821.200333
83.069499,117,10824.876125
80.265791,109,10828.50748
89.261267,106,10832.12124
19.480458,38,10833.5466
78.051313,88,10836.666
79.015699,98,10840.030641
-3.970934,10,10840.404173
83.405253,114,10846.559523
-3.59678,8,10846.900868
85.705294,94,10850.290359
85.901757,105,10854.151795
36.932716,68,10856.869543
85.979871,119,10862.116439
81.496204,91,10865.562626
73.630601,118,10870.360218
57.032907,86,10874.215659
12.270074,25,10875.27072
86.072459,114,10881.84668
89.411282,101,10886.34461
82.94408,116,10891.007982
85.677444,126,10896.016149
86.076499,106,10900.023142
84.049923,116,10904.600047
14.654115,35,10906.210231
89.441918,113,10910.739191
89.628227,89,10916.267967
17.189617,36,10917.948658
64.848722,115,10922.593104
-2.229045,9,10922.915412
27.468224,51,10924.853494
88.686884,131,10929.695183
83.804979,117,10933.993681
-7.722194,6,10934.247939
14.016179,46,10936.01588
85.687622,111,10939.915074
85.939696,106,10944.28416
79.786448,116,10950.9102
40.568335,59,10953.025124
74.729276,90,10956.20415
79.222003,102,10959.910558
39.382023,64,10962.13235
85.92467,119,10966.231007
82.401558,97,10969.647026
43.345565,77,10972.23965
85.917985,127,10976.669131
-6.0,5,10976.905628
55.749929,100,10980.501476
27.243097,56,10984.524109
83.009055,128,10988.946599
78.954313,93,10992.188387
20.409511,35,10993.461048
39.236319,85,10996.594357
86.161493,101,11000.017033
48.832796,67,11002.338101
86.001202,96,11006.044099
86.088266,116,11010.624771
79.593493,110,11014.847299
3.993748,20,11017.451278
62.641076,77,11020.006981
60.867075,85,11022.761176
86.817426,93,11026.125964
82.510125,129,11031.018548
86.336757,129,11035.6299
50.215227,62,11037.886568
85.628316,101,11041.539055
89.725277,107,11045.391052
13.61171,33,11046.789922
67.00547,93,11051.999363
86.405983,110,11055.787421
84.167133,108,11059.997475
21.696204,39,11061.541476
-9.0,2,11061.761591
-1.791884,14,11062.276736
85.299332,90,11065.516024
82.015506,84,11068.325942
89.049627,140,11073.293463
86.588832,109,11077.08104
19.515225,40,11078.579985
79.645175,104,11085.26796
76.707134,108,11089.434648
83.883994,97,11093.361406
89.148304,129,11098.339948
24.199416,52,11100.233153
2.986299,26,11101.319914
59.097513,87,11104.641557
18.879524,39,11106.158507
88.812153,110,11110.365497
82.075418,118,11114.795202
20.654326,36,11116.203268
57.338597,82,11120.996347
86.261801,94,11124.610671
88.734785,140,11129.864075
87.91736,131,11134.579383
88.900942,133,11139.270295
37.318349,67,11141.617575
60.676907,92,11144.803673
85.294257,103,11148.401763
82.862886,119,11154.412752
81.467238,123,11158.963607
14.427584,44,11160.667624
86.396137,105,11164.466723
58.450123,101,11168.05905
78.467797,109,11172.2663
32.563346,54,11174.443903
86.212511,96,11177.83043
82.845992,120,11182.020417
7.987677,31,11183.263838
78.15752,88,11188.485143
68.593087,110,11192.914301
79.5321,120,11197.235829
85.635696,119,11201.585791
17.436301,34,11202.938163
82.160128,120,11207.112307
86.711799,124,11211.668088
35.117579,48,11213.40296
3.674429,28,11214.625545
3.548729,16,11215.222466
11.236856,40,11216.694957
86.272805,105,11222.343551
85.777486,102,11226.302837
24.871742,46,11227.902071
82.352997,94,11231.6488
26.085828,64,11234.183314
28.908469,64,11236.634774
88.942018,110,11240.573869
7.235758,23,11241.404605
88.98242,143,11246.578278
-0.073356,18,11247.3176
86.159603,86,11250.56047
79.055239,89,11255.715224
31.141104,53,11257.70658
85.356507,91,11261.504496
6.573112,29,11262.623373
89.432072,93,11266.029497
88.768719,119,11270.480403
83.334909,118,11275.419382
25.814602,52,11277.447613
4.36166,21,11278.356178
81.677105,116,11282.783363
79.392268,108,11286.957528
89.330736,114,11293.103593
23.138075,47,11294.840647
77.247291,85,11298.358992
89.245107,104,11302.348531
86.247748,100,11306.215942
3.401317,15,11306.89622
57.617528,82,11310.097811
85.974762,86,11313.300093
43.99894,61,11315.557409
2.025542,15,11316.088353
81.10174,110,11321.243848
77.223016,123,11327.801644
88.794706,134,11332.656407
27.304188,39,11334.294896
72.401702,101,11337.722164
84.085493,117,11341.880939
78.660731,98,11345.340572
68.912569,100,11348.667784
-1.5978,10,11349.062078
83.946969,109,11352.842857
78.703077,87,11355.895931
22.448977,36,11358.958382
85.621417,99,11362.377282
86.478633,106,11366.171331
88.743305,137,11370.886845
54.641638,88,11373.850863
-4.009779,11,11374.276415
30.961315,75,11376.864698
81.362416,96,11380.136316
81.826737,83,11382.95873
74.698757,133,11387.19702
77.97862,103,11392.719494
75.319217,98,11396.281141
2.459455,17,11396.837946
23.422538,46,11398.407425
62.807247,83,11401.156479
-8.32,7,11401.422862
83.445019,114,11404.914128
6.947824,18,11405.57482
89.006792,112,11409.475304
37.187682,50,11410.980833
86.181939,98,11414.358447
89.291726,101,11417.903611
82.769901,107,11421.895693
89.266152,115,11428.135324
43.202176,63,11430.585713
85.327285,93,11434.905963
56.245602,100,11439.209115
85.600637,103,11443.231712
85.136405,136,11448.66569
-6.248805,10,11449.15942
73.8409,80,11452.326595
80.303094,105,11456.655792
47.45642,81,11461.325726
82.329642,90,11465.126138
32.529896,63,11467.605415
-8.150423,10,11468.052202
71.692972,98,11471.757069
71.336143,104,11475.762046
7.546788,19,11476.525163
81.097121,97,11480.070664
89.857423,98,11483.613825
89.409751,102,11487.622791
82.788885,114,11491.748925
80.112374,96,11496.150341
82.701805,101,11498.017267
85.356163,91,11499.655121
39.44704,75,11501.05739
42.434197,85,11502.492412
42.350816,59,11503.613707
67.725343,129,11505.942089
56.715743,81,11507.419873
81.3888,118,11511.23714
83.188137,127,11515.638143
80.834519,109,11519.643907
82.77727,97,11523.350639
89.271314,104,11529.139449
82.381117,92,11532.660991
83.786797,131,11537.261924
81.075338,110,11541.110452
79.472653,100,11544.431718
85.629598,87,11547.676185
89.208962,113,11552.1394
83.274648,118,11556.46541
85.370692,106,11560.289257
85.782122,114,11566.346627
86.029962,104,11570.076849
27.122742,51,11572.096067
79.21566,117,11576.067209
19.17303,36,11577.388463
89.398673,110,11581.378414
79.017307,89,11584.732176
89.036915,131,11589.391526
20.722664,49,11591.39194
13.377739,37,11592.745767
83.231834,99,11598.312722
-5.672859,13,11598.882371
81.391487,112,11602.781936
85.955532,105,11606.35945
29.980981,49,11608.2455
20.839738,40,11609.711895
85.109342,97,11612.98753
75.267922,102,11616.444801
74.332537,82,11619.597578
89.05054,104,11622.879941
81.962084,96,11626.015373
76.34443,87,11628.879768
78.157206,92,11633.898311
27.213174,50,11635.673082
10.104272,23,11636.506503
85.806968,136,11640.948016
86.135791,107,11644.609977
58.70324,76,11647.033017
5.286672,20,11647.7727
82.770518,100,11650.856382
3.839383,20,11651.622849
78.210068,94,11654.623327
38.189891,76,11657.061419
62.945417,85,11659.766146
89.144305,134,11666.068648
75.832081,98,11669.252413
29.119472,61,11671.186795
90.123596,89,11674.142922
86.162527,86,11677.09648
-6.416517,5,11677.308988
89.358482,125,11681.531401
85.702945,130,11685.607793
85.869708,98,11688.970484
44.627993,76,11691.491277
38.4505,58,11693.311341
85.703801,86,11696.193243
3.0,14,11696.738399
85.503584,92,11701.701838
80.48446,125,11705.760266
89.563365,109,11709.544804
1.474377,21,11710.353425
3.671788,16,11710.93425
82.977451,119,11714.832906
77.540031,133,11719.074701
85.521969,95,11722.370069
85.148137,105,11726.143322
80.431845,120,11729.862314
0.348764,15,11730.490382
83.392992,102,11735.911695
-3.332905,9,11736.227496
88.905221,106,11740.346469
89.400968,116,11744.600003
86.196438,119,11748.774022
60.232653,98,11752.179136
83.919484,114,11756.164318
73.68751,103,11759.788205
34.979975,50,11761.547227
29.346894,65,11763.808429
81.714481,138,11770.597493
87.478221,96,11774.623299
75.879472,90,11778.055369
73.737101,112,11782.27944
46.889013,78,11785.469442
-8.8,3,11785.579735
51.091365,91,11789.454113
83.903457,105,11793.637599
89.816233,102,11797.622413
74.304512,89,11802.822835
79.000765,101,11806.560092
89.015872,121,11811.009983
39.369585,73,11813.635149
75.385176,100,11817.354945
10.217911,34,11818.755424
62.287656,88,11822.311371
23.877426,45,11824.214003
34.634117,68,11826.972008
77.676508,80,11830.115635
0.04086,14,11830.612702
86.446311,110,11836.726712
15.348251,30,11838.02044
56.67897,93,11841.702857
63.360671,94,11845.316983
48.830872,74,11847.883223
67.490353,130,11852.144138
82.190866,124,11856.768337
73.372313,113,11861.055653
82.518515,95,11864.710598
71.563516,120,11871.316827
82.79209,106,11875.243118
86.405364,96,11878.932151
85.761389,110,11883.234923
86.625145,130,11888.112175
82.519318,128,11893.072202
82.752152,94,11896.663672
-7.608198,5,11896.929984
88.982034,128,11901.619201
85.976413,96,11907.240001
31.480266,53,11909.159744
45.022,86,11912.325087
-9.016645,3,11912.533482
82.58543,119,11918.526618
-6.176565,6,11918.89245
33.744955,64,11922.15838
86.943268,112,11927.098507
83.300168,119,11932.220613
22.21977,46,11934.201968
74.322883,119,11941.526747
78.319784,87,11945.644539
90.123596,89,11949.320861
76.301382,103,11953.588703
83.337519,98,11957.358831
85.294163,112,11961.642828
53.568161,79,11964.613095
85.473649,92,11968.245375
82.069888,100,11974.074101
78.634546,92,11977.72242
78.514503,83,11981.200165
23.01984,46,11982.905688
64.409471,88,11986.576785
61.350495,89,11990.235251
82.993182,107,11994.413496
51.809602,88,11997.897108
46.581457,108,12003.357747
90.123596,89,12009.374575
85.628112,126,12015.399667
55.579292,88,12018.784989
86.177376,135,12023.820967
89.128463,139,12030.290328
30.538899,58,12033.072404
78.245605,116,12040.812124
5.608583,19,12041.842516
87.410543,101,12046.425926
86.168886,92,12050.668541
17.205876,46,12052.499682
89.091373,115,12057.107703
85.738196,90,12060.361398
76.069901,100,12064.352214
51.68001,69,12067.130669
86.499922,125,12071.64292
89.175375,126,12079.091501
69.818044,127,12084.03857
-6.37804,12,12084.625864
65.923839,85,12088.124486
-3.130183,12,12088.633215
0.334772,14,12089.432377
-5.495031,6,12089.710646
22.098072,49,12091.647772
64.444932,105,12095.583572
-7.6,4,12095.896994
46.137131,72,12098.681364
86.129996,123,12103.423386
-2.633954,14,12104.007617
88.983736,131,12111.452041
89.313056,117,12115.721301
82.252695,102,12119.428964
82.385077,105,12123.28589
52.997894,97,12126.951609
82.301819,108,12130.660891
65.912675,120,12135.406935
83.050199,95,12138.926211
49.561326,92,12144.410825
76.547801,111,12148.621997
82.828055,99,12152.282712
29.820474,56,12154.112646
52.138246,86,12157.164481
22.0,33,12158.249873
79.556047,92,12161.430006
73.814109,106,12165.283466
13.025492,35,12166.653803
85.777188,137,12171.715509
89.338002,118,12180.663713
82.838749,114,12185.708378
53.692914,88,12189.359318
86.469709,102,12193.564058
80.8799,108,12198.950837
89.522456,105,12203.512325
89.068806,123,12208.474491
11.636804,25,12211.561784
88.941931,120,12216.684979
24.737412,56,12218.95348
74.831859,99,12222.7728
82.516568,109,12226.827407
89.216242,102,12230.839592
-10.943979,3,12231.078176
79.569691,128,12235.894285
61.996574,112,12240.564365
85.348733,118,12247.479445
87.042822,115,12252.096878
14.368767,30,12253.525115
18.023677,39,12255.94436
33.164082,61,12259.526481
82.40209,135,12266.238564
82.916895,124,12271.427643
30.156279,57,12273.993421
52.86708,99,12279.778303
-10.0,1,12279.902385
78.141437,96,12284.146366
55.538754,102,12287.902276
88.886247,137,12293.726242
85.396215,95,12297.71929
85.213025,128,12304.240991
