timestep,episode,collision,near_collision,outside_road,reached_exit,max_steps
1,0,0,0,1,0,0
17,1,0,0,1,0,0
34,2,0,0,1,0,0
63,3,0,0,1,0,0
81,4,0,0,1,0,0
102,5,0,0,1,0,0
162,6,0,0,1,0,0
168,7,0,0,1,0,0
172,8,0,0,1,0,0
174,9,0,0,1,0,0
191,10,0,0,1,0,0
200,11,1,0,0,0,0
217,12,0,0,1,0,0
219,13,0,0,1,0,0
220,14,0,0,1,0,0
226,15,0,0,1,0,0
238,16,0,0,1,0,0
241,17,0,0,1,0,0
245,18,0,0,1,0,0
249,19,0,0,1,0,0
261,20,0,0,1,0,0
263,21,0,0,1,0,0
275,22,0,0,1,0,0
278,23,0,0,1,0,0
297,24,0,0,1,0,0
300,25,0,0,1,0,0
313,26,0,0,1,0,0
314,27,0,0,1,0,0
319,28,0,0,1,0,0
337,29,0,0,1,0,0
338,30,0,0,1,0,0
346,31,0,0,1,0,0
353,32,0,0,1,0,0
355,33,0,0,1,0,0
362,34,0,0,1,0,0
363,35,0,0,1,0,0
369,36,0,0,1,0,0
382,37,0,0,1,0,0
386,38,0,0,1,0,0
397,39,0,0,1,0,0
421,40,0,0,1,0,0
428,41,0,0,1,0,0
451,42,0,0,1,0,0
452,43,0,0,1,0,0
459,44,0,0,1,0,0
466,45,0,0,1,0,0
468,46,0,0,1,0,0
491,47,0,0,1,0,0
494,48,0,0,1,0,0
518,49,0,0,1,0,0
523,50,0,0,1,0,0
524,51,0,0,1,0,0
527,52,0,0,1,0,0
528,53,0,0,1,0,0
532,54,0,0,1,0,0
543,55,0,0,1,0,0
555,56,0,0,1,0,0
560,57,0,0,1,0,0
565,58,0,0,1,0,0
571,59,0,0,1,0,0
574,60,0,0,1,0,0
610,61,0,0,1,0,0
618,62,0,0,1,0,0
629,63,0,0,1,0,0
661,64,0,0,1,0,0
673,65,0,0,1,0,0
688,66,0,0,1,0,0
701,67,0,0,1,0,0
703,68,0,0,1,0,0
710,69,0,0,1,0,0
724,70,0,0,1,0,0
754,71,0,0,1,0,0
772,72,0,0,1,0,0
775,73,0,0,1,0,0
815,74,0,0,1,0,0
823,75,0,0,1,0,0
836,76,0,0,1,0,0
890,77,0,0,1,0,0
895,78,0,0,1,0,0
930,79,0,0,1,0,0
1015,80,0,0,0,1,0
1062,81,0,0,1,0,0
1070,82,0,0,1,0,0
1086,83,0,0,1,0,0
1094,84,0,0,1,0,0
1100,85,0,0,1,0,0
1114,86,0,0,1,0,0
1127,87,0,0,1,0,0
1142,88,0,0,1,0,0
1155,89,0,0,1,0,0
1165,90,0,0,1,0,0
1174,91,0,0,1,0,0
1187,92,0,0,1,0,0
1210,93,0,0,1,0,0
1213,94,0,0,1,0,0
1220,95,0,0,1,0,0
1241,96,0,0,1,0,0
1247,97,0,0,1,0,0
1255,98,0,0,1,0,0
1259,99,0,0,1,0,0
1265,100,0,0,1,0,0
1272,101,0,0,1,0,0
1277,102,0,0,1,0,0
1296,103,0,0,1,0,0
1331,104,0,0,1,0,0
1365,105,0,0,1,0,0
1379,106,0,0,1,0,0
1388,107,0,0,1,0,0
1394,108,0,0,1,0,0
1407,109,0,0,1,0,0
1410,110,0,0,1,0,0
1427,111,0,0,1,0,0
1432,112,0,0,1,0,0
1455,113,0,0,1,0,0
1463,114,0,0,1,0,0
1481,115,0,0,1,0,0
1483,116,0,0,1,0,0
1486,117,0,0,1,0,0
1491,118,0,0,1,0,0
1492,119,0,0,1,0,0
1497,120,0,0,1,0,0
1510,121,0,0,1,0,0
1512,122,0,0,1,0,0
1515,123,0,0,1,0,0
1544,124,0,0,1,0,0
1547,125,0,0,1,0,0
1569,126,0,0,1,0,0
1581,127,0,0,1,0,0
1594,128,0,0,1,0,0
1595,129,0,0,1,0,0
1596,130,0,0,1,0,0
1613,131,0,0,1,0,0
1636,132,0,0,1,0,0
1640,133,0,0,1,0,0
1680,134,0,0,1,0,0
1688,135,0,0,1,0,0
1699,136,0,0,1,0,0
1715,137,0,0,1,0,0
1726,138,0,0,1,0,0
1744,139,0,0,1,0,0
1752,140,0,0,1,0,0
1753,141,0,0,1,0,0
1764,142,0,0,1,0,0
1769,143,0,0,1,0,0
1770,144,0,0,1,0,0
1774,145,0,0,1,0,0
1785,146,0,0,1,0,0
1787,147,0,0,1,0,0
1819,148,0,0,1,0,0
1842,149,0,0,1,0,0
1848,150,0,0,1,0,0
1860,151,0,0,1,0,0
1865,152,0,0,1,0,0
1892,153,0,0,1,0,0
1894,154,0,0,1,0,0
1916,155,0,0,1,0,0
1969,156,0,0,1,0,0
1978,157,0,0,1,0,0
1989,158,0,0,1,0,0
2012,159,0,0,1,0,0
2024,160,0,0,1,0,0
2042,161,0,0,1,0,0
2055,162,0,0,1,0,0
2061,163,0,0,1,0,0
2062,164,0,0,1,0,0
2107,165,0,0,1,0,0
2120,166,0,0,1,0,0
2124,167,0,0,1,0,0
2133,168,0,0,1,0,0
2140,169,0,0,1,0,0
2152,170,0,0,1,0,0
2158,171,0,0,1,0,0
2175,172,0,0,1,0,0
2199,173,0,0,1,0,0
2203,174,0,0,1,0,0
2211,175,0,0,1,0,0
2225,176,0,0,1,0,0
2237,177,0,0,1,0,0
2250,178,0,0,1,0,0
2256,179,0,0,1,0,0
2275,180,0,0,1,0,0
2283,181,0,0,1,0,0
2315,182,0,0,1,0,0
2329,183,0,0,1,0,0
2355,184,0,0,1,0,0
2365,185,0,0,1,0,0
2379,186,0,0,1,0,0
2384,187,0,0,1,0,0
2399,188,0,0,1,0,0
2413,189,0,0,1,0,0
2415,190,0,0,1,0,0
2424,191,0,0,1,0,0
2425,192,0,0,1,0,0
2430,193,0,0,1,0,0
2450,194,0,0,1,0,0
2461,195,0,0,1,0,0
2466,196,0,0,1,0,0
2473,197,0,0,1,0,0
2493,198,0,0,1,0,0
2509,199,0,0,1,0,0
2521,200,0,0,1,0,0
2531,201,0,0,1,0,0
2569,202,0,0,1,0,0
2593,203,0,0,1,0,0
2595,204,0,0,1,0,0
2605,205,0,0,1,0,0
2608,206,0,0,1,0,0
2626,207,0,0,1,0,0
2632,208,0,0,1,0,0
2639,209,0,0,1,0,0
2708,210,0,0,1,0,0
2718,211,0,0,1,0,0
2724,212,0,0,1,0,0
2736,213,0,0,1,0,0
2766,214,0,0,1,0,0
2768,215,0,0,1,0,0
2774,216,0,0,1,0,0
2775,217,0,0,1,0,0
2790,218,0,0,1,0,0
2794,219,0,0,1,0,0
2801,220,0,0,1,0,0
2820,221,0,0,1,0,0
2826,222,0,0,1,0,0
2831,223,0,0,1,0,0
2839,224,0,0,1,0,0
2845,225,0,0,1,0,0
2851,226,0,0,1,0,0
2852,227,0,0,1,0,0
2853,228,0,0,1,0,0
2859,229,0,0,1,0,0
2899,230,0,0,1,0,0
2902,231,0,0,1,0,0
2915,232,0,0,1,0,0
2918,233,0,0,1,0,0
2963,234,0,0,1,0,0
2992,235,0,0,1,0,0
3022,236,0,0,1,0,0
3045,237,0,0,1,0,0
3054,238,0,0,1,0,0
3065,239,0,0,1,0,0
3072,240,0,0,1,0,0
3089,241,0,0,1,0,0
3096,242,0,0,1,0,0
3106,243,0,0,1,0,0
3107,244,0,0,1,0,0
3116,245,0,0,1,0,0
3134,246,0,0,1,0,0
3156,247,0,0,1,0,0
3184,248,0,0,1,0,0
3217,249,0,0,1,0,0
3221,250,0,0,1,0,0
3228,251,0,0,1,0,0
3257,252,0,0,1,0,0
3264,253,0,0,1,0,0
3269,254,0,0,1,0,0
3270,255,0,0,1,0,0
3275,256,0,0,1,0,0
3278,257,0,0,1,0,0
3284,258,0,0,1,0,0
3298,259,0,0,1,0,0
3329,260,0,0,1,0,0
3371,261,0,0,1,0,0
3403,262,0,0,1,0,0
3418,263,0,0,1,0,0
3448,264,0,0,1,0,0
3485,265,0,0,1,0,0
3496,266,0,0,1,0,0
3498,267,0,0,1,0,0
3520,268,0,0,1,0,0
3521,269,0,0,1,0,0
3528,270,0,0,1,0,0
3531,271,0,0,1,0,0
3546,272,0,0,1,0,0
3562,273,0,0,1,0,0
3563,274,0,0,1,0,0
3576,275,0,0,1,0,0
3579,276,0,0,1,0,0
3588,277,0,0,1,0,0
3591,278,0,0,1,0,0
3594,279,0,0,1,0,0
3608,280,0,0,1,0,0
3614,281,0,0,1,0,0
3621,282,0,0,1,0,0
3647,283,0,0,1,0,0
3649,284,1,0,0,0,0
3661,285,0,0,1,0,0
3702,286,0,0,1,0,0
3728,287,0,0,1,0,0
3744,288,0,0,1,0,0
3753,289,0,0,1,0,0
3786,290,0,0,1,0,0
3787,291,0,0,1,0,0
3817,292,0,0,1,0,0
3836,293,0,0,1,0,0
3837,294,0,0,1,0,0
3883,295,0,0,1,0,0
3887,296,0,0,1,0,0
3899,297,0,0,1,0,0
3900,298,0,0,1,0,0
3929,299,0,0,1,0,0
3941,300,0,0,1,0,0
3942,301,0,0,1,0,0
3945,302,0,0,1,0,0
3946,303,0,0,1,0,0
3955,304,0,0,1,0,0
3965,305,0,0,1,0,0
3985,306,0,0,1,0,0
4000,307,0,0,1,0,0
4019,308,0,0,1,0,0
4029,309,0,0,1,0,0
4032,310,0,0,1,0,0
4033,311,0,0,1,0,0
4058,312,0,0,1,0,0
4063,313,0,0,1,0,0
4071,314,0,0,1,0,0
4081,315,0,0,1,0,0
4122,316,0,0,1,0,0
4124,317,0,0,1,0,0
4131,318,0,0,1,0,0
4173,319,0,0,1,0,0
4227,320,0,0,1,0,0
4232,321,0,0,1,0,0
4241,322,0,0,1,0,0
4246,323,0,0,1,0,0
4248,324,0,0,1,0,0
4277,325,0,0,1,0,0
4289,326,0,0,1,0,0
4347,327,0,0,1,0,0
4373,328,0,0,1,0,0
4378,329,0,0,1,0,0
4396,330,0,0,1,0,0
4417,331,0,0,1,0,0
4428,332,0,0,1,0,0
4441,333,0,0,1,0,0
4446,334,0,0,1,0,0
4450,335,0,0,1,0,0
4466,336,0,0,1,0,0
4491,337,0,0,1,0,0
4508,338,0,0,1,0,0
4510,339,0,0,1,0,0
4515,340,0,0,1,0,0
4517,341,0,0,1,0,0
4518,342,0,0,1,0,0
4528,343,0,0,1,0,0
4538,344,0,0,1,0,0
4543,345,0,0,1,0,0
4567,346,0,0,1,0,0
4570,347,0,0,1,0,0
4575,348,0,0,1,0,0
4581,349,0,0,1,0,0
4583,350,0,0,1,0,0
4584,351,0,0,1,0,0
4604,352,0,0,1,0,0
4635,353,0,0,1,0,0
4638,354,0,0,1,0,0
4676,355,0,0,1,0,0
4677,356,0,0,1,0,0
4707,357,0,0,1,0,0
4757,358,0,0,1,0,0
4759,359,0,0,1,0,0
4769,360,0,0,1,0,0
4797,361,0,0,1,0,0
4807,362,0,0,1,0,0
4813,363,0,0,1,0,0
4830,364,0,0,1,0,0
4837,365,0,0,1,0,0
4869,366,0,0,1,0,0
4946,367,0,0,1,0,0
4950,368,0,0,1,0,0
4971,369,0,0,1,0,0
4994,370,0,0,1,0,0
5031,371,0,0,1,0,0
5035,372,0,0,1,0,0
5056,373,0,0,1,0,0
5070,374,0,0,1,0,0
5079,375,0,0,1,0,0
5089,376,0,0,1,0,0
5105,377,0,0,1,0,0
5120,378,0,0,1,0,0
5136,379,0,0,1,0,0
5138,380,0,0,1,0,0
5148,381,0,0,1,0,0
5179,382,0,0,1,0,0
5192,383,0,0,1,0,0
5260,384,0,0,1,0,0
5299,385,0,0,1,0,0
5333,386,0,0,1,0,0
5342,387,0,0,1,0,0
5343,388,0,0,1,0,0
5347,389,0,0,1,0,0
5358,390,0,0,1,0,0
5371,391,0,0,1,0,0
5372,392,0,0,1,0,0
5379,393,0,0,1,0,0
5396,394,0,0,1,0,0
5401,395,0,0,1,0,0
5405,396,0,0,1,0,0
5414,397,0,0,1,0,0
5443,398,0,0,1,0,0
5451,399,0,0,1,0,0
5463,400,0,0,1,0,0
5476,401,0,0,1,0,0
5484,402,0,0,1,0,0
5494,403,0,0,1,0,0
5499,404,0,0,1,0,0
5500,405,0,0,1,0,0
5515,406,0,0,1,0,0
5530,407,0,0,1,0,0
5560,408,0,0,1,0,0
5574,409,0,0,1,0,0
5583,410,0,0,1,0,0
5612,411,0,0,1,0,0
5615,412,0,0,1,0,0
5618,413,0,0,1,0,0
5621,414,0,0,1,0,0
5622,415,0,0,1,0,0
5623,416,0,0,1,0,0
5665,417,0,0,1,0,0
5704,418,0,0,1,0,0
5708,419,0,0,1,0,0
5712,420,0,0,1,0,0
5723,421,0,0,1,0,0
5768,422,0,0,1,0,0
5775,423,0,0,1,0,0
5786,424,0,0,1,0,0
5799,425,0,0,1,0,0
5809,426,0,0,1,0,0
5838,427,0,0,1,0,0
5839,428,0,0,1,0,0
5868,429,0,0,1,0,0
5879,430,0,0,1,0,0
5882,431,0,0,1,0,0
5884,432,0,0,1,0,0
5919,433,0,0,1,0,0
5925,434,0,0,1,0,0
5949,435,0,0,1,0,0
5951,436,0,0,1,0,0
5953,437,0,0,1,0,0
5977,438,0,0,1,0,0
5996,439,0,0,1,0,0
6009,440,0,0,1,0,0
6023,441,0,0,1,0,0
6028,442,0,0,1,0,0
6048,443,0,0,1,0,0
6051,444,0,0,1,0,0
6074,445,0,0,1,0,0
6075,446,0,0,1,0,0
6101,447,0,0,1,0,0
6105,448,0,0,1,0,0
6113,449,0,0,1,0,0
6129,450,0,0,1,0,0
6152,451,0,0,1,0,0
6163,452,0,0,1,0,0
6181,453,0,0,1,0,0
6195,454,0,0,1,0,0
6218,455,0,0,1,0,0
6279,456,0,0,1,0,0
6283,457,0,0,1,0,0
6287,458,0,0,1,0,0
6294,459,0,0,1,0,0
6325,460,0,0,1,0,0
6333,461,0,0,1,0,0
6390,462,0,0,1,0,0
6393,463,0,0,1,0,0
6410,464,0,0,1,0,0
6415,465,0,0,1,0,0
6461,466,0,0,1,0,0
6470,467,0,0,1,0,0
6488,468,0,0,1,0,0
6489,469,0,0,1,0,0
6490,470,0,0,1,0,0
6492,471,0,0,1,0,0
6524,472,0,0,1,0,0
6566,473,0,0,1,0,0
6598,474,0,0,1,0,0
6608,475,0,0,1,0,0
6630,476,0,0,1,0,0
6632,477,0,0,1,0,0
6659,478,0,0,1,0,0
6675,479,0,0,1,0,0
6683,480,0,0,1,0,0
6721,481,0,0,1,0,0
6741,482,0,0,1,0,0
6742,483,0,0,1,0,0
6758,484,0,0,1,0,0
6760,485,0,0,1,0,0
6774,486,0,0,1,0,0
6801,487,0,0,1,0,0
6822,488,0,0,1,0,0
6833,489,0,0,1,0,0
6834,490,0,0,1,0,0
6857,491,0,0,1,0,0
6861,492,0,0,1,0,0
6884,493,0,0,1,0,0
6886,494,0,0,1,0,0
6917,495,0,0,1,0,0
6933,496,0,0,1,0,0
6946,497,0,0,1,0,0
6954,498,0,0,1,0,0
6993,499,0,0,1,0,0
7001,500,0,0,1,0,0
7011,501,0,0,1,0,0
7013,502,0,0,1,0,0
7044,503,0,0,1,0,0
7047,504,0,0,1,0,0
7054,505,0,0,1,0,0
7057,506,0,0,1,0,0
7091,507,0,0,1,0,0
7098,508,0,0,1,0,0
7104,509,0,0,1,0,0
7110,510,0,0,1,0,0
7133,511,0,0,1,0,0
7144,512,0,0,1,0,0
7158,513,0,0,1,0,0
7162,514,0,0,1,0,0
7192,515,0,0,1,0,0
7204,516,0,0,1,0,0
7210,517,0,0,1,0,0
7224,518,0,0,1,0,0
7236,519,0,0,1,0,0
7255,520,0,0,1,0,0
7258,521,0,0,1,0,0
7259,522,0,0,1,0,0
7290,523,0,0,1,0,0
7302,524,0,0,1,0,0
7322,525,0,0,1,0,0
7346,526,0,0,1,0,0
7358,527,0,0,1,0,0
7360,528,0,0,1,0,0
7370,529,0,0,1,0,0
7374,530,0,0,1,0,0
7377,531,0,0,1,0,0
7398,532,0,0,1,0,0
7404,533,0,0,1,0,0
7406,534,0,0,1,0,0
7411,535,0,0,1,0,0
7422,536,0,0,1,0,0
7428,537,0,0,1,0,0
7436,538,0,0,1,0,0
7439,539,0,0,1,0,0
7471,540,0,0,1,0,0
7507,541,0,0,1,0,0
7558,542,0,0,1,0,0
7566,543,0,0,1,0,0
7573,544,0,0,1,0,0
7587,545,0,0,1,0,0
7592,546,0,0,1,0,0
7603,547,0,0,1,0,0
7607,548,0,0,1,0,0
7611,549,0,0,1,0,0
7624,550,0,0,1,0,0
7642,551,0,0,1,0,0
7651,552,0,0,1,0,0
7662,553,0,0,1,0,0
7680,554,0,0,1,0,0
7747,555,0,0,1,0,0
7753,556,0,0,1,0,0
7800,557,0,0,1,0,0
7802,558,0,0,1,0,0
7827,559,0,0,1,0,0
7839,560,0,0,1,0,0
7861,561,0,0,1,0,0
7863,562,0,0,1,0,0
7875,563,0,0,1,0,0
7876,564,0,0,1,0,0
7904,565,0,0,1,0,0
7917,566,0,0,1,0,0
7928,567,0,0,1,0,0
7943,568,0,0,1,0,0
7961,569,0,0,1,0,0
7964,570,0,0,1,0,0
7975,571,0,0,1,0,0
7979,572,0,0,1,0,0
7998,573,0,0,1,0,0
8001,574,0,0,1,0,0
8002,575,0,0,1,0,0
8005,576,0,0,1,0,0
8006,577,0,0,1,0,0
8008,578,0,0,1,0,0
8027,579,0,0,1,0,0
8038,580,0,0,1,0,0
8040,581,0,0,1,0,0
8049,582,0,0,1,0,0
8054,583,0,0,1,0,0
8056,584,0,0,1,0,0
8098,585,0,0,1,0,0
8110,586,0,0,1,0,0
8116,587,0,0,1,0,0
8122,588,0,0,1,0,0
8137,589,0,0,1,0,0
8142,590,0,0,1,0,0
8146,591,0,0,1,0,0
8151,592,0,0,1,0,0
8171,593,0,0,1,0,0
8174,594,0,0,1,0,0
8183,595,0,0,1,0,0
8184,596,0,0,1,0,0
8207,597,0,0,1,0,0
8226,598,0,0,1,0,0
8252,599,0,0,1,0,0
8265,600,0,0,1,0,0
8278,601,0,0,1,0,0
8286,602,0,0,1,0,0
8290,603,0,0,1,0,0
8302,604,0,0,1,0,0
8304,605,0,0,1,0,0
8305,606,0,0,1,0,0
8320,607,0,0,1,0,0
8330,608,0,0,1,0,0
8339,609,0,0,1,0,0
8342,610,0,0,1,0,0
8351,611,0,0,1,0,0
8363,612,0,0,1,0,0
8367,613,1,0,0,0,0
8372,614,0,0,1,0,0
8383,615,0,0,1,0,0
8386,616,0,0,1,0,0
8405,617,0,0,1,0,0
8415,618,0,0,1,0,0
8427,619,0,0,1,0,0
8428,620,0,0,1,0,0
8437,621,0,0,1,0,0
8453,622,0,0,1,0,0
8455,623,0,0,1,0,0
8473,624,0,0,1,0,0
8478,625,0,0,1,0,0
8486,626,0,0,1,0,0
8492,627,0,0,1,0,0
8500,628,0,0,1,0,0
8509,629,0,0,1,0,0
8513,630,0,0,1,0,0
8540,631,0,0,1,0,0
8583,632,0,0,1,0,0
8591,633,0,0,1,0,0
8620,634,0,0,1,0,0
8645,635,0,0,1,0,0
8675,636,0,0,1,0,0
8688,637,0,0,1,0,0
8689,638,0,0,1,0,0
8696,639,0,0,1,0,0
8725,640,0,0,1,0,0
8728,641,0,0,1,0,0
8738,642,0,0,1,0,0
8740,643,0,0,1,0,0
8753,644,0,0,1,0,0
8759,645,0,0,1,0,0
8779,646,0,0,1,0,0
8782,647,0,0,1,0,0
8792,648,0,0,1,0,0
8805,649,0,0,1,0,0
8809,650,0,0,1,0,0
8812,651,1,0,0,0,0
8815,652,0,0,1,0,0
8838,653,0,0,1,0,0
8855,654,0,0,1,0,0
8857,655,0,0,1,0,0
8860,656,0,0,1,0,0
8873,657,0,0,1,0,0
8877,658,0,0,1,0,0
8907,659,0,0,1,0,0
8919,660,0,0,1,0,0
8921,661,0,0,1,0,0
8923,662,0,0,1,0,0
8932,663,0,0,1,0,0
8961,664,0,0,1,0,0
8964,665,0,0,1,0,0
8975,666,0,0,1,0,0
9020,667,0,0,1,0,0
9024,668,0,0,1,0,0
9030,669,0,0,1,0,0
9044,670,0,0,1,0,0
9058,671,0,0,1,0,0
9068,672,0,0,1,0,0
9085,673,0,0,1,0,0
9099,674,0,0,1,0,0
9113,675,0,0,1,0,0
9123,676,0,0,1,0,0
9142,677,0,0,1,0,0
9145,678,0,0,1,0,0
9156,679,0,0,1,0,0
9170,680,0,0,1,0,0
9181,681,0,0,1,0,0
9199,682,0,0,1,0,0
9213,683,0,0,1,0,0
9217,684,0,0,1,0,0
9227,685,0,0,1,0,0
9233,686,0,0,1,0,0
9243,687,0,0,1,0,0
9253,688,0,0,1,0,0
9266,689,0,0,1,0,0
9273,690,0,0,1,0,0
9276,691,1,0,0,0,0
9309,692,0,0,1,0,0
9366,693,0,0,1,0,0
9385,694,0,0,1,0,0
9404,695,0,0,1,0,0
9410,696,0,0,1,0,0
9417,697,0,0,1,0,0
9425,698,0,0,1,0,0
9435,699,0,0,1,0,0
9502,700,0,0,1,0,0
9508,701,0,0,1,0,0
9511,702,0,0,1,0,0
9514,703,0,0,1,0,0
9525,704,0,0,1,0,0
9529,705,0,0,1,0,0
9541,706,0,0,1,0,0
9554,707,0,0,1,0,0
9606,708,0,0,1,0,0
9624,709,0,0,1,0,0
9629,710,0,0,1,0,0
9632,711,0,0,1,0,0
9633,712,0,0,1,0,0
9662,713,0,0,1,0,0
9664,714,0,0,1,0,0
9667,715,0,0,1,0,0
9692,716,0,0,1,0,0
9698,717,0,0,1,0,0
9700,718,0,0,1,0,0
9708,719,0,0,1,0,0
9714,720,0,0,1,0,0
9720,721,0,0,1,0,0
9723,722,0,0,1,0,0
9730,723,0,0,1,0,0
9749,724,0,0,1,0,0
9753,725,0,0,1,0,0
9774,726,0,0,1,0,0
9791,727,0,0,1,0,0
9796,728,0,0,1,0,0
9803,729,0,0,1,0,0
9849,730,0,0,1,0,0
9861,731,0,0,1,0,0
9876,732,0,0,1,0,0
9890,733,0,0,1,0,0
9904,734,0,0,1,0,0
9919,735,0,0,1,0,0
9933,736,0,0,1,0,0
9937,737,0,0,1,0,0
9954,738,0,0,1,0,0
9988,739,0,0,1,0,0
10003,740,0,0,1,0,0
10010,741,0,0,1,0,0
10021,742,0,0,1,0,0
10030,743,0,0,1,0,0
10036,744,0,0,1,0,0
10049,745,0,0,1,0,0
10065,746,0,0,1,0,0
10081,747,0,0,1,0,0
10111,748,0,0,1,0,0
10113,749,0,0,1,0,0
10123,750,0,0,1,0,0
10135,751,0,0,1,0,0
10141,752,0,0,1,0,0
10173,753,0,0,1,0,0
10221,754,0,0,1,0,0
10237,755,0,0,1,0,0
10249,756,0,0,1,0,0
10254,757,0,0,1,0,0
10259,758,0,0,1,0,0
10343,759,0,0,1,0,0
10344,760,0,0,1,0,0
10349,761,0,0,1,0,0
10352,762,0,0,1,0,0
10358,763,0,0,1,0,0
10374,764,0,0,1,0,0
10380,765,0,0,1,0,0
10389,766,0,0,1,0,0
10399,767,0,0,1,0,0
10421,768,0,0,1,0,0
10425,769,0,0,1,0,0
10430,770,0,0,1,0,0
10481,771,0,0,1,0,0
10489,772,0,0,1,0,0
10514,773,0,0,1,0,0
10525,774,0,0,1,0,0
10529,775,0,0,1,0,0
10532,776,0,0,1,0,0
10543,777,0,0,1,0,0
10547,778,0,0,1,0,0
10570,779,0,0,1,0,0
10575,780,0,0,1,0,0
10579,781,0,0,1,0,0
10594,782,0,0,1,0,0
10595,783,0,0,1,0,0
10644,784,0,0,1,0,0
10649,785,0,0,1,0,0
10659,786,0,0,1,0,0
10665,787,1,0,0,0,0
10687,788,0,0,1,0,0
10703,789,0,0,1,0,0
10728,790,0,0,1,0,0
10743,791,1,0,0,0,0
10753,792,0,0,1,0,0
10759,793,1,0,0,0,0
10783,794,0,0,1,0,0
10809,795,0,0,1,0,0
10810,796,0,0,1,0,0
10833,797,0,0,1,0,0
10837,798,0,0,1,0,0
10874,799,0,0,1,0,0
10882,800,0,0,1,0,0
10901,801,0,0,1,0,0
10930,802,0,0,1,0,0
10936,803,0,0,1,0,0
10960,804,0,0,1,0,0
10961,805,0,0,1,0,0
11001,806,0,0,1,0,0
11009,807,0,0,1,0,0
11015,808,0,0,1,0,0
11025,809,0,0,1,0,0
11058,810,0,0,1,0,0
11073,811,0,0,1,0,0
11080,812,0,0,1,0,0
11092,813,0,0,1,0,0
11108,814,0,0,1,0,0
11112,815,0,0,1,0,0
11113,816,0,0,1,0,0
11123,817,0,0,1,0,0
11131,818,0,0,1,0,0
11135,819,0,0,1,0,0
11146,820,0,0,1,0,0
11159,821,0,0,1,0,0
11195,822,0,0,1,0,0
11201,823,0,0,1,0,0
11214,824,0,0,1,0,0
11230,825,0,0,1,0,0
11266,826,0,0,1,0,0
11283,827,0,0,1,0,0
11286,828,0,0,1,0,0
11306,829,0,0,1,0,0
11317,830,0,0,1,0,0
11318,831,0,0,1,0,0
11338,832,0,0,1,0,0
11345,833,0,0,1,0,0
11373,834,0,0,1,0,0
11379,835,0,0,1,0,0
11381,836,0,0,1,0,0
11382,837,0,0,1,0,0
11384,838,0,0,1,0,0
11390,839,0,0,1,0,0
11424,840,0,0,1,0,0
11427,841,0,0,1,0,0
11446,842,0,0,1,0,0
11489,843,0,0,1,0,0
11501,844,0,0,1,0,0
11508,845,0,0,1,0,0
11542,846,0,0,1,0,0
11543,847,0,0,1,0,0
11617,848,0,0,1,0,0
11635,849,0,0,1,0,0
11691,850,0,0,1,0,0
11715,851,0,0,1,0,0
11724,852,0,0,1,0,0
11730,853,0,0,1,0,0
11748,854,0,0,1,0,0
11773,855,0,0,1,0,0
11791,856,0,0,1,0,0
11792,857,0,0,1,0,0
11806,858,0,0,1,0,0
11820,859,0,0,1,0,0
11836,860,0,0,1,0,0
11886,861,0,0,1,0,0
11948,862,0,0,0,1,0
11980,863,0,0,1,0,0
11985,864,0,0,1,0,0
11986,865,0,0,1,0,0
11992,866,0,0,1,0,0
11994,867,0,0,1,0,0
12072,868,0,0,1,0,0
12078,869,0,0,1,0,0
12084,870,0,0,1,0,0
12123,871,0,0,1,0,0
12157,872,0,0,1,0,0
12190,873,0,0,1,0,0
12195,874,0,0,1,0,0
12205,875,0,0,1,0,0
12208,876,0,0,1,0,0
12220,877,0,0,1,0,0
12221,878,0,0,1,0,0
12236,879,0,0,1,0,0
12248,880,0,0,1,0,0
12257,881,0,0,1,0,0
12286,882,0,0,1,0,0
12365,883,0,0,1,0,0
12369,884,0,0,1,0,0
12416,885,0,0,1,0,0
12424,886,0,0,1,0,0
12448,887,0,0,1,0,0
12451,888,0,0,1,0,0
12453,889,0,0,1,0,0
12464,890,0,0,1,0,0
12474,891,0,0,1,0,0
12487,892,0,0,1,0,0
12493,893,0,0,1,0,0
12505,894,0,0,1,0,0
12530,895,0,0,1,0,0
12542,896,0,0,1,0,0
12544,897,0,0,1,0,0
12547,898,0,0,1,0,0
12548,899,0,0,1,0,0
12558,900,0,0,1,0,0
12589,901,0,0,1,0,0
12601,902,0,0,1,0,0
12606,903,0,0,1,0,0
12614,904,0,0,1,0,0
12616,905,0,0,1,0,0
12630,906,0,0,1,0,0
12633,907,0,0,1,0,0
12652,908,0,0,1,0,0
12703,909,0,0,1,0,0
12710,910,0,0,1,0,0
12713,911,0,0,1,0,0
12736,912,0,0,1,0,0
12737,913,0,0,1,0,0
12758,914,0,0,1,0,0
12762,915,0,0,1,0,0
12766,916,0,0,1,0,0
12779,917,0,0,1,0,0
12781,918,0,0,1,0,0
12803,919,0,0,1,0,0
12834,920,0,0,1,0,0
12840,921,0,0,1,0,0
12843,922,0,0,1,0,0
12855,923,0,0,1,0,0
12857,924,0,0,1,0,0
12869,925,0,0,1,0,0
12872,926,0,0,1,0,0
12878,927,0,0,1,0,0
12898,928,0,0,1,0,0
12905,929,0,0,1,0,0
12944,930,0,0,1,0,0
12961,931,0,0,1,0,0
13003,932,0,0,1,0,0
13005,933,0,0,1,0,0
13026,934,0,0,1,0,0
13032,935,0,0,1,0,0
13064,936,0,0,1,0,0
13066,937,0,0,1,0,0
13080,938,0,0,1,0,0
13086,939,0,0,1,0,0
13098,940,0,0,1,0,0
13099,941,0,0,1,0,0
13100,942,0,0,1,0,0
13115,943,0,0,1,0,0
13135,944,0,0,1,0,0
13161,945,0,0,1,0,0
13163,946,0,0,1,0,0
13168,947,0,0,1,0,0
13175,948,0,0,1,0,0
13177,949,0,0,1,0,0
13189,950,0,0,1,0,0
13214,951,0,0,1,0,0
13221,952,0,0,1,0,0
13223,953,0,0,1,0,0
13224,954,0,0,1,0,0
13225,955,0,0,1,0,0
13265,956,0,0,1,0,0
13266,957,0,0,1,0,0
13267,958,1,0,0,0,0
13285,959,0,0,1,0,0
13305,960,0,0,1,0,0
13306,961,1,0,1,0,0
13310,962,0,0,1,0,0
13324,963,0,0,1,0,0
13333,964,0,0,1,0,0
13340,965,0,0,1,0,0
13341,966,0,0,1,0,0
13349,967,0,0,1,0,0
13357,968,0,0,1,0,0
13367,969,0,0,1,0,0
13371,970,0,0,1,0,0
13383,971,0,0,1,0,0
13395,972,0,0,1,0,0
13405,973,0,0,1,0,0
13433,974,0,0,1,0,0
13434,975,0,0,1,0,0
13443,976,0,0,1,0,0
13448,977,0,0,1,0,0
13469,978,0,0,1,0,0
13492,979,0,0,1,0,0
13504,980,0,0,1,0,0
13522,981,0,0,1,0,0
13533,982,0,0,1,0,0
13536,983,0,0,1,0,0
13543,984,0,0,1,0,0
13544,985,0,0,1,0,0
13545,986,0,0,1,0,0
13553,987,0,0,1,0,0
13559,988,0,0,1,0,0
13603,989,0,0,1,0,0
13641,990,0,0,1,0,0
13654,991,0,0,1,0,0
13680,992,0,0,1,0,0
13701,993,0,0,1,0,0
13702,994,0,0,1,0,0
13709,995,0,0,1,0,0
13741,996,0,0,1,0,0
13750,997,0,0,1,0,0
13844,998,0,0,0,1,0
13856,999,0,0,1,0,0
13859,1000,0,0,1,0,0
13874,1001,0,0,1,0,0
13876,1002,0,0,1,0,0
13884,1003,0,0,1,0,0
13886,1004,0,0,1,0,0
13903,1005,0,0,1,0,0
13905,1006,0,0,1,0,0
13910,1007,1,0,0,0,0
13914,1008,0,0,1,0,0
13917,1009,0,0,1,0,0
13925,1010,0,0,1,0,0
13960,1011,0,0,1,0,0
13964,1012,0,0,1,0,0
14003,1013,0,0,1,0,0
14007,1014,0,0,1,0,0
14009,1015,0,0,1,0,0
14034,1016,0,0,1,0,0
14073,1017,0,0,1,0,0
14100,1018,0,0,1,0,0
14101,1019,0,0,1,0,0
14110,1020,0,0,1,0,0
14142,1021,0,0,1,0,0
14146,1022,0,0,1,0,0
14184,1023,0,0,1,0,0
14189,1024,0,0,1,0,0
14192,1025,0,0,1,0,0
14204,1026,0,0,1,0,0
14212,1027,0,0,1,0,0
14230,1028,0,0,1,0,0
14234,1029,0,0,1,0,0
14273,1030,0,0,1,0,0
14284,1031,0,0,1,0,0
14299,1032,0,0,1,0,0
14306,1033,0,0,1,0,0
14319,1034,0,0,1,0,0
14333,1035,0,0,1,0,0
14359,1036,0,0,1,0,0
14361,1037,0,0,1,0,0
14368,1038,0,0,1,0,0
14372,1039,0,0,1,0,0
14394,1040,0,0,1,0,0
14395,1041,0,0,1,0,0
14406,1042,0,0,1,0,0
14413,1043,0,0,1,0,0
14416,1044,0,0,1,0,0
14430,1045,0,0,1,0,0
14431,1046,0,0,1,0,0
14434,1047,0,0,1,0,0
14472,1048,0,0,1,0,0
14475,1049,0,0,1,0,0
14476,1050,0,0,1,0,0
14477,1051,0,0,1,0,0
14491,1052,0,0,1,0,0
14503,1053,0,0,1,0,0
14507,1054,0,0,1,0,0
14511,1055,0,0,1,0,0
14518,1056,0,0,1,0,0
14528,1057,0,0,1,0,0
14547,1058,0,0,1,0,0
14556,1059,0,0,1,0,0
14575,1060,0,0,1,0,0
14582,1061,0,0,1,0,0
14606,1062,0,0,1,0,0
14612,1063,0,0,1,0,0
14628,1064,0,0,1,0,0
14643,1065,0,0,1,0,0
14654,1066,0,0,1,0,0
14659,1067,0,0,1,0,0
14709,1068,0,0,1,0,0
14713,1069,0,0,1,0,0
14723,1070,0,0,1,0,0
14735,1071,0,0,1,0,0
14749,1072,0,0,1,0,0
14821,1073,0,0,1,0,0
14833,1074,0,0,1,0,0
14912,1075,0,0,1,0,0
14914,1076,0,0,1,0,0
14918,1077,0,0,1,0,0
14922,1078,0,0,1,0,0
14967,1079,0,0,1,0,0
14975,1080,0,0,1,0,0
14985,1081,0,0,1,0,0
14992,1082,0,0,1,0,0
15005,1083,0,0,1,0,0
15013,1084,0,0,1,0,0
15015,1085,0,0,1,0,0
15035,1086,0,0,1,0,0
15037,1087,0,0,1,0,0
15044,1088,0,0,1,0,0
15087,1089,0,0,1,0,0
15094,1090,0,0,1,0,0
15098,1091,1,0,0,0,0
15165,1092,0,0,1,0,0
15186,1093,0,0,1,0,0
15190,1094,0,0,1,0,0
15193,1095,0,0,1,0,0
15197,1096,0,0,1,0,0
15213,1097,0,0,1,0,0
15222,1098,0,0,1,0,0
15252,1099,0,0,1,0,0
15253,1100,0,0,1,0,0
15256,1101,0,0,1,0,0
15320,1102,0,0,1,0,0
15321,1103,0,0,1,0,0
15333,1104,0,0,1,0,0
15376,1105,0,0,1,0,0
15384,1106,0,0,1,0,0
15386,1107,0,0,1,0,0
15404,1108,0,0,1,0,0
15411,1109,0,0,1,0,0
15413,1110,0,0,1,0,0
15429,1111,0,0,1,0,0
15444,1112,0,0,1,0,0
15476,1113,0,0,1,0,0
15479,1114,0,0,1,0,0
15512,1115,0,0,1,0,0
15518,1116,0,0,1,0,0
15534,1117,0,0,1,0,0
15535,1118,0,0,1,0,0
15579,1119,0,0,1,0,0
15584,1120,0,0,1,0,0
15645,1121,0,0,1,0,0
15676,1122,0,0,1,0,0
15708,1123,0,0,1,0,0
15725,1124,0,0,1,0,0
15736,1125,0,0,1,0,0
15746,1126,0,0,1,0,0
15767,1127,0,0,1,0,0
15771,1128,0,0,1,0,0
15774,1129,0,0,1,0,0
15777,1130,0,0,1,0,0
15784,1131,0,0,1,0,0
15799,1132,0,0,1,0,0
15812,1133,0,0,1,0,0
15825,1134,0,0,1,0,0
15845,1135,0,0,1,0,0
15861,1136,0,0,1,0,0
15894,1137,0,0,1,0,0
15950,1138,0,0,1,0,0
15956,1139,0,0,1,0,0
15970,1140,0,0,1,0,0
15975,1141,0,0,1,0,0
15988,1142,0,0,1,0,0
16028,1143,0,0,1,0,0
16066,1144,0,0,1,0,0
16075,1145,0,0,1,0,0
16084,1146,0,0,1,0,0
16088,1147,0,0,1,0,0
16109,1148,0,0,1,0,0
16119,1149,0,0,1,0,0
16122,1150,0,0,1,0,0
16123,1151,0,0,1,0,0
16135,1152,0,0,1,0,0
16148,1153,0,0,1,0,0
16149,1154,0,0,1,0,0
16152,1155,0,0,1,0,0
16157,1156,0,0,1,0,0
16179,1157,0,0,1,0,0
16256,1158,0,0,1,0,0
16295,1159,0,0,1,0,0
16303,1160,0,0,1,0,0
16308,1161,0,0,1,0,0
16309,1162,0,0,1,0,0
16334,1163,0,0,1,0,0
16351,1164,0,0,1,0,0
16358,1165,0,0,1,0,0
16367,1166,0,0,1,0,0
16368,1167,0,0,1,0,0
16370,1168,0,0,1,0,0
16373,1169,0,0,1,0,0
16385,1170,0,0,1,0,0
16388,1171,0,0,1,0,0
16424,1172,0,0,1,0,0
16431,1173,0,0,1,0,0
16432,1174,0,0,1,0,0
16474,1175,0,0,1,0,0
16508,1176,0,0,1,0,0
16512,1177,0,0,1,0,0
16520,1178,0,0,1,0,0
16525,1179,0,0,1,0,0
16540,1180,0,0,1,0,0
16575,1181,0,0,1,0,0
16634,1182,0,0,0,1,0
16635,1183,0,0,1,0,0
16639,1184,0,0,1,0,0
16667,1185,0,0,1,0,0
16670,1186,1,0,0,0,0
16672,1187,0,0,1,0,0
16675,1188,0,0,1,0,0
16677,1189,0,0,1,0,0
16679,1190,0,0,1,0,0
16706,1191,0,0,1,0,0
16802,1192,0,0,0,1,0
16811,1193,0,0,1,0,0
16820,1194,0,0,1,0,0
16852,1195,0,0,1,0,0
16857,1196,0,0,1,0,0
16888,1197,0,0,1,0,0
16889,1198,0,0,1,0,0
16925,1199,0,0,1,0,0
16929,1200,0,0,1,0,0
16950,1201,0,0,1,0,0
16962,1202,0,0,1,0,0
16966,1203,0,0,1,0,0
17028,1204,0,0,1,0,0
17047,1205,0,0,1,0,0
17065,1206,0,0,1,0,0
17084,1207,0,0,1,0,0
17085,1208,1,0,0,0,0
17110,1209,0,0,1,0,0
17124,1210,0,0,1,0,0
17133,1211,0,0,1,0,0
17146,1212,0,0,1,0,0
17166,1213,0,0,1,0,0
17171,1214,0,0,1,0,0
17185,1215,0,0,1,0,0
17194,1216,0,0,1,0,0
17221,1217,0,0,1,0,0
17268,1218,0,0,1,0,0
17294,1219,0,0,1,0,0
17302,1220,0,0,1,0,0
17311,1221,0,0,1,0,0
17316,1222,0,0,1,0,0
17320,1223,0,0,1,0,0
17328,1224,0,0,1,0,0
17336,1225,0,0,1,0,0
17338,1226,0,0,1,0,0
17370,1227,0,0,1,0,0
17374,1228,0,0,1,0,0
17388,1229,0,0,1,0,0
17393,1230,0,0,1,0,0
17398,1231,0,0,1,0,0
17415,1232,0,0,1,0,0
17432,1233,0,0,1,0,0
17434,1234,0,0,1,0,0
17435,1235,0,0,1,0,0
17436,1236,0,0,1,0,0
17438,1237,0,0,1,0,0
17444,1238,0,0,1,0,0
17451,1239,0,0,1,0,0
17475,1240,0,0,1,0,0
17490,1241,0,0,1,0,0
17491,1242,0,0,1,0,0
17501,1243,0,0,1,0,0
17504,1244,0,0,1,0,0
17509,1245,0,0,1,0,0
17516,1246,0,0,1,0,0
17522,1247,0,0,1,0,0
17540,1248,0,0,1,0,0
17585,1249,0,0,1,0,0
17586,1250,0,0,1,0,0
17626,1251,0,0,1,0,0
17627,1252,0,0,1,0,0
17631,1253,0,0,1,0,0
17639,1254,0,0,1,0,0
17662,1255,0,0,1,0,0
17672,1256,0,0,1,0,0
17673,1257,0,0,1,0,0
17699,1258,0,0,1,0,0
17734,1259,0,0,1,0,0
17763,1260,0,0,1,0,0
17768,1261,0,0,1,0,0
17771,1262,0,0,1,0,0
17780,1263,0,0,1,0,0
17791,1264,0,0,1,0,0
17802,1265,0,0,1,0,0
17811,1266,0,0,1,0,0
17832,1267,0,0,1,0,0
17840,1268,0,0,1,0,0
17884,1269,0,0,1,0,0
17887,1270,0,0,1,0,0
17890,1271,0,0,1,0,0
17928,1272,0,0,1,0,0
17929,1273,0,0,1,0,0
17954,1274,0,0,1,0,0
17955,1275,0,0,1,0,0
17969,1276,0,0,1,0,0
18001,1277,0,0,1,0,0
18012,1278,0,0,1,0,0
18026,1279,0,0,1,0,0
18030,1280,0,0,1,0,0
18039,1281,0,0,1,0,0
18053,1282,0,0,1,0,0
18092,1283,0,0,1,0,0
18096,1284,0,0,1,0,0
18101,1285,0,0,1,0,0
18105,1286,0,0,1,0,0
18122,1287,0,0,1,0,0
18131,1288,0,0,1,0,0
18211,1289,0,0,1,0,0
18216,1290,0,0,1,0,0
18237,1291,0,0,1,0,0
18241,1292,0,0,1,0,0
18277,1293,0,0,1,0,0
18287,1294,0,0,1,0,0
18319,1295,0,0,1,0,0
18326,1296,0,0,1,0,0
18337,1297,0,0,1,0,0
18348,1298,0,0,1,0,0
18356,1299,0,0,1,0,0
18370,1300,0,0,1,0,0
18383,1301,0,0,1,0,0
18389,1302,0,0,1,0,0
18391,1303,0,0,1,0,0
18394,1304,0,0,1,0,0
18440,1305,0,0,1,0,0
18450,1306,0,0,1,0,0
18452,1307,0,0,1,0,0
18463,1308,0,0,1,0,0
18491,1309,0,0,1,0,0
18505,1310,0,0,1,0,0
18550,1311,0,0,1,0,0
18554,1312,0,0,1,0,0
18557,1313,0,0,1,0,0
18562,1314,0,0,1,0,0
18601,1315,0,0,1,0,0
18608,1316,0,0,1,0,0
18610,1317,0,0,1,0,0
18613,1318,0,0,1,0,0
18615,1319,0,0,1,0,0
18629,1320,0,0,1,0,0
18652,1321,0,0,1,0,0
18657,1322,0,0,1,0,0
18681,1323,0,0,1,0,0
18732,1324,0,0,1,0,0
18735,1325,0,0,1,0,0
18755,1326,0,0,1,0,0
18771,1327,0,0,1,0,0
18790,1328,0,0,1,0,0
18802,1329,0,0,1,0,0
18813,1330,0,0,1,0,0
18816,1331,0,0,1,0,0
18819,1332,0,0,1,0,0
18830,1333,0,0,1,0,0
18841,1334,0,0,1,0,0
18878,1335,0,0,1,0,0
18881,1336,0,0,1,0,0
18884,1337,0,0,1,0,0
18931,1338,0,0,1,0,0
18932,1339,0,0,1,0,0
18938,1340,0,0,1,0,0
18957,1341,0,0,1,0,0
18962,1342,0,0,1,0,0
18981,1343,0,0,1,0,0
18982,1344,0,0,1,0,0
18991,1345,0,0,1,0,0
19019,1346,0,0,1,0,0
19021,1347,0,0,1,0,0
19030,1348,0,0,1,0,0
19053,1349,0,0,1,0,0
19074,1350,0,0,1,0,0
19075,1351,0,0,1,0,0
19112,1352,0,0,1,0,0
19157,1353,0,0,1,0,0
19166,1354,0,0,1,0,0
19217,1355,0,0,1,0,0
19218,1356,0,0,1,0,0
19219,1357,0,0,1,0,0
19269,1358,0,0,1,0,0
19309,1359,0,0,1,0,0
19315,1360,0,0,1,0,0
19327,1361,0,0,1,0,0
19355,1362,0,0,1,0,0
19398,1363,0,0,1,0,0
19406,1364,0,0,1,0,0
19407,1365,0,0,1,0,0
19485,1366,0,0,0,1,0
19521,1367,0,0,1,0,0
19526,1368,0,0,1,0,0
19532,1369,0,0,1,0,0
19538,1370,0,0,1,0,0
19566,1371,0,0,1,0,0
19571,1372,0,0,1,0,0
19593,1373,0,0,1,0,0
19594,1374,0,0,1,0,0
19611,1375,0,0,1,0,0
19612,1376,0,0,1,0,0
19617,1377,0,0,1,0,0
19633,1378,0,0,1,0,0
19650,1379,0,0,1,0,0
19685,1380,0,0,1,0,0
19693,1381,0,0,1,0,0
19710,1382,0,0,1,0,0
19711,1383,0,0,1,0,0
19712,1384,0,0,1,0,0
19725,1385,0,0,1,0,0
19744,1386,0,0,1,0,0
19786,1387,0,0,1,0,0
19802,1388,0,0,1,0,0
19805,1389,0,0,1,0,0
19826,1390,0,0,1,0,0
19830,1391,0,0,1,0,0
19865,1392,0,0,1,0,0
19876,1393,0,0,1,0,0
19880,1394,0,0,1,0,0
19888,1395,0,0,1,0,0
19890,1396,0,0,1,0,0
19892,1397,0,0,1,0,0
19903,1398,0,0,1,0,0
19920,1399,0,0,1,0,0
19947,1400,0,0,1,0,0
19962,1401,0,0,1,0,0
19982,1402,0,0,1,0,0
20004,1403,0,0,1,0,0
20010,1404,0,0,1,0,0
20017,1405,0,0,1,0,0
20028,1406,0,0,1,0,0
20045,1407,0,0,1,0,0
20056,1408,0,0,1,0,0
20087,1409,0,0,1,0,0
20112,1410,0,0,1,0,0
20113,1411,0,0,1,0,0
20120,1412,0,0,1,0,0
20128,1413,0,0,1,0,0
20134,1414,0,0,1,0,0
20188,1415,0,0,1,0,0
20204,1416,0,0,1,0,0
20228,1417,0,0,1,0,0
20238,1418,0,0,1,0,0
20251,1419,0,0,1,0,0
20259,1420,0,0,1,0,0
20264,1421,0,0,1,0,0
20271,1422,0,0,1,0,0
20291,1423,0,0,1,0,0
20305,1424,0,0,1,0,0
20324,1425,0,0,1,0,0
20336,1426,0,0,1,0,0
20356,1427,0,0,1,0,0
20367,1428,0,0,1,0,0
20370,1429,0,0,1,0,0
20386,1430,0,0,1,0,0
20481,1431,0,0,0,1,0
20497,1432,0,0,1,0,0
20526,1433,0,0,1,0,0
20530,1434,0,0,1,0,0
20544,1435,0,0,1,0,0
20553,1436,0,0,1,0,0
20574,1437,0,0,1,0,0
20590,1438,0,0,1,0,0
20619,1439,0,0,1,0,0
20647,1440,0,0,1,0,0
20673,1441,0,0,1,0,0
20685,1442,0,0,1,0,0
20687,1443,0,0,1,0,0
20734,1444,0,0,1,0,0
20736,1445,0,0,1,0,0
20758,1446,0,0,1,0,0
20760,1447,0,0,1,0,0
20766,1448,0,0,1,0,0
20770,1449,0,0,1,0,0
20814,1450,0,0,1,0,0
20827,1451,0,0,1,0,0
20828,1452,0,0,1,0,0
20842,1453,0,0,1,0,0
20849,1454,0,0,1,0,0
20851,1455,0,0,1,0,0
20875,1456,0,0,1,0,0
20890,1457,0,0,1,0,0
20891,1458,0,0,1,0,0
20931,1459,0,0,1,0,0
20951,1460,0,0,1,0,0
20958,1461,0,0,1,0,0
20979,1462,0,0,1,0,0
21020,1463,0,0,1,0,0
21080,1464,0,0,1,0,0
21103,1465,0,0,1,0,0
21123,1466,0,0,1,0,0
21131,1467,0,0,1,0,0
21140,1468,0,0,1,0,0
21165,1469,0,0,1,0,0
21183,1470,0,0,1,0,0
21184,1471,0,0,1,0,0
21224,1472,0,0,1,0,0
21232,1473,0,0,1,0,0
21248,1474,0,0,1,0,0
21253,1475,0,0,1,0,0
21263,1476,0,0,1,0,0
21280,1477,0,0,1,0,0
21287,1478,0,0,1,0,0
21292,1479,0,0,1,0,0
21325,1480,0,0,1,0,0
21338,1481,0,0,1,0,0
21340,1482,0,0,1,0,0
21343,1483,0,0,1,0,0
21365,1484,0,0,1,0,0
21382,1485,0,0,1,0,0
21432,1486,0,0,1,0,0
21437,1487,0,0,1,0,0
21439,1488,0,0,1,0,0
21473,1489,0,0,1,0,0
21482,1490,0,0,1,0,0
21502,1491,0,0,1,0,0
21515,1492,0,0,1,0,0
21522,1493,0,0,1,0,0
21535,1494,0,0,1,0,0
21539,1495,0,0,1,0,0
21553,1496,0,0,1,0,0
21567,1497,0,0,1,0,0
21583,1498,0,0,1,0,0
21590,1499,0,0,1,0,0
21595,1500,0,0,1,0,0
21624,1501,0,0,1,0,0
21646,1502,0,0,1,0,0
21670,1503,0,0,1,0,0
21678,1504,0,0,1,0,0
21680,1505,0,0,1,0,0
21691,1506,0,0,1,0,0
21727,1507,0,0,1,0,0
21769,1508,0,0,1,0,0
21775,1509,0,0,1,0,0
21788,1510,0,0,1,0,0
21800,1511,0,0,1,0,0
21802,1512,0,0,1,0,0
21805,1513,0,0,1,0,0
21824,1514,0,0,1,0,0
21849,1515,0,0,1,0,0
21898,1516,0,0,1,0,0
21908,1517,0,0,1,0,0
21920,1518,0,0,1,0,0
21926,1519,0,0,1,0,0
21929,1520,0,0,1,0,0
21962,1521,0,0,1,0,0
21992,1522,1,0,0,0,0
22016,1523,0,0,1,0,0
22023,1524,0,0,1,0,0
22030,1525,0,0,1,0,0
22051,1526,0,0,1,0,0
22057,1527,0,0,1,0,0
22058,1528,0,0,1,0,0
22085,1529,0,0,1,0,0
22109,1530,0,0,1,0,0
22167,1531,0,0,1,0,0
22202,1532,0,0,1,0,0
22239,1533,0,0,1,0,0
22281,1534,0,0,1,0,0
22329,1535,0,0,1,0,0
22341,1536,0,0,1,0,0
22344,1537,0,0,1,0,0
22362,1538,0,0,1,0,0
22386,1539,0,0,1,0,0
22394,1540,0,0,1,0,0
22406,1541,0,0,1,0,0
22419,1542,0,0,1,0,0
22431,1543,0,0,1,0,0
22454,1544,0,0,1,0,0
22455,1545,0,0,1,0,0
22463,1546,0,0,1,0,0
22465,1547,0,0,1,0,0
22471,1548,0,0,1,0,0
22488,1549,0,0,1,0,0
22516,1550,0,0,1,0,0
22520,1551,0,0,1,0,0
22540,1552,0,0,1,0,0
22556,1553,0,0,1,0,0
22602,1554,0,0,1,0,0
22631,1555,0,0,1,0,0
22633,1556,0,0,1,0,0
22636,1557,0,0,1,0,0
22663,1558,0,0,1,0,0
22678,1559,0,0,1,0,0
22700,1560,0,0,1,0,0
22725,1561,0,0,1,0,0
22738,1562,0,0,1,0,0
22770,1563,0,0,1,0,0
22813,1564,0,0,1,0,0
22850,1565,0,0,1,0,0
22857,1566,0,0,1,0,0
22866,1567,0,0,1,0,0
22898,1568,0,0,1,0,0
22908,1569,0,0,1,0,0
22911,1570,0,0,1,0,0
22912,1571,0,0,1,0,0
22926,1572,0,0,1,0,0
22936,1573,0,0,1,0,0
22940,1574,0,0,1,0,0
22950,1575,0,0,1,0,0
22953,1576,0,0,1,0,0
22986,1577,0,0,1,0,0
23003,1578,0,0,1,0,0
23010,1579,0,0,1,0,0
23011,1580,0,0,1,0,0
23016,1581,0,0,1,0,0
23049,1582,0,0,1,0,0
23056,1583,0,0,1,0,0
23060,1584,0,0,1,0,0
23071,1585,0,0,1,0,0
23077,1586,0,0,1,0,0
23080,1587,0,0,1,0,0
23094,1588,0,0,1,0,0
23118,1589,0,0,1,0,0
23154,1590,0,0,1,0,0
23163,1591,0,0,1,0,0
23166,1592,0,0,1,0,0
23173,1593,0,0,1,0,0
23177,1594,0,0,1,0,0
23178,1595,0,0,1,0,0
23183,1596,0,0,1,0,0
23202,1597,0,0,1,0,0
23211,1598,0,0,1,0,0
23214,1599,0,0,1,0,0
23255,1600,0,0,1,0,0
23259,1601,0,0,1,0,0
23278,1602,0,0,1,0,0
23316,1603,0,0,1,0,0
23331,1604,0,0,1,0,0
23334,1605,0,0,1,0,0
23352,1606,0,0,1,0,0
23383,1607,0,0,1,0,0
23394,1608,0,0,1,0,0
23397,1609,0,0,1,0,0
23411,1610,0,0,1,0,0
23418,1611,0,0,1,0,0
23423,1612,0,0,1,0,0
23455,1613,0,0,1,0,0
23457,1614,0,0,1,0,0
23465,1615,0,0,1,0,0
23470,1616,0,0,1,0,0
23485,1617,0,0,1,0,0
23488,1618,0,0,1,0,0
23512,1619,0,0,1,0,0
23518,1620,0,0,1,0,0
23576,1621,0,0,1,0,0
23622,1622,0,0,1,0,0
23624,1623,0,0,1,0,0
23680,1624,0,0,1,0,0
23742,1625,0,0,1,0,0
23757,1626,0,0,1,0,0
23760,1627,0,0,1,0,0
23764,1628,0,0,1,0,0
23796,1629,0,0,1,0,0
23833,1630,0,0,1,0,0
23869,1631,0,0,1,0,0
23886,1632,0,0,1,0,0
23917,1633,0,0,1,0,0
23947,1634,0,0,1,0,0
23973,1635,0,0,1,0,0
23985,1636,0,0,1,0,0
24009,1637,0,0,1,0,0
24016,1638,0,0,1,0,0
24031,1639,0,0,1,0,0
24085,1640,0,0,1,0,0
24088,1641,0,0,1,0,0
24105,1642,0,0,1,0,0
24128,1643,0,0,1,0,0
24175,1644,0,0,1,0,0
24213,1645,0,0,1,0,0
24260,1646,0,0,1,0,0
24306,1647,0,0,1,0,0
24310,1648,0,0,1,0,0
24340,1649,0,0,1,0,0
24344,1650,0,0,1,0,0
24354,1651,0,0,1,0,0
24374,1652,0,0,1,0,0
24378,1653,0,0,1,0,0
24390,1654,0,0,1,0,0
24413,1655,0,0,1,0,0
24428,1656,0,0,1,0,0
24446,1657,0,0,1,0,0
24451,1658,0,0,1,0,0
24483,1659,0,0,1,0,0
24485,1660,0,0,1,0,0
24491,1661,0,0,1,0,0
24534,1662,0,0,1,0,0
24550,1663,0,0,1,0,0
24575,1664,0,0,1,0,0
24607,1665,0,0,1,0,0
24630,1666,0,0,1,0,0
24635,1667,0,0,1,0,0
24653,1668,0,0,1,0,0
24665,1669,0,0,1,0,0
24698,1670,0,0,1,0,0
24740,1671,0,0,1,0,0
24749,1672,0,0,1,0,0
24767,1673,0,0,1,0,0
24773,1674,0,0,1,0,0
24784,1675,0,0,1,0,0
24808,1676,0,0,1,0,0
24814,1677,0,0,1,0,0
24819,1678,0,0,1,0,0
24827,1679,0,0,1,0,0
24870,1680,0,0,1,0,0
24873,1681,0,0,1,0,0
24894,1682,0,0,1,0,0
24923,1683,0,0,1,0,0
24925,1684,0,0,1,0,0
24948,1685,0,0,1,0,0
24993,1686,0,0,1,0,0
25010,1687,1,0,0,0,0
25014,1688,0,0,1,0,0
25017,1689,0,0,1,0,0
25021,1690,0,0,1,0,0
25024,1691,0,0,1,0,0
25046,1692,0,0,1,0,0
25059,1693,0,0,1,0,0
25066,1694,0,0,1,0,0
25093,1695,0,0,1,0,0
25102,1696,0,0,1,0,0
25103,1697,0,0,1,0,0
25160,1698,0,0,1,0,0
25169,1699,0,0,1,0,0
25191,1700,0,0,1,0,0
25197,1701,0,0,1,0,0
25241,1702,0,0,1,0,0
25256,1703,0,0,1,0,0
25280,1704,0,0,1,0,0
25284,1705,0,0,1,0,0
25298,1706,0,0,1,0,0
25316,1707,0,0,1,0,0
25327,1708,0,0,1,0,0
25350,1709,0,0,1,0,0
25357,1710,0,0,1,0,0
25376,1711,0,0,1,0,0
25382,1712,0,0,1,0,0
25385,1713,0,0,1,0,0
25386,1714,0,0,1,0,0
25398,1715,0,0,1,0,0
25413,1716,0,0,1,0,0
25437,1717,0,0,1,0,0
25455,1718,0,0,1,0,0
25462,1719,0,0,1,0,0
25467,1720,0,0,1,0,0
25477,1721,0,0,1,0,0
25528,1722,0,0,1,0,0
25529,1723,0,0,1,0,0
25533,1724,0,0,1,0,0
25537,1725,0,0,1,0,0
25540,1726,0,0,1,0,0
25572,1727,0,0,1,0,0
25579,1728,0,0,1,0,0
25594,1729,0,0,1,0,0
25636,1730,0,0,1,0,0
25660,1731,0,0,1,0,0
25668,1732,0,0,1,0,0
25700,1733,0,0,1,0,0
25719,1734,0,0,1,0,0
25747,1735,0,0,1,0,0
25759,1736,0,0,1,0,0
25796,1737,0,0,1,0,0
25802,1738,0,0,1,0,0
25810,1739,0,0,1,0,0
25827,1740,0,0,1,0,0
25863,1741,0,0,1,0,0
25886,1742,0,0,1,0,0
25903,1743,0,0,1,0,0
25906,1744,0,0,1,0,0
25934,1745,0,0,1,0,0
25939,1746,0,0,1,0,0
25950,1747,0,0,1,0,0
25962,1748,0,0,1,0,0
25970,1749,0,0,1,0,0
26008,1750,0,0,1,0,0
26022,1751,0,0,1,0,0
26023,1752,0,0,1,0,0
26033,1753,0,0,1,0,0
26059,1754,0,0,1,0,0
26064,1755,0,0,1,0,0
26104,1756,0,0,1,0,0
26126,1757,0,0,1,0,0
26190,1758,0,0,1,0,0
26217,1759,0,0,1,0,0
26242,1760,0,0,1,0,0
26246,1761,0,0,1,0,0
26259,1762,0,0,1,0,0
26270,1763,0,0,1,0,0
26274,1764,0,0,1,0,0
26276,1765,0,0,1,0,0
26360,1766,0,0,0,1,0
26369,1767,0,0,1,0,0
26376,1768,0,0,1,0,0
26381,1769,0,0,1,0,0
26389,1770,0,0,1,0,0
26399,1771,0,0,1,0,0
26402,1772,0,0,1,0,0
26421,1773,0,0,1,0,0
26444,1774,0,0,1,0,0
26452,1775,0,0,1,0,0
26482,1776,0,0,1,0,0
26540,1777,0,0,1,0,0
26585,1778,0,0,1,0,0
26593,1779,0,0,1,0,0
26610,1780,0,0,1,0,0
26619,1781,0,0,1,0,0
26631,1782,0,0,1,0,0
26646,1783,0,0,1,0,0
26647,1784,0,0,1,0,0
26663,1785,0,0,1,0,0
26669,1786,0,0,1,0,0
26670,1787,0,0,1,0,0
26712,1788,0,0,1,0,0
26730,1789,0,0,1,0,0
26741,1790,0,0,1,0,0
26760,1791,0,0,1,0,0
26771,1792,0,0,1,0,0
26782,1793,0,0,1,0,0
26796,1794,0,0,1,0,0
26872,1795,0,0,1,0,0
26876,1796,0,0,1,0,0
26886,1797,0,0,1,0,0
26888,1798,0,0,1,0,0
26930,1799,0,0,1,0,0
26944,1800,0,0,1,0,0
26948,1801,0,0,1,0,0
26959,1802,0,0,1,0,0
26968,1803,0,0,1,0,0
27004,1804,0,0,1,0,0
27010,1805,0,0,1,0,0
27015,1806,0,0,1,0,0
27056,1807,0,0,1,0,0
27063,1808,0,0,1,0,0
27064,1809,0,0,1,0,0
27109,1810,0,0,1,0,0
27111,1811,0,0,1,0,0
27168,1812,0,0,1,0,0
27174,1813,0,0,1,0,0
27189,1814,0,0,1,0,0
27206,1815,0,0,1,0,0
27213,1816,0,0,1,0,0
27260,1817,0,0,1,0,0
27265,1818,1,0,0,0,0
27307,1819,0,0,1,0,0
27333,1820,0,0,1,0,0
27347,1821,0,0,1,0,0
27350,1822,0,0,1,0,0
27358,1823,0,0,1,0,0
27361,1824,0,0,1,0,0
27365,1825,0,0,1,0,0
27366,1826,0,0,1,0,0
27437,1827,0,0,1,0,0
27439,1828,0,0,1,0,0
27444,1829,0,0,1,0,0
27455,1830,0,0,1,0,0
27474,1831,0,0,1,0,0
27492,1832,0,0,1,0,0
27498,1833,0,0,1,0,0
27519,1834,0,0,1,0,0
27523,1835,0,0,1,0,0
27532,1836,0,0,1,0,0
27539,1837,0,0,1,0,0
27544,1838,1,0,0,0,0
27576,1839,0,0,1,0,0
27598,1840,0,0,1,0,0
27627,1841,0,0,1,0,0
27634,1842,0,0,1,0,0
27640,1843,0,0,1,0,0
27671,1844,0,0,1,0,0
27754,1845,0,0,0,1,0
27762,1846,0,0,1,0,0
27770,1847,0,0,1,0,0
27780,1848,0,0,1,0,0
27851,1849,0,0,0,1,0
27889,1850,0,0,1,0,0
27898,1851,0,0,1,0,0
27915,1852,0,0,1,0,0
27985,1853,0,0,1,0,0
27986,1854,0,0,1,0,0
27990,1855,0,0,1,0,0
28000,1856,0,0,1,0,0
28026,1857,0,0,1,0,0
28033,1858,0,0,1,0,0
28068,1859,0,0,1,0,0
28072,1860,0,0,1,0,0
28075,1861,0,0,1,0,0
28076,1862,0,0,1,0,0
28118,1863,0,0,1,0,0
28121,1864,0,0,1,0,0
28145,1865,0,0,1,0,0
28147,1866,0,0,1,0,0
28160,1867,0,0,1,0,0
28203,1868,0,0,1,0,0
28216,1869,0,0,1,0,0
28218,1870,0,0,1,0,0
28246,1871,0,0,1,0,0
28259,1872,0,0,1,0,0
28260,1873,0,0,1,0,0
28264,1874,0,0,1,0,0
28267,1875,0,0,1,0,0
28283,1876,0,0,1,0,0
28284,1877,0,0,1,0,0
28285,1878,0,0,1,0,0
28326,1879,0,0,1,0,0
28331,1880,0,0,1,0,0
28336,1881,0,0,1,0,0
28340,1882,0,0,1,0,0
28356,1883,0,0,1,0,0
28367,1884,0,0,1,0,0
28414,1885,0,0,1,0,0
28429,1886,0,0,1,0,0
28453,1887,0,0,1,0,0
28470,1888,0,0,1,0,0
28475,1889,0,0,1,0,0
28488,1890,0,0,1,0,0
28502,1891,0,0,1,0,0
28540,1892,0,0,1,0,0
28542,1893,0,0,1,0,0
28586,1894,0,0,1,0,0
28596,1895,0,0,1,0,0
28620,1896,0,0,1,0,0
28624,1897,0,0,1,0,0
28636,1898,0,0,1,0,0
28638,1899,0,0,1,0,0
28697,1900,0,0,1,0,0
28721,1901,0,0,1,0,0
28764,1902,0,0,1,0,0
28784,1903,0,0,1,0,0
28786,1904,0,0,1,0,0
28795,1905,0,0,1,0,0
28800,1906,0,0,1,0,0
28803,1907,0,0,1,0,0
28822,1908,0,0,1,0,0
28824,1909,0,0,1,0,0
28840,1910,0,0,1,0,0
28879,1911,0,0,1,0,0
28914,1912,0,0,1,0,0
28917,1913,0,0,1,0,0
28935,1914,0,0,1,0,0
28947,1915,0,0,1,0,0
28984,1916,0,0,1,0,0
28997,1917,0,0,1,0,0
29028,1918,0,0,1,0,0
29029,1919,0,0,1,0,0
29054,1920,0,0,1,0,0
29060,1921,0,0,1,0,0
29099,1922,0,0,1,0,0
29108,1923,0,0,1,0,0
29109,1924,0,0,1,0,0
29140,1925,0,0,1,0,0
29160,1926,0,0,1,0,0
29181,1927,0,0,1,0,0
29185,1928,0,0,1,0,0
29209,1929,0,0,1,0,0
29234,1930,0,0,1,0,0
29261,1931,0,0,1,0,0
29274,1932,0,0,1,0,0
29291,1933,0,0,1,0,0
29293,1934,0,0,1,0,0
29305,1935,0,0,1,0,0
29321,1936,0,0,1,0,0
29387,1937,0,0,1,0,0
29394,1938,0,0,1,0,0
29415,1939,0,0,1,0,0
29428,1940,0,0,1,0,0
29449,1941,0,0,1,0,0
29465,1942,0,0,1,0,0
29467,1943,0,0,1,0,0
29500,1944,0,0,1,0,0
29508,1945,0,0,1,0,0
29510,1946,0,0,1,0,0
29569,1947,0,0,1,0,0
29573,1948,0,0,1,0,0
29584,1949,0,0,1,0,0
29621,1950,0,0,1,0,0
29632,1951,0,0,1,0,0
29635,1952,0,0,1,0,0
29682,1953,0,0,1,0,0
29689,1954,0,0,1,0,0
29693,1955,0,0,1,0,0
29717,1956,0,0,1,0,0
29752,1957,0,0,1,0,0
29757,1958,0,0,1,0,0
29760,1959,0,0,1,0,0
29808,1960,0,0,1,0,0
29828,1961,0,0,1,0,0
29847,1962,0,0,1,0,0
29857,1963,0,0,1,0,0
29861,1964,0,0,1,0,0
29931,1965,0,0,1,0,0
29945,1966,0,0,1,0,0
29949,1967,0,0,1,0,0
29951,1968,0,0,1,0,0
29974,1969,0,0,1,0,0
30020,1970,0,0,1,0,0
30026,1971,0,0,1,0,0
30038,1972,0,0,1,0,0
30067,1973,0,0,1,0,0
30121,1974,0,0,1,0,0
30122,1975,0,0,1,0,0
30133,1976,0,0,1,0,0
30155,1977,0,0,1,0,0
30156,1978,0,0,1,0,0
30158,1979,0,0,1,0,0
30181,1980,0,0,1,0,0
30194,1981,0,0,1,0,0
30208,1982,0,0,1,0,0
30262,1983,0,0,1,0,0
30270,1984,0,0,1,0,0
30305,1985,0,0,1,0,0
30346,1986,0,0,1,0,0
30397,1987,0,0,1,0,0
30421,1988,0,0,1,0,0
30422,1989,0,0,1,0,0
30451,1990,0,0,1,0,0
30456,1991,0,0,1,0,0
30493,1992,0,0,1,0,0
30507,1993,0,0,1,0,0
30544,1994,0,0,1,0,0
30565,1995,0,0,1,0,0
30602,1996,0,0,1,0,0
30610,1997,0,0,1,0,0
30641,1998,0,0,1,0,0
30647,1999,0,0,1,0,0
30670,2000,0,0,1,0,0
30677,2001,1,0,0,0,0
30681,2002,0,0,1,0,0
30691,2003,0,0,1,0,0
30697,2004,0,0,1,0,0
30744,2005,0,0,1,0,0
30765,2006,0,0,1,0,0
30771,2007,0,0,1,0,0
30773,2008,0,0,1,0,0
30811,2009,0,0,1,0,0
30819,2010,0,0,1,0,0
30820,2011,0,0,1,0,0
30866,2012,0,0,1,0,0
30867,2013,0,0,1,0,0
30868,2014,0,0,1,0,0
30884,2015,0,0,1,0,0
30895,2016,0,0,1,0,0
30955,2017,0,0,1,0,0
30957,2018,0,0,1,0,0
30958,2019,0,0,1,0,0
30975,2020,0,0,1,0,0
30989,2021,0,0,1,0,0
30995,2022,0,0,1,0,0
30996,2023,0,0,1,0,0
31002,2024,0,0,1,0,0
31009,2025,0,0,1,0,0
31020,2026,0,0,1,0,0
31022,2027,0,0,1,0,0
31043,2028,0,0,1,0,0
31088,2029,0,0,1,0,0
31112,2030,0,0,1,0,0
31114,2031,0,0,1,0,0
31197,2032,0,0,0,1,0
31267,2033,0,0,0,1,0
31274,2034,0,0,1,0,0
31321,2035,0,0,1,0,0
31341,2036,0,0,1,0,0
31365,2037,0,0,1,0,0
31373,2038,0,0,1,0,0
31388,2039,0,0,1,0,0
31389,2040,0,0,1,0,0
31392,2041,0,0,1,0,0
31417,2042,0,0,1,0,0
31419,2043,0,0,1,0,0
31458,2044,0,0,1,0,0
31491,2045,0,0,1,0,0
31505,2046,0,0,1,0,0
31510,2047,0,0,1,0,0
31513,2048,0,0,1,0,0
31538,2049,0,0,1,0,0
31540,2050,0,0,1,0,0
31580,2051,0,0,1,0,0
31598,2052,0,0,1,0,0
31613,2053,0,0,1,0,0
31620,2054,0,0,1,0,0
31642,2055,0,0,1,0,0
31659,2056,0,0,1,0,0
31668,2057,0,0,1,0,0
31682,2058,0,0,1,0,0
31685,2059,0,0,1,0,0
31728,2060,0,0,1,0,0
31729,2061,0,0,1,0,0
31761,2062,0,0,1,0,0
31762,2063,0,0,1,0,0
31769,2064,0,0,1,0,0
31771,2065,0,0,1,0,0
31779,2066,0,0,1,0,0
31785,2067,0,0,1,0,0
31812,2068,0,0,1,0,0
31822,2069,0,0,1,0,0
31824,2070,0,0,1,0,0
31849,2071,0,0,1,0,0
31895,2072,0,0,1,0,0
31912,2073,0,0,1,0,0
31991,2074,0,0,0,1,0
31999,2075,0,0,1,0,0
32000,2076,0,0,1,0,0
32010,2077,0,0,1,0,0
32027,2078,0,0,1,0,0
32035,2079,0,0,1,0,0
32047,2080,0,0,1,0,0
32049,2081,0,0,1,0,0
32096,2082,0,0,1,0,0
32104,2083,0,0,1,0,0
32105,2084,0,0,1,0,0
32120,2085,0,0,1,0,0
32126,2086,0,0,1,0,0
32133,2087,0,0,1,0,0
32138,2088,0,0,1,0,0
32142,2089,0,0,1,0,0
32154,2090,0,0,1,0,0
32175,2091,0,0,1,0,0
32197,2092,0,0,1,0,0
32198,2093,0,0,1,0,0
32264,2094,0,0,0,1,0
32281,2095,0,0,1,0,0
32282,2096,0,0,1,0,0
32314,2097,0,0,1,0,0
32356,2098,0,0,1,0,0
32403,2099,0,0,1,0,0
32410,2100,0,0,1,0,0
32420,2101,0,0,1,0,0
32455,2102,0,0,1,0,0
32457,2103,0,0,1,0,0
32494,2104,0,0,1,0,0
32518,2105,0,0,1,0,0
32522,2106,0,0,1,0,0
32523,2107,0,0,1,0,0
32531,2108,0,0,1,0,0
32570,2109,0,0,1,0,0
32601,2110,0,0,1,0,0
32612,2111,0,0,1,0,0
32689,2112,0,0,1,0,0
32691,2113,0,0,1,0,0
32697,2114,0,0,1,0,0
32702,2115,0,0,1,0,0
32708,2116,0,0,1,0,0
32733,2117,0,0,1,0,0
32734,2118,0,0,1,0,0
32735,2119,0,0,1,0,0
32736,2120,0,0,1,0,0
32759,2121,0,0,1,0,0
32783,2122,0,0,1,0,0
32825,2123,0,0,1,0,0
32840,2124,0,0,1,0,0
32852,2125,0,0,1,0,0
32892,2126,0,0,1,0,0
32894,2127,0,0,1,0,0
32920,2128,0,0,1,0,0
32925,2129,0,0,1,0,0
32926,2130,0,0,1,0,0
32937,2131,0,0,1,0,0
32949,2132,0,0,1,0,0
32951,2133,0,0,1,0,0
32953,2134,0,0,1,0,0
33015,2135,0,0,1,0,0
33033,2136,0,0,1,0,0
33052,2137,0,0,1,0,0
33062,2138,0,0,1,0,0
33074,2139,0,0,1,0,0
33098,2140,0,0,1,0,0
33105,2141,0,0,1,0,0
33122,2142,0,0,1,0,0
33136,2143,0,0,1,0,0
33156,2144,0,0,1,0,0
33160,2145,0,0,1,0,0
33215,2146,0,0,1,0,0
33224,2147,0,0,1,0,0
33226,2148,0,0,1,0,0
33235,2149,0,0,1,0,0
33267,2150,0,0,1,0,0
33304,2151,0,0,1,0,0
33312,2152,0,0,1,0,0
33360,2153,0,0,1,0,0
33364,2154,0,0,1,0,0
33378,2155,0,0,1,0,0
33409,2156,0,0,1,0,0
33460,2157,0,0,1,0,0
33465,2158,0,0,1,0,0
33499,2159,0,0,1,0,0
33508,2160,0,0,1,0,0
33528,2161,0,0,1,0,0
33532,2162,0,0,1,0,0
33548,2163,0,0,1,0,0
33553,2164,0,0,1,0,0
33562,2165,0,0,1,0,0
33587,2166,0,0,1,0,0
33598,2167,0,0,1,0,0
33600,2168,0,0,1,0,0
33602,2169,0,0,1,0,0
33604,2170,0,0,1,0,0
33636,2171,0,0,1,0,0
33642,2172,0,0,1,0,0
33713,2173,0,0,1,0,0
33770,2174,0,0,1,0,0
33773,2175,0,0,1,0,0
33795,2176,0,0,1,0,0
33806,2177,0,0,1,0,0
33829,2178,0,0,1,0,0
33841,2179,0,0,1,0,0
33846,2180,0,0,1,0,0
33867,2181,0,0,1,0,0
33880,2182,0,0,1,0,0
33886,2183,0,0,1,0,0
33892,2184,0,0,1,0,0
33937,2185,0,0,1,0,0
33986,2186,0,0,1,0,0
33987,2187,0,0,1,0,0
34005,2188,0,0,1,0,0
34009,2189,0,0,1,0,0
34014,2190,0,0,1,0,0
34018,2191,0,0,1,0,0
34051,2192,0,0,1,0,0
34060,2193,0,0,1,0,0
34077,2194,0,0,1,0,0
34079,2195,0,0,1,0,0
34105,2196,0,0,1,0,0
34176,2197,0,0,0,1,0
34182,2198,0,0,1,0,0
34184,2199,0,0,1,0,0
34189,2200,0,0,1,0,0
34210,2201,0,0,1,0,0
34251,2202,0,0,1,0,0
34266,2203,0,0,1,0,0
34278,2204,0,0,1,0,0
34285,2205,0,0,1,0,0
34289,2206,0,0,1,0,0
34290,2207,0,0,1,0,0
34337,2208,0,0,1,0,0
34339,2209,0,0,1,0,0
34411,2210,0,0,0,1,0
34419,2211,0,0,1,0,0
34449,2212,0,0,1,0,0
34476,2213,0,0,1,0,0
34477,2214,0,0,1,0,0
34497,2215,0,0,1,0,0
34551,2216,0,0,1,0,0
34563,2217,0,0,1,0,0
34575,2218,0,0,1,0,0
34604,2219,0,0,1,0,0
34609,2220,0,0,1,0,0
34624,2221,0,0,1,0,0
34693,2222,0,0,1,0,0
34732,2223,0,0,1,0,0
34735,2224,0,0,1,0,0
34801,2225,0,0,1,0,0
34802,2226,0,0,1,0,0
34813,2227,0,0,1,0,0
34821,2228,0,0,1,0,0
34865,2229,0,0,1,0,0
34878,2230,0,0,1,0,0
34889,2231,0,0,1,0,0
34900,2232,0,0,1,0,0
34926,2233,0,0,1,0,0
34932,2234,0,0,1,0,0
34962,2235,0,0,1,0,0
34984,2236,0,0,1,0,0
35070,2237,0,0,0,1,0
35138,2238,0,0,1,0,0
35143,2239,0,0,1,0,0
35147,2240,0,0,1,0,0
35179,2241,0,0,1,0,0
35200,2242,0,0,1,0,0
35207,2243,0,0,1,0,0
35211,2244,0,0,1,0,0
35219,2245,0,0,1,0,0
35243,2246,0,0,1,0,0
35251,2247,0,0,1,0,0
35273,2248,0,0,1,0,0
35303,2249,0,0,1,0,0
35314,2250,0,0,1,0,0
35367,2251,0,0,1,0,0
35371,2252,0,0,1,0,0
35431,2253,0,0,1,0,0
35452,2254,0,0,1,0,0
35459,2255,0,0,1,0,0
35466,2256,0,0,1,0,0
35491,2257,0,0,1,0,0
35493,2258,0,0,1,0,0
35497,2259,0,0,1,0,0
35513,2260,0,0,1,0,0
35526,2261,0,0,1,0,0
35539,2262,0,0,1,0,0
35541,2263,0,0,1,0,0
35564,2264,0,0,1,0,0
35609,2265,0,0,1,0,0
35610,2266,1,0,0,0,0
35612,2267,0,0,1,0,0
35619,2268,0,0,1,0,0
35621,2269,0,0,1,0,0
35624,2270,0,0,1,0,0
35643,2271,0,0,1,0,0
35664,2272,0,0,1,0,0
35695,2273,0,0,1,0,0
35708,2274,0,0,1,0,0
35728,2275,0,0,1,0,0
35748,2276,0,0,1,0,0
35757,2277,0,0,1,0,0
35789,2278,0,0,1,0,0
35827,2279,0,0,1,0,0
35829,2280,0,0,1,0,0
35832,2281,0,0,1,0,0
35918,2282,0,0,0,1,0
35961,2283,0,0,1,0,0
35964,2284,0,0,1,0,0
35985,2285,1,0,0,0,0
35986,2286,0,0,1,0,0
36015,2287,0,0,1,0,0
36016,2288,0,0,1,0,0
36031,2289,0,0,1,0,0
36035,2290,0,0,1,0,0
36055,2291,0,0,1,0,0
36071,2292,0,0,1,0,0
36073,2293,0,0,1,0,0
36079,2294,0,0,1,0,0
36090,2295,0,0,1,0,0
36092,2296,0,0,1,0,0
36118,2297,0,0,1,0,0
36129,2298,0,0,1,0,0
36171,2299,0,0,1,0,0
36213,2300,0,0,1,0,0
36252,2301,0,0,1,0,0
36279,2302,0,0,1,0,0
36285,2303,0,0,1,0,0
36286,2304,0,0,1,0,0
36338,2305,0,0,1,0,0
36342,2306,0,0,1,0,0
36345,2307,0,0,1,0,0
36347,2308,0,0,1,0,0
36353,2309,0,0,1,0,0
36364,2310,0,0,1,0,0
36376,2311,0,0,1,0,0
36377,2312,0,0,1,0,0
36390,2313,0,0,1,0,0
36433,2314,0,0,1,0,0
36445,2315,0,0,1,0,0
36515,2316,0,0,1,0,0
36525,2317,0,0,1,0,0
36557,2318,0,0,1,0,0
36570,2319,0,0,1,0,0
36584,2320,0,0,1,0,0
36589,2321,0,0,1,0,0
36591,2322,0,0,1,0,0
36619,2323,0,0,1,0,0
36652,2324,0,0,1,0,0
36664,2325,0,0,1,0,0
36668,2326,0,0,1,0,0
36676,2327,0,0,1,0,0
36721,2328,0,0,1,0,0
36751,2329,0,0,1,0,0
36771,2330,0,0,1,0,0
36800,2331,0,0,1,0,0
36876,2332,0,0,1,0,0
36894,2333,0,0,1,0,0
36904,2334,0,0,1,0,0
36945,2335,0,0,1,0,0
36948,2336,0,0,1,0,0
36961,2337,0,0,1,0,0
36964,2338,0,0,1,0,0
36966,2339,0,0,1,0,0
36971,2340,0,0,1,0,0
36997,2341,0,0,1,0,0
37049,2342,0,0,1,0,0
37050,2343,0,0,1,0,0
37129,2344,0,0,1,0,0
37130,2345,0,0,1,0,0
37212,2346,0,0,0,1,0
37220,2347,0,0,1,0,0
37228,2348,0,0,1,0,0
37280,2349,0,0,1,0,0
37328,2350,0,0,1,0,0
37342,2351,0,0,1,0,0
37343,2352,0,0,1,0,0
37368,2353,0,0,1,0,0
37406,2354,0,0,1,0,0
37434,2355,0,0,1,0,0
37435,2356,0,0,1,0,0
37472,2357,0,0,1,0,0
37483,2358,0,0,1,0,0
37486,2359,0,0,1,0,0
37501,2360,0,0,1,0,0
37525,2361,0,0,1,0,0
37544,2362,0,0,1,0,0
37579,2363,0,0,1,0,0
37601,2364,0,0,1,0,0
37627,2365,0,0,1,0,0
37672,2366,0,0,1,0,0
37678,2367,0,0,1,0,0
37689,2368,0,0,1,0,0
37730,2369,0,0,1,0,0
37743,2370,0,0,1,0,0
37800,2371,0,0,1,0,0
37801,2372,0,0,1,0,0
37802,2373,0,0,1,0,0
37803,2374,0,0,1,0,0
37804,2375,0,0,1,0,0
37828,2376,0,0,1,0,0
37836,2377,0,0,1,0,0
37845,2378,0,0,1,0,0
37846,2379,0,0,1,0,0
37850,2380,0,0,1,0,0
37873,2381,0,0,1,0,0
37878,2382,0,0,1,0,0
37906,2383,0,0,1,0,0
37927,2384,0,0,1,0,0
37936,2385,0,0,1,0,0
37963,2386,0,0,1,0,0
37976,2387,0,0,1,0,0
38002,2388,0,0,1,0,0
38017,2389,0,0,1,0,0
38028,2390,0,0,1,0,0
38032,2391,0,0,1,0,0
38036,2392,0,0,1,0,0
38049,2393,0,0,1,0,0
38066,2394,0,0,1,0,0
38076,2395,0,0,1,0,0
38141,2396,0,0,1,0,0
38147,2397,0,0,1,0,0
38172,2398,0,0,1,0,0
38188,2399,0,0,1,0,0
38197,2400,0,0,1,0,0
38208,2401,0,0,1,0,0
38286,2402,0,0,1,0,0
38316,2403,0,0,1,0,0
38321,2404,0,0,1,0,0
38331,2405,0,0,1,0,0
38335,2406,0,0,1,0,0
38341,2407,0,0,1,0,0
38397,2408,0,0,1,0,0
38427,2409,0,0,1,0,0
38478,2410,0,0,1,0,0
38486,2411,0,0,1,0,0
38505,2412,0,0,1,0,0
38547,2413,0,0,1,0,0
38551,2414,0,0,1,0,0
38574,2415,0,0,1,0,0
38617,2416,0,0,1,0,0
38653,2417,0,0,1,0,0
38689,2418,0,0,1,0,0
38718,2419,0,0,1,0,0
38729,2420,0,0,1,0,0
38733,2421,0,0,1,0,0
38742,2422,0,0,1,0,0
38744,2423,0,0,1,0,0
38749,2424,0,0,1,0,0
38751,2425,0,0,1,0,0
38778,2426,0,0,1,0,0
38855,2427,0,0,1,0,0
38875,2428,0,0,1,0,0
38898,2429,0,0,1,0,0
38927,2430,0,0,1,0,0
38963,2431,0,0,1,0,0
38964,2432,0,0,1,0,0
38997,2433,0,0,1,0,0
39012,2434,0,0,1,0,0
39019,2435,0,0,1,0,0
39069,2436,0,0,1,0,0
39070,2437,0,0,1,0,0
39082,2438,0,0,1,0,0
39101,2439,0,0,1,0,0
39119,2440,0,0,1,0,0
39132,2441,0,0,1,0,0
39155,2442,0,0,1,0,0
39168,2443,0,0,1,0,0
39192,2444,0,0,1,0,0
39199,2445,0,0,1,0,0
39219,2446,0,0,1,0,0
39222,2447,0,0,1,0,0
39237,2448,0,0,1,0,0
39243,2449,0,0,1,0,0
39245,2450,0,0,1,0,0
39277,2451,0,0,1,0,0
39286,2452,0,0,1,0,0
39289,2453,0,0,1,0,0
39290,2454,0,0,1,0,0
39308,2455,0,0,1,0,0
39314,2456,0,0,1,0,0
39364,2457,0,0,1,0,0
39373,2458,0,0,1,0,0
39393,2459,0,0,1,0,0
39401,2460,0,0,1,0,0
39407,2461,0,0,1,0,0
39411,2462,0,0,1,0,0
39414,2463,0,0,1,0,0
39430,2464,0,0,1,0,0
39446,2465,0,0,1,0,0
39464,2466,0,0,1,0,0
39485,2467,0,0,1,0,0
39571,2468,0,0,1,0,0
39572,2469,0,0,1,0,0
39597,2470,0,0,1,0,0
39607,2471,0,0,1,0,0
39641,2472,0,0,1,0,0
39688,2473,0,0,1,0,0
39695,2474,0,0,1,0,0
39715,2475,0,0,1,0,0
39723,2476,0,0,1,0,0
39730,2477,0,0,1,0,0
39753,2478,0,0,1,0,0
39790,2479,0,0,1,0,0
39808,2480,0,0,1,0,0
39829,2481,0,0,1,0,0
39847,2482,0,0,1,0,0
39868,2483,0,0,1,0,0
39952,2484,0,0,1,0,0
39985,2485,0,0,1,0,0
40040,2486,0,0,1,0,0
40061,2487,0,0,1,0,0
40103,2488,0,0,1,0,0
40133,2489,0,0,1,0,0
40189,2490,0,0,1,0,0
40200,2491,0,0,1,0,0
40205,2492,0,0,1,0,0
40219,2493,0,0,1,0,0
40228,2494,0,0,1,0,0
40281,2495,1,0,0,0,0
40319,2496,0,0,1,0,0
40330,2497,0,0,1,0,0
40369,2498,0,0,1,0,0
40382,2499,0,0,1,0,0
40383,2500,0,0,1,0,0
40385,2501,0,0,1,0,0
40386,2502,0,0,1,0,0
40395,2503,0,0,1,0,0
40400,2504,0,0,1,0,0
40438,2505,0,0,1,0,0
40460,2506,0,0,1,0,0
40487,2507,0,0,1,0,0
40499,2508,0,0,1,0,0
40520,2509,0,0,1,0,0
40591,2510,0,0,1,0,0
40592,2511,0,0,1,0,0
40607,2512,0,0,1,0,0
40641,2513,0,0,1,0,0
40669,2514,0,0,1,0,0
40677,2515,0,0,1,0,0
40717,2516,0,0,1,0,0
40723,2517,0,0,1,0,0
40748,2518,0,0,1,0,0
40771,2519,0,0,1,0,0
40776,2520,0,0,1,0,0
40814,2521,0,0,1,0,0
40815,2522,0,0,1,0,0
40855,2523,0,0,1,0,0
40859,2524,0,0,1,0,0
40860,2525,0,0,1,0,0
40866,2526,0,0,1,0,0
40914,2527,0,0,1,0,0
40933,2528,0,0,1,0,0
40939,2529,0,0,1,0,0
40962,2530,0,0,1,0,0
40976,2531,0,0,1,0,0
41014,2532,0,0,1,0,0
41032,2533,0,0,1,0,0
41043,2534,0,0,1,0,0
41047,2535,0,0,1,0,0
41061,2536,0,0,1,0,0
41074,2537,0,0,1,0,0
41091,2538,0,0,1,0,0
41095,2539,1,0,0,0,0
41108,2540,0,0,1,0,0
41110,2541,0,0,1,0,0
41140,2542,0,0,1,0,0
41169,2543,0,0,1,0,0
41187,2544,0,0,1,0,0
41193,2545,0,0,1,0,0
41243,2546,0,0,1,0,0
41264,2547,0,0,1,0,0
41267,2548,0,0,1,0,0
41296,2549,0,0,1,0,0
41323,2550,0,0,1,0,0
41326,2551,0,0,1,0,0
41379,2552,0,0,1,0,0
41387,2553,0,0,1,0,0
41424,2554,0,0,1,0,0
41425,2555,0,0,1,0,0
41467,2556,0,0,1,0,0
41474,2557,0,0,1,0,0
41475,2558,0,0,1,0,0
41488,2559,0,0,1,0,0
41500,2560,0,0,1,0,0
41507,2561,0,0,1,0,0
41515,2562,0,0,1,0,0
41519,2563,0,0,1,0,0
41545,2564,0,0,1,0,0
41556,2565,0,0,1,0,0
41635,2566,0,0,1,0,0
41678,2567,0,0,1,0,0
41680,2568,0,0,1,0,0
41683,2569,0,0,1,0,0
41708,2570,0,0,1,0,0
41725,2571,0,0,1,0,0
41740,2572,0,0,1,0,0
41747,2573,0,0,1,0,0
41757,2574,0,0,1,0,0
41791,2575,0,0,1,0,0
41843,2576,0,0,1,0,0
41853,2577,0,0,1,0,0
41893,2578,0,0,1,0,0
41898,2579,0,0,1,0,0
41900,2580,0,0,1,0,0
41905,2581,0,0,1,0,0
41919,2582,0,0,1,0,0
41964,2583,0,0,1,0,0
41970,2584,0,0,1,0,0
41983,2585,0,0,1,0,0
41985,2586,0,0,1,0,0
42032,2587,0,0,1,0,0
42033,2588,0,0,1,0,0
42065,2589,0,0,1,0,0
42072,2590,0,0,1,0,0
42144,2591,0,0,0,1,0
42176,2592,0,0,1,0,0
42180,2593,0,0,1,0,0
42203,2594,0,0,1,0,0
42206,2595,0,0,1,0,0
42285,2596,0,0,1,0,0
42366,2597,0,0,0,1,0
42423,2598,0,0,1,0,0
42433,2599,0,0,1,0,0
42444,2600,0,0,1,0,0
42453,2601,0,0,1,0,0
42466,2602,0,0,1,0,0
42499,2603,0,0,1,0,0
42524,2604,0,0,1,0,0
42551,2605,0,0,1,0,0
42568,2606,0,0,1,0,0
42576,2607,0,0,1,0,0
42582,2608,0,0,1,0,0
42604,2609,0,0,1,0,0
42617,2610,0,0,1,0,0
42633,2611,0,0,1,0,0
42641,2612,0,0,1,0,0
42644,2613,0,0,1,0,0
42697,2614,0,0,1,0,0
42743,2615,0,0,1,0,0
42763,2616,0,0,1,0,0
42798,2617,0,0,1,0,0
42810,2618,0,0,1,0,0
42845,2619,0,0,1,0,0
42849,2620,0,0,1,0,0
42872,2621,0,0,1,0,0
42927,2622,0,0,1,0,0
42936,2623,0,0,1,0,0
42939,2624,0,0,1,0,0
42970,2625,0,0,1,0,0
43004,2626,0,0,1,0,0
43005,2627,0,0,1,0,0
43038,2628,0,0,1,0,0
43081,2629,0,0,1,0,0
43115,2630,0,0,1,0,0
43123,2631,0,0,1,0,0
43155,2632,0,0,1,0,0
43178,2633,0,0,1,0,0
43209,2634,0,0,1,0,0
43213,2635,0,0,1,0,0
43216,2636,0,0,1,0,0
43219,2637,0,0,1,0,0
43304,2638,0,0,0,1,0
43317,2639,0,0,1,0,0
43348,2640,0,0,1,0,0
43376,2641,0,0,1,0,0
43379,2642,0,0,1,0,0
43398,2643,0,0,1,0,0
43415,2644,0,0,1,0,0
43440,2645,0,0,1,0,0
43465,2646,0,0,1,0,0
43506,2647,0,0,1,0,0
43510,2648,0,0,1,0,0
43524,2649,0,0,1,0,0
43534,2650,0,0,1,0,0
43548,2651,0,0,1,0,0
43585,2652,0,0,1,0,0
43648,2653,0,0,0,1,0
43652,2654,1,0,0,0,0
43664,2655,0,0,1,0,0
43667,2656,0,0,1,0,0
43681,2657,0,0,1,0,0
43689,2658,0,0,1,0,0
43742,2659,0,0,1,0,0
43745,2660,0,0,1,0,0
43772,2661,0,0,1,0,0
43788,2662,0,0,1,0,0
43852,2663,0,0,0,1,0
43854,2664,0,0,1,0,0
43881,2665,0,0,1,0,0
43945,2666,0,0,1,0,0
43948,2667,1,0,0,0,0
43965,2668,0,0,1,0,0
43968,2669,0,0,1,0,0
44015,2670,0,0,1,0,0
44026,2671,0,0,1,0,0
44060,2672,0,0,1,0,0
44063,2673,0,0,1,0,0
44088,2674,0,0,1,0,0
44132,2675,0,0,1,0,0
44159,2676,0,0,1,0,0
44209,2677,0,0,1,0,0
44234,2678,0,0,1,0,0
44242,2679,0,0,1,0,0
44266,2680,0,0,1,0,0
44291,2681,0,0,1,0,0
44309,2682,0,0,1,0,0
44313,2683,0,0,1,0,0
44324,2684,0,0,1,0,0
44346,2685,0,0,1,0,0
44386,2686,0,0,1,0,0
44399,2687,0,0,1,0,0
44404,2688,0,0,1,0,0
44431,2689,0,0,1,0,0
44436,2690,0,0,1,0,0
44509,2691,0,0,1,0,0
44551,2692,0,0,1,0,0
44622,2693,0,0,1,0,0
44639,2694,0,0,1,0,0
44662,2695,0,0,1,0,0
44664,2696,0,0,1,0,0
44708,2697,0,0,1,0,0
44722,2698,0,0,1,0,0
44753,2699,0,0,1,0,0
44760,2700,0,0,1,0,0
44789,2701,0,0,1,0,0
44852,2702,0,0,1,0,0
44855,2703,0,0,1,0,0
44923,2704,0,0,1,0,0
44977,2705,0,0,1,0,0
45024,2706,0,0,1,0,0
45060,2707,0,0,1,0,0
45101,2708,0,0,1,0,0
45184,2709,0,0,0,1,0
45217,2710,0,0,1,0,0
45248,2711,0,0,1,0,0
45251,2712,0,0,1,0,0
45255,2713,0,0,1,0,0
45277,2714,0,0,1,0,0
45282,2715,0,0,1,0,0
45283,2716,0,0,1,0,0
45284,2717,0,0,1,0,0
45301,2718,0,0,1,0,0
45302,2719,0,0,1,0,0
45335,2720,0,0,1,0,0
45367,2721,0,0,1,0,0
45373,2722,0,0,1,0,0
45443,2723,0,0,1,0,0
45453,2724,0,0,1,0,0
45459,2725,0,0,1,0,0
45472,2726,0,0,1,0,0
45498,2727,0,0,1,0,0
45538,2728,0,0,1,0,0
45542,2729,1,0,0,0,0
45579,2730,0,0,1,0,0
45664,2731,0,0,1,0,0
45686,2732,0,0,1,0,0
45722,2733,0,0,1,0,0
45761,2734,0,0,1,0,0
45825,2735,0,0,1,0,0
45857,2736,0,0,1,0,0
45859,2737,0,0,1,0,0
45928,2738,0,0,0,1,0
45949,2739,0,0,1,0,0
45983,2740,0,0,1,0,0
46000,2741,0,0,1,0,0
46002,2742,0,0,1,0,0
46012,2743,0,0,1,0,0
46033,2744,0,0,1,0,0
46041,2745,0,0,1,0,0
46042,2746,0,0,1,0,0
46061,2747,0,0,1,0,0
46084,2748,0,0,1,0,0
46085,2749,0,0,1,0,0
46090,2750,0,0,1,0,0
46099,2751,0,0,1,0,0
46103,2752,0,0,1,0,0
46111,2753,0,0,1,0,0
46141,2754,0,0,1,0,0
46143,2755,0,0,1,0,0
46154,2756,0,0,1,0,0
46199,2757,0,0,1,0,0
46202,2758,0,0,1,0,0
46218,2759,0,0,1,0,0
46261,2760,0,0,1,0,0
46269,2761,0,0,1,0,0
46295,2762,0,0,1,0,0
46308,2763,0,0,1,0,0
46323,2764,0,0,1,0,0
46411,2765,0,0,0,1,0
46417,2766,0,0,1,0,0
46420,2767,0,0,1,0,0
46433,2768,0,0,1,0,0
46487,2769,0,0,1,0,0
46513,2770,0,0,1,0,0
46525,2771,0,0,1,0,0
46526,2772,0,0,1,0,0
46570,2773,0,0,1,0,0
46573,2774,0,0,1,0,0
46577,2775,0,0,1,0,0
46581,2776,0,0,1,0,0
46591,2777,0,0,1,0,0
46623,2778,0,0,1,0,0
46626,2779,0,0,1,0,0
46647,2780,0,0,1,0,0
46686,2781,0,0,1,0,0
46771,2782,0,0,0,1,0
46773,2783,0,0,1,0,0
46821,2784,0,0,1,0,0
46823,2785,0,0,1,0,0
46831,2786,0,0,1,0,0
46847,2787,0,0,1,0,0
46861,2788,0,0,1,0,0
46884,2789,0,0,1,0,0
46901,2790,0,0,1,0,0
46922,2791,0,0,1,0,0
47004,2792,0,0,1,0,0
47011,2793,0,0,1,0,0
47055,2794,0,0,1,0,0
47058,2795,0,0,1,0,0
47071,2796,0,0,1,0,0
47114,2797,0,0,1,0,0
47161,2798,0,0,1,0,0
47173,2799,0,0,1,0,0
47176,2800,0,0,1,0,0
47201,2801,0,0,1,0,0
47214,2802,0,0,1,0,0
47235,2803,0,0,1,0,0
47250,2804,0,0,1,0,0
47326,2805,0,0,1,0,0
47341,2806,0,0,1,0,0
47343,2807,0,0,1,0,0
47361,2808,0,0,1,0,0
47372,2809,0,0,1,0,0
47374,2810,0,0,1,0,0
47377,2811,0,0,1,0,0
47378,2812,0,0,1,0,0
47385,2813,0,0,1,0,0
47391,2814,0,0,1,0,0
47423,2815,0,0,1,0,0
47511,2816,0,0,0,1,0
47513,2817,0,0,1,0,0
47524,2818,0,0,1,0,0
47548,2819,0,0,1,0,0
47568,2820,0,0,1,0,0
47587,2821,0,0,1,0,0
47619,2822,0,0,1,0,0
47621,2823,0,0,1,0,0
47662,2824,0,0,1,0,0
47672,2825,0,0,1,0,0
47685,2826,0,0,1,0,0
47711,2827,0,0,1,0,0
47757,2828,0,0,1,0,0
47782,2829,0,0,1,0,0
47789,2830,0,0,1,0,0
47790,2831,1,0,0,0,0
47803,2832,0,0,1,0,0
47817,2833,0,0,1,0,0
47827,2834,0,0,1,0,0
47831,2835,0,0,1,0,0
47863,2836,0,0,1,0,0
47875,2837,0,0,1,0,0
47881,2838,0,0,1,0,0
47957,2839,0,0,1,0,0
47996,2840,0,0,1,0,0
48022,2841,0,0,1,0,0
48052,2842,0,0,1,0,0
48070,2843,0,0,1,0,0
48079,2844,0,0,1,0,0
48154,2845,0,0,0,1,0
48170,2846,0,0,1,0,0
48215,2847,0,0,1,0,0
48216,2848,1,0,0,0,0
48239,2849,0,0,1,0,0
48274,2850,0,0,1,0,0
48351,2851,0,0,1,0,0
48362,2852,0,0,1,0,0
48443,2853,0,0,1,0,0
48456,2854,0,0,1,0,0
48471,2855,0,0,1,0,0
48484,2856,0,0,1,0,0
48502,2857,0,0,1,0,0
48528,2858,0,0,1,0,0
48532,2859,0,0,1,0,0
48542,2860,0,0,1,0,0
48559,2861,0,0,1,0,0
48664,2862,0,0,0,1,0
48690,2863,0,0,1,0,0
48708,2864,0,0,1,0,0
48711,2865,0,0,1,0,0
48726,2866,0,0,1,0,0
48741,2867,0,0,1,0,0
48792,2868,0,0,1,0,0
48796,2869,0,0,1,0,0
48801,2870,0,0,1,0,0
48803,2871,0,0,1,0,0
48839,2872,0,0,1,0,0
48872,2873,0,0,1,0,0
48895,2874,0,0,1,0,0
48959,2875,0,0,1,0,0
49030,2876,0,0,1,0,0
49036,2877,0,0,1,0,0
49105,2878,0,0,1,0,0
49113,2879,0,0,1,0,0
49155,2880,0,0,1,0,0
49176,2881,0,0,1,0,0
49183,2882,0,0,1,0,0
49193,2883,0,0,1,0,0
49207,2884,0,0,1,0,0
49214,2885,0,0,1,0,0
49229,2886,0,0,1,0,0
49230,2887,0,0,1,0,0
49233,2888,0,0,1,0,0
49242,2889,0,0,1,0,0
49255,2890,0,0,1,0,0
49280,2891,0,0,1,0,0
49315,2892,0,0,1,0,0
49331,2893,0,0,1,0,0
49353,2894,0,0,1,0,0
49355,2895,0,0,1,0,0
49434,2896,0,0,1,0,0
49443,2897,0,0,1,0,0
49459,2898,0,0,1,0,0
49489,2899,0,0,1,0,0
49507,2900,0,0,1,0,0
49547,2901,0,0,1,0,0
49553,2902,0,0,1,0,0
49574,2903,0,0,1,0,0
49598,2904,0,0,1,0,0
49671,2905,0,0,0,1,0
49673,2906,0,0,1,0,0
49690,2907,0,0,1,0,0
49698,2908,0,0,1,0,0
49704,2909,0,0,1,0,0
49705,2910,0,0,1,0,0
49763,2911,0,0,1,0,0
49765,2912,0,0,1,0,0
49773,2913,0,0,1,0,0
49794,2914,0,0,1,0,0
49810,2915,0,0,1,0,0
49820,2916,0,0,1,0,0
49826,2917,0,0,1,0,0
49843,2918,0,0,1,0,0
49851,2919,0,0,1,0,0
49853,2920,0,0,1,0,0
49907,2921,0,0,1,0,0
49909,2922,0,0,1,0,0
49931,2923,0,0,1,0,0
49956,2924,0,0,1,0,0
49959,2925,0,0,1,0,0
49961,2926,0,0,1,0,0
50032,2927,0,0,1,0,0
50035,2928,0,0,1,0,0
50068,2929,0,0,1,0,0
50085,2930,0,0,1,0,0
50135,2931,0,0,1,0,0
50136,2932,0,0,1,0,0
50165,2933,0,0,1,0,0
50171,2934,0,0,1,0,0
50204,2935,0,0,1,0,0
50215,2936,0,0,1,0,0
50241,2937,0,0,1,0,0
50270,2938,0,0,1,0,0
50307,2939,0,0,1,0,0
50331,2940,0,0,1,0,0
50338,2941,0,0,1,0,0
50392,2942,0,0,1,0,0
50410,2943,0,0,1,0,0
50468,2944,0,0,1,0,0
50473,2945,0,0,1,0,0
50497,2946,0,0,1,0,0
50504,2947,0,0,1,0,0
50535,2948,0,0,1,0,0
50536,2949,0,0,1,0,0
50545,2950,0,0,1,0,0
50552,2951,0,0,1,0,0
50570,2952,0,0,1,0,0
50575,2953,0,0,1,0,0
50576,2954,0,0,1,0,0
50586,2955,0,0,1,0,0
50611,2956,0,0,1,0,0
50617,2957,0,0,1,0,0
50622,2958,0,0,1,0,0
50689,2959,0,0,1,0,0
50720,2960,0,0,1,0,0
50748,2961,0,0,1,0,0
50764,2962,0,0,1,0,0
50773,2963,0,0,1,0,0
50791,2964,0,0,1,0,0
50792,2965,0,0,1,0,0
50815,2966,0,0,1,0,0
50823,2967,0,0,1,0,0
50826,2968,0,0,1,0,0
50838,2969,0,0,1,0,0
50853,2970,0,0,1,0,0
50871,2971,0,0,1,0,0
50924,2972,0,0,1,0,0
50926,2973,0,0,1,0,0
50940,2974,0,0,1,0,0
50951,2975,0,0,1,0,0
50961,2976,0,0,1,0,0
51013,2977,0,0,1,0,0
51036,2978,0,0,1,0,0
51057,2979,0,0,1,0,0
51060,2980,0,0,1,0,0
51074,2981,0,0,1,0,0
51086,2982,0,0,1,0,0
51097,2983,0,0,1,0,0
51124,2984,0,0,1,0,0
51146,2985,0,0,1,0,0
51232,2986,0,0,0,1,0
51242,2987,0,0,1,0,0
51265,2988,0,0,1,0,0
51297,2989,0,0,1,0,0
51341,2990,0,0,1,0,0
51349,2991,0,0,1,0,0
51363,2992,0,0,1,0,0
51366,2993,0,0,1,0,0
51372,2994,0,0,1,0,0
51385,2995,0,0,1,0,0
51479,2996,0,0,0,1,0
51520,2997,0,0,1,0,0
51590,2998,0,0,1,0,0
51611,2999,0,0,1,0,0
51618,3000,0,0,1,0,0
51700,3001,0,0,0,1,0
51762,3002,0,0,1,0,0
51785,3003,0,0,1,0,0
51831,3004,0,0,1,0,0
51879,3005,0,0,1,0,0
51944,3006,0,0,1,0,0
51962,3007,0,0,1,0,0
51970,3008,0,0,1,0,0
51973,3009,0,0,1,0,0
51983,3010,0,0,1,0,0
51998,3011,0,0,1,0,0
52000,3012,0,0,1,0,0
52007,3013,0,0,1,0,0
52023,3014,0,0,1,0,0
52030,3015,0,0,1,0,0
52032,3016,0,0,1,0,0
52042,3017,0,0,1,0,0
52068,3018,0,0,1,0,0
52150,3019,0,0,1,0,0
52154,3020,0,0,1,0,0
52180,3021,0,0,1,0,0
52188,3022,0,0,1,0,0
52231,3023,0,0,1,0,0
52248,3024,0,0,1,0,0
52267,3025,0,0,1,0,0
52280,3026,0,0,1,0,0
52291,3027,0,0,1,0,0
52314,3028,0,0,1,0,0
52332,3029,0,0,1,0,0
52340,3030,0,0,1,0,0
52351,3031,0,0,1,0,0
52353,3032,0,0,1,0,0
52421,3033,0,0,1,0,0
52423,3034,0,0,1,0,0
52450,3035,0,0,1,0,0
52453,3036,0,0,1,0,0
52491,3037,0,0,1,0,0
52503,3038,0,0,1,0,0
52528,3039,0,0,1,0,0
52529,3040,0,0,1,0,0
52530,3041,0,0,1,0,0
52538,3042,0,0,1,0,0
52554,3043,0,0,1,0,0
52572,3044,0,0,1,0,0
52598,3045,0,0,1,0,0
52604,3046,0,0,1,0,0
52606,3047,0,0,1,0,0
52656,3048,0,0,1,0,0
52661,3049,0,0,1,0,0
52676,3050,0,0,1,0,0
52757,3051,0,0,0,1,0
52760,3052,0,0,1,0,0
52783,3053,0,0,1,0,0
52800,3054,0,0,1,0,0
52805,3055,0,0,1,0,0
52818,3056,0,0,1,0,0
52824,3057,0,0,1,0,0
52893,3058,0,0,1,0,0
52903,3059,0,0,1,0,0
52933,3060,0,0,1,0,0
52936,3061,0,0,1,0,0
52976,3062,0,0,1,0,0
53026,3063,0,0,1,0,0
53054,3064,0,0,1,0,0
53059,3065,0,0,1,0,0
53088,3066,0,0,1,0,0
53094,3067,0,0,1,0,0
53111,3068,0,0,1,0,0
53122,3069,0,0,1,0,0
53135,3070,0,0,1,0,0
53166,3071,0,0,1,0,0
53200,3072,0,0,1,0,0
53243,3073,0,0,1,0,0
53283,3074,0,0,1,0,0
53319,3075,0,0,1,0,0
53332,3076,0,0,1,0,0
53354,3077,0,0,1,0,0
53355,3078,0,0,1,0,0
53391,3079,0,0,1,0,0
53410,3080,0,0,1,0,0
53416,3081,0,0,1,0,0
53439,3082,0,0,1,0,0
53444,3083,0,0,1,0,0
53463,3084,0,0,1,0,0
53466,3085,0,0,1,0,0
53491,3086,0,0,1,0,0
53536,3087,0,0,1,0,0
53540,3088,0,0,1,0,0
53597,3089,0,0,1,0,0
53610,3090,0,0,1,0,0
53617,3091,0,0,1,0,0
53643,3092,0,0,1,0,0
53647,3093,0,0,1,0,0
53691,3094,0,0,1,0,0
53709,3095,0,0,1,0,0
53748,3096,0,0,1,0,0
53757,3097,0,0,1,0,0
53795,3098,0,0,1,0,0
53805,3099,0,0,1,0,0
53819,3100,0,0,1,0,0
53828,3101,0,0,1,0,0
53831,3102,0,0,1,0,0
53844,3103,0,0,1,0,0
53900,3104,0,0,1,0,0
53911,3105,0,0,1,0,0
53919,3106,0,0,1,0,0
53926,3107,0,0,1,0,0
53933,3108,0,0,1,0,0
53944,3109,0,0,1,0,0
53948,3110,0,0,1,0,0
53964,3111,0,0,1,0,0
53972,3112,0,0,1,0,0
54057,3113,0,0,1,0,0
54082,3114,0,0,1,0,0
54095,3115,0,0,1,0,0
54106,3116,0,0,1,0,0
54156,3117,0,0,1,0,0
54178,3118,0,0,1,0,0
54208,3119,0,0,1,0,0
54258,3120,0,0,1,0,0
54267,3121,0,0,1,0,0
54310,3122,0,0,1,0,0
54371,3123,0,0,1,0,0
54384,3124,0,0,1,0,0
54400,3125,0,0,1,0,0
54425,3126,0,0,1,0,0
54440,3127,0,0,1,0,0
54503,3128,0,0,1,0,0
54534,3129,0,0,1,0,0
54579,3130,0,0,1,0,0
54587,3131,0,0,1,0,0
54595,3132,0,0,1,0,0
54611,3133,0,0,1,0,0
54706,3134,0,0,1,0,0
54764,3135,0,0,1,0,0
54785,3136,0,0,1,0,0
54792,3137,0,0,1,0,0
54864,3138,0,0,0,1,0
54872,3139,0,0,1,0,0
54892,3140,0,0,1,0,0
54939,3141,0,0,1,0,0
54958,3142,0,0,1,0,0
54961,3143,1,0,0,0,0
54972,3144,0,0,1,0,0
55016,3145,0,0,1,0,0
55019,3146,0,0,1,0,0
55055,3147,0,0,1,0,0
55069,3148,0,0,1,0,0
55097,3149,0,0,1,0,0
55153,3150,0,0,1,0,0
55165,3151,0,0,1,0,0
55168,3152,0,0,1,0,0
55200,3153,0,0,1,0,0
55216,3154,0,0,1,0,0
55217,3155,0,0,1,0,0
55248,3156,0,0,1,0,0
55264,3157,0,0,1,0,0
55282,3158,0,0,1,0,0
55285,3159,0,0,1,0,0
55337,3160,0,0,1,0,0
55341,3161,0,0,1,0,0
55344,3162,0,0,1,0,0
55354,3163,0,0,1,0,0
55370,3164,0,0,1,0,0
55373,3165,0,0,1,0,0
55457,3166,0,0,0,1,0
55486,3167,0,0,1,0,0
55532,3168,0,0,1,0,0
55557,3169,0,0,1,0,0
55602,3170,0,0,1,0,0
55609,3171,0,0,1,0,0
55686,3172,0,0,1,0,0
55715,3173,0,0,1,0,0
55717,3174,0,0,1,0,0
55776,3175,0,0,1,0,0
55799,3176,0,0,1,0,0
55804,3177,0,0,1,0,0
55826,3178,0,0,1,0,0
55854,3179,0,0,1,0,0
55897,3180,0,0,1,0,0
55905,3181,0,0,1,0,0
55908,3182,0,0,1,0,0
55926,3183,0,0,1,0,0
55927,3184,0,0,1,0,0
55943,3185,0,0,1,0,0
55994,3186,0,0,1,0,0
55997,3187,0,0,1,0,0
56037,3188,0,0,1,0,0
56042,3189,0,0,1,0,0
56044,3190,0,0,1,0,0
56077,3191,0,0,1,0,0
56083,3192,0,0,1,0,0
56101,3193,0,0,1,0,0
56105,3194,0,0,1,0,0
56126,3195,0,0,1,0,0
56146,3196,0,0,1,0,0
56188,3197,0,0,1,0,0
56215,3198,0,0,1,0,0
56225,3199,0,0,1,0,0
56277,3200,0,0,1,0,0
56303,3201,0,0,1,0,0
56347,3202,0,0,1,0,0
56367,3203,0,0,1,0,0
56423,3204,0,0,1,0,0
56439,3205,0,0,1,0,0
56444,3206,0,0,1,0,0
56452,3207,0,0,1,0,0
56459,3208,0,0,1,0,0
56483,3209,0,0,1,0,0
56484,3210,0,0,1,0,0
56527,3211,0,0,1,0,0
56547,3212,0,0,1,0,0
56580,3213,0,0,1,0,0
56616,3214,0,0,1,0,0
56653,3215,0,0,1,0,0
56666,3216,0,0,1,0,0
56690,3217,0,0,1,0,0
56724,3218,0,0,1,0,0
56725,3219,0,0,1,0,0
56734,3220,0,0,1,0,0
56787,3221,0,0,1,0,0
56870,3222,0,0,0,1,0
56882,3223,0,0,1,0,0
56914,3224,0,0,1,0,0
56934,3225,0,0,1,0,0
56953,3226,0,0,1,0,0
57007,3227,0,0,1,0,0
57020,3228,0,0,1,0,0
57049,3229,0,0,1,0,0
57125,3230,0,0,0,1,0
57133,3231,0,0,1,0,0
57217,3232,0,0,0,1,0
57265,3233,0,0,1,0,0
57273,3234,0,0,1,0,0
57277,3235,0,0,1,0,0
57282,3236,0,0,1,0,0
57293,3237,0,0,1,0,0
57299,3238,1,0,0,0,0
57301,3239,1,0,0,0,0
57330,3240,0,0,1,0,0
57348,3241,0,0,1,0,0
57368,3242,0,0,1,0,0
57408,3243,0,0,1,0,0
57427,3244,0,0,1,0,0
57452,3245,0,0,1,0,0
57454,3246,0,0,1,0,0
57521,3247,0,0,1,0,0
57549,3248,0,0,1,0,0
57551,3249,0,0,1,0,0
57566,3250,0,0,1,0,0
57574,3251,0,0,1,0,0
57606,3252,0,0,1,0,0
57615,3253,0,0,1,0,0
57619,3254,0,0,1,0,0
57716,3255,0,0,0,1,0
57756,3256,0,0,1,0,0
57768,3257,0,0,1,0,0
57816,3258,0,0,1,0,0
57817,3259,0,0,1,0,0
57858,3260,0,0,1,0,0
57918,3261,0,0,1,0,0
57938,3262,0,0,1,0,0
57945,3263,1,0,0,0,0
57984,3264,0,0,1,0,0
57985,3265,0,0,1,0,0
58045,3266,0,0,1,0,0
58046,3267,0,0,1,0,0
58118,3268,0,0,1,0,0
58130,3269,0,0,1,0,0
58157,3270,0,0,1,0,0
58224,3271,0,0,1,0,0
58242,3272,0,0,1,0,0
58262,3273,0,0,1,0,0
58273,3274,0,0,1,0,0
58328,3275,0,0,1,0,0
58350,3276,0,0,1,0,0
58375,3277,0,0,1,0,0
58388,3278,0,0,1,0,0
58393,3279,0,0,1,0,0
58395,3280,0,0,1,0,0
58426,3281,0,0,1,0,0
58451,3282,0,0,1,0,0
58484,3283,0,0,1,0,0
58502,3284,0,0,1,0,0
58512,3285,0,0,1,0,0
58548,3286,0,0,1,0,0
58552,3287,0,0,1,0,0
58600,3288,0,0,1,0,0
58636,3289,0,0,1,0,0
58654,3290,0,0,1,0,0
58715,3291,0,0,1,0,0
58815,3292,0,0,0,1,0
58830,3293,0,0,1,0,0
58836,3294,0,0,1,0,0
58877,3295,0,0,1,0,0
58901,3296,0,0,1,0,0
58930,3297,0,0,1,0,0
58936,3298,0,0,1,0,0
58941,3299,0,0,1,0,0
58952,3300,0,0,1,0,0
58962,3301,0,0,1,0,0
58988,3302,0,0,1,0,0
59011,3303,0,0,1,0,0
59079,3304,0,0,1,0,0
59085,3305,1,0,0,0,0
59100,3306,0,0,1,0,0
59116,3307,0,0,1,0,0
59120,3308,0,0,1,0,0
59212,3309,0,0,1,0,0
59290,3310,0,0,1,0,0
59305,3311,0,0,1,0,0
59336,3312,0,0,1,0,0
59370,3313,0,0,1,0,0
59421,3314,0,0,1,0,0
59426,3315,0,0,1,0,0
59487,3316,0,0,1,0,0
59493,3317,0,0,1,0,0
59560,3318,0,0,1,0,0
59571,3319,0,0,1,0,0
59579,3320,0,0,1,0,0
59594,3321,0,0,1,0,0
59635,3322,0,0,1,0,0
59675,3323,0,0,1,0,0
59755,3324,0,0,1,0,0
59839,3325,0,0,0,1,0
59921,3326,0,0,1,0,0
59926,3327,0,0,1,0,0
59939,3328,0,0,1,0,0
59946,3329,0,0,1,0,0
59989,3330,0,0,1,0,0
60078,3331,0,0,0,1,0
60079,3332,0,0,1,0,0
60133,3333,0,0,1,0,0
60159,3334,0,0,1,0,0
60161,3335,0,0,1,0,0
60197,3336,0,0,1,0,0
60242,3337,0,0,1,0,0
60261,3338,0,0,1,0,0
60279,3339,0,0,1,0,0
60285,3340,0,0,1,0,0
60289,3341,0,0,1,0,0
60313,3342,0,0,1,0,0
60319,3343,0,0,1,0,0
60380,3344,0,0,1,0,0
60392,3345,0,0,1,0,0
60431,3346,0,0,1,0,0
60465,3347,0,0,1,0,0
60489,3348,0,0,1,0,0
60494,3349,0,0,1,0,0
60516,3350,0,0,1,0,0
60597,3351,0,0,0,1,0
60683,3352,0,0,0,1,0
60698,3353,0,0,1,0,0
60741,3354,0,0,1,0,0
60791,3355,0,0,1,0,0
60871,3356,0,0,0,1,0
60874,3357,0,0,1,0,0
60876,3358,0,0,1,0,0
60885,3359,0,0,1,0,0
60938,3360,0,0,1,0,0
60977,3361,0,0,1,0,0
61016,3362,0,0,1,0,0
61044,3363,0,0,1,0,0
61062,3364,0,0,1,0,0
61089,3365,0,0,1,0,0
61124,3366,0,0,1,0,0
61171,3367,0,0,1,0,0
61173,3368,0,0,1,0,0
61180,3369,0,0,1,0,0
61184,3370,0,0,1,0,0
61274,3371,0,0,0,1,0
61288,3372,0,0,1,0,0
61338,3373,0,0,1,0,0
61339,3374,0,0,1,0,0
61351,3375,0,0,1,0,0
61436,3376,0,0,1,0,0
61437,3377,0,0,1,0,0
61453,3378,0,0,1,0,0
61494,3379,0,0,1,0,0
61527,3380,0,0,1,0,0
61598,3381,0,0,1,0,0
61610,3382,0,0,1,0,0
61645,3383,0,0,1,0,0
61752,3384,0,0,0,1,0
61812,3385,0,0,1,0,0
61859,3386,0,0,1,0,0
61896,3387,0,0,1,0,0
61917,3388,0,0,1,0,0
61925,3389,0,0,1,0,0
61945,3390,0,0,1,0,0
62053,3391,0,0,0,1,0
62082,3392,0,0,1,0,0
62142,3393,0,0,1,0,0
62168,3394,0,0,1,0,0
62169,3395,0,0,1,0,0
62200,3396,0,0,1,0,0
62220,3397,0,0,1,0,0
62306,3398,0,0,1,0,0
62371,3399,0,0,1,0,0
62372,3400,0,0,1,0,0
62427,3401,0,0,1,0,0
62432,3402,0,0,1,0,0
62456,3403,0,0,1,0,0
62465,3404,0,0,1,0,0
62466,3405,0,0,1,0,0
62486,3406,0,0,1,0,0
62501,3407,0,0,1,0,0
62534,3408,0,0,1,0,0
62600,3409,0,0,1,0,0
62608,3410,0,0,1,0,0
62697,3411,0,0,0,1,0
62704,3412,0,0,1,0,0
62726,3413,0,0,1,0,0
62781,3414,0,0,1,0,0
62826,3415,0,0,1,0,0
62839,3416,0,0,1,0,0
62840,3417,0,0,1,0,0
62843,3418,0,0,1,0,0
62856,3419,0,0,1,0,0
62889,3420,0,0,1,0,0
62892,3421,0,0,1,0,0
62896,3422,0,0,1,0,0
62936,3423,0,0,1,0,0
63017,3424,0,0,0,1,0
63039,3425,0,0,1,0,0
63083,3426,0,0,1,0,0
63112,3427,0,0,1,0,0
63113,3428,0,0,1,0,0
63170,3429,0,0,1,0,0
63199,3430,0,0,1,0,0
63275,3431,0,0,0,1,0
63311,3432,0,0,1,0,0
63369,3433,0,0,1,0,0
63373,3434,0,0,1,0,0
63459,3435,0,0,0,1,0
63498,3436,0,0,1,0,0
63509,3437,0,0,1,0,0
63522,3438,0,0,1,0,0
63557,3439,0,0,1,0,0
63591,3440,0,0,1,0,0
63628,3441,0,0,1,0,0
63639,3442,0,0,1,0,0
63685,3443,0,0,1,0,0
63775,3444,0,0,0,1,0
63801,3445,0,0,1,0,0
63802,3446,0,0,1,0,0
63808,3447,0,0,1,0,0
63872,3448,0,0,1,0,0
63918,3449,0,0,1,0,0
63942,3450,0,0,1,0,0
63981,3451,0,0,1,0,0
63999,3452,0,0,1,0,0
64073,3453,0,0,1,0,0
64102,3454,0,0,1,0,0
64118,3455,0,0,1,0,0
64153,3456,0,0,1,0,0
64193,3457,0,0,1,0,0
64215,3458,0,0,1,0,0
64230,3459,0,0,1,0,0
64231,3460,0,0,1,0,0
64249,3461,0,0,1,0,0
64265,3462,0,0,1,0,0
64277,3463,0,0,1,0,0
64288,3464,0,0,1,0,0
64327,3465,0,0,1,0,0
64336,3466,0,0,1,0,0
64378,3467,0,0,1,0,0
64432,3468,0,0,1,0,0
64447,3469,0,0,1,0,0
64454,3470,0,0,1,0,0
64493,3471,0,0,1,0,0
64501,3472,0,0,1,0,0
64503,3473,0,0,1,0,0
64587,3474,0,0,0,1,0
64598,3475,0,0,1,0,0
64666,3476,0,0,1,0,0
64750,3477,0,0,1,0,0
64768,3478,0,0,1,0,0
64795,3479,0,0,1,0,0
64802,3480,0,0,1,0,0
64817,3481,0,0,1,0,0
64856,3482,0,0,1,0,0
64863,3483,0,0,1,0,0
64968,3484,0,0,0,1,0
64997,3485,0,0,1,0,0
65031,3486,0,0,1,0,0
65053,3487,0,0,1,0,0
65058,3488,0,0,1,0,0
65082,3489,0,0,1,0,0
65087,3490,0,0,1,0,0
65112,3491,0,0,1,0,0
65169,3492,0,0,1,0,0
65198,3493,0,0,1,0,0
65205,3494,0,0,1,0,0
65217,3495,0,0,1,0,0
65248,3496,0,0,1,0,0
65258,3497,0,0,1,0,0
65269,3498,0,0,1,0,0
65276,3499,0,0,1,0,0
65295,3500,0,0,1,0,0
65410,3501,0,0,0,1,0
65445,3502,0,0,1,0,0
65480,3503,0,0,1,0,0
65484,3504,0,0,1,0,0
65519,3505,0,0,1,0,0
65540,3506,0,0,1,0,0
65552,3507,0,0,1,0,0
65582,3508,0,0,1,0,0
65596,3509,0,0,1,0,0
65681,3510,0,0,1,0,0
65691,3511,0,0,1,0,0
65709,3512,0,0,1,0,0
65713,3513,0,0,1,0,0
65725,3514,0,0,1,0,0
65751,3515,0,0,1,0,0
65756,3516,0,0,1,0,0
65763,3517,0,0,1,0,0
65789,3518,0,0,1,0,0
65820,3519,0,0,1,0,0
65826,3520,0,0,1,0,0
65835,3521,0,0,1,0,0
65843,3522,0,0,1,0,0
65871,3523,0,0,1,0,0
65873,3524,0,0,1,0,0
65948,3525,0,0,1,0,0
65971,3526,0,0,1,0,0
66049,3527,0,0,1,0,0
66072,3528,0,0,1,0,0
66156,3529,0,0,0,1,0
66166,3530,0,0,1,0,0
66181,3531,0,0,1,0,0
66201,3532,0,0,1,0,0
66221,3533,0,0,1,0,0
66275,3534,0,0,1,0,0
66283,3535,0,0,1,0,0
66300,3536,0,0,1,0,0
66301,3537,0,0,1,0,0
66402,3538,0,0,1,0,0
66406,3539,0,0,1,0,0
66425,3540,0,0,1,0,0
66439,3541,0,0,1,0,0
66497,3542,0,0,1,0,0
66522,3543,0,0,1,0,0
66525,3544,0,0,1,0,0
66531,3545,0,0,1,0,0
66617,3546,0,0,0,1,0
66685,3547,0,0,1,0,0
66771,3548,0,0,0,1,0
66809,3549,0,0,1,0,0
66819,3550,0,0,1,0,0
66825,3551,0,0,1,0,0
66850,3552,0,0,1,0,0
66866,3553,0,0,1,0,0
66904,3554,0,0,1,0,0
66941,3555,0,0,1,0,0
66951,3556,0,0,1,0,0
66991,3557,0,0,1,0,0
67065,3558,0,0,1,0,0
67134,3559,0,0,1,0,0
67147,3560,0,0,1,0,0
67149,3561,0,0,1,0,0
67153,3562,0,0,1,0,0
67160,3563,0,0,1,0,0
67173,3564,0,0,1,0,0
67174,3565,0,0,1,0,0
67226,3566,0,0,1,0,0
67230,3567,0,0,1,0,0
67250,3568,0,0,1,0,0
67259,3569,0,0,1,0,0
67271,3570,0,0,1,0,0
67272,3571,0,0,1,0,0
67330,3572,0,0,1,0,0
67384,3573,0,0,1,0,0
67411,3574,0,0,1,0,0
67425,3575,0,0,1,0,0
67440,3576,0,0,1,0,0
67457,3577,0,0,1,0,0
67528,3578,0,0,1,0,0
67581,3579,0,0,1,0,0
67645,3580,0,0,1,0,0
67679,3581,0,0,1,0,0
67686,3582,0,0,1,0,0
67717,3583,0,0,1,0,0
67815,3584,0,0,0,1,0
67899,3585,0,0,1,0,0
67988,3586,0,0,1,0,0
67996,3587,0,0,1,0,0
68007,3588,0,0,1,0,0
68031,3589,0,0,1,0,0
68087,3590,0,0,1,0,0
68088,3591,0,0,1,0,0
68111,3592,0,0,1,0,0
68194,3593,0,0,0,1,0
68204,3594,0,0,1,0,0
68230,3595,0,0,1,0,0
68310,3596,0,0,1,0,0
68345,3597,0,0,1,0,0
68467,3598,0,0,1,0,0
68479,3599,0,0,1,0,0
68536,3600,0,0,1,0,0
68566,3601,0,0,1,0,0
68598,3602,0,0,1,0,0
68607,3603,0,0,1,0,0
68619,3604,0,0,1,0,0
68623,3605,0,0,1,0,0
68650,3606,0,0,1,0,0
68654,3607,0,0,1,0,0
68714,3608,0,0,1,0,0
68823,3609,0,0,0,1,0
68857,3610,0,0,1,0,0
68876,3611,0,0,1,0,0
68880,3612,0,0,1,0,0
68934,3613,0,0,1,0,0
68973,3614,0,0,1,0,0
68974,3615,1,0,0,0,0
69009,3616,0,0,1,0,0
69016,3617,0,0,1,0,0
69026,3618,0,0,1,0,0
69033,3619,0,0,1,0,0
69046,3620,0,0,1,0,0
69047,3621,0,0,1,0,0
69060,3622,0,0,1,0,0
69120,3623,0,0,1,0,0
69168,3624,0,0,1,0,0
69185,3625,0,0,1,0,0
69279,3626,0,0,0,1,0
69328,3627,0,0,1,0,0
69402,3628,0,0,1,0,0
69406,3629,0,0,1,0,0
69519,3630,0,0,0,1,0
69525,3631,0,0,1,0,0
69587,3632,0,0,1,0,0
69588,3633,0,0,1,0,0
69646,3634,0,0,1,0,0
69666,3635,0,0,1,0,0
69674,3636,0,0,1,0,0
69683,3637,0,0,1,0,0
69707,3638,0,0,1,0,0
69800,3639,0,0,0,1,0
69845,3640,0,0,1,0,0
69922,3641,0,0,1,0,0
69979,3642,0,0,1,0,0
69987,3643,0,0,1,0,0
69994,3644,0,0,1,0,0
70020,3645,0,0,1,0,0
70064,3646,0,0,1,0,0
70121,3647,0,0,1,0,0
70162,3648,0,0,1,0,0
70169,3649,0,0,1,0,0
70192,3650,0,0,1,0,0
70207,3651,0,0,1,0,0
70260,3652,0,0,1,0,0
70292,3653,0,0,1,0,0
70295,3654,0,0,1,0,0
70348,3655,0,0,1,0,0
70350,3656,0,0,1,0,0
70374,3657,0,0,1,0,0
70380,3658,0,0,1,0,0
70404,3659,0,0,1,0,0
70407,3660,1,0,0,0,0
70427,3661,0,0,1,0,0
70484,3662,0,0,1,0,0
70511,3663,0,0,1,0,0
70512,3664,0,0,1,0,0
70517,3665,0,0,1,0,0
70553,3666,0,0,1,0,0
70559,3667,0,0,1,0,0
70585,3668,0,0,1,0,0
70596,3669,0,0,1,0,0
70607,3670,0,0,1,0,0
70642,3671,0,0,1,0,0
70674,3672,0,0,1,0,0
70750,3673,0,0,1,0,0
70761,3674,0,0,1,0,0
70795,3675,0,0,1,0,0
70845,3676,0,0,1,0,0
70927,3677,0,0,0,1,0
70976,3678,0,0,1,0,0
70993,3679,0,0,1,0,0
71049,3680,0,0,1,0,0
71051,3681,0,0,1,0,0
71134,3682,0,0,0,1,0
71173,3683,0,0,1,0,0
71179,3684,0,0,1,0,0
71195,3685,0,0,1,0,0
71250,3686,0,0,1,0,0
71263,3687,0,0,1,0,0
71298,3688,0,0,1,0,0
71309,3689,0,0,1,0,0
71329,3690,0,0,1,0,0
71376,3691,0,0,1,0,0
71440,3692,0,0,1,0,0
71461,3693,0,0,1,0,0
71540,3694,0,0,1,0,0
71541,3695,0,0,1,0,0
71542,3696,0,0,1,0,0
71565,3697,0,0,1,0,0
71589,3698,0,0,1,0,0
71678,3699,0,0,0,1,0
71681,3700,0,0,1,0,0
71694,3701,0,0,1,0,0
71710,3702,0,0,1,0,0
71800,3703,0,0,0,1,0
71820,3704,0,0,1,0,0
71860,3705,0,0,1,0,0
71906,3706,0,0,1,0,0
71997,3707,0,0,0,1,0
72091,3708,0,0,1,0,0
72154,3709,0,0,1,0,0
72164,3710,0,0,1,0,0
72198,3711,0,0,1,0,0
72281,3712,0,0,1,0,0
72298,3713,0,0,1,0,0
72324,3714,0,0,1,0,0
72342,3715,0,0,1,0,0
72432,3716,0,0,1,0,0
72519,3717,0,0,0,1,0
72548,3718,0,0,1,0,0
72555,3719,0,0,1,0,0
72572,3720,0,0,1,0,0
72663,3721,0,0,1,0,0
72681,3722,0,0,1,0,0
72700,3723,0,0,1,0,0
72791,3724,0,0,0,1,0
72792,3725,1,0,0,0,0
72857,3726,0,0,1,0,0
72913,3727,0,0,1,0,0
72938,3728,0,0,1,0,0
72964,3729,0,0,1,0,0
73015,3730,0,0,1,0,0
73098,3731,0,0,0,1,0
73099,3732,0,0,1,0,0
73174,3733,0,0,1,0,0
73192,3734,0,0,1,0,0
73207,3735,0,0,1,0,0
73276,3736,0,0,1,0,0
73337,3737,0,0,1,0,0
73421,3738,0,0,1,0,0
73478,3739,0,0,1,0,0
73524,3740,0,0,1,0,0
73542,3741,0,0,1,0,0
73631,3742,0,0,0,1,0
73665,3743,0,0,1,0,0
73674,3744,0,0,1,0,0
73755,3745,0,0,1,0,0
73763,3746,0,0,1,0,0
73770,3747,0,0,1,0,0
73812,3748,0,0,1,0,0
73832,3749,0,0,1,0,0
73836,3750,0,0,1,0,0
73841,3751,0,0,1,0,0
73844,3752,0,0,1,0,0
73848,3753,0,0,1,0,0
73856,3754,0,0,1,0,0
73880,3755,0,0,1,0,0
73882,3756,0,0,1,0,0
73895,3757,0,0,1,0,0
73900,3758,0,0,1,0,0
73914,3759,0,0,1,0,0
74003,3760,0,0,0,1,0
74015,3761,0,0,1,0,0
74036,3762,0,0,1,0,0
74102,3763,0,0,1,0,0
74119,3764,0,0,1,0,0
74200,3765,0,0,1,0,0
74253,3766,0,0,1,0,0
74283,3767,0,0,1,0,0
74387,3768,0,0,1,0,0
74426,3769,0,0,1,0,0
74459,3770,0,0,1,0,0
74500,3771,0,0,1,0,0
74508,3772,0,0,1,0,0
74557,3773,0,0,1,0,0
74637,3774,0,0,0,1,0
74680,3775,0,0,1,0,0
74789,3776,0,0,1,0,0
74828,3777,0,0,1,0,0
74832,3778,0,0,1,0,0
74842,3779,0,0,1,0,0
74868,3780,0,0,1,0,0
74956,3781,0,0,0,1,0
74983,3782,0,0,1,0,0
75006,3783,0,0,1,0,0
75104,3784,0,0,0,1,0
75107,3785,0,0,1,0,0
75191,3786,0,0,0,1,0
75214,3787,0,0,1,0,0
75258,3788,0,0,1,0,0
75343,3789,0,0,1,0,0
75424,3790,0,0,1,0,0
75511,3791,0,0,0,1,0
75571,3792,0,0,1,0,0
75591,3793,0,0,1,0,0
75613,3794,0,0,1,0,0
75624,3795,0,0,1,0,0
75649,3796,0,0,1,0,0
75655,3797,0,0,1,0,0
75691,3798,0,0,1,0,0
75765,3799,0,0,1,0,0
75773,3800,0,0,1,0,0
75862,3801,0,0,0,1,0
75871,3802,0,0,1,0,0
75972,3803,0,0,0,1,0
76031,3804,0,0,1,0,0
76056,3805,0,0,1,0,0
76064,3806,0,0,1,0,0
76068,3807,0,0,1,0,0
76149,3808,0,0,1,0,0
76191,3809,0,0,1,0,0
76223,3810,0,0,1,0,0
76307,3811,0,0,0,1,0
76368,3812,0,0,1,0,0
76369,3813,0,0,1,0,0
76442,3814,0,0,1,0,0
76450,3815,0,0,1,0,0
76466,3816,0,0,1,0,0
76477,3817,1,0,0,0,0
76524,3818,0,0,1,0,0
76527,3819,0,0,1,0,0
76603,3820,0,0,1,0,0
76699,3821,0,0,0,1,0
76730,3822,0,0,1,0,0
76758,3823,0,0,1,0,0
76772,3824,0,0,1,0,0
76814,3825,0,0,1,0,0
76891,3826,0,0,1,0,0
76962,3827,0,0,1,0,0
76964,3828,0,0,1,0,0
76973,3829,0,0,1,0,0
76976,3830,0,0,1,0,0
76979,3831,0,0,1,0,0
77010,3832,0,0,1,0,0
77083,3833,0,0,1,0,0
77103,3834,0,0,1,0,0
77195,3835,0,0,0,1,0
77252,3836,0,0,1,0,0
77282,3837,0,0,1,0,0
77363,3838,0,0,1,0,0
77371,3839,0,0,1,0,0
77459,3840,0,0,0,1,0
77528,3841,0,0,1,0,0
77537,3842,0,0,1,0,0
77620,3843,0,0,0,1,0
77654,3844,0,0,1,0,0
77658,3845,0,0,1,0,0
77667,3846,0,0,1,0,0
77722,3847,0,0,1,0,0
77763,3848,0,0,1,0,0
77768,3849,0,0,1,0,0
77772,3850,0,0,1,0,0
77830,3851,0,0,1,0,0
77943,3852,0,0,0,1,0
78045,3853,0,0,0,1,0
78076,3854,0,0,1,0,0
78171,3855,0,0,1,0,0
78187,3856,0,0,1,0,0
78212,3857,0,0,1,0,0
78238,3858,0,0,1,0,0
78320,3859,0,0,0,1,0
78325,3860,1,0,0,0,0
78374,3861,0,0,1,0,0
78465,3862,0,0,0,1,0
78498,3863,0,0,1,0,0
78517,3864,0,0,1,0,0
78563,3865,0,0,1,0,0
78569,3866,0,0,1,0,0
78656,3867,0,0,0,1,0
78658,3868,0,0,1,0,0
78747,3869,0,0,0,1,0
78783,3870,0,0,1,0,0
78800,3871,0,0,1,0,0
78806,3872,0,0,1,0,0
78813,3873,0,0,1,0,0
78930,3874,0,0,0,1,0
78973,3875,0,0,1,0,0
78981,3876,0,0,1,0,0
79088,3877,0,0,0,1,0
79110,3878,0,0,1,0,0
79170,3879,0,0,1,0,0
79235,3880,0,0,1,0,0
79275,3881,0,0,1,0,0
79365,3882,0,0,1,0,0
79395,3883,0,0,1,0,0
79409,3884,0,0,1,0,0
79468,3885,0,0,1,0,0
79513,3886,0,0,1,0,0
79549,3887,0,0,1,0,0
79600,3888,0,0,1,0,0
79623,3889,0,0,1,0,0
79644,3890,0,0,1,0,0
79660,3891,0,0,1,0,0
79703,3892,0,0,1,0,0
79723,3893,0,0,1,0,0
79817,3894,0,0,0,1,0
79849,3895,0,0,1,0,0
79945,3896,0,0,0,1,0
80043,3897,0,0,0,1,0
80142,3898,0,0,0,1,0
80227,3899,0,0,0,1,0
80246,3900,0,0,1,0,0
80336,3901,0,0,0,1,0
80420,3902,0,0,0,1,0
80508,3903,0,0,0,1,0
80554,3904,0,0,1,0,0
80597,3905,0,0,1,0,0
80603,3906,0,0,1,0,0
80679,3907,0,0,1,0,0
80754,3908,0,0,1,0,0
80775,3909,0,0,1,0,0
80792,3910,0,0,1,0,0
80878,3911,0,0,0,1,0
80959,3912,0,0,1,0,0
80967,3913,0,0,1,0,0
80971,3914,0,0,1,0,0
80981,3915,0,0,1,0,0
80990,3916,0,0,1,0,0
81080,3917,0,0,1,0,0
81176,3918,0,0,0,1,0
81272,3919,0,0,0,1,0
81344,3920,0,0,1,0,0
81376,3921,0,0,1,0,0
81378,3922,0,0,1,0,0
81429,3923,0,0,1,0,0
81520,3924,0,0,0,1,0
81544,3925,0,0,1,0,0
81632,3926,0,0,1,0,0
81687,3927,0,0,1,0,0
81786,3928,0,0,0,1,0
81796,3929,0,0,1,0,0
81821,3930,0,0,1,0,0
81868,3931,0,0,1,0,0
81885,3932,0,0,1,0,0
81920,3933,0,0,1,0,0
81989,3934,0,0,1,0,0
82018,3935,0,0,1,0,0
82025,3936,0,0,1,0,0
82028,3937,0,0,1,0,0
82055,3938,1,0,0,0,0
82075,3939,0,0,1,0,0
82133,3940,0,0,1,0,0
82143,3941,0,0,1,0,0
82151,3942,0,0,1,0,0
82223,3943,0,0,1,0,0
82274,3944,0,0,1,0,0
82284,3945,0,0,1,0,0
82348,3946,0,0,1,0,0
82460,3947,0,0,0,1,0
82506,3948,0,0,1,0,0
82545,3949,0,0,1,0,0
82632,3950,0,0,0,1,0
82719,3951,0,0,0,1,0
82732,3952,0,0,1,0,0
82757,3953,0,0,1,0,0
82766,3954,0,0,1,0,0
82863,3955,0,0,0,1,0
82887,3956,0,0,1,0,0
82903,3957,0,0,1,0,0
83000,3958,0,0,0,1,0
83091,3959,0,0,0,1,0
83171,3960,0,0,1,0,0
83193,3961,0,0,1,0,0
83271,3962,0,0,1,0,0
83384,3963,0,0,0,1,0
83434,3964,0,0,1,0,0
83504,3965,0,0,1,0,0
83556,3966,0,0,1,0,0
83561,3967,0,0,1,0,0
83650,3968,0,0,0,1,0
83658,3969,0,0,1,0,0
83691,3970,0,0,1,0,0
83730,3971,0,0,1,0,0
83746,3972,0,0,1,0,0
83842,3973,0,0,1,0,0
83895,3974,0,0,1,0,0
83931,3975,0,0,1,0,0
84006,3976,0,0,1,0,0
84095,3977,0,0,0,1,0
84124,3978,0,0,1,0,0
84142,3979,0,0,1,0,0
84152,3980,0,0,1,0,0
84231,3981,0,0,0,1,0
84278,3982,0,0,1,0,0
84343,3983,0,0,1,0,0
84405,3984,0,0,1,0,0
84441,3985,0,0,1,0,0
84509,3986,0,0,1,0,0
84541,3987,0,0,1,0,0
84549,3988,0,0,1,0,0
84571,3989,0,0,1,0,0
84575,3990,0,0,1,0,0
84620,3991,0,0,1,0,0
84713,3992,0,0,0,1,0
84717,3993,0,0,1,0,0
84772,3994,0,0,1,0,0
84798,3995,0,0,1,0,0
84808,3996,0,0,1,0,0
84864,3997,0,0,1,0,0
84896,3998,0,0,1,0,0
84985,3999,0,0,1,0,0
85011,4000,0,0,1,0,0
85085,4001,0,0,1,0,0
85090,4002,0,0,1,0,0
85156,4003,0,0,1,0,0
85158,4004,0,0,1,0,0
85184,4005,0,0,1,0,0
85216,4006,0,0,1,0,0
85324,4007,0,0,0,1,0
85419,4008,0,0,0,1,0
85424,4009,0,0,1,0,0
85518,4010,0,0,1,0,0
85560,4011,0,0,1,0,0
85614,4012,0,0,1,0,0
85616,4013,0,0,1,0,0
85650,4014,0,0,1,0,0
85713,4015,0,0,1,0,0
85821,4016,0,0,0,1,0
85824,4017,0,0,1,0,0
85826,4018,0,0,1,0,0
85911,4019,0,0,0,1,0
85966,4020,0,0,1,0,0
86052,4021,0,0,0,1,0
86053,4022,0,0,1,0,0
86062,4023,0,0,1,0,0
86113,4024,0,0,1,0,0
86199,4025,0,0,0,1,0
86218,4026,0,0,1,0,0
86311,4027,0,0,1,0,0
86376,4028,0,0,1,0,0
86448,4029,0,0,1,0,0
86449,4030,0,0,1,0,0
86501,4031,0,0,1,0,0
86618,4032,0,0,0,1,0
86657,4033,0,0,1,0,0
86687,4034,0,0,1,0,0
86772,4035,0,0,0,1,0
86844,4036,0,0,1,0,0
86847,4037,0,0,1,0,0
86848,4038,0,0,1,0,0
86940,4039,0,0,0,1,0
87033,4040,0,0,0,1,0
87102,4041,0,0,1,0,0
87187,4042,0,0,0,1,0
87190,4043,0,0,1,0,0
87282,4044,0,0,0,1,0
87331,4045,0,0,1,0,0
87415,4046,0,0,0,1,0
87466,4047,0,0,1,0,0
87594,4048,0,0,0,1,0
87714,4049,0,0,0,1,0
87833,4050,0,0,0,1,0
87898,4051,0,0,1,0,0
87925,4052,0,0,1,0,0
88014,4053,0,0,1,0,0
88114,4054,0,0,0,1,0
88169,4055,0,0,1,0,0
88258,4056,0,0,0,1,0
88290,4057,0,0,1,0,0
88309,4058,0,0,1,0,0
88363,4059,0,0,1,0,0
88444,4060,0,0,1,0,0
88468,4061,0,0,1,0,0
88481,4062,0,0,1,0,0
88492,4063,0,0,1,0,0
88499,4064,0,0,1,0,0
88510,4065,0,0,1,0,0
88623,4066,0,0,0,1,0
88665,4067,0,0,1,0,0
88723,4068,0,0,1,0,0
88737,4069,0,0,1,0,0
88752,4070,0,0,1,0,0
88791,4071,0,0,1,0,0
88877,4072,0,0,1,0,0
88996,4073,0,0,0,1,0
89019,4074,0,0,1,0,0
89116,4075,0,0,0,1,0
89207,4076,0,0,0,1,0
89282,4077,0,0,1,0,0
89322,4078,0,0,1,0,0
89362,4079,0,0,1,0,0
89481,4080,0,0,0,1,0
89585,4081,0,0,1,0,0
89676,4082,0,0,0,1,0
89767,4083,0,0,0,1,0
89869,4084,0,0,0,1,0
89873,4085,1,0,0,0,0
89968,4086,0,0,0,1,0
89983,4087,0,0,1,0,0
89990,4088,1,0,0,0,0
90086,4089,0,0,1,0,0
90131,4090,0,0,1,0,0
90239,4091,0,0,0,1,0
90268,4092,0,0,1,0,0
90304,4093,0,0,1,0,0
90400,4094,0,0,0,1,0
90500,4095,0,0,0,1,0
90517,4096,0,0,1,0,0
90613,4097,0,0,0,1,0
90702,4098,0,0,0,1,0
90708,4099,0,0,1,0,0
90712,4100,0,0,1,0,0
90738,4101,0,0,1,0,0
90756,4102,0,0,1,0,0
90765,4103,0,0,1,0,0
90863,4104,0,0,1,0,0
90979,4105,0,0,0,1,0
91075,4106,0,0,0,1,0
91088,4107,0,0,1,0,0
91204,4108,0,0,0,1,0
91274,4109,0,0,1,0,0
91390,4110,0,0,0,1,0
91393,4111,0,0,1,0,0
91499,4112,0,0,0,1,0
91609,4113,0,0,0,1,0
91672,4114,0,0,1,0,0
91779,4115,0,0,0,1,0
91867,4116,0,0,1,0,0
91962,4117,1,0,0,0,0
91988,4118,0,0,1,0,0
92002,4119,0,0,1,0,0
92100,4120,0,0,0,1,0
92102,4121,0,0,1,0,0
92109,4122,0,0,1,0,0
92206,4123,0,0,0,1,0
92296,4124,0,0,0,1,0
92352,4125,0,0,1,0,0
92447,4126,0,0,0,1,0
92540,4127,0,0,0,1,0
92650,4128,0,0,0,1,0
92741,4129,0,0,0,1,0
92742,4130,0,0,1,0,0
92861,4131,0,0,0,1,0
92968,4132,0,0,0,1,0
92982,4133,0,0,1,0,0
93041,4134,0,0,1,0,0
93132,4135,0,0,0,1,0
93234,4136,0,0,1,0,0
93273,4137,0,0,1,0,0
93308,4138,0,0,1,0,0
93326,4139,0,0,1,0,0
93407,4140,0,0,1,0,0
93531,4141,0,0,0,1,0
93637,4142,0,0,0,1,0
93722,4143,0,0,0,1,0
93809,4144,0,0,0,1,0
93902,4145,0,0,0,1,0
93986,4146,0,0,0,1,0
94071,4147,0,0,0,1,0
94160,4148,0,0,0,1,0
94243,4149,0,0,0,1,0
94351,4150,0,0,1,0,0
94407,4151,0,0,1,0,0
94461,4152,0,0,1,0,0
94584,4153,0,0,0,1,0
94697,4154,0,0,0,1,0
94796,4155,0,0,1,0,0
94893,4156,0,0,0,1,0
94966,4157,0,0,1,0,0
94991,4158,0,0,1,0,0
95044,4159,0,0,1,0,0
95046,4160,0,0,1,0,0
95061,4161,0,0,1,0,0
95101,4162,0,0,1,0,0
95125,4163,0,0,1,0,0
95176,4164,0,0,1,0,0
95277,4165,0,0,0,1,0
95289,4166,0,0,1,0,0
95361,4167,0,0,1,0,0
95443,4168,0,0,1,0,0
95543,4169,0,0,0,1,0
95599,4170,0,0,1,0,0
95724,4171,0,0,0,1,0
95792,4172,0,0,1,0,0
95905,4173,0,0,1,0,0
96027,4174,0,0,0,1,0
96037,4175,0,0,1,0,0
96180,4176,0,0,0,1,0
96296,4177,0,0,0,1,0
96396,4178,0,0,0,1,0
96494,4179,0,0,0,1,0
96503,4180,0,0,1,0,0
96511,4181,0,0,1,0,0
96529,4182,0,0,1,0,0
96539,4183,0,0,1,0,0
96659,4184,0,0,0,1,0
96715,4185,0,0,1,0,0
96804,4186,0,0,0,1,0
96900,4187,0,0,1,0,0
96962,4188,0,0,1,0,0
97065,4189,0,0,0,1,0
97079,4190,0,0,1,0,0
97197,4191,0,0,0,1,0
97316,4192,0,0,0,1,0
97344,4193,0,0,1,0,0
97400,4194,0,0,1,0,0
97498,4195,0,0,1,0,0
97555,4196,0,0,1,0,0
97661,4197,0,0,0,1,0
97689,4198,1,0,0,0,0
97787,4199,0,0,0,1,0
97898,4200,0,0,0,1,0
97992,4201,0,0,0,1,0
98014,4202,0,0,1,0,0
98053,4203,0,0,1,0,0
98176,4204,0,0,0,1,0
98224,4205,0,0,1,0,0
98285,4206,0,0,1,0,0
98413,4207,0,0,0,1,0
98443,4208,0,0,1,0,0
98548,4209,0,0,0,1,0
98662,4210,0,0,1,0,0
98695,4211,0,0,1,0,0
98716,4212,0,0,1,0,0
98740,4213,0,0,1,0,0
98782,4214,0,0,1,0,0
98809,4215,0,0,1,0,0
98933,4216,0,0,0,1,0
99050,4217,0,0,1,0,0
99147,4218,0,0,0,1,0
99248,4219,0,0,0,1,0
99274,4220,0,0,1,0,0
99388,4221,0,0,0,1,0
99457,4222,0,0,1,0,0
99558,4223,0,0,0,1,0
99664,4224,0,0,0,1,0
99794,4225,0,0,0,1,0
99900,4226,0,0,0,1,0
99934,4227,0,0,1,0,0
100022,4228,0,0,0,1,0
100148,4229,0,0,0,1,0
100233,4230,0,0,1,0,0
100254,4231,0,0,1,0,0
100321,4232,0,0,1,0,0
100437,4233,0,0,0,1,0
100546,4234,0,0,0,1,0
100632,4235,0,0,0,1,0
100661,4236,0,0,1,0,0
100775,4237,0,0,0,1,0
100888,4238,0,0,0,1,0
100988,4239,0,0,0,1,0
101112,4240,0,0,0,1,0
101216,4241,0,0,0,1,0
101308,4242,0,0,0,1,0
101454,4243,0,0,0,1,0
101541,4244,0,0,0,1,0
101564,4245,0,0,1,0,0
101679,4246,0,0,0,1,0
101713,4247,0,0,1,0,0
101813,4248,0,0,0,1,0
101912,4249,0,0,0,1,0
102036,4250,0,0,0,1,0
102149,4251,0,0,1,0,0
102288,4252,0,0,0,1,0
102428,4253,0,0,0,1,0
102516,4254,0,0,0,1,0
102610,4255,0,0,0,1,0
102669,4256,0,0,1,0,0
102790,4257,0,0,1,0,0
102911,4258,0,0,0,1,0
102916,4259,1,0,0,0,0
102920,4260,1,0,0,0,0
102942,4261,0,0,1,0,0
103074,4262,0,0,0,1,0
103206,4263,0,0,1,0,0
103208,4264,0,0,1,0,0
103305,4265,0,0,0,1,0
103413,4266,0,0,0,1,0
103500,4267,0,0,1,0,0
103508,4268,0,0,1,0,0
103617,4269,0,0,0,1,0
103619,4270,0,0,1,0,0
103663,4271,0,0,1,0,0
103781,4272,0,0,1,0,0
103814,4273,0,0,1,0,0
103914,4274,0,0,1,0,0
104040,4275,0,0,1,0,0
104149,4276,0,0,0,1,0
104164,4277,0,0,1,0,0
104184,4278,0,0,1,0,0
104185,4279,0,0,1,0,0
104256,4280,0,0,1,0,0
104378,4281,0,0,0,1,0
104467,4282,0,0,0,1,0
104477,4283,0,0,1,0,0
104611,4284,0,0,0,1,0
104704,4285,0,0,0,1,0
104811,4286,0,0,0,1,0
104899,4287,0,0,0,1,0
104912,4288,0,0,1,0,0
105020,4289,0,0,0,1,0
105129,4290,0,0,0,1,0
105136,4291,0,0,1,0,0
105251,4292,0,0,0,1,0
105281,4293,0,0,1,0,0
105340,4294,0,0,1,0,0
105448,4295,0,0,0,1,0
105585,4296,0,0,0,1,0
105687,4297,0,0,1,0,0
105804,4298,0,0,0,1,0
105810,4299,1,0,0,0,0
105823,4300,0,0,1,0,0
105931,4301,0,0,0,1,0
105933,4302,1,0,0,0,0
106073,4303,0,0,0,1,0
106163,4304,0,0,0,1,0
106286,4305,0,0,0,1,0
106314,4306,0,0,1,0,0
106318,4307,0,0,1,0,0
106329,4308,0,0,1,0,0
106459,4309,0,0,0,1,0
106580,4310,0,0,0,1,0
106593,4311,0,0,1,0,0
106683,4312,0,0,0,1,0
106777,4313,0,0,0,1,0
106873,4314,0,0,1,0,0
106890,4315,0,0,1,0,0
107016,4316,0,0,0,1,0
107029,4317,0,0,1,0,0
107096,4318,0,0,1,0,0
107203,4319,0,0,0,1,0
107230,4320,0,0,1,0,0
107346,4321,0,0,1,0,0
107460,4322,0,0,0,1,0
107550,4323,0,0,0,1,0
107642,4324,0,0,0,1,0
107767,4325,0,0,0,1,0
107795,4326,0,0,1,0,0
107877,4327,0,0,1,0,0
107997,4328,0,0,0,1,0
108122,4329,0,0,0,1,0
108220,4330,0,0,0,1,0
108314,4331,0,0,0,1,0
108415,4332,0,0,0,1,0
108422,4333,0,0,1,0,0
108528,4334,0,0,0,1,0
108661,4335,0,0,0,1,0
108777,4336,0,0,0,1,0
108870,4337,0,0,0,1,0
108992,4338,0,0,0,1,0
109107,4339,0,0,0,1,0
109215,4340,0,0,0,1,0
109350,4341,0,0,0,1,0
109436,4342,0,0,0,1,0
109560,4343,0,0,0,1,0
109658,4344,0,0,0,1,0
109758,4345,0,0,0,1,0
109763,4346,0,0,1,0,0
109873,4347,0,0,1,0,0
109958,4348,0,0,0,1,0
110048,4349,0,0,0,1,0
110113,4350,0,0,1,0,0
110207,4351,0,0,0,1,0
110320,4352,0,0,1,0,0
110332,4353,0,0,1,0,0
110420,4354,0,0,1,0,0
110437,4355,0,0,1,0,0
110551,4356,0,0,0,1,0
110585,4357,0,0,1,0,0
110675,4358,0,0,1,0,0
110764,4359,0,0,0,1,0
110863,4360,0,0,0,1,0
111001,4361,0,0,0,1,0
111116,4362,0,0,0,1,0
111251,4363,0,0,0,1,0
111332,4364,0,0,1,0,0
111431,4365,0,0,0,1,0
111463,4366,0,0,1,0,0
111464,4367,1,0,0,0,0
111520,4368,0,0,1,0,0
111613,4369,0,0,0,1,0
111699,4370,0,0,0,1,0
111709,4371,0,0,1,0,0
111713,4372,0,0,1,0,0
111800,4373,0,0,0,1,0
111887,4374,0,0,1,0,0
111957,4375,0,0,1,0,0
112063,4376,0,0,0,1,0
112165,4377,0,0,0,1,0
112270,4378,0,0,0,1,0
112393,4379,0,0,0,1,0
112476,4380,0,0,1,0,0
112605,4381,0,0,0,1,0
112612,4382,0,0,1,0,0
112673,4383,0,0,1,0,0
112760,4384,0,0,1,0,0
112875,4385,0,0,0,1,0
113001,4386,0,0,0,1,0
113104,4387,0,0,0,1,0
113212,4388,0,0,0,1,0
113308,4389,0,0,0,1,0
113428,4390,0,0,0,1,0
113543,4391,0,0,0,1,0
113665,4392,0,0,0,1,0
113682,4393,0,0,1,0,0
113736,4394,0,0,1,0,0
113821,4395,0,0,1,0,0
113854,4396,0,0,1,0,0
113963,4397,0,0,0,1,0
114076,4398,0,0,0,1,0
114116,4399,0,0,1,0,0
114129,4400,0,0,1,0,0
114217,4401,0,0,0,1,0
114335,4402,0,0,0,1,0
114465,4403,0,0,0,1,0
114562,4404,0,0,0,1,0
114669,4405,0,0,0,1,0
114767,4406,0,0,0,1,0
114863,4407,0,0,0,1,0
114995,4408,0,0,0,1,0
115045,4409,0,0,1,0,0
115084,4410,0,0,1,0,0
115214,4411,0,0,0,1,0
115303,4412,0,0,0,1,0
115368,4413,0,0,1,0,0
115500,4414,0,0,0,1,0
115640,4415,0,0,0,1,0
115655,4416,0,0,1,0,0
115767,4417,0,0,0,1,0
115901,4418,0,0,0,1,0
115999,4419,0,0,0,1,0
116128,4420,0,0,0,1,0
116186,4421,0,0,1,0,0
116275,4422,0,0,0,1,0
116380,4423,0,0,1,0,0
116521,4424,0,0,0,1,0
116580,4425,0,0,1,0,0
116645,4426,0,0,1,0,0
116744,4427,0,0,0,1,0
116862,4428,0,0,0,1,0
116951,4429,0,0,0,1,0
117067,4430,0,0,0,1,0
117074,4431,0,0,1,0,0
117180,4432,0,0,0,1,0
117195,4433,0,0,1,0,0
117296,4434,0,0,0,1,0
117405,4435,0,0,0,1,0
117417,4436,0,0,1,0,0
117518,4437,0,0,0,1,0
117619,4438,0,0,0,1,0
117727,4439,0,0,0,1,0
117816,4440,0,0,0,1,0
117925,4441,0,0,0,1,0
118040,4442,0,0,0,1,0
118162,4443,0,0,0,1,0
118279,4444,0,0,0,1,0
118376,4445,0,0,0,1,0
118477,4446,0,0,0,1,0
118559,4447,0,0,1,0,0
118682,4448,0,0,1,0,0
118805,4449,0,0,1,0,0
118898,4450,0,0,0,1,0
119020,4451,0,0,0,1,0
119126,4452,0,0,0,1,0
119249,4453,0,0,0,1,0
119300,4454,0,0,1,0,0
119326,4455,0,0,1,0,0
119425,4456,0,0,0,1,0
119484,4457,0,0,1,0,0
119628,4458,0,0,0,1,0
119735,4459,0,0,1,0,0
119866,4460,0,0,0,1,0
119986,4461,0,0,0,1,0
120057,4462,0,0,1,0,0
120156,4463,0,0,0,1,0
120186,4464,0,0,1,0,0
120284,4465,0,0,0,1,0
120400,4466,0,0,0,1,0
120495,4467,0,0,0,1,0
120499,4468,1,0,0,0,0
120607,4469,0,0,0,1,0
120718,4470,0,0,0,1,0
120752,4471,0,0,1,0,0
120841,4472,0,0,0,1,0
120880,4473,0,0,1,0,0
120990,4474,0,0,0,1,0
121043,4475,0,0,1,0,0
121134,4476,0,0,0,1,0
121243,4477,0,0,0,1,0
121330,4478,0,0,0,1,0
121428,4479,0,0,0,1,0
121493,4480,0,0,1,0,0
121520,4481,0,0,1,0,0
121654,4482,0,0,0,1,0
121717,4483,0,0,1,0,0
121785,4484,0,0,1,0,0
121896,4485,0,0,0,1,0
121988,4486,0,0,0,1,0
122092,4487,0,0,0,1,0
122179,4488,0,0,0,1,0
122308,4489,0,0,0,1,0
122397,4490,0,0,0,1,0
122507,4491,0,0,0,1,0
122591,4492,0,0,0,1,0
122697,4493,0,0,0,1,0
122801,4494,0,0,1,0,0
122925,4495,0,0,0,1,0
123048,4496,0,0,0,1,0
123151,4497,0,0,1,0,0
123254,4498,0,0,0,1,0
123378,4499,0,0,0,1,0
123480,4500,0,0,0,1,0
123502,4501,0,0,1,0,0
123605,4502,0,0,0,1,0
123633,4503,0,0,1,0,0
123728,4504,0,0,0,1,0
123735,4505,1,0,0,0,0
123839,4506,0,0,0,1,0
123853,4507,0,0,1,0,0
123962,4508,0,0,1,0,0
124081,4509,0,0,0,1,0
124193,4510,0,0,0,1,0
124031,0,0,0,1,0,0
124144,1,0,0,0,1,0
124253,2,0,0,0,1,0
124356,3,0,0,0,1,0
124446,4,0,0,1,0,0
124588,5,0,0,0,1,0
124689,6,0,0,0,1,0
124791,7,0,0,0,1,0
124890,8,0,0,0,1,0
125014,9,0,0,0,1,0
125106,10,0,0,0,1,0
125201,11,0,0,0,1,0
125338,12,0,0,0,1,0
125422,13,0,0,0,1,0
125429,14,0,0,1,0,0
125441,15,0,0,1,0,0
125582,16,0,0,0,1,0
125628,17,0,0,1,0,0
125717,18,0,0,0,1,0
125813,19,0,0,0,1,0
125899,20,0,0,0,1,0
126027,21,0,0,0,1,0
126111,22,0,0,0,1,0
126218,23,0,0,0,1,0
126333,24,0,0,0,1,0
126464,25,0,0,0,1,0
126569,26,0,0,0,1,0
126658,27,0,0,0,1,0
126751,28,0,0,0,1,0
126779,29,0,0,1,0,0
126829,30,0,0,1,0,0
126957,31,0,0,0,1,0
127079,32,0,0,0,1,0
127220,33,0,0,0,1,0
127263,34,0,0,1,0,0
127399,35,0,0,0,1,0
127485,36,0,0,0,1,0
127575,37,0,0,0,1,0
127595,38,0,0,1,0,0
127712,39,0,0,0,1,0
127815,40,0,0,0,1,0
127917,41,0,0,0,1,0
128005,42,0,0,0,1,0
128094,43,0,0,0,1,0
128220,44,0,0,0,1,0
128323,45,0,0,0,1,0
128457,46,0,0,0,1,0
128480,47,0,0,1,0,0
128489,48,0,0,1,0,0
128605,49,0,0,0,1,0
128619,50,0,0,1,0,0
128721,51,0,0,0,1,0
128798,52,0,0,1,0,0
128886,53,0,0,1,0,0
129018,54,0,0,0,1,0
129133,55,0,0,0,1,0
129242,56,0,0,0,1,0
129388,57,0,0,0,1,0
129451,58,0,0,1,0,0
129501,59,0,0,1,0,0
129613,60,0,0,0,1,0
129673,61,0,0,1,0,0
129764,62,0,0,1,0,0
129860,63,0,0,0,1,0
129952,64,0,0,0,1,0
130070,65,0,0,0,1,0
130174,66,0,0,0,1,0
130197,67,0,0,1,0,0
130198,68,0,0,1,0,0
130227,69,0,0,1,0,0
130338,70,0,0,0,1,0
130410,71,0,0,1,0,0
130497,72,0,0,1,0,0
130583,73,0,0,0,1,0
130692,74,0,0,0,1,0
130820,75,0,0,0,1,0
130924,76,0,0,0,1,0
131048,77,0,0,0,1,0
131145,78,0,0,1,0,0
131237,79,0,0,0,1,0
131285,80,0,0,1,0,0
131411,81,0,0,0,1,0
131500,82,0,0,0,1,0
131599,83,0,0,0,1,0
131706,84,0,0,0,1,0
131797,85,0,0,0,1,0
131924,86,0,0,0,1,0
132034,87,0,0,0,1,0
132128,88,0,0,0,1,0
132138,89,0,0,1,0,0
132228,90,0,0,1,0,0
132343,91,0,0,0,1,0
132469,92,0,0,0,1,0
132584,93,0,0,0,1,0
132697,94,0,0,1,0,0
132781,95,0,0,0,1,0
132887,96,0,0,0,1,0
133002,97,0,0,0,1,0
133124,98,0,0,0,1,0
133139,99,0,0,1,0,0
133248,100,0,0,0,1,0
133293,101,0,0,1,0,0
133332,102,0,0,1,0,0
133452,103,0,0,0,1,0
133500,104,0,0,1,0,0
133624,105,0,0,0,1,0
133756,106,0,0,0,1,0
133853,107,0,0,0,1,0
133977,108,0,0,0,1,0
134078,109,0,0,0,1,0
134176,110,0,0,0,1,0
134287,111,0,0,1,0,0
134293,112,0,0,1,0,0
134351,113,0,0,1,0,0
134361,114,0,0,1,0,0
134462,115,0,0,0,1,0
134472,116,0,0,1,0,0
134600,117,0,0,0,1,0
134718,118,0,0,0,1,0
134738,119,0,0,1,0,0
134854,120,0,0,0,1,0
134904,121,0,0,1,0,0
134949,122,0,0,1,0,0
135081,123,0,0,0,1,0
135105,124,0,0,1,0,0
135237,125,0,0,0,1,0
135369,126,0,0,0,1,0
135505,127,0,0,0,1,0
135588,128,0,0,0,1,0
135684,129,0,0,0,1,0
135805,130,0,0,0,1,0
135941,131,0,0,0,1,0
136065,132,0,0,0,1,0
136190,133,0,0,0,1,0
136282,134,0,0,0,1,0
136403,135,0,0,0,1,0
136442,136,0,0,1,0,0
136546,137,0,0,0,1,0
136640,138,0,0,0,1,0
136768,139,0,0,0,1,0
136808,140,0,0,1,0,0
136821,141,0,0,1,0,0
136825,142,0,0,1,0,0
136915,143,0,0,0,1,0
136964,144,0,0,1,0,0
137057,145,0,0,1,0,0
137174,146,0,0,0,1,0
137309,147,0,0,0,1,0
137325,148,0,0,1,0,0
137423,149,0,0,0,1,0
137516,150,0,0,0,1,0
137639,151,0,0,0,1,0
137739,152,0,0,0,1,0
137759,153,0,0,1,0,0
137898,154,0,0,0,1,0
138030,155,0,0,1,0,0
138146,156,0,0,0,1,0
138237,157,0,0,0,1,0
138319,158,0,0,1,0,0
138408,159,0,0,1,0,0
138490,160,0,0,1,0,0
138638,161,0,0,0,1,0
138721,162,0,0,0,1,0
138825,163,0,0,0,1,0
138933,164,0,0,0,1,0
139062,165,0,0,0,1,0
139133,166,0,0,1,0,0
139198,167,0,0,1,0,0
139322,168,0,0,0,1,0
139407,169,0,0,0,1,0
139537,170,0,0,0,1,0
139632,171,0,0,0,1,0
139685,172,0,0,1,0,0
139796,173,0,0,1,0,0
139850,174,0,0,1,0,0
139976,175,0,0,0,1,0
140066,176,0,0,0,1,0
140138,177,0,0,1,0,0
140174,178,0,0,1,0,0
140263,179,0,0,1,0,0
140352,180,0,0,0,1,0
140441,181,0,0,0,1,0
140532,182,0,0,0,1,0
140637,183,0,0,0,1,0
140739,184,0,0,0,1,0
140844,185,0,0,0,1,0
140935,186,0,0,1,0,0
141022,187,0,0,0,1,0
141126,188,0,0,1,0,0
141218,189,0,0,0,1,0
141283,190,0,0,1,0,0
141405,191,0,0,0,1,0
141459,192,0,0,1,0,0
141591,193,0,0,0,1,0
141716,194,0,0,0,1,0
141807,195,0,0,0,1,0
141927,196,0,0,1,0,0
142047,197,0,0,0,1,0
142141,198,0,0,0,1,0
142234,199,0,0,0,1,0
142352,200,0,0,0,1,0
142441,201,0,0,0,1,0
142523,202,0,0,1,0,0
142627,203,0,0,0,1,0
142679,204,0,0,1,0,0
142783,205,0,0,0,1,0
142886,206,0,0,0,1,0
142981,207,0,0,0,1,0
142993,208,0,0,1,0,0
143117,209,0,0,0,1,0
143207,210,0,0,0,1,0
143293,211,0,0,0,1,0
143389,212,0,0,0,1,0
143514,213,0,0,0,1,0
143629,214,0,0,0,1,0
143650,215,0,0,1,0,0
143759,216,0,0,0,1,0
143888,217,0,0,0,1,0
144008,218,0,0,0,1,0
144099,219,0,0,0,1,0
144236,220,0,0,0,1,0
144332,221,0,0,0,1,0
144423,222,0,0,0,1,0
144550,223,0,0,0,1,0
144683,224,0,0,0,1,0
144689,225,0,0,1,0,0
144821,226,0,0,0,1,0
144919,227,0,0,0,1,0
145023,228,0,0,1,0,0
145095,229,0,0,1,0,0
145181,230,0,0,0,1,0
145306,231,0,0,0,1,0
145402,232,0,0,0,1,0
145468,233,0,0,1,0,0
145565,234,0,0,0,1,0
145680,235,0,0,0,1,0
145801,236,0,0,0,1,0
145806,237,0,0,1,0,0
145817,238,0,0,1,0,0
145953,239,0,0,0,1,0
145994,240,0,0,1,0,0
146139,241,0,0,0,1,0
146166,242,0,0,1,0,0
146284,243,0,0,0,1,0
146383,244,0,0,0,1,0
146482,245,0,0,1,0,0
146561,246,0,0,1,0,0
146666,247,0,0,0,1,0
146694,248,0,0,1,0,0
146802,249,0,0,0,1,0
146928,250,0,0,0,1,0
147001,251,0,0,1,0,0
147107,252,0,0,0,1,0
147221,253,0,0,0,1,0
147313,254,0,0,0,1,0
147454,255,0,0,0,1,0
147519,256,0,0,1,0,0
147624,257,0,0,0,1,0
147743,258,0,0,0,1,0
147837,259,0,0,0,1,0
147943,260,0,0,0,1,0
147946,261,0,0,1,0,0
148053,262,0,0,0,1,0
148174,263,0,0,0,1,0
148281,264,0,0,0,1,0
148330,265,0,0,1,0,0
148454,266,0,0,0,1,0
148572,267,0,0,0,1,0
148665,268,0,0,1,0,0
148750,269,0,0,1,0,0
148847,270,0,0,0,1,0
148937,271,0,0,1,0,0
149062,272,0,0,0,1,0
149066,273,0,0,1,0,0
149156,274,0,0,0,1,0
149201,275,0,0,1,0,0
149295,276,0,0,0,1,0
149399,277,0,0,0,1,0
149409,278,0,0,1,0,0
149448,279,0,0,1,0,0
149566,280,0,0,0,1,0
149671,281,0,0,0,1,0
149810,282,0,0,1,0,0
149906,283,0,0,0,1,0
149908,284,1,0,0,0,0
150041,285,0,0,0,1,0
150078,286,0,0,1,0,0
150186,287,0,0,0,1,0
150233,288,0,0,1,0,0
150332,289,0,0,0,1,0
150454,290,0,0,0,1,0
150508,291,0,0,1,0,0
150597,292,0,0,0,1,0
150626,293,0,0,1,0,0
150736,294,0,0,0,1,0
150765,295,0,0,1,0,0
150879,296,0,0,0,1,0
150998,297,0,0,0,1,0
151095,298,0,0,0,1,0
151196,299,0,0,0,1,0
151295,300,0,0,1,0,0
151384,301,0,0,0,1,0
151387,302,1,0,0,0,0
151505,303,0,0,0,1,0
151605,304,0,0,0,1,0
151722,305,0,0,0,1,0
151797,306,0,0,1,0,0
151911,307,0,0,0,1,0
152015,308,0,0,0,1,0
152101,309,0,0,0,1,0
152209,310,0,0,1,0,0
152327,311,0,0,0,1,0
152413,312,0,0,0,1,0
152484,313,0,0,1,0,0
152519,314,0,0,1,0,0
152531,315,0,0,1,0,0
152674,316,0,0,0,1,0
152772,317,0,0,0,1,0
152808,318,0,0,1,0,0
152911,319,0,0,0,1,0
153000,320,0,0,0,1,0
153015,321,0,0,1,0,0
153113,322,0,0,0,1,0
153123,323,0,0,1,0,0
153132,324,0,0,1,0,0
153259,325,0,0,1,0,0
153385,326,0,0,0,1,0
153424,327,0,0,1,0,0
153447,328,0,0,1,0,0
153518,329,0,0,1,0,0
153642,330,0,0,0,1,0
153731,331,0,0,0,1,0
153797,332,0,0,1,0,0
153922,333,0,0,0,1,0
154028,334,0,0,0,1,0
154035,335,0,0,1,0,0
154123,336,0,0,0,1,0
154240,337,0,0,0,1,0
154331,338,0,0,0,1,0
154438,339,0,0,0,1,0
154450,340,0,0,1,0,0
154489,341,0,0,1,0,0
154602,342,0,0,0,1,0
154730,343,0,0,0,1,0
154865,344,0,0,0,1,0
154886,345,0,0,1,0,0
155005,346,0,0,0,1,0
155043,347,0,0,1,0,0
155097,348,0,0,1,0,0
155186,349,0,0,0,1,0
155295,350,0,0,0,1,0
155434,351,0,0,0,1,0
155553,352,0,0,0,1,0
155598,353,0,0,1,0,0
155688,354,0,0,0,1,0
155799,355,0,0,0,1,0
155892,356,0,0,0,1,0
155916,357,0,0,1,0,0
155951,358,0,0,1,0,0
156079,359,0,0,0,1,0
156163,360,0,0,1,0,0
156166,361,0,0,1,0,0
156260,362,0,0,0,1,0
156353,363,0,0,0,1,0
156447,364,0,0,0,1,0
156458,365,0,0,1,0,0
156541,366,0,0,0,1,0
156680,367,0,0,0,1,0
156810,368,0,0,0,1,0
156897,369,0,0,0,1,0
156985,370,0,0,0,1,0
157054,371,0,0,1,0,0
157160,372,0,0,0,1,0
157265,373,0,0,0,1,0
157353,374,0,0,0,1,0
157453,375,0,0,0,1,0
157555,376,0,0,0,1,0
157658,377,0,0,0,1,0
157728,378,0,0,1,0,0
157733,379,0,0,1,0,0
157858,380,0,0,0,1,0
157919,381,0,0,1,0,0
158005,382,0,0,0,1,0
158018,383,0,0,1,0,0
158131,384,0,0,0,1,0
158233,385,0,0,0,1,0
158364,386,0,0,0,1,0
158481,387,0,0,0,1,0
158600,388,0,0,0,1,0
158712,389,0,0,0,1,0
158815,390,0,0,0,1,0
158920,391,0,0,0,1,0
158928,392,0,0,1,0,0
159053,393,0,0,0,1,0
159076,394,0,0,1,0,0
159189,395,0,0,0,1,0
159288,396,0,0,0,1,0
159385,397,0,0,0,1,0
159500,398,0,0,0,1,0
159503,399,0,0,1,0,0
159584,400,0,0,1,0,0
159685,401,0,0,0,1,0
159798,402,0,0,0,1,0
159893,403,0,0,0,1,0
159899,404,0,0,1,0,0
159991,405,0,0,0,1,0
160081,406,0,0,0,1,0
160173,407,0,0,0,1,0
160293,408,0,0,0,1,0
160409,409,0,0,0,1,0
160497,410,0,0,0,1,0
160603,411,0,0,0,1,0
160632,412,0,0,1,0,0
160760,413,0,0,0,1,0
160850,414,0,0,0,1,0
160942,415,0,0,0,1,0
161069,416,0,0,0,1,0
161186,417,0,0,0,1,0
161301,418,0,0,0,1,0
161402,419,0,0,0,1,0
161489,420,0,0,0,1,0
161602,421,0,0,0,1,0
161710,422,0,0,0,1,0
161815,423,0,0,0,1,0
161924,424,0,0,0,1,0
162035,425,0,0,0,1,0
162139,426,0,0,0,1,0
162246,427,0,0,0,1,0
162335,428,0,0,0,1,0
162444,429,0,0,0,1,0
162538,430,0,0,0,1,0
162643,431,0,0,0,1,0
162653,432,0,0,1,0,0
162754,433,0,0,0,1,0
162794,434,0,0,1,0,0
162906,435,0,0,0,1,0
162948,436,0,0,1,0,0
162975,437,0,0,1,0,0
163111,438,0,0,0,1,0
163115,439,0,0,1,0,0
163184,440,0,0,1,0,0
163291,441,0,0,0,1,0
163406,442,0,0,0,1,0
163505,443,0,0,0,1,0
163604,444,0,0,0,1,0
163634,445,0,0,1,0,0
163722,446,0,0,1,0,0
163822,447,0,0,0,1,0
163900,448,0,0,1,0,0
164009,449,0,0,0,1,0
164143,450,0,0,0,1,0
164235,451,0,0,0,1,0
164349,452,0,0,0,1,0
164479,453,0,0,0,1,0
164582,454,0,0,0,1,0
164699,455,0,0,0,1,0
164802,456,0,0,0,1,0
164892,457,0,0,0,1,0
164982,458,0,0,0,1,0
165093,459,0,0,1,0,0
165215,460,0,0,0,1,0
165316,461,0,0,0,1,0
165374,462,0,0,1,0,0
165454,463,0,0,1,0,0
165572,464,0,0,0,1,0
165714,465,0,0,0,1,0
165832,466,0,0,0,1,0
165945,467,0,0,0,1,0
166038,468,0,0,0,1,0
166159,469,0,0,0,1,0
166284,470,0,0,0,1,0
166382,471,0,0,0,1,0
166453,472,0,0,1,0,0
166507,473,0,0,1,0,0
166599,474,0,0,0,1,0
166686,475,0,0,0,1,0
166751,476,0,0,1,0,0
166864,477,0,0,0,1,0
166989,478,0,0,0,1,0
167086,479,0,0,0,1,0
167114,480,0,0,1,0,0
167214,481,0,0,0,1,0
167264,482,0,0,1,0,0
167314,483,0,0,1,0,0
167421,484,0,0,0,1,0
167532,485,0,0,0,1,0
167644,486,0,0,0,1,0
167731,487,0,0,0,1,0
167842,488,0,0,0,1,0
167965,489,0,0,0,1,0
168059,490,0,0,0,1,0
168155,491,0,0,0,1,0
168276,492,0,0,0,1,0
168387,493,0,0,0,1,0
168492,494,0,0,0,1,0
168598,495,0,0,0,1,0
168699,496,0,0,0,1,0
168788,497,0,0,0,1,0
168839,498,0,0,1,0,0
168943,499,0,0,1,0,0
168987,500,0,0,1,0,0
169096,501,0,0,0,1,0
169165,502,0,0,1,0,0
169276,503,0,0,0,1,0
169286,504,0,0,1,0,0
169377,505,0,0,0,1,0
169427,506,0,0,1,0,0
169530,507,0,0,0,1,0
169597,508,0,0,1,0,0
169690,509,0,0,0,1,0
169795,510,0,0,0,1,0
169800,511,0,0,1,0,0
169928,512,0,0,0,1,0
169934,513,0,0,1,0,0
169983,514,0,0,1,0,0
170120,515,0,0,0,1,0
170215,516,0,0,1,0,0
170326,517,0,0,0,1,0
170433,518,0,0,0,1,0
170549,519,0,0,0,1,0
170585,520,0,0,1,0,0
170647,521,0,0,1,0,0
170724,522,0,0,1,0,0
170803,523,0,0,1,0,0
170928,524,0,0,0,1,0
171043,525,0,0,0,1,0
171138,526,0,0,0,1,0
171217,527,0,0,1,0,0
171347,528,0,0,0,1,0
171458,529,0,0,0,1,0
171544,530,0,0,0,1,0
171667,531,0,0,0,1,0
171694,532,0,0,1,0,0
171792,533,0,0,1,0,0
171812,534,0,0,1,0,0
171907,535,0,0,0,1,0
172018,536,0,0,1,0,0
172091,537,0,0,1,0,0
172114,538,0,0,1,0,0
172234,539,0,0,0,1,0
172327,540,0,0,0,1,0
172400,541,0,0,1,0,0
172473,542,0,0,1,0,0
172571,543,0,0,0,1,0
172697,544,0,0,0,1,0
172785,545,0,0,0,1,0
172844,546,0,0,1,0,0
172966,547,0,0,0,1,0
173088,548,0,0,0,1,0
173199,549,0,0,0,1,0
173332,550,0,0,0,1,0
173382,551,0,0,1,0,0
173497,552,0,0,0,1,0
173619,553,0,0,0,1,0
173734,554,0,0,0,1,0
173782,555,0,0,1,0,0
173915,556,0,0,0,1,0
174035,557,0,0,0,1,0
174130,558,0,0,0,1,0
174238,559,0,0,0,1,0
174335,560,0,0,0,1,0
174344,561,0,0,1,0,0
174458,562,0,0,1,0,0
174551,563,0,0,0,1,0
174637,564,0,0,0,1,0
174740,565,0,0,0,1,0
174848,566,0,0,0,1,0
174858,567,0,0,1,0,0
174963,568,0,0,0,1,0
174974,569,0,0,1,0,0
175108,570,0,0,0,1,0
175113,571,0,0,1,0,0
175201,572,0,0,1,0,0
175249,573,0,0,1,0,0
175262,574,0,0,1,0,0
175368,575,0,0,0,1,0
175482,576,0,0,0,1,0
175487,577,0,0,1,0,0
175613,578,0,0,0,1,0
175700,579,0,0,1,0,0
175810,580,0,0,0,1,0
175824,581,0,0,1,0,0
175928,582,0,0,1,0,0
176057,583,0,0,0,1,0
176184,584,0,0,0,1,0
176318,585,0,0,0,1,0
176434,586,0,0,0,1,0
176523,587,0,0,0,1,0
176618,588,0,0,0,1,0
176719,589,0,0,0,1,0
176828,590,0,0,0,1,0
176933,591,0,0,0,1,0
177029,592,0,0,0,1,0
177134,593,0,0,0,1,0
177248,594,0,0,0,1,0
177256,595,0,0,1,0,0
177332,596,0,0,1,0,0
177463,597,0,0,0,1,0
177468,598,1,0,0,0,0
177513,599,0,0,1,0,0
177648,600,0,0,0,1,0
177746,601,0,0,0,1,0
177859,602,0,0,0,1,0
177927,603,0,0,1,0,0
178031,604,0,0,0,1,0
178146,605,0,0,0,1,0
178233,606,0,0,0,1,0
178365,607,0,0,0,1,0
178474,608,0,0,0,1,0
178572,609,0,0,0,1,0
178670,610,0,0,0,1,0
178721,611,0,0,1,0,0
178846,612,0,0,0,1,0
178889,613,0,0,1,0,0
179011,614,0,0,0,1,0
179155,615,0,0,0,1,0
179242,616,0,0,1,0,0
179353,617,0,0,0,1,0
179449,618,0,0,0,1,0
179531,619,0,0,1,0,0
179635,620,0,0,0,1,0
179704,621,0,0,1,0,0
179718,622,0,0,1,0,0
179817,623,0,0,0,1,0
179872,624,0,0,1,0,0
179923,625,0,0,1,0,0
179986,626,0,0,1,0,0
180116,627,0,0,0,1,0
180233,628,0,0,0,1,0
180251,629,0,0,1,0,0
180288,630,0,0,1,0,0
180418,631,0,0,0,1,0
180513,632,0,0,0,1,0
180630,633,0,0,0,1,0
180656,634,0,0,1,0,0
180755,635,0,0,0,1,0
180888,636,0,0,0,1,0
180904,637,0,0,1,0,0
180942,638,0,0,1,0,0
181031,639,0,0,0,1,0
181075,640,0,0,1,0,0
181079,641,1,0,0,0,0
181183,642,0,0,0,1,0
181287,643,0,0,0,1,0
181352,644,0,0,1,0,0
181475,645,0,0,0,1,0
181611,646,0,0,0,1,0
181625,647,0,0,1,0,0
181692,648,0,0,1,0,0
181789,649,0,0,0,1,0
181885,650,0,0,0,1,0
181888,651,1,0,0,0,0
182008,652,0,0,0,1,0
182146,653,0,0,0,1,0
182157,654,0,0,1,0,0
182264,655,0,0,0,1,0
182388,656,0,0,0,1,0
182510,657,0,0,1,0,0
182627,658,0,0,0,1,0
182709,659,0,0,1,0,0
182754,660,0,0,1,0,0
182878,661,0,0,0,1,0
182970,662,0,0,0,1,0
183095,663,0,0,0,1,0
183112,664,0,0,1,0,0
183211,665,0,0,0,1,0
183312,666,0,0,0,1,0
183363,667,0,0,1,0,0
183471,668,0,0,0,1,0
183580,669,0,0,0,1,0
183675,670,0,0,0,1,0
183767,671,0,0,0,1,0
183862,672,0,0,0,1,0
183976,673,0,0,0,1,0
184090,674,0,0,0,1,0
184176,675,0,0,0,1,0
184294,676,0,0,0,1,0
184386,677,0,0,0,1,0
184389,678,0,0,1,0,0
184495,679,0,0,0,1,0
184617,680,0,0,0,1,0
184649,681,0,0,1,0,0
184747,682,0,0,0,1,0
184766,683,0,0,1,0,0
184802,684,0,0,1,0,0
184900,685,0,0,0,1,0
184995,686,0,0,0,1,0
185099,687,0,0,0,1,0
185207,688,0,0,0,1,0
185223,689,0,0,1,0,0
185322,690,0,0,0,1,0
185355,691,0,0,1,0,0
185490,692,0,0,0,1,0
185536,693,0,0,1,0,0
185665,694,0,0,0,1,0
185772,695,0,0,0,1,0
185896,696,0,0,0,1,0
185980,697,0,0,1,0,0
186068,698,0,0,0,1,0
186093,699,0,0,1,0,0
186196,700,0,0,0,1,0
186294,701,0,0,0,1,0
186344,702,0,0,1,0,0
186455,703,0,0,0,1,0
186556,704,0,0,0,1,0
186676,705,0,0,0,1,0
186776,706,0,0,0,1,0
186888,707,0,0,0,1,0
187013,708,0,0,0,1,0
187126,709,0,0,0,1,0
187262,710,0,0,0,1,0
187382,711,0,0,0,1,0
187479,712,0,0,1,0,0
187596,713,0,0,0,1,0
187688,714,0,0,0,1,0
187804,715,0,0,0,1,0
187902,716,0,0,0,1,0
188010,717,0,0,0,1,0
188108,718,0,0,0,1,0
188205,719,0,0,0,1,0
188228,720,0,0,1,0,0
188343,721,0,0,0,1,0
188383,722,0,0,1,0,0
188413,723,0,0,1,0,0
188489,724,0,0,1,0,0
188495,725,0,0,1,0,0
188603,726,0,0,0,1,0
188706,727,0,0,0,1,0
188795,728,0,0,0,1,0
188834,729,0,0,1,0,0
188948,730,0,0,0,1,0
188982,731,0,0,1,0,0
189008,732,0,0,1,0,0
189138,733,0,0,0,1,0
189279,734,0,0,0,1,0
189370,735,0,0,0,1,0
189468,736,0,0,0,1,0
189585,737,0,0,0,1,0
189674,738,0,0,0,1,0
189790,739,0,0,1,0,0
189912,740,0,0,0,1,0
190005,741,0,0,0,1,0
190096,742,0,0,0,1,0
190194,743,0,0,0,1,0
190289,744,0,0,0,1,0
190379,745,0,0,0,1,0
190481,746,0,0,0,1,0
190629,747,0,0,0,1,0
190731,748,0,0,0,1,0
190860,749,0,0,0,1,0
190982,750,0,0,0,1,0
191051,751,0,0,1,0,0
191178,752,0,0,0,1,0
191181,753,1,0,0,0,0
191279,754,0,0,0,1,0
191380,755,0,0,0,1,0
191499,756,0,0,0,1,0
191616,757,0,0,0,1,0
191711,758,0,0,0,1,0
191822,759,0,0,0,1,0
191927,760,0,0,0,1,0
192023,761,0,0,0,1,0
192129,762,0,0,0,1,0
192218,763,0,0,0,1,0
192318,764,0,0,1,0,0
192442,765,0,0,0,1,0
192568,766,0,0,0,1,0
192651,767,0,0,0,1,0
192757,768,0,0,1,0,0
192862,769,0,0,0,1,0
192866,770,0,0,1,0,0
192927,771,0,0,1,0,0
193027,772,0,0,0,1,0
193125,773,0,0,0,1,0
193139,774,0,0,1,0,0
193240,775,0,0,0,1,0
193353,776,0,0,0,1,0
193382,777,0,0,1,0,0
193504,778,0,0,0,1,0
193603,779,0,0,0,1,0
193741,780,0,0,0,1,0
193841,781,0,0,0,1,0
193915,782,0,0,1,0,0
194018,783,0,0,0,1,0
194096,784,0,0,1,0,0
194159,785,0,0,1,0,0
194269,786,0,0,0,1,0
194391,787,0,0,0,1,0
194434,788,0,0,1,0,0
194545,789,0,0,0,1,0
194621,790,0,0,0,1,0
194724,791,0,0,0,1,0
194824,792,0,0,0,1,0
194887,793,0,0,1,0,0
194990,794,0,0,0,1,0
195135,795,0,0,0,1,0
195233,796,0,0,0,1,0
195310,797,0,0,1,0,0
195413,798,0,0,0,1,0
195503,799,0,0,0,1,0
195616,800,0,0,0,1,0
195719,801,0,0,0,1,0
195824,802,0,0,0,1,0
195939,803,0,0,0,1,0
196064,804,0,0,0,1,0
196160,805,0,0,0,1,0
196276,806,0,0,0,1,0
196407,807,0,0,0,1,0
196518,808,0,0,0,1,0
196584,809,0,0,1,0,0
196689,810,0,0,0,1,0
196800,811,0,0,0,1,0
196939,812,0,0,0,1,0
197020,813,0,0,1,0,0
197123,814,0,0,0,1,0
197161,815,0,0,1,0,0
197290,816,0,0,0,1,0
197426,817,0,0,0,1,0
197543,818,0,0,0,1,0
197587,819,0,0,1,0,0
197676,820,0,0,1,0,0
197775,821,0,0,1,0,0
197917,822,0,0,0,1,0
198017,823,0,0,0,1,0
198109,824,0,0,0,1,0
198210,825,0,0,0,1,0
198308,826,0,0,0,1,0
198438,827,0,0,0,1,0
198562,828,0,0,0,1,0
198666,829,0,0,1,0,0
198780,830,0,0,0,1,0
198913,831,0,0,0,1,0
199005,832,0,0,1,0,0
199104,833,0,0,0,1,0
199221,834,0,0,0,1,0
199318,835,0,0,0,1,0
199431,836,0,0,0,1,0
199539,837,0,0,0,1,0
199673,838,0,0,0,1,0
199802,839,0,0,0,1,0
199876,840,0,0,1,0,0
199962,841,0,0,0,1,0
200005,842,0,0,1,0,0
200133,843,0,0,0,1,0
200274,844,0,0,0,1,0
200402,845,0,0,0,1,0
200482,846,0,0,0,1,0
200615,847,0,0,0,1,0
200656,848,0,0,1,0,0
200765,849,0,0,0,1,0
200827,850,0,0,1,0,0
200845,851,0,0,1,0,0
200863,852,0,0,1,0,0
200951,853,0,0,0,1,0
200968,854,0,0,1,0,0
201043,855,0,0,1,0,0
201149,856,0,0,0,1,0
201252,857,0,0,0,1,0
201356,858,0,0,0,1,0
201474,859,0,0,0,1,0
201589,860,0,0,0,1,0
201684,861,0,0,0,1,0
201781,862,0,0,0,1,0
201892,863,0,0,0,1,0
201983,864,0,0,0,1,0
201999,865,0,0,1,0,0
202072,866,0,0,1,0,0
202078,867,0,0,1,0,0
202179,868,0,0,0,1,0
202279,869,0,0,0,1,0
202390,870,0,0,0,1,0
202412,871,0,0,1,0,0
202499,872,0,0,0,1,0
202594,873,0,0,0,1,0
202700,874,0,0,0,1,0
202839,875,0,0,0,1,0
202946,876,0,0,0,1,0
203071,877,0,0,0,1,0
203164,878,0,0,0,1,0
203258,879,0,0,0,1,0
203374,880,0,0,0,1,0
203514,881,0,0,0,1,0
203551,882,0,0,1,0,0
203560,883,0,0,1,0,0
203685,884,0,0,1,0,0
203822,885,0,0,0,1,0
203941,886,0,0,0,1,0
203958,887,0,0,1,0,0
203979,888,0,0,1,0,0
204011,889,0,0,1,0,0
204107,890,0,0,0,1,0
204115,891,0,0,1,0,0
204191,892,0,0,1,0,0
204309,893,0,0,0,1,0
204409,894,0,0,1,0,0
204498,895,0,0,0,1,0
204549,896,0,0,1,0,0
204656,897,0,0,0,1,0
204767,898,0,0,0,1,0
204873,899,0,0,0,1,0
204980,900,0,0,0,1,0
205111,901,0,0,0,1,0
205250,902,0,0,0,1,0
205352,903,0,0,1,0,0
205443,904,0,0,0,1,0
205563,905,0,0,0,1,0
205663,906,0,0,0,1,0
205801,907,0,0,0,1,0
205926,908,0,0,0,1,0
206031,909,0,0,0,1,0
206049,910,0,0,1,0,0
206124,911,0,0,1,0,0
206229,912,0,0,0,1,0
206252,913,0,0,1,0,0
206268,914,0,0,1,0,0
206367,915,0,0,0,1,0
206465,916,0,0,0,1,0
206562,917,0,0,0,1,0
206674,918,0,0,0,1,0
206762,919,0,0,1,0,0
206863,920,0,0,0,1,0
207000,921,0,0,0,1,0
207037,922,0,0,1,0,0
207073,923,0,0,1,0,0
207165,924,0,0,0,1,0
207277,925,0,0,1,0,0
207410,926,0,0,0,1,0
207493,927,0,0,0,1,0
207603,928,0,0,0,1,0
207661,929,0,0,1,0,0
207776,930,0,0,0,1,0
207870,931,0,0,1,0,0
207982,932,0,0,0,1,0
208079,933,0,0,0,1,0
208210,934,0,0,0,1,0
208352,935,0,0,1,0,0
208438,936,0,0,0,1,0
208501,937,0,0,1,0,0
208601,938,0,0,0,1,0
208688,939,0,0,1,0,0
208820,940,0,0,0,1,0
208950,941,0,0,0,1,0
209047,942,0,0,0,1,0
209156,943,0,0,0,1,0
209283,944,0,0,0,1,0
209287,945,0,0,1,0,0
209326,946,0,0,1,0,0
209406,947,0,0,1,0,0
209521,948,0,0,1,0,0
209599,949,0,0,1,0,0
209633,950,0,0,1,0,0
209745,951,0,0,0,1,0
209832,952,0,0,1,0,0
209931,953,0,0,0,1,0
210011,954,0,0,1,0,0
210094,955,0,0,1,0,0
210227,956,0,0,0,1,0
210316,957,0,0,0,1,0
210317,958,1,0,0,0,0
210406,959,0,0,1,0,0
210535,960,0,0,0,1,0
210628,961,0,0,1,0,0
210724,962,0,0,0,1,0
210851,963,0,0,0,1,0
210951,964,0,0,0,1,0
211073,965,0,0,0,1,0
211218,966,0,0,0,1,0
211244,967,0,0,1,0,0
211368,968,0,0,0,1,0
211376,969,0,0,1,0,0
211490,970,0,0,0,1,0
211623,971,0,0,0,1,0
211692,972,0,0,1,0,0
211749,973,0,0,1,0,0
211839,974,0,0,0,1,0
211966,975,0,0,0,1,0
212046,976,0,0,0,1,0
212169,977,0,0,0,1,0
212289,978,0,0,0,1,0
212415,979,0,0,0,1,0
212536,980,0,0,0,1,0
212628,981,0,0,0,1,0
212728,982,0,0,1,0,0
212846,983,0,0,0,1,0
212890,984,0,0,1,0,0
213001,985,0,0,0,1,0
213058,986,0,0,1,0,0
213098,987,0,0,1,0,0
213206,988,0,0,1,0,0
213274,989,0,0,1,0,0
213401,990,0,0,0,1,0
213518,991,0,0,0,1,0
213551,992,0,0,1,0,0
213640,993,0,0,0,1,0
213761,994,0,0,0,1,0
213762,995,0,0,1,0,0
213876,996,0,0,0,1,0
213980,997,0,0,1,0,0
214084,998,0,0,0,1,0
214180,999,0,0,0,1,0
214304,1000,0,0,1,0,0
214398,1001,0,0,0,1,0
214524,1002,0,0,0,1,0
214612,1003,0,0,1,0,0
214710,1004,0,0,0,1,0
214829,1005,0,0,0,1,0
214926,1006,0,0,1,0,0
214931,1007,1,0,0,0,0
215048,1008,0,0,0,1,0
215137,1009,0,0,0,1,0
215255,1010,0,0,0,1,0
215360,1011,0,0,0,1,0
215367,1012,0,0,1,0,0
215490,1013,0,0,0,1,0
215576,1014,0,0,0,1,0
215606,1015,0,0,1,0,0
215678,1016,0,0,1,0,0
215748,1017,0,0,1,0,0
215837,1018,0,0,0,1,0
215948,1019,0,0,0,1,0
215954,1020,0,0,1,0,0
216055,1021,0,0,0,1,0
216187,1022,0,0,0,1,0
216259,1023,0,0,1,0,0
216349,1024,0,0,0,1,0
216395,1025,0,0,1,0,0
216419,1026,0,0,1,0,0
216509,1027,0,0,1,0,0
216643,1028,0,0,0,1,0
216699,1029,0,0,1,0,0
216836,1030,0,0,0,1,0
216966,1031,0,0,0,1,0
217020,1032,0,0,1,0,0
217135,1033,0,0,0,1,0
217248,1034,0,0,0,1,0
217379,1035,0,0,0,1,0
217520,1036,0,0,0,1,0
217525,1037,0,0,1,0,0
217633,1038,0,0,1,0,0
217765,1039,0,0,0,1,0
217873,1040,0,0,0,1,0
217986,1041,0,0,0,1,0
218082,1042,0,0,0,1,0
218189,1043,0,0,0,1,0
218283,1044,0,0,0,1,0
218301,1045,0,0,1,0,0
218407,1046,0,0,0,1,0
218414,1047,0,0,1,0,0
218521,1048,0,0,0,1,0
218611,1049,0,0,0,1,0
218731,1050,0,0,0,1,0
218814,1051,0,0,1,0,0
218924,1052,0,0,0,1,0
219049,1053,0,0,0,1,0
219155,1054,0,0,0,1,0
219280,1055,0,0,0,1,0
219417,1056,0,0,0,1,0
219524,1057,0,0,0,1,0
219561,1058,0,0,1,0,0
219673,1059,0,0,0,1,0
219712,1060,0,0,1,0,0
219765,1061,0,0,1,0,0
219877,1062,0,0,0,1,0
219995,1063,0,0,0,1,0
220093,1064,0,0,0,1,0
220209,1065,0,0,0,1,0
220229,1066,0,0,1,0,0
220343,1067,0,0,0,1,0
220409,1068,0,0,1,0,0
220504,1069,0,0,0,1,0
220592,1070,0,0,0,1,0
220693,1071,0,0,0,1,0
220791,1072,0,0,0,1,0
220891,1073,0,0,0,1,0
221001,1074,0,0,0,1,0
221141,1075,0,0,0,1,0
221221,1076,0,0,1,0,0
221263,1077,0,0,1,0,0
221374,1078,0,0,0,1,0
221496,1079,0,0,0,1,0
221606,1080,0,0,0,1,0
221715,1081,0,0,0,1,0
221840,1082,0,0,0,1,0
221935,1083,0,0,0,1,0
222073,1084,0,0,0,1,0
222078,1085,0,0,1,0,0
222106,1086,0,0,1,0,0
222111,1087,1,0,0,0,0
222132,1088,0,0,1,0,0
222238,1089,0,0,0,1,0
222331,1090,0,0,1,0,0
222430,1091,0,0,0,1,0
222436,1092,0,0,1,0,0
222513,1093,0,0,1,0,0
222608,1094,0,0,0,1,0
222710,1095,0,0,0,1,0
222806,1096,0,0,0,1,0
222910,1097,0,0,0,1,0
223035,1098,0,0,0,1,0
223162,1099,0,0,1,0,0
223235,1100,0,0,1,0,0
223300,1101,0,0,1,0,0
223411,1102,0,0,0,1,0
223524,1103,0,0,0,1,0
223616,1104,0,0,0,1,0
223714,1105,0,0,0,1,0
223810,1106,0,0,0,1,0
223896,1107,0,0,0,1,0
224000,1108,0,0,0,1,0
224082,1109,0,0,1,0,0
224170,1110,0,0,0,1,0
224225,1111,0,0,1,0,0
224360,1112,0,0,0,1,0
224446,1113,0,0,0,1,0
224584,1114,0,0,0,1,0
224631,1115,0,0,1,0,0
224640,1116,0,0,1,0,0
224749,1117,0,0,0,1,0
224839,1118,0,0,0,1,0
224895,1119,0,0,1,0,0
225029,1120,0,0,0,1,0
225160,1121,0,0,0,1,0
225271,1122,0,0,0,1,0
225371,1123,0,0,0,1,0
225494,1124,0,0,0,1,0
225540,1125,0,0,1,0,0
225656,1126,0,0,0,1,0
225760,1127,0,0,0,1,0
225860,1128,0,0,0,1,0
225980,1129,0,0,0,1,0
226039,1130,0,0,1,0,0
226134,1131,0,0,0,1,0
226214,1132,0,0,1,0,0
226312,1133,0,0,0,1,0
226412,1134,0,0,0,1,0
226463,1135,0,0,1,0,0
226553,1136,0,0,0,1,0
226646,1137,0,0,0,1,0
226708,1138,0,0,1,0,0
226778,1139,0,0,1,0,0
226899,1140,0,0,0,1,0
226901,1141,1,0,0,0,0
227024,1142,0,0,0,1,0
227146,1143,0,0,0,1,0
227267,1144,0,0,0,1,0
227402,1145,0,0,0,1,0
227407,1146,1,0,0,0,0
227515,1147,0,0,1,0,0
227609,1148,0,0,0,1,0
227637,1149,0,0,1,0,0
227663,1150,0,0,1,0,0
227763,1151,0,0,0,1,0
227860,1152,0,0,0,1,0
227965,1153,0,0,0,1,0
228079,1154,0,0,0,1,0
228170,1155,0,0,0,1,0
228281,1156,0,0,0,1,0
228395,1157,0,0,0,1,0
228486,1158,0,0,0,1,0
228577,1159,0,0,0,1,0
228667,1160,0,0,0,1,0
228775,1161,0,0,0,1,0
228884,1162,0,0,1,0,0
228996,1163,0,0,0,1,0
229080,1164,0,0,0,1,0
229196,1165,0,0,1,0,0
229306,1166,0,0,0,1,0
229411,1167,0,0,0,1,0
229507,1168,0,0,0,1,0
229609,1169,0,0,0,1,0
229719,1170,0,0,0,1,0
229821,1171,0,0,0,1,0
229854,1172,0,0,1,0,0
229956,1173,0,0,0,1,0
230065,1174,0,0,0,1,0
230127,1175,0,0,1,0,0
230231,1176,0,0,0,1,0
230339,1177,0,0,0,1,0
230354,1178,0,0,1,0,0
230358,1179,0,0,1,0,0
230429,1180,0,0,1,0,0
230524,1181,0,0,0,1,0
230594,1182,0,0,1,0,0
230651,1183,0,0,1,0,0
230757,1184,0,0,1,0,0
230872,1185,0,0,0,1,0
230875,1186,1,0,0,0,0
230968,1187,0,0,0,1,0
231104,1188,0,0,0,1,0
231201,1189,0,0,0,1,0
231222,1190,0,0,1,0,0
231324,1191,0,0,0,1,0
231438,1192,0,0,0,1,0
231564,1193,0,0,0,1,0
231667,1194,0,0,0,1,0
231800,1195,0,0,0,1,0
231920,1196,0,0,0,1,0
232035,1197,0,0,0,1,0
232153,1198,0,0,0,1,0
232210,1199,0,0,1,0,0
232315,1200,0,0,1,0,0
232429,1201,0,0,0,1,0
232538,1202,0,0,0,1,0
232631,1203,0,0,0,1,0
232746,1204,0,0,1,0,0
232810,1205,0,0,1,0,0
232919,1206,0,0,0,1,0
233020,1207,0,0,0,1,0
233021,1208,1,0,0,0,0
233071,1209,0,0,1,0,0
233122,1210,0,0,1,0,0
233242,1211,0,0,0,1,0
233370,1212,0,0,0,1,0
233453,1213,0,0,0,1,0
233533,1214,0,0,1,0,0
233649,1215,0,0,0,1,0
233738,1216,0,0,0,1,0
233845,1217,0,0,0,1,0
233974,1218,0,0,0,1,0
234115,1219,0,0,0,1,0
234205,1220,0,0,0,1,0
234312,1221,0,0,0,1,0
234420,1222,0,0,0,1,0
234518,1223,0,0,0,1,0
234612,1224,0,0,0,1,0
234743,1225,0,0,0,1,0
234841,1226,0,0,0,1,0
234940,1227,0,0,0,1,0
234997,1228,0,0,1,0,0
235095,1229,0,0,0,1,0
235235,1230,0,0,0,1,0
235345,1231,0,0,0,1,0
235379,1232,0,0,1,0,0
235489,1233,0,0,0,1,0
235598,1234,0,0,0,1,0
235732,1235,0,0,0,1,0
235842,1236,0,0,0,1,0
235877,1237,0,0,1,0,0
235999,1238,0,0,1,0,0
236112,1239,0,0,0,1,0
236248,1240,0,0,0,1,0
236349,1241,0,0,0,1,0
236444,1242,0,0,0,1,0
236549,1243,0,0,0,1,0
236673,1244,0,0,0,1,0
236746,1245,0,0,1,0,0
236840,1246,0,0,1,0,0
236871,1247,0,0,1,0,0
236969,1248,0,0,0,1,0
237074,1249,0,0,0,1,0
237194,1250,0,0,0,1,0
237233,1251,0,0,1,0,0
237258,1252,0,0,1,0,0
237350,1253,0,0,1,0,0
237473,1254,0,0,0,1,0
237561,1255,0,0,0,1,0
237673,1256,0,0,0,1,0
237674,1257,0,0,1,0,0
237733,1258,0,0,1,0,0
237834,1259,0,0,0,1,0
237947,1260,0,0,0,1,0
237988,1261,0,0,1,0,0
238008,1262,0,0,1,0,0
238115,1263,0,0,0,1,0
238212,1264,0,0,0,1,0
238329,1265,0,0,0,1,0
238434,1266,0,0,0,1,0
238553,1267,0,0,0,1,0
238652,1268,0,0,0,1,0
238760,1269,0,0,0,1,0
238847,1270,0,0,0,1,0
238963,1271,0,0,0,1,0
239063,1272,0,0,0,1,0
239167,1273,0,0,0,1,0
239247,1274,0,0,1,0,0
239356,1275,0,0,0,1,0
239453,1276,0,0,1,0,0
239555,1277,0,0,0,1,0
239653,1278,0,0,0,1,0
239769,1279,0,0,0,1,0
239774,1280,0,0,1,0,0
239807,1281,0,0,1,0,0
239923,1282,0,0,0,1,0
239992,1283,0,0,1,0,0
240111,1284,0,0,1,0,0
240250,1285,0,0,0,1,0
240296,1286,0,0,1,0,0
240322,1287,0,0,1,0,0
240432,1288,0,0,0,1,0
240445,1289,0,0,1,0,0
240547,1290,0,0,1,0,0
240624,1291,0,0,1,0,0
240666,1292,0,0,1,0,0
240678,1293,0,0,1,0,0
240779,1294,0,0,0,1,0
240898,1295,0,0,0,1,0
240923,1296,0,0,1,0,0
241046,1297,0,0,0,1,0
241139,1298,0,0,0,1,0
241249,1299,0,0,0,1,0
241360,1300,0,0,1,0,0
241469,1301,0,0,0,1,0
241560,1302,0,0,0,1,0
241656,1303,0,0,0,1,0
241762,1304,0,0,1,0,0
241825,1305,0,0,1,0,0
241943,1306,0,0,1,0,0
242065,1307,0,0,0,1,0
242149,1308,0,0,1,0,0
242259,1309,0,0,0,1,0
242348,1310,0,0,0,1,0
242473,1311,0,0,0,1,0
242510,1312,0,0,1,0,0
242603,1313,0,0,0,1,0
242716,1314,0,0,0,1,0
242802,1315,0,0,0,1,0
242909,1316,0,0,0,1,0
242963,1317,0,0,1,0,0
242975,1318,0,0,1,0,0
243065,1319,0,0,0,1,0
243182,1320,0,0,0,1,0
243251,1321,0,0,1,0,0
243364,1322,0,0,0,1,0
243474,1323,0,0,0,1,0
243572,1324,0,0,0,1,0
243686,1325,0,0,0,1,0
243781,1326,0,0,0,1,0
243912,1327,0,0,0,1,0
243919,1328,0,0,1,0,0
244049,1329,0,0,0,1,0
244159,1330,0,0,0,1,0
244230,1331,0,0,1,0,0
244325,1332,0,0,0,1,0
244427,1333,0,0,0,1,0
244568,1334,0,0,0,1,0
244670,1335,0,0,0,1,0
244745,1336,0,0,1,0,0
244753,1337,0,0,1,0,0
244839,1338,0,0,0,1,0
244927,1339,0,0,0,1,0
245052,1340,0,0,0,1,0
245143,1341,0,0,0,1,0
245281,1342,0,0,0,1,0
245373,1343,0,0,0,1,0
245460,1344,0,0,0,1,0
245499,1345,0,0,1,0,0
245559,1346,0,0,1,0,0
245568,1347,0,0,1,0,0
245676,1348,0,0,0,1,0
245800,1349,0,0,0,1,0
245880,1350,0,0,1,0,0
246006,1351,0,0,0,1,0
246076,1352,0,0,1,0,0
246159,1353,0,0,1,0,0
246285,1354,0,0,1,0,0
246383,1355,0,0,0,1,0
246506,1356,0,0,0,1,0
246546,1357,0,0,1,0,0
246653,1358,0,0,0,1,0
246784,1359,0,0,0,1,0
246929,1360,0,0,0,1,0
247024,1361,0,0,0,1,0
247049,1362,0,0,1,0,0
247172,1363,0,0,0,1,0
247287,1364,0,0,0,1,0
247351,1365,0,0,1,0,0
247449,1366,0,0,0,1,0
247553,1367,0,0,0,1,0
247619,1368,0,0,1,0,0
247728,1369,0,0,0,1,0
247785,1370,0,0,1,0,0
247910,1371,0,0,0,1,0
247979,1372,0,0,1,0,0
248080,1373,0,0,1,0,0
248210,1374,0,0,0,1,0
248319,1375,0,0,0,1,0
248453,1376,0,0,0,1,0
248577,1377,0,0,0,1,0
248691,1378,0,0,0,1,0
248798,1379,0,0,0,1,0
248925,1380,0,0,0,1,0
249036,1381,0,0,0,1,0
249142,1382,0,0,0,1,0
249243,1383,0,0,0,1,0
249332,1384,0,0,1,0,0
249395,1385,0,0,1,0,0
249511,1386,0,0,0,1,0
249526,1387,0,0,1,0,0
249634,1388,0,0,0,1,0
249735,1389,0,0,0,1,0
249851,1390,0,0,0,1,0
249967,1391,0,0,0,1,0
250071,1392,0,0,0,1,0
250125,1393,0,0,1,0,0
250214,1394,0,0,1,0,0
250310,1395,0,0,0,1,0
250410,1396,0,0,0,1,0
250500,1397,0,0,0,1,0
250530,1398,0,0,1,0,0
250622,1399,0,0,0,1,0
250697,1400,0,0,1,0,0
250811,1401,0,0,0,1,0
250904,1402,0,0,0,1,0
251001,1403,0,0,1,0,0
251088,1404,0,0,0,1,0
251210,1405,0,0,0,1,0
251332,1406,0,0,0,1,0
251418,1407,0,0,0,1,0
251561,1408,0,0,0,1,0
251678,1409,0,0,0,1,0
251814,1410,0,0,0,1,0
251962,1411,0,0,0,1,0
252057,1412,0,0,0,1,0
252197,1413,0,0,0,1,0
252295,1414,0,0,0,1,0
252361,1415,0,0,1,0,0
252450,1416,0,0,0,1,0
252514,1417,0,0,1,0,0
252606,1418,0,0,0,1,0
252716,1419,0,0,0,1,0
252841,1420,0,0,0,1,0
252881,1421,0,0,1,0,0
252998,1422,0,0,0,1,0
253027,1423,0,0,1,0,0
253128,1424,0,0,0,1,0
253153,1425,0,0,1,0,0
253233,1426,0,0,0,1,0
253285,1427,0,0,1,0,0
253376,1428,0,0,1,0,0
253509,1429,0,0,0,1,0
253658,1430,0,0,0,1,0
253774,1431,0,0,0,1,0
253889,1432,0,0,0,1,0
253992,1433,0,0,0,1,0
254097,1434,0,0,0,1,0
254209,1435,0,0,0,1,0
254254,1436,0,0,1,0,0
254360,1437,0,0,0,1,0
254421,1438,0,0,1,0,0
254494,1439,0,0,1,0,0
254546,1440,0,0,1,0,0
254672,1441,0,0,0,1,0
254812,1442,0,0,0,1,0
254913,1443,0,0,0,1,0
254951,1444,0,0,1,0,0
254963,1445,0,0,1,0,0
254973,1446,0,0,1,0,0
255063,1447,0,0,0,1,0
255194,1448,0,0,0,1,0
255321,1449,0,0,0,1,0
255418,1450,0,0,0,1,0
255520,1451,0,0,0,1,0
255636,1452,0,0,0,1,0
255761,1453,0,0,0,1,0
255855,1454,0,0,1,0,0
255898,1455,0,0,1,0,0
255969,1456,0,0,1,0,0
256068,1457,0,0,1,0,0
256114,1458,0,0,1,0,0
256233,1459,0,0,0,1,0
256315,1460,0,0,1,0,0
256404,1461,0,0,0,1,0
256428,1462,0,0,1,0,0
256521,1463,0,0,0,1,0
256628,1464,0,0,1,0,0
256740,1465,0,0,0,1,0
256781,1466,0,0,1,0,0
256912,1467,0,0,0,1,0
256952,1468,0,0,1,0,0
257072,1469,0,0,0,1,0
257170,1470,0,0,0,1,0
257305,1471,0,0,0,1,0
257430,1472,0,0,0,1,0
257541,1473,0,0,0,1,0
257594,1474,0,0,1,0,0
257618,1475,0,0,1,0,0
257722,1476,0,0,0,1,0
257726,1477,1,0,0,0,0
257827,1478,0,0,0,1,0
257864,1479,0,0,1,0,0
257929,1480,0,0,1,0,0
258021,1481,0,0,0,1,0
258129,1482,0,0,0,1,0
258189,1483,0,0,1,0,0
258292,1484,0,0,1,0,0
258391,1485,0,0,0,1,0
258518,1486,0,0,0,1,0
258608,1487,0,0,0,1,0
258719,1488,0,0,0,1,0
258811,1489,0,0,0,1,0
258900,1490,0,0,0,1,0
259040,1491,0,0,0,1,0
259063,1492,1,0,0,0,0
259167,1493,0,0,0,1,0
259278,1494,0,0,0,1,0
259281,1495,0,0,1,0,0
259394,1496,0,0,0,1,0
259446,1497,0,0,1,0,0
259549,1498,0,0,0,1,0
259655,1499,0,0,0,1,0
259757,1500,0,0,0,1,0
259866,1501,0,0,0,1,0
259984,1502,0,0,0,1,0
260077,1503,0,0,0,1,0
260138,1504,0,0,1,0,0
260245,1505,0,0,0,1,0
260333,1506,0,0,0,1,0
260463,1507,0,0,0,1,0
260550,1508,0,0,0,1,0
260666,1509,0,0,0,1,0
260736,1510,0,0,1,0,0
260839,1511,0,0,1,0,0
260934,1512,0,0,0,1,0
260957,1513,0,0,1,0,0
261058,1514,0,0,1,0,0
261183,1515,0,0,0,1,0
261294,1516,0,0,0,1,0
261390,1517,0,0,0,1,0
261504,1518,0,0,0,1,0
261605,1519,0,0,0,1,0
261701,1520,0,0,0,1,0
261839,1521,0,0,0,1,0
261948,1522,0,0,0,1,0
261990,1523,0,0,1,0,0
262006,1524,0,0,1,0,0
262048,1525,0,0,1,0,0
262106,1526,0,0,1,0,0
262232,1527,0,0,0,1,0
262339,1528,0,0,1,0,0
262458,1529,0,0,0,1,0
262551,1530,0,0,0,1,0
262651,1531,0,0,0,1,0
262750,1532,0,0,0,1,0
262815,1533,0,0,1,0,0
262863,1534,0,0,1,0,0
262967,1535,0,0,0,1,0
263085,1536,0,0,0,1,0
263179,1537,0,0,0,1,0
263183,1538,1,0,0,0,0
263272,1539,0,0,0,1,0
263324,1540,0,0,1,0,0
263380,1541,0,0,1,0,0
263480,1542,0,0,0,1,0
263501,1543,0,0,1,0,0
263585,1544,0,0,1,0,0
263617,1545,0,0,1,0,0
263716,1546,0,0,0,1,0
263804,1547,0,0,0,1,0
263942,1548,0,0,0,1,0
264020,1549,0,0,1,0,0
264121,1550,0,0,0,1,0
264230,1551,0,0,0,1,0
264303,1552,0,0,1,0,0
264420,1553,0,0,0,1,0
264524,1554,0,0,0,1,0
264567,1555,0,0,1,0,0
264682,1556,0,0,0,1,0
264756,1557,0,0,1,0,0
264839,1558,0,0,0,1,0
264940,1559,0,0,0,1,0
265071,1560,0,0,0,1,0
265099,1561,0,0,1,0,0
265206,1562,0,0,0,1,0
265209,1563,1,0,0,0,0
265313,1564,0,0,1,0,0
265388,1565,0,0,1,0,0
265492,1566,0,0,0,1,0
265601,1567,0,0,0,1,0
265718,1568,0,0,0,1,0
265800,1569,0,0,1,0,0
265805,1570,0,0,1,0,0
265877,1571,0,0,1,0,0
265985,1572,0,0,0,1,0
266030,1573,0,0,1,0,0
266074,1574,0,0,1,0,0
266189,1575,0,0,0,1,0
266254,1576,0,0,1,0,0
266267,1577,0,0,1,0,0
266309,1578,0,0,1,0,0
266382,1579,0,0,1,0,0
266478,1580,0,0,0,1,0
266483,1581,0,0,1,0,0
266604,1582,0,0,0,1,0
266690,1583,0,0,0,1,0
266825,1584,0,0,0,1,0
266912,1585,0,0,0,1,0
266951,1586,0,0,1,0,0
267070,1587,0,0,0,1,0
267159,1588,0,0,1,0,0
267287,1589,0,0,0,1,0
267423,1590,0,0,0,1,0
267521,1591,0,0,0,1,0
267633,1592,0,0,0,1,0
267769,1593,0,0,0,1,0
267887,1594,0,0,1,0,0
267950,1595,0,0,1,0,0
267975,1596,0,0,1,0,0
267981,1597,1,0,0,0,0
268086,1598,0,0,0,1,0
268130,1599,0,0,1,0,0
268193,1600,0,0,1,0,0
268329,1601,0,0,0,1,0
268423,1602,0,0,0,1,0
268534,1603,0,0,0,1,0
268641,1604,0,0,0,1,0
268743,1605,0,0,0,1,0
268870,1606,0,0,0,1,0
268875,1607,0,0,1,0,0
268977,1608,0,0,0,1,0
269099,1609,0,0,0,1,0
269150,1610,0,0,1,0,0
269265,1611,0,0,0,1,0
269379,1612,0,0,0,1,0
269448,1613,0,0,1,0,0
269567,1614,0,0,0,1,0
269661,1615,0,0,0,1,0
269743,1616,0,0,1,0,0
269754,1617,0,0,1,0,0
269849,1618,0,0,0,1,0
269950,1619,0,0,0,1,0
270017,1620,0,0,1,0,0
270056,1621,0,0,1,0,0
270117,1622,0,0,1,0,0
270244,1623,0,0,0,1,0
270254,1624,0,0,1,0,0
270353,1625,0,0,0,1,0
270400,1626,0,0,1,0,0
270475,1627,0,0,1,0,0
270506,1628,0,0,1,0,0
270592,1629,0,0,0,1,0
270674,1630,0,0,1,0,0
270786,1631,0,0,0,1,0
270834,1632,0,0,1,0,0
270911,1633,0,0,1,0,0
271015,1634,0,0,0,1,0
271110,1635,0,0,0,1,0
271115,1636,0,0,1,0,0
271144,1637,0,0,1,0,0
271177,1638,0,0,1,0,0
271305,1639,0,0,0,1,0
271450,1640,0,0,0,1,0
271538,1641,0,0,0,1,0
271588,1642,0,0,1,0,0
271616,1643,0,0,1,0,0
271733,1644,0,0,0,1,0
271777,1645,0,0,1,0,0
271908,1646,0,0,0,1,0
272010,1647,0,0,0,1,0
272106,1648,0,0,0,1,0
272242,1649,0,0,0,1,0
272343,1650,0,0,0,1,0
272455,1651,0,0,0,1,0
272494,1652,0,0,1,0,0
272612,1653,0,0,0,1,0
272735,1654,0,0,0,1,0
272853,1655,0,0,0,1,0
272907,1656,0,0,1,0,0
272942,1657,0,0,1,0,0
273055,1658,0,0,0,1,0
273161,1659,0,0,0,1,0
273247,1660,0,0,0,1,0
273347,1661,0,0,0,1,0
273454,1662,0,0,0,1,0
273460,1663,1,0,0,0,0
273558,1664,0,0,0,1,0
273649,1665,0,0,0,1,0
273759,1666,0,0,0,1,0
273860,1667,0,0,0,1,0
273973,1668,0,0,0,1,0
274088,1669,0,0,0,1,0
274175,1670,0,0,0,1,0
274191,1671,0,0,1,0,0
274227,1672,0,0,1,0,0
274314,1673,0,0,0,1,0
274371,1674,0,0,1,0,0
274444,1675,0,0,1,0,0
274556,1676,0,0,0,1,0
274557,1677,0,0,1,0,0
274686,1678,0,0,0,1,0
274767,1679,0,0,1,0,0
274823,1680,0,0,1,0,0
274854,1681,0,0,1,0,0
274954,1682,0,0,0,1,0
275076,1683,0,0,0,1,0
275127,1684,0,0,1,0,0
275259,1685,0,0,0,1,0
275329,1686,0,0,1,0,0
275433,1687,0,0,0,1,0
275574,1688,0,0,0,1,0
275678,1689,0,0,1,0,0
275775,1690,0,0,0,1,0
275902,1691,0,0,0,1,0
276006,1692,0,0,0,1,0
276119,1693,0,0,0,1,0
276244,1694,0,0,0,1,0
276342,1695,0,0,0,1,0
276435,1696,0,0,0,1,0
276476,1697,0,0,1,0,0
276588,1698,0,0,0,1,0
276701,1699,0,0,0,1,0
276792,1700,0,0,0,1,0
276888,1701,0,0,1,0,0
277025,1702,0,0,0,1,0
277083,1703,0,0,1,0,0
277221,1704,0,0,0,1,0
277312,1705,0,0,0,1,0
277350,1706,0,0,1,0,0
277362,1707,0,0,1,0,0
277426,1708,0,0,1,0,0
277529,1709,0,0,0,1,0
277644,1710,0,0,0,1,0
277734,1711,0,0,0,1,0
277828,1712,0,0,1,0,0
277833,1713,0,0,1,0,0
277839,1714,0,0,1,0,0
277940,1715,0,0,0,1,0
277976,1716,0,0,1,0,0
278066,1717,0,0,0,1,0
278102,1718,0,0,1,0,0
278221,1719,0,0,0,1,0
278245,1720,0,0,1,0,0
278348,1721,0,0,0,1,0
278471,1722,0,0,0,1,0
278560,1723,0,0,0,1,0
278626,1724,0,0,1,0,0
278726,1725,0,0,0,1,0
278764,1726,0,0,1,0,0
278882,1727,0,0,0,1,0
278968,1728,0,0,0,1,0
279065,1729,0,0,0,1,0
279082,1730,0,0,1,0,0
279221,1731,0,0,0,1,0
279307,1732,0,0,0,1,0
279332,1733,0,0,1,0,0
279421,1734,0,0,0,1,0
279523,1735,0,0,0,1,0
279649,1736,0,0,0,1,0
279765,1737,0,0,0,1,0
279787,1738,0,0,1,0,0
279912,1739,0,0,0,1,0
280023,1740,0,0,0,1,0
280129,1741,0,0,0,1,0
280241,1742,0,0,0,1,0
280351,1743,0,0,0,1,0
280355,1744,0,0,1,0,0
280430,1745,0,0,1,0,0
280542,1746,0,0,0,1,0
280585,1747,0,0,1,0,0
280634,1748,0,0,1,0,0
280750,1749,0,0,0,1,0
280890,1750,0,0,0,1,0
281008,1751,0,0,0,1,0
281067,1752,0,0,1,0,0
281169,1753,0,0,1,0,0
281273,1754,0,0,0,1,0
281372,1755,0,0,0,1,0
281375,1756,0,0,1,0,0
281390,1757,0,0,1,0,0
281505,1758,0,0,0,1,0
281639,1759,0,0,0,1,0
281759,1760,0,0,0,1,0
281878,1761,0,0,0,1,0
281926,1762,0,0,1,0,0
281969,1763,0,0,1,0,0
281980,1764,0,0,1,0,0
282086,1765,0,0,0,1,0
282176,1766,0,0,1,0,0
282297,1767,0,0,0,1,0
282377,1768,0,0,1,0,0
282499,1769,0,0,0,1,0
282622,1770,0,0,0,1,0
282657,1771,0,0,1,0,0
282770,1772,0,0,0,1,0
282901,1773,0,0,0,1,0
282923,1774,0,0,1,0,0
282947,1775,0,0,1,0,0
282981,1776,0,0,1,0,0
283103,1777,0,0,0,1,0
283209,1778,0,0,0,1,0
283327,1779,0,0,0,1,0
283340,1780,0,0,1,0,0
283355,1781,0,0,1,0,0
283447,1782,0,0,1,0,0
283544,1783,0,0,0,1,0
283603,1784,0,0,1,0,0
283658,1785,0,0,1,0,0
283701,1786,0,0,1,0,0
283814,1787,0,0,0,1,0
283912,1788,0,0,0,1,0
283935,1789,0,0,1,0,0
284034,1790,0,0,0,1,0
284139,1791,0,0,0,1,0
284249,1792,0,0,0,1,0
284348,1793,0,0,0,1,0
284440,1794,0,0,1,0,0
284530,1795,0,0,0,1,0
284663,1796,0,0,0,1,0
284771,1797,0,0,0,1,0
284908,1798,0,0,0,1,0
284947,1799,0,0,1,0,0
285042,1800,0,0,0,1,0
285085,1801,0,0,1,0,0
285200,1802,0,0,0,1,0
285267,1803,0,0,1,0,0
285381,1804,0,0,0,1,0
285501,1805,0,0,0,1,0
285592,1806,0,0,0,1,0
285614,1807,0,0,1,0,0
285718,1808,0,0,0,1,0
285840,1809,0,0,0,1,0
285869,1810,0,0,1,0,0
285988,1811,0,0,0,1,0
286101,1812,0,0,0,1,0
286202,1813,0,0,0,1,0
286291,1814,0,0,0,1,0
286368,1815,0,0,0,1,0
286483,1816,0,0,0,1,0
286588,1817,0,0,0,1,0
286634,1818,0,0,1,0,0
286762,1819,0,0,0,1,0
286816,1820,0,0,1,0,0
286919,1821,0,0,0,1,0
286991,1822,0,0,1,0,0
287102,1823,0,0,0,1,0
287125,1824,0,0,1,0,0
287157,1825,0,0,1,0,0
287256,1826,0,0,0,1,0
287275,1827,0,0,1,0,0
287396,1828,0,0,1,0,0
287509,1829,0,0,0,1,0
287527,1830,0,0,1,0,0
287637,1831,0,0,1,0,0
287753,1832,0,0,0,1,0
287868,1833,0,0,0,1,0
287905,1834,0,0,1,0,0
287962,1835,0,0,1,0,0
288057,1836,0,0,0,1,0
288107,1837,0,0,1,0,0
288109,1838,0,0,1,0,0
288142,1839,0,0,1,0,0
288243,1840,0,0,0,1,0
288371,1841,0,0,0,1,0
288466,1842,0,0,0,1,0
288587,1843,0,0,0,1,0
288606,1844,0,0,1,0,0
288741,1845,0,0,0,1,0
288771,1846,0,0,1,0,0
288899,1847,0,0,0,1,0
289018,1848,0,0,0,1,0
289041,1849,0,0,1,0,0
289080,1850,0,0,1,0,0
289192,1851,0,0,0,1,0
289311,1852,0,0,0,1,0
289421,1853,0,0,0,1,0
289549,1854,0,0,0,1,0
289634,1855,0,0,1,0,0
289728,1856,0,0,0,1,0
289834,1857,0,0,0,1,0
289846,1858,0,0,1,0,0
289960,1859,0,0,0,1,0
290078,1860,0,0,0,1,0
290175,1861,0,0,0,1,0
290293,1862,0,0,0,1,0
290380,1863,0,0,1,0,0
290506,1864,0,0,0,1,0
290592,1865,0,0,0,1,0
290681,1866,0,0,0,1,0
290806,1867,0,0,0,1,0
290888,1868,0,0,1,0,0
290977,1869,0,0,0,1,0
291069,1870,0,0,1,0,0
291176,1871,0,0,0,1,0
291288,1872,0,0,0,1,0
291345,1873,0,0,1,0,0
291467,1874,0,0,0,1,0
291576,1875,0,0,0,1,0
291577,1876,0,0,1,0,0
291686,1877,0,0,0,1,0
291780,1878,0,0,0,1,0
291846,1879,0,0,1,0,0
291935,1880,0,0,0,1,0
292052,1881,0,0,0,1,0
292178,1882,0,0,0,1,0
292271,1883,0,0,0,1,0
292363,1884,0,0,0,1,0
292453,1885,0,0,0,1,0
292538,1886,0,0,0,1,0
292642,1887,0,0,0,1,0
292761,1888,0,0,0,1,0
292774,1889,0,0,1,0,0
292867,1890,0,0,0,1,0
292909,1891,0,0,1,0,0
292913,1892,0,0,1,0,0
292932,1893,0,0,1,0,0
293032,1894,0,0,0,1,0
293107,1895,0,0,1,0,0
293177,1896,0,0,1,0,0
293188,1897,0,0,1,0,0
293223,1898,0,0,1,0,0
293312,1899,0,0,0,1,0
293428,1900,0,0,0,1,0
293470,1901,0,0,1,0,0
293514,1902,0,0,1,0,0
293626,1903,0,0,0,1,0
293696,1904,0,0,1,0,0
293821,1905,0,0,0,1,0
293867,1906,0,0,1,0,0
293873,1907,0,0,1,0,0
293976,1908,0,0,0,1,0
293990,1909,0,0,1,0,0
294118,1910,0,0,0,1,0
294227,1911,0,0,0,1,0
294339,1912,0,0,0,1,0
294472,1913,0,0,0,1,0
294609,1914,0,0,0,1,0
294711,1915,0,0,1,0,0
294810,1916,0,0,0,1,0
294865,1917,0,0,1,0,0
294958,1918,0,0,0,1,0
294997,1919,0,0,1,0,0
295121,1920,0,0,0,1,0
295207,1921,0,0,0,1,0
295294,1922,0,0,0,1,0
295431,1923,0,0,0,1,0
295563,1924,0,0,0,1,0
295703,1925,0,0,0,1,0
295787,1926,0,0,1,0,0
295877,1927,0,0,0,1,0
295933,1928,0,0,1,0,0
295963,1929,0,0,1,0,0
296029,1930,0,0,1,0,0
296083,1931,0,0,1,0,0
296203,1932,0,0,1,0,0
296233,1933,0,0,1,0,0
296282,1934,0,0,1,0,0
296384,1935,0,0,0,1,0
296499,1936,0,0,0,1,0
296592,1937,0,0,1,0,0
296682,1938,0,0,0,1,0
296791,1939,0,0,0,1,0
296836,1940,0,0,1,0,0
296918,1941,0,0,1,0,0
297043,1942,0,0,0,1,0
297078,1943,0,0,1,0,0
297171,1944,0,0,0,1,0
297294,1945,0,0,0,1,0
297406,1946,0,0,0,1,0
297501,1947,0,0,0,1,0
297608,1948,0,0,1,0,0
297738,1949,0,0,0,1,0
297835,1950,0,0,0,1,0
297964,1951,0,0,0,1,0
298064,1952,0,0,0,1,0
298176,1953,0,0,0,1,0
298201,1954,0,0,1,0,0
298296,1955,0,0,0,1,0
298347,1956,0,0,1,0,0
298481,1957,0,0,0,1,0
298599,1958,0,0,0,1,0
298602,1959,1,0,0,0,0
298669,1960,0,0,1,0,0
298686,1961,0,0,1,0,0
298811,1962,0,0,0,1,0
298893,1963,0,0,1,0,0
299003,1964,0,0,0,1,0
299105,1965,0,0,0,1,0
299208,1966,0,0,0,1,0
299340,1967,0,0,0,1,0
299457,1968,0,0,0,1,0
299567,1969,0,0,0,1,0
299572,1970,0,0,1,0,0
299672,1971,0,0,0,1,0
299768,1972,0,0,0,1,0
299842,1973,0,0,1,0,0
299971,1974,0,0,0,1,0
300052,1975,0,0,0,1,0
300152,1976,0,0,0,1,0
300260,1977,0,0,0,1,0
300352,1978,0,0,0,1,0
300471,1979,0,0,0,1,0
300562,1980,0,0,1,0,0
300639,1981,0,0,1,0,0
300742,1982,0,0,0,1,0
300860,1983,0,0,0,1,0
300941,1984,0,0,1,0,0
301047,1985,0,0,0,1,0
301066,1986,0,0,1,0,0
301183,1987,0,0,0,1,0
301276,1988,0,0,0,1,0
301367,1989,0,0,0,1,0
301487,1990,0,0,0,1,0
301608,1991,0,0,1,0,0
301714,1992,0,0,0,1,0
301717,1993,0,0,1,0,0
301809,1994,0,0,0,1,0
301914,1995,0,0,1,0,0
302004,1996,0,0,0,1,0
302093,1997,0,0,0,1,0
302166,1998,0,0,1,0,0
302284,1999,0,0,1,0,0
302398,2000,0,0,0,1,0
302411,2001,0,0,1,0,0
302539,2002,0,0,0,1,0
302630,2003,0,0,1,0,0
302725,2004,0,0,0,1,0
302845,2005,0,0,0,1,0
302976,2006,0,0,0,1,0
303010,2007,0,0,1,0,0
303105,2008,0,0,0,1,0
303221,2009,0,0,0,1,0
303311,2010,0,0,0,1,0
303402,2011,0,0,0,1,0
303531,2012,0,0,0,1,0
303649,2013,0,0,0,1,0
303678,2014,0,0,1,0,0
303813,2015,0,0,0,1,0
303911,2016,0,0,0,1,0
304017,2017,0,0,0,1,0
304110,2018,0,0,0,1,0
304130,2019,0,0,1,0,0
304195,2020,0,0,1,0,0
304285,2021,0,0,0,1,0
304395,2022,0,0,0,1,0
304499,2023,0,0,0,1,0
304579,2024,0,0,1,0,0
304673,2025,0,0,0,1,0
304765,2026,0,0,0,1,0
304834,2027,0,0,1,0,0
304863,2028,0,0,1,0,0
304952,2029,0,0,0,1,0
305051,2030,0,0,1,0,0
305158,2031,0,0,1,0,0
305247,2032,0,0,0,1,0
305333,2033,0,0,0,1,0
305431,2034,0,0,0,1,0
305500,2035,0,0,1,0,0
305592,2036,0,0,1,0,0
305682,2037,0,0,0,1,0
305808,2038,0,0,0,1,0
305925,2039,0,0,0,1,0
306019,2040,0,0,1,0,0
306098,2041,0,0,1,0,0
306222,2042,0,0,0,1,0
306302,2043,0,0,1,0,0
306423,2044,0,0,0,1,0
306503,2045,0,0,1,0,0
306621,2046,0,0,0,1,0
306673,2047,0,0,1,0,0
306717,2048,0,0,1,0,0
306745,2049,0,0,1,0,0
306851,2050,0,0,0,1,0
306986,2051,0,0,0,1,0
307088,2052,0,0,0,1,0
307177,2053,0,0,0,1,0
307229,2054,0,0,1,0,0
307248,2055,0,0,1,0,0
307384,2056,0,0,0,1,0
307496,2057,0,0,0,1,0
307587,2058,0,0,0,1,0
307697,2059,0,0,0,1,0
307710,2060,0,0,1,0,0
307712,2061,1,0,0,0,0
307785,2062,0,0,1,0,0
307899,2063,0,0,0,1,0
308015,2064,0,0,0,1,0
308112,2065,0,0,0,1,0
308223,2066,0,0,0,1,0
308326,2067,0,0,0,1,0
308436,2068,0,0,0,1,0
308548,2069,0,0,0,1,0
308613,2070,0,0,1,0,0
308720,2071,0,0,0,1,0
308815,2072,0,0,0,1,0
308954,2073,0,0,0,1,0
309001,2074,0,0,1,0,0
309102,2075,0,0,0,1,0
309220,2076,0,0,0,1,0
309273,2077,0,0,1,0,0
309391,2078,0,0,0,1,0
309507,2079,0,0,0,1,0
309597,2080,0,0,0,1,0
309705,2081,0,0,0,1,0
309834,2082,0,0,0,1,0
309957,2083,0,0,0,1,0
310096,2084,0,0,0,1,0
310208,2085,0,0,0,1,0
310261,2086,0,0,1,0,0
310371,2087,0,0,0,1,0
310479,2088,0,0,0,1,0
310609,2089,0,0,1,0,0
310681,2090,0,0,1,0,0
310736,2091,0,0,1,0,0
310869,2092,0,0,0,1,0
310929,2093,0,0,1,0,0
311051,2094,0,0,0,1,0
311160,2095,0,0,0,1,0
311254,2096,0,0,0,1,0
311345,2097,0,0,0,1,0
311456,2098,0,0,0,1,0
311484,2099,0,0,1,0,0
311584,2100,0,0,0,1,0
311673,2101,0,0,0,1,0
311766,2102,0,0,0,1,0
311888,2103,0,0,0,1,0
312021,2104,0,0,0,1,0
312095,2105,0,0,1,0,0
312162,2106,0,0,1,0,0
312277,2107,0,0,0,1,0
312366,2108,0,0,0,1,0
312455,2109,0,0,0,1,0
312583,2110,0,0,0,1,0
312590,2111,0,0,1,0,0
312690,2112,0,0,0,1,0
312784,2113,0,0,0,1,0
312891,2114,0,0,0,1,0
313028,2115,0,0,0,1,0
313129,2116,0,0,0,1,0
313251,2117,0,0,0,1,0
313349,2118,0,0,0,1,0
313361,2119,0,0,1,0,0
313468,2120,0,0,0,1,0
313576,2121,0,0,0,1,0
313667,2122,0,0,0,1,0
313775,2123,0,0,0,1,0
313788,2124,0,0,1,0,0
313879,2125,0,0,0,1,0
313992,2126,0,0,0,1,0
314060,2127,0,0,1,0,0
314184,2128,0,0,0,1,0
314201,2129,0,0,1,0,0
314205,2130,1,0,0,0,0
314244,2131,0,0,1,0,0
314358,2132,0,0,0,1,0
314399,2133,0,0,1,0,0
314524,2134,0,0,0,1,0
314605,2135,0,0,1,0,0
314703,2136,0,0,1,0,0
314809,2137,0,0,0,1,0
314927,2138,0,0,0,1,0
315036,2139,0,0,0,1,0
315141,2140,0,0,0,1,0
315184,2141,0,0,1,0,0
315304,2142,0,0,0,1,0
315409,2143,0,0,0,1,0
315506,2144,0,0,0,1,0
315599,2145,0,0,0,1,0
315626,2146,0,0,1,0,0
315751,2147,0,0,0,1,0
315892,2148,0,0,0,1,0
315950,2149,0,0,1,0,0
316036,2150,0,0,0,1,0
316122,2151,0,0,1,0,0
316202,2152,0,0,0,1,0
316316,2153,0,0,0,1,0
316350,2154,0,0,1,0,0
316406,2155,0,0,1,0,0
316417,2156,0,0,1,0,0
316525,2157,0,0,0,1,0
316629,2158,0,0,0,1,0
316726,2159,0,0,0,1,0
316821,2160,0,0,0,1,0
316947,2161,0,0,0,1,0
317043,2162,0,0,0,1,0
317149,2163,0,0,0,1,0
317161,2164,0,0,1,0,0
317273,2165,0,0,0,1,0
317410,2166,0,0,0,1,0
317520,2167,0,0,0,1,0
317640,2168,0,0,0,1,0
317669,2169,0,0,1,0,0
317753,2170,0,0,1,0,0
317851,2171,0,0,1,0,0
317952,2172,0,0,0,1,0
318082,2173,0,0,0,1,0
318095,2174,0,0,1,0,0
318191,2175,0,0,0,1,0
318206,2176,0,0,1,0,0
318298,2177,0,0,0,1,0
318334,2178,0,0,1,0,0
318381,2179,0,0,1,0,0
318406,2180,0,0,1,0,0
318537,2181,0,0,0,1,0
318574,2182,0,0,1,0,0
318686,2183,0,0,0,1,0
318812,2184,0,0,0,1,0
318821,2185,0,0,1,0,0
318875,2186,0,0,1,0,0
318963,2187,0,0,1,0,0
319048,2188,0,0,0,1,0
319170,2189,0,0,0,1,0
319285,2190,0,0,0,1,0
319375,2191,0,0,0,1,0
319477,2192,0,0,0,1,0
319612,2193,0,0,0,1,0
319716,2194,0,0,0,1,0
319811,2195,0,0,0,1,0
319839,2196,0,0,1,0,0
319848,2197,0,0,1,0,0
319956,2198,0,0,0,1,0
320003,2199,0,0,1,0,0
320108,2200,0,0,0,1,0
320241,2201,0,0,0,1,0
320369,2202,0,0,0,1,0
320465,2203,0,0,0,1,0
320565,2204,0,0,0,1,0
320701,2205,0,0,0,1,0
320830,2206,0,0,0,1,0
320924,2207,0,0,0,1,0
321056,2208,0,0,0,1,0
321171,2209,0,0,0,1,0
321299,2210,0,0,0,1,0
321406,2211,0,0,0,1,0
321527,2212,0,0,0,1,0
321655,2213,0,0,0,1,0
321741,2214,0,0,0,1,0
321789,2215,0,0,1,0,0
321893,2216,0,0,1,0,0
321980,2217,0,0,0,1,0
322081,2218,0,0,0,1,0
322185,2219,0,0,0,1,0
322276,2220,0,0,0,1,0
322401,2221,0,0,0,1,0
322512,2222,0,0,0,1,0
322641,2223,0,0,0,1,0
322755,2224,0,0,0,1,0
322884,2225,0,0,0,1,0
323002,2226,0,0,0,1,0
323089,2227,0,0,0,1,0
323137,2228,0,0,1,0,0
323233,2229,0,0,0,1,0
323351,2230,0,0,0,1,0
323469,2231,0,0,0,1,0
323476,2232,0,0,1,0,0
323569,2233,0,0,0,1,0
323685,2234,0,0,0,1,0
323799,2235,0,0,0,1,0
323913,2236,0,0,0,1,0
324045,2237,0,0,0,1,0
324165,2238,0,0,0,1,0
324267,2239,0,0,0,1,0
324402,2240,0,0,0,1,0
324507,2241,0,0,0,1,0
324613,2242,0,0,1,0,0
324700,2243,0,0,0,1,0
324822,2244,0,0,0,1,0
324926,2245,0,0,0,1,0
324931,2246,0,0,1,0,0
325057,2247,0,0,0,1,0
325143,2248,0,0,0,1,0
325236,2249,0,0,0,1,0
325348,2250,0,0,0,1,0
325379,2251,0,0,1,0,0
325397,2252,0,0,1,0,0
325475,2253,0,0,1,0,0
325586,2254,0,0,0,1,0
325680,2255,0,0,0,1,0
325800,2256,0,0,0,1,0
325923,2257,0,0,0,1,0
325953,2258,0,0,1,0,0
326058,2259,0,0,0,1,0
326101,2260,0,0,1,0,0
326180,2261,0,0,1,0,0
326278,2262,0,0,0,1,0
326390,2263,0,0,0,1,0
326408,2264,0,0,1,0,0
326483,2265,0,0,1,0,0
326484,2266,1,0,0,0,0
326575,2267,0,0,1,0,0
326706,2268,0,0,0,1,0
326811,2269,0,0,0,1,0
326890,2270,0,0,1,0,0
326989,2271,0,0,1,0,0
327089,2272,0,0,0,1,0
327191,2273,0,0,1,0,0
327287,2274,0,0,0,1,0
327407,2275,0,0,0,1,0
327517,2276,0,0,0,1,0
327545,2277,0,0,1,0,0
327651,2278,0,0,0,1,0
327674,2279,0,0,1,0,0
327772,2280,0,0,0,1,0
327887,2281,0,0,0,1,0
327992,2282,0,0,0,1,0
328093,2283,0,0,0,1,0
328096,2284,0,0,1,0,0
328184,2285,0,0,0,1,0
328293,2286,0,0,0,1,0
328394,2287,0,0,0,1,0
328493,2288,0,0,0,1,0
328584,2289,0,0,0,1,0
328675,2290,0,0,0,1,0
328783,2291,0,0,0,1,0
328870,2292,0,0,0,1,0
328957,2293,0,0,1,0,0
328960,2294,0,0,1,0,0
329066,2295,0,0,0,1,0
329121,2296,0,0,1,0,0
329218,2297,0,0,0,1,0
329338,2298,0,0,0,1,0
329453,2299,0,0,0,1,0
329542,2300,0,0,0,1,0
329656,2301,0,0,0,1,0
329694,2302,0,0,1,0,0
329761,2303,0,0,1,0,0
329876,2304,0,0,1,0,0
329994,2305,0,0,0,1,0
329998,2306,0,0,1,0,0
330071,2307,0,0,1,0,0
330072,2308,0,0,1,0,0
330176,2309,0,0,0,1,0
330215,2310,0,0,1,0,0
330219,2311,0,0,1,0,0
330316,2312,0,0,0,1,0
330418,2313,0,0,0,1,0
330534,2314,0,0,0,1,0
330631,2315,0,0,0,1,0
330755,2316,0,0,0,1,0
330852,2317,0,0,0,1,0
330940,2318,0,0,0,1,0
330965,2319,0,0,1,0,0
331057,2320,0,0,0,1,0
331190,2321,0,0,0,1,0
331292,2322,0,0,0,1,0
331399,2323,0,0,0,1,0
331487,2324,0,0,0,1,0
331576,2325,0,0,0,1,0
331704,2326,0,0,0,1,0
331810,2327,0,0,0,1,0
331862,2328,0,0,1,0,0
331930,2329,0,0,1,0,0
332065,2330,0,0,0,1,0
332172,2331,0,0,0,1,0
332280,2332,0,0,0,1,0
332364,2333,0,0,1,0,0
332370,2334,0,0,1,0,0
332484,2335,0,0,0,1,0
332599,2336,0,0,0,1,0
332702,2337,0,0,0,1,0
332729,2338,0,0,1,0,0
332750,2339,0,0,1,0,0
332850,2340,0,0,0,1,0
332894,2341,0,0,1,0,0
332919,2342,0,0,1,0,0
333036,2343,0,0,0,1,0
333126,2344,0,0,0,1,0
333227,2345,0,0,0,1,0
333249,2346,0,0,1,0,0
333339,2347,0,0,0,1,0
333428,2348,0,0,0,1,0
333556,2349,0,0,0,1,0
333650,2350,0,0,1,0,0
333795,2351,0,0,0,1,0
333919,2352,0,0,1,0,0
334010,2353,0,0,0,1,0
334100,2354,0,0,0,1,0
334209,2355,0,0,0,1,0
334217,2356,0,0,1,0,0
334314,2357,0,0,0,1,0
334427,2358,0,0,1,0,0
334454,2359,0,0,1,0,0
334554,2360,0,0,0,1,0
334644,2361,0,0,0,1,0
334678,2362,0,0,1,0,0
334806,2363,0,0,0,1,0
334914,2364,0,0,0,1,0
334962,2365,0,0,1,0,0
334983,2366,0,0,1,0,0
335094,2367,0,0,0,1,0
335183,2368,0,0,0,1,0
335295,2369,0,0,0,1,0
335406,2370,0,0,0,1,0
335500,2371,0,0,0,1,0
335511,2372,0,0,1,0,0
335558,2373,0,0,1,0,0
335705,2374,0,0,0,1,0
335791,2375,0,0,1,0,0
335882,2376,0,0,0,1,0
335914,2377,0,0,1,0,0
336001,2378,0,0,0,1,0
336115,2379,0,0,1,0,0
336176,2380,0,0,1,0,0
336208,2381,0,0,1,0,0
336311,2382,0,0,0,1,0
336443,2383,0,0,0,1,0
336572,2384,0,0,0,1,0
336664,2385,0,0,0,1,0
336812,2386,0,0,0,1,0
336891,2387,0,0,1,0,0
336941,2388,0,0,1,0,0
337058,2389,0,0,0,1,0
337178,2390,0,0,0,1,0
337326,2391,0,0,0,1,0
337415,2392,0,0,0,1,0
337525,2393,0,0,0,1,0
337649,2394,0,0,0,1,0
337744,2395,0,0,0,1,0
337835,2396,0,0,0,1,0
337942,2397,0,0,0,1,0
338038,2398,0,0,0,1,0
338138,2399,0,0,0,1,0
338238,2400,0,0,0,1,0
338333,2401,0,0,1,0,0
338444,2402,0,0,0,1,0
338530,2403,0,0,0,1,0
338613,2404,0,0,1,0,0
338713,2405,0,0,0,1,0
338818,2406,0,0,0,1,0
338932,2407,0,0,0,1,0
339033,2408,0,0,1,0,0
339160,2409,0,0,0,1,0
339256,2410,0,0,0,1,0
339342,2411,0,0,0,1,0
339381,2412,0,0,1,0,0
339479,2413,0,0,0,1,0
339594,2414,0,0,0,1,0
339685,2415,0,0,1,0,0
339728,2416,0,0,1,0,0
339825,2417,0,0,0,1,0
339919,2418,0,0,0,1,0
340042,2419,0,0,0,1,0
340166,2420,0,0,0,1,0
340261,2421,0,0,0,1,0
340354,2422,0,0,0,1,0
340459,2423,0,0,0,1,0
340532,2424,0,0,1,0,0
340655,2425,0,0,0,1,0
340750,2426,0,0,0,1,0
340857,2427,0,0,1,0,0
340955,2428,0,0,0,1,0
341026,2429,0,0,1,0,0
341145,2430,0,0,0,1,0
341252,2431,0,0,0,1,0
341344,2432,0,0,0,1,0
341452,2433,0,0,0,1,0
341579,2434,0,0,0,1,0
341690,2435,0,0,0,1,0
341694,2436,0,0,1,0,0
341798,2437,0,0,0,1,0
341904,2438,0,0,0,1,0
342029,2439,0,0,0,1,0
342168,2440,0,0,0,1,0
342267,2441,0,0,0,1,0
342342,2442,0,0,1,0,0
342431,2443,0,0,0,1,0
342545,2444,0,0,0,1,0
342664,2445,0,0,0,1,0
342764,2446,0,0,0,1,0
342883,2447,0,0,0,1,0
342967,2448,0,0,0,1,0
343075,2449,0,0,0,1,0
343183,2450,0,0,0,1,0
343272,2451,0,0,0,1,0
343279,2452,0,0,1,0,0
343378,2453,0,0,1,0,0
343464,2454,0,0,0,1,0
343603,2455,0,0,0,1,0
343701,2456,0,0,0,1,0
343793,2457,0,0,0,1,0
343881,2458,0,0,0,1,0
343992,2459,0,0,0,1,0
344104,2460,0,0,0,1,0
344208,2461,0,0,0,1,0
344322,2462,0,0,0,1,0
344408,2463,0,0,0,1,0
344533,2464,0,0,0,1,0
344543,2465,0,0,1,0,0
344678,2466,0,0,0,1,0
344784,2467,0,0,0,1,0
344815,2468,0,0,1,0,0
344936,2469,0,0,0,1,0
345042,2470,0,0,0,1,0
345066,2471,0,0,1,0,0
345121,2472,0,0,1,0,0
345233,2473,0,0,0,1,0
345365,2474,0,0,0,1,0
345490,2475,0,0,0,1,0
345606,2476,0,0,0,1,0
345722,2477,0,0,0,1,0
345799,2478,0,0,1,0,0
345842,2479,0,0,1,0,0
345932,2480,0,0,0,1,0
346032,2481,0,0,0,1,0
346040,2482,0,0,1,0,0
346041,2483,0,0,1,0,0
346125,2484,0,0,1,0,0
346233,2485,0,0,0,1,0
346350,2486,0,0,0,1,0
346396,2487,0,0,1,0,0
346460,2488,0,0,1,0,0
346527,2489,0,0,1,0,0
346542,2490,0,0,1,0,0
346628,2491,0,0,0,1,0
346631,2492,0,0,1,0,0
346717,2493,0,0,0,1,0
346840,2494,0,0,0,1,0
346922,2495,0,0,1,0,0
347019,2496,0,0,0,1,0
347115,2497,0,0,0,1,0
347212,2498,0,0,0,1,0
347246,2499,0,0,1,0,0
347321,2500,0,0,1,0,0
347323,2501,0,0,1,0,0
347410,2502,0,0,0,1,0
347429,2503,0,0,1,0,0
347549,2504,0,0,0,1,0
347644,2505,0,0,0,1,0
347707,2506,0,0,1,0,0
347805,2507,0,0,0,1,0
347922,2508,0,0,0,1,0
347950,2509,0,0,1,0,0
347977,2510,0,0,1,0,0
348081,2511,0,0,1,0,0
348206,2512,0,0,0,1,0
348309,2513,0,0,0,1,0
348432,2514,0,0,0,1,0
348523,2515,0,0,0,1,0
348655,2516,0,0,0,1,0
348790,2517,0,0,0,1,0
348869,2518,0,0,1,0,0
348966,2519,0,0,0,1,0
349070,2520,0,0,0,1,0
349203,2521,0,0,0,1,0
349295,2522,0,0,0,1,0
349402,2523,0,0,0,1,0
349513,2524,0,0,0,1,0
349527,2525,0,0,1,0,0
349615,2526,0,0,1,0,0
349745,2527,0,0,0,1,0
349836,2528,0,0,0,1,0
349969,2529,0,0,1,0,0
350074,2530,0,0,0,1,0
350191,2531,0,0,0,1,0
350294,2532,0,0,0,1,0
350324,2533,0,0,1,0,0
350407,2534,0,0,1,0,0
350444,2535,0,0,1,0,0
350565,2536,0,0,0,1,0
350608,2537,0,0,1,0,0
350700,2538,0,0,0,1,0
350704,2539,1,0,0,0,0
350790,2540,0,0,1,0,0
350898,2541,0,0,1,0,0
350999,2542,0,0,0,1,0
351128,2543,0,0,0,1,0
351250,2544,0,0,0,1,0
351350,2545,0,0,0,1,0
351451,2546,0,0,0,1,0
351557,2547,0,0,0,1,0
351612,2548,0,0,1,0,0
351632,2549,0,0,1,0,0
351726,2550,0,0,0,1,0
351805,2551,0,0,1,0,0
351842,2552,0,0,1,0,0
351947,2553,0,0,0,1,0
351981,2554,0,0,1,0,0
352026,2555,0,0,1,0,0
352137,2556,0,0,0,1,0
352246,2557,0,0,0,1,0
352336,2558,0,0,0,1,0
352404,2559,0,0,1,0,0
352490,2560,0,0,0,1,0
352492,2561,0,0,1,0,0
352554,2562,0,0,1,0,0
352662,2563,0,0,0,1,0
352754,2564,0,0,0,1,0
352853,2565,0,0,0,1,0
352922,2566,0,0,1,0,0
353058,2567,0,0,0,1,0
353158,2568,0,0,0,1,0
353261,2569,0,0,0,1,0
353384,2570,0,0,0,1,0
353508,2571,0,0,0,1,0
353640,2572,0,0,0,1,0
353741,2573,0,0,0,1,0
353865,2574,0,0,0,1,0
353964,2575,0,0,1,0,0
354066,2576,0,0,1,0,0
354150,2577,0,0,0,1,0
354248,2578,0,0,0,1,0
354272,2579,0,0,1,0,0
354368,2580,0,0,0,1,0
354431,2581,0,0,1,0,0
354535,2582,0,0,0,1,0
354593,2583,0,0,1,0,0
354603,2584,0,0,1,0,0
354662,2585,0,0,1,0,0
354776,2586,0,0,0,1,0
354866,2587,0,0,0,1,0
354993,2588,0,0,0,1,0
355091,2589,0,0,0,1,0
355213,2590,0,0,0,1,0
355324,2591,0,0,0,1,0
355410,2592,0,0,0,1,0
355502,2593,0,0,0,1,0
355595,2594,0,0,1,0,0
355700,2595,0,0,0,1,0
355721,2596,0,0,1,0,0
355837,2597,0,0,1,0,0
355926,2598,0,0,0,1,0
356072,2599,0,0,0,1,0
356185,2600,0,0,0,1,0
356199,2601,0,0,1,0,0
356315,2602,0,0,0,1,0
356410,2603,0,0,0,1,0
356493,2604,0,0,0,1,0
356615,2605,0,0,0,1,0
356726,2606,0,0,0,1,0
356731,2607,0,0,1,0,0
356801,2608,0,0,1,0,0
356919,2609,0,0,0,1,0
357020,2610,0,0,0,1,0
357120,2611,0,0,0,1,0
357230,2612,0,0,1,0,0
357358,2613,0,0,0,1,0
357484,2614,0,0,0,1,0
357537,2615,0,0,1,0,0
357656,2616,0,0,0,1,0
357775,2617,0,0,0,1,0
357875,2618,0,0,0,1,0
357917,2619,0,0,1,0,0
357993,2620,0,0,1,0,0
357998,2621,1,0,0,0,0
358125,2622,0,0,0,1,0
358220,2623,0,0,1,0,0
358256,2624,0,0,1,0,0
358384,2625,0,0,0,1,0
358393,2626,0,0,1,0,0
358515,2627,0,0,0,1,0
358556,2628,0,0,1,0,0
358600,2629,0,0,1,0,0
358709,2630,0,0,0,1,0
358834,2631,0,0,0,1,0
358921,2632,0,0,1,0,0
359048,2633,0,0,0,1,0
359147,2634,0,0,0,1,0
359218,2635,0,0,1,0,0
359277,2636,0,0,1,0,0
359407,2637,0,0,0,1,0
359507,2638,0,0,0,1,0
359642,2639,0,0,0,1,0
359654,2640,0,0,1,0,0
359770,2641,0,0,0,1,0
359773,2642,1,0,0,0,0
359856,2643,0,0,1,0,0
359961,2644,0,0,0,1,0
360085,2645,0,0,0,1,0
360115,2646,0,0,1,0,0
360137,2647,0,0,1,0,0
360231,2648,0,0,0,1,0
360361,2649,0,0,0,1,0
360452,2650,0,0,0,1,0
360478,2651,0,0,1,0,0
360530,2652,0,0,1,0,0
360531,2653,0,0,1,0,0
360535,2654,1,0,0,0,0
360630,2655,0,0,1,0,0
360639,2656,0,0,1,0,0
360768,2657,0,0,0,1,0
360874,2658,0,0,0,1,0
360912,2659,0,0,1,0,0
361009,2660,0,0,0,1,0
361106,2661,0,0,0,1,0
361143,2662,0,0,1,0,0
361232,2663,0,0,0,1,0
361266,2664,0,0,1,0,0
361371,2665,0,0,0,1,0
361381,2666,0,0,1,0,0
361384,2667,1,0,0,0,0
361484,2668,0,0,0,1,0
361616,2669,0,0,0,1,0
361707,2670,0,0,0,1,0
361847,2671,0,0,0,1,0
361848,2672,0,0,1,0,0
361909,2673,0,0,1,0,0
362017,2674,0,0,0,1,0
362036,2675,0,0,1,0,0
362179,2676,0,0,0,1,0
362306,2677,0,0,0,1,0
362418,2678,0,0,0,1,0
362428,2679,0,0,1,0,0
362534,2680,0,0,0,1,0
362642,2681,0,0,0,1,0
362745,2682,0,0,0,1,0
362832,2683,0,0,1,0,0
362945,2684,0,0,0,1,0
362946,2685,0,0,1,0,0
363035,2686,0,0,0,1,0
363124,2687,0,0,0,1,0
363129,2688,1,0,0,0,0
363170,2689,0,0,1,0,0
363262,2690,0,0,0,1,0
363270,2691,0,0,1,0,0
363381,2692,0,0,0,1,0
363425,2693,0,0,1,0,0
363550,2694,0,0,0,1,0
363632,2695,0,0,1,0,0
363633,2696,0,0,1,0,0
363742,2697,0,0,0,1,0
363873,2698,0,0,0,1,0
364002,2699,0,0,0,1,0
364101,2700,0,0,0,1,0
364132,2701,0,0,1,0,0
364169,2702,0,0,1,0,0
364234,2703,0,0,1,0,0
364361,2704,0,0,0,1,0
364373,2705,0,0,1,0,0
364492,2706,0,0,0,1,0
364589,2707,0,0,0,1,0
364708,2708,0,0,0,1,0
364775,2709,0,0,1,0,0
364885,2710,0,0,0,1,0
365015,2711,0,0,0,1,0
365128,2712,0,0,0,1,0
365238,2713,0,0,0,1,0
365379,2714,0,0,0,1,0
365462,2715,0,0,0,1,0
365470,2716,0,0,1,0,0
365496,2717,0,0,1,0,0
365628,2718,0,0,0,1,0
365736,2719,0,0,0,1,0
365848,2720,0,0,0,1,0
365943,2721,0,0,1,0,0
366045,2722,0,0,0,1,0
366152,2723,0,0,0,1,0
366180,2724,0,0,1,0,0
366320,2725,0,0,0,1,0
366467,2726,0,0,0,1,0
366561,2727,0,0,0,1,0
366700,2728,0,0,0,1,0
366704,2729,1,0,0,0,0
366827,2730,0,0,0,1,0
366882,2731,0,0,1,0,0
366983,2732,0,0,0,1,0
367080,2733,0,0,0,1,0
367170,2734,0,0,0,1,0
367192,2735,0,0,1,0,0
367315,2736,0,0,0,1,0
367424,2737,0,0,0,1,0
367545,2738,0,0,0,1,0
367641,2739,0,0,0,1,0
367685,2740,0,0,1,0,0
367793,2741,0,0,0,1,0
367893,2742,0,0,0,1,0
368008,2743,0,0,0,1,0
368097,2744,0,0,0,1,0
368197,2745,0,0,1,0,0
368287,2746,0,0,0,1,0
368423,2747,0,0,0,1,0
368526,2748,0,0,0,1,0
368621,2749,0,0,0,1,0
368638,2750,0,0,1,0,0
368670,2751,0,0,1,0,0
368771,2752,0,0,0,1,0
368897,2753,0,0,0,1,0
368913,2754,0,0,1,0,0
368952,2755,0,0,1,0,0
369040,2756,0,0,0,1,0
369126,2757,0,0,0,1,0
369234,2758,0,0,0,1,0
369241,2759,0,0,1,0,0
369325,2760,0,0,0,1,0
369412,2761,0,0,1,0,0
369498,2762,0,0,1,0,0
369594,2763,0,0,0,1,0
369639,2764,0,0,1,0,0
369681,2765,0,0,1,0,0
369803,2766,0,0,0,1,0
369896,2767,0,0,0,1,0
370028,2768,0,0,0,1,0
370131,2769,0,0,0,1,0
370139,2770,0,0,1,0,0
370209,2771,0,0,1,0,0
370344,2772,0,0,0,1,0
370448,2773,0,0,0,1,0
370547,2774,0,0,0,1,0
370677,2775,0,0,0,1,0
370698,2776,0,0,1,0,0
370776,2777,0,0,1,0,0
370885,2778,0,0,0,1,0
370969,2779,0,0,1,0,0
371095,2780,0,0,0,1,0
371213,2781,0,0,0,1,0
371268,2782,0,0,1,0,0
371399,2783,0,0,0,1,0
371509,2784,0,0,0,1,0
371626,2785,0,0,0,1,0
371646,2786,0,0,1,0,0
371748,2787,0,0,1,0,0
371757,2788,0,0,1,0,0
371792,2789,0,0,1,0,0
371889,2790,0,0,0,1,0
371890,2791,0,0,1,0,0
371992,2792,0,0,0,1,0
372053,2793,0,0,1,0,0
372152,2794,0,0,0,1,0
372279,2795,0,0,0,1,0
372400,2796,0,0,1,0,0
372402,2797,0,0,1,0,0
372494,2798,0,0,0,1,0
372621,2799,0,0,0,1,0
372740,2800,0,0,0,1,0
372827,2801,0,0,0,1,0
372936,2802,0,0,0,1,0
373044,2803,0,0,0,1,0
373173,2804,0,0,0,1,0
373304,2805,0,0,0,1,0
373401,2806,0,0,0,1,0
373495,2807,0,0,0,1,0
373598,2808,0,0,0,1,0
373723,2809,0,0,0,1,0
373804,2810,0,0,1,0,0
373899,2811,0,0,0,1,0
373945,2812,0,0,1,0,0
373966,2813,0,0,1,0,0
374091,2814,0,0,0,1,0
374154,2815,0,0,1,0,0
374186,2816,0,0,1,0,0
374222,2817,0,0,1,0,0
374335,2818,0,0,0,1,0
374363,2819,0,0,1,0,0
374497,2820,0,0,0,1,0
374583,2821,0,0,0,1,0
374585,2822,0,0,1,0,0
374693,2823,0,0,0,1,0
374740,2824,0,0,1,0,0
374831,2825,0,0,0,1,0
374949,2826,0,0,0,1,0
375052,2827,0,0,0,1,0
375185,2828,0,0,0,1,0
375306,2829,0,0,0,1,0
375430,2830,0,0,0,1,0
375431,2831,1,0,0,0,0
375491,2832,0,0,1,0,0
375534,2833,0,0,1,0,0
375674,2834,0,0,0,1,0
375773,2835,0,0,0,1,0
375876,2836,0,0,1,0,0
375878,2837,0,0,1,0,0
375983,2838,0,0,0,1,0
376110,2839,0,0,0,1,0
376207,2840,0,0,0,1,0
376236,2841,0,0,1,0,0
376359,2842,0,0,0,1,0
376488,2843,0,0,0,1,0
376603,2844,0,0,0,1,0
376706,2845,0,0,0,1,0
376815,2846,0,0,0,1,0
376877,2847,0,0,1,0,0
376878,2848,1,0,0,0,0
376978,2849,0,0,1,0,0
377087,2850,0,0,0,1,0
377120,2851,0,0,1,0,0
377161,2852,0,0,1,0,0
377276,2853,0,0,1,0,0
377298,2854,0,0,1,0,0
377408,2855,0,0,0,1,0
377429,2856,0,0,1,0,0
377544,2857,0,0,0,1,0
377635,2858,0,0,0,1,0
377753,2859,0,0,0,1,0
377841,2860,0,0,0,1,0
377976,2861,0,0,0,1,0
378093,2862,0,0,0,1,0
378218,2863,0,0,0,1,0
378318,2864,0,0,0,1,0
378421,2865,0,0,0,1,0
378517,2866,0,0,0,1,0
378633,2867,0,0,0,1,0
378753,2868,0,0,0,1,0
378875,2869,0,0,0,1,0
378968,2870,0,0,1,0,0
379070,2871,0,0,0,1,0
379185,2872,0,0,0,1,0
379293,2873,0,0,0,1,0
379403,2874,0,0,0,1,0
379506,2875,0,0,0,1,0
379638,2876,0,0,0,1,0
379705,2877,0,0,1,0,0
379809,2878,0,0,0,1,0
379917,2879,0,0,0,1,0
380045,2880,0,0,0,1,0
380151,2881,0,0,0,1,0
380249,2882,0,0,0,1,0
380326,2883,0,0,1,0,0
380410,2884,0,0,1,0,0
380532,2885,0,0,0,1,0
380662,2886,0,0,0,1,0
380789,2887,0,0,0,1,0
380893,2888,0,0,0,1,0
380931,2889,0,0,1,0,0
381039,2890,0,0,0,1,0
381158,2891,0,0,0,1,0
381260,2892,0,0,1,0,0
381368,2893,0,0,0,1,0
381477,2894,0,0,0,1,0
381606,2895,0,0,0,1,0
381646,2896,0,0,1,0,0
381709,2897,0,0,1,0,0
381835,2898,0,0,0,1,0
381974,2899,0,0,0,1,0
382039,2900,0,0,1,0,0
382163,2901,0,0,0,1,0
382283,2902,0,0,0,1,0
382386,2903,0,0,0,1,0
382466,2904,0,0,1,0,0
382569,2905,0,0,0,1,0
382666,2906,0,0,0,1,0
382791,2907,0,0,0,1,0
382900,2908,0,0,0,1,0
383008,2909,0,0,0,1,0
383099,2910,0,0,0,1,0
383192,2911,0,0,0,1,0
383294,2912,0,0,0,1,0
383409,2913,0,0,0,1,0
383421,2914,0,0,1,0,0
383541,2915,0,0,0,1,0
383559,2916,0,0,1,0,0
383685,2917,0,0,0,1,0
383717,2918,0,0,1,0,0
383821,2919,0,0,0,1,0
383907,2920,0,0,0,1,0
384029,2921,0,0,0,1,0
384124,2922,0,0,0,1,0
384219,2923,0,0,0,1,0
384330,2924,0,0,1,0,0
384418,2925,0,0,1,0,0
384464,2926,0,0,1,0,0
384572,2927,0,0,0,1,0
384683,2928,0,0,0,1,0
384784,2929,0,0,0,1,0
384874,2930,0,0,0,1,0
384980,2931,0,0,0,1,0
385078,2932,0,0,0,1,0
385202,2933,0,0,1,0,0
385307,2934,0,0,0,1,0
385434,2935,0,0,0,1,0
385462,2936,0,0,1,0,0
385571,2937,0,0,0,1,0
385661,2938,0,0,0,1,0
385756,2939,0,0,0,1,0
385856,2940,0,0,0,1,0
385932,2941,0,0,1,0,0
385992,2942,0,0,1,0,0
386084,2943,0,0,1,0,0
386132,2944,0,0,1,0,0
386195,2945,0,0,1,0,0
386290,2946,0,0,0,1,0
386397,2947,0,0,0,1,0
386486,2948,0,0,0,1,0
386621,2949,0,0,0,1,0
386743,2950,0,0,0,1,0
386847,2951,0,0,0,1,0
386987,2952,0,0,0,1,0
387046,2953,0,0,1,0,0
387177,2954,0,0,0,1,0
387288,2955,0,0,0,1,0
387409,2956,0,0,0,1,0
387502,2957,0,0,0,1,0
387618,2958,0,0,0,1,0
387746,2959,0,0,0,1,0
387860,2960,0,0,0,1,0
387946,2961,0,0,0,1,0
387975,2962,0,0,1,0,0
387982,2963,0,0,1,0,0
388105,2964,0,0,0,1,0
388119,2965,0,0,1,0,0
388229,2966,0,0,0,1,0
388360,2967,0,0,0,1,0
388458,2968,0,0,0,1,0
388575,2969,0,0,0,1,0
388682,2970,0,0,0,1,0
388755,2971,0,0,1,0,0
388881,2972,0,0,0,1,0
388980,2973,0,0,0,1,0
389086,2974,0,0,0,1,0
389213,2975,0,0,0,1,0
389292,2976,0,0,1,0,0
389408,2977,0,0,0,1,0
389523,2978,0,0,0,1,0
389528,2979,1,0,0,0,0
389577,2980,0,0,1,0,0
389704,2981,0,0,0,1,0
389817,2982,0,0,0,1,0
389944,2983,0,0,0,1,0
390054,2984,0,0,0,1,0
390142,2985,0,0,0,1,0
390191,2986,0,0,1,0,0
390295,2987,0,0,0,1,0
390364,2988,0,0,1,0,0
390477,2989,0,0,0,1,0
390504,2990,0,0,1,0,0
390593,2991,0,0,0,1,0
390599,2992,0,0,1,0,0
390644,2993,0,0,1,0,0
390756,2994,0,0,0,1,0
390862,2995,0,0,0,1,0
390972,2996,0,0,0,1,0
391070,2997,0,0,0,1,0
391168,2998,0,0,0,1,0
391309,2999,0,0,0,1,0
391355,3000,0,0,1,0,0
391444,3001,0,0,0,1,0
391542,3002,0,0,0,1,0
391647,3003,0,0,0,1,0
391761,3004,0,0,0,1,0
391858,3005,0,0,0,1,0
391978,3006,0,0,0,1,0
392031,3007,0,0,1,0,0
392159,3008,0,0,0,1,0
392252,3009,0,0,0,1,0
392366,3010,0,0,0,1,0
392458,3011,0,0,0,1,0
392573,3012,0,0,1,0,0
392632,3013,0,0,1,0,0
392669,3014,0,0,1,0,0
392757,3015,0,0,0,1,0
392863,3016,0,0,1,0,0
392993,3017,0,0,0,1,0
393118,3018,0,0,0,1,0
393238,3019,0,0,0,1,0
393297,3020,0,0,1,0,0
393431,3021,0,0,0,1,0
393528,3022,0,0,0,1,0
393658,3023,0,0,0,1,0
393709,3024,0,0,1,0,0
393825,3025,0,0,0,1,0
393941,3026,0,0,0,1,0
394046,3027,0,0,0,1,0
394057,3028,0,0,1,0,0
394153,3029,0,0,0,1,0
394282,3030,0,0,0,1,0
394378,3031,0,0,0,1,0
394518,3032,0,0,0,1,0
394592,3033,0,0,1,0,0
394686,3034,0,0,0,1,0
394815,3035,0,0,0,1,0
394826,3036,0,0,1,0,0
394946,3037,0,0,0,1,0
395071,3038,0,0,0,1,0
395190,3039,0,0,0,1,0
395256,3040,0,0,1,0,0
395344,3041,0,0,1,0,0
395400,3042,0,0,1,0,0
395493,3043,0,0,0,1,0
395598,3044,0,0,0,1,0
395732,3045,0,0,0,1,0
395869,3046,0,0,0,1,0
395982,3047,0,0,0,1,0
396028,3048,0,0,1,0,0
396155,3049,0,0,0,1,0
396255,3050,0,0,0,1,0
396338,3051,0,0,1,0,0
396398,3052,0,0,1,0,0
396509,3053,0,0,0,1,0
396598,3054,0,0,0,1,0
396712,3055,0,0,0,1,0
396803,3056,0,0,0,1,0
396896,3057,0,0,0,1,0
396994,3058,0,0,0,1,0
397073,3059,0,0,1,0,0
397177,3060,0,0,0,1,0
397181,3061,0,0,1,0,0
397293,3062,0,0,0,1,0
397391,3063,0,0,0,1,0
397482,3064,0,0,0,1,0
397603,3065,0,0,0,1,0
397696,3066,0,0,0,1,0
397816,3067,0,0,0,1,0
397845,3068,0,0,1,0,0
397950,3069,0,0,0,1,0
398046,3070,0,0,0,1,0
398148,3071,0,0,0,1,0
398268,3072,0,0,0,1,0
398392,3073,0,0,0,1,0
398517,3074,0,0,0,1,0
398581,3075,0,0,1,0,0
398688,3076,0,0,0,1,0
398776,3077,0,0,0,1,0
398922,3078,0,0,0,1,0
399032,3079,0,0,0,1,0
399126,3080,0,0,0,1,0
399203,3081,0,0,1,0,0
399208,3082,1,0,0,0,0
399297,3083,0,0,1,0,0
399432,3084,0,0,0,1,0
399518,3085,0,0,0,1,0
399644,3086,0,0,0,1,0
399722,3087,0,0,1,0,0
399811,3088,0,0,0,1,0
399899,3089,0,0,0,1,0
399995,3090,0,0,0,1,0
400008,3091,0,0,1,0,0
400147,3092,0,0,0,1,0
400186,3093,0,0,1,0,0
400320,3094,0,0,0,1,0
400414,3095,0,0,0,1,0
400496,3096,0,0,1,0,0
400606,3097,0,0,0,1,0
400620,3098,0,0,1,0,0
400622,3099,0,0,1,0,0
400749,3100,0,0,1,0,0
400849,3101,0,0,0,1,0
400947,3102,0,0,1,0,0
401052,3103,0,0,0,1,0
401168,3104,0,0,0,1,0
401279,3105,0,0,0,1,0
401372,3106,0,0,0,1,0
401504,3107,0,0,0,1,0
401616,3108,0,0,0,1,0
401708,3109,0,0,0,1,0
401832,3110,0,0,0,1,0
401931,3111,0,0,0,1,0
402038,3112,0,0,0,1,0
402142,3113,0,0,0,1,0
402153,3114,0,0,1,0,0
402259,3115,0,0,0,1,0
402393,3116,0,0,0,1,0
402536,3117,0,0,0,1,0
402661,3118,0,0,0,1,0
402769,3119,0,0,0,1,0
402883,3120,0,0,0,1,0
402976,3121,0,0,0,1,0
403092,3122,0,0,0,1,0
403186,3123,0,0,0,1,0
403313,3124,0,0,0,1,0
403344,3125,0,0,1,0,0
403433,3126,0,0,0,1,0
403569,3127,0,0,0,1,0
403701,3128,0,0,1,0,0
403814,3129,0,0,1,0,0
403824,3130,0,0,1,0,0
403937,3131,0,0,0,1,0
404063,3132,0,0,0,1,0
404152,3133,0,0,0,1,0
404268,3134,0,0,0,1,0
404360,3135,0,0,0,1,0
404388,3136,0,0,1,0,0
404410,3137,0,0,1,0,0
404497,3138,0,0,0,1,0
404606,3139,0,0,0,1,0
404721,3140,0,0,0,1,0
404826,3141,0,0,0,1,0
404851,3142,0,0,1,0,0
404854,3143,1,0,0,0,0
404978,3144,0,0,0,1,0
405063,3145,0,0,0,1,0
405174,3146,0,0,0,1,0
405259,3147,0,0,1,0,0
405343,3148,0,0,0,1,0
405359,3149,0,0,1,0,0
405367,3150,0,0,1,0,0
405477,3151,0,0,1,0,0
405575,3152,0,0,0,1,0
405680,3153,0,0,0,1,0
405777,3154,0,0,0,1,0
405884,3155,0,0,0,1,0
405994,3156,0,0,0,1,0
406100,3157,0,0,0,1,0
406192,3158,0,0,0,1,0
406294,3159,0,0,0,1,0
406383,3160,0,0,0,1,0
406497,3161,0,0,0,1,0
406565,3162,0,0,1,0,0
406653,3163,0,0,0,1,0
406762,3164,0,0,0,1,0
406848,3165,0,0,0,1,0
406951,3166,0,0,0,1,0
407051,3167,0,0,0,1,0
407191,3168,0,0,0,1,0
407248,3169,0,0,1,0,0
407318,3170,0,0,1,0,0
407322,3171,0,0,1,0,0
407446,3172,0,0,0,1,0
407459,3173,0,0,1,0,0
407558,3174,0,0,0,1,0
407576,3175,0,0,1,0,0
407671,3176,0,0,1,0,0
407790,3177,0,0,0,1,0
407901,3178,0,0,0,1,0
408022,3179,0,0,0,1,0
408145,3180,0,0,0,1,0
408262,3181,0,0,0,1,0
408362,3182,0,0,1,0,0
408377,3183,0,0,1,0,0
408380,3184,0,0,1,0,0
408424,3185,0,0,1,0,0
408536,3186,0,0,0,1,0
408611,3187,0,0,1,0,0
408700,3188,0,0,1,0,0
408719,3189,0,0,1,0,0
408838,3190,0,0,0,1,0
408937,3191,0,0,0,1,0
409028,3192,0,0,0,1,0
409160,3193,0,0,0,1,0
409215,3194,0,0,1,0,0
409332,3195,0,0,0,1,0
409428,3196,0,0,0,1,0
409477,3197,0,0,1,0,0
409573,3198,0,0,0,1,0
409689,3199,0,0,0,1,0
409780,3200,0,0,0,1,0
409791,3201,0,0,1,0,0
409877,3202,0,0,0,1,0
409881,3203,0,0,1,0,0
409915,3204,0,0,1,0,0
410002,3205,0,0,0,1,0
410092,3206,0,0,0,1,0
410124,3207,0,0,1,0,0
410199,3208,0,0,1,0,0
410219,3209,0,0,1,0,0
410332,3210,0,0,1,0,0
410434,3211,0,0,0,1,0
410525,3212,0,0,0,1,0
410650,3213,0,0,0,1,0
410761,3214,0,0,0,1,0
410882,3215,0,0,0,1,0
410981,3216,0,0,0,1,0
411050,3217,0,0,1,0,0
411191,3218,0,0,0,1,0
411303,3219,0,0,1,0,0
411329,3220,0,0,1,0,0
411378,3221,0,0,1,0,0
411466,3222,0,0,1,0,0
411575,3223,0,0,1,0,0
411665,3224,0,0,0,1,0
411672,3225,0,0,1,0,0
411690,3226,0,0,1,0,0
411754,3227,0,0,1,0,0
411863,3228,0,0,0,1,0
411974,3229,0,0,0,1,0
412073,3230,0,0,0,1,0
412177,3231,0,0,0,1,0
412238,3232,0,0,1,0,0
412296,3233,0,0,1,0,0
412402,3234,0,0,0,1,0
412471,3235,0,0,1,0,0
412595,3236,0,0,0,1,0
412700,3237,0,0,0,1,0
412832,3238,0,0,0,1,0
412834,3239,1,0,0,0,0
412944,3240,0,0,1,0,0
413045,3241,0,0,1,0,0
413052,3242,0,0,1,0,0
413166,3243,0,0,0,1,0
413227,3244,0,0,1,0,0
413316,3245,0,0,1,0,0
413405,3246,0,0,0,1,0
413544,3247,0,0,0,1,0
413573,3248,0,0,1,0,0
413696,3249,0,0,0,1,0
413845,3250,0,0,0,1,0
413890,3251,0,0,1,0,0
413910,3252,0,0,1,0,0
413970,3253,0,0,1,0,0
414029,3254,0,0,1,0,0
414126,3255,0,0,0,1,0
414238,3256,0,0,0,1,0
414350,3257,0,0,0,1,0
414446,3258,0,0,0,1,0
414525,3259,0,0,1,0,0
414625,3260,0,0,0,1,0
414760,3261,0,0,0,1,0
414873,3262,0,0,0,1,0
414975,3263,0,0,0,1,0
415086,3264,0,0,0,1,0
415198,3265,0,0,0,1,0
415292,3266,0,0,0,1,0
415388,3267,0,0,1,0,0
415493,3268,0,0,1,0,0
415514,3269,0,0,1,0,0
415560,3270,0,0,1,0,0
415692,3271,0,0,0,1,0
415831,3272,0,0,0,1,0
415884,3273,0,0,1,0,0
416010,3274,0,0,0,1,0
416115,3275,0,0,0,1,0
416150,3276,0,0,1,0,0
416280,3277,0,0,0,1,0
416375,3278,0,0,1,0,0
416400,3279,0,0,1,0,0
416517,3280,0,0,0,1,0
416647,3281,0,0,0,1,0
416779,3282,0,0,0,1,0
416889,3283,0,0,0,1,0
417031,3284,0,0,0,1,0
417170,3285,0,0,0,1,0
417188,3286,0,0,1,0,0
417302,3287,0,0,0,1,0
417312,3288,0,0,1,0,0
417421,3289,0,0,0,1,0
417536,3290,0,0,0,1,0
417558,3291,0,0,1,0,0
417701,3292,0,0,0,1,0
417761,3293,0,0,1,0,0
417839,3294,0,0,1,0,0
417935,3295,0,0,0,1,0
417943,3296,0,0,1,0,0
418070,3297,0,0,1,0,0
418163,3298,0,0,0,1,0
418223,3299,0,0,1,0,0
418285,3300,0,0,1,0,0
418401,3301,0,0,0,1,0
418422,3302,0,0,1,0,0
418526,3303,0,0,0,1,0
418560,3304,0,0,1,0,0
418566,3305,1,0,0,0,0
418689,3306,0,0,0,1,0
418783,3307,0,0,0,1,0
418875,3308,0,0,0,1,0
418961,3309,0,0,0,1,0
419043,3310,0,0,0,1,0
419148,3311,0,0,0,1,0
419240,3312,0,0,0,1,0
419352,3313,0,0,0,1,0
419464,3314,0,0,0,1,0
419481,3315,0,0,1,0,0
419619,3316,0,0,0,1,0
419725,3317,0,0,0,1,0
419751,3318,0,0,1,0,0
419850,3319,0,0,0,1,0
419983,3320,0,0,1,0,0
420113,3321,0,0,0,1,0
420220,3322,0,0,0,1,0
420336,3323,0,0,0,1,0
420463,3324,0,0,0,1,0
420552,3325,0,0,0,1,0
420648,3326,0,0,0,1,0
420769,3327,0,0,0,1,0
420821,3328,0,0,1,0,0
420916,3329,0,0,0,1,0
421023,3330,0,0,0,1,0
421056,3331,0,0,1,0,0
421170,3332,0,0,0,1,0
421288,3333,0,0,0,1,0
421386,3334,0,0,0,1,0
421515,3335,0,0,1,0,0
421539,3336,0,0,1,0,0
421635,3337,0,0,0,1,0
421727,3338,0,0,0,1,0
421734,3339,0,0,1,0,0
421824,3340,0,0,0,1,0
421951,3341,0,0,0,1,0
422072,3342,0,0,0,1,0
422166,3343,0,0,0,1,0
422282,3344,0,0,0,1,0
422381,3345,0,0,0,1,0
422482,3346,0,0,1,0,0
422602,3347,0,0,0,1,0
422702,3348,0,0,0,1,0
422704,3349,0,0,1,0,0
422827,3350,0,0,0,1,0
422871,3351,0,0,1,0,0
422960,3352,0,0,1,0,0
423007,3353,0,0,1,0,0
423130,3354,0,0,0,1,0
423229,3355,0,0,0,1,0
423329,3356,0,0,1,0,0
423474,3357,0,0,0,1,0
423573,3358,0,0,0,1,0
423625,3359,0,0,1,0,0
423716,3360,0,0,1,0,0
423805,3361,0,0,0,1,0
423856,3362,0,0,1,0,0
423919,3363,0,0,1,0,0
424051,3364,0,0,0,1,0
424166,3365,0,0,1,0,0
424249,3366,0,0,0,1,0
424336,3367,0,0,0,1,0
424451,3368,0,0,0,1,0
424559,3369,0,0,0,1,0
424671,3370,0,0,0,1,0
424783,3371,0,0,0,1,0
424786,3372,0,0,1,0,0
424916,3373,0,0,0,1,0
425040,3374,0,0,0,1,0
425168,3375,0,0,0,1,0
425172,3376,0,0,1,0,0
425271,3377,0,0,0,1,0
425370,3378,0,0,0,1,0
425479,3379,0,0,0,1,0
425581,3380,0,0,0,1,0
425694,3381,0,0,0,1,0
425804,3382,0,0,0,1,0
425918,3383,0,0,0,1,0
425999,3384,0,0,1,0,0
426084,3385,0,0,1,0,0
426156,3386,0,0,1,0,0
426244,3387,0,0,0,1,0
426371,3388,0,0,0,1,0
426486,3389,0,0,0,1,0
426502,3390,0,0,1,0,0
426617,3391,0,0,0,1,0
426690,3392,0,0,1,0,0
426832,3393,0,0,0,1,0
426936,3394,0,0,0,1,0
426949,3395,0,0,1,0,0
427066,3396,0,0,0,1,0
427171,3397,0,0,0,1,0
427251,3398,0,0,1,0,0
427336,3399,0,0,1,0,0
427453,3400,0,0,1,0,0
427475,3401,0,0,1,0,0
427594,3402,0,0,0,1,0
427701,3403,0,0,0,1,0
427758,3404,0,0,1,0,0
427878,3405,0,0,0,1,0
427968,3406,0,0,0,1,0
428080,3407,0,0,0,1,0
428193,3408,0,0,0,1,0
428300,3409,0,0,0,1,0
428313,3410,0,0,1,0,0
428323,3411,0,0,1,0,0
428425,3412,0,0,0,1,0
428517,3413,0,0,0,1,0
428633,3414,0,0,0,1,0
428736,3415,0,0,0,1,0
428765,3416,0,0,1,0,0
428866,3417,0,0,0,1,0
428988,3418,0,0,0,1,0
429087,3419,0,0,0,1,0
429174,3420,0,0,0,1,0
429212,3421,0,0,1,0,0
429263,3422,0,0,1,0,0
429295,3423,0,0,1,0,0
429343,3424,0,0,1,0,0
429453,3425,0,0,0,1,0
429589,3426,0,0,0,1,0
429721,3427,0,0,0,1,0
429775,3428,0,0,1,0,0
429895,3429,0,0,0,1,0
429897,3430,0,0,1,0,0
429991,3431,0,0,0,1,0
430099,3432,0,0,0,1,0
430188,3433,0,0,0,1,0
430243,3434,0,0,1,0,0
430309,3435,0,0,1,0,0
430430,3436,0,0,0,1,0
430521,3437,0,0,0,1,0
430643,3438,0,0,0,1,0
430773,3439,0,0,1,0,0
430872,3440,0,0,0,1,0
430989,3441,0,0,0,1,0
431084,3442,0,0,0,1,0
431175,3443,0,0,0,1,0
431274,3444,0,0,0,1,0
431396,3445,0,0,0,1,0
431513,3446,0,0,0,1,0
431622,3447,0,0,0,1,0
431732,3448,0,0,0,1,0
431814,3449,0,0,1,0,0
431917,3450,0,0,0,1,0
432032,3451,0,0,0,1,0
432170,3452,0,0,0,1,0
432305,3453,0,0,0,1,0
432400,3454,0,0,0,1,0
432447,3455,0,0,1,0,0
432579,3456,0,0,0,1,0
432654,3457,0,0,1,0,0
432745,3458,0,0,0,1,0
432759,3459,0,0,1,0,0
432828,3460,0,0,1,0,0
432882,3461,0,0,1,0,0
432974,3462,0,0,0,1,0
433084,3463,0,0,0,1,0
433227,3464,0,0,0,1,0
433300,3465,0,0,1,0,0
433332,3466,0,0,1,0,0
433420,3467,0,0,0,1,0
433554,3468,0,0,0,1,0
433671,3469,0,0,0,1,0
433808,3470,0,0,0,1,0
433918,3471,0,0,0,1,0
434004,3472,0,0,0,1,0
434136,3473,0,0,0,1,0
434237,3474,0,0,0,1,0
434289,3475,0,0,1,0,0
434388,3476,0,0,0,1,0
434521,3477,0,0,0,1,0
434641,3478,0,0,0,1,0
434746,3479,0,0,0,1,0
434850,3480,0,0,0,1,0
434900,3481,0,0,1,0,0
434903,3482,0,0,1,0,0
434905,3483,0,0,1,0,0
435040,3484,0,0,0,1,0
435170,3485,0,0,0,1,0
435215,3486,0,0,1,0,0
435271,3487,0,0,1,0,0
435369,3488,0,0,1,0,0
435396,3489,0,0,1,0,0
435522,3490,0,0,0,1,0
435622,3491,0,0,0,1,0
435725,3492,0,0,1,0,0
435832,3493,0,0,0,1,0
435932,3494,0,0,0,1,0
436040,3495,0,0,0,1,0
436175,3496,0,0,0,1,0
436305,3497,0,0,0,1,0
436400,3498,0,0,0,1,0
436410,3499,0,0,1,0,0
436510,3500,0,0,1,0,0
436652,3501,0,0,0,1,0
436789,3502,0,0,0,1,0
436892,3503,0,0,0,1,0
436980,3504,0,0,0,1,0
437079,3505,0,0,0,1,0
437101,3506,0,0,1,0,0
437134,3507,0,0,1,0,0
437251,3508,0,0,0,1,0
437352,3509,0,0,0,1,0
437446,3510,0,0,0,1,0
437534,3511,0,0,1,0,0
437638,3512,0,0,0,1,0
437723,3513,0,0,0,1,0
437846,3514,0,0,0,1,0
437974,3515,0,0,0,1,0
437976,3516,0,0,1,0,0
438079,3517,0,0,0,1,0
438183,3518,0,0,0,1,0
438279,3519,0,0,0,1,0
438332,3520,0,0,1,0,0
438389,3521,0,0,1,0,0
438490,3522,0,0,0,1,0
438545,3523,0,0,1,0,0
438662,3524,0,0,0,1,0
438757,3525,0,0,0,1,0
438880,3526,0,0,0,1,0
438970,3527,0,0,1,0,0
439084,3528,0,0,0,1,0
439205,3529,0,0,0,1,0
439295,3530,0,0,0,1,0
439397,3531,0,0,0,1,0
439483,3532,0,0,0,1,0
439529,3533,0,0,1,0,0
439642,3534,0,0,0,1,0
439752,3535,0,0,0,1,0
439824,3536,0,0,1,0,0
439921,3537,0,0,0,1,0
439955,3538,0,0,1,0,0
440058,3539,0,0,0,1,0
440132,3540,0,0,1,0,0
440263,3541,0,0,0,1,0
440362,3542,0,0,0,1,0
440372,3543,0,0,1,0,0
440499,3544,0,0,0,1,0
440633,3545,0,0,0,1,0
440722,3546,0,0,0,1,0
440761,3547,0,0,1,0,0
440860,3548,0,0,0,1,0
440960,3549,0,0,0,1,0
441055,3550,0,0,1,0,0
441189,3551,0,0,0,1,0
441319,3552,0,0,0,1,0
441406,3553,0,0,0,1,0
441495,3554,0,0,0,1,0
441614,3555,0,0,0,1,0
441728,3556,0,0,0,1,0
441770,3557,0,0,1,0,0
441857,3558,0,0,1,0,0
441962,3559,0,0,0,1,0
442059,3560,0,0,0,1,0
442173,3561,0,0,0,1,0
442292,3562,0,0,1,0,0
442383,3563,0,0,1,0,0
442506,3564,0,0,0,1,0
442523,3565,0,0,1,0,0
442616,3566,0,0,0,1,0
442630,3567,0,0,1,0,0
442763,3568,0,0,1,0,0
442869,3569,0,0,0,1,0
442992,3570,0,0,0,1,0
443097,3571,0,0,0,1,0
443192,3572,0,0,0,1,0
443248,3573,0,0,1,0,0
443362,3574,0,0,0,1,0
443473,3575,0,0,0,1,0
443616,3576,0,0,0,1,0
443712,3577,0,0,0,1,0
443825,3578,0,0,0,1,0
443887,3579,0,0,1,0,0
443949,3580,0,0,1,0,0
444064,3581,0,0,0,1,0
444171,3582,0,0,0,1,0
444223,3583,0,0,1,0,0
444346,3584,0,0,0,1,0
444452,3585,0,0,0,1,0
444548,3586,0,0,1,0,0
444630,3587,0,0,1,0,0
444732,3588,0,0,0,1,0
444792,3589,0,0,1,0,0
444924,3590,0,0,0,1,0
444973,3591,0,0,1,0,0
445052,3592,0,0,1,0,0
445138,3593,0,0,0,1,0
445147,3594,0,0,1,0,0
445261,3595,0,0,0,1,0
445359,3596,0,0,0,1,0
445464,3597,0,0,0,1,0
445559,3598,0,0,0,1,0
445643,3599,0,0,1,0,0
445753,3600,0,0,0,1,0
445839,3601,0,0,1,0,0
445898,3602,0,0,1,0,0
446008,3603,0,0,0,1,0
446009,3604,0,0,1,0,0
446099,3605,0,0,0,1,0
446166,3606,0,0,1,0,0
446257,3607,0,0,0,1,0
446346,3608,0,0,0,1,0
446374,3609,0,0,1,0,0
446449,3610,0,0,1,0,0
446575,3611,0,0,0,1,0
446667,3612,0,0,1,0,0
446781,3613,0,0,0,1,0
446880,3614,0,0,0,1,0
446881,3615,1,0,0,0,0
446982,3616,0,0,0,1,0
447109,3617,0,0,0,1,0
447202,3618,0,0,0,1,0
447312,3619,0,0,1,0,0
447420,3620,0,0,0,1,0
447443,3621,0,0,1,0,0
447500,3622,0,0,1,0,0
447606,3623,0,0,0,1,0
447703,3624,0,0,0,1,0
447807,3625,0,0,0,1,0
447932,3626,0,0,0,1,0
447958,3627,0,0,1,0,0
447964,3628,0,0,1,0,0
448094,3629,0,0,0,1,0
448219,3630,0,0,0,1,0
448246,3631,0,0,1,0,0
448359,3632,0,0,0,1,0
448411,3633,0,0,1,0,0
448524,3634,0,0,0,1,0
448605,3635,0,0,1,0,0
448701,3636,0,0,0,1,0
448707,3637,0,0,1,0,0
448795,3638,0,0,0,1,0
448798,3639,0,0,1,0,0
448930,3640,0,0,0,1,0
449018,3641,0,0,0,1,0
449142,3642,0,0,0,1,0
449255,3643,0,0,0,1,0
449361,3644,0,0,0,1,0
449417,3645,0,0,1,0,0
449531,3646,0,0,0,1,0
449645,3647,0,0,0,1,0
449777,3648,0,0,0,1,0
449893,3649,0,0,0,1,0
450014,3650,0,0,0,1,0
450113,3651,0,0,1,0,0
450244,3652,0,0,0,1,0
450265,3653,0,0,1,0,0
450353,3654,0,0,0,1,0
450492,3655,0,0,0,1,0
450617,3656,0,0,1,0,0
450705,3657,0,0,0,1,0
450789,3658,0,0,0,1,0
450816,3659,0,0,1,0,0
450819,3660,1,0,0,0,0
450933,3661,0,0,0,1,0
451039,3662,0,0,0,1,0
451135,3663,0,0,0,1,0
451169,3664,0,0,1,0,0
451258,3665,0,0,1,0,0
451340,3666,0,0,1,0,0
451413,3667,0,0,1,0,0
451520,3668,0,0,0,1,0
451537,3669,0,0,1,0,0
451660,3670,0,0,0,1,0
451790,3671,0,0,0,1,0
451904,3672,0,0,1,0,0
452020,3673,0,0,0,1,0
452125,3674,0,0,0,1,0
452230,3675,0,0,0,1,0
452336,3676,0,0,0,1,0
452446,3677,0,0,1,0,0
452485,3678,0,0,1,0,0
452526,3679,0,0,1,0,0
452587,3680,0,0,1,0,0
452683,3681,0,0,0,1,0
452800,3682,0,0,0,1,0
452908,3683,0,0,0,1,0
452915,3684,0,0,1,0,0
452927,3685,0,0,1,0,0
453054,3686,0,0,0,1,0
453183,3687,0,0,0,1,0
453311,3688,0,0,0,1,0
453321,3689,0,0,1,0,0
453421,3690,0,0,0,1,0
453543,3691,0,0,0,1,0
453556,3692,0,0,1,0,0
453645,3693,0,0,0,1,0
453738,3694,0,0,0,1,0
453855,3695,0,0,0,1,0
453953,3696,0,0,0,1,0
454041,3697,0,0,0,1,0
454166,3698,0,0,0,1,0
454235,3699,0,0,1,0,0
454349,3700,0,0,0,1,0
454448,3701,0,0,0,1,0
454584,3702,0,0,0,1,0
454689,3703,0,0,0,1,0
454705,3704,0,0,1,0,0
454816,3705,0,0,0,1,0
454917,3706,0,0,0,1,0
455009,3707,0,0,1,0,0
455128,3708,0,0,0,1,0
455183,3709,0,0,1,0,0
455305,3710,0,0,1,0,0
455430,3711,0,0,0,1,0
455558,3712,0,0,1,0,0
455609,3713,0,0,1,0,0
455741,3714,0,0,0,1,0
455837,3715,0,0,0,1,0
455920,3716,0,0,1,0,0
456007,3717,0,0,0,1,0
456099,3718,0,0,0,1,0
456229,3719,0,0,0,1,0
456340,3720,0,0,0,1,0
456435,3721,0,0,0,1,0
456557,3722,0,0,0,1,0
456638,3723,0,0,1,0,0
456720,3724,0,0,1,0,0
456721,3725,1,0,0,0,0
456831,3726,0,0,0,1,0
456959,3727,0,0,0,1,0
457095,3728,0,0,0,1,0
457205,3729,0,0,0,1,0
457307,3730,0,0,0,1,0
457430,3731,0,0,0,1,0
457516,3732,0,0,0,1,0
457647,3733,0,0,0,1,0
457775,3734,0,0,0,1,0
457891,3735,0,0,0,1,0
458003,3736,0,0,0,1,0
458114,3737,0,0,1,0,0
458204,3738,0,0,0,1,0
458316,3739,0,0,0,1,0
458431,3740,0,0,1,0,0
458577,3741,0,0,0,1,0
458615,3742,0,0,1,0,0
458712,3743,0,0,0,1,0
458800,3744,0,0,0,1,0
458874,3745,0,0,1,0,0
458989,3746,0,0,0,1,0
459098,3747,0,0,0,1,0
459217,3748,0,0,0,1,0
459327,3749,0,0,0,1,0
459405,3750,0,0,1,0,0
459417,3751,0,0,1,0,0
459443,3752,0,0,1,0,0
459545,3753,0,0,0,1,0
459637,3754,0,0,0,1,0
459746,3755,0,0,0,1,0
459843,3756,0,0,0,1,0
459895,3757,0,0,1,0,0
460002,3758,0,0,0,1,0
460023,3759,0,0,1,0,0
460104,3760,0,0,1,0,0
460221,3761,0,0,0,1,0
460225,3762,0,0,1,0,0
460356,3763,0,0,0,1,0
460371,3764,0,0,1,0,0
460492,3765,0,0,0,1,0
460600,3766,0,0,1,0,0
460699,3767,0,0,1,0,0
460814,3768,0,0,0,1,0
460921,3769,0,0,1,0,0
461033,3770,0,0,0,1,0
461127,3771,0,0,0,1,0
461256,3772,0,0,0,1,0
461345,3773,0,0,0,1,0
461456,3774,0,0,0,1,0
461488,3775,0,0,1,0,0
461489,3776,1,0,1,0,0
461524,3777,0,0,1,0,0
461656,3778,0,0,0,1,0
461754,3779,0,0,0,1,0
461886,3780,0,0,1,0,0
461937,3781,0,0,1,0,0
462074,3782,0,0,0,1,0
462166,3783,0,0,0,1,0
462191,3784,0,0,1,0,0
462237,3785,0,0,1,0,0
462366,3786,0,0,0,1,0
462477,3787,0,0,0,1,0
462566,3788,0,0,0,1,0
462649,3789,0,0,0,1,0
462754,3790,0,0,0,1,0
462820,3791,0,0,1,0,0
462935,3792,0,0,0,1,0
463029,3793,0,0,0,1,0
463118,3794,0,0,0,1,0
463252,3795,0,0,0,1,0
463312,3796,0,0,1,0,0
463424,3797,0,0,0,1,0
463525,3798,0,0,0,1,0
463551,3799,0,0,1,0,0
463615,3800,0,0,1,0,0
463720,3801,0,0,0,1,0
463722,3802,0,0,1,0,0
463724,3803,0,0,1,0,0
463850,3804,0,0,0,1,0
463873,3805,0,0,1,0,0
463964,3806,0,0,0,1,0
464082,3807,0,0,0,1,0
464143,3808,0,0,1,0,0
464202,3809,0,0,1,0,0
464249,3810,0,0,1,0,0
464296,3811,0,0,1,0,0
464394,3812,0,0,0,1,0
464404,3813,0,0,1,0,0
464436,3814,0,0,1,0,0
464479,3815,0,0,1,0,0
464609,3816,0,0,0,1,0
464638,3817,0,0,1,0,0
464763,3818,0,0,1,0,0
464862,3819,0,0,0,1,0
464988,3820,0,0,0,1,0
465097,3821,0,0,0,1,0
465122,3822,0,0,1,0,0
465133,3823,0,0,1,0,0
465250,3824,0,0,0,1,0
465346,3825,0,0,0,1,0
465442,3826,0,0,1,0,0
465537,3827,0,0,0,1,0
465619,3828,0,0,1,0,0
465726,3829,0,0,0,1,0
465856,3830,0,0,0,1,0
465976,3831,0,0,0,1,0
466030,3832,0,0,1,0,0
466099,3833,0,0,1,0,0
466195,3834,0,0,0,1,0
466294,3835,0,0,0,1,0
466423,3836,0,0,0,1,0
466443,3837,0,0,1,0,0
466556,3838,0,0,0,1,0
466667,3839,0,0,0,1,0
466729,3840,0,0,1,0,0
466868,3841,0,0,1,0,0
466950,3842,0,0,1,0,0
467044,3843,0,0,0,1,0
467172,3844,0,0,0,1,0
467259,3845,0,0,1,0,0
467348,3846,0,0,0,1,0
467485,3847,0,0,0,1,0
467572,3848,0,0,0,1,0
467708,3849,0,0,0,1,0
467766,3850,0,0,1,0,0
467859,3851,0,0,0,1,0
467983,3852,0,0,0,1,0
468087,3853,0,0,0,1,0
468202,3854,0,0,1,0,0
468296,3855,0,0,0,1,0
468365,3856,0,0,1,0,0
468441,3857,0,0,1,0,0
468533,3858,0,0,0,1,0
468560,3859,0,0,1,0,0
468565,3860,1,0,0,0,0
468578,3861,0,0,1,0,0
468668,3862,0,0,0,1,0
468761,3863,0,0,0,1,0
468867,3864,0,0,0,1,0
468987,3865,0,0,0,1,0
469083,3866,0,0,1,0,0
469182,3867,0,0,0,1,0
469284,3868,0,0,0,1,0
469371,3869,0,0,0,1,0
469375,3870,0,0,1,0,0
469377,3871,0,0,1,0,0
469403,3872,0,0,1,0,0
469459,3873,0,0,1,0,0
469560,3874,0,0,0,1,0
469571,3875,0,0,1,0,0
469689,3876,0,0,0,1,0
469712,3877,0,0,1,0,0
469738,3878,0,0,1,0,0
469828,3879,0,0,0,1,0
469870,3880,0,0,1,0,0
469956,3881,0,0,0,1,0
470089,3882,0,0,0,1,0
470193,3883,0,0,0,1,0
470302,3884,0,0,0,1,0
470369,3885,0,0,1,0,0
470468,3886,0,0,0,1,0
470560,3887,0,0,0,1,0
470664,3888,0,0,0,1,0
470786,3889,0,0,0,1,0
470876,3890,0,0,0,1,0
470995,3891,0,0,0,1,0
471099,3892,0,0,0,1,0
471184,3893,0,0,0,1,0
471300,3894,0,0,0,1,0
471391,3895,0,0,0,1,0
471523,3896,0,0,0,1,0
471624,3897,0,0,0,1,0
471722,3898,0,0,0,1,0
471750,3899,0,0,1,0,0
471863,3900,0,0,0,1,0
471970,3901,0,0,0,1,0
472052,3902,0,0,0,1,0
472100,3903,0,0,1,0,0
472235,3904,0,0,0,1,0
472318,3905,0,0,1,0,0
472419,3906,0,0,1,0,0
472544,3907,0,0,0,1,0
472646,3908,0,0,0,1,0
472764,3909,0,0,0,1,0
472904,3910,0,0,1,0,0
473002,3911,0,0,0,1,0
473114,3912,0,0,0,1,0
473252,3913,0,0,0,1,0
473359,3914,0,0,0,1,0
473384,3915,0,0,1,0,0
473406,3916,0,0,1,0,0
473425,3917,0,0,1,0,0
473542,3918,0,0,0,1,0
473643,3919,0,0,0,1,0
473767,3920,0,0,0,1,0
473892,3921,0,0,0,1,0
473893,3922,0,0,1,0,0
474019,3923,0,0,0,1,0
474068,3924,0,0,1,0,0
474107,3925,0,0,1,0,0
474151,3926,0,0,1,0,0
474158,3927,0,0,1,0,0
474176,3928,0,0,1,0,0
474265,3929,0,0,0,1,0
474387,3930,0,0,0,1,0
474488,3931,0,0,0,1,0
474496,3932,1,0,0,0,0
474612,3933,0,0,0,1,0
474727,3934,0,0,0,1,0
474820,3935,0,0,0,1,0
474943,3936,0,0,0,1,0
475006,3937,0,0,1,0,0
475129,3938,0,0,1,0,0
475265,3939,0,0,0,1,0
475358,3940,0,0,0,1,0
475378,3941,0,0,1,0,0
475394,3942,0,0,1,0,0
475518,3943,0,0,0,1,0
475623,3944,0,0,0,1,0
475710,3945,0,0,0,1,0
475807,3946,0,0,1,0,0
475833,3947,0,0,1,0,0
475901,3948,0,0,1,0,0
476009,3949,0,0,1,0,0
476028,3950,0,0,1,0,0
476117,3951,0,0,0,1,0
476257,3952,0,0,0,1,0
476383,3953,0,0,0,1,0
476511,3954,0,0,1,0,0
476611,3955,0,0,0,1,0
476732,3956,0,0,0,1,0
476836,3957,0,0,0,1,0
476887,3958,0,0,1,0,0
476994,3959,0,0,0,1,0
477075,3960,0,0,1,0,0
477176,3961,0,0,0,1,0
477225,3962,0,0,1,0,0
477344,3963,0,0,0,1,0
477357,3964,0,0,1,0,0
477466,3965,0,0,0,1,0
477561,3966,0,0,0,1,0
477654,3967,0,0,0,1,0
477778,3968,0,0,0,1,0
477868,3969,0,0,0,1,0
477992,3970,0,0,0,1,0
478122,3971,0,0,0,1,0
478235,3972,0,0,0,1,0
478336,3973,0,0,0,1,0
478461,3974,0,0,0,1,0
478467,3975,0,0,1,0,0
478582,3976,0,0,0,1,0
478690,3977,0,0,0,1,0
478812,3978,0,0,0,1,0
478854,3979,0,0,1,0,0
478951,3980,0,0,0,1,0
478990,3981,0,0,1,0,0
479124,3982,0,0,0,1,0
479212,3983,0,0,0,1,0
479304,3984,0,0,0,1,0
479369,3985,0,0,1,0,0
479406,3986,0,0,1,0,0
479521,3987,0,0,0,1,0
479553,3988,0,0,1,0,0
479651,3989,0,0,0,1,0
479763,3990,0,0,0,1,0
479784,3991,0,0,1,0,0
479843,3992,0,0,1,0,0
479936,3993,0,0,0,1,0
480023,3994,0,0,1,0,0
480138,3995,0,0,0,1,0
480210,3996,0,0,1,0,0
480354,3997,0,0,0,1,0
480445,3998,0,0,0,1,0
480581,3999,0,0,0,1,0
480698,4000,0,0,0,1,0
480808,4001,0,0,0,1,0
480911,4002,0,0,0,1,0
480957,4003,0,0,1,0,0
480959,4004,0,0,1,0,0
481045,4005,0,0,0,1,0
481064,4006,0,0,1,0,0
481148,4007,0,0,1,0,0
481186,4008,0,0,1,0,0
481310,4009,0,0,0,1,0
481403,4010,0,0,0,1,0
481506,4011,0,0,0,1,0
481564,4012,0,0,1,0,0
481690,4013,0,0,0,1,0
481795,4014,0,0,0,1,0
481912,4015,0,0,0,1,0
482031,4016,0,0,0,1,0
482035,4017,0,0,1,0,0
482138,4018,0,0,0,1,0
482173,4019,0,0,1,0,0
482187,4020,0,0,1,0,0
482280,4021,0,0,0,1,0
482331,4022,0,0,1,0,0
482433,4023,0,0,0,1,0
482541,4024,0,0,0,1,0
482636,4025,0,0,0,1,0
482716,4026,0,0,0,1,0
482801,4027,0,0,0,1,0
482938,4028,0,0,0,1,0
482946,4029,0,0,1,0,0
483035,4030,0,0,0,1,0
483149,4031,0,0,0,1,0
483268,4032,0,0,0,1,0
483300,4033,0,0,1,0,0
483413,4034,0,0,0,1,0
483528,4035,0,0,0,1,0
483671,4036,0,0,0,1,0
483761,4037,0,0,0,1,0
483779,4038,0,0,1,0,0
483895,4039,0,0,0,1,0
483974,4040,0,0,1,0,0
483980,4041,0,0,1,0,0
484069,4042,0,0,1,0,0
484098,4043,0,0,1,0,0
484199,4044,0,0,0,1,0
484294,4045,0,0,0,1,0
484408,4046,0,0,0,1,0
484534,4047,0,0,0,1,0
484604,4048,0,0,1,0,0
484698,4049,0,0,0,1,0
484788,4050,0,0,0,1,0
484864,4051,0,0,1,0,0
484965,4052,0,0,0,1,0
485004,4053,0,0,1,0,0
485124,4054,0,0,0,1,0
485210,4055,0,0,0,1,0
485322,4056,0,0,0,1,0
485405,4057,0,0,0,1,0
485406,4058,0,0,1,0,0
485496,4059,0,0,0,1,0
485584,4060,0,0,0,1,0
485671,4061,0,0,0,1,0
485761,4062,0,0,0,1,0
485791,4063,0,0,1,0,0
485922,4064,0,0,0,1,0
485931,4065,0,0,1,0,0
486056,4066,0,0,0,1,0
486192,4067,0,0,0,1,0
486285,4068,0,0,0,1,0
486396,4069,0,0,0,1,0
486507,4070,0,0,0,1,0
486559,4071,0,0,1,0,0
486673,4072,0,0,0,1,0
486788,4073,0,0,0,1,0
486894,4074,0,0,0,1,0
487006,4075,0,0,0,1,0
487103,4076,0,0,0,1,0
487225,4077,0,0,0,1,0
487231,4078,0,0,1,0,0
487330,4079,0,0,0,1,0
487436,4080,0,0,0,1,0
487551,4081,0,0,0,1,0
487668,4082,0,0,0,1,0
487760,4083,0,0,0,1,0
487806,4084,0,0,1,0,0
487905,4085,0,0,0,1,0
487934,4086,0,0,1,0,0
488056,4087,0,0,0,1,0
488133,4088,0,0,1,0,0
488257,4089,0,0,0,1,0
488367,4090,0,0,1,0,0
488454,4091,0,0,0,1,0
488578,4092,0,0,0,1,0
488611,4093,0,0,1,0,0
488646,4094,0,0,1,0,0
488783,4095,0,0,0,1,0
488890,4096,0,0,0,1,0
489025,4097,0,0,0,1,0
489115,4098,0,0,0,1,0
489148,4099,0,0,1,0,0
489238,4100,0,0,1,0,0
489267,4101,0,0,1,0,0
489359,4102,0,0,0,1,0
489379,4103,0,0,1,0,0
489471,4104,0,0,0,1,0
489515,4105,0,0,1,0,0
489598,4106,0,0,0,1,0
489693,4107,0,0,0,1,0
489747,4108,0,0,1,0,0
489865,4109,0,0,0,1,0
489990,4110,0,0,0,1,0
490091,4111,0,0,0,1,0
490208,4112,0,0,0,1,0
490345,4113,0,0,0,1,0
490462,4114,0,0,0,1,0
490490,4115,0,0,1,0,0
490584,4116,0,0,1,0,0
490712,4117,0,0,0,1,0
490798,4118,0,0,0,1,0
490864,4119,0,0,1,0,0
490971,4120,0,0,0,1,0
491009,4121,0,0,1,0,0
491106,4122,0,0,0,1,0
491205,4123,0,0,0,1,0
491312,4124,0,0,0,1,0
491436,4125,0,0,0,1,0
491548,4126,0,0,0,1,0
491553,4127,0,0,1,0,0
491652,4128,0,0,0,1,0
491739,4129,0,0,1,0,0
491798,4130,0,0,1,0,0
491820,4131,0,0,1,0,0
491899,4132,0,0,1,0,0
491993,4133,0,0,0,1,0
492092,4134,0,0,0,1,0
492112,4135,0,0,1,0,0
492246,4136,0,0,0,1,0
492364,4137,0,0,0,1,0
492472,4138,0,0,0,1,0
492564,4139,0,0,0,1,0
492650,4140,0,0,0,1,0
492664,4141,0,0,1,0,0
492683,4142,0,0,1,0,0
492776,4143,0,0,0,1,0
492867,4144,0,0,0,1,0
492968,4145,0,0,0,1,0
493057,4146,0,0,0,1,0
493146,4147,0,0,0,1,0
493232,4148,0,0,0,1,0
493324,4149,0,0,0,1,0
493431,4150,0,0,1,0,0
493514,4151,0,0,0,1,0
493623,4152,0,0,0,1,0
493731,4153,0,0,0,1,0
493831,4154,0,0,0,1,0
493971,4155,0,0,0,1,0
494066,4156,0,0,1,0,0
494154,4157,0,0,1,0,0
494291,4158,0,0,0,1,0
494364,4159,0,0,1,0,0
494492,4160,0,0,0,1,0
494609,4161,0,0,0,1,0
494703,4162,0,0,0,1,0
494793,4163,0,0,1,0,0
494900,4164,0,0,0,1,0
495010,4165,0,0,0,1,0
495133,4166,0,0,0,1,0
495248,4167,0,0,0,1,0
495337,4168,0,0,0,1,0
495437,4169,0,0,0,1,0
495553,4170,0,0,0,1,0
495656,4171,0,0,0,1,0
495759,4172,0,0,0,1,0
495890,4173,0,0,0,1,0
495967,4174,0,0,1,0,0
496025,4175,0,0,1,0,0
496124,4176,0,0,1,0,0
496125,4177,0,0,1,0,0
496136,4178,0,0,1,0,0
496138,4179,0,0,1,0,0
496236,4180,0,0,0,1,0
496251,4181,0,0,1,0,0
496323,4182,0,0,1,0,0
496446,4183,0,0,0,1,0
496563,4184,0,0,0,1,0
496663,4185,0,0,0,1,0
496757,4186,0,0,0,1,0
496868,4187,0,0,0,1,0
496962,4188,0,0,1,0,0
497083,4189,0,0,0,1,0
497196,4190,0,0,0,1,0
497314,4191,0,0,0,1,0
497427,4192,0,0,0,1,0
497530,4193,0,0,0,1,0
497623,4194,0,0,0,1,0
497712,4195,0,0,0,1,0
497770,4196,0,0,1,0,0
497872,4197,0,0,0,1,0
497881,4198,0,0,1,0,0
497961,4199,0,0,0,1,0
497965,4200,0,0,1,0,0
498068,4201,0,0,0,1,0
498201,4202,0,0,0,1,0
498321,4203,0,0,1,0,0
498428,4204,0,0,0,1,0
498546,4205,0,0,0,1,0
498682,4206,0,0,0,1,0
498783,4207,0,0,0,1,0
498876,4208,0,0,1,0,0
498979,4209,0,0,0,1,0
498993,4210,0,0,1,0,0
499118,4211,0,0,0,1,0
499168,4212,0,0,1,0,0
499196,4213,0,0,1,0,0
499204,4214,0,0,1,0,0
499329,4215,0,0,0,1,0
499451,4216,0,0,0,1,0
499559,4217,0,0,1,0,0
499567,4218,0,0,1,0,0
499669,4219,0,0,0,1,0
499758,4220,0,0,0,1,0
499872,4221,0,0,0,1,0
500015,4222,0,0,0,1,0
500114,4223,0,0,0,1,0
500213,4224,0,0,0,1,0
500340,4225,0,0,0,1,0
500435,4226,0,0,0,1,0
500542,4227,0,0,0,1,0
500558,4228,0,0,1,0,0
500609,4229,0,0,1,0,0
500617,4230,0,0,1,0,0
500733,4231,0,0,0,1,0
500844,4232,0,0,0,1,0
500958,4233,0,0,0,1,0
500972,4234,0,0,1,0,0
500975,4235,0,0,1,0,0
501087,4236,0,0,0,1,0
501201,4237,0,0,0,1,0
501293,4238,0,0,0,1,0
501390,4239,0,0,1,0,0
501524,4240,0,0,0,1,0
501628,4241,0,0,0,1,0
501678,4242,0,0,1,0,0
501784,4243,0,0,0,1,0
501877,4244,0,0,0,1,0
502005,4245,0,0,0,1,0
502120,4246,0,0,0,1,0
502213,4247,0,0,0,1,0
502311,4248,0,0,0,1,0
502412,4249,0,0,0,1,0
502543,4250,0,0,0,1,0
502666,4251,0,0,0,1,0
502709,4252,0,0,1,0,0
502788,4253,0,0,1,0,0
502880,4254,0,0,0,1,0
502894,4255,0,0,1,0,0
503008,4256,0,0,0,1,0
503138,4257,0,0,1,0,0
503252,4258,0,0,1,0,0
503257,4259,1,0,0,0,0
503261,4260,1,0,0,0,0
503262,4261,0,0,1,0,0
503379,4262,0,0,0,1,0
503479,4263,0,0,0,1,0
503610,4264,0,0,0,1,0
503712,4265,0,0,0,1,0
503820,4266,0,0,0,1,0
503922,4267,0,0,0,1,0
503946,4268,0,0,1,0,0
504088,4269,0,0,0,1,0
504156,4270,0,0,1,0,0
504270,4271,0,0,0,1,0
504379,4272,0,0,0,1,0
504491,4273,0,0,1,0,0
504502,4274,0,0,1,0,0
504628,4275,0,0,0,1,0
504755,4276,0,0,0,1,0
504844,4277,0,0,0,1,0
504939,4278,0,0,0,1,0
504973,4279,0,0,1,0,0
505086,4280,0,0,1,0,0
505193,4281,0,0,1,0,0
505203,4282,0,0,1,0,0
505257,4283,0,0,1,0,0
505263,4284,0,0,1,0,0
505376,4285,0,0,0,1,0
505476,4286,0,0,0,1,0
505569,4287,0,0,0,1,0
505690,4288,0,0,0,1,0
505800,4289,0,0,0,1,0
505920,4290,0,0,0,1,0
506000,4291,0,0,1,0,0
506052,4292,0,0,1,0,0
506106,4293,0,0,1,0,0
506206,4294,0,0,0,1,0
506314,4295,0,0,0,1,0
506425,4296,0,0,0,1,0
506546,4297,0,0,0,1,0
506669,4298,0,0,0,1,0
506675,4299,1,0,0,0,0
506751,4300,0,0,1,0,0
506865,4301,0,0,0,1,0
506967,4302,0,0,0,1,0
507107,4303,0,0,0,1,0
507194,4304,0,0,0,1,0
507275,4305,0,0,1,0,0
507324,4306,0,0,1,0,0
507353,4307,0,0,1,0,0
507362,4308,0,0,1,0,0
507492,4309,0,0,0,1,0
507628,4310,0,0,0,1,0
507682,4311,0,0,1,0,0
507774,4312,0,0,0,1,0
507817,4313,0,0,1,0,0
507935,4314,0,0,1,0,0
507979,4315,0,0,1,0,0
508104,4316,0,0,0,1,0
508196,4317,0,0,0,1,0
508293,4318,0,0,0,1,0
508417,4319,0,0,0,1,0
508507,4320,0,0,0,1,0
508514,4321,0,0,1,0,0
508616,4322,0,0,0,1,0
508626,4323,0,0,1,0,0
508738,4324,0,0,0,1,0
508863,4325,0,0,0,1,0
508866,4326,0,0,1,0,0
508965,4327,0,0,0,1,0
509063,4328,0,0,1,0,0
509082,4329,0,0,1,0,0
509187,4330,0,0,0,1,0
509285,4331,0,0,0,1,0
509375,4332,0,0,0,1,0
509473,4333,0,0,0,1,0
509581,4334,0,0,0,1,0
509596,4335,0,0,1,0,0
509688,4336,0,0,0,1,0
509781,4337,0,0,1,0,0
509903,4338,0,0,0,1,0
510030,4339,0,0,0,1,0
510145,4340,0,0,0,1,0
510280,4341,0,0,0,1,0
510366,4342,0,0,0,1,0
510385,4343,0,0,1,0,0
510387,4344,0,0,1,0,0
510460,4345,0,0,1,0,0
510548,4346,0,0,0,1,0
510673,4347,0,0,0,1,0
510767,4348,0,0,0,1,0
510860,4349,0,0,0,1,0
510961,4350,0,0,0,1,0
511043,4351,0,0,1,0,0
511144,4352,0,0,0,1,0
511180,4353,0,0,1,0,0
511288,4354,0,0,0,1,0
511408,4355,0,0,0,1,0
511433,4356,0,0,1,0,0
511540,4357,0,0,0,1,0
511637,4358,0,0,0,1,0
511727,4359,0,0,1,0,0
511758,4360,0,0,1,0,0
511887,4361,0,0,0,1,0
511990,4362,0,0,0,1,0
512063,4363,0,0,1,0,0
512093,4364,0,0,1,0,0
512205,4365,0,0,0,1,0
512294,4366,0,0,1,0,0
512295,4367,1,0,0,0,0
512414,4368,0,0,0,1,0
512503,4369,0,0,0,1,0
512624,4370,0,0,0,1,0
512726,4371,0,0,0,1,0
512734,4372,0,0,1,0,0
512807,4373,0,0,1,0,0
512941,4374,0,0,0,1,0
512952,4375,0,0,1,0,0
513070,4376,0,0,0,1,0
513114,4377,0,0,1,0,0
513220,4378,0,0,0,1,0
513337,4379,0,0,0,1,0
513445,4380,0,0,0,1,0
513559,4381,0,0,0,1,0
513656,4382,0,0,0,1,0
513769,4383,0,0,0,1,0
513893,4384,0,0,0,1,0
513897,4385,0,0,1,0,0
514023,4386,0,0,0,1,0
514065,4387,0,0,1,0,0
514177,4388,0,0,1,0,0
514281,4389,0,0,0,1,0
514390,4390,0,0,1,0,0
514526,4391,0,0,0,1,0
514531,4392,0,0,1,0,0
514622,4393,0,0,1,0,0
514752,4394,0,0,0,1,0
514841,4395,0,0,0,1,0
514856,4396,0,0,1,0,0
514964,4397,0,0,0,1,0
515072,4398,0,0,0,1,0
515188,4399,0,0,0,1,0
515310,4400,0,0,0,1,0
515401,4401,0,0,0,1,0
515530,4402,0,0,0,1,0
515660,4403,0,0,0,1,0
515780,4404,0,0,0,1,0
515866,4405,0,0,0,1,0
515979,4406,0,0,0,1,0
515981,4407,0,0,1,0,0
516113,4408,0,0,0,1,0
516227,4409,0,0,0,1,0
516311,4410,0,0,1,0,0
516403,4411,0,0,1,0,0
516493,4412,0,0,0,1,0
516588,4413,0,0,1,0,0
516697,4414,0,0,0,1,0
516788,4415,0,0,1,0,0
516797,4416,0,0,1,0,0
516900,4417,0,0,0,1,0
516949,4418,0,0,1,0,0
517067,4419,0,0,0,1,0
517162,4420,0,0,0,1,0
517276,4421,0,0,0,1,0
517363,4422,0,0,0,1,0
517471,4423,0,0,0,1,0
517532,4424,0,0,1,0,0
517658,4425,0,0,0,1,0
517694,4426,0,0,1,0,0
517793,4427,0,0,0,1,0
517813,4428,0,0,1,0,0
517930,4429,0,0,0,1,0
517945,4430,0,0,1,0,0
518049,4431,0,0,0,1,0
518155,4432,0,0,0,1,0
518293,4433,0,0,0,1,0
518391,4434,0,0,0,1,0
518500,4435,0,0,0,1,0
518566,4436,0,0,1,0,0
518682,4437,0,0,0,1,0
518794,4438,0,0,0,1,0
518864,4439,0,0,1,0,0
518953,4440,0,0,0,1,0
519063,4441,0,0,0,1,0
519178,4442,0,0,0,1,0
519282,4443,0,0,0,1,0
519416,4444,0,0,0,1,0
519507,4445,0,0,0,1,0
519603,4446,0,0,0,1,0
519729,4447,0,0,0,1,0
519730,4448,0,0,1,0,0
519760,4449,0,0,1,0,0
519880,4450,0,0,0,1,0
520015,4451,0,0,0,1,0
520073,4452,0,0,1,0,0
520124,4453,0,0,1,0,0
520200,4454,0,0,1,0,0
520217,4455,0,0,1,0,0
520313,4456,0,0,0,1,0
520409,4457,0,0,1,0,0
520477,4458,0,0,1,0,0
520581,4459,0,0,0,1,0
520707,4460,0,0,0,1,0
520831,4461,0,0,0,1,0
520928,4462,0,0,0,1,0
521027,4463,0,0,0,1,0
521152,4464,0,0,0,1,0
521258,4465,0,0,0,1,0
521387,4466,0,0,0,1,0
521477,4467,0,0,0,1,0
521581,4468,0,0,0,1,0
521663,4469,0,0,1,0,0
521753,4470,0,0,0,1,0
521863,4471,0,0,0,1,0
521952,4472,0,0,0,1,0
522000,4473,0,0,1,0,0
522110,4474,0,0,0,1,0
522216,4475,0,0,0,1,0
522321,4476,0,0,0,1,0
522440,4477,0,0,0,1,0
522527,4478,0,0,0,1,0
522614,4479,0,0,0,1,0
522742,4480,0,0,1,0,0
522877,4481,0,0,0,1,0
523004,4482,0,0,0,1,0
523106,4483,0,0,0,1,0
523195,4484,0,0,0,1,0
523293,4485,0,0,1,0,0
523391,4486,0,0,0,1,0
523495,4487,0,0,0,1,0
523584,4488,0,0,0,1,0
523670,4489,0,0,1,0,0
523677,4490,0,0,1,0,0
523787,4491,0,0,0,1,0
523875,4492,0,0,0,1,0
523984,4493,0,0,0,1,0
524111,4494,0,0,0,1,0
524231,4495,0,0,0,1,0
524357,4496,0,0,0,1,0
524449,4497,0,0,1,0,0
524557,4498,0,0,0,1,0
524558,4499,0,0,1,0,0
524644,4500,0,0,1,0,0
524757,4501,0,0,0,1,0
524858,4502,0,0,0,1,0
524953,4503,0,0,0,1,0
525031,4504,0,0,1,0,0
525178,4505,0,0,0,1,0
525284,4506,0,0,0,1,0
525389,4507,0,0,0,1,0
525486,4508,0,0,0,1,0
525588,4509,0,0,0,1,0
525641,4510,0,0,1,0,0
525735,4511,0,0,0,1,0
525829,4512,0,0,0,1,0
525929,4513,0,0,0,1,0
526001,4514,0,0,1,0,0
526029,4515,0,0,1,0,0
526118,4516,0,0,0,1,0
526205,4517,0,0,0,1,0
526211,4518,0,0,1,0,0
526334,4519,0,0,0,1,0
526366,4520,0,0,1,0,0
526414,4521,0,0,1,0,0
526441,4522,0,0,1,0,0
526562,4523,0,0,1,0,0
526658,4524,0,0,0,1,0
526687,4525,0,0,1,0,0
526816,4526,0,0,0,1,0
526958,4527,0,0,0,1,0
527066,4528,0,0,0,1,0
527174,4529,0,0,0,1,0
527261,4530,0,0,0,1,0
527355,4531,0,0,0,1,0
527426,4532,0,0,1,0,0
527450,4533,0,0,1,0,0
527496,4534,0,0,1,0,0
527589,4535,0,0,0,1,0
527683,4536,0,0,0,1,0
527719,4537,0,0,1,0,0
527831,4538,0,0,0,1,0
527922,4539,0,0,0,1,0
528017,4540,0,0,0,1,0
528128,4541,0,0,0,1,0
528250,4542,0,0,0,1,0
528371,4543,0,0,0,1,0
528492,4544,0,0,0,1,0
528496,4545,0,0,1,0,0
528545,4546,0,0,1,0,0
528653,4547,0,0,0,1,0
528721,4548,0,0,1,0,0
528813,4549,0,0,0,1,0
528919,4550,0,0,0,1,0
529041,4551,0,0,0,1,0
529155,4552,0,0,0,1,0
529257,4553,0,0,0,1,0
529305,4554,0,0,1,0,0
529363,4555,0,0,1,0,0
529500,4556,0,0,0,1,0
529607,4557,0,0,0,1,0
529733,4558,0,0,0,1,0
529789,4559,0,0,1,0,0
529878,4560,0,0,0,1,0
529892,4561,0,0,1,0,0
529998,4562,0,0,1,0,0
530017,4563,0,0,1,0,0
530043,4564,0,0,1,0,0
530132,4565,0,0,0,1,0
530172,4566,0,0,1,0,0
530275,4567,0,0,0,1,0
530372,4568,0,0,0,1,0
530449,4569,0,0,1,0,0
530547,4570,0,0,0,1,0
530681,4571,0,0,0,1,0
530776,4572,0,0,0,1,0
530817,4573,0,0,1,0,0
530894,4574,0,0,1,0,0
531023,4575,0,0,0,1,0
531119,4576,0,0,0,1,0
531223,4577,0,0,0,1,0
531336,4578,0,0,0,1,0
531431,4579,0,0,1,0,0
531521,4580,0,0,0,1,0
531625,4581,0,0,0,1,0
531757,4582,0,0,0,1,0
531860,4583,0,0,1,0,0
531888,4584,0,0,1,0,0
531988,4585,0,0,0,1,0
532110,4586,0,0,0,1,0
532221,4587,0,0,0,1,0
532301,4588,0,0,0,1,0
532412,4589,0,0,0,1,0
532465,4590,0,0,1,0,0
532566,4591,0,0,0,1,0
532682,4592,0,0,0,1,0
532787,4593,0,0,0,1,0
532845,4594,0,0,1,0,0
532934,4595,0,0,0,1,0
533044,4596,0,0,0,1,0
533108,4597,0,0,1,0,0
533212,4598,0,0,0,1,0
533307,4599,0,0,0,1,0
533401,4600,0,0,1,0,0
533504,4601,0,0,0,1,0
533617,4602,0,0,0,1,0
533702,4603,0,0,0,1,0
533834,4604,0,0,0,1,0
533837,4605,0,0,1,0,0
533930,4606,0,0,0,1,0
533948,4607,0,0,1,0,0
533990,4608,0,0,1,0,0
534061,4609,0,0,1,0,0
534146,4610,0,0,0,1,0
534256,4611,0,0,0,1,0
534392,4612,0,0,0,1,0
534435,4613,0,0,1,0,0
534527,4614,0,0,0,1,0
534639,4615,0,0,0,1,0
534681,4616,0,0,1,0,0
534786,4617,0,0,0,1,0
534900,4618,0,0,0,1,0
535010,4619,0,0,0,1,0
535115,4620,0,0,0,1,0
535230,4621,0,0,1,0,0
535343,4622,0,0,0,1,0
535440,4623,0,0,1,0,0
535571,4624,0,0,0,1,0
535575,4625,1,0,0,0,0
535664,4626,0,0,0,1,0
535676,4627,0,0,1,0,0
535814,4628,0,0,0,1,0
535922,4629,0,0,1,0,0
535933,4630,0,0,1,0,0
536017,4631,0,0,1,0,0
536126,4632,0,0,0,1,0
536221,4633,0,0,0,1,0
536315,4634,0,0,0,1,0
536446,4635,0,0,0,1,0
536535,4636,0,0,0,1,0
536573,4637,0,0,1,0,0
536604,4638,0,0,1,0,0
536724,4639,0,0,0,1,0
536811,4640,0,0,0,1,0
536902,4641,0,0,0,1,0
536994,4642,0,0,0,1,0
537105,4643,0,0,0,1,0
537192,4644,0,0,0,1,0
537220,4645,0,0,1,0,0
537331,4646,0,0,1,0,0
537437,4647,0,0,0,1,0
537547,4648,0,0,0,1,0
537644,4649,0,0,0,1,0
537758,4650,0,0,0,1,0
537775,4651,0,0,1,0,0
537824,4652,0,0,1,0,0
537913,4653,0,0,0,1,0
538024,4654,0,0,0,1,0
538129,4655,0,0,0,1,0
538237,4656,0,0,0,1,0
538383,4657,0,0,0,1,0
538474,4658,0,0,0,1,0
538586,4659,0,0,0,1,0
538631,4660,0,0,1,0,0
538738,4661,0,0,0,1,0
538847,4662,0,0,0,1,0
538961,4663,0,0,0,1,0
538971,4664,0,0,1,0,0
539100,4665,0,0,0,1,0
539153,4666,0,0,1,0,0
539253,4667,0,0,0,1,0
539315,4668,0,0,1,0,0
539407,4669,0,0,0,1,0
539536,4670,0,0,0,1,0
539625,4671,0,0,0,1,0
539720,4672,0,0,0,1,0
539850,4673,0,0,0,1,0
539954,4674,0,0,1,0,0
540042,4675,0,0,0,1,0
540151,4676,0,0,0,1,0
540156,4677,1,0,0,0,0
540175,4678,0,0,1,0,0
540265,4679,0,0,0,1,0
540366,4680,0,0,0,1,0
540480,4681,0,0,0,1,0
540573,4682,0,0,0,1,0
540676,4683,0,0,0,1,0
540777,4684,0,0,0,1,0
540877,4685,0,0,0,1,0
540914,4686,0,0,1,0,0
541008,4687,0,0,0,1,0
541101,4688,0,0,0,1,0
541224,4689,0,0,0,1,0
541230,4690,0,0,1,0,0
541340,4691,0,0,0,1,0
541361,4692,0,0,1,0,0
541457,4693,0,0,0,1,0
541546,4694,0,0,0,1,0
541656,4695,0,0,0,1,0
541705,4696,0,0,1,0,0
541812,4697,0,0,0,1,0
541904,4698,0,0,0,1,0
541923,4699,0,0,1,0,0
542024,4700,0,0,0,1,0
542029,4701,0,0,1,0,0
542087,4702,0,0,1,0,0
542193,4703,0,0,0,1,0
542307,4704,0,0,0,1,0
542317,4705,0,0,1,0,0
542398,4706,0,0,1,0,0
542515,4707,0,0,0,1,0
542624,4708,0,0,0,1,0
542721,4709,0,0,0,1,0
542821,4710,0,0,0,1,0
542925,4711,0,0,0,1,0
543044,4712,0,0,0,1,0
543159,4713,0,0,0,1,0
543277,4714,0,0,0,1,0
543415,4715,0,0,0,1,0
543466,4716,0,0,1,0,0
543558,4717,0,0,0,1,0
543660,4718,0,0,0,1,0
543764,4719,0,0,0,1,0
543862,4720,0,0,0,1,0
543990,4721,0,0,0,1,0
544085,4722,0,0,0,1,0
544215,4723,0,0,0,1,0
544296,4724,0,0,1,0,0
544391,4725,0,0,0,1,0
544497,4726,0,0,0,1,0
544607,4727,0,0,0,1,0
544709,4728,0,0,0,1,0
544819,4729,0,0,0,1,0
544905,4730,0,0,1,0,0
545022,4731,0,0,0,1,0
545115,4732,0,0,1,0,0
545240,4733,0,0,0,1,0
545248,4734,0,0,1,0,0
545368,4735,0,0,0,1,0
545461,4736,0,0,0,1,0
545578,4737,0,0,0,1,0
545705,4738,0,0,0,1,0
545732,4739,0,0,1,0,0
545859,4740,0,0,0,1,0
545949,4741,0,0,1,0,0
546054,4742,0,0,1,0,0
546143,4743,0,0,0,1,0
546251,4744,0,0,0,1,0
546366,4745,0,0,0,1,0
546466,4746,0,0,0,1,0
546569,4747,0,0,1,0,0
546703,4748,0,0,0,1,0
546713,4749,0,0,1,0,0
546798,4750,0,0,1,0,0
546848,4751,0,0,1,0,0
546973,4752,0,0,0,1,0
547111,4753,0,0,0,1,0
547217,4754,0,0,0,1,0
547290,4755,0,0,1,0,0
547355,4756,0,0,1,0,0
547484,4757,0,0,0,1,0
547570,4758,0,0,0,1,0
547704,4759,0,0,0,1,0
547738,4760,0,0,1,0,0
547876,4761,0,0,0,1,0
548008,4762,0,0,0,1,0
548126,4763,0,0,0,1,0
548255,4764,0,0,0,1,0
548281,4765,0,0,1,0,0
548319,4766,0,0,1,0,0
548440,4767,0,0,0,1,0
548502,4768,0,0,1,0,0
548611,4769,0,0,0,1,0
548650,4770,0,0,1,0,0
548750,4771,0,0,0,1,0
548769,4772,0,0,1,0,0
548859,4773,0,0,0,1,0
548968,4774,0,0,0,1,0
549066,4775,0,0,0,1,0
549150,4776,0,0,1,0,0
549263,4777,0,0,0,1,0
549269,4778,0,0,1,0,0
549380,4779,0,0,0,1,0
549490,4780,0,0,0,1,0
549620,4781,0,0,0,1,0
549732,4782,0,0,0,1,0
549858,4783,0,0,0,1,0
549949,4784,0,0,0,1,0
550047,4785,0,0,0,1,0
550138,4786,0,0,0,1,0
550235,4787,0,0,0,1,0
550345,4788,0,0,0,1,0
550363,4789,0,0,1,0,0
550474,4790,0,0,0,1,0
550599,4791,0,0,0,1,0
550705,4792,0,0,0,1,0
550845,4793,0,0,0,1,0
550898,4794,0,0,1,0,0
550988,4795,0,0,0,1,0
551043,4796,0,0,1,0,0
551115,4797,0,0,1,0,0
551244,4798,0,0,1,0,0
551375,4799,0,0,0,1,0
551471,4800,0,0,0,1,0
551598,4801,0,0,0,1,0
551615,4802,0,0,1,0,0
551720,4803,0,0,0,1,0
551808,4804,0,0,0,1,0
551903,4805,0,0,0,1,0
551950,4806,0,0,1,0,0
552040,4807,0,0,0,1,0
552159,4808,0,0,0,1,0
552285,4809,0,0,0,1,0
552374,4810,0,0,0,1,0
552494,4811,0,0,1,0,0
552583,4812,0,0,0,1,0
552673,4813,0,0,1,0,0
552798,4814,0,0,0,1,0
552925,4815,0,0,0,1,0
552952,4816,0,0,1,0,0
553062,4817,0,0,0,1,0
553092,4818,0,0,1,0,0
553205,4819,0,0,1,0,0
553291,4820,0,0,0,1,0
553391,4821,0,0,0,1,0
553525,4822,0,0,0,1,0
553526,4823,0,0,1,0,0
553634,4824,0,0,0,1,0
553755,4825,0,0,0,1,0
553871,4826,0,0,0,1,0
553963,4827,0,0,0,1,0
553965,4828,0,0,1,0,0
554087,4829,0,0,0,1,0
554149,4830,0,0,1,0,0
554246,4831,0,0,1,0,0
554356,4832,0,0,0,1,0
554369,4833,0,0,1,0,0
554459,4834,0,0,1,0,0
554562,4835,0,0,0,1,0
554678,4836,0,0,1,0,0
554808,4837,0,0,1,0,0
554907,4838,0,0,0,1,0
554975,4839,0,0,1,0,0
555065,4840,0,0,0,1,0
555182,4841,0,0,0,1,0
555221,4842,0,0,1,0,0
555322,4843,0,0,0,1,0
555384,4844,0,0,1,0,0
555479,4845,0,0,0,1,0
555603,4846,0,0,0,1,0
555684,4847,0,0,1,0,0
555735,4848,0,0,1,0,0
555740,4849,1,0,0,0,0
555858,4850,0,0,0,1,0
555941,4851,0,0,0,1,0
556039,4852,0,0,0,1,0
556059,4853,0,0,1,0,0
556174,4854,0,0,0,1,0
556287,4855,0,0,0,1,0
556376,4856,0,0,0,1,0
556378,4857,0,0,1,0,0
556508,4858,0,0,0,1,0
556598,4859,0,0,0,1,0
556619,4860,0,0,1,0,0
556727,4861,0,0,0,1,0
556740,4862,0,0,1,0,0
556852,4863,0,0,0,1,0
556909,4864,0,0,1,0,0
556997,4865,0,0,0,1,0
557076,4866,0,0,1,0,0
557198,4867,0,0,0,1,0
557321,4868,0,0,0,1,0
557411,4869,0,0,0,1,0
557499,4870,0,0,0,1,0
557603,4871,0,0,1,0,0
557664,4872,0,0,1,0,0
557756,4873,0,0,0,1,0
557857,4874,0,0,0,1,0
557881,4875,0,0,1,0,0
557973,4876,0,0,0,1,0
558074,4877,0,0,1,0,0
558185,4878,0,0,0,1,0
558301,4879,0,0,0,1,0
558409,4880,0,0,0,1,0
558516,4881,0,0,0,1,0
558642,4882,0,0,0,1,0
558741,4883,0,0,0,1,0
558830,4884,0,0,0,1,0
558961,4885,0,0,0,1,0
559093,4886,0,0,0,1,0
559206,4887,0,0,0,1,0
559309,4888,0,0,0,1,0
559371,4889,0,0,1,0,0
559490,4890,0,0,0,1,0
559538,4891,0,0,1,0,0
559653,4892,0,0,0,1,0
559792,4893,0,0,1,0,0
559874,4894,0,0,0,1,0
559981,4895,0,0,0,1,0
559985,4896,0,0,1,0,0
560102,4897,0,0,0,1,0
560224,4898,0,0,0,1,0
560348,4899,0,0,0,1,0
560370,4900,0,0,1,0,0
560433,4901,0,0,1,0,0
560554,4902,0,0,0,1,0
560646,4903,0,0,0,1,0
560774,4904,0,0,0,1,0
560859,4905,0,0,1,0,0
560957,4906,0,0,0,1,0
561069,4907,0,0,0,1,0
561150,4908,0,0,1,0,0
561275,4909,0,0,0,1,0
561386,4910,0,0,0,1,0
561404,4911,0,0,1,0,0
561445,4912,0,0,1,0,0
561547,4913,0,0,1,0,0
561663,4914,0,0,0,1,0
561785,4915,0,0,0,1,0
561883,4916,0,0,0,1,0
561981,4917,0,0,0,1,0
562108,4918,0,0,0,1,0
562213,4919,0,0,0,1,0
562297,4920,0,0,0,1,0
562392,4921,0,0,1,0,0
562470,4922,0,0,1,0,0
562477,4923,0,0,1,0,0
562588,4924,0,0,0,1,0
562705,4925,0,0,0,1,0
562833,4926,0,0,0,1,0
562919,4927,0,0,0,1,0
563052,4928,0,0,0,1,0
563155,4929,0,0,0,1,0
563278,4930,0,0,0,1,0
563343,4931,0,0,1,0,0
563439,4932,0,0,0,1,0
563537,4933,0,0,0,1,0
563563,4934,0,0,1,0,0
563582,4935,0,0,1,0,0
563668,4936,0,0,0,1,0
563792,4937,0,0,0,1,0
563894,4938,0,0,0,1,0
563993,4939,0,0,0,1,0
564064,4940,0,0,1,0,0
564122,4941,0,0,1,0,0
564244,4942,0,0,0,1,0
564342,4943,0,0,0,1,0
564457,4944,0,0,0,1,0
564518,4945,0,0,1,0,0
564634,4946,0,0,0,1,0
564643,4947,0,0,1,0,0
564707,4948,0,0,1,0,0
564823,4949,0,0,0,1,0
564940,4950,0,0,0,1,0
565030,4951,0,0,1,0,0
565134,4952,0,0,0,1,0
565208,4953,0,0,1,0,0
565297,4954,0,0,0,1,0
565312,4955,0,0,1,0,0
565431,4956,0,0,0,1,0
565546,4957,0,0,0,1,0
565687,4958,0,0,0,1,0
565809,4959,0,0,0,1,0
565907,4960,0,0,0,1,0
565995,4961,0,0,1,0,0
566091,4962,0,0,0,1,0
566226,4963,0,0,0,1,0
566254,4964,0,0,1,0,0
566353,4965,0,0,0,1,0
566420,4966,0,0,1,0,0
566507,4967,0,0,1,0,0
566590,4968,0,0,0,1,0
566681,4969,0,0,0,1,0
566683,4970,1,0,0,0,0
566720,4971,0,0,1,0,0
566762,4972,0,0,1,0,0
566856,4973,0,0,0,1,0
566963,4974,0,0,0,1,0
567057,4975,0,0,0,1,0
567154,4976,0,0,1,0,0
567270,4977,0,0,0,1,0
567360,4978,0,0,0,1,0
567366,4979,0,0,1,0,0
567488,4980,0,0,0,1,0
567521,4981,0,0,1,0,0
567619,4982,0,0,0,1,0
567711,4983,0,0,0,1,0
567800,4984,0,0,0,1,0
567889,4985,0,0,0,1,0
568017,4986,0,0,0,1,0
568126,4987,0,0,0,1,0
568179,4988,0,0,1,0,0
568269,4989,0,0,0,1,0
568294,4990,0,0,1,0,0
568327,4991,0,0,1,0,0
568428,4992,0,0,0,1,0
568552,4993,0,0,0,1,0
568654,4994,0,0,0,1,0
568753,4995,0,0,0,1,0
568874,4996,0,0,0,1,0
568961,4997,0,0,1,0,0
569044,4998,0,0,0,1,0
569133,4999,0,0,0,1,0
569227,5000,0,0,0,1,0
569336,5001,0,0,0,1,0
569470,5002,0,0,0,1,0
569602,5003,0,0,0,1,0
569688,5004,0,0,0,1,0
569793,5005,0,0,0,1,0
569889,5006,0,0,0,1,0
569942,5007,0,0,1,0,0
569955,5008,0,0,1,0,0
570039,5009,0,0,0,1,0
570081,5010,0,0,1,0,0
570106,5011,0,0,1,0,0
570233,5012,0,0,0,1,0
570346,5013,0,0,0,1,0
570434,5014,0,0,1,0,0
570553,5015,0,0,0,1,0
570642,5016,0,0,0,1,0
570766,5017,0,0,0,1,0
570868,5018,0,0,0,1,0
570897,5019,0,0,1,0,0
571007,5020,0,0,1,0,0
571111,5021,0,0,0,1,0
571214,5022,0,0,0,1,0
571345,5023,0,0,0,1,0
571450,5024,0,0,0,1,0
571553,5025,0,0,0,1,0
571679,5026,0,0,0,1,0
571788,5027,0,0,1,0,0
571821,5028,0,0,1,0,0
571861,5029,0,0,1,0,0
571899,5030,0,0,1,0,0
571988,5031,0,0,0,1,0
572002,5032,0,0,1,0,0
572132,5033,0,0,0,1,0
572262,5034,0,0,0,1,0
572295,5035,0,0,1,0,0
572398,5036,0,0,1,0,0
572496,5037,0,0,0,1,0
572550,5038,0,0,1,0,0
572553,5039,0,0,1,0,0
572631,5040,0,0,1,0,0
572704,5041,0,0,1,0,0
572819,5042,0,0,0,1,0
572826,5043,0,0,1,0,0
572955,5044,0,0,0,1,0
573071,5045,0,0,0,1,0
573170,5046,0,0,0,1,0
573288,5047,0,0,0,1,0
573422,5048,0,0,0,1,0
573552,5049,0,0,0,1,0
573599,5050,0,0,1,0,0
573632,5051,0,0,1,0,0
573739,5052,0,0,1,0,0
573788,5053,0,0,1,0,0
573885,5054,0,0,0,1,0
574007,5055,0,0,0,1,0
574064,5056,0,0,1,0,0
574095,5057,0,0,1,0,0
574113,5058,0,0,1,0,0
574212,5059,0,0,0,1,0
574324,5060,0,0,1,0,0
574444,5061,0,0,0,1,0
574550,5062,0,0,0,1,0
574591,5063,0,0,1,0,0
574677,5064,0,0,0,1,0
574757,5065,0,0,1,0,0
574871,5066,0,0,0,1,0
574969,5067,0,0,1,0,0
574970,5068,0,0,1,0,0
575074,5069,0,0,0,1,0
575100,5070,0,0,1,0,0
575188,5071,0,0,1,0,0
575289,5072,0,0,0,1,0
575393,5073,0,0,0,1,0
575506,5074,0,0,0,1,0
575608,5075,0,0,0,1,0
575658,5076,0,0,1,0,0
575755,5077,0,0,0,1,0
575848,5078,0,0,0,1,0
575855,5079,0,0,1,0,0
575856,5080,0,0,1,0,0
575970,5081,0,0,0,1,0
576078,5082,0,0,0,1,0
576152,5083,0,0,1,0,0
576277,5084,0,0,0,1,0
576382,5085,0,0,0,1,0
576504,5086,0,0,0,1,0
576622,5087,0,0,0,1,0
576728,5088,0,0,0,1,0
576787,5089,0,0,1,0,0
576887,5090,0,0,1,0,0
576974,5091,0,0,0,1,0
577070,5092,0,0,0,1,0
577176,5093,0,0,1,0,0
577187,5094,0,0,1,0,0
577303,5095,0,0,0,1,0
577399,5096,0,0,0,1,0
577531,5097,0,0,0,1,0
577666,5098,0,0,0,1,0
577680,5099,0,0,1,0,0
577752,5100,0,0,1,0,0
577868,5101,0,0,0,1,0
577876,5102,0,0,1,0,0
577973,5103,0,0,1,0,0
578011,5104,0,0,1,0,0
578054,5105,0,0,1,0,0
578109,5106,0,0,1,0,0
578204,5107,0,0,0,1,0
578232,5108,0,0,1,0,0
578356,5109,0,0,0,1,0
578453,5110,0,0,0,1,0
578593,5111,0,0,0,1,0
578711,5112,0,0,0,1,0
578803,5113,0,0,0,1,0
578897,5114,0,0,0,1,0
579026,5115,0,0,0,1,0
579167,5116,0,0,0,1,0
579292,5117,0,0,0,1,0
579405,5118,0,0,0,1,0
579521,5119,0,0,0,1,0
579544,5120,0,0,1,0,0
579658,5121,0,0,1,0,0
579743,5122,0,0,1,0,0
579849,5123,0,0,1,0,0
579967,5124,0,0,0,1,0
580053,5125,0,0,0,1,0
580179,5126,0,0,0,1,0
580308,5127,0,0,0,1,0
580404,5128,0,0,0,1,0
580502,5129,0,0,0,1,0
580637,5130,0,0,0,1,0
580714,5131,0,0,1,0,0
580813,5132,0,0,1,0,0
580931,5133,0,0,0,1,0
580942,5134,0,0,1,0,0
581054,5135,0,0,0,1,0
581176,5136,0,0,0,1,0
581298,5137,0,0,0,1,0
581310,5138,0,0,1,0,0
581363,5139,0,0,1,0,0
581456,5140,0,0,0,1,0
581491,5141,0,0,1,0,0
581621,5142,0,0,0,1,0
581726,5143,0,0,0,1,0
581750,5144,0,0,1,0,0
581848,5145,0,0,0,1,0
581852,5146,0,0,1,0,0
581958,5147,0,0,0,1,0
582073,5148,0,0,0,1,0
582183,5149,0,0,1,0,0
582293,5150,0,0,0,1,0
582335,5151,0,0,1,0,0
582423,5152,0,0,1,0,0
582436,5153,0,0,1,0,0
582543,5154,0,0,0,1,0
582632,5155,0,0,0,1,0
582737,5156,0,0,0,1,0
582762,5157,0,0,1,0,0
582773,5158,0,0,1,0,0
582797,5159,0,0,1,0,0
582915,5160,0,0,0,1,0
582954,5161,0,0,1,0,0
583080,5162,0,0,0,1,0
583192,5163,0,0,0,1,0
583312,5164,0,0,0,1,0
583408,5165,0,0,1,0,0
583428,5166,0,0,1,0,0
583569,5167,0,0,0,1,0
583675,5168,0,0,0,1,0
583793,5169,0,0,0,1,0
583874,5170,0,0,1,0,0
583925,5171,0,0,1,0,0
583933,5172,0,0,1,0,0
584064,5173,0,0,0,1,0
584179,5174,0,0,0,1,0
584311,5175,0,0,0,1,0
584404,5176,0,0,0,1,0
584500,5177,0,0,0,1,0
584627,5178,0,0,0,1,0
584743,5179,0,0,0,1,0
584834,5180,0,0,0,1,0
584887,5181,0,0,1,0,0
584998,5182,0,0,0,1,0
585011,5183,0,0,1,0,0
585127,5184,0,0,0,1,0
585258,5185,0,0,0,1,0
585343,5186,0,0,0,1,0
585448,5187,0,0,0,1,0
585544,5188,0,0,0,1,0
585575,5189,0,0,1,0,0
585673,5190,0,0,0,1,0
585791,5191,0,0,0,1,0
585806,5192,0,0,1,0,0
585857,5193,0,0,1,0,0
585967,5194,0,0,0,1,0
585971,5195,0,0,1,0,0
585972,5196,0,0,1,0,0
586003,5197,0,0,1,0,0
586089,5198,0,0,0,1,0
586186,5199,0,0,0,1,0
586264,5200,0,0,1,0,0
586380,5201,0,0,0,1,0
586455,5202,0,0,1,0,0
586572,5203,0,0,1,0,0
586703,5204,0,0,0,1,0
586753,5205,0,0,1,0,0
586844,5206,0,0,0,1,0
586961,5207,0,0,0,1,0
586978,5208,0,0,1,0,0
587094,5209,0,0,0,1,0
587125,5210,0,0,1,0,0
587200,5211,0,0,1,0,0
587311,5212,0,0,0,1,0
587386,5213,0,0,1,0,0
587470,5214,0,0,1,0,0
587577,5215,0,0,0,1,0
587611,5216,0,0,1,0,0
587715,5217,0,0,0,1,0
587828,5218,0,0,0,1,0
587940,5219,0,0,0,1,0
588047,5220,0,0,0,1,0
588083,5221,0,0,1,0,0
588232,5222,0,0,0,1,0
588273,5223,0,0,1,0,0
588413,5224,0,0,0,1,0
588515,5225,0,0,0,1,0
588628,5226,0,0,0,1,0
588755,5227,0,0,0,1,0
588838,5228,0,0,0,1,0
588930,5229,0,0,0,1,0
589015,5230,0,0,1,0,0
589139,5231,0,0,0,1,0
589228,5232,0,0,0,1,0
589241,5233,0,0,1,0,0
589367,5234,0,0,0,1,0
589460,5235,0,0,0,1,0
589575,5236,0,0,0,1,0
589593,5237,0,0,1,0,0
589690,5238,0,0,0,1,0
589816,5239,0,0,0,1,0
589932,5240,0,0,0,1,0
589936,5241,1,0,0,0,0
589937,5242,1,0,1,0,0
589963,5243,0,0,1,0,0
590073,5244,0,0,0,1,0
590178,5245,0,0,0,1,0
590295,5246,0,0,0,1,0
590399,5247,0,0,0,1,0
590405,5248,0,0,1,0,0
590492,5249,0,0,0,1,0
590588,5250,0,0,0,1,0
590640,5251,0,0,1,0,0
590738,5252,0,0,1,0,0
590864,5253,0,0,0,1,0
590994,5254,0,0,0,1,0
591111,5255,0,0,0,1,0
591215,5256,0,0,0,1,0
591308,5257,0,0,0,1,0
591371,5258,0,0,1,0,0
591387,5259,0,0,1,0,0
591481,5260,0,0,0,1,0
591510,5261,0,0,1,0,0
591609,5262,0,0,0,1,0
591727,5263,0,0,0,1,0
591855,5264,0,0,0,1,0
591957,5265,0,0,0,1,0
592042,5266,0,0,0,1,0
592066,5267,0,0,1,0,0
592165,5268,0,0,0,1,0
592225,5269,0,0,1,0,0
592351,5270,0,0,0,1,0
592398,5271,0,0,1,0,0
592503,5272,0,0,0,1,0
592599,5273,0,0,0,1,0
592697,5274,0,0,0,1,0
592792,5275,0,0,0,1,0
592896,5276,0,0,0,1,0
592987,5277,0,0,0,1,0
593105,5278,0,0,0,1,0
593234,5279,0,0,0,1,0
593246,5280,0,0,1,0,0
593343,5281,0,0,0,1,0
593442,5282,0,0,1,0,0
593555,5283,0,0,0,1,0
593648,5284,0,0,0,1,0
593660,5285,0,0,1,0,0
593772,5286,0,0,0,1,0
593845,5287,0,0,1,0,0
593966,5288,0,0,0,1,0
594077,5289,0,0,0,1,0
594193,5290,0,0,0,1,0
594224,5291,0,0,1,0,0
594311,5292,0,0,0,1,0
594441,5293,0,0,0,1,0
594570,5294,0,0,0,1,0
594626,5295,0,0,1,0,0
594750,5296,0,0,0,1,0
594834,5297,0,0,1,0,0
594863,5298,0,0,1,0,0
594959,5299,0,0,0,1,0
595073,5300,0,0,0,1,0
595110,5301,0,0,1,0,0
595197,5302,0,0,0,1,0
595336,5303,0,0,0,1,0
595435,5304,0,0,0,1,0
595559,5305,0,0,0,1,0
595623,5306,0,0,1,0,0
595631,5307,0,0,1,0,0
595731,5308,0,0,0,1,0
595768,5309,0,0,1,0,0
595792,5310,0,0,1,0,0
595884,5311,0,0,0,1,0
596004,5312,0,0,0,1,0
596132,5313,0,0,0,1,0
596262,5314,0,0,0,1,0
596360,5315,0,0,0,1,0
596472,5316,0,0,0,1,0
596529,5317,0,0,1,0,0
596619,5318,0,0,1,0,0
596721,5319,0,0,0,1,0
596823,5320,0,0,0,1,0
596937,5321,0,0,0,1,0
597044,5322,0,0,0,1,0
597152,5323,0,0,0,1,0
597247,5324,0,0,1,0,0
597373,5325,0,0,0,1,0
597463,5326,0,0,0,1,0
597487,5327,0,0,1,0,0
597576,5328,0,0,0,1,0
597698,5329,0,0,0,1,0
597833,5330,0,0,0,1,0
597931,5331,0,0,0,1,0
598008,5332,0,0,1,0,0
598103,5333,0,0,0,1,0
598202,5334,0,0,0,1,0
598254,5335,0,0,1,0,0
598386,5336,0,0,0,1,0
598466,5337,0,0,1,0,0
598587,5338,0,0,1,0,0
598706,5339,0,0,0,1,0
598802,5340,0,0,0,1,0
598896,5341,0,0,0,1,0
599009,5342,0,0,0,1,0
599117,5343,0,0,0,1,0
599118,5344,0,0,1,0,0
599193,5345,0,0,1,0,0
599246,5346,0,0,1,0,0
599368,5347,0,0,0,1,0
599467,5348,0,0,0,1,0
599570,5349,0,0,1,0,0
599586,5350,1,0,0,0,0
599701,5351,0,0,0,1,0
599800,5352,0,0,0,1,0
599930,5353,0,0,0,1,0
600048,5354,0,0,0,1,0
600151,5355,0,0,0,1,0
600254,5356,0,0,0,1,0
600382,5357,0,0,0,1,0
600383,5358,0,0,1,0,0
600501,5359,0,0,0,1,0
600590,5360,0,0,0,1,0
600722,5361,0,0,0,1,0
600811,5362,0,0,0,1,0
600945,5363,0,0,0,1,0
601045,5364,0,0,0,1,0
601135,5365,0,0,0,1,0
601161,5366,0,0,1,0,0
601260,5367,0,0,0,1,0
601368,5368,0,0,0,1,0
601469,5369,0,0,0,1,0
601475,5370,0,0,1,0,0
601528,5371,0,0,1,0,0
601645,5372,0,0,0,1,0
601684,5373,0,0,1,0,0
601778,5374,0,0,0,1,0
601864,5375,0,0,1,0,0
601883,5376,0,0,1,0,0
601897,5377,0,0,1,0,0
602009,5378,0,0,0,1,0
602132,5379,0,0,0,1,0
602200,5380,0,0,1,0,0
602289,5381,0,0,0,1,0
602375,5382,0,0,1,0,0
602486,5383,0,0,0,1,0
602613,5384,0,0,0,1,0
602614,5385,0,0,1,0,0
602732,5386,0,0,0,1,0
602776,5387,0,0,1,0,0
602870,5388,0,0,0,1,0
603001,5389,0,0,0,1,0
603097,5390,0,0,1,0,0
603200,5391,0,0,0,1,0
603247,5392,0,0,1,0,0
603338,5393,0,0,0,1,0
603372,5394,0,0,1,0,0
603466,5395,0,0,0,1,0
603531,5396,0,0,1,0,0
603627,5397,0,0,0,1,0
603723,5398,0,0,0,1,0
603810,5399,0,0,0,1,0
603943,5400,0,0,0,1,0
604040,5401,0,0,0,1,0
604166,5402,0,0,0,1,0
604280,5403,0,0,0,1,0
604344,5404,0,0,1,0,0
604436,5405,0,0,0,1,0
604466,5406,0,0,1,0,0
604573,5407,0,0,0,1,0
604690,5408,0,0,0,1,0
604812,5409,0,0,0,1,0
604906,5410,0,0,0,1,0
605021,5411,0,0,0,1,0
605117,5412,0,0,0,1,0
605226,5413,0,0,0,1,0
605289,5414,0,0,1,0,0
605327,5415,0,0,1,0,0
605388,5416,0,0,1,0,0
605525,5417,0,0,0,1,0
605632,5418,0,0,0,1,0
605634,5419,0,0,1,0,0
605727,5420,0,0,0,1,0
605823,5421,0,0,1,0,0
605942,5422,0,0,1,0,0
606040,5423,0,0,0,1,0
606145,5424,0,0,0,1,0
606267,5425,0,0,0,1,0
606286,5426,0,0,1,0,0
606322,5427,0,0,1,0,0
606387,5428,0,0,1,0,0
606524,5429,0,0,0,1,0
606525,5430,0,0,1,0,0
606556,5431,0,0,1,0,0
606680,5432,0,0,0,1,0
606768,5433,0,0,0,1,0
606817,5434,0,0,1,0,0
606929,5435,0,0,0,1,0
607031,5436,0,0,0,1,0
607061,5437,0,0,1,0,0
607154,5438,0,0,0,1,0
607272,5439,0,0,0,1,0
607363,5440,0,0,0,1,0
607501,5441,0,0,0,1,0
607591,5442,0,0,0,1,0
607710,5443,0,0,0,1,0
607821,5444,0,0,0,1,0
607823,5445,0,0,1,0,0
607835,5446,0,0,1,0,0
607968,5447,0,0,0,1,0
607990,5448,0,0,1,0,0
608093,5449,0,0,0,1,0
608183,5450,0,0,0,1,0
608279,5451,0,0,0,1,0
608409,5452,0,0,0,1,0
608511,5453,0,0,0,1,0
608628,5454,0,0,0,1,0
608657,5455,1,0,0,0,0
608749,5456,0,0,0,1,0
608854,5457,0,0,0,1,0
608905,5458,0,0,1,0,0
609013,5459,0,0,0,1,0
609030,5460,0,0,1,0,0
609135,5461,0,0,0,1,0
609241,5462,0,0,0,1,0
609316,5463,0,0,1,0,0
609411,5464,0,0,0,1,0
609519,5465,0,0,0,1,0
609650,5466,0,0,0,1,0
609765,5467,0,0,0,1,0
609869,5468,0,0,0,1,0
609975,5469,0,0,0,1,0
610061,5470,0,0,0,1,0
610173,5471,0,0,1,0,0
610189,5472,0,0,1,0,0
610293,5473,0,0,0,1,0
610420,5474,0,0,0,1,0
610536,5475,0,0,0,1,0
610657,5476,0,0,0,1,0
610760,5477,0,0,0,1,0
610849,5478,0,0,0,1,0
610873,5479,0,0,1,0,0
610959,5480,0,0,0,1,0
611023,5481,0,0,1,0,0
611128,5482,0,0,0,1,0
611245,5483,0,0,0,1,0
611257,5484,0,0,1,0,0
611389,5485,0,0,0,1,0
611400,5486,0,0,1,0,0
611488,5487,0,0,1,0,0
611544,5488,0,0,1,0,0
611668,5489,0,0,0,1,0
611779,5490,0,0,0,1,0
611873,5491,0,0,1,0,0
611966,5492,0,0,0,1,0
612093,5493,0,0,0,1,0
612160,5494,0,0,1,0,0
612198,5495,0,0,1,0,0
612275,5496,0,0,1,0,0
612370,5497,0,0,0,1,0
612432,5498,0,0,1,0,0
612496,5499,0,0,1,0,0
612594,5500,0,0,0,1,0
612652,5501,0,0,1,0,0
612780,5502,0,0,0,1,0
612875,5503,0,0,0,1,0
612962,5504,0,0,0,1,0
613096,5505,0,0,0,1,0
613110,5506,0,0,1,0,0
613194,5507,0,0,1,0,0
613322,5508,0,0,0,1,0
613422,5509,0,0,0,1,0
613455,5510,0,0,1,0,0
613470,5511,0,0,1,0,0
613578,5512,0,0,0,1,0
613678,5513,0,0,0,1,0
613788,5514,0,0,0,1,0
613890,5515,0,0,0,1,0
614001,5516,0,0,0,1,0
614097,5517,0,0,1,0,0
614123,5518,0,0,1,0,0
614125,5519,0,0,1,0,0
614250,5520,0,0,0,1,0
614367,5521,0,0,1,0,0
614421,5522,0,0,1,0,0
614557,5523,0,0,0,1,0
614662,5524,0,0,0,1,0
614674,5525,0,0,1,0,0
614726,5526,0,0,1,0,0
614759,5527,0,0,1,0,0
614826,5528,0,0,1,0,0
614934,5529,0,0,0,1,0
615059,5530,0,0,0,1,0
615065,5531,1,0,0,0,0
615167,5532,0,0,0,1,0
615267,5533,0,0,0,1,0
615270,5534,0,0,1,0,0
615399,5535,0,0,0,1,0
615512,5536,0,0,0,1,0
615617,5537,0,0,0,1,0
615622,5538,0,0,1,0,0
615685,5539,0,0,1,0,0
615808,5540,0,0,0,1,0
615913,5541,0,0,0,1,0
616013,5542,0,0,0,1,0
616024,5543,0,0,1,0,0
616128,5544,0,0,0,1,0
616146,5545,0,0,1,0,0
616164,5546,0,0,1,0,0
616295,5547,0,0,0,1,0
616409,5548,0,0,0,1,0
616500,5549,0,0,1,0,0
616546,5550,0,0,1,0,0
616572,5551,0,0,1,0,0
616667,5552,0,0,0,1,0
616772,5553,0,0,0,1,0
616892,5554,0,0,0,1,0
616986,5555,0,0,0,1,0
617077,5556,0,0,0,1,0
617160,5557,0,0,1,0,0
617291,5558,0,0,0,1,0
617292,5559,1,0,0,0,0
617390,5560,0,0,0,1,0
617436,5561,0,0,1,0,0
617561,5562,0,0,0,1,0
617681,5563,0,0,0,1,0
617796,5564,0,0,0,1,0
617845,5565,0,0,1,0,0
617974,5566,0,0,0,1,0
618064,5567,0,0,1,0,0
618155,5568,0,0,0,1,0
618263,5569,0,0,0,1,0
618333,5570,0,0,1,0,0
618449,5571,0,0,1,0,0
618576,5572,0,0,0,1,0
618685,5573,0,0,0,1,0
618776,5574,0,0,0,1,0
618855,5575,0,0,1,0,0
618946,5576,0,0,0,1,0
619040,5577,0,0,0,1,0
619150,5578,0,0,0,1,0
619253,5579,0,0,1,0,0
619295,5580,0,0,1,0,0
619352,5581,0,0,1,0,0
619482,5582,0,0,1,0,0
619578,5583,0,0,0,1,0
619668,5584,0,0,0,1,0
619763,5585,0,0,1,0,0
619870,5586,0,0,0,1,0
619943,5587,0,0,1,0,0
620010,5588,0,0,1,0,0
620100,5589,0,0,0,1,0
620233,5590,0,0,0,1,0
620324,5591,0,0,1,0,0
620385,5592,0,0,1,0,0
620471,5593,0,0,0,1,0
620589,5594,0,0,0,1,0
620681,5595,0,0,0,1,0
620746,5596,0,0,1,0,0
620868,5597,0,0,0,1,0
620878,5598,0,0,1,0,0
620972,5599,0,0,1,0,0
621064,5600,0,0,0,1,0
621134,5601,0,0,1,0,0
621161,5602,0,0,1,0,0
621266,5603,0,0,0,1,0
621355,5604,0,0,0,1,0
621391,5605,0,0,1,0,0
621497,5606,0,0,1,0,0
621502,5607,1,0,0,0,0
621572,5608,0,0,1,0,0
621677,5609,0,0,0,1,0
621782,5610,0,0,0,1,0
621870,5611,0,0,1,0,0
621955,5612,0,0,0,1,0
622062,5613,0,0,0,1,0
622147,5614,0,0,0,1,0
622236,5615,0,0,0,1,0
622240,5616,0,0,1,0,0
622360,5617,0,0,0,1,0
622449,5618,0,0,0,1,0
622579,5619,0,0,0,1,0
622677,5620,0,0,0,1,0
622729,5621,0,0,1,0,0
622836,5622,0,0,0,1,0
622859,5623,0,0,1,0,0
622963,5624,0,0,0,1,0
622981,5625,0,0,1,0,0
623069,5626,0,0,0,1,0
623153,5627,0,0,0,1,0
623285,5628,0,0,0,1,0
623409,5629,0,0,0,1,0
623487,5630,0,0,1,0,0
623557,5631,0,0,1,0,0
623636,5632,0,0,1,0,0
623639,5633,0,0,1,0,0
623756,5634,0,0,0,1,0
623847,5635,0,0,0,1,0
623931,5636,0,0,1,0,0
623963,5637,1,0,0,0,0
624081,5638,0,0,0,1,0
624182,5639,0,0,0,1,0
624271,5640,0,0,0,1,0
624303,5641,0,0,1,0,0
624435,5642,0,0,0,1,0
624540,5643,0,0,0,1,0
624670,5644,0,0,0,1,0
624731,5645,0,0,1,0,0
624776,5646,0,0,1,0,0
624796,5647,0,0,1,0,0
624906,5648,0,0,0,1,0
624996,5649,0,0,0,1,0
625108,5650,0,0,0,1,0
625149,5651,0,0,1,0,0
625281,5652,0,0,0,1,0
625405,5653,0,0,0,1,0
625415,5654,0,0,1,0,0
625419,5655,1,0,0,0,0
625564,5656,0,0,0,1,0
625664,5657,0,0,0,1,0
625790,5658,0,0,0,1,0
625841,5659,0,0,1,0,0
625952,5660,0,0,0,1,0
626080,5661,0,0,0,1,0
626180,5662,0,0,0,1,0
626268,5663,0,0,0,1,0
626354,5664,0,0,1,0,0
626379,5665,0,0,1,0,0
626476,5666,0,0,0,1,0
626577,5667,0,0,0,1,0
626659,5668,0,0,0,1,0
626772,5669,0,0,0,1,0
626859,5670,0,0,0,1,0
626899,5671,0,0,1,0,0
626900,5672,0,0,1,0,0
627022,5673,0,0,0,1,0
627139,5674,0,0,1,0,0
627237,5675,0,0,0,1,0
627348,5676,0,0,0,1,0
627436,5677,0,0,1,0,0
627551,5678,0,0,0,1,0
627664,5679,0,0,1,0,0
627773,5680,0,0,0,1,0
627881,5681,0,0,0,1,0
627973,5682,0,0,0,1,0
628065,5683,0,0,0,1,0
628196,5684,0,0,0,1,0
628294,5685,0,0,0,1,0
628401,5686,0,0,0,1,0
628483,5687,0,0,0,1,0
628540,5688,0,0,1,0,0
628546,5689,0,0,1,0,0
628685,5690,0,0,0,1,0
628710,5691,0,0,1,0,0
628775,5692,0,0,1,0,0
628847,5693,0,0,1,0,0
628937,5694,0,0,1,0,0
629026,5695,0,0,0,1,0
629138,5696,0,0,0,1,0
629236,5697,0,0,1,0,0
629265,5698,0,0,1,0,0
629390,5699,0,0,0,1,0
629499,5700,0,0,0,1,0
629594,5701,0,0,1,0,0
629645,5702,0,0,1,0,0
629774,5703,0,0,0,1,0
629869,5704,0,0,0,1,0
630000,5705,0,0,0,1,0
630026,5706,0,0,1,0,0
630111,5707,0,0,0,1,0
630214,5708,0,0,0,1,0
630340,5709,0,0,0,1,0
630437,5710,0,0,0,1,0
630565,5711,0,0,1,0,0
630657,5712,0,0,0,1,0
630689,5713,0,0,1,0,0
630794,5714,0,0,0,1,0
630906,5715,0,0,0,1,0
630975,5716,0,0,1,0,0
631054,5717,0,0,1,0,0
631174,5718,0,0,0,1,0
631264,5719,0,0,0,1,0
631330,5720,0,0,1,0,0
631336,5721,0,0,1,0,0
631465,5722,0,0,0,1,0
631495,5723,0,0,1,0,0
631610,5724,0,0,0,1,0
631659,5725,0,0,1,0,0
631776,5726,0,0,0,1,0
631901,5727,0,0,0,1,0
631960,5728,0,0,1,0,0
632064,5729,0,0,0,1,0
632109,5730,0,0,1,0,0
632210,5731,0,0,1,0,0
632274,5732,0,0,1,0,0
632371,5733,0,0,0,1,0
632504,5734,0,0,0,1,0
632521,5735,0,0,1,0,0
632651,5736,0,0,0,1,0
632757,5737,0,0,0,1,0
632852,5738,0,0,0,1,0
632975,5739,0,0,0,1,0
633080,5740,0,0,0,1,0
633200,5741,0,0,0,1,0
633313,5742,0,0,0,1,0
633437,5743,0,0,0,1,0
633532,5744,0,0,1,0,0
633578,5745,0,0,1,0,0
633682,5746,0,0,0,1,0
633807,5747,0,0,0,1,0
633935,5748,0,0,1,0,0
634070,5749,0,0,0,1,0
634159,5750,0,0,0,1,0
634274,5751,0,0,0,1,0
634349,5752,0,0,1,0,0
634446,5753,0,0,0,1,0
634540,5754,0,0,0,1,0
634615,5755,0,0,1,0,0
634737,5756,0,0,0,1,0
634833,5757,0,0,0,1,0
634923,5758,0,0,0,1,0
635063,5759,0,0,0,1,0
635160,5760,0,0,0,1,0
635219,5761,0,0,1,0,0
635332,5762,0,0,0,1,0
635355,5763,0,0,1,0,0
635376,5764,0,0,1,0,0
635403,5765,0,0,1,0,0
635413,5766,0,0,1,0,0
635426,5767,0,0,1,0,0
635462,5768,0,0,1,0,0
635504,5769,0,0,1,0,0
635601,5770,0,0,1,0,0
635721,5771,0,0,0,1,0
635725,5772,1,0,0,0,0
635766,5773,0,0,1,0,0
635803,5774,0,0,1,0,0
635903,5775,0,0,1,0,0
635997,5776,0,0,0,1,0
636104,5777,0,0,0,1,0
636222,5778,0,0,0,1,0
636341,5779,0,0,0,1,0
636469,5780,0,0,0,1,0
636575,5781,0,0,0,1,0
636576,5782,0,0,1,0,0
636694,5783,0,0,0,1,0
636802,5784,0,0,0,1,0
636929,5785,0,0,0,1,0
637014,5786,0,0,1,0,0
637042,5787,0,0,1,0,0
637132,5788,0,0,0,1,0
637258,5789,0,0,0,1,0
637325,5790,0,0,1,0,0
637423,5791,0,0,0,1,0
637473,5792,0,0,1,0,0
637582,5793,0,0,0,1,0
637710,5794,0,0,0,1,0
637821,5795,0,0,0,1,0
637947,5796,0,0,0,1,0
638055,5797,0,0,0,1,0
638061,5798,0,0,1,0,0
638142,5799,0,0,1,0,0
638170,5800,0,0,1,0,0
638286,5801,0,0,0,1,0
638368,5802,0,0,1,0,0
638496,5803,0,0,0,1,0
638610,5804,0,0,0,1,0
638698,5805,0,0,1,0,0
638799,5806,0,0,0,1,0
638899,5807,0,0,1,0,0
638931,5808,0,0,1,0,0
639048,5809,0,0,0,1,0
639164,5810,0,0,0,1,0
639260,5811,0,0,0,1,0
639357,5812,0,0,0,1,0
639478,5813,0,0,0,1,0
639565,5814,0,0,1,0,0
639568,5815,0,0,1,0,0
639669,5816,0,0,0,1,0
639770,5817,0,0,0,1,0
639827,5818,0,0,1,0,0
639948,5819,0,0,0,1,0
640039,5820,0,0,1,0,0
640131,5821,0,0,0,1,0
640262,5822,0,0,0,1,0
640387,5823,0,0,0,1,0
640492,5824,0,0,0,1,0
640559,5825,0,0,1,0,0
640677,5826,0,0,0,1,0
640791,5827,0,0,0,1,0
640890,5828,0,0,0,1,0
640993,5829,0,0,0,1,0
641103,5830,0,0,0,1,0
641151,5831,0,0,1,0,0
641271,5832,0,0,0,1,0
641400,5833,0,0,0,1,0
641531,5834,0,0,0,1,0
641637,5835,0,0,0,1,0
641698,5836,0,0,1,0,0
641738,5837,0,0,1,0,0
641853,5838,0,0,0,1,0
641935,5839,0,0,1,0,0
642045,5840,0,0,0,1,0
642152,5841,0,0,1,0,0
642198,5842,0,0,1,0,0
642304,5843,0,0,0,1,0
642393,5844,0,0,0,1,0
642457,5845,0,0,1,0,0
642543,5846,0,0,0,1,0
642655,5847,0,0,0,1,0
642749,5848,0,0,0,1,0
642844,5849,0,0,0,1,0
642941,5850,0,0,0,1,0
643043,5851,0,0,0,1,0
643141,5852,0,0,0,1,0
643236,5853,0,0,0,1,0
643269,5854,0,0,1,0,0
643314,5855,0,0,1,0,0
643443,5856,0,0,0,1,0
643561,5857,0,0,1,0,0
643672,5858,0,0,0,1,0
643797,5859,0,0,0,1,0
643890,5860,0,0,0,1,0
643976,5861,0,0,0,1,0
643980,5862,0,0,1,0,0
644077,5863,0,0,0,1,0
644173,5864,0,0,0,1,0
644251,5865,0,0,1,0,0
644299,5866,0,0,1,0,0
644421,5867,0,0,0,1,0
644483,5868,0,0,1,0,0
644587,5869,0,0,0,1,0
644690,5870,0,0,0,1,0
644774,5871,0,0,1,0,0
644873,5872,0,0,0,1,0
644978,5873,0,0,0,1,0
645067,5874,0,0,0,1,0
645093,5875,0,0,1,0,0
645202,5876,0,0,0,1,0
645346,5877,0,0,0,1,0
645456,5878,0,0,0,1,0
645522,5879,0,0,1,0,0
645612,5880,0,0,1,0,0
645721,5881,0,0,0,1,0
645752,5882,0,0,1,0,0
645822,5883,0,0,1,0,0
645923,5884,0,0,0,1,0
646017,5885,0,0,0,1,0
646110,5886,0,0,0,1,0
646116,5887,1,0,0,0,0
646236,5888,0,0,0,1,0
646359,5889,0,0,0,1,0
646375,5890,0,0,1,0,0
646403,5891,0,0,1,0,0
646449,5892,0,0,1,0,0
646535,5893,0,0,0,1,0
646642,5894,0,0,0,1,0
646743,5895,0,0,0,1,0
646787,5896,0,0,1,0,0
646881,5897,0,0,1,0,0
646987,5898,0,0,0,1,0
647088,5899,0,0,0,1,0
647213,5900,0,0,0,1,0
647301,5901,0,0,0,1,0
647415,5902,0,0,0,1,0
647448,5903,0,0,1,0,0
647580,5904,0,0,0,1,0
647606,5905,0,0,1,0,0
647707,5906,0,0,1,0,0
647825,5907,0,0,0,1,0
647929,5908,0,0,1,0,0
648071,5909,0,0,0,1,0
648187,5910,0,0,0,1,0
648279,5911,0,0,0,1,0
648375,5912,0,0,0,1,0
648504,5913,0,0,0,1,0
648628,5914,0,0,0,1,0
648641,5915,0,0,1,0,0
648729,5916,0,0,0,1,0
648826,5917,0,0,0,1,0
648880,5918,0,0,1,0,0
648927,5919,0,0,1,0,0
649044,5920,0,0,0,1,0
649140,5921,0,0,0,1,0
649189,5922,0,0,1,0,0
649311,5923,0,0,0,1,0
649382,5924,0,0,1,0,0
649474,5925,0,0,0,1,0
649510,5926,0,0,1,0,0
649627,5927,0,0,0,1,0
649721,5928,0,0,0,1,0
649853,5929,0,0,0,1,0
649951,5930,0,0,0,1,0
650036,5931,0,0,1,0,0
650070,5932,0,0,1,0,0
650126,5933,0,0,1,0,0
650187,5934,0,0,1,0,0
650279,5935,0,0,0,1,0
650392,5936,0,0,0,1,0
650528,5937,0,0,0,1,0
650629,5938,0,0,1,0,0
650755,5939,0,0,0,1,0
650764,5940,0,0,1,0,0
650882,5941,0,0,1,0,0
650991,5942,0,0,0,1,0
651092,5943,0,0,0,1,0
651154,5944,0,0,1,0,0
651254,5945,0,0,0,1,0
651371,5946,0,0,0,1,0
651458,5947,0,0,0,1,0
651577,5948,0,0,0,1,0
651673,5949,0,0,1,0,0
651791,5950,0,0,0,1,0
651885,5951,0,0,0,1,0
651976,5952,0,0,0,1,0
652065,5953,0,0,0,1,0
652066,5954,0,0,1,0,0
652067,5955,0,0,1,0,0
652202,5956,0,0,0,1,0
652317,5957,0,0,0,1,0
652438,5958,0,0,0,1,0
652547,5959,0,0,0,1,0
652645,5960,0,0,0,1,0
652684,5961,0,0,1,0,0
652814,5962,0,0,0,1,0
652904,5963,0,0,0,1,0
652938,5964,0,0,1,0,0
653046,5965,0,0,0,1,0
653158,5966,0,0,0,1,0
653213,5967,0,0,1,0,0
653318,5968,0,0,0,1,0
653409,5969,0,0,0,1,0
653535,5970,0,0,0,1,0
653638,5971,0,0,0,1,0
653733,5972,0,0,0,1,0
653835,5973,0,0,0,1,0
653958,5974,0,0,0,1,0
654047,5975,0,0,0,1,0
654144,5976,0,0,1,0,0
654237,5977,0,0,0,1,0
654337,5978,0,0,0,1,0
654449,5979,0,0,0,1,0
654483,5980,0,0,1,0,0
654523,5981,0,0,1,0,0
654672,5982,0,0,0,1,0
654770,5983,0,0,0,1,0
654817,5984,0,0,1,0,0
654925,5985,0,0,0,1,0
655019,5986,0,0,0,1,0
655131,5987,0,0,0,1,0
655258,5988,0,0,0,1,0
655360,5989,0,0,0,1,0
655480,5990,0,0,0,1,0
655594,5991,0,0,0,1,0
655714,5992,0,0,0,1,0
655731,5993,0,0,1,0,0
655868,5994,0,0,0,1,0
656010,5995,0,0,0,1,0
656102,5996,0,0,0,1,0
656202,5997,0,0,0,1,0
656331,5998,0,0,0,1,0
656440,5999,0,0,0,1,0
656567,6000,0,0,0,1,0
656675,6001,0,0,0,1,0
656723,6002,0,0,1,0,0
656837,6003,0,0,1,0,0
656948,6004,0,0,0,1,0
656980,6005,0,0,1,0,0
657076,6006,0,0,0,1,0
657185,6007,0,0,0,1,0
657276,6008,0,0,0,1,0
657306,6009,0,0,1,0,0
657425,6010,0,0,1,0,0
657531,6011,0,0,0,1,0
657532,6012,1,0,0,0,0
657627,6013,0,0,1,0,0
657704,6014,0,0,1,0,0
657823,6015,0,0,0,1,0
657893,6016,0,0,1,0,0
658031,6017,0,0,0,1,0
658061,6018,0,0,1,0,0
658107,6019,0,0,1,0,0
658185,6020,0,0,1,0,0
658232,6021,0,0,1,0,0
658362,6022,0,0,1,0,0
658406,6023,0,0,1,0,0
658512,6024,0,0,0,1,0
658582,6025,0,0,1,0,0
658586,6026,1,0,0,0,0
658620,6027,0,0,1,0,0
658700,6028,0,0,1,0,0
658726,6029,0,0,1,0,0
658744,6030,0,0,1,0,0
658775,6031,0,0,1,0,0
658907,6032,0,0,0,1,0
658978,6033,0,0,1,0,0
659012,6034,0,0,1,0,0
659130,6035,0,0,0,1,0
659226,6036,0,0,0,1,0
659364,6037,0,0,0,1,0
659457,6038,0,0,0,1,0
659571,6039,0,0,0,1,0
659674,6040,0,0,0,1,0
659773,6041,0,0,0,1,0
659900,6042,0,0,0,1,0
660045,6043,0,0,0,1,0
660158,6044,0,0,0,1,0
660272,6045,0,0,0,1,0
660392,6046,0,0,0,1,0
660498,6047,0,0,0,1,0
660596,6048,0,0,0,1,0
660695,6049,0,0,0,1,0
660792,6050,0,0,0,1,0
660898,6051,0,0,0,1,0
660986,6052,0,0,1,0,0
661115,6053,0,0,0,1,0
661252,6054,0,0,0,1,0
661362,6055,0,0,0,1,0
661450,6056,0,0,0,1,0
661554,6057,0,0,0,1,0
661639,6058,0,0,1,0,0
661722,6059,0,0,0,1,0
661844,6060,0,0,0,1,0
661948,6061,0,0,0,1,0
662064,6062,0,0,0,1,0
662177,6063,0,0,0,1,0
662287,6064,0,0,0,1,0
662308,6065,0,0,1,0,0
662412,6066,0,0,0,1,0
662515,6067,0,0,0,1,0
662643,6068,0,0,0,1,0
662668,6069,0,0,1,0,0
662775,6070,0,0,0,1,0
662918,6071,0,0,0,1,0
663006,6072,0,0,0,1,0
663121,6073,0,0,0,1,0
663138,6074,0,0,1,0,0
663234,6075,0,0,0,1,0
663346,6076,0,0,0,1,0
663439,6077,0,0,1,0,0
663489,6078,0,0,1,0,0
663613,6079,0,0,0,1,0
663657,6080,0,0,1,0,0
663768,6081,0,0,0,1,0
663769,6082,0,0,1,0,0
663803,6083,0,0,1,0,0
663895,6084,0,0,0,1,0
663985,6085,0,0,0,1,0
664104,6086,0,0,0,1,0
664194,6087,0,0,0,1,0
664296,6088,0,0,0,1,0
664308,6089,0,0,1,0,0
664443,6090,0,0,0,1,0
664569,6091,0,0,0,1,0
664668,6092,0,0,0,1,0
664795,6093,0,0,0,1,0
664845,6094,0,0,1,0,0
664943,6095,0,0,1,0,0
664960,6096,0,0,1,0,0
665068,6097,0,0,0,1,0
665142,6098,0,0,1,0,0
665227,6099,0,0,1,0,0
665235,6100,0,0,1,0,0
665369,6101,0,0,0,1,0
665442,6102,0,0,1,0,0
665505,6103,0,0,1,0,0
665577,6104,0,0,1,0,0
665688,6105,0,0,0,1,0
665796,6106,0,0,0,1,0
665928,6107,0,0,0,1,0
665965,6108,0,0,1,0,0
666085,6109,0,0,0,1,0
666134,6110,0,0,1,0,0
666230,6111,0,0,0,1,0
666313,6112,0,0,0,1,0
666428,6113,0,0,0,1,0
666481,6114,0,0,1,0,0
666491,6115,0,0,1,0,0
666594,6116,0,0,0,1,0
666673,6117,0,0,1,0,0
666697,6118,0,0,1,0,0
666788,6119,0,0,0,1,0
666896,6120,0,0,0,1,0
667011,6121,0,0,0,1,0
667113,6122,0,0,0,1,0
667159,6123,0,0,1,0,0
667294,6124,0,0,0,1,0
667349,6125,0,0,1,0,0
667372,6126,0,0,1,0,0
667474,6127,0,0,0,1,0
667505,6128,0,0,1,0,0
667546,6129,0,0,1,0,0
667624,6130,0,0,1,0,0
667758,6131,0,0,0,1,0
667845,6132,0,0,0,1,0
667940,6133,0,0,0,1,0
668014,6134,0,0,1,0,0
668103,6135,0,0,0,1,0
668140,6136,0,0,1,0,0
668141,6137,0,0,1,0,0
668230,6138,0,0,0,1,0
668316,6139,0,0,0,1,0
668355,6140,0,0,1,0,0
668488,6141,0,0,0,1,0
668572,6142,0,0,0,1,0
668675,6143,0,0,1,0,0
668774,6144,0,0,0,1,0
668911,6145,0,0,0,1,0
668984,6146,0,0,1,0,0
669078,6147,0,0,0,1,0
669180,6148,0,0,0,1,0
669297,6149,0,0,0,1,0
669399,6150,0,0,0,1,0
669523,6151,0,0,0,1,0
669630,6152,0,0,0,1,0
669759,6153,0,0,0,1,0
669853,6154,0,0,0,1,0
669954,6155,0,0,0,1,0
670062,6156,0,0,1,0,0
670172,6157,0,0,0,1,0
670279,6158,0,0,0,1,0
670303,6159,0,0,1,0,0
670388,6160,0,0,0,1,0
670485,6161,0,0,0,1,0
670589,6162,0,0,0,1,0
670704,6163,0,0,0,1,0
670825,6164,0,0,0,1,0
670934,6165,0,0,0,1,0
671050,6166,0,0,0,1,0
671192,6167,0,0,0,1,0
671292,6168,0,0,0,1,0
671427,6169,0,0,0,1,0
671550,6170,0,0,0,1,0
671683,6171,0,0,0,1,0
671818,6172,0,0,0,1,0
671922,6173,0,0,1,0,0
672032,6174,0,0,0,1,0
672131,6175,0,0,0,1,0
672237,6176,0,0,0,1,0
672347,6177,0,0,0,1,0
672464,6178,0,0,0,1,0
672531,6179,0,0,1,0,0
672632,6180,0,0,0,1,0
672739,6181,0,0,0,1,0
672852,6182,0,0,0,1,0
672968,6183,0,0,0,1,0
673065,6184,0,0,0,1,0
673206,6185,0,0,0,1,0
673235,6186,0,0,1,0,0
673266,6187,0,0,1,0,0
673332,6188,0,0,1,0,0
673339,6189,0,0,1,0,0
673408,6190,0,0,1,0,0
673526,6191,0,0,0,1,0
673619,6192,0,0,0,1,0
673672,6193,0,0,1,0,0
673803,6194,0,0,0,1,0
673899,6195,0,0,0,1,0
674017,6196,0,0,0,1,0
674113,6197,0,0,0,1,0
674137,6198,0,0,1,0,0
674254,6199,0,0,0,1,0
674324,6200,0,0,1,0,0
674433,6201,0,0,0,1,0
674438,6202,0,0,1,0,0
674528,6203,0,0,0,1,0
674596,6204,0,0,1,0,0
674689,6205,0,0,0,1,0
674784,6206,0,0,0,1,0
674898,6207,0,0,0,1,0
674961,6208,0,0,1,0,0
675051,6209,0,0,0,1,0
675106,6210,0,0,1,0,0
675136,6211,0,0,1,0,0
675223,6212,0,0,0,1,0
675231,6213,0,0,1,0,0
675324,6214,0,0,0,1,0
675340,6215,0,0,1,0,0
675456,6216,0,0,0,1,0
675486,6217,0,0,1,0,0
675608,6218,0,0,0,1,0
675642,6219,0,0,1,0,0
675727,6220,0,0,1,0,0
675849,6221,0,0,0,1,0
675989,6222,0,0,0,1,0
676096,6223,0,0,0,1,0
676234,6224,0,0,0,1,0
676351,6225,0,0,0,1,0
676472,6226,0,0,0,1,0
676574,6227,0,0,0,1,0
676614,6228,0,0,1,0,0
676684,6229,0,0,1,0,0
676796,6230,0,0,0,1,0
676844,6231,0,0,1,0,0
676941,6232,0,0,0,1,0
677045,6233,0,0,0,1,0
677138,6234,0,0,0,1,0
677210,6235,0,0,1,0,0
677298,6236,0,0,0,1,0
677325,6237,0,0,1,0,0
677341,6238,0,0,1,0,0
677451,6239,0,0,0,1,0
677553,6240,0,0,0,1,0
677626,6241,0,0,1,0,0
677729,6242,0,0,0,1,0
677816,6243,0,0,0,1,0
677820,6244,1,0,0,0,0
677912,6245,0,0,0,1,0
678001,6246,0,0,0,1,0
678107,6247,0,0,0,1,0
678118,6248,0,0,1,0,0
678249,6249,0,0,0,1,0
678364,6250,0,0,0,1,0
678467,6251,0,0,1,0,0
678469,6252,0,0,1,0,0
678607,6253,0,0,0,1,0
678730,6254,0,0,0,1,0
678838,6255,0,0,0,1,0
678843,6256,0,0,1,0,0
678883,6257,0,0,1,0,0
679027,6258,0,0,0,1,0
679114,6259,0,0,0,1,0
679151,6260,0,0,1,0,0
679268,6261,0,0,0,1,0
679369,6262,0,0,1,0,0
679503,6263,0,0,0,1,0
679608,6264,0,0,0,1,0
679699,6265,0,0,0,1,0
679805,6266,0,0,0,1,0
679911,6267,0,0,0,1,0
680014,6268,0,0,0,1,0
680118,6269,0,0,0,1,0
680232,6270,0,0,0,1,0
680268,6271,0,0,1,0,0
680300,6272,0,0,1,0,0
680404,6273,0,0,0,1,0
680430,6274,0,0,1,0,0
680454,6275,0,0,1,0,0
680545,6276,0,0,0,1,0
680634,6277,0,0,0,1,0
680725,6278,0,0,0,1,0
680805,6279,0,0,1,0,0
680898,6280,0,0,0,1,0
680911,6281,0,0,1,0,0
681012,6282,0,0,0,1,0
681100,6283,0,0,0,1,0
681203,6284,0,0,0,1,0
681241,6285,0,0,1,0,0
681352,6286,0,0,0,1,0
681468,6287,0,0,0,1,0
681555,6288,0,0,1,0,0
681664,6289,0,0,0,1,0
681707,6290,0,0,1,0,0
681742,6291,0,0,1,0,0
681840,6292,0,0,0,1,0
681904,6293,0,0,1,0,0
682018,6294,0,0,0,1,0
682121,6295,0,0,0,1,0
682187,6296,0,0,1,0,0
682201,6297,0,0,1,0,0
682316,6298,0,0,0,1,0
682433,6299,0,0,0,1,0
682517,6300,0,0,0,1,0
682575,6301,0,0,1,0,0
682664,6302,0,0,0,1,0
682707,6303,0,0,1,0,0
682804,6304,0,0,0,1,0
682816,6305,0,0,1,0,0
682827,6306,0,0,1,0,0
682850,6307,0,0,1,0,0
682995,6308,0,0,0,1,0
683014,6309,0,0,1,0,0
683079,6310,0,0,1,0,0
683176,6311,0,0,0,1,0
683198,6312,0,0,1,0,0
683323,6313,0,0,0,1,0
683442,6314,0,0,0,1,0
683487,6315,0,0,1,0,0
683541,6316,0,0,1,0,0
683629,6317,0,0,0,1,0
683733,6318,0,0,0,1,0
683812,6319,0,0,1,0,0
683834,6320,0,0,1,0,0
683970,6321,0,0,0,1,0
684100,6322,0,0,0,1,0
684207,6323,0,0,0,1,0
684295,6324,0,0,0,1,0
684417,6325,0,0,0,1,0
684458,6326,0,0,1,0,0
684577,6327,0,0,0,1,0
684703,6328,0,0,1,0,0
684757,6329,0,0,1,0,0
684847,6330,0,0,0,1,0
684949,6331,0,0,0,1,0
685081,6332,0,0,0,1,0
685169,6333,0,0,0,1,0
685280,6334,0,0,0,1,0
685361,6335,0,0,1,0,0
685486,6336,0,0,0,1,0
685517,6337,0,0,1,0,0
685597,6338,0,0,1,0,0
685705,6339,0,0,0,1,0
685799,6340,0,0,0,1,0
685811,6341,0,0,1,0,0
685924,6342,0,0,0,1,0
686013,6343,0,0,0,1,0
686140,6344,0,0,0,1,0
686246,6345,0,0,0,1,0
686384,6346,0,0,0,1,0
686487,6347,0,0,0,1,0
686499,6348,0,0,1,0,0
686592,6349,0,0,0,1,0
686615,6350,0,0,1,0,0
686699,6351,0,0,0,1,0
686796,6352,0,0,0,1,0
686851,6353,0,0,1,0,0
686884,6354,0,0,1,0,0
686994,6355,0,0,0,1,0
687126,6356,0,0,0,1,0
687252,6357,0,0,0,1,0
687364,6358,0,0,0,1,0
687475,6359,0,0,0,1,0
687564,6360,0,0,0,1,0
687642,6361,0,0,1,0,0
687738,6362,0,0,0,1,0
687794,6363,0,0,1,0,0
687920,6364,0,0,0,1,0
687961,6365,0,0,1,0,0
688054,6366,0,0,0,1,0
688092,6367,0,0,1,0,0
688213,6368,0,0,0,1,0
688267,6369,0,0,1,0,0
688382,6370,0,0,0,1,0
688494,6371,0,0,0,1,0
688536,6372,0,0,1,0,0
688621,6373,0,0,0,1,0
688734,6374,0,0,0,1,0
688765,6375,0,0,1,0,0
688865,6376,0,0,0,1,0
688977,6377,0,0,0,1,0
689077,6378,0,0,0,1,0
689136,6379,0,0,1,0,0
689253,6380,0,0,0,1,0
689346,6381,0,0,0,1,0
689405,6382,0,0,1,0,0
689521,6383,0,0,0,1,0
689623,6384,0,0,0,1,0
689685,6385,0,0,1,0,0
689719,6386,0,0,1,0,0
689731,6387,0,0,1,0,0
689796,6388,0,0,1,0,0
689936,6389,0,0,0,1,0
690018,6390,0,0,1,0,0
690141,6391,0,0,0,1,0
690176,6392,0,0,1,0,0
690202,6393,0,0,1,0,0
690325,6394,0,0,0,1,0
690427,6395,0,0,0,1,0
690552,6396,0,0,0,1,0
690674,6397,0,0,0,1,0
690783,6398,0,0,0,1,0
690847,6399,0,0,1,0,0
690933,6400,0,0,0,1,0
691047,6401,0,0,0,1,0
691161,6402,0,0,0,1,0
691280,6403,0,0,0,1,0
691386,6404,0,0,0,1,0
691463,6405,0,0,1,0,0
691580,6406,0,0,0,1,0
691676,6407,0,0,0,1,0
691797,6408,0,0,0,1,0
691922,6409,0,0,0,1,0
691967,6410,0,0,1,0,0
692097,6411,0,0,0,1,0
692186,6412,0,0,0,1,0
692286,6413,0,0,1,0,0
692402,6414,0,0,0,1,0
692445,6415,0,0,1,0,0
692527,6416,0,0,1,0,0
692553,6417,0,0,1,0,0
692608,6418,0,0,1,0,0
692701,6419,0,0,0,1,0
692816,6420,0,0,0,1,0
692937,6421,0,0,0,1,0
693030,6422,0,0,0,1,0
693069,6423,0,0,1,0,0
693199,6424,0,0,0,1,0
693334,6425,0,0,0,1,0
693443,6426,0,0,0,1,0
693558,6427,0,0,0,1,0
693665,6428,0,0,0,1,0
693734,6429,0,0,1,0,0
693842,6430,0,0,0,1,0
693870,6431,0,0,1,0,0
693956,6432,0,0,0,1,0
694015,6433,0,0,1,0,0
694117,6434,0,0,0,1,0
694253,6435,0,0,0,1,0
694384,6436,0,0,0,1,0
694405,6437,0,0,1,0,0
694505,6438,0,0,0,1,0
694597,6439,0,0,0,1,0
694728,6440,0,0,0,1,0
694814,6441,0,0,0,1,0
694909,6442,0,0,0,1,0
694910,6443,0,0,1,0,0
694917,6444,0,0,1,0,0
695024,6445,0,0,0,1,0
695141,6446,0,0,0,1,0
695268,6447,0,0,0,1,0
695357,6448,0,0,0,1,0
695371,6449,0,0,1,0,0
695459,6450,0,0,0,1,0
695540,6451,0,0,0,1,0
695652,6452,0,0,0,1,0
695797,6453,0,0,0,1,0
695907,6454,0,0,0,1,0
695941,6455,0,0,1,0,0
695998,6456,0,0,1,0,0
696115,6457,1,0,0,0,0
696156,6458,0,0,1,0,0
696278,6459,0,0,0,1,0
696366,6460,0,0,0,1,0
696459,6461,0,0,0,1,0
696541,6462,0,0,1,0,0
696663,6463,0,0,0,1,0
696764,6464,0,0,0,1,0
696838,6465,0,0,1,0,0
696924,6466,0,0,0,1,0
697013,6467,0,0,0,1,0
697139,6468,0,0,0,1,0
697236,6469,0,0,0,1,0
697286,6470,0,0,1,0,0
697416,6471,0,0,0,1,0
697508,6472,0,0,0,1,0
697596,6473,0,0,0,1,0
697674,6474,0,0,1,0,0
697678,6475,0,0,1,0,0
697803,6476,0,0,0,1,0
697847,6477,0,0,1,0,0
697942,6478,0,0,0,1,0
698077,6479,0,0,0,1,0
698171,6480,0,0,0,1,0
698264,6481,0,0,0,1,0
698375,6482,0,0,0,1,0
698461,6483,0,0,0,1,0
698518,6484,0,0,1,0,0
698535,6485,0,0,1,0,0
698634,6486,0,0,0,1,0
698744,6487,0,0,0,1,0
698846,6488,0,0,0,1,0
698963,6489,0,0,1,0,0
699072,6490,0,0,0,1,0
699142,6491,0,0,1,0,0
699231,6492,0,0,0,1,0
699234,6493,1,0,0,0,0
699339,6494,0,0,0,1,0
699428,6495,0,0,0,1,0
699479,6496,0,0,1,0,0
699580,6497,0,0,0,1,0
699586,6498,1,0,0,0,0
699672,6499,0,0,0,1,0
699676,6500,0,0,1,0,0
699788,6501,0,0,0,1,0
699921,6502,0,0,0,1,0
700023,6503,0,0,0,1,0
700135,6504,0,0,0,1,0
700261,6505,0,0,0,1,0
700350,6506,0,0,0,1,0
700459,6507,0,0,0,1,0
700573,6508,0,0,0,1,0
700693,6509,0,0,0,1,0
700698,6510,1,0,0,0,0
700740,6511,0,0,1,0,0
700850,6512,0,0,0,1,0
700954,6513,0,0,0,1,0
701052,6514,0,0,0,1,0
701181,6515,0,0,0,1,0
701306,6516,0,0,0,1,0
701430,6517,0,0,0,1,0
701544,6518,0,0,0,1,0
701560,6519,0,0,1,0,0
701702,6520,0,0,0,1,0
701809,6521,0,0,0,1,0
701907,6522,0,0,0,1,0
702034,6523,0,0,0,1,0
702037,6524,0,0,1,0,0
702138,6525,0,0,0,1,0
702215,6526,0,0,1,0,0
702316,6527,0,0,0,1,0
702349,6528,0,0,1,0,0
702491,6529,0,0,0,1,0
702510,6530,0,0,1,0,0
702631,6531,0,0,0,1,0
702724,6532,0,0,0,1,0
702813,6533,0,0,0,1,0
702900,6534,0,0,1,0,0
702989,6535,0,0,0,1,0
703038,6536,0,0,1,0,0
703123,6537,0,0,1,0,0
703221,6538,0,0,0,1,0
703342,6539,0,0,0,1,0
703429,6540,0,0,1,0,0
703523,6541,0,0,0,1,0
703644,6542,0,0,0,1,0
703779,6543,0,0,0,1,0
703886,6544,0,0,0,1,0
703983,6545,0,0,1,0,0
704072,6546,0,0,0,1,0
704199,6547,0,0,0,1,0
704290,6548,0,0,1,0,0
704431,6549,0,0,0,1,0
704566,6550,0,0,0,1,0
704680,6551,0,0,0,1,0
704742,6552,0,0,1,0,0
704820,6553,0,0,1,0,0
704933,6554,0,0,0,1,0
705026,6555,0,0,0,1,0
705144,6556,0,0,0,1,0
705190,6557,0,0,1,0,0
705211,6558,0,0,1,0,0
705338,6559,0,0,0,1,0
705402,6560,0,0,1,0,0
705529,6561,0,0,0,1,0
705594,6562,0,0,1,0,0
705726,6563,0,0,0,1,0
705753,6564,0,0,1,0,0
705842,6565,0,0,0,1,0
705964,6566,0,0,0,1,0
706015,6567,0,0,1,0,0
706140,6568,0,0,0,1,0
706145,6569,0,0,1,0,0
706184,6570,0,0,1,0,0
706267,6571,0,0,0,1,0
706305,6572,0,0,1,0,0
706310,6573,0,0,1,0,0
706426,6574,0,0,0,1,0
706532,6575,0,0,0,1,0
706648,6576,0,0,0,1,0
706678,6577,0,0,1,0,0
706778,6578,0,0,0,1,0
706889,6579,0,0,0,1,0
707000,6580,0,0,0,1,0
707094,6581,0,0,0,1,0
707191,6582,0,0,1,0,0
707202,6583,0,0,1,0,0
707304,6584,0,0,0,1,0
707398,6585,0,0,0,1,0
707513,6586,0,0,0,1,0
707610,6587,0,0,1,0,0
707738,6588,0,0,0,1,0
707789,6589,0,0,1,0,0
707900,6590,0,0,0,1,0
708003,6591,0,0,0,1,0
708085,6592,0,0,1,0,0
708193,6593,0,0,0,1,0
708306,6594,0,0,0,1,0
708394,6595,0,0,0,1,0
708483,6596,0,0,0,1,0
708512,6597,0,0,1,0,0
708621,6598,0,0,0,1,0
708713,6599,0,0,0,1,0
708847,6600,0,0,0,1,0
708979,6601,0,0,0,1,0
708989,6602,0,0,1,0,0
709073,6603,0,0,1,0,0
709095,6604,0,0,1,0,0
709191,6605,0,0,0,1,0
709299,6606,0,0,0,1,0
709412,6607,0,0,0,1,0
709537,6608,0,0,0,1,0
709645,6609,0,0,0,1,0
709741,6610,0,0,0,1,0
709842,6611,0,0,0,1,0
709933,6612,0,0,0,1,0
710059,6613,0,0,0,1,0
710122,6614,0,0,1,0,0
710218,6615,0,0,0,1,0
710331,6616,0,0,0,1,0
710434,6617,0,0,0,1,0
710534,6618,0,0,0,1,0
710648,6619,0,0,0,1,0
710751,6620,0,0,0,1,0
710757,6621,1,0,0,0,0
710785,6622,0,0,1,0,0
710916,6623,0,0,0,1,0
711020,6624,0,0,0,1,0
711156,6625,0,0,0,1,0
711230,6626,0,0,1,0,0
711325,6627,0,0,1,0,0
711333,6628,0,0,1,0,0
711463,6629,0,0,0,1,0
711552,6630,0,0,0,1,0
711669,6631,0,0,0,1,0
711764,6632,0,0,0,1,0
711904,6633,0,0,0,1,0
712003,6634,0,0,0,1,0
712012,6635,0,0,1,0,0
712112,6636,0,0,0,1,0
712215,6637,0,0,0,1,0
712332,6638,0,0,0,1,0
712468,6639,0,0,0,1,0
712576,6640,0,0,0,1,0
712676,6641,0,0,0,1,0
712699,6642,0,0,1,0,0
712821,6643,0,0,0,1,0
712916,6644,0,0,0,1,0
713023,6645,0,0,0,1,0
713150,6646,0,0,0,1,0
713243,6647,0,0,0,1,0
713244,6648,0,0,1,0,0
713344,6649,0,0,0,1,0
713436,6650,0,0,0,1,0
713526,6651,0,0,0,1,0
713645,6652,0,0,0,1,0
713703,6653,0,0,1,0,0
713804,6654,0,0,1,0,0
713903,6655,0,0,0,1,0
714039,6656,0,0,0,1,0
714135,6657,0,0,0,1,0
714162,6658,0,0,1,0,0
714164,6659,0,0,1,0,0
714269,6660,0,0,0,1,0
714323,6661,0,0,1,0,0
714429,6662,0,0,0,1,0
714518,6663,0,0,0,1,0
714638,6664,0,0,0,1,0
714700,6665,0,0,1,0,0
714801,6666,0,0,0,1,0
714858,6667,0,0,1,0,0
714896,6668,0,0,1,0,0
714988,6669,0,0,0,1,0
715080,6670,0,0,0,1,0
715182,6671,0,0,0,1,0
715323,6672,0,0,0,1,0
715413,6673,0,0,0,1,0
715518,6674,0,0,0,1,0
715619,6675,0,0,0,1,0
715724,6676,0,0,0,1,0
715739,6677,0,0,1,0,0
715746,6678,1,0,0,0,0
715855,6679,0,0,1,0,0
715960,6680,0,0,0,1,0
716041,6681,0,0,0,1,0
716168,6682,0,0,0,1,0
716249,6683,0,0,1,0,0
716361,6684,0,0,0,1,0
716502,6685,0,0,0,1,0
716511,6686,0,0,1,0,0
716603,6687,0,0,0,1,0
716702,6688,0,0,0,1,0
716839,6689,0,0,0,1,0
716931,6690,0,0,0,1,0
717042,6691,0,0,0,1,0
717136,6692,0,0,0,1,0
717244,6693,0,0,1,0,0
717297,6694,0,0,1,0,0
717416,6695,0,0,0,1,0
717532,6696,0,0,0,1,0
717643,6697,0,0,0,1,0
717768,6698,0,0,0,1,0
717888,6699,0,0,0,1,0
717987,6700,0,0,0,1,0
718063,6701,0,0,1,0,0
718171,6702,0,0,0,1,0
718271,6703,0,0,0,1,0
718394,6704,0,0,0,1,0
718521,6705,0,0,1,0,0
718630,6706,0,0,0,1,0
718763,6707,0,0,0,1,0
718864,6708,0,0,0,1,0
718904,6709,0,0,1,0,0
719030,6710,0,0,0,1,0
719116,6711,0,0,0,1,0
719224,6712,0,0,1,0,0
719314,6713,0,0,0,1,0
719331,6714,0,0,1,0,0
719440,6715,0,0,0,1,0
719556,6716,0,0,0,1,0
719666,6717,0,0,0,1,0
719808,6718,0,0,0,1,0
719925,6719,0,0,0,1,0
720027,6720,0,0,0,1,0
720143,6721,0,0,0,1,0
720176,6722,0,0,1,0,0
720272,6723,0,0,0,1,0
720385,6724,0,0,0,1,0
720430,6725,0,0,1,0,0
720468,6726,0,0,1,0,0
720587,6727,0,0,0,1,0
720711,6728,0,0,0,1,0
720803,6729,0,0,0,1,0
720911,6730,0,0,0,1,0
721039,6731,0,0,0,1,0
721045,6732,0,0,1,0,0
721109,6733,0,0,1,0,0
721220,6734,0,0,0,1,0
721270,6735,0,0,1,0,0
721352,6736,0,0,1,0,0
721431,6737,0,0,1,0,0
721547,6738,0,0,1,0,0
721589,6739,0,0,1,0,0
721712,6740,0,0,0,1,0
721763,6741,0,0,1,0,0
721792,6742,0,0,1,0,0
721841,6743,0,0,1,0,0
721955,6744,0,0,0,1,0
722060,6745,0,0,1,0,0
722193,6746,0,0,0,1,0
722273,6747,0,0,1,0,0
722283,6748,0,0,1,0,0
722323,6749,0,0,1,0,0
722409,6750,0,0,0,1,0
722415,6751,0,0,1,0,0
722418,6752,0,0,1,0,0
722531,6753,0,0,0,1,0
722663,6754,0,0,0,1,0
722757,6755,0,0,1,0,0
722859,6756,0,0,0,1,0
722996,6757,0,0,0,1,0
723095,6758,0,0,1,0,0
723216,6759,0,0,0,1,0
723345,6760,0,0,0,1,0
723434,6761,0,0,0,1,0
723549,6762,0,0,0,1,0
723658,6763,0,0,0,1,0
723753,6764,0,0,1,0,0
723854,6765,0,0,0,1,0
723967,6766,0,0,0,1,0
724076,6767,0,0,1,0,0
724085,6768,0,0,1,0,0
724191,6769,0,0,0,1,0
724292,6770,0,0,0,1,0
724422,6771,0,0,0,1,0
724484,6772,0,0,1,0,0
724579,6773,0,0,0,1,0
724679,6774,0,0,0,1,0
724778,6775,0,0,0,1,0
724897,6776,0,0,0,1,0
725010,6777,0,0,0,1,0
725011,6778,1,0,0,0,0
725091,6779,0,0,1,0,0
725201,6780,0,0,0,1,0
725245,6781,0,0,1,0,0
725350,6782,0,0,0,1,0
725461,6783,0,0,0,1,0
725571,6784,0,0,0,1,0
725671,6785,0,0,1,0,0
725780,6786,0,0,0,1,0
725887,6787,0,0,1,0,0
726001,6788,0,0,0,1,0
726116,6789,0,0,0,1,0
726148,6790,0,0,1,0,0
726244,6791,0,0,0,1,0
726333,6792,0,0,0,1,0
726427,6793,0,0,1,0,0
726527,6794,0,0,0,1,0
726616,6795,0,0,0,1,0
726745,6796,0,0,0,1,0
726836,6797,0,0,0,1,0
726947,6798,0,0,0,1,0
727064,6799,0,0,0,1,0
727195,6800,0,0,1,0,0
727282,6801,0,0,1,0,0
727419,6802,0,0,0,1,0
727435,6803,0,0,1,0,0
727578,6804,0,0,0,1,0
727591,6805,0,0,1,0,0
727681,6806,0,0,0,1,0
727767,6807,0,0,1,0,0
727848,6808,0,0,1,0,0
727948,6809,0,0,0,1,0
728053,6810,0,0,0,1,0
728106,6811,0,0,1,0,0
728248,6812,0,0,0,1,0
728379,6813,0,0,0,1,0
728476,6814,0,0,0,1,0
728587,6815,0,0,0,1,0
728706,6816,0,0,1,0,0
728795,6817,0,0,0,1,0
728812,6818,0,0,1,0,0
728844,6819,0,0,1,0,0
728876,6820,0,0,1,0,0
728979,6821,0,0,0,1,0
729022,6822,0,0,1,0,0
729115,6823,0,0,0,1,0
729130,6824,0,0,1,0,0
729169,6825,0,0,1,0,0
729282,6826,0,0,0,1,0
729333,6827,0,0,1,0,0
729436,6828,0,0,0,1,0
729560,6829,0,0,0,1,0
729654,6830,0,0,0,1,0
729762,6831,0,0,1,0,0
729864,6832,0,0,1,0,0
729959,6833,0,0,0,1,0
730071,6834,0,0,0,1,0
730170,6835,0,0,0,1,0
730268,6836,0,0,0,1,0
730305,6837,0,0,1,0,0
730395,6838,0,0,0,1,0
730440,6839,0,0,1,0,0
730538,6840,0,0,0,1,0
730629,6841,0,0,0,1,0
730719,6842,0,0,0,1,0
730828,6843,0,0,0,1,0
730946,6844,0,0,1,0,0
731035,6845,0,0,0,1,0
731117,6846,0,0,1,0,0
731241,6847,0,0,0,1,0
731337,6848,0,0,1,0,0
731466,6849,0,0,0,1,0
731589,6850,0,0,0,1,0
731717,6851,0,0,0,1,0
731859,6852,0,0,0,1,0
731970,6853,0,0,0,1,0
732094,6854,0,0,1,0,0
732194,6855,0,0,0,1,0
732296,6856,0,0,0,1,0
732334,6857,0,0,1,0,0
732368,6858,0,0,1,0,0
732483,6859,0,0,0,1,0
732569,6860,0,0,0,1,0
732690,6861,0,0,0,1,0
732693,6862,1,0,0,0,0
732783,6863,0,0,0,1,0
732900,6864,0,0,0,1,0
733014,6865,0,0,0,1,0
733103,6866,0,0,0,1,0
733128,6867,0,0,1,0,0
733245,6868,0,0,0,1,0
733303,6869,0,0,1,0,0
733411,6870,0,0,0,1,0
733502,6871,0,0,1,0,0
733612,6872,0,0,0,1,0
733725,6873,0,0,0,1,0
733850,6874,0,0,0,1,0
733946,6875,0,0,0,1,0
734011,6876,0,0,1,0,0
734131,6877,0,0,0,1,0
734237,6878,0,0,0,1,0
734371,6879,0,0,0,1,0
734468,6880,0,0,0,1,0
734497,6881,0,0,1,0,0
734608,6882,0,0,0,1,0
734703,6883,0,0,0,1,0
734795,6884,0,0,0,1,0
734887,6885,0,0,0,1,0
735016,6886,0,0,0,1,0
735028,6887,0,0,1,0,0
735119,6888,0,0,1,0,0
735157,6889,0,0,1,0,0
735262,6890,0,0,0,1,0
735360,6891,0,0,0,1,0
735440,6892,0,0,1,0,0
735560,6893,0,0,0,1,0
735597,6894,0,0,1,0,0
735695,6895,0,0,0,1,0
735751,6896,0,0,1,0,0
735783,6897,0,0,1,0,0
735848,6898,0,0,1,0,0
735852,6899,1,0,0,0,0
735985,6900,0,0,0,1,0
736130,6901,0,0,0,1,0
736240,6902,0,0,0,1,0
736363,6903,0,0,0,1,0
736461,6904,0,0,0,1,0
736582,6905,0,0,0,1,0
736613,6906,0,0,1,0,0
736701,6907,0,0,1,0,0
736798,6908,0,0,0,1,0
736900,6909,0,0,0,1,0
736990,6910,0,0,0,1,0
737042,6911,0,0,1,0,0
737156,6912,0,0,0,1,0
737246,6913,0,0,0,1,0
737331,6914,0,0,0,1,0
737438,6915,0,0,0,1,0
737539,6916,0,0,0,1,0
737575,6917,0,0,1,0,0
737694,6918,0,0,0,1,0
737805,6919,0,0,0,1,0
737909,6920,0,0,0,1,0
738019,6921,0,0,0,1,0
738069,6922,0,0,1,0,0
738194,6923,0,0,0,1,0
738318,6924,0,0,0,1,0
738361,6925,0,0,1,0,0
738379,6926,0,0,1,0,0
738473,6927,0,0,0,1,0
738482,6928,0,0,1,0,0
738611,6929,0,0,0,1,0
738625,6930,0,0,1,0,0
738674,6931,0,0,1,0,0
738763,6932,0,0,0,1,0
738860,6933,0,0,0,1,0
738991,6934,0,0,0,1,0
738992,6935,1,0,0,0,0
739086,6936,0,0,0,1,0
739183,6937,0,0,0,1,0
739299,6938,0,0,0,1,0
739442,6939,0,0,0,1,0
739547,6940,0,0,0,1,0
739589,6941,0,0,1,0,0
739602,6942,0,0,1,0,0
739652,6943,0,0,1,0,0
739783,6944,0,0,0,1,0
739884,6945,0,0,0,1,0
740020,6946,0,0,0,1,0
740133,6947,0,0,0,1,0
740239,6948,0,0,0,1,0
740329,6949,0,0,0,1,0
740420,6950,0,0,0,1,0
740477,6951,0,0,1,0,0
740514,6952,0,0,1,0,0
740629,6953,0,0,0,1,0
740722,6954,0,0,0,1,0
740814,6955,0,0,0,1,0
740929,6956,0,0,0,1,0
741015,6957,0,0,0,1,0
741109,6958,0,0,0,1,0
741231,6959,0,0,0,1,0
741291,6960,0,0,1,0,0
741422,6961,0,0,0,1,0
741494,6962,0,0,1,0,0
741580,6963,0,0,0,1,0
741677,6964,0,0,0,1,0
741779,6965,0,0,0,1,0
741814,6966,0,0,1,0,0
741909,6967,0,0,1,0,0
741996,6968,0,0,0,1,0
742040,6969,0,0,1,0,0
742128,6970,0,0,0,1,0
742259,6971,0,0,0,1,0
742261,6972,0,0,1,0,0
742375,6973,0,0,0,1,0
742467,6974,0,0,0,1,0
742553,6975,0,0,0,1,0
742654,6976,0,0,0,1,0
742757,6977,0,0,0,1,0
742851,6978,0,0,1,0,0
742958,6979,0,0,0,1,0
743047,6980,0,0,0,1,0
743169,6981,0,0,0,1,0
743271,6982,0,0,0,1,0
743364,6983,0,0,0,1,0
743451,6984,0,0,0,1,0
743553,6985,0,0,0,1,0
743604,6986,0,0,1,0,0
743705,6987,0,0,0,1,0
743769,6988,0,0,1,0,0
743876,6989,0,0,0,1,0
744008,6990,0,0,0,1,0
744091,6991,0,0,1,0,0
744150,6992,0,0,1,0,0
744242,6993,0,0,0,1,0
744366,6994,0,0,0,1,0
744499,6995,0,0,0,1,0
744629,6996,0,0,0,1,0
744655,6997,0,0,1,0,0
744659,6998,0,0,1,0,0
744670,6999,0,0,1,0,0
744702,7000,0,0,1,0,0
744791,7001,0,0,0,1,0
744889,7002,0,0,1,0,0
745006,7003,0,0,0,1,0
745036,7004,0,0,1,0,0
745122,7005,0,0,0,1,0
745213,7006,0,0,0,1,0
745312,7007,0,0,0,1,0
745366,7008,0,0,1,0,0
745422,7009,0,0,1,0,0
745547,7010,0,0,1,0,0
745691,7011,0,0,0,1,0
745781,7012,0,0,0,1,0
745784,7013,1,0,0,0,0
745890,7014,0,0,0,1,0
745975,7015,0,0,0,1,0
746074,7016,0,0,0,1,0
746176,7017,0,0,0,1,0
746302,7018,0,0,0,1,0
746438,7019,0,0,0,1,0
746567,7020,0,0,0,1,0
746663,7021,0,0,1,0,0
746773,7022,0,0,0,1,0
746897,7023,0,0,0,1,0
747023,7024,0,0,0,1,0
747070,7025,0,0,1,0,0
747144,7026,0,0,1,0,0
747266,7027,0,0,0,1,0
747334,7028,0,0,1,0,0
747420,7029,0,0,0,1,0
747525,7030,0,0,0,1,0
747611,7031,0,0,0,1,0
747657,7032,0,0,1,0,0
747745,7033,0,0,0,1,0
747843,7034,0,0,0,1,0
747865,7035,0,0,1,0,0
747962,7036,0,0,0,1,0
748069,7037,0,0,0,1,0
748078,7038,0,0,1,0,0
748174,7039,0,0,0,1,0
748268,7040,0,0,0,1,0
748344,7041,0,0,1,0,0
748422,7042,0,0,1,0,0
748448,7043,0,0,1,0,0
748559,7044,0,0,0,1,0
748595,7045,0,0,1,0,0
748702,7046,0,0,1,0,0
748793,7047,0,0,0,1,0
748909,7048,0,0,0,1,0
748948,7049,0,0,1,0,0
748952,7050,1,0,0,0,0
749071,7051,0,0,0,1,0
749073,7052,0,0,1,0,0
749216,7053,0,0,0,1,0
749342,7054,0,0,0,1,0
749352,7055,0,0,1,0,0
749391,7056,0,0,1,0,0
749483,7057,0,0,0,1,0
749583,7058,0,0,0,1,0
749622,7059,0,0,1,0,0
749730,7060,0,0,0,1,0
749819,7061,0,0,0,1,0
749897,7062,0,0,1,0,0
750007,7063,0,0,0,1,0
750035,7064,0,0,1,0,0
750148,7065,0,0,0,1,0
750238,7066,0,0,0,1,0
750372,7067,0,0,0,1,0
750392,7068,0,0,1,0,0
750500,7069,0,0,0,1,0
750619,7070,0,0,0,1,0
750625,7071,0,0,1,0,0
750626,7072,0,0,1,0,0
750683,7073,0,0,1,0,0
750697,7074,0,0,1,0,0
750817,7075,0,0,0,1,0
750840,7076,0,0,1,0,0
750952,7077,0,0,0,1,0
750972,7078,0,0,1,0,0
751049,7079,0,0,1,0,0
751153,7080,0,0,0,1,0
751211,7081,0,0,1,0,0
751318,7082,0,0,0,1,0
751349,7083,0,0,1,0,0
751442,7084,0,0,0,1,0
751561,7085,0,0,1,0,0
751684,7086,0,0,0,1,0
751797,7087,0,0,0,1,0
751798,7088,0,0,1,0,0
751936,7089,0,0,0,1,0
752025,7090,0,0,0,1,0
752116,7091,0,0,0,1,0
752208,7092,0,0,0,1,0
752326,7093,0,0,0,1,0
752426,7094,0,0,0,1,0
752540,7095,0,0,0,1,0
752635,7096,0,0,0,1,0
752770,7097,0,0,0,1,0
752793,7098,0,0,1,0,0
752881,7099,0,0,1,0,0
752991,7100,0,0,0,1,0
753077,7101,0,0,1,0,0
753154,7102,0,0,1,0,0
753245,7103,0,0,0,1,0
753386,7104,0,0,0,1,0
753476,7105,0,0,1,0,0
753593,7106,0,0,0,1,0
753699,7107,0,0,0,1,0
753737,7108,0,0,1,0,0
753860,7109,0,0,0,1,0
753963,7110,0,0,0,1,0
754075,7111,0,0,0,1,0
754180,7112,0,0,0,1,0
754279,7113,0,0,0,1,0
754283,7114,0,0,1,0,0
754313,7115,0,0,1,0,0
754423,7116,0,0,0,1,0
754504,7117,0,0,1,0,0
754570,7118,0,0,1,0,0
754650,7119,0,0,1,0,0
754688,7120,0,0,1,0,0
754822,7121,0,0,0,1,0
754826,7122,1,0,0,0,0
754943,7123,0,0,0,1,0
755045,7124,0,0,0,1,0
755058,7125,0,0,1,0,0
755190,7126,0,0,0,1,0
755320,7127,0,0,0,1,0
755449,7128,0,0,0,1,0
755556,7129,0,0,0,1,0
755579,7130,0,0,1,0,0
755675,7131,0,0,0,1,0
755684,7132,0,0,1,0,0
755796,7133,0,0,0,1,0
755896,7134,0,0,0,1,0
755992,7135,0,0,0,1,0
756104,7136,0,0,0,1,0
756140,7137,0,0,1,0,0
756177,7138,0,0,1,0,0
756282,7139,0,0,0,1,0
756392,7140,0,0,0,1,0
756441,7141,0,0,1,0,0
756543,7142,0,0,0,1,0
756556,7143,0,0,1,0,0
756656,7144,0,0,0,1,0
756658,7145,1,0,0,0,0
756685,7146,0,0,1,0,0
756689,7147,0,0,1,0,0
756818,7148,0,0,0,1,0
756919,7149,0,0,0,1,0
757008,7150,0,0,0,1,0
757105,7151,0,0,0,1,0
757210,7152,0,0,0,1,0
757233,7153,0,0,1,0,0
757327,7154,0,0,1,0,0
757360,7155,0,0,1,0,0
757374,7156,0,0,1,0,0
757422,7157,0,0,1,0,0
757555,7158,0,0,0,1,0
757641,7159,0,0,0,1,0
757699,7160,0,0,1,0,0
757715,7161,0,0,1,0,0
757816,7162,0,0,0,1,0
757865,7163,0,0,1,0,0
758004,7164,0,0,0,1,0
758122,7165,0,0,0,1,0
758231,7166,0,0,0,1,0
758257,7167,0,0,1,0,0
758373,7168,0,0,0,1,0
758488,7169,0,0,0,1,0
758585,7170,0,0,0,1,0
758703,7171,0,0,0,1,0
758819,7172,0,0,0,1,0
758943,7173,0,0,0,1,0
759089,7174,0,0,0,1,0
759206,7175,0,0,0,1,0
759304,7176,0,0,0,1,0
759352,7177,0,0,1,0,0
759374,7178,0,0,1,0,0
759473,7179,0,0,0,1,0
759552,7180,0,0,1,0,0
759682,7181,0,0,0,1,0
759780,7182,0,0,0,1,0
759890,7183,0,0,0,1,0
759989,7184,0,0,0,1,0
760100,7185,0,0,0,1,0
760158,7186,0,0,1,0,0
760261,7187,0,0,0,1,0
760288,7188,0,0,1,0,0
760407,7189,0,0,0,1,0
760514,7190,0,0,0,1,0
760546,7191,0,0,1,0,0
760563,7192,0,0,1,0,0
760610,7193,0,0,1,0,0
760640,7194,0,0,1,0,0
760746,7195,0,0,0,1,0
760882,7196,0,0,0,1,0
760967,7197,0,0,0,1,0
761078,7198,0,0,1,0,0
761168,7199,0,0,0,1,0
761291,7200,0,0,0,1,0
761379,7201,0,0,0,1,0
761496,7202,0,0,0,1,0
761616,7203,0,0,0,1,0
761706,7204,0,0,1,0,0
761797,7205,0,0,0,1,0
761893,7206,0,0,0,1,0
761951,7207,0,0,1,0,0
762087,7208,0,0,0,1,0
762179,7209,0,0,0,1,0
762265,7210,0,0,0,1,0
762354,7211,0,0,0,1,0
762376,7212,0,0,1,0,0
762487,7213,0,0,0,1,0
762574,7214,0,0,0,1,0
762665,7215,0,0,1,0,0
762754,7216,0,0,0,1,0
762853,7217,0,0,0,1,0
762963,7218,0,0,0,1,0
763074,7219,0,0,0,1,0
763205,7220,0,0,0,1,0
763272,7221,0,0,1,0,0
763401,7222,0,0,0,1,0
763473,7223,0,0,1,0,0
763481,7224,0,0,1,0,0
763483,7225,0,0,1,0,0
763509,7226,0,0,1,0,0
763512,7227,0,0,1,0,0
763601,7228,0,0,0,1,0
763689,7229,0,0,0,1,0
763781,7230,0,0,0,1,0
763894,7231,0,0,0,1,0
764014,7232,0,0,0,1,0
764102,7233,0,0,0,1,0
764223,7234,0,0,0,1,0
764251,7235,0,0,1,0,0
764379,7236,0,0,0,1,0
764504,7237,0,0,0,1,0
764595,7238,0,0,0,1,0
764727,7239,0,0,0,1,0
764841,7240,0,0,0,1,0
764858,7241,0,0,1,0,0
764995,7242,0,0,1,0,0
765004,7243,0,0,1,0,0
765020,7244,0,0,1,0,0
765134,7245,0,0,0,1,0
765221,7246,0,0,0,1,0
765325,7247,0,0,0,1,0
765336,7248,0,0,1,0,0
765438,7249,0,0,0,1,0
765519,7250,0,0,1,0,0
765630,7251,0,0,0,1,0
765719,7252,0,0,0,1,0
765815,7253,0,0,0,1,0
765925,7254,0,0,0,1,0
765956,7255,0,0,1,0,0
766038,7256,0,0,1,0,0
766136,7257,0,0,0,1,0
766166,7258,0,0,1,0,0
766278,7259,0,0,1,0,0
766318,7260,0,0,1,0,0
766448,7261,0,0,0,1,0
766567,7262,0,0,0,1,0
766607,7263,0,0,1,0,0
766721,7264,0,0,0,1,0
766811,7265,0,0,1,0,0
766904,7266,0,0,0,1,0
767011,7267,0,0,0,1,0
767094,7268,0,0,1,0,0
767181,7269,0,0,1,0,0
767294,7270,0,0,0,1,0
767389,7271,0,0,0,1,0
767524,7272,0,0,0,1,0
767646,7273,0,0,0,1,0
767740,7274,0,0,0,1,0
767789,7275,0,0,1,0,0
767889,7276,0,0,0,1,0
767996,7277,0,0,0,1,0
768106,7278,0,0,0,1,0
768195,7279,0,0,0,1,0
768215,7280,0,0,1,0,0
768307,7281,0,0,0,1,0
768420,7282,0,0,0,1,0
768447,7283,0,0,1,0,0
768568,7284,0,0,0,1,0
768707,7285,0,0,0,1,0
768821,7286,0,0,0,1,0
768870,7287,0,0,1,0,0
768988,7288,0,0,0,1,0
769108,7289,0,0,0,1,0
769119,7290,0,0,1,0,0
769233,7291,0,0,0,1,0
769342,7292,0,0,0,1,0
769470,7293,0,0,0,1,0
769559,7294,0,0,0,1,0
769654,7295,0,0,0,1,0
769753,7296,0,0,0,1,0
769860,7297,0,0,1,0,0
769890,7298,0,0,1,0,0
769987,7299,0,0,0,1,0
770099,7300,0,0,0,1,0
770165,7301,0,0,1,0,0
770172,7302,0,0,1,0,0
770247,7303,0,0,1,0,0
770343,7304,0,0,0,1,0
770455,7305,0,0,0,1,0
770504,7306,0,0,1,0,0
770598,7307,0,0,0,1,0
770718,7308,0,0,0,1,0
770797,7309,0,0,1,0,0
770885,7310,0,0,0,1,0
770947,7311,0,0,1,0,0
771093,7312,0,0,0,1,0
771108,7313,0,0,1,0,0
771196,7314,0,0,0,1,0
771330,7315,0,0,0,1,0
771402,7316,0,0,1,0,0
771521,7317,0,0,0,1,0
771619,7318,0,0,0,1,0
771735,7319,0,0,0,1,0
771762,7320,0,0,1,0,0
771868,7321,0,0,0,1,0
771873,7322,1,0,0,0,0
771962,7323,0,0,0,1,0
772070,7324,0,0,0,1,0
772171,7325,0,0,0,1,0
772261,7326,0,0,0,1,0
772390,7327,0,0,0,1,0
772514,7328,0,0,0,1,0
772608,7329,0,0,0,1,0
772695,7330,0,0,0,1,0
772816,7331,0,0,1,0,0
772930,7332,0,0,0,1,0
773015,7333,0,0,1,0,0
773123,7334,0,0,0,1,0
773234,7335,0,0,0,1,0
773280,7336,0,0,1,0,0
773410,7337,0,0,0,1,0
773417,7338,0,0,1,0,0
773521,7339,0,0,0,1,0
773595,7340,0,0,1,0,0
773685,7341,0,0,0,1,0
773777,7342,0,0,0,1,0
773866,7343,0,0,0,1,0
773962,7344,0,0,0,1,0
774090,7345,0,0,0,1,0
774209,7346,0,0,0,1,0
774315,7347,0,0,0,1,0
774425,7348,0,0,0,1,0
774443,7349,0,0,1,0,0
774543,7350,0,0,0,1,0
774652,7351,0,0,0,1,0
774677,7352,0,0,1,0,0
774821,7353,0,0,0,1,0
774936,7354,0,0,0,1,0
774978,7355,0,0,1,0,0
775000,7356,0,0,1,0,0
775032,7357,0,0,1,0,0
775147,7358,0,0,0,1,0
775239,7359,0,0,1,0,0
775245,7360,0,0,1,0,0
775374,7361,0,0,0,1,0
775488,7362,0,0,0,1,0
775585,7363,0,0,0,1,0
775671,7364,0,0,0,1,0
775678,7365,0,0,1,0,0
775769,7366,0,0,0,1,0
775891,7367,0,0,0,1,0
775900,7368,0,0,1,0,0
775997,7369,0,0,0,1,0
776085,7370,0,0,0,1,0
776154,7371,0,0,1,0,0
776265,7372,0,0,1,0,0
776351,7373,0,0,0,1,0
776441,7374,0,0,0,1,0
776544,7375,0,0,0,1,0
776655,7376,0,0,0,1,0
776759,7377,0,0,0,1,0
776852,7378,0,0,0,1,0
776889,7379,0,0,1,0,0
777004,7380,0,0,0,1,0
777063,7381,0,0,1,0,0
777186,7382,0,0,0,1,0
777289,7383,0,0,0,1,0
777428,7384,0,0,0,1,0
777520,7385,0,0,0,1,0
777629,7386,0,0,0,1,0
777739,7387,0,0,1,0,0
777780,7388,0,0,1,0,0
777894,7389,0,0,0,1,0
777920,7390,0,0,1,0,0
778048,7391,0,0,0,1,0
778128,7392,0,0,0,1,0
778217,7393,0,0,0,1,0
778305,7394,0,0,0,1,0
778411,7395,0,0,0,1,0
778507,7396,0,0,0,1,0
778600,7397,0,0,0,1,0
778691,7398,0,0,1,0,0
778785,7399,0,0,0,1,0
778902,7400,0,0,0,1,0
778956,7401,0,0,1,0,0
779011,7402,0,0,1,0,0
779079,7403,0,0,1,0,0
779209,7404,0,0,0,1,0
779319,7405,0,0,0,1,0
779435,7406,0,0,1,0,0
779485,7407,0,0,1,0,0
779504,7408,0,0,1,0,0
779603,7409,0,0,0,1,0
779730,7410,0,0,0,1,0
779821,7411,0,0,0,1,0
779925,7412,0,0,0,1,0
780041,7413,0,0,0,1,0
780149,7414,0,0,0,1,0
780291,7415,0,0,0,1,0
780389,7416,0,0,0,1,0
780477,7417,0,0,0,1,0
780488,7418,0,0,1,0,0
780586,7419,0,0,1,0,0
780675,7420,0,0,0,1,0
780764,7421,0,0,0,1,0
780824,7422,0,0,1,0,0
780867,7423,0,0,1,0,0
780971,7424,0,0,0,1,0
781065,7425,0,0,0,1,0
781206,7426,0,0,0,1,0
781283,7427,0,0,1,0,0
781396,7428,0,0,0,1,0
781422,7429,0,0,1,0,0
781553,7430,0,0,0,1,0
781662,7431,0,0,0,1,0
781667,7432,0,0,1,0,0
781779,7433,0,0,0,1,0
781894,7434,0,0,0,1,0
782000,7435,0,0,1,0,0
782058,7436,0,0,1,0,0
782151,7437,0,0,0,1,0
782247,7438,0,0,0,1,0
782343,7439,0,0,0,1,0
782478,7440,0,0,0,1,0
782574,7441,0,0,0,1,0
782711,7442,0,0,0,1,0
782819,7443,0,0,0,1,0
782825,7444,0,0,1,0,0
782933,7445,0,0,0,1,0
783040,7446,0,0,0,1,0
783059,7447,0,0,1,0,0
783163,7448,0,0,0,1,0
783262,7449,0,0,0,1,0
783301,7450,0,0,1,0,0
783431,7451,0,0,0,1,0
783546,7452,0,0,0,1,0
783586,7453,0,0,1,0,0
783705,7454,0,0,0,1,0
783799,7455,0,0,0,1,0
783867,7456,0,0,1,0,0
783959,7457,0,0,0,1,0
784072,7458,0,0,0,1,0
784209,7459,0,0,0,1,0
784302,7460,0,0,0,1,0
784402,7461,0,0,0,1,0
784499,7462,0,0,1,0,0
784540,7463,0,0,1,0,0
784635,7464,0,0,1,0,0
784754,7465,0,0,0,1,0
784857,7466,0,0,0,1,0
784861,7467,0,0,1,0,0
784964,7468,0,0,0,1,0
785062,7469,0,0,0,1,0
785154,7470,0,0,1,0,0
785217,7471,0,0,1,0,0
785225,7472,0,0,1,0,0
785243,7473,0,0,1,0,0
785281,7474,0,0,1,0,0
785331,7475,0,0,1,0,0
785441,7476,0,0,0,1,0
785489,7477,0,0,1,0,0
785603,7478,0,0,0,1,0
785693,7479,0,0,1,0,0
785780,7480,0,0,0,1,0
785802,7481,0,0,1,0,0
785905,7482,0,0,0,1,0
786001,7483,0,0,0,1,0
786115,7484,0,0,0,1,0
786199,7485,0,0,0,1,0
786212,7486,0,0,1,0,0
786290,7487,0,0,1,0,0
786309,7488,0,0,1,0,0
786397,7489,0,0,0,1,0
786488,7490,0,0,0,1,0
786611,7491,0,0,0,1,0
786662,7492,0,0,1,0,0
786757,7493,0,0,1,0,0
786843,7494,0,0,0,1,0
786968,7495,0,0,0,1,0
787015,7496,0,0,1,0,0
787031,7497,0,0,1,0,0
787166,7498,0,0,0,1,0
787280,7499,0,0,0,1,0
787385,7500,0,0,0,1,0
787473,7501,0,0,0,1,0
787605,7502,0,0,0,1,0
787719,7503,0,0,0,1,0
787772,7504,0,0,1,0,0
787901,7505,0,0,0,1,0
788029,7506,0,0,0,1,0
788082,7507,0,0,1,0,0
788118,7508,0,0,1,0,0
788135,7509,0,0,1,0,0
788266,7510,0,0,0,1,0
788370,7511,0,0,0,1,0
788409,7512,0,0,1,0,0
788416,7513,0,0,1,0,0
788514,7514,0,0,0,1,0
788657,7515,0,0,0,1,0
788706,7516,0,0,1,0,0
788804,7517,0,0,0,1,0
788905,7518,0,0,0,1,0
789009,7519,0,0,0,1,0
789145,7520,0,0,0,1,0
789264,7521,0,0,0,1,0
789311,7522,0,0,1,0,0
789422,7523,0,0,1,0,0
789463,7524,0,0,1,0,0
789597,7525,0,0,0,1,0
789730,7526,0,0,0,1,0
789738,7527,0,0,1,0,0
789852,7528,0,0,0,1,0
789941,7529,0,0,0,1,0
790076,7530,0,0,0,1,0
790148,7531,0,0,1,0,0
790248,7532,0,0,0,1,0
790337,7533,0,0,0,1,0
790455,7534,0,0,0,1,0
790559,7535,0,0,0,1,0
790674,7536,0,0,0,1,0
790698,7537,0,0,1,0,0
790779,7538,0,0,1,0,0
790829,7539,0,0,1,0,0
790965,7540,0,0,0,1,0
791079,7541,0,0,0,1,0
791198,7542,0,0,0,1,0
791303,7543,0,0,0,1,0
791357,7544,0,0,1,0,0
791461,7545,0,0,0,1,0
791562,7546,0,0,0,1,0
791565,7547,0,0,1,0,0
791656,7548,0,0,0,1,0
791678,7549,0,0,1,0,0
791787,7550,0,0,1,0,0
791857,7551,0,0,1,0,0
791940,7552,0,0,1,0,0
792034,7553,0,0,1,0,0
792077,7554,0,0,1,0,0
792153,7555,0,0,1,0,0
792241,7556,0,0,0,1,0
792247,7557,1,0,0,0,0
792311,7558,0,0,1,0,0
792412,7559,0,0,0,1,0
792532,7560,0,0,0,1,0
792641,7561,0,0,0,1,0
792662,7562,0,0,1,0,0
792768,7563,0,0,0,1,0
792804,7564,0,0,1,0,0
792840,7565,0,0,1,0,0
792938,7566,0,0,0,1,0
793027,7567,0,0,0,1,0
793128,7568,0,0,0,1,0
793246,7569,0,0,0,1,0
793338,7570,0,0,0,1,0
793444,7571,0,0,0,1,0
793482,7572,0,0,1,0,0
793586,7573,0,0,0,1,0
793735,7574,0,0,0,1,0
793802,7575,0,0,1,0,0
793848,7576,0,0,1,0,0
793976,7577,0,0,0,1,0
794083,7578,0,0,0,1,0
794092,7579,0,0,1,0,0
794119,7580,0,0,1,0,0
794252,7581,0,0,0,1,0
794357,7582,0,0,0,1,0
794474,7583,0,0,0,1,0
794564,7584,0,0,0,1,0
794698,7585,0,0,0,1,0
794790,7586,0,0,0,1,0
794922,7587,0,0,0,1,0
794954,7588,0,0,1,0,0
795060,7589,0,0,0,1,0
795149,7590,0,0,0,1,0
795263,7591,0,0,1,0,0
795376,7592,0,0,0,1,0
795436,7593,0,0,1,0,0
795566,7594,0,0,0,1,0
795676,7595,0,0,1,0,0
795772,7596,0,0,0,1,0
795856,7597,0,0,0,1,0
795955,7598,0,0,0,1,0
795972,7599,0,0,1,0,0
795982,7600,0,0,1,0,0
796012,7601,0,0,1,0,0
796108,7602,0,0,0,1,0
796171,7603,0,0,1,0,0
796262,7604,0,0,0,1,0
796352,7605,0,0,1,0,0
796473,7606,0,0,1,0,0
796579,7607,0,0,0,1,0
796727,7608,0,0,0,1,0
796738,7609,0,0,1,0,0
796807,7610,0,0,1,0,0
796911,7611,0,0,0,1,0
796925,7612,0,0,1,0,0
797034,7613,0,0,0,1,0
797112,7614,0,0,1,0,0
797216,7615,0,0,0,1,0
797299,7616,0,0,0,1,0
797387,7617,0,0,1,0,0
797432,7618,0,0,1,0,0
797522,7619,0,0,0,1,0
797622,7620,0,0,0,1,0
797654,7621,0,0,1,0,0
797724,7622,0,0,1,0,0
797813,7623,0,0,0,1,0
797920,7624,0,0,0,1,0
797989,7625,0,0,1,0,0
798092,7626,0,0,0,1,0
798200,7627,0,0,0,1,0
798298,7628,0,0,0,1,0
798395,7629,0,0,0,1,0
798428,7630,0,0,1,0,0
798516,7631,0,0,0,1,0
798607,7632,0,0,0,1,0
798711,7633,0,0,1,0,0
798800,7634,0,0,1,0,0
798915,7635,0,0,0,1,0
799024,7636,0,0,0,1,0
799099,7637,0,0,1,0,0
799210,7638,0,0,0,1,0
799294,7639,0,0,0,1,0
799405,7640,0,0,0,1,0
799506,7641,0,0,0,1,0
799550,7642,0,0,1,0,0
799653,7643,0,0,1,0,0
799656,7644,1,0,0,0,0
799777,7645,0,0,0,1,0
799871,7646,0,0,0,1,0
799957,7647,0,0,0,1,0
800044,7648,0,0,0,1,0
800158,7649,0,0,0,1,0
800254,7650,0,0,0,1,0
800389,7651,0,0,0,1,0
800506,7652,0,0,0,1,0
800607,7653,0,0,0,1,0
800727,7654,0,0,0,1,0
800850,7655,0,0,0,1,0
800888,7656,0,0,1,0,0
801012,7657,0,0,0,1,0
801122,7658,0,0,1,0,0
801219,7659,0,0,0,1,0
801345,7660,0,0,0,1,0
801447,7661,0,0,0,1,0
801552,7662,0,0,0,1,0
801676,7663,0,0,0,1,0
801698,7664,0,0,1,0,0
801792,7665,0,0,0,1,0
801901,7666,0,0,0,1,0
801991,7667,0,0,0,1,0
802059,7668,0,0,1,0,0
802111,7669,0,0,1,0,0
802176,7670,0,0,1,0,0
802271,7671,0,0,0,1,0
802390,7672,0,0,0,1,0
802506,7673,0,0,0,1,0
802635,7674,0,0,0,1,0
802727,7675,0,0,0,1,0
802847,7676,0,0,0,1,0
802866,7677,0,0,1,0,0
803002,7678,0,0,0,1,0
803081,7679,0,0,1,0,0
803180,7680,0,0,0,1,0
803182,7681,0,0,1,0,0
803204,7682,0,0,1,0,0
803326,7683,0,0,0,1,0
803427,7684,0,0,0,1,0
803502,7685,0,0,1,0,0
803615,7686,0,0,0,1,0
803710,7687,0,0,0,1,0
803811,7688,0,0,0,1,0
803884,7689,0,0,1,0,0
803914,7690,0,0,1,0,0
804016,7691,0,0,0,1,0
804119,7692,0,0,0,1,0
804191,7693,0,0,1,0,0
804295,7694,0,0,0,1,0
804429,7695,0,0,0,1,0
804521,7696,0,0,1,0,0
804639,7697,0,0,0,1,0
804757,7698,0,0,0,1,0
804875,7699,0,0,0,1,0
804971,7700,0,0,0,1,0
805060,7701,0,0,0,1,0
805182,7702,0,0,0,1,0
805204,7703,0,0,1,0,0
805215,7704,0,0,1,0,0
805254,7705,0,0,1,0,0
805354,7706,0,0,0,1,0
805475,7707,0,0,1,0,0
805572,7708,0,0,0,1,0
805674,7709,0,0,0,1,0
805753,7710,0,0,1,0,0
805849,7711,0,0,0,1,0
805977,7712,0,0,0,1,0
805985,7713,0,0,1,0,0
806030,7714,0,0,1,0,0
806123,7715,0,0,0,1,0
806223,7716,0,0,0,1,0
806314,7717,0,0,1,0,0
806405,7718,0,0,0,1,0
806497,7719,0,0,0,1,0
806500,7720,0,0,1,0,0
806601,7721,0,0,0,1,0
806604,7722,0,0,1,0,0
806677,7723,0,0,1,0,0
806812,7724,0,0,0,1,0
806911,7725,0,0,0,1,0
807042,7726,0,0,0,1,0
807164,7727,0,0,0,1,0
807252,7728,0,0,0,1,0
807360,7729,0,0,0,1,0
807483,7730,0,0,0,1,0
807506,7731,0,0,1,0,0
807622,7732,0,0,0,1,0
807739,7733,0,0,1,0,0
807825,7734,0,0,0,1,0
807878,7735,0,0,1,0,0
807989,7736,0,0,0,1,0
808120,7737,0,0,0,1,0
808223,7738,0,0,0,1,0
808336,7739,0,0,0,1,0
808462,7740,0,0,0,1,0
808561,7741,0,0,0,1,0
808683,7742,0,0,0,1,0
808784,7743,0,0,0,1,0
808896,7744,0,0,0,1,0
808989,7745,0,0,0,1,0
809075,7746,0,0,0,1,0
809176,7747,0,0,0,1,0
809281,7748,0,0,0,1,0
809390,7749,0,0,0,1,0
809498,7750,0,0,0,1,0
809503,7751,1,0,0,0,0
809549,7752,0,0,1,0,0
809679,7753,0,0,0,1,0
809709,7754,0,0,1,0,0
809804,7755,0,0,0,1,0
809917,7756,0,0,0,1,0
810014,7757,0,0,0,1,0
810130,7758,0,0,0,1,0
810137,7759,0,0,1,0,0
810240,7760,0,0,0,1,0
810343,7761,0,0,0,1,0
810440,7762,0,0,1,0,0
810446,7763,0,0,1,0,0
810548,7764,0,0,1,0,0
810629,7765,0,0,1,0,0
810716,7766,0,0,0,1,0
810818,7767,0,0,0,1,0
810909,7768,0,0,0,1,0
810989,7769,0,0,1,0,0
811124,7770,0,0,0,1,0
811213,7771,0,0,0,1,0
811329,7772,0,0,0,1,0
811427,7773,0,0,0,1,0
811530,7774,0,0,0,1,0
811665,7775,0,0,0,1,0
811764,7776,0,0,0,1,0
811805,7777,0,0,1,0,0
811869,7778,0,0,1,0,0
811981,7779,0,0,0,1,0
812007,7780,0,0,1,0,0
812127,7781,0,0,0,1,0
812245,7782,0,0,0,1,0
812357,7783,0,0,0,1,0
812420,7784,0,0,1,0,0
812509,7785,0,0,0,1,0
812617,7786,0,0,0,1,0
812711,7787,0,0,0,1,0
812830,7788,0,0,0,1,0
812948,7789,0,0,0,1,0
812959,7790,0,0,1,0,0
813031,7791,0,0,1,0,0
813160,7792,0,0,0,1,0
813214,7793,0,0,1,0,0
813332,7794,0,0,0,1,0
813439,7795,0,0,0,1,0
813525,7796,0,0,0,1,0
813558,7797,0,0,1,0,0
813648,7798,0,0,0,1,0
813734,7799,0,0,0,1,0
813743,7800,0,0,1,0,0
813855,7801,0,0,0,1,0
813946,7802,0,0,0,1,0
814045,7803,0,0,0,1,0
814125,7804,0,0,1,0,0
814236,7805,0,0,0,1,0
814282,7806,1,0,0,0,0
814407,7807,0,0,0,1,0
814496,7808,0,0,0,1,0
814590,7809,0,0,0,1,0
814722,7810,0,0,0,1,0
814812,7811,0,0,0,1,0
814839,7812,0,0,1,0,0
814899,7813,0,0,1,0,0
814997,7814,0,0,0,1,0
815130,7815,0,0,0,1,0
815232,7816,0,0,1,0,0
815326,7817,0,0,0,1,0
815377,7818,0,0,1,0,0
815412,7819,0,0,1,0,0
815517,7820,0,0,0,1,0
815626,7821,0,0,0,1,0
815668,7822,0,0,1,0,0
815672,7823,0,0,1,0,0
815775,7824,0,0,0,1,0
815858,7825,0,0,1,0,0
815979,7826,0,0,0,1,0
816096,7827,0,0,0,1,0
816208,7828,0,0,1,0,0
816262,7829,0,0,1,0,0
816379,7830,0,0,0,1,0
816387,7831,0,0,1,0,0
816434,7832,0,0,1,0,0
816549,7833,0,0,0,1,0
816688,7834,0,0,0,1,0
816792,7835,0,0,0,1,0
816914,7836,0,0,0,1,0
817028,7837,0,0,0,1,0
817141,7838,0,0,0,1,0
817235,7839,0,0,0,1,0
817256,7840,0,0,1,0,0
817326,7841,0,0,1,0,0
817341,7842,0,0,1,0,0
817396,7843,0,0,1,0,0
817436,7844,0,0,1,0,0
817544,7845,0,0,0,1,0
817608,7846,0,0,1,0,0
817723,7847,0,0,0,1,0
817850,7848,0,0,0,1,0
817966,7849,0,0,0,1,0
818057,7850,0,0,0,1,0
818181,7851,0,0,1,0,0
818266,7852,0,0,0,1,0
818355,7853,0,0,0,1,0
818457,7854,0,0,0,1,0
818574,7855,0,0,1,0,0
818659,7856,0,0,1,0,0
818800,7857,0,0,0,1,0
818805,7858,0,0,1,0,0
818820,7859,0,0,1,0,0
818947,7860,0,0,0,1,0
819080,7861,0,0,0,1,0
819174,7862,0,0,0,1,0
819267,7863,0,0,0,1,0
819402,7864,0,0,0,1,0
819404,7865,1,0,0,0,0
819429,7866,0,0,1,0,0
819528,7867,0,0,0,1,0
819558,7868,0,0,1,0,0
819654,7869,0,0,0,1,0
819775,7870,0,0,0,1,0
819890,7871,0,0,0,1,0
819978,7872,0,0,1,0,0
820118,7873,0,0,0,1,0
820159,7874,0,0,1,0,0
820273,7875,0,0,0,1,0
820379,7876,0,0,0,1,0
820386,7877,0,0,1,0,0
820477,7878,0,0,0,1,0
820607,7879,0,0,0,1,0
820753,7880,0,0,0,1,0
820758,7881,1,0,0,0,0
820795,7882,0,0,1,0,0
820859,7883,0,0,1,0,0
820891,7884,0,0,1,0,0
820992,7885,0,0,0,1,0
821098,7886,0,0,0,1,0
821132,7887,0,0,1,0,0
821258,7888,0,0,0,1,0
821381,7889,0,0,0,1,0
821489,7890,0,0,0,1,0
821580,7891,0,0,0,1,0
821646,7892,0,0,1,0,0
821741,7893,0,0,0,1,0
821833,7894,0,0,0,1,0
821954,7895,0,0,0,1,0
822031,7896,0,0,1,0,0
822144,7897,0,0,0,1,0
822180,7898,0,0,1,0,0
822312,7899,0,0,0,1,0
822399,7900,0,0,0,1,0
822519,7901,0,0,0,1,0
822622,7902,0,0,0,1,0
822670,7903,0,0,1,0,0
822766,7904,0,0,0,1,0
822888,7905,0,0,0,1,0
822937,7906,0,0,1,0,0
822949,7907,0,0,1,0,0
823074,7908,0,0,0,1,0
823213,7909,0,0,0,1,0
823227,7910,0,0,1,0,0
823237,7911,0,0,1,0,0
823331,7912,0,0,0,1,0
823356,7913,0,0,1,0,0
823468,7914,0,0,0,1,0
823543,7915,0,0,1,0,0
823671,7916,0,0,0,1,0
823700,7917,0,0,1,0,0
823827,7918,0,0,0,1,0
823850,7919,0,0,1,0,0
823972,7920,0,0,0,1,0
824068,7921,0,0,1,0,0
824097,7922,0,0,1,0,0
824222,7923,0,0,0,1,0
824293,7924,0,0,1,0,0
824401,7925,0,0,1,0,0
824502,7926,0,0,0,1,0
824576,7927,0,0,1,0,0
824663,7928,0,0,1,0,0
824754,7929,0,0,1,0,0
824853,7930,0,0,0,1,0
824908,7931,0,0,1,0,0
824989,7932,0,0,1,0,0
825083,7933,0,0,1,0,0
825209,7934,0,0,1,0,0
825315,7935,0,0,0,1,0
825440,7936,0,0,0,1,0
825510,7937,0,0,1,0,0
825533,7938,0,0,1,0,0
825669,7939,0,0,0,1,0
825787,7940,0,0,0,1,0
825901,7941,0,0,0,1,0
825990,7942,0,0,0,1,0
826084,7943,0,0,1,0,0
826202,7944,0,0,0,1,0
826318,7945,0,0,0,1,0
826453,7946,0,0,0,1,0
826469,7947,0,0,1,0,0
826557,7948,0,0,0,1,0
826660,7949,0,0,0,1,0
826754,7950,0,0,0,1,0
826872,7951,0,0,0,1,0
826974,7952,0,0,0,1,0
827067,7953,0,0,0,1,0
827118,7954,0,0,1,0,0
827207,7955,0,0,0,1,0
827349,7956,0,0,0,1,0
827474,7957,0,0,0,1,0
827498,7958,0,0,1,0,0
827606,7959,0,0,0,1,0
827615,7960,0,0,1,0,0
827716,7961,0,0,0,1,0
827862,7962,0,0,0,1,0
827888,7963,0,0,1,0,0
827981,7964,0,0,1,0,0
827985,7965,0,0,1,0,0
828078,7966,0,0,0,1,0
828104,7967,0,0,1,0,0
828137,7968,0,0,1,0,0
828230,7969,0,0,0,1,0
828360,7970,0,0,0,1,0
828434,7971,0,0,1,0,0
828556,7972,0,0,0,1,0
828663,7973,0,0,0,1,0
828773,7974,0,0,0,1,0
828861,7975,0,0,0,1,0
828914,7976,0,0,1,0,0
828958,7977,0,0,1,0,0
828962,7978,1,0,0,0,0
829065,7979,0,0,0,1,0
829175,7980,0,0,0,1,0
829261,7981,0,0,0,1,0
829361,7982,0,0,0,1,0
829462,7983,0,0,0,1,0
829558,7984,0,0,0,1,0
829695,7985,0,0,0,1,0
829742,7986,0,0,1,0,0
829830,7987,0,0,1,0,0
829953,7988,0,0,0,1,0
830028,7989,0,0,1,0,0
830033,7990,0,0,1,0,0
830155,7991,0,0,0,1,0
830273,7992,0,0,0,1,0
830386,7993,0,0,0,1,0
830388,7994,0,0,1,0,0
830471,7995,0,0,1,0,0
830528,7996,0,0,1,0,0
830616,7997,0,0,1,0,0
830705,7998,0,0,0,1,0
830820,7999,0,0,0,1,0
830914,8000,0,0,0,1,0
831017,8001,0,0,0,1,0
831101,8002,0,0,0,1,0
831227,8003,0,0,0,1,0
831324,8004,0,0,0,1,0
831364,8005,0,0,1,0,0
831493,8006,0,0,0,1,0
831498,8007,1,0,0,0,0
831602,8008,0,0,0,1,0
831617,8009,0,0,1,0,0
831729,8010,0,0,1,0,0
831794,8011,0,0,1,0,0
831854,8012,0,0,1,0,0
831943,8013,0,0,0,1,0
832018,8014,0,0,1,0,0
832053,8015,0,0,1,0,0
832058,8016,1,0,0,0,0
832160,8017,0,0,0,1,0
832276,8018,0,0,0,1,0
832377,8019,0,0,0,1,0
832402,8020,0,0,1,0,0
832522,8021,0,0,0,1,0
832631,8022,0,0,0,1,0
832746,8023,0,0,0,1,0
832835,8024,0,0,0,1,0
832954,8025,0,0,0,1,0
833068,8026,0,0,0,1,0
833187,8027,0,0,0,1,0
833207,8028,0,0,1,0,0
833302,8029,0,0,0,1,0
833428,8030,0,0,0,1,0
833546,8031,0,0,0,1,0
833660,8032,0,0,0,1,0
833769,8033,0,0,1,0,0
833891,8034,0,0,0,1,0
834002,8035,0,0,0,1,0
834032,8036,0,0,1,0,0
834138,8037,0,0,0,1,0
834236,8038,0,0,0,1,0
834309,8039,0,0,1,0,0
834430,8040,0,0,0,1,0
834540,8041,0,0,0,1,0
834590,8042,0,0,1,0,0
834606,8043,0,0,1,0,0
834610,8044,0,0,1,0,0
834719,8045,0,0,0,1,0
834852,8046,0,0,0,1,0
834983,8047,0,0,0,1,0
835019,8048,0,0,1,0,0
835024,8049,0,0,1,0,0
835151,8050,0,0,0,1,0
835282,8051,0,0,0,1,0
835403,8052,0,0,0,1,0
835542,8053,0,0,0,1,0
835649,8054,0,0,0,1,0
835796,8055,0,0,0,1,0
835898,8056,0,0,0,1,0
836035,8057,0,0,0,1,0
836096,8058,0,0,1,0,0
836173,8059,0,0,1,0,0
836262,8060,0,0,1,0,0
836278,8061,0,0,1,0,0
836300,8062,0,0,1,0,0
836374,8063,0,0,1,0,0
836488,8064,0,0,0,1,0
836546,8065,0,0,1,0,0
836634,8066,0,0,0,1,0
836743,8067,0,0,0,1,0
836832,8068,0,0,0,1,0
836954,8069,0,0,0,1,0
837050,8070,0,0,0,1,0
837146,8071,0,0,0,1,0
837247,8072,0,0,0,1,0
837319,8073,0,0,1,0,0
837419,8074,0,0,0,1,0
837425,8075,0,0,1,0,0
837469,8076,0,0,1,0,0
837510,8077,0,0,1,0,0
837527,8078,0,0,1,0,0
837650,8079,0,0,0,1,0
837785,8080,0,0,0,1,0
837878,8081,0,0,1,0,0
838006,8082,0,0,0,1,0
838109,8083,0,0,0,1,0
838131,8084,0,0,1,0,0
838261,8085,0,0,0,1,0
838394,8086,0,0,0,1,0
838526,8087,0,0,0,1,0
838631,8088,0,0,0,1,0
838755,8089,0,0,0,1,0
838783,8090,0,0,1,0,0
838904,8091,0,0,0,1,0
838988,8092,0,0,0,1,0
839076,8093,0,0,0,1,0
839170,8094,0,0,0,1,0
839290,8095,0,0,0,1,0
839386,8096,0,0,0,1,0
839498,8097,0,0,0,1,0
839604,8098,0,0,0,1,0
839692,8099,0,0,1,0,0
839828,8100,0,0,0,1,0
839930,8101,0,0,0,1,0
840045,8102,0,0,0,1,0
840054,8103,0,0,1,0,0
840190,8104,0,0,0,1,0
840316,8105,0,0,0,1,0
840382,8106,0,0,1,0,0
840398,8107,0,0,1,0,0
840414,8108,0,0,1,0,0
840540,8109,0,0,0,1,0
840626,8110,0,0,0,1,0
840716,8111,0,0,0,1,0
840856,8112,0,0,0,1,0
840974,8113,0,0,1,0,0
841092,8114,0,0,0,1,0
841224,8115,0,0,0,1,0
841329,8116,0,0,1,0,0
841429,8117,0,0,0,1,0
841519,8118,0,0,0,1,0
841613,8119,0,0,0,1,0
841622,8120,0,0,1,0,0
841724,8121,0,0,1,0,0
841833,8122,0,0,0,1,0
841843,8123,0,0,1,0,0
841868,8124,0,0,1,0,0
841871,8125,0,0,1,0,0
841976,8126,0,0,0,1,0
842002,8127,0,0,1,0,0
842101,8128,0,0,0,1,0
842128,8129,0,0,1,0,0
842189,8130,0,0,1,0,0
842320,8131,0,0,0,1,0
842448,8132,0,0,0,1,0
842460,8133,0,0,1,0,0
842531,8134,0,0,1,0,0
842665,8135,0,0,0,1,0
842793,8136,0,0,0,1,0
842828,8137,0,0,1,0,0
842927,8138,0,0,1,0,0
843039,8139,0,0,0,1,0
843116,8140,0,0,1,0,0
843234,8141,0,0,0,1,0
843266,8142,0,0,1,0,0
843412,8143,0,0,0,1,0
843512,8144,0,0,0,1,0
843629,8145,0,0,0,1,0
843712,8146,0,0,0,1,0
843713,8147,0,0,1,0,0
843804,8148,0,0,1,0,0
843900,8149,0,0,0,1,0
844027,8150,0,0,0,1,0
844144,8151,0,0,0,1,0
844263,8152,0,0,0,1,0
844386,8153,0,0,0,1,0
844415,8154,0,0,1,0,0
844507,8155,0,0,0,1,0
844616,8156,0,0,0,1,0
844644,8157,0,0,1,0,0
844733,8158,0,0,0,1,0
844840,8159,0,0,0,1,0
844931,8160,0,0,0,1,0
844948,8161,0,0,1,0,0
845057,8162,0,0,0,1,0
845175,8163,0,0,0,1,0
845306,8164,0,0,1,0,0
845412,8165,0,0,0,1,0
845502,8166,0,0,0,1,0
845610,8167,0,0,0,1,0
845675,8168,0,0,1,0,0
845787,8169,0,0,0,1,0
845884,8170,0,0,0,1,0
846005,8171,0,0,1,0,0
846076,8172,0,0,1,0,0
846137,8173,0,0,1,0,0
846262,8174,0,0,0,1,0
846360,8175,0,0,1,0,0
846455,8176,0,0,0,1,0
846506,8177,0,0,1,0,0
846545,8178,0,0,1,0,0
846634,8179,0,0,0,1,0
846732,8180,0,0,0,1,0
846820,8181,0,0,1,0,0
846911,8182,0,0,0,1,0
847022,8183,0,0,0,1,0
847151,8184,0,0,0,1,0
847268,8185,0,0,0,1,0
847380,8186,0,0,0,1,0
847478,8187,0,0,1,0,0
847541,8188,0,0,1,0,0
847650,8189,0,0,1,0,0
847728,8190,0,0,1,0,0
847812,8191,0,0,1,0,0
847937,8192,0,0,0,1,0
848039,8193,0,0,1,0,0
848070,8194,0,0,1,0,0
848174,8195,0,0,0,1,0
848301,8196,0,0,0,1,0
848308,8197,0,0,1,0,0
848312,8198,1,0,0,0,0
848413,8199,0,0,0,1,0
848515,8200,0,0,0,1,0
848521,8201,0,0,1,0,0
848624,8202,0,0,0,1,0
848737,8203,0,0,0,1,0
848768,8204,0,0,1,0,0
848781,8205,0,0,1,0,0
848875,8206,0,0,0,1,0
848977,8207,0,0,1,0,0
849068,8208,0,0,0,1,0
849158,8209,0,0,1,0,0
849211,8210,0,0,1,0,0
849303,8211,0,0,0,1,0
849417,8212,0,0,0,1,0
849532,8213,0,0,0,1,0
849612,8214,0,0,1,0,0
849708,8215,0,0,0,1,0
849783,8216,0,0,1,0,0
849913,8217,0,0,0,1,0
850011,8218,0,0,0,1,0
850122,8219,0,0,0,1,0
850233,8220,0,0,0,1,0
850349,8221,0,0,0,1,0
850379,8222,0,0,1,0,0
850469,8223,0,0,0,1,0
850591,8224,0,0,1,0,0
850729,8225,0,0,0,1,0
850831,8226,0,0,0,1,0
850940,8227,0,0,1,0,0
851074,8228,0,0,0,1,0
851202,8229,0,0,0,1,0
851302,8230,0,0,0,1,0
851359,8231,0,0,1,0,0
851459,8232,0,0,0,1,0
851564,8233,0,0,0,1,0
851699,8234,0,0,0,1,0
851803,8235,0,0,1,0,0
851908,8236,0,0,0,1,0
852014,8237,0,0,0,1,0
852103,8238,0,0,0,1,0
852139,8239,0,0,1,0,0
852157,8240,0,0,1,0,0
852279,8241,0,0,0,1,0
852370,8242,0,0,1,0,0
852498,8243,0,0,0,1,0
852600,8244,0,0,0,1,0
852720,8245,0,0,0,1,0
852833,8246,0,0,0,1,0
852958,8247,0,0,0,1,0
853065,8248,0,0,0,1,0
853154,8249,0,0,0,1,0
853271,8250,0,0,0,1,0
853381,8251,0,0,0,1,0
853406,8252,0,0,1,0,0
853445,8253,0,0,1,0,0
853524,8254,0,0,1,0,0
853616,8255,0,0,0,1,0
853668,8256,0,0,1,0,0
853760,8257,0,0,0,1,0
853775,8258,0,0,1,0,0
853894,8259,0,0,1,0,0
853903,8260,0,0,1,0,0
854001,8261,0,0,0,1,0
854105,8262,0,0,0,1,0
854171,8263,0,0,1,0,0
854261,8264,0,0,0,1,0
854368,8265,0,0,0,1,0
854466,8266,0,0,0,1,0
854568,8267,0,0,1,0,0
854632,8268,0,0,1,0,0
854724,8269,0,0,0,1,0
854808,8270,0,0,0,1,0
854937,8271,0,0,0,1,0
855052,8272,0,0,0,1,0
855094,8273,0,0,1,0,0
855198,8274,0,0,0,1,0
855284,8275,0,0,0,1,0
855376,8276,0,0,0,1,0
855483,8277,0,0,0,1,0
855554,8278,0,0,1,0,0
855652,8279,0,0,0,1,0
855726,8280,0,0,1,0,0
855812,8281,0,0,0,1,0
855920,8282,0,0,0,1,0
856025,8283,0,0,0,1,0
856119,8284,0,0,0,1,0
856188,8285,0,0,1,0,0
856276,8286,0,0,0,1,0
856353,8287,0,0,1,0,0
856481,8288,0,0,0,1,0
856519,8289,0,0,1,0,0
856645,8290,0,0,0,1,0
856648,8291,0,0,1,0,0
856770,8292,0,0,0,1,0
856872,8293,0,0,0,1,0
856945,8294,0,0,1,0,0
857043,8295,0,0,1,0,0
857152,8296,0,0,0,1,0
857262,8297,0,0,0,1,0
857363,8298,0,0,0,1,0
857495,8299,0,0,0,1,0
857528,8300,0,0,1,0,0
857628,8301,0,0,0,1,0
857699,8302,0,0,1,0,0
857728,8303,0,0,1,0,0
857805,8304,0,0,1,0,0
857903,8305,0,0,0,1,0
857963,8306,0,0,1,0,0
858092,8307,0,0,0,1,0
858163,8308,0,0,1,0,0
858282,8309,0,0,0,1,0
858369,8310,0,0,1,0,0
858496,8311,0,0,0,1,0
858597,8312,0,0,0,1,0
858714,8313,0,0,0,1,0
858832,8314,0,0,0,1,0
858915,8315,0,0,0,1,0
859033,8316,0,0,0,1,0
859054,8317,0,0,1,0,0
859163,8318,0,0,0,1,0
859261,8319,0,0,0,1,0
859364,8320,0,0,0,1,0
859479,8321,0,0,0,1,0
859593,8322,0,0,0,1,0
859708,8323,0,0,0,1,0
859750,8324,0,0,1,0,0
859861,8325,0,0,0,1,0
859971,8326,0,0,0,1,0
860084,8327,0,0,0,1,0
860188,8328,0,0,0,1,0
860282,8329,0,0,0,1,0
860423,8330,0,0,0,1,0
860542,8331,0,0,0,1,0
860668,8332,0,0,0,1,0
860691,8333,0,0,1,0,0
860776,8334,0,0,0,1,0
860878,8335,0,0,0,1,0
860976,8336,0,0,0,1,0
861093,8337,0,0,0,1,0
861107,8338,0,0,1,0,0
861212,8339,0,0,0,1,0
861315,8340,0,0,0,1,0
861439,8341,0,0,0,1,0
861467,8342,0,0,1,0,0
861531,8343,0,0,1,0,0
861655,8344,0,0,0,1,0
861778,8345,0,0,0,1,0
861892,8346,0,0,0,1,0
861987,8347,0,0,0,1,0
862097,8348,0,0,0,1,0
862223,8349,0,0,0,1,0
862361,8350,0,0,0,1,0
862467,8351,0,0,0,1,0
862487,8352,0,0,1,0,0
862522,8353,0,0,1,0,0
862612,8354,0,0,0,1,0
862705,8355,0,0,0,1,0
862815,8356,0,0,0,1,0
862906,8357,0,0,0,1,0
863001,8358,0,0,0,1,0
863115,8359,0,0,0,1,0
863231,8360,0,0,0,1,0
863336,8361,0,0,0,1,0
863438,8362,0,0,0,1,0
863542,8363,0,0,0,1,0
863606,8364,0,0,1,0,0
863661,8365,0,0,1,0,0
863684,8366,0,0,1,0,0
863746,8367,0,0,1,0,0
863837,8368,0,0,0,1,0
863961,8369,0,0,0,1,0
864051,8370,0,0,0,1,0
864169,8371,0,0,0,1,0
864296,8372,0,0,0,1,0
864395,8373,0,0,0,1,0
864515,8374,0,0,0,1,0
864638,8375,0,0,0,1,0
864742,8376,0,0,0,1,0
864829,8377,0,0,0,1,0
864935,8378,0,0,0,1,0
864997,8379,0,0,1,0,0
865086,8380,0,0,0,1,0
865118,8381,0,0,1,0,0
865224,8382,0,0,0,1,0
865357,8383,0,0,0,1,0
865434,8384,0,0,1,0,0
865471,8385,0,0,1,0,0
865519,8386,0,0,1,0,0
865611,8387,0,0,0,1,0
865703,8388,0,0,0,1,0
865828,8389,0,0,0,1,0
865896,8390,0,0,1,0,0
865913,8391,0,0,1,0,0
866041,8392,0,0,0,1,0
866152,8393,0,0,0,1,0
866178,8394,0,0,1,0,0
866211,8395,0,0,1,0,0
866212,8396,0,0,1,0,0
866276,8397,0,0,1,0,0
866381,8398,0,0,0,1,0
866492,8399,0,0,0,1,0
866603,8400,0,0,0,1,0
866724,8401,0,0,0,1,0
866810,8402,0,0,1,0,0
866910,8403,0,0,0,1,0
867017,8404,0,0,0,1,0
867116,8405,0,0,0,1,0
867240,8406,0,0,0,1,0
867338,8407,0,0,0,1,0
867446,8408,0,0,0,1,0
867540,8409,0,0,0,1,0
867582,8410,0,0,1,0,0
867674,8411,0,0,1,0,0
867717,8412,0,0,1,0,0
867723,8413,0,0,1,0,0
867810,8414,0,0,0,1,0
867882,8415,0,0,1,0,0
867952,8416,0,0,1,0,0
868066,8417,0,0,0,1,0
868188,8418,0,0,0,1,0
868303,8419,0,0,0,1,0
868408,8420,0,0,0,1,0
868538,8421,0,0,0,1,0
868647,8422,0,0,0,1,0
868747,8423,0,0,0,1,0
868791,8424,0,0,1,0,0
868890,8425,0,0,0,1,0
868963,8426,0,0,1,0,0
869079,8427,0,0,0,1,0
869146,8428,0,0,1,0,0
869238,8429,0,0,0,1,0
869311,8430,0,0,1,0,0
869405,8431,0,0,0,1,0
869522,8432,0,0,0,1,0
869634,8433,0,0,0,1,0
869656,8434,0,0,1,0,0
869723,8435,0,0,1,0,0
869846,8436,0,0,0,1,0
869936,8437,0,0,0,1,0
870029,8438,0,0,0,1,0
870137,8439,0,0,0,1,0
870150,8440,0,0,1,0,0
870278,8441,0,0,0,1,0
870399,8442,0,0,0,1,0
870454,8443,0,0,1,0,0
870594,8444,0,0,0,1,0
870697,8445,0,0,0,1,0
870708,8446,0,0,1,0,0
870796,8447,0,0,0,1,0
870830,8448,0,0,1,0,0
870927,8449,0,0,1,0,0
870956,8450,0,0,1,0,0
871073,8451,0,0,0,1,0
871195,8452,0,0,0,1,0
871294,8453,0,0,0,1,0
871326,8454,0,0,1,0,0
871447,8455,0,0,0,1,0
871568,8456,0,0,0,1,0
871686,8457,0,0,0,1,0
871775,8458,0,0,0,1,0
871897,8459,0,0,0,1,0
872028,8460,0,0,0,1,0
872136,8461,0,0,0,1,0
872220,8462,0,0,0,1,0
872308,8463,0,0,0,1,0
872427,8464,0,0,0,1,0
872525,8465,0,0,0,1,0
872641,8466,0,0,0,1,0
872738,8467,0,0,0,1,0
872797,8468,0,0,1,0,0
872828,8469,0,0,1,0,0
872936,8470,0,0,0,1,0
873079,8471,0,0,0,1,0
873179,8472,0,0,0,1,0
873314,8473,0,0,0,1,0
873403,8474,0,0,0,1,0
873521,8475,0,0,0,1,0
873613,8476,0,0,0,1,0
873621,8477,0,0,1,0,0
873723,8478,0,0,0,1,0
873731,8479,0,0,1,0,0
873826,8480,0,0,0,1,0
873929,8481,0,0,0,1,0
874045,8482,0,0,0,1,0
874153,8483,0,0,0,1,0
874239,8484,0,0,0,1,0
874335,8485,0,0,1,0,0
874443,8486,0,0,1,0,0
874575,8487,0,0,0,1,0
874674,8488,0,0,0,1,0
874786,8489,0,0,0,1,0
874923,8490,0,0,0,1,0
875033,8491,0,0,0,1,0
875152,8492,0,0,0,1,0
875241,8493,0,0,1,0,0
875344,8494,0,0,0,1,0
875466,8495,0,0,0,1,0
875573,8496,0,0,0,1,0
875663,8497,0,0,0,1,0
875773,8498,0,0,0,1,0
875877,8499,0,0,0,1,0
875973,8500,0,0,0,1,0
876020,8501,0,0,1,0,0
876142,8502,0,0,0,1,0
876270,8503,0,0,0,1,0
876373,8504,0,0,0,1,0
876469,8505,0,0,0,1,0
876577,8506,0,0,0,1,0
876664,8507,0,0,1,0,0
876751,8508,0,0,0,1,0
876877,8509,0,0,0,1,0
876966,8510,0,0,0,1,0
877055,8511,0,0,1,0,0
877139,8512,0,0,1,0,0
877222,8513,0,0,0,1,0
877356,8514,0,0,0,1,0
877373,8515,0,0,1,0,0
877404,8516,0,0,1,0,0
877519,8517,0,0,0,1,0
877652,8518,0,0,0,1,0
877666,8519,0,0,1,0,0
877756,8520,0,0,0,1,0
877857,8521,0,0,0,1,0
877980,8522,0,0,0,1,0
878067,8523,0,0,0,1,0
878177,8524,0,0,0,1,0
878280,8525,0,0,0,1,0
878299,8526,0,0,1,0,0
878382,8527,0,0,0,1,0
878516,8528,0,0,0,1,0
878626,8529,0,0,0,1,0
878740,8530,0,0,0,1,0
878824,8531,0,0,0,1,0
878825,8532,0,0,1,0,0
878916,8533,0,0,0,1,0
878971,8534,0,0,1,0,0
879109,8535,0,0,0,1,0
879195,8536,0,0,0,1,0
879296,8537,0,0,0,1,0
879407,8538,0,0,0,1,0
879421,8539,0,0,1,0,0
879531,8540,0,0,0,1,0
879627,8541,0,0,0,1,0
879740,8542,0,0,0,1,0
879857,8543,0,0,0,1,0
879970,8544,0,0,1,0,0
879975,8545,0,0,1,0,0
880074,8546,0,0,0,1,0
880130,8547,0,0,1,0,0
880256,8548,0,0,1,0,0
880382,8549,0,0,0,1,0
880414,8550,0,0,1,0,0
880422,8551,0,0,1,0,0
880495,8552,0,0,1,0,0
880608,8553,0,0,0,1,0
880740,8554,0,0,0,1,0
880859,8555,0,0,0,1,0
880986,8556,0,0,0,1,0
881028,8557,0,0,1,0,0
881122,8558,0,0,1,0,0
881215,8559,0,0,0,1,0
881313,8560,0,0,0,1,0
881428,8561,0,0,0,1,0
881545,8562,0,0,1,0,0
881574,8563,0,0,1,0,0
881581,8564,0,0,1,0,0
881585,8565,0,0,1,0,0
881619,8566,0,0,1,0,0
881722,8567,0,0,0,1,0
881727,8568,1,0,0,0,0
881848,8569,0,0,0,1,0
881947,8570,0,0,0,1,0
882044,8571,0,0,0,1,0
882140,8572,0,0,0,1,0
882258,8573,0,0,0,1,0
882380,8574,0,0,0,1,0
882409,8575,0,0,1,0,0
882527,8576,0,0,0,1,0
882572,8577,0,0,1,0,0
882677,8578,0,0,0,1,0
882714,8579,0,0,1,0,0
882727,8580,0,0,1,0,0
882730,8581,1,0,0,0,0
882739,8582,0,0,1,0,0
882836,8583,0,0,0,1,0
882946,8584,0,0,0,1,0
883080,8585,0,0,0,1,0
883092,8586,0,0,1,0,0
883154,8587,0,0,1,0,0
883244,8588,0,0,0,1,0
883345,8589,0,0,0,1,0
883406,8590,0,0,1,0,0
883504,8591,0,0,0,1,0
883600,8592,0,0,0,1,0
883740,8593,0,0,0,1,0
883832,8594,0,0,0,1,0
883939,8595,0,0,0,1,0
883992,8596,0,0,1,0,0
884006,8597,0,0,1,0,0
884126,8598,0,0,0,1,0
884141,8599,0,0,1,0,0
884241,8600,0,0,0,1,0
884258,8601,0,0,1,0,0
884332,8602,0,0,1,0,0
884382,8603,0,0,1,0,0
884494,8604,0,0,0,1,0
884593,8605,0,0,0,1,0
884733,8606,0,0,0,1,0
884826,8607,0,0,0,1,0
884956,8608,0,0,0,1,0
884972,8609,0,0,1,0,0
885058,8610,0,0,0,1,0
885174,8611,0,0,0,1,0
885301,8612,0,0,0,1,0
885379,8613,0,0,1,0,0
885397,8614,0,0,1,0,0
885482,8615,0,0,0,1,0
885538,8616,0,0,1,0,0
885558,8617,0,0,1,0,0
885647,8618,0,0,0,1,0
885729,8619,0,0,1,0,0
885830,8620,0,0,0,1,0
885939,8621,0,0,0,1,0
885968,8622,0,0,1,0,0
886090,8623,0,0,0,1,0
886198,8624,0,0,0,1,0
886290,8625,0,0,1,0,0
886436,8626,0,0,0,1,0
886533,8627,0,0,0,1,0
886564,8628,0,0,1,0,0
886593,8629,0,0,1,0,0
886699,8630,0,0,0,1,0
886818,8631,0,0,0,1,0
886853,8632,0,0,1,0,0
886914,8633,0,0,1,0,0
886969,8634,0,0,1,0,0
887066,8635,0,0,0,1,0
887193,8636,0,0,0,1,0
887288,8637,0,0,0,1,0
887290,8638,0,0,1,0,0
887402,8639,0,0,0,1,0
887517,8640,0,0,0,1,0
887621,8641,0,0,0,1,0
887713,8642,0,0,1,0,0
887750,8643,0,0,1,0,0
887839,8644,0,0,0,1,0
887955,8645,0,0,0,1,0
888055,8646,0,0,0,1,0
888160,8647,0,0,0,1,0
888270,8648,0,0,1,0,0
888362,8649,0,0,0,1,0
888460,8650,0,0,0,1,0
888537,8651,0,0,1,0,0
888651,8652,0,0,0,1,0
888753,8653,0,0,0,1,0
888884,8654,0,0,0,1,0
888929,8655,0,0,1,0,0
889048,8656,0,0,0,1,0
889100,8657,0,0,1,0,0
889200,8658,0,0,0,1,0
889295,8659,0,0,0,1,0
889415,8660,0,0,0,1,0
889467,8661,0,0,1,0,0
889567,8662,0,0,0,1,0
889669,8663,0,0,0,1,0
889701,8664,0,0,1,0,0
889768,8665,0,0,1,0,0
889796,8666,0,0,1,0,0
889893,8667,0,0,0,1,0
889987,8668,0,0,0,1,0
890077,8669,0,0,0,1,0
890207,8670,0,0,0,1,0
890303,8671,0,0,1,0,0
890428,8672,0,0,0,1,0
890557,8673,0,0,0,1,0
890582,8674,0,0,1,0,0
890685,8675,0,0,0,1,0
890780,8676,0,0,0,1,0
890874,8677,0,0,0,1,0
890978,8678,0,0,0,1,0
890989,8679,0,0,1,0,0
891050,8680,0,0,1,0,0
891147,8681,0,0,0,1,0
891243,8682,0,0,0,1,0
891346,8683,0,0,0,1,0
891452,8684,0,0,0,1,0
891522,8685,0,0,1,0,0
891612,8686,0,0,0,1,0
891685,8687,0,0,1,0,0
891778,8688,0,0,0,1,0
891867,8689,0,0,1,0,0
891972,8690,0,0,0,1,0
892058,8691,0,0,0,1,0
892149,8692,0,0,0,1,0
892283,8693,0,0,1,0,0
892380,8694,0,0,1,0,0
892384,8695,0,0,1,0,0
892470,8696,0,0,0,1,0
892590,8697,0,0,0,1,0
892679,8698,0,0,0,1,0
892774,8699,0,0,1,0,0
892891,8700,0,0,0,1,0
892986,8701,0,0,0,1,0
893086,8702,0,0,0,1,0
893197,8703,0,0,0,1,0
893287,8704,0,0,0,1,0
893401,8705,0,0,0,1,0
893516,8706,0,0,0,1,0
893578,8707,0,0,1,0,0
893692,8708,0,0,0,1,0
893787,8709,0,0,0,1,0
893823,8710,0,0,1,0,0
893929,8711,0,0,0,1,0
894045,8712,0,0,0,1,0
894128,8713,0,0,1,0,0
894152,8714,0,0,1,0,0
894281,8715,0,0,0,1,0
894404,8716,0,0,0,1,0
894532,8717,0,0,0,1,0
894554,8718,0,0,1,0,0
894558,8719,0,0,1,0,0
894700,8720,0,0,0,1,0
894795,8721,0,0,0,1,0
894928,8722,0,0,0,1,0
895028,8723,0,0,0,1,0
895158,8724,0,0,0,1,0
895264,8725,0,0,0,1,0
895368,8726,0,0,1,0,0
895464,8727,0,0,0,1,0
895514,8728,0,0,1,0,0
895634,8729,0,0,0,1,0
895740,8730,0,0,0,1,0
895761,8731,0,0,1,0,0
895875,8732,0,0,0,1,0
895971,8733,0,0,0,1,0
896072,8734,0,0,1,0,0
896185,8735,0,0,0,1,0
896280,8736,0,0,0,1,0
896410,8737,0,0,0,1,0
896424,8738,0,0,1,0,0
896526,8739,0,0,0,1,0
896618,8740,0,0,0,1,0
896686,8741,0,0,1,0,0
896781,8742,0,0,0,1,0
896908,8743,0,0,0,1,0
897010,8744,0,0,1,0,0
897102,8745,0,0,1,0,0
897138,8746,0,0,1,0,0
897230,8747,0,0,0,1,0
897260,8748,0,0,1,0,0
897378,8749,0,0,0,1,0
897408,8750,0,0,1,0,0
897492,8751,0,0,1,0,0
897544,8752,0,0,1,0,0
897669,8753,0,0,0,1,0
897740,8754,0,0,1,0,0
897774,8755,0,0,1,0,0
897873,8756,0,0,0,1,0
897974,8757,0,0,0,1,0
898023,8758,0,0,1,0,0
898091,8759,0,0,1,0,0
898215,8760,0,0,0,1,0
898347,8761,0,0,0,1,0
898442,8762,0,0,0,1,0
898572,8763,0,0,0,1,0
898678,8764,0,0,0,1,0
898760,8765,0,0,1,0,0
898865,8766,0,0,0,1,0
898981,8767,0,0,0,1,0
899000,8768,0,0,1,0,0
899110,8769,0,0,0,1,0
899136,8770,0,0,1,0,0
899187,8771,0,0,1,0,0
899311,8772,0,0,0,1,0
899432,8773,0,0,0,1,0
899457,8774,0,0,1,0,0
899571,8775,0,0,0,1,0
899658,8776,0,0,0,1,0
899773,8777,0,0,0,1,0
899864,8778,0,0,1,0,0
899969,8779,0,0,0,1,0
900048,8780,0,0,1,0,0
900139,8781,0,0,0,1,0
900188,8782,0,0,1,0,0
900298,8783,0,0,0,1,0
900443,8784,0,0,1,0,0
900540,8785,0,0,1,0,0
900642,8786,0,0,0,1,0
900740,8787,0,0,1,0,0
900810,8788,0,0,1,0,0
900827,8789,0,0,1,0,0
900925,8790,0,0,0,1,0
901008,8791,0,0,1,0,0
901073,8792,0,0,1,0,0
901174,8793,0,0,0,1,0
901206,8794,0,0,1,0,0
901323,8795,0,0,0,1,0
901363,8796,0,0,1,0,0
901391,8797,0,0,1,0,0
901497,8798,0,0,0,1,0
901592,8799,0,0,0,1,0
901686,8800,0,0,0,1,0
901818,8801,0,0,0,1,0
901950,8802,0,0,0,1,0
902040,8803,0,0,1,0,0
902137,8804,0,0,0,1,0
902237,8805,0,0,0,1,0
902360,8806,0,0,0,1,0
902398,8807,0,0,1,0,0
902451,8808,0,0,1,0,0
902493,8809,0,0,1,0,0
902512,8810,0,0,1,0,0
902612,8811,0,0,0,1,0
902724,8812,0,0,0,1,0
902835,8813,0,0,0,1,0
902911,8814,0,0,1,0,0
903038,8815,0,0,0,1,0
903137,8816,0,0,0,1,0
903187,8817,0,0,1,0,0
903273,8818,0,0,1,0,0
903384,8819,0,0,0,1,0
903423,8820,0,0,1,0,0
903499,8821,0,0,1,0,0
903627,8822,0,0,0,1,0
903754,8823,0,0,0,1,0
903860,8824,0,0,0,1,0
903962,8825,0,0,0,1,0
903974,8826,0,0,1,0,0
904096,8827,0,0,0,1,0
904212,8828,0,0,0,1,0
904330,8829,0,0,0,1,0
904443,8830,0,0,0,1,0
904524,8831,0,0,0,1,0
904611,8832,0,0,0,1,0
904728,8833,0,0,0,1,0
904837,8834,0,0,0,1,0
904924,8835,0,0,0,1,0
905027,8836,0,0,0,1,0
905146,8837,0,0,0,1,0
905263,8838,0,0,0,1,0
905318,8839,0,0,1,0,0
905364,8840,0,0,1,0,0
905473,8841,0,0,1,0,0
905578,8842,0,0,0,1,0
905614,8843,0,0,1,0,0
905713,8844,0,0,0,1,0
905838,8845,0,0,0,1,0
905929,8846,0,0,0,1,0
905953,8847,0,0,1,0,0
906032,8848,0,0,1,0,0
906146,8849,0,0,0,1,0
906281,8850,0,0,0,1,0
906288,8851,0,0,1,0,0
906415,8852,0,0,0,1,0
906479,8853,0,0,1,0,0
906589,8854,0,0,0,1,0
906731,8855,0,0,0,1,0
906829,8856,0,0,0,1,0
906927,8857,0,0,0,1,0
906982,8858,0,0,1,0,0
907086,8859,0,0,0,1,0
907208,8860,0,0,0,1,0
907312,8861,0,0,0,1,0
907389,8862,0,0,1,0,0
907476,8863,0,0,0,1,0
907560,8864,0,0,1,0,0
907627,8865,0,0,1,0,0
907662,8866,0,0,1,0,0
907697,8867,0,0,1,0,0
907827,8868,0,0,0,1,0
907936,8869,0,0,1,0,0
908029,8870,0,0,0,1,0
908161,8871,0,0,0,1,0
908169,8872,0,0,1,0,0
908274,8873,0,0,0,1,0
908399,8874,0,0,0,1,0
908400,8875,1,0,0,0,0
908432,8876,0,0,1,0,0
908493,8877,0,0,1,0,0
908582,8878,0,0,0,1,0
908710,8879,0,0,0,1,0
908734,8880,0,0,1,0,0
908820,8881,0,0,1,0,0
908923,8882,0,0,0,1,0
909056,8883,0,0,0,1,0
909162,8884,0,0,0,1,0
909245,8885,0,0,0,1,0
909370,8886,0,0,0,1,0
909499,8887,0,0,0,1,0
909504,8888,0,0,1,0,0
909573,8889,0,0,1,0,0
909659,8890,0,0,1,0,0
909801,8891,0,0,0,1,0
909900,8892,0,0,0,1,0
909997,8893,0,0,0,1,0
910046,8894,0,0,1,0,0
910047,8895,1,0,0,0,0
910160,8896,0,0,0,1,0
910255,8897,0,0,0,1,0
910367,8898,0,0,0,1,0
910481,8899,0,0,0,1,0
910589,8900,0,0,0,1,0
910678,8901,0,0,0,1,0
910684,8902,0,0,1,0,0
910714,8903,0,0,1,0,0
910819,8904,0,0,0,1,0
910880,8905,0,0,1,0,0
911015,8906,0,0,0,1,0
911146,8907,0,0,0,1,0
911234,8908,0,0,1,0,0
911356,8909,0,0,0,1,0
911475,8910,0,0,0,1,0
911580,8911,0,0,1,0,0
911592,8912,0,0,1,0,0
911729,8913,0,0,0,1,0
911832,8914,0,0,0,1,0
911924,8915,0,0,0,1,0
912019,8916,0,0,0,1,0
912135,8917,0,0,0,1,0
912165,8918,0,0,1,0,0
912167,8919,0,0,1,0,0
912274,8920,0,0,0,1,0
912387,8921,0,0,1,0,0
912477,8922,0,0,1,0,0
912602,8923,0,0,0,1,0
912691,8924,0,0,0,1,0
912710,8925,0,0,1,0,0
912804,8926,0,0,0,1,0
912854,8927,0,0,1,0,0
912955,8928,0,0,0,1,0
912962,8929,0,0,1,0,0
912971,8930,0,0,1,0,0
913104,8931,0,0,0,1,0
913149,8932,0,0,1,0,0
913261,8933,0,0,0,1,0
913328,8934,0,0,1,0,0
913334,8935,0,0,1,0,0
913431,8936,0,0,0,1,0
913486,8937,0,0,1,0,0
913542,8938,0,0,1,0,0
913661,8939,0,0,0,1,0
913729,8940,0,0,1,0,0
913819,8941,0,0,0,1,0
913839,8942,0,0,1,0,0
913928,8943,0,0,0,1,0
914062,8944,0,0,0,1,0
914131,8945,0,0,1,0,0
914169,8946,0,0,1,0,0
914280,8947,0,0,0,1,0
914369,8948,0,0,0,1,0
914456,8949,0,0,0,1,0
914559,8950,0,0,0,1,0
914655,8951,0,0,0,1,0
914734,8952,0,0,1,0,0
914839,8953,0,0,1,0,0
914934,8954,0,0,0,1,0
915043,8955,0,0,0,1,0
915137,8956,0,0,0,1,0
915238,8957,0,0,0,1,0
915273,8958,0,0,1,0,0
915372,8959,0,0,0,1,0
915488,8960,0,0,0,1,0
915611,8961,0,0,0,1,0
915743,8962,0,0,0,1,0
915839,8963,0,0,0,1,0
915948,8964,0,0,0,1,0
916039,8965,0,0,0,1,0
916150,8966,0,0,0,1,0
916204,8967,0,0,1,0,0
916328,8968,0,0,0,1,0
916444,8969,0,0,0,1,0
916587,8970,0,0,0,1,0
916681,8971,0,0,1,0,0
916781,8972,0,0,0,1,0
916891,8973,0,0,0,1,0
916929,8974,0,0,1,0,0
917018,8975,0,0,0,1,0
917157,8976,0,0,0,1,0
917261,8977,0,0,0,1,0
917379,8978,0,0,0,1,0
917479,8979,0,0,1,0,0
917485,8980,0,0,1,0,0
917573,8981,0,0,0,1,0
917683,8982,0,0,0,1,0
917742,8983,0,0,1,0,0
917841,8984,0,0,0,1,0
917977,8985,0,0,0,1,0
918016,8986,0,0,1,0,0
918149,8987,0,0,0,1,0
918269,8988,0,0,0,1,0
918292,8989,0,0,1,0,0
918380,8990,0,0,1,0,0
918389,8991,0,0,1,0,0
918423,8992,0,0,1,0,0
918509,8993,0,0,0,1,0
918620,8994,0,0,0,1,0
918731,8995,0,0,0,1,0
918861,8996,0,0,0,1,0
918981,8997,0,0,0,1,0
919075,8998,0,0,1,0,0
919180,8999,0,0,1,0,0
919249,9000,0,0,1,0,0
919253,9001,0,0,1,0,0
919365,9002,0,0,0,1,0
919451,9003,0,0,1,0,0
919456,9004,1,0,0,0,0
919482,9005,0,0,1,0,0
919585,9006,0,0,0,1,0
919705,9007,0,0,0,1,0
919755,9008,0,0,1,0,0
919845,9009,0,0,0,1,0
919951,9010,0,0,0,1,0
920043,9011,0,0,1,0,0
920159,9012,0,0,0,1,0
920272,9013,0,0,0,1,0
920280,9014,0,0,1,0,0
920394,9015,0,0,0,1,0
920403,9016,0,0,1,0,0
920483,9017,0,0,0,1,0
920491,9018,0,0,1,0,0
920510,9019,0,0,1,0,0
920530,9020,0,0,1,0,0
920622,9021,0,0,0,1,0
920729,9022,0,0,0,1,0
920824,9023,0,0,0,1,0
920965,9024,0,0,0,1,0
921057,9025,0,0,1,0,0
921163,9026,0,0,0,1,0
921283,9027,0,0,0,1,0
921286,9028,0,0,1,0,0
921350,9029,0,0,1,0,0
921374,9030,0,0,1,0,0
921493,9031,0,0,0,1,0
921526,9032,0,0,1,0,0
921623,9033,0,0,0,1,0
921630,9034,0,0,1,0,0
921723,9035,0,0,0,1,0
921727,9036,0,0,1,0,0
921813,9037,0,0,0,1,0
921927,9038,0,0,0,1,0
921941,9039,0,0,1,0,0
922042,9040,0,0,0,1,0
922129,9041,0,0,0,1,0
922146,9042,0,0,1,0,0
922228,9043,0,0,1,0,0
922369,9044,0,0,0,1,0
922483,9045,0,0,0,1,0
922491,9046,0,0,1,0,0
922514,9047,0,0,1,0,0
922633,9048,0,0,0,1,0
922722,9049,0,0,0,1,0
922793,9050,0,0,1,0,0
922860,9051,0,0,1,0,0
922985,9052,0,0,0,1,0
923089,9053,0,0,0,1,0
923102,9054,0,0,1,0,0
923227,9055,0,0,0,1,0
923328,9056,0,0,0,1,0
923418,9057,0,0,0,1,0
923548,9058,0,0,0,1,0
923661,9059,0,0,0,1,0
923762,9060,0,0,1,0,0
923770,9061,0,0,1,0,0
923871,9062,0,0,0,1,0
923971,9063,0,0,0,1,0
924103,9064,0,0,0,1,0
924193,9065,0,0,1,0,0
924209,9066,0,0,1,0,0
924266,9067,0,0,1,0,0
924373,9068,0,0,0,1,0
924508,9069,0,0,0,1,0
924618,9070,0,0,0,1,0
924676,9071,0,0,1,0,0
924791,9072,0,0,0,1,0
924910,9073,0,0,0,1,0
924985,9074,0,0,1,0,0
925029,9075,0,0,1,0,0
925130,9076,0,0,0,1,0
925235,9077,0,0,0,1,0
925332,9078,0,0,0,1,0
925440,9079,0,0,0,1,0
925483,9080,0,0,1,0,0
925512,9081,0,0,1,0,0
925529,9082,0,0,1,0,0
925601,9083,0,0,1,0,0
925651,9084,0,0,1,0,0
925769,9085,0,0,0,1,0
925864,9086,0,0,0,1,0
925980,9087,0,0,0,1,0
925989,9088,0,0,1,0,0
926097,9089,0,0,0,1,0
926187,9090,0,0,0,1,0
926310,9091,0,0,0,1,0
926429,9092,0,0,0,1,0
926517,9093,0,0,0,1,0
926622,9094,0,0,0,1,0
926681,9095,0,0,1,0,0
926786,9096,0,0,0,1,0
926799,9097,0,0,1,0,0
926893,9098,0,0,1,0,0
927007,9099,0,0,0,1,0
927139,9100,0,0,0,1,0
927234,9101,0,0,0,1,0
927331,9102,0,0,0,1,0
927425,9103,0,0,1,0,0
927513,9104,0,0,0,1,0
927609,9105,0,0,0,1,0
927660,9106,0,0,1,0,0
927736,9107,0,0,1,0,0
927850,9108,0,0,0,1,0
927941,9109,0,0,0,1,0
928054,9110,0,0,0,1,0
928122,9111,0,0,1,0,0
928169,9112,0,0,1,0,0
928230,9113,0,0,1,0,0
928322,9114,0,0,0,1,0
928417,9115,0,0,0,1,0
928528,9116,0,0,0,1,0
928617,9117,0,0,0,1,0
928658,9118,0,0,1,0,0
928755,9119,0,0,0,1,0
928862,9120,0,0,0,1,0
928974,9121,0,0,0,1,0
928975,9122,1,0,1,0,0
929081,9123,0,0,0,1,0
929182,9124,0,0,0,1,0
929211,9125,0,0,1,0,0
929271,9126,0,0,1,0,0
929400,9127,0,0,0,1,0
929486,9128,0,0,0,1,0
929605,9129,0,0,0,1,0
929663,9130,0,0,1,0,0
929752,9131,0,0,1,0,0
929856,9132,0,0,0,1,0
929988,9133,0,0,0,1,0
930107,9134,0,0,0,1,0
930232,9135,0,0,0,1,0
930325,9136,0,0,1,0,0
930457,9137,0,0,0,1,0
930542,9138,0,0,0,1,0
930587,9139,0,0,1,0,0
930698,9140,0,0,0,1,0
930808,9141,0,0,1,0,0
930916,9142,0,0,0,1,0
931017,9143,0,0,0,1,0
931143,9144,0,0,0,1,0
931268,9145,0,0,0,1,0
931371,9146,0,0,0,1,0
931478,9147,0,0,0,1,0
931540,9148,0,0,1,0,0
931628,9149,0,0,1,0,0
931655,9150,0,0,1,0,0
931736,9151,0,0,1,0,0
931853,9152,0,0,0,1,0
931909,9153,0,0,1,0,0
932023,9154,0,0,0,1,0
932056,9155,0,0,1,0,0
932196,9156,0,0,0,1,0
932283,9157,0,0,1,0,0
932415,9158,0,0,0,1,0
932550,9159,0,0,0,1,0
932644,9160,0,0,1,0,0
932772,9161,0,0,0,1,0
932853,9162,0,0,1,0,0
932948,9163,0,0,1,0,0
933048,9164,0,0,0,1,0
933137,9165,0,0,0,1,0
933240,9166,0,0,1,0,0
933306,9167,0,0,1,0,0
933430,9168,0,0,1,0,0
933554,9169,0,0,0,1,0
933625,9170,0,0,1,0,0
933751,9171,0,0,0,1,0
933854,9172,0,0,0,1,0
933961,9173,0,0,0,1,0
933997,9174,0,0,1,0,0
934086,9175,0,0,0,1,0
934205,9176,0,0,0,1,0
934330,9177,0,0,0,1,0
934424,9178,0,0,0,1,0
934499,9179,0,0,1,0,0
934612,9180,0,0,0,1,0
934749,9181,0,0,0,1,0
934849,9182,0,0,0,1,0
934966,9183,0,0,0,1,0
934975,9184,0,0,1,0,0
935099,9185,0,0,0,1,0
935189,9186,0,0,0,1,0
935263,9187,0,0,1,0,0
935364,9188,0,0,1,0,0
935492,9189,0,0,0,1,0
935497,9190,0,0,1,0,0
935623,9191,0,0,0,1,0
935733,9192,0,0,0,1,0
935855,9193,0,0,0,1,0
935944,9194,0,0,0,1,0
936033,9195,0,0,1,0,0
936069,9196,0,0,1,0,0
936161,9197,0,0,0,1,0
936165,9198,1,0,0,0,0
936221,9199,0,0,1,0,0
936319,9200,0,0,0,1,0
936421,9201,0,0,0,1,0
936541,9202,0,0,0,1,0
936614,9203,0,0,1,0,0
936724,9204,0,0,0,1,0
936838,9205,0,0,0,1,0
936951,9206,0,0,0,1,0
937043,9207,0,0,0,1,0
937163,9208,0,0,0,1,0
937261,9209,0,0,0,1,0
937271,9210,0,0,1,0,0
937374,9211,0,0,0,1,0
937391,9212,0,0,1,0,0
937489,9213,0,0,0,1,0
937556,9214,0,0,1,0,0
937677,9215,0,0,0,1,0
937678,9216,0,0,1,0,0
937750,9217,0,0,1,0,0
937856,9218,0,0,0,1,0
937947,9219,0,0,0,1,0
938041,9220,0,0,0,1,0
938062,9221,0,0,1,0,0
938166,9222,0,0,0,1,0
938288,9223,0,0,0,1,0
938380,9224,0,0,0,1,0
938495,9225,0,0,0,1,0
938624,9226,0,0,0,1,0
938737,9227,0,0,0,1,0
938846,9228,0,0,0,1,0
938882,9229,0,0,1,0,0
939018,9230,0,0,0,1,0
939155,9231,0,0,0,1,0
939254,9232,0,0,0,1,0
939346,9233,0,0,0,1,0
939474,9234,0,0,0,1,0
939565,9235,0,0,0,1,0
939568,9236,0,0,1,0,0
939584,9237,0,0,1,0,0
939680,9238,0,0,0,1,0
939797,9239,0,0,0,1,0
939896,9240,0,0,0,1,0
939991,9241,0,0,0,1,0
940123,9242,0,0,1,0,0
940237,9243,0,0,0,1,0
940270,9244,0,0,1,0,0
940394,9245,0,0,0,1,0
940473,9246,0,0,1,0,0
940574,9247,0,0,0,1,0
940633,9248,0,0,1,0,0
940727,9249,0,0,0,1,0
940749,9250,0,0,1,0,0
940831,9251,0,0,1,0,0
940951,9252,0,0,0,1,0
940957,9253,0,0,1,0,0
940994,9254,0,0,1,0,0
941120,9255,0,0,0,1,0
941227,9256,0,0,0,1,0
941336,9257,0,0,0,1,0
941452,9258,0,0,1,0,0
941555,9259,0,0,0,1,0
941647,9260,0,0,1,0,0
941752,9261,0,0,0,1,0
941792,9262,0,0,1,0,0
941879,9263,0,0,0,1,0
941989,9264,0,0,0,1,0
942079,9265,0,0,0,1,0
942188,9266,0,0,0,1,0
942205,9267,0,0,1,0,0
942301,9268,0,0,0,1,0
942309,9269,0,0,1,0,0
942334,9270,0,0,1,0,0
942437,9271,0,0,0,1,0
942535,9272,0,0,0,1,0
942629,9273,0,0,0,1,0
942683,9274,0,0,1,0,0
942749,9275,0,0,1,0,0
942883,9276,0,0,0,1,0
942990,9277,0,0,0,1,0
943071,9278,0,0,0,1,0
943158,9279,0,0,1,0,0
943279,9280,0,0,0,1,0
943380,9281,0,0,0,1,0
943504,9282,0,0,0,1,0
943626,9283,0,0,0,1,0
943639,9284,0,0,1,0,0
943768,9285,0,0,0,1,0
943873,9286,0,0,0,1,0
943957,9287,0,0,0,1,0
944075,9288,0,0,0,1,0
944097,9289,0,0,1,0,0
944168,9290,0,0,1,0,0
944283,9291,0,0,0,1,0
944379,9292,0,0,0,1,0
944483,9293,0,0,0,1,0
944600,9294,0,0,0,1,0
944726,9295,0,0,0,1,0
944843,9296,0,0,0,1,0
944850,9297,0,0,1,0,0
944963,9298,0,0,1,0,0
945083,9299,0,0,0,1,0
945209,9300,0,0,0,1,0
945214,9301,0,0,1,0,0
945257,9302,0,0,1,0,0
945362,9303,0,0,0,1,0
945432,9304,0,0,1,0,0
945436,9305,0,0,1,0,0
945533,9306,0,0,0,1,0
945654,9307,0,0,1,0,0
945788,9308,0,0,0,1,0
945877,9309,0,0,0,1,0
945961,9310,0,0,1,0,0
946006,9311,0,0,1,0,0
946095,9312,0,0,0,1,0
946222,9313,0,0,0,1,0
946250,9314,0,0,1,0,0
946263,9315,0,0,1,0,0
946380,9316,0,0,0,1,0
946505,9317,0,0,0,1,0
946646,9318,0,0,0,1,0
946760,9319,0,0,0,1,0
946864,9320,0,0,0,1,0
946991,9321,0,0,0,1,0
947084,9322,0,0,0,1,0
947171,9323,0,0,0,1,0
947271,9324,0,0,0,1,0
947383,9325,0,0,0,1,0
947443,9326,0,0,1,0,0
947454,9327,0,0,1,0,0
947568,9328,0,0,0,1,0
947685,9329,0,0,0,1,0
947793,9330,0,0,0,1,0
947797,9331,1,0,0,0,0
947922,9332,0,0,0,1,0
948040,9333,0,0,0,1,0
948064,9334,0,0,1,0,0
948149,9335,0,0,1,0,0
948276,9336,0,0,0,1,0
948361,9337,0,0,0,1,0
948459,9338,0,0,0,1,0
948548,9339,0,0,1,0,0
948659,9340,0,0,0,1,0
948757,9341,0,0,0,1,0
948860,9342,0,0,0,1,0
948906,9343,0,0,1,0,0
948957,9344,0,0,1,0,0
949085,9345,0,0,0,1,0
949175,9346,0,0,0,1,0
949266,9347,0,0,0,1,0
949384,9348,0,0,0,1,0
949406,9349,0,0,1,0,0
949509,9350,0,0,0,1,0
949605,9351,0,0,0,1,0
949653,9352,0,0,1,0,0
949766,9353,0,0,0,1,0
949883,9354,0,0,0,1,0
950003,9355,0,0,0,1,0
950065,9356,0,0,1,0,0
950071,9357,0,0,1,0,0
950175,9358,0,0,0,1,0
950230,9359,0,0,1,0,0
950335,9360,0,0,0,1,0
950392,9361,0,0,1,0,0
950461,9362,0,0,1,0,0
950537,9363,0,0,1,0,0
950648,9364,0,0,0,1,0
950749,9365,0,0,1,0,0
950847,9366,0,0,0,1,0
950859,9367,0,0,1,0,0
950974,9368,0,0,0,1,0
951004,9369,0,0,1,0,0
951114,9370,0,0,1,0,0
951163,9371,0,0,1,0,0
951295,9372,0,0,0,1,0
951414,9373,0,0,0,1,0
951532,9374,0,0,0,1,0
951536,9375,1,0,0,0,0
951557,9376,0,0,1,0,0
951569,9377,0,0,1,0,0
951653,9378,0,0,1,0,0
951748,9379,0,0,0,1,0
951867,9380,0,0,0,1,0
951980,9381,0,0,1,0,0
952093,9382,0,0,0,1,0
952210,9383,0,0,0,1,0
952303,9384,0,0,1,0,0
952445,9385,0,0,0,1,0
952537,9386,0,0,0,1,0
952628,9387,0,0,0,1,0
952755,9388,0,0,0,1,0
952855,9389,0,0,1,0,0
952975,9390,0,0,0,1,0
953083,9391,0,0,0,1,0
953214,9392,0,0,0,1,0
953240,9393,0,0,1,0,0
953260,9394,0,0,1,0,0
953270,9395,0,0,1,0,0
953271,9396,0,0,1,0,0
953313,9397,0,0,1,0,0
953385,9398,0,0,1,0,0
953498,9399,0,0,0,1,0
953596,9400,0,0,0,1,0
953633,9401,0,0,1,0,0
953758,9402,0,0,0,1,0
953868,9403,0,0,0,1,0
953898,9404,0,0,1,0,0
953987,9405,0,0,0,1,0
954037,9406,0,0,1,0,0
954154,9407,0,0,0,1,0
954232,9408,0,0,1,0,0
954359,9409,0,0,0,1,0
954464,9410,0,0,0,1,0
954517,9411,0,0,1,0,0
954632,9412,0,0,0,1,0
954662,9413,0,0,1,0,0
954746,9414,0,0,1,0,0
954842,9415,0,0,0,1,0
954980,9416,0,0,0,1,0
955115,9417,0,0,0,1,0
955140,9418,0,0,1,0,0
955181,9419,0,0,1,0,0
955299,9420,0,0,0,1,0
955363,9421,0,0,1,0,0
955474,9422,0,0,0,1,0
955529,9423,0,0,1,0,0
955652,9424,0,0,0,1,0
955745,9425,0,0,0,1,0
955854,9426,0,0,0,1,0
955968,9427,0,0,0,1,0
956075,9428,0,0,0,1,0
956180,9429,0,0,0,1,0
956295,9430,0,0,0,1,0
956405,9431,0,0,0,1,0
956523,9432,0,0,0,1,0
956565,9433,0,0,1,0,0
956696,9434,0,0,0,1,0
956815,9435,0,0,0,1,0
956935,9436,0,0,0,1,0
957062,9437,0,0,0,1,0
957165,9438,0,0,0,1,0
957302,9439,0,0,0,1,0
957394,9440,0,0,1,0,0
957505,9441,0,0,0,1,0
957596,9442,0,0,0,1,0
957708,9443,0,0,0,1,0
957769,9444,0,0,1,0,0
957883,9445,0,0,0,1,0
957967,9446,0,0,1,0,0
958055,9447,0,0,0,1,0
958098,9448,0,0,1,0,0
958122,9449,0,0,1,0,0
958230,9450,0,0,0,1,0
958242,9451,0,0,1,0,0
958362,9452,0,0,0,1,0
958453,9453,0,0,0,1,0
958526,9454,0,0,1,0,0
958577,9455,0,0,1,0,0
958656,9456,0,0,1,0,0
958771,9457,0,0,0,1,0
958811,9458,0,0,1,0,0
958920,9459,0,0,0,1,0
959032,9460,0,0,0,1,0
959120,9461,0,0,1,0,0
959234,9462,0,0,0,1,0
959324,9463,0,0,1,0,0
959419,9464,0,0,0,1,0
959469,9465,0,0,1,0,0
959487,9466,1,0,0,0,0
959524,9467,0,0,1,0,0
959619,9468,0,0,0,1,0
959745,9469,0,0,0,1,0
959870,9470,0,0,0,1,0
959977,9471,0,0,0,1,0
960091,9472,0,0,0,1,0
960198,9473,0,0,0,1,0
960240,9474,0,0,1,0,0
960356,9475,0,0,0,1,0
960447,9476,0,0,0,1,0
960545,9477,0,0,0,1,0
960685,9478,0,0,0,1,0
960724,9479,0,0,1,0,0
960732,9480,0,0,1,0,0
960778,9481,0,0,1,0,0
960889,9482,0,0,0,1,0
960981,9483,0,0,0,1,0
961008,9484,0,0,1,0,0
961082,9485,0,0,1,0,0
961209,9486,0,0,0,1,0
961317,9487,0,0,0,1,0
961444,9488,0,0,0,1,0
961446,9489,0,0,1,0,0
961456,9490,0,0,1,0,0
961580,9491,0,0,0,1,0
961652,9492,0,0,1,0,0
961767,9493,0,0,0,1,0
961879,9494,0,0,0,1,0
961914,9495,0,0,1,0,0
961971,9496,0,0,1,0,0
962070,9497,0,0,1,0,0
962137,9498,0,0,1,0,0
962237,9499,0,0,0,1,0
962351,9500,0,0,0,1,0
962425,9501,0,0,1,0,0
962427,9502,0,0,1,0,0
962524,9503,0,0,0,1,0
962653,9504,0,0,0,1,0
962746,9505,0,0,0,1,0
962863,9506,0,0,0,1,0
962975,9507,0,0,0,1,0
963067,9508,0,0,0,1,0
963209,9509,0,0,0,1,0
963306,9510,0,0,0,1,0
963402,9511,0,0,0,1,0
963518,9512,0,0,0,1,0
963630,9513,0,0,0,1,0
963675,9514,0,0,1,0,0
963727,9515,0,0,1,0,0
963754,9516,0,0,1,0,0
963869,9517,0,0,0,1,0
964001,9518,0,0,0,1,0
964118,9519,0,0,0,1,0
964196,9520,0,0,1,0,0
964287,9521,0,0,0,1,0
964345,9522,0,0,1,0,0
964358,9523,0,0,1,0,0
964480,9524,0,0,0,1,0
964574,9525,0,0,0,1,0
964691,9526,0,0,0,1,0
964777,9527,0,0,1,0,0
964901,9528,0,0,0,1,0
964925,9529,0,0,1,0,0
965055,9530,0,0,0,1,0
965187,9531,0,0,0,1,0
965289,9532,0,0,0,1,0
965332,9533,0,0,1,0,0
965421,9534,0,0,0,1,0
965423,9535,0,0,1,0,0
965517,9536,0,0,0,1,0
965617,9537,0,0,0,1,0
965646,9538,0,0,1,0,0
965751,9539,0,0,0,1,0
965842,9540,0,0,0,1,0
965958,9541,0,0,0,1,0
966072,9542,0,0,0,1,0
966162,9543,0,0,0,1,0
966203,9544,0,0,1,0,0
966327,9545,0,0,0,1,0
966444,9546,0,0,0,1,0
966554,9547,0,0,0,1,0
966639,9548,0,0,1,0,0
966706,9549,0,0,1,0,0
966794,9550,0,0,1,0,0
966894,9551,0,0,0,1,0
967016,9552,0,0,0,1,0
967061,9553,0,0,1,0,0
967169,9554,0,0,0,1,0
967291,9555,0,0,0,1,0
967366,9556,0,0,1,0,0
967482,9557,0,0,0,1,0
967600,9558,0,0,0,1,0
967694,9559,0,0,0,1,0
967797,9560,0,0,0,1,0
967816,9561,0,0,1,0,0
967924,9562,0,0,0,1,0
968032,9563,0,0,0,1,0
968129,9564,0,0,0,1,0
968131,9565,0,0,1,0,0
968242,9566,0,0,0,1,0
968338,9567,0,0,0,1,0
968450,9568,0,0,0,1,0
968581,9569,0,0,0,1,0
968674,9570,0,0,0,1,0
968778,9571,0,0,0,1,0
968908,9572,0,0,0,1,0
969015,9573,0,0,0,1,0
969063,9574,0,0,1,0,0
969172,9575,0,0,0,1,0
969257,9576,0,0,0,1,0
969370,9577,0,0,0,1,0
969477,9578,0,0,0,1,0
969599,9579,0,0,0,1,0
969612,9580,0,0,1,0,0
969631,9581,0,0,1,0,0
969749,9582,0,0,0,1,0
969837,9583,0,0,1,0,0
969938,9584,0,0,0,1,0
970039,9585,0,0,1,0,0
970152,9586,0,0,0,1,0
970167,9587,0,0,1,0,0
970176,9588,0,0,1,0,0
970315,9589,0,0,0,1,0
970403,9590,0,0,0,1,0
970495,9591,0,0,0,1,0
970592,9592,0,0,0,1,0
970724,9593,0,0,0,1,0
970794,9594,0,0,1,0,0
970887,9595,0,0,0,1,0
970949,9596,0,0,1,0,0
971059,9597,0,0,0,1,0
971160,9598,0,0,1,0,0
971220,9599,0,0,1,0,0
971346,9600,0,0,0,1,0
971435,9601,0,0,0,1,0
971492,9602,0,0,1,0,0
971586,9603,0,0,0,1,0
971625,9604,0,0,1,0,0
971695,9605,0,0,1,0,0
971806,9606,0,0,0,1,0
971862,9607,0,0,1,0,0
971963,9608,0,0,0,1,0
972058,9609,0,0,0,1,0
972078,9610,0,0,1,0,0
972189,9611,0,0,0,1,0
972313,9612,0,0,0,1,0
972417,9613,0,0,0,1,0
972503,9614,0,0,0,1,0
972596,9615,0,0,0,1,0
972693,9616,0,0,0,1,0
972786,9617,0,0,0,1,0
972910,9618,0,0,0,1,0
972932,9619,0,0,1,0,0
972972,9620,0,0,1,0,0
973108,9621,0,0,0,1,0
973197,9622,0,0,0,1,0
973304,9623,0,0,0,1,0
973431,9624,0,0,0,1,0
973482,9625,0,0,1,0,0
973593,9626,0,0,0,1,0
973691,9627,0,0,0,1,0
973792,9628,0,0,0,1,0
973923,9629,0,0,1,0,0
974067,9630,0,0,0,1,0
974190,9631,0,0,0,1,0
974285,9632,0,0,1,0,0
974382,9633,0,0,0,1,0
974505,9634,0,0,0,1,0
974576,9635,0,0,1,0,0
974672,9636,0,0,0,1,0
974809,9637,0,0,0,1,0
974896,9638,0,0,0,1,0
975006,9639,0,0,0,1,0
975119,9640,0,0,0,1,0
975233,9641,0,0,0,1,0
975363,9642,0,0,0,1,0
975394,9643,0,0,1,0,0
975494,9644,0,0,0,1,0
975582,9645,0,0,0,1,0
975672,9646,0,0,1,0,0
975769,9647,0,0,0,1,0
975904,9648,0,0,0,1,0
976035,9649,0,0,0,1,0
976123,9650,0,0,0,1,0
976214,9651,0,0,0,1,0
976337,9652,0,0,1,0,0
976466,9653,0,0,0,1,0
976580,9654,0,0,0,1,0
976666,9655,0,0,0,1,0
976768,9656,0,0,1,0,0
976899,9657,0,0,0,1,0
977007,9658,0,0,0,1,0
977148,9659,0,0,0,1,0
977235,9660,0,0,0,1,0
977326,9661,0,0,0,1,0
977413,9662,0,0,0,1,0
977529,9663,0,0,0,1,0
977537,9664,0,0,1,0,0
977594,9665,0,0,1,0,0
977685,9666,0,0,1,0,0
977739,9667,0,0,1,0,0
977829,9668,0,0,0,1,0
977834,9669,0,0,1,0,0
977967,9670,0,0,0,1,0
978075,9671,0,0,0,1,0
978174,9672,0,0,0,1,0
978211,9673,0,0,1,0,0
978328,9674,0,0,0,1,0
978446,9675,0,0,0,1,0
978447,9676,1,0,0,0,0
978541,9677,0,0,0,1,0
978645,9678,0,0,0,1,0
978773,9679,0,0,0,1,0
978859,9680,0,0,0,1,0
978987,9681,0,0,0,1,0
979127,9682,0,0,0,1,0
979221,9683,0,0,0,1,0
979318,9684,0,0,0,1,0
979434,9685,0,0,0,1,0
979536,9686,0,0,0,1,0
979649,9687,0,0,0,1,0
979774,9688,0,0,0,1,0
979794,9689,0,0,1,0,0
979929,9690,0,0,0,1,0
980058,9691,0,0,0,1,0
980172,9692,0,0,0,1,0
980284,9693,0,0,0,1,0
980368,9694,0,0,0,1,0
980491,9695,0,0,0,1,0
980569,9696,0,0,1,0,0
980594,9697,0,0,1,0,0
980683,9698,0,0,0,1,0
980789,9699,0,0,0,1,0
980914,9700,0,0,0,1,0
981008,9701,0,0,0,1,0
981128,9702,0,0,0,1,0
981219,9703,0,0,0,1,0
981302,9704,0,0,1,0,0
981421,9705,0,0,0,1,0
981483,9706,0,0,1,0,0
981599,9707,0,0,0,1,0
981683,9708,0,0,1,0,0
981684,9709,0,0,1,0,0
981730,9710,0,0,1,0,0
981852,9711,0,0,0,1,0
981961,9712,0,0,1,0,0
982060,9713,0,0,0,1,0
982177,9714,0,0,0,1,0
982285,9715,0,0,0,1,0
982370,9716,0,0,1,0,0
982479,9717,0,0,0,1,0
982505,9718,0,0,1,0,0
982621,9719,0,0,1,0,0
982740,9720,0,0,0,1,0
982858,9721,0,0,0,1,0
982989,9722,0,0,0,1,0
983080,9723,0,0,0,1,0
983103,9724,0,0,1,0,0
983215,9725,0,0,0,1,0
983303,9726,0,0,0,1,0
983405,9727,0,0,0,1,0
983492,9728,0,0,0,1,0
983615,9729,0,0,0,1,0
983702,9730,0,0,1,0,0
983808,9731,0,0,0,1,0
983899,9732,0,0,0,1,0
984013,9733,0,0,0,1,0
984044,9734,0,0,1,0,0
984142,9735,0,0,0,1,0
984150,9736,0,0,1,0,0
984239,9737,0,0,0,1,0
984373,9738,0,0,0,1,0
984433,9739,0,0,1,0,0
984553,9740,0,0,0,1,0
984680,9741,0,0,0,1,0
984824,9742,0,0,0,1,0
984926,9743,0,0,0,1,0
984929,9744,0,0,1,0,0
985021,9745,0,0,0,1,0
985146,9746,0,0,0,1,0
985291,9747,0,0,0,1,0
985410,9748,0,0,0,1,0
985468,9749,1,0,0,0,0
985540,9750,0,0,1,0,0
985641,9751,0,0,1,0,0
985747,9752,0,0,0,1,0
985834,9753,0,0,0,1,0
985939,9754,0,0,0,1,0
986037,9755,0,0,0,1,0
986104,9756,0,0,1,0,0
986153,9757,0,0,1,0,0
986269,9758,0,0,0,1,0
986276,9759,0,0,1,0,0
986342,9760,0,0,1,0,0
986448,9761,0,0,0,1,0
986462,9762,0,0,1,0,0
986538,9763,0,0,1,0,0
986631,9764,0,0,0,1,0
986762,9765,0,0,0,1,0
986843,9766,0,0,0,1,0
986939,9767,0,0,1,0,0
987045,9768,0,0,0,1,0
987150,9769,0,0,0,1,0
987266,9770,0,0,0,1,0
987377,9771,0,0,0,1,0
987384,9772,0,0,1,0,0
987481,9773,0,0,0,1,0
987562,9774,0,0,1,0,0
987594,9775,0,0,1,0,0
987684,9776,0,0,1,0,0
987790,9777,0,0,0,1,0
987920,9778,0,0,0,1,0
988024,9779,0,0,0,1,0
988136,9780,0,0,0,1,0
988277,9781,0,0,0,1,0
988307,9782,0,0,1,0,0
988416,9783,0,0,0,1,0
988475,9784,0,0,1,0,0
988591,9785,0,0,0,1,0
988677,9786,0,0,0,1,0
988818,9787,0,0,0,1,0
988925,9788,0,0,0,1,0
988932,9789,0,0,1,0,0
989067,9790,0,0,0,1,0
989160,9791,0,0,0,1,0
989253,9792,0,0,0,1,0
989333,9793,0,0,1,0,0
989411,9794,0,0,1,0,0
989500,9795,0,0,0,1,0
989635,9796,0,0,0,1,0
989773,9797,0,0,0,1,0
989878,9798,0,0,1,0,0
989902,9799,0,0,1,0,0
989996,9800,0,0,0,1,0
990097,9801,0,0,0,1,0
990124,9802,0,0,1,0,0
990266,9803,0,0,0,1,0
990311,9804,0,0,1,0,0
990397,9805,0,0,0,1,0
990403,9806,0,0,1,0,0
990535,9807,0,0,0,1,0
990652,9808,0,0,0,1,0
990750,9809,0,0,0,1,0
990871,9810,0,0,0,1,0
990969,9811,0,0,0,1,0
991090,9812,0,0,0,1,0
991177,9813,0,0,0,1,0
991315,9814,0,0,0,1,0
991323,9815,0,0,1,0,0
991427,9816,0,0,0,1,0
991520,9817,0,0,1,0,0
991623,9818,0,0,0,1,0
991751,9819,0,0,0,1,0
991847,9820,0,0,0,1,0
991933,9821,0,0,1,0,0
991991,9822,0,0,1,0,0
992105,9823,0,0,0,1,0
992197,9824,0,0,0,1,0
992301,9825,0,0,0,1,0
992375,9826,0,0,1,0,0
992402,9827,0,0,1,0,0
992505,9828,0,0,0,1,0
992631,9829,0,0,0,1,0
992739,9830,0,0,0,1,0
992860,9831,0,0,0,1,0
992963,9832,0,0,1,0,0
992985,9833,0,0,1,0,0
993071,9834,0,0,0,1,0
993101,9835,0,0,1,0,0
993211,9836,0,0,1,0,0
993305,9837,0,0,1,0,0
993445,9838,0,0,0,1,0
993545,9839,0,0,0,1,0
993636,9840,0,0,0,1,0
993724,9841,0,0,0,1,0
993834,9842,0,0,0,1,0
993928,9843,0,0,1,0,0
994050,9844,0,0,0,1,0
994138,9845,0,0,0,1,0
994249,9846,0,0,0,1,0
994335,9847,0,0,0,1,0
994444,9848,0,0,0,1,0
994474,9849,0,0,1,0,0
994591,9850,0,0,0,1,0
994687,9851,0,0,0,1,0
994822,9852,0,0,0,1,0
994931,9853,0,0,0,1,0
995027,9854,0,0,0,1,0
995126,9855,0,0,1,0,0
995247,9856,0,0,0,1,0
995366,9857,0,0,0,1,0
995470,9858,0,0,0,1,0
995509,9859,0,0,1,0,0
995630,9860,0,0,0,1,0
995743,9861,0,0,1,0,0
995878,9862,0,0,0,1,0
995999,9863,0,0,0,1,0
996104,9864,0,0,0,1,0
996151,9865,0,0,1,0,0
996278,9866,0,0,0,1,0
996394,9867,0,0,0,1,0
996504,9868,0,0,0,1,0
996575,9869,0,0,1,0,0
996715,9870,0,0,0,1,0
996833,9871,0,0,0,1,0
996840,9872,0,0,1,0,0
996853,9873,0,0,1,0,0
996932,9874,0,0,1,0,0
997020,9875,0,0,0,1,0
997127,9876,0,0,0,1,0
997229,9877,0,0,1,0,0
997340,9878,0,0,0,1,0
997471,9879,0,0,0,1,0
997564,9880,0,0,0,1,0
997688,9881,0,0,1,0,0
997799,9882,0,0,0,1,0
997890,9883,0,0,1,0,0
998027,9884,0,0,0,1,0
998155,9885,0,0,0,1,0
998158,9886,1,0,0,0,0
998246,9887,0,0,0,1,0
998369,9888,0,0,0,1,0
998381,9889,0,0,1,0,0
998510,9890,0,0,0,1,0
998595,9891,0,0,0,1,0
998735,9892,0,0,0,1,0
998851,9893,0,0,0,1,0
998941,9894,0,0,0,1,0
999028,9895,0,0,0,1,0
999085,9896,0,0,1,0,0
999223,9897,0,0,0,1,0
999333,9898,0,0,0,1,0
999449,9899,0,0,0,1,0
999543,9900,0,0,0,1,0
999632,9901,0,0,0,1,0
999664,9902,0,0,1,0,0
999737,9903,0,0,1,0,0
999843,9904,0,0,0,1,0
999937,9905,0,0,0,1,0
