#{"t_start": 1787223900.6223748, "env_id": "None"}
r,l,t
-10.0,1,1.667684
-2.568503,16,2.011422
-8.230855,17,2.42765
6.062096,29,3.015661
2.085918,18,3.451044
0.037029,21,3.895905
27.52274,60,6.139023
-6.265415,6,6.396087
-7.078034,4,6.676619
-11.7576,2,6.813174
-0.690204,17,7.532242
-2.529138,9,7.92359
-4.930865,17,8.77176
-9.32,2,8.844607
-10.0,1,8.912123
-7.669448,6,9.228891
-4.027176,12,9.754842
-8.125408,3,9.9272
-7.0,4,10.140498
-8.124119,4,10.320341
-0.782457,12,10.866193
-9.32,2,10.944502
-1.345058,12,11.365258
-10.074866,3,11.560807
-4.29323,19,12.539866
-11.790863,3,12.640785
-4.327425,13,13.220355
-10.0,1,13.27889
-7.049362,5,13.54357
2.687382,18,14.232873
-10.0,1,14.27857
-7.196669,8,14.591588
-4.50433,7,15.040944
-9.32,2,15.119091
-6.958675,7,15.421447
-10.0,1,15.504694
-5.055358,6,15.837558
-3.602021,13,16.274586
-8.621761,4,16.495697
-1.132606,11,16.979356
1.18954,24,17.995698
-5.636616,7,18.22645
4.536347,23,19.058096
-10.0,1,19.132319
-5.411538,7,19.495594
-5.126628,7,19.800369
-9.042017,2,19.875888
0.244163,23,20.867439
-8.697684,3,21.099337
2.265314,24,22.133788
-9.218488,5,22.367725
-10.0,1,22.436395
-8.168123,3,22.711524
-10.0,1,22.795441
-8.44,4,23.011247
-6.31553,11,23.523058
-3.600639,12,24.171057
-8.24,5,24.475933
-8.24,5,24.808738
-5.221949,6,25.066363
-8.142311,3,25.379247
9.790682,36,26.876994
-6.365764,8,27.359109
-4.60338,11,27.885998
12.431179,32,31.358068
-2.992781,12,31.927947
-5.577607,15,32.548975
-2.513146,13,33.13009
-9.091257,2,33.31294
-5.925369,7,33.691918
-1.775533,14,34.321647
-2.544401,30,35.7161
1.344541,18,36.485369
-9.005671,3,36.723877
6.435947,40,38.420334
-7.499845,8,38.842676
-4.400597,13,39.537253
13.111041,54,42.197469
-8.14166,5,42.4375
6.534167,35,44.026876
41.38888,85,47.659749
12.872936,47,49.672365
-6.399666,8,50.064806
1.647628,16,50.772901
-4.892092,8,51.214907
-5.0,6,51.457963
-1.34655,14,52.045097
-5.892782,13,52.605722
0.98648,15,53.325837
2.0,13,53.847016
-6.422939,10,54.393598
-7.596398,9,54.755289
-6.843813,13,55.393557
4.065345,23,56.268864
-9.48,3,56.417347
-5.083272,7,56.690114
1.847269,21,57.803722
-6.32882,6,58.087434
-6.251686,8,58.429583
-8.095953,4,58.680796
-5.863751,6,59.202549
-6.791795,7,59.467771
-6.05183,5,59.774236
-10.469649,19,60.518589
10.607395,35,61.97786
9.240374,34,65.352959
-7.171541,14,65.91756
-6.504846,9,66.376915
-8.525676,6,66.865349
-2.344144,13,67.454415
-8.629896,3,67.615076
-4.270613,17,68.367965
-12.818659,5,68.740416
-0.09993,23,69.779428
-7.49521,8,70.190222
-0.771383,18,71.006219
-9.0,2,71.200219
-8.425211,3,71.430321
-7.699408,5,71.711738
-10.0,1,71.787715
-6.855069,5,72.218398
-3.680566,13,72.862513
-9.32,2,72.953747
-9.343095,3,73.186712
7.70782,29,74.627251
-9.934417,3,74.82853
-0.33969,22,75.951512
-4.492878,12,76.540959
0.363914,13,77.222211
-10.0,1,77.278714
-10.0,1,77.341858
-1.760864,17,78.20419
0.709133,23,79.281189
-7.299234,4,79.582454
19.931251,40,81.249913
-8.36,8,81.617098
-3.356933,11,82.220909
-5.456897,16,82.931831
-4.907579,11,83.513878
-0.975542,18,84.254271
-6.373642,8,84.836715
-10.0,1,84.994011
-5.41779,11,85.539307
-6.041743,5,85.82573
-10.0,1,85.987365
-9.64,4,86.23136
-3.185023,11,86.849625
-9.32,2,86.935413
6.36594,32,88.672422
4.834576,23,89.800004
-7.640658,6,90.119353
-0.683069,12,90.854569
-8.583678,5,91.398649
-1.119233,27,92.512041
-9.32,2,92.72159
-4.351976,22,93.730014
9.858804,53,96.15945
-4.112104,9,96.604466
-3.069198,11,97.19229
-0.477374,23,100.163561
-4.656777,12,100.844322
-6.125829,18,101.699496
-2.823441,13,102.363549
-6.184798,6,102.791128
-10.0,1,102.93378
10.125957,45,104.836681
-1.257803,13,105.404633
-8.273177,4,105.621195
-6.70318,9,106.20529
-4.141739,7,106.465262
-3.045402,12,106.94556
-6.742946,6,107.284851
-3.909592,17,108.103265
3.546097,24,109.060032
-7.157323,4,109.236259
-5.295063,8,109.626878
0.841039,14,110.32557
-3.220491,12,110.968668
-4.735734,13,111.497949
-8.184175,6,111.759624
-1.456801,19,112.776641
-4.681582,8,113.144921
11.67194,32,114.514036
1.090645,14,115.149635
2.68836,26,116.347528
-5.154427,10,116.786095
-4.32955,14,117.298333
-6.019839,5,117.555297
-0.940173,15,118.326254
-2.054077,14,118.962679
-9.095443,2,119.046479
-3.690602,9,119.462843
-10.0,1,119.682505
-7.942244,5,119.888331
-0.795728,20,120.745884
-3.466879,11,121.328176
-8.134239,5,121.644651
-8.433917,7,121.970928
4.012336,20,122.836138
-4.355449,16,123.786871
-5.266075,12,124.533305
-1.227824,10,125.23614
4.995189,38,127.551389
0.291122,24,128.760071
-9.32,2,128.949496
-4.98299,10,129.652061
-8.775113,3,129.815054
3.438533,18,130.8153
-7.867656,6,131.174771
-8.055965,7,131.608541
27.815419,69,136.685298
-1.187933,10,137.229554
-6.261714,6,137.566582
-1.315722,12,138.050437
1.077321,30,139.516491
-9.051521,2,139.640129
-6.644227,6,140.122379
-10.0,1,140.192347
-4.113036,15,140.772051
-7.306236,4,140.97127
-6.38167,7,141.474837
1.332301,19,142.218234
-6.0,6,142.527104
-7.209161,5,142.798816
-6.919161,8,143.264257
-5.373968,6,143.654022
-6.870552,6,143.928811
-10.0,1,143.995777
-10.0,1,144.247098
-6.916039,6,144.484678
11.339871,40,146.054963
-8.8,3,146.240486
-2.307046,13,146.837715
-8.8,3,147.018795
18.731491,45,148.769963
2.911939,29,149.911185
10.299488,30,151.243991
0.175241,23,152.14174
-2.032958,9,152.526845
-5.255937,11,153.041896
-6.01424,7,153.404657
-1.182142,17,154.130178
-4.741128,7,154.399431
-3.917521,10,154.85897
-10.0,1,154.997092
-4.531286,9,155.385687
-1.162809,18,156.124516
5.206086,22,157.130068
-4.087819,28,158.454713
10.470264,33,159.962135
-8.44,4,160.184855
-5.035112,7,160.478364
1.063818,29,161.993298
-5.670404,7,162.305429
-7.0,5,162.648057
-10.0,1,162.714576
-9.826531,5,163.067658
-10.703808,3,163.357401
-8.2,6,163.635434
-2.144833,14,164.421863
10.636818,31,167.866457
12.768198,42,170.127146
12.940268,32,171.607932
-2.442879,15,172.321126
3.45176,30,173.658953
19.560344,37,175.416944
-4.850133,11,175.767981
-9.142954,2,175.915348
0.057426,22,176.857025
-10.0,1,177.006642
-4.899052,7,177.26892
-8.0,3,177.410665
-3.065486,15,178.086926
1.988452,16,178.821912
-10.0,1,178.887032
0.0,13,179.447207
-9.02136,3,179.711059
-8.342476,9,180.143962
-8.0,3,180.297709
-8.330762,3,180.451953
-10.943082,14,181.161485
-5.210887,6,181.426636
-9.104022,7,181.809425
3.902405,26,182.886162
-8.48,2,183.185029
-7.024896,12,183.724015
4.89403,41,185.370922
3.501101,26,186.525405
0.442238,16,187.292563
-5.390099,9,187.733229
8.286556,33,189.172889
-10.0,1,189.235149
6.441446,30,190.702256
5.936276,19,191.583245
-10.0,1,191.73693
25.554308,46,193.81653
-7.89476,4,194.113991
-3.45225,12,194.757271
-10.0,1,194.822844
7.086241,29,196.09602
-4.554867,12,196.760212
-10.0,1,196.826104
-8.8,3,197.034478
-10.0,1,197.115429
-3.562524,9,197.737988
-3.959267,10,198.38367
-9.945096,20,199.356722
-8.052971,15,200.008716
-0.661296,19,202.97634
-7.491122,10,203.486132
-8.8,3,203.6043
-10.0,1,203.740829
6.806732,25,204.987649
-8.24,5,205.278624
-4.0,8,205.650437
-1.684458,10,206.064152
10.457745,41,208.120287
-9.32,2,208.220033
-4.404938,7,208.566069
13.827116,42,210.259555
24.488529,54,212.618177
-8.24,5,212.870951
-3.183544,9,213.354861
-11.929812,5,213.592826
-9.021019,2,213.741196
6.065347,29,215.081761
-2.862559,12,215.721481
13.595346,58,217.756755
-0.784381,26,218.69265
-8.37292,5,218.869033
-1.597551,18,219.515021
2.804992,21,220.302399
-0.380443,11,220.736911
-3.938692,13,221.248539
-8.012656,5,221.427132
-7.095217,4,221.62201
0.556445,16,222.345887
8.62955,25,223.232451
1.349426,17,223.849552
-9.32,2,224.003152
-6.823937,5,224.25092
-9.0,2,224.371861
-10.0,1,224.431017
-3.435776,10,224.754415
-3.079274,10,225.253058
-8.212993,5,225.487151
9.921991,24,226.264639
-8.107187,3,226.39731
-6.251117,5,226.670757
-5.014003,6,226.928029
-9.32,2,227.010073
-10.0,1,227.069021
0.543268,20,227.859708
5.849865,31,229.172398
-8.0,3,229.338497
10.630381,38,230.97633
-10.0,1,231.203009
3.388927,30,232.337113
10.231109,50,236.196229
-9.32,2,236.292221
-4.698561,10,236.861575
8.870297,28,238.025052
-5.995473,10,238.405684
-6.789562,6,238.760557
1.236535,17,239.573681
-9.151379,7,239.955154
13.246785,32,241.322797
33.853633,77,244.499555
-8.44,4,244.836437
-2.929131,21,245.781347
-0.475008,23,246.949726
6.160938,37,248.59583
-9.520079,4,248.858603
0.27198,21,249.764011
-0.01424,14,250.352215
-6.03238,9,250.685983
-1.833856,10,251.240815
-0.697833,16,251.920905
-2.176125,15,252.53526
-1.095622,16,253.105919
-9.32,2,253.3054
-4.16154,10,253.607057
14.037641,31,254.813175
-0.976225,13,255.328059
23.62193,68,258.054521
10.801821,39,259.644286
7.570376,34,260.927222
-5.736071,9,261.242513
-10.0,1,261.372537
-8.203214,4,261.729434
-1.769959,11,262.250695
-0.307178,13,262.809458
-10.0,1,262.95794
-8.086785,7,263.256593
-0.237443,17,263.94633
-7.0,5,264.288089
-7.267476,4,264.578258
-4.376002,9,264.896842
5.724945,29,266.150155
-5.511388,8,266.497711
-4.472721,12,267.031375
-4.375236,13,267.629246
-4.465198,8,268.008596
-2.427211,10,270.594799
-7.162025,5,270.892079
-10.0,1,270.971062
-0.805252,15,271.616767
3.152322,15,272.27383
5.690533,30,273.605304
-5.774726,14,274.187385
-7.418946,9,274.50162
4.240282,29,275.601295
-8.244891,3,275.856927
-9.48,3,276.051361
-8.118019,3,276.197631
-10.0,1,276.255255
-10.0,1,276.392222
7.918691,42,278.011232
13.448801,39,279.365741
-7.408343,4,279.537299
-7.0,4,279.778693
-3.758924,11,280.172828
18.748395,45,281.813901
-7.13453,7,282.110086
-7.7135,11,282.66781
0.061408,13,283.121603
-8.781047,10,283.572905
4.416302,29,284.641028
-10.0,1,284.77979
1.450876,29,285.904228
-0.213768,11,286.372606
-10.485545,3,286.584421
-9.32,2,286.749181
18.220765,35,287.976115
-5.124836,6,288.245735
2.213799,24,289.240538
-9.32,2,289.404166
-9.0,2,289.540321
0.872925,24,290.472445
-6.574779,19,291.204267
-1.882179,13,291.920366
-4.009672,14,292.402736
-9.44,5,292.612303
0.197848,20,293.42865
-8.111224,3,293.669122
1.986529,23,294.511935
-10.0,1,294.600525
-1.521467,26,295.66237
-8.44,4,295.912909
-4.908995,8,296.20336
-8.223609,16,296.854413
5.400692,23,297.661862
-4.330562,11,298.263219
-1.193263,18,299.098164
-2.144878,14,299.730051
3.562636,23,300.701455
26.926915,61,304.938363
-7.0,4,305.09843
-8.828946,4,305.287519
-7.873432,7,305.603264
1.771327,31,306.86446
-4.889237,8,307.262877
13.832021,57,309.230694
-8.0,3,309.386216
-0.745221,17,310.028335
-9.098735,5,310.252356
21.877642,46,311.878052
-6.641271,9,312.235626
-1.216695,18,312.973545
-10.0,1,313.099527
-10.0,1,313.165859
-9.32,2,313.239756
5.985129,32,314.575973
8.46483,42,316.195844
6.829019,32,317.277283
-1.766542,10,317.593352
10.351763,22,318.402118
-9.06171,2,318.477064
1.504163,27,319.459782
-3.041925,16,320.06647
-5.131654,8,320.470585
14.188871,38,321.820955
6.831216,20,322.665407
-10.0,1,322.69913
1.015158,16,323.371801
-10.9496,2,323.457989
-1.342427,14,323.995491
7.127656,27,324.942666
0.599175,21,325.924738
-7.534608,11,326.415944
-10.0,1,326.477839
2.800247,23,327.329562
-7.881129,4,327.656048
-1.246471,23,328.523809
-9.084913,2,328.683436
5.933149,31,329.91238
-1.006569,16,330.674555
-3.198677,13,331.20681
-6.183828,8,331.609358
16.271016,39,333.182353
-5.900571,8,333.608524
-7.128096,10,334.011223
-9.005902,2,334.196084
12.481485,31,335.21461
-8.8,3,335.508162
-4.041743,7,335.770044
-8.573107,3,335.938768
7.628711,34,339.301498
-8.32,7,339.660023
-5.061088,6,339.92438
-7.885717,6,340.284048
0.376589,23,341.190205
-4.841434,11,341.754007
1.487552,14,342.376686
-10.471602,4,342.575494
5.290838,30,343.657199
-6.83143,12,344.264992
-8.228975,6,344.557048
-1.689812,14,345.090438
-2.694586,12,345.59113
-0.347891,19,346.375211
-8.073295,3,346.513671
-10.0,1,346.577883
4.687305,31,347.716378
-3.281688,12,348.275767
5.519485,20,349.032213
6.918072,24,349.907876
-8.425653,12,350.421175
-9.32,2,350.581939
-5.730461,10,351.015756
-9.109939,4,351.204955
-8.491013,3,351.385443
3.480121,21,352.249266
-6.498899,6,352.553443
-9.01424,2,352.707759
-6.746686,5,353.045548
-5.924151,11,353.776394
-9.072807,6,354.017135
-11.9018,8,354.404925
-9.48,3,354.597759
8.340315,32,355.766902
2.464596,36,357.208805
19.409989,51,359.172751
-6.920335,8,359.487868
-5.442734,7,359.869332
-3.390076,14,360.426677
-9.011652,5,360.625676
-7.885064,11,361.091086
-7.356319,4,361.379687
-8.44,4,361.548954
-2.317357,13,362.033918
-4.844925,18,362.746627
-5.132709,9,363.195676
-3.834106,11,363.634413
-0.459762,18,364.318897
26.823356,67,366.630666
-7.311087,6,366.991477
4.959935,47,368.790068
-9.055023,2,369.046827
2.755957,25,370.267751
-2.43164,12,370.881181
-4.53878,22,373.786121
-9.12486,2,373.876411
-3.041362,12,374.483993
-10.0,1,374.732634
-0.819778,28,376.559288
-7.348288,13,377.455029
-2.59789,11,377.975051
-3.920144,15,378.89449
-1.610335,18,379.880558
-8.305534,3,380.019595
-2.327588,11,380.59948
-9.148443,4,380.938262
-6.461126,19,381.803174
-8.708704,3,382.096243
-10.0,1,382.187067
-8.219448,3,382.499615
-10.0,1,382.605143
-9.32,2,382.747545
0.288962,19,383.716995
-5.698413,11,384.273857
-9.030687,2,384.376393
-6.185116,9,384.746644
-6.187318,5,384.939353
-9.32,2,385.127292
12.715604,42,387.02078
-3.85693,12,387.701312
-6.505833,6,387.958935
-5.554748,6,388.324559
-2.934967,15,388.936635
-7.41206,5,389.157593
-8.023314,4,389.408829
-6.0,5,389.65522
-8.767126,20,390.482008
-8.593691,3,390.692838
-5.263491,9,391.243058
-10.0,1,391.406009
-2.537711,23,392.505313
-10.396863,19,393.394539
-2.403582,26,394.404023
-1.372907,13,395.137614
-7.021402,13,395.692298
-7.452969,8,396.011468
-7.582659,4,396.19974
-4.342476,12,396.717888
-9.32,2,396.791819
-10.0,1,396.899195
-6.614141,15,397.402853
-7.123639,10,398.006883
-5.485848,9,398.378924
-8.386686,3,398.534995
-2.204098,9,398.864145
-3.211961,12,399.436723
-7.18136,4,399.66857
-7.265355,5,399.896607
-4.564517,11,400.309451
-8.0,3,400.532938
1.637394,19,401.27355
-6.737237,10,401.638136
-2.441652,12,402.074699
-10.0,1,402.238422
-5.20434,9,402.667594
-0.093702,16,403.339743
-9.032394,2,403.443587
0.546347,18,404.259093
-7.040404,5,404.515425
-6.545018,8,404.854039
-7.843049,6,405.068227
-7.389776,8,407.465841
-5.729188,9,407.91415
-8.420291,4,408.097639
7.006287,27,408.995205
11.588283,43,410.64883
-5.135374,8,410.972506
5.380199,29,411.992693
5.224193,25,413.010784
4.984785,30,414.08808
-7.89529,13,414.577285
-10.0,1,414.724154
-4.2256,7,414.952198
1.678442,29,416.082513
-12.0,3,416.178721
-10.313923,10,416.595098
-10.008772,2,416.688863
-1.391121,13,417.416504
-5.267875,6,417.627364
-3.643111,20,418.451625
-8.167293,3,418.654807
-3.547545,10,419.117686
0.284982,13,419.669463
-8.89308,4,419.925315
-7.96,3,420.040105
-8.095152,3,420.286042
2.745794,23,421.106342
-5.559678,17,421.740806
-9.115424,2,421.901391
-8.8,3,422.083829
-5.337472,13,422.644454
-8.162485,4,422.896417
3.004816,30,423.941503
-0.627475,12,424.530056
-10.602929,2,424.686059
-9.236364,2,424.773213
-6.01296,9,425.157014
9.393919,29,426.345521
-8.230574,3,426.437983
-2.900949,11,426.944812
19.188596,45,428.496194
-8.326035,4,428.743637
-5.214326,6,429.020422
-3.857112,14,429.588796
2.800813,14,430.072359
-4.448262,10,430.528548
0.443834,17,431.179348
-5.722075,14,431.741454
-5.274922,14,432.330614
-4.436804,10,432.805466
0.512566,19,433.502257
-8.0,3,433.655125
-2.303445,11,434.049636
-5.278213,14,434.768515
-3.470893,11,435.211291
-3.707308,18,435.850287
-3.371711,14,436.431542
-8.675026,4,436.7045
-3.984837,10,437.050425
-6.769856,6,437.318847
-4.647428,10,437.699082
-4.970777,10,438.218685
-6.615406,13,438.690729
-6.743378,7,439.001621
-8.8,3,439.126801
7.914431,33,442.445523
30.714452,57,444.647418
-6.604748,19,445.363405
4.937827,19,446.051385
-5.394682,6,446.422593
-7.719223,7,446.7987
-5.821549,8,447.161079
-3.261162,10,447.549793
21.484645,67,450.286623
-8.358838,6,450.515738
-8.0,3,450.695799
-8.352435,3,450.829227
-3.258125,11,451.446692
-8.44,4,451.643004
-3.087917,12,452.114221
-5.730103,13,452.651485
18.730611,52,455.377392
-3.143389,18,456.19675
-8.110359,5,456.565183
-8.18768,3,456.700896
-10.0,1,456.935711
6.57288,29,458.247023
-9.170998,2,458.334805
-8.8,3,458.533151
7.191455,25,459.669342
-7.480261,6,460.008149
-9.022132,2,460.092362
-4.251838,8,460.3762
-7.35326,6,460.859587
-6.626096,6,461.131317
-8.683841,3,461.321332
-6.930238,7,461.679871
4.729724,19,462.586043
-7.76152,4,462.766123
1.960474,21,463.6436
-5.055092,17,464.272486
-6.055358,5,464.54646
-6.228466,7,464.863663
11.465419,46,466.807584
-1.254786,12,467.286525
0.886472,15,467.933012
-2.017952,14,468.466279
-3.902936,14,469.091787
-4.626972,15,469.717312
-6.755998,14,470.41477
-7.033393,4,470.593345
0.519584,17,471.225757
8.457352,34,472.462077
-2.762923,15,473.470713
-4.0674,7,475.68562
-3.611149,11,476.239246
-7.666539,9,476.642818
-10.41521,6,477.093124
-1.28797,13,477.748838
3.763015,16,478.408219
-3.988762,16,479.228429
3.486273,30,480.75983
-9.033368,2,480.929014
-7.695338,10,481.409095
-6.771298,12,482.031258
-10.072146,6,482.439651
0.489232,32,483.892663
20.57796,48,485.782325
0.866112,16,486.425588
-5.673281,12,486.943675
-8.24,5,487.16559
-6.045551,5,487.397992
35.311117,84,490.463836
-10.0,1,490.600172
-6.081914,5,490.886456
-8.069434,3,490.98746
-5.108724,6,491.251489
-1.881144,16,492.004154
-5.266703,6,492.195267
-3.225405,9,492.602462
-1.132608,10,492.946738
-7.592175,22,493.815312
-8.44,4,494.017453
-8.24,5,494.259983
19.295299,51,496.432679
-8.712246,8,496.872903
4.025853,25,497.989925
-9.001808,11,498.486493
-7.443247,4,498.668279
-8.8,3,498.899182
-5.348058,11,499.367007
-8.44,4,499.556406
5.164811,23,500.656284
-8.62518,5,501.019923
-7.04599,4,501.214979
-4.612539,15,501.836404
-10.0,1,501.902384
9.954554,49,503.992517
-7.56835,5,504.321906
-8.193651,10,504.792388
-5.89342,6,505.121778
-1.504257,22,506.053298
-3.023158,16,506.705319
9.654251,25,509.676573
-0.865612,15,510.447157
-4.799232,10,511.163946
-7.56,6,511.463073
5.12055,24,512.538975
0.653034,26,513.512539
-10.0,1,513.64834
0.33457,23,514.569183
-11.133978,4,514.772109
6.368486,37,516.346372
-3.563903,8,516.908413
2.638004,19,517.726569
8.923375,29,519.336398
-8.72868,6,519.584033
1.412984,24,520.619752
-10.0,1,520.760619
5.415229,40,522.46491
-5.659992,8,522.864296
-7.250457,6,523.212846
-4.903663,10,523.686122
9.666223,33,524.897476
-4.119464,15,525.581889
-8.353967,7,525.907384
-2.572292,12,526.354928
1.436789,16,526.994206
-7.0,4,527.22655
-10.0,1,527.453701
-9.528539,10,527.897078
-4.742708,8,528.26
-9.12,4,528.459636
-3.432408,11,528.996695
-2.697909,13,529.516186
11.215508,36,530.828019
-6.785917,6,531.135198
-0.401914,13,531.735972
0.266729,16,532.334547
7.134674,36,533.64589
-2.198884,17,534.38288
-8.095762,3,534.602297
4.624568,20,535.317433
-3.017614,11,535.712219
-10.0,1,535.766526
0.430156,20,536.589094
-4.333788,7,536.927686
3.625521,28,537.956709
-7.642884,6,538.179
-9.32,2,538.410794
-10.0,1,538.471737
-9.0,2,538.557287
-6.214385,6,538.837675
6.550194,34,540.079074
-8.0,3,540.237346
-2.363529,19,540.96446
9.059966,43,544.567276
-4.927102,12,545.112655
-9.819832,7,545.381193
11.787663,34,546.78599
-10.0,1,546.857508
35.857614,74,549.801756
0.206555,18,550.428175
15.071512,56,552.436712
4.749209,24,553.33495
-7.55242,9,553.836546
-8.164159,6,554.134087
0.457974,18,554.758718
2.315614,25,555.717044
-8.27745,18,556.690446
-10.0,1,556.768107
-1.460778,14,557.389983
-3.012759,14,557.942672
-5.057367,16,558.736474
19.850638,50,560.625273
39.063541,62,562.977443
11.805431,32,564.330198
-8.543637,5,564.669171
-10.0,1,564.734518
-8.678176,6,564.98715
-9.0,2,565.122219
36.40147,78,568.182878
-5.092505,6,568.452311
-8.326391,6,568.65609
4.368982,39,570.11023
12.705365,34,571.586853
9.426258,33,572.828447
-7.815752,5,573.045433
-9.06029,10,573.557432
-8.028312,3,573.751751
-1.181661,12,574.27672
-10.0,1,574.385692
-3.500065,15,574.951944
-5.837325,12,575.580012
-5.384797,9,575.987674
-1.235856,29,578.972949
27.181695,79,582.050807
-7.439691,4,582.354819
15.64553,47,584.117819
-6.570965,8,584.511039
3.464132,24,585.388434
-8.8,3,585.63762
-9.32,2,585.804645
-1.970141,11,586.238638
-4.750703,10,586.6908
-1.681482,13,587.303255
-8.705467,6,587.77199
-7.805811,12,588.255018
6.321532,25,589.276277
-6.740792,12,589.864787
-11.9472,2,589.972013
-8.042129,3,590.121164
-10.0,1,590.190765
-2.887481,10,590.728543
8.394857,31,591.90403
-2.471844,12,592.356137
-6.159881,5,592.545006
-3.212954,8,592.975623
-9.32,2,593.057615
0.150592,14,593.82683
-8.369219,3,593.9942
-2.997317,19,594.767848
9.553987,51,596.735975
-4.176174,7,597.037705
-8.12071,3,597.235023
-0.178898,23,598.198441
-10.0,1,598.354994
1.824808,21,599.19721
-8.076284,4,599.490105
-7.011956,4,599.746605
1.143392,13,600.227733
-9.32,2,600.381491
0.596135,22,601.238003
7.904008,31,602.413193
-7.748477,6,602.644946
-9.162993,3,602.844869
-8.067134,12,603.3389
-9.14601,2,603.61488
-3.393893,12,604.069258
-8.8,3,604.173608
-5.032958,6,604.43818
3.217041,20,605.324055
-4.523103,7,605.654984
11.541654,39,606.988518
-5.926684,17,607.800049
10.16898,42,609.513012
-9.056116,2,609.651577
-2.523371,21,612.386086
-8.584745,6,612.621613
3.137534,32,614.160368
-9.32,2,614.298594
-6.499622,14,614.931595
-6.88456,6,615.197608
-5.293376,12,615.724594
-10.0,1,615.800076
-10.0,1,615.865916
-0.557281,15,616.462615
-4.362036,20,617.285702
2.830125,26,618.168458
-9.32,2,618.267009
-6.168691,5,618.46701
-4.798203,7,618.862009
-9.32,2,619.00804
-3.914105,12,619.492661
3.75356,25,620.38688
-7.590304,7,620.774247
-9.044469,2,620.866959
-10.0,1,620.932215
-10.0,1,621.089896
12.071626,40,622.632735
-10.0,1,622.69751
-9.16,1,622.785997
-1.24213,18,623.457493
-2.363336,20,624.325976
-10.0,1,624.398865
-7.022277,4,624.647468
-1.630694,14,625.279986
-3.884606,9,625.865669
-5.736581,7,626.113045
-10.0,1,626.222529
-6.421259,8,626.516241
-6.722248,8,626.977431
-6.025256,10,627.368507
-7.542642,4,627.536851
-5.815781,12,628.004967
-6.773941,12,628.59202
-5.959727,10,628.976396
11.297946,28,629.929205
-10.0,1,629.986263
-4.596779,9,630.437054
-8.24,5,630.636357
1.035088,21,631.41382
4.463303,23,632.190361
-2.790212,12,632.715573
3.67707,18,633.378464
-4.467026,11,633.833007
-9.852094,3,633.937694
-4.019154,7,634.28991
-10.0,1,634.346113
-10.0,1,634.439896
-7.214221,8,634.701681
-5.815063,6,635.007635
20.296292,44,636.495552
5.275618,38,637.830108
-2.273227,13,638.260918
2.00884,26,639.164241
3.509576,21,639.978511
-10.0,1,640.048839
-7.123519,7,640.327886
8.674881,32,641.600603
-6.396112,9,641.91858
48.812239,94,646.849346
-8.345184,12,647.290494
-8.8,3,647.532261
-4.232263,15,648.027091
-9.32,2,648.105475
-5.35914,8,648.410228
-9.038984,2,648.594075
-0.497407,17,649.233056
-9.0,2,649.364608
-7.92,5,649.582529
-8.608177,4,649.83857
-8.0,3,649.966394
-6.398817,8,650.262302
10.30337,35,651.405782
-7.0,4,651.641803
-0.699082,39,653.126351
-7.470266,4,653.302933
-9.111515,2,653.422741
7.014895,25,654.399185
7.322108,39,655.699851
14.651289,27,656.495912
-10.0,1,656.618147
-6.835996,9,657.030672
13.402418,32,658.215245
-9.12,4,658.411776
4.641012,38,659.689343
-6.138024,5,660.048453
-8.8,3,660.145978
0.876534,12,660.536245
-4.586751,8,660.832087
-2.726734,18,661.664909
-7.629897,4,661.842528
5.151732,39,663.176206
-4.006283,11,663.611885
-1.584858,15,664.30903
-10.637864,7,664.618152
-4.557875,13,665.123744
-1.046257,14,665.781565
-0.634167,26,666.812689
-9.304778,2,666.976731
-6.823861,7,667.240623
-8.44,4,667.409576
5.97194,22,668.359691
-10.0,1,668.425504
-1.174986,11,668.836087
-5.494675,7,669.122216
-8.0,3,669.292875
-1.924892,14,669.776644
-10.0,1,669.828921
-8.8,3,669.985149
12.504928,38,671.646616
-8.0,3,671.81988
-10.0,1,671.888343
-10.0,1,672.006971
-9.667972,14,672.634653
-4.407689,12,673.171439
-7.108097,4,673.368955
-8.179717,4,673.562586
-7.757939,7,673.854736
-4.787637,10,674.308132
-5.471266,19,675.056643
-4.019217,9,675.440248
1.017621,19,676.294961
-4.125861,7,676.522151
2.6471,24,677.370349
-5.666888,6,677.57908
-0.982774,16,678.29178
-1.217048,15,680.851978
-3.061445,11,681.29431
-7.002529,5,681.46375
15.697143,50,683.32252
-8.44,4,683.504562
-2.071258,10,683.927653
-2.738928,12,684.379857
1.150483,14,685.068066
40.506084,72,687.590168
-5.133366,12,687.979403
27.368322,79,690.492994
-9.104379,2,690.704918
-7.063187,4,690.837414
-8.44,4,691.021139
12.532684,45,692.470717
-4.264377,8,692.858314
-6.953609,10,693.443657
-7.311452,7,693.695609
-3.516463,13,694.321767
-8.161665,8,694.712618
-9.043732,2,694.780402
1.839608,20,695.426983
-9.32,2,695.548191
-7.220298,7,695.857987
11.617978,43,697.352977
-9.52,7,697.658394
-7.632625,4,697.853755
25.788376,67,700.404885
-3.602201,21,701.133129
-8.024045,4,701.390469
-9.648642,3,701.54613
-7.210647,4,701.815503
-5.755277,16,702.449459
-3.256346,9,702.833407
9.327371,30,703.930429
-10.0,1,704.14899
-8.0,3,704.248874
23.905029,64,706.611384
-10.0,1,706.730476
-3.088321,12,707.327966
18.692078,43,708.946896
-6.68161,8,709.217426
-9.01424,2,709.350561
-2.185544,18,710.109839
-5.198236,7,710.481634
-9.013677,2,710.622152
2.239464,16,711.276002
-4.585485,15,712.004208
10.428437,32,712.609979
-8.155356,3,712.688082
12.576872,33,715.204009
-10.586963,6,715.415329
-4.017012,16,715.704322
-10.0,1,715.73484
11.910364,44,716.523816
-6.924248,5,716.684754
29.280056,61,717.792097
9.969794,31,718.309381
2.722815,32,718.862447
0.864362,17,719.253086
-2.058942,11,719.455992
-5.764597,10,719.663589
0.153676,21,720.023859
-7.01255,4,720.190915
-9.951732,3,720.281269
-8.472328,3,720.365605
-5.986381,7,720.501579
-3.362196,15,720.866387
-1.468833,13,721.137882
-0.06231,13,721.405597
0.633839,20,721.78449
0.420807,16,722.139501
6.933906,33,722.753816
35.297285,56,723.861138
-5.310972,6,723.975089
0.402462,14,724.32418
-10.684206,5,724.436143
-1.455887,13,724.678809
11.726936,40,725.375568
14.737124,38,726.090649
-7.603389,9,726.242361
-7.029237,9,726.399074
-9.64,4,726.491858
2.847767,21,726.94318
-5.665101,10,727.123167
-8.8,3,727.204724
-10.0,1,727.239472
-2.442498,12,727.53329
1.352868,13,727.752436
-10.0,1,727.81091
-9.896833,3,727.863777
-8.804253,5,728.098718
1.217613,22,728.477409
25.547428,77,729.801097
10.811706,39,730.499292
-6.375953,8,730.74404
-7.31823,5,730.85128
-10.0,1,730.912273
2.252675,25,731.344184
5.081031,17,731.727483
-8.101578,7,731.883401
-3.451006,9,732.051787
-10.0,1,732.087362
-9.068151,2,732.224543
-8.8,3,732.29976
-1.675991,12,732.517882
-10.702837,3,732.571231
13.23031,36,733.333814
-6.198021,7,733.49591
-10.0,1,733.535865
6.419135,42,734.301564
5.825478,34,734.964543
-9.513078,4,735.059388
-6.566463,8,735.209967
-6.908447,5,735.335316
-0.54296,15,735.657178
10.181169,35,736.242948
42.301691,59,737.239718
-10.0,1,737.275312
-7.239328,4,737.471789
5.412014,28,737.993151
-7.96,3,738.090432
-9.039,2,738.136811
-8.8,3,738.31274
-9.32,2,738.378885
-9.297632,2,738.427049
6.391823,27,738.914438
58.642011,96,740.601442
-5.849239,9,740.76529
-3.052066,9,740.930369
6.650033,32,741.491295
-6.80494,5,741.689805
6.539905,31,742.217814
-10.0,1,742.288846
11.379423,36,742.930854
-10.309579,4,743.087587
3.606046,21,743.45875
-0.96908,12,743.680673
-7.009441,4,743.770897
22.348843,62,744.884224
-3.044177,19,745.245191
2.866161,18,745.597842
2.585704,19,745.920913
-9.16,1,746.069835
2.890218,25,746.490246
-4.098326,14,746.750542
-7.089038,9,746.954647
-6.802796,13,749.161971
6.47697,20,749.506238
-7.816993,5,749.609025
-11.029527,14,749.869279
-2.561532,9,750.099941
4.814121,27,750.568181
18.135698,47,751.323737
6.221194,26,751.788087
-6.378559,8,752.016002
-6.597563,9,752.188
-6.01424,5,752.282352
-7.268469,4,752.370049
-5.547054,8,752.616764
-7.251943,8,752.779844
-9.085784,2,752.853272
11.603502,32,753.390682
-7.0,4,753.54747
1.808457,14,753.781975
-7.554213,5,753.911049
-6.102353,5,754.011351
-3.910263,17,754.38199
-0.918598,17,754.675226
-9.098948,2,754.746612
-10.0,1,754.778504
-10.0,1,754.902419
-9.0,2,754.979154
-7.696563,6,755.087899
-7.628718,7,755.238724
-6.17275,24,755.817629
-4.835935,15,756.093291
-10.0,1,756.122527
-4.393157,10,756.318683
-8.420077,3,756.442552
-7.137636,5,756.565457
-7.100991,7,756.680936
-7.46912,6,756.813724
4.862396,18,757.195565
22.177134,45,757.953065
-10.0,1,757.989903
9.654637,40,758.64922
-10.0,1,758.751978
-8.694259,4,758.844051
-7.449687,8,758.992849
8.278691,23,759.382783
-5.584125,10,759.626309
-10.0,1,759.684057
8.36252,26,760.102506
13.908246,35,760.690398
4.419548,29,761.278321
-6.409007,5,761.377973
-8.132315,3,761.456283
-3.577648,9,761.610566
-2.395933,11,761.885199
-2.631229,11,762.088433
-4.897297,9,762.242296
-0.551986,21,762.59874
-4.699761,8,762.835537
14.185995,44,763.57729
-9.0,3,763.659846
-8.032174,3,763.736524
7.483533,38,764.438231
-10.0,1,764.493929
-0.319464,25,764.917731
-10.0,1,764.949307
-1.968921,14,765.300062
6.334226,32,765.878582
-5.46865,11,766.052811
-5.737481,14,766.307972
-7.385229,4,766.472299
-6.383692,9,766.627733
0.241638,14,766.875856
13.243526,39,767.47011
-7.949946,4,767.627038
-7.437433,5,767.743841
-8.140198,4,767.829546
-0.149323,17,768.123672
-7.732174,9,768.345113
40.63755,80,769.596506
-6.143061,5,769.685225
2.076621,21,770.039824
-7.01424,4,770.185104
12.997751,36,770.774496
-2.779777,10,770.942463
13.088172,32,771.463277
-4.336767,7,771.670546
-5.312756,11,771.87543
-7.254034,11,772.055668
-5.67957,8,772.199358
-1.005917,14,772.538571
-4.121006,13,772.778419
-6.010297,6,772.911477
-10.31176,2,772.958978
-8.313725,3,773.114511
17.551605,46,773.916556
-1.489605,10,774.10451
-10.551829,2,774.146385
-0.10723,11,774.420579
6.167491,28,774.887379
-2.232232,14,775.142116
5.000295,45,775.873564
-8.799376,4,776.032011
-8.31244,3,776.105677
-7.622158,5,776.205486
14.606213,39,776.84806
-8.434202,7,777.030995
-9.32,2,777.101233
-8.043736,3,777.176486
-9.0,2,777.220438
-4.14225,14,777.566556
2.296917,23,777.943349
-8.164724,5,778.06706
2.215939,24,778.491358
22.398588,51,779.37554
-9.811358,3,779.455681
3.492186,20,779.800767
2.443717,16,780.081129
7.108321,19,780.498241
-8.011099,12,780.704621
-3.442845,11,780.901746
-8.08497,3,780.955326
-8.8,3,782.923357
-1.375368,11,783.133906
-7.774168,11,783.344177
11.914078,37,783.978752
-8.0,3,784.122753
-8.01424,3,784.177771
21.723447,47,785.025604
-10.0,1,785.059273
-5.184633,6,785.27731
-1.868994,19,785.622656
-8.257463,5,785.74121
2.985476,19,786.09002
-10.0,1,786.189975
-4.255094,9,786.347633
8.625411,28,786.828205
-9.0,2,786.903691
-5.895958,9,787.138754
1.314582,23,787.536796
4.564982,21,787.897315
-10.0,1,787.931222
6.699105,37,788.636067
17.941528,45,789.435805
-7.417505,9,789.609003
12.065186,51,790.469711
-10.0,1,790.570982
-10.0,1,790.602377
17.277237,50,791.424331
8.902049,40,792.087892
-12.652928,6,792.260433
-1.568623,12,792.48099
5.379984,28,792.950461
13.056005,43,793.665764
-5.828276,8,793.88909
-10.0,1,793.921182
54.575498,78,795.204311
11.065544,36,795.799784
-8.001834,5,795.988883
-7.872947,6,796.092751
-7.262325,6,796.223636
3.565442,28,796.711665
-6.154037,5,796.866652
3.831894,22,797.247329
-10.0,1,797.283145
4.795874,17,797.562358
-10.0,1,797.670045
-8.265409,5,797.794243
-9.167975,16,798.086864
-2.870601,17,798.40012
15.418386,35,799.051936
-9.308077,8,799.207027
-0.150094,17,799.491107
-10.0,1,799.522853
-10.0,1,799.630345
-0.504117,13,799.862799
1.504714,19,800.159371
17.297596,42,800.821268
-1.22902,16,801.173815
-8.001855,3,801.244699
0.442315,21,801.573687
-8.235858,4,801.657242
11.518405,35,802.287266
-5.059351,11,802.45579
-8.44,4,802.539405
-5.885654,8,802.679585
-9.32,2,802.832221
-9.002138,2,802.871282
-4.852717,11,803.073027
1.742944,17,803.354909
6.170411,27,803.885318
-2.643337,15,804.227573
4.345282,20,804.569837
-0.640982,22,804.982146
-7.680605,6,805.196988
-7.111886,7,805.33965
-3.701892,11,805.514616
-0.352968,17,805.838287
-3.18886,11,806.119773
6.398109,31,806.634485
2.143846,25,807.044497
-10.0,1,807.104242
-5.224849,7,807.3042
-7.755494,8,807.453449
-5.059243,6,807.593402
26.446948,54,808.47796
0.353601,16,808.836212
1.300235,24,809.227937
-1.068459,10,809.420977
-5.902285,13,809.652412
-8.712271,8,809.872074
-8.122163,5,809.970357
-7.020656,7,810.110112
1.712841,20,810.448148
-5.095018,14,810.784351
2.827476,19,811.081425
-0.115844,12,811.286451
2.465591,20,811.637244
-4.345977,11,811.918682
-8.279841,3,811.99921
-8.171848,16,812.280747
53.330278,95,813.849468
-2.356392,16,814.20621
10.595688,29,814.698076
-8.243942,4,814.78934
-2.714486,14,815.032396
-3.668254,9,817.151207
5.716028,21,817.516954
1.255209,16,817.804361
6.355824,29,818.355344
5.427488,28,818.974662
-1.171881,26,819.515601
-5.992221,12,819.764381
-9.221533,2,819.813596
25.534941,47,820.765913
-9.146225,2,820.809727
-1.696364,22,821.283789
-9.0,2,821.325959
-5.354871,6,821.54373
-8.656977,4,821.640543
20.057011,44,822.463916
-0.073617,13,822.762959
-10.0,1,822.867597
0.617686,14,823.21428
-5.272835,7,823.37911
-11.192,2,823.427672
4.311992,24,823.95947
-2.417235,15,824.254044
-10.0,1,824.284421
14.896612,40,824.960097
-2.571928,20,825.367522
-5.947779,7,825.498573
3.642091,21,825.813909
18.778539,41,826.449652
17.710507,60,827.462541
6.724987,23,827.837141
0.533649,20,828.143872
-7.94614,8,828.300363
-3.408036,9,828.549281
5.395135,25,828.969405
-0.12814,18,829.238748
-10.0,1,829.267698
11.309753,40,829.949383
-6.479982,8,830.091276
1.049314,16,830.338999
-6.093172,5,830.446181
-3.256672,10,830.674053
-3.918015,17,830.971541
-5.504384,7,831.104861
-6.067395,5,831.202134
6.577959,33,831.803513
0.0,13,832.007059
-9.32,2,832.042756
-9.415052,3,832.1155
-8.721478,22,832.524695
-2.197407,17,832.791143
21.548106,50,833.562247
-7.951956,5,833.677959
-9.32,2,833.77696
9.449913,34,834.320984
-4.148859,9,834.481825
-11.428872,20,834.815596
-1.883832,13,835.100857
-5.279581,7,835.24831
-1.61864,13,835.487536
-8.036057,4,835.568122
0.640745,14,835.885301
-6.205326,14,836.111706
-1.831198,16,836.380946
-4.069256,7,836.512869
-6.08079,5,836.686432
7.691342,29,837.148547
2.778476,22,837.529445
10.410962,24,837.923518
-7.098435,8,838.141191
-9.080836,2,838.181386
-1.439493,11,838.372107
3.42456,36,838.965995
23.29438,42,839.694044
-6.880854,6,839.794902
-2.853017,13,840.00256
-5.40043,12,840.200574
-9.32,2,840.33915
-8.777581,3,840.413995
-3.771854,19,840.709585
6.489249,25,841.116749
13.653295,49,841.983056
-2.184971,10,842.15398
-3.350196,12,842.385456
-5.01049,6,842.517641
-10.703337,3,842.665914
8.809073,33,843.209248
9.377398,30,843.687091
3.407855,24,844.143086
-6.992179,7,844.361695
-6.323304,7,844.49557
4.642586,21,844.828358
-10.306638,6,844.966712
-10.0,1,845.065325
3.643975,27,845.524512
9.88675,24,845.90609
26.67153,58,846.877637
12.391705,35,847.5409
12.718439,37,848.154636
9.700912,42,848.820067
26.476026,48,851.663355
-2.163009,12,851.963529
-9.006493,3,852.02237
-10.003831,18,852.366312
6.227014,24,852.775638
-9.073891,8,853.042565
-5.801821,12,853.274411
-2.372595,13,853.499215
-3.137822,12,853.724435
3.556178,23,854.325631
-10.0,1,854.358154
-5.443912,8,854.521029
-9.018127,2,854.592435
-8.992085,6,854.781923
4.805591,17,855.056035
10.41805,28,855.508808
-7.232581,4,855.596477
5.145701,20,855.999151
0.477582,16,856.259617
16.156931,46,857.006507
6.602311,29,857.452221
-9.32,2,857.583418
-8.8,3,857.632498
5.307622,27,858.081592
0.904303,15,858.341318
4.183423,22,858.756229
4.468723,25,859.199753
-0.339969,13,859.420317
6.985318,32,859.91891
4.385128,43,860.66088
10.384543,37,861.222272
-4.574512,7,861.357016
-4.511978,9,861.515725
6.625305,32,862.088446
-6.108171,10,862.261003
-8.628213,3,862.337445
-10.0,1,862.363851
-2.662345,14,862.691003
-7.391369,10,862.846624
-7.583172,4,862.929542
-1.373043,10,863.151703
-8.8,3,863.290026
2.75719,33,863.837272
2.348892,17,864.115521
-4.425533,7,864.244804
-10.0,1,864.339266
-6.0,5,864.427837
8.471569,33,864.974346
-4.079355,7,865.079454
-8.35337,4,865.235603
-5.568458,11,865.42379
-8.2,6,865.550179
-9.48,3,865.601297
-2.813714,14,865.92866
1.887031,24,866.309257
10.400031,36,866.874748
-7.725694,9,867.030236
-8.672442,3,867.171055
-8.32,7,867.3084
-7.620576,4,867.38971
-10.0,1,867.424279
-6.0,5,867.582093
-6.872878,19,867.905503
-3.855908,9,868.055353
-8.8,3,868.130909
20.024481,41,868.81777
-9.022901,4,868.898407
7.51613,19,869.199433
10.953238,38,869.78375
-0.109027,15,870.10071
-9.48,3,870.173992
-2.439629,18,870.454316
7.373979,31,870.961976
-4.322699,11,871.23416
-8.8,3,871.304546
-0.72473,14,871.519617
-4.85623,7,871.653409
-8.24,5,871.816994
5.630413,32,872.323053
-11.192,2,872.391397
-6.893419,8,872.536574
-8.201516,5,872.710666
1.429431,15,872.963512
-8.183972,3,873.01545
2.795512,24,873.411399
-8.2,6,873.600604
22.966514,58,874.502254
21.885786,46,875.287815
-9.32,2,875.328241
25.501918,56,876.317556
23.222057,62,877.397159
-3.682417,15,877.672705
-8.28219,3,877.72747
-7.204752,4,877.900279
11.022936,32,878.418158
18.630132,37,879.050187
8.038921,36,879.667678
4.230294,17,880.057608
9.280002,31,880.584954
10.151877,30,881.085003
7.028661,26,881.521016
-2.693046,12,881.807756
6.94649,24,882.264341
-4.071187,7,882.380337
-1.452744,15,882.652122
16.929145,54,885.583302
-8.032958,3,885.635786
-1.913229,17,885.951904
1.847886,23,886.33227
13.599899,47,887.201848
8.942428,38,887.866336
19.19045,47,888.652129
21.459456,46,889.441639
-8.229582,4,889.608473
4.722643,30,890.100626
-7.276704,4,890.183244
-4.129126,10,890.373108
3.860917,20,890.792866
-8.44,4,890.886151
-4.77427,12,891.092203
4.022809,23,891.491226
3.406166,15,891.807843
-1.687162,18,892.134312
-6.348123,5,892.227386
9.9895,32,892.745043
-9.013391,2,892.88302
-6.835601,6,892.987214
15.035404,43,893.651085
-2.285899,16,893.926297
7.494475,25,894.392556
8.836091,32,894.896554
6.430956,23,895.272074
-6.254617,5,895.362821
1.25478,18,895.736919
-1.572944,12,895.938511
13.526136,33,896.455452
15.177368,42,897.087259
-4.119055,9,897.345083
2.364454,18,897.643053
-7.968579,6,897.769394
-0.15031,11,897.936152
8.189489,24,898.413754
-8.803548,6,898.55974
-6.01424,5,898.65029
-3.128049,8,898.798114
12.875722,43,899.558566
-8.238628,3,899.636301
5.467904,21,899.975616
4.984514,29,900.449309
-9.32,2,900.581198
2.646313,23,901.014504
23.159468,45,901.838637
2.210413,17,902.190553
-7.469396,4,902.341933
-9.315252,3,902.418435
-7.713818,4,902.517427
-8.575873,3,902.573738
-3.231416,22,903.085426
-1.862431,13,903.346323
-8.096646,7,903.577954
12.211725,27,904.111085
-3.369242,9,904.361062
-10.0,1,904.396217
33.773714,57,905.325479
-5.17206,9,905.514457
2.72236,22,905.970404
-6.141011,6,906.118206
15.375214,44,906.889127
-0.982771,15,907.161656
-0.29291,24,907.663287
-7.0,4,907.753475
-2.931009,14,908.039595
3.111415,18,908.326622
-2.044674,11,908.602039
6.481341,23,908.997577
-6.648409,7,909.136798
-0.148735,19,909.455837
-5.0,6,909.661972
-8.022844,3,909.735565
-10.0,1,909.771801
-0.432818,12,909.990523
1.407534,15,910.377032
3.86889,24,910.785939
-3.681656,18,911.133183
-7.67224,7,911.298177
-6.411376,5,911.481499
-6.948801,10,911.692429
18.659781,51,912.58793
-10.0,1,912.650625
-7.158439,4,912.822503
-11.504,4,912.923748
-8.8,3,912.977721
2.877115,32,913.514889
-4.015841,7,913.726922
-0.784854,15,913.996988
15.004401,42,914.733173
5.906945,24,915.140729
-6.381844,8,915.368428
6.333367,32,915.945898
3.892066,19,916.284144
-0.077652,28,916.756843
-2.108792,12,917.055724
14.809853,37,917.678345
-5.716061,6,919.783606
-7.010483,8,919.933918
0.934181,17,920.301466
3.886364,36,920.946346
1.311276,23,921.37139
0.403294,17,921.668571
-8.15366,3,921.826759
3.856311,28,922.314072
-8.639257,5,922.42848
-3.513244,11,922.625736
-0.153162,12,922.897177
-4.598722,8,923.064697
20.407872,38,923.792405
0.215617,14,924.093099
-10.0,1,924.187266
-5.439511,10,924.402603
-0.201591,26,924.87006
-7.131712,5,924.97168
7.952905,40,925.75628
0.45259,22,926.22166
27.979151,64,927.448918
3.585422,27,927.967421
5.089269,25,928.540122
-8.229466,4,928.644625
-0.919875,13,928.912317
-0.923881,11,929.132352
-8.44,4,929.295131
-9.036672,2,929.338426
46.20106,84,930.868056
-7.296999,9,931.07429
-5.293489,7,931.288417
-8.128045,5,931.419876
-4.359872,8,931.587996
-3.556033,10,931.784776
-8.304221,3,931.943662
-2.397798,19,932.292092
3.814414,23,932.672244
-3.01424,8,932.826629
10.225713,30,933.501374
29.133888,58,934.42705
19.374917,45,935.185081
-6.478391,8,935.355436
3.680501,17,935.732888
-4.92733,9,935.895472
-1.032838,12,936.103754
-1.497412,15,936.37246
-10.0,1,936.467117
1.663009,16,936.739787
-8.2,6,936.858363
-10.0,1,936.893569
22.310058,42,937.632834
2.954576,18,937.97442
-6.380008,11,938.186625
4.957032,19,938.505237
-0.481283,11,938.786268
-3.743984,11,939.032177
-0.501177,14,939.342819
52.480326,76,940.66119
-8.297832,4,940.817146
-5.252563,10,941.006928
-9.054482,2,941.046769
14.021896,42,941.746921
-1.357892,14,942.056763
-7.263925,4,942.142881
-7.902433,11,942.342651
-6.374897,9,942.507058
1.515699,36,943.252891
-7.404286,6,943.397091
-6.123804,5,943.491236
16.941001,41,944.164759
-5.954252,7,944.396044
-10.0,1,944.429624
16.327168,45,945.214509
-9.32,2,945.263937
17.101407,57,946.318613
-5.27105,6,946.448147
3.928286,15,946.706899
1.127046,17,947.00953
-6.971277,7,947.229357
17.52029,47,948.018608
-7.4,5,948.155669
16.553964,42,948.849627
3.730762,26,949.352422
-3.452449,14,949.585523
-8.8,3,949.665213
-5.988435,8,949.8241
-8.0,3,949.972529
-8.44,4,950.055679
-10.0,1,950.09219
25.617623,71,951.35709
-9.32,2,951.488305
-8.826144,5,951.598664
-2.860608,11,951.812437
-1.247203,19,954.090991
2.051712,18,954.484418
-6.79633,6,954.63012
2.146099,21,954.99649
-8.359818,4,955.092754
-4.180895,9,955.34277
-7.898139,7,955.504208
-7.4,5,955.616099
10.096476,32,956.175653
2.977727,22,956.674239
4.312122,29,957.168626
-4.572625,7,957.324296
-8.4,6,957.438076
-1.013,31,958.073512
37.817876,83,959.548599
-6.70015,8,959.707289
-5.188723,8,959.861497
-2.936051,10,960.109212
48.237405,71,961.367348
13.17224,38,962.073525
-4.821744,9,962.232434
-4.198362,17,962.601875
35.510326,70,963.83691
-10.0,1,963.873226
-8.164405,4,963.959787
-4.21245,10,964.206746
2.551232,26,964.706944
-7.043598,7,964.835484
8.36132,35,965.390098
-9.12,4,965.547108
-9.375189,3,965.622708
-10.0,1,965.654616
16.553815,42,966.383181
-9.48,3,966.53879
5.814289,24,966.955509
-9.32,2,967.001576
-2.785891,13,967.272005
19.970435,43,968.247186
-2.906497,13,968.512828
-10.436629,2,968.591842
9.776311,28,969.111027
-2.49959,13,969.43846
-10.0,1,969.47426
-8.476874,4,969.570213
-10.445303,3,969.656612
-2.656742,16,970.028089
-10.0,1,970.058061
-10.0,1,970.114127
11.291638,41,970.754586
-7.007036,5,970.925294
-6.323725,5,971.017729
-8.120375,4,971.096731
3.425774,16,971.380737
-4.221804,11,971.689651
25.883285,47,972.456084
2.336223,15,972.707665
-1.463606,24,973.089704
-0.381642,17,973.504168
-6.832252,5,973.610663
1.312739,13,973.832337
2.52931,14,974.109946
6.010858,38,974.805494
-9.034166,2,974.877549
11.857588,44,975.654955
-6.67136,10,975.848686
-5.160672,24,976.442419
-8.44,4,976.556248
-2.467769,12,976.790864
-9.0,2,976.865316
22.125053,59,977.968911
3.625731,24,978.378497
9.28354,43,979.101092
3.390128,20,979.439982
-9.0,2,979.592571
-7.4166,9,979.793372
-7.773414,5,979.891557
-8.123612,3,979.973867
3.301805,19,980.399222
-9.010054,2,980.440078
-2.920927,16,980.727439
9.864575,39,981.363021
10.606011,35,982.056992
-8.8,3,982.133641
-1.067074,18,982.428713
-4.938178,12,982.6625
13.073045,37,983.327074
-3.021922,13,983.582825
9.545662,31,984.106096
-10.0,1,984.165098
4.935011,25,984.668502
-5.02715,6,984.775585
19.330173,39,985.442406
-7.449906,9,985.611786
-10.0,1,985.751354
7.071127,31,987.992406
4.563323,20,988.360739
4.887163,21,988.739072
-8.44,4,988.916101
4.642224,24,989.362909
8.312383,25,989.809329
9.282424,27,990.26784
-7.906967,13,990.58999
-5.703007,17,990.915354
-9.20489,2,990.985879
-3.127214,12,991.214514
2.143904,16,991.576519
25.651061,66,992.731003
-4.113073,7,992.881733
0.385353,21,993.236158
-4.896202,13,993.546598
-2.457699,21,993.923501
-0.80856,16,994.222925
-9.094019,2,994.271774
15.002443,33,994.886132
-7.052708,8,995.050075
-9.125968,2,995.120784
27.674422,59,996.078545
-7.295126,4,996.239509
-5.547053,11,996.414068
15.654352,37,997.035471
-5.144067,11,997.214302
-8.708835,3,997.358643
19.796011,47,998.110803
-7.934034,7,998.241019
-8.050689,4,998.326611
1.454272,24,998.79591
9.663376,35,999.323433
-8.24,5,999.437338
-8.8,3,999.486722
19.876055,48,1000.298396
2.596786,20,1000.61946
4.591156,19,1000.934066
-5.862767,10,1001.124301
-7.725272,4,1001.27517
38.536142,70,1002.482213
1.010581,14,1002.745038
-8.44,4,1002.833963
-9.01424,2,1002.947396
1.303625,23,1003.359562
14.108671,46,1004.152735
-5.655983,6,1004.289025
-5.133764,12,1004.572662
6.937653,29,1005.041465
23.097395,54,1005.909549
-10.0,1,1005.944103
-5.758984,11,1006.234287
4.024111,22,1006.629892
-10.0,1,1006.663278
-9.32,2,1006.734356
7.296652,23,1007.211534
-4.988021,13,1007.434552
-2.134083,14,1007.659691
26.052539,54,1008.599836
-6.662475,8,1008.836626
3.985159,35,1009.466074
15.02615,41,1010.191471
25.282738,51,1011.056838
7.425856,24,1011.549776
-10.0,1,1011.584847
8.924718,29,1012.0793
-8.24,5,1012.18016
5.887629,37,1012.882936
-3.625046,14,1013.138983
13.882886,37,1013.792633
4.171883,21,1014.204015
19.662549,37,1014.91681
-3.029337,8,1015.100787
18.842919,31,1015.67793
-6.575006,6,1015.788477
3.385572,23,1016.279068
-5.1678,7,1016.433187
-8.080411,4,1016.525958
-6.941043,10,1016.707473
-7.935258,6,1016.91169
17.81779,47,1017.679093
3.91511,21,1018.083947
-6.252383,6,1018.198189
-9.046388,2,1018.334688
19.934008,38,1018.971746
-6.501346,8,1019.128767
-10.0,1,1019.16179
19.743463,46,1022.104707
-10.0,1,1022.145113
-10.0,1,1022.186406
-2.847922,16,1022.528935
-2.085784,11,1022.876837
28.756559,60,1024.09498
-9.0,2,1024.171486
-10.0,1,1024.213756
2.337905,17,1024.624217
0.609298,14,1024.923686
-7.814329,6,1025.04239
-10.0,1,1025.07922
-7.040092,6,1025.305964
-6.274438,7,1025.47016
-1.642417,11,1025.661783
-9.32,2,1025.784695
3.574547,21,1026.482035
27.563816,45,1027.605666
10.828619,24,1028.153121
-9.32,2,1028.243394
67.599182,83,1030.108
59.637281,70,1031.316849
-4.325696,7,1031.457181
16.45813,47,1032.262241
1.738813,20,1032.655352
1.740151,24,1033.048771
-5.383834,8,1033.237002
-5.329048,15,1033.515036
-10.0,1,1033.653362
-8.031063,3,1033.70771
6.972737,25,1034.144412
-9.0,2,1034.187092
11.426962,39,1034.925636
15.332542,33,1035.483005
-8.465377,14,1035.768994
-6.0,5,1035.872916
-8.25113,3,1036.01894
10.411152,25,1036.434449
-9.0,2,1036.475664
7.989557,40,1037.149554
0.544357,18,1037.553015
0.128596,15,1037.822669
-8.020289,7,1037.948318
4.325468,22,1038.366835
2.411747,17,1038.729193
-6.973529,9,1038.892154
1.87561,14,1039.153178
-9.103912,3,1039.240152
15.694474,43,1040.057971
-10.0,1,1040.116333
1.469216,32,1040.65225
-10.0,1,1040.689817
-5.930048,7,1040.906679
-9.076426,2,1040.954697
-6.057597,8,1041.119443
-7.676865,6,1041.252867
6.909801,27,1041.782582
-5.506665,10,1041.968592
-9.182483,2,1042.010458
6.430244,25,1042.48442
20.082171,46,1043.29921
2.217693,17,1043.589982
49.646991,79,1044.935768
-4.401248,8,1045.088926
-10.0,1,1045.205981
-2.756689,10,1045.435285
0.134324,17,1045.810018
-4.087905,8,1045.996267
0.820509,12,1046.281599
-9.32,2,1046.352325
13.311662,47,1047.165258
-4.064844,8,1047.325646
-10.0,1,1047.469403
3.671232,15,1047.699302
-8.311829,6,1047.834232
-6.488907,7,1047.97742
-6.284424,5,1048.144492
-8.44,4,1048.244736
-3.483956,12,1048.476777
2.243357,21,1048.822508
6.681717,22,1049.264918
-10.0,1,1049.304398
47.221953,66,1050.461605
2.488675,17,1050.775203
-10.0,1,1050.879722
13.402411,32,1051.460249
18.626334,42,1052.169511
15.010464,47,1053.031972
-4.905207,7,1053.244879
-3.808624,10,1053.415264
4.669187,35,1054.02343
-9.056085,2,1054.090492
21.17591,37,1056.729576
-0.626444,24,1057.152392
-7.074048,4,1057.242868
-10.0,1,1057.275328
-3.029337,8,1057.505022
6.64786,39,1058.205975
2.384992,31,1058.768674
-4.141251,11,1058.952933
48.145284,77,1060.357238
-9.069979,2,1060.403173
-6.1616,6,1060.527261
-8.24,5,1060.626015
-7.515782,6,1060.808468
3.946847,25,1061.26483
-10.0,1,1061.298885
-10.0,1,1061.328994
-10.0,1,1061.427883
3.790233,23,1061.834559
9.322371,24,1062.235458
9.597724,42,1062.973309
-6.723112,15,1063.260896
-1.834911,12,1063.469727
17.896505,40,1064.164299
-9.0,2,1064.231261
-4.017383,26,1064.717604
-7.456392,5,1064.824589
-10.0,1,1064.858453
-4.752934,11,1065.045502
-7.377155,12,1065.339509
-9.054774,2,1065.379963
-9.32,2,1065.444765
21.094862,62,1066.42135
0.557517,18,1066.801723
-4.622534,19,1067.107093
-6.522162,10,1067.282563
-2.86961,12,1067.497752
2.462752,24,1067.9814
-8.179842,7,1068.133324
-5.863419,17,1068.424676
0.259135,14,1068.656298
4.763623,20,1069.065364
-10.326107,4,1069.155625
24.745295,55,1070.095145
-4.476874,9,1070.258892
-9.32,2,1070.399437
-5.998221,9,1070.552298
19.120642,32,1071.094275
17.329518,37,1071.724618
-3.0,8,1071.933354
18.930208,48,1072.720181
-11.133978,4,1072.817056
-3.622609,14,1073.112025
8.559977,31,1073.762482
21.384385,51,1074.651936
-6.058259,5,1074.800816
14.030009,34,1075.381224
-2.511332,9,1075.618011
2.542691,20,1075.980649
-7.049904,4,1076.061519
1.001037,16,1076.334006
-7.358165,5,1076.548058
-3.0,9,1076.707489
-1.906199,25,1077.124649
-5.762937,11,1077.325965
-9.32,2,1077.431081
-9.25676,2,1077.498368
-10.027202,2,1077.539833
6.024029,32,1078.053748
-6.922568,6,1078.263324
35.088978,71,1079.427317
33.271521,57,1080.359626
-10.012829,3,1080.442028
2.935222,22,1080.888988
-7.491373,11,1081.121106
-1.076265,23,1081.513214
-1.818113,12,1081.736033
-8.24,5,1081.907849
-0.120739,21,1082.257766
-0.960279,13,1082.489513
-8.2,6,1082.614345
-5.233215,6,1082.776156
22.18956,45,1083.523243
14.082691,49,1084.319008
-10.0,1,1084.347413
4.901798,18,1084.760421
-8.057545,4,1084.866748
-8.739518,5,1084.983632
-7.041743,4,1085.069396
9.623867,33,1085.705662
-3.800339,9,1085.855502
-0.357258,17,1086.160267
-10.068225,2,1086.206162
8.106829,26,1086.75783
48.305127,71,1087.929026
-5.666511,6,1088.063374
-9.021529,2,1088.104347
-8.24,5,1088.32138
-0.356456,21,1090.578823
15.145899,41,1091.308947
-1.339812,15,1091.621866
-1.463984,12,1091.911232
-6.679558,7,1092.080641
-8.44,4,1092.189504
-10.0,1,1092.23198
17.59777,47,1093.137271
-9.32,2,1093.179448
50.845728,72,1094.397264
-3.22602,8,1094.538478
6.717013,30,1095.108745
7.900892,27,1095.540318
-10.0,1,1095.597968
3.323509,20,1095.954614
24.632086,54,1096.924131
-1.24799,12,1097.132561
-0.578769,12,1097.339774
10.883279,29,1097.835769
-6.096834,5,1098.030052
2.193737,15,1098.28012
34.7972,69,1099.482203
13.376445,39,1100.113023
-8.315437,3,1100.263692
32.104114,66,1101.445525
-10.0,1,1101.483711
-0.076026,11,1101.695957
-5.38852,8,1101.929227
20.103057,44,1102.693585
-2.908812,13,1102.930012
-4.577703,11,1103.211472
-8.042618,11,1103.461383
10.953579,26,1103.9049
-7.863275,6,1104.010405
8.637111,30,1104.522616
7.899853,22,1104.947918
52.259955,86,1106.44635
35.415421,68,1107.581999
-7.894585,5,1107.680343
-7.307541,4,1107.851697
11.149645,32,1108.378408
4.501222,21,1108.728506
-4.086865,7,1108.866098
-8.44,4,1109.028699
-4.168299,8,1109.16965
7.56994,24,1109.582628
-9.032133,8,1109.748735
6.411124,22,1110.204056
14.074446,30,1110.683832
-1.657567,11,1110.893646
28.956742,53,1111.740791
-8.408411,4,1111.891719
33.248012,60,1112.918325
3.253812,21,1113.288334
-6.472375,7,1113.45078
-8.433853,7,1113.693413
-0.585974,25,1114.138211
-9.04212,2,1114.212893
-8.61098,4,1114.309986
2.990084,16,1114.70837
-6.073704,13,1114.948536
-2.092817,13,1115.183522
-9.052378,2,1115.255397
4.277004,23,1115.714399
25.341188,45,1116.518259
-9.16,1,1116.562863
-9.303759,2,1116.603501
-5.825242,7,1116.837909
-10.172886,2,1116.909639
-8.419104,3,1116.965951
-3.475622,19,1117.339553
6.974171,21,1117.803604
11.055804,31,1118.356005
0.226384,13,1118.601627
1.927126,20,1118.958753
7.577213,20,1119.397976
-6.330202,9,1119.603867
8.145606,32,1120.174721
13.5695,38,1120.847188
-9.32,2,1121.003164
-10.538572,3,1121.066555
53.549723,86,1124.614224
17.444458,43,1125.461569
-8.8,3,1125.584163
3.810521,21,1126.018537
-10.0,1,1126.054326
11.87415,29,1126.639051
-10.0,1,1126.742449
-2.616085,15,1127.040915
-7.055358,4,1127.13129
3.556338,20,1127.500759
2.475461,16,1127.861396
-9.030838,2,1127.933859
-8.2,6,1128.049788
-2.265324,11,1128.277955
-9.32,2,1128.39149
9.743682,26,1128.897564
-3.001179,11,1129.117483
14.836836,42,1129.871538
22.830057,42,1130.687321
16.560867,39,1131.340913
6.152582,27,1131.815069
-8.991508,6,1131.951706
-10.0,1,1132.047896
19.374313,52,1132.917842
-7.340308,4,1133.004611
-8.8,3,1133.077268
-9.030838,2,1133.186489
-6.131995,6,1133.316204
-5.748867,11,1133.50712
-2.729659,12,1133.726012
-10.0,1,1133.861505
1.654457,13,1134.091228
12.688225,43,1134.800076
-5.132645,12,1135.025501
26.500092,70,1136.250824
-5.66786,10,1136.439389
15.038948,32,1136.977163
-4.152544,13,1137.217622
-1.44563,14,1137.528212
-8.24,5,1137.647918
-9.32,2,1137.693067
5.66806,28,1138.21928
17.829212,33,1138.911073
-3.204957,12,1139.1418
-7.99667,4,1139.236311
-5.065019,8,1139.394354
5.260977,45,1140.312181
8.360145,30,1140.84125
3.621751,20,1141.202736
10.972777,29,1141.719443
47.313008,76,1143.133908
-2.340786,18,1143.468675
-6.484321,10,1143.650035
16.372762,41,1144.396238
-8.8,3,1144.51684
-1.755155,13,1144.76874
-8.734393,3,1144.821657
-9.083774,2,1144.89455
-6.807434,5,1145.05773
4.957808,26,1145.516026
13.044585,52,1146.431792
-10.0,1,1146.469193
40.617011,79,1147.966347
-10.0,1,1147.999448
65.323031,82,1149.360869
-4.261838,8,1149.520199
-3.0,8,1149.744071
13.906775,52,1150.641541
20.626977,48,1151.464449
-2.730122,14,1151.739489
-10.0,1,1151.84531
8.821623,25,1152.273173
18.12407,38,1153.016373
8.608296,28,1153.483455
-10.0,1,1153.5841
8.486454,37,1154.213549
-2.458488,11,1154.438415
-8.13405,3,1154.520274
-3.008506,15,1154.966841
7.991201,24,1155.400408
0.569807,19,1155.711591
7.594008,35,1156.320947
-3.754241,22,1156.80832
7.089524,26,1159.272228
27.614903,45,1159.997943
-8.937393,6,1160.1355
-3.101145,11,1160.412767
16.630935,41,1161.138644
-1.2523,13,1161.400764
32.104506,57,1162.419323
-10.0,1,1162.55562
-10.0,1,1162.595572
-10.0,1,1162.627898
-10.0,1,1162.661289
6.614899,24,1163.220927
-10.330804,8,1163.379421
-2.131678,9,1163.560534
-10.0,1,1163.59778
-10.000433,4,1163.767177
-2.796046,23,1164.164333
-6.262404,5,1164.26996
5.356599,28,1164.760218
2.117706,21,1165.163393
-2.247455,9,1165.323206
1.146305,27,1165.809388
0.967042,13,1166.023368
3.063593,26,1166.611245
-1.06416,15,1166.879819
-3.860594,11,1167.065944
-8.44,4,1167.154149
-8.114197,4,1167.32268
-0.818049,13,1167.583145
0.260138,17,1167.886
-3.776721,10,1168.068127
35.572417,65,1169.256006
-5.840051,6,1169.36013
11.314501,25,1169.795187
-0.731418,16,1170.092454
-5.192709,9,1170.365607
-4.241198,11,1170.55812
39.608894,78,1171.894347
13.499711,30,1172.399892
-7.529012,5,1172.591118
-4.574165,10,1172.771403
-8.021383,4,1172.860982
-6.46385,6,1172.996222
26.995661,56,1174.039407
14.778555,30,1174.534999
22.534094,51,1175.404237
-5.70278,8,1175.5567
-2.771857,19,1175.987859
20.804307,42,1176.676532
-8.44,4,1176.761758
5.829974,23,1177.185827
14.064932,43,1178.021078
11.775859,36,1178.664509
12.329892,36,1179.313945
10.084462,29,1179.836503
-4.141488,11,1180.130124
-8.384649,4,1180.219755
-6.079196,9,1180.399389
-9.32,2,1180.441561
-8.24,5,1180.661863
-9.034599,2,1180.709334
8.809731,27,1181.235461
33.794512,77,1182.594377
3.036624,20,1183.03319
6.241467,23,1183.451679
6.048313,29,1183.971048
12.544709,36,1184.619425
-10.0,1,1184.727022
15.654939,33,1185.340219
-7.719365,15,1185.620901
-5.289859,7,1185.776202
21.024311,50,1186.770513
-10.0,1,1186.808481
-2.085657,12,1187.048123
0.99605,19,1187.409741
-11.51332,18,1187.812933
0.647954,13,1188.049209
1.953755,23,1188.493505
0.085994,13,1188.735635
5.56941,24,1189.246651
-6.02666,7,1189.402626
5.281565,20,1189.778399
-9.41829,3,1189.86614
-1.285511,15,1190.2446
-5.721835,6,1190.364309
-9.025534,2,1190.439269
15.865273,32,1191.028571
-2.973724,9,1193.16369
-11.185624,3,1193.249985
-10.0,1,1193.289787
-3.098556,18,1193.634464
-7.734716,6,1193.866199
26.15021,50,1194.761849
-5.279396,9,1194.969929
4.9873,20,1195.345963
-5.162714,8,1195.589605
-6.634068,6,1195.713267
-8.221266,4,1195.808626
-8.0,3,1195.893719
-0.006265,16,1196.2742
-2.387811,16,1196.590186
2.114994,18,1196.9159
3.95906,21,1197.329323
37.713874,86,1198.929449
-10.0,1,1198.963161
10.670999,25,1199.44199
-4.604351,10,1199.630443
16.857502,34,1200.347505
22.481014,47,1201.176184
-6.549373,7,1201.33395
2.307588,20,1201.708281
-6.178278,8,1201.948666
-8.32,7,1202.102348
7.919126,23,1202.530095
9.844909,37,1203.207856
3.542052,18,1203.603053
-0.050154,21,1204.016471
3.96381,18,1204.341936
6.415939,21,1204.791285
55.661823,84,1206.321167
11.411159,33,1206.950572
18.657592,55,1207.972132
8.237612,21,1208.383106
18.293118,42,1209.188866
7.662183,30,1209.753682
14.564083,56,1210.79974
-1.407376,11,1210.989372
-8.24,5,1211.192128
0.140047,14,1211.442281
-5.848018,9,1211.609499
25.934096,53,1212.597272
12.987376,38,1213.356281
-2.725806,11,1213.585213
12.854737,39,1214.297487
1.526505,13,1214.537634
-10.0,1,1214.643597
-9.021848,2,1214.715339
-10.0,1,1214.754017
-5.293764,9,1214.936424
-6.487698,5,1215.118603
20.591053,38,1215.812833
-0.042599,22,1216.227639
7.379925,27,1216.726135
-2.455149,12,1217.033843
4.557717,21,1217.43444
40.403925,71,1218.699722
-10.0,1,1218.732361
-7.190929,15,1219.138143
4.15451,34,1219.833226
0.793568,28,1220.357527
-3.39186,8,1220.518005
15.140586,40,1221.299362
-6.389345,6,1221.415908
8.103287,25,1221.865009
1.227762,23,1222.310903
-7.823484,5,1222.48682
6.587296,38,1223.197136
-10.0,1,1223.230692
17.650463,40,1223.950164
-7.145191,4,1224.112669
-10.0,1,1224.14707
-7.708823,6,1224.289971
24.037593,48,1225.168526
-0.028058,19,1227.438531
-6.600042,6,1227.556963
1.964145,23,1227.993273
-1.597298,14,1228.248879
13.55949,38,1229.035642
-2.936838,18,1229.389193
-4.828586,11,1229.613617
-9.64,4,1229.711693
-6.840196,14,1230.083771
-0.065865,13,1230.333895
-3.979843,17,1230.653188
-7.6,4,1230.753683
-2.716926,13,1231.075289
-9.32,2,1231.144941
11.986334,30,1231.668741
4.714564,29,1232.213844
2.354314,18,1232.60987
-5.344582,6,1232.754528
19.461926,50,1233.662468
5.251883,21,1234.051109
-8.015556,3,1234.205249
6.794831,29,1234.709038
8.314055,27,1235.231237
-10.130699,3,1235.325708
21.257106,53,1236.321369
-4.880677,8,1236.48388
21.267992,37,1237.140944
-10.0,1,1237.204041
17.454258,42,1238.059463
-4.083587,7,1238.212534
-10.0,1,1238.244853
-3.209968,13,1238.483488
0.0,12,1238.788101
-4.960385,7,1238.937028
-6.160374,8,1239.094529
-7.078838,4,1239.18767
3.424466,26,1239.74137
-0.737013,11,1239.935268
34.895039,79,1241.320336
9.319126,43,1242.097484
-9.32,2,1242.220089
-9.48,3,1242.304835
2.028343,25,1242.761831
4.192075,17,1243.123193
3.338382,15,1243.520633
-5.08887,7,1243.676031
-4.000862,10,1243.883831
16.33045,34,1244.457222
32.047829,52,1245.452688
-1.469178,10,1245.655692
19.979167,40,1246.369449
-8.486538,5,1246.487392
-9.306297,2,1246.600848
-8.090757,5,1246.725442
-4.683835,14,1246.987893
25.753007,45,1247.766819
-10.156023,6,1247.982846
-3.547624,13,1248.218456
-9.32,2,1248.289141
18.716464,47,1249.117639
-10.0,1,1249.237559
13.535091,32,1249.795558
-8.434265,7,1249.91848
44.586389,72,1251.160733
8.751044,32,1251.796459
-8.082354,4,1251.88492
2.092328,23,1252.291339
-9.414999,3,1252.37123
35.840802,79,1253.966809
61.111959,81,1255.424721
38.278303,57,1256.384088
-5.231608,10,1256.596961
-3.761375,11,1256.862043
-5.298023,9,1257.075942
-1.409126,13,1257.32052
17.951719,33,1257.915139
6.041257,25,1258.43854
-5.421402,27,1258.960099
3.252026,17,1259.270104
-8.081311,8,1261.307808
-5.708539,6,1261.518527
1.531378,22,1261.895112
1.196502,13,1262.155171
3.020886,16,1262.469947
-6.161619,8,1262.713892
-8.431057,3,1262.764575
30.667032,53,1263.681851
12.212851,46,1264.486726
2.995935,20,1264.923908
14.538904,35,1265.596295
-7.413395,12,1265.831608
10.308562,35,1266.453589
-7.086431,4,1266.61857
-2.184858,23,1267.005868
36.255967,55,1268.004032
-5.245092,9,1268.1776
-8.570686,3,1268.346403
5.412629,31,1268.902878
19.860037,34,1269.446682
-10.0,1,1269.508929
1.912545,33,1270.111275
22.838852,43,1270.886587
15.158932,34,1271.479335
-6.748116,8,1271.640773
9.471236,32,1272.249295
5.27395,23,1272.681984
14.637871,31,1273.227248
-8.385855,4,1273.321049
-8.8,3,1273.447965
-10.055185,3,1273.536465
63.806474,85,1274.986993
0.430921,13,1275.244473
6.323767,31,1275.853462
8.927151,28,1276.349989
-8.8,3,1276.433528
-1.518607,19,1276.783793
-5.945055,17,1277.14239
-0.275834,25,1277.606756
6.886977,25,1278.048696
24.918258,41,1278.715707
-7.027089,4,1278.866112
-2.305002,14,1279.111565
-3.000753,10,1279.316573
0.968504,14,1279.582654
12.395946,37,1280.412136
42.828507,63,1281.499436
-7.6,4,1281.604089
-4.483817,12,1281.818674
-8.0,3,1281.967423
0.134687,14,1282.228052
-5.437656,8,1282.383759
21.773359,53,1283.320571
-9.48,3,1283.492401
9.561771,27,1283.930654
-1.420409,16,1284.206637
54.715664,64,1285.216465
-9.007876,2,1285.362239
12.002535,27,1285.813708
39.888305,64,1287.020083
-7.96,3,1287.082746
-3.183109,17,1287.468476
-8.032679,3,1287.520865
28.025518,47,1288.321652
-5.123052,11,1288.538223
9.759328,34,1289.143491
-8.121399,3,1289.216203
5.744752,25,1289.627009
17.028038,44,1290.363608
10.077183,27,1290.923168
25.988101,50,1291.796442
10.2431,25,1292.24627
-5.415662,8,1292.401795
5.26555,24,1292.900329
12.105117,25,1293.311364
1.615711,18,1295.517542
-7.241597,4,1295.609366
-2.86615,11,1295.882981
3.565328,22,1296.315162
17.723144,40,1297.018672
-1.742039,13,1297.246568
-8.24,5,1297.427423
6.223405,27,1297.892207
-9.040747,5,1297.993231
49.358805,73,1299.238613
10.75009,42,1300.029182
26.387755,71,1301.256754
5.263577,17,1301.549636
-0.683618,23,1301.960572
-9.119756,2,1302.082815
10.584598,44,1302.82627
-2.36103,14,1303.092569
6.565472,31,1303.713766
-5.05702,7,1303.937218
7.670831,29,1304.532436
29.574756,63,1305.649301
-8.0,3,1305.727442
26.458464,68,1306.895879
21.896837,54,1307.773394
18.299129,47,1308.576783
12.110546,36,1309.206872
13.894685,41,1309.968465
60.403339,83,1311.261214
7.619174,33,1311.844078
8.814646,31,1312.37975
-9.244029,3,1312.544551
-8.806522,4,1312.658967
-3.689418,22,1313.043525
-6.0,5,1313.139752
-10.0,1,1313.236718
-10.0,1,1313.278057
-2.150122,17,1313.603362
-10.0,1,1313.640495
16.01832,33,1314.245697
2.810771,32,1314.778134
-7.143528,6,1314.920121
45.287893,70,1316.020638
-6.056856,10,1316.289679
-8.2,6,1316.390495
-2.158509,13,1316.605247
11.433165,26,1317.055622
2.832322,40,1317.802871
-7.6,4,1317.897101
10.392109,37,1318.499701
38.888507,85,1319.852988
0.393207,22,1320.292005
17.266073,36,1320.868527
24.440977,39,1321.492857
42.321421,64,1322.50909
11.168335,32,1323.094715
-9.167438,2,1323.139441
53.122498,69,1324.258405
0.541641,21,1324.63114
8.069747,34,1325.240514
-0.313297,17,1325.526682
-9.031873,2,1325.630857
-4.149359,10,1325.794435
2.524738,21,1326.227759
-5.643158,8,1326.37621
-10.0,1,1326.409052
4.185183,19,1326.733651
7.716723,23,1327.167521
-10.0,1,1327.224292
-10.12461,5,1327.322407
-3.091411,9,1327.482945
-8.404428,4,1329.504468
-6.002911,8,1329.652841
12.181939,30,1330.152449
-9.005438,2,1330.195101
-0.840959,11,1330.482685
18.262659,45,1331.204876
-8.514605,3,1331.282647
-0.74539,16,1331.565712
19.381002,43,1332.345392
-8.36,8,1332.492761
9.642137,26,1332.902498
-2.095458,13,1333.134686
-0.225565,15,1333.451982
59.558848,88,1334.860483
-6.634569,6,1334.986481
-8.21895,3,1335.040017
-5.381121,13,1335.355192
18.773748,54,1336.206478
2.884524,26,1336.637892
-1.869706,12,1336.839619
-10.0,1,1336.941671
18.060308,44,1337.680014
-9.061213,3,1337.753295
-8.44,4,1337.835609
-7.947481,4,1338.001576
-7.550016,10,1338.165939
15.56928,32,1338.676881
-8.0,3,1338.754345
2.236162,21,1339.162256
19.081006,39,1339.795944
74.158237,85,1341.136178
-9.028716,2,1341.199452
25.093775,48,1342.120529
-9.089203,2,1342.165556
-6.792918,8,1342.327614
1.917432,16,1342.657603
-5.990115,14,1342.998994
8.786221,23,1343.400736
-1.119066,17,1343.750505
9.404345,21,1344.100388
36.830202,82,1345.584729
-5.455141,7,1345.732008
26.889118,44,1346.484697
-9.859502,3,1346.574394
1.00718,13,1346.876042
18.039339,43,1347.644687
17.639029,47,1348.501053
0.556684,12,1348.735661
-8.8,3,1348.856232
7.959096,25,1349.315405
-1.958983,13,1349.554865
-3.719667,21,1349.928846
0.639465,15,1350.294907
44.681333,76,1351.688966
1.20558,15,1351.966111
-9.0,2,1352.011469
-0.39661,18,1352.436067
-4.870504,11,1352.64626
-9.32,2,1352.721089
-8.034962,3,1352.799114
-10.0,1,1352.901276
-4.129106,7,1353.064789
-7.490406,6,1353.186932
8.201819,32,1353.78785
65.182157,88,1355.406542
-9.076338,2,1355.482715
-2.939917,11,1355.686264
2.13073,24,1356.173308
2.126455,20,1356.611003
4.639608,19,1356.979587
15.718917,32,1357.614321
-9.031802,2,1357.690232
20.408221,41,1358.523195
-3.910761,10,1358.703298
-4.515072,13,1358.966152
5.995328,26,1359.424429
19.013657,46,1360.323971
0.989002,25,1360.832648
-4.698553,7,1360.976481
-9.16,1,1361.022976
-0.081753,13,1361.347805
2.436089,14,1361.623478
-5.216433,10,1363.67025
-7.828866,4,1363.758641
10.208503,32,1364.397031
-1.736074,12,1364.623498
-6.542142,6,1364.770623
33.215627,76,1366.130033
11.199744,39,1366.874239
-0.420235,26,1367.453353
3.788965,30,1367.999645
2.084944,18,1368.358776
-5.713045,9,1368.603757
50.508183,75,1369.9229
-0.039911,16,1370.234097
25.151368,45,1370.998262
-9.16,1,1371.106354
4.640332,23,1371.509424
4.830509,35,1372.117897
30.927584,77,1373.415242
-5.24698,11,1373.724943
27.317611,81,1375.128756
0.566267,13,1375.364458
0.766981,15,1375.63346
-5.373158,13,1375.945417
0.98829,18,1376.287779
5.441184,26,1376.738091
-8.534801,4,1376.835392
-2.449165,10,1377.111009
-2.559322,17,1377.405479
59.563417,105,1379.34955
3.515251,26,1379.843021
3.686413,18,1380.241884
-8.350392,3,1380.318425
-1.602125,15,1380.585829
-3.433621,15,1380.845391
18.726708,51,1381.757396
-8.44,4,1381.847648
-6.121648,5,1382.015062
-9.045129,2,1382.078918
14.20517,36,1382.789169
6.702704,33,1383.4009
3.743359,23,1383.810329
40.108012,64,1384.878865
45.855733,71,1386.11619
-6.169232,6,1386.226056
36.66327,69,1387.398056
-3.415614,8,1387.565186
22.066024,42,1388.363501
4.118816,21,1388.723876
-4.302258,7,1388.863514
-7.156503,10,1389.069593
0.794101,14,1389.387929
-4.137992,7,1389.527578
-0.241413,15,1389.797436
-10.0,1,1389.832143
-8.038066,3,1389.999917
-3.258958,9,1390.177511
-1.804763,13,1390.413986
9.965952,25,1390.827841
11.368867,35,1391.517869
0.784303,16,1391.808139
6.370066,22,1392.207395
-9.32,2,1392.254383
42.135199,79,1393.694471
-5.389432,9,1393.858673
1.197242,16,1394.122968
10.00738,30,1394.652979
-6.754191,18,1395.037875
14.347629,40,1395.718461
-7.271099,6,1397.722515
3.642727,21,1398.09312
5.959818,24,1398.565427
59.514304,73,1399.715339
-10.384,2,1399.781642
0.32674,17,1400.05665
-3.108348,8,1400.275337
-7.640167,6,1400.385332
-10.0,1,1400.443729
30.274472,58,1401.389839
-9.303708,2,1401.522973
-6.907978,8,1401.677489
8.596666,21,1402.005786
-5.724116,16,1402.333583
-5.353198,10,1402.591627
-5.380868,6,1402.711103
-0.132739,17,1402.99658
-6.179465,8,1403.13845
-9.0,2,1403.278962
24.468322,54,1404.18589
-9.32,2,1404.254689
-2.269767,22,1404.646564
8.316841,25,1405.149523
-8.8,3,1405.225064
-9.043688,2,1405.28809
37.596404,71,1406.52643
-11.548467,3,1406.69093
14.354921,33,1407.22994
-2.767816,17,1407.553056
26.041851,50,1408.424752
-10.0,1,1408.564532
8.048399,29,1409.638665
-7.8,6,1409.792864
7.452594,33,1410.601287
-2.316084,11,1410.962793
1.034501,26,1411.893784
14.86204,29,1412.929888
19.186611,37,1414.147081
4.05753,24,1415.077435
-7.216327,7,1415.351196
27.187289,54,1417.012834
0.561858,18,1417.650901
18.268084,58,1419.572515
-6.4944,5,1419.823665
10.071516,24,1420.710412
-4.669965,7,1421.001919
9.189805,31,1422.095002
-10.0,1,1422.146919
-3.655486,9,1422.592252
-5.849872,7,1422.823049
-4.199907,18,1423.745713
-7.449791,5,1423.98061
-10.0,1,1424.059467
-4.308077,10,1424.563774
6.150875,25,1425.499431
-5.152126,6,1425.757755
-8.92,5,1425.974442
30.883184,67,1428.309803
5.981927,31,1429.538398
10.278066,28,1432.483904
-1.111328,16,1433.107749
-5.607658,9,1433.500152
-5.338585,18,1434.246585
-10.0,1,1434.311889
10.07263,23,1435.22933
-8.102808,8,1435.545906
-8.015722,3,1435.82204
0.796454,12,1436.294087
1.270925,15,1436.869813
0.341838,18,1437.469871
22.931285,53,1439.497238
-9.046301,2,1439.67385
-8.695361,14,1440.156031
-1.42344,11,1440.62507
-7.585262,10,1441.078956
16.439989,52,1442.955505
3.84749,23,1443.755792
4.954528,21,1444.585827
-11.436,3,1444.790271
1.722459,14,1445.374611
-3.795028,12,1445.812769
-6.284446,11,1446.268587
7.94931,27,1447.290591
3.281181,22,1448.171206
64.6948,86,1451.274338
-4.038348,10,1451.683768
6.881927,23,1452.697557
11.784266,32,1453.86925
18.36364,44,1455.423975
-3.324281,8,1455.758152
-0.427138,14,1456.324381
-8.139044,3,1456.491569
-5.953188,6,1456.720842
-4.06705,13,1457.314204
45.41723,94,1460.717812
12.84725,41,1462.121278
35.093525,70,1466.313807
0.923372,21,1466.994543
-4.06589,7,1467.381512
74.399249,82,1470.226337
28.518736,62,1472.346893
5.509221,23,1473.221683
15.491369,46,1474.939189
25.075734,48,1476.540981
27.308802,65,1478.832408
-1.820153,18,1479.504166
-6.668007,8,1479.893511
-8.0,3,1480.037859
-7.030523,10,1480.433853
1.578703,15,1481.059764
-9.32,2,1481.207976
-6.524759,7,1481.583061
4.530779,16,1482.203879
-7.617564,7,1482.505877
-9.044964,2,1482.666367
-6.847131,10,1483.063828
7.746707,26,1483.957681
44.357495,82,1486.753014
-8.88697,4,1487.009373
4.625698,26,1487.840738
-6.100101,8,1488.213944
15.292591,43,1489.849003
0.506552,17,1490.557182
6.254493,19,1491.161296
-2.610867,13,1491.685559
-4.309546,11,1492.28311
9.222,23,1493.218109
0.430716,18,1493.807639
-7.856676,8,1494.139575
-1.299559,11,1494.554064
-9.32,2,1494.760958
38.763485,68,1497.279823
-9.0,2,1497.368049
3.821593,27,1500.186896
-8.8,3,1500.451246
11.743393,38,1501.773918
-2.79782,12,1502.305579
2.456423,25,1503.25189
-10.0,1,1503.43778
-10.0,1,1503.511354
-6.261467,8,1503.849334
1.760682,16,1504.407924
0.609136,18,1505.156072
11.116371,26,1506.040592
-7.068815,6,1506.237111
-9.018805,2,1506.374398
18.725413,50,1508.150731
-8.24,5,1508.426733
3.207412,15,1508.940838
62.571333,81,1511.843936
-8.0,3,1512.026609
3.47913,23,1513.247514
4.650142,17,1513.831247
-10.196555,5,1514.063726
-1.700613,13,1514.627043
-5.939542,6,1514.836708
38.434721,69,1517.208373
-1.237848,10,1517.542521
12.755512,30,1518.678182
-8.413537,3,1518.761096
12.375235,40,1520.185516
27.113367,50,1521.941161
14.691552,28,1523.070262
-9.001287,5,1523.281848
13.034021,29,1524.370331
-6.365024,6,1524.675154
-2.880615,17,1525.385348
-4.765295,11,1525.82219
-3.066006,13,1526.318351
8.088447,31,1527.420379
7.90111,34,1528.812256
17.925261,43,1530.437331
17.760658,40,1531.908485
11.693366,36,1535.122782
-1.125704,13,1535.703816
3.455397,22,1536.498294
-10.0,1,1536.554872
12.400754,36,1537.801288
-1.817324,19,1538.592116
-7.730202,6,1538.816506
1.271294,23,1539.696856
-8.24,5,1539.936
2.3113,19,1540.757115
-9.564681,3,1540.930729
-0.506482,25,1541.86861
19.590164,45,1543.510618
-7.0,4,1543.775246
23.855186,57,1545.881706
-3.894608,13,1546.344965
-5.518695,7,1546.647707
3.230038,26,1547.645345
-7.21202,4,1547.810667
12.263935,44,1549.423194
4.153158,18,1550.127691
11.602835,39,1551.792086
-4.136514,9,1552.153388
22.233887,38,1553.410647
-1.334149,10,1553.823467
1.594881,14,1554.37126
-2.139804,9,1554.752742
-8.8,3,1554.927954
-2.840485,13,1555.42741
34.444221,56,1557.454127
-2.53783,11,1557.86066
-5.517663,8,1558.200725
-6.966593,7,1558.542337
-4.849535,7,1558.944526
0.0,11,1559.293937
-7.094184,4,1559.464219
-0.284887,16,1560.134062
-4.77054,8,1560.534563
55.492198,85,1563.714838
10.706751,25,1564.592443
-1.075144,13,1565.08719
-2.626361,11,1565.58093
17.525819,50,1569.284222
1.910504,22,1570.113178
7.264001,30,1571.092411
24.158262,50,1572.952506
-3.747673,9,1573.242129
15.839852,43,1574.822652
30.081179,61,1576.892344
-2.065193,13,1577.456203
-0.536275,16,1578.155598
10.13471,25,1579.203078
-1.186398,15,1579.739976
29.209703,63,1582.166803
11.580344,31,1583.331326
14.561198,45,1584.900179
-3.859116,8,1585.195445
-4.302836,8,1585.596113
0.002589,16,1586.166907
63.144998,95,1589.528701
29.147797,58,1591.413463
-2.208099,21,1592.475118
-8.32,7,1592.702286
62.702917,72,1595.314353
-4.920798,8,1595.64446
-0.435985,20,1596.496984
23.783179,47,1598.150812
4.201907,19,1598.804807
-7.96,3,1598.966938
-0.264995,11,1599.404013
26.049228,44,1602.716421
-8.660075,3,1602.872935
15.867539,36,1604.180368
-5.221656,14,1604.803514
8.563533,28,1605.708943
33.044983,56,1607.613316
-1.61516,12,1608.086665
-8.07623,3,1608.299659
2.133307,32,1609.415842
-1.359082,16,1609.990674
-10.0,1,1610.122319
13.370198,31,1611.188841
0.186609,16,1611.752705
5.385392,18,1612.414855
-9.974453,3,1612.581158
31.864816,52,1614.70356
-7.081569,4,1614.870056
-8.246576,3,1614.966543
-1.779634,10,1615.389679
1.641623,16,1616.064372
-8.0,3,1616.229376
59.127163,84,1619.316529
13.805209,29,1620.323846
24.37065,46,1622.033752
3.263257,25,1622.905914
19.343821,45,1624.423086
-5.735465,7,1624.749721
37.263047,77,1627.497971
9.658249,29,1628.542421
-9.090561,2,1628.700664
41.273053,59,1630.736752
-4.703867,23,1631.716218
-6.029441,5,1631.956515
3.050521,22,1632.809248
6.917926,28,1633.861131
16.629506,43,1637.214198
-4.354685,8,1637.511976
-10.0,3,1637.616279
0.887904,18,1638.254461
-10.0,1,1638.392098
0.449844,16,1639.029423
23.821716,51,1640.691628
-8.581237,3,1640.833326
16.233741,40,1642.258788
-7.145585,5,1642.447672
-9.112261,2,1642.519872
19.923325,33,1643.955997
-5.085012,6,1644.329767
1.649886,18,1645.030162
-8.101752,4,1645.251287
2.955649,21,1646.106176
6.181632,20,1646.899238
10.491631,42,1648.655965
9.493967,27,1649.906389
-6.443202,10,1650.359553
26.044949,52,1652.734988
7.707761,26,1654.041185
28.357555,44,1655.710258
5.69211,20,1656.494521
31.664593,56,1658.786958
0.817124,16,1659.404029
-7.010104,5,1659.592608
-4.541448,8,1659.996985
-4.262553,7,1660.419059
7.43302,24,1661.362201
-10.0,1,1661.425997
24.733128,43,1663.093616
4.488923,20,1664.053859
18.288153,33,1665.299341
13.38336,36,1666.635275
19.018431,37,1668.233799
-0.987762,13,1670.83171
9.233834,24,1671.81739
10.376506,34,1673.086489
-10.0,1,1673.240975
-5.736661,9,1673.688985
31.403075,53,1675.907723
74.833863,83,1679.553179
-1.417641,12,1680.087867
13.651626,32,1681.505509
1.099518,20,1682.398687
6.792979,19,1683.188291
20.9395,54,1685.307276
1.769537,13,1685.902829
13.609057,29,1687.19135
58.019909,76,1690.026157
-4.085016,8,1690.375712
56.710694,84,1693.719014
21.639152,48,1695.53775
-5.461516,8,1696.029424
-7.0,4,1696.24156
-6.063045,5,1696.527421
-2.677365,11,1696.976267
-5.321677,6,1697.267096
-8.48,2,1697.431931
7.680246,29,1698.71357
3.727437,18,1699.467034
3.273362,20,1700.38908
15.231007,40,1702.151856
6.746655,19,1704.995221
5.767853,25,1706.137607
-9.026635,2,1706.310623
43.497386,67,1709.288658
10.988886,28,1710.703002
-9.027233,2,1710.797095
-2.770217,15,1711.591519
-6.584349,8,1711.916944
16.350723,32,1713.262637
-4.367035,9,1713.638336
-7.990877,4,1713.892216
58.013561,97,1717.775473
16.264646,40,1719.476551
-8.964018,12,1719.968738
31.025974,48,1721.898385
-10.0,1,1722.015812
14.869388,41,1723.846897
27.103546,60,1725.986094
-1.305481,20,1726.767725
-7.36,7,1727.045103
17.187646,39,1728.732639
-10.0,1,1728.889613
37.31014,60,1731.363843
-10.0,1,1731.433251
40.384351,72,1734.519857
0.58574,12,1735.103064
8.925077,27,1739.160547
34.682195,67,1742.00534
-3.464216,18,1742.830033
0.456686,20,1743.721856
-3.804253,11,1744.182167
30.986391,55,1746.380103
5.587779,22,1747.455639
5.305597,25,1748.658547
-4.631554,13,1749.319625
-6.0,5,1749.651106
-9.031753,2,1749.832311
6.10338,31,1751.263702
8.872137,25,1752.347019
8.580841,33,1754.136112
-2.936802,18,1755.152759
-3.230151,10,1755.559888
11.868485,36,1757.22074
-8.44,4,1757.468792
21.665367,48,1759.494683
15.160016,36,1761.161782
-2.034233,18,1762.030444
30.485168,61,1764.502297
66.673824,100,1768.526748
-0.600376,15,1769.183676
-5.014876,6,1769.409152
18.884547,41,1771.02959
11.058833,24,1774.042373
10.293916,29,1775.202048
-5.003233,6,1775.488914
-6.0,5,1775.821823
-3.639458,11,1776.314807
-4.230802,10,1776.763392
3.35703,26,1777.856774
8.444075,23,1778.876889
41.481411,68,1781.469632
-7.36,6,1781.812758
0.50121,15,1782.40721
-0.128033,16,1783.045923
-7.055358,4,1783.313414
60.619137,92,1786.810217
58.324569,78,1789.635847
-0.212214,15,1790.228426
9.516202,31,1791.48151
15.404201,34,1792.76553
21.968465,51,1794.665702
-6.055358,5,1794.849753
25.776171,61,1797.236524
-6.396445,6,1797.600286
41.243856,67,1800.386751
-2.275101,11,1800.845788
-7.162305,8,1801.264465
1.485694,15,1801.972198
16.807552,41,1803.512993
18.200083,40,1805.024156
46.663239,80,1809.949136
72.67526,84,1813.300644
47.273959,82,1816.527923
-6.69252,5,1816.76852
-3.518588,13,1817.461049
-4.506942,7,1817.781643
26.482505,43,1819.393716
65.247525,89,1823.034767
-10.0,1,1823.200631
25.268549,54,1825.268694
5.444974,26,1826.344625
-9.32,2,1826.59876
8.078713,36,1828.337388
15.447407,45,1830.178592
7.159945,19,1831.046798
3.908291,18,1831.707158
-5.01424,6,1832.115758
-9.522164,4,1832.325662
4.975842,24,1833.232964
-5.121164,6,1833.444016
26.030876,61,1836.221659
-0.475212,12,1836.928283
15.385274,39,1838.769696
16.586355,34,1842.000023
2.855082,24,1843.169788
-6.193782,5,1843.354266
3.607943,22,1844.265607
58.069801,81,1847.70459
66.229937,86,1851.46329
2.015309,15,1852.015032
16.491992,43,1853.686212
32.94639,50,1855.722234
67.360488,80,1859.364228
-8.8,3,1859.575177
-9.180394,2,1859.665109
-5.043686,9,1860.191383
26.323824,53,1862.227873
23.952798,39,1863.753937
20.066435,39,1865.292905
8.49288,28,1866.608914
-3.135464,18,1867.510071
6.119678,27,1868.822736
20.788951,35,1870.374138
32.459866,47,1872.315626
-10.208813,2,1872.558547
-5.948872,7,1872.834451
-7.920697,4,1873.062522
66.118973,90,1878.488291
2.45774,14,1879.138101
14.036075,50,1881.160303
-10.0,1,1881.235787
-7.129065,12,1881.773693
33.888045,85,1885.423464
-10.0,1,1885.582871
0.806606,16,1886.267031
19.522263,41,1887.998284
13.113307,33,1889.649529
40.481502,71,1892.344066
-1.547878,12,1892.82371
12.072801,35,1894.195623
68.168113,107,1898.108981
26.54981,60,1900.36562
15.344867,47,1902.048999
16.18773,37,1903.474524
1.874279,21,1904.329545
-3.099622,8,1904.627346
3.03945,20,1905.366467
70.001517,108,1911.169603
-1.918685,29,1912.419099
25.135328,60,1914.551113
2.07498,26,1915.471429
-10.0,1,1915.588013
7.740088,31,1916.78863
2.407659,20,1917.647795
49.186281,86,1921.133356
31.582043,65,1924.170566
-10.0,1,1924.350377
27.37949,55,1927.666572
-7.909497,5,1927.936261
6.437149,24,1929.455303
-6.286212,9,1930.168974
-10.0,1,1930.269416
7.558323,20,1931.486521
3.655098,15,1932.191307
13.927927,33,1933.73785
39.305172,66,1936.309216
-5.39146,8,1936.697749
65.103564,89,1940.287844
-6.027799,7,1940.664705
9.086307,22,1941.706424
28.401591,55,1945.866974
28.647766,45,1947.725891
-6.217665,13,1948.326903
-10.0,1,1948.395307
-8.8,3,1948.594959
-2.91846,13,1949.103343
18.518433,33,1950.652162
-9.02809,3,1950.761416
-8.44,4,1950.944963
13.836693,40,1952.343421
67.226974,81,1955.948646
-1.166264,22,1956.819371
11.195115,44,1958.655377
12.715167,29,1959.940325
-10.0,1,1960.187768
30.304777,57,1962.474996
10.474233,29,1963.541038
66.335435,76,1967.228031
15.765518,36,1969.016804
45.711274,58,1972.244621
-8.154154,4,1972.527589
68.689453,86,1979.857573
7.945315,39,1981.879165
-0.50236,11,1982.55285
-1.056256,13,1983.213928
6.111646,35,1984.838563
14.685185,34,1986.316922
13.684752,37,1988.108694
-4.669427,11,1988.784459
22.553294,46,1991.667946
72.691037,90,1997.486339
3.042679,26,1998.860771
-10.0,1,1998.941718
-8.2,6,1999.2716
41.59638,64,2002.527101
21.627253,46,2005.0663
1.724286,24,2006.413614
16.299908,39,2008.450601
3.689045,18,2009.374663
29.774372,74,2014.546431
10.15142,29,2016.169641
-0.040889,16,2016.983438
11.573788,35,2018.48072
22.808016,40,2020.261012
9.748359,22,2021.202994
2.924977,15,2021.875582
-10.0,1,2022.03467
-0.924486,18,2022.92195
1.848177,16,2023.704069
-3.792217,12,2024.279652
-2.920706,11,2024.856779
21.959393,39,2026.54701
-8.36,9,2026.932234
21.14526,42,2028.953722
25.271307,54,2031.130233
0.437067,15,2031.883617
-6.779955,7,2032.199214
18.722795,39,2034.265273
-3.0,8,2034.744735
-9.114511,2,2034.836955
60.606305,84,2039.020813
-0.812427,11,2039.616725
46.996211,68,2043.044657
41.503659,84,2048.977509
1.050558,18,2049.672926
6.219764,27,2050.823347
-7.748394,7,2051.262014
1.73248,15,2051.973924
20.657813,39,2053.350376
-5.333285,7,2053.803123
72.106957,105,2057.890162
9.559692,29,2058.944853
12.346181,34,2060.075824
2.462994,22,2060.965183
-8.24,5,2061.302125
9.548809,24,2062.257952
-6.625163,5,2062.439103
8.247351,25,2063.381347
24.933424,57,2065.6066
13.334481,29,2066.623436
-8.240939,7,2066.940839
-4.77191,12,2067.433388
13.803069,31,2068.601487
-3.979441,10,2069.003183
-1.188588,11,2069.467121
-5.387737,7,2069.705979
-4.70518,19,2070.510787
62.715505,115,2074.6437
6.176933,35,2075.968232
3.68874,35,2077.281465
-7.009707,4,2077.552755
15.596007,35,2080.793468
1.682131,21,2081.753845
1.0,12,2082.248327
8.200653,30,2083.576924
-3.872124,14,2084.125044
60.517191,85,2087.315363
-7.883739,10,2087.685035
1.680269,18,2088.577544
-7.030616,4,2088.749385
-0.226437,12,2089.262526
5.218799,26,2090.309158
-8.24,5,2090.637884
-5.933083,7,2091.044145
8.839125,26,2092.207331
12.808477,31,2093.444113
-5.465932,6,2093.919811
-3.359432,9,2094.34065
-4.065597,8,2094.799529
11.41969,28,2096.379553
-9.32,2,2096.683109
47.764044,75,2099.731692
9.652811,23,2100.588426
46.383666,78,2103.546996
7.467539,23,2104.466835
61.662771,84,2107.461165
-4.156128,10,2107.865669
-0.678341,15,2108.418208
7.705391,20,2109.193646
0.430281,20,2109.939426
22.643773,54,2111.880887
-3.690969,8,2112.199
1.733106,17,2114.754507
-10.0,1,2114.910988
61.431703,101,2118.83634
-7.112392,4,2119.026812
-2.463577,19,2119.89
0.492783,14,2120.426643
37.884578,58,2122.933222
2.983006,25,2124.081345
-8.220156,3,2124.348906
-7.933068,6,2124.564543
78.328205,86,2127.957428
34.857791,68,2130.550981
66.414623,86,2133.653723
24.834006,38,2135.060202
-2.917999,10,2135.523133
-5.32123,6,2135.868096
9.310226,25,2137.045611
3.882663,16,2137.981006
23.327123,38,2140.177859
14.746792,37,2142.335324
-5.247526,10,2142.958168
19.804466,40,2145.481364
47.571869,74,2151.450246
36.306901,69,2155.180795
-1.359431,13,2156.012528
-9.32,2,2156.230967
-7.424555,4,2156.543647
-6.827998,7,2156.859435
-2.856427,13,2157.826087
-10.0,1,2157.903096
28.48619,52,2160.567017
-8.003035,4,2160.805083
1.935018,20,2161.845915
-4.091611,9,2162.193295
-4.157226,12,2162.713725
-10.0,1,2162.790482
43.555787,58,2165.082974
17.795533,54,2167.257276
10.268889,27,2168.446323
2.336551,14,2169.097563
-5.008036,15,2169.8094
-1.208976,17,2170.664912
35.968675,71,2173.91457
18.082735,53,2176.424466
33.67036,64,2179.448054
17.458872,34,2182.698394
-7.416376,7,2183.017801
10.264256,31,2184.696767
72.603201,98,2189.911399
42.383616,84,2193.74993
33.013968,89,2197.285484
-5.250347,8,2197.608462
-0.215444,11,2198.284811
7.043645,24,2199.330874
20.028437,56,2201.683525
-10.0,1,2201.744909
4.677686,23,2202.878099
72.928425,83,2206.270492
-1.396136,10,2206.713354
4.966158,26,2207.96051
47.111696,80,2211.626242
15.840985,35,2213.243872
69.401444,122,2220.397341
-0.802294,12,2220.95552
29.390477,57,2223.49996
0.42883,30,2224.726964
16.617313,32,2226.044915
-5.426707,9,2226.391755
-1.154589,12,2226.993906
-7.595062,4,2227.174626
-0.721568,27,2228.330802
-7.121895,4,2228.567642
30.507383,60,2230.916377
73.880348,109,2235.041989
20.390901,34,2236.370489
-0.869721,19,2237.143303
-8.285253,4,2237.446049
30.605442,54,2239.804182
23.150707,39,2241.471404
-9.16,1,2241.55711
21.98044,35,2243.065207
-6.791674,7,2243.370501
-4.560462,10,2243.864108
-4.331333,7,2244.12236
-1.208054,13,2244.823137
-10.0,1,2244.887457
0.999692,13,2245.355122
28.777245,60,2247.806935
21.913427,48,2251.922398
1.606979,17,2252.785481
79.315171,94,2256.405073
24.143313,49,2258.221032
48.538249,74,2260.971385
-8.600501,4,2261.162542
72.272919,113,2265.040208
-7.892587,6,2265.330488
31.373145,62,2267.657858
-10.0,1,2267.72707
26.50327,58,2270.042214
1.149761,20,2270.864353
-3.215686,8,2271.272885
-5.711625,9,2271.6208
11.429627,24,2272.644397
72.881075,93,2276.67485
23.064222,45,2278.768721
50.027134,77,2281.84213
25.357702,57,2286.171531
-6.355337,8,2286.683578
-6.240774,7,2287.250145
9.964506,26,2288.505057
22.069952,44,2290.364668
27.20748,57,2292.707091
14.661434,41,2294.506842
-6.447461,7,2294.865662
2.990889,23,2295.79415
-3.315966,15,2296.538427
27.365691,53,2298.689206
11.709398,32,2299.975736
-8.040486,3,2300.199414
22.622684,53,2302.710587
-9.32,2,2302.98571
9.695557,24,2304.018971
-6.034206,6,2304.293808
9.892223,24,2305.262763
-7.96,3,2305.591113
2.525971,20,2306.439781
30.479975,57,2309.072901
9.915952,27,2310.222989
-10.0,1,2310.375482
-6.67995,5,2310.738106
15.270121,36,2312.352702
-8.2,6,2312.599355
5.421234,26,2313.933902
-0.273831,11,2314.302145
-1.220967,11,2314.892482
12.316563,35,2316.341491
10.901704,32,2319.694629
49.58063,76,2323.104987
-1.340942,11,2323.545362
11.163849,34,2324.94474
24.162299,50,2327.043281
60.650078,82,2330.115845
25.010826,49,2331.855139
4.782485,17,2332.593919
31.629306,56,2334.869061
-9.0,2,2334.942267
68.228017,83,2338.309113
20.741564,39,2339.989358
-6.163315,6,2340.364524
4.495792,16,2341.114679
27.381986,55,2343.408012
0.79099,13,2343.94716
4.347641,35,2345.369598
-0.435904,11,2345.877145
1.713676,20,2346.716637
18.00555,47,2348.400751
33.273573,64,2351.015619
9.957041,21,2353.912585
50.852635,79,2356.885298
-10.0,1,2357.021615
-10.0,1,2357.17803
11.646338,23,2358.113166
8.845321,24,2359.073657
78.367187,89,2363.029792
-8.037673,3,2363.310286
-2.069968,13,2363.889286
-5.536123,16,2364.586883
59.381867,90,2368.538165
4.087366,20,2369.413668
20.396181,40,2370.845245
21.862315,46,2372.628405
81.985096,91,2375.942453
48.663779,94,2379.68476
30.7815,63,2381.991463
-4.361988,10,2382.355118
14.021459,34,2383.898742
44.906949,83,2389.695406
6.0,17,2390.378912
11.832868,26,2391.570686
3.502182,18,2392.400985
54.920786,90,2397.320676
72.616529,87,2401.387282
15.732743,29,2402.735707
-5.552432,7,2403.132042
-0.263818,17,2403.904947
46.484591,91,2408.302984
4.133314,18,2409.212805
0.276957,19,2410.108152
75.316042,91,2414.368294
-9.16,1,2414.512374
28.584187,65,2417.635704
32.155563,56,2419.955523
7.977923,25,2423.163217
-0.625484,26,2424.363783
25.102799,51,2426.417447
64.61599,83,2430.00712
-10.0,1,2430.131113
41.310275,75,2432.86549
-1.192981,18,2433.566152
0.907308,15,2434.140016
35.848756,69,2436.734787
34.125685,61,2438.827014
63.28257,84,2441.587047
41.604507,57,2443.413386
28.067388,46,2445.022634
-3.733578,18,2445.71662
63.498488,89,2448.747542
13.776043,34,2450.083029
-4.931228,9,2450.515396
49.807311,81,2453.337394
-3.013463,8,2453.638836
-7.771942,7,2453.975267
18.74822,42,2457.585803
7.121401,20,2458.400764
-7.017309,4,2458.542653
-6.0,5,2458.851738
-8.0,3,2459.052349
-7.006591,4,2459.233187
-4.913125,8,2459.562934
5.957931,24,2460.479597
-9.071496,2,2460.68807
-1.633729,13,2461.197118
-8.24,5,2461.417384
1.806636,14,2461.987117
65.947311,89,2464.906176
0.736972,12,2465.317121
7.465366,21,2465.957836
30.528052,66,2468.058223
2.292206,17,2468.659238
43.345304,81,2471.074759
31.207014,53,2472.900289
6.117957,30,2473.978301
58.149762,104,2477.517465
12.851243,39,2478.881945
5.536011,33,2480.154388
18.935284,41,2481.477535
-7.741683,8,2481.850136
25.728765,49,2483.591028
67.497219,80,2486.150531
29.948228,43,2487.429371
58.361278,109,2493.655525
23.424173,39,2494.873075
-8.066217,4,2495.017009
-1.459125,10,2495.474924
5.15581,26,2496.473567
74.67582,88,2499.806941
3.061857,27,2500.923495
11.476837,23,2501.85333
72.385268,98,2505.643426
-8.032991,3,2505.881407
77.37805,84,2509.054517
8.980801,23,2509.918305
31.909517,44,2511.484152
64.636106,85,2514.311779
40.576965,81,2516.994868
68.386749,87,2519.827385
33.002436,60,2521.785714
5.027151,20,2522.42809
4.730923,22,2525.181103
-3.736292,11,2525.491093
7.544308,25,2526.522154
-6.017632,6,2526.701361
12.362606,36,2527.862892
46.355426,74,2530.283875
-8.712209,8,2530.700737
61.933568,89,2533.51187
-2.585354,9,2533.83295
76.23536,101,2536.95816
29.936616,59,2538.982995
11.561483,25,2539.788888
-3.0,8,2540.092525
-7.562135,4,2540.233442
53.194768,81,2542.78994
21.006738,42,2544.003392
16.74712,32,2544.926566
78.489892,84,2547.474425
32.001475,61,2549.372022
-10.0,1,2549.473786
39.304042,73,2551.677988
-3.099094,8,2551.914627
1.076361,16,2552.489591
-1.071665,11,2552.843137
23.565949,47,2554.22155
-8.022553,3,2554.359238
37.195621,76,2556.663045
70.18895,96,2561.306138
8.944849,31,2562.289898
10.420197,28,2563.118823
-4.112583,14,2563.629475
22.979253,42,2564.883431
51.567692,77,2567.116953
47.663701,71,2569.202401
-9.021029,2,2569.340677
-3.58951,9,2569.697681
-8.8,3,2569.798385
-8.21158,3,2569.941662
13.330375,31,2571.008466
37.762284,73,2573.133774
5.739879,20,2573.776291
79.906419,92,2576.572099
29.188919,57,2578.359596
17.897261,30,2579.331673
45.245867,81,2581.631485
-6.57096,8,2581.866866
69.237378,88,2584.592181
47.359191,69,2586.623885
-8.169605,9,2586.991632
62.047985,83,2589.609683
11.368869,34,2590.793626
-7.771615,4,2590.975959
-2.108724,9,2591.237759
20.833264,55,2594.857284
28.533443,41,2596.227923
-8.24,5,2596.422225
-7.200446,4,2596.57469
26.901869,58,2598.393333
70.336363,113,2601.790441
76.355644,102,2604.835943
8.395384,31,2605.767145
61.654364,95,2608.62802
-7.916483,16,2609.195086
14.0,25,2609.882505
12.675575,26,2610.702477
65.310436,82,2613.056983
-7.4,5,2613.357595
16.077529,49,2614.824279
82.45554,91,2617.445484
14.81884,33,2618.380146
-1.839781,19,2619.051177
23.57923,46,2620.367318
-6.934017,6,2620.579354
77.49873,87,2623.031531
-9.0,2,2623.221716
82.46049,89,2627.645412
10.769847,36,2628.714269
4.84917,17,2629.204191
-7.89214,6,2629.521371
-6.965301,7,2629.770343
76.043267,117,2633.657681
22.226808,43,2635.0756
-4.201424,8,2635.434944
82.559184,107,2638.814985
3.945393,22,2639.588694
40.475922,60,2641.499593
29.641467,65,2643.73342
25.521216,40,2645.415931
60.33638,90,2648.955148
12.634991,30,2649.993917
-0.908894,14,2650.632035
37.145785,59,2652.657023
30.684289,45,2654.254027
19.176659,36,2655.482193
26.595169,51,2657.44678
8.175537,23,2658.287489
7.008557,21,2658.996779
-2.034502,16,2659.592996
24.495508,43,2663.173643
5.572278,20,2663.835857
78.48432,94,2666.840575
17.823321,32,2667.91564
79.018282,96,2671.336921
79.577041,98,2674.795051
79.1692,99,2678.069295
67.223673,85,2681.006683
0.731326,19,2681.865107
72.53637,90,2685.124848
71.246842,84,2687.747266
73.182058,88,2690.485857
22.15039,46,2692.058341
19.321666,43,2693.422919
-5.326131,6,2693.606349
44.021589,76,2697.763523
43.36004,75,2700.016461
2.699935,21,2700.743012
-5.198099,17,2701.240779
71.420606,86,2703.814617
51.823986,81,2706.22281
-5.587632,8,2706.490995
-7.0,4,2706.688259
-1.13456,10,2707.085035
-2.463627,9,2707.484575
54.504011,90,2710.096744
75.913692,96,2712.990383
75.898316,96,2715.851852
41.982801,72,2718.026566
12.306956,32,2719.050134
-9.0,2,2719.177206
24.925579,51,2720.802797
73.193014,91,2723.586646
4.110692,24,2724.430769
64.64117,88,2727.058742
35.43225,55,2730.733402
73.02668,99,2733.821292
-3.166257,10,2734.120194
5.42749,25,2734.939586
23.175932,47,2736.438867
0.861225,17,2737.159669
10.243904,35,2738.295664
38.364097,69,2740.784558
14.33363,29,2742.14861
-4.043783,7,2742.571677
-8.043307,3,2742.666591
11.983929,27,2743.691684
5.71594,20,2744.447324
30.777656,58,2746.576243
-5.472815,10,2746.920048
-3.767357,8,2747.307378
41.032506,72,2749.708521
33.389804,51,2751.687482
-1.148337,10,2752.096287
26.997979,64,2754.187521
71.308978,112,2757.514429
22.319724,46,2759.082879
12.637081,39,2760.327539
82.294258,87,2765.067745
82.0819,87,2767.818495
-0.900592,13,2768.319222
-1.263889,25,2769.203285
-2.564266,9,2769.512497
82.915751,97,2772.702502
0.844197,24,2773.621411
-7.728332,16,2774.213247
73.212955,97,2777.500683
79.829348,91,2780.617056
46.19597,80,2783.37059
9.230168,22,2784.106188
50.919072,78,2786.551589
79.400564,113,2789.906419
18.41317,50,2791.530902
37.219552,70,2793.672
30.332,52,2795.257051
-6.089468,5,2795.477144
69.38338,89,2800.254184
-3.0,8,2800.516116
11.739043,33,2801.561457
18.51596,39,2802.900936
-1.028612,16,2803.497731
68.655744,96,2806.518989
31.616268,53,2808.2624
8.983166,36,2809.443916
42.037985,75,2812.254649
68.862337,89,2815.131871
4.824212,29,2816.091527
-7.048172,18,2816.713386
-3.588704,10,2817.09211
73.763692,79,2819.559201
17.83972,47,2821.055942
44.789364,65,2823.131274
37.526093,62,2825.122321
18.147916,36,2826.259125
30.046799,68,2828.734566
12.052608,32,2829.886572
-4.434414,8,2830.352379
8.215395,22,2833.317976
-8.16944,4,2833.516769
27.289764,45,2835.096183
76.170814,93,2839.100962
-7.05745,4,2839.265727
24.932224,55,2841.233388
4.320773,26,2842.275137
-1.226409,10,2843.624341
29.642484,56,2845.493678
15.732098,32,2846.62092
39.788712,89,2849.757189
12.82267,26,2850.775318
44.452148,74,2853.374873
-6.358018,5,2853.565019
34.373123,66,2855.707182
-9.32,2,2855.945635
9.852437,26,2856.772911
9.67805,32,2857.845615
77.956222,108,2861.477002
79.085199,95,2864.601315
-8.24,5,2864.793198
47.347995,94,2869.710607
21.939712,42,2870.938472
24.175039,54,2872.724332
-9.020947,2,2872.845059
11.424179,34,2873.954618
28.955117,63,2876.107198
79.394965,108,2880.019732
-8.096464,3,2880.115204
-9.035872,2,2880.249578
78.344216,85,2883.115706
35.08943,55,2885.127027
78.167289,86,2888.025278
-10.0,1,2888.12665
-3.12659,9,2888.438344
29.759288,51,2890.205917
81.916413,86,2893.143071
7.611266,19,2893.804827
57.391938,93,2896.639551
27.155895,65,2898.686456
36.063087,72,2902.906247
-10.0,1,2903.009541
32.057245,52,2904.587165
75.512791,117,2908.218061
16.65076,39,2909.52209
13.43323,30,2910.451797
82.28732,85,2913.006279
44.657294,72,2915.217328
-9.681592,3,2915.400627
-10.0,1,2915.457006
78.916012,92,2918.526017
85.529028,93,2921.674922
30.002612,69,2924.028111
68.53087,85,2927.335282
-8.727009,3,2927.497801
71.277592,92,2930.75652
33.606926,49,2932.38178
74.860233,84,2937.184354
18.581374,51,2938.803295
85.574209,128,2943.355553
77.50543,120,2947.69665
81.502713,119,2952.215558
38.801878,65,2954.811234
8.650484,27,2956.136866
42.716712,89,2959.408873
78.798558,100,2963.221605
43.051218,55,2965.814865
77.299882,89,2971.153664
20.566025,32,2972.415784
5.435101,19,2973.211032
39.784142,54,2975.1357
62.001232,81,2978.592578
5.698925,24,2979.50676
1.175481,13,2980.065358
-0.346235,11,2980.453138
-6.741969,7,2980.831538
-0.239481,11,2981.261854
73.222962,113,2985.344941
16.37935,42,2987.010279
42.524822,58,2989.153131
-1.88689,14,2989.720146
2.437996,15,2990.260181
20.6286,39,2991.718154
47.924448,86,2995.116657
78.832282,119,2999.307896
10.505998,23,3000.205473
75.960209,97,3006.038177
85.398547,91,3009.05937
59.033273,75,3012.043296
10.47803,40,3013.700631
22.638613,40,3015.367064
85.563473,119,3020.038826
63.719448,104,3024.029154
66.910316,91,3027.475795
85.474811,91,3030.826504
77.077259,102,3035.301257
-7.6,4,3035.599317
89.812487,95,3042.066259
-1.366889,15,3042.676822
-6.4,7,3043.235198
50.651226,96,3046.920181
19.471019,45,3048.552603
81.84636,108,3052.682001
12.24112,29,3053.983451
18.199371,36,3055.315472
82.604292,96,3058.966015
76.455588,100,3062.790749
1.21314,17,3063.692913
80.199628,96,3067.300826
87.550671,89,3072.434146
-6.164963,6,3072.680028
-8.44,4,3072.988418
15.0,26,3073.929464
-0.59278,18,3074.677698
-3.686109,9,3075.157433
59.340743,98,3078.696794
80.459183,116,3083.035571
86.492836,96,3086.780976
0.719146,13,3087.287312
82.604286,116,3091.568575
39.574366,70,3094.10012
76.338317,116,3098.148933
-8.8,3,3098.309772
84.150471,106,3102.246344
83.355955,110,3108.259039
36.405058,63,3110.687765
76.43871,107,3114.588082
55.500735,88,3117.951906
50.312194,95,3121.453084
12.261454,26,3122.324768
2.610597,14,3122.925277
78.299356,98,3126.522439
-9.01894,2,3126.664798
-5.164012,7,3127.102223
86.104422,97,3130.517332
75.618045,90,3133.833599
33.411813,56,3135.844138
83.437836,95,3141.194657
74.937549,93,3144.660936
82.367744,110,3148.99424
85.588061,91,3152.584206
-10.0,1,3152.646605
79.272854,119,3157.184074
83.150499,107,3161.469228
0.88606,14,3162.145889
29.423569,59,3164.476869
83.207287,91,3167.764462
57.532005,102,3171.575969
20.06174,39,3174.940988
12.246661,35,3176.180568
7.0,18,3176.824237
56.026686,81,3179.894374
82.453972,124,3184.521425
83.654866,106,3188.465029
74.99052,85,3191.562124
86.152003,87,3194.979887
82.080662,93,3198.344278
81.705753,84,3201.229936
82.078984,85,3204.260995
89.570203,89,3209.715183
81.687322,83,3212.958833
59.564921,108,3216.80286
44.810916,56,3218.83577
32.196169,54,3220.943527
88.835003,123,3225.373282
82.448245,113,3229.375861
48.955058,99,3233.090106
79.114369,97,3237.172565
54.583305,73,3240.051121
5.194566,25,3242.964684
25.792305,53,3245.141627
-9.030302,2,3245.391847
2.660902,15,3246.078463
24.993459,40,3247.621099
9.557969,24,3248.607581
25.192257,51,3250.663289
76.150667,101,3254.670494
-2.376841,12,3255.167007
48.285818,72,3258.196874
52.415839,82,3261.303756
86.162132,100,3264.879378
31.127731,56,3267.124588
88.874041,125,3271.695827
37.821262,68,3274.443705
60.999737,113,3280.718716
88.989855,122,3286.475301
-4.263313,10,3287.093056
89.190712,143,3292.536222
84.501258,116,3296.735214
89.284709,100,3300.826504
85.366671,98,3304.480676
-3.108259,9,3304.962224
-3.473136,8,3305.371212
6.44394,18,3306.165208
-5.540195,10,3306.575995
85.972926,120,3313.40662
39.198794,56,3315.336115
82.01313,89,3318.545444
61.997334,96,3322.053795
39.241385,62,3324.52072
82.659319,103,3328.542365
-2.157039,14,3329.1765
85.840806,118,3333.853267
89.287578,119,3338.404936
12.939929,28,3339.569309
36.94626,56,3341.709311
57.966546,98,3347.615165
35.522978,57,3350.050661
86.028034,106,3354.488979
15.612282,28,3355.798348
87.021287,98,3359.684512
89.504581,111,3363.906404
85.841724,94,3368.019792
2.223382,22,3369.102803
12.934752,39,3370.697468
89.108945,123,3375.075804
26.850791,48,3376.753994
28.85015,61,3381.012101
88.980337,128,3385.874821
16.923713,30,3387.062829
79.722613,105,3391.062149
63.532234,114,3395.248816
16.600247,33,3396.739068
-3.733894,21,3397.702312
8.600192,24,3398.646562
21.897976,42,3400.402073
6.437063,27,3401.590483
86.362117,124,3406.600608
63.025399,117,3411.3065
82.173314,97,3417.368977
88.923415,101,3421.047566
15.0,26,3422.077148
89.533178,114,3425.967241
31.679848,69,3428.380915
85.880083,101,3431.899168
86.096749,106,3435.79037
86.008683,130,3440.327219
89.231933,106,3444.182796
15.644667,34,3445.48651
82.20584,88,3450.960887
85.962416,126,3455.813103
63.251318,85,3458.963789
6.676744,21,3459.677102
42.344671,67,3462.096403
83.021293,116,3466.236099
83.088302,109,3470.257458
86.162633,86,3473.003454
8.975334,29,3474.190775
89.02024,114,3478.112565
86.06083,113,3484.223758
85.854344,100,3487.800166
86.121978,124,3492.471989
83.15743,104,3496.108564
78.652907,92,3499.354547
88.589108,146,3504.577566
85.403768,87,3508.298492
-2.371979,23,3509.12158
89.097213,115,3513.36259
21.891147,34,3516.612812
89.094107,100,3520.088963
78.195135,99,3523.872881
86.015065,124,3528.210267
70.924639,113,3532.572143
86.037651,139,3537.568708
89.050204,140,3542.783629
81.928722,88,3545.900095
89.260114,94,3551.015482
34.702635,59,3553.232122
70.787711,121,3558.23545
89.457518,121,3562.891392
-7.4,5,3563.135331
-7.6,4,3563.417657
9.586104,22,3564.359424
88.72993,132,3569.028411
73.673982,132,3573.357994
-9.116148,2,3573.513482
86.00377,97,3577.102961
88.948703,108,3580.652762
59.775302,87,3585.640166
-3.523419,8,3586.101954
86.019005,109,3590.285486
-9.32,2,3590.367473
26.131369,44,3591.947762
65.957637,118,3595.947785
15.288248,33,3597.268987
55.387194,100,3600.662923
76.921351,126,3605.063617
82.545204,109,3608.913244
4.0,15,3609.417253
3.37032,20,3610.130453
-10.0,1,3610.272
38.562825,71,3612.874498
83.187782,122,3619.247706
85.774982,89,3622.439651
-4.649124,10,3622.834716
85.264119,134,3627.451035
81.996638,93,3630.498469
82.003643,107,3634.111003
81.525308,88,3637.09877
-2.200282,13,3637.69833
86.150165,108,3641.639504
79.116702,109,3645.427737
-6.912716,7,3645.684358
86.301726,115,3649.78729
14.414482,30,3650.853793
34.481955,59,3654.938708
89.27971,108,3658.691246
88.87147,137,3663.396751
56.970103,102,3666.9515
86.087478,117,3671.071696
-7.36,6,3671.378945
-0.506123,13,3671.935613
82.558772,108,3675.823021
-9.044534,2,3675.976757
88.875253,140,3680.891379
86.303075,90,3684.063365
88.864946,123,3690.732812
10.075386,28,3691.734368
-8.031384,4,3691.912461
0.0,11,3692.50719
84.96816,130,3696.896681
80.564393,121,3700.808324
0.84641,13,3701.346069
89.141209,90,3704.331353
89.937982,94,3707.673059
55.764474,96,3711.18623
4.067514,17,3711.800675
86.165801,126,3716.679411
-0.674686,13,3717.344759
42.50771,67,3721.894309
86.518907,107,3725.973832
15.373454,27,3727.05064
65.396502,116,3731.236485
85.368496,114,3735.134903
81.899657,90,3738.397436
86.234145,92,3741.586968
89.118095,125,3745.968615
12.466345,28,3746.9709
51.952644,82,3750.293728
85.620382,120,3757.24145
86.322869,125,3762.546373
89.615139,98,3766.462759
86.16565,94,3770.133354
82.602313,101,3773.936715
-4.541647,7,3774.251936
84.549544,106,3778.282356
88.945321,133,3783.831728
89.374559,116,3790.216005
86.358902,93,3794.781526
85.798904,122,3800.399252
85.938874,115,3804.921927
86.657438,108,3809.263914
89.060526,135,3814.50651
86.16067,86,3818.023179
83.686822,124,3825.387327
89.17789,98,3829.658908
86.159996,100,3833.523391
-6.0,5,3833.696353
56.107672,110,3837.979177
81.52287,85,3841.592474
85.814396,90,3845.203577
32.775465,65,3848.177545
86.097876,94,3851.781719
76.713395,113,3858.633221
0.178946,12,3859.271396
48.59627,88,3862.861051
1.620179,17,3863.585919
89.184989,114,3867.695865
19.023549,34,3868.967951
48.743381,90,3872.480725
85.78899,89,3875.931501
82.662183,99,3880.042642
89.074904,138,3885.367343
85.509474,115,3890.158841
88.818297,135,3897.537628
55.849777,81,3901.02068
82.305584,99,3904.642499
7.223776,32,3905.804878
-9.16,1,3905.898845
32.282184,56,3908.277047
90.019882,93,3911.589953
85.307965,86,3914.685991
-1.072108,10,3915.077544
-7.0,4,3915.32173
86.084883,87,3918.434861
44.469483,87,3921.89074
41.529804,70,3924.670738
82.495619,106,3930.874717
85.807462,102,3934.585016
88.982594,105,3938.411368
88.750047,123,3942.732834
66.001695,83,3945.613979
89.147039,129,3950.345628
-4.333127,7,3950.580172
39.634527,61,3952.827411
50.895265,87,3956.104002
89.209595,115,3962.178218
85.644557,126,3966.894072
83.087075,103,3970.634119
85.613238,108,3974.692992
86.309719,96,3978.153996
88.948359,120,3982.146531
85.950663,115,3986.299345
88.751006,122,3990.851584
1.810854,17,3991.469484
34.298459,54,3995.386197
71.386365,85,3998.458298
18.557591,33,3999.753975
81.156963,109,4003.344442
85.445795,113,4007.284225
27.181745,40,4008.777983
1.409865,13,4009.374656
85.975425,88,4012.525279
86.126083,118,4017.071772
88.992693,130,4021.885834
79.565905,97,4025.558647
89.446878,107,4029.7339
86.807176,98,4033.178145
89.546684,96,4037.222039
88.681514,132,4042.706419
27.573999,50,4046.90555
17.220488,39,4048.563215
88.812591,130,4054.192143
89.937399,89,4057.923436
38.013691,65,4060.319854
88.98186,132,4065.292078
84.791553,140,4070.810458
2.522169,15,4071.517696
88.84622,112,4075.871147
88.802423,134,4080.807357
86.142498,98,4084.82222
86.00734,129,4089.83332
36.102796,58,4092.056995
90.00916,89,4095.149653
70.098156,105,4098.860678
88.924694,141,4104.305096
26.484433,59,4106.789973
31.851938,65,4110.312592
89.547271,99,4114.087805
89.197875,118,4118.543531
90.11826,89,4121.716697
82.883355,116,4126.021842
-4.0,7,4126.282026
85.643145,106,4130.214553
-4.712901,15,4130.855256
89.644572,101,4135.06124
85.430665,109,4139.242491
0.218593,12,4139.944676
86.530524,101,4145.514662
82.489315,101,4149.551786
86.04928,108,4153.85026
90.048046,89,4157.162732
85.540522,109,4161.306257
89.412672,115,4165.85978
82.338201,122,4170.952779
86.267658,117,4177.097651
86.008284,97,4181.073537
89.171155,101,4185.242807
47.625612,82,4188.496429
61.134157,123,4193.630517
65.817299,123,4198.295783
86.181542,93,4202.362473
86.966972,122,4207.552019
89.692159,106,4213.038219
80.43325,123,4217.87763
26.473737,51,4219.633599
14.372241,26,4220.673404
89.680767,99,4224.623366
44.849942,59,4227.014861
89.12368,144,4232.299606
74.105661,107,4236.430046
89.193499,131,4241.770643
82.830543,120,4247.634362
51.766028,71,4250.32497
85.706485,99,4253.777392
8.986065,30,4254.976113
86.217615,98,4258.47981
85.903464,116,4262.789519
89.14984,95,4266.328156
-7.6,4,4266.593859
82.018051,108,4271.003261
82.027135,111,4277.470116
20.133356,34,4278.906383
90.123596,89,4283.062898
16.534662,39,4284.645895
88.913912,110,4289.693948
29.62608,53,4292.062978
85.990959,91,4296.414829
89.269944,109,4301.868122
86.106404,87,4306.299941
89.520763,98,4311.807562
30.745432,65,4314.984257
5.118726,27,4316.220593
89.139728,134,4322.303033
32.934922,63,4324.929765
54.625917,68,4327.972489
78.543593,111,4332.915361
85.648756,92,4336.766515
89.43238,104,4340.84381
82.466462,87,4345.718261
85.926576,129,4350.664424
90.092868,89,4354.308166
89.06877,110,4358.708908
79.845729,84,4361.908055
86.149193,106,4366.335638
66.61587,104,4370.600136
85.979894,124,4375.577976
86.106218,123,4382.142896
63.509619,103,4386.529055
85.677784,103,4390.659491
88.807294,124,4395.790741
86.987148,102,4400.147271
7.891319,22,4400.998748
82.863321,103,4405.14407
14.942514,28,4406.446295
89.009653,95,4411.662428
-8.0,7,4412.041467
78.772287,104,4416.796777
2.38574,14,4417.605477
65.037234,109,4423.682573
89.228054,119,4428.891665
86.686691,112,4434.064062
19.457574,31,1.966062
86.295599,113,4.060261
82.732243,109,6.0257
89.72398,103,7.769426
59.875535,90,9.338083
88.741497,142,11.599072
75.951309,101,13.279546
81.985058,102,15.100825
86.712262,99,16.691904
89.079279,124,18.671908
85.405839,92,20.263721
82.208311,95,21.789826
86.55884,137,23.826572
78.250477,84,25.116822
-5.315288,7,25.250127
-4.005033,12,25.513447
82.869321,141,27.589188
29.321234,46,28.349227
89.571193,89,30.466995
82.837426,96,32.365873
86.092497,86,33.868519
86.379518,128,36.289453
81.675729,84,37.709094
82.736247,107,39.494407
86.280102,115,41.332512
80.933279,131,43.410148
89.50102,105,46.840314
90.039612,89,48.327654
85.754636,93,49.901187
13.552245,28,50.371099
30.213317,50,51.208035
83.283942,128,53.423479
89.247952,122,55.321385
89.181618,141,57.397551
26.031444,43,58.051162
89.177519,136,60.121645
86.117081,86,61.409164
89.911637,90,62.797095
4.288588,20,63.146302
85.18143,117,65.028041
81.604949,103,66.669214
86.348366,102,68.221777
85.687061,88,69.597924
90.123596,89,70.995398
86.005745,126,72.955152
82.517324,103,74.576869
88.800488,134,76.716143
8.763449,23,77.176897
-4.653166,9,77.358413
83.679414,116,80.927117
0.955398,14,81.177627
88.942194,102,82.961285
49.006863,77,84.227209
46.238341,88,85.696337
86.042824,132,87.898912
85.943733,115,89.72165
89.244111,109,91.324016
86.637229,146,93.480154
24.63548,63,94.430754
38.270046,50,95.301608
81.868716,112,96.99846
29.661526,60,97.88826
71.081141,91,99.241875
86.308384,96,100.761307
85.621726,92,102.145667
86.470023,118,103.956683
89.126379,104,105.587535
5.249032,23,106.045196
-10.0,1,106.0797
13.328349,29,106.548137
85.587781,111,108.358815
36.959821,72,109.659557
51.26427,87,111.087459
85.470813,86,112.468817
82.335122,109,115.772037
80.714436,128,117.942491
85.937795,104,119.606961
86.687386,124,121.623987
66.07516,97,123.076636
82.007842,92,124.546918
26.113605,48,125.281468
82.651837,126,127.298563
81.847525,89,128.650395
86.279442,99,130.387284
85.646463,107,132.147267
89.423434,91,133.604596
88.932359,127,135.610113
89.135357,110,137.650588
82.849299,94,139.291157
-1.0,10,139.502653
51.07209,90,141.032385
86.691324,115,143.046225
89.205196,126,145.201712
85.842881,115,148.907651
65.838197,113,150.929324
81.352511,84,152.5446
86.134144,106,154.604465
89.458954,115,156.593199
83.142005,122,158.551033
-0.662721,15,158.8904
86.436631,109,160.758944
23.133523,45,161.587168
25.322913,39,162.213589
86.13002,120,164.258472
24.815771,48,165.09204
85.138826,124,167.172148
89.216989,132,169.45761
76.082173,97,171.309802
82.845952,124,173.519191
85.983201,101,175.229668
83.042077,98,176.884642
69.834111,111,178.908434
-8.2,6,179.047241
32.612928,58,180.04428
-1.135094,10,181.883972
81.713542,101,183.708116
-1.013587,10,183.892442
88.964925,128,186.092934
89.133353,118,188.152705
7.42677,20,188.601774
86.568194,116,190.488774
34.748938,50,191.278947
24.852416,45,192.00178
88.920483,132,194.155453
8.122528,24,194.538352
89.107176,132,196.631989
84.126775,132,198.808502
88.7459,136,201.008916
81.406439,83,202.317153
89.598619,96,204.041226
85.93209,121,206.053787
88.962607,136,208.383774
85.866456,124,210.479699
86.134005,125,212.588712
82.520425,92,215.763071
82.288032,121,217.908708
24.101714,39,218.586926
86.385988,104,220.344633
86.228655,94,221.921716
89.062801,128,223.990704
23.549394,40,224.639464
0.032341,13,224.881414
-8.361169,4,224.973344
85.882549,90,226.453679
32.50363,49,227.213231
47.702763,93,228.750916
89.321657,117,230.636005
88.740499,135,232.960926
0.728541,16,233.236022
89.293519,98,234.772481
82.092149,93,236.391647
85.869841,123,238.535576
86.920673,100,240.244002
8.25423,20,240.59769
82.573885,139,242.940922
72.036172,132,245.218977
83.210866,116,247.271984
89.777653,91,250.306308
54.384336,82,251.68905
49.49323,89,253.251147
45.738112,82,254.654026
88.69679,148,257.00967
81.746093,83,258.224868
89.518758,104,259.910073
86.573923,108,261.557935
89.051,129,263.433431
36.303386,71,264.526037
38.742541,65,265.575903
86.249337,124,267.377159
81.834957,85,268.612367
88.981603,130,270.678287
89.599029,95,272.249808
25.803774,53,273.119065
75.644817,111,274.825395
30.490183,54,275.710928
86.391822,126,277.743794
85.689325,90,279.214015
44.423871,72,280.344263
13.090595,36,280.892435
48.268903,89,283.773227
89.833305,89,285.122782
81.723043,89,286.54797
89.530327,91,287.96824
89.043643,105,289.746969
89.190013,102,291.235397
85.70444,105,292.796069
61.36695,91,294.142781
81.67622,87,295.519962
51.366076,104,297.041901
85.941514,92,298.386256
33.819196,65,299.353347
88.984829,122,301.273543
23.950228,54,302.080947
86.115549,132,304.11975
89.13192,125,306.077455
78.407988,91,307.527514
61.389179,120,309.326777
76.659353,120,311.299186
89.084824,94,312.848674
78.911202,93,314.472315
89.103893,118,317.934314
85.588815,89,319.349084
53.064604,82,320.63004
83.329854,104,322.349386
33.937028,52,323.189865
86.825366,104,324.721935
89.671424,103,326.264151
85.123005,95,327.712724
-5.012479,12,327.905534
86.720057,124,329.851025
81.817333,90,331.284314
85.630583,86,332.726699
82.066126,96,334.13691
88.967261,125,336.054965
81.33951,115,337.927087
8.643667,21,338.372617
86.036988,109,340.053205
82.905613,129,341.991989
86.437794,120,343.826994
79.3363,91,345.367833
88.723268,137,347.536547
89.702892,96,348.96874
89.128597,91,351.754615
89.149069,127,353.861328
89.068276,133,355.973114
-5.121182,6,356.096867
89.213777,132,358.097835
89.248023,98,359.585961
65.281427,104,361.108877
59.47863,72,362.22809
81.504296,86,363.617407
88.979312,125,365.669804
85.806374,96,367.141756
34.111177,66,368.136651
82.568466,97,369.615465
86.081598,115,371.497519
89.351675,121,373.402376
-7.447129,5,373.492743
0.0,11,373.668861
88.873555,136,375.789337
30.0,41,376.373703
89.106905,145,378.629933
13.708944,27,379.094503
85.041726,118,381.075135
89.633024,99,382.701366
72.528019,99,385.575427
48.57067,79,386.82315
85.680915,105,388.564432
1.787328,28,389.026745
79.171891,108,390.710197
89.156615,126,392.549011
41.569971,73,393.750279
88.92797,106,395.333674
89.317996,114,397.143237
86.147726,92,398.568957
88.856139,141,400.741327
36.976576,65,401.731055
81.736432,105,403.288215
86.21173,119,405.140003
78.848055,94,406.707095
89.008397,106,408.304678
-8.310199,3,408.382194
82.334366,107,410.087415
88.736004,121,412.041201
85.853865,107,413.773189
35.476176,49,414.575063
88.747081,124,416.467354
86.053909,118,419.703655
58.234503,93,421.156251
69.352389,85,422.511981
85.872957,97,424.085457
57.916551,90,425.531818
89.018402,125,427.410874
-7.0,4,427.486348
81.942633,90,428.831017
34.0,45,429.571468
86.639674,94,430.988496
86.274044,104,432.650715
-1.0,10,432.840366
17.068258,39,433.55516
89.073607,118,435.394288
82.295607,105,436.993743
76.615855,139,439.105316
85.758972,96,440.679378
-8.48,2,440.725227
89.056882,133,442.798114
16.417771,37,443.379656
83.014428,108,445.097306
28.640827,47,445.894485
86.095128,99,447.421679
86.12816,122,449.313622
30.166964,54,451.724975
89.954938,89,453.03796
13.772489,29,453.506266
89.484018,110,455.265428
16.535446,29,455.848292
89.112077,114,457.659339
88.768999,119,459.484685
85.734835,97,460.972477
89.604971,101,462.591673
64.226946,99,464.107862
90.123596,89,465.503749
-7.96,3,465.588807
86.600475,118,467.572615
89.134187,100,469.102341
84.752161,117,470.884889
32.650338,75,472.054331
83.311061,114,473.934064
86.471448,104,475.614623
78.193956,86,476.926637
60.161105,108,478.556905
85.415365,118,480.437367
85.346432,86,481.778555
29.862404,71,482.846283
22.498185,35,483.37947
0.670187,12,483.644421
88.826342,143,487.372041
83.621902,98,488.869795
19.967933,36,489.447293
89.588503,103,491.155154
85.538397,89,492.505568
-2.479551,15,492.761286
89.218883,98,494.269651
-5.712608,10,494.519396
-2.142929,9,494.668138
68.990242,127,496.64262
82.614803,126,498.575312
14.337407,39,499.222528
0.879431,23,499.596661
38.215054,71,500.724451
83.617501,124,502.612486
89.349814,89,504.086557
52.360577,66,505.169015
85.746068,125,507.086165
79.334161,106,508.742039
-4.099029,7,508.941952
82.095711,88,510.39767
82.969244,117,512.199557
77.844167,91,513.585441
89.012665,107,515.311757
-0.976516,12,515.511207
26.934863,39,516.147397
78.801914,113,519.32846
82.506276,128,521.362831
88.871099,135,523.426664
2.749211,21,523.767774
89.259396,119,525.591662
21.940644,38,526.244888
34.829144,54,527.133855
86.158337,89,528.542717
82.854802,109,530.224122
88.907552,139,532.480743
88.822745,119,534.270773
25.756444,45,534.960421
89.820162,90,536.31069
89.109716,111,538.065264
86.274886,93,539.527269
7.704577,24,539.927938
13.479355,35,540.494906
88.778863,128,542.669191
43.460453,84,543.965717
-8.002755,3,544.042264
85.64785,94,545.48955
82.44338,93,547.088133
86.123711,94,548.509867
-0.060351,11,548.701404
82.204819,83,549.905249
88.659726,139,553.584751
86.254854,130,555.583162
85.949947,87,556.93472
85.523854,88,558.307572
44.281569,69,559.431484
89.556649,106,561.088586
86.486604,105,562.772625
85.662245,88,564.070871
89.651252,100,565.679224
85.926798,102,567.22461
85.626107,103,568.873842
41.902606,70,569.933324
-7.147199,5,570.123356
85.809449,125,571.996925
27.657413,61,572.947726
81.990912,86,574.325201
0.504281,13,574.615366
83.303693,113,576.375262
80.026629,102,577.971148
81.151203,131,580.061733
85.90503,117,581.953848
86.759275,119,583.738062
86.674241,112,586.878527
85.876129,103,588.541493
86.02725,105,590.257656
-3.458938,8,590.403293
89.258306,125,592.360979
6.848217,23,592.71235
82.413802,113,594.607089
78.797662,99,596.141843
86.535772,97,597.682003
86.361419,115,599.428114
-8.524799,3,599.575999
63.547187,81,600.946795
82.384576,101,602.627028
84.940321,113,604.430918
89.801352,95,606.069431
-5.974962,6,606.168121
78.283903,92,607.668549
89.374549,90,609.128789
89.405579,92,610.727021
83.005828,120,612.651218
86.248173,116,614.470548
86.129572,88,615.904624
86.030736,106,617.634379
11.070609,29,618.10118
88.930715,128,621.459498
85.787833,90,622.901678
86.212477,92,624.40815
88.974166,127,626.363946
82.850946,117,628.134801
89.129087,115,630.003345
86.40878,101,631.699468
82.12301,87,633.067569
79.906463,113,634.79368
82.966425,108,636.457711
89.009687,105,638.182041
83.784326,109,639.869107
89.502823,111,641.710222
80.425363,104,643.364994
82.495649,107,645.091529
85.814625,89,646.43973
85.815005,109,648.209424
85.59727,94,649.71241
82.734044,105,651.439151
-3.383226,10,651.617097
89.783778,101,654.509185
24.243396,40,655.14344
85.983392,112,656.973806
18.362976,42,657.618871
15.385725,27,658.03561
89.125674,136,660.125775
-8.44,4,660.268057
43.707567,69,661.335007
82.656622,107,663.003003
78.891764,115,664.930618
85.930104,99,666.626048
82.468456,99,668.132464
9.814936,30,668.639823
46.968565,88,670.094609
71.771145,100,671.801296
43.261971,78,673.083637
82.551429,109,674.859991
89.177251,134,676.90568
82.177734,92,678.506805
84.771755,114,680.266233
89.17238,130,682.25101
82.760067,103,683.959252
89.169066,117,687.159256
86.127672,103,688.804065
89.860981,90,690.127948
86.120423,90,691.560206
70.301574,111,693.342538
85.85463,122,695.22534
85.229269,101,696.803259
21.955107,58,697.715294
69.0,80,698.978903
89.14071,118,700.834072
88.727375,142,703.114544
86.339425,118,705.050438
89.324488,113,706.923698
82.420461,93,708.519512
85.746149,121,710.416339
79.871066,125,712.440995
85.882332,98,714.158942
37.691033,71,715.249234
34.672446,54,716.05644
86.113231,92,717.405628
82.048814,87,718.739768
53.060488,65,721.157504
85.94852,113,722.859691
88.877439,125,724.716063
86.252569,97,726.251107
16.760331,28,726.69653
86.530457,100,728.20436
36.680198,50,728.948079
26.805484,50,729.805407
85.923454,107,731.493438
85.642484,111,733.206563
82.264512,112,734.934858
85.586241,87,736.297724
89.408663,111,737.994474
81.65912,123,739.925148
82.280305,94,741.465688
85.988603,96,743.054587
82.037004,121,744.940203
86.513741,111,746.662718
89.551102,105,748.333861
86.765382,106,750.067326
82.320047,101,751.605173
85.787814,89,753.007087
30.167781,51,755.677755
68.054216,104,757.456808
19.066687,44,758.166639
79.777268,109,759.819029
48.409757,69,760.892454
89.211652,111,762.643669
-7.122592,10,762.825836
86.020032,91,764.133819
23.325771,50,764.895628
88.98129,103,766.692294
31.508498,67,767.726748
78.167378,93,769.147374
86.035385,105,770.772377
-7.732704,5,770.937192
88.78956,128,772.897454
-5.757809,6,773.027262
38.0,49,773.766209
89.036734,137,775.97611
56.340475,95,777.469223
89.119135,111,779.235734
82.637168,107,780.881814
83.777411,116,782.764749
12.575391,36,783.372101
36.012866,62,784.346501
59.727055,77,785.540501
65.979164,79,786.830146
82.367201,125,790.245861
85.706209,115,792.120096
83.119726,95,793.640352
52.493775,79,795.028574
88.834601,130,797.036932
89.083423,111,798.970084
86.162791,86,800.320051
89.131932,123,802.319826
15.79732,27,802.759254
70.239031,98,804.229798
8.267886,20,804.563376
86.15679,95,806.099785
58.739088,111,807.918869
35.616421,73,809.039611
-0.242515,23,809.420898
85.667866,120,811.328497
89.165943,93,812.760846
56.136128,73,813.873368
44.999151,73,815.032384
86.153644,98,816.71798
85.507126,126,818.843215
86.403604,88,820.212892
42.305566,59,822.571584
85.932109,122,824.604061
85.458909,122,826.49405
89.63014,111,828.199282
89.091263,133,830.218651
20.914173,50,831.059601
86.428129,115,832.873269
85.757102,122,834.791987
88.277519,115,836.624278
16.965461,48,837.438467
85.794218,133,839.452536
88.976247,120,841.384235
85.647951,95,842.935537
89.638472,108,844.760079
89.220948,97,846.335824
-7.349636,9,846.49828
74.478976,114,848.441271
82.992199,93,850.005433
82.203087,86,851.346768
81.926114,103,852.979234
82.062203,108,855.658592
-1.108807,10,855.94466
86.168862,105,857.565537
-1.857576,11,857.765102
85.909835,134,859.805953
-6.0,5,859.989117
75.771452,88,861.342974
26.909575,48,862.134481
-1.983298,13,862.34856
85.155891,106,864.063027
83.315013,114,865.816716
-6.08434,5,865.903678
88.915625,126,867.832888
45.88929,87,869.190172
80.087198,110,870.820851
2.196571,14,871.035876
68.641874,104,872.644801
89.249524,129,874.836805
86.90923,127,876.809356
88.787002,134,878.875641
89.162526,116,880.757794
86.013507,89,882.242759
86.393054,95,883.709907
86.133702,101,885.266204
83.557267,109,886.958226
85.959485,105,890.254441
89.658447,96,891.806928
82.308566,105,893.461209
86.004913,114,895.167198
-5.616063,8,895.370847
49.821788,76,896.534427
88.982107,131,898.593318
-7.4,5,898.706906
18.363644,45,899.639816
86.319531,135,901.984723
82.379984,98,903.49653
86.217891,113,905.294459
47.487542,68,906.459851
86.532694,104,908.14675
82.4838,115,909.95845
85.679183,87,911.314437
85.870523,132,913.439875
86.510504,109,915.28537
82.635442,98,916.844608
85.984288,98,918.518412
34.905142,51,919.387372
86.960326,125,921.423707
28.490136,43,923.597554
82.8671,122,925.609277
89.119371,144,927.798778
66.341553,87,929.096399
89.387719,111,930.814362
86.914808,96,932.357849
50.531067,82,933.77591
89.40039,104,935.337731
38.824249,69,936.350991
1.098989,14,936.592647
85.65586,99,938.147195
44.0,55,939.001256
26.838464,51,939.90201
38.844899,63,941.077506
86.354519,130,943.666795
79.435557,117,945.762429
7.0,18,946.035651
11.669167,37,946.757581
88.733702,130,949.217453
86.126537,95,950.781003
89.343637,117,952.666807
7.506267,26,953.090331
82.133353,99,954.789993
89.0433,133,958.63309
0.508445,16,958.934389
12.540045,38,959.585376
89.220585,89,961.15571
16.081662,44,961.893086
-7.6,4,961.987281
83.721977,104,963.677117
82.270744,104,965.478234
39.298785,65,966.596431
86.121612,123,968.650503
88.811043,136,970.912979
2.721105,14,971.246114
38.147834,67,972.385745
82.464469,97,974.109971
85.383344,96,975.734673
-7.96,3,975.880961
82.814494,120,977.89796
82.465567,138,980.3037
-3.229711,11,980.561502
89.359621,107,982.581889
80.2374,124,984.673495
66.876538,122,986.818297
85.935225,117,988.947078
52.132923,82,992.036918
32.380464,45,992.835499
88.714208,124,994.921627
82.60016,92,996.458988
83.320326,125,998.722047
5.96427,17,999.020805
89.31453,99,1000.732934
82.831621,101,1002.651958
35.374062,51,1003.568885
89.322118,108,1005.490801
89.007381,109,1007.366548
89.406139,95,1009.743577
89.086981,92,1012.597721
89.775569,95,1015.890798
86.081994,114,1019.840383
85.942106,114,1025.720691
77.740974,86,1028.675657
86.246044,118,1032.544374
88.067588,92,1035.888587
-8.0,3,1036.060669
83.835854,106,1039.88865
89.019355,122,1044.363182
21.0,32,1045.447189
85.988789,98,1048.796519
5.338714,19,1049.51221
15.117614,36,1050.698387
85.529732,98,1053.621728
86.180032,95,1056.54049
82.901666,104,1062.021074
89.637626,108,1065.756004
0.311027,16,1066.377465
86.158479,99,1069.781648
7.491456,33,1070.956616
88.611337,135,1075.191753
28.610174,46,1076.657345
85.39546,129,1081.189515
89.391098,107,1085.281267
88.887304,124,1089.823484
45.031775,84,1094.479422
85.385414,88,1097.721032
11.61399,25,1098.668215
89.642849,103,1103.173716
89.376181,98,1106.487735
36.738173,50,1108.2305
89.471598,111,1112.198399
86.962233,101,1115.92693
83.41213,120,1120.751978
85.490176,100,1126.798928
89.273909,112,1131.016465
82.189651,125,1135.8669
86.45427,113,1140.358059
88.677566,136,1144.961684
89.105775,120,1148.85309
75.494002,97,1152.29414
86.001736,117,1156.152143
85.973146,92,1161.497276
88.849647,116,1165.830524
78.765457,98,1169.6741
85.946025,108,1173.49789
89.401929,98,1176.876549
86.438438,97,1180.263887
10.246355,23,1181.050779
86.760028,115,1185.044538
14.705425,40,1186.341033
15.968956,30,1187.550752
44.237476,76,1190.250855
-6.115085,6,1190.46113
79.072318,108,1196.091219
77.237574,103,1200.405922
90.123596,89,1204.003995
13.331872,39,1205.598478
89.471728,114,1209.644976
19.475947,34,1211.199484
10.540409,26,1212.470687
89.088524,130,1217.396724
88.603076,141,1220.656505
86.082236,91,1222.455152
86.056518,98,1224.150838
89.037091,117,1226.095944
90.123246,89,1229.47982
76.909389,116,1231.611677
88.921905,122,1233.829115
85.166306,93,1235.400019
89.275733,91,1236.871119
85.825637,98,1238.440937
81.997934,95,1239.906055
85.55,90,1241.265151
89.3779,102,1242.92487
88.806597,148,1245.336727
82.477841,102,1247.047878
85.980104,129,1249.228025
88.998616,122,1251.538177
46.22886,69,1252.782933
85.638432,127,1255.371734
-7.96,3,1255.468737
89.278626,98,1257.279963
89.531994,101,1259.169429
86.239764,119,1263.284301
83.322788,117,1265.370604
89.761526,95,1267.003062
82.464651,111,1268.911921
82.33133,105,1270.61325
83.529916,96,1272.144785
89.157303,106,1273.862173
90.084702,89,1275.280339
66.115783,100,1276.987148
88.956948,124,1279.066547
86.325486,126,1281.206423
81.244395,83,1282.687354
49.973892,106,1284.533288
82.455818,105,1286.293446
-8.44,4,1286.38412
46.082901,61,1287.453048
86.793001,100,1289.227139
89.804329,98,1290.843368
-4.790537,14,1291.088407
82.278278,101,1292.92714
77.500375,113,1294.860196
8.035289,29,1297.392691
88.995228,122,1299.409764
85.633855,99,1301.266152
89.09216,138,1303.628178
85.734149,100,1305.316801
41.338912,74,1306.520369
82.607979,103,1308.323887
41.66928,78,1309.590871
41.800456,63,1310.573168
79.065989,110,1312.412805
88.904461,122,1315.816305
26.296794,43,1317.562654
86.781401,111,1321.450359
70.942024,76,1323.902852
86.169049,103,1327.580108
82.525534,100,1333.119481
30.874341,63,1335.402522
85.954072,103,1339.294732
88.976642,145,1343.969967
89.55456,98,1347.534392
50.312016,77,1350.640988
82.814581,103,1354.708146
82.611207,90,1358.017944
86.024907,113,1362.199861
85.764291,103,1368.195668
78.380121,105,1372.713461
83.015944,115,1377.356786
88.735407,125,1382.390763
85.765341,96,1386.017066
86.20795,116,1390.22713
89.255878,131,1395.199951
82.6198,111,1401.447495
33.344401,66,1403.868543
89.265891,105,1407.790241
86.14786,111,1411.977406
88.708569,139,1417.230258
65.414008,81,1420.428386
87.673845,103,1424.655887
26.563792,38,1426.350276
89.074581,129,1431.361373
85.891763,136,1438.556813
85.84913,117,1442.879634
15.302944,44,1444.516354
64.602909,89,1447.582015
55.921952,99,1451.70896
89.005159,142,1458.166563
86.637872,100,1462.367469
82.559594,92,1468.197057
85.841008,101,1471.9354
80.37314,98,1475.317752
88.909241,130,1479.846029
88.856891,124,1483.807497
72.020611,104,1486.934877
89.051402,114,1490.314347
88.642785,133,1494.432262
53.369648,92,1497.39107
82.288848,99,1502.234554
89.373451,117,1505.831588
85.654866,97,1508.901277
89.467869,113,1512.17624
86.404477,108,1515.275404
89.127954,134,1519.335454
88.8358,129,1523.281543
41.36828,74,1525.636147
85.566183,86,1528.605117
21.498753,43,1530.122966
82.836868,128,1536.563753
89.024973,141,1541.447058
82.842754,128,1545.834954
77.915341,80,1548.236824
88.90589,133,1552.533741
28.984993,41,1553.71556
85.783821,109,1557.092737
31.629497,62,1558.968732
6.00682,18,1559.653673
6.491704,18,1560.242631
79.445404,88,1563.046521
3.066737,17,1563.595045
38.719637,75,1566.144879
86.312031,106,1571.587641
89.595386,103,1575.011568
86.052286,104,1578.233995
86.284828,118,1581.649837
85.998857,115,1584.887637
86.349252,95,1587.705207
81.930659,97,1590.663799
86.472264,111,1593.972385
89.559572,91,1596.628077
4.55524,16,1597.103266
42.272473,73,1599.442499
-5.0,6,1599.844914
85.642946,101,1605.254981
89.569718,100,1608.455577
85.118439,111,1611.847688
2.623826,22,1612.610442
79.043866,87,1615.067657
86.482465,95,1617.783086
82.496434,106,1620.843535
88.644602,139,1624.96316
85.526551,107,1628.438711
88.715098,125,1632.607677
85.883137,93,1635.804468
86.143634,94,1640.993289
83.946409,116,1645.098809
88.600421,140,1649.740966
25.853511,37,1651.163983
-8.22648,9,1651.643103
72.049736,125,1655.691421
89.038513,137,1659.914237
86.940056,119,1663.982418
0.333518,17,1664.657215
3.194509,21,1665.375708
12.072641,32,1666.539871
86.558433,96,1669.969447
-5.0512,8,1670.422376
57.398223,76,1675.126279
86.086078,118,1678.789393
51.571384,100,1681.993625
86.120215,89,1685.00802
25.340448,51,1686.552809
86.460872,107,1689.924758
82.911539,111,1692.519168
89.404997,106,1694.387531
86.303085,107,1696.108653
86.138441,131,1698.424806
89.05858,139,1700.784672
60.826249,102,1703.023005
89.443535,91,1707.298463
88.253303,120,1711.589514
89.023423,100,1714.917634
88.949872,138,1720.261014
82.600216,125,1724.578648
86.362103,105,1728.792362
6.300723,18,1729.471549
42.715102,75,1732.25096
85.747311,105,1735.811709
5.083686,23,1736.693213
1.054539,16,1737.267771
86.218291,99,1742.713991
82.726902,98,1746.255782
86.085741,97,1749.972509
89.091651,112,1753.962989
48.986604,88,1757.354086
82.727251,101,1761.09595
88.669776,137,1766.087678
14.784172,37,1767.622625
20.504897,36,1769.04537
86.066324,92,1772.617382
67.885961,112,1778.687504
89.246405,133,1783.360666
81.903781,83,1786.512774
81.956768,110,1790.282146
38.915968,58,1792.40292
88.949553,115,1796.65811
55.83693,94,1800.384692
83.602244,112,1804.468117
82.264194,97,1809.885689
87.774981,131,1814.49817
75.939573,142,1819.536709
85.361645,86,1822.785975
35.076019,63,1825.285032
82.044545,100,1829.579528
43.763499,87,1832.91609
89.064836,132,1838.036773
82.640351,130,1845.196293
82.010756,97,1848.879673
85.826565,109,1852.965743
89.170631,127,1858.216783
-8.44,4,1858.4053
13.368691,39,1859.934822
49.770884,80,1863.232126
70.135337,115,1868.353766
48.634953,78,1871.584836
19.265053,34,1873.033206
89.434473,112,1879.475208
49.539778,87,1882.692739
89.273497,99,1886.607545
43.341939,80,1889.920604
63.054973,83,1892.967694
85.745182,133,1898.069345
90.11027,89,1901.394749
-9.16,1,1901.515708
47.629473,89,1904.621555
89.231015,129,1909.070674
62.954405,93,1914.226211
89.175138,96,1917.720734
88.711732,127,1922.369215
82.323205,100,1926.070095
89.005516,122,1930.980422
89.126772,145,1936.615504
10.450517,26,1937.549556
86.904591,124,1942.257204
-4.374573,8,1942.580503
89.305386,114,1948.76388
86.75999,133,1954.08739
36.625208,69,1956.751127
30.133789,57,1959.020014
82.303336,90,1962.400026
89.0699,127,1967.191648
77.457446,80,1970.24434
87.836151,123,1974.896301
89.053851,120,1981.264497
83.124591,126,1986.012785
89.408867,121,1990.706335
89.252744,92,1994.280246
50.767455,100,1998.420556
88.195485,118,2003.034392
32.724339,44,2004.901314
89.461278,111,2009.458188
28.531867,57,2011.802781
24.272517,40,2015.43947
62.969773,108,2020.24796
41.701686,68,2022.701818
88.804764,127,2027.556232
86.815966,117,2032.810603
7.526462,33,2034.103185
89.22514,89,2038.223344
86.057524,121,2043.422009
-10.0,1,2043.56839
82.651906,114,2050.335968
61.883476,104,2054.197328
89.051373,104,2058.020722
77.714965,96,2061.647318
65.32453,124,2065.900517
89.614488,94,2069.809053
85.956453,126,2074.833078
68.564024,88,2078.354844
89.045428,98,2084.153051
88.230704,119,2088.189655
68.137403,97,2091.648151
-7.4,5,2091.935889
86.563207,117,2095.952104
86.151065,89,2098.725176
89.212523,118,2102.628052
89.628798,105,2106.306519
-4.039788,7,2106.649687
83.264317,123,2111.182543
81.922924,86,2113.99171
14.407831,30,2115.146863
46.266486,72,2119.484256
37.642418,70,2121.895383
83.616431,89,2124.858918
82.712977,111,2128.868456
-5.713112,6,2129.141148
89.553793,101,2132.732341
85.81338,132,2137.640562
39.733105,72,2140.338833
89.911271,90,2143.362339
14.992359,46,2144.86414
12.85281,24,2145.620945
59.129275,90,2148.649847
88.752714,134,2153.887244
39.602145,56,2154.848272
88.885321,137,2157.007237
85.916054,130,2159.33762
36.032612,54,2160.155656
88.975718,115,2161.984822
89.544842,113,2163.798623
89.314169,131,2166.074365
88.954559,141,2168.301521
-6.566192,5,2168.419482
59.574081,108,2170.261454
88.705469,132,2172.573881
86.691107,108,2174.443839
85.516717,113,2176.387022
82.023981,96,2178.287477
89.066369,107,2180.401479
78.496047,94,2182.157097
6.128247,18,2182.507487
82.09798,106,2186.482686
-7.991074,7,2186.690898
88.988654,107,2188.586333
89.538154,90,2190.108635
83.004666,120,2192.065929
42.465315,83,2193.484425
81.612325,110,2195.377782
83.031264,125,2197.49053
86.036681,106,2199.233339
85.612686,125,2202.265607
88.651402,137,2207.014819
85.532624,107,2210.963844
7.937052,37,2212.285624
83.049351,112,2216.385612
22.269954,39,2219.724556
39.855587,53,2221.686924
89.165811,112,2225.580414
85.678631,118,2229.741582
89.379175,98,2233.292887
89.083629,116,2237.274285
8.726888,20,2237.953045
89.200267,114,2241.881812
39.433816,66,2244.184525
74.415328,95,2247.526763
85.456669,88,2250.742738
78.523216,101,2256.529876
85.810558,98,2259.86488
89.360808,100,2263.412496
82.08953,110,2267.341993
85.115029,140,2272.31537
43.964689,80,2275.550034
30.513665,42,2277.127333
79.753398,111,2281.321502
89.200191,122,2285.672025
82.072191,110,2291.843253
86.592273,109,2296.424941
85.533563,125,2301.639284
82.298829,95,2305.340643
89.195641,138,2310.767557
-6.275568,5,2310.956501
6.887165,28,2312.056664
-7.4,5,2312.429656
4.61073,21,2313.342729
86.24964,106,2317.608516
51.334355,93,2319.448552
89.445378,99,2323.038467
-5.808993,6,2323.146023
39.268366,77,2324.385206
78.953927,95,2325.887321
80.070013,102,2327.767411
89.859955,96,2329.432293
86.337619,104,2331.171719
85.980058,125,2333.241645
72.457844,127,2336.819829
34.782065,73,2339.445821
51.598715,65,2341.74637
82.771317,111,2345.834468
86.01666,113,2349.808903
89.386622,92,2353.042287
86.897637,98,2358.865853
85.941821,96,2362.823503
86.094524,86,2366.329722
82.19874,104,2370.466636
64.252564,82,2373.502475
86.150602,88,2376.812315
37.379505,55,2379.287353
88.940219,135,2384.770011
85.212891,86,2387.945063
88.62936,138,2395.139249
35.06911,47,2397.010991
-2.161521,9,2397.436692
86.518093,109,2401.647055
87.819677,90,2404.626894
25.03973,56,2406.601364
88.672853,134,2411.240784
85.908306,131,2415.734656
82.32429,111,2419.8878
86.060783,100,2426.004146
86.170677,123,2430.712208
22.082843,46,2432.39587
89.018244,116,2436.917915
81.981369,104,2440.723975
89.45163,100,2444.423486
85.962026,120,2448.955143
29.8112,59,2451.205695
86.01518,95,2454.819629
53.109991,80,2459.897608
86.303217,98,2463.439269
81.878973,100,2466.926537
24.988618,51,2468.805641
89.592002,90,2471.869561
85.821632,93,2475.072936
50.565591,62,2477.145793
48.627679,70,2479.943076
85.693514,121,2484.251022
-8.48,2,2484.432812
89.274059,123,2488.885995
89.033418,122,2495.172777
82.841605,121,2499.63722
80.464103,135,2504.300207
-7.4,5,2504.49074
60.462949,108,2508.227693
85.424627,94,2511.718219
16.762152,28,2512.663307
0.143522,26,2513.55748
82.524448,100,2517.153242
86.217299,97,2520.560079
88.992047,105,2524.48385
88.887556,114,2530.534878
86.216739,91,2534.069289
85.965043,111,2538.279125
89.12913,114,2542.422582
82.669832,91,2545.910049
86.239761,91,2549.167072
85.636334,90,2552.440372
85.644276,108,2556.443112
57.563001,109,2562.294494
85.931871,112,2566.279725
82.068218,84,2569.03773
67.760119,116,2572.639805
89.000949,110,2576.302195
82.113151,105,2580.103936
89.830248,96,2583.456422
85.815074,102,2587.037831
86.133538,110,2590.852093
86.85682,102,2596.535325
11.813709,33,2597.709568
85.78915,102,2601.615641
89.065416,109,2605.545431
41.457573,62,2607.637568
82.325827,104,2611.253495
86.265722,108,2614.906435
-1.681544,15,2615.604598
-7.399849,4,2615.95596
47.635209,71,2618.81878
82.536918,95,2622.004913
42.209143,70,2624.398575
27.338782,57,2626.527219
62.480163,106,2632.399212
85.73918,115,2636.674583
-7.96,3,2636.893829
82.553463,93,2640.307132
88.990948,136,2644.765352
89.437547,97,2648.341872
3.516767,21,2649.046125
89.482012,102,2652.953808
82.174979,114,2657.286988
89.084157,126,2663.819051
78.744576,103,2667.70579
85.328141,133,2672.531312
82.388491,120,2676.876615
82.731143,115,2680.887636
89.238261,118,2685.01516
29.225136,57,2687.056534
57.906722,105,2690.932047
85.344146,114,2695.070225
85.475306,109,2701.163123
85.987472,93,2704.672423
65.924346,115,2708.847227
34.102123,64,2711.091565
82.4349,109,2714.716178
82.23635,101,2718.330908
-9.16,1,2718.452611
26.221752,50,2720.193362
28.149348,51,2722.183399
85.717056,120,2726.629046
89.323905,128,2733.591608
78.100861,83,2736.947921
45.86091,80,2739.848222
86.528757,116,2743.88272
81.458227,89,2747.154413
85.859825,107,2750.904371
86.252885,129,2755.073926
89.058989,141,2760.629368
75.102812,90,2763.836705
82.77562,107,2769.595174
85.313842,108,2773.540476
89.887074,98,2776.878116
85.991429,94,2780.087422
85.617208,131,2784.525774
86.175155,98,2787.758846
78.934927,99,2791.500102
37.260102,57,2793.56494
85.724768,98,2797.092719
89.17539,140,2804.159598
83.129761,110,2808.443898
13.418592,34,2809.532921
89.196806,110,2813.292372
89.263515,109,2817.00016
89.089435,134,2821.378445
88.948775,110,2825.227122
24.0,35,2826.640959
71.375686,122,2831.010862
89.204935,113,2837.116067
88.997387,136,2841.72097
86.012348,101,2845.097295
86.260975,95,2848.182734
88.877056,105,2851.887325
82.528809,124,2855.920466
46.918929,73,2858.360683
58.687225,94,2861.506662
16.554016,31,2862.667655
89.712249,98,2866.327658
89.608451,105,2872.142736
82.623188,120,2876.650177
24.735081,39,2877.980175
10.364745,25,2878.830556
61.007949,92,2882.020837
82.610029,123,2885.982461
82.296217,88,2888.852486
86.631754,112,2892.473503
-10.0,1,2892.532808
43.013818,59,2894.558293
89.539316,101,2897.988657
85.834117,113,2903.969031
20.889513,41,2905.420982
5.532517,20,2906.25925
85.865193,107,2910.32581
85.694835,97,2913.804964
88.827045,117,2918.002608
89.09738,105,2921.754019
86.512102,119,2925.978139
85.827734,99,2929.44849
87.239788,108,2933.151632
86.176351,87,2938.265098
88.840468,116,2942.513579
82.926373,100,2946.129265
83.19774,104,2950.354778
45.491581,80,2953.21616
78.990535,109,2957.267888
61.244874,97,2960.960393
85.744968,102,2964.947445
82.204697,98,2968.692589
83.017933,116,2974.96332
-6.26732,5,2975.150609
10.433142,33,2976.301314
89.062065,116,2980.636985
41.332882,69,2983.357379
76.169794,119,2988.221132
88.895279,139,2993.608198
19.678803,46,2995.317855
6.434009,26,2996.504953
82.453015,110,3000.754263
0.256486,13,3001.398093
68.857634,102,3007.381995
36.227592,77,3010.395753
30.750104,42,3012.132149
0.540894,12,3012.630782
89.323313,101,3016.495519
86.11984,119,3021.684431
12.362535,25,3022.583698
85.932534,123,3027.032255
79.660707,93,3030.253256
85.902905,110,3034.350157
68.109995,111,3040.199624
86.086832,109,3044.115269
85.82719,91,3047.693842
82.192364,96,3051.600013
63.552219,106,3055.298327
49.294504,63,3057.5779
64.013683,118,3061.523536
82.476936,122,3065.938412
68.580507,84,3069.282711
89.005486,110,3075.614289
90.123596,89,3078.790831
85.21254,125,3083.504777
13.251858,37,3084.897388
89.114668,93,3088.131206
86.176941,113,3092.312268
85.97228,86,3095.492861
83.528949,107,3099.345838
30.011351,54,3101.309268
0.943044,12,3101.800281
85.871283,90,3105.036703
89.44128,117,3111.290545
38.551113,69,3113.778157
86.155821,113,3118.012703
82.307894,110,3122.1602
89.20535,98,3125.663935
89.430643,114,3130.113153
89.826838,95,3133.677137
89.089237,131,3138.543059
-4.040668,7,3138.916819
85.419142,130,3146.077348
86.325199,110,3150.161125
52.857503,71,3152.987594
80.077831,95,3156.466221
89.411444,102,3160.390625
89.183671,141,3165.721426
88.927748,102,3169.639523
44.234083,75,3172.634601
-3.007523,8,3173.013785
85.563963,86,3178.016558
83.320574,88,3181.608357
89.276271,125,3187.126771
89.905486,91,3190.973934
82.258729,138,3196.344173
89.936393,92,3199.509217
81.459998,87,3202.783844
25.475351,39,3204.366751
46.925255,60,3206.688775
-2.248889,9,3207.086841
75.746592,108,3213.274373
84.788229,124,3217.551265
66.318741,80,3220.59294
86.070171,126,3225.749247
37.38679,70,3228.369966
52.7143,83,3231.655186
63.424032,126,3236.397657
82.713544,98,3240.145976
86.813614,123,3246.604076
21.266673,40,3248.240427
86.633016,107,3252.335807
88.866092,131,3257.680613
88.600552,145,3263.607385
85.713048,95,3267.183944
3.750875,25,3268.190365
86.034903,123,3272.921051
86.000483,115,3277.450988
34.923574,64,3281.903877
89.551482,98,3285.674006
86.546545,104,3290.11626
54.49188,66,3292.901263
88.820447,109,3297.038363
29.463263,57,3299.414749
85.838927,125,3304.797746
36.177734,69,3307.639381
71.104048,101,3314.149577
85.838037,130,3319.581701
87.137229,109,3324.47547
86.028779,134,3329.544322
86.428375,124,3334.369298
85.988374,114,3338.820411
86.484936,107,3343.184456
89.10921,127,3349.955495
79.885663,111,3354.111711
77.821711,106,3358.191424
85.799755,101,3362.406567
66.109176,89,3365.920369
37.944497,63,3368.451075
86.366874,116,3372.986413
4.0,15,3373.756759
86.179497,108,3377.781759
89.569676,101,3383.947887
85.553485,116,3389.156683
82.847092,116,3394.184555
89.18697,104,3400.509102
21.325969,54,3403.981378
54.781121,89,3409.538494
85.839067,96,3416.289727
89.649862,100,3420.995536
89.24101,90,3425.004437
15.556905,30,3426.343506
82.68238,92,3430.663781
46.916532,75,3434.617592
89.109156,114,3439.778443
86.288649,93,3443.930623
64.939201,97,3447.942375
85.476029,87,3453.440811
89.036002,122,3458.68704
89.41123,122,3464.029854
85.846815,86,3468.213901
89.098995,143,3474.853796
86.050079,117,3477.746827
88.633266,136,3480.25121
88.718971,148,3484.539556
85.935887,95,3486.350199
89.101219,140,3488.955093
89.33588,98,3490.711771
34.657633,66,3491.951599
86.042487,89,3493.500759
42.602652,64,3494.625453
89.927539,92,3496.174065
89.023999,110,3498.256588
86.100419,125,3500.470588
24.297064,40,3501.145571
88.389335,117,3503.163155
16.806363,29,3503.742544
89.760928,101,3505.431973
9.82132,25,3505.907041
78.118134,80,3507.217139
35.849925,52,3508.257096
52.239952,91,3509.794076
88.742171,133,3512.004041
88.929739,149,3516.249984
85.947655,116,3522.935819
80.392124,115,3527.088026
86.402577,103,3531.005267
86.132251,105,3535.015945
89.303003,112,3539.23122
23.51652,45,3540.800053
85.582747,106,3544.462689
49.586828,61,3546.672899
41.512429,73,3549.574508
24.506718,52,3553.464605
82.140403,126,3558.077843
89.013995,140,3563.465299
85.83841,101,3567.181997
19.506316,38,3568.422265
-0.084805,12,3568.875656
-1.152536,10,3569.279819
89.948889,90,3572.570883
88.61272,131,3577.040294
88.67512,127,3581.666826
89.475073,97,3587.407727
89.388763,102,3591.215283
79.465674,116,3595.526462
85.854526,125,3599.809677
66.941941,94,3603.13378
27.554345,43,3604.796687
34.4321,71,3607.454341
53.686281,99,3611.364829
27.212841,46,3613.170112
88.965287,119,3618.076501
51.23213,82,3623.245481
85.758192,89,3626.258106
12.43049,24,3627.138453
85.998602,93,3630.424962
67.06865,107,3634.11491
89.533352,112,3638.138396
17.517344,41,3639.744141
86.418109,131,3644.856802
26.872611,40,3646.326154
85.79214,120,3650.671293
82.709892,98,3656.084473
88.649538,135,3660.847939
89.235635,125,3665.220192
88.97413,111,3669.032099
35.519035,53,3671.01108
12.738739,24,3671.992311
86.121725,104,3675.818688
-7.6,4,3676.050276
82.177376,101,3679.944415
24.76242,37,3681.399715
29.999931,65,3683.836317
89.105079,92,3687.087502
85.8615,108,3692.750634
42.635437,60,3694.819859
51.67582,103,3698.335488
89.573209,99,3701.960608
89.248493,127,3706.721729
89.748306,90,3710.728483
86.019159,111,3715.916851
89.305411,92,3720.517801
85.592147,89,3726.598089
88.998062,140,3733.501682
10.886994,23,3734.565221
86.244824,104,3739.233753
86.125683,111,3744.335375
-8.704517,3,3744.709387
88.796048,113,3749.464453
25.498351,52,3751.660454
86.082367,103,3755.665722
89.072236,106,3761.945203
85.042518,102,3766.29167
88.849459,109,3771.205587
89.073959,118,3775.984133
89.170887,93,3779.797417
35.940494,61,3782.147332
86.658955,107,3786.312391
85.888899,88,3789.706386
80.453918,130,3797.305134
82.214196,87,3800.571553
85.960275,116,3804.519007
43.322548,70,3806.730086
68.111566,103,3810.056317
89.710782,95,3813.062617
6.529422,23,3813.860852
61.104189,101,3816.933948
85.471011,125,3821.09075
86.335008,111,3826.606077
89.573624,96,3829.855221
82.757516,114,3833.501673
89.250253,101,3836.726151
87.435164,96,3839.58628
82.941165,138,3843.643093
86.186599,109,3847.317309
21.059436,42,3848.793426
-0.294227,16,3849.452936
19.058166,42,3850.998239
45.538659,58,3853.073136
89.187669,126,3857.781709
59.289404,107,3863.830251
82.759256,119,3867.781918
89.79322,93,3870.871027
89.062276,100,3874.291853
89.499601,99,3877.532006
38.13207,65,3879.799528
24.008525,48,3881.605006
89.504784,104,3885.558753
85.725278,118,3890.090419
86.034194,94,3895.242742
-7.6,4,3895.42925
86.47558,89,3898.692315
23.825993,52,3900.599728
19.125504,56,3902.5189
82.205993,100,3905.815937
7.066477,21,3906.711905
56.929739,84,3909.434403
20.010342,32,3910.231117
88.393026,99,3912.140698
85.36623,88,3913.871055
89.226391,138,3916.194885
51.100328,78,3917.488853
89.581049,101,3919.218622
86.233658,109,3921.124342
52.203562,73,3922.359849
89.146989,117,3924.251296
83.378629,104,3926.008665
30.203639,43,3928.70152
85.983303,115,3930.545609
37.758701,74,3931.720132
81.519499,83,3933.26329
89.647626,101,3936.661181
89.125126,131,3941.093729
11.784081,28,3942.071398
88.95796,107,3945.859577
-7.96,3,3946.110408
73.964888,104,3950.150646
50.189408,75,3952.835671
89.300756,104,3956.465768
85.737156,109,3960.378524
86.093121,117,3966.613208
61.534274,82,3969.787994
-7.247192,5,3970.049418
61.0,72,3972.717688
82.97614,108,3976.494395
17.067446,45,3978.334158
24.296887,44,3980.037858
86.725511,115,3984.508445
33.526184,65,3987.091148
-7.127926,13,3987.677521
21.73935,42,3989.365956
51.003271,73,3992.285085
89.431621,96,3997.86772
-6.0,5,3998.074284
88.978494,121,4002.756115
81.864013,86,4006.186325
88.77956,135,4010.873052
82.134674,87,4014.048672
10.654675,39,4015.468906
83.224909,119,4020.063546
65.786302,89,4023.474543
86.117039,128,4028.285752
88.97555,136,4035.017642
89.681382,98,4038.717608
83.646156,112,4042.500937
88.903561,136,4047.174295
62.863707,118,4051.183236
30.155573,63,4053.432888
13.945494,25,4054.275553
-7.36,6,4054.581636
88.982314,105,4058.414898
20.224849,44,4060.192589
42.745897,63,4062.348817
88.936939,136,4069.224097
82.04442,94,4072.679786
86.273841,111,4076.53317
86.527468,107,4080.482103
89.654698,102,4084.262758
85.884406,127,4089.041508
-6.343768,5,4089.324688
81.370447,102,4093.594439
77.510709,122,4100.204299
34.41878,51,4102.131115
86.165779,115,4106.432496
82.246038,114,4110.405816
55.74944,69,4112.712006
88.797704,119,4116.816191
79.127625,94,4120.279607
38.230953,82,4123.119804
0.0,11,4123.51241
83.217779,95,4126.832428
85.970806,101,4130.603625
31.740981,67,4135.300959
20.66463,39,4136.792352
44.080162,61,4139.126739
88.875855,127,4143.698928
-8.105323,10,4144.117069
82.704069,99,4147.618453
26.6727,47,4149.154344
44.475255,75,4151.774765
13.758829,31,4152.864618
86.128944,86,4155.722605
70.447147,82,4158.570231
88.863737,112,4162.630229
33.49734,48,4164.282893
56.908961,77,4168.958796
86.049558,104,4172.689107
89.983036,95,4176.106139
-7.271727,5,4176.343204
17.409681,29,4177.253167
19.278897,33,4178.469854
86.105301,128,4182.939059
88.7966,145,4188.083845
78.714193,88,4191.402186
21.213945,50,4193.233261
7.139351,28,4194.388076
86.536779,117,4198.560419
25.959325,44,4202.221418
88.815462,131,4207.163443
89.477399,102,4210.869397
86.114755,96,4214.344584
87.568724,136,4218.790483
84.569714,101,4222.178879
89.577474,112,4226.149641
23.617592,39,4227.550116
88.768039,118,4231.876518
83.575631,123,4238.19047
79.293218,118,4242.461217
41.538099,54,4244.284392
13.606605,35,4245.508611
89.306353,113,4249.177184
89.338962,106,4253.007462
82.055988,86,4256.109629
89.106818,100,4259.727477
82.32606,107,4263.600527
-7.36,6,4263.990424
89.196862,98,4267.565584
78.308951,91,4272.880047
85.758236,110,4276.911921
89.299818,101,4280.408021
83.414231,113,4284.244403
89.259223,115,4288.115837
86.227305,87,4291.067648
1.898668,16,4291.81926
18.3209,36,4293.184242
82.28467,87,4296.67747
34.644213,57,4298.925767
62.0,73,4301.393103
82.666538,112,4307.35519
-10.0,1,4307.466298
86.066301,129,4311.895914
60.829039,81,4314.738347
34.980383,56,4316.595182
16.064921,31,4317.715497
88.976384,100,4321.097147
86.518825,122,4325.394152
20.819728,51,4327.167115
85.992759,132,4331.80986
55.807307,70,4334.256417
82.281123,104,4340.035874
88.787613,141,4344.989748
61.574249,104,4348.59598
89.914337,97,4351.79782
86.462449,127,4356.398668
85.700336,104,4360.327917
85.747443,113,4364.780396
89.139861,125,4369.536031
85.782066,98,4375.595613
85.823156,93,4379.205926
27.893826,41,4380.760767
81.066747,112,4384.833555
89.131526,113,4389.054698
86.146684,91,4392.53416
66.950517,96,4396.223722
89.18785,137,4401.777779
36.571269,58,4403.876887
88.983432,138,4410.994104
86.143886,91,4414.628637
16.676777,38,4416.032994
-0.587578,12,4416.606719
36.65055,64,4418.918333
86.121606,103,4422.918984
86.152618,115,4427.280467
82.807906,90,4430.775154
68.764279,94,4434.146629
-6.052541,5,4434.432184
-5.067156,6,4434.635287
82.94572,101,4438.286221
22.727097,36,4441.483529
82.148281,90,4444.638669
12.246288,36,4445.88428
89.212459,119,4450.742969
10.588174,24,4451.604812
82.482847,103,4455.244117
89.179812,123,4459.682325
82.287221,89,4462.779253
41.93248,66,4465.165741
82.708599,100,4468.703337
13.105313,38,4470.213406
83.024896,118,4476.925041
85.528769,86,4479.830987
89.500407,97,4483.505983
5.022524,17,4484.195017
85.768754,139,4489.378616
85.727492,86,4492.388374
11.043682,25,4493.284061
79.290245,89,4496.45794
89.065041,102,4500.417828
85.464109,126,4505.046761
89.044137,116,4510.91247
8.794211,22,4511.68864
86.273241,125,4516.339204
85.228784,111,4520.647719
81.985534,106,4524.61668
86.134159,112,4528.840516
86.508949,110,4532.808692
-7.126967,4,4532.967669
37.887148,75,4535.816548
85.761853,112,4539.973231
22.912345,43,4541.547543
31.667252,49,4545.315122
86.014893,116,4549.362223
88.873095,140,4554.521244
85.848596,118,4558.880203
47.267592,59,4560.826347
58.543603,102,4564.417936
83.973455,104,4568.151123
86.407223,99,4571.544148
-8.8,3,4571.698776
2.720131,15,4572.373289
86.253286,115,4578.507342
86.135272,134,4583.092024
83.274857,120,4587.377317
86.106586,119,4591.668208
27.605007,48,4593.379283
30.221818,43,4595.020573
-4.529766,11,4595.534922
86.531912,106,4599.144503
55.822506,90,4602.507817
83.008898,121,4607.112976
65.450182,80,4609.858121
86.107155,122,4616.205097
79.403939,123,4620.490688
18.880059,35,4621.796978
89.209651,113,4625.927822
85.995188,131,4630.762849
9.145434,22,4631.534066
13.0,24,4632.548216
18.622692,34,4633.829834
89.291844,122,4638.285753
82.839635,106,4642.240533
85.362569,118,4648.378175
2.0,13,4648.815067
3.079451,15,4649.362725
63.751896,92,4652.881488
89.612276,97,4656.378538
26.99149,59,4658.564574
44.0,55,4660.450533
14.708798,43,4662.124094
89.07849,113,4666.224522
86.157137,98,4669.550154
9.50808,23,4670.3747
85.616049,99,4674.193209
85.982607,105,4678.015876
78.652007,110,4683.960692
85.637215,99,4687.349955
75.695258,92,4690.589425
81.781868,90,4694.017965
86.080806,133,4698.83417
83.470511,108,4702.615177
88.651106,137,4707.531056
18.706437,39,4708.980972
82.692657,95,4712.349386
24.846047,43,4715.78312
86.001118,115,4720.022132
36.733008,67,4722.471222
84.663431,114,4726.320983
82.440617,120,4730.927859
89.748401,91,4734.171821
10.771089,22,4735.358469
89.295678,104,4738.987593
83.514571,122,4743.19327
13.955683,29,4744.334059
83.48463,119,4750.428445
86.25267,113,4754.505847
88.986016,101,4758.286812
90.068303,89,4761.303028
74.202866,77,4764.02643
89.462825,115,4768.111409
86.006342,105,4771.861643
27.159447,46,4773.538525
88.992637,128,4778.032393
26.380189,54,4780.012451
86.02751,103,4785.417707
35.9933,72,4788.025917
86.386306,111,4791.998166
11.367816,23,4793.025834
10.307645,32,4794.082663
89.315386,99,4797.482143
2.468526,19,4798.271059
62.550359,121,4802.663959
89.492632,113,4806.727813
2.041327,18,4807.362754
74.774183,110,4811.297124
86.148909,116,4817.959176
89.370887,115,4822.057214
10.227996,37,4823.489218
25.962732,57,4825.715981
86.59793,95,4829.293694
25.648948,50,4831.192708
-9.32,2,4831.339214
18.996953,33,4832.590765
85.827383,101,4836.247718
89.058799,128,4840.721968
86.584947,95,4844.143246
86.033057,121,4848.448531
-4.786395,19,4849.205867
88.930669,135,4855.556911
4.679137,30,4856.626764
88.944328,128,4861.434266
86.547635,119,4865.588659
1.19614,23,4866.447722
16.79324,39,4867.745244
86.197424,112,4871.583446
85.383885,119,4875.980072
89.049529,110,4879.843224
86.345034,128,4886.446365
64.89345,85,4889.708243
80.0591,94,4892.867476
86.118446,106,4897.159122
-2.998962,12,4897.663824
86.242291,114,4901.814566
86.017385,118,4906.081788
82.916532,97,4909.494985
83.449066,118,4913.822584
59.31422,87,4916.847098
89.033478,126,4923.456898
86.162791,86,4926.449091
74.994245,89,4929.838295
89.263858,125,4934.157092
67.191293,82,4936.888999
90.123596,89,4940.020773
55.52707,92,4943.273529
85.886791,107,4947.043627
89.153085,112,4951.030771
29.693172,57,4955.157724
85.994067,122,4959.588773
88.874547,109,4963.823097
-10.0,1,4963.983852
89.401319,109,4967.941311
85.368506,94,4971.303959
41.374255,66,4973.764321
89.638042,89,4976.8094
89.120321,117,4980.899471
88.945933,126,4985.351076
81.44077,93,4990.597469
85.544848,92,4993.925557
85.647448,90,4997.105199
81.487411,85,5000.241545
86.108289,104,5004.076598
76.518319,119,5008.554403
-0.742856,13,5009.076105
86.020697,93,5012.326157
18.890574,42,5013.999508
-8.44,4,5014.185955
6.132317,19,5014.956291
86.201113,100,5018.537906
32.711441,75,5023.417015
36.754686,70,5026.111446
-8.03919,11,5026.496935
19.01163,35,5027.682128
90.120095,89,5030.794126
86.447382,116,5034.811814
27.596006,42,5036.441522
24.838325,44,5038.13412
86.430578,112,5042.555996
58.44175,70,5044.887718
88.996461,125,5049.580039
23.634124,46,5051.291398
-5.415219,6,5051.800694
89.743761,103,5057.728096
2.737225,14,5058.257783
85.884026,128,5063.056975
86.058336,109,5067.016493
82.577839,112,5071.313588
88.734069,133,5076.162167
83.747326,137,5081.222266
57.944719,102,5085.207936
78.846484,99,5088.700561
26.848864,55,5092.631074
78.927973,93,5096.143768
21.865332,39,5097.690219
89.349559,124,5101.979899
74.815656,86,5104.770314
85.755526,87,5107.714512
85.776146,137,5112.789763
88.970668,132,5117.706508
88.628536,140,5123.009808
48.765534,84,5127.803259
85.487044,90,5131.044006
23.482901,56,5133.049836
14.525719,30,5134.083952
43.85359,66,5136.531217
37.904473,54,5138.610663
72.407683,120,5142.695199
7.090948,30,5143.916228
31.65252,49,5145.832852
86.25775,102,5149.795811
88.806253,115,5153.901723
49.390586,93,5157.181241
85.856594,90,5162.421973
89.412946,109,5166.530237
29.379611,45,5168.192382
42.372148,82,5171.095154
89.259043,125,5175.49331
15.203149,35,5176.85023
85.916546,93,5180.214215
83.211166,123,5184.767244
89.255933,112,5188.923143
85.844618,95,5194.234305
67.739569,107,5198.090863
89.109893,130,5202.766426
86.027136,97,5206.381811
89.006955,129,5210.950294
86.120871,100,5214.93366
86.257057,112,5219.07993
3.59644,25,5220.055521
85.779181,95,5223.453077
30.007018,51,5225.294382
88.797629,134,5232.037408
85.266864,118,5236.409998
-7.96,3,5236.664097
38.678222,67,5239.154719
5.638019,17,5239.823152
88.737999,125,5244.20274
44.910773,82,5247.496516
85.34415,110,5251.387136
86.187678,102,5255.282323
85.5162,103,5259.181766
85.646473,132,5266.26727
80.054163,117,5270.752569
79.844425,110,5274.574783
-8.24,5,5274.753737
89.303686,100,5278.600007
83.085043,96,5282.193442
56.716924,74,5284.914839
89.038249,129,5289.540122
77.707189,81,5292.872805
86.458255,100,5298.436572
89.276696,108,5302.510066
89.812692,92,5305.692534
82.070242,119,5310.084656
59.609157,91,5313.378147
43.679984,77,5316.081651
82.320477,103,5320.047327
89.038421,118,5324.471619
65.794397,81,5327.477623
86.313012,106,5333.292451
3.831957,19,5334.039059
85.945844,117,5338.517263
89.056365,93,5341.555233
85.666468,91,5344.544542
78.616116,120,5348.868805
64.852411,121,5353.075778
88.080193,106,5357.135239
-8.8,3,5357.313493
89.396065,92,5360.662106
67.944697,105,5366.187492
89.940783,90,5369.392176
90.088741,89,5372.40958
52.780856,73,5374.964468
65.394086,118,5379.018154
81.535694,114,5383.036237
1.493321,13,5383.545813
86.657472,128,5388.013938
53.313193,91,5391.31022
85.479321,95,5394.628104
79.277177,120,5400.732997
88.799301,131,5405.646445
16.544794,34,5407.018635
89.170548,95,5410.476192
85.230011,116,5414.606855
79.319009,90,5417.941337
89.601002,91,5421.102712
89.031768,129,5425.560463
85.964327,118,5429.758514
2.858805,29,5432.637369
88.608508,135,5437.511021
89.07842,98,5440.900218
86.161851,106,5444.56303
85.159551,93,5447.872723
8.242953,20,5448.754169
42.409818,65,5451.040843
85.583266,90,5454.182744
89.134514,110,5458.039093
79.230098,104,5462.21108
60.907457,80,5467.107667
89.087961,94,5470.627824
89.991333,92,5474.13754
29.953589,69,5476.80731
15.113158,29,5477.895596
89.93379,89,5480.909431
72.939273,99,5484.28143
55.52393,107,5488.176035
90.006092,89,5490.956672
81.855588,86,5494.049402
86.625105,98,5497.615884
49.816732,69,5502.193186
70.688685,92,5505.770427
81.823615,90,5509.186774
89.228911,126,5513.640152
82.922566,117,5517.791507
69.030266,94,5520.867834
44.301271,79,5523.451497
88.865488,124,5528.102773
55.686961,80,5531.162065
80.252704,121,5537.464486
61.517708,80,5540.40175
87.581619,118,5544.52865
34.266951,52,5546.405752
23.711176,44,5547.92381
15.872072,28,5549.002392
82.062705,106,5552.587162
87.1401,135,5557.530329
86.513764,102,5561.171885
82.540485,89,5564.347599
31.140375,52,5566.422627
7.668906,19,5569.298294
88.693183,136,5574.379333
83.65425,112,5578.244695
85.626799,91,5581.297711
89.05817,110,5585.168252
-2.004955,13,5585.714199
-8.48,2,5585.84251
52.263219,73,5588.731508
89.078152,114,5592.997759
82.173623,116,5597.426649
89.906837,97,5601.114836
89.006978,111,5606.919159
89.272308,103,5610.700925
86.105904,110,5614.324118
77.18979,112,5618.271013
38.672552,65,5620.634572
85.917301,107,5624.476116
81.870497,95,5628.110664
88.961411,139,5633.263363
21.220169,47,5635.174526
85.393506,101,5640.587008
83.650273,118,5644.390677
28.665211,53,5646.017347
89.376182,118,5649.4763
86.061916,116,5652.867205
90.050384,90,5655.608044
81.894118,108,5658.69821
88.967209,129,5662.459924
89.281149,123,5666.337233
89.095203,139,5672.338188
82.015317,112,5675.86345
25.145856,53,5677.634363
83.030282,110,5681.003601
85.81961,108,5684.125474
68.622317,130,5688.108661
39.589303,72,5690.114219
27.284114,55,5691.789109
88.779758,133,5695.841183
35.308922,60,5697.674953
88.792432,122,5701.31792
89.363406,109,5706.728014
85.85044,94,5709.564382
86.18699,91,5712.253019
86.332298,111,5715.514586
13.427242,28,5716.443335
89.302856,100,5719.611942
86.408713,89,5722.142004
76.156185,93,5724.668206
89.338443,122,5728.358903
88.758799,133,5732.638978
32.971401,74,5734.810845
42.803001,67,5736.756736
86.164652,115,5742.322728
90.123596,89,5744.811232
85.275996,89,5747.271771
86.405934,128,5751.053182
-7.241121,7,5751.38489
89.379369,100,5754.389516
75.720124,94,5757.067931
89.525092,107,5759.992091
86.511914,137,5764.193082
85.518749,101,5767.217182
85.99127,122,5770.714021
89.513482,98,5775.585074
-2.684451,12,5776.063323
86.170958,107,5779.324619
85.759736,108,5782.319238
85.99323,91,5784.839662
82.872627,108,5787.967627
-6.983314,13,5788.350877
89.969003,91,5790.773063
86.364293,113,5794.009963
49.840277,68,5796.280535
79.457553,124,5800.011273
-0.311651,17,5800.597681
-7.6,4,5800.774144
14.284799,39,5802.037163
83.888057,114,5805.498097
17.271964,41,5808.475741
82.591471,125,5811.998537
43.447391,81,5814.435766
65.161559,98,5817.27142
81.347911,106,5820.7769
85.497722,118,5824.417571
89.425591,109,5827.872984
85.919556,105,5831.099232
23.930133,43,5832.48609
85.708267,120,5836.262219
87.353441,105,5839.737108
82.096164,97,5844.444977
85.67902,93,5847.135894
7.996558,27,5847.973
85.888551,125,5851.680027
88.799621,141,5855.737444
40.570278,58,5857.602136
86.087965,86,5860.120882
58.057993,86,5862.714009
77.962032,80,5865.041785
85.889538,114,5868.44686
10.038801,34,5869.599882
26.975699,56,5871.332741
-0.926888,11,5871.6909
89.569914,108,5876.521642
86.935338,104,5879.508087
85.448293,97,5882.326879
89.150165,95,5885.150605
88.769712,126,5888.914592
82.338075,96,5891.706119
78.673348,106,5894.840807
-1.04059,12,5895.240961
82.406897,112,5898.456138
86.500876,137,5902.216949
85.546648,110,5905.34514
85.847237,120,5910.715285
8.134432,29,5911.65918
53.669346,84,5914.02899
54.819059,98,5916.88735
71.569667,101,5919.773248
89.086904,130,5923.669613
1.547109,13,5924.038723
78.363421,96,5927.05334
1.185993,15,5927.51102
80.807624,92,5930.1251
6.129559,36,5931.202734
25.198105,47,5932.833354
-1.933974,25,5933.57415
89.197415,131,5937.313736
23.091374,37,5938.344028
86.865459,112,5941.486645
89.107447,126,5946.908534
-2.580252,9,5947.253772
26.665528,54,5948.826067
42.029484,88,5951.40644
78.829448,85,5953.835038
88.963029,122,5957.594809
82.53375,115,5960.998626
89.800829,90,5963.539773
85.521761,102,5966.343663
88.815963,135,5970.12756
86.261387,104,5973.026814
86.604021,95,5976.360554
17.0,28,5978.972017
-2.0,9,5979.245945
82.659175,108,5982.282898
28.46551,47,5983.727224
86.393387,105,5986.8812
88.706028,133,5990.817424
86.293003,128,5994.605197
89.25985,96,5997.456558
82.432962,100,6000.539582
88.860159,136,6004.299891
85.716216,129,6007.805902
82.386932,94,6012.615694
88.924895,132,6016.331858
86.110355,115,6019.711006
82.814733,128,6023.422134
89.05849,107,6026.507125
88.991206,121,6029.898548
89.041803,128,6033.550318
86.161992,86,6036.216217
25.600591,48,6037.710868
57.528455,104,6040.827646
85.888017,87,6043.330691
89.666898,101,6048.302445
85.762117,104,6051.375458
89.888232,91,6053.817656
86.03583,125,6057.485755
86.370715,111,6060.731396
86.699778,129,6064.598819
86.416296,114,6068.608114
89.27502,129,6072.686841
85.797347,118,6076.460575
85.448354,87,6081.055423
29.840318,48,6082.520495
82.083237,96,6085.55164
83.164915,118,6089.157
86.293782,118,6091.198003
-8.32,7,6091.317312
89.807511,93,6092.850724
89.405889,116,6094.756643
89.402039,114,6096.787811
89.071238,114,6098.866786
89.273164,132,6101.138964
86.638458,120,6103.117464
89.399957,102,6104.93536
88.847334,135,6107.121213
77.91842,105,6108.74764
66.031058,106,6110.522561
82.292637,87,6112.176519
88.941051,122,6116.20334
86.762616,104,6118.434329
-6.512657,5,6118.53268
89.283032,126,6120.986029
86.162791,86,6122.338084
85.079284,93,6123.826167
86.044591,112,6125.711047
16.720862,31,6126.314604
2.63689,18,6126.684317
41.355902,78,6127.937202
82.804119,111,6129.763543
85.846498,94,6131.353131
89.483739,120,6133.3113
78.017737,123,6135.389944
11.320599,30,6135.910195
88.983683,105,6137.945178
26.988458,43,6138.701803
48.265463,79,6139.992109
88.19171,98,6141.642684
85.909085,112,6143.711896
2.471459,18,6144.059026
54.923881,75,6145.284835
-9.16,1,6145.326519
64.790052,91,6146.890671
89.173825,131,6150.78571
79.883641,105,6152.423142
53.609894,79,6153.672277
58.700422,99,6155.223495
86.751878,100,6156.775879
61.822765,102,6158.35304
89.067348,96,6159.872284
82.904557,120,6161.87508
82.618886,110,6163.582611
11.279418,28,6164.024351
86.25012,106,6165.649596
4.754425,23,6166.125259
82.813013,98,6167.68325
86.033645,115,6169.476061
79.259793,105,6171.192479
77.637258,101,6172.929151
-8.8,3,6172.973563
85.38988,88,6174.338809
88.856563,109,6176.058948
82.160745,101,6177.737287
79.352055,99,6179.324752
86.086859,91,6180.691755
89.687231,91,6184.062118
89.366028,108,6185.925037
78.874366,87,6187.367136
62.927822,87,6188.808412
-8.8,3,6188.870577
85.648406,106,6190.734032
35.238083,55,6191.614377
83.518565,97,6193.139881
88.865549,120,6195.162372
85.802447,115,6197.11192
89.953244,89,6198.682072
88.895087,114,6200.467402
14.815173,38,6201.136657
36.594423,67,6202.231251
77.619786,115,6203.988111
89.451531,118,6205.909711
-7.20262,4,6205.993204
42.546386,73,6207.234395
-10.0,1,6207.264385
82.714963,104,6208.86319
16.496288,39,6209.484793
-7.209381,4,6209.656421
86.011516,97,6211.254547
89.190124,102,6213.128528
80.659754,116,6215.157812
86.064741,97,6218.940405
79.851752,124,6220.915239
85.931356,97,6222.496797
78.526026,88,6224.068533
8.175972,25,6224.638138
89.874927,92,6226.360886
88.698876,133,6228.609658
82.106565,102,6230.321479
85.902306,107,6232.197175
86.037971,88,6233.703674
90.057275,89,6235.195836
86.485572,128,6237.382154
86.634006,106,6239.289123
20.027991,52,6240.199884
52.810391,68,6241.288457
88.726167,135,6243.629524
85.479019,107,6245.617534
86.537397,108,6247.691794
61.472316,84,6249.202099
-8.56,6,6249.333982
85.920064,114,6252.601111
89.525754,115,6254.6457
86.354199,103,6256.261227
12.997753,27,6256.730371
5.746381,21,6257.1724
82.977272,100,6259.02382
20.550989,44,6259.901358
10.086248,25,6260.398347
86.045782,117,6262.411895
85.616801,90,6264.066345
79.173917,101,6265.877731
8.132054,22,6266.291571
85.27237,90,6267.862249
90.123596,89,6269.203884
88.912015,128,6271.319604
49.980342,94,6273.088522
88.926276,145,6275.652448
63.348085,124,6277.68526
85.843508,91,6279.179733
85.857723,90,6280.856416
89.542724,109,6282.99266
-4.074482,8,6283.141541
86.415764,97,6286.409092
64.983982,113,6288.433287
8.881055,27,6289.073316
82.881681,100,6290.764452
89.666146,90,6292.227775
16.155482,34,6292.830125
85.912821,128,6295.087407
82.697063,108,6296.846292
34.639146,48,6297.616233
9.442995,21,6297.940994
86.410073,111,6299.745994
89.292116,89,6301.09577
79.492096,112,6302.927171
82.99835,111,6304.747205
86.181753,94,6306.271619
-0.664288,11,6306.482618
23.963468,47,6307.25991
88.718698,147,6309.607682
62.217027,86,6311.012419
89.906394,91,6312.494404
11.890895,32,6313.004038
85.484766,87,6314.386672
61.008512,114,6316.280707
33.670006,61,6319.203856
4.483708,32,6319.709088
85.934975,103,6321.471557
86.421338,132,6323.765241
84.663414,129,6325.823307
85.645095,92,6327.335744
88.69189,148,6329.74278
51.351439,79,6331.103582
21.925331,50,6331.909282
86.279944,117,6333.776663
89.313807,120,6335.670348
88.572921,148,6338.053909
85.346674,89,6339.404788
85.992944,110,6341.087478
89.048739,124,6342.938005
81.97059,95,6344.437537
82.27046,91,6345.867505
85.693614,107,6347.619524
89.466386,96,6349.175114
86.276988,100,6350.809801
82.102673,100,6354.451511
74.099308,95,6355.954957
84.944336,111,6357.643877
81.853687,86,6359.081528
45.788607,83,6360.377035
81.093924,100,6361.941193
86.136094,105,6363.566639
86.290583,114,6365.418662
69.564148,101,6366.994042
86.850481,127,6368.862881
82.707724,96,6370.349037
81.328904,86,6371.772861
14.566405,39,6372.449666
86.011954,98,6374.01425
86.287397,115,6375.884462
73.632758,91,6377.420967
25.608365,43,6378.096843
85.636397,97,6379.649461
85.60649,94,6381.107187
86.77662,123,6383.180119
83.286362,124,6385.133115
89.789685,95,6388.471148
82.564282,93,6389.98527
77.572758,105,6391.714155
32.821298,73,6392.887619
88.750045,123,6394.797809
89.415513,95,6396.30585
60.13445,107,6398.060964
89.310305,98,6399.550414
44.925401,71,6400.688159
82.801147,119,6402.525011
82.086486,107,6404.21608
78.63036,92,6405.631622
89.506313,108,6407.337025
85.819826,127,6409.330333
85.893462,111,6411.146145
-8.039308,4,6411.232415
85.611742,104,6412.884153
89.138134,106,6414.608774
85.914552,125,6416.751093
85.976163,139,6418.870403
85.362793,99,6422.23404
42.419699,75,6423.4152
78.440412,89,6424.86214
85.560582,114,6426.629646
80.558208,119,6428.486573
86.638355,100,6430.019613
86.324937,119,6431.979347
78.168768,84,6433.280733
82.722705,108,6434.962805
85.716393,108,6436.626142
81.73787,89,6438.076589
-4.395977,7,6438.211954
65.636154,99,6439.737444
85.700321,86,6441.073979
86.151366,139,6443.315083
86.235145,98,6444.895263
85.603691,92,6446.401063
85.741308,88,6447.790831
82.272366,111,6449.746305
89.042158,112,6451.567991
88.98266,104,6453.225866
89.206586,114,6456.909465
86.139234,86,6458.253392
85.598643,125,6460.223781
-7.941325,10,6460.382575
86.678864,135,6462.451565
86.256501,106,6464.138354
14.96893,31,6464.630532
88.811774,121,6466.534509
89.456681,106,6468.214406
8.186688,24,6468.707019
42.737277,55,6469.587038
86.463307,112,6471.426354
86.224441,132,6473.589908
88.872723,125,6475.647028
86.283981,116,6477.534416
86.043946,116,6479.461334
58.948627,77,6480.756826
27.869891,43,6481.551231
85.382459,90,6482.958328
83.046221,100,6484.607237
-3.052499,8,6484.74396
-10.0,1,6484.875055
59.054497,84,6486.173067
89.202627,108,6487.844915
85.989673,117,6491.515653
21.030593,46,6492.354319
45.095099,64,6493.38302
43.714604,67,6494.44086
1.153903,15,6494.704543
85.162791,86,6496.078325
-8.8,3,6496.156757
86.147647,86,6497.516281
86.581421,123,6499.458668
56.752419,82,6500.823359
86.202921,97,6502.32769
85.397692,96,6503.863616
89.770074,97,6505.383295
21.499711,34,6506.017937
56.977725,75,6507.209293
-9.021848,2,6507.252043
81.969096,87,6508.718237
1.345469,19,6509.133395
88.967974,120,6511.045969
82.170053,95,6512.530367
29.509228,63,6513.530997
79.315415,98,6515.248187
82.749715,117,6517.112872
15.800409,28,6517.544463
12.071885,27,6517.982762
57.32835,104,6519.701749
86.030913,125,6521.594334
82.593145,103,6525.102123
85.986122,123,6526.991692
82.407479,91,6528.538802
88.657961,132,6530.634296
89.07251,135,6532.746445
54.930978,79,6534.04344
76.08462,97,6535.607106
85.741492,104,6537.212467
88.615469,133,6539.232533
78.732882,92,6540.701517
85.993686,107,6542.53598
89.19386,111,6544.266124
2.016653,14,6544.492331
70.466161,88,6545.92095
86.049126,130,6548.151546
86.388844,91,6549.533814
76.02383,133,6551.691117
85.957612,105,6553.425411
89.041876,117,6555.378168
89.006189,103,6558.951917
9.384333,30,6559.446662
51.70841,83,6560.776468
19.048657,37,6561.475979
76.65589,121,6563.462866
26.045696,43,6564.150594
89.370865,92,6565.637994
-7.6,4,6565.813676
42.7084,86,6567.199899
61.24615,108,6568.832029
89.237682,101,6570.396929
85.927166,129,6572.407164
89.021527,122,6574.462119
89.801015,100,6576.217496
81.690635,101,6577.857228
89.421554,106,6579.718754
35.807218,55,6580.621999
5.84082,20,6580.958033
89.378655,94,6582.567916
42.858952,79,6584.039374
17.652716,37,6584.627632
86.428919,105,6586.428364
17.808441,34,6587.047698
28.952772,45,6588.001216
89.170828,111,6589.883872
82.96526,109,6593.491456
85.464649,90,6594.991706
37.047458,68,6596.242433
86.143289,86,6597.611829
-9.070832,2,6597.648675
27.343388,62,6598.72292
89.383628,108,6600.616311
82.13862,92,6602.061007
85.640502,99,6603.693652
32.802453,69,6604.741244
89.030693,136,6607.042536
89.615125,100,6608.687488
83.147338,103,6610.362796
85.535136,123,6612.310061
89.038311,124,6614.581284
88.686195,132,6616.851436
86.865295,101,6618.53059
89.092501,124,6620.696205
46.391489,99,6622.410406
70.061399,102,6624.099895
79.034773,84,6627.294843
85.061572,98,6628.851172
12.331874,24,6629.309842
85.739042,96,6630.867523
27.501227,63,6631.959498
85.776364,104,6633.554219
46.998819,58,6634.508732
-6.772436,10,6634.686889
39.290341,59,6635.561966
85.796295,114,6637.323991
82.68978,90,6638.898904
89.21712,127,6640.984997
85.512973,98,6642.58528
81.906002,122,6644.618679
89.278894,111,6646.503502
81.828465,86,6647.875275
90.03061,92,6649.425318
51.746118,93,6651.32729
85.579647,105,6653.345645
3.704627,21,6653.777141
64.774997,116,6655.744915
89.827185,89,6657.204011
88.624726,146,6661.468996
86.954376,113,6663.378221
-1.748264,14,6663.615195
89.524209,116,6665.847278
86.432528,95,6667.679267
74.997906,83,6669.110627
89.291721,122,6670.944807
88.887937,111,6672.607314
-8.24,5,6672.814708
53.107629,70,6674.013701
86.946159,118,6676.300861
86.297109,101,6678.065796
86.110228,100,6679.871479
63.742284,110,6681.683004
86.417573,128,6683.745756
89.323363,126,6685.747026
24.443481,53,6686.73933
85.278726,119,6688.598064
86.053707,119,6690.560909
82.298717,100,6692.182373
30.698806,42,6694.835819
53.276302,76,6696.042167
-7.4,5,6696.155723
89.064032,127,6698.273173
68.109631,95,6699.928267
16.15011,36,6700.522236
86.354614,128,6702.550772
-2.0,9,6702.722584
86.017504,122,6704.62295
12.291791,41,6705.250936
32.582227,44,6705.923127
85.259982,109,6707.564998
86.526202,125,6709.764258
57.269867,87,6711.754702
83.15839,127,6713.981753
85.729899,99,6715.63973
52.684065,71,6716.833252
23.564951,59,6717.775542
80.547512,130,6720.074862
83.150876,100,6721.853533
88.574391,135,6724.161942
-1.181929,12,6724.385345
88.862044,116,6726.28069
-7.96,3,6726.374364
40.831227,83,6729.695093
82.509305,105,6731.542579
85.755614,124,6733.615742
14.705187,30,6734.128394
10.871758,22,6734.712907
84.298008,94,6736.367923
88.919766,130,6738.594171
89.323944,91,6739.898407
11.906532,26,6740.397146
36.49848,52,6741.180963
-10.0,1,6741.210453
-7.6,4,6741.292775
51.223937,95,6742.901107
-2.0473,9,6743.049596
88.832629,129,6745.111124
86.375624,106,6746.750149
17.959064,38,6747.506673
85.730623,97,6749.186447
85.532155,97,6750.801208
19.002766,37,6751.372498
90.123596,89,6752.715675
22.467981,34,6753.275523
85.81453,105,6754.923076
-2.300985,10,6755.106025
-7.96,3,6755.230668
85.927773,100,6756.823051
87.537971,132,6758.926312
86.281826,91,6760.403244
88.583723,140,6764.637664
-10.0,1,6764.66714
39.433814,61,6765.748824
82.541952,108,6767.546668
0.19293,19,6767.938476
89.033827,143,6770.217665
85.465751,127,6772.288213
83.411519,112,6774.026499
-1.054463,10,6774.246041
85.899024,106,6775.87438
89.333659,108,6777.468757
85.718545,103,6779.121351
57.340557,87,6780.557955
89.312372,113,6782.333987
-10.0,1,6782.366131
86.437746,89,6783.796221
89.366135,89,6785.249376
-7.4,5,6785.374864
19.53761,41,6786.017153
84.699272,92,6787.524972
-3.297013,8,6787.749404
85.67197,111,6789.526803
22.432497,44,6790.246388
84.933435,125,6792.261616
45.056424,82,6793.635717
-10.0,1,6793.694015
83.826044,109,6797.872194
89.163211,131,6800.084153
86.110493,129,6802.347312
89.216619,99,6803.958279
9.035283,31,6804.486869
23.201369,37,6805.160112
53.873562,65,6806.307799
86.31802,127,6808.455292
-3.433236,12,6808.680526
85.75464,119,6810.566761
86.030124,97,6812.185679
85.919588,119,6813.999469
42.597899,67,6815.042185
86.103329,110,6816.858093
89.059385,130,6819.168249
88.967665,113,6820.941831
82.630144,110,6822.985629
86.81847,141,6825.231999
81.204819,83,6826.586024
-3.559205,8,6826.733595
8.29598,26,6827.189997
86.049677,132,6831.776643
82.630593,108,6833.823245
86.679216,112,6836.058201
49.469063,95,6837.857449
89.031049,102,6839.73545
86.017602,107,6841.606362
7.870622,28,6842.10604
88.944134,140,6844.447147
88.542386,147,6846.819685
85.47509,94,6848.472971
86.365678,139,6850.555
-7.6,4,6850.638663
89.308259,123,6852.488724
26.083129,55,6853.463484
89.771322,101,6855.146144
82.463704,97,6856.754184
85.973058,90,6858.234636
8.167125,22,6858.679615
88.738409,123,6860.645408
85.899451,109,6862.380639
86.068268,121,6866.334684
82.417274,96,6867.999202
18.720396,44,6868.815915
86.885278,108,6870.777534
89.022313,100,6872.502284
84.261056,115,6874.609046
81.960263,89,6876.167571
64.707573,100,6877.906531
79.455306,90,6879.468913
88.644141,136,6881.852659
88.987433,103,6883.625835
81.475746,95,6885.294269
5.92306,17,6885.582483
15.275272,32,6886.185154
80.054814,101,6887.972404
85.127867,126,6890.042926
4.718882,16,6890.341383
26.221098,39,6891.064171
81.924703,88,6892.472153
82.234568,86,6893.811021
82.73753,108,6895.496358
-4.545862,7,6895.697314
74.711895,84,6897.012145
48.426762,87,6899.975361
71.51871,86,6901.403663
75.435338,96,6903.053158
22.337477,45,6903.792238
24.175559,42,6904.523463
89.314804,122,6906.579131
89.133441,93,6908.214135
89.030556,132,6910.51317
86.270385,103,6912.29024
-7.02435,8,6912.444528
48.734018,70,6913.811175
86.349656,135,6916.085991
75.639066,104,6917.860791
83.590302,99,6919.572959
85.832484,130,6922.147397
5.200505,21,6922.540348
42.51511,78,6924.002717
86.2681,109,6925.877572
61.19196,84,6927.416223
85.424197,126,6929.606284
83.110228,118,6934.730853
42.205074,55,6936.673203
88.85647,131,6941.367463
88.952164,110,6945.102642
76.611296,117,6948.811175
1.721073,20,6949.497425
55.995782,102,6952.787495
-3.052533,9,6953.128122
22.983982,35,6954.186182
85.813533,97,6957.344363
-10.0,1,6957.501378
83.066335,102,6961.177264
44.983043,61,6963.467264
89.003344,99,6968.712671
89.243208,127,6972.784993
77.468671,121,6976.490795
-9.32,2,6976.601881
86.179907,92,6979.325149
86.265118,127,6983.087575
86.645884,119,6986.657581
76.144374,87,6989.50668
79.087306,109,6992.838185
82.550601,108,6996.335045
88.859597,129,7002.511276
81.519858,131,7006.671776
86.51019,97,7009.644273
82.499758,94,7012.436152
85.794984,103,7015.414403
83.352225,125,7019.388695
47.963569,81,7022.044935
85.886379,95,7025.464853
23.647995,46,7027.485531
8.503818,21,7028.372614
88.925539,125,7032.767995
39.06348,63,7037.006593
13.498044,32,7038.190167
16.433571,36,7039.574656
82.830292,113,7043.439561
4.999589,28,7044.561874
88.645107,134,7049.564462
78.565265,86,7052.828061
-9.102745,2,7053.000791
85.72974,108,7057.604205
27.810094,47,7059.231351
81.897984,91,7062.309377
88.732566,118,7066.877023
85.659167,103,7072.364026
88.792266,133,7077.705733
82.432931,121,7082.042052
88.922753,124,7086.602325
-9.16,1,7086.767482
43.306374,60,7088.770924
27.812932,43,7090.487566
88.747244,140,7095.570956
85.768637,99,7099.568525
61.818297,103,7105.41413
-9.026964,2,7105.555095
89.378873,105,7109.402876
86.146881,127,7114.483286
86.163059,97,7118.045152
4.604984,29,7119.133045
88.710643,123,7123.584599
86.617869,129,7128.38059
85.742537,115,7132.518709
82.587662,103,7136.154272
82.896446,109,7141.625119
47.137419,62,7143.84836
-9.16,1,7143.9397
67.651391,100,7147.470216
83.363472,109,7151.718101
5.360796,33,7152.997991
16.41065,41,7154.49997
63.220557,115,7158.731498
8.588319,22,7159.649046
86.295742,110,7163.596646
0.145009,21,7164.411822
83.768387,115,7169.374288
89.759821,91,7175.608559
88.746029,118,7181.219643
85.719634,88,7185.140575
88.937827,135,7191.290075
84.263394,117,7195.942708
86.014198,125,7200.541437
82.469861,100,7203.996066
86.110284,103,7209.968026
86.53804,96,7213.479823
85.992397,116,7217.73297
85.824691,120,7222.115569
83.046831,122,7226.68071
73.440406,93,7230.314575
82.103534,102,7234.404441
89.107755,115,7240.522954
82.315622,108,7244.664804
83.116826,110,7248.858643
85.649974,103,7252.930763
88.917824,132,7257.966315
35.382067,67,7260.422007
82.596644,104,7264.486742
80.502191,108,7268.592448
88.741399,128,7275.427416
82.629178,106,7279.858891
82.757168,98,7283.709482
40.083119,77,7286.49388
56.468789,84,7289.84841
82.387869,122,7294.405936
85.663649,130,7299.108791
88.976699,127,7304.023326
86.796809,104,7309.624308
19.345683,38,7310.793194
86.196196,108,7314.517881
86.136772,119,7318.37385
75.329418,102,7321.354505
89.028461,108,7324.76488
86.328641,109,7327.820465
89.085931,129,7331.721535
28.877226,40,7332.916881
28.78317,63,7334.88606
88.867198,126,7338.706492
88.735063,139,7345.392305
45.151019,65,7347.378284
88.937338,124,7351.145279
85.786276,120,7354.911613
85.606284,103,7358.157008
58.187767,80,7360.552696
86.616348,103,7363.692823
89.864337,97,7366.80148
79.207535,125,7370.620772
89.58619,109,7373.830761
83.207906,108,7379.097241
90.048967,91,7381.788555
86.118456,93,7384.486052
83.093152,102,7387.577581
88.985061,115,7390.971364
0.856579,12,7391.310408
85.944546,120,7394.777365
1.56554,18,7395.376864
82.931236,126,7399.815444
13.905088,32,7401.031348
85.615013,104,7405.275722
85.626278,86,7407.962322
89.232832,122,7413.510693
89.930908,95,7416.262948
78.408292,95,7419.211024
72.134713,111,7422.487709
50.320477,88,7425.049953
32.053725,46,7426.344902
89.479545,108,7429.57811
83.217067,111,7432.839986
89.087812,101,7435.772344
77.03425,90,7438.409174
88.977507,106,7441.509069
82.252043,98,7446.324533
76.577327,124,7450.495379
89.483549,105,7453.879617
85.680271,127,7457.971735
13.454805,28,7458.841101
82.688862,109,7462.162479
89.736019,90,7464.925069
82.214922,95,7468.033373
88.977245,100,7471.264395
54.750001,76,7473.530356
30.28168,60,7475.438055
48.840373,92,7480.483911
30.145815,48,7482.050307
38.5975,63,7484.22772
86.085566,95,7487.272439
82.614638,107,7490.5789
90.004548,89,7493.296354
86.306024,135,7497.300848
85.984449,122,7500.932329
89.029382,104,7504.22564
86.250625,140,7508.678777
41.295918,59,7510.53939
88.630267,131,7516.728256
85.111811,111,7520.348847
86.080614,121,7524.308542
89.893208,93,7527.383108
85.396277,116,7531.457296
85.855644,128,7536.007981
88.836649,114,7539.815016
74.50855,86,7542.744337
8.196299,29,7543.340072
-6.886427,7,7543.573656
89.032137,123,7547.902301
1.534369,14,7548.157681
85.967982,110,7550.158148
88.967979,131,7552.495882
89.450275,98,7554.19008
85.419863,117,7556.157513
86.585278,107,7557.997289
42.951731,73,7559.283104
85.614478,126,7561.314138
85.257866,99,7562.962104
85.695295,106,7564.679246
84.493947,127,7566.798654
43.465744,79,7568.057154
89.475391,116,7570.014556
85.748027,115,7571.865231
-7.4,5,7572.050862
20.352643,49,7572.856649
86.113877,127,7574.890085
82.751871,113,7576.742666
89.357801,127,7578.8085
86.102004,110,7582.497153
85.247748,88,7583.92053
26.916649,49,7584.698842
89.398908,104,7586.445526
48.123261,69,7587.541683
89.254025,113,7589.351276
10.806726,27,7589.777871
82.792097,89,7591.239883
-6.595398,6,7591.351768
21.152167,45,7592.052902
89.101838,112,7593.849025
87.279882,106,7595.593287
84.893158,110,7597.336619
83.205599,98,7598.903594
78.14592,98,7600.486192
88.597602,141,7602.839267
31.578818,46,7603.64831
86.712135,89,7605.120884
82.607827,98,7606.751657
85.470492,105,7608.590264
86.114555,114,7610.501806
69.638006,97,7612.146758
86.258528,120,7616.007887
22.280747,53,7617.008763
89.146013,128,7619.152394
78.788311,93,7620.634752
83.357905,114,7622.529727
89.363715,92,7624.152496
69.896064,115,7626.086906
35.107373,59,7627.066742
25.029985,37,7627.728803
82.354791,88,7629.292338
58.988542,106,7631.393121
86.394699,130,7633.857999
86.124376,125,7635.91344
89.156942,120,7637.99932
29.742175,59,7638.985403
89.140915,134,7641.152358
85.689178,97,7642.690954
88.80414,130,7644.890796
26.344655,51,7645.733803
89.280278,116,7649.479591
86.416283,116,7651.368992
79.448903,105,7653.235874
-0.698146,11,7653.440003
89.861453,96,7655.074098
85.079237,129,7657.236613
89.56753,96,7658.897072
88.902879,140,7661.302189
46.262825,74,7662.553213
75.768084,94,7664.122676
79.326291,129,7666.525334
-3.775663,11,7666.749459
89.42221,120,7668.865924
85.836297,125,7671.169754
82.761655,119,7673.352752
33.195417,66,7674.47832
74.951461,88,7676.030026
27.587309,56,7676.984685
89.627952,93,7678.720871
83.11884,105,7680.509648
88.772469,134,7684.611607
88.858099,137,7686.91943
89.197285,113,7688.943168
30.312041,46,7689.723635
83.507648,127,7691.889746
86.130034,100,7693.534747
59.916467,83,7695.002111
37.738678,60,7696.011757
85.806757,111,7697.876022
85.292447,89,7699.335924
83.11828,114,7701.2662
82.374212,91,7702.736783
85.810579,93,7704.235895
85.786722,98,7705.894371
67.41345,79,7707.239789
86.372317,104,7708.982616
-7.670644,4,7709.071289
85.816071,112,7710.968798
80.368344,98,7712.706494
89.19197,91,7714.226394
89.274112,121,7718.266092
81.360023,93,7719.820921
88.966537,120,7721.881639
10.098733,29,7722.37831
86.28358,105,7724.094263
82.591099,96,7725.707893
81.751425,102,7727.474609
89.02459,120,7729.428282
89.10232,124,7731.404249
83.121875,125,7733.521825
48.102225,64,7734.643265
85.849513,107,7736.374214
82.709609,88,7737.794399
89.100729,146,7740.181186
79.692632,110,7742.081065
89.437794,94,7743.651629
41.285468,77,7744.914322
-7.4,5,7745.024433
46.954486,89,7746.56855
85.504825,135,7748.839912
85.532587,86,7752.226707
86.075586,126,7754.427361
48.498629,78,7755.9152
89.168631,89,7757.474257
85.52534,88,7759.031978
82.41705,96,7760.666792
-0.737415,13,7761.031235
88.621289,139,7763.335235
23.452274,39,7763.958426
86.318083,134,7766.109485
82.987804,94,7767.691443
44.197705,82,7768.979959
89.404615,110,7770.890474
0.930447,14,7771.130708
-9.016589,2,7771.276827
75.020547,127,7773.286318
86.262504,100,7774.860646
55.214315,98,7776.346385
89.585315,105,7778.08416
88.907097,116,7779.898004
89.207545,111,7781.704246
85.498658,93,7783.183536
88.810789,132,7787.180819
82.947879,112,7788.927481
85.442146,92,7790.340374
85.948008,124,7792.278957
85.96916,99,7793.978481
86.149498,107,7795.695312
89.621886,104,7797.318143
-0.071298,11,7797.513323
88.901747,106,7799.245351
89.259853,134,7801.340626
88.769829,143,7803.564914
86.432499,125,7805.471556
86.447545,108,7807.203304
83.682392,114,7808.914061
85.632542,93,7810.336606
82.735888,116,7812.249899
81.983533,94,7813.881196
83.096309,127,7816.074643
5.993698,31,7816.590091
89.94651,89,7819.932962
89.085898,136,7822.363688
72.738264,132,7824.715438
76.682273,113,7826.671774
-3.737126,10,7826.835078
82.967692,113,7828.8401
83.242377,126,7831.015631
89.587251,89,7832.467801
86.391171,116,7834.417096
76.878426,92,7836.050638
6.565259,28,7836.537359
-3.156791,22,7836.955057
85.526825,87,7838.46681
88.949184,109,7840.415097
83.350127,115,7842.518142
86.050789,105,7844.394516
13.891276,25,7844.803523
-7.96,3,7844.990081
88.794697,124,7846.926793
75.066011,85,7848.383002
89.589946,111,7850.242428
66.03454,85,7851.72634
82.020358,84,7854.900535
-0.100399,16,7855.176092
-3.0,8,7855.313105
63.260608,110,7857.122523
85.492706,98,7858.695956
78.100819,105,7860.427631
86.815927,97,7862.12507
88.996488,107,7863.963824
89.354181,110,7865.856157
84.12241,106,7867.769075
85.57807,92,7869.303385
89.540364,102,7871.192287
89.951467,89,7872.607341
89.401803,114,7874.451759
31.717333,68,7875.538743
82.561042,88,7877.008709
86.120734,109,7878.773539
85.802444,86,7880.083649
86.818713,103,7881.714195
86.027225,100,7883.373136
83.50986,140,7885.676272
26.148838,57,7888.519028
41.933541,70,7889.70904
-7.877801,4,7889.88282
85.966509,124,7891.951959
2.0,13,7892.159869
83.2782,99,7894.07848
6.231891,18,7894.457454
45.529998,95,7896.130292
85.336547,119,7898.171072
86.478369,111,7900.036605
89.100106,121,7902.124506
86.790104,123,7904.224036
81.358292,117,7906.159975
74.856693,100,7907.854596
0.88489,15,7908.186744
-8.03841,3,7908.239771
19.076526,44,7908.953045
83.034017,112,7910.94694
45.551654,75,7912.263607
61.460197,89,7913.754889
4.069269,19,7914.108107
85.944021,119,7916.132985
86.126898,99,7917.917747
85.921099,91,7919.444139
88.9658,132,7923.502926
31.000944,55,7924.422892
89.07897,117,7926.359413
89.768129,96,7927.940149
17.030501,49,7928.792622
89.424972,96,7930.346986
82.646214,116,7932.26086
86.244096,91,7933.645442
-1.658371,11,7933.832111
85.617634,86,7935.105761
-7.027627,4,7935.269654
19.058406,34,7935.789834
85.419983,87,7937.391494
82.000607,90,7938.911738
16.801031,32,7939.593614
46.092288,75,7940.86723
2.748179,20,7941.202272
68.943409,113,7942.963363
82.118603,102,7944.678509
78.862909,91,7946.162416
88.829781,125,7948.396381
81.654995,111,7950.415833
88.817701,121,7952.635907
78.459125,99,7956.354779
52.161806,69,7957.586617
88.630462,141,7959.917182
59.065253,112,7961.837168
7.4002,26,7962.296582
27.714965,49,7963.098902
74.310106,88,7964.442442
65.164931,109,7966.360568
89.261372,90,7967.820135
-6.494088,7,7967.931415
6.081128,18,7968.244039
33.625128,64,7969.281623
89.360472,109,7971.083703
88.9648,111,7972.932544
89.882421,99,7974.556039
89.032409,104,7976.334633
29.269545,61,7977.352261
41.375269,58,7978.282117
82.58859,106,7980.037433
50.409023,69,7981.339394
83.288579,124,7983.391221
85.99997,105,7985.156628
89.240842,132,7987.317303
-8.48,2,7987.483983
66.369611,110,7991.174858
60.682093,101,7992.978269
-4.036109,7,7993.099967
79.732399,114,7995.231543
40.437211,61,7996.302999
44.776066,89,7997.826621
85.937997,89,7999.471255
88.906367,139,8001.73318
15.649641,29,8002.238851
88.797885,123,8004.148856
88.99876,149,8006.553465
24.724339,45,8007.378911
1.758182,20,8007.739986
43.695411,60,8008.723956
34.616438,59,8009.800523
78.709698,97,8011.442454
82.228479,112,8013.258562
89.519782,112,8015.045863
86.684495,96,8016.674018
50.960558,79,8018.046019
89.664237,100,8019.642987
85.848706,135,8021.75917
86.799425,113,8025.444345
87.174738,102,8027.210081
83.089139,111,8028.990826
85.772824,112,8030.88316
89.42042,94,8032.402262
62.613118,96,8033.967263
66.926589,105,8035.559464
8.490229,21,8035.882136
34.33861,46,8036.557353
89.13141,132,8038.662487
83.17354,139,8040.94322
26.367546,53,8041.880812
89.201492,126,8044.136283
89.457199,105,8046.018723
15.192372,35,8046.618038
88.959194,130,8048.814348
63.741975,95,8050.440468
13.883438,25,8050.934722
89.445127,117,8053.058524
86.617187,130,8055.252081
82.916317,132,8059.395767
85.812129,110,8061.31767
88.80437,142,8063.667329
89.105496,139,8065.930452
4.092465,18,8066.228309
85.880588,114,8068.137726
-4.634201,10,8068.294844
89.223727,109,8070.021726
82.936315,115,8071.895209
8.460106,22,8072.347121
88.993214,143,8074.603197
33.71268,60,8075.563287
59.7502,78,8076.749102
86.329392,96,8078.286551
-3.105176,8,8078.428585
67.714723,127,8080.429391
89.898153,93,8081.843151
46.141021,60,8082.869642
38.997967,62,8083.886819
89.361623,116,8085.776884
4.871299,21,8086.128949
82.619249,104,8087.855332
20.279203,34,8088.399197
-7.36,6,8088.541825
89.257596,123,8090.516492
86.693359,94,8094.112941
89.158195,92,8095.550979
86.149741,86,8096.895918
77.495344,82,8098.302378
89.08648,105,8100.282789
85.822298,92,8101.817582
83.006652,112,8104.022714
79.924387,112,8105.950533
5.986778,17,8106.36029
86.411011,138,8108.635763
88.882727,106,8110.32544
6.613271,26,8110.811467
85.870049,99,8112.696841
76.941443,133,8115.024476
88.910292,130,8117.077131
85.880458,107,8118.910697
88.899943,116,8124.171206
86.677136,127,8126.786268
89.210538,89,8128.645374
85.839786,96,8130.925329
86.54123,121,8133.880164
27.280348,52,8135.150302
89.214748,95,8137.335172
89.248149,107,8139.251489
14.817824,33,8139.908715
82.703187,114,8142.11155
86.216589,118,8144.317989
82.690057,98,8145.947978
74.850353,129,8148.200385
0.093555,24,8148.651508
83.319014,96,8150.24623
85.516849,92,8151.840581
-5.694639,7,8152.067619
89.495505,90,8153.500525
85.19677,127,8155.718817
89.317587,121,8159.645094
89.242825,94,8161.270689
88.90172,116,8163.164296
89.651977,99,8164.799326
66.655733,101,8166.985548
88.93768,120,8169.068254
82.389983,100,8170.678063
-9.03383,2,8170.717822
85.761126,123,8172.660832
28.866307,44,8173.427467
65.535003,89,8174.837067
31.024952,47,8175.62305
82.192597,123,8177.649061
79.392209,99,8179.37216
58.202469,100,8181.044597
88.966826,145,8183.384621
85.630199,99,8184.997956
27.812701,52,8185.915035
73.324389,91,8187.337452
89.232451,89,8188.701962
38.550016,51,8189.443822
37.499388,63,8194.296079
85.988264,132,8196.429412
68.672457,115,8198.236381
81.670368,83,8199.539295
86.112953,87,8200.951377
86.090232,115,8202.799917
83.085304,108,8204.535989
85.996211,112,8206.296134
86.125965,112,8208.186031
-8.045498,3,8208.262453
82.883908,130,8210.464418
88.979476,124,8212.475276
78.340055,128,8214.708902
-8.44,4,8214.798188
82.84586,99,8216.460126
89.705622,99,8218.09775
89.479006,109,8219.957795
78.975829,102,8221.617525
89.113238,113,8223.397393
89.070973,110,8225.184084
85.481261,114,8227.164248
52.248221,81,8228.617189
45.705855,85,8230.258492
37.699834,72,8231.434868
85.519488,88,8232.925836
85.805194,127,8235.007874
88.749541,115,8236.910597
2.570495,16,8237.210527
83.579629,115,8239.318888
31.964562,73,8240.517062
88.849247,142,8242.73081
86.078676,104,8244.391677
-1.144009,13,8244.733568
82.875397,117,8246.614125
88.905347,105,8248.323132
48.120538,80,8249.63584
56.874653,85,8251.154447
69.377134,117,8253.402065
4.718077,22,8253.838586
83.642111,119,8256.0066
89.246605,107,8257.878839
32.458847,57,8258.979708
88.941704,120,8260.917835
89.771978,90,8262.49792
89.072413,112,8264.562106
89.399079,113,8266.495487
86.193173,107,8268.193493
-1.091421,13,8268.439041
-2.291821,10,8268.703229
82.53916,102,8270.398934
89.553724,92,8271.930979
89.18128,116,8273.844365
86.029208,103,8275.667439
4.860786,29,8276.169513
85.876885,101,8277.783983
86.03488,122,8279.751024
86.232062,99,8281.403748
85.593767,87,8282.793822
18.424854,38,8283.40134
23.087737,51,8284.271946
13.974391,32,8284.905018
23.005605,48,8285.759121
85.742216,110,8287.682634
89.126932,136,8289.919348
88.64388,132,8295.804281
37.607647,54,8296.687192
89.035413,120,8298.837268
-9.058845,2,8298.919241
89.100387,94,8300.546346
86.144541,108,8302.346264
90.123596,89,8303.832394
23.371771,55,8304.865694
36.63179,66,8306.12447
86.6084,121,8308.321436
85.788421,91,8309.960461
88.833363,122,8312.06359
72.636561,130,8315.235903
86.352742,99,8316.873166
86.420448,117,8318.799562
89.015088,95,8320.333777
89.977039,91,8321.964663
85.537131,99,8323.586366
82.415478,122,8325.493324
82.165428,117,8328.990507
82.630398,109,8330.809338
79.112178,110,8332.625451
61.142096,82,8334.041091
82.162743,103,8335.753262
86.028096,115,8337.663012
88.866751,138,8339.893131
86.831815,135,8342.083075
85.6716,95,8343.624241
18.351928,47,8344.501505
89.106801,132,8346.623713
49.320302,75,8347.858949
85.272714,91,8349.328113
2.057347,14,8349.649322
38.66987,69,8350.797129
31.096989,54,8351.868462
81.826333,92,8353.576714
89.585347,110,8355.5801
89.134165,143,8358.095429
57.957981,73,8359.330258
-0.236124,32,8361.785013
82.534286,88,8363.23879
85.739445,134,8365.44507
89.485449,117,8367.307933
89.097331,137,8369.497862
82.08191,110,8371.3581
86.150107,86,8372.728524
88.619712,132,8374.951408
82.366412,101,8376.60371
34.054757,52,8377.554022
86.645006,99,8379.114472
88.749047,133,8381.216968
86.541876,120,8383.068987
82.848521,105,8384.792885
89.263387,104,8386.457092
36.064989,50,8387.31067
-8.8,3,8387.387698
-9.242875,2,8387.527405
88.769932,135,8389.842017
86.277713,130,8392.145427
19.959312,45,8392.885609
28.012981,56,8393.904689
51.933317,98,8397.42382
14.490867,27,8397.868286
85.965633,126,8399.975964
89.784278,100,8401.724405
54.374501,103,8403.430021
85.370547,107,8405.129475
86.416763,100,8406.705431
86.149705,108,8408.522809
89.06689,135,8410.681643
89.070557,130,8413.007379
82.706652,95,8414.623235
-2.445371,10,8414.912812
57.406826,100,8416.587634
88.99854,142,8419.802355
82.674388,137,8422.156779
86.335317,103,8424.012419
85.443026,88,8426.244932
86.407472,99,8430.040604
2.712764,22,8430.476537
22.0,33,8431.161304
86.223427,117,8433.145212
82.131074,101,8434.893971
86.166452,94,8436.741532
51.120802,88,8438.300285
82.777389,104,8440.153965
82.133691,85,8441.579272
89.01742,123,8443.729391
89.228711,128,8445.864135
-9.32,2,8445.901437
85.724315,103,8447.721149
85.527428,104,8449.413863
86.055838,96,8451.063199
25.35079,53,8451.937724
32.13659,57,8452.910321
82.72504,101,8454.968045
27.07072,55,8456.069999
85.707367,117,8458.092731
86.663162,95,8459.650513
85.011155,123,8461.731566
54.341392,90,8465.134912
82.715975,114,8467.008923
85.20068,121,8469.016511
82.758626,90,8470.60253
83.564034,102,8472.382944
82.300144,86,8473.947422
23.770754,46,8474.815981
85.242459,113,8476.669662
86.161681,110,8478.486496
47.328725,72,8479.627903
89.770848,97,8481.284524
19.747063,34,8481.838587
89.326086,103,8483.700186
42.762128,74,8484.866302
85.438074,131,8486.939772
89.504897,99,8488.534797
-1.026202,10,8488.765093
88.856212,127,8490.801197
86.201052,134,8492.961165
86.216032,89,8494.41902
10.40235,39,8495.146651
85.960092,99,8498.685764
83.05821,100,8500.303317
67.582009,95,8501.908628
85.052201,134,8504.350382
88.699846,130,8506.532768
75.242899,87,8507.915709
89.738245,89,8509.293759
85.73545,119,8511.403019
88.853425,114,8513.247893
16.209401,42,8513.975522
48.407944,87,8515.424367
85.770005,105,8517.231483
86.633992,97,8518.900872
86.667926,114,8520.784002
69.023435,119,8522.563315
49.966625,91,8524.116925
89.025124,123,8526.229425
-5.961701,17,8526.588392
78.203306,93,8528.294607
1.874356,14,8528.642343
74.561166,133,8532.787581
85.814159,106,8534.736886
86.062601,123,8536.960468
86.465924,105,8538.701879
85.279777,95,8540.182281
21.816926,56,8541.219352
85.770187,114,8543.008106
89.174038,111,8544.822542
89.149903,143,8547.017962
89.62306,96,8548.567437
87.587291,113,8550.393239
34.379626,62,8551.470361
35.073831,62,8552.46831
89.002212,115,8554.3616
87.334029,107,8556.127049
29.330004,52,8557.082628
86.762953,123,8558.974288
79.906,106,8560.615806
62.986483,96,8562.121695
62.657379,82,8563.465135
89.485994,102,8566.993137
36.310999,60,8567.975988
86.122138,132,8570.088514
33.450145,49,8570.990211
41.803697,79,8572.260351
85.353198,86,8573.578608
-2.05459,9,8573.724629
83.35586,114,8575.66607
86.412265,98,8577.152371
82.750614,105,8578.769572
82.247904,95,8580.240349
45.39712,84,8581.738825
83.0361,110,8583.606924
47.965301,86,8585.07409
34.49667,59,8586.038421
88.915091,110,8587.933985
-10.0,1,8587.985155
82.316034,90,8589.411016
31.981229,67,8590.504333
89.770066,91,8592.036895
90.064351,89,8593.363757
7.496295,28,8593.824663
56.930204,75,8595.005988
86.496786,126,8597.034404
47.996676,92,8598.487956
85.934479,114,8604.371142
86.061869,99,8605.959903
-9.16,1,8606.09609
89.710123,101,8607.701082
89.172861,127,8609.727864
86.75128,93,8611.242007
60.385895,110,8613.033442
85.925458,108,8614.687165
0.92791,23,8615.065974
29.866484,57,8615.942721
86.394296,106,8617.654718
83.009901,97,8619.148176
89.623499,104,8620.815932
89.169153,125,8622.783151
14.302768,26,8623.305678
-5.879782,6,8623.407184
88.833199,130,8625.565812
85.944286,125,8627.510394
4.563373,27,8628.007077
85.854804,113,8629.731145
27.2937,52,8630.546992
83.110733,113,8632.286907
49.185906,81,8633.642534
89.334664,96,8635.191108
-7.524442,6,8635.289596
82.549295,88,8636.83815
-8.525593,3,8637.008899
88.972821,132,8639.224039
78.844537,88,8640.675036
89.415677,124,8642.651417
82.142572,113,8644.532515
85.71491,106,8646.173151
36.724545,56,8647.252199
85.852912,114,8649.134731
85.949617,114,8651.125721
83.059179,132,8653.538363
85.206944,116,8655.632265
82.098478,121,8657.666871
61.326925,99,8659.476319
88.824893,131,8661.842898
2.055225,21,8662.25857
85.692408,88,8663.94049
86.072327,139,8666.795017
72.596136,125,8669.200948
85.445497,88,8670.86858
77.81113,84,8672.527833
12.128015,27,8673.199777
-7.96,3,8673.305468
86.021996,114,8675.498127
82.499033,106,8677.227653
89.888076,96,8678.904236
18.618018,34,8679.496651
63.553456,89,8681.009828
58.546714,82,8682.381974
35.353377,73,8683.703662
76.395894,107,8685.48333
5.191467,17,8685.801702
88.753842,123,8687.79576
89.210499,130,8690.100335
66.376801,114,8692.264757
88.912196,116,8694.440177
89.735953,105,8696.504653
89.603747,105,8698.468473
83.925187,106,8701.572522
61.250908,110,8703.598737
18.609006,39,8704.403839
26.300359,41,8705.229102
49.998658,61,8706.220381
89.667701,96,8708.044692
89.362139,117,8710.137204
86.283464,108,8712.053864
-5.435332,7,8712.199366
0.747768,12,8712.408701
86.916121,127,8714.573826
88.990469,129,8716.711967
89.049192,128,8718.789919
-1.320431,10,8718.984625
82.648006,100,8720.81459
88.784196,122,8722.901534
-3.357979,13,8723.108823
90.123596,89,8724.472056
85.831899,93,8726.131684
80.139787,117,8728.345601
82.983995,98,8730.029228
82.494979,88,8731.470094
86.483746,125,8735.344096
43.946762,69,8736.657302
89.379408,114,8738.621874
78.742658,99,8740.492131
80.339326,136,8742.877343
88.055879,105,8744.724723
1.65144,16,8744.992805
86.143596,111,8746.841006
82.414522,101,8748.439494
62.954234,92,8750.038946
82.568835,119,8751.949996
35.292113,55,8752.853148
69.991646,122,8754.808055
85.918271,125,8756.868896
71.651294,128,8759.080683
39.307081,51,8759.896121
88.734111,132,8762.010832
89.096252,96,8763.699844
58.307823,83,8765.050819
78.189555,87,8768.271464
85.576023,92,8769.865855
85.756835,130,8772.1442
89.434986,111,8774.028788
89.239969,95,8775.776611
85.794095,122,8777.821742
49.348464,81,8779.219517
65.783452,82,8780.529836
-9.16,1,8780.593451
88.998734,110,8782.490256
86.05777,128,8784.713542
86.002205,136,8786.996642
82.382232,110,8788.808209
82.303767,102,8790.518662
88.813707,123,8792.70289
85.856061,86,8794.119069
86.801228,131,8796.324869
85.603145,128,8798.451895
82.970554,116,8802.033792
86.552222,112,8804.000967
68.510461,111,8805.868693
82.187574,90,8807.397304
89.480903,112,8809.377436
66.084433,115,8811.209011
88.709622,146,8813.674785
13.200365,38,8814.279283
86.007535,97,8815.853836
75.493846,88,8817.320065
43.851148,74,8818.807609
85.194578,115,8820.837481
85.955497,109,8822.788639
89.009557,119,8825.008307
85.883563,110,8826.993492
45.851316,78,8828.369498
0.986902,12,8828.655228
12.28849,26,8829.092135
89.180357,102,8830.761092
86.096523,92,8832.409444
88.949057,109,8836.333385
83.034555,97,8838.077758
35.094646,52,8839.08317
82.823541,107,8841.201738
8.317504,21,8841.722527
45.96443,81,8843.276977
89.288767,117,8845.361373
-7.092154,4,8845.448849
88.865543,131,8847.817136
1.463122,15,8848.082566
85.68729,121,8850.159812
58.890214,108,8851.995347
50.010874,99,8853.789107
79.276601,115,8855.749236
62.489024,107,8857.653025
88.925969,112,8859.75223
86.15727,94,8861.474581
86.44027,129,8863.827191
90.123596,89,8865.359038
86.351021,111,8867.277427
21.0,32,8869.6401
-10.0,1,8869.701634
22.495638,35,8870.276206
89.218026,132,8872.651675
89.280301,98,8874.543387
70.901937,132,8876.893365
31.378126,51,8877.781359
89.014689,137,8880.063489
86.047118,92,8881.657004
11.287381,25,8882.077094
34.282414,46,8882.904122
86.278779,129,8885.099046
85.888596,111,8886.965723
81.979616,89,8888.464814
81.74519,83,8889.781325
82.908316,105,8891.656217
49.294826,66,8892.885852
82.475169,115,8895.044973
81.715693,94,8896.696865
90.123596,89,8898.137052
85.993894,134,8900.519626
36.032172,60,8901.655455
86.098836,112,8905.194641
85.505265,101,8907.02382
13.340559,26,8907.558862
34.17156,64,8908.703359
86.9211,105,8910.533945
-9.033929,2,8910.598576
-9.058244,2,8910.706322
85.614677,126,8912.729211
10.077,23,8913.117022
89.928276,91,8914.473301
83.232032,118,8916.587925
33.285174,61,8917.674762
34.35368,59,8918.636942
30.000005,47,8919.398052
33.27401,47,8920.226492
84.985543,98,8921.888381
-1.742972,10,8922.063679
13.70028,32,8922.632569
28.667371,43,8923.447024
86.083531,130,8925.641738
12.557339,29,8926.146015
73.511041,125,8928.281876
89.005223,99,8930.034033
85.938074,126,8932.100375
87.076198,109,8933.965544
4.563192,25,8934.439341
-1.327001,11,8934.720002
82.795061,117,8939.943754
86.372187,96,8941.544514
52.924474,96,8943.224893
76.144644,95,8944.979621
46.781654,82,8946.331466
86.178951,107,8948.0837
88.821034,130,8950.104466
86.215394,120,8952.134581
31.821055,54,8953.056737
40.923208,69,8954.21003
89.583203,96,8955.745035
89.027796,99,8957.395101
88.921985,129,8959.50753
7.9305,20,8959.823401
83.27156,113,8961.614181
83.141808,111,8963.418768
39.566218,62,8964.374218
76.763047,139,8966.564894
39.025714,82,8967.859927
86.074892,94,8969.434414
88.830647,128,8972.334083
63.404887,87,8973.815955
90.119939,89,8975.136185
88.999943,137,8977.631306
85.940346,87,8978.934894
83.398294,136,8981.225494
38.566745,58,8982.232186
89.305599,93,8983.956362
85.908671,124,8986.052015
83.778837,104,8987.862833
60.294027,115,8989.785902
78.748122,94,8991.492066
33.093953,69,8992.746114
62.844435,76,8993.899487
89.544713,92,8995.402886
14.363396,27,8995.905369
-7.4,5,8996.035
-4.475454,13,8996.235671
74.742345,90,8997.661903
89.32748,93,8999.161827
78.709741,106,9000.869853
85.654441,120,9002.895212
63.132132,96,9005.701619
82.346458,99,9007.448193
89.000324,102,9009.177732
85.407917,87,9010.704454
-8.088475,4,9010.799001
-9.016716,2,9010.956516
11.635143,26,9011.391251
33.424158,56,9012.301792
86.520972,101,9013.848615
-0.333138,11,9014.122317
86.665479,118,9016.046637
-1.296125,23,9016.404448
6.834641,26,9016.839102
86.29343,90,9018.253925
16.335274,42,9018.924782
82.111726,86,9020.208332
86.043142,133,9022.409152
89.197961,104,9024.232595
82.760469,109,9026.077053
37.636795,67,9027.226178
86.162704,99,9028.996005
86.385774,92,9030.67491
81.750685,104,9032.45528
88.917595,122,9034.676605
82.631362,90,9036.231859
82.622889,119,9039.808784
82.482876,104,9041.605461
77.721451,85,9043.194248
88.980494,116,9045.319731
82.177379,91,9047.039571
84.875195,132,9049.326793
85.720901,101,9051.105511
85.684078,98,9052.82678
13.947075,28,9053.418283
85.681777,113,9055.336597
82.484716,107,9057.17588
78.264129,82,9058.58186
25.970397,48,9059.466437
89.079101,135,9061.784075
55.952459,83,9063.187105
63.31667,101,9064.938242
85.965007,125,9067.22784
86.066788,102,9068.977134
85.711593,118,9071.024207
71.969867,140,9074.151697
82.752117,98,9075.851335
89.328396,112,9077.736483
88.953188,138,9079.946588
89.515106,107,9081.68788
13.507266,25,9082.147283
10.132519,22,9082.541646
1.943631,19,9082.875991
86.479606,117,9084.738903
86.08576,101,9086.391471
88.911251,124,9088.380097
83.342077,125,9090.357194
-10.0,1,9090.412303
88.96282,126,9092.516886
22.221936,49,9093.310508
15.413793,39,9093.976599
29.53018,44,9094.738615
-4.049298,7,9094.982541
6.500011,18,9095.269886
85.236639,89,9096.756495
86.133186,122,9098.751101
86.445654,101,9100.5274
-3.066777,8,9100.687272
88.953498,116,9102.670111
83.473802,115,9108.495728
89.859086,93,9110.126384
85.940429,123,9112.205913
44.442051,63,9113.311934
67.450531,123,9115.341215
88.815625,136,9117.562901
89.078224,93,9118.967868
2.425981,20,9119.296852
3.504947,16,9119.557711
86.129598,124,9121.513994
89.397244,105,9123.181462
82.348861,87,9124.536508
53.706032,97,9126.027666
7.843051,26,9126.530988
55.401653,68,9127.610641
58.555243,108,9129.331565
7.897041,19,9129.611716
89.922806,89,9131.138864
89.056242,140,9133.41334
86.585087,126,9135.435183
74.444521,128,9137.352473
86.023791,100,9138.975905
89.505849,121,9141.311531
84.78252,104,9142.895721
27.889068,51,9143.686944
85.911956,107,9145.428575
37.408299,81,9146.689667
85.921066,101,9148.299777
25.184538,49,9149.070491
84.976877,119,9151.046826
1.078656,13,9151.297002
89.149446,109,9153.173506
85.962015,95,9154.751593
85.459399,93,9156.430846
85.961514,124,9158.503701
89.421187,90,9159.911928
80.712927,124,9161.995011
88.986557,130,9164.299394
89.151253,113,9166.190886
89.601904,101,9167.970543
89.23592,125,9170.22827
-8.2,6,9170.432615
89.358339,115,9172.524409
85.999169,108,9175.7303
86.507686,122,9177.807294
12.578197,42,9178.652725
85.690491,97,9180.310524
25.671105,39,9181.010047
89.128241,134,9183.289454
82.068504,88,9184.863597
89.807747,92,9186.392731
37.921159,65,9187.578381
17.809725,37,9188.207541
82.665461,115,9190.108876
15.681595,32,9190.657497
86.114274,98,9192.370604
86.406853,112,9194.205952
10.0,21,9194.626633
42.569751,59,9195.659783
89.429251,93,9197.218344
63.973844,87,9198.648536
83.066675,115,9200.719858
54.828765,72,9202.066773
88.816645,144,9204.549365
79.198175,91,9206.192164
83.312327,136,9209.87552
88.82894,117,9211.871284
88.848409,110,9213.738287
82.28555,103,9215.381289
18.209817,46,9216.237105
-9.32,2,9216.285694
86.162089,86,9217.701858
1.134278,19,9218.013791
53.125625,84,9219.468936
17.277678,38,9220.166514
85.94857,124,9222.320719
89.893394,93,9223.830261
82.724087,103,9225.61904
30.483603,58,9226.559295
89.282137,126,9228.614653
86.609921,105,9230.262973
88.902418,117,9232.152296
89.576069,119,9234.030678
-7.164582,4,9234.118618
85.857118,103,9235.945205
23.913448,35,9236.59774
1.942214,14,9236.840398
85.656271,93,9238.39297
33.969807,51,9239.233052
85.824015,102,9242.348723
81.615816,108,9244.135232
89.134357,95,9245.683345
77.437151,80,9246.960854
82.495348,85,9248.458518
85.644787,137,9250.63724
-4.214803,8,9250.795749
89.754108,89,9252.265399
89.139966,114,9254.325828
79.207823,119,9256.223559
16.513372,32,9256.756305
85.67425,113,9258.607153
89.186142,115,9260.517764
88.909319,143,9262.89416
85.521585,90,9264.344536
7.0,18,9264.642837
82.751598,116,9266.584341
59.890691,79,9267.835355
-5.365725,6,9267.933071
57.879751,89,9269.413938
9.547123,29,9269.999803
85.720614,101,9271.682599
89.636014,95,9273.331805
88.963847,114,9276.514997
85.694464,126,9278.747579
30.914555,70,9279.917581
79.116329,94,9281.328441
82.179401,90,9282.669089
46.558483,76,9283.912185
89.465115,101,9285.627884
10.870844,39,9286.242978
89.374529,120,9288.172393
86.01027,86,9289.547947
89.01366,112,9291.261658
82.204819,83,9292.504625
-10.0,1,9292.536844
87.301217,90,9294.02584
81.808924,88,9295.503178
82.530566,87,9296.869583
82.513463,90,9298.292636
17.475177,30,9298.852018
88.740142,131,9300.93407
-2.115248,9,9301.093281
85.982846,125,9303.224892
86.451585,136,9305.477617
89.896596,93,9307.006814
85.874059,111,9310.127599
89.492581,111,9311.988889
31.155611,52,9312.965714
85.732438,114,9314.909507
85.202667,115,9316.758847
82.060278,106,9318.519312
89.482964,112,9320.587314
89.35074,97,9322.273612
89.059818,122,9324.325247
-6.181988,6,9324.425642
89.438728,99,9326.202354
82.8827,106,9328.078158
86.028036,115,9329.952605
85.756082,117,9331.799627
86.216318,92,9333.368651
24.026882,46,9334.289036
83.43649,99,9336.061512
16.567555,29,9336.5734
82.88178,122,9338.797139
62.010973,77,9339.957922
85.997057,124,9344.780668
58.275361,110,9346.690294
81.31639,87,9348.268728
89.018003,124,9350.263194
16.526637,33,9350.767072
16.081643,35,9351.316463
88.833151,137,9353.665538
89.508192,107,9355.558148
86.267673,135,9357.976436
89.415018,90,9359.564955
15.208566,33,9360.244793
45.182568,90,9499.496972
17.525933,29,9501.145952
89.399843,92,9504.735811
6.339919,20,9505.758721
86.030097,92,9509.604446
21.066249,44,9510.943736
81.725395,83,9513.1843
86.061388,95,9516.067733
25.656735,54,9517.576213
82.605733,118,9521.349039
89.401696,125,9524.677404
85.769385,101,9527.445878
86.4557,117,9530.33
85.664081,137,9534.072232
88.904559,117,9536.857273
16.335203,28,9537.588091
69.057301,94,9539.770543
83.29761,128,9543.168015
85.509099,86,9545.399279
51.8164,66,9547.349583
89.437163,107,9551.178911
23.468164,38,9552.298648
89.110203,97,9554.900029
85.78654,99,9557.374633
85.204542,107,9560.035025
85.586153,124,9563.135858
89.398744,112,9565.838655
-7.711886,5,9566.081687
82.157174,99,9568.506528
69.881898,87,9570.621498
27.007422,59,9572.059599
7.949663,22,9572.643614
55.593028,79,9574.594044
85.440319,94,9576.859082
86.54661,99,9579.344907
7.708446,20,9579.990039
89.137339,134,9583.279972
88.805882,118,9586.177778
82.683254,108,9588.768442
81.824705,92,9591.078215
86.162791,86,9593.132092
1.992633,14,9593.487947
4.314639,19,9594.025522
89.180521,93,9596.493714
89.168648,91,9598.901907
78.545289,101,9601.89798
89.629209,89,9604.214952
86.12943,89,9606.6286
82.110227,86,9608.758338
89.28179,92,9610.939456
58.255263,107,9613.534901
82.000588,83,9615.720514
89.306285,109,9618.35377
83.515644,108,9621.007997
89.668511,100,9623.420963
88.733889,140,9627.116989
69.271299,95,9629.582288
67.45868,88,9631.88531
88.840538,137,9635.411392
38.683889,73,9637.389505
89.193016,128,9640.51796
89.080291,117,9643.434361
85.918992,94,9645.668733
58.339518,90,9648.014129
78.738294,107,9650.558884
89.255309,110,9653.308066
86.11296,123,9656.454335
85.9797,115,9659.449045
90.123596,89,9661.612677
82.259523,100,9664.241664
89.166267,116,9667.214747
82.76369,103,9669.847087
79.533952,103,9672.334606
86.219204,131,9675.524044
45.283556,77,9677.371021
28.97417,58,9679.092017
49.295463,99,9681.456903
-10.0,1,9681.542176
-1.100002,11,9681.812294
-9.0,2,9682.017536
86.659207,98,9684.447342
2.617435,15,9684.879616
52.959313,72,9686.708807
88.936139,123,9689.932958
82.623976,117,9692.937136
89.328969,100,9695.532187
86.167349,94,9697.912191
86.058717,111,9700.786165
61.09294,94,9703.032699
82.826423,121,9706.011672
86.160521,113,9708.705067
85.603457,118,9711.753614
83.078807,113,9714.56041
82.271601,103,9717.246469
79.102636,93,9719.730592
89.664115,89,9721.970791
36.176195,58,9723.516431
82.873744,102,9726.174581
-2.289112,9,9726.509343
74.504542,80,9728.862132
-8.067119,4,9729.01099
86.42729,103,9731.605538
83.258133,133,9734.941384
65.741704,120,9737.992848
79.909212,107,9740.589114
89.22017,118,9743.439369
88.800606,136,9746.822565
79.193886,101,9749.460875
73.255889,93,9751.811882
78.995341,103,9754.456624
-0.152743,14,9754.85146
88.828204,125,9758.097708
20.80568,50,9759.375021
11.578983,28,9760.337866
-5.258436,8,9760.608212
89.156658,125,9764.013089
82.902044,122,9766.933663
56.267191,108,9769.586204
-4.415082,8,9769.823322
89.643964,102,9772.555823
90.123596,89,9774.695761
89.515061,114,9777.598912
89.033923,143,9781.361916
86.050804,99,9784.028369
81.724986,99,9786.557427
86.453119,127,9789.693622
86.055914,95,9792.046727
89.477279,107,9794.916751
4.136688,16,9795.345153
26.75205,51,9796.631325
-3.278372,8,9796.876768
85.922079,116,9800.140195
89.56261,111,9802.903336
85.952192,114,9805.774097
2.315988,14,9806.119422
-8.0,3,9806.341433
83.402801,112,9809.303756
88.932763,114,9812.313174
82.622792,92,9814.714869
51.429278,97,9817.366931
89.122549,134,9820.645932
89.445023,104,9823.254019
26.111648,50,9824.528161
87.928103,106,9827.243692
89.97923,93,9829.748124
88.904926,128,9833.427637
89.088775,115,9836.450623
86.309337,93,9839.241897
86.160139,98,9841.685672
89.052209,101,9844.194826
88.755375,131,9847.776501
88.766941,123,9850.841656
17.688733,43,9851.923378
38.302584,79,9853.880564
89.368631,92,9856.233604
-1.659227,14,9856.744666
85.539735,114,9859.521883
76.662767,130,9862.697722
72.451169,114,9865.452676
-7.4,5,9865.761524
-7.6,4,9865.911856
-10.0,1,9865.949664
82.891976,117,9869.158796
85.946037,100,9871.832888
88.979227,131,9875.049611
86.274651,102,9877.52744
88.885257,108,9880.161071
82.341664,102,9882.728699
10.011146,24,9883.349988
88.8878,142,9886.767598
32.777868,68,9888.401675
86.041047,114,9891.366556
83.394257,109,9894.025666
67.065681,112,9896.739768
-5.486961,11,9897.117711
88.725459,126,9900.428606
80.003039,127,9903.585869
90.090433,89,9905.867974
82.147982,95,9908.578657
21.262146,34,9909.549062
66.420763,113,9912.388297
61.616692,107,9915.09398
-1.106728,10,9915.362956
25.552329,54,9916.892401
-5.090938,6,9917.057176
89.354075,113,9919.898133
82.196752,100,9922.379355
86.35224,93,9925.555777
89.337341,121,9930.711807
85.986892,110,9934.969943
88.872015,120,9938.794356
49.033106,80,9941.386913
26.82198,52,9943.033614
30.499458,54,9944.684064
85.467511,100,9947.83057
78.666379,108,9951.364908
83.95748,111,9954.869222
85.987739,121,9958.500086
85.806866,123,9962.492982
-7.36,6,9962.813155
51.558362,76,9965.057135
85.991185,114,9969.117472
86.154014,102,9972.137894
88.896956,140,9978.464038
78.839806,87,9982.588411
47.245608,81,9985.442994
32.283102,49,9987.039419
11.237809,29,9988.272918
-2.0,9,9988.551078
85.888854,130,9992.352727
88.842509,136,9996.098496
38.891004,54,9997.688792
89.417425,92,10000.051998
31.363598,43,10001.22786
69.644237,118,10004.358349
22.822302,44,10006.513564
86.42486,125,10011.44564
81.953517,92,10014.964315
86.167766,97,10018.355806
86.262241,124,10022.227335
82.371264,90,10024.790872
-4.63081,7,10025.223069
85.046972,102,10028.495297
-2.124103,10,10028.948675
89.226868,112,10032.750859
89.135095,125,10037.507656
-8.205221,3,10037.717897
86.480336,99,10041.182088
58.339979,98,10044.233155
-1.171738,19,10044.799362
85.066833,105,10047.948541
86.441276,98,10051.052344
86.411706,90,10053.526816
86.16196,98,10056.637571
80.148774,108,10059.640158
-0.049199,15,10060.183721
82.56436,92,10062.748228
69.506911,93,10065.368153
85.722801,122,10068.904135
86.626067,127,10074.810837
88.774982,115,10078.204964
89.075163,135,10082.166516
86.162127,86,10084.69956
5.803749,19,10085.405315
-9.025968,2,10085.472461
51.502997,73,10088.318634
85.323774,88,10091.243771
80.598694,125,10095.755181
85.519908,94,10098.599566
89.317876,93,10101.701123
86.735286,101,10104.711118
53.669729,82,10107.28448
85.896714,101,10110.12754
18.259144,36,10111.227638
84.672371,108,10114.39295
80.05401,120,10118.020748
3.457537,25,10118.852043
85.236925,107,10121.862909
86.478558,97,10124.600515
52.276325,90,10127.215682
11.412702,31,10128.0793
85.951441,129,10132.661904
89.160483,103,10136.391611
41.252862,73,10139.00719
17.961444,30,10140.018755
89.120004,112,10143.296681
42.866882,89,10145.860914
-9.16,1,10146.073396
89.268557,119,10149.653395
79.270029,89,10152.180352
82.291188,121,10155.463545
85.941823,102,10158.265141
-3.0,8,10158.496126
56.48746,73,10160.448596
86.159885,134,10164.680014
-0.209314,11,10165.068111
86.606539,118,10167.9947
26.241224,44,10169.091631
89.600089,106,10171.735629
81.607336,117,10174.809901
89.578178,108,10177.45735
86.244887,114,10180.73784
89.094747,97,10183.584885
86.448914,113,10187.012057
89.205854,124,10190.628659
-7.0,4,10190.777285
85.392949,126,10194.59584
16.676712,42,10195.982491
70.549636,112,10199.298193
78.775975,104,10202.42799
69.530518,109,10205.596347
88.802657,136,10209.993944
-7.328054,5,10210.173714
47.167295,91,10212.899172
85.549171,130,10216.660999
90.123596,89,10219.30118
3.45145,15,10219.716814
85.630451,108,10222.879606
81.305379,108,10225.967101
88.940835,116,10229.547538
88.959723,122,10232.862066
90.04384,91,10235.37937
89.313788,129,10239.174392
88.985486,130,10242.835581
86.280854,120,10246.103909
77.895493,86,10248.376662
85.694586,113,10251.352851
-9.32,2,10251.546199
88.66761,132,10255.690731
79.544508,114,10259.544176
53.241521,84,10262.154293
71.321302,92,10264.842332
89.431325,90,10267.563679
59.437987,95,10270.1707
86.115138,109,10273.212964
51.043062,91,10275.683592
-2.571022,9,10276.008416
85.823063,103,10278.671547
24.6996,49,10280.111616
88.924268,118,10283.34437
82.80554,95,10285.872906
88.822219,114,10289.181976
85.676255,87,10291.81347
89.19749,108,10294.997209
28.680035,61,10296.787523
85.694232,126,10300.421502
14.199736,36,10301.432835
89.533812,99,10304.452955
7.067974,20,10305.069521
81.973876,117,10308.269679
0.406549,15,10308.701762
85.351564,104,10311.652325
86.510684,106,10314.232138
88.611502,138,10318.116722
85.712176,98,10320.671097
83.624759,109,10323.63157
38.87518,66,10325.457245
88.767155,116,10328.564585
82.853482,112,10331.608127
37.041727,70,10333.614444
90.048046,89,10335.868593
89.332845,110,10338.599815
89.369859,115,10342.354125
85.672293,104,10345.881808
88.913236,134,10350.056382
81.786165,91,10352.801389
86.392431,96,10355.407004
88.995172,126,10359.145593
-10.0,1,10359.201264
2.550949,30,10360.207068
85.923483,120,10363.907551
86.456373,135,10367.62206
37.862103,58,10369.164378
26.763557,51,10370.797174
45.197633,76,10373.096107
5.780111,17,10373.732267
82.79635,96,10376.399332
77.011569,96,10378.874305
44.879757,68,10380.7256
82.332555,104,10384.059566
85.663197,126,10389.019431
85.721213,124,10393.30792
86.293655,97,10396.236261
81.753253,99,10399.18951
89.090955,125,10402.735192
86.299359,106,10405.920298
89.225105,129,10409.760745
85.467609,90,10412.70881
82.852498,104,10415.689032
48.489521,82,10418.036261
89.57188,90,10421.081826
88.984624,110,10424.527635
82.55735,89,10427.185537
22.6548,48,10428.49053
89.019314,110,10431.454314
83.0937,106,10434.277774
89.072542,105,10436.991835
85.613997,119,10440.054825
86.220103,87,10442.411031
85.576807,87,10444.86448
76.094472,128,10448.471904
89.221912,135,10452.334184
85.895374,127,10455.706799
87.19507,102,10458.786544
85.926909,89,10461.267195
53.288365,98,10464.374497
89.583027,98,10467.971629
89.43238,104,10471.939754
82.246521,89,10474.285156
47.040969,86,10476.600143
-4.0,7,10476.808475
89.108485,110,10479.950355
85.913146,88,10482.321936
84.470324,109,10485.278911
86.513039,127,10488.822431
82.571621,120,10492.258476
85.982925,126,10495.582024
55.785942,92,10498.214448
89.506468,108,10501.154628
-10.0,1,10501.318212
64.378249,86,10503.688282
79.976834,113,10506.786405
87.456783,101,10509.78441
86.232641,95,10512.776965
57.283322,78,10515.080513
86.426729,147,10518.919094
82.842444,106,10521.756424
82.21156,105,10524.736548
79.113847,97,10527.95799
85.908415,102,10531.493824
32.585366,53,10533.212628
89.242644,94,10536.073608
89.644353,94,10539.123856
85.515434,100,10542.440684
56.277513,72,10544.550747
13.444636,28,10545.505397
90.123596,89,10547.841069
85.533633,87,10550.129448
-5.021566,6,10550.318682
82.079678,123,10553.858528
19.737341,32,10554.69113
29.60778,48,10555.909945
14.705912,27,10556.640414
66.509985,121,10560.077246
82.467649,96,10562.972724
7.447001,29,10563.986576
88.922734,129,10568.406615
88.97007,142,10572.871452
89.187795,108,10576.488899
84.061743,108,10579.853589
85.560907,87,10582.258347
89.413539,94,10585.187803
36.358807,71,10587.1172
12.530858,24,10587.778046
25.755609,46,10589.0159
82.266048,93,10592.020699
89.663191,94,10594.431203
15.797062,36,10595.392048
88.852196,112,10598.286756
86.272733,91,10601.274669
85.718465,95,10604.390602
85.55753,111,10607.794758
89.196777,122,10611.306159
81.851874,121,10614.749508
88.94605,121,10618.013453
-8.44,4,10618.162712
21.033045,49,10619.724668
89.179555,108,10622.766144
47.690285,68,10624.47507
89.818906,92,10626.990606
89.180976,106,10629.792634
89.214953,122,10633.109936
89.045219,114,10636.044579
86.379156,102,10639.037402
30.303768,48,10640.419748
29.708138,58,10642.325299
88.844244,137,10646.485291
85.746435,107,10649.782618
89.315214,126,10654.02246
34.094312,56,10656.1339
89.263252,89,10659.324336
2.827669,14,10659.839399
66.200978,106,10663.80312
3.837467,19,10664.816398
13.939793,26,10665.615892
90.123596,89,10668.258063
29.0,40,10669.651983
82.289216,103,10673.325521
86.088865,97,10676.929617
63.021198,77,10679.562069
79.70522,98,10682.625558
84.986091,134,10686.827207
85.854945,95,10689.808903
29.00631,41,10691.083027
56.592152,77,10693.379108
82.74886,129,10697.174232
82.182066,96,10700.064882
82.347962,104,10703.563316
89.278098,113,10707.394839
60.439659,95,10710.959371
86.432591,90,10714.135793
80.693572,104,10717.172009
88.882883,132,10720.927541
59.384103,103,10724.093453
10.331774,28,10724.884035
89.219921,100,10727.414737
83.581003,122,10731.077709
88.947465,111,10734.247745
74.596712,80,10736.494757
89.423917,111,10740.353718
30.442155,53,10741.800422
89.266323,101,10744.839905
83.031039,116,10748.080315
89.661209,105,10750.792814
25.593892,58,10752.355356
90.123596,89,10754.660582
86.349539,110,10757.705896
41.389699,64,10760.202215
82.39396,104,10763.420751
79.377061,95,10766.236709
52.168746,94,10768.634999
86.388496,103,10771.299235
89.150249,113,10774.424066
82.250309,85,10776.854634
88.64382,132,10780.40604
-8.412342,3,10780.533525
85.498419,93,10783.078764
6.590549,18,10783.733133
15.766895,42,10784.95568
46.843644,71,10786.863766
81.97964,85,10789.119474
83.396955,110,10792.278846
84.848592,136,10796.093947
22.345198,43,10797.355392
78.491728,92,10799.915572
86.273431,112,10803.34842
31.0,42,10804.565271
86.003127,105,10807.53773
85.841256,114,10810.605801
86.744923,110,10814.426785
86.574789,105,10817.982781
76.648085,115,10821.867202
88.98835,113,10825.343813
68.00846,97,10827.977238
82.94849,131,10831.458855
-7.6,4,10831.614744
90.123596,89,10834.24367
0.864862,12,10834.747247
86.451397,138,10838.922121
64.638077,108,10841.93036
-1.024202,11,10842.274949
39.602412,84,10844.965285
82.783694,109,10848.055484
82.29161,95,10851.096596
89.513021,94,10854.005577
88.883255,131,10857.942782
89.26096,89,10860.229475
23.433255,38,10861.290455
12.4478,31,10862.070337
83.098214,120,10865.436239
86.008403,87,10867.730298
85.736567,91,10870.470366
89.470977,92,10873.246533
82.436858,111,10876.357524
82.334284,87,10878.432467
14.752022,28,10879.172387
68.792171,111,10881.971072
82.472663,106,10884.851345
86.511669,110,10887.800469
77.794905,97,10890.442962
83.051945,114,10893.667387
1.961077,17,10894.30267
21.094697,49,10895.630334
85.935094,89,10897.986495
82.822369,111,10901.058264
88.934161,105,10904.207062
89.152977,108,10907.289871
88.97971,146,10911.149082
89.506564,91,10913.738598
89.015244,112,10916.829657
21.671633,45,10918.016577
83.262433,107,10921.086413
88.923176,109,10923.904662
89.300153,114,10926.950955
-1.202974,10,10927.225954
88.671869,129,10930.833742
37.997045,53,10932.367501
82.355549,100,10935.55132
34.545334,62,10937.358939
89.571809,92,10940.430794
88.663811,129,10944.276017
90.123596,89,10946.999345
82.046522,95,10949.923987
89.086263,130,10954.077083
63.004587,104,10957.257867
81.672732,88,10960.040937
79.807833,109,10962.957265
-7.4,5,10963.120626
6.45233,19,10963.624847
89.640948,90,10966.033894
82.767843,101,10968.547989
89.02417,114,10971.416992
82.721951,93,10973.738303
82.33691,103,10976.430345
89.560999,101,10978.956954
82.446929,100,10981.426036
7.504412,37,10982.406248
89.410104,94,10985.083766
82.011468,93,10987.89151
85.998247,123,10991.245362
-5.29712,6,10991.50109
85.771071,110,10994.79006
2.938431,21,10995.448907
86.349997,96,10997.978038
85.778025,89,11000.351806
86.626465,110,11003.596177
22.406415,49,11005.212033
89.180273,107,11008.501131
86.394648,92,11011.950688
1.534323,19,11012.981136
82.488088,101,11016.440268
-6.12176,5,11016.670353
29.2279,58,11018.41301
86.24373,106,11021.735596
89.337967,114,11024.88565
-1.137386,10,11025.190972
50.200161,81,11027.259025
83.325289,117,11030.347006
85.558284,109,11033.214854
82.87486,97,11035.764971
85.685414,100,11038.62432
82.388853,104,11041.859414
84.489515,119,11046.127095
85.926132,115,11050.5577
88.983755,118,11054.226506
88.920736,138,11058.483261
28.912351,51,11060.008455
86.046763,92,11062.701854
85.649977,102,11065.478973
86.241676,104,11068.280926
86.714742,98,11071.158208
88.862288,128,11074.541298
89.848628,95,11077.073983
88.714723,130,11080.816857
50.831481,81,11083.294211
85.640278,95,11086.796857
89.206153,106,11090.408642
89.534122,110,11093.859589
85.678545,102,11097.093256
78.652746,110,11101.23138
47.545128,86,11104.303333
89.097305,117,11108.413735
47.953372,93,11111.476801
89.12912,125,11115.034979
-3.322529,8,11115.261972
82.921934,120,11118.670954
89.941026,93,11121.473586
86.583635,117,11124.395503
89.487716,127,11127.592557
0.419398,27,11128.41836
83.347846,127,11131.563827
48.128301,90,11133.908591
77.561917,105,11136.913787
90.123596,89,11139.154891
81.676681,108,11142.090183
85.853779,115,11145.043575
82.450748,100,11147.522383
66.964428,103,11150.17472
88.827743,134,11153.59191
-2.697502,10,11153.910671
51.690949,85,11156.096251
39.0,50,11157.392181
82.487061,125,11160.539376
85.695319,138,11163.971026
83.106237,106,11166.858895
40.358042,73,11168.846287
40.387947,65,11170.570758
88.86557,129,11173.766873
81.887212,86,11175.965785
89.076677,134,11179.350664
18.806903,34,11180.221892
88.963749,138,11183.62055
83.021715,132,11186.91893
86.258762,118,11189.999006
89.28809,129,11193.170917
10.223612,26,11193.883463
20.240413,38,11194.854539
88.809097,121,11197.938223
30.415668,62,11199.479799
82.368566,109,11202.166246
22.85411,39,11203.151971
89.620954,100,11205.759794
7.272296,19,11206.255998
85.939894,90,11208.46594
81.72786,109,11211.204793
85.643474,98,11213.9302
56.625691,84,11216.303689
80.590374,113,11219.105409
-6.933143,6,11219.301885
89.522935,111,11223.215851
83.0044,110,11226.661807
89.122623,130,11230.816521
89.051794,112,11234.157478
88.894322,126,11238.236853
85.970103,91,11240.79485
85.165278,98,11243.394057
78.086149,91,11246.03358
89.369995,97,11248.747977
85.758283,110,11252.728506
6.169025,18,11253.39348
89.18174,111,11257.367168
86.477817,125,11261.743107
80.839063,106,11265.64252
88.850634,140,11269.88363
28.908576,53,11271.415631
89.85621,90,11274.178144
38.842837,55,11275.726952
35.509174,72,11277.568033
71.469817,129,11281.155175
84.586149,131,11284.735185
89.362847,96,11287.269509
82.093456,127,11290.696456
5.335616,17,11291.198792
89.497716,105,11294.147795
85.403296,88,11296.857804
85.639968,95,11299.578851
31.435618,47,11300.994838
86.146267,90,11303.632909
89.183074,119,11306.728109
85.908551,126,11310.302849
82.273358,89,11313.273606
67.059735,120,11317.669858
90.123596,89,11320.325793
50.237378,90,11322.92584
89.039579,125,11326.220518
85.521559,127,11330.698609
8.079211,27,11331.409747
86.337239,110,11334.670373
17.769161,30,11335.498468
63.065321,113,11338.611918
81.965027,86,11340.824599
85.90832,100,11343.62822
88.595822,134,11347.801681
-10.0,1,11347.994439
89.234306,108,11351.272043
89.298145,121,11354.863916
86.563502,116,11358.196064
72.628611,92,11360.978043
-9.0,2,11361.092468
88.733608,122,11364.759572
37.775327,62,11366.60006
73.747195,97,11369.51651
89.3015,110,11372.748544
1.851653,13,11373.170333
53.556755,90,11375.583711
78.817328,103,11378.692068
61.6266,116,11381.772617
75.146773,130,11385.177488
86.082502,99,11387.888951
56.187823,68,11389.899855
82.486788,90,11392.975161
89.012279,117,11396.731309
20.651071,39,11398.006862
86.404667,101,11401.376681
34.277203,62,11403.54865
85.801419,95,11406.723597
86.360578,124,11410.566773
47.866354,81,11413.286559
23.64664,51,11414.909163
-7.4,5,11415.117795
86.091619,118,11418.908511
81.544192,83,11421.900232
81.761019,98,11425.05297
3.635533,20,11425.72115
85.68662,115,11429.417503
83.440092,113,11432.917198
89.307837,89,11435.519118
-9.32,2,11435.674171
88.919044,130,11439.458969
85.855183,90,11442.264184
4.564813,21,11442.917558
87.218252,108,11446.078127
-1.786838,13,11446.575985
81.3527,112,11450.000978
27.060421,57,11451.716963
86.138582,88,11454.317737
47.985519,79,11456.611086
89.057361,122,11460.327283
87.036872,123,11464.196197
85.241138,90,11467.048859
81.740735,88,11469.881428
66.865116,104,11473.114794
32.81663,61,11475.231906
85.672424,92,11478.258875
85.740254,101,11480.762013
6.071235,24,11481.357452
89.851881,92,11483.061349
66.277187,101,11484.929358
82.334578,111,11487.024235
79.053883,116,11489.254319
86.418922,108,11491.236766
89.03045,107,11493.163776
85.922316,126,11495.493977
89.099298,99,11497.393924
90.123596,89,11498.932214
88.923752,131,11501.39083
88.673629,132,11503.791353
79.438096,113,11505.98398
85.761894,103,11507.945768
45.545396,62,11509.08317
86.228097,119,11511.441245
27.301548,48,11512.408477
85.774665,115,11514.507488
75.71811,139,11517.007346
78.075327,82,11518.45421
86.232031,107,11520.410872
-8.44,4,11520.501157
88.991007,117,11522.654958
89.319797,122,11524.782229
89.183132,124,11527.069954
9.738857,22,11527.488461
28.929481,63,11528.601658
85.922865,121,11530.736317
84.644969,92,11532.469608
89.18718,128,11534.882976
54.997087,85,11536.409653
86.498772,98,11538.166747
85.256083,112,11540.23564
50.405971,81,11541.697638
89.146124,125,11543.901256
86.736465,111,11545.847821
0.198731,18,11546.245412
17.79339,41,11547.010201
69.013529,102,11548.877715
89.50232,116,11551.134083
84.338522,122,11553.482381
86.243807,98,11555.217758
89.437446,98,11556.985563
85.732013,127,11559.239017
82.834885,105,11561.224636
82.910496,84,11562.730232
53.002353,95,11564.423024
42.263013,78,11565.831262
-4.188377,7,11566.050528
85.89104,111,11567.986421
88.986458,117,11570.063275
85.902954,128,11572.359779
86.16276,86,11573.882167
85.867436,133,11576.214687
82.959188,103,11578.0356
83.202782,123,11580.199916
33.238181,65,11581.455794
89.43402,96,11583.17867
85.792816,98,11584.924102
12.502709,26,11585.378724
5.690753,19,11585.833853
82.039132,86,11587.344421
88.897252,124,11589.511809
88.949116,102,11591.340867
89.688668,99,11593.20805
44.706066,71,11594.56249
36.262003,58,11595.65283
88.862414,122,11597.951189
85.756724,98,11599.816643
86.435755,115,11601.864931
42.227155,61,11602.959213
89.000178,116,11605.022306
-2.7668,9,11605.279592
35.208617,64,11606.416906
86.206501,116,11608.453398
86.046371,117,11610.525634
52.957404,90,11612.223018
89.451192,104,11614.07113
55.681308,74,11615.401464
90.085897,89,11616.91179
1.42396,15,11617.259238
86.503047,119,11619.376841
86.261268,115,11621.427357
88.895914,141,11623.960667
86.457516,122,11626.261483
83.038576,98,11627.987977
55.100663,88,11629.546095
89.079624,96,11631.321589
86.451736,135,11633.827373
14.552969,28,11634.332602
86.031118,99,11636.072491
33.379096,67,11637.323002
51.578234,87,11639.038333
81.789107,83,11640.630728
86.179873,91,11642.334312
-8.48,2,11642.396123
15.583393,37,11643.273725
28.848512,42,11644.057801
82.201389,94,11645.782488
83.63712,107,11647.80845
86.206363,94,11649.772408
58.816657,97,11651.524726
85.805267,116,11653.804207
85.223096,90,11655.512362
-7.038278,6,11655.75552
80.214732,122,11658.040493
5.39932,33,11658.754977
89.177237,98,11660.905219
89.917063,92,11662.671256
89.983762,89,11664.256465
90.123596,89,11665.719278
85.047667,128,11668.100972
89.466483,109,11670.193383
33.11293,53,11671.20752
85.900472,90,11672.927624
10.34226,25,11673.389887
10.239916,33,11674.156289
89.651248,101,11676.086232
83.122673,124,11678.402374
89.19528,102,11680.23308
82.093676,99,11682.094438
86.077058,121,11684.1608
51.807611,87,11685.721717
82.121826,83,11687.174849
83.250739,89,11688.910161
89.695004,94,11690.639463
88.990557,109,11692.634275
85.783107,134,11694.959392
89.074425,132,11697.465958
86.162791,86,11698.816404
82.805023,105,11700.57545
89.616194,96,11702.246978
23.087137,53,11703.212567
1.483952,13,11703.446854
78.138702,84,11704.892818
13.746558,42,11705.63399
2.121402,25,11706.126899
83.076965,127,11708.400611
86.065315,113,11710.294889
50.529624,88,11711.778437
86.010971,119,11714.208175
86.446814,89,11715.820042
86.237227,124,11718.017484
89.22632,102,11719.74943
18.0,29,11720.350876
65.051055,110,11722.29668
85.396059,104,11724.2579
79.007014,103,11726.185912
88.893036,131,11728.667704
82.445082,105,11730.456345
82.73828,103,11732.293203
88.745115,126,11734.517641
60.869872,109,11736.479251
20.980112,33,11737.128954
25.966266,40,11737.892534
10.760682,38,11738.562639
90.123596,89,11740.092283
2.015657,14,11740.426975
88.7435,130,11742.703346
89.136317,130,11745.081214
13.880601,33,11745.772872
77.020333,103,11747.702884
82.379675,98,11749.515417
29.176556,54,11750.546504
-8.034423,3,11750.717169
56.405326,78,11752.184921
49.628059,73,11753.506214
89.358609,115,11755.556527
-4.681814,7,11755.788939
86.866386,129,11758.079294
85.903518,116,11760.171978
89.697428,99,11761.943776
88.754027,118,11764.145994
88.694481,134,11766.698215
86.445638,130,11769.016774
28.374239,47,11769.887429
14.149985,33,11770.575332
58.754259,107,11772.500878
19.568783,49,11773.344728
85.460106,97,11775.124136
86.197868,122,11777.437434
24.870635,57,11778.446296
19.18837,31,11778.961948
2.473663,18,11779.329498
85.798193,99,11781.326995
71.110685,112,11783.399688
85.947019,120,11785.507747
86.198876,106,11787.385128
23.196769,41,11788.180472
86.125092,86,11789.715775
45.353918,80,11791.081934
82.52471,114,11793.104962
55.592481,98,11794.895501
-10.0,1,11794.93596
86.702625,104,11796.686248
10.163778,26,11797.169796
70.809136,88,11798.750757
82.043895,101,11800.622756
85.649537,104,11802.43932
89.264698,113,11804.479836
78.51576,102,11806.348076
32.645314,50,11807.313732
82.871395,97,11808.98774
86.811875,93,11810.627847
-4.846339,7,11810.875565
-10.0,1,11810.90924
88.79912,114,11812.883792
89.140936,108,11814.815001
58.46876,74,11816.134076
89.250137,125,11818.317622
86.322102,105,11820.134523
85.805076,122,11822.21005
82.898054,118,11824.527731
85.950257,106,11826.432873
46.808883,59,11827.444395
75.098197,100,11829.422522
85.748007,87,11831.25527
89.618594,96,11832.951974
57.779381,106,11834.875586
-2.008977,11,11835.098313
89.223186,116,11837.138613
89.741058,96,11838.879907
89.162308,132,11841.202857
85.566592,135,11843.598074
-3.271167,14,11843.951348
41.561725,72,11845.337921
88.947561,116,11847.561393
-3.070242,8,11847.786838
50.538193,97,11849.89237
13.061389,38,11850.726615
18.438896,43,11851.66876
39.652688,55,11852.753325
72.054013,95,11854.64589
13.795776,28,11855.20847
89.137397,124,11857.578486
86.179167,97,11859.489466
89.093277,140,11862.272433
80.145898,118,11864.572216
78.120388,92,11866.357562
89.314671,94,11868.249712
86.084986,129,11870.881099
85.321711,141,11873.667272
85.963194,125,11875.970491
89.380117,113,11878.092789
85.817796,116,11880.346501
5.153149,23,11880.779863
67.900909,114,11882.764353
56.035119,85,11884.225715
68.265927,106,11886.22538
85.669765,118,11888.288782
85.916933,86,11889.729891
85.26369,126,11891.809383
89.163384,129,11894.14168
89.189523,96,11895.904131
82.940187,98,11897.758022
85.851564,135,11900.15544
63.686761,77,11901.545333
51.77786,99,11903.223539
85.415426,118,11905.331053
-1.902611,11,11905.555284
82.811823,112,11907.590384
89.328556,122,11909.63718
86.678054,122,11911.779755
-0.927365,12,11911.99833
26.177973,53,11912.98985
89.82943,93,11914.628207
11.628846,35,11915.283267
88.764326,130,11917.68154
86.400224,105,11919.540806
12.420736,24,11919.968988
86.328979,98,11921.702389
-7.0,4,11921.787847
86.381209,106,11923.676364
82.271685,115,11925.709366
65.976369,110,11927.595594
86.073329,110,11929.536088
26.346054,42,11930.376397
50.101945,88,11931.99173
1.708916,13,11932.220729
82.475822,107,11934.057902
82.497228,89,11935.652022
85.750988,105,11937.493579
13.209555,25,11937.92889
-0.496083,11,11938.146248
6.453542,24,11938.663355
89.445655,118,11940.69611
17.027675,39,11941.393303
86.06969,126,11943.631304
89.172297,112,11945.703293
89.226611,120,11947.853916
52.513299,96,11949.476936
9.0,20,11949.848041
89.071697,141,11952.445695
85.8103,106,11954.356706
89.335157,118,11956.483379
70.0,81,11957.80309
26.212668,51,11958.852727
-7.459337,8,11959.011918
88.930876,131,11961.256727
88.787817,115,11963.328559
88.703707,132,11965.58078
85.673204,93,11967.238097
89.300223,96,11968.828222
83.80134,127,11971.019267
85.708709,116,11973.137393
85.714246,91,11974.713021
29.257041,53,11975.601507
84.505553,111,11977.545711
1.772005,13,11977.863445
88.885512,116,11979.889955
82.684845,131,11982.164737
81.991638,85,11983.671961
88.956381,105,11985.505092
89.151229,96,11987.093132
14.779348,31,11987.642626
89.865015,98,11989.359798
89.02825,118,11991.408959
0.688751,15,11991.676417
19.44229,51,11992.566918
86.09673,110,11994.580995
-7.087724,4,11994.760111
-10.0,1,11994.791727
20.0,31,11995.374259
82.187683,86,11996.849114
82.309406,97,11998.738047
37.85746,78,12000.117406
86.106092,116,12002.242666
48.3536,75,12003.563519
62.494286,117,12005.73183
88.779422,131,12008.213946
20.909299,50,12009.157451
79.228378,91,12010.815469
89.098594,117,12013.01341
4.375446,17,12013.338308
88.840097,116,12015.512021
11.894966,31,12016.081682
46.571843,75,12017.612332
89.112447,111,12019.704824
43.983924,75,12021.147642
66.601782,84,12022.728735
89.546047,107,12024.944338
15.593802,34,12025.608579
82.225968,104,12027.576007
79.727263,113,12029.637405
89.150244,112,12031.829949
86.285716,107,12033.883423
22.641454,36,12034.505437
88.991026,149,12037.222405
28.014641,41,12038.094398
85.877851,140,12040.70727
89.563106,102,12042.601242
86.330872,113,12044.67635
82.859432,127,12046.958362
82.203289,83,12048.310914
90.016492,92,12049.849926
54.994222,85,12051.344254
88.907928,124,12053.728302
90.123596,89,12055.205435
1.961141,13,12055.477942
85.645639,126,12057.664307
85.335041,93,12059.386222
89.288182,115,12061.360559
4.41687,18,12061.705359
85.461118,97,12063.449609
85.396761,126,12065.714555
86.241628,116,12067.641902
-7.6,4,12067.74139
-10.0,1,12067.798807
5.018375,26,12068.331744
82.319854,110,12070.260853
82.301032,105,12072.030931
82.917298,117,12074.114956
86.13516,104,12076.118781
-6.302624,6,12076.254447
85.385371,87,12077.91286
89.713319,96,12079.691905
30.419336,52,12080.802639
67.597071,98,12082.623007
83.125258,126,12084.888103
85.974261,130,12087.292741
89.327773,117,12089.535224
83.16481,104,12091.493496
89.734659,93,12093.253014
28.574554,63,12094.467731
4.485073,16,12094.879041
89.421038,94,12096.547045
11.282624,29,12097.076342
89.0642,99,12098.933948
84.865413,118,12101.186563
89.050368,128,12103.48062
89.29812,102,12105.306436
82.101052,85,12106.838181
3.929863,24,12107.367695
89.73688,99,12109.069243
35.367916,60,12110.075506
85.930027,126,12112.23196
17.396682,47,12113.164608
82.800125,105,12114.951738
82.827414,96,12116.548552
86.251229,98,12118.192423
89.011798,95,12119.968916
89.286098,104,12121.785786
85.346684,91,12123.384067
88.904386,118,12125.534827
89.337073,129,12127.833811
0.668577,12,12128.060389
89.712084,97,12129.674038
69.835004,99,12131.359597
89.002161,113,12133.32394
85.593862,93,12134.887355
-2.023674,12,12135.117471
86.65598,112,12137.009511
37.58259,73,12138.299023
82.386925,121,12140.352054
86.245445,111,12142.365982
85.837911,116,12144.413831
10.260396,31,12145.063582
85.546258,87,12146.673568
88.786015,130,12148.984365
86.535039,129,12151.219151
29.812843,56,12152.327087
86.216925,124,12154.456304
68.226936,84,12155.892959
11.432106,29,12156.395975
82.527841,96,12158.178023
89.180554,114,12160.097382
13.598895,37,12160.705301
85.543439,87,12162.192668
88.732867,139,12164.601147
86.556017,99,12166.314748
85.387376,124,12168.523625
33.575128,64,12169.616891
-3.468497,8,12169.866992
82.079133,100,12171.581417
14.644662,37,12172.21555
12.458792,24,12172.63201
85.353639,92,12174.303394
85.999737,120,12176.391011
85.954411,128,12178.589468
88.613001,130,12180.772448
89.367557,98,12182.484661
86.155994,112,12184.437341
29.092941,57,12185.474293
74.693606,90,12187.168369
82.686117,102,12189.226242
82.181259,102,12191.091696
89.13288,114,12193.257211
82.863895,107,12195.172524
79.475752,108,12197.076753
55.068,95,12198.744887
86.503741,126,12201.027297
89.420005,90,12202.566943
-0.626909,24,12203.097151
90.123596,89,12204.566238
80.022243,122,12206.773025
88.966782,135,12209.227904
85.829056,98,12211.07976
38.613263,77,12212.529413
86.628097,95,12214.335407
89.761122,99,12216.203237
41.0,52,12217.185121
86.005176,132,12219.460069
39.526044,80,12220.907153
67.172268,121,12223.038715
89.026424,119,12225.255919
86.30448,96,12226.998407
85.926441,94,12228.69253
86.542424,113,12230.71196
89.020249,108,12232.749609
-10.0,1,12232.781926
56.48813,75,12234.07368
38.742092,53,12235.039907
85.23482,122,12237.241464
86.466657,99,12239.101808
56.910092,103,12241.013498
0.402445,16,12241.329241
89.362264,115,12243.375567
81.802185,99,12245.033662
88.847495,130,12247.328398
86.912604,118,12249.453238
82.848708,103,12251.326068
86.245631,103,12253.195121
89.292211,128,12255.654406
-10.0,1,12255.69079
89.267213,118,12258.126463
85.176735,89,12259.760478
88.653772,132,12262.257401
89.237266,89,12263.923251
88.895161,134,12266.542224
89.071555,100,12268.392905
85.419941,90,12269.989394
13.886682,26,12270.478572
83.315672,99,12272.275156
83.038807,108,12274.205996
82.130025,101,12275.9661
-5.026233,6,12276.071892
36.857949,53,12277.108954
86.242205,117,12279.065701
15.511235,39,12279.686
83.070912,94,12281.263518
58.650333,86,12282.73208
3.726175,19,12283.064676
2.436331,14,12283.324112
82.354257,112,12285.209386
85.369558,123,12287.296149
49.531567,68,12288.417416
90.123596,89,12289.813433
48.682183,86,12291.233099
88.898006,111,12293.148065
83.22117,127,12295.226018
-10.0,1,12295.259791
86.471739,118,12297.146504
27.7712,44,12297.977984
89.535955,94,12299.539235
82.819057,131,12301.719082
61.749983,96,12303.290752
89.103518,103,12305.057076
22.593676,47,12305.855146
89.178901,91,12307.373408
22.550482,34,12307.934891
86.432761,94,12309.62714
32.12868,65,12310.689191
89.035462,96,12312.271934
85.782801,96,12313.840948
82.034518,87,12315.372722
88.935204,133,12317.546042
82.518272,97,12319.232471
86.095385,126,12321.325762
89.356188,114,12323.252234
31.374041,64,12324.283583
89.757698,92,12325.864506
13.26654,30,12326.414944
89.488781,107,12328.41521
76.49245,117,12330.496444
88.939845,122,12332.650186
85.53627,94,12334.289391
89.138203,115,12336.301316
88.985149,96,12337.916535
85.742194,109,12339.758444
40.719977,63,12340.82828
22.383437,38,12341.558407
31.199007,61,12342.640065
82.847797,137,12345.032524
85.924768,107,12346.856493
-9.0,2,12347.006256
89.751182,93,12348.584319
55.877767,96,12350.211599
63.466264,119,12352.271418
89.782904,98,12354.010569
86.333534,105,12355.785759
89.09419,122,12357.791827
7.126698,19,12358.130718
22.829821,36,12358.802164
32.163282,65,12359.916978
88.656497,137,12362.340793
-10.0,1,12362.402897
17.916431,31,12363.059649
85.756465,124,12365.317396
82.311409,88,12366.95014
38.0,49,12367.788034
82.120099,112,12369.828037
85.942657,102,12371.62236
9.876292,30,12372.146314
86.056873,93,12373.669039
88.847445,118,12375.737775
86.140503,91,12377.328422
88.677209,138,12379.772195
89.796078,90,12381.342672
82.637272,119,12383.469266
86.358779,111,12385.376443
-9.253938,2,12385.419327
0.947179,12,12385.642351
88.716432,133,12388.085245
7.284991,22,12388.606809
89.344822,103,12390.703122
81.832284,90,12392.326578
82.123738,96,12394.130747
85.80937,130,12396.35749
89.484243,102,12398.067221
82.19024,117,12400.09146
13.38646,29,12400.718768
89.7444,92,12402.301954
82.444278,105,12404.101944
31.849228,51,12405.026623
86.483652,108,12407.110066
1.981187,17,12407.436973
85.758878,105,12409.334804
86.758932,106,12411.273471
46.66796,75,12412.699028
82.016689,95,12414.416569
85.233789,108,12416.387118
86.091509,131,12418.83348
89.162099,115,12421.043728
86.945878,104,12422.963886
83.491054,106,12424.927371
85.795636,86,12426.616426
66.592855,112,12428.664622
3.159903,16,12428.957335
82.590764,104,12430.862948
89.135325,127,12433.119402
88.877278,116,12435.315906
85.726395,121,12437.551799
84.453128,103,12439.438963
85.352557,89,12441.10896
11.936306,24,12441.610431
85.860317,86,12443.134055
49.652548,64,12444.314566
86.233578,105,12446.214097
85.062396,117,12448.417286
-2.636443,12,12448.649178
88.776281,132,12451.022304
-1.421684,11,12451.203827
62.240868,88,12452.805729
31.62834,56,12453.744253
86.279666,124,12455.758056
88.864444,111,12457.73619
48.027352,94,12459.463784
89.803995,93,12461.155121
86.408291,127,12463.288162
31.989018,67,12464.377352
23.110745,38,12465.118911
43.929062,77,12466.524585
86.095518,95,12468.267241
28.556477,62,12469.394471
32.251167,64,12470.669549
89.47332,98,12472.468157
29.789356,58,12473.478949
86.799617,128,12475.634018
89.777387,95,12477.357965
86.168356,87,12478.793918
85.858115,134,12481.044708
2.802318,14,12481.364606
58.613198,84,12482.930748
88.213206,128,12485.058849
89.729782,100,12486.842735
17.176763,33,12487.423406
0.600556,15,12487.824349
78.528248,108,12489.742209
89.04194,100,12491.576729
85.412545,110,12493.57117
78.414431,102,12495.569995
86.715545,111,12497.765774
64.727536,96,12499.507517
14.031568,26,12499.977711
-9.031248,2,12500.151597
87.016374,125,12502.400813
71.958336,117,12504.518039
30.897373,54,12505.53751
88.674816,136,12508.069842
85.856131,105,12509.985514
-2.885085,12,12510.22107
28.467773,52,12511.190754
4.341583,33,12511.870523
32.182571,67,12513.082456
86.31829,108,12514.997369
82.797699,125,12517.265546
-7.72,6,12517.507124
86.144846,102,12519.345372
78.989778,100,12521.142502
-8.584383,3,12521.22776
88.86858,129,12523.650249
89.091921,113,12525.731059
89.068364,105,12527.703588
-6.151537,5,12527.815197
39.678642,63,12529.068645
80.443816,123,12531.258957
86.295567,105,12533.13537
89.082937,100,12534.982479
-0.590659,11,12535.263429
86.369441,104,12537.057506
0.950435,18,12537.397862
0.114713,18,12537.739819
86.168511,131,12540.087323
88.864361,114,12542.141852
61.027945,91,12543.82853
35.0,46,12544.622082
12.272189,26,12545.210934
86.271358,95,12546.975683
86.670526,105,12548.927223
89.245781,120,12551.11291
85.116293,94,12552.919775
89.934826,91,12554.572107
55.302061,83,12556.060756
86.099721,131,12558.481217
-9.16,1,12558.616045
89.134866,98,12560.425246
23.550809,46,12561.279989
88.858362,125,12563.635108
88.20385,120,12565.918139
85.972621,115,12567.99495
28.507307,49,12568.91597
88.94243,129,12571.229998
48.822676,90,12572.947232
89.374512,91,12574.618152
85.909321,108,12576.652692
41.272566,70,12577.964583
72.523701,116,12580.107042
88.977954,127,12582.436471
89.401365,109,12584.459082
85.695926,91,12586.082273
53.150138,79,12587.626362
89.969003,91,12589.289886
89.323103,94,12590.957804
88.878663,110,12592.888953
68.868692,103,12594.651716
29.93245,42,12595.343354
29.866375,57,12596.285814
73.740676,130,12598.44967
82.21772,96,12600.138934
86.027113,90,12601.654273
52.140309,95,12603.227417
85.849972,107,12605.002262
33.821604,73,12606.283701
47.578098,67,12607.467936
82.16134,90,12608.934257
89.153163,133,12611.129921
59.95379,91,12612.693169
41.530137,61,12613.719224
82.322568,86,12615.061384
85.317687,118,12617.012741
85.595855,92,12618.8146
37.191165,65,12620.051781
86.385691,122,12622.276773
-2.391363,10,12622.499382
57.202715,94,12624.296707
89.203403,92,12625.997997
33.724023,70,12627.311885
2.934382,27,12627.833849
86.453317,105,12629.856595
89.936327,89,12631.475668
21.766449,36,12632.130368
61.552105,106,12634.206224
-7.4,5,12634.404711
53.441406,70,12635.630722
86.180333,105,12637.620481
85.852137,105,12639.579457
53.752589,88,12641.256567
78.476405,85,12642.723515
86.253903,107,12644.591442
81.974153,85,12646.138017
90.08113,89,12647.612547
-8.44,4,12647.699133
86.21417,120,12649.677937
82.417097,89,12651.196492
89.032885,130,12653.5957
83.427587,98,12655.378834
29.032051,52,12656.323814
85.610749,107,12658.30134
10.958815,23,12658.838349
89.518694,104,12660.799178
5.650256,18,12661.152232
81.865356,88,12662.75942
77.961939,84,12664.269565
86.378417,132,12666.704591
85.754003,124,12668.830695
46.101835,78,12670.104977
40.896687,70,12671.421679
46.11383,79,12672.810142
-8.070262,3,12672.899219
82.275905,117,12674.954916
86.220224,91,12676.615276
45.485714,84,12678.139446
7.175056,32,12678.712839
88.906789,118,12680.727551
86.249982,101,12682.581889
85.753707,89,12684.068485
7.843382,32,12684.621185
82.578196,132,12686.880826
82.7136,105,12688.792047
82.791015,130,12691.091562
38.565502,61,12692.142108
16.537969,45,12692.937683
9.0,20,12693.363088
89.001476,110,12695.340078
86.243062,90,12696.904812
89.213738,112,12698.97483
28.701503,41,12699.821697
89.114648,132,12702.198996
79.723164,124,12704.557667
-3.300017,10,12704.735865
-7.6,4,12704.921529
88.539444,145,12707.490505
78.643392,100,12709.260001
87.950437,126,12711.508151
36.385776,51,12712.469851
86.057735,111,12714.391683
86.021126,128,12716.635144
89.528886,100,12718.367501
85.268858,88,12719.9639
70.9193,86,12721.452928
3.474136,25,12721.881413
86.920465,97,12723.600456
86.941669,101,12725.456662
79.011409,82,12726.876999
89.366765,113,12729.024985
81.938506,87,12730.622197
12.073785,40,12731.440128
-10.0,1,12731.47204
86.001851,122,12733.622416
65.663245,117,12735.767945
89.237788,98,12737.607741
79.301669,111,12739.548233
48.950216,88,12741.109194
79.692504,115,12743.145271
71.577892,113,12745.358341
86.11964,109,12747.430709
84.009512,108,12749.427686
86.040737,92,12750.997995
81.921952,92,12752.775336
83.723914,131,12755.017043
89.32274,98,12756.757348
86.729499,107,12758.816107
74.468218,82,12760.428709
39.617199,57,12761.465163
-5.011377,6,12761.600935
88.857941,139,12764.001308
7.177431,25,12764.491578
30.486389,65,12765.642781
41.821566,72,12766.906356
71.164725,90,12768.553502
81.800066,89,12770.164539
85.249644,112,12772.186327
71.088727,98,12773.788177
7.85516,29,12774.290098
82.540602,125,12776.535783
82.633319,109,12778.522712
63.99345,95,12780.272041
38.998421,51,12781.190363
83.013207,129,12783.472868
82.931813,95,12785.149517
88.886323,131,12787.398781
12.326964,26,12787.92137
81.68101,85,12789.455736
85.92677,103,12791.262845
89.219826,126,12793.508298
76.065169,97,12795.336169
71.837713,128,12797.685159
82.87243,92,12799.30205
12.112034,32,12799.876811
86.488229,105,12801.67602
89.094934,112,12803.64196
57.0,69,12804.721103
50.173995,79,12806.049868
84.908073,120,12808.106446
86.379117,90,12809.825891
29.706825,66,12810.980748
-8.2,6,12811.087763
89.282916,129,12813.347494
7.505907,30,12813.929664
86.227483,115,12816.107148
26.366193,49,12817.003505
81.495368,117,12819.094966
88.779241,125,12821.561734
42.064065,59,12822.657323
89.133672,104,12824.786716
30.966069,45,12825.734171
52.024448,101,12827.713741
28.528212,64,12828.900363
82.767521,97,12830.703753
85.944745,133,12833.238299
5.186818,17,12833.674491
88.834404,130,12836.062682
79.433519,106,12837.978249
85.864992,95,12839.64462
89.079438,123,12841.99482
89.148377,105,12843.929792
88.774169,120,12846.10614
82.451795,113,12848.229557
81.219684,124,12850.754094
71.058572,95,12852.452929
19.351936,46,12853.337438
85.731706,104,12855.297129
85.856175,125,12857.665119
73.445108,128,12860.105586
88.646591,135,12862.66794
89.617003,89,12864.473963
85.786002,115,12866.830188
48.668577,75,12868.222188
83.958972,97,12870.073977
89.745652,94,12871.990346
63.883173,75,12873.584603
89.00017,122,12875.885121
89.658323,96,12877.74224
85.86293,90,12879.378383
89.106675,140,12882.337008
85.999349,97,12884.201738
29.976061,59,12885.320236
89.227134,113,12887.439614
9.737272,23,12887.981984
5.820384,21,12888.379291
0.771931,27,12888.896153
-1.159002,10,12889.126939
-0.095359,13,12889.440681
24.039434,36,12890.076019
18.839417,42,12890.848506
60.554483,97,12892.619137
88.82526,120,12894.919491
-8.28,4,12895.030951
19.143283,41,12895.829846
10.424387,37,12896.618392
70.408421,100,12898.708646
85.418857,94,12900.476178
85.967438,107,12902.557686
89.242332,118,12904.86943
82.654674,119,12907.224052
88.844723,128,12909.571638
79.79471,106,12911.527041
-10.0,1,12911.566439
83.309943,118,12913.854964
86.707709,108,12915.807137
86.265597,127,12918.165297
64.849383,85,12919.718236
14.053494,28,12920.374476
86.044466,90,12922.065245
89.382289,126,12924.441847
48.641728,67,12925.718935
82.102697,98,12927.760861
18.196745,50,12928.770808
86.626439,109,12930.751559
89.184825,128,12933.115776
89.467944,111,12935.247982
86.599666,126,12937.600267
82.969406,108,12939.62478
-5.512621,6,12939.765281
43.651295,81,12941.367066
8.012042,28,12941.896269
86.325613,116,12944.047791
70.041773,82,12945.65744
86.161555,128,12948.149389
88.946273,114,12950.307127
73.682129,88,12951.928283
89.380753,101,12953.94749
50.189556,100,12956.108258
16.638519,32,12956.753305
86.392214,117,12958.942009
85.790781,116,12961.001401
86.031071,96,12962.899261
78.927193,97,12964.793121
88.792881,121,12967.022835
49.093111,87,12968.767512
-8.8,3,12968.901894
78.978386,101,12970.867691
89.615358,101,12972.715346
43.337999,57,12973.809962
85.60116,121,12976.221242
61.582479,91,12978.192759
89.427855,92,12979.902033
86.571631,131,12982.369784
89.053777,125,12984.81093
82.764727,105,12986.827891
33.601973,67,12988.088635
82.98095,118,12990.271872
89.045837,114,12992.477844
88.987951,99,12994.325182
86.539444,103,12996.301155
88.984896,110,12998.36235
35.912422,48,12999.301717
89.167128,120,13001.558187
82.897001,129,13004.213862
83.11915,131,13006.491479
88.962672,106,13008.495279
34.218463,61,13009.58301
27.137593,40,13010.322164
86.013913,115,13012.419095
44.321669,82,13013.975277
86.170712,110,13016.113853
66.676454,107,13018.32296
21.939223,46,13019.192329
78.790813,106,13021.161845
90.107129,89,13022.829634
42.480631,64,13024.005539
85.956075,86,13025.529751
89.358983,112,13027.770143
82.307761,94,13029.528979
85.535846,95,13031.232651
86.683667,97,13033.082497
85.706496,102,13035.030877
89.565976,98,13036.865089
86.341346,95,13038.607739
17.82461,33,13039.268763
22.024983,45,13040.206562
86.091215,129,13042.557228
73.790855,118,13044.764086
86.724682,111,13047.053306
83.564609,125,13049.425649
89.143299,93,13051.110062
86.131954,86,13052.590681
-8.351181,4,13052.687807
89.701761,97,13054.624462
86.204826,96,13056.41387
41.823436,78,13057.890443
27.66462,48,13058.762246
86.294475,122,13061.067683
39.723271,62,13062.133086
79.135085,104,13064.034673
89.548458,103,13065.876748
70.495833,84,13067.461833
86.027467,99,13069.147641
89.452371,105,13071.017783
82.940271,89,13072.652864
13.400801,26,13073.221963
89.184097,109,13075.207473
89.038288,144,13077.804526
80.481831,110,13079.761204
33.074289,66,13081.058459
75.343108,90,13082.590287
85.863244,109,13084.515028
16.141709,31,13085.051559
45.308527,70,13086.36088
86.327316,101,13088.127582
89.49396,94,13089.965174
82.798987,93,13092.000587
-7.36,6,13092.211296
82.979286,120,13094.343267
86.047336,123,13096.769268
3.075985,16,13097.077147
14.855377,28,13097.684308
34.382584,46,13098.585678
85.546633,86,13100.147228
86.005946,107,13102.104235
84.77575,101,13104.078182
24.965876,44,13104.912237
45.586902,94,13106.602396
86.106438,106,13108.812098
82.572702,101,13111.003379
82.814029,125,13113.263129
82.183324,88,13114.822722
89.012716,114,13117.030834
6.840747,33,13117.721929
89.015272,132,13120.185623
12.209901,26,13120.690322
54.526374,101,13122.566302
83.208767,118,13124.844867
67.488021,104,13126.839332
88.656958,142,13129.503964
86.1611,116,13131.730777
89.811728,92,13133.531712
89.02988,96,13135.336128
86.588786,129,13137.775261
89.291275,124,13140.145456
-3.3164,13,13140.487622
86.263882,88,13142.117967
89.318517,97,13144.03132
34.230216,54,13145.073308
33.613572,47,13146.042174
85.660471,117,13148.289882
82.746496,96,13150.090381
25.069413,49,13151.051063
88.877766,122,13153.348816
39.994637,71,13154.673878
79.081488,92,13156.367011
21.711829,36,13157.049816
86.00719,117,13159.28614
89.569192,94,13161.031363
88.993675,132,13163.465926
82.772031,98,13165.33885
38.386817,85,13167.081685
18.859924,34,13167.737828
28.496656,56,13168.848493
38.366192,61,13170.029536
82.027593,92,13171.862783
79.407842,113,13174.039402
89.042074,136,13176.635316
60.068398,101,13178.534515
85.859316,126,13180.9348
-2.189775,9,13181.126562
73.712507,118,13183.325004
84.055143,109,13185.359152
87.627559,101,13187.298768
41.833721,62,13188.469799
86.218182,100,13190.459646
86.186038,117,13192.72987
81.542106,87,13194.508403
83.453834,119,13196.801362
68.870256,96,13198.601142
85.856474,118,13200.918958
75.400643,94,13202.828379
89.336818,91,13204.485039
89.516498,89,13206.105066
-10.0,1,13206.139423
-10.0,1,13206.260791
89.005853,135,13208.815283
88.974741,115,13210.97094
83.271692,121,13213.245538
89.189002,109,13215.390877
85.930571,98,13217.305463
24.239142,39,13218.050972
89.070212,130,13220.456984
89.496743,90,13222.186187
11.375448,34,13222.852032
85.514881,108,13224.857735
85.487151,112,13226.987026
27.695278,55,13228.229618
89.447344,105,13230.433514
85.940485,91,13232.196531
88.694389,126,13234.578627
84.092316,103,13236.696437
82.275457,95,13238.531697
77.56568,102,13240.511787
85.870039,123,13242.88517
90.120119,89,13244.63112
56.884482,97,13246.444782
81.490588,93,13248.215605
85.749073,100,13250.074871
89.108914,112,13252.249782
18.191991,34,13252.924747
10.929054,40,13253.706939
88.629927,149,13256.474081
85.381234,98,13258.510409
17.437587,47,13259.457648
86.517561,108,13261.562547
89.236489,94,13263.344248
85.84582,112,13265.565557
86.614282,127,13267.91567
89.281805,102,13269.805359
84.151374,120,13271.992349
88.791017,114,13274.214544
85.441735,120,13276.421357
2.614004,17,13276.756211
88.990761,137,13279.264969
89.098167,142,13281.908415
85.545104,92,13283.503009
81.116729,100,13285.31672
89.328083,129,13287.687692
85.942835,109,13289.855705
89.083945,127,13292.21512
89.135013,108,13294.259351
32.554654,48,13295.174568
58.143506,114,13297.314098
86.405709,111,13299.32181
19.186005,32,13299.908051
89.056798,96,13301.68524
89.468936,109,13303.761351
86.241905,91,13305.431005
16.669158,30,13306.148441
72.598474,119,13308.338784
82.431109,106,13310.382586
-9.16,1,13310.428818
61.934003,95,13312.179449
42.555735,77,13313.594936
83.176479,119,13315.936359
33.610628,70,13317.244691
88.902684,138,13319.805502
17.027726,30,13320.38645
34.986475,46,13321.290212
66.095756,78,13322.737042
22.08266,47,13323.572424
65.922548,130,13328.108273
15.984242,44,13329.075201
89.266549,106,13331.144017
40.436303,70,13332.547918
-7.6,4,13332.664331
12.940981,34,13333.407233
43.914034,80,13334.925946
14.712127,26,13335.550758
-4.382323,18,13335.889902
17.884227,31,13336.551894
86.005607,132,13339.061746
43.536365,71,13340.397298
19.312471,34,13341.028952
89.40116,118,13343.304828
87.032924,96,13345.108533
89.013408,138,13347.646631
81.958446,93,13349.439472
77.354977,114,13351.653376
85.970737,103,13353.657435
85.825965,99,13355.492915
86.066929,127,13357.915033
88.607366,145,13360.799993
89.419357,113,13362.960508
85.383111,114,13365.043426
88.947333,120,13367.32189
85.917241,106,13369.47335
82.277494,98,13371.344599
82.66759,99,13373.251761
82.74646,97,13375.126771
84.040128,106,13377.371634
68.022498,88,13379.105863
84.25244,129,13381.629827
86.150257,137,13384.325112
89.608311,110,13386.531653
85.77243,88,13388.112661
86.464969,104,13390.1103
59.056113,85,13391.730794
81.422079,83,13393.456127
86.156924,122,13395.828851
85.798907,104,13397.84627
89.456927,116,13400.054444
89.192406,113,13402.404594
83.006957,110,13404.568311
10.0,21,13404.940865
84.361305,104,13406.873655
89.058245,103,13408.940954
88.647822,128,13411.423769
10.473258,25,13411.91684
87.498049,107,13413.954867
89.059867,143,13416.760279
86.274626,88,13418.461043
86.180114,115,13420.645025
3.358461,17,13420.976369
82.577382,96,13422.922916
83.085359,112,13425.021471
75.866976,93,13426.765507
31.475252,50,13427.711329
88.833938,124,13430.121483
23.521627,44,13430.994178
83.764199,111,13433.212111
-10.0,1,13433.278343
14.921481,34,13434.037134
86.287442,92,13435.822449
85.76598,90,13437.622002
76.245757,119,13439.974521
82.633278,90,13441.781858
83.248779,102,13443.688978
-4.994796,12,13443.943367
88.816619,135,13446.492017
76.318087,126,13449.014889
89.206029,99,13450.817538
86.255489,127,13453.1235
24.359115,50,13454.048513
59.289769,98,13455.909338
5.039263,17,13456.244045
86.017548,108,13458.191849
58.973811,74,13459.551831
53.468843,85,13461.263155
-3.073463,8,13461.43075
85.99443,134,13464.034524
55.575846,73,13465.50179
36.806339,63,13466.868612
43.254638,72,13468.314126
89.041859,111,13470.438844
89.176739,108,13472.452285
89.0168,132,13474.847239
13.637291,37,13475.534051
86.201936,120,13477.804024
26.546027,49,13478.615124
89.289794,96,13480.47292
82.204789,83,13481.972095
85.797718,115,13484.09096
32.641077,53,13485.042342
-2.870345,10,13485.296414
84.394198,103,13487.023543
61.670526,79,13488.328761
9.251736,24,13488.797123
89.400412,91,13490.427937
86.955427,108,13492.30902
86.055595,115,13494.192859
82.582618,102,13495.866559
33.836961,46,13496.678468
84.997985,135,13498.863735
34.335768,55,13499.771329
6.501626,23,13500.170941
89.661659,102,13502.019367
3.537983,31,13502.54086
12.926602,41,13503.221944
44.853272,78,13504.476075
85.953534,134,13506.753081
81.669119,87,13508.253573
86.394264,95,13509.774977
43.928803,74,13511.03196
89.123596,89,13512.52193
15.276947,37,13513.159601
-10.0,1,13513.226647
89.849468,89,13514.644646
85.668276,86,13516.136773
28.0,39,13516.786904
89.094713,133,13519.038013
81.561087,84,13520.540361
65.027373,103,13522.413115
79.744349,99,13524.105918
88.648473,137,13526.439308
62.0,73,13527.588144
75.669581,94,13529.292973
82.883838,102,13531.074339
89.259042,117,13533.259757
85.839616,102,13535.181515
83.5617,124,13537.694155
89.509288,107,13539.751545
88.681006,129,13542.199025
79.101912,94,13543.970489
86.434927,101,13545.883243
74.606319,108,13547.882997
82.794986,110,13549.792687
83.612195,107,13551.745546
6.710766,24,13552.293985
81.512576,85,13553.774101
82.465002,97,13555.532973
85.801962,104,13557.3736
85.434912,115,13559.436006
88.927996,121,13561.511711
82.302483,109,13563.41939
88.802265,116,13565.505225
88.703254,142,13568.080629
81.63026,100,13569.829633
85.866809,135,13572.128824
85.660439,123,13574.292379
88.932728,133,13576.704351
87.054053,135,13579.042135
63.639421,104,13580.778733
82.777059,110,13582.816735
86.443975,99,13584.685349
88.873045,106,13586.686441
89.022205,110,13588.833446
85.993531,117,13591.018816
33.247347,67,13592.323756
88.996308,101,13594.118239
85.866672,107,13595.987325
89.377533,113,13597.904829
82.77391,116,13599.880437
82.768584,97,13601.517666
88.697265,141,13603.796025
7.324999,29,13604.267273
15.147817,31,13604.884588
45.844576,66,13605.956943
-5.760695,7,13606.10095
41.750653,69,13607.273558
81.920445,118,13609.437965
89.060994,93,13611.138497
35.885327,53,13612.184869
86.701994,131,13614.523434
86.515738,96,13616.276008
85.241204,118,13618.396455
89.486309,96,13620.127867
10.975595,24,13620.570654
89.191705,117,13622.669794
39.067163,70,13623.879968
86.342408,109,13625.82373
-8.053218,5,13625.933505
89.789718,90,13627.661907
37.360119,68,13628.980436
85.927565,93,13630.650153
78.301005,95,13632.463285
88.916369,114,13634.693029
43.68871,63,13635.852863
82.4683,90,13637.420812
39.265713,55,13638.350676
16.286114,30,13638.977958
78.644533,87,13640.491573
-3.537802,8,13640.649398
89.277351,93,13642.258644
2.740872,16,13642.641304
89.301725,116,13644.616903
8.185922,30,13645.148135
85.968128,122,13647.214827
16.14973,34,13647.96903
72.99782,85,13649.625661
86.295991,122,13651.800367
88.703365,140,13654.184833
89.200276,107,13656.217693
89.062965,138,13658.680087
89.103134,117,13660.765542
85.761709,121,13662.856826
85.76867,102,13664.788896
11.872202,40,13665.523666
46.596735,70,13666.760781
86.422892,112,13668.773369
35.765154,48,13669.733568
89.363713,97,13671.523003
82.872021,104,13673.364446
82.292312,93,13675.041653
38.636602,72,13676.40683
86.227083,88,13677.966893
13.617393,27,13678.464981
0.323899,16,13678.802229
85.892179,110,13681.313742
89.167964,102,13683.208265
41.981969,73,13684.491449
89.196496,103,13686.3847
82.749897,87,13688.005697
-7.6,4,13688.123587
89.689431,92,13689.79647
89.608419,89,13691.468289
86.653789,106,13693.378898
-1.789043,11,13693.60739
86.18125,131,13695.956727
86.136603,115,13698.030131
58.138354,103,13699.98173
-9.013605,2,13700.054777
88.776063,138,13702.586842
80.44796,123,13704.854935
78.843761,108,13706.800884
-7.38882,5,13706.902496
21.787237,40,13707.626149
88.855718,144,13710.274339
81.88902,87,13711.958116
16.938204,37,13712.63425
85.704215,117,13714.790578
56.187775,101,13716.667003
85.467159,134,13719.157778
86.535051,105,13721.039288
85.781173,91,13722.63798
89.285856,106,13724.556715
89.040886,106,13726.551243
82.549537,103,13728.441043
89.055156,104,13730.29429
86.135834,114,13732.300633
12.528302,36,13733.017524
19.370009,32,13733.56928
89.196405,104,13735.455935
5.553652,26,13735.9444
11.768981,24,13736.486454
85.340109,91,13738.128478
89.700979,89,13739.61061
85.83364,91,13741.349318
54.494338,80,13742.89613
82.488232,93,13744.540222
1.926101,13,13744.768299
89.758292,101,13746.523671
82.491874,88,13748.234709
89.551521,103,13750.232628
23.663014,38,13750.949965
82.995967,111,13752.980494
82.528309,116,13755.131506
69.300554,87,13756.673447
86.358243,109,13758.579185
24.269408,43,13759.36551
19.980309,35,13760.23254
86.618215,98,13762.234855
41.127714,64,13763.354111
78.856748,114,13765.457132
81.915312,103,13767.409143
39.954288,66,13768.54566
-2.72576,14,13768.804587
86.608736,115,13770.745903
82.288141,117,13772.928879
78.331941,84,13774.42988
46.883074,58,13775.398457
90.123596,89,13776.925795
13.55511,43,13777.826503
85.723898,97,13779.690989
0.599816,12,13779.936368
-2.810324,11,13780.176655
1.572346,23,13780.685069
88.820358,145,13783.19052
7.794877,19,13783.547347
32.763423,65,13784.662184
89.149274,97,13786.398925
6.877868,22,13786.847227
86.170204,125,13789.176155
89.420833,119,13791.420485
19.733388,45,13792.509085
35.448532,54,13793.620726
74.933967,88,13795.277331
85.961186,104,13797.197111
45.993572,79,13798.625359
3.63734,22,13799.080258
88.656899,136,13801.444352
83.086652,130,13803.834288
85.961313,107,13805.793655
86.155592,88,13807.292951
89.256064,122,13809.520744
23.141454,41,13810.253411
86.406345,119,13812.482529
71.080236,126,13814.75961
35.785017,54,13815.727237
82.368824,90,13817.341974
82.295021,102,13819.250149
88.883204,132,13821.605716
85.930138,88,13823.125447
89.161055,111,13825.095515
65.35958,81,13826.634182
86.032886,125,13828.825125
11.096774,31,13829.376071
44.256797,80,13830.816066
86.678729,108,13832.775374
89.07653,94,13834.456289
-1.741996,12,13834.682956
78.487345,113,13836.740874
89.820501,89,13838.856229
85.748665,127,13841.208088
83.171785,106,13843.369924
88.933062,138,13845.799751
89.075562,103,13847.707673
-7.023073,12,13847.944482
85.753613,93,13849.606699
8.399742,23,13850.037334
81.965377,84,13851.518868
83.034718,97,13853.270152
28.745411,55,13854.282356
21.18334,33,13854.9093
89.545497,110,13856.945989
88.699398,132,13859.303601
89.068698,126,13861.6044
79.531108,112,13863.553237
85.790003,111,13865.60612
89.928305,89,13867.130991
42.221875,78,13868.480525
85.390827,96,13870.125389
33.946896,56,13871.172486
86.64142,126,13873.33433
25.504052,41,13874.070537
86.815944,93,13875.792752
13.244457,38,13876.527908
85.893157,121,13878.616163
38.254268,54,13879.516509
89.390972,115,13881.628149
86.117891,112,13883.735745
19.784877,42,13884.440472
81.486375,85,13885.94339
85.865775,113,13887.826011
18.212896,31,13888.466748
82.734121,100,13890.313303
86.16064,112,13892.354772
86.748192,100,13894.113192
23.488809,59,13895.269625
86.871191,117,13897.367202
83.428912,93,13898.972987
39.289638,59,13900.042812
85.751469,116,13902.201675
75.081132,102,13903.978051
44.620788,62,13905.103058
23.0,34,13905.687445
-3.416134,12,13905.998829
33.280506,65,13907.152924
89.14886,140,13909.615206
44.150222,82,13911.062651
85.8436,123,13913.216483
7.647802,35,13913.803009
12.942885,26,13914.305913
84.678833,123,13916.377897
89.488759,102,13918.186506
82.728568,125,13920.490957
88.845132,122,13922.566735
85.854741,109,13924.398836
37.465207,64,13925.56778
85.612534,86,13926.991168
86.602646,114,13928.871544
88.921506,114,13930.880092
87.121237,119,13932.960297
85.574226,106,13934.742679
59.627614,77,13936.029319
88.925656,117,13937.9498
78.187623,96,13939.628829
89.321147,121,13941.681457
85.582544,125,13943.754664
29.147431,45,13944.520931
89.179456,130,13946.821448
90.123136,89,13948.197841
69.943149,100,13949.862359
86.084657,116,13951.776755
15.472652,43,13952.584088
46.607635,82,13953.926924
15.0,26,13954.35469
30.609366,55,13955.257423
85.60363,93,13956.951696
88.909964,115,13958.873065
88.780398,121,13960.90983
86.171237,93,13962.457712
28.0,39,13963.170634
82.299004,130,13965.492676
85.325408,135,13967.958541
86.436006,109,13969.99225
76.038138,115,13972.344124
86.570129,107,13974.214715
31.937818,69,13975.403382
82.348132,108,13977.298749
2.597427,28,13977.925268
86.162791,86,13979.370404
31.998021,59,13980.49423
79.232329,102,13982.335136
85.321702,136,13984.799973
85.69698,131,13987.02897
8.43131,21,13987.432188
89.275504,100,13989.14008
85.318436,92,13990.819757
89.102749,131,13993.077392
85.257711,86,13994.580556
86.48544,95,13996.199941
-10.0,1,13996.303292
-6.440064,7,13996.448745
82.248601,107,13998.250294
76.348297,117,14000.260527
86.24142,127,14002.482174
85.823273,89,14004.046916
-6.274777,14,14004.290188
81.955164,88,14005.759899
77.577298,81,14007.231005
83.539288,112,14009.143126
88.660348,145,14011.621602
83.45921,110,14013.456026
6.633739,34,14014.127656
29.622879,57,14015.077692
67.781334,117,14017.165215
15.307626,41,14017.856144
88.834891,122,14020.004472
82.297664,88,14021.470086
83.010442,93,14023.047466
64.069203,82,14024.41685
82.620868,122,14026.715033
85.942465,101,14028.525704
51.098764,74,14029.793992
86.162791,86,14031.159868
81.843063,89,14032.834287
89.195875,126,14035.044107
85.680579,97,14036.868012
27.473554,50,14037.89328
89.192778,130,14040.461187
84.302148,92,14042.189863
85.371166,88,14043.833718
44.208643,78,14045.289766
-7.0,4,14045.456161
89.184056,125,14047.791502
12.400623,44,14048.800641
89.822582,95,14050.63389
88.849826,135,14053.204739
89.450077,94,14054.926103
82.217235,93,14056.560457
82.976584,111,14058.672947
78.608642,86,14060.37079
30.396149,57,14061.482189
5.887218,17,14061.801405
79.847815,99,14063.586711
84.194538,110,14065.586185
81.560126,102,14067.428821
71.089432,117,14069.503842
82.757657,109,14071.396402
53.942121,70,14072.695255
90.123596,89,14074.091595
-7.96,3,14074.184376
88.956415,105,14075.929025
89.918539,89,14077.596942
21.797942,51,14078.549058
88.955966,101,14080.36256
-7.36,6,14080.529107
82.603993,86,14082.110405
-8.44,4,14082.201566
85.668777,112,14084.090696
83.509123,133,14086.399809
82.463604,102,14088.217989
82.668109,112,14090.093616
88.73039,126,14092.298262
79.931501,89,14093.812324
87.241495,109,14095.793341
86.446872,114,14097.882212
82.537703,120,14100.033933
-7.4,5,14100.147366
17.290807,42,14100.997648
86.259069,110,14103.006928
88.967685,104,14104.82955
82.439604,98,14106.623491
82.336286,129,14109.031221
88.707079,125,14111.261251
78.907884,124,14113.637902
79.464519,114,14115.710055
0.427404,16,14116.122958
89.00237,142,14118.94375
86.589171,107,14121.216143
85.836839,98,14122.957191
86.497495,127,14125.347594
-8.8,3,14125.428489
89.492423,101,14127.278362
44.627,77,14128.730683
85.266131,101,14130.743253
22.0,33,14131.358337
89.009632,142,14134.024835
4.612215,19,14134.415168
85.829979,121,14136.714148
86.189415,93,14138.427156
85.981296,89,14140.099182
72.560164,87,14141.71613
90.123596,89,14143.337917
38.0,49,14144.122474
59.105689,85,14145.674546
82.31653,98,14147.617605
86.220787,121,14149.970734
49.946296,87,14151.543902
85.660824,94,14153.297103
88.824589,121,14155.414896
89.115119,135,14157.954668
88.944376,107,14159.965449
64.772929,97,14161.763058
85.928757,89,14163.496461
80.938444,127,14165.947124
44.783133,91,14167.515256
89.068136,141,14169.899637
89.181048,135,14172.171785
88.914293,114,14174.113884
29.138756,62,14175.345766
53.831099,78,14176.738312
85.926613,113,14178.830134
89.739929,93,14180.563825
86.193064,118,14182.607361
33.998087,46,14183.397567
5.652393,21,14183.757017
88.705685,127,14186.006007
52.103172,64,14187.09303
89.180044,127,14189.286196
37.446268,65,14190.380598
89.042369,132,14192.662518
10.402763,27,14193.13475
90.123596,89,14194.529815
85.249812,122,14196.601255
37.907913,51,14197.647367
89.028059,125,14199.758271
-7.237662,5,14199.879041
26.849058,39,14200.532413
78.015463,83,14202.035234
17.035072,38,14202.700566
-6.436204,5,14202.814116
86.189975,116,14204.787067
75.910167,106,14206.70776
86.381526,116,14208.814975
2.220823,30,14209.41775
89.463486,100,14211.282342
82.780482,111,14213.487959
85.979857,111,14215.518586
85.445858,94,14217.353353
59.19332,97,14219.098688
-0.257633,11,14219.403546
88.958343,102,14221.202868
86.325079,94,14222.835403
88.92351,115,14224.82799
71.376466,97,14226.560509
89.222845,128,14228.858899
23.618632,51,14229.771845
89.558032,111,14231.74614
80.182193,103,14233.69273
49.786847,82,14235.051124
89.21254,108,14236.880094
83.170942,113,14238.79797
82.669878,88,14240.423258
89.739813,89,14241.903263
17.291444,29,14242.418822
85.595072,109,14244.430178
85.370513,92,14246.115673
88.744817,134,14248.348289
88.883325,132,14250.588253
-2.241417,10,14250.791587
45.708308,84,14252.338666
5.878474,22,14252.748002
89.444867,96,14254.492742
82.515502,108,14256.509347
88.80007,113,14258.740559
89.286228,125,14261.100208
89.019736,108,14263.07037
86.575093,96,14264.89393
82.647835,101,14266.831609
82.413481,91,14268.443323
88.748282,126,14270.777177
29.188702,63,14271.962553
83.202703,96,14273.775704
85.887833,113,14275.765635
89.36968,103,14277.587214
85.761505,100,14279.303761
85.688717,114,14281.396387
79.798111,103,14283.188143
-7.36,6,14283.347231
14.178322,28,14283.852719
88.94213,131,14286.496175
85.940448,104,14288.596383
88.89205,136,14291.310575
50.839374,74,14292.705793
68.829488,95,14294.521636
-7.275667,8,14294.691628
86.098432,130,14297.135184
82.709271,89,14298.830131
89.136083,117,14301.212008
89.395059,95,14302.951938
88.779865,140,14305.399978
86.507067,99,14307.11891
-5.991635,9,14307.36668
88.127926,100,14309.047902
85.812607,103,14310.790707
85.908562,117,14312.752553
86.582661,136,14315.107431
89.342491,108,14316.930649
86.504561,100,14318.595518
-1.226947,23,14319.001692
83.404998,122,14321.138363
78.036118,95,14322.684472
89.437059,107,14324.467989
86.269232,127,14326.728322
86.055614,93,14328.433044
-10.0,1,14328.463379
85.453624,100,14330.176701
85.672894,92,14331.778459
89.24618,90,14333.559665
83.223089,119,14335.614744
39.860424,58,14336.612959
55.862362,101,14338.370112
80.242905,99,14340.161338
87.934841,136,14342.541887
82.481817,96,14344.157029
-0.900878,27,14344.644427
-9.0,2,14344.760256
85.689144,105,14346.546839
26.606734,54,14347.438725
85.80916,106,14349.256772
85.838827,89,14350.814846
83.085242,120,14352.843637
37.816741,62,14353.883114
86.264496,101,14355.616265
44.215964,57,14356.625293
17.9504,38,14357.26077
85.869771,92,14358.781303
89.658088,92,14360.322167
86.108688,102,14362.142474
88.942528,141,14364.547149
85.577786,90,14366.101887
89.568096,105,14367.94276
85.859275,101,14369.753767
88.581926,105,14371.599232
2.727473,15,14371.876499
-7.36,7,14372.033645
69.506881,109,14373.944276
89.402115,105,14375.785934
73.179495,81,14377.201137
82.333299,127,14379.29668
51.970645,81,14380.769565
85.816384,112,14382.668024
88.854699,141,14384.983644
-4.390078,9,14385.146484
83.024166,92,14386.740808
89.031144,99,14388.400672
89.211894,137,14390.655079
89.746001,92,14392.21085
86.078788,111,14394.151201
83.048293,94,14395.712679
76.827372,108,14397.486529
28.606202,53,14398.402794
86.073364,119,14400.426708
86.542002,116,14402.417617
86.158434,111,14404.279051
89.352441,125,14406.352074
88.785863,120,14408.436577
82.544603,99,14410.089134
56.448393,76,14411.367699
89.398796,108,14413.190737
89.492477,100,14414.959412
88.754354,123,14417.007444
72.636491,127,14419.225979
79.633844,109,14421.171001
89.151171,133,14423.531681
85.620271,101,14425.271109
20.06441,40,14425.981102
83.584531,126,14428.15354
86.091246,86,14429.629097
71.350049,108,14431.488846
81.905497,90,14433.04224
3.024621,17,14433.345189
89.209546,109,14435.290181
82.083445,116,14437.272807
86.457258,110,14439.193596
85.878209,142,14441.620505
86.013302,117,14443.75001
85.703787,102,14445.562317
83.073413,116,14447.574066
14.250808,33,14448.156451
85.315921,96,14449.875518
82.629362,113,14451.868383
24.234307,45,14452.654013
16.901896,38,14453.313186
89.126228,119,14455.422776
80.089007,124,14457.556197
86.1099,92,14459.137023
83.354726,108,14461.119068
88.968532,128,14463.45732
-5.0,6,14463.595777
39.800801,64,14464.721011
86.249583,111,14466.659286
39.0,50,14467.587019
41.981176,82,14468.954704
53.799558,79,14470.331959
69.453888,116,14472.347987
25.448658,42,14473.139661
88.903676,123,14475.166214
40.0,51,14475.980851
9.459514,29,14476.496587
34.03777,49,14477.473235
85.288488,114,14479.600474
59.715754,105,14481.432083
88.66153,133,14483.668032
42.519362,80,14485.12784
-1.279736,10,14485.301731
15.264262,40,14485.990333
86.003031,86,14487.34021
-5.148352,6,14487.523324
-8.187631,3,14487.605464
85.419503,113,14489.496805
88.932138,132,14491.674181
61.679997,94,14493.311474
86.619719,102,14495.083759
89.210453,137,14497.358185
62.309003,99,14499.018587
85.037551,121,14501.133766
88.713297,129,14503.401046
90.120951,89,14504.944634
88.941752,115,14506.968738
76.52451,109,14508.969249
53.235173,95,14510.638728
86.004255,101,14512.536493
86.028628,113,14514.591844
58.932453,109,14516.780294
-5.188891,9,14516.987925
82.963778,106,14518.952977
81.884519,101,14520.853546
85.920821,130,14523.362432
38.466617,62,14524.482129
85.136184,95,14526.25853
89.202738,100,14528.083842
82.128719,99,14530.037887
88.755295,119,14532.342814
82.446238,113,14534.39379
-9.16,1,14534.440508
47.933281,80,14535.946727
85.93028,110,14537.923295
30.344245,44,14538.751635
85.758699,105,14540.585673
82.995013,111,14542.708586
89.57255,110,14544.697987
67.481993,100,14546.528442
83.061311,109,14548.481868
65.528772,107,14550.573545
86.283714,114,14552.69889
84.043067,115,14554.570764
19.724098,32,14555.109367
89.880197,96,14556.781678
85.417135,89,14558.404605
59.688336,94,14560.142801
86.093118,100,14561.936284
81.894314,89,14563.757415
85.954143,129,14566.019044
85.575009,91,14567.529761
82.978594,111,14569.455386
86.630901,117,14571.53927
76.080796,131,14573.786535
70.54972,87,14575.297695
88.724679,137,14577.760105
1.828266,16,14578.165407
89.117187,143,14580.784392
1.700544,13,14581.018635
89.171145,90,14582.710894
66.568354,86,14584.323534
51.820361,81,14585.794211
89.14439,100,14587.552973
89.517237,105,14589.517401
28.677067,53,14590.610313
89.011647,142,14593.312476
88.73158,131,14596.012281
89.708732,97,14597.883768
82.653749,111,14600.148027
74.986136,119,14602.15572
90.123596,89,14603.553222
5.593777,17,14603.842994
14.328077,32,14604.479266
16.635771,32,14605.028895
86.62225,103,14606.741399
31.687728,43,14607.472225
86.098391,93,14609.153529
3.861276,15,14609.477504
16.548481,39,14610.199608
85.486646,113,14612.126987
28.047742,51,14613.056185
89.56944,103,14614.797148
83.072717,124,14616.878797
89.933043,94,14618.50347
68.647969,108,14620.502332
69.725788,102,14622.298239
86.179833,95,14624.119946
86.151771,112,14626.285184
87.045219,99,14628.16254
82.390786,98,14629.947549
24.183092,37,14630.67849
86.467305,90,14632.355375
23.002615,45,14633.24448
82.679826,98,14635.0723
81.566859,91,14636.720446
86.036002,90,14638.215193
85.988244,109,14640.196531
66.170291,118,14642.459227
90.123596,89,14644.155961
66.503971,82,14645.633832
85.837823,124,14647.948834
56.764218,96,14650.219826
89.146475,129,14653.147482
84.874889,123,14657.755418
86.057813,128,14662.737364
88.94788,142,14667.793139
85.862781,111,14671.550005
72.896978,124,14676.155668
78.175856,100,14680.355287
86.333447,102,14684.370289
8.781053,38,14685.854937
23.0,34,14686.98431
89.008053,115,14691.141026
81.866097,86,14694.26827
85.3269,121,14698.693007
-7.96,3,14698.893898
89.745362,90,14702.295022
85.972496,117,14706.527292
89.100808,114,14710.74634
85.430712,89,14713.899884
4.920744,25,14714.905675
86.225321,117,14719.15179
45.368827,58,14721.137926
82.858668,108,14725.012183
50.734541,91,14728.653259
83.373356,110,14732.508331
82.27538,113,14736.768286
82.967797,125,14741.755556
85.512342,96,14745.676117
37.958252,65,14748.328274
85.970516,120,14752.974687
82.589016,106,14756.740533
88.756876,134,14761.828962
82.385481,97,14765.379611
10.140929,29,14766.455522
85.674023,111,14770.652485
85.562392,95,14774.429021
82.846111,92,14778.193813
89.186574,92,14781.411633
85.895955,129,14786.120816
-1.27577,12,14786.757978
62.316437,91,14790.008311
18.107619,38,14791.450573
89.601229,105,14795.301031
85.542187,98,14799.108731
51.250211,80,14802.026165
88.867409,120,14806.613179
10.752369,37,14808.204026
85.285049,98,14811.98605
38.582597,56,14814.31295
17.052958,32,14815.699534
40.001605,65,14818.618629
-7.6,4,14818.964862
89.195549,133,14824.356584
89.098979,145,14830.121859
88.952139,110,14834.647004
82.315866,123,14839.838404
85.81875,98,14844.205196
88.721841,121,14849.110653
20.0,31,14850.19199
72.914203,88,14853.526666
87.156047,97,14856.951884
78.543487,102,14860.507411
85.966766,90,14863.948361
27.270481,52,14866.171951
82.165904,114,14870.481332
85.708596,90,14873.983205
81.678054,85,14877.044405
82.315629,107,14880.998556
89.031778,101,14884.719264
12.390747,36,14886.071238
85.943577,119,14890.558561
86.30078,111,14894.821424
89.623681,104,14898.747837
89.074408,110,14902.889694
34.464199,50,14904.939203
88.969438,125,14909.5828
88.846848,124,14914.398066
18.082429,43,14915.993486
1.917874,18,14916.657828
85.842525,94,14920.65667
-2.237341,9,14921.11683
88.841267,129,14926.227484
-2.576403,14,14926.870915
24.061177,49,14928.88501
85.649774,89,14932.379533
85.680878,97,14936.272985
89.224986,131,14941.529727
-9.16,1,14941.716414
89.84361,94,14945.03934
89.422714,97,14948.456232
80.069522,116,14952.49205
88.662168,143,14957.578788
86.66638,105,14961.229488
24.659997,42,14962.94763
-0.655271,13,14963.432227
27.29346,50,14965.47004
82.368533,131,14970.237004
85.189905,101,14973.966458
88.585389,136,14978.931843
82.540249,113,14983.027648
85.815379,106,14986.960773
78.919179,90,14990.16708
86.272118,91,14993.389726
44.518108,57,14995.67029
17.140946,37,14997.06363
85.875644,115,15001.484188
85.59982,93,15004.868569
89.643683,92,15008.679842
86.068184,115,15013.091728
86.068832,86,15016.398867
86.384158,94,15020.248353
89.127421,122,15025.522823
39.510932,60,15027.989003
89.133213,131,15033.44065
37.837948,72,15036.066892
82.021582,86,15039.347043
89.639217,97,15043.147498
76.607661,102,15047.096438
22.95018,35,15047.783778
73.890002,95,15049.637251
85.79606,87,15051.22289
26.5438,44,15052.132981
85.608273,88,15053.789063
88.996717,131,15056.261569
-9.32,2,15056.337838
89.245661,114,15058.980979
86.232318,92,15061.968225
85.275534,86,15065.323806
82.202856,101,15068.95963
82.32335,103,15072.998855
69.311563,94,15076.71529
89.274212,107,15082.276346
89.934158,89,15086.272573
86.146033,122,15091.394975
89.331767,102,15095.37844
82.631069,93,15099.407803
85.590138,87,15103.071783
85.907078,102,15107.258172
27.373786,51,15109.439562
89.607157,101,15114.126213
41.10599,64,15117.187355
89.082287,107,15121.558534
86.638224,132,15126.557963
64.999327,83,15130.094275
48.0,59,15132.318014
89.327276,92,15136.336059
89.081276,124,15141.15064
84.736228,133,15147.07026
89.008409,130,15152.534754
3.415736,26,15153.644548
-7.0,4,15153.858233
-1.927164,11,15154.496189
5.699633,32,15155.776264
82.287098,89,15159.411973
59.813704,98,15163.667837
89.403754,117,15169.11349
7.698136,30,15170.339101
78.089952,86,15173.629498
79.044389,91,15177.195548
75.144279,99,15180.90845
37.704819,54,15183.11077
30.030068,56,15185.382262
69.164953,125,15190.614216
88.860659,144,15197.175091
82.262243,90,15201.028121
-7.96,3,15201.162266
86.178391,106,15205.540723
81.997201,85,15208.903285
89.023932,99,15213.107663
86.547833,102,15217.319482
86.037909,126,15222.350459
88.681919,136,15228.1038
89.130235,129,15233.590059
73.986574,96,15237.30227
85.884713,110,15241.557259
86.272678,124,15246.415996
85.820144,126,15251.462069
27.616465,47,15253.235664
52.052101,74,15256.064342
86.176228,122,15260.694739
49.495173,68,15263.208395
81.203596,86,15266.411696
85.892218,105,15270.498611
85.38755,86,15273.922454
30.768261,46,15276.069927
85.618729,88,15279.591503
86.338073,98,15283.231512
10.069075,22,15284.210105
89.188281,97,15287.920259
82.772142,107,15291.980004
-2.364472,9,15292.322708
82.144432,96,15296.071784
82.510005,94,15299.543456
42.934935,76,15302.487682
64.791887,78,15305.366334
5.914977,26,15306.447859
85.991408,111,15310.536621
10.172252,36,15311.877238
60.949801,107,15315.708737
89.559243,91,15319.161726
86.137466,116,15323.367961
27.348451,39,15324.730989
-7.6,4,15324.953266
86.20447,119,15329.638713
-9.014669,2,15329.800752
89.040525,143,15335.482594
85.684018,126,15340.432691
-2.436768,10,15340.907392
25.075938,39,15342.396192
82.850285,92,15346.11512
81.81645,100,15349.907122
25.007442,39,15351.575637
85.779933,108,15355.879975
90.102933,89,15358.979917
50.092413,78,15362.026236
82.906913,110,15366.312826
13.557866,28,15367.493291
89.470637,113,15371.949543
86.199411,90,15375.736616
89.259024,134,15380.697011
-3.185794,20,15381.481843
89.304463,108,15385.556001
89.390068,119,15389.866905
-7.593976,6,15390.293674
-10.0,1,15390.364603
29.936221,57,15392.736164
-5.453266,14,15393.286026
88.902312,120,15398.260983
4.731039,23,15399.166442
88.895463,112,15401.560598
4.520361,20,15401.958668
41.95149,77,15403.664169
85.912033,104,15405.725625
40.453767,58,15406.752
82.276702,107,15408.933951
18.612009,31,15409.665501
85.339097,93,15411.501217
64.753402,119,15413.823626
89.123721,123,15416.221829
85.792022,113,15418.483857
-10.0,1,15418.519138
85.661132,138,15421.175381
86.057996,89,15423.037796
89.094156,91,15424.876491
81.807351,92,15426.631977
88.961086,118,15428.890328
86.31072,100,15430.784024
88.811302,114,15433.034573
85.711195,95,15434.94331
86.264653,135,15437.599131
10.537138,23,15438.049649
65.615015,88,15439.801784
89.222608,110,15441.923264
66.236507,86,15443.577521
51.092491,77,15445.089872
85.925075,91,15447.002517
89.169816,141,15449.813294
51.996413,90,15451.542279
89.165572,117,15453.917265
85.691957,106,15456.13137
19.370105,38,15456.893208
86.613562,123,15459.317914
83.894024,103,15461.31232
86.578306,112,15463.684938
86.036322,105,15465.80311
86.171885,99,15467.641542
-8.126739,4,15467.74973
11.922358,30,15468.429902
88.90661,110,15470.440421
54.800511,81,15471.880049
51.882111,66,15473.165899
39.365592,80,15474.693725
13.056186,38,15475.357705
88.895166,134,15477.805545
-7.6,4,15477.903174
82.619917,117,15480.156498
85.875175,102,15482.070564
1.077124,13,15482.311094
86.123289,132,15484.83431
85.322143,130,15487.351011
86.078719,129,15490.289596
89.660167,107,15493.811936
10.84374,23,15494.703203
89.867932,96,15498.204977
-6.714572,9,15498.542218
82.727453,112,15503.273402
86.084158,100,15507.036393
85.504091,96,15511.49474
85.85163,112,15515.64331
21.85534,36,15516.888268
9.367257,37,15518.277524
79.914155,105,15522.267565
83.355772,110,15526.344531
24.369223,49,15528.236308
85.799249,102,15532.047146
-1.10455,13,15532.698657
85.646371,100,15536.97965
-8.48,2,15537.168998
13.819726,27,15538.3953
-8.44,4,15538.721253
88.983407,129,15544.057888
89.707148,101,15547.801256
90.109154,89,15550.958066
85.726629,97,15555.101946
79.072244,105,15559.328244
11.424834,23,15560.296078
56.410453,94,15564.031235
15.840432,33,15565.42156
1.054102,14,15566.000638
23.972927,48,15567.892371
89.108032,133,15573.585159
78.02577,86,15577.255134
43.431506,58,15579.681814
1.374677,16,15580.406103
82.748433,101,15586.175016
23.009855,49,15588.472243
89.207126,139,15594.25303
89.016619,118,15599.762758
79.631449,109,15605.066782
7.795134,26,15606.558874
88.973873,116,15611.60129
85.983024,115,15616.18595
86.256787,97,15619.952839
85.212419,118,15624.422271
86.725396,116,15628.726485
79.977673,124,15633.438076
89.014673,146,15639.000491
86.150727,117,15643.297344
89.606802,98,15646.79443
28.530322,48,15648.643392
10.294365,22,15649.47475
86.337397,99,15653.211466
55.299935,79,15656.121864
88.877854,130,15660.709812
82.434766,98,15664.291005
89.647709,110,15668.645541
86.180527,99,15670.979168
85.683162,111,15673.437327
42.638936,58,15674.64718
81.839608,103,15676.744315
5.007965,27,15677.210951
86.588849,119,15680.113533
89.601962,107,15683.896424
13.741317,32,15685.544778
4.383251,17,15686.239424
25.049768,47,15688.104992
6.262811,30,15689.346141
85.822159,106,15693.786856
86.190716,136,15699.359429
83.543362,85,15702.549572
62.14425,111,15706.601606
85.428617,90,15710.153243
86.046569,123,15714.994493
81.643306,88,15718.57001
85.84981,117,15722.938292
86.074754,120,15727.577494
54.684691,90,15730.956594
86.660284,91,15734.452653
89.824707,96,15738.71619
38.991519,58,15741.208459
85.517762,136,15747.538304
85.497454,92,15751.195515
78.396031,86,15754.640128
89.884896,89,15758.741928
5.078475,22,15759.820962
88.94601,111,15764.633592
85.623021,87,15768.205949
65.10079,91,15772.2512
89.260933,89,15776.288319
89.487272,99,15780.46719
89.49627,110,15784.976527
89.51463,111,15789.642786
88.964495,131,15795.291819
52.068842,67,15798.076496
88.804734,129,15803.304017
50.435759,72,15806.116618
-4.708512,8,15806.45744
-9.0,2,15806.546574
3.214444,26,15807.6033
-8.049811,3,15807.812967
90.072045,89,15811.214544
86.216856,88,15814.597233
83.190986,92,15818.528139
85.830269,113,15823.203723
85.94925,120,15828.501609
85.255268,88,15832.204168
86.103133,121,15837.103494
14.0384,28,15838.520525
88.896161,128,15844.054209
80.09308,125,15849.032624
82.576805,91,15852.439186
88.975244,132,15857.649567
85.755,114,15861.816779
4.581521,17,15862.527134
76.215608,137,15867.343731
-2.480703,9,15867.821806
2.021549,16,15868.467056
85.722414,114,15872.818343
85.789087,87,15876.000674
85.652682,104,15879.855036
-1.139346,11,15880.269714
78.815777,102,15884.217124
48.552219,81,15887.367307
85.881391,111,15891.844352
85.468276,89,15895.485332
89.200496,96,15899.398011
86.131434,110,15903.724073
9.536614,31,15904.888836
47.893013,82,15907.727866
89.242571,98,15911.074267
14.158563,30,15912.134638
57.35443,112,15916.155887
13.262451,40,15917.697228
86.029705,130,15922.686178
86.69768,119,15927.601023
18.523779,40,15929.410833
86.493691,114,15934.349674
49.587247,90,15937.979067
89.698752,93,15941.533572
82.496135,107,15945.630581
40.852421,83,15948.715729
48.957808,87,15951.898833
88.84433,113,15956.043631
85.606376,95,15959.578961
89.071775,135,15964.148827
86.074265,122,15968.57661
85.284102,94,15971.734782
26.960277,49,15973.516065
89.449434,100,15976.969639
89.188166,107,15980.575875
89.237467,110,15984.529631
85.700582,89,15987.79636
8.355107,20,15988.668822
82.029372,92,15992.249439
86.194481,113,15996.490262
13.106255,27,15997.598337
88.953321,121,16001.695185
89.169996,139,16006.47629
89.391644,114,16010.556609
17.30225,49,16012.458631
88.788674,118,16016.797963
86.26897,120,16021.213752
-4.099361,11,16021.721814
85.790845,114,16025.94966
86.329796,109,16030.106053
88.643256,128,16034.806448
82.45624,89,16038.293263
89.8248,95,16041.930427
82.724002,99,16045.585471
67.424489,107,16049.896596
8.505899,30,16051.128119
85.832,97,16055.018542
89.575272,112,16059.514704
36.784799,66,16062.169981
-4.16263,7,16062.490402
61.382651,75,16065.547429
85.749661,96,16069.314468
85.527333,112,16073.611991
24.403682,49,16075.705254
89.768561,94,16079.400485
86.366829,120,16083.986814
62.81294,79,16086.864601
85.247359,88,16089.864849
39.773572,62,16092.018952
86.836673,146,16097.302328
2.744957,15,16097.825176
81.905668,88,16100.810996
88.89485,134,16105.596811
35.012754,72,16107.994444
89.295019,119,16112.09183
89.547326,98,16115.363418
86.223273,116,16119.453931
6.520843,27,16120.447055
86.438092,106,16124.005786
-7.4,5,16124.279451
90.10548,89,16127.29954
86.227326,108,16131.084193
83.143417,101,16134.556156
89.261203,90,16137.543324
88.623676,129,16141.928076
85.049789,124,16146.101966
81.714038,94,16149.360074
85.567024,87,16152.315229
71.152325,121,16156.565249
83.00598,114,16160.483477
56.942724,85,16163.32402
85.88604,108,16166.989555
82.701548,111,16170.90892
27.028615,46,16172.525028
85.718847,130,16176.868313
-6.275628,7,16177.156092
89.287104,104,16180.823833
37.799611,74,16183.386698
86.151371,90,16186.400868
89.806362,92,16189.467372
82.575127,89,16192.714348
85.389367,96,16196.307167
88.856063,128,16201.028225
89.135925,119,16205.170441
78.904993,106,16208.981365
89.519111,110,16212.740546
1.630879,18,16213.382263
85.674479,100,16216.712066
83.27228,109,16220.499288
7.987573,25,16221.440996
86.684486,144,16226.364747
82.457128,115,16230.161342
16.428375,42,16231.724283
7.486854,22,16232.494411
9.772155,32,16233.622278
86.10527,115,16237.787817
57.959013,92,16241.182585
-8.0044,6,16241.475935
86.26644,129,16246.216728
89.23123,114,16250.218709
78.302745,97,16253.945212
85.721125,86,16257.69682
-4.347698,7,16257.99039
85.787056,91,16261.27044
88.910086,122,16265.734566
-3.019652,9,16266.091792
86.299764,97,16269.567838
78.017714,88,16272.645977
54.310908,69,16275.1074
67.792376,111,16278.80345
85.435028,86,16281.729259
89.243126,90,16284.94101
88.933962,103,16288.402228
82.877876,111,16292.354578
85.98503,104,16296.000588
82.167466,93,16299.568363
14.824649,37,16301.232884
82.884226,115,16305.19083
47.477976,59,16307.266596
89.019348,123,16311.415107
86.597537,103,16315.034494
88.651796,139,16319.768184
85.663228,92,16322.89962
82.215051,109,16326.588165
70.809899,110,16330.354212
24.637156,41,16331.74651
89.492625,114,16335.588542
11.869219,26,16336.451769
83.96852,128,16341.080087
74.352867,80,16344.306806
89.57468,89,16347.87234
86.076871,88,16350.913812
85.886956,106,16354.542688
89.037731,96,16357.927659
89.47454,93,16361.123954
53.890521,91,16364.262977
85.481089,94,16367.610136
81.715519,117,16371.64
27.504143,54,16373.424913
26.196175,55,16375.390144
55.450128,68,16377.657603
88.794048,130,16382.165043
86.368671,110,16385.824536
66.036206,116,16389.757946
38.343241,50,16391.629667
7.507085,19,16392.268891
86.341781,99,16395.571758
85.758828,127,16399.755256
89.123289,91,16402.919462
89.537334,104,16406.44382
83.125548,116,16410.414922
82.38054,108,16414.072842
88.651748,142,16419.064585
89.280809,98,16422.980332
86.054502,88,16425.922075
-0.096034,11,16426.256258
69.116498,98,16429.778547
90.123473,89,16432.91091
90.123378,89,16436.13218
40.515999,60,16438.252514
27.304338,43,16439.986852
82.419187,104,16443.731614
86.022597,94,16446.8769
88.709871,141,16451.956854
46.17198,77,16454.736801
84.954745,113,16458.657181
11.456198,26,16459.572997
86.23821,131,16464.641338
83.397541,109,16469.005885
-8.24,5,16469.21401
83.316933,112,16473.455066
86.459722,115,16477.67978
61.955285,106,16481.322649
33.954566,58,16483.490443
89.560212,93,16486.696487
89.58852,96,16489.914979
85.866658,96,16493.210946
86.031801,135,16497.798819
86.160515,96,16501.144167
85.728379,137,16506.695072
88.92443,108,16510.456591
-5.0,6,16510.692276
85.559537,108,16514.321268
89.593048,107,16518.076851
-4.535337,19,16518.868512
79.448998,104,16523.022662
78.245718,99,16526.921043
9.423738,39,16528.403198
88.856148,130,16533.028449
79.837647,115,16537.017267
14.283533,40,16538.814659
86.316863,119,16543.441491
89.59815,94,16546.864151
36.921978,68,16549.346951
82.660489,92,16552.523611
88.888454,113,16557.32647
88.69753,137,16562.095277
82.342032,93,16565.343139
82.07306,100,16568.944798
71.001198,97,16572.197898
27.490128,41,16573.793684
52.439103,95,16577.153962
86.17773,119,16581.77486
89.205034,103,16586.071355
-7.336222,4,16586.326141
79.207526,103,16590.40164
82.633031,98,16593.694721
48.915344,92,16596.891649
36.543401,63,16599.413471
-3.0,8,16599.76457
5.256003,18,16600.570278
16.951574,38,16602.016215
21.603546,50,16603.858467
85.816698,110,16608.030705
24.110061,48,16610.048387
81.640884,114,16614.391272
48.900114,90,16617.735008
85.902436,87,16620.849792
8.62967,22,16621.778245
78.919313,103,16625.545124
82.65183,96,16628.963589
72.726224,114,16632.787389
82.181479,84,16635.559552
-0.160907,13,16636.001304
40.032704,78,16638.883835
5.617842,19,16639.666873
81.82216,88,16643.074725
89.647797,91,16646.464626
82.818886,123,16650.761174
33.406754,51,16652.536994
51.456961,95,16655.876967
85.955309,86,16659.322196
83.266985,125,16663.919237
33.763378,47,16665.722636
4.938471,16,16666.300093
81.290971,135,16670.998972
86.27574,114,16674.921463
85.866842,105,16679.102494
85.819807,88,16682.127341
86.792067,132,16687.045641
89.602111,114,16691.447416
36.999151,53,16693.239192
88.94102,129,16697.980491
83.832628,128,16702.714436
28.393712,53,16704.93057
18.086425,36,16706.209135
2.035264,17,16706.816436
86.076015,131,16711.762835
78.633951,104,16715.398622
17.185697,39,16716.794453
-6.141687,7,16717.029789
85.852636,98,16720.365549
82.822702,143,16725.064297
30.075445,49,16726.629201
78.392893,98,16730.231113
87.293009,101,16733.906086
89.590785,104,16737.592432
88.901118,136,16742.519519
86.51265,119,16746.371269
27.115682,47,16748.068789
69.199843,111,16752.384077
18.317575,41,16753.924716
83.113492,134,16758.503108
89.043258,133,16763.347484
-4.426913,8,16763.765471
89.00159,114,16767.973272
90.123596,89,16770.839979
88.668663,135,16775.317458
50.588716,72,16777.887615
89.012385,100,16781.667675
84.392582,89,16785.020565
89.06752,118,16789.179686
89.260187,104,16793.300249
85.314667,115,16797.743854
10.449506,24,16798.704074
60.074766,81,16801.516902
28.976165,50,16803.457484
88.825198,136,16808.134791
85.989704,114,16812.787617
86.081748,119,16816.752668
86.42398,105,16820.425366
35.564354,54,16822.460878
76.169192,104,16826.328247
86.762827,101,16830.085852
-8.110022,3,16830.389402
89.81266,91,16833.51327
4.119674,22,16834.334834
59.153915,109,16837.912215
48.778868,70,16840.817648
37.700989,83,16843.591813
48.854258,94,16846.81573
20.009664,43,16848.433832
44.295787,76,16851.324172
85.537283,88,16854.553773
-7.36,6,16854.798805
31.915364,64,16857.02224
89.043637,101,16860.552675
88.751083,120,16864.742295
85.988575,109,16868.799716
3.202905,21,16869.566802
89.757349,106,16873.263363
24.187165,36,16874.521397
17.028765,36,16875.782511
86.728801,98,16879.265007
90.123596,89,16882.864936
86.865706,101,16886.776451
83.562288,118,16890.987874
89.880078,92,16894.062594
85.870846,106,16897.806324
16.140012,38,16899.28669
86.138867,104,16903.124263
88.902859,149,16908.843342
28.267425,67,16911.288207
23.024365,46,16912.853019
89.060408,128,16917.207146
80.319687,107,16921.466208
-2.646598,9,16921.910295
14.689423,27,16922.907295
89.090987,133,16927.464598
86.168471,105,16931.303895
82.798127,117,16935.50358
78.4015,90,16938.785724
89.010524,134,16943.970654
81.81449,92,16947.23061
88.693127,132,16951.673181
5.49994,32,16952.806055
89.418914,106,16956.373541
89.579961,89,16959.634241
74.107374,114,16963.668324
89.37276,113,16967.373744
25.285863,60,16969.441741
89.024674,130,16974.079521
64.635443,110,16978.277977
86.003293,96,16981.579905
81.984092,84,16984.511127
85.645151,99,16988.322678
4.727242,17,16989.03409
-6.16826,10,16989.447406
19.0,30,16990.837044
89.363793,96,16994.437704
34.593759,63,16997.227308
89.230885,91,17000.356376
47.712303,90,17003.538699
72.836829,121,17008.010091
85.624093,106,17011.757123
88.869915,148,17016.901538
0.0,11,17017.327447
51.568589,69,17019.659876
82.468442,104,17023.256301
-0.065352,14,17023.806599
82.858364,109,17027.879823
35.036913,78,17030.67264
85.798459,104,17034.861453
78.070928,83,17037.822535
57.656832,88,17040.833172
21.16655,45,17042.376201
85.547516,90,17045.640422
86.02646,100,17049.414493
13.073912,32,17050.658269
42.374923,70,17053.161083
90.123596,89,17056.23038
89.874384,107,17059.869187
57.832675,69,17062.385871
89.026031,103,17066.727196
85.419442,108,17070.568876
76.687835,98,17074.093722
82.119899,97,17077.408243
16.496887,33,17078.520442
85.290639,88,17081.553756
82.745153,91,17084.721219
62.511721,104,17088.194461
43.731551,89,17091.25994
89.294918,115,17095.639751
83.404587,109,17099.776397
38.592487,75,17102.693818
89.424742,111,17107.107264
74.708461,84,17110.224526
89.094631,111,17114.022164
85.441038,101,17117.402092
32.0,44,17118.860541
62.908517,103,17122.476796
-7.96,3,17122.605844
85.93835,121,17126.713142
89.554327,94,17129.867246
85.313842,86,17132.903344
86.022575,87,17136.449428
89.171113,114,17140.418092
85.568758,96,17143.998683
89.157103,135,17148.433836
82.306169,117,17152.530856
86.375603,101,17156.164965
89.130224,120,17160.62249
85.531231,123,17165.035794
13.333111,38,17166.317724
85.949591,124,17170.564139
57.002636,110,17174.294601
89.50652,97,17177.650806
85.793304,126,17182.263871
89.459959,102,17185.822054
86.098617,105,17189.403368
88.928587,124,17193.762476
11.0,22,17194.527403
89.539339,94,17197.949815
88.95827,109,17202.04748
82.372264,90,17205.114015
49.555894,68,17207.505162
38.705024,52,17209.194946
32.386809,65,17211.788316
89.014904,95,17215.782472
86.003412,119,17220.000112
85.642445,116,17224.138612
88.68429,129,17228.378254
89.717063,92,17231.393859
86.027988,120,17235.393575
4.972975,19,17236.035875
88.905174,136,17241.144315
65.545399,79,17243.904733
82.227153,99,17247.296158
-9.009324,2,17247.411503
7.11594,22,17248.152147
84.470303,122,17252.70179
86.118819,101,17256.375737
44.07568,75,17259.073442
86.324879,113,17262.88247
89.0679,95,17266.556321
83.262503,101,17269.959278
42.402175,73,17272.501939
16.329534,30,17273.648792
82.732136,102,17277.656712
86.279312,103,17281.414392
54.170358,72,17283.946616
86.401277,104,17288.075495
86.017967,134,17292.712402
63.466415,92,17295.920811
82.516623,118,17299.970971
88.833798,118,17304.403411
89.193162,118,17309.016754
89.122403,96,17312.20104
90.119191,89,17315.152886
88.808909,122,17319.26683
10.732202,22,17320.055515
-0.177611,11,17320.475196
22.07522,39,17321.898242
82.244714,100,17325.292223
71.063855,121,17329.786606
86.636223,97,17333.275053
89.364346,102,17336.730744
51.436385,79,17339.47409
85.516055,96,17343.394205
89.181096,128,17347.97886
-3.156658,8,17348.311399
21.414274,45,17349.870331
85.966874,93,17353.02223
86.043091,100,17356.450783
62.920878,91,17359.536814
85.384548,91,17362.929031
89.870529,92,17366.633782
-8.016691,3,17366.731535
82.085646,101,17370.45862
-8.253127,3,17370.555661
35.514624,73,17373.165105
83.070209,135,17378.432001
81.954372,99,17381.862679
85.176429,131,17386.389421
85.832444,122,17390.988222
86.087752,88,17393.989311
86.519018,108,17397.535913
84.458708,123,17401.74314
5.449537,23,17402.643721
89.249576,116,17406.458473
69.128989,117,17410.737494
86.161247,86,17413.446901
27.421904,53,17415.323981
89.424437,111,17419.245216
88.70215,131,17423.963525
85.157608,103,17427.448958
82.632327,113,17431.775512
85.692418,126,17436.809165
82.59021,99,17440.244288
88.858023,122,17444.867466
83.121319,101,17448.429838
82.69428,112,17452.701949
89.362314,93,17456.013201
86.131402,86,17458.947072
85.973686,101,17462.94413
89.760707,105,17467.04883
86.793756,109,17471.125106
88.87505,108,17474.711709
-6.0,5,17474.987812
31.882308,46,17476.673063
89.238327,130,17481.361086
5.707197,30,17482.472781
82.539319,95,17486.145612
88.843155,113,17490.196319
89.350227,97,17493.515749
82.85786,116,17498.075869
-4.004738,7,17498.512704
89.794951,103,17502.158474
83.453497,103,17505.617181
58.21528,97,17508.974766
-5.637951,6,17509.370885
51.864765,102,17513.166186
63.792452,81,17515.96221
81.598993,87,17519.288275
89.209337,102,17522.839439
89.656859,91,17525.936367
42.384723,80,17528.711765
89.191575,135,17533.188024
89.775557,89,17536.064314
82.604998,116,17540.019129
85.789551,98,17543.688229
85.979035,103,17547.117801
86.49294,135,17552.163894
78.213446,99,17555.663488
29.800879,41,17557.281708
37.306975,64,17559.439097
84.301042,112,17563.624788
6.235156,26,17564.5616
89.360056,120,17568.714731
88.894673,118,17573.379157
89.040217,112,17577.501981
40.704221,63,17579.730221
90.123596,89,17582.917831
87.065031,108,17587.019523
85.434882,94,17590.206277
86.020003,119,17594.188398
85.02133,118,17598.710575
-0.252346,11,17599.127917
38.982967,72,17601.670429
89.194983,129,17606.650612
26.813509,54,17608.614311
86.507788,118,17612.517678
89.112408,107,17616.545653
82.239708,86,17619.69151
8.557457,33,17620.856483
89.676671,90,17623.855684
85.807065,86,17627.218764
-6.139533,9,17627.539881
86.254937,112,17631.502087
85.452798,91,17634.87265
82.316143,99,17638.349336
68.400829,80,17641.226292
85.114725,111,17644.954152
29.939054,46,17646.520537
89.003143,125,17651.477985
89.5211,89,17654.555369
86.329973,94,17658.116344
88.993313,132,17662.72933
89.581153,90,17665.539221
0.479874,27,17666.518451
34.051034,60,17668.677474
89.659331,98,17672.328468
89.292446,133,17677.161754
64.336215,102,17680.664558
85.774134,94,17684.225232
26.422864,51,17685.992632
24.0,35,17687.228713
82.31103,105,17691.084671
85.85806,109,17695.157595
31.0,42,17696.626887
-7.197584,4,17696.933947
83.137547,103,17700.455215
46.488068,83,17703.695013
86.628388,121,17707.838825
86.532342,117,17711.877643
60.108925,112,17715.920837
31.751214,54,17718.007021
83.302869,117,17721.996725
-4.012074,8,17722.373912
32.365709,47,17723.990966
89.493216,115,17727.885434
86.46324,139,17732.69642
82.339084,104,17736.433432
83.528451,122,17740.641695
89.150324,114,17744.647332
82.51758,113,17748.464259
89.862048,94,17751.704754
6.798918,21,17752.477978
53.733089,70,17755.159276
2.748775,15,17755.78074
32.871133,55,17757.751273
14.926353,40,17759.136954
86.138594,108,17763.272104
31.877021,64,17765.858197
83.194524,115,17769.992353
88.795794,127,17774.307231
86.493789,116,17778.793007
86.119547,91,17782.335959
70.10749,124,17786.679603
81.944368,85,17789.394524
85.744186,89,17792.42728
89.174432,102,17795.95112
69.485308,117,17800.268739
46.081956,85,17803.17849
88.849677,141,17808.131643
-6.315776,5,17808.367538
1.301902,15,17808.953604
86.316311,127,17813.731314
89.132335,133,17818.614864
86.19111,94,17821.813934
82.32696,93,17825.023441
89.105087,135,17829.970878
-8.48,2,17830.097226
12.235004,25,17831.010843
86.022553,99,17834.325191
8.598639,30,17835.566104
89.532521,96,17838.974715
78.193705,121,17843.736074
86.409512,115,17847.719466
70.399456,88,17850.703153
88.780983,140,17855.616006
18.174767,41,17857.031438
82.566218,114,17860.945351
82.416323,106,17864.545633
-4.057206,7,17864.871435
89.883559,91,17868.168198
89.002052,130,17872.703073
88.546957,146,17877.902539
-7.4,5,17878.112871
16.067688,37,17879.328321
34.963281,64,17881.586654
20.691888,32,17882.668566
89.47994,101,17886.267245
83.422037,106,17890.380712
14.683273,34,17891.670121
86.315075,126,17896.194238
86.191165,123,17900.20124
82.644893,108,17903.912566
89.214579,91,17906.921154
49.837693,66,17909.330103
86.491265,95,17912.521733
85.251994,92,17915.546739
88.909491,121,17919.76042
47.011751,77,17922.397414
89.359021,113,17926.071533
16.490205,36,17927.244717
88.939951,132,17932.093997
82.301856,87,17935.172151
86.918287,120,17939.336649
81.855188,103,17942.989125
36.029278,48,17944.867755
86.095676,96,17948.175202
89.136533,122,17952.604694
36.329448,49,17954.559017
-1.799945,12,17955.141845
88.878939,125,17959.42518
86.41013,139,17964.50624
-1.060577,14,17964.988086
-3.123564,10,17965.487072
86.639606,94,17968.614471
7.273105,25,17969.456813
89.070774,112,17973.663497
56.383782,75,17976.602711
86.132371,128,17980.861892
3.837856,29,17981.887856
88.914025,127,17986.503039
10.897332,23,17987.357437
89.161951,122,17991.976138
70.444141,96,17995.406455
11.316243,29,17996.579707
83.583176,125,18001.101593
35.943147,71,18003.807581
63.21013,108,18007.343898
89.351056,101,18011.134545
34.928982,74,18013.711359
50.519096,87,18016.577302
62.22487,91,18019.649094
89.154454,99,18023.412875
34.600987,55,18025.244278
69.726888,81,18028.17156
60.050512,94,18031.185167
72.322693,126,18035.354664
86.041784,106,18039.008097
85.294223,125,18043.522218
40.469299,70,18045.868047
0.930447,23,18046.713873
89.208981,136,18051.376943
89.286704,118,18055.638715
82.363795,114,18059.813694
89.64627,89,18062.868339
49.253002,94,18066.925915
83.442624,118,18071.027963
85.743868,116,18074.856199
89.080683,135,18079.464964
1.174097,16,18080.081557
85.833634,88,18083.095059
83.240308,103,18086.668551
86.433753,94,18090.058067
82.341542,118,18094.432752
89.31462,102,18097.896825
89.715981,93,18101.408164
23.405887,51,18103.226359
90.123596,89,18106.405887
86.099386,142,18111.505301
80.087262,125,18115.997188
2.902753,24,18117.096099
89.259396,108,18120.950663
-3.93988,9,18121.259154
83.104213,101,18124.541629
89.021167,146,18129.894513
10.363976,26,18130.891884
67.393189,93,18134.123633
-7.086453,4,18134.339584
82.061412,93,18138.056865
12.032371,26,18138.986267
15.909552,33,18140.199921
86.298907,93,18143.660502
88.817291,130,18148.369687
49.21443,74,18151.050489
85.614709,122,18155.246655
82.436338,107,18159.172072
85.54031,110,18162.784909
86.191486,88,18165.961951
30.552761,53,18168.056673
14.45332,44,18169.618823
-7.6,4,18169.821925
86.588614,103,18173.69488
82.749805,110,18177.638566
86.037734,86,18180.872636
89.113518,100,18184.667354
82.59338,101,18188.05046
82.87291,96,18191.273984
88.641058,137,18196.166075
34.631984,47,18197.807388
46.371411,88,18201.238701
86.461458,123,18205.655367
43.106279,75,18208.318904
-7.501291,5,18208.585896
86.166923,122,18212.72255
86.178781,118,18217.022926
89.479483,113,18221.346438
-9.032268,2,18221.432333
52.451336,83,18224.342455
23.943308,57,18226.585398
43.66426,88,18229.720137
82.892146,89,18232.768515
89.315504,115,18236.894948
89.663668,94,18240.252997
85.409784,103,18243.841858
78.86159,84,18246.512546
88.679511,126,18251.532584
86.20044,97,18254.781745
18.103257,40,18256.459476
89.271054,129,18261.344472
-7.4,5,18261.672595
89.314795,104,18265.306698
1.793668,15,18265.823693
70.323932,112,18270.11148
34.303398,65,18272.587685
35.744987,60,18274.789325
89.498788,89,18278.066587
50.245637,75,18281.053713
17.823101,35,18282.698872
-7.4,5,18282.958262
89.568515,102,18286.549757
86.39955,116,18290.625478
86.600775,101,18294.532207
3.312438,25,18295.524089
88.893515,120,18299.653414
88.275107,109,18303.686086
85.369945,115,18307.655221
90.123596,89,18310.958244
85.68339,119,18315.236606
82.558108,114,18319.245854
82.829482,119,18323.799948
5.434566,20,18324.546618
89.65265,95,18328.157213
88.957757,126,18332.329461
86.411523,118,18337.103908
85.931387,114,18341.502219
72.158588,109,18345.276188
89.178832,122,18349.438905
89.359095,111,18353.752448
10.799665,30,18354.972631
83.028847,106,18359.010309
85.866123,98,18362.556358
34.613586,73,18365.283808
85.968743,121,18369.438288
86.007294,110,18373.111263
31.194628,50,18374.8599
0.572347,16,18375.561382
-8.21238,4,18375.742553
89.217556,109,18379.408804
89.238777,133,18384.429615
85.999838,131,18389.041979
16.495241,36,18390.358554
-6.0,5,18390.612599
85.647484,127,18395.552929
82.90173,131,18400.591274
86.470142,121,18404.737669
88.596405,139,18409.466407
86.095117,107,18413.467174
88.962513,147,18418.538066
85.96106,102,18421.987703
88.668699,137,18427.29546
36.583071,61,18429.504161
55.054949,77,18432.203172
52.546385,89,18435.424557
1.852716,16,18436.028259
8.962095,22,18436.7474
36.559113,74,18439.277563
86.306518,114,18443.136844
43.985548,58,18445.157557
81.742753,88,18448.009435
89.026428,109,18451.634901
90.123596,89,18454.717159
89.239578,122,18459.023326
89.457308,96,18462.470174
85.898762,96,18465.737854
85.89642,101,18469.076612
49.32725,72,18471.593352
85.649988,100,18475.003004
-5.135687,6,18475.39242
30.708664,44,18477.18425
29.132414,41,18478.574505
-1.469648,17,18479.137183
88.756642,123,18483.735896
89.027191,135,18488.671805
55.867048,93,18492.101641
86.153768,128,18496.50751
84.399076,103,18499.988791
8.679617,22,18500.749625
86.146043,130,18505.408711
83.391639,133,18509.774647
85.10263,132,18514.615366
85.100473,105,18518.084231
88.877139,124,18522.474381
7.950316,28,18523.500028
85.96109,121,18527.66522
75.403474,84,18530.970509
85.458344,88,18534.228664
86.083256,94,18537.369001
86.598774,120,18541.442843
89.516286,96,18544.698287
89.40284,112,18548.585862
82.495793,106,18552.163754
62.251674,88,18555.152565
83.650544,136,18560.003352
79.119809,102,18563.505391
86.278257,115,18567.812643
-2.793774,9,18568.318935
88.946891,136,18572.9071
89.052813,126,18577.552157
53.629976,66,18579.787003
3.585974,16,18580.454556
2.657198,16,18581.047449
89.013266,126,18585.196653
86.143257,86,18588.008061
85.931782,90,18591.05501
88.964773,140,18596.397438
75.270801,118,18600.32547
89.372348,118,18604.666846
89.095126,132,18609.248519
56.904809,105,18613.008088
81.859538,100,18616.645353
89.944158,90,18619.844707
89.609701,94,18623.326869
-3.176366,9,18623.652478
75.492267,102,18627.055733
85.363617,109,18630.852532
-1.408441,10,18631.260153
11.25477,25,18632.213183
-8.03596,3,18632.373976
86.001702,105,18635.906627
5.364166,26,18637.087805
89.430145,99,18640.843074
12.745287,27,18641.79176
44.32369,61,18643.960979
89.301798,131,18648.403836
88.762613,128,18653.096688
-6.466756,12,18653.823026
43.87787,71,18657.424219
86.227731,134,18664.483377
76.931086,128,18669.42979
13.666318,35,18670.702219
66.186403,99,18674.597209
89.564216,112,18678.918174
43.266875,77,18681.765644
86.454621,118,18686.55513
17.064762,32,18687.905736
88.54473,146,18693.685926
79.397186,100,18695.73766
89.180364,117,18698.055664
81.453843,83,18699.563941
-10.0,1,18699.712945
57.885077,91,18701.352273
89.050339,96,18703.155326
79.593611,127,18705.618409
86.172791,117,18707.79109
86.186357,119,18710.269331
89.325153,123,18713.618898
13.325903,29,18715.023352
82.228652,92,18718.774053
88.901814,109,18722.817938
3.41756,28,18723.804963
90.101338,89,18726.833142
86.326089,107,18730.839111
86.225145,91,18734.515813
-5.900815,17,18735.145
89.573875,109,18739.170455
89.242981,118,18744.335367
68.698829,131,18749.9107
85.964241,106,18754.390465
81.828019,90,18758.006526
76.350248,108,18762.391324
44.575282,65,18764.779392
88.851917,112,18768.865389
89.729591,97,18773.031829
74.501436,121,18777.941769
53.311724,71,18780.637791
43.846872,61,18783.127192
88.676686,125,18788.001083
56.281122,98,18792.051903
86.515405,95,18796.242389
23.314967,51,18798.606688
23.675195,39,18800.609793
89.193099,89,18804.09842
86.013425,98,18807.759857
58.279132,88,18811.501472
75.067286,91,18815.668382
82.394681,111,18820.798129
89.028962,129,18826.182351
86.177776,117,18831.334722
85.872648,112,18836.264595
66.440503,98,18840.324457
43.533183,63,18842.794255
58.90769,109,18847.017223
55.885437,78,18850.290336
60.055948,84,18853.645766
86.127097,125,18858.667547
60.091805,102,18862.579034
14.302296,31,18863.793529
86.489089,104,18868.149544
89.049331,127,18872.785413
-4.0,7,18873.004242
-7.6,4,18873.274914
89.128749,101,18878.054508
89.304031,102,18882.870818
-7.626104,6,18883.230893
89.362132,103,18888.186676
89.299872,113,18894.646805
18.62612,31,18896.024776
1.484995,13,18896.830289
79.197833,94,18900.512713
58.883029,102,18904.943876
85.972204,91,18909.142263
59.657044,90,18913.068808
25.257178,53,18915.397797
79.447244,92,18919.293131
82.814572,114,18924.192083
89.347714,115,18929.357322
60.072113,80,18932.950739
81.698848,96,18937.134799
50.641587,75,18940.436975
85.200126,130,18945.781248
89.016005,98,18949.625114
89.556598,111,18954.374325
85.814574,111,18958.895967
89.30866,116,18963.857899
15.828463,30,18965.278734
86.705466,90,18969.04454
73.106876,122,18974.29609
88.895826,138,18979.822564
89.495121,102,18984.173045
68.134799,109,18989.152402
88.676692,134,18995.163744
85.897449,128,19000.964365
85.949577,100,19005.40624
43.888968,57,19007.802706
86.557819,100,19011.74985
85.70826,105,19016.009549
88.647993,135,19021.929083
59.207001,104,19025.987796
82.629921,105,19030.652883
82.973875,106,19035.281965
89.84396,89,19038.97806
23.502051,36,19040.641016
6.781459,18,19041.518304
89.074095,122,19046.988494
61.315916,91,19050.856578
88.90119,128,19056.210398
85.874617,102,19060.289788
79.833602,120,19065.679706
86.213544,113,19070.93937
85.883043,125,19076.633319
89.594667,107,19080.885909
89.61731,89,19084.179282
85.976814,117,19088.875209
89.045147,110,19093.406616
10.366868,25,19094.530247
17.652317,39,19096.376361
60.122041,79,19099.648418
85.817646,92,19103.996312
30.701232,52,19106.544193
89.467768,92,19110.723778
-0.030039,15,19111.349656
64.767393,119,19116.720897
-4.272074,9,19117.126153
86.293904,98,19121.709737
82.909248,104,19126.481202
32.34033,66,19129.452317
89.848611,90,19133.472485
83.007802,107,19138.096598
85.105032,98,19142.245605
58.094127,102,19146.788469
34.448462,64,19149.386285
89.229225,92,19152.917963
82.135679,84,19155.99642
86.132751,129,19161.113597
86.644762,115,19165.223001
27.031193,42,19166.89368
83.832639,104,19170.89637
85.559944,86,19174.315573
90.004493,92,19178.063214
86.423626,107,19182.019892
48.190853,71,19184.661696
85.726493,98,19188.582732
42.906731,74,19191.965635
86.086114,86,19195.147825
89.043408,108,19199.447067
82.355564,105,19203.947391
86.187118,94,19207.562215
42.545804,69,19210.19896
81.922069,88,19213.633663
42.533279,77,19216.995631
89.035263,128,19222.654788
10.437155,38,19224.324978
88.877523,126,19229.146604
-8.003645,3,19229.355655
88.711195,122,19235.005835
88.990527,102,19239.599654
40.01548,73,19242.659831
62.455457,98,19246.946039
86.433556,109,19251.800128
82.770436,110,19256.533967
85.368848,101,19260.46817
88.704505,132,19266.379148
13.713941,33,19267.949288
89.009269,100,19272.377553
43.85563,71,19275.820457
7.891182,29,19277.457228
51.580021,77,19280.527995
82.640596,98,19284.565346
32.965016,60,19286.982125
89.080057,129,19292.992575
51.788964,71,19295.491538
82.858909,119,19299.827557
50.617614,87,19303.149444
86.030448,127,19308.319127
86.209697,101,19312.583334
89.403404,117,19318.605233
88.871184,118,19323.083792
81.805859,83,19326.239066
89.447613,118,19330.738569
2.904505,21,19331.568187
86.415875,109,19335.505333
86.110543,98,19339.351401
89.230492,103,19343.130893
85.985325,115,19347.637228
82.467197,114,19351.852603
85.8352,115,19356.204083
19.099288,42,19357.937798
85.76276,111,19362.535983
88.814022,110,19367.225591
83.625092,113,19372.341311
85.734814,104,19377.476913
89.44115,94,19381.787415
86.162206,141,19387.980813
83.431436,119,19393.012152
88.995599,126,19397.989792
8.873945,23,19398.911801
82.013134,85,19402.396566
88.947137,102,19406.992178
85.845152,98,19410.700845
88.836061,117,19415.057548
-0.954813,14,19415.600923
87.156375,105,19419.51309
85.938663,103,19423.473249
89.243267,124,19428.091965
2.576267,28,19429.216506
39.698908,64,19431.750131
83.128859,124,19436.154226
89.168884,123,19440.761488
86.003786,114,19444.833037
85.453254,95,19448.377576
86.139073,110,19452.639889
86.112472,126,19457.145224
89.215608,138,19462.037941
86.273028,106,19466.014329
1.026278,20,19466.909545
17.907826,35,19468.524246
85.735939,90,19472.093744
85.969767,93,19476.343271
86.459183,110,19480.613448
89.106651,91,19484.43098
86.250653,95,19488.165424
85.854668,114,19492.765124
86.154035,116,19498.411455
85.688386,105,19503.102956
85.528168,102,19507.577837
82.169178,104,19512.14257
48.736948,64,19514.857007
28.532572,55,19517.087455
6.823305,23,19518.004219
30.890591,62,19520.537043
89.650715,91,19524.482543
89.316352,124,19529.483185
83.414923,90,19533.208049
80.975635,118,19537.939485
88.704141,127,19542.742785
86.328207,99,19546.547529
85.796235,120,19550.838106
88.866829,123,19555.504133
83.067803,104,19559.143766
82.241766,87,19562.117132
82.637991,106,19566.055388
36.696603,62,19568.731112
90.116305,89,19571.897077
13.512161,32,19573.227023
85.789632,106,19577.878949
88.685222,133,19583.262593
47.686622,77,19586.471218
19.545886,37,19588.455884
31.061101,48,19591.103702
78.640477,92,19594.596775
82.470526,92,19598.035232
89.05229,125,19602.471766
51.124387,68,19604.772193
0.43606,17,19605.572548
89.123942,128,19610.171798
82.374023,111,19614.078771
13.346378,26,19615.067571
15.801757,33,19616.307275
-10.0,1,19616.373714
40.961697,64,19618.683373
86.404549,105,19622.346255
82.875445,111,19626.340087
89.099933,111,19630.159368
88.995838,121,19634.305673
51.028088,86,19637.239157
85.587085,100,19640.642539
82.767971,107,19644.27476
85.481204,99,19648.057023
88.785382,124,19652.346788
86.096852,98,19656.057467
88.91672,108,19659.681586
89.042299,94,19662.804832
25.53969,42,19664.223553
62.515579,92,19667.560715
18.300133,43,19669.104291
-5.157227,6,19669.312229
85.413848,87,19672.332818
41.04451,72,19674.912524
54.410066,70,19677.213365
85.65472,114,19681.141854
89.096724,122,19685.151845
82.418956,115,19689.130461
85.73342,105,19692.708153
88.724861,130,19697.129588
84.73593,109,19700.686712
86.121895,100,19704.080756
22.708497,44,19705.548455
85.572471,99,19708.89404
62.0,73,19711.220759
82.905788,116,19715.147445
51.965075,67,19717.417869
85.187075,92,19720.413104
58.216678,73,19722.8245
86.070844,94,19726.056979
82.664853,117,19729.772383
88.801861,112,19733.586533
6.640681,22,19734.323349
34.591984,67,19736.642561
86.127539,123,19740.721228
86.144427,90,19743.707538
83.123573,93,19746.962245
86.522662,108,19750.774837
-2.79549,13,19751.229588
88.749473,128,19755.441596
85.915133,121,19759.535403
21.256459,55,19761.43902
88.657631,140,19766.039389
83.187649,103,19769.788728
-2.908852,11,19770.173503
86.007266,88,19773.423542
20.963841,34,19774.556302
71.376628,97,19778.319447
13.832334,29,19779.421638
82.536379,117,19783.98008
83.694805,122,19788.726421
85.543704,99,19792.322038
15.964203,32,19793.585818
89.243283,121,19798.973982
88.757504,121,19803.707461
88.782542,118,19808.095756
89.70236,89,19811.555394
85.689362,122,19815.847158
88.808664,131,19820.519741
82.061186,108,19824.515578
78.436778,84,19827.604898
86.027129,88,19830.76635
88.78428,119,19835.195845
85.855662,98,19838.735006
85.958774,116,19843.091944
82.003205,97,19846.838143
30.565957,59,19849.056356
8.0766,31,19850.160388
82.784649,108,19853.899069
87.627732,143,19859.193365
82.60611,100,19862.779181
86.578377,135,19867.688899
82.117325,89,19870.661024
84.76147,118,19874.836899
82.991242,92,19878.11413
-8.35205,8,19878.421616
82.944481,102,19881.984832
-6.547226,8,19882.396845
89.309612,95,19885.882258
86.375666,103,19889.541575
83.064976,116,19893.827174
82.367214,108,19897.765161
82.310989,86,19900.821957
60.235371,96,19904.088095
73.923415,108,19908.063881
80.337652,132,19912.756179
81.944958,99,19916.192582
82.774866,112,19920.105955
88.675575,137,19924.804886
88.97122,110,19928.765415
85.711254,119,19933.082449
66.898912,89,19936.198495
85.71479,103,19939.791965
88.788619,122,19944.106007
89.040117,107,19948.323105
89.319467,90,19951.731573
85.666509,110,19955.528643
82.628828,104,19959.398291
89.226512,96,19962.743375
25.817073,47,19964.48078
89.254248,122,19968.702958
88.726412,128,19973.311121
89.587058,103,19976.883013
79.215779,96,19980.23397
85.459269,108,19983.969134
70.466496,87,19987.145078
82.627611,87,19990.383721
78.61332,126,19994.766783
82.006836,89,19997.842929
69.455194,89,20001.021325
72.582945,84,20003.870553
81.739898,83,20006.755698
86.936446,134,20011.483108
4.37832,17,20012.282642
16.132522,31,20013.340134
86.252671,115,20017.4015
88.824843,133,20022.250119
2.817303,14,20022.926649
78.236147,90,20026.010657
86.624781,101,20029.489988
88.676574,123,20033.820676
85.77458,87,20037.009377
86.238949,110,20041.094746
89.626472,103,20044.940766
1.597543,19,20045.697587
81.476939,83,20048.83713
86.346403,134,20053.658495
85.579066,110,20057.660259
89.066552,114,20062.075239
82.006143,84,20065.557579
-10.0,1,20065.725764
82.030924,91,20069.337113
25.902624,55,20071.529799
85.853395,138,20077.333931
78.535763,86,20081.679186
85.461341,101,20083.854364
85.796041,111,20086.571668
-7.247289,14,20087.017503
86.497817,110,20091.715696
89.055104,96,20095.421441
86.299661,113,20099.976019
85.839588,117,20105.234053
58.353433,113,20109.552853
-6.0,5,20109.755184
86.487929,99,20113.882028
29.019402,56,20116.435424
74.306235,126,20121.39281
86.13621,126,20126.290358
16.301488,32,20127.658587
-4.956816,8,20128.175446
36.075332,73,20131.057623
86.255128,113,20135.367067
88.766881,132,20140.967857
89.212857,119,20146.406349
86.113379,127,20151.535188
12.04059,42,20153.330012
50.480536,94,20156.977031
85.642182,93,20160.718866
86.357424,98,20164.607537
88.960657,115,20169.201368
63.634806,117,20173.850237
15.085734,29,20175.04861
-4.356182,7,20175.375197
-8.44,4,20175.562525
16.410612,34,20176.949763
82.175314,103,20181.021733
-7.4,5,20181.285681
89.020955,121,20185.955496
86.79105,99,20189.76537
89.01895,97,20193.588367
89.493471,96,20197.378712
85.850211,118,20202.198226
85.750723,122,20206.713352
13.29936,29,20207.976626
86.286515,118,20212.441365
28.391957,45,20214.056293
89.080387,105,20218.213897
25.838695,37,20220.131452
-1.085718,13,20220.860046
-7.96,3,20221.131436
-7.951123,9,20221.679924
89.794576,97,20225.957884
83.518331,110,20230.357867
87.213621,134,20233.012601
-4.045646,12,20233.296433
46.031137,62,20234.599061
78.083707,90,20236.286255
86.65597,101,20238.3086
45.723306,61,20239.539425
82.574061,98,20241.480454
86.761737,96,20243.210241
88.73295,140,20245.631281
78.487537,92,20247.268593
83.711841,107,20249.385588
25.062764,53,20250.332357
-1.081527,14,20250.648071
82.036793,120,20252.74903
-4.138633,15,20253.129995
78.343805,100,20254.969317
-0.417998,17,20255.271185
48.195207,74,20256.75009
36.608818,50,20257.774446
79.727377,112,20259.820105
89.487483,99,20261.601493
88.755446,140,20264.039745
85.92927,93,20265.774825
81.233149,130,20268.072302
-1.065289,16,20268.372448
86.006252,86,20269.876124
85.708634,116,20272.040317
81.699314,127,20274.252151
51.733214,78,20275.620767
-5.394925,18,20275.970919
81.704402,85,20277.528881
42.315582,56,20278.526005
7.654849,20,20278.884289
78.242831,89,20280.453914
39.959444,82,20281.947067
89.42683,101,20283.730712
89.498498,109,20285.629857
17.726888,29,20286.124696
86.721709,122,20288.370192
89.450864,108,20290.263753
65.943175,92,20291.85464
89.003318,146,20294.352754
89.616688,97,20296.249988
19.42422,31,20296.782337
13.345308,29,20297.338444
89.292374,106,20299.168626
82.543426,119,20301.342264
16.25639,35,20302.013775
28.026617,61,20303.085681
34.830329,55,20304.044108
86.469632,97,20305.797906
88.977294,127,20308.044238
82.115184,95,20309.803763
-9.187486,2,20309.88325
86.160831,112,20312.075549
81.68558,115,20314.342265
82.849466,104,20316.482258
69.579552,92,20318.138344
15.707339,37,20318.893963
83.780406,89,20320.54549
89.396265,116,20322.712345
85.84486,100,20324.62319
89.387832,105,20326.624844
54.822379,110,20328.718368
86.104412,92,20330.450665
86.23326,98,20332.359802
49.601663,77,20333.92222
86.028369,114,20336.091747
86.594212,102,20337.999936
85.438811,131,20340.340815
29.484106,45,20341.326139
89.043077,119,20343.445569
22.200079,52,20344.413647
83.011787,100,20346.257545
86.318897,95,20348.032599
88.877328,120,20350.267881
34.051709,52,20351.266273
82.50319,100,20353.171064
85.809769,102,20355.170601
20.423337,32,20355.795712
42.110203,67,20357.096864
13.857695,28,20357.719598
85.681602,97,20359.67459
89.371681,94,20361.448263
89.254769,90,20363.249014
85.312644,130,20365.744293
60.031499,96,20367.522623
86.631085,125,20369.68757
89.227038,129,20371.857803
-1.435866,25,20372.287589
78.802428,103,20374.100141
80.735562,95,20375.737027
85.978787,94,20377.312554
79.027829,104,20379.064431
-5.085898,11,20379.3407
30.716068,61,20380.360255
84.905235,97,20381.977437
82.571562,96,20383.568551
89.68179,103,20385.358659
81.320462,106,20387.09324
38.402706,70,20388.518982
85.509171,90,20390.083012
46.217515,73,20391.650984
82.376169,93,20393.453856
71.528632,89,20394.970209
71.058289,105,20396.834508
86.152675,86,20398.380395
89.820245,91,20400.016981
73.11378,134,20402.354888
61.549611,97,20404.030186
-8.44,4,20404.195581
86.099175,86,20405.689528
89.077926,120,20407.844732
82.339903,89,20409.407891
56.569389,95,20411.149843
86.538378,117,20413.15676
89.165264,95,20414.810183
83.286183,100,20416.614172
80.748303,111,20418.608034
89.677599,90,20420.173219
89.050148,114,20422.198276
86.664231,115,20424.152685
46.861198,62,20425.325558
88.91515,114,20427.272189
82.759421,95,20428.927038
24.664996,36,20429.558589
86.009237,106,20431.49395
89.041753,116,20433.568657
57.795037,83,20435.08322
7.881658,24,20435.535095
82.91879,129,20437.888267
82.863237,123,20439.929696
88.913687,128,20442.133179
2.073026,22,20442.530207
-7.42666,4,20442.700241
88.929192,142,20445.121011
78.314964,95,20446.766638
89.257424,133,20449.082259
82.316649,100,20450.971878
85.891712,130,20453.30745
86.468439,106,20455.129762
59.246301,104,20456.962021
85.468845,96,20458.72938
33.295875,50,20459.633043
82.540154,120,20461.730875
85.575619,106,20463.567366
8.040219,21,20464.065339
85.593988,114,20466.100435
85.273227,96,20467.783905
51.91572,101,20469.581455
89.44789,113,20471.643252
85.192107,95,20473.275149
85.719221,130,20475.539286
-2.562281,14,20475.791353
83.038685,102,20477.65719
89.82153,92,20479.276277
40.663625,68,20480.453326
89.521925,95,20482.118348
85.405999,127,20484.468846
71.609026,102,20486.229371
46.068861,92,20487.840726
20.649353,36,20488.484043
85.680397,92,20490.126763
18.777701,30,20490.639479
85.438159,118,20492.693711
10.406377,30,20493.224314
44.220382,84,20494.740072
33.909863,52,20495.727645
88.967272,125,20497.968309
40.654801,71,20499.31034
21.620556,34,20499.971073
82.901133,99,20501.717457
86.300113,101,20503.467188
30.498863,49,20504.361683
31.195891,68,20505.607197
86.227275,124,20507.743737
89.185475,132,20510.001668
89.939216,95,20511.726806
88.907385,130,20514.047745
86.086844,106,20515.887982
48.926669,82,20517.3116
88.868273,105,20519.225755
89.278625,116,20521.38313
-0.224472,19,20521.725417
85.93071,110,20523.657219
12.788043,26,20524.107961
39.377374,51,20525.125695
86.022384,124,20527.259887
85.834064,121,20529.352116
4.724999,25,20529.825408
82.245122,114,20531.881166
85.582641,87,20533.378814
89.389263,115,20535.417693
54.106707,91,20536.98849
88.926131,105,20538.920818
55.237957,79,20540.368441
85.611637,91,20542.013643
20.424095,49,20542.851335
82.58363,110,20544.863798
75.003862,145,20547.33674
68.959246,97,20549.026475
85.899291,102,20550.843458
64.072963,98,20552.608015
51.040233,70,20553.857527
2.852293,17,20554.159964
82.083081,98,20555.869845
48.926612,83,20557.359794
46.187315,65,20558.557962
88.965261,101,20560.300476
16.165512,32,20560.863144
88.988714,117,20562.979861
18.107259,40,20563.704153
15.829526,28,20564.192402
85.621867,106,20566.045002
89.18925,95,20567.762508
89.853562,94,20569.405688
88.735151,132,20571.691788
89.138587,132,20573.987597
63.524308,90,20575.665828
82.916608,97,20577.348114
87.568051,100,20579.059598
85.995748,123,20581.152903
23.123496,38,20581.929705
27.701122,53,20582.847972
21.751537,42,20583.670262
8.0,19,20584.015248
89.487395,100,20585.837669
88.967128,112,20587.772738
88.925672,111,20589.687062
40.612103,76,20591.009727
88.819661,127,20593.290501
89.096313,99,20595.098089
29.782057,50,20595.998791
50.297917,86,20597.542869
89.506336,111,20599.507812
12.417312,39,20600.18188
54.385734,76,20601.50206
86.068501,128,20603.711458
86.796414,127,20606.000838
89.504031,106,20607.813346
89.058229,102,20609.564248
-6.854249,12,20609.789992
85.353656,122,20612.007744
88.843336,116,20614.001904
89.439841,118,20616.037146
89.148396,113,20617.971368
78.193337,81,20619.45149
86.071014,87,20620.945672
88.974596,117,20622.920986
89.441376,109,20624.850819
86.014692,87,20626.380214
82.804428,103,20628.223067
89.200417,119,20630.3133
79.631617,117,20632.328706
33.364694,55,20633.421224
22.506762,46,20634.21434
58.710211,109,20636.09242
85.463314,105,20637.898852
20.728759,36,20638.642327
86.494879,99,20640.365116
82.699936,125,20642.520057
82.006702,91,20644.08425
11.671881,24,20644.592629
44.8414,79,20645.978957
86.239759,114,20647.980335
89.046272,135,20650.436638
-4.614308,7,20650.630185
86.187533,127,20652.826924
31.291627,64,20653.927059
85.9454,110,20655.862798
88.706132,142,20658.336239
86.707939,98,20660.032246
86.11705,98,20661.706084
39.095335,55,20662.685605
79.588208,104,20664.650417
79.92363,122,20666.752168
86.28232,104,20668.575051
43.653209,77,20669.960006
82.329099,87,20671.607991
70.830175,84,20673.05896
36.353188,67,20674.243371
12.995759,35,20674.864661
14.588949,35,20675.553699
88.720239,130,20677.815091
58.392698,109,20679.705591
82.404103,93,20681.395299
89.243458,132,20683.773704
-3.669437,8,20683.93081
89.625097,105,20685.819447
88.862808,125,20688.078087
-9.16,1,20688.198379
19.999615,32,20688.76328
37.973037,61,20689.850267
89.223071,89,20691.321398
88.810613,128,20693.604676
10.03316,24,20694.037061
74.999991,86,20695.432276
82.983657,103,20697.2959
88.834465,133,20699.681659
84.004413,106,20701.605412
82.106123,83,20703.007987
86.313356,125,20705.171231
88.744254,129,20707.506441
-8.24,5,20707.604061
25.764209,69,20708.82255
57.142646,86,20710.326524
89.059269,142,20712.889927
86.690459,99,20714.601964
86.884478,97,20716.410231
23.656925,49,20717.307087
-9.16,1,20717.41496
86.630316,113,20719.429869
81.859912,95,20721.100608
85.797896,112,20723.034165
86.360324,114,20725.112098
89.116312,108,20726.975532
90.123596,89,20728.453772
-7.530302,6,20728.569339
3.292062,30,20729.244604
86.147129,105,20731.045238
30.098018,61,20732.154242
88.667128,135,20734.528405
88.679102,131,20736.87293
63.974422,88,20738.417619
83.296468,122,20740.530468
86.596334,119,20742.597391
55.976949,105,20744.497511
0.825582,12,20744.717369
89.021914,137,20747.121342
82.051597,103,20748.884393
86.123436,92,20750.537033
84.871699,95,20752.272013
89.276849,116,20754.290855
14.313871,30,20754.831023
-9.018699,2,20754.949848
79.604786,107,20756.842975
77.171551,113,20758.787936
48.169975,90,20760.43184
86.064016,125,20762.654804
90.123596,89,20764.103979
4.217981,19,20764.476523
85.427249,94,20766.111471
24.302849,50,20767.103913
82.429654,101,20768.882024
-4.013286,7,20769.028864
-3.645002,9,20769.205609
85.450002,133,20771.682321
26.991164,45,20772.49386
79.695611,112,20774.452552
35.815025,67,20775.604509
-5.113478,6,20775.810824
82.254081,97,20777.51172
24.798291,55,20778.563793
43.784571,56,20779.536221
84.785659,119,20781.683924
48.801232,68,20782.889026
89.860705,90,20784.441837
-0.603735,20,20784.80711
90.123596,89,20786.326634
85.890284,134,20788.780462
41.230081,69,20790.127727
12.94984,38,20790.859086
83.10536,111,20792.815158
85.506964,89,20794.390445
85.386343,87,20795.908531
86.174651,103,20797.679559
89.597487,96,20799.448104
35.114001,79,20800.831196
62.415435,105,20802.653116
89.691692,95,20804.387563
82.442179,109,20806.36223
83.602947,94,20808.043321
85.662664,101,20809.794702
23.785966,35,20810.406217
85.977432,99,20812.25791
84.914397,116,20814.271758
89.043516,123,20816.412006
89.011253,132,20818.694231
89.818053,96,20820.430829
89.3482,109,20822.336035
85.847335,91,20823.943286
82.514496,111,20825.866917
21.970776,54,20826.88143
86.518679,124,20828.979949
86.132352,116,20830.972023
88.078752,143,20833.452062
69.256847,94,20835.165928
82.852065,100,20836.928547
89.0658,110,20838.836415
11.73684,38,20839.51313
82.141199,89,20841.13672
86.404528,139,20843.571032
81.400572,104,20845.360974
82.700174,118,20847.412545
62.718436,100,20849.292231
-7.075405,6,20849.436723
82.003795,88,20851.034053
86.632367,110,20852.893026
38.442451,59,20854.039938
89.714719,99,20855.745648
88.66531,136,20858.385619
12.450446,39,20859.170568
86.286989,133,20861.873679
89.079977,120,20863.991222
3.143858,23,20864.407841
52.000354,88,20866.026557
-2.272898,9,20866.298028
3.738171,34,20866.917932
85.872468,86,20868.52893
89.494534,111,20870.442536
83.046944,111,20872.484026
85.89843,130,20874.720061
85.967038,120,20876.838995
63.887893,94,20878.456542
64.599737,105,20880.345035
36.863248,69,20881.601795
-8.141844,4,20881.702517
89.52756,112,20883.70297
56.138258,86,20885.24523
-7.4,5,20885.357916
9.467988,26,20885.840991
86.51478,103,20887.654609
88.928597,120,20889.801536
32.467009,50,20890.66449
85.469268,90,20892.264952
82.331114,106,20894.18087
62.744735,92,20895.89292
85.61093,116,20897.90991
88.898822,113,20899.825604
-7.984007,8,20899.984492
79.678714,114,20902.07003
-8.172034,9,20902.252163
77.739709,80,20903.653884
-4.792046,8,20903.821519
5.519989,19,20904.259174
8.107755,20,20904.619324
82.926152,92,20906.194089
86.525304,107,20908.085567
86.018155,95,20909.786781
88.801741,141,20912.261024
58.251347,92,20913.867779
85.978263,106,20915.659203
86.230766,120,20917.852408
-8.071524,3,20917.937484
32.942159,64,20919.083949
12.547228,24,20919.507651
86.12716,119,20921.651863
17.475433,33,20922.234111
89.286956,97,20923.985388
-4.206429,7,20924.133866
85.407414,93,20925.801685
-8.137446,4,20925.892466
86.058922,86,20927.304282
88.96889,114,20929.282186
-5.167934,14,20929.643557
83.784775,101,20931.428881
85.75324,87,20932.948909
2.591066,17,20933.255083
40.723073,82,20934.734789
89.161166,141,20937.214805
84.394434,114,20939.242234
-7.724302,8,20939.401978
5.872652,23,20939.905436
81.910065,119,20941.977458
90.123596,89,20943.411075
53.17521,71,20944.643042
48.916701,67,20945.865148
89.234179,125,20948.028391
82.291336,104,20949.81263
-2.525758,13,20950.051831
80.508993,125,20952.343556
89.176553,101,20954.108396
86.178501,90,20955.686911
88.734647,130,20957.926379
83.73225,113,20960.017294
57.351988,101,20961.779255
-5.889933,8,20961.938963
79.338104,101,20963.707013
89.575334,100,20965.506763
89.217205,132,20967.872014
52.274414,90,20969.443336
3.459114,16,20969.748769
41.687144,57,20970.817821
89.588647,107,20972.668149
85.863112,135,20975.006585
82.864464,110,20976.902248
43.721542,58,20978.032889
85.957576,115,20980.031077
84.889463,119,20982.150481
36.606922,75,20983.450633
22.324281,44,20984.298019
79.178794,101,20986.056088
80.080005,105,20987.846593
89.359979,97,20989.520583
89.485384,108,20991.501261
19.328175,43,20992.260974
14.904301,29,20992.792766
1.240123,17,20993.136771
39.834866,72,20994.460007
27.268249,50,20995.315394
86.510561,118,20997.387448
82.170405,95,20999.105201
83.931476,116,21001.211649
-8.792812,9,21001.422982
89.480486,108,21003.404394
84.642299,90,21004.933477
89.042884,123,21007.197171
85.916674,119,21009.324388
85.217093,88,21010.884522
85.927194,105,21012.679117
44.830052,59,21013.791724
89.474776,105,21015.610676
-2.381064,13,21015.848311
68.78861,94,21017.465801
83.038968,114,21019.496241
88.734946,132,21021.794545
86.132749,95,21023.437543
86.626248,97,21025.102673
53.793576,94,21026.922039
85.845929,88,21028.437142
77.099673,96,21030.091819
36.714793,51,21030.956167
50.262928,76,21032.346386
85.763694,114,21034.376247
88.304387,91,21035.95773
82.419809,113,21037.926207
41.582937,68,21039.186821
17.668266,47,21040.001721
45.255564,61,21041.061356
89.925934,92,21042.649745
85.565731,95,21044.360557
89.041846,111,21046.250219
86.073938,89,21047.727334
22.357221,41,21048.438333
82.274525,97,21050.17361
82.335477,107,21052.044751
89.195985,112,21053.981641
-10.0,1,21054.010657
85.715287,106,21055.955011
89.150428,101,21057.656772
10.186111,29,21058.192565
34.90536,60,21059.222843
86.155566,129,21061.512084
86.134344,86,21063.008682
80.641357,119,21065.082824
46.762997,58,21066.07661
48.04913,89,21067.686975
82.573989,104,21069.599339
89.168425,132,21071.917572
87.8404,119,21074.032709
89.15468,125,21076.320736
52.742097,93,21077.948443
85.930862,132,21080.232411
81.513829,85,21081.690954
25.448583,45,21082.537279
89.079401,111,21084.545217
67.79487,110,21086.559387
85.841434,108,21088.483476
86.1734,101,21090.345695
83.41655,126,21092.525908
86.347175,125,21094.701091
79.644805,103,21096.51355
89.211094,107,21098.447518
40.049208,62,21099.533388
66.766163,88,21101.07139
12.034907,27,21101.573551
37.698582,81,21103.035393
86.178624,117,21105.085306
27.9721,56,21106.041785
86.267848,114,21108.071696
16.889966,33,21108.735964
88.777377,140,21111.198109
46.62424,87,21112.7062
89.251239,132,21115.096101
88.902591,135,21117.570633
52.79091,94,21119.195256
82.926464,128,21121.414907
49.115412,81,21122.832705
71.81467,95,21124.572385
83.226749,100,21126.338333
90.105141,89,21127.846514
58.508717,103,21129.591235
43.606954,66,21130.856343
69.029338,124,21132.980989
86.248381,124,21135.155386
50.969395,71,21136.402179
85.991631,126,21138.699542
89.404228,103,21140.524011
89.535535,107,21142.546007
24.93633,36,21143.173564
90.110813,89,21144.802414
86.361183,119,21146.855283
85.805212,125,21148.947774
89.657976,94,21150.595532
59.50861,75,21151.926401
86.033892,113,21153.811901
89.085007,137,21156.094747
89.207142,100,21157.822219
89.41648,117,21159.859713
-2.109598,9,21160.015726
89.181634,124,21162.232944
89.922692,90,21163.917334
44.676156,74,21165.2749
59.163922,101,21166.965597
89.138755,128,21169.086089
-6.142713,5,21169.214551
88.86699,126,21171.587515
89.573734,110,21173.494262
82.404097,122,21175.522833
82.374243,89,21177.000251
74.114967,89,21178.632645
18.067437,36,21179.244008
86.033361,92,21180.722139
-7.6,4,21180.828422
39.67879,56,21181.83899
82.516471,98,21183.459639
85.87454,102,21185.187878
85.351321,120,21187.181604
34.627371,73,21188.484095
82.211365,110,21190.426501
85.086267,114,21192.346477
82.835194,113,21194.228738
89.946737,92,21195.964485
86.052497,120,21198.01898
89.298927,98,21199.652653
-1.340319,10,21199.832994
82.072719,103,21201.691314
2.923544,17,21201.981277
89.197974,98,21203.706553
39.908101,67,21204.88131
89.354256,121,21207.00078
-10.0,1,21207.032195
36.641981,72,21208.219853
88.847642,106,21210.128043
89.576864,91,21211.75143
86.08661,94,21213.402891
7.102581,21,21213.758456
83.287689,104,21215.494591
85.649196,122,21217.68769
90.022314,92,21219.242145
86.00435,115,21221.132753
86.003575,129,21223.251339
89.098639,113,21225.292317
82.564803,109,21227.13404
14.405145,36,21227.786482
86.453383,136,21230.140861
86.799255,137,21232.469671
82.523702,99,21234.132601
81.735778,92,21235.654601
86.305465,128,21237.783228
85.548599,91,21239.388149
-8.0,3,21239.437599
1.138466,16,21239.721558
85.775506,96,21241.311393
82.986985,117,21243.497337
89.595471,99,21245.208836
79.582359,95,21246.954756
77.250897,132,21249.294924
80.243264,114,21251.268125
12.545915,33,21251.817484
88.954787,124,21253.874654
39.408545,79,21255.236795
81.876286,101,21256.983428
33.451668,59,21257.983355
82.330424,94,21259.550376
-1.466564,22,21259.944251
67.678058,82,21261.399368
84.30929,120,21263.390766
-5.740414,6,21263.541713
23.481758,37,21264.196564
88.955984,126,21266.531312
89.128378,107,21268.384277
89.194155,109,21270.195665
65.470903,116,21272.097329
86.067055,103,21273.89605
55.209328,92,21275.436717
82.272035,105,21277.304571
16.818212,40,21278.000717
85.683303,87,21279.482628
85.75929,110,21281.346362
89.259053,90,21282.796294
82.984732,109,21284.589266
5.188186,17,21284.983279
89.764034,96,21286.640751
-3.258338,8,21286.789185
13.24876,25,21287.218414
85.027006,103,21289.033747
89.401897,98,21290.702205
81.6199,94,21292.406914
24.217678,54,21293.30861
28.547212,66,21294.492422
88.942052,134,21296.700429
79.806215,107,21298.490524
77.932844,81,21299.817133
65.680438,87,21301.409786
86.016103,121,21303.447777
86.567352,101,21305.099957
85.689753,124,21307.142765
86.550362,122,21309.318214
-7.3486,13,21309.56213
83.359382,129,21311.868982
89.407194,105,21313.757421
81.827022,84,21315.240974
89.287859,118,21317.262825
10.463555,22,21317.663928
56.466898,71,21318.823206
89.296771,115,21320.841375
89.35728,96,21322.447536
82.516652,104,21324.207184
88.763463,117,21326.131532
82.332824,126,21328.332641
86.366681,117,21330.344532
-8.223282,7,21330.492722
73.000027,113,21332.353517
86.231456,120,21334.409307
85.659973,126,21336.490621
-6.0,5,21336.58746
30.414661,43,21337.302939
85.494976,105,21339.277532
51.641111,70,21340.430138
-8.44,4,21340.517697
85.95091,97,21342.252629
77.243971,121,21344.384446
88.646867,134,21346.593866
90.122351,89,21348.014353
55.335847,84,21349.402534
30.328837,45,21350.269398
89.297437,89,21351.775221
86.0746,127,21354.005925
5.242254,28,21354.531148
1.957155,13,21354.821243
88.837263,117,21356.780851
86.179687,125,21358.858154
88.953931,141,21361.198835
88.989259,114,21363.256827
82.441328,104,21365.286723
89.220396,127,21367.730757
89.522021,93,21369.422076
85.205521,87,21371.098274
80.35898,100,21373.566981
89.031454,112,21375.919609
30.319834,60,21377.032531
-2.225206,11,21377.364686
88.865297,114,21379.414381
83.935902,117,21381.527414
79.935136,108,21383.480014
-7.6,4,21383.666716
89.19624,125,21385.977265
86.764164,118,21388.1007
5.823102,24,21388.547065
55.917541,85,21390.244868
85.955061,127,21392.565643
78.545272,85,21394.193373
89.781083,98,21396.183658
60.299973,89,21398.024254
86.344647,111,21400.096694
89.50326,98,21401.909694
83.153445,103,21403.801827
32.198819,46,21404.741343
28.907906,51,21405.708233
88.800023,128,21408.074459
82.530971,90,21409.720723
78.752103,91,21411.513845
81.48456,118,21413.805431
9.719846,22,21414.236499
87.577645,103,21416.124957
85.760255,96,21417.979593
23.514337,48,21418.851261
86.081709,113,21421.041432
86.166627,117,21423.106407
80.032911,120,21425.423823
38.11009,62,21426.558175
-6.743184,6,21426.688636
89.032958,104,21428.541121
32.114597,55,21429.619123
89.34577,105,21431.485134
43.781684,57,21432.516588
41.427563,69,21433.765147
61.551035,76,21435.105277
89.486006,111,21437.107883
65.959737,101,21438.911901
82.926605,98,21440.630866
0.918448,12,21440.956683
89.125529,115,21443.029441
7.169486,30,21443.592463
54.398094,110,21445.638156
25.179626,49,21446.611934
86.536996,132,21448.961755
82.294691,119,21451.320908
88.783794,118,21453.493343
-7.6,4,21453.689075
2.472044,21,21454.124511
-4.601587,12,21454.359663
39.533177,84,21455.864151
86.028544,95,21457.597118
89.329416,119,21459.614038
66.201073,113,21461.515764
86.315629,113,21463.545094
88.76733,117,21465.598799
51.74064,93,21467.219486
83.929623,142,21469.679397
89.365119,92,21471.351287
86.208379,91,21473.029799
85.522955,127,21475.423079
56.311547,100,21477.258256
85.736796,120,21479.386348
88.903469,108,21481.393076
88.718593,131,21483.887213
6.416338,26,21484.359822
8.648991,20,21484.729688
-2.622815,10,21485.040252
-10.0,1,21485.075469
30.87835,42,21485.809473
39.286933,72,21487.113417
89.018616,113,21489.157411
82.88329,98,21490.846518
16.5376,37,21491.530441
87.310349,125,21493.645467
82.173466,110,21495.627516
18.099798,30,21496.202938
89.445548,89,21497.775923
27.335369,50,21498.749762
86.225829,117,21500.973208
45.233649,78,21502.335957
85.878823,127,21504.570598
89.343358,105,21506.368356
41.649106,53,21507.383603
82.773255,115,21509.315348
18.467358,30,21509.84147
57.405903,84,21511.31274
85.807672,96,21513.01873
89.203201,138,21515.495065
88.949338,135,21517.985733
6.960029,25,21518.437729
15.953252,41,21519.231192
88.894636,118,21521.218919
45.665798,64,21522.35337
84.949285,111,21524.35519
34.002052,55,21525.435783
88.990166,123,21527.601181
75.255095,93,21529.311957
89.155042,109,21531.44297
86.104796,114,21533.567125
86.550487,107,21535.564153
81.766402,105,21537.451005
86.844215,115,21539.500337
85.120667,110,21541.58657
86.244314,118,21543.826243
18.166909,42,21544.627746
86.661594,131,21546.898257
85.617222,119,21549.041511
80.505818,120,21551.420164
86.851403,127,21553.912596
89.147026,103,21555.802221
85.384589,137,21558.522117
63.131952,92,21560.281278
82.496108,111,21562.34134
82.169118,91,21564.016034
89.42299,112,21566.100066
30.107977,61,21567.2269
86.027876,114,21569.479322
48.324601,84,21571.05155
78.149885,88,21572.79462
28.183943,43,21573.612252
13.0,24,21574.023157
89.057627,108,21575.994073
-1.652536,12,21576.303649
85.868584,120,21578.520195
89.602498,91,21580.342636
55.716212,73,21581.681631
29.7326,51,21582.658154
40.305375,79,21584.168555
88.953495,115,21586.316952
15.972105,40,21587.063225
83.087014,109,21589.18288
85.994843,112,21591.426762
55.044841,88,21593.159764
86.236228,114,21595.190011
61.420067,90,21596.906988
86.263537,95,21598.581861
28.208017,50,21599.611508
4.909229,18,21599.998609
15.516187,37,21600.800228
82.093875,95,21602.595489
85.856103,126,21604.984364
85.967001,125,21607.294321
85.582171,107,21609.277456
84.894958,114,21611.424682
86.128436,107,21613.349464
26.567493,42,21614.092112
76.693237,116,21616.216353
81.900851,91,21617.839474
86.200177,98,21619.648484
88.790114,140,21622.147686
25.960862,39,21622.977368
-4.243387,8,21623.175412
30.637443,46,21624.124443
86.236792,111,21626.221813
89.863787,92,21627.964338
6.136148,27,21628.441521
48.74941,74,21629.79987
86.215225,127,21632.070577
85.777719,108,21634.078448
88.933252,127,21636.324759
-9.014549,2,21636.398197
-4.906683,10,21636.58334
85.828744,124,21638.83295
47.904205,72,21640.173579
88.868393,115,21642.229419
85.695516,112,21644.247149
23.048733,35,21645.0041
27.426103,57,21646.065668
51.08072,99,21647.914611
42.793636,67,21649.150604
85.626156,100,21651.234028
85.659838,114,21653.340492
58.100428,74,21654.81472
-9.32,2,21654.861775
89.012241,97,21656.703522
80.192534,129,21659.034745
78.160382,93,21660.712255
85.505785,117,21662.830702
86.037016,112,21664.871923
89.720272,92,21666.53648
89.146937,142,21669.205395
71.220098,97,21671.010008
78.408412,96,21672.853319
89.449193,116,21674.940099
82.91977,112,21676.958117
31.318255,45,21677.749732
38.110156,52,21678.791236
13.356126,27,21679.314818
89.107607,115,21681.446457
84.993182,132,21683.921019
83.535556,117,21686.121692
39.535554,78,21687.567785
85.938144,91,21689.221154
47.0,58,21690.184028
1.36211,13,21690.516625
88.801091,122,21692.623832
89.264729,94,21694.180555
83.324538,117,21696.229226
61.215057,86,21697.860524
89.093191,124,21700.037347
11.078642,24,21700.452661
88.670675,130,21702.953418
86.060617,132,21705.498295
89.199509,102,21707.576403
18.578061,43,21708.300346
82.2983,89,21709.824885
-9.213799,2,21709.952092
82.313198,94,21711.61192
86.522491,100,21713.296663
4.877763,29,21713.782252
88.455902,105,21715.624056
86.1661,91,21717.188666
83.738763,116,21719.138717
85.86616,114,21721.060984
82.141674,90,21722.664051
17.536567,41,21723.351757
85.817675,124,21725.378074
85.279923,117,21727.321725
83.967386,110,21729.254104
50.397065,85,21730.659146
28.062373,67,21731.771554
73.423517,88,21733.230485
73.493158,100,21735.226433
82.703145,122,21737.474113
21.904427,45,21738.37917
89.033559,108,21740.350591
88.8761,122,21742.437884
35.505908,75,21743.669986
83.830238,116,21745.635736
85.793747,118,21747.867227
86.497982,94,21749.616416
89.417947,103,21751.448252
4.697788,19,21751.792769
86.180894,108,21753.779802
81.954468,108,21755.847772
85.996159,97,21757.698751
-9.170543,2,21757.746804
82.682814,111,21759.850508
82.137225,96,21761.611316
85.813868,112,21763.48586
85.257413,131,21765.675135
86.258968,93,21767.405373
82.215309,104,21769.330923
86.192055,130,21771.579642
85.806393,107,21773.382946
26.986818,48,21774.213688
89.402647,109,21776.083183
81.983956,85,21777.596115
85.443415,113,21779.565381
86.629146,107,21781.375302
86.524652,122,21783.456487
-0.722914,13,21783.683195
7.676317,19,21784.023548
86.291389,118,21786.143764
63.908665,88,21787.718586
85.208411,101,21789.382523
56.49973,101,21791.209391
86.086233,113,21793.078074
1.931186,15,21793.432973
-2.069499,9,21793.595645
88.870516,139,21795.995342
85.590029,88,21797.493919
78.528634,92,21799.137539
86.883526,97,21800.750746
86.529692,132,21802.941074
40.413161,70,21804.142469
82.219121,93,21805.793315
50.91921,62,21806.812954
86.257107,110,21808.79497
59.084328,101,21810.609082
45.558583,60,21811.798704
89.052926,126,21814.076502
90.116946,89,21815.633522
45.579047,57,21816.593179
82.114617,94,21818.42452
18.897027,39,21819.128229
53.587017,70,21820.403382
86.353615,111,21822.608812
31.061615,56,21823.643695
82.22767,101,21825.458955
81.787693,95,21827.216941
8.863445,20,21827.598656
76.675591,111,21829.786492
86.005972,124,21832.043186
82.664805,104,21834.03458
85.817646,86,21835.564977
89.52093,93,21837.384595
86.216598,97,21839.063019
89.090966,93,21840.716333
81.975081,124,21843.106758
2.231611,22,21843.643008
11.712379,40,21844.405173
88.822102,136,21846.799952
81.783702,89,21848.422574
88.985683,107,21850.555342
86.659174,127,21852.874923
26.387021,51,21853.862714
89.345998,111,21855.863586
79.600395,98,21857.744374
89.096529,101,21859.637579
74.800506,131,21862.070125
89.173557,144,21864.550859
85.807146,123,21866.762768
75.714597,95,21868.458014
85.489253,97,21870.201115
86.3933,123,21872.39764
48.912821,71,21873.660114
89.797754,96,21875.359643
88.680747,137,21877.729687
85.309016,87,21879.151544
85.596336,110,21881.042141
79.671367,113,21882.914148
83.449788,114,21884.823741
89.188416,130,21887.019126
1.446055,31,21887.641681
86.45505,100,21889.398331
83.205144,88,21890.935135
56.09723,90,21892.461017
86.128639,97,21894.295322
86.091312,135,21896.758828
88.758026,131,21899.049837
74.625538,88,21900.672163
81.792982,91,21902.484374
63.526947,123,21904.673282
88.946707,129,21906.945968
85.990961,114,21909.004072
82.163319,86,21910.629637
64.087289,102,21912.450286
86.112394,131,21914.771804
83.258176,108,21916.669188
88.911443,141,21919.279429
85.646766,87,21920.764461
86.000642,91,21922.426987
77.964616,87,21923.981702
86.114665,116,21926.123549
-3.634161,8,21926.290813
38.916344,57,21927.29815
58.528079,91,21928.911953
26.149719,54,21929.959198
85.607082,90,21931.536434
-6.0,5,21931.647627
88.713921,133,21933.978015
89.058591,108,21936.185857
82.384629,99,21937.942101
16.601111,37,21938.591193
85.752506,117,21940.684116
89.088536,118,21942.924923
-9.16,1,21942.973129
82.500406,94,21944.723049
86.476862,104,21946.592211
89.075888,128,21948.94478
85.575985,86,21950.412182
89.155074,128,21952.717581
88.726805,140,21955.235034
89.360073,94,21957.077287
89.492959,97,21958.998993
80.391442,116,21961.067177
76.454228,102,21962.931712
82.690648,113,21965.259322
85.386169,125,21967.518344
-3.976681,20,21967.925262
88.639204,135,21970.320506
89.145524,129,21972.743229
89.318049,114,21974.837498
88.994776,112,21976.938653
81.590651,84,21978.471309
82.853307,123,21980.761964
41.031733,78,21982.159074
13.271936,25,21982.614272
90.123538,89,21984.166262
82.272357,106,21986.18805
85.984566,125,21988.430469
89.04561,94,21990.091567
85.837327,120,21992.232505
89.130715,91,21994.032594
47.394725,83,21995.536467
89.394475,119,21997.629823
43.438578,62,21998.722241
86.319036,116,22000.857109
58.173,84,22002.356609
-10.0,1,22002.389383
29.930851,46,22003.239177
76.865809,122,22005.607341
74.705408,109,22007.577545
86.37791,99,22009.359283
88.994783,117,22011.589907
82.408067,108,22013.638539
65.284795,85,22015.163047
84.868748,109,22017.135302
6.084733,26,22017.634701
67.842292,116,22019.850741
83.233088,119,22021.956784
83.201055,118,22024.089903
88.644027,131,22026.443952
89.45997,91,22028.17
5.5513,23,22028.622094
79.212668,112,22030.627879
81.781646,88,22032.25244
86.28598,102,22034.208844
85.446476,87,22035.689189
83.877764,123,22038.008052
53.52488,87,22039.564301
89.450412,106,22041.568997
90.028581,91,22043.168905
89.312768,114,22045.164767
16.388147,31,22045.726959
85.483072,98,22047.48512
-3.991725,8,22047.644356
90.019092,89,22049.222936
86.323032,134,22051.530097
32.082462,60,22052.646614
88.823397,120,22054.770869
89.203499,127,22056.983767
89.15271,144,22059.434077
86.141155,102,22061.289472
-8.262096,3,22061.367528
79.472423,92,22062.973255
86.044627,125,22065.100628
88.568172,145,22067.666626
80.554755,119,22069.691622
42.587721,58,22070.705944
46.575851,72,22071.978246
55.370096,101,22073.834996
88.932176,106,22075.677042
82.029566,87,22077.155279
86.437924,105,22078.98226
85.687712,98,22080.78113
45.025308,67,22082.036655
22.1564,49,22082.961532
89.411247,116,22085.118207
-4.085672,7,22085.312397
28.5547,66,22086.542447
86.004177,106,22088.448037
0.086682,14,22088.73866
46.397484,76,22090.24819
89.602187,93,22092.014234
85.909021,131,22094.475114
78.179489,81,22095.954665
76.292814,96,22097.739948
88.968592,106,22099.702505
89.586085,105,22101.649698
89.223936,116,22103.790901
89.017529,111,22106.054082
-4.171773,7,22106.18393
89.292903,97,22107.982428
63.410605,81,22109.481617
5.237268,32,22110.185638
64.366563,90,22111.801866
89.058943,106,22113.767293
82.863045,130,22116.114393
89.048842,104,22118.198383
88.967248,112,22120.291506
89.007761,141,22122.903812
11.611735,30,22123.459987
86.12246,109,22125.520032
30.537371,59,22126.619198
86.065637,116,22128.764456
85.468755,86,22130.374485
86.231344,141,22132.989044
86.213564,107,22134.918912
-4.377797,7,22135.054204
88.789273,135,22137.512475
89.904721,93,22139.31542
89.836828,93,22141.170094
59.03758,80,22142.673685
52.752379,78,22144.152938
90.070297,89,22145.905588
88.659005,135,22148.531317
89.144322,138,22151.078348
52.599933,105,22153.041957
10.856013,24,22153.555974
85.593716,94,22155.250002
89.441543,101,22157.175276
5.287419,27,22157.718049
88.964209,142,22160.517828
33.529338,45,22161.38444
86.162167,86,22162.941992
-5.002342,6,22163.05513
88.763857,132,22165.662377
85.644874,117,22167.845191
86.379171,98,22169.676714
83.091395,121,22171.94969
86.616331,98,22173.873397
85.674056,121,22176.062024
81.728178,87,22177.647644
86.018204,138,22180.269797
-4.88055,8,22180.538782
89.251336,104,22182.530712
57.404949,93,22184.260666
75.505449,103,22186.268305
88.805833,128,22188.735488
89.869017,96,22190.486084
40.46514,86,22192.088442
29.970756,58,22193.1153
85.502791,114,22195.403388
82.753514,92,22197.189584
86.477588,104,22199.117029
39.06389,74,22200.603379
11.7303,27,22201.21068
89.629604,103,22203.230017
86.559981,126,22205.674815
85.885254,108,22207.949465
88.979406,121,22210.527895
72.077225,103,22212.682847
6.601816,22,22213.148902
86.140894,86,22214.769817
17.637491,30,22215.461834
59.840911,110,22217.499041
55.427205,94,22219.283718
89.048845,140,22221.852381
85.607077,100,22223.782052
82.535601,91,22225.418033
85.443848,88,22227.074668
89.418411,110,22229.096164
71.501766,94,22230.914253
85.761888,122,22233.217495
82.352644,88,22234.879552
89.397587,111,22236.937223
81.724217,86,22238.576825
86.78133,109,22240.623025
6.135712,30,22241.248279
85.86598,117,22243.492801
82.50577,96,22245.38698
88.76998,135,22247.898696
86.017428,109,22250.000687
86.059714,96,22251.813872
58.226604,99,22253.745856
86.23105,121,22256.044642
85.680601,119,22258.300746
89.144925,104,22260.318307
25.784426,39,22261.124575
89.239989,121,22263.472898
64.889622,113,22265.684541
88.614565,135,22268.448491
88.816062,121,22270.794188
86.232737,105,22272.79711
22.607753,47,22273.732709
89.146176,127,22276.141457
85.574226,116,22278.469486
85.885736,110,22280.516134
42.931463,71,22281.856102
88.884999,140,22284.457889
85.612723,118,22286.701133
-7.468201,7,22286.841695
0.767441,13,22287.138461
37.408396,79,22288.620814
81.943911,88,22290.491516
82.123686,107,22292.783325
59.026915,102,22294.764269
83.06317,111,22296.851696
88.868507,131,22299.272791
74.362075,93,22300.919129
74.388019,124,22303.021088
86.4816,111,22305.086917
46.437758,91,22306.842148
86.304156,137,22309.516375
83.121266,128,22311.790756
-7.96,3,22311.881637
85.716798,88,22313.727949
86.328283,123,22316.240903
-6.781008,12,22316.497263
89.125691,129,22318.966105
81.716337,85,22320.687013
85.956561,140,22323.180228
89.354753,116,22325.253897
85.407399,90,22327.000418
82.000886,87,22328.696411
30.66431,57,22329.683859
88.740989,138,22332.123797
89.432532,110,22334.141184
82.602798,116,22336.408313
89.350825,94,22338.199199
87.304241,89,22339.757835
19.104073,32,22340.298048
38.299887,73,22341.648097
88.923742,106,22343.429308
85.904913,94,22345.189752
