timestep,episode,collision,near_collision,outside_road,reached_exit,max_steps
4,0,0,0,1,0,0
5,1,0,0,1,0,0
9,2,0,0,1,0,0
11,3,0,0,1,0,0
27,4,0,0,1,0,0
30,5,0,0,1,0,0
39,6,0,0,1,0,0
64,7,0,0,1,0,0
65,8,0,0,1,0,0
84,9,0,0,1,0,0
96,10,0,0,1,0,0
116,11,0,0,1,0,0
128,12,1,0,0,0,0
129,13,0,0,1,0,0
140,14,0,0,1,0,0
145,15,0,0,1,0,0
181,16,0,0,1,0,0
199,17,0,0,1,0,0
204,18,0,0,1,0,0
208,19,0,0,1,0,0
237,20,0,0,1,0,0
286,21,0,0,1,0,0
287,22,0,0,1,0,0
299,23,0,0,1,0,0
327,24,0,0,1,0,0
352,25,0,0,1,0,0
355,26,0,0,1,0,0
369,27,0,0,1,0,0
380,28,0,0,1,0,0
384,29,0,0,1,0,0
400,30,0,0,1,0,0
408,31,0,0,1,0,0
409,32,0,0,1,0,0
417,33,0,0,1,0,0
434,34,0,0,1,0,0
459,35,0,0,1,0,0
460,36,0,0,1,0,0
465,37,0,0,1,0,0
500,38,0,0,1,0,0
501,39,0,0,1,0,0
524,40,0,0,1,0,0
549,41,0,0,1,0,0
555,42,0,0,1,0,0
578,43,0,0,1,0,0
582,44,0,0,1,0,0
600,45,0,0,1,0,0
603,46,0,0,1,0,0
615,47,0,0,1,0,0
631,48,0,0,1,0,0
678,49,0,0,1,0,0
714,50,0,0,1,0,0
724,51,0,0,1,0,0
749,52,0,0,1,0,0
752,53,0,0,1,0,0
760,54,0,0,1,0,0
761,55,0,0,1,0,0
770,56,0,0,1,0,0
784,57,0,0,1,0,0
816,58,0,0,1,0,0
823,59,0,0,1,0,0
826,60,0,0,1,0,0
846,61,0,0,1,0,0
860,62,0,0,1,0,0
878,63,0,0,1,0,0
882,64,0,0,1,0,0
899,65,0,0,1,0,0
902,66,0,0,1,0,0
926,67,0,0,1,0,0
929,68,0,0,1,0,0
936,69,0,0,1,0,0
941,70,0,0,1,0,0
945,71,0,0,1,0,0
953,72,0,0,1,0,0
985,73,0,0,1,0,0
992,74,0,0,1,0,0
1021,75,0,0,1,0,0
1022,76,0,0,1,0,0
1069,77,0,0,1,0,0
1089,78,0,0,1,0,0
1098,79,0,0,1,0,0
1107,80,0,0,1,0,0
1109,81,0,0,1,0,0
1131,82,0,0,1,0,0
1133,83,0,0,1,0,0
1134,84,0,0,1,0,0
1144,85,0,0,1,0,0
1145,86,0,0,1,0,0
1151,87,0,0,1,0,0
1176,88,0,0,1,0,0
1206,89,0,0,1,0,0
1208,90,0,0,1,0,0
1239,91,0,0,1,0,0
1255,92,0,0,1,0,0
1264,93,0,0,1,0,0
1273,94,0,0,1,0,0
1286,95,0,0,1,0,0
1300,96,0,0,1,0,0
1321,97,0,0,1,0,0
1331,98,0,0,1,0,0
1334,99,0,0,1,0,0
1337,100,0,0,1,0,0
1342,101,0,0,1,0,0
1354,102,0,0,1,0,0
1367,103,0,0,1,0,0
1388,104,0,0,1,0,0
1412,105,0,0,1,0,0
1418,106,0,0,1,0,0
1422,107,0,0,1,0,0
1428,108,0,0,1,0,0
1450,109,0,0,1,0,0
1462,110,0,0,1,0,0
1476,111,0,0,1,0,0
1493,112,0,0,1,0,0
1508,113,0,0,1,0,0
1514,114,0,0,1,0,0
1519,115,0,0,1,0,0
1527,116,0,0,1,0,0
1541,117,0,0,1,0,0
1552,118,0,0,1,0,0
1563,119,0,0,1,0,0
1574,120,0,0,1,0,0
1588,121,0,0,1,0,0
1590,122,0,0,1,0,0
1614,123,0,0,1,0,0
1630,124,0,0,1,0,0
1670,125,0,0,1,0,0
1692,126,0,0,1,0,0
1717,127,0,0,1,0,0
1727,128,0,0,1,0,0
1737,129,0,0,1,0,0
1755,130,0,0,1,0,0
1757,131,0,0,1,0,0
1776,132,0,0,1,0,0
1867,133,0,0,0,1,0
1871,134,0,0,1,0,0
1903,135,0,0,1,0,0
1913,136,0,0,1,0,0
1949,137,0,0,1,0,0
1987,138,0,0,1,0,0
1993,139,0,0,1,0,0
2001,140,0,0,1,0,0
2008,141,0,0,1,0,0
2023,142,0,0,1,0,0
2042,143,0,0,1,0,0
2069,144,0,0,1,0,0
2072,145,0,0,1,0,0
2079,146,0,0,1,0,0
2082,147,0,0,1,0,0
2099,148,0,0,1,0,0
2116,149,0,0,1,0,0
2121,150,0,0,1,0,0
2163,151,0,0,1,0,0
2181,152,0,0,1,0,0
2183,153,0,0,1,0,0
2199,154,0,0,1,0,0
2202,155,0,0,1,0,0
2207,156,0,0,1,0,0
2213,157,0,0,1,0,0
2215,158,0,0,1,0,0
2216,159,0,0,1,0,0
2221,160,0,0,1,0,0
2243,161,0,0,1,0,0
2267,162,0,0,1,0,0
2299,163,0,0,1,0,0
2309,164,0,0,1,0,0
2310,165,0,0,1,0,0
2356,166,0,0,1,0,0
2367,167,0,0,1,0,0
2394,168,0,0,1,0,0
2405,169,0,0,1,0,0
2407,170,0,0,1,0,0
2411,171,0,0,1,0,0
2497,172,0,0,0,1,0
2498,173,0,0,1,0,0
2525,174,0,0,1,0,0
2533,175,0,0,1,0,0
2557,176,0,0,1,0,0
2582,177,0,0,1,0,0
2584,178,0,0,1,0,0
2593,179,0,0,1,0,0
2605,180,0,0,1,0,0
2645,181,0,0,1,0,0
2662,182,0,0,1,0,0
2692,183,0,0,1,0,0
2693,184,0,0,1,0,0
2694,185,0,0,1,0,0
2715,186,0,0,1,0,0
2717,187,0,0,1,0,0
2719,188,0,0,1,0,0
2729,189,0,0,1,0,0
2751,190,0,0,1,0,0
2797,191,0,0,1,0,0
2811,192,0,0,1,0,0
2814,193,0,0,1,0,0
2858,194,0,0,1,0,0
2867,195,0,0,1,0,0
2870,196,0,0,1,0,0
2888,197,0,0,1,0,0
2905,198,0,0,1,0,0
2910,199,0,0,1,0,0
2928,200,0,0,1,0,0
2947,201,0,0,1,0,0
2964,202,0,0,1,0,0
2965,203,0,0,1,0,0
3007,204,0,0,1,0,0
3008,205,0,0,1,0,0
3022,206,0,0,1,0,0
3095,207,0,0,0,1,0
3097,208,0,0,1,0,0
3100,209,0,0,1,0,0
3138,210,0,0,1,0,0
3159,211,0,0,1,0,0
3212,212,0,0,1,0,0
3245,213,0,0,1,0,0
3258,214,0,0,1,0,0
3273,215,0,0,1,0,0
3300,216,0,0,1,0,0
3308,217,0,0,1,0,0
3311,218,0,0,1,0,0
3314,219,0,0,1,0,0
3405,220,0,0,1,0,0
3424,221,0,0,1,0,0
3446,222,0,0,1,0,0
3463,223,0,0,1,0,0
3475,224,0,0,1,0,0
3491,225,0,0,1,0,0
3568,226,0,0,0,1,0
3569,227,0,0,1,0,0
3575,228,0,0,1,0,0
3591,229,0,0,1,0,0
3596,230,0,0,1,0,0
3608,231,0,0,1,0,0
3612,232,0,0,1,0,0
3624,233,0,0,1,0,0
3664,234,0,0,1,0,0
3691,235,0,0,1,0,0
3702,236,0,0,1,0,0
3727,237,0,0,1,0,0
3747,238,0,0,1,0,0
3748,239,0,0,1,0,0
3756,240,0,0,1,0,0
3768,241,0,0,1,0,0
3773,242,0,0,1,0,0
3819,243,0,0,1,0,0
3857,244,0,0,1,0,0
3867,245,0,0,1,0,0
3898,246,0,0,1,0,0
3922,247,0,0,1,0,0
3937,248,0,0,1,0,0
3946,249,0,0,1,0,0
3965,250,0,0,1,0,0
3981,251,0,0,1,0,0
4047,252,0,0,1,0,0
4050,253,0,0,1,0,0
4080,254,0,0,1,0,0
4086,255,0,0,1,0,0
4136,256,0,0,1,0,0
4155,257,0,0,1,0,0
4161,258,0,0,1,0,0
4248,259,0,0,0,1,0
4331,260,0,0,1,0,0
4362,261,0,0,1,0,0
4374,262,0,0,1,0,0
4429,263,0,0,1,0,0
4442,264,0,0,1,0,0
4469,265,0,0,1,0,0
4472,266,0,0,1,0,0
4474,267,0,0,1,0,0
4476,268,0,0,1,0,0
4583,269,0,0,0,1,0
4600,270,0,0,1,0,0
4628,271,0,0,1,0,0
4639,272,0,0,1,0,0
4644,273,0,0,1,0,0
4669,274,0,0,1,0,0
4692,275,0,0,1,0,0
4696,276,0,0,1,0,0
4713,277,0,0,1,0,0
4763,278,0,0,1,0,0
4779,279,0,0,1,0,0
4810,280,0,0,1,0,0
4833,281,0,0,1,0,0
4836,282,0,0,1,0,0
4847,283,0,0,1,0,0
4849,284,1,0,0,0,0
4925,285,0,0,1,0,0
4971,286,0,0,1,0,0
4984,287,0,0,1,0,0
4985,288,0,0,1,0,0
4995,289,0,0,1,0,0
5002,290,0,0,1,0,0
5043,291,0,0,1,0,0
5078,292,0,0,1,0,0
5079,293,0,0,1,0,0
5134,294,0,0,1,0,0
5203,295,0,0,1,0,0
5228,296,0,0,1,0,0
5291,297,0,0,1,0,0
5325,298,0,0,1,0,0
5347,299,0,0,1,0,0
5362,300,0,0,1,0,0
5370,301,0,0,1,0,0
5373,302,1,0,0,0,0
5379,303,0,0,1,0,0
5422,304,0,0,1,0,0
5465,305,0,0,1,0,0
5469,306,0,0,1,0,0
5497,307,0,0,1,0,0
5520,308,0,0,1,0,0
5537,309,0,0,1,0,0
5546,310,0,0,1,0,0
5557,311,0,0,1,0,0
5572,312,0,0,1,0,0
5600,313,0,0,1,0,0
5631,314,0,0,1,0,0
5642,315,0,0,1,0,0
5665,316,0,0,1,0,0
5668,317,0,0,1,0,0
5692,318,0,0,1,0,0
5722,319,0,0,1,0,0
5764,320,0,0,1,0,0
5778,321,0,0,1,0,0
5802,322,0,0,1,0,0
5886,323,0,0,1,0,0
5888,324,0,0,1,0,0
5909,325,0,0,1,0,0
5958,326,0,0,1,0,0
6014,327,0,0,1,0,0
6025,328,0,0,1,0,0
6030,329,0,0,1,0,0
6032,330,0,0,1,0,0
6049,331,0,0,1,0,0
6050,332,0,0,1,0,0
6076,333,0,0,1,0,0
6081,334,0,0,1,0,0
6087,335,0,0,1,0,0
6100,336,0,0,1,0,0
6123,337,0,0,1,0,0
6136,338,0,0,1,0,0
6140,339,0,0,1,0,0
6172,340,0,0,1,0,0
6178,341,0,0,1,0,0
6248,342,0,0,1,0,0
6290,343,0,0,1,0,0
6297,344,0,0,1,0,0
6335,345,0,0,1,0,0
6354,346,0,0,1,0,0
6361,347,0,0,1,0,0
6365,348,0,0,1,0,0
6392,349,0,0,1,0,0
6402,350,0,0,1,0,0
6411,351,0,0,1,0,0
6419,352,0,0,1,0,0
6431,353,0,0,1,0,0
6455,354,0,0,1,0,0
6472,355,0,0,1,0,0
6491,356,0,0,1,0,0
6606,357,0,0,0,1,0
6618,358,0,0,1,0,0
6640,359,0,0,1,0,0
6653,360,0,0,1,0,0
6659,361,0,0,1,0,0
6681,362,0,0,1,0,0
6707,363,0,0,1,0,0
6717,364,0,0,1,0,0
6723,365,0,0,1,0,0
6751,366,0,0,1,0,0
6793,367,0,0,1,0,0
6816,368,0,0,1,0,0
6841,369,0,0,1,0,0
6844,370,0,0,1,0,0
6944,371,0,0,0,1,0
6946,372,0,0,1,0,0
6986,373,0,0,1,0,0
7010,374,0,0,1,0,0
7017,375,0,0,1,0,0
7045,376,0,0,1,0,0
7065,377,0,0,1,0,0
7067,378,0,0,1,0,0
7076,379,0,0,1,0,0
7100,380,0,0,1,0,0
7102,381,0,0,1,0,0
7177,382,0,0,0,1,0
7182,383,0,0,1,0,0
7203,384,0,0,1,0,0
7232,385,0,0,1,0,0
7261,386,0,0,1,0,0
7272,387,0,0,1,0,0
7307,388,0,0,1,0,0
7325,389,0,0,1,0,0
7367,390,0,0,1,0,0
7375,391,0,0,1,0,0
7402,392,0,0,1,0,0
7416,393,0,0,1,0,0
7419,394,0,0,1,0,0
7449,395,0,0,1,0,0
7478,396,0,0,1,0,0
7508,397,0,0,1,0,0
7545,398,0,0,1,0,0
7550,399,0,0,1,0,0
7627,400,0,0,1,0,0
7676,401,0,0,1,0,0
7694,402,0,0,1,0,0
7699,403,0,0,1,0,0
7739,404,0,0,1,0,0
7833,405,0,0,0,1,0
7879,406,0,0,1,0,0
7886,407,0,0,1,0,0
7906,408,0,0,1,0,0
7924,409,0,0,1,0,0
7993,410,0,0,1,0,0
8016,411,0,0,1,0,0
8024,412,0,0,1,0,0
8037,413,0,0,1,0,0
8039,414,0,0,1,0,0
8045,415,0,0,1,0,0
8072,416,0,0,1,0,0
8099,417,0,0,1,0,0
8115,418,0,0,1,0,0
8142,419,0,0,1,0,0
8161,420,0,0,1,0,0
8192,421,0,0,1,0,0
8197,422,0,0,1,0,0
8280,423,0,0,0,1,0
8339,424,0,0,1,0,0
8356,425,0,0,1,0,0
8425,426,0,0,0,1,0
8435,427,0,0,1,0,0
8436,428,0,0,1,0,0
8462,429,0,0,1,0,0
8475,430,0,0,1,0,0
8486,431,0,0,1,0,0
8487,432,0,0,1,0,0
8491,433,0,0,1,0,0
8542,434,0,0,1,0,0
8561,435,0,0,1,0,0
8564,436,0,0,1,0,0
8575,437,0,0,1,0,0
8578,438,0,0,1,0,0
8603,439,0,0,1,0,0
8607,440,0,0,1,0,0
8629,441,0,0,1,0,0
8637,442,0,0,1,0,0
8678,443,0,0,1,0,0
8681,444,0,0,1,0,0
8785,445,0,0,0,1,0
8802,446,0,0,1,0,0
8819,447,0,0,1,0,0
8823,448,0,0,1,0,0
8825,449,0,0,1,0,0
8850,450,0,0,1,0,0
8865,451,0,0,1,0,0
8944,452,0,0,0,1,0
8963,453,0,0,1,0,0
8991,454,0,0,1,0,0
8992,455,0,0,1,0,0
9011,456,0,0,1,0,0
9032,457,0,0,1,0,0
9163,458,0,0,0,1,0
9178,459,0,0,1,0,0
9191,460,0,0,1,0,0
9249,461,0,0,1,0,0
9269,462,0,0,1,0,0
9336,463,0,0,1,0,0
9408,464,0,0,1,0,0
9411,465,0,0,1,0,0
9434,466,0,0,1,0,0
9458,467,0,0,1,0,0
9493,468,0,0,1,0,0
9495,469,0,0,1,0,0
9541,470,0,0,1,0,0
9547,471,0,0,1,0,0
9548,472,0,0,1,0,0
9549,473,0,0,1,0,0
9602,474,0,0,1,0,0
9648,475,0,0,1,0,0
9709,476,0,0,1,0,0
9710,477,0,0,1,0,0
9765,478,0,0,1,0,0
9807,479,0,0,1,0,0
9901,480,0,0,0,1,0
9924,481,0,0,1,0,0
9998,482,0,0,1,0,0
10066,483,0,0,1,0,0
10080,484,0,0,1,0,0
10120,485,0,0,1,0,0
10141,486,0,0,1,0,0
10160,487,0,0,1,0,0
10182,488,0,0,1,0,0
10264,489,0,0,0,1,0
10282,490,0,0,1,0,0
10299,491,0,0,1,0,0
10311,492,0,0,1,0,0
10312,493,0,0,1,0,0
10329,494,0,0,1,0,0
10335,495,0,0,1,0,0
10402,496,0,0,1,0,0
10453,497,0,0,1,0,0
10478,498,0,0,1,0,0
10554,499,0,0,1,0,0
10638,500,0,0,0,1,0
10695,501,0,0,1,0,0
10716,502,0,0,1,0,0
10795,503,0,0,1,0,0
10852,504,0,0,1,0,0
10881,505,0,0,1,0,0
10889,506,0,0,1,0,0
10930,507,0,0,1,0,0
10985,508,0,0,1,0,0
10999,509,0,0,1,0,0
11006,510,0,0,1,0,0
11007,511,0,0,1,0,0
11050,512,0,0,1,0,0
11103,513,0,0,1,0,0
11131,514,0,0,1,0,0
11162,515,0,0,1,0,0
11172,516,0,0,1,0,0
11201,517,0,0,1,0,0
11228,518,0,0,1,0,0
11237,519,0,0,1,0,0
11288,520,0,0,1,0,0
11328,521,0,0,1,0,0
11395,522,0,0,1,0,0
11403,523,0,0,1,0,0
11462,524,0,0,1,0,0
11470,525,0,0,1,0,0
11560,526,0,0,0,1,0
11564,527,0,0,1,0,0
11573,528,0,0,1,0,0
11593,529,0,0,1,0,0
11679,530,0,0,0,1,0
11699,531,0,0,1,0,0
11700,532,0,0,1,0,0
11779,533,0,0,1,0,0
11862,534,0,0,0,1,0
11866,535,0,0,1,0,0
11869,536,0,0,1,0,0
11904,537,0,0,1,0,0
11906,538,0,0,1,0,0
11948,539,0,0,1,0,0
11950,540,0,0,1,0,0
12039,541,0,0,0,1,0
12121,542,0,0,0,1,0
12122,543,0,0,1,0,0
12211,544,0,0,0,1,0
12232,545,0,0,1,0,0
12266,546,0,0,1,0,0
12314,547,0,0,1,0,0
12327,548,0,0,1,0,0
12395,549,0,0,1,0,0
12400,550,0,0,1,0,0
12509,551,0,0,0,1,0
12559,552,0,0,1,0,0
12582,553,0,0,1,0,0
12627,554,0,0,1,0,0
12632,555,0,0,1,0,0
12643,556,0,0,1,0,0
12651,557,0,0,1,0,0
12660,558,0,0,1,0,0
12767,559,0,0,0,1,0
12851,560,0,0,0,1,0
12925,561,0,0,1,0,0
12932,562,0,0,1,0,0
12973,563,0,0,1,0,0
12975,564,0,0,1,0,0
13067,565,0,0,1,0,0
13071,566,0,0,1,0,0
13089,567,0,0,1,0,0
13104,568,0,0,1,0,0
13145,569,0,0,1,0,0
13188,570,0,0,1,0,0
13206,571,0,0,1,0,0
13211,572,0,0,1,0,0
13319,573,0,0,0,1,0
13341,574,0,0,1,0,0
13386,575,0,0,1,0,0
13398,576,0,0,1,0,0
13432,577,0,0,1,0,0
13438,578,0,0,1,0,0
13439,579,0,0,1,0,0
13530,580,0,0,1,0,0
13539,581,0,0,1,0,0
13592,582,0,0,1,0,0
13609,583,0,0,1,0,0
13612,584,0,0,1,0,0
13616,585,0,0,1,0,0
13624,586,0,0,1,0,0
13707,587,0,0,1,0,0
13743,588,0,0,1,0,0
13751,589,0,0,1,0,0
13811,590,0,0,1,0,0
13825,591,0,0,1,0,0
13827,592,0,0,1,0,0
13883,593,0,0,1,0,0
13890,594,0,0,1,0,0
13907,595,0,0,1,0,0
13918,596,0,0,1,0,0
13950,597,0,0,1,0,0
13955,598,1,0,0,0,0
13956,599,0,0,1,0,0
13974,600,0,0,1,0,0
13994,601,0,0,1,0,0
13997,602,0,0,1,0,0
14132,603,0,0,0,1,0
14247,604,0,0,0,1,0
14281,605,0,0,1,0,0
14299,606,0,0,1,0,0
14301,607,0,0,1,0,0
14306,608,0,0,1,0,0
14391,609,0,0,0,1,0
14408,610,0,0,1,0,0
14409,611,0,0,1,0,0
14444,612,0,0,1,0,0
14496,613,0,0,1,0,0
14504,614,0,0,1,0,0
14524,615,0,0,1,0,0
14609,616,0,0,0,1,0
14618,617,0,0,1,0,0
14626,618,0,0,1,0,0
14755,619,0,0,0,1,0
14756,620,0,0,1,0,0
14788,621,0,0,1,0,0
14798,622,0,0,1,0,0
14807,623,0,0,1,0,0
14835,624,0,0,1,0,0
14841,625,0,0,1,0,0
14948,626,0,0,0,1,0
15074,627,0,0,0,1,0
15147,628,0,0,1,0,0
15167,629,0,0,1,0,0
15208,630,0,0,1,0,0
15273,631,0,0,1,0,0
15281,632,0,0,1,0,0
15360,633,0,0,1,0,0
15380,634,1,0,0,0,0
15413,635,0,0,1,0,0
15525,636,0,0,0,1,0
15526,637,0,0,1,0,0
15545,638,0,0,1,0,0
15555,639,0,0,1,0,0
15571,640,0,0,1,0,0
15575,641,1,0,0,0,0
15603,642,0,0,1,0,0
15635,643,0,0,1,0,0
15701,644,0,0,1,0,0
15829,645,0,0,0,1,0
15864,646,0,0,1,0,0
15871,647,0,0,1,0,0
15971,648,0,0,0,1,0
15972,649,0,0,1,0,0
15992,650,0,0,1,0,0
15995,651,1,0,0,0,0
16045,652,0,0,1,0,0
16148,653,0,0,0,1,0
16155,654,0,0,1,0,0
16172,655,0,0,1,0,0
16175,656,0,0,1,0,0
16184,657,0,0,1,0,0
16219,658,0,0,1,0,0
16256,659,0,0,1,0,0
16353,660,0,0,0,1,0
16384,661,0,0,1,0,0
16387,662,0,0,1,0,0
16394,663,0,0,1,0,0
16487,664,0,0,0,1,0
16575,665,0,0,0,1,0
16672,666,0,0,1,0,0
16695,667,0,0,1,0,0
16804,668,0,0,0,1,0
16905,669,0,0,0,1,0
16998,670,0,0,0,1,0
17063,671,0,0,1,0,0
17121,672,0,0,1,0,0
17183,673,0,0,1,0,0
17196,674,0,0,1,0,0
17220,675,0,0,1,0,0
17242,676,0,0,1,0,0
17343,677,0,0,0,1,0
17352,678,0,0,1,0,0
17365,679,0,0,1,0,0
17452,680,0,0,0,1,0
17542,681,0,0,0,1,0
17571,682,0,0,1,0,0
17618,683,0,0,1,0,0
17710,684,0,0,1,0,0
17776,685,0,0,1,0,0
17812,686,0,0,1,0,0
17815,687,0,0,1,0,0
17817,688,0,0,1,0,0
17821,689,0,0,1,0,0
17822,690,0,0,1,0,0
17823,691,0,0,1,0,0
17883,692,0,0,1,0,0
17901,693,0,0,1,0,0
17910,694,1,0,0,0,0
18019,695,0,0,0,1,0
18028,696,0,0,1,0,0
18127,697,0,0,0,1,0
18226,698,0,0,1,0,0
18335,699,0,0,0,1,0
18346,700,0,0,1,0,0
18373,701,0,0,1,0,0
18448,702,0,0,0,1,0
18487,703,0,0,1,0,0
18511,704,0,0,1,0,0
18521,705,0,0,1,0,0
18615,706,0,0,0,1,0
18633,707,0,0,1,0,0
18732,708,0,0,0,1,0
18757,709,0,0,1,0,0
18854,710,0,0,0,1,0
18864,711,0,0,1,0,0
18868,712,0,0,1,0,0
18870,713,0,0,1,0,0
18878,714,0,0,1,0,0
18879,715,0,0,1,0,0
18892,716,0,0,1,0,0
18992,717,0,0,0,1,0
19056,718,0,0,1,0,0
19078,719,0,0,1,0,0
19090,720,0,0,1,0,0
19190,721,0,0,0,1,0
19199,722,0,0,1,0,0
19302,723,0,0,0,1,0
19422,724,0,0,0,1,0
19544,725,0,0,0,1,0
19554,726,0,0,1,0,0
19667,727,0,0,0,1,0
19703,728,0,0,1,0,0
19744,729,0,0,1,0,0
19745,730,0,0,1,0,0
19849,731,0,0,0,1,0
19857,732,0,0,1,0,0
19976,733,0,0,0,1,0
20031,734,0,0,1,0,0
20037,735,0,0,1,0,0
20047,736,0,0,1,0,0
20058,737,0,0,1,0,0
20147,738,0,0,0,1,0
20157,739,0,0,1,0,0
20275,740,0,0,0,1,0
20355,741,0,0,1,0,0
20455,742,0,0,0,1,0
20535,743,0,0,1,0,0
20562,744,0,0,1,0,0
20645,745,0,0,1,0,0
20658,746,0,0,1,0,0
20666,747,0,0,1,0,0
20771,748,0,0,0,1,0
20777,749,0,0,1,0,0
20816,750,0,0,1,0,0
20930,751,0,0,0,1,0
20936,752,0,0,1,0,0
20939,753,0,0,1,0,0
20988,754,0,0,1,0,0
21016,755,0,0,1,0,0
21027,756,0,0,1,0,0
21117,757,0,0,0,1,0
21119,758,0,0,1,0,0
21245,759,0,0,0,1,0
21363,760,0,0,0,1,0
21366,761,0,0,1,0,0
21427,762,0,0,1,0,0
21455,763,0,0,1,0,0
21565,764,0,0,0,1,0
21596,765,0,0,1,0,0
21720,766,0,0,0,1,0
21824,767,0,0,0,1,0
21930,768,0,0,0,1,0
21931,769,0,0,1,0,0
21932,770,0,0,1,0,0
22031,771,0,0,1,0,0
22152,772,0,0,0,1,0
22268,773,0,0,0,1,0
22327,774,0,0,1,0,0
22402,775,0,0,1,0,0
22513,776,0,0,0,1,0
22548,777,0,0,1,0,0
22549,778,0,0,1,0,0
22647,779,0,0,0,1,0
22750,780,0,0,0,1,0
22760,781,0,0,1,0,0
22765,782,0,0,1,0,0
22774,783,0,0,1,0,0
22775,784,0,0,1,0,0
22909,785,0,0,0,1,0
22985,786,0,0,1,0,0
23018,787,0,0,1,0,0
23124,788,0,0,1,0,0
23128,789,0,0,1,0,0
23219,790,0,0,0,1,0
23339,791,0,0,0,1,0
23441,792,0,0,0,1,0
23576,793,0,0,0,1,0
23598,794,0,0,1,0,0
23602,795,0,0,1,0,0
23603,796,0,0,1,0,0
23702,797,0,0,0,1,0
23837,798,0,0,0,1,0
23859,799,0,0,1,0,0
23969,800,0,0,0,1,0
24007,801,0,0,1,0,0
24039,802,0,0,1,0,0
24067,803,0,0,1,0,0
24199,804,0,0,0,1,0
24312,805,0,0,0,1,0
24319,806,0,0,1,0,0
24320,807,0,0,1,0,0
24321,808,0,0,1,0,0
24331,809,0,0,1,0,0
24451,810,0,0,0,1,0
24554,811,0,0,0,1,0
24561,812,0,0,1,0,0
24582,813,0,0,1,0,0
24706,814,0,0,0,1,0
24807,815,0,0,0,1,0
24937,816,0,0,0,1,0
25030,817,0,0,0,1,0
25033,818,0,0,1,0,0
25041,819,0,0,1,0,0
25055,820,0,0,1,0,0
25077,821,0,0,1,0,0
25181,822,0,0,0,1,0
25185,823,0,0,1,0,0
25214,824,0,0,1,0,0
25244,825,0,0,1,0,0
25287,826,0,0,1,0,0
25328,827,0,0,1,0,0
25412,828,0,0,1,0,0
25495,829,0,0,1,0,0
25512,830,0,0,1,0,0
25514,831,0,0,1,0,0
25607,832,0,0,0,1,0
25713,833,0,0,0,1,0
25778,834,0,0,1,0,0
25890,835,0,0,0,1,0
25895,836,0,0,1,0,0
25898,837,0,0,1,0,0
25914,838,0,0,1,0,0
26019,839,0,0,0,1,0
26140,840,0,0,0,1,0
26235,841,0,0,0,1,0
26243,842,0,0,1,0,0
26245,843,0,0,1,0,0
26375,844,0,0,0,1,0
26384,845,0,0,1,0,0
26488,846,0,0,0,1,0
26570,847,0,0,0,1,0
26594,848,0,0,1,0,0
26597,849,0,0,1,0,0
26744,850,0,0,0,1,0
26837,851,0,0,0,1,0
26934,852,0,0,0,1,0
26938,853,0,0,1,0,0
27028,854,0,0,0,1,0
27041,855,0,0,1,0,0
27159,856,0,0,0,1,0
27170,857,0,0,1,0,0
27208,858,0,0,1,0,0
27293,859,0,0,1,0,0
27382,860,0,0,1,0,0
27418,861,0,0,1,0,0
27455,862,0,0,1,0,0
27551,863,0,0,0,1,0
27636,864,0,0,0,1,0
27669,865,0,0,1,0,0
27671,866,0,0,1,0,0
27780,867,0,0,0,1,0
27900,868,0,0,0,1,0
27972,869,0,0,1,0,0
28061,870,0,0,0,1,0
28067,871,0,0,1,0,0
28083,872,0,0,1,0,0
28143,873,0,0,1,0,0
28258,874,0,0,0,1,0
28396,875,0,0,1,0,0
28413,876,0,0,1,0,0
28534,877,0,0,0,1,0
28643,878,0,0,0,1,0
28736,879,0,0,0,1,0
28803,880,0,0,1,0,0
28812,881,0,0,1,0,0
28914,882,0,0,0,1,0
29015,883,0,0,0,1,0
29150,884,0,0,0,1,0
29163,885,0,0,1,0,0
29305,886,0,0,0,1,0
29314,887,0,0,1,0,0
29421,888,0,0,0,1,0
29510,889,0,0,1,0,0
29527,890,0,0,1,0,0
29634,891,0,0,0,1,0
29659,892,0,0,1,0,0
29778,893,0,0,0,1,0
29791,894,0,0,1,0,0
29885,895,0,0,0,1,0
29943,896,0,0,1,0,0
29981,897,0,0,1,0,0
30100,898,0,0,0,1,0
30200,899,0,0,0,1,0
30298,900,0,0,0,1,0
30398,901,0,0,0,1,0
30468,902,0,0,1,0,0
30565,903,0,0,0,1,0
30657,904,0,0,0,1,0
30755,905,0,0,0,1,0
30802,906,0,0,1,0,0
30813,907,0,0,1,0,0
30877,908,0,0,1,0,0
31011,909,0,0,0,1,0
31040,910,0,0,1,0,0
31155,911,0,0,0,1,0
31263,912,0,0,0,1,0
31387,913,0,0,1,0,0
31507,914,0,0,0,1,0
31597,915,0,0,0,1,0
31690,916,0,0,0,1,0
31790,917,0,0,0,1,0
31797,918,0,0,1,0,0
31799,919,0,0,1,0,0
31921,920,0,0,0,1,0
31943,921,0,0,1,0,0
32077,922,0,0,0,1,0
32182,923,0,0,0,1,0
32191,924,0,0,1,0,0
32320,925,0,0,0,1,0
32405,926,0,0,0,1,0
32502,927,0,0,0,1,0
32591,928,0,0,1,0,0
32625,929,0,0,1,0,0
32759,930,0,0,0,1,0
32870,931,0,0,1,0,0
33006,932,0,0,0,1,0
33119,933,0,0,0,1,0
33222,934,0,0,0,1,0
33334,935,0,0,0,1,0
33444,936,0,0,0,1,0
33570,937,0,0,0,1,0
33574,938,0,0,1,0,0
33717,939,0,0,0,1,0
33850,940,0,0,0,1,0
33982,941,0,0,0,1,0
34065,942,0,0,1,0,0
34155,943,0,0,1,0,0
34253,944,0,0,1,0,0
34335,945,0,0,0,1,0
34477,946,0,0,0,1,0
34602,947,0,0,0,1,0
34723,948,0,0,0,1,0
34782,949,0,0,1,0,0
34788,950,0,0,1,0,0
34794,951,0,0,1,0,0
34925,952,0,0,0,1,0
34932,953,0,0,1,0,0
35020,954,0,0,0,1,0
35023,955,0,0,1,0,0
35025,956,0,0,1,0,0
35122,957,0,0,0,1,0
35123,958,1,0,0,0,0
35225,959,0,0,0,1,0
35323,960,0,0,0,1,0
35434,961,0,0,0,1,0
35534,962,0,0,0,1,0
35537,963,0,0,1,0,0
35612,964,0,0,1,0,0
35729,965,0,0,0,1,0
35731,966,0,0,1,0,0
35862,967,0,0,0,1,0
35969,968,0,0,0,1,0
36072,969,0,0,1,0,0
36207,970,0,0,0,1,0
36240,971,0,0,1,0,0
36337,972,0,0,0,1,0
36450,973,0,0,0,1,0
36545,974,0,0,0,1,0
36635,975,0,0,1,0,0
36647,976,0,0,1,0,0
36754,977,0,0,0,1,0
36760,978,0,0,1,0,0
36883,979,0,0,0,1,0
36906,980,0,0,1,0,0
36956,981,0,0,1,0,0
37082,982,0,0,0,1,0
37149,983,0,0,1,0,0
37269,984,0,0,0,1,0
37297,985,0,0,1,0,0
37413,986,0,0,0,1,0
37509,987,0,0,0,1,0
37636,988,0,0,0,1,0
37731,989,0,0,0,1,0
37861,990,0,0,0,1,0
38005,991,0,0,0,1,0
38007,992,0,0,1,0,0
38061,993,0,0,1,0,0
38174,994,0,0,0,1,0
38300,995,0,0,0,1,0
38313,996,0,0,1,0,0
38423,997,0,0,0,1,0
38555,998,0,0,0,1,0
38659,999,0,0,0,1,0
38798,1000,0,0,0,1,0
38926,1001,0,0,0,1,0
39007,1002,0,0,1,0,0
39125,1003,0,0,0,1,0
39154,1004,0,0,1,0,0
39263,1005,0,0,0,1,0
39287,1006,0,0,1,0,0
39292,1007,1,0,0,0,0
39431,1008,0,0,0,1,0
39529,1009,0,0,0,1,0
39645,1010,0,0,0,1,0
39666,1011,0,0,1,0,0
39772,1012,0,0,0,1,0
39873,1013,0,0,0,1,0
39891,1014,0,0,1,0,0
40004,1015,0,0,0,1,0
40115,1016,0,0,1,0,0
40117,1017,0,0,1,0,0
40183,1018,0,0,1,0,0
40189,1019,0,0,1,0,0
40293,1020,0,0,0,1,0
40301,1021,0,0,1,0,0
40431,1022,0,0,0,1,0
40437,1023,0,0,1,0,0
40531,1024,0,0,0,1,0
40534,1025,0,0,1,0,0
40631,1026,0,0,0,1,0
40709,1027,0,0,1,0,0
41031,1028,0,0,0,1,0
41036,1029,0,0,1,0,0
41189,1030,0,0,0,1,0
41321,1031,0,0,0,1,0
41406,1032,0,0,0,1,0
41518,1033,0,0,0,1,0
41568,1034,0,0,1,0,0
41660,1035,0,0,0,1,0
41736,1036,0,0,1,0,0
41852,1037,0,0,0,1,0
41907,1038,0,0,1,0,0
42025,1039,0,0,0,1,0
42165,1040,0,0,0,1,0
42168,1041,0,0,1,0,0
42273,1042,0,0,0,1,0
42280,1043,0,0,1,0,0
42392,1044,0,0,0,1,0
42435,1045,0,0,1,0,0
42550,1046,0,0,0,1,0
42553,1047,0,0,1,0,0
42762,1048,0,0,0,1,0
42858,1049,0,0,0,1,0
42859,1050,0,0,1,0,0
42995,1051,0,0,0,1,0
43103,1052,0,0,0,1,0
43107,1053,0,0,1,0,0
43215,1054,0,0,0,1,0
43321,1055,0,0,1,0,0
43323,1056,0,0,1,0,0
43429,1057,0,0,0,1,0
43578,1058,0,0,0,1,0
43695,1059,0,0,0,1,0
43805,1060,0,0,0,1,0
43894,1061,0,0,0,1,0
44008,1062,0,0,0,1,0
44021,1063,0,0,1,0,0
44132,1064,0,0,0,1,0
44252,1065,0,0,0,1,0
44354,1066,0,0,0,1,0
44472,1067,0,0,0,1,0
44482,1068,0,0,1,0,0
44485,1069,0,0,1,0,0
44587,1070,0,0,0,1,0
44694,1071,0,0,0,1,0
44813,1072,0,0,0,1,0
44887,1073,0,0,1,0,0
45002,1074,0,0,0,1,0
45102,1075,0,0,0,1,0
45228,1076,0,0,0,1,0
45320,1077,0,0,0,1,0
45326,1078,0,0,1,0,0
45438,1079,0,0,0,1,0
45513,1080,0,0,1,0,0
45648,1081,0,0,0,1,0
45787,1082,0,0,0,1,0
45919,1083,0,0,0,1,0
46042,1084,0,0,1,0,0
46135,1085,0,0,0,1,0
46241,1086,0,0,0,1,0
46353,1087,0,0,0,1,0
46470,1088,0,0,0,1,0
46586,1089,0,0,0,1,0
46723,1090,0,0,0,1,0
46827,1091,0,0,0,1,0
46943,1092,0,0,0,1,0
46997,1093,0,0,1,0,0
47110,1094,0,0,0,1,0
47216,1095,0,0,0,1,0
47263,1096,0,0,1,0,0
47396,1097,0,0,0,1,0
47520,1098,0,0,0,1,0
47655,1099,0,0,0,1,0
47776,1100,0,0,0,1,0
47793,1101,0,0,1,0,0
47910,1102,0,0,0,1,0
48028,1103,0,0,0,1,0
48151,1104,0,0,0,1,0
48196,1105,0,0,1,0,0
48222,1106,0,0,1,0,0
48311,1107,0,0,0,1,0
48455,1108,0,0,0,1,0
48574,1109,0,0,0,1,0
48667,1110,0,0,0,1,0
48766,1111,0,0,0,1,0
48878,1112,0,0,0,1,0
48981,1113,0,0,0,1,0
48991,1114,0,0,1,0,0
49080,1115,0,0,0,1,0
49182,1116,0,0,0,1,0
49185,1117,0,0,1,0,0
49275,1118,0,0,0,1,0
49395,1119,0,0,1,0,0
49407,1120,0,0,1,0,0
49546,1121,0,0,0,1,0
49665,1122,0,0,0,1,0
49796,1123,0,0,0,1,0
49927,1124,0,0,0,1,0
50025,1125,0,0,0,1,0
50150,1126,0,0,0,1,0
50153,1127,0,0,1,0,0
50255,1128,0,0,0,1,0
50379,1129,0,0,0,1,0
50396,1130,0,0,1,0,0
50522,1131,0,0,0,1,0
50631,1132,0,0,0,1,0
50751,1133,0,0,0,1,0
50876,1134,0,0,0,1,0
50887,1135,0,0,1,0,0
50985,1136,0,0,0,1,0
51132,1137,0,0,0,1,0
51226,1138,0,0,0,1,0
51349,1139,0,0,0,1,0
51471,1140,0,0,0,1,0
51528,1141,0,0,1,0,0
51534,1142,0,0,1,0,0
51663,1143,0,0,0,1,0
51766,1144,0,0,0,1,0
51909,1145,0,0,0,1,0
52009,1146,0,0,0,1,0
52011,1147,0,0,1,0,0
52109,1148,0,0,0,1,0
52203,1149,0,0,0,1,0
52309,1150,0,0,0,1,0
52431,1151,0,0,0,1,0
52449,1152,0,0,1,0,0
52557,1153,0,0,0,1,0
52559,1154,0,0,1,0,0
52686,1155,0,0,0,1,0
52815,1156,0,0,0,1,0
52931,1157,0,0,0,1,0
53074,1158,0,0,0,1,0
53206,1159,0,0,0,1,0
53308,1160,0,0,0,1,0
53412,1161,0,0,0,1,0
53546,1162,0,0,0,1,0
53667,1163,0,0,0,1,0
53767,1164,0,0,0,1,0
53901,1165,0,0,0,1,0
53999,1166,0,0,1,0,0
54111,1167,0,0,0,1,0
54203,1168,0,0,0,1,0
54305,1169,0,0,0,1,0
54410,1170,0,0,0,1,0
54547,1171,0,0,0,1,0
54691,1172,0,0,0,1,0
54797,1173,0,0,0,1,0
54830,1174,0,0,1,0,0
54932,1175,0,0,0,1,0
55039,1176,0,0,0,1,0
55157,1177,0,0,0,1,0
55220,1178,0,0,1,0,0
55355,1179,0,0,0,1,0
55450,1180,0,0,0,1,0
55562,1181,0,0,0,1,0
55686,1182,0,0,0,1,0
55824,1183,0,0,0,1,0
55954,1184,0,0,0,1,0
56055,1185,0,0,0,1,0
56058,1186,1,0,0,0,0
56189,1187,0,0,0,1,0
56334,1188,0,0,0,1,0
56438,1189,0,0,0,1,0
56568,1190,0,0,0,1,0
56571,1191,0,0,1,0,0
56678,1192,0,0,0,1,0
56776,1193,0,0,0,1,0
56819,1194,0,0,1,0,0
56941,1195,0,0,0,1,0
57076,1196,0,0,0,1,0
57183,1197,0,0,0,1,0
57214,1198,0,0,1,0,0
57368,1199,0,0,0,1,0
57509,1200,0,0,0,1,0
57512,1201,0,0,1,0,0
57621,1202,0,0,0,1,0
57717,1203,0,0,0,1,0
57854,1204,0,0,0,1,0
57990,1205,0,0,0,1,0
58091,1206,0,0,0,1,0
58202,1207,0,0,0,1,0
58203,1208,1,0,0,0,0
58329,1209,0,0,0,1,0
58475,1210,0,0,0,1,0
58479,1211,0,0,1,0,0
58566,1212,0,0,0,1,0
58674,1213,0,0,0,1,0
58770,1214,0,0,0,1,0
58882,1215,0,0,0,1,0
58994,1216,0,0,0,1,0
59115,1217,0,0,0,1,0
59231,1218,0,0,0,1,0
59349,1219,0,0,0,1,0
59356,1220,0,0,1,0,0
59384,1221,0,0,1,0,0
59504,1222,0,0,0,1,0
59606,1223,0,0,0,1,0
59707,1224,0,0,1,0,0
59844,1225,0,0,0,1,0
59981,1226,0,0,0,1,0
60017,1227,0,0,1,0,0
60130,1228,0,0,0,1,0
60233,1229,0,0,0,1,0
60324,1230,0,0,0,1,0
60447,1231,0,0,0,1,0
60570,1232,0,0,0,1,0
60694,1233,0,0,0,1,0
60808,1234,0,0,0,1,0
60952,1235,0,0,0,1,0
61040,1236,0,0,0,1,0
61130,1237,0,0,0,1,0
61276,1238,0,0,0,1,0
61394,1239,0,0,0,1,0
61531,1240,0,0,0,1,0
61643,1241,0,0,0,1,0
61777,1242,0,0,0,1,0
61882,1243,0,0,0,1,0
61983,1244,0,0,0,1,0
62087,1245,0,0,0,1,0
62217,1246,0,0,0,1,0
62324,1247,0,0,0,1,0
62425,1248,0,0,0,1,0
62521,1249,0,0,0,1,0
62662,1250,0,0,0,1,0
62708,1251,0,0,1,0,0
62813,1252,0,0,0,1,0
62949,1253,0,0,0,1,0
63080,1254,0,0,0,1,0
63125,1255,0,0,1,0,0
63264,1256,0,0,0,1,0
63288,1257,0,0,1,0,0
63391,1258,0,0,0,1,0
63497,1259,0,0,0,1,0
63616,1260,0,0,0,1,0
63742,1261,0,0,0,1,0
63749,1262,0,0,1,0,0
63877,1263,0,0,0,1,0
63948,1264,0,0,1,0,0
64053,1265,0,0,0,1,0
64160,1266,0,0,0,1,0
64291,1267,0,0,0,1,0
64400,1268,0,0,0,1,0
64511,1269,0,0,0,1,0
64605,1270,0,0,0,1,0
64738,1271,0,0,0,1,0
64883,1272,0,0,0,1,0
65008,1273,0,0,0,1,0
65115,1274,0,0,0,1,0
65126,1275,0,0,1,0,0
65243,1276,0,0,0,1,0
65346,1277,0,0,0,1,0
65361,1278,0,0,1,0,0
65366,1279,0,0,1,0,0
65485,1280,0,0,0,1,0
65625,1281,0,0,0,1,0
65728,1282,0,0,0,1,0
65841,1283,0,0,0,1,0
65843,1284,0,0,1,0,0
65959,1285,0,0,0,1,0
66093,1286,0,0,0,1,0
66243,1287,0,0,0,1,0
66377,1288,0,0,0,1,0
66507,1289,0,0,0,1,0
66592,1290,0,0,0,1,0
66737,1291,0,0,0,1,0
66829,1292,0,0,0,1,0
66917,1293,0,0,0,1,0
66930,1294,0,0,1,0,0
67020,1295,0,0,1,0,0
67149,1296,0,0,0,1,0
67267,1297,0,0,0,1,0
67381,1298,0,0,0,1,0
67386,1299,0,0,1,0,0
67512,1300,0,0,0,1,0
67515,1301,0,0,1,0,0
67626,1302,0,0,0,1,0
67730,1303,0,0,0,1,0
67858,1304,0,0,0,1,0
67912,1305,0,0,1,0,0
68023,1306,0,0,0,1,0
68167,1307,0,0,0,1,0
68213,1308,0,0,1,0,0
68214,1309,0,0,1,0,0
68314,1310,0,0,0,1,0
68439,1311,0,0,0,1,0
68542,1312,0,0,0,1,0
68639,1313,0,0,0,1,0
68745,1314,0,0,0,1,0
68836,1315,0,0,0,1,0
68923,1316,0,0,1,0,0
68928,1317,0,0,1,0,0
69019,1318,0,0,0,1,0
69113,1319,0,0,0,1,0
69118,1320,0,0,1,0,0
69121,1321,0,0,1,0,0
69149,1322,0,0,1,0,0
69269,1323,0,0,0,1,0
69280,1324,0,0,1,0,0
69331,1325,0,0,1,0,0
69428,1326,0,0,0,1,0
69531,1327,0,0,0,1,0
69637,1328,0,0,0,1,0
69767,1329,0,0,0,1,0
69892,1330,0,0,0,1,0
69996,1331,0,0,0,1,0
70108,1332,0,0,0,1,0
70212,1333,0,0,0,1,0
70232,1334,0,0,1,0,0
70250,1335,0,0,1,0,0
70377,1336,0,0,0,1,0
70418,1337,0,0,1,0,0
70521,1338,0,0,0,1,0
70634,1339,0,0,0,1,0
70747,1340,0,0,0,1,0
70840,1341,0,0,0,1,0
70876,1342,0,0,1,0,0
70969,1343,0,0,0,1,0
71003,1344,0,0,1,0,0
71049,1345,0,0,1,0,0
71123,1346,0,0,1,0,0
71222,1347,0,0,0,1,0
71327,1348,0,0,0,1,0
71449,1349,0,0,0,1,0
71571,1350,0,0,0,1,0
71681,1351,0,0,0,1,0
71795,1352,0,0,0,1,0
71915,1353,0,0,0,1,0
72064,1354,0,0,0,1,0
72173,1355,0,0,0,1,0
72281,1356,0,0,0,1,0
72283,1357,0,0,1,0,0
72400,1358,0,0,0,1,0
72403,1359,0,0,1,0,0
72551,1360,0,0,0,1,0
72641,1361,0,0,0,1,0
72785,1362,0,0,0,1,0
72914,1363,0,0,0,1,0
73042,1364,0,0,0,1,0
73168,1365,0,0,0,1,0
73268,1366,0,0,0,1,0
73384,1367,0,0,0,1,0
73428,1368,0,0,1,0,0
73525,1369,0,0,0,1,0
73659,1370,0,0,0,1,0
73788,1371,0,0,0,1,0
73918,1372,0,0,0,1,0
74016,1373,0,0,0,1,0
74127,1374,0,0,0,1,0
74240,1375,0,0,0,1,0
74383,1376,0,0,0,1,0
74516,1377,0,0,0,1,0
74634,1378,0,0,0,1,0
74755,1379,0,0,0,1,0
74883,1380,0,0,0,1,0
74991,1381,0,0,0,1,0
75111,1382,0,0,0,1,0
75219,1383,0,0,0,1,0
75320,1384,0,0,0,1,0
75436,1385,0,0,0,1,0
75566,1386,0,0,0,1,0
75668,1387,0,0,0,1,0
75778,1388,0,0,0,1,0
75839,1389,0,0,1,0,0
75982,1390,0,0,0,1,0
76107,1391,0,0,0,1,0
76213,1392,0,0,0,1,0
76360,1393,0,0,0,1,0
76483,1394,0,0,0,1,0
76595,1395,0,0,0,1,0
76713,1396,0,0,0,1,0
76805,1397,0,0,0,1,0
76921,1398,0,0,0,1,0
77032,1399,0,0,0,1,0
77151,1400,0,0,0,1,0
77277,1401,0,0,0,1,0
77392,1402,0,0,0,1,0
77499,1403,0,0,0,1,0
77619,1404,0,0,0,1,0
77742,1405,0,0,0,1,0
77865,1406,0,0,0,1,0
77960,1407,0,0,0,1,0
78078,1408,0,0,0,1,0
78201,1409,0,0,0,1,0
78338,1410,0,0,0,1,0
78342,1411,0,0,1,0,0
78470,1412,0,0,0,1,0
78599,1413,0,0,0,1,0
78700,1414,0,0,0,1,0
78734,1415,0,0,1,0,0
78828,1416,0,0,0,1,0
78880,1417,0,0,1,0,0
78971,1418,0,0,0,1,0
79083,1419,0,0,0,1,0
79217,1420,0,0,0,1,0
79316,1421,0,0,0,1,0
79454,1422,0,0,0,1,0
79566,1423,0,0,0,1,0
79692,1424,0,0,0,1,0
79805,1425,0,0,0,1,0
79901,1426,0,0,0,1,0
80003,1427,0,0,0,1,0
80136,1428,0,0,0,1,0
80270,1429,0,0,0,1,0
80406,1430,0,0,0,1,0
80537,1431,0,0,0,1,0
80666,1432,0,0,0,1,0
80785,1433,0,0,0,1,0
80922,1434,0,0,0,1,0
81035,1435,0,0,0,1,0
81164,1436,0,0,0,1,0
81191,1437,0,0,1,0,0
81210,1438,0,0,1,0,0
81342,1439,0,0,0,1,0
81485,1440,0,0,0,1,0
81597,1441,0,0,0,1,0
81738,1442,0,0,0,1,0
81859,1443,0,0,0,1,0
81982,1444,0,0,0,1,0
81990,1445,0,0,1,0,0
82092,1446,0,0,0,1,0
82185,1447,0,0,0,1,0
82317,1448,0,0,0,1,0
82446,1449,0,0,0,1,0
82549,1450,0,0,0,1,0
82648,1451,0,0,0,1,0
82760,1452,0,0,0,1,0
82893,1453,0,0,0,1,0
83005,1454,0,0,0,1,0
83106,1455,0,0,0,1,0
83247,1456,0,0,0,1,0
83338,1457,0,0,1,0,0
83456,1458,0,0,0,1,0
83577,1459,0,0,0,1,0
83695,1460,0,0,0,1,0
83790,1461,0,0,0,1,0
83890,1462,0,0,0,1,0
83909,1463,0,0,1,0,0
84047,1464,0,0,0,1,0
84082,1465,0,0,1,0,0
84086,1466,0,0,1,0,0
84222,1467,0,0,0,1,0
84225,1468,0,0,1,0,0
84364,1469,0,0,0,1,0
84501,1470,0,0,0,1,0
84638,1471,0,0,0,1,0
84764,1472,0,0,0,1,0
84894,1473,0,0,0,1,0
84998,1474,0,0,0,1,0
85098,1475,0,0,0,1,0
85223,1476,0,0,0,1,0
85227,1477,1,0,0,0,0
85234,1478,0,0,1,0,0
85316,1479,0,0,0,1,0
85451,1480,0,0,0,1,0
85539,1481,0,0,0,1,0
85654,1482,0,0,0,1,0
85758,1483,0,0,0,1,0
85759,1484,0,0,1,0,0
85861,1485,0,0,0,1,0
85969,1486,0,0,0,1,0
86007,1487,0,0,1,0,0
86119,1488,0,0,0,1,0
86246,1489,0,0,0,1,0
86347,1490,0,0,0,1,0
86458,1491,0,0,0,1,0
86570,1492,0,0,0,1,0
86691,1493,0,0,0,1,0
86814,1494,0,0,0,1,0
86944,1495,0,0,0,1,0
87059,1496,0,0,0,1,0
87201,1497,0,0,0,1,0
87306,1498,0,0,0,1,0
87415,1499,0,0,0,1,0
87508,1500,0,0,0,1,0
87529,1501,0,0,1,0,0
87647,1502,0,0,0,1,0
87746,1503,0,0,0,1,0
87795,1504,0,0,1,0,0
87910,1505,0,0,0,1,0
88017,1506,0,0,0,1,0
88143,1507,0,0,0,1,0
88244,1508,0,0,0,1,0
88371,1509,0,0,0,1,0
88493,1510,0,0,0,1,0
88514,1511,0,0,1,0,0
88621,1512,0,0,0,1,0
88742,1513,0,0,0,1,0
88861,1514,0,0,0,1,0
88977,1515,0,0,0,1,0
88985,1516,0,0,1,0,0
89085,1517,0,0,0,1,0
89192,1518,0,0,0,1,0
89316,1519,0,0,0,1,0
89320,1520,0,0,1,0,0
89464,1521,0,0,0,1,0
89567,1522,0,0,0,1,0
89686,1523,0,0,0,1,0
89814,1524,0,0,0,1,0
89831,1525,0,0,1,0,0
89938,1526,0,0,0,1,0
90065,1527,0,0,0,1,0
90182,1528,0,0,0,1,0
90288,1529,0,0,0,1,0
90389,1530,0,0,0,1,0
90395,1531,0,0,1,0,0
90524,1532,0,0,0,1,0
90645,1533,0,0,0,1,0
90764,1534,0,0,0,1,0
90873,1535,0,0,0,1,0
91012,1536,0,0,0,1,0
91139,1537,0,0,0,1,0
91140,1538,0,0,1,0,0
91248,1539,0,0,0,1,0
91388,1540,0,0,0,1,0
91510,1541,0,0,0,1,0
91640,1542,0,0,0,1,0
91729,1543,0,0,1,0,0
91843,1544,0,0,0,1,0
91941,1545,0,0,0,1,0
91959,1546,0,0,1,0,0
92057,1547,0,0,0,1,0
92204,1548,0,0,0,1,0
92218,1549,0,0,1,0,0
92313,1550,0,0,0,1,0
92422,1551,0,0,0,1,0
92523,1552,0,0,0,1,0
92641,1553,0,0,0,1,0
92766,1554,0,0,0,1,0
92866,1555,0,0,0,1,0
93005,1556,0,0,0,1,0
93107,1557,0,0,0,1,0
93195,1558,0,0,0,1,0
93294,1559,0,0,0,1,0
93415,1560,0,0,0,1,0
93525,1561,0,0,0,1,0
93626,1562,0,0,0,1,0
93629,1563,1,0,0,0,0
93631,1564,0,0,1,0,0
93744,1565,0,0,0,1,0
93853,1566,0,0,0,1,0
93983,1567,0,0,0,1,0
94117,1568,0,0,0,1,0
94226,1569,0,0,0,1,0
94355,1570,0,0,0,1,0
94445,1571,0,0,0,1,0
94579,1572,0,0,0,1,0
94585,1573,0,0,1,0,0
94696,1574,0,0,0,1,0
94812,1575,0,0,0,1,0
94942,1576,0,0,0,1,0
95057,1577,0,0,0,1,0
95169,1578,0,0,0,1,0
95278,1579,0,0,0,1,0
95379,1580,0,0,0,1,0
95468,1581,0,0,0,1,0
95591,1582,0,0,0,1,0
95734,1583,0,0,0,1,0
95873,1584,0,0,0,1,0
95974,1585,0,0,0,1,0
96081,1586,0,0,0,1,0
96215,1587,0,0,0,1,0
96323,1588,0,0,0,1,0
96461,1589,0,0,0,1,0
96598,1590,0,0,0,1,0
96620,1591,0,0,1,0,0
96756,1592,0,0,0,1,0
96758,1593,0,0,1,0,0
96886,1594,0,0,0,1,0
97026,1595,0,0,0,1,0
97120,1596,0,0,0,1,0
97126,1597,1,0,0,0,0
97234,1598,0,0,0,1,0
97331,1599,0,0,0,1,0
97443,1600,0,0,0,1,0
97584,1601,0,0,0,1,0
97680,1602,0,0,0,1,0
97797,1603,0,0,0,1,0
97922,1604,0,0,0,1,0
98064,1605,0,0,0,1,0
98205,1606,0,0,0,1,0
98239,1607,0,0,1,0,0
98341,1608,0,0,0,1,0
98486,1609,0,0,0,1,0
98591,1610,0,0,0,1,0
98726,1611,0,0,0,1,0
98732,1612,0,0,1,0,0
98823,1613,0,0,0,1,0
98944,1614,0,0,0,1,0
99057,1615,0,0,0,1,0
99061,1616,0,0,1,0,0
99151,1617,0,0,0,1,0
99263,1618,0,0,0,1,0
99390,1619,0,0,0,1,0
99511,1620,0,0,0,1,0
99624,1621,0,0,0,1,0
99757,1622,0,0,0,1,0
99886,1623,0,0,0,1,0
100033,1624,0,0,0,1,0
100137,1625,0,0,0,1,0
100138,1626,0,0,1,0,0
100268,1627,0,0,0,1,0
100388,1628,0,0,0,1,0
100477,1629,0,0,0,1,0
100570,1630,0,0,0,1,0
100694,1631,0,0,0,1,0
100817,1632,0,0,0,1,0
100930,1633,0,0,0,1,0
101053,1634,0,0,0,1,0
101157,1635,0,0,0,1,0
101281,1636,0,0,0,1,0
101370,1637,0,0,0,1,0
101482,1638,0,0,0,1,0
101619,1639,0,0,0,1,0
101753,1640,0,0,0,1,0
101839,1641,0,0,1,0,0
101972,1642,0,0,0,1,0
102117,1643,0,0,0,1,0
102250,1644,0,0,0,1,0
102373,1645,0,0,0,1,0
102506,1646,0,0,0,1,0
102609,1647,0,0,0,1,0
102615,1648,0,0,1,0,0
102753,1649,0,0,0,1,0
102797,1650,0,0,1,0,0
102910,1651,0,0,0,1,0
103014,1652,0,0,0,1,0
103134,1653,0,0,0,1,0
103277,1654,0,0,0,1,0
103415,1655,0,0,0,1,0
103510,1656,0,0,0,1,0
103648,1657,0,0,0,1,0
103655,1658,0,0,1,0,0
103763,1659,0,0,0,1,0
103865,1660,0,0,0,1,0
103976,1661,0,0,0,1,0
104074,1662,0,0,0,1,0
104199,1663,0,0,0,1,0
104222,1664,0,0,1,0,0
104321,1665,0,0,0,1,0
104433,1666,0,0,0,1,0
104537,1667,0,0,0,1,0
104676,1668,0,0,0,1,0
104786,1669,0,0,0,1,0
104886,1670,0,0,0,1,0
105004,1671,0,0,0,1,0
105008,1672,0,0,1,0,0
105127,1673,0,0,0,1,0
105236,1674,0,0,0,1,0
105331,1675,0,0,0,1,0
105401,1676,0,0,1,0,0
105402,1677,0,0,1,0,0
105512,1678,0,0,1,0,0
105617,1679,0,0,0,1,0
105729,1680,0,0,0,1,0
105829,1681,0,0,0,1,0
105936,1682,0,0,0,1,0
105967,1683,0,0,1,0,0
105969,1684,0,0,1,0,0
106126,1685,0,0,0,1,0
106223,1686,0,0,0,1,0
106314,1687,0,0,0,1,0
106456,1688,0,0,0,1,0
106589,1689,0,0,0,1,0
106694,1690,0,0,0,1,0
106831,1691,0,0,0,1,0
106870,1692,0,0,1,0,0
106991,1693,0,0,0,1,0
107128,1694,0,0,0,1,0
107200,1695,0,0,1,0,0
107303,1696,0,0,0,1,0
107410,1697,0,0,0,1,0
107511,1698,0,0,0,1,0
107625,1699,0,0,0,1,0
107718,1700,0,0,0,1,0
107829,1701,0,0,0,1,0
107957,1702,0,0,0,1,0
108092,1703,0,0,0,1,0
108231,1704,0,0,0,1,0
108349,1705,0,0,0,1,0
108475,1706,0,0,0,1,0
108613,1707,0,0,0,1,0
108742,1708,0,0,0,1,0
108807,1709,0,0,1,0,0
108927,1710,0,0,0,1,0
109034,1711,0,0,0,1,0
109123,1712,0,0,0,1,0
109219,1713,0,0,0,1,0
109318,1714,0,0,0,1,0
109439,1715,0,0,1,0,0
109545,1716,0,0,0,1,0
109673,1717,0,0,0,1,0
109817,1718,0,0,0,1,0
109938,1719,0,0,0,1,0
110051,1720,0,0,0,1,0
110183,1721,0,0,0,1,0
110323,1722,0,0,0,1,0
110334,1723,0,0,1,0,0
110464,1724,0,0,0,1,0
110590,1725,0,0,0,1,0
110603,1726,0,0,1,0,0
110727,1727,0,0,0,1,0
110830,1728,0,0,0,1,0
110935,1729,0,0,0,1,0
111043,1730,0,0,0,1,0
111187,1731,0,0,0,1,0
111277,1732,0,0,0,1,0
111381,1733,0,0,0,1,0
111520,1734,0,0,0,1,0
111523,1735,0,0,1,0,0
111646,1736,0,0,0,1,0
111763,1737,0,0,0,1,0
111873,1738,0,0,0,1,0
112003,1739,0,0,0,1,0
112105,1740,0,0,0,1,0
112248,1741,0,0,0,1,0
112366,1742,0,0,0,1,0
112482,1743,0,0,0,1,0
112584,1744,0,0,0,1,0
112719,1745,0,0,0,1,0
112835,1746,0,0,0,1,0
112991,1747,0,0,0,1,0
113107,1748,0,0,0,1,0
113246,1749,0,0,0,1,0
113344,1750,0,0,0,1,0
113466,1751,0,0,0,1,0
113555,1752,0,0,0,1,0
113652,1753,0,0,1,0,0
113786,1754,0,0,0,1,0
113901,1755,0,0,0,1,0
113907,1756,0,0,1,0,0
114032,1757,0,0,0,1,0
114156,1758,0,0,0,1,0
114299,1759,0,0,0,1,0
114397,1760,0,0,0,1,0
114518,1761,0,0,0,1,0
114564,1762,0,0,1,0,0
114659,1763,0,0,0,1,0
114768,1764,0,0,0,1,0
114783,1765,0,0,1,0,0
114905,1766,0,0,0,1,0
115034,1767,0,0,0,1,0
115155,1768,0,0,0,1,0
115156,1769,0,0,1,0,0
115159,1770,0,0,1,0,0
115271,1771,0,0,0,1,0
115386,1772,0,0,0,1,0
115522,1773,0,0,0,1,0
115640,1774,0,0,0,1,0
115729,1775,0,0,0,1,0
115824,1776,0,0,0,1,0
115831,1777,0,0,1,0,0
115959,1778,0,0,0,1,0
116077,1779,0,0,0,1,0
116168,1780,0,0,0,1,0
116272,1781,0,0,0,1,0
116404,1782,0,0,0,1,0
116507,1783,0,0,0,1,0
116643,1784,0,0,0,1,0
116732,1785,0,0,0,1,0
116861,1786,0,0,0,1,0
116975,1787,0,0,0,1,0
117103,1788,0,0,0,1,0
117231,1789,0,0,0,1,0
117246,1790,0,0,1,0,0
117269,1791,0,0,1,0,0
117325,1792,0,0,1,0,0
117437,1793,0,0,0,1,0
117533,1794,0,0,0,1,0
117634,1795,0,0,0,1,0
117775,1796,0,0,0,1,0
117915,1797,0,0,0,1,0
118054,1798,0,0,0,1,0
118180,1799,0,0,0,1,0
118261,1800,0,0,1,0,0
118371,1801,0,0,0,1,0
118500,1802,0,0,0,1,0
118633,1803,0,0,0,1,0
118761,1804,0,0,0,1,0
118888,1805,0,0,0,1,0
118932,1806,0,0,1,0,0
119029,1807,0,0,0,1,0
119087,1808,0,0,1,0,0
119201,1809,0,0,0,1,0
119302,1810,0,0,0,1,0
119430,1811,0,0,0,1,0
119568,1812,0,0,0,1,0
119671,1813,0,0,0,1,0
119762,1814,0,0,0,1,0
119852,1815,0,0,0,1,0
119918,1816,0,0,1,0,0
120026,1817,0,0,0,1,0
120122,1818,0,0,0,1,0
120137,1819,0,0,1,0,0
120278,1820,0,0,0,1,0
120343,1821,0,0,1,0,0
120484,1822,0,0,0,1,0
120488,1823,0,0,1,0,0
120586,1824,0,0,0,1,0
120593,1825,0,0,1,0,0
120699,1826,0,0,0,1,0
120827,1827,0,0,0,1,0
120833,1828,0,0,1,0,0
120947,1829,0,0,0,1,0
121091,1830,0,0,0,1,0
121206,1831,0,0,0,1,0
121323,1832,0,0,1,0,0
121413,1833,0,0,0,1,0
121551,1834,0,0,0,1,0
121687,1835,0,0,0,1,0
121823,1836,0,0,0,1,0
121829,1837,0,0,1,0,0
121834,1838,1,0,0,0,0
121944,1839,0,0,0,1,0
122036,1840,0,0,0,1,0
122182,1841,0,0,0,1,0
122190,1842,0,0,1,0,0
122328,1843,0,0,0,1,0
122462,1844,0,0,0,1,0
122598,1845,0,0,0,1,0
122605,1846,0,0,1,0,0
122739,1847,0,0,0,1,0
122867,1848,0,0,0,1,0
122964,1849,0,0,0,1,0
123092,1850,0,0,0,1,0
123226,1851,0,0,0,1,0
123348,1852,0,0,0,1,0
123460,1853,0,0,0,1,0
123600,1854,0,0,0,1,0
123689,1855,0,0,0,1,0
123821,1856,0,0,0,1,0
123931,1857,0,0,0,1,0
124058,1858,0,0,0,1,0
124191,1859,0,0,0,1,0
124322,1860,0,0,0,1,0
124420,1861,0,0,0,1,0
124547,1862,0,0,0,1,0
124658,1863,0,0,0,1,0
124785,1864,0,0,0,1,0
124874,1865,0,0,0,1,0
124876,1866,0,0,1,0,0
124984,1867,0,0,1,0,0
125084,1868,0,0,0,1,0
125173,1869,0,0,0,1,0
125287,1870,0,0,0,1,0
125400,1871,0,0,0,1,0
125515,1872,0,0,0,1,0
125637,1873,0,0,0,1,0
125770,1874,0,0,0,1,0
125861,1875,0,0,1,0,0
125865,1876,0,0,1,0,0
125973,1877,0,0,0,1,0
126074,1878,0,0,0,1,0
126188,1879,0,0,0,1,0
126279,1880,0,0,0,1,0
126397,1881,0,0,0,1,0
126524,1882,0,0,0,1,0
126621,1883,0,0,0,1,0
126728,1884,0,0,0,1,0
126823,1885,0,0,0,1,0
126932,1886,0,0,0,1,0
127051,1887,0,0,0,1,0
127191,1888,0,0,0,1,0
127316,1889,0,0,0,1,0
127417,1890,0,0,0,1,0
127517,1891,0,0,0,1,0
127662,1892,0,0,0,1,0
127759,1893,0,0,0,1,0
127863,1894,0,0,0,1,0
128012,1895,0,0,0,1,0
128041,1896,0,0,1,0,0
128181,1897,0,0,0,1,0
128263,1898,0,0,1,0,0
128352,1899,0,0,0,1,0
128504,1900,0,0,0,1,0
128613,1901,0,0,0,1,0
128730,1902,0,0,0,1,0
128829,1903,0,0,0,1,0
128918,1904,0,0,0,1,0
129026,1905,0,0,0,1,0
129134,1906,0,0,0,1,0
129144,1907,0,0,1,0,0
129250,1908,0,0,0,1,0
129345,1909,0,0,0,1,0
129376,1910,0,0,1,0,0
129486,1911,0,0,0,1,0
129606,1912,0,0,0,1,0
129733,1913,0,0,0,1,0
129833,1914,0,0,0,1,0
129964,1915,0,0,0,1,0
130086,1916,0,0,0,1,0
130223,1917,0,0,0,1,0
130353,1918,0,0,0,1,0
130362,1919,0,0,1,0,0
130487,1920,0,0,0,1,0
130588,1921,0,0,0,1,0
130682,1922,0,0,0,1,0
130811,1923,0,0,0,1,0
130924,1924,0,0,0,1,0
131065,1925,0,0,0,1,0
131196,1926,0,0,0,1,0
131291,1927,0,0,0,1,0
131296,1928,0,0,1,0,0
131408,1929,0,0,0,1,0
131520,1930,0,0,0,1,0
131621,1931,0,0,0,1,0
131758,1932,0,0,0,1,0
131761,1933,0,0,1,0,0
131868,1934,0,0,0,1,0
131983,1935,0,0,0,1,0
132092,1936,0,0,0,1,0
132230,1937,0,0,0,1,0
132338,1938,0,0,0,1,0
132449,1939,0,0,0,1,0
132575,1940,0,0,0,1,0
132720,1941,0,0,0,1,0
132845,1942,0,0,0,1,0
132958,1943,0,0,0,1,0
133081,1944,0,0,0,1,0
133208,1945,0,0,0,1,0
133315,1946,0,0,0,1,0
133415,1947,0,0,0,1,0
133536,1948,0,0,0,1,0
133667,1949,0,0,0,1,0
133789,1950,0,0,0,1,0
133920,1951,0,0,0,1,0
134053,1952,0,0,0,1,0
134167,1953,0,0,0,1,0
134295,1954,0,0,0,1,0
134393,1955,0,0,0,1,0
134408,1956,0,0,1,0,0
134543,1957,0,0,0,1,0
134662,1958,0,0,0,1,0
134665,1959,1,0,0,0,0
134801,1960,0,0,0,1,0
134898,1961,0,0,0,1,0
135024,1962,0,0,0,1,0
135152,1963,0,0,0,1,0
135256,1964,0,0,0,1,0
135364,1965,0,0,0,1,0
135472,1966,0,0,0,1,0
135568,1967,0,0,0,1,0
135671,1968,0,0,0,1,0
135794,1969,0,0,0,1,0
135929,1970,0,0,0,1,0
136017,1971,0,0,0,1,0
136154,1972,0,0,0,1,0
136163,1973,0,0,1,0,0
136292,1974,0,0,0,1,0
136393,1975,0,0,0,1,0
136510,1976,0,0,0,1,0
136620,1977,0,0,0,1,0
136711,1978,0,0,0,1,0
136713,1979,0,0,1,0,0
136830,1980,0,0,0,1,0
136956,1981,0,0,0,1,0
137067,1982,0,0,0,1,0
137186,1983,0,0,0,1,0
137305,1984,0,0,0,1,0
137366,1985,0,0,1,0,0
137472,1986,0,0,0,1,0
137618,1987,0,0,0,1,0
137717,1988,0,0,0,1,0
137806,1989,0,0,0,1,0
137934,1990,0,0,0,1,0
138059,1991,0,0,0,1,0
138153,1992,0,0,0,1,0
138274,1993,0,0,0,1,0
138377,1994,0,0,0,1,0
138502,1995,0,0,0,1,0
138591,1996,0,0,0,1,0
138687,1997,0,0,0,1,0
138780,1998,0,0,0,1,0
138919,1999,0,0,0,1,0
139046,2000,0,0,0,1,0
139168,2001,0,0,0,1,0
139302,2002,0,0,0,1,0
139431,2003,0,0,0,1,0
139535,2004,0,0,0,1,0
139664,2005,0,0,0,1,0
139797,2006,0,0,0,1,0
139923,2007,0,0,0,1,0
140043,2008,0,0,0,1,0
140106,2009,0,0,1,0,0
140215,2010,0,0,0,1,0
140306,2011,0,0,0,1,0
140436,2012,0,0,0,1,0
140447,2013,0,0,1,0,0
140449,2014,0,0,1,0,0
140567,2015,0,0,0,1,0
140668,2016,0,0,0,1,0
140778,2017,0,0,0,1,0
140870,2018,0,0,0,1,0
140981,2019,0,0,0,1,0
141093,2020,0,0,0,1,0
141190,2021,0,0,0,1,0
141304,2022,0,0,0,1,0
141435,2023,0,0,0,1,0
141543,2024,0,0,0,1,0
141553,2025,0,0,1,0,0
141651,2026,0,0,0,1,0
141660,2027,0,0,1,0,0
141771,2028,0,0,0,1,0
141861,2029,0,0,0,1,0
141969,2030,0,0,0,1,0
142071,2031,0,0,0,1,0
142160,2032,0,0,0,1,0
142282,2033,0,0,0,1,0
142419,2034,0,0,0,1,0
142522,2035,0,0,0,1,0
142634,2036,0,0,0,1,0
142727,2037,0,0,0,1,0
142854,2038,0,0,0,1,0
142994,2039,0,0,0,1,0
143056,2040,0,0,1,0,0
143190,2041,0,0,0,1,0
143303,2042,0,0,0,1,0
143416,2043,0,0,0,1,0
143524,2044,0,0,0,1,0
143622,2045,0,0,0,1,0
143743,2046,0,0,0,1,0
143857,2047,0,0,0,1,0
143864,2048,0,0,1,0,0
143963,2049,0,0,0,1,0
144052,2050,0,0,0,1,0
144187,2051,0,0,0,1,0
144305,2052,0,0,0,1,0
144413,2053,0,0,0,1,0
144526,2054,0,0,0,1,0
144624,2055,0,0,0,1,0
144748,2056,0,0,0,1,0
144877,2057,0,0,0,1,0
144978,2058,0,0,0,1,0
145089,2059,0,0,0,1,0
145215,2060,0,0,0,1,0
145217,2061,1,0,0,0,0
145324,2062,0,0,0,1,0
145440,2063,0,0,0,1,0
145447,2064,0,0,1,0,0
145549,2065,0,0,0,1,0
145662,2066,0,0,0,1,0
145666,2067,0,0,1,0,0
145787,2068,0,0,0,1,0
145790,2069,0,0,1,0,0
145934,2070,0,0,0,1,0
146051,2071,0,0,0,1,0
146154,2072,0,0,0,1,0
146173,2073,0,0,1,0,0
146314,2074,0,0,0,1,0
146428,2075,0,0,0,1,0
146430,2076,0,0,1,0,0
146553,2077,0,0,0,1,0
146661,2078,0,0,0,1,0
146791,2079,0,0,0,1,0
146882,2080,0,0,0,1,0
146999,2081,0,0,0,1,0
147129,2082,0,0,0,1,0
147252,2083,0,0,0,1,0
147369,2084,0,0,0,1,0
147461,2085,0,0,0,1,0
147596,2086,0,0,0,1,0
147714,2087,0,0,0,1,0
147726,2088,0,0,1,0,0
147867,2089,0,0,0,1,0
147997,2090,0,0,0,1,0
148114,2091,0,0,0,1,0
148248,2092,0,0,0,1,0
148350,2093,0,0,0,1,0
148474,2094,0,0,0,1,0
148584,2095,0,0,0,1,0
148686,2096,0,0,0,1,0
148815,2097,0,0,0,1,0
148928,2098,0,0,0,1,0
149055,2099,0,0,0,1,0
149173,2100,0,0,0,1,0
149266,2101,0,0,0,1,0
149269,2102,0,0,1,0,0
149392,2103,0,0,0,1,0
149527,2104,0,0,0,1,0
149532,2105,0,0,1,0,0
149650,2106,0,0,0,1,0
149798,2107,0,0,0,1,0
149887,2108,0,0,0,1,0
149976,2109,0,0,0,1,0
150090,2110,0,0,0,1,0
150199,2111,0,0,0,1,0
150302,2112,0,0,0,1,0
150437,2113,0,0,0,1,0
150545,2114,0,0,0,1,0
150547,2115,0,0,1,0,0
150657,2116,0,0,0,1,0
150784,2117,0,0,0,1,0
150881,2118,0,0,0,1,0
151009,2119,0,0,0,1,0
151072,2120,0,0,1,0,0
151215,2121,0,0,0,1,0
151314,2122,0,0,0,1,0
151385,2123,0,0,1,0,0
151517,2124,0,0,0,1,0
151606,2125,0,0,0,1,0
151752,2126,0,0,0,1,0
151843,2127,0,0,0,1,0
151984,2128,0,0,0,1,0
152091,2129,0,0,0,1,0
152095,2130,1,0,0,0,0
152229,2131,0,0,0,1,0
152346,2132,0,0,0,1,0
152485,2133,0,0,0,1,0
152618,2134,0,0,0,1,0
152752,2135,0,0,0,1,0
152876,2136,0,0,0,1,0
153007,2137,0,0,0,1,0
153146,2138,0,0,0,1,0
153264,2139,0,0,0,1,0
153377,2140,0,0,0,1,0
153476,2141,0,0,0,1,0
153603,2142,0,0,0,1,0
153695,2143,0,0,0,1,0
153816,2144,0,0,0,1,0
153915,2145,0,0,0,1,0
154015,2146,0,0,0,1,0
154143,2147,0,0,0,1,0
154262,2148,0,0,0,1,0
154369,2149,0,0,0,1,0
154459,2150,0,0,0,1,0
154577,2151,0,0,0,1,0
154666,2152,0,0,0,1,0
154763,2153,0,0,0,1,0
154886,2154,0,0,0,1,0
155018,2155,0,0,0,1,0
155152,2156,0,0,0,1,0
155261,2157,0,0,0,1,0
155382,2158,0,0,0,1,0
155471,2159,0,0,0,1,0
155570,2160,0,0,0,1,0
155698,2161,0,0,0,1,0
155797,2162,0,0,0,1,0
155829,2163,0,0,1,0,0
155922,2164,0,0,0,1,0
156028,2165,0,0,0,1,0
156174,2166,0,0,0,1,0
156303,2167,0,0,0,1,0
156435,2168,0,0,0,1,0
156573,2169,0,0,0,1,0
156688,2170,0,0,0,1,0
156821,2171,0,0,0,1,0
156937,2172,0,0,0,1,0
157068,2173,0,0,0,1,0
157180,2174,0,0,0,1,0
157281,2175,0,0,0,1,0
157415,2176,0,0,0,1,0
157458,2177,0,0,1,0,0
157595,2178,0,0,0,1,0
157718,2179,0,0,0,1,0
157720,2180,0,0,1,0,0
157851,2181,0,0,0,1,0
157959,2182,0,0,0,1,0
158070,2183,0,0,0,1,0
158197,2184,0,0,0,1,0
158298,2185,0,0,0,1,0
158420,2186,0,0,0,1,0
158546,2187,0,0,0,1,0
158657,2188,0,0,0,1,0
158779,2189,0,0,0,1,0
158882,2190,0,0,0,1,0
158983,2191,0,0,0,1,0
159038,2192,0,0,1,0,0
159127,2193,0,0,0,1,0
159221,2194,0,0,0,1,0
159330,2195,0,0,0,1,0
159419,2196,0,0,0,1,0
159508,2197,0,0,0,1,0
159615,2198,0,0,0,1,0
159727,2199,0,0,0,1,0
159832,2200,0,0,0,1,0
159953,2201,0,0,0,1,0
160096,2202,0,0,0,1,0
160193,2203,0,0,0,1,0
160319,2204,0,0,0,1,0
160455,2205,0,0,0,1,0
160582,2206,0,0,0,1,0
160722,2207,0,0,0,1,0
160855,2208,0,0,0,1,0
160965,2209,0,0,0,1,0
161081,2210,0,0,0,1,0
161190,2211,0,0,0,1,0
161314,2212,0,0,0,1,0
161317,2213,0,0,1,0,0
161406,2214,0,0,0,1,0
161526,2215,0,0,0,1,0
161535,2216,0,0,1,0,0
161627,2217,0,0,0,1,0
161739,2218,0,0,0,1,0
161848,2219,0,0,0,1,0
161937,2220,0,0,0,1,0
162062,2221,0,0,0,1,0
162191,2222,0,0,0,1,0
162328,2223,0,0,0,1,0
162447,2224,0,0,0,1,0
162577,2225,0,0,0,1,0
162705,2226,0,0,0,1,0
162802,2227,0,0,0,1,0
162906,2228,0,0,0,1,0
163019,2229,0,0,0,1,0
163142,2230,0,0,0,1,0
163269,2231,0,0,0,1,0
163412,2232,0,0,0,1,0
163501,2233,0,0,0,1,0
163502,2234,0,0,1,0,0
163618,2235,0,0,0,1,0
163733,2236,0,0,0,1,0
163736,2237,0,0,1,0,0
163738,2238,0,0,1,0,0
163843,2239,0,0,0,1,0
163978,2240,0,0,0,1,0
164094,2241,0,0,0,1,0
164219,2242,0,0,0,1,0
164315,2243,0,0,0,1,0
164439,2244,0,0,0,1,0
164568,2245,0,0,0,1,0
164696,2246,0,0,0,1,0
164823,2247,0,0,0,1,0
164912,2248,0,0,0,1,0
165001,2249,0,0,0,1,0
165125,2250,0,0,0,1,0
165224,2251,0,0,0,1,0
165352,2252,0,0,0,1,0
165490,2253,0,0,0,1,0
165628,2254,0,0,0,1,0
165747,2255,0,0,0,1,0
165867,2256,0,0,0,1,0
166003,2257,0,0,0,1,0
166140,2258,0,0,0,1,0
166255,2259,0,0,0,1,0
166381,2260,0,0,0,1,0
166474,2261,0,0,0,1,0
166578,2262,0,0,0,1,0
166712,2263,0,0,0,1,0
166839,2264,0,0,0,1,0
166945,2265,0,0,0,1,0
166946,2266,1,0,0,0,0
167088,2267,0,0,0,1,0
167103,2268,0,0,1,0,0
167233,2269,0,0,0,1,0
167345,2270,0,0,0,1,0
167473,2271,0,0,0,1,0
167591,2272,0,0,0,1,0
167739,2273,0,0,0,1,0
167838,2274,0,0,0,1,0
167966,2275,0,0,0,1,0
168086,2276,0,0,0,1,0
168188,2277,0,0,0,1,0
168308,2278,0,0,0,1,0
168313,2279,0,0,1,0,0
168314,2280,0,0,1,0,0
168450,2281,0,0,0,1,0
168570,2282,0,0,0,1,0
168703,2283,0,0,0,1,0
168819,2284,0,0,0,1,0
168911,2285,0,0,0,1,0
169023,2286,0,0,0,1,0
169137,2287,0,0,0,1,0
169273,2288,0,0,0,1,0
169281,2289,0,0,1,0,0
169370,2290,0,0,0,1,0
169478,2291,0,0,0,1,0
169575,2292,0,0,0,1,0
169688,2293,0,0,0,1,0
169836,2294,0,0,0,1,0
169944,2295,0,0,0,1,0
170054,2296,0,0,0,1,0
170120,2297,0,0,1,0,0
170242,2298,0,0,0,1,0
170382,2299,0,0,0,1,0
170471,2300,0,0,0,1,0
170587,2301,0,0,0,1,0
170690,2302,0,0,0,1,0
170816,2303,0,0,0,1,0
170935,2304,0,0,0,1,0
171055,2305,0,0,0,1,0
171191,2306,0,0,0,1,0
171323,2307,0,0,0,1,0
171429,2308,0,0,0,1,0
171540,2309,0,0,0,1,0
171545,2310,0,0,1,0,0
171670,2311,0,0,0,1,0
171671,2312,0,0,1,0,0
171774,2313,0,0,0,1,0
171913,2314,0,0,0,1,0
172017,2315,0,0,0,1,0
172148,2316,0,0,0,1,0
172258,2317,0,0,0,1,0
172380,2318,0,0,0,1,0
172484,2319,0,0,1,0,0
172574,2320,0,0,0,1,0
172709,2321,0,0,0,1,0
172714,2322,0,0,1,0,0
172845,2323,0,0,0,1,0
172934,2324,0,0,0,1,0
173023,2325,0,0,0,1,0
173164,2326,0,0,0,1,0
173294,2327,0,0,0,1,0
173297,2328,0,0,1,0,0
173386,2329,0,0,0,1,0
173523,2330,0,0,0,1,0
173620,2331,0,0,0,1,0
173737,2332,0,0,0,1,0
173853,2333,0,0,0,1,0
173991,2334,0,0,0,1,0
174124,2335,0,0,0,1,0
174241,2336,0,0,0,1,0
174367,2337,0,0,0,1,0
174467,2338,0,0,0,1,0
174604,2339,0,0,0,1,0
174737,2340,0,0,0,1,0
174859,2341,0,0,0,1,0
174964,2342,0,0,0,1,0
175086,2343,0,0,0,1,0
175186,2344,0,0,0,1,0
175329,2345,0,0,0,1,0
175464,2346,0,0,0,1,0
175562,2347,0,0,0,1,0
175651,2348,0,0,0,1,0
175779,2349,0,0,0,1,0
175894,2350,0,0,0,1,0
176040,2351,0,0,0,1,0
176041,2352,0,0,1,0,0
176147,2353,0,0,0,1,0
176245,2354,0,0,0,1,0
176360,2355,0,0,0,1,0
176470,2356,0,0,0,1,0
176605,2357,0,0,0,1,0
176733,2358,0,0,0,1,0
176871,2359,0,0,0,1,0
176966,2360,0,0,0,1,0
177059,2361,0,0,0,1,0
177175,2362,0,0,0,1,0
177302,2363,0,0,0,1,0
177430,2364,0,0,0,1,0
177527,2365,0,0,0,1,0
177641,2366,0,0,0,1,0
177770,2367,0,0,0,1,0
177859,2368,0,0,0,1,0
177977,2369,0,0,0,1,0
178108,2370,0,0,0,1,0
178211,2371,0,0,0,1,0
178351,2372,0,0,0,1,0
178465,2373,0,0,0,1,0
178614,2374,0,0,0,1,0
178727,2375,0,0,0,1,0
178820,2376,0,0,0,1,0
178949,2377,0,0,0,1,0
179040,2378,0,0,0,1,0
179182,2379,0,0,0,1,0
179309,2380,0,0,0,1,0
179439,2381,0,0,0,1,0
179547,2382,0,0,0,1,0
179679,2383,0,0,0,1,0
179768,2384,0,0,0,1,0
179865,2385,0,0,0,1,0
179973,2386,0,0,0,1,0
180062,2387,0,0,0,1,0
180197,2388,0,0,0,1,0
180332,2389,0,0,0,1,0
180454,2390,0,0,0,1,0
180604,2391,0,0,0,1,0
180702,2392,0,0,0,1,0
180830,2393,0,0,0,1,0
180956,2394,0,0,0,1,0
181069,2395,0,0,0,1,0
181165,2396,0,0,0,1,0
181295,2397,0,0,0,1,0
181394,2398,0,0,0,1,0
181503,2399,0,0,0,1,0
181614,2400,0,0,0,1,0
181664,2401,0,0,1,0,0
181765,2402,0,0,0,1,0
181856,2403,0,0,0,1,0
181988,2404,0,0,0,1,0
182117,2405,0,0,0,1,0
182236,2406,0,0,0,1,0
182352,2407,0,0,0,1,0
182465,2408,0,0,0,1,0
182568,2409,0,0,0,1,0
182696,2410,0,0,0,1,0
182790,2411,0,0,0,1,0
182923,2412,0,0,0,1,0
182980,2413,0,0,1,0,0
183111,2414,0,0,0,1,0
183208,2415,0,0,0,1,0
183344,2416,0,0,0,1,0
183449,2417,0,0,0,1,0
183567,2418,0,0,0,1,0
183708,2419,0,0,0,1,0
183839,2420,0,0,0,1,0
183936,2421,0,0,0,1,0
184069,2422,0,0,0,1,0
184204,2423,0,0,0,1,0
184351,2424,0,0,0,1,0
184476,2425,0,0,0,1,0
184576,2426,0,0,0,1,0
184710,2427,0,0,0,1,0
184779,2428,0,0,1,0,0
184873,2429,0,0,0,1,0
185012,2430,0,0,0,1,0
185126,2431,0,0,0,1,0
185228,2432,0,0,0,1,0
185337,2433,0,0,0,1,0
185486,2434,0,0,0,1,0
185604,2435,0,0,0,1,0
185732,2436,0,0,0,1,0
185794,2437,0,0,1,0,0
185902,2438,0,0,0,1,0
186022,2439,0,0,0,1,0
186168,2440,0,0,0,1,0
186272,2441,0,0,0,1,0
186283,2442,0,0,1,0,0
186383,2443,0,0,0,1,0
186515,2444,0,0,0,1,0
186646,2445,0,0,0,1,0
186764,2446,0,0,0,1,0
186896,2447,0,0,0,1,0
186985,2448,0,0,0,1,0
187107,2449,0,0,0,1,0
187225,2450,0,0,0,1,0
187327,2451,0,0,0,1,0
187451,2452,0,0,0,1,0
187564,2453,0,0,0,1,0
187653,2454,0,0,0,1,0
187766,2455,0,0,0,1,0
187884,2456,0,0,0,1,0
187973,2457,0,0,0,1,0
188064,2458,0,0,0,1,0
188198,2459,0,0,0,1,0
188262,2460,0,0,1,0,0
188369,2461,0,0,0,1,0
188485,2462,0,0,0,1,0
188574,2463,0,0,0,1,0
188690,2464,0,0,0,1,0
188817,2465,0,0,0,1,0
188947,2466,0,0,0,1,0
189062,2467,0,0,0,1,0
189075,2468,0,0,1,0,0
189140,2469,0,0,1,0,0
189250,2470,0,0,0,1,0
189363,2471,0,0,0,1,0
189457,2472,0,0,0,1,0
189570,2473,0,0,0,1,0
189676,2474,0,0,0,1,0
189680,2475,0,0,1,0,0
189739,2476,0,0,1,0,0
189887,2477,0,0,0,1,0
189988,2478,0,0,0,1,0
190092,2479,0,0,0,1,0
190196,2480,0,0,0,1,0
190342,2481,0,0,0,1,0
190470,2482,0,0,0,1,0
190602,2483,0,0,0,1,0
190641,2484,0,0,1,0,0
190752,2485,0,0,0,1,0
190864,2486,0,0,0,1,0
190972,2487,0,0,0,1,0
191087,2488,0,0,0,1,0
191200,2489,0,0,0,1,0
191333,2490,0,0,0,1,0
191422,2491,0,0,0,1,0
191561,2492,0,0,0,1,0
191650,2493,0,0,0,1,0
191795,2494,0,0,0,1,0
191899,2495,0,0,0,1,0
192005,2496,0,0,0,1,0
192106,2497,0,0,0,1,0
192209,2498,0,0,0,1,0
192320,2499,0,0,0,1,0
192330,2500,0,0,1,0,0
192439,2501,0,0,0,1,0
192542,2502,0,0,0,1,0
192645,2503,0,0,0,1,0
192767,2504,0,0,0,1,0
192885,2505,0,0,0,1,0
193026,2506,0,0,0,1,0
193144,2507,0,0,0,1,0
193193,2508,0,0,1,0,0
193291,2509,0,0,0,1,0
193404,2510,0,0,0,1,0
193542,2511,0,0,0,1,0
193684,2512,0,0,0,1,0
193794,2513,0,0,0,1,0
193915,2514,0,0,0,1,0
194023,2515,0,0,0,1,0
194106,2516,0,0,1,0,0
194109,2517,0,0,1,0,0
194212,2518,0,0,0,1,0
194323,2519,0,0,0,1,0
194435,2520,0,0,0,1,0
194559,2521,0,0,0,1,0
194674,2522,0,0,0,1,0
194788,2523,0,0,0,1,0
194903,2524,0,0,0,1,0
195036,2525,0,0,0,1,0
195140,2526,0,0,0,1,0
195281,2527,0,0,0,1,0
195391,2528,0,0,0,1,0
195526,2529,0,0,0,1,0
195643,2530,0,0,0,1,0
195763,2531,0,0,0,1,0
195867,2532,0,0,0,1,0
195999,2533,0,0,0,1,0
196089,2534,0,0,0,1,0
196201,2535,0,0,0,1,0
196206,2536,0,0,1,0,0
196319,2537,0,0,0,1,0
196413,2538,0,0,0,1,0
196415,2539,0,0,1,0,0
196551,2540,0,0,0,1,0
196655,2541,0,0,0,1,0
196786,2542,0,0,0,1,0
196920,2543,0,0,0,1,0
196923,2544,0,0,1,0,0
196934,2545,0,0,1,0,0
197047,2546,0,0,0,1,0
197155,2547,0,0,0,1,0
197267,2548,0,0,0,1,0
197397,2549,0,0,0,1,0
197500,2550,0,0,0,1,0
197608,2551,0,0,0,1,0
197742,2552,0,0,0,1,0
197870,2553,0,0,0,1,0
197991,2554,0,0,0,1,0
198097,2555,0,0,0,1,0
198109,2556,0,0,1,0,0
198205,2557,0,0,0,1,0
198305,2558,0,0,0,1,0
198437,2559,0,0,0,1,0
198527,2560,0,0,0,1,0
198662,2561,0,0,0,1,0
198669,2562,0,0,1,0,0
198772,2563,0,0,0,1,0
198876,2564,0,0,0,1,0
198981,2565,0,0,0,1,0
199109,2566,0,0,0,1,0
199174,2567,0,0,1,0,0
199276,2568,0,0,0,1,0
199415,2569,0,0,0,1,0
199516,2570,0,0,0,1,0
199589,2571,0,0,1,0,0
199698,2572,0,0,0,1,0
199836,2573,0,0,0,1,0
199960,2574,0,0,0,1,0
200110,2575,0,0,0,1,0
200224,2576,0,0,0,1,0
200274,2577,0,0,1,0,0
200366,2578,0,0,0,1,0
200467,2579,0,0,0,1,0
200579,2580,0,0,0,1,0
200721,2581,0,0,0,1,0
200859,2582,0,0,0,1,0
200948,2583,0,0,0,1,0
201067,2584,0,0,0,1,0
201169,2585,0,0,0,1,0
201299,2586,0,0,0,1,0
201438,2587,0,0,0,1,0
201556,2588,0,0,0,1,0
201660,2589,0,0,0,1,0
201789,2590,0,0,0,1,0
201902,2591,0,0,0,1,0
201999,2592,0,0,0,1,0
202093,2593,0,0,0,1,0
202226,2594,0,0,0,1,0
202324,2595,0,0,0,1,0
202462,2596,0,0,0,1,0
202569,2597,0,0,0,1,0
202659,2598,0,0,0,1,0
202808,2599,0,0,0,1,0
202954,2600,0,0,0,1,0
202959,2601,0,0,1,0,0
203075,2602,0,0,0,1,0
203176,2603,0,0,0,1,0
203269,2604,0,0,0,1,0
203392,2605,0,0,0,1,0
203519,2606,0,0,0,1,0
203663,2607,0,0,0,1,0
203762,2608,0,0,0,1,0
203765,2609,0,0,1,0,0
203859,2610,0,0,0,1,0
203966,2611,0,0,0,1,0
204100,2612,0,0,0,1,0
204231,2613,0,0,0,1,0
204359,2614,0,0,0,1,0
204499,2615,0,0,0,1,0
204616,2616,0,0,0,1,0
204751,2617,0,0,0,1,0
204853,2618,0,0,0,1,0
204944,2619,0,0,0,1,0
205052,2620,0,0,0,1,0
205057,2621,1,0,0,0,0
205184,2622,0,0,0,1,0
205293,2623,0,0,0,1,0
205412,2624,0,0,0,1,0
205549,2625,0,0,0,1,0
205638,2626,0,0,0,1,0
205760,2627,0,0,0,1,0
205763,2628,0,0,1,0,0
205855,2629,0,0,0,1,0
205982,2630,0,0,0,1,0
206126,2631,0,0,0,1,0
206253,2632,0,0,0,1,0
206265,2633,0,0,1,0,0
206373,2634,0,0,0,1,0
206484,2635,0,0,0,1,0
206487,2636,0,0,1,0,0
206628,2637,0,0,0,1,0
206746,2638,0,0,0,1,0
206750,2639,0,0,1,0,0
206893,2640,0,0,0,1,0
206980,2641,0,0,0,1,0
206982,2642,0,0,1,0,0
207124,2643,0,0,0,1,0
207130,2644,0,0,1,0,0
207268,2645,0,0,0,1,0
207395,2646,0,0,0,1,0
207487,2647,0,0,0,1,0
207495,2648,0,0,1,0,0
207627,2649,0,0,0,1,0
207716,2650,0,0,0,1,0
207830,2651,0,0,0,1,0
207831,2652,0,0,1,0,0
207835,2653,0,0,1,0,0
207839,2654,1,0,0,0,0
207977,2655,0,0,0,1,0
208084,2656,0,0,0,1,0
208213,2657,0,0,0,1,0
208332,2658,0,0,0,1,0
208447,2659,0,0,0,1,0
208557,2660,0,0,0,1,0
208667,2661,0,0,0,1,0
208776,2662,0,0,0,1,0
208865,2663,0,0,0,1,0
208960,2664,0,0,0,1,0
209085,2665,0,0,0,1,0
209112,2666,0,0,1,0,0
209115,2667,1,0,0,0,0
209222,2668,0,0,0,1,0
209354,2669,0,0,0,1,0
209453,2670,0,0,0,1,0
209590,2671,0,0,0,1,0
209689,2672,0,0,1,0,0
209729,2673,0,0,1,0,0
209860,2674,0,0,0,1,0
209968,2675,0,0,0,1,0
210112,2676,0,0,0,1,0
210237,2677,0,0,0,1,0
210382,2678,0,0,0,1,0
210481,2679,0,0,0,1,0
210604,2680,0,0,0,1,0
210713,2681,0,0,0,1,0
210822,2682,0,0,0,1,0
210937,2683,0,0,0,1,0
211051,2684,0,0,0,1,0
211179,2685,0,0,0,1,0
211280,2686,0,0,0,1,0
211374,2687,0,0,0,1,0
211375,2688,0,0,1,0,0
211500,2689,0,0,0,1,0
211600,2690,0,0,0,1,0
211701,2691,0,0,0,1,0
211818,2692,0,0,0,1,0
211823,2693,0,0,1,0,0
211935,2694,0,0,0,1,0
212065,2695,0,0,0,1,0
212118,2696,0,0,1,0,0
212249,2697,0,0,0,1,0
212381,2698,0,0,0,1,0
212385,2699,1,0,0,0,0
212486,2700,0,0,0,1,0
212592,2701,0,0,0,1,0
212699,2702,0,0,0,1,0
212722,2703,0,0,1,0,0
212850,2704,0,0,0,1,0
212977,2705,0,0,0,1,0
213110,2706,0,0,0,1,0
213209,2707,0,0,0,1,0
213320,2708,0,0,0,1,0
213433,2709,0,0,0,1,0
213549,2710,0,0,0,1,0
213680,2711,0,0,0,1,0
213784,2712,0,0,0,1,0
213900,2713,0,0,0,1,0
214050,2714,0,0,0,1,0
214139,2715,0,0,0,1,0
214271,2716,0,0,0,1,0
214410,2717,0,0,0,1,0
214547,2718,0,0,0,1,0
214668,2719,0,0,0,1,0
214807,2720,0,0,0,1,0
214945,2721,0,0,0,1,0
214959,2722,0,0,1,0,0
215058,2723,0,0,0,1,0
215181,2724,0,0,0,1,0
215316,2725,0,0,0,1,0
215444,2726,0,0,0,1,0
215533,2727,0,0,0,1,0
215673,2728,0,0,0,1,0
215762,2729,0,0,0,1,0
215885,2730,0,0,0,1,0
216020,2731,0,0,0,1,0
216123,2732,0,0,0,1,0
216236,2733,0,0,0,1,0
216331,2734,0,0,0,1,0
216447,2735,0,0,0,1,0
216571,2736,0,0,0,1,0
216689,2737,0,0,0,1,0
216819,2738,0,0,0,1,0
216930,2739,0,0,0,1,0
217044,2740,0,0,0,1,0
217176,2741,0,0,0,1,0
217275,2742,0,0,0,1,0
217401,2743,0,0,0,1,0
217507,2744,0,0,0,1,0
217626,2745,0,0,0,1,0
217752,2746,0,0,0,1,0
217885,2747,0,0,0,1,0
217992,2748,0,0,0,1,0
218109,2749,0,0,0,1,0
218202,2750,0,0,0,1,0
218317,2751,0,0,0,1,0
218438,2752,0,0,0,1,0
218543,2753,0,0,0,1,0
218653,2754,0,0,0,1,0
218684,2755,0,0,1,0,0
218781,2756,0,0,0,1,0
218875,2757,0,0,0,1,0
218891,2758,0,0,1,0,0
218990,2759,0,0,0,1,0
219139,2760,0,0,0,1,0
219143,2761,0,0,1,0,0
219244,2762,0,0,0,1,0
219349,2763,0,0,0,1,0
219471,2764,0,0,0,1,0
219587,2765,0,0,0,1,0
219687,2766,0,0,0,1,0
219787,2767,0,0,0,1,0
219926,2768,0,0,0,1,0
220040,2769,0,0,0,1,0
220168,2770,0,0,0,1,0
220227,2771,0,0,1,0,0
220368,2772,0,0,0,1,0
220486,2773,0,0,0,1,0
220581,2774,0,0,0,1,0
220718,2775,0,0,0,1,0
220849,2776,0,0,0,1,0
220976,2777,0,0,0,1,0
221098,2778,0,0,0,1,0
221205,2779,0,0,0,1,0
221329,2780,0,0,0,1,0
221423,2781,0,0,0,1,0
221434,2782,0,0,1,0,0
221567,2783,0,0,0,1,0
221681,2784,0,0,0,1,0
221801,2785,0,0,0,1,0
221932,2786,0,0,0,1,0
222065,2787,0,0,0,1,0
222196,2788,0,0,0,1,0
222287,2789,0,0,0,1,0
222392,2790,0,0,0,1,0
222481,2791,0,0,0,1,0
222578,2792,0,0,0,1,0
222691,2793,0,0,0,1,0
222793,2794,0,0,0,1,0
222921,2795,0,0,0,1,0
223026,2796,0,0,0,1,0
223145,2797,0,0,0,1,0
223246,2798,0,0,0,1,0
223306,2799,0,0,1,0,0
223406,2800,0,0,0,1,0
223512,2801,0,0,0,1,0
223624,2802,0,0,0,1,0
223747,2803,0,0,0,1,0
223888,2804,0,0,0,1,0
224027,2805,0,0,0,1,0
224141,2806,0,0,0,1,0
224230,2807,0,0,0,1,0
224342,2808,0,0,0,1,0
224480,2809,0,0,0,1,0
224601,2810,0,0,0,1,0
224703,2811,0,0,0,1,0
224819,2812,0,0,0,1,0
224935,2813,0,0,0,1,0
225061,2814,0,0,0,1,0
225177,2815,0,0,0,1,0
225315,2816,0,0,0,1,0
225443,2817,0,0,0,1,0
225566,2818,0,0,0,1,0
225686,2819,0,0,0,1,0
225724,2820,0,0,1,0,0
225823,2821,0,0,0,1,0
225949,2822,0,0,0,1,0
226070,2823,0,0,0,1,0
226193,2824,0,0,0,1,0
226311,2825,0,0,0,1,0
226430,2826,0,0,0,1,0
226546,2827,0,0,0,1,0
226606,2828,0,0,1,0,0
226737,2829,0,0,0,1,0
226863,2830,0,0,0,1,0
226864,2831,1,0,0,0,0
226989,2832,0,0,0,1,0
227093,2833,0,0,0,1,0
227116,2834,0,0,1,0,0
227217,2835,0,0,0,1,0
227331,2836,0,0,0,1,0
227338,2837,0,0,1,0,0
227341,2838,0,0,1,0,0
227475,2839,0,0,0,1,0
227595,2840,0,0,0,1,0
227744,2841,0,0,0,1,0
227870,2842,0,0,0,1,0
228015,2843,0,0,0,1,0
228138,2844,0,0,0,1,0
228250,2845,0,0,0,1,0
228353,2846,0,0,0,1,0
228449,2847,0,0,0,1,0
228450,2848,1,0,0,0,0
228454,2849,0,0,1,0,0
228595,2850,0,0,0,1,0
228597,2851,0,0,1,0,0
228719,2852,0,0,0,1,0
228856,2853,0,0,0,1,0
228957,2854,0,0,0,1,0
228959,2855,0,0,1,0,0
229088,2856,0,0,0,1,0
229233,2857,0,0,0,1,0
229326,2858,0,0,0,1,0
229447,2859,0,0,0,1,0
229543,2860,0,0,0,1,0
229679,2861,0,0,0,1,0
229817,2862,0,0,0,1,0
229948,2863,0,0,0,1,0
230056,2864,0,0,0,1,0
230190,2865,0,0,0,1,0
230194,2866,0,0,1,0,0
230314,2867,0,0,0,1,0
230441,2868,0,0,0,1,0
230572,2869,0,0,0,1,0
230674,2870,0,0,0,1,0
230786,2871,0,0,0,1,0
230907,2872,0,0,0,1,0
231040,2873,0,0,0,1,0
231171,2874,0,0,0,1,0
231277,2875,0,0,0,1,0
231411,2876,0,0,0,1,0
231541,2877,0,0,0,1,0
231675,2878,0,0,0,1,0
231804,2879,0,0,0,1,0
231934,2880,0,0,0,1,0
232050,2881,0,0,0,1,0
232154,2882,0,0,0,1,0
232287,2883,0,0,0,1,0
232400,2884,0,0,0,1,0
232515,2885,0,0,0,1,0
232625,2886,0,0,0,1,0
232653,2887,0,0,1,0,0
232783,2888,0,0,0,1,0
232906,2889,0,0,0,1,0
233023,2890,0,0,0,1,0
233176,2891,0,0,0,1,0
233278,2892,0,0,0,1,0
233388,2893,0,0,0,1,0
233480,2894,0,0,0,1,0
233610,2895,0,0,0,1,0
233700,2896,0,0,0,1,0
233840,2897,0,0,0,1,0
233966,2898,0,0,0,1,0
234120,2899,0,0,0,1,0
234161,2900,0,0,1,0,0
234289,2901,0,0,0,1,0
234394,2902,0,0,0,1,0
234510,2903,0,0,0,1,0
234612,2904,0,0,0,1,0
234734,2905,0,0,0,1,0
234847,2906,0,0,0,1,0
234965,2907,0,0,0,1,0
235035,2908,0,0,1,0,0
235183,2909,0,0,0,1,0
235280,2910,0,0,0,1,0
235382,2911,0,0,0,1,0
235516,2912,0,0,0,1,0
235610,2913,0,0,0,1,0
235720,2914,0,0,0,1,0
235853,2915,0,0,0,1,0
235993,2916,0,0,0,1,0
236114,2917,0,0,0,1,0
236226,2918,0,0,0,1,0
236338,2919,0,0,0,1,0
236427,2920,0,0,0,1,0
236459,2921,0,0,1,0,0
236557,2922,0,0,0,1,0
236679,2923,0,0,0,1,0
236808,2924,0,0,0,1,0
236941,2925,0,0,0,1,0
236959,2926,0,0,1,0,0
237070,2927,0,0,0,1,0
237164,2928,0,0,0,1,0
237267,2929,0,0,0,1,0
237379,2930,0,0,0,1,0
237492,2931,0,0,0,1,0
237607,2932,0,0,0,1,0
237705,2933,0,0,1,0,0
237811,2934,0,0,0,1,0
237947,2935,0,0,0,1,0
238063,2936,0,0,0,1,0
238205,2937,0,0,0,1,0
238297,2938,0,0,0,1,0
238400,2939,0,0,0,1,0
238502,2940,0,0,0,1,0
238628,2941,0,0,0,1,0
238758,2942,0,0,0,1,0
238895,2943,0,0,0,1,0
239003,2944,0,0,0,1,0
239134,2945,0,0,0,1,0
239239,2946,0,0,0,1,0
239368,2947,0,0,0,1,0
239462,2948,0,0,0,1,0
239466,2949,0,0,1,0,0
239598,2950,0,0,0,1,0
239707,2951,0,0,0,1,0
239850,2952,0,0,0,1,0
239956,2953,0,0,0,1,0
240099,2954,0,0,0,1,0
240211,2955,0,0,0,1,0
240332,2956,0,0,0,1,0
240435,2957,0,0,0,1,0
240563,2958,0,0,0,1,0
240726,2959,0,0,0,1,0
240842,2960,0,0,0,1,0
240946,2961,0,0,0,1,0
241084,2962,0,0,0,1,0
241190,2963,0,0,0,1,0
241315,2964,0,0,0,1,0
241322,2965,0,0,1,0,0
241446,2966,0,0,0,1,0
241578,2967,0,0,0,1,0
241678,2968,0,0,0,1,0
241802,2969,0,0,0,1,0
241924,2970,0,0,0,1,0
242030,2971,0,0,0,1,0
242155,2972,0,0,0,1,0
242282,2973,0,0,0,1,0
242394,2974,0,0,0,1,0
242523,2975,0,0,0,1,0
242657,2976,0,0,0,1,0
242774,2977,0,0,0,1,0
242897,2978,0,0,0,1,0
242902,2979,1,0,0,0,0
243036,2980,0,0,0,1,0
243167,2981,0,0,0,1,0
243288,2982,0,0,0,1,0
243415,2983,0,0,0,1,0
243535,2984,0,0,0,1,0
243625,2985,0,0,0,1,0
243751,2986,0,0,0,1,0
243848,2987,0,0,0,1,0
243942,2988,0,0,0,1,0
244057,2989,0,0,0,1,0
244188,2990,0,0,0,1,0
244309,2991,0,0,0,1,0
244442,2992,0,0,0,1,0
244579,2993,0,0,0,1,0
244693,2994,0,0,0,1,0
244827,2995,0,0,0,1,0
244916,2996,0,0,0,1,0
245025,2997,0,0,0,1,0
245029,2998,0,0,1,0,0
245173,2999,0,0,0,1,0
245269,3000,0,0,0,1,0
245362,3001,0,0,0,1,0
245475,3002,0,0,0,1,0
245564,3003,0,0,0,1,0
245701,3004,0,0,0,1,0
245832,3005,0,0,0,1,0
245958,3006,0,0,0,1,0
246101,3007,0,0,0,1,0
246231,3008,0,0,0,1,0
246357,3009,0,0,0,1,0
246479,3010,0,0,0,1,0
246573,3011,0,0,0,1,0
246700,3012,0,0,0,1,0
246705,3013,0,0,1,0,0
246802,3014,0,0,0,1,0
246923,3015,0,0,0,1,0
247058,3016,0,0,0,1,0
247208,3017,0,0,0,1,0
247346,3018,0,0,0,1,0
247419,3019,0,0,1,0,0
247550,3020,0,0,0,1,0
247692,3021,0,0,0,1,0
247793,3022,0,0,0,1,0
247934,3023,0,0,0,1,0
248073,3024,0,0,0,1,0
248192,3025,0,0,0,1,0
248321,3026,0,0,0,1,0
248444,3027,0,0,0,1,0
248555,3028,0,0,0,1,0
248653,3029,0,0,0,1,0
248656,3030,0,0,1,0,0
248758,3031,0,0,0,1,0
248908,3032,0,0,0,1,0
249018,3033,0,0,0,1,0
249117,3034,0,0,0,1,0
249255,3035,0,0,0,1,0
249381,3036,0,0,0,1,0
249501,3037,0,0,0,1,0
249607,3038,0,0,0,1,0
249731,3039,0,0,0,1,0
249863,3040,0,0,0,1,0
249959,3041,0,0,0,1,0
250085,3042,0,0,0,1,0
250179,3043,0,0,0,1,0
250298,3044,0,0,0,1,0
250434,3045,0,0,0,1,0
250571,3046,0,0,0,1,0
250686,3047,0,0,0,1,0
250816,3048,0,0,0,1,0
250957,3049,0,0,0,1,0
251081,3050,0,0,0,1,0
251183,3051,0,0,0,1,0
251224,3052,0,0,1,0,0
251345,3053,0,0,0,1,0
251437,3054,0,0,0,1,0
251567,3055,0,0,0,1,0
251668,3056,0,0,0,1,0
251769,3057,0,0,0,1,0
251877,3058,0,0,0,1,0
251967,3059,0,0,0,1,0
252094,3060,0,0,0,1,0
252236,3061,0,0,0,1,0
252367,3062,0,0,0,1,0
252504,3063,0,0,0,1,0
252596,3064,0,0,0,1,0
252717,3065,0,0,0,1,0
252733,3066,0,0,1,0,0
252853,3067,0,0,0,1,0
252966,3068,0,0,0,1,0
253080,3069,0,0,0,1,0
253204,3070,0,0,0,1,0
253314,3071,0,0,0,1,0
253447,3072,0,0,0,1,0
253572,3073,0,0,0,1,0
253704,3074,0,0,0,1,0
253805,3075,0,0,0,1,0
253919,3076,0,0,0,1,0
254045,3077,0,0,0,1,0
254192,3078,0,0,0,1,0
254330,3079,0,0,0,1,0
254437,3080,0,0,0,1,0
254570,3081,0,0,0,1,0
254702,3082,0,0,0,1,0
254704,3083,0,0,1,0,0
254837,3084,0,0,0,1,0
254926,3085,0,0,0,1,0
255063,3086,0,0,0,1,0
255184,3087,0,0,0,1,0
255276,3088,0,0,0,1,0
255366,3089,0,0,0,1,0
255499,3090,0,0,0,1,0
255630,3091,0,0,0,1,0
255634,3092,0,0,1,0,0
255739,3093,0,0,0,1,0
255880,3094,0,0,0,1,0
256003,3095,0,0,0,1,0
256138,3096,0,0,0,1,0
256250,3097,0,0,0,1,0
256403,3098,0,0,0,1,0
256529,3099,0,0,0,1,0
256666,3100,0,0,0,1,0
256768,3101,0,0,0,1,0
256779,3102,0,0,1,0,0
256886,3103,0,0,0,1,0
257004,3104,0,0,0,1,0
257117,3105,0,0,0,1,0
257219,3106,0,0,0,1,0
257354,3107,0,0,0,1,0
257478,3108,0,0,0,1,0
257569,3109,0,0,0,1,0
257699,3110,0,0,0,1,0
257828,3111,0,0,0,1,0
257940,3112,0,0,0,1,0
258049,3113,0,0,0,1,0
258148,3114,0,0,0,1,0
258258,3115,0,0,0,1,0
258392,3116,0,0,0,1,0
258541,3117,0,0,0,1,0
258683,3118,0,0,0,1,0
258811,3119,0,0,0,1,0
258949,3120,0,0,0,1,0
259053,3121,0,0,0,1,0
259177,3122,0,0,0,1,0
259198,3123,0,0,1,0,0
259340,3124,0,0,0,1,0
259471,3125,0,0,0,1,0
259561,3126,0,0,0,1,0
259698,3127,0,0,0,1,0
259801,3128,0,0,0,1,0
259888,3129,0,0,0,1,0
260018,3130,0,0,0,1,0
260155,3131,0,0,0,1,0
260289,3132,0,0,0,1,0
260379,3133,0,0,0,1,0
260521,3134,0,0,0,1,0
260643,3135,0,0,0,1,0
260716,3136,0,0,1,0,0
260718,3137,0,0,1,0,0
260820,3138,0,0,0,1,0
260930,3139,0,0,0,1,0
261051,3140,0,0,0,1,0
261172,3141,0,0,0,1,0
261261,3142,0,0,0,1,0
261264,3143,1,0,0,0,0
261388,3144,0,0,0,1,0
261477,3145,0,0,0,1,0
261589,3146,0,0,0,1,0
261694,3147,0,0,0,1,0
261789,3148,0,0,0,1,0
261911,3149,0,0,0,1,0
262000,3150,0,0,0,1,0
262133,3151,0,0,0,1,0
262248,3152,0,0,0,1,0
262385,3153,0,0,0,1,0
262498,3154,0,0,0,1,0
262566,3155,0,0,1,0,0
262676,3156,0,0,0,1,0
262795,3157,0,0,0,1,0
262893,3158,0,0,0,1,0
262997,3159,0,0,0,1,0
263086,3160,0,0,0,1,0
263201,3161,0,0,0,1,0
263341,3162,0,0,0,1,0
263454,3163,0,0,0,1,0
263572,3164,0,0,0,1,0
263661,3165,0,0,0,1,0
263794,3166,0,0,0,1,0
263901,3167,0,0,0,1,0
264002,3168,0,0,0,1,0
264135,3169,0,0,0,1,0
264276,3170,0,0,0,1,0
264383,3171,0,0,0,1,0
264515,3172,0,0,0,1,0
264604,3173,0,0,0,1,0
264738,3174,0,0,0,1,0
264834,3175,0,0,0,1,0
264962,3176,0,0,0,1,0
265097,3177,0,0,0,1,0
265216,3178,0,0,0,1,0
265339,3179,0,0,0,1,0
265488,3180,0,0,0,1,0
265611,3181,0,0,0,1,0
265716,3182,0,0,0,1,0
265852,3183,0,0,0,1,0
265949,3184,0,0,1,0,0
265970,3185,0,0,1,0,0
266105,3186,0,0,0,1,0
266223,3187,0,0,0,1,0
266348,3188,0,0,0,1,0
266470,3189,0,0,0,1,0
266602,3190,0,0,0,1,0
266712,3191,0,0,0,1,0
266811,3192,0,0,0,1,0
266947,3193,0,0,0,1,0
267063,3194,0,0,0,1,0
267181,3195,0,0,0,1,0
267279,3196,0,0,0,1,0
267282,3197,0,0,1,0,0
267382,3198,0,0,0,1,0
267506,3199,0,0,0,1,0
267621,3200,0,0,0,1,0
267763,3201,0,0,0,1,0
267859,3202,0,0,0,1,0
267954,3203,0,0,0,1,0
268068,3204,0,0,0,1,0
268161,3205,0,0,0,1,0
268264,3206,0,0,0,1,0
268388,3207,0,0,0,1,0
268513,3208,0,0,0,1,0
268656,3209,0,0,0,1,0
268781,3210,0,0,0,1,0
268895,3211,0,0,0,1,0
269020,3212,0,0,0,1,0
269146,3213,0,0,0,1,0
269284,3214,0,0,0,1,0
269408,3215,0,0,0,1,0
269519,3216,0,0,0,1,0
269619,3217,0,0,0,1,0
269762,3218,0,0,0,1,0
269904,3219,0,0,0,1,0
270043,3220,0,0,0,1,0
270174,3221,0,0,0,1,0
270263,3222,0,0,0,1,0
270390,3223,0,0,0,1,0
270492,3224,0,0,0,1,0
270642,3225,0,0,0,1,0
270741,3226,0,0,0,1,0
270875,3227,0,0,0,1,0
270931,3228,0,0,1,0,0
271043,3229,0,0,0,1,0
271149,3230,0,0,0,1,0
271258,3231,0,0,0,1,0
271399,3232,0,0,0,1,0
271534,3233,0,0,0,1,0
271649,3234,0,0,0,1,0
271752,3235,0,0,0,1,0
271882,3236,0,0,0,1,0
272000,3237,0,0,0,1,0
272132,3238,0,0,0,1,0
272134,3239,1,0,0,0,0
272270,3240,0,0,0,1,0
272413,3241,0,0,0,1,0
272545,3242,0,0,0,1,0
272671,3243,0,0,0,1,0
272787,3244,0,0,0,1,0
272791,3245,0,0,1,0,0
272922,3246,0,0,0,1,0
273062,3247,0,0,0,1,0
273069,3248,0,0,1,0,0
273194,3249,0,0,0,1,0
273344,3250,0,0,0,1,0
273454,3251,0,0,0,1,0
273592,3252,0,0,0,1,0
273694,3253,0,0,0,1,0
273700,3254,0,0,1,0,0
273803,3255,0,0,0,1,0
273921,3256,0,0,0,1,0
274064,3257,0,0,0,1,0
274197,3258,0,0,0,1,0
274318,3259,0,0,0,1,0
274427,3260,0,0,0,1,0
274522,3261,0,0,0,1,0
274669,3262,0,0,0,1,0
274688,3263,0,0,1,0,0
274739,3264,0,0,1,0,0
274820,3265,0,0,1,0,0
274915,3266,0,0,0,1,0
275034,3267,0,0,0,1,0
275156,3268,0,0,0,1,0
275288,3269,0,0,0,1,0
275384,3270,0,0,0,1,0
275519,3271,0,0,0,1,0
275640,3272,0,0,0,1,0
275774,3273,0,0,0,1,0
275907,3274,0,0,0,1,0
276016,3275,0,0,0,1,0
276138,3276,0,0,0,1,0
276268,3277,0,0,0,1,0
276382,3278,0,0,0,1,0
276474,3279,0,0,0,1,0
276592,3280,0,0,0,1,0
276728,3281,0,0,0,1,0
276738,3282,0,0,1,0,0
276858,3283,0,0,0,1,0
276862,3284,0,0,1,0,0
277002,3285,0,0,0,1,0
277123,3286,0,0,0,1,0
277257,3287,0,0,0,1,0
277394,3288,0,0,0,1,0
277506,3289,0,0,0,1,0
277615,3290,0,0,0,1,0
277738,3291,0,0,0,1,0
277882,3292,0,0,0,1,0
278006,3293,0,0,0,1,0
278113,3294,0,0,0,1,0
278213,3295,0,0,0,1,0
278320,3296,0,0,0,1,0
278464,3297,0,0,0,1,0
278560,3298,0,0,0,1,0
278661,3299,0,0,0,1,0
278781,3300,0,0,0,1,0
278902,3301,0,0,0,1,0
279031,3302,0,0,0,1,0
279138,3303,0,0,0,1,0
279236,3304,0,0,0,1,0
279242,3305,1,0,0,0,0
279367,3306,0,0,0,1,0
279515,3307,0,0,0,1,0
279604,3308,0,0,0,1,0
279693,3309,0,0,0,1,0
279782,3310,0,0,0,1,0
279888,3311,0,0,0,1,0
279932,3312,0,0,1,0,0
280058,3313,0,0,0,1,0
280179,3314,0,0,0,1,0
280269,3315,0,0,0,1,0
280414,3316,0,0,0,1,0
280523,3317,0,0,0,1,0
280656,3318,0,0,0,1,0
280772,3319,0,0,0,1,0
280914,3320,0,0,0,1,0
281045,3321,0,0,0,1,0
281174,3322,0,0,0,1,0
281294,3323,0,0,0,1,0
281396,3324,0,0,0,1,0
281494,3325,0,0,0,1,0
281605,3326,0,0,0,1,0
281745,3327,0,0,0,1,0
281881,3328,0,0,0,1,0
281982,3329,0,0,0,1,0
282096,3330,0,0,0,1,0
282219,3331,0,0,0,1,0
282349,3332,0,0,0,1,0
282487,3333,0,0,0,1,0
282631,3334,0,0,0,1,0
282767,3335,0,0,0,1,0
282768,3336,0,0,1,0,0
282892,3337,0,0,0,1,0
282988,3338,0,0,0,1,0
283112,3339,0,0,0,1,0
283201,3340,0,0,0,1,0
283302,3341,0,0,0,1,0
283428,3342,0,0,0,1,0
283526,3343,0,0,0,1,0
283670,3344,0,0,0,1,0
283772,3345,0,0,0,1,0
283875,3346,0,0,0,1,0
283998,3347,0,0,0,1,0
284087,3348,0,0,0,1,0
284214,3349,0,0,0,1,0
284351,3350,0,0,0,1,0
284448,3351,0,0,0,1,0
284553,3352,0,0,0,1,0
284653,3353,0,0,0,1,0
284783,3354,0,0,0,1,0
284907,3355,0,0,0,1,0
285012,3356,0,0,0,1,0
285183,3357,0,0,0,1,0
285289,3358,0,0,0,1,0
285408,3359,0,0,0,1,0
285541,3360,0,0,0,1,0
285630,3361,0,0,0,1,0
285719,3362,0,0,0,1,0
285845,3363,0,0,0,1,0
285978,3364,0,0,0,1,0
286120,3365,0,0,0,1,0
286213,3366,0,0,0,1,0
286302,3367,0,0,0,1,0
286423,3368,0,0,0,1,0
286537,3369,0,0,0,1,0
286541,3370,0,0,1,0,0
286680,3371,0,0,0,1,0
286788,3372,0,0,0,1,0
286882,3373,0,0,0,1,0
287008,3374,0,0,0,1,0
287118,3375,0,0,0,1,0
287252,3376,0,0,0,1,0
287379,3377,0,0,0,1,0
287486,3378,0,0,0,1,0
287589,3379,0,0,0,1,0
287721,3380,0,0,0,1,0
287812,3381,0,0,0,1,0
287924,3382,0,0,0,1,0
288040,3383,0,0,0,1,0
288171,3384,0,0,0,1,0
288309,3385,0,0,0,1,0
288449,3386,0,0,0,1,0
288572,3387,0,0,0,1,0
288720,3388,0,0,0,1,0
288847,3389,0,0,0,1,0
288959,3390,0,0,0,1,0
289085,3391,0,0,0,1,0
289232,3392,0,0,0,1,0
289360,3393,0,0,0,1,0
289460,3394,0,0,0,1,0
289593,3395,0,0,0,1,0
289725,3396,0,0,0,1,0
289839,3397,0,0,0,1,0
289969,3398,0,0,0,1,0
290092,3399,0,0,0,1,0
290224,3400,0,0,0,1,0
290324,3401,0,0,0,1,0
290458,3402,0,0,0,1,0
290567,3403,0,0,0,1,0
290688,3404,0,0,0,1,0
290810,3405,0,0,0,1,0
290899,3406,0,0,0,1,0
291017,3407,0,0,0,1,0
291132,3408,0,0,0,1,0
291278,3409,0,0,0,1,0
291398,3410,0,0,0,1,0
291512,3411,0,0,0,1,0
291641,3412,0,0,0,1,0
291736,3413,0,0,0,1,0
291852,3414,0,0,0,1,0
291965,3415,0,0,0,1,0
292107,3416,0,0,0,1,0
292216,3417,0,0,0,1,0
292350,3418,0,0,0,1,0
292458,3419,0,0,0,1,0
292579,3420,0,0,0,1,0
292703,3421,0,0,0,1,0
292833,3422,0,0,0,1,0
292966,3423,0,0,0,1,0
293098,3424,0,0,0,1,0
293213,3425,0,0,0,1,0
293350,3426,0,0,0,1,0
293484,3427,0,0,0,1,0
293591,3428,0,0,0,1,0
293715,3429,0,0,0,1,0
293837,3430,0,0,0,1,0
293935,3431,0,0,0,1,0
294048,3432,0,0,0,1,0
294137,3433,0,0,0,1,0
294278,3434,0,0,0,1,0
294402,3435,0,0,0,1,0
294541,3436,0,0,0,1,0
294606,3437,0,0,1,0,0
294732,3438,0,0,0,1,0
294870,3439,0,0,0,1,0
294997,3440,0,0,0,1,0
295137,3441,0,0,0,1,0
295235,3442,0,0,0,1,0
295327,3443,0,0,0,1,0
295437,3444,0,0,0,1,0
295572,3445,0,0,0,1,0
295671,3446,0,0,0,1,0
295798,3447,0,0,0,1,0
295903,3448,0,0,0,1,0
296003,3449,0,0,0,1,0
296015,3450,0,0,1,0,0
296131,3451,0,0,0,1,0
296269,3452,0,0,0,1,0
296389,3453,0,0,0,1,0
296488,3454,0,0,0,1,0
296606,3455,0,0,0,1,0
296752,3456,0,0,0,1,0
296869,3457,0,0,0,1,0
296967,3458,0,0,0,1,0
297096,3459,0,0,0,1,0
297099,3460,0,0,1,0,0
297219,3461,0,0,0,1,0
297344,3462,0,0,0,1,0
297458,3463,0,0,0,1,0
297601,3464,0,0,0,1,0
297697,3465,0,0,0,1,0
297805,3466,0,0,0,1,0
297939,3467,0,0,0,1,0
298073,3468,0,0,0,1,0
298191,3469,0,0,0,1,0
298292,3470,0,0,0,1,0
298415,3471,0,0,0,1,0
298504,3472,0,0,0,1,0
298639,3473,0,0,0,1,0
298763,3474,0,0,0,1,0
298870,3475,0,0,0,1,0
298980,3476,0,0,0,1,0
299113,3477,0,0,0,1,0
299253,3478,0,0,0,1,0
299368,3479,0,0,0,1,0
299487,3480,0,0,0,1,0
299612,3481,0,0,0,1,0
299743,3482,0,0,0,1,0
299865,3483,0,0,0,1,0
300001,3484,0,0,0,1,0
300134,3485,0,0,0,1,0
300142,3486,0,0,1,0,0
300273,3487,0,0,0,1,0
300277,3488,0,0,1,0,0
300392,3489,0,0,0,1,0
300398,3490,0,0,1,0,0
300499,3491,0,0,0,1,0
300639,3492,0,0,0,1,0
300761,3493,0,0,0,1,0
300877,3494,0,0,0,1,0
301001,3495,0,0,0,1,0
301137,3496,0,0,0,1,0
301268,3497,0,0,0,1,0
301293,3498,0,0,1,0,0
301399,3499,0,0,0,1,0
301536,3500,0,0,0,1,0
301678,3501,0,0,0,1,0
301841,3502,0,0,0,1,0
301978,3503,0,0,0,1,0
302074,3504,0,0,0,1,0
302194,3505,0,0,0,1,0
302313,3506,0,0,0,1,0
302402,3507,0,0,0,1,0
302526,3508,0,0,0,1,0
302635,3509,0,0,0,1,0
302736,3510,0,0,0,1,0
302864,3511,0,0,0,1,0
302991,3512,0,0,0,1,0
303037,3513,0,0,1,0,0
303161,3514,0,0,0,1,0
303289,3515,0,0,0,1,0
303434,3516,0,0,0,1,0
303547,3517,0,0,0,1,0
303659,3518,0,0,0,1,0
303778,3519,0,0,0,1,0
303916,3520,0,0,0,1,0
304046,3521,0,0,0,1,0
304182,3522,0,0,0,1,0
304323,3523,0,0,0,1,0
304447,3524,0,0,0,1,0
304554,3525,0,0,0,1,0
304666,3526,0,0,0,1,0
304793,3527,0,0,0,1,0
304914,3528,0,0,0,1,0
305022,3529,0,0,0,1,0
305123,3530,0,0,0,1,0
305263,3531,0,0,0,1,0
305382,3532,0,0,0,1,0
305492,3533,0,0,0,1,0
305620,3534,0,0,0,1,0
305744,3535,0,0,0,1,0
305876,3536,0,0,0,1,0
305981,3537,0,0,0,1,0
306110,3538,0,0,0,1,0
306223,3539,0,0,0,1,0
306343,3540,0,0,0,1,0
306480,3541,0,0,0,1,0
306583,3542,0,0,0,1,0
306678,3543,0,0,0,1,0
306818,3544,0,0,0,1,0
306954,3545,0,0,0,1,0
307050,3546,0,0,0,1,0
307196,3547,0,0,0,1,0
307304,3548,0,0,0,1,0
307438,3549,0,0,0,1,0
307546,3550,0,0,0,1,0
307678,3551,0,0,0,1,0
307692,3552,0,0,1,0,0
307792,3553,0,0,0,1,0
307884,3554,0,0,0,1,0
308009,3555,0,0,0,1,0
308123,3556,0,0,0,1,0
308265,3557,0,0,0,1,0
308364,3558,0,0,0,1,0
308484,3559,0,0,0,1,0
308587,3560,0,0,0,1,0
308726,3561,0,0,0,1,0
308858,3562,0,0,0,1,0
308986,3563,0,0,0,1,0
309117,3564,0,0,0,1,0
309264,3565,0,0,0,1,0
309274,3566,0,0,1,0,0
309368,3567,0,0,0,1,0
309507,3568,0,0,0,1,0
309619,3569,0,0,0,1,0
309743,3570,0,0,0,1,0
309876,3571,0,0,0,1,0
309991,3572,0,0,0,1,0
310133,3573,0,0,0,1,0
310254,3574,0,0,0,1,0
310366,3575,0,0,0,1,0
310368,3576,0,0,1,0,0
310473,3577,0,0,0,1,0
310588,3578,0,0,0,1,0
310718,3579,0,0,0,1,0
310848,3580,0,0,0,1,0
310969,3581,0,0,0,1,0
311081,3582,0,0,0,1,0
311198,3583,0,0,0,1,0
311335,3584,0,0,0,1,0
311458,3585,0,0,0,1,0
311575,3586,0,0,0,1,0
311689,3587,0,0,0,1,0
311787,3588,0,0,1,0,0
311919,3589,0,0,0,1,0
312062,3590,0,0,0,1,0
312102,3591,0,0,1,0,0
312227,3592,0,0,0,1,0
312326,3593,0,0,0,1,0
312431,3594,0,0,0,1,0
312565,3595,0,0,0,1,0
312697,3596,0,0,0,1,0
312818,3597,0,0,0,1,0
312923,3598,0,0,0,1,0
313059,3599,0,0,0,1,0
313181,3600,0,0,0,1,0
313311,3601,0,0,0,1,0
313415,3602,0,0,0,1,0
313528,3603,0,0,0,1,0
313638,3604,0,0,0,1,0
313742,3605,0,0,0,1,0
313884,3606,0,0,0,1,0
313976,3607,0,0,0,1,0
314065,3608,0,0,0,1,0
314195,3609,0,0,0,1,0
314294,3610,0,0,0,1,0
314431,3611,0,0,0,1,0
314568,3612,0,0,0,1,0
314688,3613,0,0,0,1,0
314783,3614,0,0,0,1,0
314784,3615,1,0,0,0,0
314890,3616,0,0,0,1,0
315018,3617,0,0,0,1,0
315126,3618,0,0,0,1,0
315266,3619,0,0,0,1,0
315378,3620,0,0,0,1,0
315502,3621,0,0,0,1,0
315623,3622,0,0,0,1,0
315743,3623,0,0,0,1,0
315861,3624,0,0,0,1,0
315967,3625,0,0,0,1,0
316094,3626,0,0,0,1,0
316190,3627,0,0,0,1,0
316226,3628,0,0,1,0,0
316364,3629,0,0,0,1,0
316495,3630,0,0,0,1,0
316629,3631,0,0,0,1,0
316753,3632,0,0,0,1,0
316886,3633,0,0,0,1,0
317004,3634,0,0,0,1,0
317123,3635,0,0,0,1,0
317220,3636,0,0,0,1,0
317345,3637,0,0,0,1,0
317446,3638,0,0,0,1,0
317555,3639,0,0,0,1,0
317682,3640,0,0,0,1,0
317789,3641,0,0,0,1,0
317915,3642,0,0,0,1,0
318042,3643,0,0,0,1,0
318168,3644,0,0,0,1,0
318275,3645,0,0,0,1,0
318403,3646,0,0,0,1,0
318522,3647,0,0,0,1,0
318657,3648,0,0,0,1,0
318790,3649,0,0,0,1,0
318918,3650,0,0,0,1,0
319040,3651,0,0,0,1,0
319172,3652,0,0,0,1,0
319314,3653,0,0,0,1,0
319449,3654,0,0,0,1,0
319578,3655,0,0,0,1,0
319712,3656,0,0,0,1,0
319806,3657,0,0,0,1,0
319910,3658,0,0,0,1,0
320045,3659,0,0,0,1,0
320048,3660,1,0,0,0,0
320167,3661,0,0,0,1,0
320285,3662,0,0,0,1,0
320388,3663,0,0,0,1,0
320489,3664,0,0,0,1,0
320597,3665,0,0,0,1,0
320703,3666,0,0,0,1,0
320839,3667,0,0,0,1,0
320971,3668,0,0,0,1,0
321079,3669,0,0,0,1,0
321204,3670,0,0,0,1,0
321315,3671,0,0,1,0,0
321446,3672,0,0,0,1,0
321563,3673,0,0,0,1,0
321669,3674,0,0,0,1,0
321768,3675,0,0,0,1,0
321878,3676,0,0,0,1,0
322031,3677,0,0,0,1,0
322152,3678,0,0,0,1,0
322261,3679,0,0,0,1,0
322350,3680,0,0,0,1,0
322447,3681,0,0,0,1,0
322565,3682,0,0,0,1,0
322685,3683,0,0,0,1,0
322810,3684,0,0,0,1,0
322924,3685,0,0,0,1,0
323036,3686,0,0,0,1,0
323166,3687,0,0,0,1,0
323285,3688,0,0,0,1,0
323407,3689,0,0,0,1,0
323461,3690,0,0,1,0,0
323582,3691,0,0,0,1,0
323728,3692,0,0,0,1,0
323817,3693,0,0,0,1,0
323914,3694,0,0,0,1,0
323977,3695,0,0,1,0,0
324094,3696,0,0,0,1,0
324183,3697,0,0,0,1,0
324320,3698,0,0,0,1,0
324408,3699,0,0,0,1,0
324523,3700,0,0,0,1,0
324659,3701,0,0,0,1,0
324661,3702,0,0,1,0,0
324803,3703,0,0,0,1,0
324937,3704,0,0,0,1,0
325054,3705,0,0,0,1,0
325183,3706,0,0,0,1,0
325304,3707,0,0,0,1,0
325430,3708,0,0,0,1,0
325553,3709,0,0,0,1,0
325688,3710,0,0,0,1,0
325827,3711,0,0,0,1,0
325965,3712,0,0,0,1,0
326054,3713,0,0,0,1,0
326188,3714,0,0,0,1,0
326232,3715,0,0,1,0,0
326341,3716,0,0,0,1,0
326451,3717,0,0,0,1,0
326548,3718,0,0,0,1,0
326685,3719,0,0,0,1,0
326797,3720,0,0,0,1,0
326895,3721,0,0,0,1,0
327015,3722,0,0,0,1,0
327140,3723,0,0,0,1,0
327237,3724,0,0,0,1,0
327238,3725,1,0,0,0,0
327349,3726,0,0,0,1,0
327476,3727,0,0,0,1,0
327615,3728,0,0,0,1,0
327756,3729,0,0,0,1,0
327879,3730,0,0,0,1,0
328004,3731,0,0,0,1,0
328093,3732,0,0,0,1,0
328209,3733,0,0,0,1,0
328211,3734,0,0,1,0,0
328349,3735,0,0,0,1,0
328491,3736,0,0,0,1,0
328611,3737,0,0,0,1,0
328655,3738,0,0,1,0,0
328755,3739,0,0,0,1,0
328889,3740,0,0,0,1,0
329036,3741,0,0,0,1,0
329174,3742,0,0,0,1,0
329276,3743,0,0,0,1,0
329353,3744,0,0,1,0,0
329472,3745,0,0,0,1,0
329562,3746,0,0,0,1,0
329680,3747,0,0,0,1,0
329798,3748,0,0,0,1,0
329900,3749,0,0,1,0,0
330030,3750,0,0,0,1,0
330128,3751,0,0,0,1,0
330233,3752,0,0,0,1,0
330336,3753,0,0,0,1,0
330436,3754,0,0,0,1,0
330537,3755,0,0,0,1,0
330659,3756,0,0,0,1,0
330759,3757,0,0,0,1,0
330760,3758,0,0,1,0,0
330871,3759,0,0,0,1,0
330976,3760,0,0,0,1,0
331095,3761,0,0,0,1,0
331211,3762,0,0,0,1,0
331344,3763,0,0,0,1,0
331476,3764,0,0,0,1,0
331602,3765,0,0,0,1,0
331723,3766,0,0,0,1,0
331868,3767,0,0,0,1,0
331993,3768,0,0,0,1,0
332106,3769,0,0,0,1,0
332219,3770,0,0,0,1,0
332339,3771,0,0,0,1,0
332486,3772,0,0,0,1,0
332575,3773,0,0,0,1,0
332717,3774,0,0,0,1,0
332806,3775,0,0,0,1,0
332943,3776,0,0,0,1,0
333035,3777,0,0,0,1,0
333054,3778,0,0,1,0,0
333161,3779,0,0,0,1,0
333250,3780,0,0,0,1,0
333363,3781,0,0,0,1,0
333501,3782,0,0,0,1,0
333604,3783,0,0,0,1,0
333708,3784,0,0,0,1,0
333801,3785,0,0,0,1,0
333938,3786,0,0,0,1,0
334061,3787,0,0,0,1,0
334161,3788,0,0,0,1,0
334250,3789,0,0,0,1,0
334374,3790,0,0,0,1,0
334472,3791,0,0,0,1,0
334574,3792,0,0,0,1,0
334701,3793,0,0,0,1,0
334790,3794,0,0,0,1,0
334901,3795,0,0,0,1,0
335015,3796,0,0,0,1,0
335134,3797,0,0,0,1,0
335236,3798,0,0,0,1,0
335346,3799,0,0,0,1,0
335485,3800,0,0,0,1,0
335626,3801,0,0,0,1,0
335727,3802,0,0,0,1,0
335863,3803,0,0,0,1,0
335997,3804,0,0,0,1,0
336108,3805,0,0,0,1,0
336197,3806,0,0,0,1,0
336339,3807,0,0,0,1,0
336467,3808,0,0,0,1,0
336582,3809,0,0,0,1,0
336687,3810,0,0,0,1,0
336783,3811,0,0,0,1,0
336910,3812,0,0,0,1,0
336919,3813,0,0,1,0,0
337048,3814,0,0,0,1,0
337137,3815,0,0,1,0,0
337276,3816,0,0,0,1,0
337397,3817,0,0,0,1,0
337522,3818,0,0,0,1,0
337623,3819,0,0,0,1,0
337751,3820,0,0,0,1,0
337879,3821,0,0,0,1,0
338017,3822,0,0,0,1,0
338149,3823,0,0,0,1,0
338285,3824,0,0,0,1,0
338397,3825,0,0,0,1,0
338533,3826,0,0,0,1,0
338649,3827,0,0,0,1,0
338781,3828,0,0,0,1,0
338892,3829,0,0,0,1,0
339023,3830,0,0,0,1,0
339150,3831,0,0,0,1,0
339271,3832,0,0,0,1,0
339384,3833,0,0,0,1,0
339479,3834,0,0,0,1,0
339581,3835,0,0,0,1,0
339698,3836,0,0,0,1,0
339791,3837,0,0,0,1,0
339909,3838,0,0,0,1,0
340038,3839,0,0,0,1,0
340155,3840,0,0,0,1,0
340245,3841,0,0,1,0,0
340388,3842,0,0,0,1,0
340511,3843,0,0,0,1,0
340643,3844,0,0,0,1,0
340750,3845,0,0,0,1,0
340839,3846,0,0,0,1,0
340978,3847,0,0,0,1,0
341075,3848,0,0,0,1,0
341221,3849,0,0,0,1,0
341324,3850,0,0,0,1,0
341422,3851,0,0,0,1,0
341556,3852,0,0,0,1,0
341693,3853,0,0,0,1,0
341820,3854,0,0,0,1,0
341939,3855,0,0,0,1,0
342044,3856,0,0,0,1,0
342133,3857,0,0,0,1,0
342249,3858,0,0,0,1,0
342351,3859,0,0,0,1,0
342356,3860,1,0,0,0,0
342373,3861,0,0,1,0,0
342508,3862,0,0,0,1,0
342597,3863,0,0,0,1,0
342744,3864,0,0,0,1,0
342863,3865,0,0,0,1,0
342979,3866,0,0,0,1,0
343075,3867,0,0,0,1,0
343178,3868,0,0,0,1,0
343289,3869,0,0,0,1,0
343425,3870,0,0,0,1,0
343548,3871,0,0,0,1,0
343670,3872,0,0,0,1,0
343774,3873,0,0,0,1,0
343878,3874,0,0,0,1,0
344011,3875,0,0,0,1,0
344138,3876,0,0,0,1,0
344266,3877,0,0,0,1,0
344313,3878,0,0,1,0,0
344420,3879,0,0,0,1,0
344519,3880,0,0,0,1,0
344618,3881,0,0,0,1,0
344764,3882,0,0,0,1,0
344883,3883,0,0,0,1,0
345012,3884,0,0,0,1,0
345142,3885,0,0,0,1,0
345246,3886,0,0,0,1,0
345368,3887,0,0,0,1,0
345500,3888,0,0,0,1,0
345624,3889,0,0,0,1,0
345729,3890,0,0,0,1,0
345866,3891,0,0,0,1,0
345992,3892,0,0,0,1,0
346089,3893,0,0,0,1,0
346205,3894,0,0,0,1,0
346307,3895,0,0,0,1,0
346415,3896,0,0,0,1,0
346532,3897,0,0,0,1,0
346642,3898,0,0,0,1,0
346763,3899,0,0,0,1,0
346882,3900,0,0,0,1,0
346995,3901,0,0,0,1,0
347085,3902,0,0,0,1,0
347209,3903,0,0,0,1,0
347345,3904,0,0,0,1,0
347451,3905,0,0,0,1,0
347573,3906,0,0,0,1,0
347703,3907,0,0,0,1,0
347839,3908,0,0,0,1,0
347963,3909,0,0,0,1,0
348113,3910,0,0,0,1,0
348231,3911,0,0,0,1,0
348347,3912,0,0,0,1,0
348487,3913,0,0,0,1,0
348597,3914,0,0,0,1,0
348698,3915,0,0,0,1,0
348806,3916,0,0,0,1,0
348934,3917,0,0,0,1,0
349060,3918,0,0,0,1,0
349185,3919,0,0,0,1,0
349310,3920,0,0,0,1,0
349443,3921,0,0,0,1,0
349532,3922,0,0,0,1,0
349660,3923,0,0,0,1,0
349761,3924,0,0,0,1,0
349893,3925,0,0,0,1,0
350000,3926,0,0,0,1,0
350109,3927,0,0,0,1,0
350223,3928,0,0,0,1,0
350319,3929,0,0,0,1,0
350450,3930,0,0,0,1,0
350563,3931,0,0,0,1,0
350687,3932,0,0,0,1,0
350805,3933,0,0,0,1,0
350938,3934,0,0,0,1,0
350944,3935,0,0,1,0,0
351073,3936,0,0,0,1,0
351178,3937,0,0,0,1,0
351241,3938,0,0,1,0,0
351379,3939,0,0,0,1,0
351469,3940,0,0,0,1,0
351576,3941,0,0,0,1,0
351687,3942,0,0,0,1,0
351826,3943,0,0,0,1,0
351932,3944,0,0,0,1,0
352056,3945,0,0,0,1,0
352191,3946,0,0,0,1,0
352318,3947,0,0,0,1,0
352412,3948,0,0,0,1,0
352528,3949,0,0,0,1,0
352624,3950,0,0,0,1,0
352714,3951,0,0,0,1,0
352854,3952,0,0,0,1,0
352996,3953,0,0,0,1,0
353130,3954,0,0,0,1,0
353257,3955,0,0,0,1,0
353382,3956,0,0,0,1,0
353499,3957,0,0,0,1,0
353628,3958,0,0,0,1,0
353755,3959,0,0,0,1,0
353853,3960,0,0,0,1,0
353962,3961,0,0,0,1,0
354094,3962,0,0,0,1,0
354205,3963,0,0,0,1,0
354284,3964,0,0,1,0,0
354394,3965,0,0,0,1,0
354501,3966,0,0,0,1,0
354622,3967,0,0,0,1,0
354762,3968,0,0,0,1,0
354851,3969,0,0,0,1,0
354986,3970,0,0,0,1,0
355118,3971,0,0,0,1,0
355236,3972,0,0,0,1,0
355343,3973,0,0,0,1,0
355469,3974,0,0,0,1,0
355475,3975,0,0,1,0,0
355595,3976,0,0,0,1,0
355718,3977,0,0,0,1,0
355863,3978,0,0,0,1,0
356006,3979,0,0,0,1,0
356137,3980,0,0,0,1,0
356239,3981,0,0,0,1,0
356348,3982,0,0,0,1,0
356445,3983,0,0,0,1,0
356540,3984,0,0,0,1,0
356670,3985,0,0,0,1,0
356799,3986,0,0,0,1,0
356922,3987,0,0,0,1,0
357043,3988,0,0,0,1,0
357171,3989,0,0,0,1,0
357314,3990,0,0,0,1,0
357405,3991,0,0,0,1,0
357507,3992,0,0,0,1,0
357610,3993,0,0,0,1,0
357715,3994,0,0,0,1,0
357837,3995,0,0,0,1,0
357940,3996,0,0,0,1,0
358085,3997,0,0,0,1,0
358186,3998,0,0,0,1,0
358330,3999,0,0,0,1,0
358449,4000,0,0,0,1,0
358571,4001,0,0,0,1,0
358698,4002,0,0,0,1,0
358841,4003,0,0,0,1,0
358972,4004,0,0,0,1,0
359061,4005,0,0,0,1,0
359196,4006,0,0,0,1,0
359326,4007,0,0,0,1,0
359415,4008,0,0,0,1,0
359538,4009,0,0,0,1,0
359632,4010,0,0,0,1,0
359753,4011,0,0,0,1,0
359870,4012,0,0,0,1,0
359997,4013,0,0,0,1,0
360127,4014,0,0,0,1,0
360245,4015,0,0,0,1,0
360366,4016,0,0,0,1,0
360481,4017,0,0,0,1,0
360595,4018,0,0,0,1,0
360690,4019,0,0,0,1,0
360796,4020,0,0,0,1,0
360902,4021,0,0,0,1,0
361010,4022,0,0,0,1,0
361141,4023,0,0,0,1,0
361230,4024,0,0,0,1,0
361330,4025,0,0,0,1,0
361426,4026,0,0,0,1,0
361515,4027,0,0,0,1,0
361649,4028,0,0,0,1,0
361783,4029,0,0,0,1,0
361872,4030,0,0,0,1,0
361993,4031,0,0,0,1,0
362133,4032,0,0,0,1,0
362236,4033,0,0,0,1,0
362358,4034,0,0,0,1,0
362474,4035,0,0,0,1,0
362619,4036,0,0,0,1,0
362722,4037,0,0,0,1,0
362811,4038,0,0,0,1,0
362935,4039,0,0,0,1,0
363038,4040,0,0,0,1,0
363173,4041,0,0,0,1,0
363290,4042,0,0,0,1,0
363413,4043,0,0,0,1,0
363417,4044,0,0,1,0,0
363527,4045,0,0,0,1,0
363645,4046,0,0,0,1,0
363785,4047,0,0,0,1,0
363907,4048,0,0,0,1,0
364026,4049,0,0,0,1,0
364139,4050,0,0,0,1,0
364261,4051,0,0,0,1,0
364382,4052,0,0,0,1,0
364477,4053,0,0,0,1,0
364600,4054,0,0,0,1,0
364689,4055,0,0,0,1,0
364803,4056,0,0,0,1,0
364892,4057,0,0,0,1,0
365002,4058,0,0,0,1,0
365091,4059,0,0,0,1,0
365195,4060,0,0,0,1,0
365317,4061,0,0,0,1,0
365433,4062,0,0,0,1,0
365533,4063,0,0,0,1,0
365666,4064,0,0,0,1,0
365772,4065,0,0,0,1,0
365904,4066,0,0,0,1,0
366026,4067,0,0,0,1,0
366128,4068,0,0,0,1,0
366229,4069,0,0,0,1,0
366341,4070,0,0,0,1,0
366453,4071,0,0,0,1,0
366549,4072,0,0,0,1,0
366699,4073,0,0,0,1,0
366815,4074,0,0,0,1,0
366928,4075,0,0,0,1,0
367023,4076,0,0,0,1,0
367145,4077,0,0,0,1,0
367246,4078,0,0,0,1,0
367346,4079,0,0,0,1,0
367470,4080,0,0,0,1,0
367592,4081,0,0,0,1,0
367715,4082,0,0,0,1,0
367827,4083,0,0,0,1,0
367958,4084,0,0,0,1,0
367962,4085,1,0,0,0,0
368062,4086,0,0,0,1,0
368191,4087,0,0,0,1,0
368280,4088,0,0,0,1,0
368421,4089,0,0,0,1,0
368561,4090,0,0,0,1,0
368657,4091,0,0,0,1,0
368787,4092,0,0,0,1,0
368910,4093,0,0,0,1,0
369028,4094,0,0,0,1,0
369166,4095,0,0,0,1,0
369274,4096,0,0,0,1,0
369421,4097,0,0,0,1,0
369522,4098,0,0,0,1,0
369633,4099,0,0,0,1,0
369777,4100,0,0,0,1,0
369866,4101,0,0,0,1,0
369961,4102,0,0,0,1,0
370064,4103,0,0,0,1,0
370190,4104,0,0,0,1,0
370325,4105,0,0,0,1,0
370433,4106,0,0,0,1,0
370545,4107,0,0,0,1,0
370674,4108,0,0,0,1,0
370806,4109,0,0,0,1,0
370939,4110,0,0,0,1,0
371047,4111,0,0,0,1,0
371188,4112,0,0,0,1,0
371292,4113,0,0,0,1,0
371411,4114,0,0,0,1,0
371514,4115,0,0,0,1,0
371654,4116,0,0,0,1,0
371789,4117,0,0,0,1,0
371878,4118,0,0,0,1,0
371976,4119,0,0,0,1,0
372091,4120,0,0,0,1,0
372195,4121,0,0,0,1,0
372297,4122,0,0,0,1,0
372404,4123,0,0,0,1,0
372408,4124,0,0,1,0,0
372523,4125,0,0,0,1,0
372637,4126,0,0,0,1,0
372745,4127,0,0,0,1,0
372852,4128,0,0,0,1,0
372955,4129,0,0,0,1,0
373094,4130,0,0,0,1,0
373219,4131,0,0,0,1,0
373351,4132,0,0,0,1,0
373450,4133,0,0,0,1,0
373586,4134,0,0,0,1,0
373691,4135,0,0,0,1,0
373829,4136,0,0,0,1,0
373950,4137,0,0,0,1,0
374062,4138,0,0,0,1,0
374151,4139,0,0,0,1,0
374240,4140,0,0,0,1,0
374346,4141,0,0,0,1,0
374472,4142,0,0,0,1,0
374568,4143,0,0,0,1,0
374662,4144,0,0,0,1,0
374770,4145,0,0,0,1,0
374860,4146,0,0,0,1,0
374954,4147,0,0,0,1,0
375043,4148,0,0,0,1,0
375136,4149,0,0,0,1,0
375270,4150,0,0,0,1,0
375363,4151,0,0,0,1,0
375485,4152,0,0,0,1,0
375610,4153,0,0,0,1,0
375717,4154,0,0,0,1,0
375867,4155,0,0,0,1,0
375961,4156,0,0,0,1,0
376063,4157,0,0,0,1,0
376205,4158,0,0,0,1,0
376329,4159,0,0,0,1,0
376462,4160,0,0,0,1,0
376584,4161,0,0,0,1,0
376693,4162,0,0,0,1,0
376813,4163,0,0,0,1,0
376943,4164,0,0,0,1,0
377058,4165,0,0,0,1,0
377194,4166,0,0,0,1,0
377319,4167,0,0,0,1,0
377408,4168,0,0,0,1,0
377516,4169,0,0,0,1,0
377659,4170,0,0,0,1,0
377758,4171,0,0,0,1,0
377877,4172,0,0,0,1,0
378014,4173,0,0,0,1,0
378138,4174,0,0,0,1,0
378283,4175,0,0,0,1,0
378427,4176,0,0,0,1,0
378568,4177,0,0,0,1,0
378675,4178,0,0,0,1,0
378766,4179,0,0,0,1,0
378859,4180,0,0,0,1,0
378986,4181,0,0,0,1,0
379089,4182,0,0,0,1,0
379213,4183,0,0,0,1,0
379349,4184,0,0,0,1,0
379456,4185,0,0,0,1,0
379559,4186,0,0,0,1,0
379672,4187,0,0,0,1,0
379716,4188,0,0,1,0,0
379721,4189,0,0,1,0,0
379863,4190,0,0,0,1,0
379960,4191,0,0,0,1,0
379994,4192,0,0,1,0,0
380089,4193,0,0,0,1,0
380126,4194,0,0,1,0,0
380215,4195,0,0,0,1,0
380329,4196,0,0,0,1,0
380465,4197,0,0,0,1,0
380582,4198,0,0,0,1,0
380720,4199,0,0,0,1,0
380834,4200,0,0,0,1,0
380956,4201,0,0,0,1,0
381094,4202,0,0,0,1,0
381232,4203,0,0,0,1,0
381337,4204,0,0,1,0,0
381457,4205,0,0,0,1,0
381596,4206,0,0,0,1,0
381721,4207,0,0,0,1,0
381820,4208,0,0,0,1,0
381943,4209,0,0,0,1,0
382088,4210,0,0,0,1,0
382223,4211,0,0,0,1,0
382368,4212,0,0,0,1,0
382485,4213,0,0,0,1,0
382605,4214,0,0,0,1,0
382731,4215,0,0,0,1,0
382866,4216,0,0,0,1,0
383007,4217,0,0,0,1,0
383109,4218,0,0,0,1,0
383212,4219,0,0,0,1,0
383301,4220,0,0,0,1,0
383415,4221,0,0,0,1,0
383559,4222,0,0,0,1,0
383688,4223,0,0,0,1,0
383796,4224,0,0,0,1,0
383937,4225,0,0,0,1,0
384053,4226,0,0,0,1,0
384160,4227,0,0,0,1,0
384266,4228,0,0,0,1,0
384394,4229,0,0,0,1,0
384495,4230,0,0,0,1,0
384606,4231,0,0,0,1,0
384719,4232,0,0,0,1,0
384835,4233,0,0,0,1,0
384960,4234,0,0,0,1,0
385049,4235,0,0,0,1,0
385185,4236,0,0,0,1,0
385302,4237,0,0,0,1,0
385420,4238,0,0,0,1,0
385559,4239,0,0,0,1,0
385705,4240,0,0,0,1,0
385811,4241,0,0,0,1,0
385940,4242,0,0,0,1,0
386087,4243,0,0,0,1,0
386180,4244,0,0,0,1,0
386316,4245,0,0,0,1,0
386382,4246,0,0,1,0,0
386484,4247,0,0,0,1,0
386585,4248,0,0,0,1,0
386688,4249,0,0,0,1,0
386823,4250,0,0,0,1,0
386962,4251,0,0,0,1,0
387099,4252,0,0,0,1,0
387241,4253,0,0,0,1,0
387333,4254,0,0,0,1,0
387446,4255,0,0,0,1,0
387564,4256,0,0,0,1,0
387696,4257,0,0,0,1,0
387825,4258,0,0,0,1,0
387943,4259,0,0,0,1,0
387947,4260,1,0,0,0,0
388063,4261,0,0,0,1,0
388195,4262,0,0,0,1,0
388334,4263,0,0,0,1,0
388474,4264,0,0,0,1,0
388591,4265,0,0,0,1,0
388703,4266,0,0,0,1,0
388826,4267,0,0,0,1,0
388955,4268,0,0,0,1,0
389097,4269,0,0,0,1,0
389236,4270,0,0,0,1,0
389243,4271,0,0,1,0,0
389378,4272,0,0,0,1,0
389501,4273,0,0,0,1,0
389639,4274,0,0,0,1,0
389781,4275,0,0,0,1,0
389920,4276,0,0,0,1,0
390009,4277,0,0,0,1,0
390113,4278,0,0,0,1,0
390225,4279,0,0,0,1,0
390360,4280,0,0,0,1,0
390489,4281,0,0,0,1,0
390605,4282,0,0,0,1,0
390736,4283,0,0,0,1,0
390824,4284,0,0,1,0,0
390944,4285,0,0,0,1,0
391061,4286,0,0,0,1,0
391167,4287,0,0,0,1,0
391289,4288,0,0,0,1,0
391404,4289,0,0,0,1,0
391526,4290,0,0,0,1,0
391644,4291,0,0,0,1,0
391767,4292,0,0,0,1,0
391895,4293,0,0,0,1,0
391903,4294,0,0,1,0,0
392026,4295,0,0,0,1,0
392165,4296,0,0,0,1,0
392310,4297,0,0,0,1,0
392449,4298,0,0,0,1,0
392455,4299,1,0,0,0,0
392566,4300,0,0,0,1,0
392694,4301,0,0,0,1,0
392821,4302,0,0,0,1,0
392962,4303,0,0,0,1,0
393059,4304,0,0,0,1,0
393194,4305,0,0,0,1,0
393296,4306,0,0,0,1,0
393418,4307,0,0,0,1,0
393507,4308,0,0,0,1,0
393646,4309,0,0,0,1,0
393783,4310,0,0,0,1,0
393890,4311,0,0,0,1,0
393979,4312,0,0,0,1,0
394074,4313,0,0,0,1,0
394205,4314,0,0,0,1,0
394334,4315,0,0,0,1,0
394471,4316,0,0,0,1,0
394585,4317,0,0,0,1,0
394722,4318,0,0,0,1,0
394864,4319,0,0,0,1,0
394958,4320,0,0,0,1,0
395080,4321,0,0,0,1,0
395182,4322,0,0,0,1,0
395286,4323,0,0,0,1,0
395405,4324,0,0,0,1,0
395532,4325,0,0,0,1,0
395654,4326,0,0,0,1,0
395779,4327,0,0,0,1,0
395902,4328,0,0,0,1,0
396046,4329,0,0,0,1,0
396145,4330,0,0,0,1,0
396252,4331,0,0,0,1,0
396364,4332,0,0,0,1,0
396492,4333,0,0,0,1,0
396591,4334,0,0,0,1,0
396733,4335,0,0,0,1,0
396851,4336,0,0,0,1,0
396975,4337,0,0,0,1,0
397109,4338,0,0,0,1,0
397252,4339,0,0,0,1,0
397368,4340,0,0,0,1,0
397504,4341,0,0,0,1,0
397593,4342,0,0,0,1,0
397602,4343,0,0,1,0,0
397705,4344,0,0,0,1,0
397828,4345,0,0,0,1,0
397917,4346,0,0,0,1,0
398062,4347,0,0,0,1,0
398162,4348,0,0,0,1,0
398257,4349,0,0,0,1,0
398390,4350,0,0,0,1,0
398492,4351,0,0,0,1,0
398610,4352,0,0,0,1,0
398732,4353,0,0,0,1,0
398740,4354,0,0,1,0,0
398837,4355,0,0,0,1,0
398953,4356,0,0,0,1,0
399055,4357,0,0,0,1,0
399191,4358,0,0,0,1,0
399289,4359,0,0,0,1,0
399424,4360,0,0,0,1,0
399563,4361,0,0,0,1,0
399666,4362,0,0,0,1,0
399801,4363,0,0,0,1,0
399902,4364,0,0,0,1,0
400016,4365,0,0,0,1,0
400161,4366,0,0,0,1,0
400162,4367,1,0,0,0,0
400282,4368,0,0,0,1,0
400382,4369,0,0,0,1,0
400471,4370,0,0,0,1,0
400586,4371,0,0,0,1,0
400675,4372,0,0,0,1,0
400776,4373,0,0,0,1,0
400916,4374,0,0,0,1,0
401042,4375,0,0,0,1,0
401179,4376,0,0,0,1,0
401290,4377,0,0,0,1,0
401397,4378,0,0,0,1,0
401527,4379,0,0,0,1,0
401636,4380,0,0,0,1,0
401766,4381,0,0,0,1,0
401866,4382,0,0,0,1,0
401979,4383,0,0,0,1,0
402119,4384,0,0,0,1,0
402233,4385,0,0,1,0,0
402358,4386,0,0,0,1,0
402496,4387,0,0,0,1,0
402618,4388,0,0,0,1,0
402731,4389,0,0,0,1,0
402852,4390,0,0,0,1,0
402988,4391,0,0,0,1,0
403112,4392,0,0,0,1,0
403254,4393,0,0,0,1,0
403365,4394,0,0,0,1,0
403454,4395,0,0,0,1,0
403572,4396,0,0,0,1,0
403688,4397,0,0,0,1,0
403802,4398,0,0,0,1,0
403919,4399,0,0,0,1,0
404065,4400,0,0,0,1,0
404156,4401,0,0,0,1,0
404289,4402,0,0,0,1,0
404420,4403,0,0,0,1,0
404558,4404,0,0,0,1,0
404667,4405,0,0,0,1,0
404777,4406,0,0,0,1,0
404878,4407,0,0,0,1,0
405011,4408,0,0,0,1,0
405130,4409,0,0,0,1,0
405252,4410,0,0,0,1,0
405365,4411,0,0,0,1,0
405455,4412,0,0,0,1,0
405594,4413,0,0,0,1,0
405730,4414,0,0,0,1,0
405866,4415,0,0,0,1,0
405986,4416,0,0,0,1,0
406100,4417,0,0,0,1,0
406234,4418,0,0,0,1,0
406353,4419,0,0,0,1,0
406456,4420,0,0,0,1,0
406571,4421,0,0,0,1,0
406662,4422,0,0,0,1,0
406771,4423,0,0,0,1,0
406775,4424,0,0,1,0,0
406908,4425,0,0,0,1,0
407060,4426,0,0,0,1,0
407161,4427,0,0,0,1,0
407265,4428,0,0,1,0,0
407355,4429,0,0,0,1,0
407482,4430,0,0,0,1,0
407571,4431,0,0,0,1,0
407691,4432,0,0,0,1,0
407831,4433,0,0,0,1,0
407935,4434,0,0,0,1,0
408057,4435,0,0,0,1,0
408189,4436,0,0,0,1,0
408306,4437,0,0,0,1,0
408434,4438,0,0,0,1,0
408557,4439,0,0,0,1,0
408646,4440,0,0,0,1,0
408757,4441,0,0,0,1,0
408875,4442,0,0,0,1,0
409023,4443,0,0,0,1,0
409159,4444,0,0,0,1,0
409249,4445,0,0,0,1,0
409351,4446,0,0,0,1,0
409368,4447,0,0,1,0,0
409518,4448,0,0,0,1,0
409660,4449,0,0,0,1,0
409788,4450,0,0,0,1,0
409888,4451,0,0,0,1,0
409994,4452,0,0,0,1,0
410127,4453,0,0,0,1,0
410249,4454,0,0,0,1,0
410354,4455,0,0,0,1,0
410462,4456,0,0,0,1,0
410560,4457,0,0,0,1,0
410655,4458,0,0,0,1,0
410768,4459,0,0,0,1,0
410899,4460,0,0,0,1,0
411023,4461,0,0,0,1,0
411149,4462,0,0,0,1,0
411262,4463,0,0,0,1,0
411388,4464,0,0,0,1,0
411497,4465,0,0,0,1,0
411628,4466,0,0,0,1,0
411725,4467,0,0,0,1,0
411729,4468,1,0,0,0,0
411855,4469,0,0,0,1,0
411947,4470,0,0,0,1,0
412058,4471,0,0,0,1,0
412147,4472,0,0,0,1,0
412276,4473,0,0,0,1,0
412389,4474,0,0,0,1,0
412511,4475,0,0,0,1,0
412617,4476,0,0,0,1,0
412728,4477,0,0,0,1,0
412817,4478,0,0,0,1,0
412918,4479,0,0,0,1,0
413035,4480,0,0,0,1,0
413182,4481,0,0,0,1,0
413317,4482,0,0,0,1,0
413452,4483,0,0,0,1,0
413547,4484,0,0,0,1,0
413689,4485,0,0,0,1,0
413788,4486,0,0,0,1,0
413893,4487,0,0,0,1,0
413988,4488,0,0,0,1,0
414126,4489,0,0,0,1,0
414215,4490,0,0,0,1,0
414327,4491,0,0,0,1,0
414417,4492,0,0,0,1,0
414564,4493,0,0,0,1,0
414715,4494,0,0,0,1,0
414842,4495,0,0,0,1,0
414970,4496,0,0,0,1,0
415092,4497,0,0,0,1,0
415201,4498,0,0,0,1,0
415334,4499,0,0,0,1,0
415469,4500,0,0,0,1,0
415592,4501,0,0,0,1,0
415695,4502,0,0,0,1,0
415794,4503,0,0,0,1,0
415896,4504,0,0,0,1,0
416048,4505,0,0,0,1,0
416052,4506,0,0,1,0,0
416161,4507,0,0,0,1,0
416295,4508,0,0,0,1,0
416415,4509,0,0,0,1,0
416544,4510,0,0,0,1,0
416641,4511,0,0,0,1,0
416737,4512,0,0,0,1,0
416843,4513,0,0,0,1,0
416943,4514,0,0,0,1,0
417051,4515,0,0,0,1,0
417140,4516,0,0,0,1,0
417234,4517,0,0,0,1,0
417364,4518,0,0,0,1,0
417491,4519,0,0,0,1,0
417596,4520,0,0,0,1,0
417706,4521,0,0,0,1,0
417811,4522,0,0,0,1,0
417952,4523,0,0,0,1,0
418041,4524,0,0,0,1,0
418177,4525,0,0,0,1,0
418306,4526,0,0,0,1,0
418448,4527,0,0,0,1,0
418554,4528,0,0,0,1,0
418685,4529,0,0,0,1,0
418776,4530,0,0,0,1,0
418874,4531,0,0,0,1,0
419005,4532,0,0,0,1,0
419110,4533,0,0,0,1,0
419232,4534,0,0,0,1,0
419337,4535,0,0,0,1,0
419432,4536,0,0,0,1,0
419561,4537,0,0,0,1,0
419675,4538,0,0,0,1,0
419764,4539,0,0,0,1,0
419867,4540,0,0,0,1,0
419984,4541,0,0,0,1,0
420106,4542,0,0,0,1,0
420233,4543,0,0,0,1,0
420354,4544,0,0,0,1,0
420478,4545,0,0,0,1,0
420617,4546,0,0,0,1,0
420727,4547,0,0,0,1,0
420835,4548,0,0,0,1,0
420928,4549,0,0,0,1,0
421034,4550,0,0,0,1,0
421157,4551,0,0,0,1,0
421159,4552,0,0,1,0,0
421267,4553,0,0,0,1,0
421386,4554,0,0,0,1,0
421514,4555,0,0,0,1,0
421652,4556,0,0,0,1,0
421781,4557,0,0,0,1,0
421911,4558,0,0,0,1,0
422037,4559,0,0,0,1,0
422129,4560,0,0,0,1,0
422238,4561,0,0,0,1,0
422356,4562,0,0,0,1,0
422470,4563,0,0,0,1,0
422567,4564,0,0,0,1,0
422656,4565,0,0,0,1,0
422748,4566,0,0,0,1,0
422751,4567,0,0,1,0,0
422888,4568,0,0,0,1,0
422985,4569,0,0,0,1,0
423113,4570,0,0,0,1,0
423251,4571,0,0,0,1,0
423348,4572,0,0,0,1,0
423448,4573,0,0,0,1,0
423553,4574,0,0,0,1,0
423689,4575,0,0,0,1,0
423795,4576,0,0,0,1,0
423925,4577,0,0,0,1,0
424039,4578,0,0,0,1,0
424085,4579,0,0,1,0,0
424219,4580,0,0,0,1,0
424369,4581,0,0,0,1,0
424502,4582,0,0,0,1,0
424633,4583,0,0,0,1,0
424669,4584,0,0,1,0,0
424771,4585,0,0,0,1,0
424916,4586,0,0,0,1,0
425031,4587,0,0,0,1,0
425140,4588,0,0,0,1,0
425251,4589,0,0,0,1,0
425364,4590,0,0,0,1,0
425470,4591,0,0,0,1,0
425581,4592,0,0,0,1,0
425686,4593,0,0,0,1,0
425828,4594,0,0,0,1,0
425917,4595,0,0,0,1,0
426070,4596,0,0,0,1,0
426185,4597,0,0,0,1,0
426305,4598,0,0,0,1,0
426420,4599,0,0,0,1,0
426549,4600,0,0,0,1,0
426677,4601,0,0,0,1,0
426792,4602,0,0,0,1,0
426916,4603,0,0,0,1,0
427052,4604,0,0,0,1,0
427196,4605,0,0,0,1,0
427287,4606,0,0,0,1,0
427396,4607,0,0,0,1,0
427521,4608,0,0,0,1,0
427634,4609,0,0,0,1,0
427728,4610,0,0,0,1,0
427731,4611,0,0,1,0,0
427832,4612,0,0,0,1,0
427959,4613,0,0,0,1,0
428090,4614,0,0,0,1,0
428223,4615,0,0,0,1,0
428312,4616,0,0,0,1,0
428429,4617,0,0,0,1,0
428551,4618,0,0,0,1,0
428687,4619,0,0,0,1,0
428785,4620,0,0,0,1,0
428903,4621,0,0,0,1,0
429018,4622,0,0,0,1,0
429156,4623,0,0,0,1,0
429293,4624,0,0,0,1,0
429400,4625,0,0,0,1,0
429489,4626,0,0,0,1,0
429596,4627,0,0,0,1,0
429597,4628,0,0,1,0,0
429732,4629,0,0,0,1,0
429847,4630,0,0,0,1,0
429991,4631,0,0,0,1,0
430113,4632,0,0,0,1,0
430238,4633,0,0,0,1,0
430338,4634,0,0,0,1,0
430472,4635,0,0,0,1,0
430563,4636,0,0,0,1,0
430666,4637,0,0,0,1,0
430765,4638,0,0,0,1,0
430877,4639,0,0,0,1,0
430969,4640,0,0,0,1,0
431063,4641,0,0,0,1,0
431152,4642,0,0,0,1,0
431273,4643,0,0,0,1,0
431372,4644,0,0,0,1,0
431484,4645,0,0,0,1,0
431606,4646,0,0,0,1,0
431706,4647,0,0,0,1,0
431708,4648,0,0,1,0,0
431820,4649,0,0,0,1,0
431941,4650,0,0,0,1,0
432072,4651,0,0,0,1,0
432214,4652,0,0,0,1,0
432307,4653,0,0,0,1,0
432441,4654,0,0,0,1,0
432548,4655,0,0,0,1,0
432658,4656,0,0,0,1,0
432804,4657,0,0,0,1,0
432898,4658,0,0,0,1,0
433011,4659,0,0,0,1,0
433140,4660,0,0,0,1,0
433283,4661,0,0,0,1,0
433405,4662,0,0,0,1,0
433519,4663,0,0,0,1,0
433625,4664,0,0,0,1,0
433755,4665,0,0,0,1,0
433854,4666,0,0,0,1,0
433959,4667,0,0,0,1,0
434025,4668,0,0,1,0,0
434127,4669,0,0,0,1,0
434265,4670,0,0,0,1,0
434354,4671,0,0,0,1,0
434488,4672,0,0,0,1,0
434618,4673,0,0,0,1,0
434726,4674,0,0,0,1,0
434847,4675,0,0,0,1,0
434987,4676,0,0,0,1,0
434991,4677,0,0,1,0,0
435120,4678,0,0,0,1,0
435221,4679,0,0,0,1,0
435321,4680,0,0,0,1,0
435437,4681,0,0,0,1,0
435556,4682,0,0,0,1,0
435691,4683,0,0,0,1,0
435794,4684,0,0,0,1,0
435926,4685,0,0,0,1,0
435930,4686,1,0,0,0,0
436025,4687,0,0,0,1,0
436142,4688,0,0,0,1,0
436270,4689,0,0,0,1,0
436401,4690,0,0,0,1,0
436519,4691,0,0,0,1,0
436642,4692,0,0,0,1,0
436760,4693,0,0,0,1,0
436869,4694,0,0,0,1,0
436987,4695,0,0,0,1,0
437127,4696,0,0,0,1,0
437210,4697,0,0,1,0,0
437307,4698,0,0,0,1,0
437398,4699,0,0,0,1,0
437507,4700,0,0,0,1,0
437613,4701,0,0,0,1,0
437748,4702,0,0,0,1,0
437839,4703,0,0,1,0,0
437954,4704,0,0,0,1,0
438052,4705,0,0,0,1,0
438168,4706,0,0,0,1,0
438297,4707,0,0,0,1,0
438406,4708,0,0,0,1,0
438528,4709,0,0,0,1,0
438533,4710,0,0,1,0,0
438647,4711,0,0,0,1,0
438782,4712,0,0,0,1,0
438907,4713,0,0,0,1,0
439026,4714,0,0,0,1,0
439165,4715,0,0,0,1,0
439281,4716,0,0,0,1,0
439378,4717,0,0,0,1,0
439498,4718,0,0,0,1,0
439621,4719,0,0,0,1,0
439712,4720,0,0,0,1,0
439841,4721,0,0,0,1,0
439930,4722,0,0,0,1,0
440062,4723,0,0,0,1,0
440176,4724,0,0,0,1,0
440292,4725,0,0,0,1,0
440400,4726,0,0,0,1,0
440515,4727,0,0,0,1,0
440625,4728,0,0,0,1,0
440721,4729,0,0,0,1,0
440856,4730,0,0,0,1,0
440988,4731,0,0,0,1,0
441131,4732,0,0,0,1,0
441257,4733,0,0,0,1,0
441389,4734,0,0,0,1,0
441515,4735,0,0,0,1,0
441609,4736,0,0,0,1,0
441733,4737,0,0,0,1,0
441862,4738,0,0,0,1,0
441864,4739,0,0,1,0,0
442002,4740,0,0,0,1,0
442146,4741,0,0,0,1,0
442253,4742,0,0,0,1,0
442342,4743,0,0,0,1,0
442457,4744,0,0,0,1,0
442478,4745,0,0,1,0,0
442593,4746,0,0,0,1,0
442712,4747,0,0,0,1,0
442816,4748,0,0,0,1,0
442941,4749,0,0,0,1,0
443073,4750,0,0,0,1,0
443162,4751,0,0,0,1,0
443294,4752,0,0,0,1,0
443441,4753,0,0,0,1,0
443585,4754,0,0,0,1,0
443708,4755,0,0,0,1,0
443827,4756,0,0,0,1,0
443957,4757,0,0,0,1,0
444060,4758,0,0,0,1,0
444195,4759,0,0,0,1,0
444297,4760,0,0,0,1,0
444429,4761,0,0,0,1,0
444571,4762,0,0,0,1,0
444691,4763,0,0,0,1,0
444826,4764,0,0,0,1,0
444963,4765,0,0,0,1,0
445073,4766,0,0,0,1,0
445195,4767,0,0,0,1,0
445325,4768,0,0,0,1,0
445445,4769,0,0,0,1,0
445556,4770,0,0,0,1,0
445659,4771,0,0,0,1,0
445748,4772,0,0,1,0,0
445842,4773,0,0,0,1,0
445959,4774,0,0,0,1,0
446064,4775,0,0,0,1,0
446184,4776,0,0,0,1,0
446323,4777,0,0,0,1,0
446432,4778,0,0,0,1,0
446544,4779,0,0,0,1,0
446690,4780,0,0,0,1,0
446816,4781,0,0,0,1,0
446930,4782,0,0,0,1,0
446931,4783,0,0,1,0,0
447026,4784,0,0,0,1,0
447159,4785,0,0,0,1,0
447257,4786,0,0,0,1,0
447357,4787,0,0,0,1,0
447473,4788,0,0,0,1,0
447602,4789,0,0,0,1,0
447705,4790,0,0,0,1,0
447838,4791,0,0,0,1,0
447970,4792,0,0,0,1,0
447971,4793,0,0,1,0,0
448105,4794,0,0,0,1,0
448195,4795,0,0,0,1,0
448320,4796,0,0,0,1,0
448459,4797,0,0,0,1,0
448597,4798,0,0,0,1,0
448734,4799,0,0,0,1,0
448833,4800,0,0,0,1,0
448967,4801,0,0,0,1,0
449080,4802,0,0,0,1,0
449182,4803,0,0,0,1,0
449271,4804,0,0,0,1,0
449370,4805,0,0,0,1,0
449475,4806,0,0,0,1,0
449596,4807,0,0,0,1,0
449718,4808,0,0,0,1,0
449849,4809,0,0,0,1,0
449988,4810,0,0,0,1,0
450125,4811,0,0,0,1,0
450214,4812,0,0,0,1,0
450344,4813,0,0,0,1,0
450470,4814,0,0,0,1,0
450571,4815,0,0,0,1,0
450722,4816,0,0,0,1,0
450842,4817,0,0,0,1,0
450953,4818,0,0,0,1,0
451049,4819,0,0,1,0,0
451138,4820,0,0,0,1,0
451239,4821,0,0,0,1,0
451374,4822,0,0,0,1,0
451460,4823,0,0,1,0,0
451569,4824,0,0,0,1,0
451690,4825,0,0,0,1,0
451792,4826,0,0,0,1,0
451899,4827,0,0,0,1,0
452002,4828,0,0,0,1,0
452126,4829,0,0,0,1,0
452234,4830,0,0,0,1,0
452339,4831,0,0,0,1,0
452451,4832,0,0,0,1,0
452555,4833,0,0,0,1,0
452672,4834,0,0,0,1,0
452814,4835,0,0,0,1,0
452816,4836,0,0,1,0,0
452950,4837,0,0,0,1,0
453066,4838,0,0,0,1,0
453155,4839,0,0,0,1,0
453257,4840,0,0,0,1,0
453375,4841,0,0,0,1,0
453503,4842,0,0,0,1,0
453565,4843,0,0,1,0,0
453688,4844,0,0,0,1,0
453797,4845,0,0,0,1,0
453942,4846,0,0,0,1,0
454067,4847,0,0,0,1,0
454201,4848,0,0,0,1,0
454206,4849,1,0,0,0,0
454325,4850,0,0,0,1,0
454449,4851,0,0,0,1,0
454553,4852,0,0,0,1,0
454683,4853,0,0,0,1,0
454809,4854,0,0,0,1,0
454953,4855,0,0,0,1,0
455042,4856,0,0,0,1,0
455045,4857,0,0,1,0,0
455175,4858,0,0,0,1,0
455279,4859,0,0,0,1,0
455413,4860,0,0,0,1,0
455534,4861,0,0,0,1,0
455663,4862,0,0,0,1,0
455791,4863,0,0,0,1,0
455825,4864,0,0,1,0,0
455920,4865,0,0,0,1,0
456045,4866,0,0,0,1,0
456167,4867,0,0,0,1,0
456292,4868,0,0,0,1,0
456386,4869,0,0,0,1,0
456476,4870,0,0,0,1,0
456597,4871,0,0,0,1,0
456695,4872,0,0,0,1,0
456790,4873,0,0,0,1,0
456912,4874,0,0,0,1,0
457025,4875,0,0,0,1,0
457128,4876,0,0,0,1,0
457248,4877,0,0,0,1,0
457364,4878,0,0,0,1,0
457507,4879,0,0,0,1,0
457625,4880,0,0,0,1,0
457733,4881,0,0,0,1,0
457877,4882,0,0,0,1,0
457980,4883,0,0,0,1,0
458069,4884,0,0,0,1,0
458201,4885,0,0,0,1,0
458334,4886,0,0,0,1,0
458466,4887,0,0,0,1,0
458583,4888,0,0,0,1,0
458675,4889,0,0,0,1,0
458678,4890,0,0,1,0,0
458797,4891,0,0,0,1,0
458917,4892,0,0,0,1,0
459017,4893,0,0,0,1,0
459131,4894,0,0,0,1,0
459275,4895,0,0,0,1,0
459407,4896,0,0,0,1,0
459525,4897,0,0,0,1,0
459527,4898,0,0,1,0,0
459595,4899,0,0,1,0,0
459691,4900,0,0,0,1,0
459694,4901,0,0,1,0,0
459828,4902,0,0,0,1,0
459950,4903,0,0,0,1,0
460085,4904,0,0,0,1,0
460206,4905,0,0,0,1,0
460339,4906,0,0,0,1,0
460441,4907,0,0,0,1,0
460442,4908,0,0,1,0,0
460569,4909,0,0,0,1,0
460704,4910,0,0,0,1,0
460834,4911,0,0,0,1,0
460953,4912,0,0,0,1,0
461071,4913,0,0,0,1,0
461190,4914,0,0,0,1,0
461319,4915,0,0,0,1,0
461428,4916,0,0,0,1,0
461537,4917,0,0,0,1,0
461673,4918,0,0,0,1,0
461718,4919,0,0,1,0,0
461808,4920,0,0,0,1,0
461941,4921,0,0,0,1,0
462091,4922,0,0,0,1,0
462210,4923,0,0,0,1,0
462339,4924,0,0,0,1,0
462458,4925,0,0,0,1,0
462521,4926,0,0,1,0,0
462610,4927,0,0,0,1,0
462754,4928,0,0,0,1,0
462896,4929,0,0,0,1,0
463039,4930,0,0,0,1,0
463169,4931,0,0,0,1,0
463272,4932,0,0,0,1,0
463385,4933,0,0,0,1,0
463490,4934,0,0,0,1,0
463595,4935,0,0,0,1,0
463713,4936,0,0,0,1,0
463842,4937,0,0,0,1,0
463947,4938,0,0,0,1,0
464046,4939,0,0,0,1,0
464164,4940,0,0,0,1,0
464275,4941,0,0,0,1,0
464400,4942,0,0,0,1,0
464512,4943,0,0,0,1,0
464640,4944,0,0,0,1,0
464758,4945,0,0,0,1,0
464876,4946,0,0,0,1,0
465012,4947,0,0,0,1,0
465072,4948,0,0,1,0,0
465193,4949,0,0,0,1,0
465323,4950,0,0,0,1,0
465335,4951,0,0,1,0,0
465440,4952,0,0,0,1,0
465533,4953,0,0,0,1,0
465622,4954,0,0,0,1,0
465739,4955,0,0,0,1,0
465875,4956,0,0,0,1,0
466000,4957,0,0,0,1,0
466150,4958,0,0,0,1,0
466279,4959,0,0,0,1,0
466407,4960,0,0,0,1,0
466535,4961,0,0,0,1,0
466642,4962,0,0,0,1,0
466749,4963,0,0,0,1,0
466845,4964,0,0,0,1,0
466948,4965,0,0,0,1,0
467085,4966,0,0,0,1,0
467180,4967,0,0,0,1,0
467284,4968,0,0,0,1,0
467382,4969,0,0,0,1,0
467384,4970,1,0,0,0,0
467511,4971,0,0,0,1,0
467630,4972,0,0,0,1,0
467750,4973,0,0,0,1,0
467875,4974,0,0,0,1,0
468011,4975,0,0,0,1,0
468133,4976,0,0,0,1,0
468255,4977,0,0,0,1,0
468344,4978,0,0,0,1,0
468476,4979,0,0,0,1,0
468607,4980,0,0,0,1,0
468736,4981,0,0,0,1,0
468834,4982,0,0,0,1,0
468923,4983,0,0,0,1,0
468954,4984,0,0,1,0,0
469043,4985,0,0,0,1,0
469152,4986,0,0,0,1,0
469261,4987,0,0,0,1,0
469371,4988,0,0,0,1,0
469471,4989,0,0,0,1,0
469575,4990,0,0,0,1,0
469718,4991,0,0,0,1,0
469819,4992,0,0,0,1,0
469953,4993,0,0,0,1,0
470058,4994,0,0,0,1,0
470163,4995,0,0,0,1,0
470259,4996,0,0,0,1,0
470384,4997,0,0,0,1,0
470475,4998,0,0,0,1,0
470579,4999,0,0,0,1,0
470679,5000,0,0,0,1,0
470789,5001,0,0,0,1,0
470791,5002,0,0,1,0,0
470924,5003,0,0,0,1,0
471014,5004,0,0,0,1,0
471136,5005,0,0,0,1,0
471236,5006,0,0,0,1,0
471379,5007,0,0,0,1,0
471485,5008,0,0,0,1,0
471621,5009,0,0,0,1,0
471768,5010,0,0,0,1,0
471874,5011,0,0,0,1,0
472009,5012,0,0,0,1,0
472149,5013,0,0,0,1,0
472284,5014,0,0,0,1,0
472415,5015,0,0,0,1,0
472543,5016,0,0,0,1,0
472674,5017,0,0,0,1,0
472778,5018,0,0,0,1,0
472867,5019,0,0,0,1,0
473020,5020,0,0,0,1,0
473121,5021,0,0,0,1,0
473255,5022,0,0,0,1,0
473387,5023,0,0,0,1,0
473499,5024,0,0,0,1,0
473609,5025,0,0,0,1,0
473736,5026,0,0,0,1,0
473864,5027,0,0,0,1,0
473959,5028,0,0,0,1,0
474062,5029,0,0,0,1,0
474210,5030,0,0,0,1,0
474299,5031,0,0,0,1,0
474437,5032,0,0,0,1,0
474568,5033,0,0,0,1,0
474700,5034,0,0,0,1,0
474815,5035,0,0,0,1,0
474923,5036,0,0,0,1,0
475053,5037,0,0,0,1,0
475181,5038,0,0,0,1,0
475308,5039,0,0,0,1,0
475414,5040,0,0,0,1,0
475522,5041,0,0,0,1,0
475637,5042,0,0,0,1,0
475771,5043,0,0,0,1,0
475898,5044,0,0,0,1,0
475997,5045,0,0,0,1,0
476097,5046,0,0,0,1,0
476217,5047,0,0,0,1,0
476351,5048,0,0,0,1,0
476509,5049,0,0,0,1,0
476628,5050,0,0,0,1,0
476756,5051,0,0,0,1,0
476877,5052,0,0,0,1,0
477015,5053,0,0,0,1,0
477118,5054,0,0,0,1,0
477241,5055,0,0,0,1,0
477384,5056,0,0,0,1,0
477473,5057,0,0,0,1,0
477475,5058,0,0,1,0,0
477565,5059,0,0,0,1,0
477686,5060,0,0,0,1,0
477813,5061,0,0,0,1,0
477936,5062,0,0,0,1,0
478063,5063,0,0,0,1,0
478152,5064,0,0,0,1,0
478303,5065,0,0,0,1,0
478448,5066,0,0,0,1,0
478579,5067,0,0,0,1,0
478725,5068,0,0,0,1,0
478800,5069,0,0,1,0,0
478934,5070,0,0,0,1,0
479068,5071,0,0,0,1,0
479143,5072,0,0,1,0,0
479243,5073,0,0,0,1,0
479358,5074,0,0,0,1,0
479468,5075,0,0,0,1,0
479573,5076,0,0,0,1,0
479675,5077,0,0,0,1,0
479679,5078,1,0,0,0,0
479830,5079,0,0,0,1,0
479963,5080,0,0,0,1,0
480079,5081,0,0,0,1,0
480189,5082,0,0,0,1,0
480279,5083,0,0,0,1,0
480404,5084,0,0,0,1,0
480520,5085,0,0,0,1,0
480649,5086,0,0,0,1,0
480749,5087,0,0,0,1,0
480864,5088,0,0,0,1,0
480963,5089,0,0,0,1,0
481070,5090,0,0,0,1,0
481163,5091,0,0,0,1,0
481265,5092,0,0,0,1,0
481376,5093,0,0,0,1,0
481543,5094,0,0,0,1,0
481659,5095,0,0,0,1,0
481757,5096,0,0,0,1,0
481876,5097,0,0,0,1,0
482033,5098,0,0,0,1,0
482166,5099,0,0,0,1,0
482284,5100,0,0,0,1,0
482401,5101,0,0,0,1,0
482524,5102,0,0,0,1,0
482618,5103,0,0,0,1,0
482743,5104,0,0,0,1,0
482840,5105,0,0,0,1,0
482939,5106,0,0,0,1,0
483049,5107,0,0,0,1,0
483160,5108,0,0,0,1,0
483291,5109,0,0,0,1,0
483395,5110,0,0,0,1,0
483535,5111,0,0,0,1,0
483680,5112,0,0,0,1,0
483731,5113,0,0,1,0,0
483836,5114,0,0,0,1,0
483976,5115,0,0,0,1,0
484120,5116,0,0,0,1,0
484270,5117,0,0,0,1,0
484399,5118,0,0,0,1,0
484534,5119,0,0,0,1,0
484666,5120,0,0,0,1,0
484802,5121,0,0,0,1,0
484913,5122,0,0,0,1,0
485032,5123,0,0,0,1,0
485160,5124,0,0,0,1,0
485249,5125,0,0,0,1,0
485338,5126,0,0,0,1,0
485475,5127,0,0,0,1,0
485587,5128,0,0,0,1,0
485722,5129,0,0,0,1,0
485873,5130,0,0,0,1,0
485962,5131,0,0,0,1,0
486066,5132,0,0,0,1,0
486198,5133,0,0,0,1,0
486200,5134,0,0,1,0,0
486335,5135,0,0,0,1,0
486458,5136,0,0,0,1,0
486577,5137,0,0,0,1,0
486698,5138,0,0,0,1,0
486823,5139,0,0,0,1,0
486927,5140,0,0,0,1,0
487080,5141,0,0,0,1,0
487220,5142,0,0,0,1,0
487339,5143,0,0,0,1,0
487439,5144,0,0,0,1,0
487579,5145,0,0,0,1,0
487668,5146,0,0,0,1,0
487792,5147,0,0,0,1,0
487795,5148,0,0,1,0,0
487922,5149,0,0,0,1,0
488052,5150,0,0,0,1,0
488166,5151,0,0,0,1,0
488306,5152,0,0,0,1,0
488405,5153,0,0,0,1,0
488539,5154,0,0,0,1,0
488648,5155,0,0,0,1,0
488761,5156,0,0,0,1,0
488857,5157,0,0,0,1,0
488946,5158,0,0,0,1,0
489086,5159,0,0,0,1,0
489204,5160,0,0,0,1,0
489332,5161,0,0,0,1,0
489465,5162,0,0,0,1,0
489579,5163,0,0,0,1,0
489699,5164,0,0,0,1,0
489836,5165,0,0,0,1,0
489925,5166,0,0,0,1,0
490080,5167,0,0,0,1,0
490191,5168,0,0,0,1,0
490311,5169,0,0,0,1,0
490400,5170,0,0,0,1,0
490556,5171,0,0,0,1,0
490680,5172,0,0,0,1,0
490828,5173,0,0,0,1,0
490944,5174,0,0,0,1,0
491097,5175,0,0,0,1,0
491198,5176,0,0,0,1,0
491297,5177,0,0,0,1,0
491407,5178,0,0,0,1,0
491531,5179,0,0,0,1,0
491629,5180,0,0,0,1,0
491758,5181,0,0,0,1,0
491875,5182,0,0,0,1,0
491993,5183,0,0,0,1,0
492110,5184,0,0,0,1,0
492248,5185,0,0,0,1,0
492370,5186,0,0,0,1,0
492477,5187,0,0,0,1,0
492575,5188,0,0,0,1,0
492702,5189,0,0,0,1,0
492803,5190,0,0,0,1,0
492925,5191,0,0,0,1,0
493065,5192,0,0,0,1,0
493072,5193,1,0,0,0,0
493216,5194,0,0,0,1,0
493315,5195,0,0,0,1,0
493452,5196,0,0,0,1,0
493541,5197,0,0,0,1,0
493670,5198,0,0,0,1,0
493774,5199,0,0,0,1,0
493936,5200,0,0,0,1,0
494051,5201,0,0,0,1,0
494149,5202,0,0,0,1,0
494291,5203,0,0,0,1,0
494439,5204,0,0,0,1,0
494562,5205,0,0,0,1,0
494664,5206,0,0,0,1,0
494791,5207,0,0,0,1,0
494909,5208,0,0,0,1,0
495027,5209,0,0,0,1,0
495180,5210,0,0,0,1,0
495297,5211,0,0,0,1,0
495409,5212,0,0,0,1,0
495533,5213,0,0,0,1,0
495645,5214,0,0,0,1,0
495754,5215,0,0,0,1,0
495902,5216,0,0,0,1,0
496025,5217,0,0,0,1,0
496148,5218,0,0,0,1,0
496267,5219,0,0,0,1,0
496407,5220,0,0,0,1,0
496512,5221,0,0,0,1,0
496666,5222,0,0,0,1,0
496764,5223,0,0,0,1,0
496906,5224,0,0,0,1,0
497011,5225,0,0,0,1,0
497147,5226,0,0,0,1,0
497281,5227,0,0,0,1,0
497370,5228,0,0,0,1,0
497400,5229,0,0,1,0,0
497506,5230,0,0,0,1,0
497631,5231,0,0,0,1,0
497720,5232,0,0,0,1,0
497812,5233,0,0,0,1,0
497945,5234,0,0,0,1,0
498033,5235,0,0,0,1,0
498149,5236,0,0,0,1,0
498251,5237,0,0,0,1,0
498350,5238,0,0,0,1,0
498466,5239,0,0,0,1,0
498602,5240,0,0,0,1,0
498606,5241,1,0,0,0,0
498725,5242,0,0,0,1,0
498872,5243,0,0,0,1,0
498997,5244,0,0,0,1,0
499100,5245,0,0,0,1,0
499221,5246,0,0,0,1,0
499356,5247,0,0,0,1,0
499490,5248,0,0,0,1,0
499579,5249,0,0,0,1,0
499679,5250,0,0,0,1,0
499786,5251,0,0,0,1,0
499877,5252,0,0,0,1,0
500023,5253,0,0,0,1,0
500172,5254,0,0,0,1,0
500173,5255,0,0,1,0,0
500184,5256,0,0,1,0,0
500279,5257,0,0,0,1,0
500283,5258,0,0,1,0,0
500384,5259,0,0,0,1,0
500476,5260,0,0,0,1,0
500592,5261,0,0,0,1,0
500693,5262,0,0,0,1,0
500843,5263,0,0,0,1,0
500972,5264,0,0,0,1,0
501076,5265,0,0,0,1,0
501170,5266,0,0,0,1,0
501324,5267,0,0,0,1,0
501393,5268,0,0,1,0,0
501512,5269,0,0,0,1,0
501655,5270,0,0,0,1,0
501778,5271,0,0,0,1,0
501919,5272,0,0,0,1,0
502062,5273,0,0,0,1,0
502205,5274,0,0,0,1,0
502305,5275,0,0,0,1,0
502419,5276,0,0,0,1,0
502518,5277,0,0,0,1,0
502636,5278,0,0,0,1,0
502765,5279,0,0,0,1,0
502885,5280,0,0,0,1,0
502984,5281,0,0,0,1,0
503094,5282,0,0,0,1,0
503209,5283,0,0,0,1,0
503314,5284,0,0,0,1,0
503460,5285,0,0,0,1,0
503472,5286,0,0,1,0,0
503599,5287,0,0,0,1,0
503728,5288,0,0,0,1,0
503853,5289,0,0,0,1,0
503991,5290,0,0,0,1,0
504123,5291,0,0,0,1,0
504217,5292,0,0,0,1,0
504341,5293,0,0,0,1,0
504438,5294,0,0,0,1,0
504445,5295,0,0,1,0,0
504596,5296,0,0,0,1,0
504605,5297,0,0,1,0,0
504730,5298,0,0,0,1,0
504846,5299,0,0,0,1,0
504957,5300,0,0,0,1,0
505091,5301,0,0,0,1,0
505197,5302,0,0,0,1,0
505337,5303,0,0,0,1,0
505442,5304,0,0,0,1,0
505578,5305,0,0,0,1,0
505724,5306,0,0,0,1,0
505849,5307,0,0,0,1,0
505970,5308,0,0,0,1,0
506077,5309,0,0,0,1,0
506200,5310,0,0,0,1,0
506308,5311,0,0,0,1,0
506430,5312,0,0,0,1,0
506537,5313,0,0,0,1,0
506668,5314,0,0,0,1,0
506769,5315,0,0,0,1,0
506890,5316,0,0,0,1,0
506986,5317,0,0,0,1,0
507079,5318,0,0,0,1,0
507188,5319,0,0,0,1,0
507304,5320,0,0,0,1,0
507420,5321,0,0,0,1,0
507559,5322,0,0,0,1,0
507680,5323,0,0,0,1,0
507804,5324,0,0,0,1,0
507941,5325,0,0,0,1,0
508030,5326,0,0,0,1,0
508133,5327,0,0,0,1,0
508222,5328,0,0,0,1,0
508352,5329,0,0,0,1,0
508498,5330,0,0,0,1,0
508607,5331,0,0,0,1,0
508745,5332,0,0,0,1,0
508862,5333,0,0,0,1,0
508967,5334,0,0,0,1,0
509056,5335,0,0,0,1,0
509060,5336,0,0,1,0,0
509207,5337,0,0,0,1,0
509348,5338,0,0,0,1,0
509471,5339,0,0,0,1,0
509572,5340,0,0,0,1,0
509671,5341,0,0,0,1,0
509764,5342,0,0,0,1,0
509873,5343,0,0,0,1,0
510004,5344,0,0,0,1,0
510151,5345,0,0,0,1,0
510250,5346,0,0,0,1,0
510380,5347,0,0,0,1,0
510477,5348,0,0,0,1,0
510611,5349,0,0,0,1,0
510754,5350,0,0,0,1,0
510869,5351,0,0,0,1,0
510984,5352,0,0,0,1,0
511114,5353,0,0,0,1,0
511253,5354,0,0,0,1,0
511380,5355,0,0,0,1,0
511508,5356,0,0,0,1,0
511637,5357,0,0,0,1,0
511762,5358,0,0,0,1,0
511883,5359,0,0,0,1,0
511972,5360,0,0,0,1,0
512106,5361,0,0,0,1,0
512203,5362,0,0,0,1,0
512345,5363,0,0,0,1,0
512448,5364,0,0,0,1,0
512547,5365,0,0,0,1,0
512665,5366,0,0,0,1,0
512792,5367,0,0,0,1,0
512912,5368,0,0,0,1,0
513035,5369,0,0,0,1,0
513159,5370,0,0,0,1,0
513262,5371,0,0,0,1,0
513359,5372,0,0,0,1,0
513494,5373,0,0,0,1,0
513597,5374,0,0,0,1,0
513711,5375,0,0,0,1,0
513826,5376,0,0,0,1,0
513947,5377,0,0,0,1,0
514067,5378,0,0,0,1,0
514172,5379,0,0,0,1,0
514278,5380,0,0,0,1,0
514367,5381,0,0,0,1,0
514494,5382,0,0,0,1,0
514606,5383,0,0,0,1,0
514744,5384,0,0,0,1,0
514839,5385,0,0,0,1,0
514962,5386,0,0,0,1,0
515064,5387,0,0,0,1,0
515159,5388,0,0,0,1,0
515298,5389,0,0,0,1,0
515417,5390,0,0,0,1,0
515521,5391,0,0,0,1,0
515647,5392,0,0,0,1,0
515742,5393,0,0,0,1,0
515839,5394,0,0,0,1,0
515952,5395,0,0,0,1,0
516082,5396,0,0,0,1,0
516180,5397,0,0,0,1,0
516280,5398,0,0,0,1,0
516374,5399,0,0,0,1,0
516508,5400,0,0,0,1,0
516614,5401,0,0,0,1,0
516689,5402,0,0,1,0,0
516804,5403,0,0,0,1,0
516940,5404,0,0,0,1,0
517034,5405,0,0,0,1,0
517141,5406,0,0,0,1,0
517250,5407,0,0,0,1,0
517366,5408,0,0,0,1,0
517488,5409,0,0,0,1,0
517595,5410,0,0,0,1,0
517710,5411,0,0,0,1,0
517808,5412,0,0,0,1,0
517922,5413,0,0,0,1,0
518039,5414,0,0,0,1,0
518142,5415,0,0,0,1,0
518270,5416,0,0,0,1,0
518413,5417,0,0,0,1,0
518510,5418,0,0,0,1,0
518605,5419,0,0,0,1,0
518700,5420,0,0,0,1,0
518830,5421,0,0,0,1,0
518966,5422,0,0,0,1,0
519067,5423,0,0,0,1,0
519200,5424,0,0,0,1,0
519322,5425,0,0,0,1,0
519440,5426,0,0,0,1,0
519535,5427,0,0,0,1,0
519675,5428,0,0,0,1,0
519813,5429,0,0,0,1,0
519905,5430,0,0,0,1,0
520013,5431,0,0,0,1,0
520145,5432,0,0,0,1,0
520246,5433,0,0,0,1,0
520335,5434,0,0,0,1,0
520443,5435,0,0,0,1,0
520569,5436,0,0,0,1,0
520708,5437,0,0,0,1,0
520807,5438,0,0,0,1,0
520926,5439,0,0,0,1,0
521033,5440,0,0,0,1,0
521176,5441,0,0,0,1,0
521269,5442,0,0,0,1,0
521400,5443,0,0,0,1,0
521516,5444,0,0,0,1,0
521646,5445,0,0,0,1,0
521749,5446,0,0,0,1,0
521751,5447,0,0,1,0,0
521868,5448,0,0,0,1,0
521972,5449,0,0,0,1,0
522114,5450,0,0,0,1,0
522217,5451,0,0,0,1,0
522351,5452,0,0,0,1,0
522456,5453,0,0,0,1,0
522579,5454,0,0,0,1,0
522680,5455,0,0,0,1,0
522770,5456,0,0,0,1,0
522899,5457,0,0,0,1,0
523012,5458,0,0,0,1,0
523124,5459,0,0,0,1,0
523262,5460,0,0,0,1,0
523383,5461,0,0,0,1,0
523520,5462,0,0,0,1,0
523646,5463,0,0,0,1,0
523753,5464,0,0,0,1,0
523852,5465,0,0,0,1,0
524001,5466,0,0,0,1,0
524002,5467,0,0,1,0,0
524115,5468,0,0,0,1,0
524210,5469,0,0,0,1,0
524302,5470,0,0,0,1,0
524414,5471,0,0,0,1,0
524527,5472,0,0,0,1,0
524662,5473,0,0,0,1,0
524775,5474,0,0,0,1,0
524893,5475,0,0,0,1,0
525020,5476,0,0,0,1,0
525143,5477,0,0,0,1,0
525239,5478,0,0,0,1,0
525355,5479,0,0,0,1,0
525446,5480,0,0,0,1,0
525491,5481,0,0,1,0,0
525612,5482,0,0,0,1,0
525712,5483,0,0,0,1,0
525847,5484,0,0,0,1,0
525981,5485,0,0,0,1,0
526086,5486,0,0,0,1,0
526195,5487,0,0,0,1,0
526317,5488,0,0,0,1,0
526450,5489,0,0,0,1,0
526562,5490,0,0,0,1,0
526703,5491,0,0,0,1,0
526798,5492,0,0,0,1,0
526932,5493,0,0,0,1,0
527071,5494,0,0,0,1,0
527180,5495,0,0,0,1,0
527325,5496,0,0,0,1,0
527428,5497,0,0,0,1,0
527561,5498,0,0,0,1,0
527688,5499,0,0,0,1,0
527788,5500,0,0,0,1,0
527926,5501,0,0,0,1,0
528068,5502,0,0,0,1,0
528175,5503,0,0,0,1,0
528189,5504,0,0,1,0,0
528327,5505,0,0,0,1,0
528439,5506,0,0,0,1,0
528549,5507,0,0,0,1,0
528678,5508,0,0,0,1,0
528787,5509,0,0,0,1,0
528905,5510,0,0,0,1,0
529019,5511,0,0,0,1,0
529145,5512,0,0,0,1,0
529247,5513,0,0,0,1,0
529373,5514,0,0,0,1,0
529486,5515,0,0,0,1,0
529621,5516,0,0,0,1,0
529749,5517,0,0,0,1,0
529863,5518,0,0,0,1,0
529968,5519,0,0,0,1,0
530095,5520,0,0,0,1,0
530221,5521,0,0,0,1,0
530337,5522,0,0,0,1,0
530473,5523,0,0,0,1,0
530595,5524,0,0,0,1,0
530717,5525,0,0,0,1,0
530853,5526,0,0,0,1,0
531003,5527,0,0,0,1,0
531127,5528,0,0,0,1,0
531266,5529,0,0,0,1,0
531381,5530,0,0,0,1,0
531532,5531,0,0,0,1,0
531663,5532,0,0,0,1,0
531774,5533,0,0,0,1,0
531894,5534,0,0,0,1,0
532024,5535,0,0,0,1,0
532138,5536,0,0,0,1,0
532245,5537,0,0,0,1,0
532354,5538,0,0,0,1,0
532488,5539,0,0,0,1,0
532613,5540,0,0,0,1,0
532730,5541,0,0,0,1,0
532820,5542,0,0,0,1,0
532923,5543,0,0,0,1,0
533032,5544,0,0,0,1,0
533160,5545,0,0,0,1,0
533275,5546,0,0,0,1,0
533405,5547,0,0,0,1,0
533521,5548,0,0,0,1,0
533656,5549,0,0,0,1,0
533746,5550,0,0,0,1,0
533850,5551,0,0,0,1,0
533952,5552,0,0,0,1,0
534092,5553,0,0,0,1,0
534226,5554,0,0,0,1,0
534327,5555,0,0,0,1,0
534421,5556,0,0,0,1,0
534534,5557,0,0,0,1,0
534675,5558,0,0,0,1,0
534676,5559,1,0,0,0,0
534776,5560,0,0,0,1,0
534900,5561,0,0,0,1,0
535030,5562,0,0,0,1,0
535159,5563,0,0,0,1,0
535237,5564,0,0,1,0,0
535354,5565,0,0,0,1,0
535485,5566,0,0,0,1,0
535620,5567,0,0,0,1,0
535714,5568,0,0,0,1,0
535868,5569,0,0,0,1,0
535996,5570,0,0,0,1,0
536128,5571,0,0,0,1,0
536267,5572,0,0,0,1,0
536377,5573,0,0,0,1,0
536475,5574,0,0,0,1,0
536609,5575,0,0,0,1,0
536698,5576,0,0,0,1,0
536797,5577,0,0,0,1,0
536908,5578,0,0,0,1,0
537018,5579,0,0,0,1,0
537115,5580,0,0,0,1,0
537247,5581,0,0,0,1,0
537383,5582,0,0,0,1,0
537495,5583,0,0,0,1,0
537603,5584,0,0,0,1,0
537763,5585,0,0,0,1,0
537872,5586,0,0,0,1,0
538019,5587,0,0,0,1,0
538123,5588,0,0,0,1,0
538212,5589,0,0,0,1,0
538345,5590,0,0,0,1,0
538491,5591,0,0,0,1,0
538602,5592,0,0,0,1,0
538691,5593,0,0,0,1,0
538797,5594,0,0,0,1,0
538904,5595,0,0,0,1,0
539032,5596,0,0,0,1,0
539171,5597,0,0,0,1,0
539278,5598,0,0,0,1,0
539412,5599,0,0,0,1,0
539505,5600,0,0,0,1,0
539506,5601,0,0,1,0,0
539637,5602,0,0,0,1,0
539776,5603,0,0,0,1,0
539871,5604,0,0,0,1,0
539984,5605,0,0,0,1,0
540087,5606,0,0,1,0,0
540227,5607,0,0,0,1,0
540317,5608,0,0,0,1,0
540443,5609,0,0,0,1,0
540559,5610,0,0,0,1,0
540676,5611,0,0,0,1,0
540787,5612,0,0,0,1,0
540936,5613,0,0,0,1,0
541042,5614,0,0,0,1,0
541131,5615,0,0,0,1,0
541261,5616,0,0,0,1,0
541392,5617,0,0,0,1,0
541496,5618,0,0,0,1,0
541643,5619,0,0,0,1,0
541762,5620,0,0,0,1,0
541881,5621,0,0,0,1,0
541985,5622,0,0,0,1,0
542060,5623,0,0,1,0,0
542166,5624,0,0,0,1,0
542296,5625,0,0,0,1,0
542385,5626,0,0,0,1,0
542483,5627,0,0,0,1,0
542637,5628,0,0,0,1,0
542734,5629,0,0,0,1,0
542861,5630,0,0,0,1,0
542981,5631,0,0,0,1,0
543107,5632,0,0,0,1,0
543210,5633,0,0,0,1,0
543366,5634,0,0,0,1,0
543488,5635,0,0,0,1,0
543643,5636,0,0,0,1,0
543767,5637,0,0,0,1,0
543790,5638,0,0,1,0,0
543903,5639,0,0,0,1,0
543992,5640,0,0,0,1,0
544135,5641,0,0,0,1,0
544292,5642,0,0,0,1,0
544403,5643,0,0,0,1,0
544540,5644,0,0,0,1,0
544651,5645,0,0,0,1,0
544788,5646,0,0,0,1,0
544877,5647,0,0,0,1,0
544990,5648,0,0,0,1,0
545102,5649,0,0,0,1,0
545215,5650,0,0,0,1,0
545304,5651,0,0,0,1,0
545436,5652,0,0,0,1,0
545573,5653,0,0,0,1,0
545690,5654,0,0,0,1,0
545694,5655,1,0,0,0,0
545852,5656,0,0,0,1,0
545986,5657,0,0,0,1,0
546113,5658,0,0,0,1,0
546206,5659,0,0,0,1,0
546352,5660,0,0,0,1,0
546454,5661,0,0,0,1,0
546555,5662,0,0,0,1,0
546649,5663,0,0,0,1,0
546749,5664,0,0,0,1,0
546896,5665,0,0,0,1,0
547027,5666,0,0,0,1,0
547162,5667,0,0,0,1,0
547251,5668,0,0,0,1,0
547371,5669,0,0,0,1,0
547464,5670,0,0,0,1,0
547595,5671,0,0,0,1,0
547730,5672,0,0,0,1,0
547846,5673,0,0,0,1,0
548003,5674,0,0,0,1,0
548106,5675,0,0,0,1,0
548241,5676,0,0,0,1,0
548373,5677,0,0,0,1,0
548526,5678,0,0,0,1,0
548668,5679,0,0,0,1,0
548785,5680,0,0,0,1,0
548905,5681,0,0,0,1,0
549005,5682,0,0,0,1,0
549105,5683,0,0,0,1,0
549326,5684,0,0,0,1,0
549426,5685,0,0,0,1,0
549550,5686,0,0,0,1,0
549652,5687,0,0,0,1,0
549775,5688,0,0,0,1,0
549882,5689,0,0,0,1,0
550022,5690,0,0,0,1,0
550158,5691,0,0,0,1,0
550319,5692,0,0,0,1,0
550443,5693,0,0,0,1,0
550593,5694,0,0,0,1,0
550707,5695,0,0,0,1,0
550819,5696,0,0,0,1,0
550927,5697,0,0,0,1,0
551039,5698,0,0,0,1,0
551158,5699,0,0,0,1,0
551287,5700,0,0,0,1,0
551401,5701,0,0,0,1,0
551490,5702,0,0,0,1,0
551626,5703,0,0,0,1,0
551761,5704,0,0,0,1,0
551892,5705,0,0,0,1,0
551995,5706,0,0,0,1,0
552133,5707,0,0,0,1,0
552255,5708,0,0,0,1,0
552385,5709,0,0,0,1,0
552541,5710,0,0,0,1,0
552653,5711,0,0,0,1,0
552778,5712,0,0,0,1,0
552909,5713,0,0,0,1,0
553021,5714,0,0,0,1,0
553134,5715,0,0,0,1,0
553223,5716,0,0,0,1,0
553335,5717,0,0,0,1,0
553337,5718,0,0,1,0,0
553492,5719,0,0,0,1,0
553636,5720,0,0,0,1,0
553642,5721,1,0,0,0,0
553772,5722,0,0,0,1,0
553895,5723,0,0,0,1,0
554023,5724,0,0,0,1,0
554149,5725,0,0,0,1,0
554259,5726,0,0,0,1,0
554405,5727,0,0,0,1,0
554509,5728,0,0,0,1,0
554615,5729,0,0,0,1,0
554712,5730,0,0,0,1,0
554863,5731,0,0,0,1,0
555002,5732,0,0,0,1,0
555118,5733,0,0,0,1,0
555121,5734,0,0,1,0,0
555240,5735,0,0,0,1,0
555389,5736,0,0,0,1,0
555501,5737,0,0,0,1,0
555606,5738,0,0,0,1,0
555729,5739,0,0,0,1,0
555835,5740,0,0,0,1,0
555958,5741,0,0,0,1,0
555982,5742,0,0,1,0,0
556113,5743,0,0,0,1,0
556134,5744,0,0,1,0,0
556296,5745,0,0,0,1,0
556411,5746,0,0,0,1,0
556535,5747,0,0,0,1,0
556674,5748,0,0,0,1,0
556810,5749,0,0,0,1,0
556914,5750,0,0,0,1,0
557028,5751,0,0,0,1,0
557142,5752,0,0,0,1,0
557249,5753,0,0,0,1,0
557361,5754,0,0,0,1,0
557451,5755,0,0,0,1,0
557575,5756,0,0,0,1,0
557673,5757,0,0,0,1,0
557805,5758,0,0,0,1,0
557961,5759,0,0,0,1,0
558086,5760,0,0,0,1,0
558215,5761,0,0,0,1,0
558332,5762,0,0,0,1,0
558464,5763,0,0,0,1,0
558578,5764,0,0,0,1,0
558733,5765,0,0,0,1,0
558840,5766,0,0,0,1,0
558991,5767,0,0,0,1,0
559092,5768,0,0,0,1,0
559228,5769,0,0,0,1,0
559335,5770,0,0,0,1,0
559447,5771,0,0,0,1,0
559451,5772,1,0,0,0,0
559601,5773,0,0,0,1,0
559738,5774,0,0,0,1,0
559851,5775,0,0,0,1,0
559943,5776,0,0,0,1,0
560055,5777,0,0,0,1,0
560186,5778,0,0,0,1,0
560324,5779,0,0,0,1,0
560453,5780,0,0,0,1,0
560578,5781,0,0,0,1,0
560711,5782,0,0,0,1,0
560836,5783,0,0,0,1,0
560977,5784,0,0,0,1,0
561128,5785,0,0,0,1,0
561235,5786,0,0,0,1,0
561334,5787,0,0,0,1,0
561435,5788,0,0,0,1,0
561583,5789,0,0,0,1,0
561685,5790,0,0,0,1,0
561753,5791,0,0,1,0,0
561876,5792,0,0,0,1,0
562005,5793,0,0,0,1,0
562135,5794,0,0,0,1,0
562251,5795,0,0,0,1,0
562385,5796,0,0,0,1,0
562494,5797,0,0,0,1,0
562627,5798,0,0,0,1,0
562761,5799,0,0,0,1,0
562903,5800,0,0,0,1,0
563064,5801,0,0,0,1,0
563155,5802,0,0,0,1,0
563313,5803,0,0,0,1,0
563423,5804,0,0,0,1,0
563516,5805,0,0,0,1,0
563618,5806,0,0,0,1,0
563782,5807,0,0,0,1,0
563783,5808,0,0,1,0,0
563936,5809,0,0,0,1,0
564082,5810,0,0,0,1,0
564187,5811,0,0,0,1,0
564301,5812,0,0,0,1,0
564427,5813,0,0,0,1,0
564551,5814,0,0,0,1,0
564704,5815,0,0,0,1,0
564818,5816,0,0,0,1,0
564921,5817,0,0,0,1,0
565015,5818,0,0,0,1,0
565145,5819,0,0,0,1,0
565257,5820,0,0,0,1,0
565355,5821,0,0,0,1,0
565521,5822,0,0,0,1,0
565646,5823,0,0,0,1,0
565777,5824,0,0,0,1,0
565911,5825,0,0,0,1,0
566041,5826,0,0,0,1,0
566156,5827,0,0,0,1,0
566258,5828,0,0,0,1,0
566373,5829,0,0,0,1,0
566484,5830,0,0,0,1,0
566582,5831,0,0,0,1,0
566703,5832,0,0,0,1,0
566841,5833,0,0,0,1,0
566976,5834,0,0,0,1,0
567084,5835,0,0,0,1,0
567210,5836,0,0,0,1,0
567314,5837,0,0,0,1,0
567438,5838,0,0,0,1,0
567566,5839,0,0,0,1,0
567681,5840,0,0,0,1,0
567806,5841,0,0,0,1,0
567856,5842,0,0,1,0,0
567979,5843,0,0,0,1,0
568067,5844,0,0,0,1,0
568175,5845,0,0,0,1,0
568265,5846,0,0,0,1,0
568394,5847,0,0,0,1,0
568520,5848,0,0,0,1,0
568646,5849,0,0,0,1,0
568779,5850,0,0,0,1,0
568901,5851,0,0,0,1,0
569000,5852,0,0,0,1,0
569101,5853,0,0,0,1,0
569229,5854,0,0,0,1,0
569366,5855,0,0,0,1,0
569507,5856,0,0,0,1,0
569634,5857,0,0,0,1,0
569782,5858,0,0,0,1,0
569927,5859,0,0,0,1,0
570024,5860,0,0,0,1,0
570118,5861,0,0,0,1,0
570230,5862,0,0,0,1,0
570328,5863,0,0,0,1,0
570448,5864,0,0,0,1,0
570581,5865,0,0,0,1,0
570701,5866,0,0,0,1,0
570704,5867,0,0,1,0,0
570833,5868,0,0,0,1,0
570966,5869,0,0,0,1,0
571082,5870,0,0,0,1,0
571192,5871,0,0,0,1,0
571309,5872,0,0,0,1,0
571416,5873,0,0,0,1,0
571569,5874,0,0,0,1,0
571670,5875,0,0,0,1,0
571779,5876,0,0,0,1,0
571885,5877,0,0,0,1,0
572004,5878,0,0,0,1,0
572142,5879,0,0,0,1,0
572234,5880,0,0,0,1,0
572355,5881,0,0,0,1,0
572467,5882,0,0,0,1,0
572594,5883,0,0,0,1,0
572732,5884,0,0,0,1,0
572785,5885,0,0,1,0,0
572909,5886,0,0,0,1,0
572915,5887,1,0,0,0,0
573041,5888,0,0,0,1,0
573042,5889,0,0,1,0,0
573168,5890,0,0,0,1,0
573281,5891,0,0,0,1,0
573374,5892,0,0,0,1,0
573468,5893,0,0,0,1,0
573612,5894,0,0,0,1,0
573740,5895,0,0,0,1,0
573865,5896,0,0,0,1,0
574041,5897,0,0,0,1,0
574047,5898,0,0,1,0,0
574171,5899,0,0,0,1,0
574300,5900,0,0,0,1,0
574395,5901,0,0,0,1,0
574495,5902,0,0,0,1,0
574640,5903,0,0,0,1,0
574777,5904,0,0,0,1,0
574905,5905,0,0,0,1,0
575048,5906,0,0,0,1,0
575175,5907,0,0,0,1,0
575295,5908,0,0,0,1,0
575439,5909,0,0,0,1,0
575573,5910,0,0,0,1,0
575680,5911,0,0,0,1,0
575780,5912,0,0,0,1,0
575915,5913,0,0,0,1,0
576044,5914,0,0,0,1,0
576165,5915,0,0,0,1,0
576288,5916,0,0,0,1,0
576386,5917,0,0,0,1,0
576493,5918,0,0,0,1,0
576586,5919,0,0,0,1,0
576706,5920,0,0,0,1,0
576816,5921,0,0,0,1,0
576938,5922,0,0,0,1,0
577062,5923,0,0,0,1,0
577184,5924,0,0,0,1,0
577315,5925,0,0,0,1,0
577413,5926,0,0,0,1,0
577525,5927,0,0,0,1,0
577621,5928,0,0,0,1,0
577624,5929,0,0,1,0,0
577740,5930,0,0,0,1,0
577797,5931,0,0,1,0,0
577923,5932,0,0,0,1,0
577932,5933,0,0,1,0,0
578042,5934,0,0,0,1,0
578164,5935,0,0,0,1,0
578284,5936,0,0,0,1,0
578422,5937,0,0,0,1,0
578550,5938,0,0,0,1,0
578680,5939,0,0,0,1,0
578797,5940,0,0,0,1,0
578922,5941,0,0,0,1,0
579035,5942,0,0,0,1,0
579153,5943,0,0,0,1,0
579261,5944,0,0,0,1,0
579267,5945,0,0,1,0,0
579357,5946,0,0,0,1,0
579448,5947,0,0,0,1,0
579557,5948,0,0,0,1,0
579647,5949,0,0,0,1,0
579777,5950,0,0,0,1,0
579885,5951,0,0,0,1,0
579979,5952,0,0,0,1,0
580068,5953,0,0,0,1,0
580215,5954,0,0,0,1,0
580314,5955,0,0,0,1,0
580450,5956,0,0,0,1,0
580567,5957,0,0,0,1,0
580710,5958,0,0,0,1,0
580821,5959,0,0,0,1,0
580929,5960,0,0,0,1,0
581030,5961,0,0,0,1,0
581161,5962,0,0,0,1,0
581259,5963,0,0,0,1,0
581397,5964,0,0,0,1,0
581529,5965,0,0,0,1,0
581636,5966,0,0,0,1,0
581773,5967,0,0,0,1,0
581879,5968,0,0,0,1,0
581994,5969,0,0,0,1,0
582121,5970,0,0,0,1,0
582125,5971,0,0,1,0,0
582241,5972,0,0,0,1,0
582361,5973,0,0,0,1,0
582490,5974,0,0,0,1,0
582579,5975,0,0,0,1,0
582715,5976,0,0,0,1,0
582839,5977,0,0,0,1,0
582958,5978,0,0,0,1,0
583071,5979,0,0,0,1,0
583185,5980,0,0,0,1,0
583335,5981,0,0,0,1,0
583485,5982,0,0,0,1,0
583589,5983,0,0,0,1,0
583733,5984,0,0,0,1,0
583851,5985,0,0,0,1,0
583947,5986,0,0,0,1,0
584061,5987,0,0,0,1,0
584196,5988,0,0,0,1,0
584299,5989,0,0,0,1,0
584417,5990,0,0,0,1,0
584533,5991,0,0,0,1,0
584641,5992,0,0,0,1,0
584754,5993,0,0,0,1,0
584903,5994,0,0,0,1,0
585047,5995,0,0,0,1,0
585136,5996,0,0,0,1,0
585278,5997,0,0,0,1,0
585408,5998,0,0,0,1,0
585532,5999,0,0,0,1,0
585659,6000,0,0,0,1,0
585769,6001,0,0,0,1,0
585871,6002,0,0,0,1,0
586017,6003,0,0,0,1,0
586140,6004,0,0,0,1,0
586256,6005,0,0,0,1,0
586354,6006,0,0,0,1,0
586464,6007,0,0,0,1,0
586588,6008,0,0,0,1,0
586698,6009,0,0,0,1,0
586808,6010,0,0,0,1,0
586935,6011,0,0,0,1,0
586936,6012,1,0,0,0,0
587073,6013,0,0,0,1,0
587177,6014,0,0,0,1,0
587325,6015,0,0,0,1,0
587462,6016,0,0,0,1,0
587601,6017,0,0,0,1,0
587711,6018,0,0,0,1,0
587800,6019,0,0,0,1,0
587893,6020,0,0,0,1,0
588028,6021,0,0,0,1,0
588145,6022,0,0,0,1,0
588288,6023,0,0,0,1,0
588396,6024,0,0,0,1,0
588527,6025,0,0,0,1,0
588531,6026,1,0,0,0,0
588667,6027,0,0,0,1,0
588812,6028,0,0,0,1,0
588909,6029,0,0,0,1,0
589044,6030,0,0,0,1,0
589154,6031,0,0,0,1,0
589298,6032,0,0,0,1,0
589404,6033,0,0,0,1,0
589520,6034,0,0,0,1,0
589638,6035,0,0,0,1,0
589786,6036,0,0,0,1,0
589926,6037,0,0,0,1,0
590048,6038,0,0,0,1,0
590195,6039,0,0,0,1,0
590324,6040,0,0,0,1,0
590436,6041,0,0,0,1,0
590572,6042,0,0,0,1,0
590719,6043,0,0,0,1,0
590841,6044,0,0,0,1,0
590976,6045,0,0,0,1,0
591095,6046,0,0,0,1,0
591219,6047,0,0,0,1,0
591357,6048,0,0,0,1,0
591498,6049,0,0,0,1,0
591614,6050,0,0,0,1,0
591734,6051,0,0,0,1,0
591834,6052,0,0,0,1,0
591839,6053,1,0,0,0,0
591971,6054,0,0,0,1,0
592090,6055,0,0,0,1,0
592180,6056,0,0,0,1,0
592306,6057,0,0,0,1,0
592339,6058,0,0,1,0,0
592429,6059,0,0,0,1,0
592561,6060,0,0,0,1,0
592684,6061,0,0,0,1,0
592803,6062,0,0,0,1,0
592918,6063,0,0,0,1,0
593014,6064,0,0,0,1,0
593104,6065,0,0,0,1,0
593240,6066,0,0,0,1,0
593347,6067,0,0,0,1,0
593355,6068,0,0,1,0,0
593476,6069,0,0,0,1,0
593616,6070,0,0,0,1,0
593760,6071,0,0,0,1,0
593855,6072,0,0,0,1,0
593976,6073,0,0,0,1,0
594120,6074,0,0,0,1,0
594246,6075,0,0,0,1,0
594374,6076,0,0,0,1,0
594464,6077,0,0,0,1,0
594578,6078,0,0,0,1,0
594704,6079,0,0,0,1,0
594829,6080,0,0,0,1,0
594965,6081,0,0,0,1,0
595092,6082,0,0,0,1,0
595213,6083,0,0,0,1,0
595314,6084,0,0,0,1,0
595412,6085,0,0,0,1,0
595549,6086,0,0,0,1,0
595665,6087,0,0,0,1,0
595777,6088,0,0,0,1,0
595900,6089,0,0,0,1,0
596037,6090,0,0,0,1,0
596175,6091,0,0,0,1,0
596279,6092,0,0,0,1,0
596415,6093,0,0,0,1,0
596536,6094,0,0,0,1,0
596555,6095,0,0,1,0,0
596682,6096,0,0,0,1,0
596799,6097,0,0,0,1,0
596896,6098,0,0,0,1,0
597017,6099,0,0,0,1,0
597123,6100,0,0,0,1,0
597258,6101,0,0,0,1,0
597363,6102,0,0,0,1,0
597491,6103,0,0,0,1,0
597612,6104,0,0,0,1,0
597724,6105,0,0,0,1,0
597832,6106,0,0,0,1,0
597964,6107,0,0,0,1,0
598102,6108,0,0,0,1,0
598239,6109,0,0,0,1,0
598364,6110,0,0,0,1,0
598473,6111,0,0,0,1,0
598564,6112,0,0,0,1,0
598568,6113,0,0,1,0,0
598686,6114,0,0,0,1,0
598824,6115,0,0,0,1,0
598964,6116,0,0,0,1,0
599064,6117,0,0,0,1,0
599190,6118,0,0,0,1,0
599296,6119,0,0,0,1,0
599430,6120,0,0,0,1,0
599570,6121,0,0,0,1,0
599679,6122,0,0,0,1,0
599772,6123,0,0,0,1,0
599900,6124,0,0,0,1,0
599996,6125,0,0,0,1,0
599997,6126,0,0,1,0,0
600113,6127,0,0,0,1,0
600259,6128,0,0,0,1,0
600393,6129,0,0,0,1,0
600507,6130,0,0,0,1,0
600654,6131,0,0,0,1,0
600750,6132,0,0,0,1,0
600854,6133,0,0,0,1,0
600990,6134,0,0,0,1,0
601079,6135,0,0,0,1,0
601209,6136,0,0,0,1,0
601343,6137,0,0,0,1,0
601432,6138,0,0,0,1,0
601523,6139,0,0,0,1,0
601615,6140,0,0,0,1,0
601664,6141,0,0,1,0,0
601780,6142,0,0,0,1,0
601903,6143,0,0,0,1,0
602051,6144,0,0,0,1,0
602099,6145,0,0,1,0,0
602188,6146,0,0,0,1,0
602290,6147,0,0,0,1,0
602400,6148,0,0,0,1,0
602517,6149,0,0,0,1,0
602629,6150,0,0,0,1,0
602768,6151,0,0,0,1,0
602878,6152,0,0,0,1,0
603009,6153,0,0,0,1,0
603115,6154,0,0,0,1,0
603224,6155,0,0,0,1,0
603340,6156,0,0,0,1,0
603491,6157,0,0,0,1,0
603601,6158,0,0,0,1,0
603730,6159,0,0,0,1,0
603831,6160,0,0,0,1,0
603962,6161,0,0,0,1,0
604095,6162,0,0,0,1,0
604214,6163,0,0,0,1,0
604335,6164,0,0,0,1,0
604452,6165,0,0,0,1,0
604569,6166,0,0,0,1,0
604712,6167,0,0,0,1,0
604819,6168,0,0,0,1,0
604957,6169,0,0,0,1,0
605061,6170,0,0,0,1,0
605063,6171,0,0,1,0,0
605200,6172,0,0,0,1,0
605330,6173,0,0,0,1,0
605476,6174,0,0,0,1,0
605599,6175,0,0,0,1,0
605707,6176,0,0,0,1,0
605840,6177,0,0,0,1,0
605986,6178,0,0,0,1,0
606112,6179,0,0,0,1,0
606217,6180,0,0,0,1,0
606332,6181,0,0,0,1,0
606438,6182,0,0,0,1,0
606572,6183,0,0,0,1,0
606707,6184,0,0,0,1,0
606853,6185,0,0,0,1,0
606975,6186,0,0,0,1,0
607082,6187,0,0,0,1,0
607187,6188,0,0,0,1,0
607294,6189,0,0,0,1,0
607412,6190,0,0,0,1,0
607537,6191,0,0,0,1,0
607635,6192,0,0,0,1,0
607739,6193,0,0,0,1,0
607877,6194,0,0,0,1,0
607981,6195,0,0,0,1,0
608116,6196,0,0,0,1,0
608216,6197,0,0,0,1,0
608329,6198,0,0,0,1,0
608447,6199,0,0,0,1,0
608581,6200,0,0,0,1,0
608722,6201,0,0,0,1,0
608852,6202,0,0,0,1,0
608942,6203,0,0,0,1,0
609065,6204,0,0,0,1,0
609167,6205,0,0,0,1,0
609314,6206,0,0,0,1,0
609402,6207,0,0,1,0,0
609511,6208,0,0,0,1,0
609616,6209,0,0,0,1,0
609713,6210,0,0,0,1,0
609823,6211,0,0,0,1,0
609914,6212,0,0,1,0,0
610047,6213,0,0,0,1,0
610145,6214,0,0,0,1,0
610276,6215,0,0,0,1,0
610393,6216,0,0,0,1,0
610511,6217,0,0,0,1,0
610648,6218,0,0,0,1,0
610764,6219,0,0,0,1,0
610855,6220,0,0,0,1,0
610987,6221,0,0,0,1,0
611128,6222,0,0,0,1,0
611236,6223,0,0,0,1,0
611375,6224,0,0,0,1,0
611493,6225,0,0,0,1,0
611621,6226,0,0,0,1,0
611729,6227,0,0,0,1,0
611871,6228,0,0,0,1,0
612009,6229,0,0,0,1,0
612127,6230,0,0,0,1,0
612226,6231,0,0,0,1,0
612339,6232,0,0,0,1,0
612470,6233,0,0,0,1,0
612602,6234,0,0,0,1,0
612737,6235,0,0,0,1,0
612828,6236,0,0,0,1,0
612936,6237,0,0,0,1,0
613060,6238,0,0,0,1,0
613179,6239,0,0,0,1,0
613284,6240,0,0,0,1,0
613386,6241,0,0,0,1,0
613490,6242,0,0,0,1,0
613604,6243,0,0,0,1,0
613608,6244,1,0,0,0,0
613703,6245,0,0,0,1,0
613794,6246,0,0,0,1,0
613906,6247,0,0,0,1,0
614019,6248,0,0,0,1,0
614154,6249,0,0,0,1,0
614287,6250,0,0,0,1,0
614414,6251,0,0,0,1,0
614535,6252,0,0,0,1,0
614676,6253,0,0,0,1,0
614811,6254,0,0,0,1,0
614871,6255,0,0,1,0,0
614984,6256,0,0,0,1,0
615110,6257,0,0,0,1,0
615255,6258,0,0,0,1,0
615360,6259,0,0,0,1,0
615487,6260,0,0,0,1,0
615600,6261,0,0,0,1,0
615736,6262,0,0,0,1,0
615888,6263,0,0,0,1,0
616013,6264,0,0,0,1,0
616102,6265,0,0,0,1,0
616209,6266,0,0,0,1,0
616329,6267,0,0,0,1,0
616448,6268,0,0,0,1,0
616556,6269,0,0,0,1,0
616704,6270,0,0,0,1,0
616830,6271,0,0,0,1,0
616932,6272,0,0,0,1,0
617037,6273,0,0,0,1,0
617126,6274,0,0,1,0,0
617239,6275,0,0,0,1,0
617333,6276,0,0,0,1,0
617422,6277,0,0,0,1,0
617520,6278,0,0,0,1,0
617633,6279,0,0,0,1,0
617755,6280,0,0,0,1,0
617847,6281,0,0,0,1,0
617949,6282,0,0,0,1,0
618071,6283,0,0,0,1,0
618176,6284,0,0,0,1,0
618284,6285,0,0,0,1,0
618413,6286,0,0,0,1,0
618551,6287,0,0,0,1,0
618658,6288,0,0,0,1,0
618796,6289,0,0,0,1,0
618903,6290,0,0,0,1,0
619007,6291,0,0,0,1,0
619133,6292,0,0,0,1,0
619244,6293,0,0,0,1,0
619384,6294,0,0,0,1,0
619484,6295,0,0,0,1,0
619596,6296,0,0,0,1,0
619739,6297,0,0,0,1,0
619860,6298,0,0,0,1,0
619992,6299,0,0,0,1,0
620088,6300,0,0,0,1,0
620208,6301,0,0,0,1,0
620297,6302,0,0,0,1,0
620442,6303,0,0,0,1,0
620537,6304,0,0,0,1,0
620637,6305,0,0,0,1,0
620768,6306,0,0,0,1,0
620891,6307,0,0,0,1,0
621038,6308,0,0,0,1,0
621138,6309,0,0,0,1,0
621271,6310,0,0,0,1,0
621371,6311,0,0,0,1,0
621492,6312,0,0,0,1,0
621625,6313,0,0,0,1,0
621737,6314,0,0,0,1,0
621856,6315,0,0,0,1,0
621961,6316,0,0,0,1,0
622073,6317,0,0,0,1,0
622182,6318,0,0,0,1,0
622311,6319,0,0,0,1,0
622441,6320,0,0,0,1,0
622578,6321,0,0,0,1,0
622721,6322,0,0,0,1,0
622838,6323,0,0,0,1,0
622956,6324,0,0,0,1,0
623079,6325,0,0,0,1,0
623191,6326,0,0,0,1,0
623324,6327,0,0,0,1,0
623461,6328,0,0,0,1,0
623573,6329,0,0,0,1,0
623671,6330,0,0,0,1,0
623789,6331,0,0,0,1,0
623909,6332,0,0,0,1,0
624007,6333,0,0,0,1,0
624130,6334,0,0,0,1,0
624229,6335,0,0,0,1,0
624350,6336,0,0,0,1,0
624486,6337,0,0,0,1,0
624618,6338,0,0,0,1,0
624756,6339,0,0,0,1,0
624852,6340,0,0,0,1,0
624986,6341,0,0,0,1,0
625129,6342,0,0,0,1,0
625218,6343,0,0,0,1,0
625235,6344,0,0,1,0,0
625364,6345,0,0,0,1,0
625440,6346,0,0,1,0,0
625545,6347,0,0,0,1,0
625655,6348,0,0,0,1,0
625752,6349,0,0,0,1,0
625879,6350,0,0,0,1,0
625978,6351,0,0,0,1,0
626104,6352,0,0,0,1,0
626239,6353,0,0,0,1,0
626340,6354,0,0,0,1,0
626451,6355,0,0,0,1,0
626586,6356,0,0,0,1,0
626712,6357,0,0,0,1,0
626851,6358,0,0,0,1,0
626967,6359,0,0,0,1,0
627085,6360,0,0,0,1,0
627218,6361,0,0,0,1,0
627329,6362,0,0,0,1,0
627438,6363,0,0,0,1,0
627580,6364,0,0,0,1,0
627709,6365,0,0,0,1,0
627823,6366,0,0,0,1,0
627964,6367,0,0,0,1,0
628096,6368,0,0,0,1,0
628201,6369,0,0,0,1,0
628317,6370,0,0,0,1,0
628441,6371,0,0,0,1,0
628559,6372,0,0,0,1,0
628660,6373,0,0,0,1,0
628777,6374,0,0,0,1,0
628891,6375,0,0,0,1,0
629026,6376,0,0,0,1,0
629150,6377,0,0,0,1,0
629284,6378,0,0,0,1,0
629433,6379,0,0,0,1,0
629543,6380,0,0,0,1,0
629662,6381,0,0,0,1,0
629769,6382,0,0,0,1,0
629892,6383,0,0,0,1,0
630025,6384,0,0,0,1,0
630151,6385,0,0,0,1,0
630240,6386,0,0,0,1,0
630276,6387,0,0,1,0,0
630374,6388,0,0,0,1,0
630515,6389,0,0,0,1,0
630646,6390,0,0,0,1,0
630777,6391,0,0,0,1,0
630924,6392,0,0,0,1,0
631026,6393,0,0,0,1,0
631148,6394,0,0,0,1,0
631251,6395,0,0,0,1,0
631382,6396,0,0,0,1,0
631505,6397,0,0,0,1,0
631612,6398,0,0,0,1,0
631736,6399,0,0,0,1,0
631826,6400,0,0,0,1,0
631956,6401,0,0,0,1,0
632073,6402,0,0,0,1,0
632193,6403,0,0,0,1,0
632307,6404,0,0,0,1,0
632443,6405,0,0,0,1,0
632567,6406,0,0,0,1,0
632677,6407,0,0,0,1,0
632798,6408,0,0,0,1,0
632927,6409,0,0,0,1,0
633035,6410,0,0,0,1,0
633167,6411,0,0,0,1,0
633256,6412,0,0,0,1,0
633345,6413,0,0,0,1,0
633473,6414,0,0,0,1,0
633604,6415,0,0,0,1,0
633750,6416,0,0,0,1,0
633839,6417,0,0,0,1,0
633961,6418,0,0,0,1,0
634066,6419,0,0,0,1,0
634187,6420,0,0,0,1,0
634308,6421,0,0,0,1,0
634422,6422,0,0,0,1,0
634511,6423,0,0,0,1,0
634624,6424,0,0,0,1,0
634750,6425,0,0,0,1,0
634892,6426,0,0,0,1,0
635000,6427,0,0,0,1,0
635001,6428,0,0,1,0,0
635146,6429,0,0,0,1,0
635276,6430,0,0,0,1,0
635406,6431,0,0,0,1,0
635495,6432,0,0,0,1,0
635601,6433,0,0,0,1,0
635736,6434,0,0,0,1,0
635738,6435,0,0,1,0,0
635871,6436,0,0,0,1,0
635996,6437,0,0,0,1,0
636099,6438,0,0,0,1,0
636193,6439,0,0,0,1,0
636325,6440,0,0,0,1,0
636423,6441,0,0,0,1,0
636537,6442,0,0,0,1,0
636647,6443,0,0,0,1,0
636766,6444,0,0,0,1,0
636881,6445,0,0,0,1,0
636995,6446,0,0,0,1,0
637126,6447,0,0,0,1,0
637233,6448,0,0,0,1,0
637357,6449,0,0,0,1,0
637446,6450,0,0,0,1,0
637561,6451,0,0,0,1,0
637695,6452,0,0,0,1,0
637840,6453,0,0,0,1,0
637982,6454,0,0,0,1,0
638114,6455,0,0,0,1,0
638263,6456,0,0,0,1,0
638380,6457,0,0,0,1,0
638502,6458,0,0,0,1,0
638626,6459,0,0,0,1,0
638716,6460,0,0,0,1,0
638828,6461,0,0,0,1,0
638940,6462,0,0,0,1,0
639070,6463,0,0,0,1,0
639180,6464,0,0,0,1,0
639296,6465,0,0,0,1,0
639385,6466,0,0,0,1,0
639492,6467,0,0,0,1,0
639619,6468,0,0,0,1,0
639751,6469,0,0,0,1,0
639870,6470,0,0,0,1,0
640002,6471,0,0,0,1,0
640045,6472,0,0,1,0,0
640146,6473,0,0,0,1,0
640257,6474,0,0,0,1,0
640346,6475,0,0,0,1,0
640474,6476,0,0,0,1,0
640612,6477,0,0,0,1,0
640708,6478,0,0,0,1,0
640844,6479,0,0,0,1,0
640942,6480,0,0,0,1,0
641048,6481,0,0,0,1,0
641170,6482,0,0,0,1,0
641287,6483,0,0,0,1,0
641400,6484,0,0,0,1,0
641495,6485,0,0,0,1,0
641597,6486,0,0,0,1,0
641741,6487,0,0,0,1,0
641877,6488,0,0,0,1,0
641999,6489,0,0,0,1,0
642115,6490,0,0,0,1,0
642220,6491,0,0,0,1,0
642309,6492,0,0,0,1,0
642312,6493,1,0,0,0,0
642420,6494,0,0,0,1,0
642523,6495,0,0,0,1,0
642667,6496,0,0,0,1,0
642772,6497,0,0,0,1,0
642905,6498,0,0,0,1,0
642933,6499,0,0,1,0,0
643036,6500,0,0,0,1,0
643149,6501,0,0,0,1,0
643262,6502,0,0,0,1,0
643395,6503,0,0,0,1,0
643515,6504,0,0,0,1,0
643644,6505,0,0,0,1,0
643789,6506,0,0,0,1,0
643915,6507,0,0,0,1,0
644042,6508,0,0,0,1,0
644178,6509,0,0,0,1,0
644183,6510,1,0,0,0,0
644307,6511,0,0,0,1,0
644426,6512,0,0,0,1,0
644530,6513,0,0,0,1,0
644644,6514,0,0,0,1,0
644766,6515,0,0,0,1,0
644892,6516,0,0,0,1,0
645026,6517,0,0,0,1,0
645151,6518,0,0,0,1,0
645271,6519,0,0,0,1,0
645414,6520,0,0,0,1,0
645526,6521,0,0,0,1,0
645634,6522,0,0,0,1,0
645767,6523,0,0,0,1,0
645904,6524,0,0,0,1,0
646005,6525,0,0,0,1,0
646137,6526,0,0,0,1,0
646264,6527,0,0,0,1,0
646353,6528,0,0,0,1,0
646496,6529,0,0,0,1,0
646622,6530,0,0,0,1,0
646754,6531,0,0,0,1,0
646853,6532,0,0,0,1,0
646949,6533,0,0,0,1,0
647070,6534,0,0,0,1,0
647159,6535,0,0,0,1,0
647248,6536,0,0,0,1,0
647363,6537,0,0,0,1,0
647468,6538,0,0,0,1,0
647598,6539,0,0,0,1,0
647725,6540,0,0,0,1,0
647726,6541,0,0,1,0,0
647848,6542,0,0,0,1,0
647984,6543,0,0,0,1,0
648103,6544,0,0,0,1,0
648218,6545,0,0,0,1,0
648311,6546,0,0,0,1,0
648445,6547,0,0,0,1,0
648588,6548,0,0,0,1,0
648720,6549,0,0,0,1,0
648781,6550,0,0,1,0,0
648896,6551,0,0,0,1,0
649026,6552,0,0,0,1,0
649147,6553,0,0,0,1,0
649261,6554,0,0,0,1,0
649376,6555,0,0,0,1,0
649521,6556,0,0,0,1,0
649618,6557,0,0,0,1,0
649745,6558,0,0,0,1,0
649864,6559,0,0,0,1,0
649956,6560,0,0,0,1,0
650091,6561,0,0,0,1,0
650212,6562,0,0,0,1,0
650345,6563,0,0,0,1,0
650470,6564,0,0,0,1,0
650559,6565,0,0,0,1,0
650678,6566,0,0,0,1,0
650806,6567,0,0,0,1,0
650904,6568,0,0,1,0,0
651013,6569,0,0,0,1,0
651115,6570,0,0,0,1,0
651216,6571,0,0,0,1,0
651349,6572,0,0,0,1,0
651486,6573,0,0,0,1,0
651630,6574,0,0,0,1,0
651759,6575,0,0,0,1,0
651894,6576,0,0,0,1,0
652042,6577,0,0,0,1,0
652146,6578,0,0,0,1,0
652283,6579,0,0,0,1,0
652412,6580,0,0,0,1,0
652544,6581,0,0,0,1,0
652676,6582,0,0,0,1,0
652777,6583,0,0,0,1,0
652882,6584,0,0,0,1,0
652987,6585,0,0,0,1,0
653103,6586,0,0,0,1,0
653208,6587,0,0,0,1,0
653336,6588,0,0,0,1,0
653474,6589,0,0,0,1,0
653586,6590,0,0,0,1,0
653723,6591,0,0,0,1,0
653848,6592,0,0,0,1,0
653957,6593,0,0,0,1,0
654097,6594,0,0,0,1,0
654206,6595,0,0,0,1,0
654295,6596,0,0,0,1,0
654393,6597,0,0,0,1,0
654517,6598,0,0,0,1,0
654616,6599,0,0,0,1,0
654750,6600,0,0,0,1,0
654883,6601,0,0,0,1,0
655022,6602,0,0,0,1,0
655131,6603,0,0,0,1,0
655259,6604,0,0,0,1,0
655357,6605,0,0,0,1,0
655450,6606,0,0,0,1,0
655568,6607,0,0,0,1,0
655694,6608,0,0,0,1,0
655803,6609,0,0,0,1,0
655923,6610,0,0,0,1,0
656031,6611,0,0,0,1,0
656135,6612,0,0,0,1,0
656184,6613,0,0,1,0,0
656317,6614,0,0,0,1,0
656461,6615,0,0,0,1,0
656588,6616,0,0,0,1,0
656693,6617,0,0,0,1,0
656796,6618,0,0,0,1,0
656910,6619,0,0,0,1,0
657034,6620,0,0,0,1,0
657155,6621,0,0,0,1,0
657278,6622,0,0,0,1,0
657409,6623,0,0,0,1,0
657522,6624,0,0,0,1,0
657659,6625,0,0,0,1,0
657765,6626,0,0,0,1,0
657868,6627,0,0,0,1,0
657979,6628,0,0,0,1,0
658113,6629,0,0,0,1,0
658231,6630,0,0,0,1,0
658348,6631,0,0,0,1,0
658445,6632,0,0,0,1,0
658450,6633,0,0,1,0,0
658576,6634,0,0,0,1,0
658696,6635,0,0,0,1,0
658798,6636,0,0,0,1,0
658907,6637,0,0,0,1,0
659043,6638,0,0,0,1,0
659047,6639,0,0,1,0,0
659161,6640,0,0,0,1,0
659275,6641,0,0,0,1,0
659399,6642,0,0,0,1,0
659527,6643,0,0,0,1,0
659666,6644,0,0,0,1,0
659776,6645,0,0,0,1,0
659912,6646,0,0,0,1,0
660023,6647,0,0,0,1,0
660153,6648,0,0,0,1,0
660257,6649,0,0,0,1,0
660354,6650,0,0,0,1,0
660451,6651,0,0,0,1,0
660584,6652,0,0,0,1,0
660689,6653,0,0,0,1,0
660825,6654,0,0,0,1,0
660951,6655,0,0,0,1,0
661087,6656,0,0,0,1,0
661197,6657,0,0,0,1,0
661344,6658,0,0,0,1,0
661433,6659,0,0,0,1,0
661552,6660,0,0,0,1,0
661681,6661,0,0,0,1,0
661796,6662,0,0,0,1,0
661906,6663,0,0,0,1,0
662033,6664,0,0,0,1,0
662128,6665,0,0,0,1,0
662248,6666,0,0,0,1,0
662337,6667,0,0,0,1,0
662462,6668,0,0,0,1,0
662585,6669,0,0,0,1,0
662680,6670,0,0,0,1,0
662810,6671,0,0,0,1,0
662952,6672,0,0,0,1,0
663069,6673,0,0,0,1,0
663175,6674,0,0,0,1,0
663291,6675,0,0,0,1,0
663397,6676,0,0,0,1,0
663529,6677,0,0,0,1,0
663669,6678,0,0,0,1,0
663796,6679,0,0,0,1,0
663902,6680,0,0,0,1,0
664013,6681,0,0,0,1,0
664151,6682,0,0,0,1,0
664288,6683,0,0,0,1,0
664406,6684,0,0,0,1,0
664548,6685,0,0,0,1,0
664550,6686,0,0,1,0,0
664590,6687,0,0,1,0,0
664701,6688,0,0,0,1,0
664839,6689,0,0,0,1,0
664933,6690,0,0,0,1,0
665051,6691,0,0,0,1,0
665157,6692,0,0,0,1,0
665267,6693,0,0,0,1,0
665395,6694,0,0,0,1,0
665536,6695,0,0,0,1,0
665662,6696,0,0,0,1,0
665782,6697,0,0,1,0,0
665908,6698,0,0,0,1,0
666031,6699,0,0,0,1,0
666147,6700,0,0,0,1,0
666236,6701,0,0,0,1,0
666345,6702,0,0,0,1,0
666421,6703,0,0,1,0,0
666545,6704,0,0,0,1,0
666669,6705,0,0,0,1,0
666789,6706,0,0,0,1,0
666922,6707,0,0,0,1,0
667029,6708,0,0,0,1,0
667166,6709,0,0,0,1,0
667314,6710,0,0,0,1,0
667403,6711,0,0,0,1,0
667520,6712,0,0,0,1,0
667624,6713,0,0,0,1,0
667747,6714,0,0,0,1,0
667854,6715,0,0,0,1,0
667983,6716,0,0,0,1,0
667989,6717,0,0,1,0,0
668136,6718,0,0,0,1,0
668277,6719,0,0,0,1,0
668388,6720,0,0,0,1,0
668517,6721,0,0,0,1,0
668630,6722,0,0,0,1,0
668731,6723,0,0,0,1,0
668857,6724,0,0,0,1,0
668960,6725,0,0,0,1,0
669082,6726,0,0,0,1,0
669203,6727,0,0,0,1,0
669338,6728,0,0,0,1,0
669436,6729,0,0,0,1,0
669553,6730,0,0,0,1,0
669684,6731,0,0,0,1,0
669773,6732,0,0,0,1,0
669896,6733,0,0,0,1,0
670027,6734,0,0,0,1,0
670116,6735,0,0,0,1,0
670214,6736,0,0,0,1,0
670326,6737,0,0,0,1,0
670454,6738,0,0,0,1,0
670559,6739,0,0,0,1,0
670684,6740,0,0,0,1,0
670773,6741,0,0,0,1,0
670876,6742,0,0,0,1,0
670976,6743,0,0,0,1,0
671088,6744,0,0,0,1,0
671222,6745,0,0,0,1,0
671357,6746,0,0,0,1,0
671494,6747,0,0,0,1,0
671629,6748,0,0,0,1,0
671771,6749,0,0,0,1,0
671860,6750,0,0,0,1,0
671985,6751,0,0,0,1,0
672125,6752,0,0,0,1,0
672230,6753,0,0,0,1,0
672363,6754,0,0,0,1,0
672478,6755,0,0,0,1,0
672591,6756,0,0,0,1,0
672691,6757,0,0,0,1,0
672814,6758,0,0,0,1,0
672916,6759,0,0,0,1,0
673047,6760,0,0,0,1,0
673136,6761,0,0,0,1,0
673252,6762,0,0,0,1,0
673378,6763,0,0,0,1,0
673513,6764,0,0,0,1,0
673621,6765,0,0,0,1,0
673747,6766,0,0,0,1,0
673903,6767,0,0,0,1,0
674015,6768,0,0,0,1,0
674137,6769,0,0,0,1,0
674257,6770,0,0,0,1,0
674388,6771,0,0,0,1,0
674531,6772,0,0,0,1,0
674624,6773,0,0,0,1,0
674727,6774,0,0,0,1,0
674846,6775,0,0,0,1,0
674968,6776,0,0,0,1,0
675088,6777,0,0,0,1,0
675089,6778,1,0,0,0,0
675216,6779,0,0,0,1,0
675340,6780,0,0,0,1,0
675462,6781,0,0,0,1,0
675572,6782,0,0,0,1,0
675685,6783,0,0,0,1,0
675795,6784,0,0,0,1,0
675923,6785,0,0,0,1,0
676045,6786,0,0,0,1,0
676170,6787,0,0,0,1,0
676296,6788,0,0,0,1,0
676431,6789,0,0,0,1,0
676534,6790,0,0,0,1,0
676634,6791,0,0,0,1,0
676730,6792,0,0,0,1,0
676849,6793,0,0,0,1,0
676996,6794,0,0,0,1,0
677107,6795,0,0,0,1,0
677237,6796,0,0,0,1,0
677326,6797,0,0,0,1,0
677462,6798,0,0,0,1,0
677597,6799,0,0,0,1,0
677731,6800,0,0,0,1,0
677828,6801,0,0,0,1,0
677965,6802,0,0,0,1,0
678099,6803,0,0,0,1,0
678243,6804,0,0,0,1,0
678354,6805,0,0,0,1,0
678456,6806,0,0,0,1,0
678555,6807,0,0,0,1,0
678673,6808,0,0,0,1,0
678773,6809,0,0,0,1,0
678879,6810,0,0,0,1,0
679005,6811,0,0,0,1,0
679147,6812,0,0,0,1,0
679279,6813,0,0,0,1,0
679378,6814,0,0,0,1,0
679527,6815,0,0,0,1,0
679664,6816,0,0,0,1,0
679754,6817,0,0,0,1,0
679866,6818,0,0,0,1,0
679989,6819,0,0,0,1,0
680106,6820,0,0,0,1,0
680216,6821,0,0,0,1,0
680307,6822,0,0,0,1,0
680409,6823,0,0,0,1,0
680499,6824,0,0,0,1,0
680632,6825,0,0,0,1,0
680747,6826,0,0,0,1,0
680862,6827,0,0,0,1,0
680966,6828,0,0,0,1,0
681111,6829,0,0,0,1,0
681217,6830,0,0,0,1,0
681341,6831,0,0,0,1,0
681480,6832,0,0,0,1,0
681580,6833,0,0,0,1,0
681696,6834,0,0,0,1,0
681823,6835,0,0,0,1,0
681946,6836,0,0,0,1,0
682039,6837,0,0,0,1,0
682144,6838,0,0,0,1,0
682258,6839,0,0,0,1,0
682355,6840,0,0,0,1,0
682460,6841,0,0,0,1,0
682565,6842,0,0,0,1,0
682676,6843,0,0,0,1,0
682809,6844,0,0,0,1,0
682898,6845,0,0,0,1,0
682998,6846,0,0,0,1,0
683128,6847,0,0,0,1,0
683254,6848,0,0,0,1,0
683385,6849,0,0,0,1,0
683511,6850,0,0,0,1,0
683648,6851,0,0,0,1,0
683792,6852,0,0,0,1,0
683909,6853,0,0,0,1,0
684049,6854,0,0,0,1,0
684188,6855,0,0,0,1,0
684290,6856,0,0,0,1,0
684438,6857,0,0,0,1,0
684527,6858,0,0,0,1,0
684642,6859,0,0,0,1,0
684757,6860,0,0,0,1,0
684899,6861,0,0,0,1,0
684902,6862,1,0,0,0,0
684991,6863,0,0,0,1,0
685119,6864,0,0,0,1,0
685235,6865,0,0,0,1,0
685331,6866,0,0,0,1,0
685468,6867,0,0,0,1,0
685585,6868,0,0,0,1,0
685681,6869,0,0,0,1,0
685796,6870,0,0,0,1,0
685927,6871,0,0,0,1,0
686065,6872,0,0,0,1,0
686186,6873,0,0,0,1,0
686313,6874,0,0,0,1,0
686415,6875,0,0,0,1,0
686540,6876,0,0,0,1,0
686654,6877,0,0,0,1,0
686785,6878,0,0,0,1,0
686909,6879,0,0,0,1,0
687017,6880,0,0,0,1,0
687131,6881,0,0,0,1,0
687244,6882,0,0,0,1,0
687344,6883,0,0,0,1,0
687475,6884,0,0,0,1,0
687574,6885,0,0,0,1,0
687709,6886,0,0,0,1,0
687816,6887,0,0,0,1,0
687927,6888,0,0,0,1,0
688056,6889,0,0,0,1,0
688162,6890,0,0,0,1,0
688264,6891,0,0,0,1,0
688368,6892,0,0,0,1,0
688489,6893,0,0,0,1,0
688647,6894,0,0,0,1,0
688767,6895,0,0,0,1,0
688869,6896,0,0,0,1,0
688983,6897,0,0,0,1,0
689027,6898,0,0,1,0,0
689031,6899,1,0,0,0,0
689141,6900,0,0,0,1,0
689144,6901,0,0,1,0,0
689255,6902,0,0,0,1,0
689389,6903,0,0,0,1,0
689493,6904,0,0,0,1,0
689616,6905,0,0,0,1,0
689705,6906,0,0,0,1,0
689813,6907,0,0,0,1,0
689913,6908,0,0,0,1,0
690048,6909,0,0,0,1,0
690159,6910,0,0,0,1,0
690286,6911,0,0,0,1,0
690430,6912,0,0,0,1,0
690536,6913,0,0,0,1,0
690628,6914,0,0,0,1,0
690741,6915,0,0,0,1,0
690845,6916,0,0,0,1,0
690974,6917,0,0,0,1,0
691105,6918,0,0,0,1,0
691234,6919,0,0,0,1,0
691339,6920,0,0,0,1,0
691396,6921,0,0,1,0,0
691492,6922,0,0,0,1,0
691618,6923,0,0,0,1,0
691744,6924,0,0,0,1,0
691877,6925,0,0,0,1,0
692004,6926,0,0,0,1,0
692108,6927,0,0,0,1,0
692207,6928,0,0,0,1,0
692337,6929,0,0,0,1,0
692474,6930,0,0,0,1,0
692615,6931,0,0,0,1,0
692713,6932,0,0,0,1,0
692834,6933,0,0,0,1,0
692966,6934,0,0,0,1,0
692967,6935,1,0,0,0,0
693056,6936,0,0,0,1,0
693154,6937,0,0,0,1,0
693282,6938,0,0,0,1,0
693457,6939,0,0,0,1,0
693578,6940,0,0,0,1,0
693684,6941,0,0,0,1,0
693805,6942,0,0,0,1,0
693923,6943,0,0,0,1,0
694066,6944,0,0,0,1,0
694173,6945,0,0,0,1,0
694310,6946,0,0,0,1,0
694421,6947,0,0,0,1,0
694535,6948,0,0,0,1,0
694639,6949,0,0,0,1,0
694734,6950,0,0,0,1,0
694830,6951,0,0,0,1,0
694951,6952,0,0,0,1,0
695078,6953,0,0,0,1,0
695187,6954,0,0,0,1,0
695280,6955,0,0,0,1,0
695414,6956,0,0,0,1,0
695545,6957,0,0,0,1,0
695680,6958,0,0,0,1,0
695804,6959,0,0,0,1,0
695914,6960,0,0,0,1,0
696045,6961,0,0,0,1,0
696217,6962,0,0,0,1,0
696306,6963,0,0,0,1,0
696407,6964,0,0,0,1,0
696533,6965,0,0,0,1,0
696642,6966,0,0,0,1,0
696782,6967,0,0,0,1,0
696873,6968,0,0,0,1,0
696985,6969,0,0,0,1,0
697080,6970,0,0,0,1,0
697214,6971,0,0,0,1,0
697332,6972,0,0,0,1,0
697447,6973,0,0,0,1,0
697548,6974,0,0,0,1,0
697640,6975,0,0,0,1,0
697759,6976,0,0,0,1,0
697848,6977,0,0,0,1,0
697975,6978,0,0,0,1,0
698084,6979,0,0,0,1,0
698173,6980,0,0,0,1,0
698305,6981,0,0,0,1,0
698409,6982,0,0,0,1,0
698534,6983,0,0,0,1,0
698628,6984,0,0,0,1,0
698746,6985,0,0,0,1,0
698863,6986,0,0,0,1,0
698977,6987,0,0,0,1,0
699087,6988,0,0,0,1,0
699147,6989,0,0,1,0,0
699256,6990,0,0,0,1,0
699354,6991,0,0,0,1,0
699444,6992,0,0,0,1,0
699537,6993,0,0,0,1,0
699662,6994,0,0,0,1,0
699771,6995,0,0,0,1,0
699902,6996,0,0,0,1,0
700043,6997,0,0,0,1,0
700141,6998,0,0,0,1,0
700240,6999,0,0,0,1,0
700383,7000,0,0,0,1,0
700488,7001,0,0,0,1,0
700633,7002,0,0,0,1,0
700771,7003,0,0,0,1,0
700937,7004,0,0,0,1,0
701040,7005,0,0,0,1,0
701175,7006,0,0,0,1,0
701308,7007,0,0,0,1,0
701415,7008,0,0,0,1,0
701535,7009,0,0,0,1,0
701674,7010,0,0,0,1,0
701797,7011,0,0,0,1,0
701911,7012,0,0,0,1,0
701914,7013,1,0,0,0,0
702028,7014,0,0,0,1,0
702117,7015,0,0,0,1,0
702218,7016,0,0,0,1,0
702346,7017,0,0,0,1,0
702481,7018,0,0,0,1,0
702656,7019,0,0,0,1,0
702786,7020,0,0,0,1,0
702892,7021,0,0,0,1,0
703013,7022,0,0,0,1,0
703148,7023,0,0,0,1,0
703280,7024,0,0,0,1,0
703405,7025,0,0,0,1,0
703511,7026,0,0,0,1,0
703643,7027,0,0,0,1,0
703750,7028,0,0,0,1,0
703851,7029,0,0,0,1,0
703960,7030,0,0,0,1,0
704049,7031,0,0,0,1,0
704155,7032,0,0,0,1,0
704249,7033,0,0,0,1,0
704370,7034,0,0,0,1,0
704470,7035,0,0,0,1,0
704567,7036,0,0,0,1,0
704714,7037,0,0,0,1,0
704859,7038,0,0,0,1,0
704959,7039,0,0,0,1,0
705086,7040,0,0,0,1,0
705216,7041,0,0,0,1,0
705306,7042,0,0,0,1,0
705468,7043,0,0,0,1,0
705604,7044,0,0,0,1,0
705691,7045,0,0,0,1,0
705823,7046,0,0,0,1,0
705912,7047,0,0,0,1,0
706043,7048,0,0,0,1,0
706138,7049,0,0,0,1,0
706142,7050,1,0,0,0,0
706267,7051,0,0,0,1,0
706421,7052,0,0,0,1,0
706563,7053,0,0,0,1,0
706692,7054,0,0,0,1,0
706806,7055,0,0,0,1,0
706900,7056,0,0,0,1,0
707023,7057,0,0,0,1,0
707128,7058,0,0,0,1,0
707228,7059,0,0,0,1,0
707350,7060,0,0,0,1,0
707440,7061,0,0,0,1,0
707558,7062,0,0,0,1,0
707676,7063,0,0,0,1,0
707786,7064,0,0,0,1,0
707900,7065,0,0,0,1,0
708028,7066,0,0,0,1,0
708210,7067,0,0,0,1,0
708342,7068,0,0,0,1,0
708451,7069,0,0,0,1,0
708570,7070,0,0,0,1,0
708685,7071,0,0,0,1,0
708903,7072,0,0,0,1,0
709028,7073,0,0,0,1,0
709242,7074,0,0,0,1,0
709363,7075,0,0,0,1,0
709502,7076,0,0,0,1,0
709616,7077,0,0,0,1,0
709763,7078,0,0,0,1,0
709906,7079,0,0,0,1,0
710020,7080,0,0,0,1,0
710130,7081,0,0,0,1,0
710236,7082,0,0,0,1,0
710333,7083,0,0,0,1,0
710433,7084,0,0,0,1,0
710636,7085,0,0,0,1,0
710760,7086,0,0,0,1,0
710885,7087,0,0,0,1,0
710981,7088,0,0,0,1,0
711071,7089,0,0,1,0,0
711209,7090,0,0,0,1,0
711303,7091,0,0,0,1,0
711412,7092,0,0,0,1,0
711531,7093,0,0,0,1,0
711707,7094,0,0,0,1,0
711823,7095,0,0,0,1,0
711919,7096,0,0,0,1,0
712030,7097,0,0,0,1,0
712126,7098,0,0,0,1,0
712237,7099,0,0,0,1,0
712339,7100,0,0,1,0,0
712449,7101,0,0,0,1,0
712563,7102,0,0,0,1,0
712660,7103,0,0,0,1,0
712801,7104,0,0,0,1,0
712933,7105,0,0,0,1,0
713051,7106,0,0,0,1,0
713190,7107,0,0,0,1,0
713322,7108,0,0,0,1,0
713529,7109,0,0,0,1,0
713636,7110,0,0,0,1,0
713758,7111,0,0,0,1,0
713872,7112,0,0,0,1,0
713979,7113,0,0,0,1,0
714103,7114,0,0,0,1,0
714222,7115,0,0,0,1,0
714334,7116,0,0,0,1,0
714468,7117,0,0,0,1,0
714560,7118,0,0,0,1,0
714767,7119,0,0,0,1,0
714944,7120,0,0,0,1,0
715108,7121,0,0,0,1,0
715112,7122,1,0,0,0,0
715293,7123,0,0,0,1,0
715417,7124,0,0,0,1,0
715540,7125,0,0,0,1,0
715758,7126,0,0,0,1,0
715889,7127,0,0,0,1,0
716021,7128,0,0,0,1,0
716129,7129,0,0,0,1,0
716230,7130,0,0,0,1,0
716330,7131,0,0,0,1,0
716445,7132,0,0,0,1,0
716582,7133,0,0,0,1,0
716708,7134,0,0,0,1,0
716816,7135,0,0,0,1,0
716960,7136,0,0,0,1,0
717076,7137,0,0,0,1,0
717214,7138,0,0,0,1,0
717333,7139,0,0,0,1,0
717532,7140,0,0,0,1,0
717651,7141,0,0,0,1,0
717769,7142,0,0,0,1,0
717904,7143,0,0,0,1,0
718007,7144,0,0,0,1,0
718009,7145,1,0,0,0,0
718115,7146,0,0,0,1,0
718119,7147,0,0,1,0,0
718334,7148,0,0,0,1,0
718434,7149,0,0,0,1,0
718525,7150,0,0,0,1,0
718632,7151,0,0,0,1,0
718799,7152,0,0,0,1,0
718888,7153,0,0,0,1,0
719006,7154,0,0,0,1,0
719119,7155,0,0,0,1,0
719270,7156,0,0,0,1,0
719395,7157,0,0,0,1,0
719528,7158,0,0,0,1,0
719624,7159,0,0,0,1,0
719724,7160,0,0,0,1,0
719895,7161,0,0,0,1,0
720012,7162,0,0,0,1,0
720162,7163,0,0,0,1,0
720305,7164,0,0,0,1,0
720429,7165,0,0,0,1,0
720563,7166,0,0,0,1,0
720681,7167,0,0,0,1,0
720862,7168,0,0,0,1,0
720986,7169,0,0,0,1,0
721147,7170,0,0,0,1,0
721286,7171,0,0,0,1,0
721411,7172,0,0,0,1,0
721579,7173,0,0,0,1,0
721727,7174,0,0,0,1,0
721855,7175,0,0,0,1,0
721955,7176,0,0,0,1,0
722060,7177,0,0,1,0,0
722103,7178,0,0,1,0,0
722245,7179,0,0,0,1,0
722412,7180,0,0,0,1,0
722545,7181,0,0,0,1,0
722714,7182,0,0,0,1,0
722836,7183,0,0,0,1,0
722954,7184,0,0,0,1,0
723107,7185,0,0,0,1,0
723217,7186,0,0,0,1,0
723306,7187,0,0,0,1,0
723423,7188,0,0,0,1,0
723528,7189,0,0,0,1,0
723638,7190,0,0,0,1,0
723774,7191,0,0,0,1,0
723833,7192,0,0,1,0,0
723955,7193,0,0,0,1,0
724085,7194,0,0,0,1,0
724209,7195,0,0,0,1,0
724339,7196,0,0,0,1,0
724428,7197,0,0,0,1,0
724563,7198,0,0,0,1,0
724658,7199,0,0,0,1,0
724796,7200,0,0,0,1,0
724899,7201,0,0,0,1,0
725020,7202,0,0,0,1,0
725152,7203,0,0,0,1,0
725278,7204,0,0,0,1,0
725395,7205,0,0,0,1,0
725493,7206,0,0,0,1,0
725586,7207,0,0,0,1,0
725712,7208,0,0,0,1,0
725819,7209,0,0,0,1,0
725930,7210,0,0,0,1,0
726016,7211,0,0,0,1,0
726133,7212,0,0,0,1,0
726203,7213,0,0,1,0,0
726297,7214,0,0,0,1,0
726401,7215,0,0,0,1,0
726500,7216,0,0,0,1,0
726601,7217,0,0,0,1,0
726712,7218,0,0,0,1,0
726827,7219,0,0,0,1,0
726958,7220,0,0,0,1,0
727058,7221,0,0,0,1,0
727188,7222,0,0,0,1,0
727293,7223,0,0,0,1,0
727406,7224,0,0,0,1,0
727510,7225,0,0,0,1,0
727660,7226,0,0,0,1,0
727776,7227,0,0,0,1,0
727865,7228,0,0,0,1,0
727979,7229,0,0,0,1,0
728167,7230,0,0,0,1,0
728258,7231,0,0,0,1,0
728374,7232,0,0,0,1,0
728475,7233,0,0,0,1,0
728611,7234,0,0,0,1,0
728709,7235,0,0,0,1,0
728843,7236,0,0,0,1,0
728983,7237,0,0,0,1,0
729085,7238,0,0,0,1,0
729217,7239,0,0,0,1,0
729343,7240,0,0,0,1,0
729441,7241,0,0,0,1,0
729598,7242,0,0,0,1,0
729715,7243,0,0,0,1,0
729820,7244,0,0,0,1,0
729947,7245,0,0,0,1,0
730026,7246,0,0,1,0,0
730136,7247,0,0,0,1,0
730277,7248,0,0,0,1,0
730406,7249,0,0,0,1,0
730539,7250,0,0,0,1,0
730656,7251,0,0,0,1,0
730764,7252,0,0,0,1,0
730863,7253,0,0,0,1,0
730960,7254,0,0,0,1,0
731101,7255,0,0,0,1,0
731230,7256,0,0,0,1,0
731330,7257,0,0,0,1,0
731447,7258,0,0,0,1,0
731592,7259,0,0,0,1,0
731735,7260,0,0,0,1,0
731864,7261,0,0,0,1,0
731989,7262,0,0,0,1,0
732115,7263,0,0,0,1,0
732254,7264,0,0,0,1,0
732389,7265,0,0,0,1,0
732485,7266,0,0,0,1,0
732591,7267,0,0,0,1,0
732735,7268,0,0,0,1,0
732873,7269,0,0,0,1,0
732989,7270,0,0,0,1,0
733089,7271,0,0,0,1,0
733225,7272,0,0,0,1,0
733364,7273,0,0,0,1,0
733463,7274,0,0,0,1,0
733592,7275,0,0,0,1,0
733689,7276,0,0,0,1,0
733798,7277,0,0,0,1,0
733909,7278,0,0,0,1,0
734005,7279,0,0,0,1,0
734101,7280,0,0,0,1,0
734200,7281,0,0,0,1,0
734322,7282,0,0,0,1,0
734451,7283,0,0,0,1,0
734574,7284,0,0,0,1,0
734731,7285,0,0,0,1,0
734845,7286,0,0,0,1,0
735036,7287,0,0,0,1,0
735157,7288,0,0,0,1,0
735296,7289,0,0,0,1,0
735430,7290,0,0,0,1,0
735560,7291,0,0,0,1,0
735686,7292,0,0,0,1,0
735723,7293,0,0,1,0,0
735724,7294,0,0,1,0,0
735822,7295,0,0,0,1,0
735952,7296,0,0,0,1,0
736075,7297,0,0,0,1,0
736217,7298,0,0,0,1,0
736312,7299,0,0,0,1,0
736425,7300,0,0,0,1,0
736552,7301,0,0,0,1,0
736685,7302,0,0,0,1,0
736778,7303,0,0,0,1,0
736885,7304,0,0,0,1,0
737010,7305,0,0,0,1,0
737137,7306,0,0,0,1,0
737234,7307,0,0,0,1,0
737368,7308,0,0,0,1,0
737465,7309,0,0,0,1,0
737566,7310,0,0,0,1,0
737679,7311,0,0,0,1,0
737800,7312,0,0,0,1,0
737908,7313,0,0,0,1,0
738014,7314,0,0,0,1,0
738150,7315,0,0,0,1,0
738289,7316,0,0,0,1,0
738409,7317,0,0,0,1,0
738513,7318,0,0,0,1,0
738658,7319,0,0,0,1,0
738789,7320,0,0,0,1,0
738906,7321,0,0,0,1,0
738911,7322,1,0,0,0,0
739002,7323,0,0,0,1,0
739041,7324,0,0,1,0,0
739154,7325,0,0,0,1,0
739243,7326,0,0,0,1,0
739375,7327,0,0,0,1,0
739496,7328,0,0,0,1,0
739598,7329,0,0,0,1,0
739719,7330,0,0,0,1,0
739851,7331,0,0,0,1,0
739995,7332,0,0,0,1,0
740110,7333,0,0,0,1,0
740229,7334,0,0,0,1,0
740338,7335,0,0,0,1,0
740455,7336,0,0,0,1,0
740589,7337,0,0,0,1,0
740715,7338,0,0,0,1,0
740830,7339,0,0,0,1,0
740978,7340,0,0,0,1,0
741098,7341,0,0,0,1,0
741193,7342,0,0,0,1,0
741282,7343,0,0,0,1,0
741386,7344,0,0,0,1,0
741501,7345,0,0,0,1,0
741624,7346,0,0,0,1,0
741756,7347,0,0,0,1,0
741867,7348,0,0,0,1,0
742004,7349,0,0,0,1,0
742005,7350,0,0,1,0,0
742141,7351,0,0,0,1,0
742282,7352,0,0,0,1,0
742422,7353,0,0,0,1,0
742544,7354,0,0,0,1,0
742680,7355,0,0,0,1,0
742783,7356,0,0,0,1,0
742923,7357,0,0,0,1,0
743043,7358,0,0,0,1,0
743163,7359,0,0,0,1,0
743282,7360,0,0,0,1,0
743421,7361,0,0,0,1,0
743537,7362,0,0,0,1,0
743660,7363,0,0,0,1,0
743752,7364,0,0,0,1,0
743856,7365,0,0,0,1,0
743954,7366,0,0,0,1,0
744077,7367,0,0,0,1,0
744211,7368,0,0,0,1,0
744322,7369,0,0,0,1,0
744419,7370,0,0,0,1,0
744517,7371,0,0,0,1,0
744643,7372,0,0,0,1,0
744767,7373,0,0,0,1,0
744880,7374,0,0,0,1,0
744985,7375,0,0,0,1,0
745116,7376,0,0,0,1,0
745231,7377,0,0,0,1,0
745343,7378,0,0,0,1,0
745461,7379,0,0,0,1,0
745583,7380,0,0,0,1,0
745674,7381,0,0,0,1,0
745798,7382,0,0,0,1,0
745909,7383,0,0,0,1,0
746075,7384,0,0,0,1,0
746178,7385,0,0,0,1,0
746302,7386,0,0,0,1,0
746408,7387,0,0,0,1,0
746514,7388,0,0,0,1,0
746524,7389,0,0,1,0,0
746632,7390,0,0,0,1,0
746778,7391,0,0,0,1,0
746914,7392,0,0,0,1,0
747005,7393,0,0,0,1,0
747109,7394,0,0,0,1,0
747238,7395,0,0,0,1,0
747337,7396,0,0,0,1,0
747432,7397,0,0,0,1,0
747549,7398,0,0,0,1,0
747652,7399,0,0,0,1,0
747777,7400,0,0,0,1,0
747889,7401,0,0,0,1,0
747984,7402,0,0,0,1,0
748073,7403,0,0,0,1,0
748204,7404,0,0,0,1,0
748255,7405,0,0,1,0,0
748391,7406,0,0,0,1,0
748483,7407,0,0,0,1,0
748580,7408,0,0,0,1,0
748599,7409,0,0,1,0,0
748742,7410,0,0,0,1,0
748837,7411,0,0,0,1,0
748941,7412,0,0,0,1,0
749064,7413,0,0,0,1,0
749179,7414,0,0,0,1,0
749323,7415,0,0,0,1,0
749431,7416,0,0,0,1,0
749525,7417,0,0,0,1,0
749641,7418,0,0,0,1,0
749751,7419,0,0,0,1,0
749840,7420,0,0,0,1,0
749929,7421,0,0,0,1,0
750037,7422,0,0,0,1,0
750142,7423,0,0,0,1,0
750231,7424,0,0,0,1,0
750334,7425,0,0,0,1,0
750476,7426,0,0,0,1,0
750606,7427,0,0,0,1,0
750695,7428,0,0,0,1,0
750808,7429,0,0,0,1,0
750943,7430,0,0,0,1,0
751061,7431,0,0,0,1,0
751206,7432,0,0,0,1,0
751346,7433,0,0,0,1,0
751476,7434,0,0,0,1,0
751611,7435,0,0,0,1,0
751727,7436,0,0,0,1,0
751828,7437,0,0,0,1,0
751925,7438,0,0,0,1,0
752014,7439,0,0,0,1,0
752162,7440,0,0,0,1,0
752300,7441,0,0,0,1,0
752429,7442,0,0,0,1,0
752541,7443,0,0,0,1,0
752630,7444,0,0,0,1,0
752744,7445,0,0,0,1,0
752851,7446,0,0,0,1,0
752855,7447,0,0,1,0,0
752960,7448,0,0,0,1,0
752967,7449,0,0,1,0,0
753112,7450,0,0,0,1,0
753243,7451,0,0,0,1,0
753377,7452,0,0,0,1,0
753517,7453,0,0,0,1,0
753632,7454,0,0,0,1,0
753740,7455,0,0,0,1,0
753872,7456,0,0,0,1,0
753999,7457,0,0,0,1,0
754115,7458,0,0,0,1,0
754300,7459,0,0,0,1,0
754425,7460,0,0,0,1,0
754557,7461,0,0,0,1,0
754663,7462,0,0,0,1,0
754769,7463,0,0,0,1,0
754906,7464,0,0,0,1,0
755028,7465,0,0,0,1,0
755134,7466,0,0,0,1,0
755244,7467,0,0,0,1,0
755383,7468,0,0,0,1,0
755474,7469,0,0,0,1,0
755618,7470,0,0,0,1,0
755729,7471,0,0,0,1,0
755818,7472,0,0,0,1,0
755927,7473,0,0,0,1,0
756058,7474,0,0,0,1,0
756200,7475,0,0,0,1,0
756349,7476,0,0,0,1,0
756457,7477,0,0,0,1,0
756602,7478,0,0,0,1,0
756739,7479,0,0,0,1,0
756828,7480,0,0,0,1,0
756946,7481,0,0,0,1,0
757066,7482,0,0,0,1,0
757187,7483,0,0,0,1,0
757317,7484,0,0,0,1,0
757433,7485,0,0,0,1,0
757564,7486,0,0,0,1,0
757698,7487,0,0,0,1,0
757812,7488,0,0,0,1,0
757907,7489,0,0,0,1,0
758000,7490,0,0,0,1,0
758131,7491,0,0,0,1,0
758236,7492,0,0,0,1,0
758371,7493,0,0,0,1,0
758466,7494,0,0,0,1,0
758594,7495,0,0,0,1,0
758691,7496,0,0,0,1,0
758787,7497,0,0,0,1,0
758944,7498,0,0,0,1,0
759072,7499,0,0,0,1,0
759171,7500,0,0,0,1,0
759290,7501,0,0,0,1,0
759436,7502,0,0,0,1,0
759550,7503,0,0,0,1,0
759639,7504,0,0,0,1,0
759768,7505,0,0,0,1,0
759910,7506,0,0,0,1,0
760049,7507,0,0,0,1,0
760161,7508,0,0,0,1,0
760304,7509,0,0,0,1,0
760443,7510,0,0,0,1,0
760582,7511,0,0,0,1,0
760754,7512,0,0,0,1,0
760874,7513,0,0,0,1,0
760972,7514,0,0,0,1,0
761122,7515,0,0,0,1,0
761236,7516,0,0,0,1,0
761241,7517,0,0,1,0,0
761378,7518,0,0,0,1,0
761483,7519,0,0,0,1,0
761620,7520,0,0,0,1,0
761754,7521,0,0,0,1,0
761877,7522,0,0,0,1,0
761969,7523,0,0,0,1,0
762097,7524,0,0,0,1,0
762242,7525,0,0,0,1,0
762394,7526,0,0,0,1,0
762521,7527,0,0,0,1,0
762635,7528,0,0,0,1,0
762724,7529,0,0,0,1,0
762863,7530,0,0,0,1,0
762973,7531,0,0,0,1,0
763076,7532,0,0,0,1,0
763176,7533,0,0,0,1,0
763296,7534,0,0,0,1,0
763406,7535,0,0,0,1,0
763526,7536,0,0,0,1,0
763620,7537,0,0,0,1,0
763723,7538,0,0,0,1,0
763856,7539,0,0,0,1,0
763992,7540,0,0,0,1,0
764102,7541,0,0,0,1,0
764229,7542,0,0,0,1,0
764347,7543,0,0,0,1,0
764455,7544,0,0,0,1,0
764570,7545,0,0,0,1,0
764695,7546,0,0,0,1,0
764801,7547,0,0,0,1,0
764896,7548,0,0,0,1,0
765004,7549,0,0,0,1,0
765142,7550,0,0,0,1,0
765251,7551,0,0,0,1,0
765411,7552,0,0,0,1,0
765548,7553,0,0,0,1,0
765688,7554,0,0,0,1,0
765819,7555,0,0,0,1,0
765911,7556,0,0,0,1,0
765917,7557,1,0,0,0,0
766056,7558,0,0,0,1,0
766160,7559,0,0,0,1,0
766281,7560,0,0,0,1,0
766394,7561,0,0,0,1,0
766576,7562,0,0,0,1,0
766684,7563,0,0,0,1,0
766781,7564,0,0,0,1,0
766902,7565,0,0,0,1,0
767029,7566,0,0,0,1,0
767118,7567,0,0,0,1,0
767242,7568,0,0,0,1,0
767343,7569,0,0,0,1,0
767432,7570,0,0,0,1,0
767545,7571,0,0,0,1,0
767685,7572,0,0,0,1,0
767797,7573,0,0,0,1,0
767948,7574,0,0,0,1,0
768098,7575,0,0,0,1,0
768235,7576,0,0,0,1,0
768363,7577,0,0,0,1,0
768489,7578,0,0,0,1,0
768610,7579,0,0,0,1,0
768712,7580,0,0,0,1,0
768846,7581,0,0,0,1,0
768961,7582,0,0,0,1,0
769086,7583,0,0,0,1,0
769188,7584,0,0,0,1,0
769348,7585,0,0,0,1,0
769450,7586,0,0,0,1,0
769583,7587,0,0,0,1,0
769585,7588,0,0,1,0,0
769693,7589,0,0,0,1,0
769786,7590,0,0,0,1,0
769906,7591,0,0,0,1,0
770020,7592,0,0,0,1,0
770144,7593,0,0,0,1,0
770278,7594,0,0,0,1,0
770452,7595,0,0,0,1,0
770556,7596,0,0,0,1,0
770660,7597,0,0,0,1,0
770767,7598,0,0,0,1,0
770883,7599,0,0,0,1,0
771009,7600,0,0,0,1,0
771098,7601,0,0,0,1,0
771197,7602,0,0,0,1,0
771325,7603,0,0,0,1,0
771416,7604,0,0,0,1,0
771638,7605,0,0,0,1,0
771770,7606,0,0,0,1,0
771883,7607,0,0,0,1,0
772037,7608,0,0,0,1,0
772126,7609,0,0,0,1,0
772226,7610,0,0,0,1,0
772338,7611,0,0,0,1,0
772458,7612,0,0,0,1,0
772589,7613,0,0,0,1,0
772595,7614,1,0,0,0,0
772705,7615,0,0,0,1,0
772841,7616,0,0,0,1,0
772977,7617,0,0,0,1,0
773131,7618,0,0,0,1,0
773245,7619,0,0,0,1,0
773357,7620,0,0,0,1,0
773490,7621,0,0,0,1,0
773637,7622,0,0,0,1,0
773727,7623,0,0,0,1,0
773836,7624,0,0,0,1,0
773941,7625,0,0,0,1,0
774047,7626,0,0,0,1,0
774179,7627,0,0,0,1,0
774329,7628,0,0,0,1,0
774434,7629,0,0,0,1,0
774550,7630,0,0,0,1,0
774639,7631,0,0,0,1,0
774736,7632,0,0,0,1,0
774926,7633,0,0,0,1,0
775072,7634,0,0,0,1,0
775190,7635,0,0,0,1,0
775239,7636,0,0,1,0,0
775377,7637,0,0,0,1,0
775490,7638,0,0,0,1,0
775579,7639,0,0,0,1,0
775692,7640,0,0,0,1,0
775785,7641,0,0,0,1,0
775874,7642,0,0,0,1,0
775986,7643,0,0,0,1,0
775989,7644,1,0,0,0,0
776122,7645,0,0,0,1,0
776220,7646,0,0,0,1,0
776310,7647,0,0,0,1,0
776404,7648,0,0,0,1,0
776521,7649,0,0,0,1,0
776624,7650,0,0,0,1,0
776760,7651,0,0,0,1,0
776904,7652,0,0,0,1,0
777034,7653,0,0,0,1,0
777158,7654,0,0,0,1,0
777253,7655,0,0,0,1,0
777393,7656,0,0,0,1,0
777399,7657,0,0,1,0,0
777544,7658,0,0,0,1,0
777645,7659,0,0,0,1,0
777778,7660,0,0,0,1,0
777883,7661,0,0,0,1,0
778007,7662,0,0,0,1,0
778132,7663,0,0,0,1,0
778221,7664,0,0,0,1,0
778317,7665,0,0,0,1,0
778425,7666,0,0,0,1,0
778542,7667,0,0,0,1,0
778651,7668,0,0,0,1,0
778750,7669,0,0,0,1,0
778887,7670,0,0,0,1,0
778983,7671,0,0,0,1,0
779110,7672,0,0,0,1,0
779233,7673,0,0,0,1,0
779338,7674,0,0,0,1,0
779427,7675,0,0,0,1,0
779553,7676,0,0,0,1,0
779687,7677,0,0,0,1,0
779824,7678,0,0,0,1,0
779923,7679,0,0,0,1,0
780027,7680,0,0,0,1,0
780150,7681,0,0,0,1,0
780258,7682,0,0,0,1,0
780452,7683,0,0,0,1,0
780581,7684,0,0,0,1,0
780701,7685,0,0,0,1,0
780842,7686,0,0,0,1,0
780941,7687,0,0,0,1,0
781067,7688,0,0,0,1,0
781177,7689,0,0,0,1,0
781289,7690,0,0,0,1,0
781422,7691,0,0,0,1,0
781551,7692,0,0,0,1,0
781651,7693,0,0,0,1,0
781786,7694,0,0,0,1,0
781915,7695,0,0,0,1,0
782046,7696,0,0,0,1,0
782174,7697,0,0,0,1,0
782293,7698,0,0,0,1,0
782413,7699,0,0,0,1,0
782512,7700,0,0,0,1,0
782601,7701,0,0,0,1,0
782720,7702,0,0,0,1,0
782736,7703,0,0,1,0,0
782840,7704,0,0,0,1,0
782969,7705,0,0,0,1,0
783096,7706,0,0,0,1,0
783222,7707,0,0,0,1,0
783347,7708,0,0,0,1,0
783450,7709,0,0,0,1,0
783554,7710,0,0,0,1,0
783668,7711,0,0,0,1,0
783798,7712,0,0,0,1,0
783919,7713,0,0,0,1,0
784052,7714,0,0,0,1,0
784099,7715,0,0,1,0,0
784225,7716,0,0,0,1,0
784337,7717,0,0,0,1,0
784436,7718,0,0,0,1,0
784533,7719,0,0,0,1,0
784655,7720,0,0,0,1,0
784766,7721,0,0,0,1,0
784831,7722,0,0,1,0,0
784968,7723,0,0,0,1,0
785026,7724,0,0,1,0,0
785133,7725,0,0,0,1,0
785246,7726,0,0,0,1,0
785360,7727,0,0,0,1,0
785495,7728,0,0,0,1,0
785636,7729,0,0,0,1,0
785753,7730,0,0,0,1,0
785870,7731,0,0,0,1,0
785987,7732,0,0,0,1,0
786116,7733,0,0,0,1,0
786202,7734,0,0,0,1,0
786325,7735,0,0,0,1,0
786436,7736,0,0,0,1,0
786568,7737,0,0,0,1,0
786679,7738,0,0,0,1,0
786827,7739,0,0,0,1,0
786963,7740,0,0,0,1,0
787104,7741,0,0,0,1,0
787201,7742,0,0,1,0,0
787304,7743,0,0,0,1,0
787423,7744,0,0,0,1,0
787525,7745,0,0,0,1,0
787616,7746,0,0,0,1,0
787745,7747,0,0,0,1,0
787851,7748,0,0,0,1,0
787992,7749,0,0,0,1,0
788101,7750,0,0,0,1,0
788193,7751,0,0,0,1,0
788292,7752,0,0,0,1,0
788431,7753,0,0,0,1,0
788557,7754,0,0,0,1,0
788663,7755,0,0,0,1,0
788778,7756,0,0,0,1,0
788879,7757,0,0,0,1,0
789082,7758,0,0,0,1,0
789180,7759,0,0,0,1,0
789286,7760,0,0,0,1,0
789432,7761,0,0,0,1,0
789565,7762,0,0,0,1,0
789588,7763,0,0,1,0,0
789625,7764,0,0,1,0,0
789723,7765,0,0,0,1,0
789822,7766,0,0,0,1,0
789930,7767,0,0,0,1,0
790024,7768,0,0,0,1,0
790158,7769,0,0,0,1,0
790225,7770,0,0,1,0,0
790314,7771,0,0,0,1,0
790438,7772,0,0,0,1,0
790543,7773,0,0,0,1,0
790654,7774,0,0,0,1,0
790795,7775,0,0,0,1,0
790918,7776,0,0,0,1,0
791021,7777,0,0,0,1,0
791148,7778,0,0,0,1,0
791263,7779,0,0,0,1,0
791402,7780,0,0,0,1,0
791523,7781,0,0,0,1,0
791643,7782,0,0,0,1,0
791756,7783,0,0,0,1,0
791863,7784,0,0,0,1,0
791953,7785,0,0,0,1,0
792129,7786,0,0,0,1,0
792259,7787,0,0,0,1,0
792450,7788,0,0,0,1,0
792571,7789,0,0,0,1,0
792659,7790,0,0,1,0,0
792795,7791,0,0,0,1,0
792925,7792,0,0,0,1,0
793029,7793,0,0,0,1,0
793218,7794,0,0,0,1,0
793334,7795,0,0,0,1,0
793428,7796,0,0,0,1,0
793574,7797,0,0,0,1,0
793667,7798,0,0,0,1,0
793758,7799,0,0,0,1,0
793894,7800,0,0,0,1,0
794037,7801,0,0,0,1,0
794143,7802,0,0,0,1,0
794233,7803,0,0,0,1,0
794270,7804,0,0,1,0,0
794375,7805,0,0,0,1,0
794457,7806,0,0,1,0,0
794597,7807,0,0,0,1,0
794690,7808,0,0,0,1,0
794792,7809,0,0,0,1,0
794925,7810,0,0,0,1,0
795015,7811,0,0,0,1,0
795171,7812,0,0,0,1,0
795291,7813,0,0,0,1,0
795391,7814,0,0,0,1,0
795524,7815,0,0,0,1,0
795629,7816,0,0,0,1,0
795732,7817,0,0,0,1,0
795846,7818,0,0,0,1,0
795936,7819,0,0,0,1,0
796050,7820,0,0,0,1,0
796169,7821,0,0,0,1,0
796258,7822,0,0,0,1,0
796362,7823,0,0,0,1,0
796512,7824,0,0,0,1,0
796644,7825,0,0,0,1,0
796772,7826,0,0,0,1,0
796918,7827,0,0,0,1,0
797180,7828,0,0,0,1,0
797309,7829,0,0,0,1,0
797408,7830,0,0,0,1,0
797526,7831,0,0,0,1,0
797634,7832,0,0,0,1,0
797750,7833,0,0,0,1,0
797878,7834,0,0,0,1,0
797991,7835,0,0,0,1,0
798121,7836,0,0,0,1,0
798182,7837,0,0,1,0,0
798390,7838,0,0,0,1,0
798489,7839,0,0,0,1,0
798618,7840,0,0,0,1,0
798717,7841,0,0,0,1,0
798894,7842,0,0,0,1,0
799012,7843,0,0,0,1,0
799148,7844,0,0,0,1,0
799261,7845,0,0,0,1,0
799399,7846,0,0,0,1,0
799536,7847,0,0,0,1,0
799665,7848,0,0,0,1,0
799788,7849,0,0,0,1,0
799894,7850,0,0,0,1,0
800092,7851,0,0,0,1,0
800206,7852,0,0,0,1,0
800311,7853,0,0,0,1,0
800415,7854,0,0,0,1,0
800528,7855,0,0,0,1,0
800660,7856,0,0,0,1,0
800781,7857,0,0,0,1,0
800896,7858,0,0,0,1,0
800997,7859,0,0,0,1,0
801127,7860,0,0,0,1,0
801261,7861,0,0,0,1,0
801370,7862,0,0,0,1,0
801495,7863,0,0,0,1,0
801631,7864,0,0,0,1,0
801633,7865,1,0,0,0,0
801768,7866,0,0,0,1,0
801885,7867,0,0,0,1,0
802020,7868,0,0,0,1,0
802122,7869,0,0,0,1,0
802263,7870,0,0,0,1,0
802394,7871,0,0,0,1,0
802504,7872,0,0,0,1,0
802647,7873,0,0,0,1,0
802784,7874,0,0,0,1,0
802816,7875,0,0,1,0,0
802931,7876,0,0,0,1,0
803115,7877,0,0,0,1,0
803211,7878,0,0,0,1,0
803310,7879,0,0,1,0,0
803326,7880,0,0,1,0,0
803424,7881,0,0,0,1,0
803486,7882,0,0,1,0,0
803522,7883,0,0,1,0,0
803624,7884,0,0,0,1,0
803730,7885,0,0,0,1,0
803856,7886,0,0,0,1,0
803983,7887,0,0,0,1,0
804100,7888,0,0,0,1,0
804204,7889,0,0,0,1,0
804319,7890,0,0,0,1,0
804417,7891,0,0,0,1,0
804517,7892,0,0,0,1,0
804632,7893,0,0,0,1,0
804724,7894,0,0,0,1,0
804848,7895,0,0,0,1,0
804966,7896,0,0,0,1,0
805086,7897,0,0,0,1,0
805220,7898,0,0,0,1,0
805353,7899,0,0,0,1,0
805478,7900,0,0,0,1,0
805618,7901,0,0,0,1,0
805729,7902,0,0,0,1,0
805818,7903,0,0,0,1,0
805920,7904,0,0,0,1,0
806043,7905,0,0,0,1,0
806143,7906,0,0,0,1,0
806249,7907,0,0,0,1,0
806380,7908,0,0,0,1,0
806524,7909,0,0,0,1,0
806646,7910,0,0,0,1,0
806781,7911,0,0,0,1,0
806904,7912,0,0,0,1,0
806964,7913,0,0,1,0,0
807079,7914,0,0,0,1,0
807182,7915,0,0,0,1,0
807315,7916,0,0,0,1,0
807449,7917,0,0,0,1,0
807568,7918,0,0,0,1,0
807661,7919,0,0,0,1,0
807787,7920,0,0,0,1,0
807876,7921,0,0,0,1,0
807991,7922,0,0,0,1,0
808126,7923,0,0,0,1,0
808261,7924,0,0,0,1,0
808392,7925,0,0,0,1,0
808497,7926,0,0,0,1,0
808621,7927,0,0,0,1,0
808747,7928,0,0,0,1,0
808852,7929,0,0,0,1,0
808952,7930,0,0,0,1,0
809069,7931,0,0,0,1,0
809159,7932,0,0,0,1,0
809278,7933,0,0,0,1,0
809412,7934,0,0,0,1,0
809533,7935,0,0,0,1,0
809658,7936,0,0,0,1,0
809775,7937,0,0,0,1,0
809899,7938,0,0,0,1,0
810037,7939,0,0,0,1,0
810038,7940,0,0,1,0,0
810160,7941,0,0,0,1,0
810263,7942,0,0,0,1,0
810424,7943,0,0,0,1,0
810537,7944,0,0,0,1,0
810670,7945,0,0,0,1,0
810776,7946,0,0,1,0,0
810910,7947,0,0,0,1,0
811021,7948,0,0,0,1,0
811149,7949,0,0,0,1,0
811285,7950,0,0,0,1,0
811427,7951,0,0,0,1,0
811535,7952,0,0,0,1,0
811638,7953,0,0,0,1,0
811772,7954,0,0,0,1,0
811861,7955,0,0,0,1,0
812006,7956,0,0,0,1,0
812145,7957,0,0,0,1,0
812147,7958,0,0,1,0,0
812271,7959,0,0,0,1,0
812400,7960,0,0,0,1,0
812526,7961,0,0,0,1,0
812680,7962,0,0,0,1,0
812801,7963,0,0,0,1,0
812911,7964,0,0,0,1,0
813012,7965,0,0,0,1,0
813108,7966,0,0,0,1,0
813216,7967,0,0,0,1,0
813331,7968,0,0,0,1,0
813445,7969,0,0,0,1,0
813580,7970,0,0,0,1,0
813692,7971,0,0,0,1,0
813819,7972,0,0,0,1,0
813963,7973,0,0,0,1,0
814085,7974,0,0,0,1,0
814179,7975,0,0,0,1,0
814291,7976,0,0,0,1,0
814439,7977,0,0,0,1,0
814443,7978,1,0,0,0,0
814579,7979,0,0,0,1,0
814716,7980,0,0,0,1,0
814812,7981,0,0,0,1,0
814919,7982,0,0,0,1,0
815060,7983,0,0,0,1,0
815167,7984,0,0,0,1,0
815305,7985,0,0,0,1,0
815404,7986,0,0,0,1,0
815540,7987,0,0,0,1,0
815677,7988,0,0,0,1,0
815807,7989,0,0,0,1,0
815939,7990,0,0,0,1,0
816098,7991,0,0,0,1,0
816221,7992,0,0,0,1,0
816335,7993,0,0,0,1,0
816452,7994,0,0,0,1,0
816563,7995,0,0,0,1,0
816705,7996,0,0,0,1,0
816848,7997,0,0,0,1,0
816981,7998,0,0,0,1,0
817099,7999,0,0,0,1,0
817195,8000,0,0,0,1,0
817309,8001,0,0,0,1,0
817438,8002,0,0,0,1,0
817567,8003,0,0,0,1,0
817672,8004,0,0,0,1,0
817814,8005,0,0,0,1,0
817944,8006,0,0,0,1,0
817949,8007,1,0,0,0,0
818055,8008,0,0,0,1,0
818169,8009,0,0,0,1,0
818290,8010,0,0,0,1,0
818469,8011,0,0,0,1,0
818583,8012,0,0,0,1,0
818675,8013,0,0,0,1,0
818788,8014,0,0,0,1,0
818898,8015,0,0,0,1,0
818903,8016,1,0,0,0,0
818993,8017,0,0,0,1,0
819118,8018,0,0,0,1,0
819235,8019,0,0,0,1,0
819236,8020,0,0,1,0,0
819357,8021,0,0,0,1,0
819467,8022,0,0,0,1,0
819570,8023,0,0,0,1,0
819659,8024,0,0,0,1,0
819809,8025,0,0,0,1,0
819931,8026,0,0,0,1,0
820068,8027,0,0,0,1,0
820179,8028,0,0,0,1,0
820279,8029,0,0,0,1,0
820406,8030,0,0,0,1,0
820515,8031,0,0,0,1,0
820641,8032,0,0,0,1,0
820775,8033,0,0,0,1,0
820899,8034,0,0,0,1,0
820995,8035,0,0,0,1,0
821111,8036,0,0,0,1,0
821229,8037,0,0,0,1,0
821332,8038,0,0,0,1,0
821336,8039,0,0,1,0,0
821488,8040,0,0,0,1,0
821613,8041,0,0,0,1,0
821726,8042,0,0,0,1,0
821861,8043,0,0,0,1,0
821978,8044,0,0,0,1,0
822088,8045,0,0,0,1,0
822223,8046,0,0,0,1,0
822364,8047,0,0,0,1,0
822487,8048,0,0,0,1,0
822576,8049,0,0,0,1,0
822695,8050,0,0,0,1,0
822845,8051,0,0,0,1,0
822970,8052,0,0,0,1,0
823122,8053,0,0,0,1,0
823236,8054,0,0,0,1,0
823384,8055,0,0,0,1,0
823484,8056,0,0,0,1,0
823622,8057,0,0,0,1,0
823739,8058,0,0,0,1,0
823839,8059,0,0,0,1,0
823957,8060,0,0,0,1,0
824075,8061,0,0,0,1,0
824175,8062,0,0,0,1,0
824314,8063,0,0,0,1,0
824435,8064,0,0,0,1,0
824533,8065,0,0,0,1,0
824637,8066,0,0,0,1,0
824752,8067,0,0,0,1,0
824841,8068,0,0,0,1,0
824973,8069,0,0,0,1,0
825074,8070,0,0,0,1,0
825199,8071,0,0,0,1,0
825309,8072,0,0,0,1,0
825419,8073,0,0,0,1,0
825519,8074,0,0,0,1,0
825651,8075,0,0,0,1,0
825748,8076,0,0,0,1,0
825842,8077,0,0,0,1,0
825989,8078,0,0,0,1,0
826113,8079,0,0,0,1,0
826254,8080,0,0,0,1,0
826378,8081,0,0,0,1,0
826511,8082,0,0,0,1,0
826678,8083,0,0,0,1,0
826816,8084,0,0,0,1,0
826960,8085,0,0,0,1,0
827096,8086,0,0,0,1,0
827237,8087,0,0,0,1,0
827350,8088,0,0,0,1,0
827475,8089,0,0,0,1,0
827627,8090,0,0,0,1,0
827762,8091,0,0,0,1,0
827859,8092,0,0,0,1,0
827958,8093,0,0,0,1,0
828064,8094,0,0,0,1,0
828208,8095,0,0,0,1,0
828307,8096,0,0,0,1,0
828420,8097,0,0,0,1,0
828522,8098,0,0,0,1,0
828629,8099,0,0,0,1,0
828791,8100,0,0,0,1,0
828906,8101,0,0,0,1,0
829032,8102,0,0,0,1,0
829154,8103,0,0,0,1,0
829291,8104,0,0,0,1,0
829418,8105,0,0,0,1,0
829509,8106,0,0,0,1,0
829622,8107,0,0,0,1,0
829762,8108,0,0,0,1,0
829892,8109,0,0,0,1,0
829982,8110,0,0,0,1,0
830077,8111,0,0,0,1,0
830218,8112,0,0,0,1,0
830340,8113,0,0,0,1,0
830464,8114,0,0,0,1,0
830623,8115,0,0,0,1,0
830651,8116,0,0,1,0,0
830751,8117,0,0,0,1,0
830860,8118,0,0,0,1,0
830957,8119,0,0,0,1,0
831058,8120,0,0,0,1,0
831185,8121,0,0,0,1,0
831308,8122,0,0,0,1,0
831414,8123,0,0,0,1,0
831536,8124,0,0,0,1,0
831638,8125,0,0,0,1,0
831749,8126,0,0,0,1,0
831881,8127,0,0,0,1,0
831985,8128,0,0,0,1,0
832113,8129,0,0,0,1,0
832221,8130,0,0,0,1,0
832340,8131,0,0,0,1,0
832469,8132,0,0,0,1,0
832621,8133,0,0,0,1,0
832760,8134,0,0,0,1,0
832902,8135,0,0,0,1,0
833058,8136,0,0,0,1,0
833125,8137,0,0,1,0,0
833239,8138,0,0,0,1,0
833351,8139,0,0,0,1,0
833472,8140,0,0,0,1,0
833604,8141,0,0,0,1,0
833715,8142,0,0,0,1,0
833862,8143,0,0,0,1,0
833952,8144,0,0,0,1,0
834071,8145,0,0,0,1,0
834160,8146,0,0,0,1,0
834201,8147,0,0,1,0,0
834343,8148,0,0,0,1,0
834441,8149,0,0,0,1,0
834585,8150,0,0,0,1,0
834733,8151,0,0,0,1,0
834892,8152,0,0,0,1,0
835016,8153,0,0,0,1,0
835143,8154,0,0,0,1,0
835261,8155,0,0,0,1,0
835377,8156,0,0,0,1,0
835514,8157,0,0,0,1,0
835604,8158,0,0,0,1,0
835739,8159,0,0,0,1,0
835869,8160,0,0,0,1,0
835969,8161,0,0,0,1,0
836080,8162,0,0,0,1,0
836200,8163,0,0,0,1,0
836316,8164,0,0,0,1,0
836427,8165,0,0,0,1,0
836531,8166,0,0,0,1,0
836660,8167,0,0,0,1,0
836768,8168,0,0,0,1,0
836882,8169,0,0,0,1,0
836981,8170,0,0,0,1,0
837107,8171,0,0,0,1,0
837206,8172,0,0,0,1,0
837308,8173,0,0,0,1,0
837435,8174,0,0,0,1,0
837436,8175,0,0,1,0,0
837560,8176,0,0,0,1,0
837693,8177,0,0,0,1,0
837796,8178,0,0,0,1,0
837887,8179,0,0,0,1,0
837995,8180,0,0,0,1,0
838010,8181,0,0,1,0,0
838118,8182,0,0,0,1,0
838277,8183,0,0,0,1,0
838424,8184,0,0,0,1,0
838555,8185,0,0,0,1,0
838684,8186,0,0,0,1,0
838799,8187,0,0,0,1,0
838914,8188,0,0,0,1,0
839067,8189,0,0,0,1,0
839170,8190,0,0,0,1,0
839279,8191,0,0,0,1,0
839413,8192,0,0,0,1,0
839539,8193,0,0,0,1,0
839663,8194,0,0,0,1,0
839796,8195,0,0,0,1,0
839924,8196,0,0,0,1,0
840013,8197,0,0,0,1,0
840017,8198,1,0,0,0,0
840120,8199,0,0,0,1,0
840222,8200,0,0,0,1,0
840356,8201,0,0,0,1,0
840466,8202,0,0,0,1,0
840580,8203,0,0,0,1,0
840682,8204,0,0,0,1,0
840798,8205,0,0,0,1,0
840900,8206,0,0,0,1,0
841034,8207,0,0,0,1,0
841131,8208,0,0,0,1,0
841247,8209,0,0,0,1,0
841373,8210,0,0,0,1,0
841497,8211,0,0,0,1,0
841658,8212,0,0,0,1,0
841773,8213,0,0,0,1,0
841874,8214,0,0,0,1,0
841965,8215,0,0,0,1,0
842079,8216,0,0,0,1,0
842197,8217,0,0,0,1,0
842304,8218,0,0,0,1,0
842433,8219,0,0,0,1,0
842548,8220,0,0,0,1,0
842666,8221,0,0,0,1,0
842780,8222,0,0,0,1,0
842897,8223,0,0,0,1,0
843043,8224,0,0,0,1,0
843200,8225,0,0,0,1,0
843303,8226,0,0,0,1,0
843317,8227,0,0,1,0,0
843450,8228,0,0,0,1,0
843581,8229,0,0,0,1,0
843703,8230,0,0,0,1,0
843802,8231,0,0,0,1,0
843927,8232,0,0,0,1,0
844037,8233,0,0,0,1,0
844159,8234,0,0,0,1,0
844290,8235,0,0,0,1,0
844422,8236,0,0,0,1,0
844547,8237,0,0,0,1,0
844640,8238,0,0,0,1,0
844733,8239,0,0,0,1,0
844825,8240,0,0,0,1,0
844949,8241,0,0,0,1,0
845120,8242,0,0,0,1,0
845268,8243,0,0,0,1,0
845377,8244,0,0,0,1,0
845504,8245,0,0,0,1,0
845641,8246,0,0,0,1,0
845779,8247,0,0,0,1,0
845887,8248,0,0,0,1,0
845977,8249,0,0,0,1,0
846108,8250,0,0,0,1,0
846220,8251,0,0,0,1,0
846361,8252,0,0,0,1,0
846530,8253,0,0,0,1,0
846631,8254,0,0,0,1,0
846721,8255,0,0,0,1,0
846842,8256,0,0,0,1,0
846942,8257,0,0,0,1,0
847061,8258,0,0,0,1,0
847201,8259,0,0,0,1,0
847355,8260,0,0,0,1,0
847463,8261,0,0,0,1,0
847589,8262,0,0,0,1,0
847749,8263,0,0,0,1,0
847838,8264,0,0,0,1,0
847954,8265,0,0,0,1,0
848092,8266,0,0,0,1,0
848235,8267,0,0,0,1,0
848343,8268,0,0,0,1,0
848439,8269,0,0,0,1,0
848536,8270,0,0,0,1,0
848658,8271,0,0,0,1,0
848781,8272,0,0,0,1,0
848891,8273,0,0,0,1,0
849021,8274,0,0,0,1,0
849116,8275,0,0,0,1,0
849216,8276,0,0,0,1,0
849346,8277,0,0,0,1,0
849454,8278,0,0,0,1,0
849563,8279,0,0,0,1,0
849699,8280,0,0,0,1,0
849791,8281,0,0,0,1,0
849881,8282,0,0,0,1,0
849980,8283,0,0,0,1,0
850079,8284,0,0,0,1,0
850203,8285,0,0,0,1,0
850311,8286,0,0,0,1,0
850430,8287,0,0,0,1,0
850559,8288,0,0,0,1,0
850715,8289,0,0,0,1,0
850843,8290,0,0,0,1,0
850953,8291,0,0,0,1,0
851076,8292,0,0,0,1,0
851180,8293,0,0,0,1,0
851311,8294,0,0,0,1,0
851429,8295,0,0,0,1,0
851579,8296,0,0,0,1,0
851709,8297,0,0,0,1,0
851826,8298,0,0,0,1,0
851960,8299,0,0,0,1,0
852089,8300,0,0,0,1,0
852196,8301,0,0,0,1,0
852311,8302,0,0,0,1,0
852428,8303,0,0,0,1,0
852582,8304,0,0,0,1,0
852687,8305,0,0,0,1,0
852814,8306,0,0,0,1,0
852944,8307,0,0,0,1,0
853046,8308,0,0,0,1,0
853190,8309,0,0,0,1,0
853301,8310,0,0,0,1,0
853432,8311,0,0,0,1,0
853562,8312,0,0,0,1,0
853681,8313,0,0,0,1,0
853803,8314,0,0,0,1,0
853894,8315,0,0,0,1,0
854015,8316,0,0,0,1,0
854145,8317,0,0,0,1,0
854256,8318,0,0,0,1,0
854364,8319,0,0,0,1,0
854472,8320,0,0,0,1,0
854628,8321,0,0,0,1,0
854745,8322,0,0,0,1,0
854871,8323,0,0,0,1,0
854983,8324,0,0,0,1,0
855098,8325,0,0,0,1,0
855211,8326,0,0,0,1,0
855357,8327,0,0,0,1,0
855464,8328,0,0,0,1,0
855563,8329,0,0,0,1,0
855707,8330,0,0,0,1,0
855853,8331,0,0,0,1,0
855981,8332,0,0,0,1,0
856091,8333,0,0,0,1,0
856202,8334,0,0,0,1,0
856307,8335,0,0,0,1,0
856414,8336,0,0,0,1,0
856536,8337,0,0,0,1,0
856662,8338,0,0,0,1,0
856813,8339,0,0,0,1,0
856922,8340,0,0,0,1,0
856930,8341,0,0,1,0,0
857074,8342,0,0,0,1,0
857200,8343,0,0,0,1,0
857338,8344,0,0,0,1,0
857461,8345,0,0,0,1,0
857582,8346,0,0,0,1,0
857684,8347,0,0,0,1,0
857806,8348,0,0,0,1,0
857937,8349,0,0,0,1,0
858076,8350,0,0,0,1,0
858196,8351,0,0,0,1,0
858340,8352,0,0,0,1,0
858471,8353,0,0,0,1,0
858578,8354,0,0,0,1,0
858672,8355,0,0,0,1,0
858796,8356,0,0,0,1,0
858888,8357,0,0,0,1,0
858984,8358,0,0,0,1,0
859109,8359,0,0,0,1,0
859242,8360,0,0,0,1,0
859352,8361,0,0,0,1,0
859456,8362,0,0,0,1,0
859609,8363,0,0,0,1,0
859709,8364,0,0,0,1,0
859823,8365,0,0,0,1,0
859933,8366,0,0,0,1,0
860068,8367,0,0,0,1,0
860161,8368,0,0,0,1,0
860294,8369,0,0,0,1,0
860415,8370,0,0,0,1,0
860553,8371,0,0,0,1,0
860673,8372,0,0,0,1,0
860787,8373,0,0,0,1,0
860908,8374,0,0,0,1,0
861033,8375,0,0,0,1,0
861150,8376,0,0,0,1,0
861265,8377,0,0,0,1,0
861395,8378,0,0,0,1,0
861486,8379,0,0,0,1,0
861575,8380,0,0,0,1,0
861687,8381,0,0,0,1,0
861807,8382,0,0,0,1,0
861960,8383,0,0,0,1,0
862080,8384,0,0,0,1,0
862188,8385,0,0,0,1,0
862301,8386,0,0,0,1,0
862396,8387,0,0,0,1,0
862495,8388,0,0,0,1,0
862631,8389,0,0,0,1,0
862730,8390,0,0,0,1,0
862848,8391,0,0,0,1,0
862992,8392,0,0,0,1,0
863111,8393,0,0,0,1,0
863228,8394,0,0,0,1,0
863343,8395,0,0,0,1,0
863433,8396,0,0,0,1,0
863547,8397,0,0,0,1,0
863680,8398,0,0,0,1,0
863815,8399,0,0,0,1,0
863930,8400,0,0,0,1,0
864052,8401,0,0,0,1,0
864176,8402,0,0,0,1,0
864265,8403,0,0,0,1,0
864378,8404,0,0,0,1,0
864482,8405,0,0,0,1,0
864607,8406,0,0,0,1,0
864709,8407,0,0,0,1,0
864826,8408,0,0,0,1,0
864923,8409,0,0,0,1,0
865033,8410,0,0,0,1,0
865164,8411,0,0,0,1,0
865301,8412,0,0,0,1,0
865398,8413,0,0,0,1,0
865488,8414,0,0,0,1,0
865611,8415,0,0,0,1,0
865700,8416,0,0,0,1,0
865815,8417,0,0,0,1,0
865938,8418,0,0,0,1,0
866059,8419,0,0,0,1,0
866169,8420,0,0,0,1,0
866300,8421,0,0,0,1,0
866446,8422,0,0,0,1,0
866566,8423,0,0,0,1,0
866682,8424,0,0,0,1,0
866788,8425,0,0,0,1,0
866877,8426,0,0,0,1,0
867010,8427,0,0,0,1,0
867108,8428,0,0,0,1,0
867227,8429,0,0,0,1,0
867337,8430,0,0,0,1,0
867437,8431,0,0,0,1,0
867580,8432,0,0,0,1,0
867694,8433,0,0,0,1,0
867696,8434,0,0,1,0,0
867831,8435,0,0,0,1,0
867966,8436,0,0,0,1,0
868079,8437,0,0,0,1,0
868202,8438,0,0,0,1,0
868324,8439,0,0,0,1,0
868437,8440,0,0,0,1,0
868567,8441,0,0,0,1,0
868701,8442,0,0,0,1,0
868850,8443,0,0,0,1,0
868991,8444,0,0,0,1,0
869103,8445,0,0,0,1,0
869215,8446,0,0,0,1,0
869318,8447,0,0,0,1,0
869407,8448,0,0,0,1,0
869529,8449,0,0,0,1,0
869641,8450,0,0,0,1,0
869777,8451,0,0,0,1,0
869902,8452,0,0,0,1,0
870008,8453,0,0,0,1,0
870111,8454,0,0,0,1,0
870232,8455,0,0,0,1,0
870354,8456,0,0,0,1,0
870472,8457,0,0,0,1,0
870566,8458,0,0,0,1,0
870698,8459,0,0,0,1,0
870831,8460,0,0,0,1,0
870942,8461,0,0,0,1,0
871062,8462,0,0,0,1,0
871160,8463,0,0,0,1,0
871280,8464,0,0,0,1,0
871394,8465,0,0,0,1,0
871527,8466,0,0,0,1,0
871630,8467,0,0,0,1,0
871759,8468,0,0,0,1,0
871891,8469,0,0,0,1,0
872001,8470,0,0,0,1,0
872146,8471,0,0,0,1,0
872262,8472,0,0,0,1,0
872405,8473,0,0,0,1,0
872510,8474,0,0,0,1,0
872613,8475,0,0,0,1,0
872759,8476,0,0,0,1,0
872900,8477,0,0,0,1,0
873010,8478,0,0,0,1,0
873144,8479,0,0,0,1,0
873238,8480,0,0,0,1,0
873349,8481,0,0,0,1,0
873482,8482,0,0,0,1,0
873586,8483,0,0,0,1,0
873679,8484,0,0,0,1,0
873819,8485,0,0,0,1,0
873934,8486,0,0,0,1,0
874041,8487,0,0,0,1,0
874172,8488,0,0,0,1,0
874271,8489,0,0,1,0,0
874413,8490,0,0,0,1,0
874524,8491,0,0,0,1,0
874648,8492,0,0,0,1,0
874750,8493,0,0,0,1,0
874868,8494,0,0,0,1,0
874990,8495,0,0,0,1,0
875098,8496,0,0,0,1,0
875192,8497,0,0,0,1,0
875317,8498,0,0,0,1,0
875437,8499,0,0,0,1,0
875472,8500,0,0,1,0,0
875602,8501,0,0,0,1,0
875689,8502,0,0,1,0,0
875817,8503,0,0,0,1,0
875926,8504,0,0,0,1,0
876036,8505,0,0,0,1,0
876150,8506,0,0,0,1,0
876248,8507,0,0,0,1,0
876359,8508,0,0,0,1,0
876464,8509,0,0,0,1,0
876563,8510,0,0,0,1,0
876659,8511,0,0,0,1,0
876749,8512,0,0,0,1,0
876842,8513,0,0,0,1,0
876994,8514,0,0,0,1,0
877129,8515,0,0,0,1,0
877236,8516,0,0,0,1,0
877379,8517,0,0,0,1,0
877514,8518,0,0,0,1,0
877624,8519,0,0,0,1,0
877723,8520,0,0,0,1,0
877849,8521,0,0,0,1,0
877972,8522,0,0,0,1,0
878067,8523,0,0,0,1,0
878187,8524,0,0,0,1,0
878291,8525,0,0,0,1,0
878415,8526,0,0,0,1,0
878541,8527,0,0,0,1,0
878666,8528,0,0,0,1,0
878782,8529,0,0,0,1,0
878899,8530,0,0,0,1,0
878991,8531,0,0,0,1,0
879080,8532,0,0,0,1,0
879196,8533,0,0,0,1,0
879334,8534,0,0,0,1,0
879476,8535,0,0,0,1,0
879582,8536,0,0,0,1,0
879706,8537,0,0,0,1,0
879823,8538,0,0,0,1,0
879971,8539,0,0,0,1,0
880097,8540,0,0,0,1,0
880204,8541,0,0,0,1,0
880331,8542,0,0,0,1,0
880455,8543,0,0,0,1,0
880614,8544,0,0,0,1,0
880718,8545,0,0,0,1,0
880823,8546,0,0,0,1,0
880947,8547,0,0,0,1,0
881078,8548,0,0,0,1,0
881230,8549,0,0,0,1,0
881362,8550,0,0,0,1,0
881498,8551,0,0,0,1,0
881632,8552,0,0,0,1,0
881749,8553,0,0,0,1,0
881882,8554,0,0,0,1,0
882004,8555,0,0,0,1,0
882149,8556,0,0,0,1,0
882268,8557,0,0,0,1,0
882411,8558,0,0,0,1,0
882515,8559,0,0,0,1,0
882621,8560,0,0,0,1,0
882760,8561,0,0,0,1,0
882842,8562,0,0,1,0,0
882974,8563,0,0,0,1,0
883091,8564,0,0,0,1,0
883208,8565,0,0,0,1,0
883319,8566,0,0,0,1,0
883428,8567,0,0,0,1,0
883431,8568,0,0,1,0,0
883553,8569,0,0,0,1,0
883656,8570,0,0,0,1,0
883752,8571,0,0,0,1,0
883853,8572,0,0,0,1,0
883977,8573,0,0,0,1,0
884123,8574,0,0,0,1,0
884257,8575,0,0,0,1,0
884387,8576,0,0,0,1,0
884493,8577,0,0,0,1,0
884600,8578,0,0,0,1,0
884690,8579,0,0,0,1,0
884799,8580,0,0,0,1,0
884802,8581,1,0,0,0,0
884943,8582,0,0,0,1,0
885044,8583,0,0,0,1,0
885149,8584,0,0,0,1,0
885291,8585,0,0,0,1,0
885406,8586,0,0,0,1,0
885500,8587,0,0,1,0,0
885603,8588,0,0,0,1,0
885726,8589,0,0,0,1,0
885827,8590,0,0,0,1,0
885932,8591,0,0,0,1,0
886058,8592,0,0,0,1,0
886199,8593,0,0,0,1,0
886304,8594,0,0,0,1,0
886431,8595,0,0,0,1,0
886568,8596,0,0,0,1,0
886691,8597,0,0,0,1,0
886800,8598,0,0,0,1,0
886944,8599,0,0,0,1,0
887063,8600,0,0,0,1,0
887196,8601,0,0,0,1,0
887309,8602,0,0,0,1,0
887408,8603,0,0,0,1,0
887526,8604,0,0,0,1,0
887639,8605,0,0,0,1,0
887782,8606,0,0,0,1,0
887876,8607,0,0,0,1,0
888012,8608,0,0,0,1,0
888142,8609,0,0,0,1,0
888248,8610,0,0,0,1,0
888370,8611,0,0,0,1,0
888493,8612,0,0,0,1,0
888609,8613,0,0,0,1,0
888616,8614,0,0,1,0,0
888711,8615,0,0,0,1,0
888806,8616,0,0,0,1,0
888903,8617,0,0,0,1,0
889003,8618,0,0,0,1,0
889146,8619,0,0,0,1,0
889250,8620,0,0,0,1,0
889371,8621,0,0,0,1,0
889461,8622,0,0,0,1,0
889538,8623,0,0,1,0,0
889650,8624,0,0,0,1,0
889701,8625,0,0,1,0,0
889821,8626,0,0,0,1,0
889917,8627,0,0,0,1,0
890019,8628,0,0,0,1,0
890126,8629,0,0,0,1,0
890221,8630,0,0,1,0,0
890222,8631,0,0,1,0,0
890242,8632,0,0,1,0,0
890380,8633,0,0,0,1,0
890498,8634,0,0,0,1,0
890604,8635,0,0,0,1,0
890739,8636,0,0,0,1,0
890870,8637,0,0,0,1,0
890974,8638,0,0,0,1,0
891109,8639,0,0,0,1,0
891230,8640,0,0,0,1,0
891362,8641,0,0,0,1,0
891465,8642,0,0,0,1,0
891612,8643,0,0,0,1,0
891757,8644,0,0,0,1,0
891872,8645,0,0,0,1,0
891875,8646,0,0,1,0,0
891982,8647,0,0,0,1,0
892132,8648,0,0,0,1,0
892248,8649,0,0,0,1,0
892353,8650,0,0,0,1,0
892461,8651,0,0,0,1,0
892591,8652,0,0,0,1,0
892732,8653,0,0,0,1,0
892867,8654,0,0,0,1,0
892974,8655,0,0,0,1,0
893094,8656,0,0,0,1,0
893251,8657,0,0,0,1,0
893382,8658,0,0,0,1,0
893495,8659,0,0,0,1,0
893616,8660,0,0,0,1,0
893736,8661,0,0,0,1,0
893843,8662,0,0,0,1,0
893952,8663,0,0,0,1,0
894051,8664,0,0,0,1,0
894182,8665,0,0,0,1,0
894297,8666,0,0,0,1,0
894405,8667,0,0,0,1,0
894510,8668,0,0,0,1,0
894620,8669,0,0,0,1,0
894729,8670,0,0,0,1,0
894876,8671,0,0,0,1,0
895014,8672,0,0,0,1,0
895144,8673,0,0,0,1,0
895287,8674,0,0,0,1,0
895291,8675,1,0,0,0,0
895424,8676,0,0,0,1,0
895529,8677,0,0,0,1,0
895634,8678,0,0,1,0,0
895781,8679,0,0,0,1,0
895918,8680,0,0,0,1,0
896039,8681,0,0,0,1,0
896144,8682,0,0,0,1,0
896249,8683,0,0,0,1,0
896362,8684,0,0,0,1,0
896471,8685,0,0,0,1,0
896608,8686,0,0,0,1,0
896722,8687,0,0,0,1,0
896836,8688,0,0,0,1,0
896941,8689,0,0,0,1,0
897092,8690,0,0,0,1,0
897182,8691,0,0,0,1,0
897276,8692,0,0,0,1,0
897419,8693,0,0,0,1,0
897521,8694,0,0,0,1,0
897669,8695,0,0,0,1,0
897764,8696,0,0,0,1,0
897884,8697,0,0,0,1,0
898009,8698,0,0,0,1,0
898137,8699,0,0,0,1,0
898276,8700,0,0,0,1,0
898373,8701,0,0,0,1,0
898489,8702,0,0,0,1,0
898629,8703,0,0,0,1,0
898721,8704,0,0,0,1,0
898834,8705,0,0,0,1,0
898956,8706,0,0,0,1,0
899053,8707,0,0,0,1,0
899169,8708,0,0,0,1,0
899275,8709,0,0,0,1,0
899372,8710,0,0,0,1,0
899488,8711,0,0,0,1,0
899606,8712,0,0,0,1,0
899727,8713,0,0,0,1,0
899850,8714,0,0,0,1,0
899981,8715,0,0,0,1,0
900117,8716,0,0,0,1,0
900245,8717,0,0,0,1,0
900352,8718,0,0,0,1,0
900491,8719,0,0,0,1,0
900637,8720,0,0,0,1,0
900740,8721,0,0,0,1,0
900875,8722,0,0,0,1,0
900998,8723,0,0,0,1,0
901126,8724,0,0,0,1,0
901255,8725,0,0,0,1,0
901257,8726,0,0,1,0,0
901358,8727,0,0,0,1,0
901462,8728,0,0,0,1,0
901550,8729,0,0,1,0,0
901663,8730,0,0,0,1,0
901781,8731,0,0,0,1,0
901896,8732,0,0,0,1,0
901991,8733,0,0,0,1,0
902137,8734,0,0,0,1,0
902256,8735,0,0,0,1,0
902358,8736,0,0,0,1,0
902496,8737,0,0,0,1,0
902638,8738,0,0,0,1,0
902748,8739,0,0,0,1,0
902845,8740,0,0,0,1,0
902979,8741,0,0,0,1,0
903080,8742,0,0,0,1,0
903219,8743,0,0,0,1,0
903329,8744,0,0,0,1,0
903473,8745,0,0,0,1,0
903583,8746,0,0,0,1,0
903677,8747,0,0,0,1,0
903773,8748,0,0,0,1,0
903885,8749,0,0,0,1,0
904013,8750,0,0,0,1,0
904146,8751,0,0,0,1,0
904258,8752,0,0,0,1,0
904386,8753,0,0,0,1,0
904509,8754,0,0,0,1,0
904608,8755,0,0,0,1,0
904749,8756,0,0,0,1,0
904861,8757,0,0,0,1,0
904969,8758,0,0,0,1,0
905113,8759,0,0,0,1,0
905252,8760,0,0,0,1,0
905385,8761,0,0,0,1,0
905482,8762,0,0,0,1,0
905618,8763,0,0,0,1,0
905731,8764,0,0,0,1,0
905858,8765,0,0,0,1,0
905965,8766,0,0,0,1,0
906083,8767,0,0,0,1,0
906215,8768,0,0,0,1,0
906332,8769,0,0,0,1,0
906449,8770,0,0,1,0,0
906567,8771,0,0,0,1,0
906710,8772,0,0,0,1,0
906836,8773,0,0,0,1,0
906963,8774,0,0,0,1,0
907092,8775,0,0,0,1,0
907196,8776,0,0,0,1,0
907202,8777,0,0,1,0,0
907325,8778,0,0,0,1,0
907431,8779,0,0,0,1,0
907540,8780,0,0,0,1,0
907645,8781,0,0,0,1,0
907784,8782,0,0,0,1,0
907894,8783,0,0,0,1,0
908051,8784,0,0,0,1,0
908160,8785,0,0,0,1,0
908268,8786,0,0,0,1,0
908367,8787,0,0,0,1,0
908473,8788,0,0,0,1,0
908578,8789,0,0,0,1,0
908682,8790,0,0,0,1,0
908808,8791,0,0,0,1,0
908919,8792,0,0,0,1,0
909024,8793,0,0,0,1,0
909150,8794,0,0,0,1,0
909255,8795,0,0,0,1,0
909387,8796,0,0,0,1,0
909497,8797,0,0,0,1,0
909604,8798,0,0,0,1,0
909702,8799,0,0,0,1,0
909797,8800,0,0,0,1,0
909907,8801,0,0,0,1,0
910038,8802,0,0,0,1,0
910142,8803,0,0,0,1,0
910251,8804,0,0,0,1,0
910359,8805,0,0,0,1,0
910492,8806,0,0,0,1,0
910603,8807,0,0,0,1,0
910733,8808,0,0,0,1,0
910859,8809,0,0,0,1,0
910950,8810,0,0,0,1,0
911048,8811,0,0,0,1,0
911162,8812,0,0,0,1,0
911275,8813,0,0,0,1,0
911409,8814,0,0,0,1,0
911538,8815,0,0,0,1,0
911639,8816,0,0,0,1,0
911758,8817,0,0,0,1,0
911883,8818,0,0,0,1,0
911996,8819,0,0,0,1,0
912138,8820,0,0,0,1,0
912262,8821,0,0,0,1,0
912389,8822,0,0,0,1,0
912539,8823,0,0,0,1,0
912648,8824,0,0,0,1,0
912757,8825,0,0,0,1,0
912887,8826,0,0,0,1,0
913001,8827,0,0,0,1,0
913120,8828,0,0,0,1,0
913239,8829,0,0,0,1,0
913353,8830,0,0,0,1,0
913448,8831,0,0,0,1,0
913538,8832,0,0,0,1,0
913657,8833,0,0,0,1,0
913767,8834,0,0,0,1,0
913861,8835,0,0,0,1,0
913980,8836,0,0,0,1,0
914105,8837,0,0,0,1,0
914246,8838,0,0,0,1,0
914336,8839,0,0,0,1,0
914467,8840,0,0,0,1,0
914606,8841,0,0,0,1,0
914719,8842,0,0,0,1,0
914821,8843,0,0,0,1,0
914958,8844,0,0,0,1,0
915091,8845,0,0,0,1,0
915192,8846,0,0,0,1,0
915288,8847,0,0,0,1,0
915416,8848,0,0,0,1,0
915535,8849,0,0,0,1,0
915671,8850,0,0,0,1,0
915790,8851,0,0,0,1,0
915921,8852,0,0,0,1,0
916059,8853,0,0,0,1,0
916185,8854,0,0,0,1,0
916293,8855,0,0,0,1,0
916419,8856,0,0,0,1,0
916535,8857,0,0,0,1,0
916633,8858,0,0,0,1,0
916747,8859,0,0,0,1,0
916866,8860,0,0,0,1,0
916985,8861,0,0,0,1,0
917102,8862,0,0,0,1,0
917196,8863,0,0,0,1,0
917286,8864,0,0,0,1,0
917432,8865,0,0,0,1,0
917567,8866,0,0,0,1,0
917706,8867,0,0,0,1,0
917800,8868,0,0,0,1,0
917938,8869,0,0,0,1,0
918043,8870,0,0,0,1,0
918181,8871,0,0,0,1,0
918289,8872,0,0,0,1,0
918379,8873,0,0,0,1,0
918505,8874,0,0,0,1,0
918506,8875,1,0,0,0,0
918596,8876,0,0,0,1,0
918723,8877,0,0,0,1,0
918813,8878,0,0,0,1,0
918945,8879,0,0,0,1,0
919078,8880,0,0,0,1,0
919168,8881,0,0,0,1,0
919285,8882,0,0,0,1,0
919419,8883,0,0,0,1,0
919566,8884,0,0,0,1,0
919584,8885,0,0,1,0,0
919722,8886,0,0,0,1,0
919853,8887,0,0,0,1,0
920001,8888,0,0,0,1,0
920153,8889,0,0,0,1,0
920266,8890,0,0,0,1,0
920408,8891,0,0,0,1,0
920533,8892,0,0,0,1,0
920538,8893,0,0,1,0,0
920677,8894,0,0,0,1,0
920678,8895,1,0,0,0,0
920680,8896,0,0,1,0,0
920771,8897,0,0,0,1,0
920883,8898,0,0,0,1,0
921004,8899,0,0,0,1,0
921108,8900,0,0,0,1,0
921201,8901,0,0,0,1,0
921346,8902,0,0,0,1,0
921487,8903,0,0,0,1,0
921619,8904,0,0,0,1,0
921753,8905,0,0,0,1,0
921890,8906,0,0,0,1,0
922023,8907,0,0,0,1,0
922151,8908,0,0,0,1,0
922234,8909,0,0,1,0,0
922365,8910,0,0,0,1,0
922504,8911,0,0,0,1,0
922625,8912,0,0,0,1,0
922778,8913,0,0,0,1,0
922887,8914,0,0,0,1,0
922985,8915,0,0,0,1,0
923100,8916,0,0,0,1,0
923217,8917,0,0,0,1,0
923327,8918,0,0,0,1,0
923446,8919,0,0,0,1,0
923578,8920,0,0,0,1,0
923691,8921,0,0,0,1,0
923821,8922,0,0,0,1,0
923967,8923,0,0,0,1,0
924059,8924,0,0,0,1,0
924185,8925,0,0,0,1,0
924283,8926,0,0,0,1,0
924413,8927,0,0,0,1,0
924537,8928,0,0,0,1,0
924642,8929,0,0,0,1,0
924774,8930,0,0,0,1,0
924912,8931,0,0,0,1,0
925022,8932,0,0,0,1,0
925030,8933,0,0,1,0,0
925140,8934,0,0,0,1,0
925274,8935,0,0,0,1,0
925387,8936,0,0,0,1,0
925502,8937,0,0,0,1,0
925596,8938,0,0,0,1,0
925715,8939,0,0,0,1,0
925818,8940,0,0,0,1,0
925911,8941,0,0,0,1,0
926029,8942,0,0,0,1,0
926120,8943,0,0,0,1,0
926260,8944,0,0,0,1,0
926378,8945,0,0,0,1,0
926484,8946,0,0,0,1,0
926620,8947,0,0,0,1,0
926716,8948,0,0,0,1,0
926817,8949,0,0,0,1,0
926926,8950,0,0,0,1,0
927025,8951,0,0,0,1,0
927176,8952,0,0,0,1,0
927305,8953,0,0,0,1,0
927413,8954,0,0,0,1,0
927530,8955,0,0,0,1,0
927631,8956,0,0,0,1,0
927760,8957,0,0,0,1,0
927853,8958,0,0,0,1,0
927983,8959,0,0,0,1,0
928102,8960,0,0,0,1,0
928226,8961,0,0,0,1,0
928360,8962,0,0,0,1,0
928460,8963,0,0,0,1,0
928570,8964,0,0,0,1,0
928686,8965,0,0,0,1,0
928826,8966,0,0,0,1,0
928972,8967,0,0,0,1,0
929107,8968,0,0,0,1,0
929233,8969,0,0,0,1,0
929378,8970,0,0,0,1,0
929479,8971,0,0,0,1,0
929602,8972,0,0,0,1,0
929714,8973,0,0,0,1,0
929863,8974,0,0,0,1,0
929975,8975,0,0,0,1,0
930121,8976,0,0,0,1,0
930233,8977,0,0,0,1,0
930330,8978,0,0,0,1,0
930453,8979,0,0,0,1,0
930576,8980,0,0,1,0,0
930696,8981,0,0,0,1,0
930816,8982,0,0,0,1,0
930925,8983,0,0,0,1,0
931027,8984,0,0,0,1,0
931170,8985,0,0,0,1,0
931304,8986,0,0,0,1,0
931442,8987,0,0,0,1,0
931563,8988,0,0,0,1,0
931688,8989,0,0,0,1,0
931805,8990,0,0,0,1,0
931935,8991,0,0,0,1,0
932082,8992,0,0,0,1,0
932177,8993,0,0,0,1,0
932289,8994,0,0,0,1,0
932425,8995,0,0,0,1,0
932562,8996,0,0,0,1,0
932696,8997,0,0,0,1,0
932811,8998,0,0,0,1,0
932942,8999,0,0,0,1,0
933090,9000,0,0,0,1,0
933207,9001,0,0,0,1,0
933320,9002,0,0,0,1,0
933419,9003,0,0,0,1,0
933422,9004,0,0,1,0,0
933534,9005,0,0,0,1,0
933643,9006,0,0,0,1,0
933770,9007,0,0,0,1,0
933887,9008,0,0,0,1,0
933982,9009,0,0,0,1,0
934108,9010,0,0,0,1,0
934214,9011,0,0,0,1,0
934345,9012,0,0,0,1,0
934460,9013,0,0,0,1,0
934592,9014,0,0,0,1,0
934715,9015,0,0,0,1,0
934852,9016,0,0,0,1,0
934956,9017,0,0,0,1,0
935071,9018,0,0,0,1,0
935201,9019,0,0,0,1,0
935323,9020,0,0,0,1,0
935420,9021,0,0,0,1,0
935549,9022,0,0,0,1,0
935665,9023,0,0,0,1,0
935806,9024,0,0,0,1,0
935923,9025,0,0,0,1,0
936038,9026,0,0,0,1,0
936162,9027,0,0,0,1,0
936264,9028,0,0,0,1,0
936392,9029,0,0,0,1,0
936499,9030,0,0,0,1,0
936623,9031,0,0,0,1,0
936736,9032,0,0,0,1,0
936842,9033,0,0,0,1,0
936948,9034,0,0,0,1,0
937044,9035,0,0,0,1,0
937170,9036,0,0,0,1,0
937299,9037,0,0,0,1,0
937414,9038,0,0,0,1,0
937551,9039,0,0,0,1,0
937669,9040,0,0,0,1,0
937775,9041,0,0,0,1,0
937874,9042,0,0,0,1,0
938014,9043,0,0,0,1,0
938155,9044,0,0,0,1,0
938300,9045,0,0,0,1,0
938349,9046,0,0,1,0,0
938466,9047,0,0,0,1,0
938593,9048,0,0,0,1,0
938684,9049,0,0,0,1,0
938784,9050,0,0,0,1,0
938886,9051,0,0,0,1,0
939012,9052,0,0,0,1,0
939125,9053,0,0,0,1,0
939259,9054,0,0,0,1,0
939392,9055,0,0,0,1,0
939495,9056,0,0,0,1,0
939591,9057,0,0,0,1,0
939722,9058,0,0,0,1,0
939850,9059,0,0,0,1,0
939955,9060,0,0,0,1,0
940107,9061,0,0,0,1,0
940221,9062,0,0,0,1,0
940322,9063,0,0,0,1,0
940349,9064,0,0,1,0,0
940482,9065,0,0,0,1,0
940584,9066,0,0,0,1,0
940695,9067,0,0,0,1,0
940803,9068,0,0,0,1,0
940952,9069,0,0,0,1,0
941096,9070,0,0,0,1,0
941193,9071,0,0,0,1,0
941314,9072,0,0,0,1,0
941411,9073,0,0,0,1,0
941553,9074,0,0,0,1,0
941682,9075,0,0,0,1,0
941778,9076,0,0,0,1,0
941896,9077,0,0,0,1,0
942015,9078,0,0,0,1,0
942124,9079,0,0,0,1,0
942256,9080,0,0,0,1,0
942348,9081,0,0,0,1,0
942483,9082,0,0,0,1,0
942618,9083,0,0,0,1,0
942745,9084,0,0,0,1,0
942868,9085,0,0,0,1,0
942993,9086,0,0,0,1,0
943129,9087,0,0,0,1,0
943270,9088,0,0,0,1,0
943379,9089,0,0,0,1,0
943474,9090,0,0,0,1,0
943598,9091,0,0,0,1,0
943730,9092,0,0,0,1,0
943823,9093,0,0,0,1,0
943936,9094,0,0,0,1,0
944030,9095,0,0,0,1,0
944148,9096,0,0,0,1,0
944280,9097,0,0,0,1,0
944383,9098,0,0,0,1,0
944532,9099,0,0,0,1,0
944666,9100,0,0,0,1,0
944765,9101,0,0,0,1,0
944882,9102,0,0,0,1,0
944983,9103,0,0,0,1,0
945074,9104,0,0,0,1,0
945195,9105,0,0,0,1,0
945295,9106,0,0,0,1,0
945407,9107,0,0,0,1,0
945513,9108,0,0,0,1,0
945611,9109,0,0,0,1,0
945754,9110,0,0,0,1,0
945882,9111,0,0,0,1,0
946039,9112,0,0,0,1,0
946136,9113,0,0,0,1,0
946229,9114,0,0,0,1,0
946332,9115,0,0,0,1,0
946439,9116,0,0,1,0,0
946528,9117,0,0,0,1,0
946636,9118,0,0,0,1,0
946734,9119,0,0,0,1,0
946864,9120,0,0,0,1,0
946977,9121,0,0,0,1,0
947096,9122,0,0,0,1,0
947216,9123,0,0,0,1,0
947319,9124,0,0,0,1,0
947443,9125,0,0,0,1,0
947564,9126,0,0,0,1,0
947698,9127,0,0,0,1,0
947787,9128,0,0,0,1,0
947914,9129,0,0,0,1,0
948008,9130,0,0,0,1,0
948144,9131,0,0,0,1,0
948286,9132,0,0,0,1,0
948360,9133,0,0,1,0,0
948481,9134,0,0,0,1,0
948587,9135,0,0,0,1,0
948719,9136,0,0,0,1,0
948856,9137,0,0,0,1,0
948950,9138,0,0,0,1,0
949076,9139,0,0,0,1,0
949189,9140,0,0,0,1,0
949332,9141,0,0,0,1,0
949442,9142,0,0,0,1,0
949549,9143,0,0,0,1,0
949555,9144,0,0,1,0,0
949691,9145,0,0,0,1,0
949714,9146,0,0,1,0,0
949821,9147,0,0,0,1,0
949929,9148,0,0,0,1,0
950036,9149,0,0,0,1,0
950139,9150,0,0,0,1,0
950274,9151,0,0,0,1,0
950409,9152,0,0,0,1,0
950521,9153,0,0,0,1,0
950651,9154,0,0,0,1,0
950760,9155,0,0,0,1,0
950902,9156,0,0,0,1,0
951046,9157,0,0,0,1,0
951147,9158,0,0,0,1,0
951283,9159,0,0,0,1,0
951397,9160,0,0,0,1,0
951537,9161,0,0,0,1,0
951659,9162,0,0,0,1,0
951762,9163,0,0,0,1,0
951880,9164,0,0,0,1,0
951969,9165,0,0,0,1,0
952086,9166,0,0,0,1,0
952199,9167,0,0,0,1,0
952338,9168,0,0,0,1,0
952471,9169,0,0,0,1,0
952529,9170,0,0,1,0,0
952652,9171,0,0,0,1,0
952757,9172,0,0,0,1,0
952867,9173,0,0,0,1,0
952964,9174,0,0,0,1,0
953053,9175,0,0,0,1,0
953189,9176,0,0,0,1,0
953312,9177,0,0,0,1,0
953409,9178,0,0,0,1,0
953516,9179,0,0,0,1,0
953637,9180,0,0,0,1,0
953776,9181,0,0,0,1,0
953878,9182,0,0,0,1,0
953997,9183,0,0,0,1,0
954126,9184,0,0,0,1,0
954252,9185,0,0,0,1,0
954343,9186,0,0,0,1,0
954478,9187,0,0,0,1,0
954583,9188,0,0,0,1,0
954710,9189,0,0,0,1,0
954822,9190,0,0,0,1,0
954950,9191,0,0,0,1,0
955061,9192,0,0,0,1,0
955192,9193,0,0,0,1,0
955297,9194,0,0,0,1,0
955392,9195,0,0,0,1,0
955506,9196,0,0,0,1,0
955618,9197,0,0,0,1,0
955622,9198,1,0,0,0,0
955723,9199,0,0,0,1,0
955845,9200,0,0,0,1,0
955954,9201,0,0,0,1,0
956082,9202,0,0,0,1,0
956223,9203,0,0,0,1,0
956327,9204,0,0,0,1,0
956461,9205,0,0,0,1,0
956605,9206,0,0,0,1,0
956702,9207,0,0,0,1,0
956831,9208,0,0,0,1,0
956930,9209,0,0,0,1,0
957032,9210,0,0,0,1,0
957149,9211,0,0,0,1,0
957271,9212,0,0,0,1,0
957371,9213,0,0,0,1,0
957489,9214,0,0,0,1,0
957612,9215,0,0,0,1,0
957751,9216,0,0,0,1,0
957889,9217,0,0,0,1,0
957997,9218,0,0,0,1,0
958123,9219,0,0,0,1,0
958238,9220,0,0,0,1,0
958355,9221,0,0,0,1,0
958478,9222,0,0,0,1,0
958616,9223,0,0,0,1,0
958711,9224,0,0,0,1,0
958715,9225,0,0,1,0,0
958851,9226,0,0,0,1,0
958966,9227,0,0,0,1,0
959080,9228,0,0,0,1,0
959216,9229,0,0,0,1,0
959355,9230,0,0,0,1,0
959501,9231,0,0,0,1,0
959606,9232,0,0,0,1,0
959709,9233,0,0,0,1,0
959849,9234,0,0,0,1,0
959946,9235,0,0,0,1,0
960040,9236,0,0,0,1,0
960162,9237,0,0,0,1,0
960269,9238,0,0,0,1,0
960272,9239,1,0,0,0,0
960372,9240,0,0,0,1,0
960378,9241,0,0,1,0,0
960512,9242,0,0,0,1,0
960659,9243,0,0,0,1,0
960786,9244,0,0,0,1,0
960910,9245,0,0,0,1,0
961051,9246,0,0,0,1,0
961178,9247,0,0,0,1,0
961308,9248,0,0,0,1,0
961412,9249,0,0,0,1,0
961562,9250,0,0,0,1,0
961661,9251,0,0,0,1,0
961814,9252,0,0,0,1,0
961915,9253,0,0,0,1,0
962019,9254,0,0,0,1,0
962145,9255,0,0,0,1,0
962254,9256,0,0,0,1,0
962365,9257,0,0,0,1,0
962367,9258,0,0,1,0,0
962478,9259,0,0,0,1,0
962610,9260,0,0,0,1,0
962701,9261,0,0,0,1,0
962842,9262,0,0,0,1,0
962938,9263,0,0,0,1,0
963066,9264,0,0,0,1,0
963156,9265,0,0,0,1,0
963273,9266,0,0,0,1,0
963387,9267,0,0,0,1,0
963488,9268,0,0,0,1,0
963614,9269,0,0,0,1,0
963710,9270,0,0,0,1,0
963835,9271,0,0,0,1,0
963934,9272,0,0,0,1,0
964037,9273,0,0,0,1,0
964179,9274,0,0,0,1,0
964322,9275,0,0,0,1,0
964456,9276,0,0,0,1,0
964585,9277,0,0,0,1,0
964680,9278,0,0,0,1,0
964779,9279,0,0,0,1,0
964912,9280,0,0,0,1,0
965029,9281,0,0,0,1,0
965158,9282,0,0,0,1,0
965304,9283,0,0,0,1,0
965445,9284,0,0,0,1,0
965587,9285,0,0,0,1,0
965695,9286,0,0,0,1,0
965787,9287,0,0,0,1,0
965906,9288,0,0,0,1,0
965998,9289,0,0,0,1,0
966093,9290,0,0,0,1,0
966210,9291,0,0,0,1,0
966307,9292,0,0,0,1,0
966433,9293,0,0,0,1,0
966550,9294,0,0,0,1,0
966684,9295,0,0,0,1,0
966806,9296,0,0,0,1,0
966927,9297,0,0,0,1,0
967048,9298,0,0,0,1,0
967175,9299,0,0,0,1,0
967309,9300,0,0,0,1,0
967416,9301,0,0,0,1,0
967505,9302,0,0,0,1,0
967615,9303,0,0,0,1,0
967719,9304,0,0,0,1,0
967863,9305,0,0,0,1,0
967969,9306,0,0,0,1,0
968090,9307,0,0,0,1,0
968228,9308,0,0,0,1,0
968317,9309,0,0,0,1,0
968461,9310,0,0,0,1,0
968563,9311,0,0,0,1,0
968654,9312,0,0,0,1,0
968789,9313,0,0,0,1,0
968938,9314,0,0,0,1,0
969030,9315,0,0,0,1,0
969147,9316,0,0,0,1,0
969290,9317,0,0,0,1,0
969434,9318,0,0,0,1,0
969550,9319,0,0,0,1,0
969679,9320,0,0,0,1,0
969807,9321,0,0,0,1,0
969929,9322,0,0,0,1,0
970018,9323,0,0,0,1,0
970166,9324,0,0,0,1,0
970281,9325,0,0,0,1,0
970413,9326,0,0,0,1,0
970552,9327,0,0,0,1,0
970679,9328,0,0,0,1,0
970809,9329,0,0,0,1,0
970936,9330,0,0,0,1,0
970940,9331,1,0,0,0,0
971063,9332,0,0,0,1,0
971206,9333,0,0,0,1,0
971338,9334,0,0,0,1,0
971461,9335,0,0,0,1,0
971601,9336,0,0,0,1,0
971709,9337,0,0,0,1,0
971809,9338,0,0,0,1,0
971922,9339,0,0,0,1,0
972042,9340,0,0,0,1,0
972139,9341,0,0,0,1,0
972271,9342,0,0,0,1,0
972377,9343,0,0,0,1,0
972496,9344,0,0,0,1,0
972625,9345,0,0,0,1,0
972721,9346,0,0,0,1,0
972820,9347,0,0,0,1,0
972963,9348,0,0,0,1,0
973085,9349,0,0,0,1,0
973190,9350,0,0,0,1,0
973292,9351,0,0,0,1,0
973421,9352,0,0,0,1,0
973551,9353,0,0,0,1,0
973676,9354,0,0,0,1,0
973821,9355,0,0,0,1,0
973961,9356,0,0,0,1,0
974102,9357,0,0,0,1,0
974208,9358,0,0,0,1,0
974336,9359,0,0,0,1,0
974443,9360,0,0,0,1,0
974544,9361,0,0,0,1,0
974662,9362,0,0,0,1,0
974751,9363,0,0,0,1,0
974863,9364,0,0,0,1,0
974994,9365,0,0,0,1,0
975116,9366,0,0,0,1,0
975216,9367,0,0,0,1,0
975332,9368,0,0,0,1,0
975456,9369,0,0,0,1,0
975595,9370,0,0,0,1,0
975716,9371,0,0,0,1,0
975860,9372,0,0,0,1,0
976002,9373,0,0,0,1,0
976122,9374,0,0,0,1,0
976215,9375,0,0,0,1,0
976355,9376,0,0,0,1,0
976488,9377,0,0,0,1,0
976634,9378,0,0,0,1,0
976748,9379,0,0,0,1,0
976869,9380,0,0,0,1,0
977006,9381,0,0,0,1,0
977128,9382,0,0,0,1,0
977247,9383,0,0,0,1,0
977384,9384,0,0,0,1,0
977535,9385,0,0,0,1,0
977629,9386,0,0,0,1,0
977750,9387,0,0,0,1,0
977892,9388,0,0,0,1,0
978027,9389,0,0,0,1,0
978147,9390,0,0,0,1,0
978257,9391,0,0,0,1,0
978389,9392,0,0,0,1,0
978546,9393,0,0,0,1,0
978654,9394,0,0,0,1,0
978783,9395,0,0,0,1,0
978911,9396,0,0,0,1,0
979001,9397,0,0,0,1,0
979129,9398,0,0,0,1,0
979243,9399,0,0,0,1,0
979383,9400,0,0,0,1,0
979495,9401,0,0,0,1,0
979625,9402,0,0,0,1,0
979764,9403,0,0,0,1,0
979865,9404,0,0,0,1,0
979962,9405,0,0,0,1,0
980091,9406,0,0,0,1,0
980211,9407,0,0,0,1,0
980338,9408,0,0,0,1,0
980479,9409,0,0,0,1,0
980585,9410,0,0,0,1,0
980677,9411,0,0,0,1,0
980793,9412,0,0,0,1,0
980897,9413,0,0,0,1,0
981010,9414,0,0,0,1,0
981126,9415,0,0,0,1,0
981266,9416,0,0,0,1,0
981403,9417,0,0,0,1,0
981547,9418,0,0,0,1,0
981681,9419,0,0,0,1,0
981801,9420,0,0,0,1,0
981903,9421,0,0,0,1,0
982023,9422,0,0,0,1,0
982138,9423,0,0,0,1,0
982262,9424,0,0,0,1,0
982391,9425,0,0,0,1,0
982501,9426,0,0,0,1,0
982619,9427,0,0,0,1,0
982734,9428,0,0,0,1,0
982846,9429,0,0,0,1,0
982981,9430,0,0,0,1,0
983106,9431,0,0,0,1,0
983220,9432,0,0,0,1,0
983359,9433,0,0,0,1,0
983503,9434,0,0,0,1,0
983626,9435,0,0,0,1,0
983752,9436,0,0,1,0,0
983884,9437,0,0,0,1,0
983990,9438,0,0,0,1,0
984102,9439,0,0,0,1,0
984212,9440,0,0,0,1,0
984349,9441,0,0,0,1,0
984447,9442,0,0,0,1,0
984565,9443,0,0,0,1,0
984696,9444,0,0,0,1,0
984817,9445,0,0,0,1,0
984940,9446,0,0,0,1,0
984951,9447,0,0,1,0,0
985057,9448,0,0,0,1,0
985147,9449,0,0,0,1,0
985247,9450,0,0,0,1,0
985377,9451,0,0,0,1,0
985510,9452,0,0,0,1,0
985605,9453,0,0,0,1,0
985707,9454,0,0,0,1,0
985818,9455,0,0,0,1,0
985956,9456,0,0,0,1,0
986072,9457,0,0,0,1,0
986216,9458,0,0,0,1,0
986330,9459,0,0,0,1,0
986450,9460,0,0,0,1,0
986570,9461,0,0,0,1,0
986711,9462,0,0,0,1,0
986823,9463,0,0,0,1,0
986963,9464,0,0,0,1,0
987096,9465,0,0,0,1,0
987212,9466,0,0,0,1,0
987345,9467,0,0,0,1,0
987468,9468,0,0,0,1,0
987583,9469,0,0,0,1,0
987708,9470,0,0,0,1,0
987816,9471,0,0,0,1,0
987929,9472,0,0,0,1,0
988053,9473,0,0,0,1,0
988161,9474,0,0,0,1,0
988292,9475,0,0,0,1,0
988395,9476,0,0,0,1,0
988517,9477,0,0,0,1,0
988657,9478,0,0,0,1,0
988765,9479,0,0,0,1,0
988866,9480,0,0,0,1,0
988988,9481,0,0,0,1,0
989136,9482,0,0,0,1,0
989233,9483,0,0,0,1,0
989380,9484,0,0,0,1,0
989519,9485,0,0,0,1,0
989664,9486,0,0,0,1,0
989781,9487,0,0,0,1,0
989908,9488,0,0,0,1,0
990018,9489,0,0,0,1,0
990160,9490,0,0,0,1,0
990291,9491,0,0,0,1,0
990399,9492,0,0,0,1,0
990515,9493,0,0,0,1,0
990635,9494,0,0,0,1,0
990732,9495,0,0,0,1,0
990870,9496,0,0,0,1,0
991013,9497,0,0,0,1,0
991127,9498,0,0,0,1,0
991254,9499,0,0,0,1,0
991355,9500,0,0,0,1,0
991451,9501,0,0,0,1,0
991590,9502,0,0,0,1,0
991691,9503,0,0,0,1,0
991831,9504,0,0,0,1,0
991931,9505,0,0,0,1,0
992045,9506,0,0,0,1,0
992170,9507,0,0,0,1,0
992269,9508,0,0,0,1,0
992413,9509,0,0,0,1,0
992518,9510,0,0,0,1,0
992625,9511,0,0,0,1,0
992743,9512,0,0,0,1,0
992880,9513,0,0,0,1,0
992977,9514,0,0,0,1,0
993078,9515,0,0,0,1,0
993181,9516,0,0,0,1,0
993296,9517,0,0,0,1,0
993435,9518,0,0,0,1,0
993585,9519,0,0,0,1,0
993730,9520,0,0,0,1,0
993835,9521,0,0,0,1,0
993924,9522,0,0,0,1,0
994037,9523,0,0,0,1,0
994162,9524,0,0,0,1,0
994251,9525,0,0,0,1,0
994380,9526,0,0,0,1,0
994489,9527,0,0,0,1,0
994614,9528,0,0,0,1,0
994722,9529,0,0,0,1,0
994854,9530,0,0,0,1,0
995004,9531,0,0,0,1,0
995015,9532,0,0,1,0,0
995162,9533,0,0,0,1,0
995292,9534,0,0,0,1,0
995413,9535,0,0,0,1,0
995525,9536,0,0,0,1,0
995640,9537,0,0,0,1,0
995768,9538,0,0,1,0,0
995858,9539,0,0,0,1,0
995952,9540,0,0,0,1,0
996077,9541,0,0,0,1,0
996188,9542,0,0,0,1,0
996312,9543,0,0,0,1,0
996452,9544,0,0,0,1,0
996584,9545,0,0,0,1,0
996689,9546,0,0,0,1,0
996815,9547,0,0,0,1,0
996939,9548,0,0,0,1,0
997093,9549,0,0,0,1,0
997188,9550,0,0,0,1,0
997336,9551,0,0,0,1,0
997469,9552,0,0,0,1,0
997614,9553,0,0,0,1,0
997723,9554,0,0,0,1,0
997848,9555,0,0,0,1,0
997995,9556,0,0,0,1,0
998131,9557,0,0,0,1,0
998255,9558,0,0,0,1,0
998357,9559,0,0,0,1,0
998461,9560,0,0,0,1,0
998553,9561,0,0,0,1,0
998666,9562,0,0,0,1,0
998799,9563,0,0,0,1,0
998913,9564,0,0,0,1,0
999016,9565,0,0,0,1,0
999159,9566,0,0,0,1,0
999280,9567,0,0,0,1,0
999407,9568,0,0,0,1,0
999537,9569,0,0,0,1,0
999646,9570,0,0,0,1,0
999761,9571,0,0,0,1,0
999897,9572,0,0,0,1,0
1000027,9573,0,0,0,1,0
1000149,9574,0,0,0,1,0
1000171,9575,0,0,1,0,0
1000261,9576,0,0,0,1,0
1000362,9577,0,0,0,1,0
1000501,9578,0,0,0,1,0
1000640,9579,0,0,0,1,0
1000790,9580,0,0,0,1,0
1000902,9581,0,0,0,1,0
1001037,9582,0,0,0,1,0
1001146,9583,0,0,0,1,0
1001236,9584,0,0,0,1,0
1001373,9585,0,0,0,1,0
