#{"t_start": 1787075859.7740135, "env_id": "None"}
r,l,t
-7.0,4,1.377915
-10.0,1,1.405699
-8.44,4,1.463207
-9.198459,2,1.504998
2.619257,16,1.692878
-8.8,3,1.742628
-9.221121,9,1.866246
6.485902,25,2.14395
-10.0,1,2.172546
-8.31002,19,2.410707
-0.417209,12,2.547803
3.544796,20,2.765135
-5.604667,12,2.924156
-10.0,1,2.952501
-4.176572,11,3.084019
-8.24,5,3.1483
-2.462397,36,3.537106
-1.716654,18,3.755221
-6.0,5,3.816936
-8.266759,4,3.874549
4.549132,29,4.203165
12.282106,49,4.728442
-10.0,1,4.759617
-3.450665,12,4.898902
-4.861269,28,5.206962
-5.43432,25,5.501098
-8.8,3,5.56163
-5.071802,14,5.729891
-4.7012,11,5.855714
-7.082513,4,5.914632
0.811114,16,6.095773
-5.576307,8,6.198766
-10.0,1,6.227141
-7.747898,8,6.321068
-1.505884,17,6.515623
-1.443208,25,6.828097
-10.0,1,6.874197
-6.008961,5,6.941718
9.280249,35,7.324514
-10.0,1,7.354026
0.491705,23,7.609819
4.374078,25,7.923115
-6.079131,6,8.008418
6.080986,23,8.261494
-8.19765,4,8.329942
1.550737,18,8.540256
-8.061661,3,8.592618
-0.640619,12,8.731833
-1.953324,16,8.92391
10.624452,47,9.45426
9.968952,36,9.864876
-6.093704,10,9.997706
-1.377328,25,10.289426
-8.8,3,10.336645
-9.16,8,10.44049
-10.0,1,10.471131
-4.445887,9,10.576505
-8.941154,14,10.731213
4.133104,32,11.073591
-8.448946,7,11.167984
-8.256799,3,11.21428
-2.139136,20,11.417234
1.736608,14,11.564767
-1.214315,18,11.782781
-8.073486,4,11.845215
-0.642409,17,12.036178
-8.114881,3,12.084188
2.82125,24,12.331103
-8.195078,3,12.378122
-5.293383,7,12.465506
-6.288405,5,12.530718
-11.58773,4,12.591158
-3.680331,8,12.682259
11.407088,32,13.009019
-6.789019,7,13.100971
10.478208,29,13.400375
-10.0,1,13.430476
7.173445,47,13.953561
1.424606,20,14.203091
-4.490545,9,14.328712
-3.168056,9,14.442956
-11.0304,2,14.490031
6.886714,22,14.732306
-9.0389,2,14.778877
-10.0,1,14.807899
-3.123881,10,14.929466
-10.0,1,14.959995
-6.692375,6,15.043415
4.243096,25,15.362785
12.762444,30,15.701833
-9.32,2,15.74552
1.925894,31,16.146843
1.79443,16,16.337937
-5.410743,9,16.470666
-10.603832,9,16.598128
-1.172146,13,16.771453
-0.572507,14,16.952391
5.432054,21,17.200122
-4.881286,10,17.337571
-8.749399,3,17.38765
-8.19745,3,17.434274
-8.0776,5,17.506312
-1.684732,12,17.662367
-5.158513,13,17.824363
-8.025005,21,18.122419
-0.617479,24,18.417788
-8.183389,6,18.495191
-7.706208,4,18.552687
-6.849691,6,18.64857
4.196232,22,18.922333
-3.745026,12,19.071139
-6.331883,14,19.266691
-11.074166,17,19.498924
-7.989815,15,19.693725
-9.126684,6,19.79597
-7.842395,5,19.865725
-3.006786,8,19.965565
-2.96123,14,20.145712
-3.02463,11,20.3014
-2.134935,11,20.439404
-3.921094,11,20.586741
-0.275423,14,20.7586
-9.32,2,20.79968
7.041548,24,21.0626
-1.883876,16,21.277194
7.366666,40,21.762086
3.542698,22,22.034001
1.625218,25,22.331768
-2.587342,10,22.464386
-1.109542,10,22.588925
0.733952,18,22.819875
-10.240838,2,22.872434
1.117431,19,23.105569
49.041566,91,24.153877
-7.42753,4,24.217766
9.32898,32,24.58042
-5.651014,10,24.707691
11.490978,36,25.125567
10.957731,38,25.57915
-7.852693,6,25.670502
-3.687536,8,25.813981
-5.331572,7,25.910089
-2.955808,15,26.113006
5.429811,19,26.33888
1.763016,27,27.490394
-8.8,3,27.542629
-7.672849,7,27.648259
-8.8,3,27.702335
-1.191499,17,27.914212
0.753746,17,28.146869
-9.904133,5,28.229381
21.145021,42,28.666183
3.950154,18,28.868895
-9.0,2,28.909281
-5.348926,16,29.105659
-10.264565,3,29.166367
-8.24,5,29.24476
-5.055358,6,29.324747
-9.12182,2,29.368828
-10.0,1,29.401613
-7.286794,5,29.474376
-3.314243,22,29.728281
7.545771,24,30.004233
11.287033,32,30.362225
-5.787281,10,30.490034
-10.0,1,30.524717
14.978206,46,31.057337
-5.24235,11,31.216311
4.297756,27,31.532346
-2.629187,11,31.677538
-10.447555,2,31.721047
-8.367429,4,31.779615
40.918934,86,32.762603
-10.0,1,32.795516
9.330994,27,33.109272
-4.671039,8,33.222599
9.068756,24,33.4949
0.820441,25,33.797572
-9.32,2,33.840384
-7.486927,9,33.94536
-1.197805,12,34.075119
18.322405,40,34.524189
1.340808,17,34.727535
10.316807,30,35.083003
-10.0,1,35.117315
-10.0,1,35.151044
0.023095,21,35.39744
-9.023806,2,35.438244
-9.32,2,35.479417
-2.874604,10,35.603334
2.759143,22,35.86819
12.182084,46,36.374814
-7.265861,14,36.546873
-9.042923,3,36.605815
15.425207,44,37.109538
-3.081439,9,37.223807
-8.8,3,37.278655
2.693825,18,37.479035
2.603707,17,37.686561
-7.245208,5,37.763875
1.233253,18,37.986742
-3.074379,19,38.236116
3.970321,17,38.431271
-10.0,1,38.46282
15.971178,42,38.943793
-10.0,1,38.975402
-0.481965,14,39.138674
49.770948,73,39.958981
-9.32,2,40.001789
-8.8,3,40.054278
12.035659,38,40.477262
5.008293,21,40.725347
27.873604,53,41.287281
7.137845,33,41.690108
-3.352848,13,41.87515
2.490635,15,42.066375
5.55821,27,42.415928
-5.917488,8,42.523371
-8.8,3,42.577091
-8.114105,3,42.631799
44.314717,91,43.642944
5.662263,19,43.849145
0.17577,22,44.144605
-0.332401,17,44.381356
-5.298571,12,44.548263
-1.040444,16,44.746014
52.646406,77,45.611766
-10.0,1,45.643954
-7.495615,6,45.744815
2.92333,16,45.935242
-8.0,5,46.016863
-4.650691,12,46.174118
-8.222037,4,46.246036
-7.68168,12,46.386274
12.919753,40,46.83351
5.440049,27,47.137033
-6.203451,11,47.306999
3.839243,25,47.61239
3.190854,20,47.852042
-10.0,1,47.88463
-6.244739,8,47.991452
-1.37488,12,48.144216
-6.677376,5,48.20816
19.189148,46,48.68981
10.030479,38,49.147596
-4.431468,10,49.277426
8.278235,31,49.63117
9.81769,24,49.896763
-5.445105,15,50.090871
-5.908971,9,50.20992
-1.856234,19,50.438631
-2.504513,16,50.637482
27.435318,66,51.400869
-9.391078,3,51.45887
12.279606,30,51.802711
-7.661583,6,51.900266
20.317558,50,53.31972
-1.475278,19,53.562379
-8.2,6,53.648876
62.751518,87,54.612072
49.336028,83,55.493759
4.162785,31,55.847864
0.676596,12,55.988157
17.151961,55,56.602472
-3.013081,13,56.761573
-2.798842,27,57.097481
-8.8,3,57.15059
-9.132268,2,57.193409
-10.59474,2,57.241291
63.167285,107,58.359104
0.734048,17,58.56322
2.644909,28,58.894521
-1.942242,11,59.025065
-6.0,5,59.093534
3.411391,25,59.403672
5.435396,23,59.695741
-8.960194,4,59.770333
-2.49378,17,59.965979
28.976206,50,60.48913
1.453962,16,60.667501
3.137969,31,61.015774
2.648184,23,61.297186
-8.8,3,61.352247
-3.328164,11,61.491237
-8.48,2,61.5416
30.786249,76,62.36216
15.552091,46,62.850716
-2.97987,13,63.017461
-10.0,1,63.049042
-4.396206,10,63.181269
-6.239456,7,63.274604
14.030148,41,63.745888
18.800392,35,64.116971
-10.0,1,64.149242
19.902584,55,64.75582
41.345615,69,65.510085
5.200339,25,65.797405
31.981532,63,66.49954
17.29565,34,66.873852
2.622958,22,67.146369
-0.609326,15,67.343913
-3.08079,8,67.437514
-7.96,3,67.496244
-6.620319,6,67.571893
18.350275,43,68.046868
24.382736,43,68.513327
-8.44,4,68.572499
8.243526,28,68.890228
1.658294,23,69.155175
4.221437,17,69.332046
-5.701788,9,69.44465
-6.229637,11,69.590394
2.738995,15,69.763743
3.236252,28,70.103069
10.821471,31,70.471418
-3.339552,11,70.619489
2.343169,23,70.868251
-8.8,3,70.919016
5.682254,24,71.195245
2.382701,30,71.560783
23.844532,42,72.00664
-5.627449,14,72.181414
8.300298,24,72.457738
41.430995,84,73.37942
-9.006965,2,73.422621
-2.749925,21,73.680707
23.169907,49,74.210095
21.498053,56,74.825941
-9.543123,11,74.979863
-7.829787,5,75.059895
-9.258892,2,75.104247
3.127609,17,75.298503
-10.0,1,75.330522
5.808515,26,75.624035
-8.24,5,75.695286
-5.143068,6,75.775823
-3.374225,13,75.943407
3.580998,23,76.22552
1.773092,13,76.385951
-8.44,4,76.459325
14.40911,32,77.706198
-5.005549,6,77.791579
40.317372,70,78.559502
14.262037,42,79.035558
-6.054522,7,79.13074
15.387591,38,79.568962
6.146723,19,79.781977
-4.179588,7,79.873342
-7.188488,4,79.933297
13.99046,27,80.212861
-7.040511,10,80.366902
-4.296921,9,80.479509
-7.158266,8,80.589002
0.062242,12,80.734658
11.607352,24,80.984435
1.159037,17,81.189065
4.92792,19,81.415535
66.711963,115,82.686628
-2.75846,12,82.847514
1.323361,22,83.112903
-4.848384,13,83.291152
-5.047007,6,83.376579
3.822901,22,83.662142
6.989764,26,83.975232
-4.53068,10,84.112547
-7.055631,6,84.203773
13.14265,28,84.494144
10.65139,42,84.970866
0.306026,23,85.230823
11.77749,25,85.505711
-9.058219,3,85.562875
68.477924,100,86.602407
-9.32,2,86.644533
17.433789,40,87.089126
11.575606,24,87.342973
-6.589597,7,87.437499
8.740527,28,87.756188
1.11662,20,87.993182
-9.11077,2,88.033019
-5.306798,9,88.147996
7.247634,24,88.399411
-9.32,2,88.43855
53.403539,75,89.261986
-6.861627,5,89.337168
0.704761,21,89.583213
9.276917,29,89.9177
11.354908,29,90.233542
-4.798895,11,90.369316
11.294905,35,90.759127
2.723859,18,90.968332
18.763012,42,91.411633
-4.428589,8,91.5211
7.147781,27,91.803327
-5.105958,14,91.985843
-10.018329,3,92.047123
5.84874,30,92.386412
5.560614,29,92.703411
12.959755,30,93.026831
12.171707,37,93.422367
-7.234305,5,93.488414
37.070917,77,94.238626
16.77058,49,94.736621
2.84645,18,94.924548
-7.8,5,94.993837
19.053734,40,95.384392
70.230041,94,96.264965
25.266495,46,96.708726
-8.255047,7,96.804847
-0.659744,20,97.020682
-3.364477,18,97.22028
29.399095,69,97.881882
3.487305,23,98.129237
-4.501118,8,98.221847
-10.42143,13,98.379718
-9.096497,2,98.416724
-5.730227,6,98.492913
8.33006,27,98.767165
6.21992,27,99.03625
2.420267,16,99.207246
0.234743,27,99.503186
-3.781481,19,99.761693
5.532833,31,100.096338
-7.519412,5,100.901196
56.753853,83,101.7631
31.683751,59,102.325028
0.7792,17,102.506583
53.330606,69,103.214943
-4.39403,10,103.334684
-10.0,1,103.363814
4.615448,26,103.638093
-1.134979,13,103.782836
-0.353747,11,103.89642
-10.0,1,103.924917
-7.37851,4,103.981513
29.677399,51,104.465725
2.552713,19,104.662193
-8.8,3,104.709703
-0.174939,11,104.832779
-8.8,3,104.878718
6.073291,25,105.144689
-7.592549,4,105.200798
4.18444,22,105.42976
-7.465277,8,105.524563
21.547934,41,105.920688
-8.149936,3,105.968848
69.737443,104,106.947854
-5.857861,17,107.12262
-3.141714,17,107.291461
-8.44,4,107.34824
-10.458246,2,107.391682
1.768206,25,107.643672
3.296518,15,107.791934
58.217889,79,108.579809
0.850791,19,108.779848
11.181707,28,109.077956
-10.0,1,109.107919
5.06882,19,109.302636
4.979431,21,109.538195
77.006434,131,110.848124
1.074397,15,111.014585
-1.202586,13,111.160981
24.207793,58,111.794409
-3.148316,20,112.037562
41.362546,67,112.69148
36.154449,72,113.398229
-8.739246,3,113.447096
7.527363,23,113.70062
-0.163193,24,113.985203
14.901566,35,114.327246
-9.32,2,114.365179
14.661073,46,114.8308
-6.573407,6,114.90298
-10.0,1,114.93314
-10.0,1,114.961371
27.889365,53,115.475886
16.890369,46,115.923305
43.304123,61,116.437712
-10.0,1,116.468144
35.313419,55,116.979088
18.478828,42,117.398595
76.140238,94,118.25576
5.811496,23,118.498461
40.408215,74,119.193977
40.765076,68,119.844336
-1.087362,14,120.007782
15.4223,40,120.398505
8.444894,21,120.606121
4.736968,19,120.790294
2.581553,22,121.025884
71.869784,82,122.524564
5.615648,18,122.707885
1.079019,17,122.880923
-3.360342,12,123.020458
-10.0,1,123.051225
3.996781,17,123.221408
-5.73348,6,123.295855
37.0535,67,123.939108
30.546959,51,124.388745
5.064012,25,124.661102
41.424451,76,125.375494
74.765487,84,126.086894
22.970293,57,126.634799
8.987363,21,126.838475
46.906594,79,127.563176
29.813009,57,128.113397
17.3856,29,128.359975
-4.99752,8,128.44881
22.24621,41,128.835013
20.518918,55,129.357455
1.649211,14,129.502581
-5.639523,7,129.588973
-10.0,1,129.617093
22.118114,43,130.036388
28.678109,53,130.571899
16.797835,28,130.809193
8.536084,31,131.135401
-4.09677,10,131.242692
11.030771,29,131.526972
11.907725,27,131.776194
-6.921376,9,131.877068
19.360036,51,132.358032
19.369561,40,132.727232
40.976209,67,133.357111
-3.155894,8,133.44706
28.012955,59,134.057017
-4.772048,8,134.159077
78.905569,90,135.006091
-8.624652,4,135.068083
-7.431812,9,135.169289
1.274432,20,135.376312
74.451572,86,136.140904
4.654079,20,136.338374
-10.0,1,136.366041
35.554305,79,137.119277
61.351158,83,137.908346
-7.67035,4,137.964014
-8.355987,3,138.010004
12.176448,35,138.345827
-9.32,2,138.383224
18.187024,42,138.778713
-9.01372,2,138.817695
74.626658,89,139.656845
72.027478,82,140.41442
-10.0,1,140.442307
61.728252,89,141.314942
7.838793,21,141.523923
17.809953,34,141.865026
17.409729,48,143.114725
-0.598752,13,143.258132
36.19254,68,144.061831
-7.536899,5,144.139236
75.290449,109,145.381127
29.254784,50,145.923183
-2.021489,23,146.214501
21.695414,45,146.692545
-8.92,5,146.773488
-4.499674,11,146.912585
-5.733175,8,147.01176
-2.423166,9,147.120627
76.192143,107,148.229772
61.981221,84,149.113389
47.65466,74,149.910864
-5.892536,7,149.998133
19.612266,41,150.415554
-9.039523,2,150.451065
47.897307,92,151.341475
-8.597979,4,151.403339
5.737787,18,151.576869
1.043718,15,151.732335
12.443085,41,152.139935
16.174715,43,152.539823
3.448346,18,152.728734
-6.0,5,152.79091
79.374536,108,153.788715
4.497766,22,154.013154
15.953269,45,154.459615
-1.345493,12,154.588657
11.435401,34,154.942681
-7.358674,6,155.016551
-10.0,1,155.047306
46.897026,91,155.887095
-2.528825,9,155.98635
24.716126,53,156.503988
1.238789,17,156.684244
-8.8,3,156.731021
-8.41065,4,156.786673
-5.876229,8,156.876843
39.833063,83,157.640889
17.435433,36,157.989411
-5.919308,8,158.090552
25.606115,60,158.726439
0.427166,14,158.873883
-9.0,2,158.911641
28.482818,56,159.42931
-5.722349,7,159.512228
-2.299723,17,159.712458
-3.761365,11,159.830383
7.162528,32,160.17985
-7.4,5,160.260046
-10.0,1,160.287251
0.138462,18,160.485848
1.734088,20,160.702917
-8.8,3,160.747513
80.056604,135,162.012364
73.698134,115,163.090142
12.717966,34,163.423608
5.407965,18,163.611213
-9.32,2,163.648773
-7.877238,5,163.713348
82.660084,85,165.157761
0.231631,17,165.381714
-10.0,1,165.41084
13.444113,35,165.75365
32.256447,52,166.260558
-5.586847,8,166.351353
0.243457,20,166.55117
74.885278,85,167.327999
-2.589194,9,167.426638
-8.086798,8,167.530267
82.917062,129,168.70526
-10.0,1,168.733332
11.189432,32,169.036769
-2.979626,10,169.146783
-2.436363,9,169.244626
14.785343,28,169.489223
-6.543199,6,169.562936
79.324792,107,170.576236
74.358944,126,171.733678
33.279206,73,172.481434
0.304731,20,172.721547
17.349252,41,173.168476
31.231854,65,173.834738
-3.460081,8,173.936119
45.254015,79,174.683979
3.171488,20,174.907501
14.551529,33,175.251159
70.393367,112,176.309603
-10.0,1,176.338827
1.356972,19,176.541147
-1.139458,10,176.650778
-4.157001,16,176.832052
-7.6,4,176.892515
4.5111,28,177.173133
15.153233,32,177.47926
45.131356,66,178.149761
88.704867,128,179.39121
10.347106,35,179.781351
-4.52504,7,179.874349
73.270478,100,180.855702
-10.0,1,180.886868
6.326794,20,181.091661
-7.96,3,181.146595
27.316874,50,181.633887
75.285214,103,182.593918
-6.354003,7,182.688156
2.929458,17,182.859876
-8.8,3,182.90627
-6.268793,9,183.017329
14.172235,35,183.35382
17.968498,37,183.71505
79.313518,97,184.592119
14.521279,31,184.887937
-8.461595,3,185.6262
-4.754813,7,185.731479
78.548493,93,186.61475
75.840109,88,187.424228
51.065167,97,188.317342
5.283476,23,188.559057
78.968737,109,189.559453
73.840036,101,190.537525
82.552079,93,191.391125
49.335396,65,191.968515
31.795431,58,192.515951
37.015671,62,193.081159
-3.060127,13,193.219728
1.78193,24,193.46457
4.529965,22,193.690178
75.870202,101,194.614859
-2.209862,9,194.709517
-2.257648,13,194.850244
80.096661,87,195.643515
90.035434,90,196.389375
12.004379,29,196.67254
26.931396,47,197.115719
51.843923,92,197.944396
37.356246,66,198.564018
10.356739,36,198.908934
-8.8,3,198.955085
-9.32,2,198.990888
-8.44,4,199.049524
-10.0,1,199.077922
-10.0,1,199.107318
33.093145,60,199.668547
5.252196,18,199.84762
-7.914175,9,199.96068
80.183015,109,201.002025
-3.408257,9,201.100509
84.341001,99,202.052634
61.684775,99,203.018816
76.051763,109,204.102288
-3.21821,11,204.227127
10.453185,27,204.489155
48.988004,75,205.956623
19.632823,39,206.333437
4.425615,24,206.564888
-7.167626,10,206.675162
89.162218,94,207.461535
3.70051,18,207.649533
71.029018,99,208.70445
6.416256,25,208.951242
83.29448,97,209.856916
-2.094228,10,209.963284
-8.069456,4,210.018388
-9.13811,2,210.055685
-4.442466,8,210.146976
-10.0,1,210.175613
1.043231,13,210.306428
79.411882,100,211.23077
43.04805,64,211.816904
7.859334,22,212.070119
-0.062642,12,212.222422
78.716071,100,213.195651
-5.440669,9,213.308501
81.72267,103,214.351557
78.544609,120,215.49535
88.869982,122,216.578302
-3.595703,10,216.694924
82.417586,113,217.72874
22.539827,36,218.053765
12.752372,41,218.465276
-10.0,1,218.494609
82.560413,104,219.447514
-4.784336,8,219.545428
77.559124,119,220.651998
20.615183,55,221.21353
-5.03206,6,221.28519
-6.677951,10,221.429603
-2.509923,11,221.557549
90.117576,89,222.322873
-2.612,10,222.433767
79.142499,118,223.51148
68.492603,80,224.17284
85.967226,100,225.081129
43.99729,80,226.585338
14.362031,27,226.849892
60.34462,83,227.614584
-0.604029,13,227.752988
-8.36,8,227.844886
82.959214,105,228.809774
-7.704103,6,228.893687
13.920249,39,229.273747
86.267222,114,230.302723
-8.2,6,230.376934
-8.8,3,230.424934
31.058495,49,230.877471
10.299887,28,231.146689
-3.361207,11,231.270195
75.239505,90,232.155517
-9.014978,2,232.195895
89.023991,126,233.439711
79.916311,118,234.570299
-8.05332,3,234.616349
32.247804,61,235.189559
16.242241,28,235.436537
79.213894,110,236.433398
13.434048,31,236.722032
85.741801,124,237.833751
86.013444,104,238.764333
83.460475,106,239.73484
-10.0,1,239.763352
-10.0,1,239.791129
46.973345,99,240.693407
86.25556,121,241.765062
79.478234,116,242.816684
35.816515,59,243.372302
42.268333,75,244.077247
73.545999,111,245.103348
9.529947,35,246.225834
-10.0,1,246.261623
86.486479,98,247.21771
86.910766,103,248.2983
-1.229601,10,248.399489
-8.178622,5,248.466083
-4.167725,9,248.572131
-10.0,1,248.600038
88.716953,134,249.806753
39.405997,76,250.514773
14.88072,33,250.834581
66.611658,106,251.801883
-8.899174,4,251.862632
89.350328,91,252.604048
79.198102,120,253.698553
85.525379,102,254.636512
82.732437,135,255.876418
3.127962,22,256.119663
-8.44,4,256.175452
-10.0,1,256.205199
79.168646,99,257.120357
83.173332,135,258.347076
7.401614,22,258.562827
80.033589,110,259.580556
20.469357,38,259.958768
19.756697,32,260.258391
7.52439,28,260.567572
86.16851,132,261.771152
82.655778,113,262.924793
-4.764611,7,263.018175
-10.0,1,263.050989
-10.0,1,263.083358
-5.798257,10,263.204395
86.800222,120,264.381499
82.129553,103,265.349354
-6.119917,7,265.437335
7.86236,21,266.345559
86.041114,124,267.483264
89.402146,101,268.416855
88.993262,130,269.58379
82.708318,93,270.430034
-9.323849,3,270.480517
-7.412156,8,270.577913
2.515052,14,270.72359
7.166671,22,270.946901
86.142486,104,271.919271
-8.962806,4,271.979879
10.512116,29,272.271868
15.501934,30,272.560559
19.224433,43,272.964796
23.596596,41,273.354427
45.086533,84,274.126976
51.778004,83,274.880611
5.408857,17,275.0455
-9.089975,2,275.084397
85.835844,93,275.947842
82.319201,106,276.916979
39.350118,65,277.513912
82.617676,112,278.533811
-8.212252,5,278.597573
-8.8,3,278.646038
3.762437,16,278.805544
86.48824,105,279.772032
83.086189,121,280.999813
89.043145,95,281.944577
-5.928232,8,282.050344
-9.32,2,282.093679
77.568484,130,283.331558
-6.436292,9,283.432809
89.56633,104,284.367575
64.875535,82,285.166123
12.224978,24,285.390272
-8.530128,3,285.43936
88.810605,147,287.504922
75.002015,93,288.377589
89.270979,97,289.244671
-9.661877,4,289.305754
82.159075,90,290.120452
-2.844466,13,290.258498
83.482286,118,291.325577
-2.740378,11,291.443515
20.146135,38,291.821486
60.797105,85,292.660043
57.368406,89,293.539873
16.162496,36,293.911921
11.225175,37,294.284531
82.927928,96,295.14831
78.183296,85,295.933322
17.778398,33,296.245361
-9.252397,2,296.281945
88.903878,109,297.202533
86.048171,120,298.277654
52.005534,72,298.929537
89.138899,89,299.674663
-7.158131,6,299.746492
1.667994,16,299.908619
41.149408,60,300.452729
86.202281,115,301.493498
75.257601,138,302.713567
5.298439,17,302.883816
82.901466,121,303.969462
82.056547,109,304.955925
82.102278,93,306.506081
32.535731,67,307.126535
-6.161919,9,307.22485
89.53771,102,308.110136
80.125403,101,309.02359
89.21846,135,310.227289
-4.243163,13,310.367841
88.703235,142,311.653149
-6.715393,9,311.765515
85.480539,107,312.732148
54.989942,89,313.537912
3.230472,17,313.714899
86.222997,107,314.772601
10.505083,25,315.032002
85.533657,119,316.206147
-2.90873,13,316.358417
86.144379,94,317.260015
32.653241,58,317.789947
7.605368,38,318.155504
89.391511,119,319.240401
85.665743,100,320.141446
86.187006,98,320.988759
86.937482,100,321.922044
49.748128,70,322.560153
82.40398,97,323.461801
81.636253,92,324.357966
85.790899,98,325.959419
31.032194,47,326.399808
-2.323954,11,326.516405
29.004289,64,327.110639
88.634874,134,328.294744
14.92496,29,328.572313
86.33532,115,329.612206
86.586028,108,330.554407
70.567187,124,331.659474
85.875397,120,332.736054
86.206209,90,333.57372
90.03049,93,334.566754
82.911409,100,335.789815
-6.281102,7,335.877069
-9.32,2,335.924239
79.732725,122,337.096458
3.346688,22,337.328347
81.481834,134,338.653102
79.266024,105,339.659292
-2.955293,9,339.759159
82.876191,129,340.965222
75.544682,85,341.768048
89.790165,97,342.593671
55.72502,89,343.390022
17.597749,34,343.718176
85.231361,134,344.910584
69.703694,111,346.692206
82.960623,136,347.931793
89.616143,113,349.064141
86.681742,103,350.085543
83.226414,112,351.317243
86.110516,110,352.502223
86.438002,126,354.013428
-8.44,4,354.08018
88.660485,143,355.534782
88.749171,133,356.78139
85.494104,132,358.104672
58.450681,83,358.892974
57.867514,90,359.739612
53.066099,98,360.65723
71.451171,82,361.443029
88.713861,142,362.779245
81.977028,125,363.968029
81.973362,121,365.090453
31.168802,59,365.648357
-7.587366,6,365.736521
-5.589495,6,365.812807
88.99915,131,367.796357
-4.619019,7,367.87925
79.301434,88,368.792943
-8.536017,3,368.843902
-9.142648,2,368.883531
85.711148,97,369.839859
-9.16,1,369.878638
79.944551,102,370.922692
83.193519,98,371.851288
83.188349,111,372.906529
89.253381,100,373.838095
-8.8,3,373.886471
47.873402,75,374.596513
82.433186,117,375.756865
-9.274357,2,375.798233
86.244108,131,377.019511
79.956531,107,378.037693
54.625963,103,379.029711
83.535175,135,380.312225
13.002192,33,380.645725
87.141171,97,381.589787
83.523884,113,382.800586
86.118914,95,383.82755
51.72752,90,384.733791
-0.467172,12,384.880219
87.041827,107,385.914938
-7.136315,6,385.990696
86.124977,123,387.867965
7.298016,23,388.112396
34.869405,50,388.590469
86.252403,126,389.767375
42.77145,67,390.413891
85.265454,120,391.587445
11.379491,28,391.873811
76.333257,116,392.975234
79.950034,96,393.894215
88.747701,127,395.076287
83.053204,95,395.982165
89.303258,130,397.200983
88.898162,144,398.68068
-9.32,2,398.726221
39.718434,54,399.290242
83.364121,113,400.36895
86.375309,126,401.55682
-3.151912,13,401.701271
80.184881,110,402.780975
84.924686,132,404.172684
82.452698,104,405.202092
84.684161,139,406.572541
89.239853,128,408.494363
39.492985,81,409.260606
88.762136,118,410.33815
15.055857,29,410.62956
85.86331,109,411.680974
11.550867,24,411.941746
-7.4,5,412.02029
88.825532,139,413.438617
86.038283,98,414.353952
83.302103,116,415.552817
5.372439,21,415.777589
79.697248,106,416.77751
84.041145,101,417.841531
4.425579,18,418.037558
86.016143,113,419.214748
73.514998,111,420.25737
-9.32,2,420.295817
49.025613,66,420.873138
-6.084133,6,420.947272
89.537786,104,421.919875
-3.261018,8,422.020728
86.040695,130,423.267397
-8.186071,6,423.34463
89.111566,94,424.224832
-8.8,3,424.275971
89.737474,97,425.194054
54.766049,78,425.944233
86.298359,322,429.123366
-7.214356,5,429.194688
85.818677,153,430.68579
86.480686,132,431.937533
81.980304,85,432.719717
87.346194,112,433.740352
27.582379,50,434.210804
77.446509,92,435.072176
34.31222,76,435.782091
82.40345,116,436.870158
29.813738,55,437.373942
86.368764,118,438.449535
85.640693,140,439.718584
-8.8,3,439.76486
89.477249,105,440.768424
-5.584917,7,440.855925
89.297782,112,441.946874
24.091765,43,442.421853
86.70148,115,443.593285
-8.8,3,443.642197
88.366021,209,445.421978
86.088297,96,446.291273
-10.0,1,446.320959
81.241392,136,447.585616
87.35701,108,449.439242
-9.453851,4,449.500299
85.675026,108,450.499288
67.719294,106,451.549081
-9.066297,2,451.585776
85.962669,106,452.622608
88.646575,149,454.029339
86.423743,117,455.101222
82.604745,110,456.116826
81.756308,89,456.936843
89.226127,114,457.977155
-0.446615,13,458.115913
85.485211,111,459.253846
89.126767,120,460.444528
85.954175,102,461.443356
85.718565,118,462.627821
-2.755509,10,462.734945
-8.8,3,462.790025
89.800673,102,463.755435
86.271804,107,464.740468
88.912084,119,465.83216
41.248899,74,466.510322
82.706224,115,467.554128
82.488104,100,469.140279
81.688718,126,470.283191
89.500101,92,471.133668
-7.619524,6,471.21103
86.245366,112,472.32284
51.571338,75,473.13142
86.610365,135,474.449141
89.295299,139,475.720285
85.834612,132,476.918219
67.007068,123,478.032634
82.764269,93,478.831461
87.050858,106,479.840111
83.952673,112,480.974729
89.444185,117,482.036999
83.960929,116,483.106474
89.143969,137,484.331578
89.020002,104,485.329732
88.156816,116,486.61066
27.114977,54,487.178647
85.658278,113,489.042452
79.676405,106,490.125151
31.883555,47,490.611048
88.967762,133,491.96275
82.314079,124,493.245265
88.779179,135,494.557061
86.756051,121,495.815325
5.173757,17,496.00379
89.36124,117,497.218011
89.212216,118,498.397364
85.570847,123,499.565418
23.130577,45,499.98663
9.989361,26,500.260127
89.542743,89,501.052013
88.997645,144,502.441397
89.281274,119,503.639522
82.828968,93,504.52211
82.369213,99,505.445781
87.389073,112,506.476597
89.022094,103,507.353101
-4.591918,10,507.476034
85.495498,89,508.241204
83.603519,102,509.888053
-8.114751,3,509.936075
89.747025,90,510.685957
67.067545,120,511.779413
-2.218418,12,511.910357
85.96955,139,513.26054
86.219978,119,514.467823
85.378429,131,515.669484
89.271156,131,516.9016
86.597395,98,517.917539
86.080666,125,519.137595
-8.8,3,519.193862
89.508536,102,520.144117
86.179844,124,521.321956
1.503303,17,521.494151
84.834026,126,522.653397
82.655727,109,523.658243
89.036412,120,524.735259
85.424697,125,525.908524
-3.535359,11,526.0265
86.180883,98,526.928938
88.580844,147,528.367893
89.442136,94,530.023047
85.15184,123,531.274426
89.220988,122,532.501514
36.189675,57,533.107419
-5.268467,6,533.187384
89.297651,129,534.419895
83.223352,103,535.362437
83.734534,143,536.661406
87.317316,100,537.591504
-9.32,2,537.628932
81.959424,98,538.534376
89.478291,94,539.32266
82.841874,106,540.291054
88.785266,122,541.386463
-2.236229,18,541.571453
89.068986,108,542.554716
-9.32,2,542.591816
88.733158,127,543.732515
88.680417,129,544.888165
89.203032,116,545.931265
88.931502,143,547.28986
88.942546,132,548.589637
85.701803,102,550.357492
86.000895,104,551.367278
85.254348,134,552.596133
89.034389,121,553.702095
86.772678,100,554.606134
89.025963,134,555.857591
65.901795,98,556.746827
89.000313,112,557.783236
86.147073,92,558.628625
86.139089,102,559.56117
82.744248,105,560.55023
88.950085,137,561.829324
88.793626,144,563.306802
82.780085,106,564.422253
13.596844,33,564.752313
85.71003,102,565.836728
85.746673,107,566.917286
89.136834,118,567.989589
37.880493,63,568.562736
88.682765,135,570.499439
86.380403,95,571.384556
88.922876,112,572.401997
88.681535,124,573.519454
88.745588,138,574.759851
89.129543,130,575.988161
85.800996,101,577.033655
-7.96,3,577.091818
88.67978,131,578.255074
88.966518,145,579.574827
85.869907,104,580.524644
88.892526,130,581.716562
-8.216517,3,581.769257
83.181128,107,582.897943
86.200897,98,583.809518
23.422928,43,584.22124
89.358799,122,585.351146
88.95951,135,586.606144
80.049883,107,587.592699
14.140744,31,587.885343
88.69655,154,589.988273
86.196981,141,591.29016
-9.165689,3,591.341981
82.354174,109,592.41223
86.180569,96,593.38383
89.301856,137,594.812535
86.502255,136,596.040359
85.303043,101,596.9785
89.348821,111,597.962917
-9.16,1,597.999258
88.831999,126,599.242125
88.867108,146,600.706652
-7.979096,4,600.772803
75.61954,87,601.706878
89.565725,108,602.683603
82.77776,96,603.541839
87.177252,112,604.547617
88.75326,112,605.557723
89.084371,121,606.716159
85.527529,116,607.884936
87.783993,118,609.092003
-6.077459,7,609.180551
11.41937,28,609.475932
88.966842,120,611.456648
88.999043,102,612.46558
56.002966,101,613.565638
88.916125,137,614.926742
88.882542,137,616.283325
19.289187,36,616.648534
88.891225,113,617.680239
86.558672,103,618.62295
86.363939,91,619.382776
89.319808,123,620.523557
89.127885,123,621.654449
89.076394,124,622.881508
89.358434,114,624.012448
88.618067,144,625.316359
82.586735,88,626.106637
89.623262,90,626.865548
86.257066,146,628.167839
88.924215,118,629.232821
88.889691,137,631.207747
86.766587,112,632.22797
89.027099,134,633.513693
83.148968,105,634.551998
89.709978,101,635.549883
89.278457,104,636.505722
89.121751,130,637.679671
89.029353,107,638.653635
89.142784,101,639.562522
85.748605,96,640.445109
88.949721,141,641.738871
24.92135,46,642.167541
89.454423,105,643.120144
85.769653,136,644.350958
85.505374,131,645.562048
28.149004,45,646.024621
88.972753,139,647.285858
8.288974,24,647.516903
89.144602,103,648.475346
89.249728,106,650.14115
88.969113,119,651.25567
88.665266,126,652.456143
-5.218089,7,652.542712
88.949749,128,653.805446
45.15935,71,654.473741
80.154062,105,655.467555
89.243501,107,656.434338
88.746713,131,657.605373
89.121771,109,658.606065
89.354708,111,659.6175
89.088365,94,660.487462
85.15591,133,661.744502
89.183908,145,663.039202
88.929515,125,664.177862
87.120778,107,665.151032
-2.88769,11,665.267698
89.476041,117,666.323675
83.125148,103,667.356457
-0.827681,15,667.521141
-7.954075,5,667.587044
88.82853,119,668.736777
88.842843,140,670.893916
86.287477,103,671.847505
85.952546,113,672.875152
-9.32,2,672.914273
86.251578,116,673.947552
89.017886,134,675.179894
88.676214,150,676.573643
89.092598,134,677.837538
89.330711,130,679.032828
82.117778,85,679.82445
88.911101,145,681.200241
89.288458,92,682.086027
82.644616,88,682.975669
-1.076097,13,683.136484
50.301092,90,684.097654
88.749604,129,685.346498
88.790634,118,686.447347
89.308806,114,687.492996
-7.591168,5,687.556238
82.284112,126,688.725296
-8.8,3,688.771904
89.367743,111,690.529075
89.132569,104,691.535685
89.144891,128,692.816699
35.580826,54,693.32534
85.736189,111,694.46811
88.585266,144,695.872824
31.880717,46,696.376547
-10.0,1,696.41083
86.339662,100,697.413802
83.035827,125,698.757903
82.230247,103,699.812693
89.070147,97,700.794682
86.109508,106,701.951575
89.561071,91,702.976341
55.036406,87,703.893756
-8.074407,5,703.961077
89.669457,91,704.854272
89.096913,94,705.818842
-7.802444,5,705.885168
-8.8,3,705.93128
13.76902,28,706.200846
89.444874,120,707.301532
-0.369869,11,707.415864
29.318195,51,707.887341
89.274271,97,708.771283
86.007333,103,709.711635
89.28345,106,711.382053
88.941298,130,712.677211
89.083505,125,713.919384
89.745862,104,714.886454
89.212163,112,715.918701
89.685066,104,716.871053
-0.215931,20,717.072602
5.648363,18,717.251837
89.037783,127,718.389647
29.211242,41,718.770156
85.583344,103,719.708483
89.12985,113,720.728344
86.335212,113,721.743078
89.762558,93,722.594107
15.960973,36,722.935399
89.942392,93,723.697967
20.104775,34,724.016639
30.077254,46,724.502087
52.947419,74,725.271445
82.733008,99,726.217142
85.996367,105,727.189483
88.775475,122,728.297819
88.869024,122,729.383682
85.766174,110,731.080462
81.354257,114,732.178052
88.928195,120,733.280083
88.858723,149,734.77913
89.071508,109,735.929227
85.553405,108,736.98978
-9.32,2,737.031919
89.459509,117,738.153623
-8.8,3,738.199893
88.810035,148,739.555012
85.768916,90,740.408389
88.647293,144,741.764848
88.950862,129,743.092926
86.264371,128,744.381948
85.947482,126,745.586346
89.057834,100,746.508812
89.037127,116,747.562602
31.220732,44,747.977196
86.410952,97,748.865487
88.635,134,750.07287
88.89987,129,751.995595
89.018324,130,753.165183
89.899824,98,754.089155
83.476932,111,755.090626
89.317381,113,756.111018
88.825553,143,757.467434
86.182364,133,758.804489
89.027451,118,759.925189
89.33137,121,761.147315
88.903463,128,762.328615
86.322803,108,763.378208
89.117863,120,764.476971
89.281607,108,765.468239
89.377595,101,766.446699
88.91448,116,767.50162
89.063335,130,768.672532
89.19741,102,769.623727
86.14685,110,771.459352
44.020563,61,772.096254
86.459577,143,773.476641
86.470945,125,774.679811
89.218816,106,775.639642
89.16844,147,776.979522
88.755283,123,778.091428
89.319061,112,779.107619
88.894611,118,780.184013
89.939914,92,781.008437
89.305359,116,782.056666
86.576502,111,783.052372
89.206782,119,784.118389
88.72685,126,785.240598
89.167158,115,786.437845
85.953468,107,787.503073
86.215914,120,788.656157
88.795838,123,789.86827
89.242588,123,791.891261
82.538321,95,792.889336
85.971072,118,794.072196
89.273091,123,795.287505
88.658727,137,796.679374
-8.44,4,796.738209
84.849017,128,798.001664
87.162174,129,799.285696
89.808175,101,800.300114
12.935426,34,800.650074
82.75714,94,801.625512
31.125898,52,802.168356
89.736697,91,803.038717
89.015985,112,804.27689
88.826914,134,805.730055
85.591344,99,806.748152
85.650715,138,808.029914
88.99576,112,809.155107
85.602379,126,810.375836
88.91824,113,811.523786
89.004457,96,813.080831
89.251525,102,814.018099
88.763743,133,815.246927
89.207532,134,816.589972
82.485447,136,817.936502
88.759205,131,819.130032
83.008058,129,820.313087
88.987203,119,821.411189
89.257592,137,822.663441
89.127274,113,823.730308
89.114717,129,825.0092
13.086091,27,825.295709
7.541647,19,825.470466
88.748419,132,826.710077
88.854005,143,827.979084
89.624286,112,828.984109
89.06334,141,830.25037
86.02888,121,831.379087
88.931499,123,833.315584
-4.152432,8,833.416077
89.339033,102,834.416461
89.249741,93,835.275547
88.806592,132,836.462878
89.211148,129,837.70057
89.653346,103,838.709784
85.775057,99,839.711471
89.677022,112,840.746209
89.124268,133,841.939581
89.141251,112,842.950976
87.415643,101,843.875325
89.051405,141,845.136138
58.563456,91,845.949258
88.913334,118,847.128596
89.472226,121,848.371031
89.050189,118,849.591877
83.039186,95,850.598312
82.31715,100,851.597801
7.14565,19,851.796356
88.922818,138,853.918067
17.584108,35,854.285386
-8.608272,4,854.350651
88.708692,136,855.697487
-8.305234,3,855.748339
82.690483,139,857.033967
88.848784,137,858.298939
88.928409,137,859.570193
89.230881,126,860.826005
89.231747,130,862.083246
85.498669,104,863.176278
89.203734,100,864.170418
89.144166,125,865.326112
-7.6,4,865.395284
-5.565078,7,865.478751
77.994395,82,866.228986
86.221259,135,867.480461
85.57388,88,868.252949
89.026068,115,869.30251
89.42762,104,870.25177
-10.0,1,870.280548
89.593558,102,871.209792
86.986718,108,872.294856
22.468585,38,872.693489
86.471455,112,874.528576
84.948721,127,875.686967
89.01704,101,876.62493
87.013998,111,877.665722
89.153688,112,878.687904
88.889354,121,879.791338
89.096107,123,880.932695
88.663004,130,882.125592
89.209901,115,883.172414
88.696067,142,884.443349
85.858986,105,885.399237
89.578711,109,886.517263
89.408159,93,887.329268
4.120889,21,887.533539
85.839206,118,888.729436
89.162214,99,889.641538
27.657423,49,890.100963
88.926458,115,891.181553
86.089257,107,892.238589
84.29996,126,894.215161
89.408969,101,895.12823
86.183415,127,896.272678
88.965944,122,897.388315
5.667902,21,897.605081
89.406203,107,898.58228
89.230121,121,899.695618
89.236156,119,900.788115
89.211255,116,901.847531
-4.417381,8,901.938882
89.135506,100,902.855274
85.932827,107,903.832362
89.170758,124,904.930462
-9.12,4,904.993222
89.000463,144,906.408368
86.320464,103,907.443196
88.756324,119,908.582592
88.959512,128,909.852764
0.146858,17,910.039852
89.565853,107,911.095087
88.824502,127,912.322464
85.824146,117,914.250085
86.463371,106,915.287984
85.561009,101,916.276552
-7.114786,6,916.350053
88.61678,129,917.529029
89.090554,121,918.63153
82.799934,119,919.927436
89.488878,109,921.120342
89.148913,139,922.49065
88.772742,127,923.76481
-10.0,1,923.796619
85.741603,108,924.821057
88.682491,140,926.090227
86.558503,122,927.207409
89.103699,130,928.45578
57.406108,89,929.279854
86.351564,114,930.325547
89.632615,98,931.226973
1.359227,18,931.417487
89.358714,98,932.331554
88.604887,147,934.405699
2.111136,14,934.550902
85.700686,95,935.425864
86.017241,109,936.43385
89.357324,101,937.359483
88.936068,118,938.525298
85.901088,125,939.779071
88.959588,100,940.704267
88.788897,139,942.002302
80.313352,102,942.944988
85.798317,88,943.726433
85.80496,99,944.735283
86.90547,121,945.925803
89.039801,110,946.984247
85.962236,101,947.91136
-7.96,3,947.96732
-9.32,2,948.005906
88.865413,113,949.038899
89.435121,109,950.029683
85.768659,130,951.230706
88.730657,134,952.531994
86.898451,109,954.486895
89.079143,129,955.741764
89.221114,90,956.487745
88.96789,134,957.713637
-8.2,6,957.787244
86.057918,111,958.795291
86.087615,116,959.835698
86.256991,130,961.010728
86.566818,115,962.057724
89.518846,112,963.138111
88.908103,109,964.261136
89.034883,101,965.172313
89.892253,89,965.913778
88.990063,123,967.036765
88.664404,143,968.297555
88.845043,139,969.547306
88.972413,101,970.559271
82.31152,107,971.616447
86.409029,134,972.833949
89.032063,108,974.547421
88.904289,138,975.78659
88.989253,137,977.059157
10.14701,22,977.271971
88.791833,136,978.515339
-9.32,2,978.553072
85.596886,128,979.711554
89.220457,140,981.035789
86.074811,94,981.914521
-7.36,6,982.0068
89.3942,108,983.08349
85.69169,97,984.018954
88.8637,112,985.034404
88.966525,141,986.296397
89.394003,96,987.246163
89.142487,117,988.399101
89.420714,125,989.601018
85.585226,142,990.89343
88.95885,141,992.158003
17.263159,34,992.47784
86.320378,102,994.117451
88.564583,145,995.430229
85.770738,105,996.409226
89.299328,135,997.706717
-8.082478,6,997.783906
89.711111,91,998.597587
89.303708,121,999.791559
89.163762,113,1000.9018
-8.44,4,1000.9634
89.228246,90,1001.758416
82.558863,112,1002.858093
88.911495,127,1004.103996
85.42534,121,1005.282755
85.749922,113,1006.438375
85.969336,133,1007.750097
89.261435,129,1009.035509
88.590346,147,1010.486336
85.594913,104,1011.544345
-10.0,1,1011.575509
89.107263,130,1012.901933
89.250757,120,1014.882082
89.776025,89,1015.720123
89.282226,93,1016.609923
85.60474,124,1017.740977
88.728232,123,1018.853206
79.323336,113,1019.89534
89.327123,123,1021.040555
86.369121,104,1022.083648
88.889921,124,1023.320921
89.335951,89,1024.088185
85.835883,112,1025.110239
89.19223,137,1026.352525
87.655973,134,1027.575323
48.148119,86,1028.353761
86.150399,133,1029.735028
88.660494,145,1031.12828
88.621989,133,1032.347298
89.254178,123,1033.45898
89.32032,133,1035.535031
88.951875,103,1036.621357
-7.320213,6,1036.701638
89.017954,138,1037.9623
24.70277,44,1038.384057
89.556955,113,1039.420862
89.422711,104,1040.488751
89.130442,120,1041.649253
88.905021,143,1043.046855
89.147949,138,1044.380415
89.848012,95,1045.253841
88.723213,138,1046.517196
-4.556113,7,1046.60401
89.113877,108,1047.598884
86.058194,102,1048.53957
85.806988,111,1049.544257
86.088648,98,1050.458228
87.104168,125,1051.637767
8.622403,23,1051.864353
89.123,99,1052.811004
86.408992,112,1053.855834
89.501148,104,1055.600933
89.088804,139,1056.950126
82.638227,110,1058.031036
89.109029,100,1058.933307
89.437007,118,1060.00164
-8.023924,4,1060.056776
89.091083,119,1061.124925
89.371244,109,1062.126966
85.483295,95,1063.038664
43.606477,70,1063.684416
-10.0,1,1063.714183
63.769238,110,1064.696217
89.614054,105,1065.647555
85.485145,112,1066.654687
82.467304,100,1067.571312
89.29915,107,1068.578881
12.148308,31,1068.873746
-9.32,2,1068.912637
89.109682,157,1070.324936
89.504954,97,1071.195303
82.416438,91,1072.075929
88.686715,142,1073.471873
88.755068,133,1075.462109
89.814789,105,1076.406268
89.102041,137,1077.65109
15.069351,39,1078.014762
89.319259,121,1079.102094
89.1764,137,1080.325423
50.074259,72,1080.976125
89.247875,103,1081.91226
89.286497,107,1082.913408
89.684309,101,1083.892224
88.889767,114,1084.996827
85.982684,93,1085.926278
89.110437,111,1087.122107
85.47019,128,1088.39577
85.42631,135,1089.779946
88.691272,139,1091.230724
88.915507,118,1092.473164
89.394791,126,1093.687272
88.69968,138,1095.805667
89.305179,129,1097.008713
43.680714,65,1097.602714
85.868354,120,1098.690473
85.935841,107,1099.671843
90.123596,89,1100.467006
89.426637,96,1101.362013
89.533386,99,1102.367569
73.352215,121,1103.569961
89.109493,106,1104.567829
89.378025,128,1105.709142
88.96115,144,1107.014876
89.223481,121,1108.109294
89.293718,113,1109.155343
85.708597,132,1110.358888
89.155909,140,1111.619629
-0.394771,11,1111.735356
88.663415,130,1112.897863
89.292654,126,1114.092669
-4.548495,13,1115.011955
85.691268,124,1116.159082
89.550354,103,1117.107044
86.210855,105,1118.063253
86.028273,108,1119.05893
88.968117,144,1120.359686
89.731298,90,1121.19053
89.171703,104,1122.161429
88.911842,139,1123.567653
-8.8,3,1123.619156
88.872723,123,1124.860259
89.242074,117,1126.030079
89.458235,110,1127.100967
88.718283,130,1128.308464
77.65152,102,1129.254229
88.731401,143,1130.531805
86.828734,118,1131.633332
89.113164,116,1132.788665
89.812565,102,1133.824617
88.703021,135,1135.792829
86.134278,116,1136.884644
88.725392,156,1138.251062
88.846598,116,1139.293951
88.684941,139,1140.555232
87.012791,98,1141.473084
88.975781,122,1142.623655
89.993669,89,1143.378856
64.933781,97,1144.273537
86.099832,134,1145.501892
88.93369,115,1146.572802
-8.2,6,1146.649306
89.161251,125,1147.899122
88.808588,124,1149.224263
88.634062,143,1150.639708
83.271689,98,1151.634458
88.768242,121,1152.819646
25.146738,46,1153.300706
89.137612,95,1154.251076
86.979483,109,1156.267706
2.288393,15,1156.430149
89.154396,122,1157.567187
89.249655,129,1158.813394
88.788304,121,1160.004827
-10.0,1,1160.034328
-8.279241,3,1160.085872
88.922283,112,1161.1959
89.211957,115,1162.31617
89.132452,136,1163.69796
89.072721,118,1164.801296
89.844375,89,1165.592414
89.510613,95,1166.466066
-7.505796,7,1166.548345
89.105873,128,1167.739148
89.304234,118,1168.836162
89.687757,91,1169.639559
86.428979,104,1170.60106
85.311317,132,1171.817654
89.061286,103,1172.769989
89.051284,136,1174.117158
90.123596,89,1174.941583
86.313772,129,1176.906623
88.947084,114,1177.957508
89.198087,128,1179.132297
86.099122,128,1180.351366
0.216901,15,1180.538058
10.217258,23,1180.792316
36.416112,56,1181.412812
89.296165,112,1182.464564
89.321299,96,1183.356243
89.330179,101,1184.283411
89.072022,141,1185.585917
88.700201,140,1186.878453
88.903787,139,1188.155856
89.309566,126,1189.329745
52.686432,81,1190.065878
88.970528,110,1191.125214
89.169012,129,1192.374248
89.16073,133,1193.742915
88.696005,128,1195.02248
89.344279,127,1196.914346
30.002117,44,1197.333268
89.670334,97,1198.21875
34.975776,58,1198.757984
82.591873,114,1199.821796
81.978256,101,1200.759377
85.425052,128,1202.055122
89.033113,138,1203.360785
75.807881,103,1204.341524
89.841152,91,1205.171885
89.728823,90,1206.109717
41.933632,66,1206.80419
89.361934,108,1207.981327
87.399557,96,1208.893758
0.105702,15,1209.049083
88.647368,141,1210.350901
38.822768,65,1210.96111
88.945284,141,1212.260818
-8.304984,4,1212.316803
85.352649,98,1213.218169
-7.795095,7,1213.301675
89.523382,106,1214.368333
89.303835,128,1215.556936
-8.2,6,1216.328015
89.328657,114,1217.4201
89.163368,144,1218.720682
89.160483,115,1219.762491
73.99063,117,1220.856708
86.435903,90,1221.679944
86.537551,138,1223.077864
89.221831,136,1224.388012
88.726092,136,1225.626821
-8.181435,6,1225.698767
-7.4,5,1225.771043
89.252592,110,1226.856772
78.848375,92,1227.779509
86.042835,146,1229.228405
-4.284735,8,1229.32064
89.025454,138,1230.578785
88.651448,134,1231.790534
89.051927,136,1233.015146
-7.164911,7,1233.099316
89.094744,134,1234.378462
89.223445,128,1235.659495
86.282442,97,1237.341171
88.889024,128,1238.573911
88.706439,134,1239.904731
85.361502,122,1241.117815
89.1731,112,1242.207383
88.9899,140,1243.581611
86.207,89,1244.52921
88.802342,132,1245.835365
89.510156,110,1246.918238
89.30153,127,1248.15726
88.857914,133,1249.554659
86.767585,131,1250.867283
86.134333,98,1251.860454
86.442461,127,1253.15961
88.966842,111,1254.380232
89.269074,127,1255.620121
90.123596,89,1256.438888
-9.32,2,1256.482179
69.46444,108,1258.346286
89.084563,100,1259.343503
90.123596,89,1260.152593
85.835934,114,1261.375802
88.845784,113,1262.550273
89.664908,115,1263.679729
86.599037,122,1264.8833
89.079094,133,1266.199773
59.722444,91,1267.102222
-8.44,4,1267.161761
87.521623,108,1268.24656
89.346181,101,1269.253937
85.818636,114,1270.390593
89.201638,91,1271.270936
89.380595,118,1272.464014
88.996228,127,1273.707226
82.105036,97,1274.682229
89.583014,107,1275.734661
89.462785,95,1276.690691
89.369904,109,1277.76701
88.811404,119,1279.704756
89.015127,140,1281.199106
88.952884,125,1282.460442
89.39557,101,1283.499078
89.566447,100,1284.500418
88.822196,145,1285.913585
86.155952,97,1286.881667
89.215316,104,1287.888897
88.59887,149,1289.430307
9.744916,29,1289.731357
89.189901,140,1291.068913
53.671772,82,1291.862182
89.993667,89,1292.636116
89.083008,152,1294.151807
89.392116,109,1295.287998
88.877264,117,1296.5613
87.328463,99,1297.53288
89.569811,89,1298.329141
86.712119,108,1300.10935
86.366674,108,1301.228616
-2.595991,10,1301.355524
89.510564,106,1302.506732
85.44361,95,1303.463435
6.552,31,1303.781381
86.250369,110,1304.83522
86.276127,120,1306.002319
86.051675,127,1307.229107
87.419246,100,1308.199871
89.018208,131,1309.45276
86.014088,122,1310.637501
88.812395,137,1311.966449
85.670598,130,1313.283942
-2.714034,9,1313.395211
89.057791,125,1314.62579
82.422268,101,1315.609546
89.32261,94,1316.514831
88.711282,129,1317.749384
87.207159,113,1318.824618
88.785307,141,1320.156406
88.778374,131,1322.183329
89.354976,95,1323.1234
-8.24,5,1323.197445
88.923462,112,1324.356223
89.285127,112,1325.489621
89.797155,101,1326.514519
88.675126,137,1327.885308
-8.8,3,1327.938916
86.233427,107,1329.063049
89.578621,115,1330.228173
85.151286,109,1331.385939
89.179667,138,1332.73838
89.367267,108,1333.798381
89.453981,111,1334.847642
88.911984,126,1336.128896
88.592145,145,1337.555344
88.801578,125,1338.806791
85.952235,113,1339.94596
85.924424,123,1341.128763
88.93741,127,1343.094264
86.342315,107,1344.180944
89.750881,100,1345.143357
88.850472,121,1346.242254
89.204927,131,1347.445735
89.155067,122,1348.563677
89.00585,131,1349.785105
89.195997,133,1351.028457
89.353781,114,1352.454621
88.933711,128,1353.925439
89.069129,98,1354.804009
-0.947287,15,1355.004081
88.698854,135,1356.382836
87.190832,119,1357.599414
-7.96,3,1357.670691
89.165394,136,1358.949474
89.285426,97,1360.020286
89.324968,126,1361.444445
88.975415,128,1362.896215
89.386225,104,1365.284662
89.478547,108,1366.321083
89.450591,108,1367.378975
82.37498,96,1368.33692
89.492679,103,1369.252756
89.44863,123,1370.334429
89.050061,135,1371.597942
85.51686,88,1372.486436
89.134258,137,1373.729987
-4.893678,9,1373.840393
86.460919,129,1374.9912
89.36533,101,1375.971538
88.796396,117,1377.207192
89.321712,110,1378.292255
89.400235,91,1379.286149
-9.32,2,1379.325617
89.312522,117,1380.54904
89.438394,126,1381.918424
86.813714,111,1383.06122
88.882733,119,1384.262032
86.260957,119,1386.49902
37.65275,61,1387.14098
85.952817,106,1388.308388
88.552835,146,1389.787193
89.256487,99,1391.003769
90.08401,89,1391.821445
85.883511,128,1393.040217
89.129974,125,1394.391042
83.574919,94,1395.225719
88.749618,121,1396.746419
89.876674,103,1398.441103
88.866227,125,1400.386612
89.664419,89,1401.526982
89.763959,96,1402.922141
89.244304,93,1404.00191
88.934578,139,1405.436352
86.072147,127,1406.647628
89.160033,122,1408.03942
89.303264,134,1411.021778
88.739477,129,1412.814566
89.15582,104,1414.273302
88.677974,129,1416.380614
88.880486,133,1418.396451
89.017682,126,1420.277826
85.365632,120,1421.942462
48.964388,63,1422.756266
86.825515,109,1424.162887
89.362161,91,1425.308434
89.020559,130,1427.042348
-0.968709,11,1427.190135
-9.32,2,1427.264663
86.519027,118,1428.902684
89.57744,101,1430.024759
88.953239,110,1431.538808
89.87088,92,1432.714975
88.950905,111,1433.904637
86.566089,112,1435.053408
89.238802,97,1436.067795
89.589493,114,1437.113585
88.88277,131,1439.531662
89.087077,108,1440.694967
-3.88535,10,1440.812348
89.371532,98,1441.861716
-8.319729,9,1442.005778
89.524673,111,1443.113607
89.535865,90,1443.887946
89.238568,108,1445.095328
85.56808,102,1446.248611
89.586978,89,1447.024736
88.899244,122,1448.181287
89.210389,137,1449.756826
85.901877,103,1450.974444
88.852896,112,1452.489237
89.254801,93,1453.476165
89.170054,127,1454.958038
88.952412,140,1456.585672
42.962491,62,1457.276157
88.842317,134,1458.857584
86.049545,113,1460.260506
88.918744,113,1462.900673
86.3304,108,1464.603696
89.100356,98,1465.970766
88.947629,121,1467.598027
89.015662,114,1468.840446
-5.089512,7,1468.932915
89.237153,99,1469.89796
90.123596,89,1470.792911
87.721401,135,1472.436487
85.96058,118,1473.819385
89.233011,108,1475.229596
89.617633,113,1476.673501
89.428807,98,1478.017171
86.127303,124,1479.574479
89.264362,129,1481.044972
89.310753,101,1482.170475
89.405037,111,1483.406095
89.154895,126,1484.627886
-8.48,2,1484.689182
88.955379,107,1485.78981
89.376991,116,1488.16193
-5.407801,7,1488.280592
89.068092,102,1489.312843
88.909342,113,1490.499264
-8.44,4,1490.557481
85.397441,121,1491.811254
-8.8,3,1491.865282
88.67252,144,1493.338964
89.38446,117,1494.564672
89.517796,103,1495.834008
2.557468,19,1496.056237
88.849022,141,1497.623484
89.265162,114,1498.936295
-9.32,2,1498.975228
89.069211,123,1500.301162
86.355878,108,1501.496255
89.375765,130,1503.01541
89.52024,91,1504.108969
89.342402,117,1505.520267
88.964336,130,1506.86113
88.83723,123,1508.128784
87.069078,117,1509.388355
89.853467,92,1511.475517
86.425306,135,1512.978227
88.97306,118,1514.11975
-0.331258,12,1514.266042
86.973126,141,1515.702205
88.986927,130,1516.906595
89.353535,117,1518.20207
89.094423,134,1519.593402
89.638496,102,1520.647653
89.2168,124,1521.941854
88.92408,110,1523.578079
89.694235,102,1524.699179
85.845578,129,1526.060549
85.373239,113,1527.243812
89.043878,127,1528.549103
88.797628,118,1529.769578
86.271862,93,1530.799264
-8.8,3,1530.878809
88.726365,123,1532.282406
88.812663,135,1535.187428
-8.24,5,1535.272763
89.091719,118,1536.440181
88.952828,148,1538.009068
90.123596,89,1538.959303
90.123596,89,1539.773254
85.452951,114,1540.961914
86.657982,109,1542.15636
89.540653,103,1543.25821
88.988891,135,1544.584637
88.874318,108,1545.770743
-9.32,2,1545.814579
89.293181,110,1547.000038
88.763734,127,1548.383882
89.341653,97,1549.418489
89.200544,128,1550.641678
36.205633,63,1551.220346
87.051024,143,1552.808231
89.486689,99,1553.831454
41.022477,71,1554.635029
89.134903,132,1555.86675
89.792774,89,1557.832032
89.20342,146,1559.263447
86.202827,91,1560.223578
88.747135,141,1561.445975
83.354032,107,1562.412354
-7.6,4,1562.476545
89.046443,134,1563.62747
85.922189,117,1564.610492
88.611606,139,1565.786675
89.058541,133,1567.04552
88.910634,134,1568.325062
88.809484,124,1569.594456
89.215638,131,1570.736313
88.607628,139,1571.939476
89.231816,118,1572.930806
89.228075,113,1573.885633
83.450664,99,1574.803875
89.171333,127,1576.705278
85.748631,92,1577.665148
89.388317,121,1578.838347
89.337022,99,1579.77213
83.465064,100,1580.719834
88.91476,128,1581.854215
82.642492,119,1583.172434
89.249026,107,1584.3053
89.216262,90,1585.20667
88.92272,118,1586.34314
89.337279,89,1587.086975
86.330228,97,1587.977483
88.980859,123,1589.142137
89.147447,132,1590.395158
89.205677,134,1591.708807
89.303097,109,1592.699006
89.14358,121,1593.876794
90.123596,89,1594.654685
89.737812,99,1595.586493
89.031527,128,1597.997267
85.667699,99,1599.052812
18.501724,32,1599.368474
85.992361,93,1600.354957
89.739994,106,1601.489866
88.703802,146,1602.879618
88.698229,129,1604.202024
88.762311,132,1605.706349
88.817961,138,1606.974401
86.380791,115,1608.033892
88.834897,133,1609.372238
88.825801,116,1610.385239
89.204434,131,1611.694871
89.044103,112,1612.881873
88.967506,101,1613.906749
89.00149,134,1615.25606
26.764685,43,1615.741204
87.071983,137,1617.054294
89.122562,123,1619.309898
-9.32,2,1619.358098
89.163869,131,1620.709055
89.029087,108,1621.986549
87.836885,111,1623.261401
89.118119,127,1624.524271
89.186855,101,1625.675341
88.76512,122,1626.842955
86.371781,126,1628.101952
85.478928,111,1629.294911
88.796515,122,1630.715079
86.55928,103,1631.776209
89.260142,101,1632.650412
35.011188,55,1633.231056
86.125643,89,1634.155925
86.289907,94,1635.059994
89.263166,109,1636.27109
90.003904,89,1637.187021
90.123596,89,1638.22881
88.906098,107,1639.40395
89.148493,112,1640.731718
87.471966,105,1643.108516
86.499169,121,1644.467442
88.772665,143,1645.843265
89.868076,97,1646.772049
88.977233,126,1647.97884
88.791056,136,1649.253198
89.29181,127,1650.468555
88.920904,140,1651.803381
88.703934,133,1653.052849
87.313063,110,1654.255374
86.390832,116,1655.267896
89.384882,109,1656.228062
89.507457,124,1657.466948
-9.947874,3,1657.521133
90.037151,89,1658.250834
85.474894,120,1659.447157
-6.412193,9,1659.582086
89.224326,92,1660.443839
89.465652,112,1661.664453
89.262127,109,1663.845109
89.821508,89,1664.627362
86.632064,125,1665.863267
88.941013,129,1667.228712
89.144338,137,1668.731918
89.28387,119,1670.083211
88.685211,130,1671.367789
88.763767,128,1672.716648
89.833099,97,1673.582389
89.809902,104,1674.69212
89.054616,113,1675.944958
89.210755,123,1677.162771
89.032406,127,1678.600231
85.803341,143,1680.304005
90.118172,89,1681.49808
-10.0,1,1681.539682
89.086331,116,1682.823594
89.529491,115,1684.116709
-8.8,3,1684.1739
-9.32,2,1684.217973
89.514679,105,1686.564596
88.648735,135,1687.988763
88.973395,116,1689.262115
89.320587,125,1690.591258
89.274583,96,1691.570792
89.045903,124,1692.831346
89.185548,129,1694.157289
88.978782,128,1695.495884
89.167227,127,1696.862767
90.123596,89,1697.766052
89.993668,89,1698.608422
89.299263,124,1699.944939
89.835802,99,1701.015031
86.06834,128,1702.374787
88.68075,138,1703.90016
89.0344,138,1705.345763
88.834582,119,1706.613686
88.681654,120,1707.823889
89.146909,136,1710.383856
88.688889,137,1711.724703
89.209831,115,1713.02447
89.337805,126,1714.450173
86.845625,93,1715.441851
85.561411,104,1716.615685
89.023473,134,1718.204966
85.730632,127,1719.720587
89.371189,106,1720.95325
-9.16,1,1720.99666
89.073352,142,1722.361758
0.077516,15,1722.547278
88.812248,130,1724.03151
89.138304,112,1725.154842
88.841133,128,1726.359978
85.842482,118,1727.473668
88.566969,148,1728.899849
89.444764,99,1729.877069
89.315762,128,1732.04496
88.997347,120,1733.347543
85.88851,102,1734.454357
89.345202,120,1735.654891
-7.723958,5,1735.731744
-10.0,1,1735.765568
88.883236,136,1737.133299
89.445706,120,1738.3356
89.434388,133,1739.694626
86.09583,116,1740.89617
90.051948,92,1741.851428
89.334324,112,1743.045547
89.298279,114,1744.250928
88.894947,136,1745.667145
-8.72,8,1745.794106
90.123596,89,1746.641263
89.352478,108,1747.745517
89.372452,97,1748.758229
85.753725,113,1749.909408
88.81693,148,1751.548018
86.29072,108,1752.844975
89.323511,110,1754.903064
40.191692,66,1755.606483
88.884546,122,1756.790376
88.932658,140,1758.276283
89.738896,89,1759.203979
88.904943,116,1760.50993
86.088827,103,1761.661008
89.531169,126,1763.42228
89.326995,119,1764.735961
89.290672,120,1765.88376
89.03784,136,1767.219081
89.175211,132,1768.523481
89.115055,106,1769.562598
88.994019,111,1770.642426
-7.843733,5,1770.709933
88.836535,125,1771.916818
-10.0,1,1771.947318
89.286932,103,1772.954856
89.189357,139,1774.323686
89.334898,104,1775.374157
85.838772,131,1777.54567
89.372668,110,1778.642213
89.2101,122,1779.850577
59.881192,104,1780.891587
89.181965,90,1781.732826
88.815067,135,1783.117073
-8.24,5,1783.189084
85.160402,131,1784.540572
89.205122,89,1785.406643
89.550677,89,1786.330657
89.027342,141,1787.821204
88.864883,130,1789.148936
-8.8,3,1789.197233
90.123596,89,1790.02124
88.692358,137,1791.402761
89.438369,97,1792.422914
89.016285,117,1793.669845
88.930254,116,1794.859924
88.933245,138,1796.225595
89.212177,133,1798.358898
89.561345,117,1799.451307
89.343444,126,1800.726069
89.600695,100,1801.723656
89.324576,137,1803.083483
89.071057,133,1804.348656
89.118041,122,1805.574378
89.470537,105,1806.616577
89.092372,122,1807.85174
89.512548,100,1808.792716
89.136351,143,1810.140508
85.477509,135,1811.485419
89.730436,98,1812.446967
89.704358,89,1813.305249
88.896724,128,1814.602662
89.250712,115,1815.728121
88.753688,146,1817.184073
-10.0,1,1817.21686
89.546153,106,1819.119175
89.363116,98,1820.167415
89.032454,115,1821.369315
88.868048,110,1822.575554
88.616562,135,1823.999901
85.348146,128,1825.330218
88.608988,138,1826.698035
86.349224,95,1827.65221
89.648411,93,1828.603823
86.218339,116,1829.760134
88.777228,127,1831.042115
89.250828,128,1832.316036
89.570474,97,1833.333445
89.231664,114,1834.491249
89.065508,129,1835.766788
90.123596,89,1836.607051
89.493996,118,1837.764967
89.037319,131,1839.044315
89.787049,103,1840.895991
89.009767,140,1842.222825
89.00785,114,1843.368453
89.093123,149,1844.72602
85.577122,113,1845.806275
89.707104,93,1846.742268
89.126869,129,1848.108567
90.05803,91,1848.981526
89.100531,142,1850.344021
89.299872,127,1851.462879
89.084745,130,1852.723299
88.974012,108,1853.842898
86.188392,132,1855.287396
90.043087,89,1856.303436
89.050124,97,1857.421884
85.927721,108,1858.550311
90.048554,89,1859.484381
88.819753,135,1860.891271
88.984407,135,1863.409654
89.159092,122,1864.757761
88.791137,150,1866.174979
89.473413,98,1867.222707
89.26696,128,1868.630089
89.025682,126,1869.867318
88.84866,113,1871.073859
85.917237,96,1872.025973
89.168005,130,1873.389837
89.520408,99,1874.44521
89.128544,109,1875.539396
89.606277,111,1876.707444
33.041492,50,1877.252588
89.714908,101,1878.302755
85.653998,91,1879.395899
89.23082,132,1880.841532
89.107983,129,1882.194078
89.312405,119,1883.413524
88.81867,116,1885.760032
89.133075,113,1886.862875
86.269133,103,1887.939019
88.692604,128,1889.396732
89.065288,94,1890.458045
88.713821,133,1891.823876
40.364182,57,1892.370631
89.276372,131,1893.677168
89.096849,97,1894.681861
86.143227,136,1896.108093
89.310075,105,1897.202303
89.288754,118,1898.468829
89.013272,141,1899.944936
88.647655,131,1901.291298
89.499146,97,1902.303789
89.069679,133,1903.655459
88.96747,135,1905.018138
88.691103,147,1907.240638
88.821959,125,1908.448171
89.262301,100,1909.380811
88.805422,134,1910.684662
51.325288,69,1911.365465
86.194075,94,1912.301806
88.920306,139,1913.664628
85.563543,114,1914.75998
89.493902,102,1915.69834
88.895452,109,1916.68471
89.068156,149,1918.050442
89.238021,118,1919.128406
82.396678,128,1920.324288
34.502521,62,1920.885992
89.483912,108,1921.86792
89.065166,120,1923.059673
89.031869,146,1924.486332
86.508748,104,1925.46625
-5.069416,11,1925.582329
89.574047,100,1927.228697
88.97638,132,1928.453438
89.244598,131,1929.665985
89.260477,118,1930.762781
89.176549,132,1931.973835
89.204541,89,1932.82427
88.893137,122,1934.018469
89.2182,118,1935.226012
89.425479,102,1936.234929
88.73392,124,1937.563871
89.265883,113,1938.709152
90.123596,89,1939.536236
89.498293,113,1940.695584
89.056621,118,1941.910134
85.425584,89,1942.857862
90.07044,91,1943.821172
88.829286,134,1945.179285
34.877648,64,1945.820604
88.933817,107,1946.897174
89.075686,116,1948.937677
90.123552,89,1949.750177
89.089381,116,1950.936126
89.006454,127,1952.176095
88.724273,130,1953.478448
88.856954,115,1954.660149
0.861689,13,1954.812372
39.525889,65,1955.461297
88.986697,110,1956.588562
86.228981,113,1957.830414
89.707771,94,1958.819561
86.185906,113,1960.027438
85.905857,106,1961.0877
-8.20424,4,1961.147064
28.284896,59,1961.741276
88.644755,148,1963.215213
88.991046,101,1964.222302
89.443914,104,1965.281224
89.219695,104,1966.307567
88.605837,146,1967.754193
88.876587,128,1969.803403
88.633493,132,1971.19132
23.160562,39,1971.608529
88.822382,111,1972.814112
86.35102,112,1974.030207
89.125031,108,1975.117643
88.884252,115,1976.221129
89.093317,113,1977.380074
89.178304,133,1978.714683
90.123596,89,1979.498564
88.899601,139,1980.848538
89.722609,89,1981.640276
88.965376,145,1983.023482
86.014608,104,1984.008326
85.740423,106,1985.11834
89.124663,101,1986.235687
89.598632,103,1987.212755
85.886226,111,1988.346553
-1.528918,10,1988.468618
89.426787,109,1989.527177
89.385363,103,1991.24123
85.609409,103,1992.269659
89.037549,122,1993.502099
89.360148,118,1994.627055
89.158917,141,1995.954458
86.624348,118,1997.091834
27.109436,49,1997.570417
89.311024,98,1998.490681
88.895079,113,1999.543536
89.042422,138,2000.841189
88.708905,142,2002.189486
89.05322,110,2003.292782
88.757297,121,2004.473254
89.062028,108,2005.474134
47.733544,83,2006.251852
-8.571501,3,2006.301062
89.375957,103,2007.249172
85.979093,111,2008.369498
86.44798,112,2009.397076
85.837671,124,2010.576982
88.959873,115,2012.366766
88.978751,114,2013.384762
89.480296,115,2014.575355
88.691674,133,2015.94554
89.761473,104,2017.083795
88.78112,141,2018.651947
89.203336,110,2019.854735
88.713909,135,2021.199383
89.366386,117,2022.37525
89.440163,120,2023.701527
89.194347,104,2024.936378
89.292883,132,2026.407817
86.756261,90,2027.315966
88.896171,112,2028.529443
-8.24,5,2028.606121
89.477567,113,2030.07565
90.003604,94,2031.730867
-9.32,2,2031.783607
88.861938,136,2034.276308
86.94968,104,2037.18284
85.128618,131,2038.838173
88.786574,134,2040.637995
-8.373845,3,2040.69641
-1.409829,11,2040.847533
89.050886,113,2042.533016
89.369749,108,2043.852447
88.858941,112,2045.255168
89.258581,130,2047.045712
89.313171,103,2048.367322
83.563566,108,2049.5711
88.979917,134,2051.178718
88.909107,128,2053.12645
89.369278,121,2055.094214
89.637405,106,2056.27138
-4.82049,12,2056.503751
86.05804,96,2058.332551
89.68635,100,2059.630027
88.948297,132,2061.059954
89.811103,90,2062.026107
88.690178,135,2064.305852
-6.802296,7,2064.427567
86.638821,103,2065.500588
89.195466,104,2066.569756
89.338184,105,2067.667438
85.329451,128,2069.026115
29.300873,65,2069.722568
89.423663,102,2070.722501
89.129442,139,2072.06173
89.548905,101,2073.028155
41.826039,73,2073.762339
86.594004,109,2074.885297
89.084107,138,2076.177459
88.938931,124,2077.36139
88.790226,150,2078.751552
89.491891,114,2079.8148
33.340622,50,2080.285275
89.332049,92,2081.127707
89.539,101,2082.12014
89.1702,112,2083.268042
89.092495,142,2085.505122
85.676911,138,2086.924843
89.952111,89,2087.793627
82.619881,119,2089.030893
86.422607,102,2090.106071
89.049107,130,2091.424433
88.771669,139,2092.870332
86.380251,118,2094.228639
89.56554,104,2095.357831
89.169414,129,2096.74652
89.024012,113,2097.959985
89.504833,97,2098.98541
89.263884,94,2099.927691
88.807265,133,2101.273921
89.331244,98,2102.305819
88.765347,138,2103.824076
89.554828,107,2104.915699
89.711709,90,2105.839743
88.931205,149,2108.187271
88.591885,146,2109.688497
-7.698245,5,2109.758661
89.231908,116,2111.055742
89.150657,101,2112.150915
89.540446,93,2113.152845
88.908678,123,2114.445284
88.902703,127,2115.71185
88.612092,144,2117.191003
89.484971,99,2118.397659
-8.353005,3,2118.451596
85.979875,94,2119.418521
89.33547,107,2120.594939
89.100228,134,2121.98189
88.937947,131,2123.287152
89.138927,128,2124.69302
89.038663,140,2126.051334
88.903343,117,2127.209242
88.797824,135,2128.592436
87.629371,102,2130.503292
89.992304,91,2131.409599
89.407127,108,2132.430805
-7.4,5,2132.505778
89.084563,127,2133.702405
89.429265,109,2134.888653
89.520687,119,2136.151579
88.70956,137,2137.680388
90.123596,89,2138.682837
89.431413,122,2139.98785
-8.8,3,2140.03973
89.211351,92,2140.952083
89.194384,127,2142.314461
88.765444,144,2143.988001
88.664808,127,2145.478345
-0.657106,12,2145.617521
89.18275,108,2146.798216
86.467679,111,2148.051177
-8.8,3,2148.101945
89.020916,141,2149.787084
89.134522,118,2151.1864
-7.995155,4,2151.297867
88.857005,143,2154.736449
82.524033,87,2155.90046
-9.32,2,2155.94183
88.667041,142,2157.671372
-8.2,6,2157.766948
89.119673,138,2159.546003
88.929804,127,2160.998806
89.43354,92,2162.227974
-3.403112,8,2162.391794
89.154482,132,2164.213694
89.876109,89,2165.299956
86.304397,114,2166.632163
-10.0,1,2166.667099
-7.193115,4,2166.733638
-7.6,4,2166.807055
88.859284,138,2168.562086
85.586338,107,2169.848593
88.727833,129,2171.417516
89.140288,119,2172.922805
89.609247,115,2174.339357
89.31938,110,2175.701499
89.088628,110,2176.89896
89.462719,109,2178.092481
90.123596,89,2179.026077
89.028625,95,2181.27857
88.808888,125,2182.67403
9.179389,27,2182.990512
-7.96,3,2183.058416
89.092641,107,2184.40873
88.830871,132,2185.864849
89.402674,99,2186.886058
86.133403,137,2188.369148
74.175822,99,2189.467335
22.802469,40,2189.876673
89.048706,131,2191.25501
89.277027,108,2192.308318
88.667511,144,2193.631916
88.980894,125,2194.849243
88.715608,145,2196.569062
89.377219,99,2197.550914
88.820768,123,2198.807435
89.436654,109,2199.780292
88.967767,109,2201.019232
89.540187,115,2202.16177
89.034205,114,2204.509916
88.849689,128,2205.749662
89.339861,101,2206.769448
89.525782,94,2207.724528
-10.0,1,2207.759325
89.109715,125,2209.039027
88.974347,100,2210.048106
89.254297,101,2210.929033
89.488488,117,2211.954495
-6.886729,5,2212.015579
88.802193,112,2213.192408
89.345714,130,2214.377013
29.147628,53,2214.876707
89.336295,131,2216.057573
88.768768,132,2217.21613
-8.44,4,2217.304264
89.128649,101,2218.191694
89.415698,106,2219.145166
89.459842,107,2220.063157
11.657605,23,2220.264966
88.970082,128,2221.543138
88.760813,127,2222.859873
86.509643,133,2225.079877
85.993955,99,2225.974724
85.819183,111,2226.964644
86.25408,113,2227.968558
88.82951,116,2229.069634
88.786931,131,2230.539049
86.606143,104,2231.600693
85.756792,116,2232.885797
88.994135,150,2234.196114
89.423538,89,2234.934412
88.824667,132,2236.119798
88.821287,139,2237.413342
89.090951,137,2238.620601
85.463118,121,2239.657812
88.841231,139,2240.888158
88.829814,138,2242.053175
1.928424,14,2242.200548
86.029134,99,2244.106917
89.464134,123,2245.193756
87.356835,135,2246.356467
86.438555,128,2247.482435
90.123596,89,2248.159986
87.650506,140,2249.886237
86.151431,89,2250.613057
89.133224,123,2251.68325
88.922143,135,2252.940442
89.440596,103,2253.994821
89.366405,113,2254.953578
89.542536,95,2255.795493
89.379057,116,2256.829078
89.044341,124,2257.924669
89.417387,118,2258.920653
89.364068,130,2260.064674
89.297938,111,2261.03146
89.223352,114,2261.991894
88.664595,132,2264.304076
82.551909,99,2265.2405
88.747786,126,2266.46404
89.139365,106,2267.382298
85.950642,119,2268.617072
89.298776,126,2269.711304
86.016731,133,2270.891467
89.545483,107,2271.820611
88.880845,117,2272.849271
89.473345,93,2273.702718
89.369933,115,2274.773995
89.248732,121,2275.99404
89.072177,105,2276.913516
89.375883,110,2277.852567
18.62227,31,2278.133748
89.088467,97,2278.985227
89.488687,94,2279.798769
0.221921,16,2279.954053
89.385841,99,2280.835458
88.618431,149,2283.121294
-8.44,4,2283.195893
89.705647,101,2284.115304
89.606596,105,2285.089537
89.205173,122,2286.119561
88.860086,116,2287.142488
86.328343,100,2287.993874
89.752896,100,2288.845336
89.323454,139,2290.01999
86.06217,114,2291.017573
89.342132,128,2292.084569
33.472791,59,2292.623175
88.62889,141,2293.794571
89.159873,118,2294.779739
86.172263,95,2295.586849
89.055976,137,2296.84637
88.671306,131,2298.043383
88.897765,127,2299.26817
89.432565,122,2300.336474
89.625414,107,2302.36124
86.306574,124,2303.479785
86.436706,94,2304.319165
-0.750255,11,2304.437198
88.970536,133,2305.573624
89.040134,114,2306.652617
88.862769,120,2307.869199
88.786146,131,2309.158007
89.255156,133,2310.465103
88.745991,131,2311.843244
89.554595,91,2312.745551
85.735092,105,2313.739024
90.036351,89,2314.536074
86.931665,97,2315.49579
89.197043,113,2316.566231
89.298002,102,2317.57427
89.183422,128,2318.781415
85.873958,105,2319.784305
88.805452,119,2320.920488
89.208832,101,2322.659706
32.768934,60,2323.258308
87.723644,100,2324.205959
89.265896,106,2325.188171
89.129747,112,2326.216573
89.296095,123,2327.348292
88.627563,141,2328.710187
88.689477,139,2330.043642
89.308829,114,2331.244332
90.095425,89,2332.065286
89.283722,112,2333.205455
89.188746,138,2334.564066
89.122828,121,2335.712748
89.293789,102,2336.691258
89.659335,116,2337.852821
89.126538,116,2338.988996
88.77844,126,2340.219274
89.538001,116,2341.413788
88.916071,138,2343.604913
88.978267,128,2344.87752
89.24242,123,2346.128626
86.355599,120,2347.29876
13.01515,38,2347.683228
89.477942,99,2348.662303
88.976067,126,2349.900629
89.42875,121,2351.087518
89.105005,123,2352.287757
89.012658,118,2353.466225
88.877606,119,2354.62001
88.905102,116,2355.759767
31.273231,60,2356.385633
88.815248,131,2357.686679
88.86552,126,2358.897224
-9.16,1,2358.938337
88.84202,125,2360.17677
89.142498,104,2361.256718
2.534745,23,2361.493993
85.649082,101,2362.536587
86.349109,114,2364.57357
-4.5621,7,2364.738991
-8.8,3,2364.791822
89.145804,134,2366.160945
88.835384,120,2367.41897
88.606003,149,2368.934013
89.227789,126,2370.190562
88.794277,145,2371.618877
88.932185,123,2372.86337
86.607722,112,2374.003609
89.19846,103,2374.993889
89.543733,96,2375.947662
-9.16,1,2375.98909
-8.196115,4,2376.052377
88.931043,141,2377.433155
-9.32,2,2377.476244
88.925609,122,2378.706952
89.040172,137,2380.140663
89.106412,101,2381.134977
-9.32,2,2381.181338
88.99645,129,2382.552016
88.6328,145,2384.016477
89.525527,93,2384.986423
89.186695,121,2387.052152
89.274153,96,2388.058373
88.673012,136,2389.411834
89.059876,138,2390.795585
88.685523,131,2392.132803
89.308409,108,2393.272666
88.640432,134,2394.678199
-8.44,4,2394.739429
88.876439,120,2395.923751
89.389413,127,2397.177173
88.924594,131,2398.492925
89.257445,102,2399.602721
89.522851,112,2400.79553
89.025728,121,2401.977997
88.912466,133,2403.27323
88.752389,131,2404.512359
89.67059,106,2405.579966
89.094999,134,2406.869264
88.866705,130,2408.915989
88.969196,134,2410.236552
88.774878,129,2411.517693
88.946431,130,2412.79312
89.327894,116,2413.915644
89.176196,104,2414.881967
88.689318,133,2416.104107
89.317367,113,2417.133923
89.406884,115,2418.306753
86.167309,110,2419.43479
10.365026,28,2419.741704
89.139606,130,2420.99102
88.935711,123,2422.124195
88.983915,117,2423.312435
89.056837,153,2424.876145
85.772939,102,2425.886805
89.166011,110,2426.963901
86.445457,92,2428.633174
88.715802,130,2429.944944
89.549399,90,2430.830978
89.017445,140,2432.204821
88.938673,126,2433.570815
88.446585,154,2435.15285
23.428251,41,2435.560445
89.437879,128,2436.813127
89.756787,105,2437.819752
88.932628,116,2438.958213
89.053497,102,2439.906073
88.81718,122,2441.042388
89.635681,113,2442.081752
88.745976,118,2443.180191
47.644743,70,2443.835463
89.035896,148,2445.202828
89.488729,97,2446.106258
89.564749,102,2447.036668
88.71279,134,2448.260863
86.079386,94,2449.884783
89.101641,110,2450.888186
88.817767,133,2452.103585
88.677929,140,2453.494887
85.919703,121,2454.734277
89.409291,112,2455.775331
89.042329,112,2456.812705
90.123596,89,2457.575579
15.219384,32,2457.89669
89.351313,98,2458.815897
88.777508,122,2460.005953
89.223241,129,2461.380437
88.652199,133,2462.704934
5.146677,18,2462.904504
89.318276,111,2464.034494
86.078282,94,2464.959387
89.338311,103,2465.984771
89.2692,112,2467.249519
89.356079,113,2468.406371
88.978977,115,2470.416558
56.965309,98,2471.369583
89.288955,106,2472.422182
88.993303,136,2473.797254
89.395056,116,2474.923908
88.995591,142,2476.30518
89.353914,92,2477.186702
89.31439,103,2478.121928
89.31976,102,2479.067276
89.070121,126,2480.21562
89.225338,130,2481.432238
88.701269,137,2482.726261
89.574296,108,2483.796113
89.15053,131,2485.072761
89.580387,105,2486.003049
89.293808,129,2487.132179
89.542224,94,2487.969041
-8.44,4,2488.021932
89.163186,132,2489.215553
88.94221,109,2490.892597
89.079079,143,2492.145186
89.225871,106,2493.133094
88.816508,143,2494.45478
89.049601,112,2495.59685
85.994471,121,2496.805137
89.18059,103,2497.853922
86.94264,128,2499.144379
88.532192,163,2500.781076
88.953951,116,2502.024876
89.034029,104,2503.096844
89.184778,138,2504.462741
89.739987,106,2505.533706
89.312484,125,2506.767292
-5.080093,7,2506.864459
89.228443,124,2508.129486
88.727319,132,2509.466734
89.197357,100,2511.29333
89.141324,124,2512.550697
89.181279,122,2513.824606
86.035094,106,2514.950541
88.86885,125,2516.204744
88.982037,127,2517.510852
89.13414,112,2518.654742
89.207504,129,2519.984545
88.7205,134,2521.349692
89.231951,117,2522.505035
88.995258,123,2523.915508
-7.4,5,2523.999682
89.305425,134,2525.410484
88.69061,131,2526.873257
89.183807,121,2527.896145
89.359982,127,2528.962791
89.293648,120,2530.004962
89.82878,90,2530.750627
88.916933,126,2532.641921
86.363313,97,2533.487457
89.239611,94,2534.274477
89.352207,115,2535.346935
88.825817,131,2536.597125
89.129515,121,2537.774052
88.828169,133,2539.005604
88.65531,137,2540.257403
89.316479,114,2541.262459
85.86073,134,2542.39904
90.123596,89,2543.122945
85.995182,109,2544.103319
-8.046586,4,2544.160081
88.979662,144,2545.415638
89.403347,96,2546.223331
89.931018,93,2547.039512
88.939071,113,2548.006524
89.667017,89,2548.762595
88.735953,137,2549.992293
89.116031,131,2552.262115
89.355093,126,2553.34481
88.667306,143,2554.559677
89.196021,130,2555.64479
88.992347,126,2556.728307
89.553366,122,2557.75946
89.614819,94,2558.566659
89.404804,127,2559.643018
-7.834115,5,2559.705911
89.401117,97,2560.511743
89.363803,121,2561.601535
88.686558,135,2562.769444
89.444973,150,2564.006183
89.09102,138,2565.142606
44.547478,73,2565.752424
89.315131,131,2566.838393
89.449507,142,2567.996876
89.159787,101,2568.881775
89.479117,141,2571.314944
88.881529,139,2572.538903
89.414867,119,2573.60643
89.173093,129,2574.773745
89.167665,123,2575.833306
88.863967,111,2576.795427
89.587741,98,2577.634404
-8.8,3,2577.686919
89.340308,102,2578.545055
89.424678,150,2579.808179
89.064184,110,2580.745324
89.256362,99,2581.606838
88.898542,138,2582.763094
88.960193,126,2583.814819
89.420717,120,2584.82296
86.459653,106,2585.679944
88.764869,124,2586.728222
86.635255,132,2589.064312
89.567235,96,2589.998583
88.757516,126,2591.079972
89.713,94,2591.891462
85.76484,119,2592.944075
89.058363,136,2594.111266
88.874748,137,2595.330849
89.139379,115,2596.447458
86.129722,130,2597.727395
88.695808,141,2599.101449
88.85629,124,2600.363318
86.173141,102,2601.492407
24.374506,41,2601.89907
89.195968,121,2603.443937
85.581049,92,2604.574678
89.706889,130,2605.874548
88.984145,101,2606.816623
81.785046,101,2607.952654
89.425237,108,2609.273187
89.13129,90,2611.242919
88.839921,127,2612.746031
89.133355,142,2614.393751
89.067075,131,2615.848029
89.031582,137,2617.222896
89.675188,92,2618.21092
89.276525,121,2619.483045
2.399647,16,2619.674884
88.790508,120,2620.918741
89.751296,113,2622.122655
89.329987,114,2623.264758
88.828466,124,2624.557281
89.239839,110,2625.706959
85.93578,133,2627.142797
89.243273,125,2628.570074
88.656892,132,2630.049047
89.425762,101,2631.086267
89.030548,114,2632.299504
89.397397,126,2634.743119
88.996689,147,2636.177267
88.864409,138,2637.736899
89.779328,107,2638.965904
88.769872,133,2640.312765
85.969801,132,2641.755683
-9.32,2,2641.802909
89.131758,133,2643.136144
89.979123,89,2643.926243
89.14352,137,2645.324044
89.357434,121,2646.484758
89.526358,92,2647.425724
89.335681,90,2648.330669
89.158782,133,2649.568319
88.780837,131,2650.893929
-8.368873,4,2650.951334
89.634602,105,2651.958843
88.878852,141,2653.250008
89.39174,123,2655.485017
89.015976,135,2656.802256
89.308942,112,2657.907014
88.562056,153,2659.368594
88.951014,126,2660.620417
88.859125,137,2661.945585
85.6521,102,2663.134266
-6.018832,11,2663.27561
89.389981,107,2664.450325
89.382325,118,2665.657106
89.372617,113,2666.761212
89.28852,102,2667.786364
89.177883,135,2669.135448
89.376382,124,2670.396935
89.406709,91,2671.452062
89.013345,130,2672.856282
89.230796,129,2674.202004
89.207841,112,2675.359827
89.138695,109,2677.456263
89.059266,99,2678.574302
89.540525,110,2679.705852
89.245169,134,2681.065271
89.182596,149,2682.595785
88.604413,142,2684.071556
89.037454,128,2685.440928
88.85724,138,2686.863802
89.469703,104,2687.987438
89.050496,124,2689.373611
8.198579,21,2689.611116
89.086763,142,2691.046005
88.762229,131,2692.338879
89.800861,90,2693.232035
88.932198,137,2694.635731
86.649362,103,2695.75578
82.852897,87,2696.563473
86.011223,130,2697.904035
89.194367,137,2699.924905
89.19038,134,2701.171805
89.241204,90,2701.994116
89.086412,142,2703.27544
88.953513,122,2704.396164
44.065994,73,2705.136372
-9.32,2,2705.178406
89.139466,102,2706.181043
89.466005,110,2707.225189
88.782379,121,2708.317417
88.808389,121,2709.425414
90.123596,89,2710.171118
-7.96,3,2710.223761
88.713377,124,2711.343418
89.48825,89,2712.113388
88.873144,112,2713.137875
89.376052,105,2714.092971
89.349021,95,2714.950521
89.330173,122,2716.021639
89.785972,89,2716.73555
88.971537,133,2718.037836
89.515009,115,2719.900163
88.69687,137,2721.319404
88.945041,113,2722.48438
47.559948,68,2723.175094
89.276061,110,2724.330651
88.966963,119,2725.412736
89.273379,98,2726.213021
89.575554,104,2727.081863
90.123596,89,2727.756636
88.985633,115,2728.738203
89.093085,140,2729.876895
89.536224,113,2730.804148
89.2619,118,2731.776984
89.413606,89,2732.558429
89.004464,133,2733.79636
89.390481,107,2734.751463
86.460393,101,2735.628571
88.884538,133,2736.866464
88.849771,141,2738.851763
89.327665,107,2739.840701
88.678276,132,2741.064288
90.123596,89,2741.739288
88.869869,134,2742.896066
89.529954,96,2743.700991
88.841926,128,2744.797662
89.213975,135,2745.89268
89.093553,119,2746.832025
89.355469,123,2747.833014
89.073635,149,2749.065177
86.140757,123,2750.307099
89.507215,105,2751.312076
88.850644,136,2752.57365
58.649607,97,2753.459205
4.003683,21,2753.67361
88.735604,135,2754.927199
88.974077,118,2755.895551
86.070856,125,2757.627689
85.547565,122,2758.646698
89.284125,132,2759.739226
88.95886,110,2760.643755
89.682532,99,2761.452502
89.069298,136,2762.572953
89.108995,116,2763.546597
88.892542,118,2764.644822
89.765539,98,2765.53482
-8.8,3,2765.586118
89.807417,100,2766.453819
89.043672,124,2767.600173
85.811988,115,2768.579779
89.14866,142,2769.801217
89.515158,96,2770.708729
89.613965,95,2771.577432
89.207529,114,2772.734635
89.787937,93,2773.655922
89.139706,103,2774.709272
88.939526,124,2776.670945
88.78639,125,2777.835909
88.726175,143,2779.171237
89.411157,125,2780.338269
89.269554,114,2781.404263
88.96528,125,2782.570574
88.74585,126,2783.899898
89.071298,138,2785.239733
89.361865,124,2786.386158
89.102325,111,2787.408406
89.492214,100,2788.348547
89.026574,143,2789.662259
88.614101,142,2790.872362
88.780635,139,2792.081713
89.141178,131,2793.176145
90.097179,89,2793.875337
88.964761,127,2795.619313
89.165839,102,2796.470874
88.844198,150,2797.676151
89.278002,99,2798.469545
89.188323,134,2799.558733
36.017829,56,2800.027271
89.026406,112,2800.942494
89.218679,106,2802.023198
89.576475,109,2803.061531
89.131735,141,2804.428903
89.178631,135,2805.783975
89.681371,115,2807.0024
89.345044,103,2808.005563
89.208848,130,2809.384421
89.263437,118,2810.573858
88.886142,132,2811.915922
-8.48,2,2811.971482
89.018473,136,2813.352598
88.901899,143,2815.637275
88.953353,132,2817.028378
88.771035,126,2818.401504
89.217596,116,2819.532048
-8.44,4,2819.596349
89.169368,131,2821.005041
88.830761,140,2822.509216
-4.203978,7,2822.605273
89.181122,125,2823.928316
88.886956,150,2825.533976
89.67346,110,2826.632522
88.644773,138,2828.137515
89.217677,102,2829.258038
-6.613525,6,2829.350205
89.618469,103,2830.453969
89.371545,118,2831.533668
85.906467,143,2832.846297
88.844266,133,2833.980182
89.330228,121,2835.184997
89.500667,109,2836.149824
85.528763,95,2837.837646
88.910616,147,2839.248234
1.34818,19,2839.469975
27.400623,51,2839.969213
46.412622,81,2840.788148
89.39235,95,2841.784923
88.860163,119,2843.050388
89.182719,122,2844.316174
88.687422,132,2845.607974
89.428627,96,2846.478113
89.249359,135,2847.699294
86.310046,121,2848.855961
88.869666,134,2850.157273
89.528424,133,2851.486018
88.963374,109,2852.654038
88.838655,122,2853.937681
89.038593,130,2855.306624
89.040973,114,2856.480488
89.894419,92,2857.36394
88.832149,118,2859.15435
89.050087,136,2860.45379
-2.29085,10,2860.561692
89.457325,120,2861.819521
-8.44,4,2861.8865
89.068868,140,2863.275311
89.064316,121,2864.402833
88.920497,134,2865.690527
88.942682,137,2866.98482
88.831016,112,2868.040926
85.84193,109,2869.115396
89.049106,123,2870.279184
89.097453,144,2871.696652
89.043909,124,2872.915505
89.375285,107,2873.975123
88.921519,100,2875.041193
89.23819,107,2876.102393
89.256976,144,2877.518974
89.683546,96,2879.215644
89.059874,101,2880.1966
89.043105,120,2881.2844
88.943237,121,2882.352832
89.149665,129,2883.471633
88.860101,107,2884.418649
89.925552,98,2885.305236
-7.36,6,2885.393
89.201993,125,2886.668127
89.103983,148,2888.195544
90.054931,89,2888.883855
90.123596,89,2889.528613
89.522731,89,2890.261117
89.460211,106,2891.296296
27.262466,44,2891.65099
89.012285,126,2892.659512
89.109052,121,2893.637935
89.648256,90,2894.341426
88.770347,145,2895.477876
89.207713,109,2896.335515
88.922829,133,2898.061764
89.408851,116,2898.968386
89.519042,142,2900.0913
88.91072,131,2901.200675
88.958361,129,2902.213219
89.24659,120,2903.258081
86.463427,102,2904.174393
86.315798,98,2905.026277
89.399998,111,2905.905061
89.08753,140,2906.993701
88.855779,136,2908.164582
89.263555,101,2909.113618
88.915305,114,2910.241297
89.034536,123,2911.425212
89.10903,130,2912.613562
88.908328,138,2913.905144
88.611338,144,2915.913748
88.745129,136,2917.159186
-10.0,1,2917.186727
89.154025,124,2918.28053
89.498889,96,2919.150428
89.098697,124,2920.284231
90.003773,89,2921.012429
89.503898,101,2921.979404
89.290958,126,2923.214263
89.9563,98,2924.00458
89.173919,144,2925.168889
89.805435,102,2925.994881
86.046527,103,2926.836751
89.159724,123,2927.88814
90.039967,89,2928.661896
88.748863,127,2929.787159
89.287026,137,2931.006685
89.673889,97,2931.887409
89.516687,105,2932.876441
89.862485,100,2933.845426
89.005848,130,2935.835978
89.104179,124,2936.903962
89.636262,105,2937.811242
89.051694,171,2939.2289
89.218585,106,2940.182133
88.826688,119,2941.205547
89.210507,133,2942.363008
90.123596,89,2943.108804
90.123596,89,2943.938003
88.933658,126,2945.161873
89.152392,133,2946.358514
89.271396,142,2947.586939
89.446328,93,2948.418111
89.803507,89,2949.146966
89.003353,121,2950.201616
89.055961,114,2951.197437
-7.920697,4,2951.255788
89.222575,139,2952.451666
88.964891,108,2954.204304
85.608163,94,2955.062035
89.400178,126,2956.184215
89.293312,110,2957.170094
88.6552,134,2958.366858
88.857324,127,2959.492092
88.99667,107,2960.478046
85.73512,103,2961.398771
89.161032,132,2962.685559
86.661804,91,2963.633692
89.580437,112,2964.752006
85.484876,116,2965.842143
89.254646,131,2966.915188
88.818962,138,2968.184975
88.777182,140,2969.480594
89.318793,123,2970.680523
88.542674,148,2972.021648
88.958315,127,2974.065033
89.19081,112,2975.262249
89.108791,126,2976.727067
88.90784,147,2978.334288
86.297205,128,2979.679642
86.97656,100,2980.73878
89.023441,133,2982.126585
88.884927,132,2983.492671
89.038763,114,2984.695524
89.066796,130,2986.024528
89.165985,123,2987.245616
89.429271,132,2988.571007
86.309825,100,2989.550566
89.186963,134,2990.809749
89.613217,109,2991.804993
89.075442,121,2992.981045
89.30035,122,2994.131477
89.707757,89,2995.621837
89.23155,118,2996.685353
89.022655,115,2997.675236
89.067384,146,2998.908475
89.506641,120,2999.981282
89.029935,114,3000.998191
88.851857,129,3002.102158
89.343775,95,3002.881957
89.203385,116,3003.975689
88.79335,113,3004.978154
88.68627,142,3006.209815
89.042577,109,3007.148052
89.096248,134,3008.266944
89.128332,108,3009.14004
88.732233,121,3010.191674
88.706957,124,3011.36699
89.018798,130,3012.68701
88.822139,133,3014.669919
88.817706,132,3015.757472
86.492664,115,3016.765575
89.082183,137,3017.976544
89.15267,134,3019.189448
89.421938,107,3020.131614
89.357328,124,3021.203781
88.682872,122,3022.391133
89.565337,98,3023.389147
89.274204,113,3024.584107
90.123596,89,3025.303058
88.871573,141,3026.45996
87.531681,124,3027.592326
88.738396,139,3028.851257
48.796165,65,3029.457274
88.951704,126,3030.588172
85.619419,138,3031.822865
88.988558,127,3033.557138
88.870476,140,3034.87795
89.109816,98,3035.76984
89.495699,92,3036.646479
88.954189,110,3037.682101
88.958884,135,3038.927592
89.383521,99,3039.814085
89.405631,127,3040.865249
86.441259,105,3041.703976
86.291834,100,3042.640965
-1.121932,12,3042.78518
86.131155,116,3043.734985
88.876357,138,3044.854624
89.200985,120,3045.967086
89.366931,99,3046.844676
86.473057,118,3047.918689
89.403217,146,3049.074407
89.347875,117,3050.00221
89.176281,98,3051.419163
88.675778,129,3052.493481
-8.8,3,3052.538453
88.860277,120,3053.633628
89.115434,125,3054.777995
89.26091,114,3055.696306
88.585597,143,3056.808927
89.539459,96,3057.560663
89.455066,108,3058.403713
89.038062,134,3059.445655
88.867161,134,3060.518502
88.77641,118,3061.443649
84.227787,101,3062.239784
89.318315,123,3063.198005
89.56996,89,3063.85597
89.134933,135,3064.91516
89.075441,124,3065.891536
89.470236,107,3066.729974
89.483553,110,3067.585495
88.777601,133,3069.297423
88.977337,140,3070.392348
89.282024,115,3071.462454
89.742091,119,3072.665277
89.223002,125,3073.925923
89.127928,131,3075.241925
88.887724,122,3076.540167
89.053319,136,3077.988576
88.99664,133,3079.370697
-5.678877,8,3079.481082
88.860011,131,3080.904865
-8.44,4,3080.979204
89.483339,115,3082.207885
-6.166143,6,3082.296269
89.082983,101,3083.350452
88.924867,140,3084.791907
89.365291,122,3086.097841
88.934383,116,3087.165766
89.107984,124,3088.457036
88.897531,136,3090.568293
88.72676,131,3091.923829
9.681066,25,3092.203422
89.039322,106,3093.288277
89.245916,137,3094.661064
88.808562,142,3096.131308
88.730138,163,3097.673039
89.074773,137,3099.118734
89.389288,96,3100.190728
89.248376,120,3101.372597
89.026182,119,3102.613307
90.123596,89,3103.438064
88.951843,124,3104.664658
89.049247,109,3105.735326
89.736079,101,3106.705068
88.978451,128,3107.949185
88.688287,127,3109.197168
26.206744,46,3109.679887
88.835664,124,3111.632883
88.741182,128,3112.844968
88.884059,145,3114.385815
89.197343,113,3115.533397
89.147679,112,3116.699695
88.967455,119,3117.79404
89.078365,138,3119.130749
89.14868,130,3120.403944
88.862417,136,3121.736554
88.732878,141,3123.151553
89.458273,124,3124.26225
89.409256,107,3125.365485
89.567254,112,3126.45518
88.917831,127,3127.690072
89.218484,121,3128.868904
89.018689,108,3129.776101
89.364228,101,3130.571379
89.139583,140,3132.40277
89.165201,119,3133.379865
88.907789,110,3134.287183
89.271228,128,3135.437208
88.949963,124,3136.591429
89.087051,132,3137.810189
89.6262,105,3138.803198
88.740842,129,3140.195992
89.491181,113,3141.257702
88.915871,120,3142.422155
88.61454,137,3143.826502
89.338263,103,3144.921991
89.138063,95,3145.858476
88.79842,140,3147.165993
86.545552,136,3148.578768
89.518014,96,3149.591449
88.770561,146,3151.053478
89.056082,108,3152.838465
89.217706,134,3154.136059
89.284922,108,3155.240089
88.713922,132,3156.573145
0.575752,14,3156.722616
89.416725,100,3157.735463
89.424843,92,3158.638195
89.186332,125,3159.819158
88.904588,114,3160.967536
88.878226,142,3162.289902
86.284676,99,3163.192548
89.461576,120,3164.262692
89.087992,103,3165.122854
89.191819,139,3166.289239
88.633276,132,3167.435131
85.660512,128,3168.52436
89.513136,131,3169.570944
88.942957,147,3171.554952
-4.122571,10,3171.674426
89.098108,94,3172.512478
89.134881,139,3173.830652
88.90419,112,3175.032663
89.002538,124,3176.058548
89.174318,133,3177.191144
88.789447,115,3178.412831
89.237159,142,3179.588971
89.034955,121,3180.682736
89.175939,112,3181.655332
-9.32,2,3181.690032
89.276542,105,3182.698267
88.856473,115,3183.777515
89.193203,130,3184.931117
89.036437,130,3186.010992
88.842954,121,3187.021718
88.95221,112,3188.094416
89.000055,117,3189.13722
89.146754,137,3191.124123
86.394901,123,3192.25223
89.369773,117,3193.357022
88.901062,114,3194.370679
72.573466,98,3195.180684
88.824952,132,3196.346703
89.429883,143,3197.779533
26.221341,40,3198.179387
88.99224,125,3199.369696
89.498713,99,3200.325459
88.971413,105,3201.321031
88.946268,134,3202.532595
88.59104,132,3203.875465
89.415583,121,3205.103663
88.987323,105,3206.079223
89.289325,136,3207.308859
89.104612,122,3208.516852
89.014896,130,3209.630828
82.147137,104,3211.398101
88.98489,113,3212.465899
89.144801,110,3213.461691
89.81634,104,3214.557492
88.714983,142,3215.846662
89.154736,92,3216.669978
90.123596,89,3217.449401
89.100128,130,3218.62476
89.160361,99,3219.499486
88.994068,137,3220.771131
88.659648,137,3221.961288
89.056168,120,3223.094744
85.683293,95,3223.873005
-9.16,1,3223.911011
89.309989,106,3224.779821
89.197271,128,3225.837247
89.587436,108,3226.734025
89.045529,140,3227.885351
89.490237,112,3228.800546
89.272647,124,3230.544111
88.902374,121,3231.665328
89.393794,120,3232.784258
89.024002,118,3233.868321
89.099341,106,3234.89079
89.305795,127,3235.958743
89.514844,96,3236.773921
19.444804,36,3237.082745
89.148047,138,3238.247712
89.141942,131,3239.312911
88.776565,134,3240.428757
88.842426,124,3241.429849
89.082358,133,3242.52024
86.318649,118,3243.49573
89.122983,119,3244.542709
89.431832,97,3245.405975
88.719294,125,3246.437211
85.958016,101,3247.969797
89.132003,109,3248.891353
86.684734,127,3249.980285
89.156108,107,3250.852787
89.137729,126,3251.916988
89.292689,127,3252.990167
88.756652,126,3253.984907
89.101952,107,3254.828925
89.271416,128,3255.846339
89.401039,119,3256.791482
88.850671,135,3257.926417
88.864504,133,3259.172218
88.887713,128,3260.39243
89.111669,122,3261.558482
88.667603,132,3262.868988
88.757494,142,3264.317396
89.063954,135,3265.717085
89.34597,129,3267.711024
89.112145,134,3268.942686
89.620223,94,3269.851069
89.097831,104,3270.835364
88.645306,135,3272.056753
-7.96,3,3272.112106
89.326085,119,3273.249032
89.195769,118,3274.335766
89.774521,103,3275.323895
89.500453,101,3276.190235
89.468355,108,3277.151229
89.496418,106,3278.104004
88.98121,136,3279.239521
89.108599,132,3280.396802
86.963462,108,3281.311442
88.870624,125,3282.323619
63.242218,111,3283.369138
89.231789,131,3284.535053
88.766019,117,3286.184664
88.966871,106,3287.200568
86.11899,99,3288.23607
89.299019,110,3289.340691
88.489091,153,3290.822819
88.753092,121,3291.933017
89.186814,109,3293.014681
89.528173,89,3293.833515
89.171144,97,3294.711019
89.290394,118,3295.70507
89.022514,120,3296.696477
88.717639,125,3297.717072
89.169681,114,3298.725092
86.67636,112,3299.748178
88.910656,130,3301.003411
86.999609,119,3302.071628
88.77068,122,3303.231463
36.507695,54,3303.727338
85.644705,121,3304.881507
89.036532,146,3307.045797
90.123596,89,3307.818964
89.421305,97,3308.612417
29.192445,63,3309.146628
89.111255,117,3310.147768
90.123596,89,3310.831021
88.831361,137,3311.980386
78.867099,88,3312.73515
89.361981,115,3313.672635
88.681713,136,3314.803884
-9.32,2,3314.840585
89.073617,142,3316.012915
89.054334,134,3317.125451
88.881515,117,3318.059955
89.056057,129,3319.079413
89.475616,121,3320.06863
88.877629,126,3321.123169
88.922852,123,3322.137214
89.070963,135,3324.072138
88.67421,139,3325.304679
88.664796,138,3326.625357
90.123596,89,3327.437085
88.755314,134,3328.741155
24.824404,44,3329.229743
89.408696,109,3330.387961
89.29076,110,3331.548822
85.29279,97,3332.5249
88.836806,137,3333.904315
89.298434,112,3335.030334
89.44569,98,3336.025153
88.799494,120,3337.048211
88.841858,125,3338.083673
89.099382,97,3338.894974
-9.16,1,3338.930876
88.967467,111,3339.847198
89.358348,127,3340.900867
88.593113,139,3342.033305
89.052329,141,3343.852497
89.41051,123,3344.98512
88.905633,125,3346.085794
89.491591,89,3346.898137
89.342456,116,3348.040607
-9.32,2,3348.07754
89.011923,138,3349.411707
89.082779,142,3350.634746
85.673125,120,3351.702627
28.469408,44,3352.133931
85.474762,100,3353.105961
88.907769,134,3354.420037
88.755672,147,3355.784614
88.737685,138,3357.121213
85.920754,102,3358.036066
52.312568,77,3358.715586
85.671705,119,3359.736753
89.278703,90,3360.543775
88.762016,118,3361.627001
85.824303,118,3363.4728
68.251128,102,3364.434143
89.125611,130,3365.67273
89.116001,98,3366.458344
88.970996,105,3367.411754
89.344729,103,3368.459989
89.092161,100,3369.443324
86.325401,101,3370.333869
88.901052,122,3371.343534
89.529247,100,3372.174195
-10.0,1,3372.200974
88.863102,111,3373.10968
86.0641,105,3373.973908
89.332008,119,3374.956823
86.352086,116,3376.137444
89.062216,133,3377.384146
88.922039,132,3378.541893
89.206151,126,3379.598428
89.317351,121,3380.658123
88.788693,145,3382.610417
88.925923,125,3383.737165
86.015252,113,3384.820756
88.819929,113,3385.802423
89.062731,120,3386.830321
88.907799,147,3388.050975
90.123596,89,3388.717825
88.822811,142,3389.868381
90.123596,89,3390.560286
88.64913,137,3391.63575
89.996859,92,3392.371962
1.140289,19,3392.540184
89.104614,107,3393.398877
90.123596,89,3394.048765
89.39641,113,3394.970378
88.950329,138,3396.077759
88.949006,103,3396.94212
89.210317,104,3397.821352
89.753169,93,3398.619277
88.819006,137,3400.659509
89.292145,123,3401.785066
89.510366,100,3402.733461
89.870477,89,3403.457234
89.100106,124,3404.483868
89.069999,98,3405.281421
89.313645,102,3406.281714
85.806373,127,3407.380003
90.123596,89,3408.026868
88.499348,111,3409.057521
89.284007,114,3410.066487
89.120513,119,3411.073152
86.139046,102,3411.966823
89.065374,110,3413.023471
88.76002,139,3414.428155
88.805331,141,3415.675268
89.639939,101,3416.669179
88.969877,136,3417.822654
89.162459,134,3419.764804
89.298366,111,3420.772408
90.082927,89,3421.471065
88.927978,142,3422.620077
89.071351,128,3423.703981
89.006426,115,3424.718052
89.570284,105,3425.592754
89.489614,96,3426.460065
88.808248,127,3427.476456
-3.033597,9,3427.565777
89.103048,129,3428.719849
66.010334,89,3429.500777
88.804111,139,3430.694587
89.409022,121,3431.76694
89.235348,125,3432.762019
89.192101,101,3433.640261
89.347763,128,3434.746445
88.986301,128,3436.037596
88.667742,138,3437.965105
89.346068,132,3439.12405
89.043341,136,3440.395976
89.711134,112,3441.414527
88.668957,136,3442.624198
89.195799,116,3443.815132
88.977501,132,3445.086027
89.001129,111,3446.08905
88.85379,131,3447.269953
88.836063,127,3448.397883
89.077378,121,3449.439085
85.9309,113,3450.45137
89.846028,95,3451.378824
89.597029,102,3452.445099
86.296443,117,3453.692009
89.160487,93,3454.586344
89.52564,118,3455.818563
88.771529,129,3458.147938
88.752823,117,3459.221262
45.173157,90,3460.052203
88.653122,143,3461.343255
88.802754,123,3462.485663
89.036162,132,3463.796911
89.566552,107,3464.868244
90.123471,89,3465.613822
88.753681,139,3466.881445
89.85254,97,3467.861372
88.68695,146,3469.208202
86.145584,103,3470.223566
89.127197,98,3471.277828
89.097928,134,3472.722699
89.172387,137,3474.10438
88.805482,127,3475.323595
88.982603,119,3476.511342
86.982597,105,3478.482036
90.123596,89,3479.178363
88.872034,116,3480.211687
89.061866,102,3481.117389
-7.4,5,3481.187793
-2.431877,17,3481.373039
85.542488,135,3482.531922
85.51688,89,3483.349928
88.779693,147,3484.785697
89.482566,119,3485.960142
89.223668,116,3487.065832
86.282453,96,3487.936672
88.917038,103,3488.855078
89.250415,111,3489.835636
88.77811,136,3491.061693
89.298371,123,3492.125909
89.078888,122,3493.230523
89.460347,104,3494.147703
86.107525,104,3495.067158
88.984226,133,3496.23973
89.074874,127,3498.56742
88.994739,128,3499.800288
21.303937,47,3500.303872
89.211283,107,3501.366725
87.112767,99,3502.488883
89.543377,99,3503.900131
89.109335,146,3505.577444
89.51196,119,3506.668401
88.886148,129,3507.747845
88.767907,130,3508.894681
89.116134,104,3509.814179
88.744109,122,3510.913834
88.80936,132,3512.139557
88.878786,124,3513.236423
88.97195,105,3514.256082
89.156908,137,3515.456964
86.189509,126,3516.661237
89.557996,97,3517.571894
88.845055,116,3519.563401
89.041574,102,3520.709108
89.526358,108,3521.937051
89.119915,117,3523.220431
89.06784,110,3524.438536
88.816746,121,3525.738327
88.794754,119,3527.044868
88.916339,113,3528.329826
89.135816,90,3529.157703
88.687494,124,3530.216373
88.969142,136,3531.540597
86.434226,106,3532.534176
88.869027,122,3534.173416
88.810818,130,3535.915519
88.818547,136,3537.398528
88.751923,124,3538.813812
88.942531,150,3540.510743
88.856709,118,3542.840299
89.143106,116,3544.117132
89.086028,140,3545.774813
89.233227,110,3547.229652
89.576816,101,3548.360077
89.313218,108,3549.483354
88.751622,128,3550.744446
88.925036,126,3552.217961
89.309748,125,3553.661349
88.965507,125,3555.226589
89.326321,133,3556.642627
89.310929,89,3557.650762
88.747058,128,3559.031608
89.387738,101,3560.398233
88.666888,132,3562.221397
89.109265,107,3563.794879
89.420605,109,3565.416159
89.240803,114,3567.977269
89.516994,96,3569.287664
88.738721,131,3571.093286
88.959747,113,3572.803512
89.097838,124,3574.280504
89.245063,118,3575.58562
89.143745,133,3576.996348
-5.179683,6,3577.106041
88.646384,129,3578.557687
89.359242,105,3579.807852
29.863375,63,3580.586564
88.992475,138,3582.408898
89.826966,90,3583.36606
89.813711,107,3584.765702
89.154016,111,3585.937681
88.827525,139,3587.501194
89.032603,106,3588.814598
88.864812,124,3590.189739
88.847346,135,3591.681683
85.992427,127,3594.308434
89.229983,94,3595.413797
86.313599,116,3596.763711
89.393871,96,3597.78378
90.057699,90,3598.856427
89.071209,140,3600.439046
89.061973,142,3601.964064
89.027298,134,3603.390915
88.94569,127,3604.753076
89.414219,125,3606.221809
86.606985,117,3607.606272
89.146058,129,3608.900398
89.298227,127,3610.151587
86.714083,98,3611.318382
89.083849,109,3612.436976
88.988953,132,3613.78865
89.231659,111,3615.005813
52.561094,79,3615.897723
89.052117,110,3618.251311
88.976826,107,3619.359424
88.916255,121,3620.75705
88.818058,140,3622.431806
89.995909,89,3623.477381
89.16394,135,3625.112705
88.904766,132,3626.60079
89.30553,118,3627.913957
89.38133,107,3629.101717
89.131149,126,3630.479297
-8.2,6,3630.566123
89.113917,120,3631.907768
89.256681,123,3633.325394
88.852471,145,3635.074155
88.683423,143,3637.064624
89.202065,131,3638.634765
89.203209,102,3640.069335
86.722442,109,3641.375062
86.030012,97,3643.533588
89.458074,95,3644.509292
89.209759,130,3645.923072
89.353808,129,3647.439123
89.050849,123,3648.880578
89.336073,121,3650.258422
89.151894,128,3651.487548
88.671947,143,3652.827333
89.271625,91,3653.697332
89.674602,102,3654.684366
89.050922,103,3655.610747
89.249734,105,3656.572144
88.968635,122,3657.746485
89.163013,103,3658.696507
88.94821,145,3659.973565
85.556261,101,3660.874645
88.910079,144,3662.18013
89.041296,119,3664.262678
88.857039,122,3665.384103
89.062842,127,3666.534602
88.987095,143,3667.808213
88.884384,131,3668.952187
89.884366,89,3669.670285
89.392401,135,3670.860654
89.340124,130,3672.030054
89.92585,89,3672.839477
89.241826,123,3674.078488
89.290049,94,3675.060173
89.346142,121,3676.143923
88.749888,117,3677.19284
88.659033,127,3678.404058
88.812413,130,3679.64479
88.959731,118,3680.790541
89.058847,121,3681.86384
89.026345,115,3684.077979
89.37144,114,3685.149293
89.759084,95,3686.139138
89.191461,106,3687.234876
89.448888,106,3688.194536
88.836176,108,3689.177274
89.220231,131,3690.339022
90.123596,89,3691.118563
89.296601,100,3692.018647
89.438194,96,3692.89416
90.123596,89,3693.638367
86.533734,134,3694.852148
88.653075,134,3696.015614
89.219221,89,3696.821969
89.406768,121,3697.886576
89.345039,140,3699.156049
85.617648,103,3700.07694
89.479544,122,3701.156808
89.100003,116,3702.204091
89.116672,145,3704.419437
89.065427,103,3705.348018
90.123596,89,3706.064867
88.863301,124,3707.349744
89.352966,103,3708.434748
88.832739,135,3709.645633
89.189456,117,3710.680262
88.76316,123,3711.843003
-9.12,4,3711.906838
85.849056,110,3712.92461
89.243964,118,3714.056087
88.666112,140,3715.46035
86.475521,122,3716.93298
89.087409,119,3718.154913
89.604945,113,3719.327654
89.407886,122,3720.594527
88.743627,121,3721.886761
86.91169,95,3722.829384
88.882895,123,3724.975282
89.332727,89,3725.820544
89.471602,114,3727.016011
90.123596,89,3727.72098
89.233454,110,3728.653163
90.123596,89,3729.371288
89.315038,104,3730.290293
89.282685,122,3731.372889
88.863556,116,3732.384567
89.360106,100,3733.272055
89.211214,133,3734.390068
89.608426,106,3735.295017
89.001061,132,3736.426918
86.334501,122,3737.530787
89.68336,102,3738.385793
86.14227,101,3739.251232
89.285838,112,3740.303499
89.507866,112,3741.623065
82.696251,96,3742.720064
89.165035,150,3745.203463
88.879052,116,3746.227197
89.130976,113,3747.252495
89.230118,95,3748.115511
89.097564,122,3749.15405
89.194525,101,3750.017687
89.232692,100,3750.914264
89.102491,124,3752.000106
89.192143,122,3753.055889
88.869547,123,3754.157916
89.163414,112,3755.097684
88.786299,131,3756.218646
-7.6,4,3756.280407
89.600758,100,3757.149267
89.373623,129,3758.220481
90.123596,89,3758.910633
89.064167,141,3760.122264
88.970496,140,3761.292864
89.350845,96,3762.953285
89.26534,130,3764.18036
89.727778,123,3765.211547
89.191424,118,3766.229622
89.059947,138,3767.387971
89.356184,108,3768.282513
88.954,147,3769.504352
89.56339,101,3770.349961
89.310919,111,3771.32796
89.234485,144,3772.530331
90.123596,89,3773.236249
89.699386,95,3774.185997
89.26633,103,3775.191008
88.800946,126,3776.393835
89.055092,135,3777.596707
88.906515,108,3778.540536
89.257365,112,3779.482576
89.385028,129,3780.555877
88.999217,132,3782.82292
88.941897,133,3783.920802
89.047754,108,3784.83978
88.602205,141,3786.078305
86.452239,104,3786.957116
89.347656,119,3787.944539
89.220636,103,3788.811193
89.116885,140,3789.981145
88.722281,135,3791.119138
89.953759,89,3791.850486
89.896439,98,3792.723562
89.1558,115,3793.741292
89.425798,104,3794.649862
89.506291,102,3795.5205
89.180227,107,3796.436201
-8.44,4,3796.489043
86.337769,115,3797.518391
89.249666,114,3798.546472
89.456249,108,3800.723449
86.337659,107,3801.821646
89.261594,103,3802.807382
88.854441,139,3804.446112
89.174125,125,3806.041996
85.468134,132,3807.531649
89.226684,99,3809.022731
88.991164,136,3810.615763
89.594958,105,3811.653094
88.860614,138,3813.282813
89.143011,121,3814.727985
89.14858,112,3815.727829
90.123596,89,3816.494194
90.110477,89,3817.354342
85.852174,106,3818.456658
88.844703,126,3819.591967
89.34149,96,3820.44665
89.180312,94,3821.258597
88.955209,108,3822.252774
89.4691,90,3823.905037
89.636413,94,3824.696377
89.22617,89,3825.444664
89.513555,93,3826.272919
89.176398,134,3827.573526
89.564785,93,3828.511948
89.410627,122,3829.717893
89.209229,125,3830.855415
89.428015,107,3831.98306
89.180281,150,3833.780616
86.292856,94,3834.9024
88.981334,102,3836.097776
88.717531,142,3837.63653
88.906165,124,3838.971479
89.322568,133,3840.341952
89.027115,122,3841.744152
89.427853,109,3843.182766
88.954933,120,3844.68798
88.727337,130,3847.135973
85.52311,115,3848.40724
88.806113,136,3849.884787
88.821151,125,3851.109115
90.123596,89,3851.915006
89.503902,108,3853.001194
86.461586,143,3854.620367
87.569912,99,3855.711532
87.583524,119,3857.00427
86.306019,137,3858.556625
89.366193,124,3859.846263
88.740779,145,3861.434807
88.642392,144,3863.447437
89.296461,141,3865.223899
89.053171,107,3866.172107
82.968401,91,3866.959155
86.114262,93,3867.77234
89.330777,127,3869.624738
89.000908,103,3870.720907
88.795339,124,3871.834451
89.228146,136,3872.974017
89.657998,107,3873.873939
89.093689,103,3874.796237
89.123567,113,3875.819456
24.133214,44,3876.22151
-6.739722,5,3876.283365
89.037321,142,3877.474863
86.005154,97,3878.291498
18.926844,34,3878.578359
86.069471,95,3879.399062
22.832124,37,3879.752941
90.123596,89,3880.432056
82.853122,114,3881.464242
88.980054,136,3882.807915
89.117933,117,3883.967304
88.731688,138,3885.118
88.968372,114,3886.086323
89.190348,122,3888.152543
88.671444,138,3889.309091
88.923449,138,3890.478678
63.467857,105,3891.391894
89.498039,120,3892.39517
89.365672,139,3894.037783
86.911183,125,3895.165426
89.266362,99,3896.135988
88.818347,123,3897.345687
85.748326,145,3898.612411
89.393087,135,3899.766818
88.787432,145,3900.966148
89.094411,117,3901.966546
89.279913,120,3902.957522
89.007342,126,3904.299158
88.980402,135,3905.472084
89.143872,141,3907.703836
86.023146,102,3908.572318
89.061639,103,3909.447676
90.123596,89,3910.128845
89.037456,114,3911.350968
88.610054,144,3912.707277
89.116023,129,3913.809581
89.61389,108,3914.813064
88.714845,141,3916.460561
88.86835,116,3917.801142
89.426345,107,3919.094587
89.342733,106,3920.192228
89.585628,128,3921.76699
89.131358,101,3922.852014
89.104242,111,3924.450379
88.962011,113,3925.92171
89.163029,116,3927.251199
88.776363,125,3928.629743
90.123596,89,3930.703013
89.236344,136,3932.324817
89.028833,117,3933.764097
88.769627,118,3935.200748
89.114172,139,3936.951562
88.907475,146,3938.609171
89.483482,106,3939.946164
88.670405,129,3941.235478
88.671448,147,3942.976727
89.270331,93,3944.037463
89.151414,136,3945.587673
38.374197,66,3946.472526
89.339566,102,3947.606598
89.719809,101,3948.761936
89.125213,103,3950.187373
88.543679,135,3952.173122
88.99027,139,3954.461694
88.805505,137,3957.28039
89.068763,142,3958.896013
89.670003,92,3959.957969
89.512379,113,3961.188268
89.004304,118,3962.53447
89.205903,132,3964.028462
88.660487,129,3965.689207
87.022424,118,3967.316649
-7.6,4,3967.424584
88.824499,116,3968.956134
88.698448,132,3970.409148
89.078332,139,3971.976254
88.735825,140,3973.458072
88.83999,117,3974.767982
88.95944,112,3975.938038
85.892846,123,3977.351238
88.979067,129,3978.867612
88.885871,142,3980.639331
88.644203,139,3983.52644
-4.599704,7,3983.651975
88.729092,135,3985.445174
88.830573,123,3987.009394
88.574422,138,3988.673216
88.710009,142,3990.290457
88.715026,139,3991.892825
89.853457,89,3992.86507
89.831595,104,3994.048954
89.095043,112,3995.385886
88.811962,135,3996.988944
89.043996,129,3998.479448
88.778283,116,3999.838066
88.850697,131,4001.382159
53.648357,88,4002.278346
89.495639,120,4003.466071
89.25911,117,4004.596612
89.480673,106,4005.778788
88.95183,122,4008.241193
89.286163,115,4009.566916
89.176895,122,4010.904912
88.997348,118,4012.345217
88.943783,123,4013.972691
88.807702,128,4015.416548
-3.439731,8,4015.527149
89.314576,123,4016.973998
88.760427,139,4018.952101
89.046404,145,4020.506753
89.272448,139,4021.94618
-7.36,6,4022.040439
89.547308,111,4023.136425
89.014949,128,4024.570238
88.95901,127,4025.982507
88.878949,141,4027.496918
85.843335,97,4028.565104
89.250934,135,4030.056468
89.013462,102,4032.338327
89.114433,122,4033.729878
89.878472,89,4034.616433
89.127101,139,4036.170538
89.166009,137,4037.667976
89.048912,107,4038.818157
90.123596,89,4039.646623
89.531228,95,4040.654809
88.952019,131,4042.064655
88.993239,129,4043.520714
88.920422,137,4045.479744
88.806927,114,4046.746825
85.628903,137,4048.205404
88.873382,142,4049.914667
89.384828,94,4051.084245
86.101463,122,4052.528687
89.421966,102,4053.63799
89.645261,104,4055.890982
89.625268,119,4057.164592
88.909117,127,4058.778798
89.00902,122,4060.077972
89.013677,125,4061.452329
88.813886,123,4063.130714
88.750224,144,4064.7284
89.250099,99,4065.715614
89.097631,107,4066.756218
89.322201,112,4067.849637
88.756191,128,4069.177226
83.410334,99,4070.286464
88.846655,142,4071.839496
89.455844,118,4072.887974
89.15932,124,4073.992068
88.850973,134,4075.200829
88.860543,143,4076.650923
88.982338,116,4078.605146
88.863186,136,4079.761406
90.123596,89,4080.455085
-2.639981,9,4080.555021
89.038285,103,4081.513671
88.933234,123,4082.557104
90.123596,89,4083.247228
88.75412,145,4084.740193
89.588117,100,4085.944046
89.729896,95,4086.781662
88.903322,133,4087.932958
89.402314,102,4088.861794
88.907632,118,4090.051528
89.230621,122,4091.090444
-7.408199,8,4091.175507
85.933023,97,4092.050687
89.493685,116,4093.05965
89.478492,102,4093.938978
88.998456,136,4095.091272
89.859389,98,4095.926921
89.044184,135,4098.246366
89.046355,139,4099.425449
85.712852,103,4100.542404
88.661394,135,4102.012208
89.042659,101,4103.183739
88.852461,114,4104.533003
89.181097,145,4106.122896
-9.16,1,4106.173086
89.280647,120,4107.60428
89.241158,100,4108.848766
89.958642,89,4109.826163
89.070276,115,4111.179114
89.800591,89,4112.163933
89.097308,101,4113.285019
88.541519,140,4114.986351
89.295657,126,4116.386123
85.366384,137,4118.005207
89.549879,111,4119.270108
89.091097,107,4120.446606
88.969121,130,4122.993985
89.552918,109,4124.181302
89.09005,130,4125.693166
89.910485,100,4126.822337
89.848557,113,4127.90129
89.387531,140,4129.089514
75.311507,114,4130.116295
89.18672,125,4131.325689
88.784951,138,4132.625444
89.285758,122,4133.729616
89.175281,113,4134.734034
89.238992,121,4135.775888
88.803788,136,4136.96738
89.213393,124,4138.079913
88.777312,142,4139.270532
89.033512,111,4140.230361
90.123596,89,4140.894954
89.436243,118,4142.896305
89.177446,116,4143.906321
89.688807,114,4144.968561
88.859402,117,4146.145422
89.283216,146,4147.492636
89.809396,91,4148.218225
88.675306,133,4149.345504
88.668114,131,4150.472898
88.866643,138,4151.655323
89.229651,109,4152.624827
88.75237,110,4153.612517
89.339527,101,4154.510784
89.289544,133,4155.629231
89.261827,119,4156.673258
89.389851,122,4157.722328
86.40771,113,4158.683703
89.789358,90,4159.437821
88.648278,139,4161.535277
88.797096,136,4162.866683
88.688797,136,4164.281289
89.324548,120,4165.456975
89.182686,114,4166.447447
88.75468,134,4167.584653
88.809454,119,4168.591199
86.714633,103,4169.500579
89.171219,115,4170.550953
89.409242,91,4171.403776
89.314533,109,4172.343248
-8.44,4,4172.396375
88.648729,133,4173.525868
89.117241,152,4174.84808
89.378479,101,4175.696208
67.481478,104,4176.627169
89.067793,90,4177.329896
89.377582,127,4178.400695
90.123573,89,4180.371927
88.738706,120,4181.750578
89.045928,140,4183.459437
89.151554,104,4184.667005
88.998652,122,4186.080617
88.951598,132,4187.564089
89.036714,117,4188.891049
88.900581,128,4190.360513
89.270471,123,4191.756602
89.355263,89,4192.658157
89.490328,111,4193.94311
89.290949,118,4195.396835
88.557037,148,4197.077549
89.237111,136,4198.708956
86.401292,90,4199.688977
89.466082,102,4200.883064
2.539453,17,4201.09223
88.613801,150,4202.810021
88.889481,142,4205.329222
89.159818,128,4206.47397
86.559522,100,4207.341812
89.17911,106,4208.222561
88.751566,133,4209.356562
89.409244,122,4210.396767
89.50346,105,4211.291105
89.126111,108,4212.270104
89.71738,98,4213.121021
82.724577,95,4213.958788
89.295616,113,4214.923501
89.231487,131,4216.128605
89.349411,124,4217.312238
89.127479,126,4218.370299
89.580353,113,4219.334151
88.911146,126,4220.44437
86.046263,109,4221.383096
88.709705,131,4222.753416
89.456113,97,4224.641637
-7.6,4,4224.70621
88.904836,126,4225.793674
89.102558,92,4226.601056
89.165579,111,4227.569444
90.123596,89,4228.441461
88.862109,129,4229.656532
89.032623,113,4230.64655
89.026938,122,4231.891438
88.943349,106,4232.911373
89.196028,111,4233.876166
86.119091,89,4234.639853
89.50307,101,4235.497993
85.988901,117,4236.475615
88.80782,147,4237.688729
89.119107,135,4238.853862
88.87356,135,4239.984629
89.295289,95,4240.793913
88.888388,142,4242.047605
89.167324,99,4244.099217
89.156811,105,4245.036072
90.007746,95,4245.857332
89.300737,138,4247.032042
89.34014,89,4247.736854
89.330438,112,4248.694674
86.267192,90,4249.658506
88.566564,147,4250.95253
88.953264,151,4252.255855
89.368267,127,4253.496338
87.190618,128,4254.85995
88.945504,122,4255.895685
89.320962,109,4256.858484
85.597486,133,4257.99492
88.895547,135,4259.160801
89.082153,123,4260.578139
89.375659,103,4261.686863
89.061444,99,4263.703353
89.925669,102,4264.723117
88.721418,152,4266.197118
-7.883847,4,4266.281696
89.312638,109,4267.252595
88.697871,134,4268.366133
89.24091,120,4269.390014
88.768714,129,4270.534813
89.56628,97,4271.631026
89.67712,96,4272.714984
89.722037,106,4273.844582
89.79321,100,4274.933911
89.616651,108,4276.160858
90.123596,89,4277.080287
89.233136,94,4278.066686
88.70102,130,4279.501229
88.876694,127,4281.216581
89.014905,105,4282.690217
89.122289,110,4283.943033
89.211798,105,4286.162786
88.899993,141,4287.959096
89.951462,89,4288.908222
88.78445,136,4290.379014
88.915883,129,4291.855411
88.980891,142,4293.484631
86.199466,106,4294.960955
89.048089,131,4296.366065
89.345956,91,4297.324693
89.579946,98,4298.856067
88.944907,131,4300.596118
89.339643,105,4301.77801
88.88064,122,4303.103475
89.057244,105,4304.194237
89.423811,95,4305.233194
89.066146,129,4306.703086
89.024114,114,4308.041151
86.204185,89,4308.969923
89.283939,103,4311.068663
89.163776,117,4312.426711
89.106544,122,4314.101331
88.707265,127,4315.93546
88.979738,121,4317.357899
85.755562,124,4318.622511
88.887398,139,4320.083856
89.175735,110,4321.305822
89.319206,108,4322.545198
89.94657,93,4323.523109
89.106301,106,4324.677924
89.236074,123,4326.063137
-9.32,2,4326.125224
89.594478,108,4327.291557
88.870439,119,4328.538224
89.030519,128,4329.950322
89.04837,138,4331.255558
89.2652,129,4332.460172
89.389429,130,4334.806988
89.253141,126,4335.932742
89.210325,92,4336.700322
89.00104,109,4337.689405
85.96553,118,4338.700568
89.601605,114,4339.687667
89.465964,97,4340.552705
90.123596,89,4341.228544
89.090955,92,4342.052364
-8.8,3,4342.117584
88.635644,137,4343.57718
89.38044,97,4344.455945
89.223411,128,4345.600127
88.781772,138,4346.817017
85.512505,97,4347.637272
89.7899,100,4348.479108
89.177233,105,4349.439014
89.257407,136,4350.774447
89.209194,106,4351.743896
88.708197,130,4352.850427
88.849535,114,4354.775816
27.498466,46,4355.172212
88.794512,134,4356.419654
89.099925,150,4357.867813
88.789734,133,4359.212564
88.991482,131,4360.368417
15.480781,36,4360.692375
89.339295,102,4361.707465
89.168464,145,4363.262424
89.508958,115,4364.27561
89.790915,109,4365.205173
88.854091,111,4366.269339
88.886581,113,4367.329481
89.512949,106,4368.321539
89.373643,111,4369.263
89.026513,105,4370.213616
88.823833,142,4371.72951
90.123596,89,4372.648329
88.865865,153,4375.356549
89.148994,115,4376.527997
89.08398,120,4377.614841
89.401134,115,4378.64234
89.403183,129,4379.722623
88.76169,128,4380.812532
89.345845,115,4381.809373
85.129684,124,4382.874311
88.884353,136,4383.988806
88.516837,144,4385.199141
89.870109,91,4385.95598
89.013664,109,4386.884166
89.112793,125,4387.918567
88.945814,113,4388.852928
89.410966,94,4389.646537
-8.8,3,4389.690598
89.507209,101,4390.555509
89.213909,127,4391.646627
88.639671,131,4393.962954
88.95657,133,4395.086422
89.332073,89,4395.837832
88.949327,117,4396.873639
89.015704,122,4397.923657
88.925008,136,4399.064615
86.609335,98,4400.106757
88.965767,118,4401.260102
89.033198,115,4402.397814
88.910072,138,4403.632564
88.739745,137,4404.844116
86.136252,107,4405.793232
89.525054,89,4406.500887
88.890303,107,4407.5888
-10.0,1,4407.623476
89.215524,135,4409.100317
89.134238,115,4410.068491
88.844144,144,4411.290088
88.829171,122,4413.723117
89.250496,125,4415.273216
89.718754,100,4416.10676
88.598295,134,4417.274466
89.270025,91,4418.021598
89.34899,103,4419.081302
87.206848,99,4420.073006
89.162425,112,4421.062087
89.469189,92,4421.863116
89.124474,94,4422.708356
90.036373,89,4423.403013
89.156653,121,4424.431096
89.624941,99,4425.271867
89.504836,112,4426.196388
89.183695,122,4427.237239
89.367979,100,4428.068401
-9.32,2,4428.102035
89.432502,112,4429.02397
89.462373,121,4430.0796
89.220314,131,4431.231928
88.719986,142,4433.877364
89.250623,93,4434.87026
89.196504,134,4436.136039
89.628054,107,4437.051273
89.076239,110,4437.972023
88.902905,146,4439.195407
89.37379,94,4439.996779
89.063985,113,4440.945135
89.027376,129,4442.077742
89.170539,143,4443.273653
89.149544,122,4444.401203
89.255552,114,4445.415923
89.339825,106,4446.309942
88.734301,130,4447.392782
89.292144,99,4448.215307
89.009122,105,4449.098144
36.578977,66,4449.681001
89.667519,102,4450.62001
88.70638,138,4452.82513
89.691746,89,4453.593501
88.776712,134,4454.884798
89.078712,130,4456.233982
86.16526,108,4457.514354
89.306545,121,4458.780573
88.981294,140,4460.187827
-8.44,4,4460.246212
88.954284,129,4461.489711
89.001286,101,4462.711897
89.180121,100,4463.94435
89.522521,116,4465.441239
88.937637,119,4467.029739
89.223353,135,4468.466661
89.369264,103,4469.767303
88.866223,132,4471.334571
-8.28,4,4471.437504
89.222156,95,4472.617683
88.947964,117,4473.935759
89.157856,128,4476.476459
88.827418,131,4477.950877
89.09396,118,4479.156858
89.251176,123,4480.580394
89.438654,118,4481.773853
85.352538,109,4483.000185
89.084377,118,4484.295593
89.076142,140,4485.816723
57.057493,83,4486.688403
89.699727,97,4487.782825
86.021273,91,4488.770864
89.342034,109,4489.946721
89.607841,106,4491.169614
89.377967,135,4492.506735
61.603234,91,4493.632228
89.232546,115,4495.264948
89.178553,98,4496.645193
89.22712,116,4497.905387
89.174969,129,4500.318981
89.07635,109,4501.680266
89.041888,122,4503.255477
-7.061268,5,4503.345399
89.335392,114,4504.566011
88.898556,135,4506.154261
89.404683,125,4507.307465
89.02478,119,4508.344448
88.851478,139,4509.553553
89.021403,116,4510.543087
89.308354,97,4511.422219
88.982354,120,4512.481915
88.944126,123,4513.539244
86.223149,91,4514.337645
88.805183,129,4515.44666
90.123596,89,4516.135262
89.165357,132,4517.289144
89.292058,114,4518.317069
89.021629,116,4519.710715
89.57178,108,4522.018785
88.944805,115,4523.398723
89.295829,110,4524.727487
86.916316,96,4525.820543
89.101843,135,4527.398972
86.186442,132,4528.936027
88.675151,143,4530.40737
88.946116,126,4531.751249
83.197959,132,4533.358181
88.908929,126,4534.938005
89.544497,94,4535.943085
89.145909,124,4537.013803
89.039041,129,4538.109992
-9.32,2,4538.147403
88.924304,138,4539.424863
88.880656,144,4541.096002
89.145261,107,4542.253498
89.993091,89,4543.216895
88.864469,115,4544.919019
3.310663,21,4545.131751
85.777841,115,4546.129082
89.518871,119,4547.311337
85.757322,104,4548.45759
89.243632,125,4550.088087
88.716293,132,4551.825382
89.992389,89,4552.866085
88.822712,132,4554.247355
88.772238,147,4555.714614
88.835372,144,4557.038923
89.135681,123,4558.266943
89.203793,119,4559.56855
88.768058,130,4560.909402
89.384629,103,4561.972798
89.051915,135,4563.340047
89.735136,102,4564.403276
85.199979,132,4566.58326
88.706773,142,4568.100696
88.762015,120,4569.47217
89.671405,135,4570.870238
88.734161,137,4572.29099
89.444359,110,4573.418498
88.834799,122,4574.689643
89.144543,130,4576.019244
89.009964,120,4577.282948
89.266039,111,4578.461992
89.014726,103,4579.53495
68.401697,89,4580.46791
89.419892,94,4581.444921
88.943045,117,4582.650228
89.708311,105,4583.785657
88.891134,120,4585.008171
89.104966,139,4586.298954
89.510882,109,4587.41737
89.506947,112,4589.386651
88.516703,146,4590.851753
85.394066,126,4592.126137
88.948137,114,4593.27948
-10.0,1,4593.311263
89.049166,95,4594.297997
88.839219,133,4595.626227
89.234175,98,4596.66357
89.756753,100,4597.692289
88.950349,116,4598.8479
89.253524,129,4600.093096
86.175683,103,4601.08304
85.849266,133,4602.497777
88.782383,132,4603.859983
-10.0,1,4603.891087
88.743574,134,4605.210057
89.455509,90,4606.043271
89.159734,125,4607.214894
88.991696,139,4608.548855
88.875258,138,4610.70722
88.704539,137,4612.115334
89.028126,99,4613.122072
89.095338,134,4614.487349
89.358379,113,4615.580443
85.713373,102,4616.556917
89.872347,89,4617.374341
89.516972,99,4618.288016
89.048154,105,4619.250062
89.012897,121,4620.407671
89.189865,122,4621.674289
89.038214,131,4623.021402
88.659657,139,4624.33229
89.02235,137,4625.689677
89.906908,89,4626.49014
89.244673,130,4627.865301
88.996704,126,4629.135494
89.403923,101,4630.931488
88.488724,151,4632.606051
89.462779,120,4633.890877
89.309518,111,4634.966024
51.844874,96,4635.917555
90.123596,89,4636.741943
86.51392,101,4637.779359
88.782741,135,4639.134942
64.95753,86,4639.997723
88.920905,109,4641.171933
89.240821,121,4642.406156
88.098553,102,4643.540627
89.699566,107,4644.672142
89.342319,103,4645.740551
89.333394,124,4647.005792
86.006707,108,4648.137892
89.157131,105,4649.237186
89.070619,112,4650.462206
89.14677,104,4651.497969
89.225872,117,4653.536194
88.894864,142,4655.04774
-9.32,2,4655.091778
88.992256,134,4656.481428
89.492609,116,4657.677567
89.773456,89,4658.4869
89.555387,102,4659.589673
89.446401,118,4660.799887
89.261969,128,4662.076951
33.87319,62,4662.716526
89.248857,123,4663.981234
88.897828,109,4665.057045
88.691459,145,4666.518145
89.082549,125,4667.811978
89.300608,134,4669.103477
-7.4,5,4669.184839
86.207276,119,4670.384693
88.753484,124,4671.596803
89.188102,104,4672.714551
89.070586,130,4674.906248
89.274417,126,4676.176357
89.158201,144,4677.576764
90.033513,89,4678.386826
-8.792859,3,4678.436907
88.777439,130,4679.719229
89.586902,104,4680.769495
89.19563,134,4682.073385
88.809763,121,4683.218692
89.223813,129,4684.548603
87.125943,128,4686.017223
11.585177,34,4686.491535
89.860439,95,4687.593256
89.148073,125,4689.197273
88.7676,122,4690.783612
88.7148,125,4692.269215
89.17808,94,4693.259566
89.899697,90,4694.190869
89.218711,121,4695.64613
86.083449,98,4696.794221
89.695813,95,4699.128129
88.858693,122,4700.63614
89.129761,113,4701.951799
86.237316,103,4703.30416
89.409952,120,4704.723056
89.100826,116,4705.990765
88.832554,143,4707.602114
88.836862,118,4708.964183
89.3226,108,4710.157299
89.37674,144,4711.866297
89.814635,103,4713.255419
90.123596,89,4714.297767
88.854517,132,4715.857836
88.810197,133,4717.490764
88.804248,132,4718.915461
88.975501,117,4720.255952
85.947205,92,4721.30444
-8.8,3,4721.37341
89.363404,119,4724.091553
89.072832,120,4725.572117
85.937219,100,4726.630197
88.784288,114,4727.778891
89.183559,144,4729.220539
89.337332,132,4730.543734
89.410893,118,4731.708394
-9.179767,2,4731.745863
39.891811,68,4732.442091
86.591657,96,4733.596109
-8.8,3,4733.658152
89.184218,134,4735.089696
89.407261,122,4736.447581
89.058778,135,4737.804289
88.760893,121,4739.113643
88.910965,133,4740.575368
89.283537,102,4741.605647
-10.0,1,4741.639991
89.00598,127,4742.957339
89.094527,135,4744.386954
88.833214,130,4746.908941
85.802597,119,4748.085479
89.051747,118,4749.19245
88.817099,119,4750.350039
89.183377,129,4751.581338
89.090025,109,4752.627258
89.367146,109,4753.767663
85.875668,136,4755.043885
16.125348,45,4755.468548
89.538101,90,4756.533936
89.066943,133,4758.08106
88.514706,150,4759.6675
89.015663,119,4760.879329
88.924557,129,4762.011162
88.768984,119,4763.256371
34.775969,63,4763.839768
89.905744,89,4764.56535
88.818892,144,4765.78342
85.338092,142,4768.149771
88.941462,143,4769.528418
89.386991,130,4770.648152
89.28159,103,4771.60429
89.123782,113,4772.624093
89.049819,105,4773.508795
89.125896,105,4774.424679
89.345191,118,4775.474735
89.094848,129,4776.74484
89.83858,105,4777.845849
89.15414,99,4778.929881
89.160011,118,4780.179772
89.503678,111,4781.374565
89.351631,125,4782.763875
85.769662,112,4783.935857
88.749203,128,4785.215653
89.286274,118,4786.378378
88.958027,118,4787.581944
89.08946,136,4790.157395
31.835518,60,4790.811038
89.138053,121,4792.19261
88.971257,130,4793.593079
-3.176034,12,4793.739642
89.246841,105,4794.87438
89.754467,93,4795.813212
89.317294,89,4796.583654
88.955241,117,4797.585871
89.033327,136,4798.764638
88.776012,125,4799.916364
89.284611,150,4801.187025
88.736548,129,4802.396072
88.906789,128,4803.462362
89.144015,128,4804.544429
89.554486,107,4805.458006
86.45952,107,4806.368116
89.36624,96,4807.194164
85.791305,103,4809.003368
88.939964,137,4810.239714
89.412438,95,4811.032062
89.590358,104,4811.934077
89.376006,98,4812.791756
-8.48,2,4812.841628
89.107778,127,4813.957845
85.70363,119,4814.961609
88.731747,120,4815.983673
86.375649,125,4817.041731
89.094215,136,4818.187365
86.195113,122,4819.21692
89.217841,122,4820.258887
89.359816,89,4820.9724
89.063698,132,4822.083341
88.886169,131,4823.254214
88.701051,129,4824.637627
89.042079,98,4825.556525
89.459873,89,4826.393735
19.44995,31,4826.662024
89.347008,89,4828.366581
89.11687,109,4829.274839
89.282511,109,4830.211805
88.97627,110,4831.183917
89.451076,100,4832.01977
89.195553,104,4832.906092
88.577468,143,4834.125985
89.071841,101,4835.003651
88.941153,134,4836.170751
89.604148,105,4837.062273
89.030212,105,4837.972313
86.256285,96,4838.801878
88.992077,125,4839.832356
89.705501,91,4840.614133
89.296161,104,4841.504267
89.540008,100,4842.370152
88.906457,110,4843.468977
-9.32,2,4843.506475
88.729573,133,4844.74746
89.590632,90,4845.435104
88.834899,122,4847.461651
89.808951,100,4848.318741
88.831026,143,4849.720218
86.288685,106,4852.356011
89.203145,136,4854.610558
88.650988,147,4856.765038
87.575204,106,4858.587145
89.135086,135,4860.552086
88.754864,140,4862.36533
89.520469,135,4863.669835
89.169384,131,4864.907713
88.947876,128,4866.632728
88.689613,131,4868.39194
89.605106,104,4869.547158
89.633499,89,4870.412974
88.673456,153,4872.940793
89.24196,101,4876.449649
89.196333,134,4877.973676
89.123209,132,5036.396379
89.350693,112,5040.031947
89.352684,110,5042.435047
89.033855,127,5044.200734
86.179662,128,5045.565325
89.360534,95,5046.536334
89.465894,103,5047.726743
88.729568,148,5049.229985
89.836023,89,5050.031816
88.783649,138,5051.284379
89.26382,131,5052.68767
88.760351,132,5054.733096
89.417239,115,5056.340454
88.760143,108,5057.391706
89.00415,130,5058.816088
89.157804,128,5062.633204
88.883555,127,5063.945416
89.618015,106,5065.172501
89.181656,108,5066.175235
89.131414,115,5067.272425
89.38418,134,5068.55079
88.876734,127,5070.218068
86.084606,99,5071.633512
89.288297,100,5072.566018
89.284425,120,5073.989157
88.99871,134,5076.235664
88.741213,158,5078.322712
89.1539,119,5079.96236
88.75176,128,5081.746275
89.103245,121,5083.010854
89.136222,138,5084.933291
89.490441,103,5085.903055
86.018904,123,5088.837713
88.774553,143,5090.432431
89.776576,89,5091.33059
-9.32,2,5091.374086
89.108083,90,5092.325051
88.960287,121,5093.685617
89.098763,127,5096.112988
88.932043,123,5098.006381
89.170226,127,5100.089583
89.776708,89,5100.985265
89.45704,151,5102.965071
88.562109,145,5104.388688
89.11458,131,5105.985094
88.784803,146,5107.620195
41.198866,75,5108.330993
88.712984,134,5109.666709
88.677574,134,5110.844557
48.953131,75,5111.569636
82.198317,100,5114.196551
89.171887,115,5116.447111
89.636032,110,5117.663769
89.066726,105,5119.475058
89.813865,102,5120.947283
-7.6,4,5121.100246
88.658311,151,5122.774017
88.713256,133,5124.164949
89.443089,116,5125.45873
89.33947,110,5126.627539
89.374095,90,5127.577732
88.821523,125,5129.028428
89.162654,116,5130.130024
89.263612,129,5131.407029
89.177815,100,5132.691804
89.638544,115,5133.944775
89.816905,99,5135.183946
89.364113,107,5136.486125
89.443269,93,5137.356286
89.655792,102,5138.4054
89.035724,111,5141.510154
89.327932,167,5143.867676
89.029738,116,5145.753131
89.13574,98,5147.128765
87.021357,119,5148.827085
85.636131,157,5150.743268
88.960435,133,5152.017114
89.372513,118,5153.399345
88.845207,117,5154.738347
88.746766,123,5156.076076
86.52782,94,5157.186706
86.409995,125,5158.81256
86.181856,97,5159.94832
89.821698,99,5161.143537
89.042296,110,5162.323885
89.496217,111,5163.649348
89.227731,131,5165.039932
89.768118,104,5167.542553
89.079576,140,5168.937492
89.316263,145,5170.270055
30.847312,51,5170.772208
89.594043,105,5171.713909
88.794131,140,5173.03815
88.657255,144,5174.650218
89.234801,150,5176.074226
89.285452,129,5177.184983
89.197302,135,5178.648069
89.196783,132,5180.485527
89.521633,136,5200.027076
88.844207,111,5203.269147
89.036495,119,5206.418108
88.704686,128,5208.628205
89.999543,89,5209.992798
89.817322,89,5211.010046
89.000274,137,5214.345833
89.065178,112,5215.589995
88.981794,135,5217.05926
89.13416,151,5218.490784
89.779237,89,5219.270476
87.214807,104,5220.863997
88.598678,132,5222.10937
-9.288229,2,5222.147966
89.249271,135,5223.953514
88.997659,123,5225.736215
86.892364,119,5227.4017
86.351814,121,5228.5943
89.171901,125,5229.990085
89.045063,104,5231.047334
88.537648,153,5232.471917
89.421549,140,5233.812058
89.004093,119,5235.117143
89.7802,100,5237.874924
88.99718,140,5239.440168
89.908032,89,5240.175446
89.137106,124,5241.312661
-8.8,3,5241.360969
89.018489,127,5242.531408
88.812445,130,5243.739228
89.358202,114,5244.740378
88.840127,140,5245.927424
89.07336,99,5246.77892
89.030845,134,5248.112043
88.825495,109,5249.075917
89.082158,113,5250.041501
89.742355,96,5250.888146
85.908808,89,5251.662143
89.119777,140,5252.853624
88.946173,118,5253.86814
89.095567,128,5254.996867
89.060776,133,5256.348815
89.622895,114,5258.868876
89.151057,120,5259.934453
88.593698,137,5261.124924
89.733242,89,5261.830141
89.185964,155,5263.478946
89.48992,111,5264.985371
89.215927,120,5266.040355
90.07962,89,5266.749737
89.168829,156,5268.071384
89.116425,124,5269.1601
88.84365,148,5270.411355
89.274943,116,5271.501137
89.429035,153,5273.030693
89.161333,101,5273.911177
89.610451,99,5274.92279
82.280464,110,5275.907368
89.167667,124,5278.873663
89.516359,98,5280.432347
88.829909,129,5282.486289
86.08959,117,5284.19698
88.805546,118,5286.135706
88.866835,117,5287.417716
88.964699,138,5288.702943
89.370267,122,5289.97445
89.072572,107,5291.260418
89.144791,98,5292.417499
89.226086,127,5293.728665
89.665367,101,5294.861058
88.77749,122,5296.084704
88.913964,140,5297.607514
-7.68,7,5297.719047
88.903592,144,5299.13852
89.254518,99,5300.075396
89.120135,137,5301.46381
89.962821,89,5302.260496
89.060191,129,5305.434312
86.341108,104,5306.480819
89.25493,162,5307.929307
88.987683,115,5308.980331
89.158248,98,5309.868559
88.946162,142,5311.171441
88.795183,148,5313.066293
85.758173,123,5314.592162
89.465225,102,5315.697591
88.649705,127,5317.389973
89.007908,118,5318.672433
89.099742,118,5319.878901
88.582185,153,5321.549145
88.990628,117,5323.04755
89.084159,112,5324.975534
89.291118,124,5326.755643
86.332701,112,5329.371048
89.392266,109,5330.347143
88.861419,148,5331.664274
88.878433,123,5332.966037
88.779796,123,5334.50484
89.046638,119,5335.884759
89.32412,140,5337.841084
89.44523,105,5339.116627
88.895357,154,5340.467946
89.250253,98,5341.378751
88.818384,142,5343.283628
89.035033,105,5344.214296
88.762539,136,5345.663986
88.815609,134,5347.318161
90.123596,89,5348.436334
17.7155,30,5348.793591
88.953482,106,5417.968857
88.99111,125,5420.62318
90.07998,89,5424.343702
89.488164,92,5425.574405
89.06992,133,5426.950849
85.902325,88,5428.128211
89.401959,116,5429.246174
89.53082,102,5430.267835
89.036729,99,5431.598672
89.524739,116,5432.890973
89.115203,136,5434.762799
-7.6,4,5434.910159
88.921626,119,5436.4254
88.693316,147,5438.351261
88.707557,125,5439.564913
89.185263,103,5440.707191
88.906457,121,5441.945139
88.620007,135,5443.765965
88.759209,134,5445.37136
89.726047,89,5446.179351
89.302453,100,5448.003434
89.553814,107,5451.103481
90.067211,91,5452.237213
89.095868,146,5453.914526
88.808844,149,5455.250305
-10.0,1,5455.281444
-0.565977,11,5455.397632
89.06033,95,5456.274707
-8.44,4,5456.356482
82.907115,101,5457.321263
89.196972,92,5458.128481
89.497767,116,5459.221302
89.687484,101,5460.114988
88.804005,150,5461.418524
89.320259,129,5462.56814
89.570618,104,5463.905272
89.794846,94,5465.050452
89.323869,154,5466.354076
50.9895,69,5467.433014
89.313243,119,5468.990317
86.665841,143,5470.92947
85.987611,123,5473.874225
88.975614,141,5475.453292
89.378337,143,5476.873189
89.323816,143,5478.37237
89.004073,100,5479.485151
88.930673,114,5480.932823
89.32713,99,5481.866025
88.86579,118,5483.39687
89.200742,129,5484.57748
88.826112,120,5485.662833
89.015839,99,5486.556051
89.30705,110,5487.532605
89.171594,115,5488.54646
88.870929,105,5489.466297
89.625107,146,5490.685416
-2.946128,12,5490.81574
89.390266,127,5491.899978
89.270818,129,5493.005909
88.778833,125,5495.909286
89.15796,138,5497.184887
89.114676,132,5498.354166
89.311835,94,5499.166558
86.619419,124,5500.222136
87.327865,97,5501.064178
-6.066089,7,5501.143719
88.953181,151,5502.397798
-3.2236,9,5502.499995
88.733853,125,5503.606671
88.852175,116,5504.890313
85.963564,111,5505.922357
89.17912,134,5507.132352
89.685397,106,5508.101493
88.607171,140,5509.616847
89.468259,105,5511.010559
89.007618,136,5512.284364
85.313272,146,5513.606009
89.020722,125,5515.086359
89.036673,121,5518.452203
89.22697,107,5519.7722
89.788354,123,5520.83463
89.407305,108,5521.834433
89.436987,122,5522.954792
85.908968,107,5523.941744
88.750354,131,5525.094394
89.568711,101,5526.142325
89.205439,121,5527.267016
89.870938,96,5528.115371
89.25455,93,5529.235053
89.213079,109,5530.547351
89.377098,116,5531.669467
89.469157,116,5532.779629
88.665958,139,5534.711564
88.852489,121,5535.972147
89.233846,124,5537.197121
88.612899,137,5540.477579
89.825609,89,5541.913853
85.664475,103,5543.485794
89.992393,89,5544.830461
86.044916,130,5546.904168
88.589107,146,5548.803192
89.531077,109,5550.40874
88.906684,138,5551.940423
89.226026,117,5553.374799
88.941626,105,5555.144885
89.697983,89,5556.256869
-8.44,4,5556.3413
88.813413,147,5558.847036
88.967444,141,5560.966478
89.106751,123,5562.179559
89.596863,101,5563.595369
89.048272,99,5565.154577
86.487257,93,5566.245016
88.955464,109,5595.091542
88.947734,131,5600.872139
88.827097,147,5603.714575
89.321867,99,5604.692655
88.893887,130,5606.123265
85.966969,97,5607.247243
88.828266,134,5608.561189
88.667096,143,5610.090529
89.362906,115,5611.338118
89.355124,115,5612.711674
88.844357,130,5613.941917
89.418319,139,5615.307437
88.92194,127,5616.398701
89.229782,128,5617.509604
88.78297,129,5618.684564
89.380027,125,5620.05916
89.158426,121,5621.0925
89.871719,89,5621.804627
88.791104,134,5624.554606
89.881146,97,5625.621647
88.938741,142,5626.909692
89.131895,103,5628.137744
89.911276,99,5629.064237
89.191882,118,5630.10649
88.947714,127,5631.414072
89.465366,120,5632.522006
89.334271,123,5633.840763
89.276212,124,5634.982581
89.374042,103,5635.871095
86.257838,97,5636.729448
89.171375,135,5637.907648
89.766041,103,5638.806271
89.170747,114,5639.938426
89.065662,115,5640.937335
89.283803,121,5642.274324
89.340531,120,5645.036395
89.316428,105,5645.969244
89.141121,106,5646.875146
89.993794,89,5647.60054
88.749016,127,5648.68981
88.92428,112,5649.654612
86.009929,138,5650.841819
89.555808,95,5651.665525
88.799381,123,5652.954057
89.552842,102,5653.856367
89.536485,95,5654.688848
88.608111,139,5655.967949
89.250218,119,5657.061708
89.599189,104,5657.984623
88.79099,126,5659.269811
89.480463,95,5660.124182
89.452038,97,5661.02106
85.608879,113,5662.036689
89.262721,130,5663.206434
89.470038,98,5665.900519
88.989209,100,5666.785916
89.28793,94,5667.646041
89.006353,134,5668.879087
89.184928,106,5669.781821
41.980303,75,5670.437311
89.271974,115,5671.416367
89.127911,136,5672.665427
89.374057,94,5673.470673
89.454939,107,5674.402446
89.25193,109,5675.363783
88.929926,116,5676.35188
88.671065,122,5677.407663
89.304419,107,5678.399386
88.99198,115,5679.465157
89.241615,98,5680.316113
89.041485,114,5681.556404
89.299478,117,5682.827234
89.55146,103,5683.733079
88.943624,128,5686.422312
88.748307,143,5687.701238
89.806413,97,5688.574224
89.263827,95,5689.467225
89.184441,95,5690.306991
88.896367,130,5691.445373
86.813892,136,5692.689439
89.361612,101,5693.59089
88.668594,133,5694.909346
89.242696,122,5695.985148
89.353163,118,5697.033284
89.581319,95,5697.935174
89.168501,140,5699.172944
88.687857,138,5700.665563
89.549533,92,5701.471774
89.571755,108,5702.563019
89.009542,132,5703.735738
89.620249,101,5706.34574
89.906788,89,5707.061599
89.247077,108,5708.061464
88.815097,126,5709.223011
88.809409,139,5710.471627
89.87123,99,5711.444788
88.779735,119,5712.622125
89.264573,107,5713.592096
88.903952,143,5714.851746
89.12086,93,5715.67632
89.174203,131,5716.81716
89.187556,116,5717.83173
88.832573,130,5719.025405
88.916734,103,5720.072217
-9.32,2,5720.108312
88.992944,117,5721.217261
89.043867,104,5722.174515
86.68858,142,5723.492556
89.6142,103,5724.517557
88.933372,134,5727.44507
89.111318,105,5728.37632
88.704551,123,5729.467686
89.576577,101,5730.465306
89.224331,90,5731.383939
89.290667,129,5732.573165
88.972341,113,5733.566015
89.393532,112,5734.533193
89.031254,138,5735.775414
89.313957,121,5736.850609
88.672881,137,5738.326194
89.130613,126,5739.528045
88.866314,107,5740.489936
89.686317,99,5741.539446
89.106471,149,5743.299267
-10.0,1,5743.33713
88.954646,113,5744.489552
89.1315,95,8967.21792
89.851543,92,8971.06961
87.376483,112,8972.701019
89.112259,113,8974.386329
88.843343,135,8975.912146
86.983738,113,8977.123693
89.466331,118,8978.290499
89.045418,127,8979.673216
88.984588,123,8980.824434
89.954888,96,8981.749499
82.494936,116,8982.908229
89.409689,91,8983.946479
29.634374,45,8984.413373
89.01528,121,8985.665681
89.091038,100,8986.720612
86.390721,135,8988.182343
88.87175,134,8989.594517
89.497485,105,8990.540085
89.050088,109,8991.506118
88.773574,122,8992.643945
89.216754,133,8994.928378
88.857686,112,8996.001915
88.712649,141,8997.323183
89.125577,95,8998.371386
88.952658,134,8999.555749
89.01713,139,9000.777895
89.407174,109,9001.712376
88.720651,145,9002.992652
89.423487,103,9003.921846
85.769294,133,9005.058827
88.986227,127,9006.143758
89.690083,100,9007.006127
89.050556,138,9008.196119
88.922236,142,9009.442787
89.333118,107,9010.388675
0.164159,14,9010.524219
89.200823,138,9011.657756
89.34021,112,9013.299851
89.189028,110,9014.211274
88.774166,129,9015.273066
89.368219,109,9016.168964
89.323491,118,9017.16516
89.09738,114,9018.136994
89.33452,126,9019.194085
89.082528,102,9020.125469
88.849831,126,9021.274918
89.19586,113,9022.267405
88.759863,135,9023.384194
88.880073,128,9024.459009
88.986188,114,9025.408433
89.608869,105,9026.281384
88.680393,127,9027.343564
89.167821,126,9028.568027
88.978329,116,9029.593304
88.664688,136,9031.463785
88.964785,122,9032.545372
89.32682,122,9033.564459
89.043765,136,9034.698045
89.159529,150,9035.958289
89.455961,124,9036.990965
89.071812,139,9038.187606
89.546836,115,9039.190489
88.886542,151,9040.440642
89.019161,131,9041.529421
89.086639,111,9042.48226
88.947995,120,9043.494345
88.990753,130,9044.596804
88.935866,114,9045.537181
89.610698,107,9046.456311
88.991255,109,9047.454123
89.270273,134,9049.266001
86.166923,125,9050.305125
89.159846,117,9051.251705
85.669311,90,9051.970023
89.216921,103,9052.81543
88.92722,109,9053.693703
89.064916,128,9054.715103
86.802097,115,9055.64308
88.98541,130,9056.674558
89.100825,116,9057.67661
88.802459,135,9058.898519
89.938348,90,9059.601784
89.082448,104,9060.457342
89.499308,102,9061.304564
88.683666,140,9062.486981
89.368613,134,9063.595117
89.342931,101,9064.436109
89.967666,94,9065.205554
89.478012,113,9066.781409
89.099715,141,9067.971115
-9.16,1,9068.00654
89.537549,100,9068.8419
89.173138,124,9069.869317
89.257824,130,9070.946569
88.855789,129,9072.037761
45.390329,78,9072.687611
89.393846,117,9073.663839
88.882197,131,9074.785604
89.060705,135,9075.908162
89.605949,94,9076.716328
88.876798,154,9078.011246
89.055655,128,9079.074616
88.855404,132,9080.20886
88.52575,139,9081.425956
89.268116,110,9082.435058
89.344564,98,9083.260751
88.83063,134,9085.105053
89.741336,89,9085.781189
89.348595,99,9086.632365
89.074675,111,9087.606911
86.143039,110,9088.663037
89.444483,97,9089.513916
88.804918,132,9090.660472
89.040525,136,9091.830078
89.475186,112,9092.833511
89.16363,108,9093.736722
89.445597,160,9095.044074
89.405846,109,9095.956121
89.023399,147,9097.193964
88.890205,104,9098.067735
89.841259,89,9098.737216
88.650345,133,9099.841173
89.411431,146,9101.065861
88.886224,111,9102.007166
89.960836,89,9103.369573
89.554079,106,9104.258088
89.071888,107,9105.15121
86.211052,128,9106.202837
89.0572,139,9107.343427
89.15353,107,9108.229591
88.665057,134,9109.348001
85.500158,93,9110.152114
-10.0,1,9110.181139
88.707224,131,9111.276728
88.762017,139,9112.404758
89.29956,95,9113.173531
88.976963,113,9114.153689
59.573421,103,9115.023034
86.467964,140,9116.179753
86.074991,90,9116.912992
88.713773,126,9118.027803
88.933592,116,9119.086242
89.321145,117,9120.718162
89.518223,111,9121.677166
89.141517,149,9122.891759
89.542167,106,9123.762642
89.587046,89,9124.435452
89.134713,130,9125.48947
88.98051,131,9126.568059
89.808763,104,9127.436103
89.040219,147,9128.633271
89.22959,119,9129.614991
88.815525,119,9130.599457
89.134068,104,9131.484691
53.043888,75,9132.131963
89.307981,106,9133.024331
88.836908,130,9134.098804
90.053797,89,9134.781469
89.956336,98,9135.608793
88.742294,154,9136.866772
86.800656,97,9138.357986
89.177606,127,9139.439508
89.081404,120,9140.47339
89.085264,126,9141.531701
88.943059,103,9142.40185
88.924413,156,9143.674162
89.263394,122,9144.696907
88.826561,155,9145.998914
88.716467,124,9147.046094
10.226838,23,9147.258585
89.069114,113,9148.325901
90.03599,89,9149.089923
88.935125,143,9150.286239
88.523177,157,9151.587621
89.265518,111,9152.630358
89.019662,137,9153.880618
89.182115,111,9154.858337
88.777849,137,9156.72304
89.948893,89,9157.41654
89.447293,113,9158.421647
88.935101,112,9159.415607
89.325352,113,9160.900239
89.200602,89,9161.775545
89.055518,132,9163.039423
88.602704,137,9164.298281
89.327284,117,9165.355243
-7.6,4,9165.417238
88.811661,158,9166.839325
88.89913,134,9167.960216
89.256209,127,9169.043711
89.793635,93,9169.824639
88.80139,146,9171.090306
86.429446,102,9171.961404
88.909328,101,9172.815849
89.47562,94,9173.590917
89.612746,100,9174.490831
88.647952,147,9176.416894
88.934804,131,9177.526072
88.856648,135,9178.817207
89.673164,89,9179.497648
88.756868,120,9180.520252
89.24279,93,9181.308477
88.723826,131,9182.393209
88.842964,135,9183.509927
86.162934,116,9184.506911
88.497935,157,9185.805577
89.510958,103,9186.647275
89.064913,135,9187.755092
88.988182,132,9188.849247
88.394913,153,9190.111092
88.67092,142,9191.265701
89.10845,117,9192.23014
89.060158,120,9193.949271
89.629842,100,9194.775657
89.657259,100,9195.615715
88.518012,221,9197.219304
89.115136,100,9198.046385
88.931857,124,9199.086109
89.268014,102,9199.928385
85.22348,123,9200.981505
89.64804,107,9201.872166
88.966802,140,9203.027608
89.128996,136,9204.140498
88.499863,161,9205.425981
89.182657,124,9206.452031
88.915081,150,9207.700793
88.798448,114,9208.778288
85.96909,112,9209.735963
89.377756,108,9211.280207
89.382382,112,9212.258179
88.873647,119,9213.28968
89.22905,129,9214.391904
89.092587,114,9215.351079
89.541941,89,9216.016974
89.200335,136,9217.137771
89.134403,135,9218.254321
88.739532,131,9219.339066
89.196352,103,9220.230634
88.700161,138,9221.358968
88.777212,122,9222.362552
88.708369,130,9223.433237
88.637462,156,9224.687685
89.511504,112,9225.621379
89.130199,125,9226.648058
88.967563,131,9227.731994
88.836314,112,9229.331047
88.919001,113,9230.369651
89.465743,89,9231.05896
89.285826,112,9232.002835
-9.32,2,9232.038543
89.169279,155,9233.261021
88.612793,144,9234.4577
-7.36,6,9234.532719
89.144518,130,9235.603837
89.375534,123,9236.607749
89.225752,128,9237.74284
89.292261,126,9238.890682
89.411125,110,9239.808097
88.985807,146,9240.99245
89.422463,104,9241.864163
89.401062,106,9242.734385
89.94181,97,9243.529364
88.55413,151,9244.766083
86.346584,139,9245.899791
88.799426,116,9247.537568
-8.8,3,9247.581422
89.338026,119,9248.556196
89.011987,149,9249.745538
88.91964,112,9250.655729
89.329301,105,9251.5947
88.752005,123,9252.616357
89.072223,106,9253.550912
89.229797,123,9254.60913
2.619008,24,9254.823667
89.148901,131,9255.904103
9.178348,21,9256.088871
89.121388,162,9257.407304
89.816908,115,9258.361264
88.73472,124,9259.372543
89.00338,139,9260.604275
88.608088,136,9261.832654
89.849928,104,9262.754935
89.321343,114,9263.811243
89.305755,114,9265.562511
88.955096,107,9266.539099
89.407762,112,9267.5838
89.734971,90,9268.41724
89.122162,124,9269.599341
89.38953,98,9270.549863
89.082768,132,9271.751345
89.170905,156,9273.155581
88.81425,125,9274.298718
88.793223,129,9275.49611
89.138338,117,9276.596763
88.864538,132,9277.671036
89.103773,114,9278.612764
89.312251,155,9279.861543
89.342175,107,9280.725575
88.624808,151,9281.937513
85.70955,101,9282.80533
89.198838,136,9284.611625
89.14704,107,9285.488027
85.998855,112,9286.40559
-8.28,4,9286.473912
88.528531,150,9287.685361
89.290581,137,9288.799534
89.46697,113,9289.713251
89.985366,92,9290.460135
89.034315,112,9291.390389
89.429259,131,9292.436496
88.962744,138,9293.551535
88.776602,129,9294.642656
88.988192,125,9295.675029
88.991173,133,9296.79679
89.075404,125,9297.962737
88.811821,141,9299.292778
88.649123,151,9300.605577
89.070672,107,9302.194701
89.632403,99,9303.006524
89.75533,101,9303.847038
88.595458,148,9305.04163
89.390931,102,9305.871024
44.784642,68,9306.428632
88.979531,123,9307.423113
89.165573,129,9308.480554
88.749393,130,9309.562513
89.460242,116,9310.584891
88.63247,134,9311.878464
89.032252,109,9313.21247
89.290926,133,9314.534019
89.011755,134,9315.828643
88.684106,142,9317.222953
88.642846,161,9319.482852
89.499685,91,9320.544594
88.557045,158,9323.659164
86.2628,110,9325.304901
89.573479,93,9326.811883
89.117172,102,9329.181022
88.606809,164,9331.369032
-10.0,1,9331.404305
88.967059,153,9333.197572
89.105419,146,9334.769931
89.113343,105,9335.778831
89.03276,114,9336.986591
89.039062,126,9338.436349
86.09273,124,9339.740654
88.456308,153,9341.405217
89.265434,114,9342.631326
89.599996,103,9343.979787
89.200426,94,9345.238264
88.690227,130,9346.507622
89.714704,112,9348.325192
89.416578,98,9349.255189
88.700747,166,9350.707899
88.814499,125,9351.844329
89.24668,131,9352.953772
88.614209,134,9354.101866
88.62589,130,9355.241987
88.818501,115,9356.210236
89.261626,102,9357.112865
88.857838,115,9358.126433
89.318346,111,9359.14766
89.693029,98,9360.067325
89.012922,121,9361.107394
88.937226,138,9362.292948
89.167118,135,9363.507677
89.274287,108,9364.483061
89.305045,126,9365.679304
88.903003,104,-5031.799429
89.127402,124,-5030.724016
88.793245,128,-5029.613591
89.088578,115,-5028.648403
88.736738,125,-5027.593017
23.693727,50,-5027.150671
88.755208,123,-5026.10111
85.76848,88,-5025.374009
89.193394,108,-5024.457105
89.586154,90,-5023.711159
88.994252,129,-5022.565063
89.362282,126,-5021.331934
86.819246,126,-5020.120828
89.415928,133,-5019.004655
88.839788,122,-5017.95459
89.128455,99,-5017.135603
89.147232,101,-5016.291718
89.281024,128,-5015.206833
89.048751,137,-5013.346986
88.559116,141,-5012.157219
89.053444,127,-5010.967328
88.681512,148,-5009.690753
88.557965,145,-5008.495292
89.002042,97,-5007.685947
89.614849,94,-5006.923369
89.266881,112,-5005.998712
89.182753,98,-5005.192529
89.195921,120,-5004.205328
88.940314,133,-5003.1159
89.23739,120,-5002.137339
-8.8,3,-5002.093972
89.266251,129,-5001.034765
88.643738,133,-4999.953021
89.084715,116,-4998.965898
89.164256,110,-4998.038121
89.19739,117,-4997.047277
88.963629,107,-4995.405797
88.803609,153,-4994.157951
89.191771,101,-4993.320946
88.933133,109,-4992.424536
86.489642,106,-4991.539094
88.792366,119,-4990.533004
89.047771,138,-4989.410711
89.642138,92,-4988.677585
88.98507,121,-4987.681722
89.48626,112,-4986.771898
89.322003,127,-4985.747321
86.056843,138,-4984.612062
38.439029,53,-4984.169411
89.247727,124,-4983.161444
-7.36,6,-4983.08401
89.046601,126,-4982.02748
-10.0,1,-4981.999139
88.981638,126,-4980.822545
89.00332,113,-4979.840784
89.562961,93,-4979.072483
90.011369,94,-4977.60322
88.8183,144,-4976.424933
88.917981,128,-4975.386469
88.772733,125,-4974.366456
88.639779,176,-4972.954284
-7.563839,6,-4972.888587
85.225223,124,-4971.867274
88.762314,129,-4970.81235
85.828077,95,-4969.985065
85.761265,100,-4969.155702
88.965981,145,-4967.979621
88.729954,137,-4966.855762
89.02067,128,-4965.789165
88.804497,143,-4964.61332
89.03916,127,-4963.552605
88.991792,120,-4962.554337
89.191125,144,-4961.344852
88.625668,134,-4959.454129
86.277256,107,-4958.57386
89.370781,100,-4957.739118
89.153229,135,-4956.625309
89.149011,129,-4955.542204
85.589642,121,-4954.532024
89.026236,123,-4953.508002
89.238606,98,-4952.671746
89.523512,107,-4951.658295
86.536542,93,-4950.776978
89.493791,120,-4949.72959
89.500002,110,-4948.802231
89.299732,122,-4947.791704
89.248099,124,-4946.679341
88.781012,122,-4945.578138
89.015623,131,-4944.487846
89.160722,98,-4943.663377
87.393731,112,-4942.724867
89.200127,96,-4941.226435
-8.257258,3,-4941.182693
89.428686,116,-4940.221398
21.573691,57,-4939.731597
88.926072,126,-4938.678037
-4.750301,9,-4938.586001
88.878557,110,-4937.635453
88.901535,122,-4936.609381
88.880111,120,-4935.624792
89.118688,138,-4934.505669
88.737906,128,-4933.46336
89.280159,130,-4932.399914
89.29636,117,-4931.415415
89.193251,125,-4930.406449
89.067322,113,-4929.488241
89.322803,118,-4928.481804
89.076982,108,-4927.544212
-7.612974,6,-4927.47816
86.473005,90,-4926.783056
89.795268,91,-4926.033021
88.95947,109,-4925.146919
89.334949,90,-4923.726095
89.099364,130,-4922.651674
86.10745,108,-4921.635227
89.924507,94,-4920.759532
90.123596,89,-4920.049529
88.704067,147,-4918.861676
89.637152,99,-4918.04611
88.960728,136,-4916.941993
89.287982,117,-4915.990105
89.099872,143,-4914.841277
88.955342,111,-4913.926916
89.099295,108,-4913.042612
89.954468,101,-4912.228767
88.749765,131,-4911.162626
89.168704,98,-4910.369104
88.739202,138,-4909.240957
86.219035,132,-4908.150054
89.645035,107,-4906.615516
88.960377,137,-4905.430909
89.34308,106,-4904.546157
89.281777,115,-4903.598872
88.763579,127,-4902.538109
-8.44,4,-4902.487573
88.820424,116,-4901.520439
89.222517,120,-4900.52403
89.379938,129,-4899.424822
90.062054,89,-4898.726995
89.156424,136,-4897.596183
88.713588,124,-4896.573616
89.249737,119,-4895.590386
88.923415,113,-4894.648981
89.254199,114,-4893.705054
89.20159,150,-4892.428487
88.563269,150,-4891.013798
88.890984,104,-4890.037374
88.878038,144,-4888.112404
89.313739,118,-4887.107986
89.649471,96,-4886.298214
89.29452,114,-4885.319105
88.980081,135,-4884.182905
89.32916,103,-4883.306931
86.142618,118,-4882.304391
89.404881,116,-4881.320778
88.902256,108,-4880.414398
89.299296,113,-4879.459759
88.631751,149,-4878.216467
89.111355,144,-4877.010445
90.123596,89,-4876.256516
88.774684,142,-4875.052421
88.841368,130,-4873.959242
89.024431,124,-4872.915057
89.017838,127,-4871.837032
89.012663,110,-4870.186829
89.054674,102,-4869.321214
88.932966,146,-4868.105362
88.945419,123,-4867.081715
89.368961,116,-4866.120525
89.322406,98,-4865.300609
89.228309,110,-4864.351061
89.482316,124,-4863.323859
89.058405,110,-4862.35638
86.160422,110,-4861.341896
88.831035,127,-4860.183551
-9.16,1,-4860.149088
88.984614,137,-4859.0135
89.549544,104,-4858.155275
88.946523,148,-4856.955863
89.109417,137,-4855.839814
89.032963,139,-4854.678772
88.883873,110,-4853.709279
89.607014,89,-4852.248295
89.574827,93,-4851.502592
88.724263,135,-4850.408723
89.674298,117,-4849.46824
89.182964,143,-4848.325528
89.627525,108,-4847.450124
89.076896,131,-4846.381324
-7.6,4,-4846.321551
89.071771,136,-4845.221858
89.047724,145,-4844.049146
89.456407,97,-4843.259826
88.665562,135,-4842.164541
89.26979,110,-4841.260727
88.67596,144,-4840.097996
85.884674,106,-4839.198442
89.020358,116,-4838.252453
88.915165,118,-4837.29722
88.796791,148,-4836.100883
89.151331,140,-4834.281078
89.107226,122,-4833.291702
88.871236,147,-4831.898447
89.077769,129,-4830.698168
88.800881,112,-4829.722128
89.01862,136,-4828.553377
89.138,147,-4827.326962
88.975119,122,-4826.14762
89.236623,135,-4825.019393
88.981524,119,-4824.046778
89.235034,124,-4822.968843
88.85296,138,-4821.813481
89.052394,141,-4820.678239
85.755385,116,-4819.711137
88.852015,120,-4818.724796
89.67071,100,-4817.908659
-7.4,5,-4817.843403
89.043216,132,-4816.030113
89.371157,119,-4815.020945
89.984637,90,-4814.336105
89.047144,126,-4813.298628
18.292648,33,-4812.991643
85.252002,90,-4812.274476
89.132914,132,-4811.165548
89.003232,123,-4810.134972
89.238404,119,-4809.146353
88.995163,115,-4808.196007
87.266428,96,-4807.377834
89.984536,90,-4806.576602
87.082421,136,-4805.286781
85.689849,107,-4804.373847
-4.208414,8,-4804.284095
86.029812,121,-4803.284349
88.939428,140,-4802.010936
89.228222,144,-4800.654509
89.399386,95,-4799.782874
89.058931,121,-4798.019268
89.120881,144,-4796.74366
88.909032,126,-4795.602514
89.059043,128,-4794.460914
85.547158,90,-4793.639993
89.370722,114,-4792.641725
89.337516,126,-4791.510171
88.955631,125,-4790.407129
89.084323,136,-4789.179968
85.609511,127,-4788.022729
89.16243,121,-4786.933383
89.108809,101,-4786.024328
88.986006,98,-4785.141385
89.01968,137,-4783.923305
89.288475,116,-4782.880404
89.386789,112,-4781.866809
88.777725,123,-4780.753538
89.103155,137,-4778.826537
88.985418,138,-4777.582967
89.256299,104,-4776.641717
88.768847,136,-4775.431374
89.450103,121,-4774.346155
0.86829,19,-4774.15465
89.096992,127,-4773.031869
88.912553,117,-4771.946838
89.177722,97,-4771.025469
89.376655,121,-4769.902665
88.85447,106,-4768.962175
89.297807,135,-4767.750923
85.219905,105,-4766.799411
89.107667,128,-4765.63964
88.849757,121,-4764.400766
88.803348,112,-4763.402838
88.936217,108,-4762.421218
88.888441,132,-4761.245331
88.763515,138,-4759.305073
88.920386,137,-4758.084319
89.188044,125,-4756.971269
89.376456,109,-4755.961661
89.871945,91,-4755.223179
-8.121368,4,-4755.169613
89.088544,118,-4754.109411
88.801287,138,-4752.874929
88.9652,140,-4751.633431
89.078131,100,-4750.707363
88.806143,126,-4749.577389
89.360314,106,-4748.632944
88.736301,134,-4747.434054
88.718537,140,-4746.180171
89.403292,109,-4745.196713
89.720016,93,-4744.381987
89.346143,128,-4743.241237
89.477802,96,-4742.345403
-10.0,1,-4742.315395
89.288276,116,-4740.496959
89.014095,146,-4739.197451
88.871715,134,-4738.013967
88.805932,114,-4736.991887
89.312234,147,-4735.691269
89.716298,96,-4734.828597
89.518523,104,-4733.896711
88.9632,136,-4732.690558
90.123596,89,-4731.968327
88.709575,130,-4730.80663
88.761389,134,-4729.619036
90.123596,89,-4728.889503
90.009003,91,-4728.154471
89.214862,92,-4727.364089
23.007718,49,-4726.914568
88.91375,116,-4725.875294
88.849866,123,-4724.788026
88.736847,148,-4723.486938
21.208412,48,-4723.034577
90.123596,89,-4721.621447
89.470354,102,-4720.721519
88.951317,110,-4719.742885
89.27038,117,-4718.687713
89.33126,112,-4717.692882
88.907141,139,-4716.48745
89.201318,110,-4715.52108
89.017642,131,-4714.382818
89.467407,106,-4713.44392
89.021429,109,-4712.464492
89.108516,116,-4711.380777
88.778208,151,-4710.01448
86.026351,110,-4709.037717
89.181992,129,-4707.912236
89.079537,101,-4707.023196
89.100045,131,-4705.865127
85.94526,133,-4704.672234
88.924864,119,-4702.922079
88.951293,121,-4701.868443
89.314332,117,-4700.837163
88.836455,117,-4699.791121
88.569539,143,-4698.539106
88.969681,107,-4697.578269
89.004238,138,-4696.349261
89.152911,104,-4695.407897
-9.32,2,-4695.369014
88.70694,137,-4694.142149
89.02634,130,-4692.973481
89.151855,146,-4691.678183
88.741042,123,-4690.54349
89.304498,108,-4689.57486
85.723258,133,-4688.387851
89.062487,146,-4687.100802
89.20207,126,-4685.966413
89.157069,105,-4684.303646
89.06413,115,-4683.226619
86.295071,106,-4682.215153
89.147205,134,-4680.95177
88.869194,135,-4679.693699
88.81361,146,-4678.324495
89.393734,122,-4677.222206
89.705207,107,-4676.240914
88.974156,105,-4675.291063
88.923912,107,-4674.28993
89.302443,118,-4673.233507
88.839643,125,-4672.124533
89.503311,98,-4671.243887
89.666637,104,-4670.306951
88.727976,138,-4669.071169
88.968531,104,-4668.140122
88.999752,135,-4666.936342
89.184778,100,-4666.033691
89.233149,113,-4664.324313
88.899217,118,-4663.25269
88.783953,134,-4662.052491
88.584678,141,-4660.785998
88.812303,130,-4659.605912
89.818423,90,-4658.79488
89.365832,123,-4657.701922
89.248283,102,-4656.781564
89.028826,147,-4655.464401
55.332132,88,-4654.67069
89.613506,109,-4653.677114
89.528016,105,-4652.731237
86.157927,97,-4651.808901
88.930424,110,-4650.765875
75.355682,91,-4649.937683
89.167232,133,-4648.733394
89.273798,98,-4647.861418
89.22022,131,-4646.661205
89.328494,117,-4644.884258
89.130576,118,-4643.839605
88.70382,137,-4642.634953
86.280088,116,-4641.606554
89.509069,91,-4640.786817
88.656588,132,-4639.614079
89.083997,141,-4638.361167
89.160325,108,-4637.390562
88.999689,139,-4636.157149
89.252889,118,-4635.088486
89.00375,128,-4633.942693
86.290548,108,-4632.977423
89.041398,142,-4631.70994
88.860808,138,-4630.445706
89.402223,118,-4629.393102
89.77665,99,-4628.494628
89.148207,113,-4627.495316
89.031171,131,-4625.632957
85.013077,132,-4624.438299
88.786807,135,-4623.237157
89.67803,91,-4622.399437
85.806208,108,-4621.383257
88.959096,124,-4620.216553
88.920872,119,-4619.159542
89.229639,105,-4618.217016
86.983675,102,-4617.311869
89.13954,104,-4616.374371
86.230516,114,-4615.348895
-7.6,4,-4615.284982
89.957737,95,-4614.432725
89.498359,91,-4613.626504
86.374362,112,-4612.614435
89.18718,113,-4611.585671
89.175723,135,-4610.383282
88.837127,133,-4609.212314
88.700425,127,-4607.368338
89.079544,121,-4606.281432
88.997225,141,-4605.04994
88.848687,135,-4603.875627
40.390703,60,-4603.345623
88.94956,113,-4602.340057
88.760347,126,-4601.228631
89.11521,145,-4599.967329
89.537164,105,-4599.02301
89.10976,127,-4597.899165
89.105829,113,-4596.907017
88.838699,136,-4595.720659
89.040798,152,-4594.411699
88.908253,125,-4593.316277
90.123596,89,-4592.592141
89.021237,107,-4591.585507
88.959556,120,-4590.469468
89.094394,119,-4589.411207
89.248269,108,-4587.75434
88.602377,148,-4586.478341
88.96288,126,-4585.354838
88.997529,102,-4584.446284
89.076,105,-4583.51327
51.035543,89,-4582.720512
89.282323,113,-4581.727816
89.439933,94,-4580.891509
90.048902,89,-4580.170807
89.082405,98,-4579.30732
89.431943,113,-4578.302482
89.277781,122,-4577.230183
89.241394,92,-4576.389569
89.595166,102,-4575.45985
88.864969,122,-4574.353891
89.235081,105,-4573.380529
89.354769,108,-4572.414533
88.820009,129,-4571.264871
89.127422,138,-4569.332461
85.58112,107,-4568.361864
89.087948,138,-4567.130616
89.261682,107,-4566.170314
88.991562,104,-4565.23166
89.272355,126,-4564.106978
88.94809,111,-4563.110212
88.929778,140,-4561.817588
89.352683,100,-4560.85388
86.429884,112,-4559.844414
88.604303,143,-4558.574359
89.344657,121,-4557.482087
88.940058,132,-4556.315518
89.649447,96,-4555.448849
85.433878,120,-4554.365879
90.123596,89,-4553.651416
88.790135,145,-4552.369672
89.903997,95,-4551.513206
89.73849,100,-4549.934431
88.643776,131,-4548.771148
85.430537,123,-4547.667744
89.027325,147,-4546.360388
89.270272,100,-4545.464373
88.676,133,-4544.269906
89.076416,100,-4543.380246
88.96882,121,-4542.29653
89.097662,133,-4541.100646
85.747552,112,-4540.095967
89.239735,119,-4539.009901
89.581315,105,-4538.074889
88.974629,112,-4537.067613
89.086031,109,-4536.075274
89.090887,129,-4534.916931
89.382674,130,-4533.755953
89.092423,137,-4532.519943
88.600215,143,-4530.454535
89.583516,117,-4529.409024
88.809691,118,-4528.347517
88.775089,123,-4527.223805
86.414516,112,-4526.214535
88.823927,133,-4525.018468
88.83358,137,-4523.795236
89.405173,112,-4522.796182
89.304486,98,-4521.887602
89.099562,118,-4520.800777
86.65214,120,-4519.699067
89.161406,98,-4518.805872
86.90225,123,-4517.70051
89.443024,99,-4516.816515
89.404666,121,-4515.711981
89.224948,136,-4514.490038
89.166712,132,-4513.321493
88.773828,138,-4511.401022
89.885919,96,-4510.528886
88.617067,134,-4509.331835
89.038792,143,-4508.056124
89.338763,89,-4507.264335
2.500727,17,-4507.09236
89.063529,129,-4505.940936
36.947119,76,-4505.259792
89.64275,105,-4504.315983
85.830181,110,-4503.324367
89.438312,97,-4502.440561
88.792547,127,-4501.24991
89.100193,99,-4500.321852
88.992441,126,-4499.186439
88.946814,135,-4497.993356
89.045923,101,-4497.088321
89.27087,111,-4496.08927
88.972884,135,-4494.887066
89.148126,126,-4493.073257
88.775318,139,-4491.841936
88.950182,116,-4490.800625
85.553485,118,-4489.75076
88.866058,133,-4488.569311
89.62816,111,-4487.572449
89.229953,109,-4486.598107
88.845806,142,-4485.357151
88.863841,129,-4484.210466
88.986235,114,-4483.211467
88.787696,141,-4481.975559
89.13749,132,-4480.80095
89.274968,105,-4479.830114
89.180173,116,-4478.686558
89.374647,124,-4477.544165
88.823972,118,-4476.493652
89.244173,101,-4475.622255
89.410577,117,-4473.781758
88.76635,114,-4472.787324
88.799256,135,-4471.529673
89.19213,124,-4470.396326
88.764872,134,-4469.20749
88.952768,149,-4467.914629
87.052696,110,-4466.922664
88.773396,119,-4465.884786
89.580946,107,-4464.917767
89.406126,123,-4463.835016
88.843348,133,-4462.650574
88.918674,126,-4461.534657
90.123596,89,-4460.818527
11.790845,36,-4460.490338
89.340678,98,-4459.632013
89.060162,141,-4458.38949
89.145036,131,-4457.24364
89.09528,131,-4456.065135
89.034941,147,-4454.071173
89.105328,102,-4453.136977
89.162035,122,-4452.047154
89.169763,103,-4451.12436
88.669703,131,-4449.962385
88.729893,123,-4448.856205
85.811148,107,-4447.890307
88.752364,124,-4446.785609
89.308436,90,-4446.015146
88.719354,130,-4444.857577
89.451928,117,-4443.804571
85.32466,120,-4442.714173
89.528337,114,-4441.624662
89.010993,136,-4440.343198
89.175543,124,-4439.251895
89.165912,110,-4438.272499
89.295898,121,-4437.193712
89.058959,129,-4435.335119
88.015242,108,-4434.249505
88.929804,132,-4433.068594
90.117068,89,-4432.332575
85.783728,89,-4431.586029
89.152511,128,-4430.44202
88.624041,131,-4429.220272
88.875512,146,-4427.846068
90.085898,89,-4427.095293
88.965848,122,-4425.995751
89.432883,105,-4425.045138
89.213846,121,-4423.956615
88.785673,121,-4422.864288
89.429439,114,-4421.849753
89.382348,89,-4421.111345
89.60165,113,-4420.097116
88.959035,126,-4418.940552
88.754319,142,-4416.973343
89.77278,108,-4415.987056
-10.0,1,-4415.957155
89.156946,145,-4414.678031
89.126282,130,-4413.511536
89.257398,130,-4412.333641
90.123596,89,-4411.563508
85.804497,106,-4410.550817
88.882054,135,-4409.344785
-9.32,2,-4409.307347
87.577014,133,-4408.098549
88.807301,125,-4406.974005
89.676101,103,-4406.0295
89.076461,94,-4405.183393
88.947986,132,-4404.005704
89.595197,98,-4403.136772
88.969677,114,-4402.110185
88.978367,110,-4401.134259
89.181539,119,-4400.013737
88.955395,115,-4398.887552
89.316209,114,-4397.196198
88.699523,131,-4396.002439
89.685058,107,-4394.947526
89.393296,124,-4393.837526
90.123596,89,-4393.108665
89.225973,115,-4392.078454
88.995434,134,-4390.887197
88.684847,145,-4389.544334
89.270266,142,-4388.22126
89.126422,132,-4387.009277
88.682987,149,-4385.6839
89.114252,117,-4384.626161
89.071327,122,-4383.441198
89.065187,124,-4382.292935
89.354075,90,-4381.452243
89.021421,112,-4380.393821
88.855894,112,-4379.380088
89.027284,130,-4377.564329
88.919149,110,-4376.586925
88.842334,116,-4375.554021
90.123596,89,-4374.83293
89.34011,107,-4373.887506
89.335582,127,-4372.729803
88.970422,132,-4371.548378
85.651467,119,-4370.48653
89.114755,132,-4369.29757
30.296752,43,-4368.906739
89.135283,101,-4368.011829
88.929213,111,-4367.014596
90.123596,89,-4366.290929
89.109645,128,-4365.147473
89.094696,138,-4363.946603
89.66894,96,-4363.096186
89.005012,136,-4361.906969
89.533251,98,-4361.040072
89.388703,106,-4359.343903
89.251889,122,-4358.125563
89.37759,117,-4357.091336
86.025646,113,-4356.080066
89.393731,95,-4355.247986
86.321178,102,-4354.311918
89.113093,144,-4353.042643
88.868495,136,-4351.694017
86.48697,122,-4350.564976
88.920655,116,-4349.539747
89.094661,105,-4348.600511
90.123596,89,-4347.89096
-7.96,3,-4347.837602
89.170963,108,-4346.848665
89.455124,103,-4345.910862
88.83309,144,-4344.645387
89.409797,105,-4343.71248
86.108719,133,-4342.532083
12.093818,28,-4342.275953
89.616483,103,-4341.337749
89.050511,113,-4339.63078
89.170143,113,-4338.623133
88.77256,133,-4337.460864
85.559096,120,-4336.372666
89.1298,129,-4335.222249
88.694913,145,-4333.945012
89.159875,126,-4332.820353
88.752808,127,-4331.672603
89.198124,136,-4330.456533
-7.4,5,-4330.384523
89.369724,124,-4329.282401
88.818332,119,-4328.205059
88.928626,104,-4327.281322
89.315473,114,-4326.262625
89.178102,122,-4325.176787
88.837222,126,-4324.050575
89.111535,134,-4322.846626
88.823148,125,-4320.660047
89.419447,120,-4319.577055
89.000583,143,-4318.216331
89.366515,112,-4317.165213
88.968697,108,-4316.132742
88.681754,133,-4314.973824
88.889701,137,-4313.776168
89.289905,101,-4312.775132
88.977243,132,-4311.563742
89.101473,127,-4310.399646
90.123596,89,-4309.639053
88.944307,143,-4308.345099
88.922662,126,-4307.21316
89.260522,132,-4306.013671
89.171102,99,-4304.973793
89.492438,96,-4303.986879
88.74672,121,-4302.873617
90.123596,89,-4302.026432
90.123596,89,-4300.399155
88.987709,115,-4299.217868
89.507028,105,-4298.243759
89.345008,130,-4297.011373
89.121251,127,-4295.774045
-10.0,1,-4295.74406
89.183986,122,-4294.560109
89.120015,136,-4293.329628
88.833763,119,-4292.147569
89.026509,115,-4291.000361
89.915762,93,-4290.116699
89.177876,134,-4288.870118
88.738749,143,-4287.569652
86.031628,132,-4286.36477
31.555977,61,-4285.777433
88.796542,115,-4284.675704
88.91594,130,-4283.480936
88.824685,121,-4282.361091
85.780982,114,-4280.574001
89.122575,115,-4279.515301
89.059447,145,-4278.198679
89.363804,97,-4277.235757
89.11312,127,-4275.889712
86.061987,119,-4274.807814
89.725603,92,-4273.933726
85.760112,135,-4272.643589
89.266377,121,-4271.390731
88.969277,133,-4270.16227
89.068484,125,-4268.931457
90.123596,89,-4268.093256
89.39304,119,-4266.972224
88.673773,128,-4265.779006
57.847721,98,-4264.882286
89.550428,109,-4263.860899
89.36599,102,-4262.947484
89.391586,101,-4261.961545
88.635223,133,-4259.89878
88.838369,137,-4258.634968
88.5556,144,-4257.220885
88.847574,129,-4255.923621
88.923238,135,-4254.680894
88.872415,148,-4253.314679
89.171728,104,-4252.373288
89.067728,137,-4251.127382
88.958705,129,-4249.884485
88.882334,132,-4248.64172
86.139159,132,-4247.445657
89.657867,101,-4246.520204
89.379222,105,-4245.538489
89.849663,105,-4244.559293
88.769046,116,-4243.485539
89.045031,105,-4242.510356
89.239739,128,-4240.503311
89.197727,138,-4239.188763
89.051037,112,-4238.150268
89.01346,137,-4236.879254
88.740007,125,-4235.615284
88.910561,109,-4234.599804
88.734593,140,-4233.302752
88.84869,109,-4232.157597
90.123596,89,-4231.331585
89.596431,98,-4230.358629
88.756983,124,-4229.21919
89.408171,99,-4228.302692
88.751119,134,-4227.046952
88.675603,133,-4225.741045
88.857895,139,-4224.462455
88.849951,109,-4223.318835
88.964669,128,-4222.008956
89.463717,98,-4221.009317
86.416558,93,-4218.93058
89.408416,118,-4217.547357
89.322176,126,-4216.121883
89.029195,109,-4214.966614
89.408613,120,-4213.681302
88.952104,108,-4212.496138
89.063128,104,-4211.355502
25.399831,49,-4210.775498
88.709537,133,-4209.379943
89.118622,144,-4207.836416
89.058497,127,-4206.551611
88.975069,105,-4205.492018
89.555998,103,-4204.416288
85.313092,114,-4203.149549
88.695874,124,-4201.626015
86.177094,121,-4200.024179
89.304166,123,-4198.804415
88.955586,131,-4196.357305
89.05478,113,-4195.074943
88.682677,137,-4193.559323
88.932972,106,-4192.401894
85.860949,103,-4191.202847
89.342967,111,-4190.007816
88.751227,134,-4188.560683
89.288925,118,-4187.263027
88.931449,117,-4186.052127
89.842412,97,-4184.87633
-8.24,5,-4184.793728
89.010289,126,-4183.307273
89.223306,120,-4182.013077
89.510513,102,-4180.882374
89.593992,109,-4179.451402
88.857868,136,-4178.11487
-8.44,4,-4178.040434
89.550126,114,-4176.808766
88.967141,114,-4175.548562
89.094007,124,-4174.172059
88.900724,128,-4171.691446
89.223958,139,-4170.099226
89.055092,110,-4168.907838
88.868391,136,-4167.462451
89.067268,111,-4166.403877
89.15552,130,-4165.108054
89.73944,104,-4163.776162
89.566154,97,-4162.739411
89.528573,97,-4161.435962
88.899287,133,-4160.055898
89.422339,105,-4159.014684
88.610146,136,-4157.649081
89.162123,126,-4156.347068
88.944857,136,-4155.086632
88.911913,110,-4153.990056
88.963285,147,-4152.510929
90.123596,89,-4151.842697
89.259408,119,-4149.690979
88.811882,129,-4148.445376
89.534153,115,-4147.352572
89.577857,110,-4146.423998
89.371095,127,-4145.244311
89.200779,95,-4144.118145
89.277524,120,-4142.846707
89.310346,89,-4141.922939
88.913692,125,-4140.75595
89.159995,123,-4139.694638
89.452749,95,-4138.730987
88.737786,130,-4137.395951
89.158249,142,-4136.021722
89.290105,117,-4134.940902
89.479692,106,-4133.80694
88.814391,116,-4132.658973
89.027165,106,-4131.652851
89.098573,132,-4130.418926
87.419768,140,-4127.860134
88.857277,127,-4126.656903
89.385556,106,-4125.6774
88.903836,111,-4124.613044
88.94112,138,-4123.305223
89.005209,137,-4121.983396
88.772814,118,-4120.459517
89.004313,142,-4118.384476
-9.32,2,-4118.323205
21.266772,40,-4117.882781
88.910772,111,-4116.635113
89.160637,138,-4115.007882
89.602569,94,-4114.068342
89.111076,118,-4112.747214
88.873433,106,-4111.324083
89.294909,110,-4109.898213
88.793966,128,-4108.624971
89.118781,141,-4107.162109
88.918954,126,-4104.719859
71.496931,120,-4103.539982
89.149392,126,-4102.238126
89.264238,123,-4100.945165
89.066986,116,-4099.754568
90.123596,89,-4098.985256
89.120621,109,-4097.874682
54.361766,76,-4097.048539
88.768999,124,-4095.625503
88.762634,124,-4094.44735
88.848609,120,-4093.156792
88.906994,133,-4091.907196
88.918854,107,-4090.924495
88.570236,137,-4089.651765
88.726088,148,-4088.075861
90.123596,89,-4087.264363
89.264539,117,-4086.068859
89.237019,104,-4085.036476
88.914462,123,-4083.187774
86.041629,107,-4082.133506
88.771112,129,-4080.855634
-5.24222,6,-4080.776869
88.744233,147,-4079.352139
89.110604,141,-4078.07106
86.146691,111,-4077.069539
86.441437,129,-4075.910685
89.208724,113,-4074.896213
89.498898,101,-4073.965954
89.34076,126,-4072.806537
89.518131,103,-4071.87249
89.442281,122,-4070.755611
89.44081,121,-4069.656701
88.655002,135,-4068.427354
89.902776,98,-4067.52323
89.363723,117,-4066.432943
89.139433,131,-4065.218011
90.093446,89,-4063.704973
89.217635,123,-4062.698965
89.09187,131,-4061.57177
89.909637,89,-4060.910642
89.630075,98,-4060.113007
89.504251,112,-4059.160756
89.193263,128,-4058.111901
89.050896,105,-4057.248091
88.77737,125,-4056.238747
90.123596,89,-4055.576918
89.241997,103,-4054.725556
89.30915,100,-4053.913699
89.480149,112,-4052.993815
88.915622,134,-4051.771444
89.255953,135,-4050.513734
89.191081,137,-4049.36828
88.815015,135,-4048.276318
89.225527,142,-4046.366793
90.123596,89,-4045.698178
88.735817,125,-4044.681797
88.604313,140,-4043.53418
89.35429,105,-4042.674536
88.975096,133,-4041.602752
89.360979,115,-4040.667989
88.877052,113,-4039.749562
86.575513,100,-4038.929167
89.138512,123,-4037.935495
89.383764,102,-4037.094469
89.072903,131,-4036.003339
89.755959,89,-4035.334415
89.334047,116,-4034.388744
88.813839,126,-4033.353673
89.159343,135,-4032.246288
89.739449,108,-4031.348241
88.833996,126,-4030.312885
88.939386,156,-4028.331304
89.448144,112,-4027.38693
89.306935,122,-4026.374374
88.993533,120,-4025.396995
86.561621,131,-4024.301877
88.73908,143,-4023.134065
89.647053,93,-4022.291987
89.274657,103,-4021.305002
88.851091,119,-4020.202644
89.078912,122,-4019.085689
89.417777,120,-4018.010664
-9.16,1,-4017.973562
88.943474,127,-4016.824437
88.772374,124,-4015.71371
88.937676,122,-4014.632285
89.049618,110,-4013.632318
89.468956,113,-4012.600848
89.237324,110,-4011.589343
89.159411,128,-4009.732373
88.800312,122,-4008.602127
89.339023,125,-4007.478135
89.170744,126,-4006.359369
89.088447,135,-4005.14723
88.936154,103,-4004.225811
89.059633,100,-4003.314462
89.2687,96,-4002.448997
89.242166,119,-4001.381202
88.68952,147,-4000.068011
89.023836,111,-3999.045119
89.020743,130,-3997.824001
89.745004,89,-3997.0206
88.881452,136,-3995.768307
88.970085,135,-3994.45589
89.119239,134,-3993.231434
89.624465,97,-3992.32559
88.727206,137,-3990.326227
89.256553,134,-3989.123502
89.111746,144,-3987.826607
89.350948,111,-3986.81672
89.756215,102,-3985.892688
89.84186,99,-3984.965303
89.131877,118,-3983.907231
89.022196,100,-3982.998656
89.327214,106,-3982.029905
89.13824,126,-3980.889162
88.843483,142,-3979.620676
88.682204,132,-3978.421348
89.585999,99,-3977.509638
88.542052,149,-3976.169372
89.088165,137,-3974.938475
89.217429,90,-3974.195465
89.364866,112,-3973.17844
89.124176,123,-3971.373516
89.040333,117,-3970.275952
86.092242,110,-3969.265048
89.156434,91,-3968.436007
89.160533,102,-3967.508478
89.43144,90,-3966.726685
88.66309,133,-3965.543582
89.156134,115,-3964.496877
89.494944,115,-3963.451413
89.268507,104,-3962.50178
88.987355,145,-3961.13344
89.545619,106,-3960.134866
88.862552,124,-3959.008048
89.125687,139,-3957.759322
89.366393,100,-3956.85911
88.849419,116,-3955.808326
89.265116,127,-3954.668994
88.737999,123,-3953.547843
89.714641,93,-3952.006341
89.516672,105,-3951.055607
89.258975,114,-3950.021777
89.073493,97,-3949.14835
89.550842,105,-3948.199343
88.893663,105,-3947.246027
89.456734,111,-3946.274818
89.162493,133,-3945.103479
90.123596,89,-3944.38819
89.107979,100,-3943.497004
88.968188,130,-3942.213964
89.229922,126,-3941.097276
88.9964,131,-3939.94169
89.138951,126,-3938.742904
89.045696,137,-3937.475867
88.60993,144,-3936.203287
88.826811,117,-3935.181753
88.918295,140,-3933.265584
89.075434,139,-3932.003975
85.531983,102,-3931.057564
88.908653,148,-3929.731999
89.982702,89,-3929.017704
88.917406,115,-3927.976592
88.942014,115,-3926.965821
88.877422,142,-3925.605102
-7.96,3,-3925.54226
89.365908,89,-3924.793065
88.959156,128,-3923.667077
89.504441,116,-3922.641412
89.159336,96,-3921.793704
89.267082,137,-3920.578755
85.739216,117,-3919.510361
89.201356,96,-3918.535475
88.990428,115,-3917.515641
89.41353,131,-3916.24507
89.093137,138,-3915.006448
89.411782,121,-3913.221092
89.102263,127,-3912.018909
89.656857,102,-3911.019971
89.001616,125,-3909.850478
88.927421,114,-3908.750983
89.121753,131,-3907.56963
86.003313,124,-3906.458885
89.174271,108,-3905.457695
88.832047,114,-3904.368126
86.189666,113,-3903.338164
89.150893,100,-3902.412343
88.727751,131,-3901.197473
89.038064,99,-3900.260713
88.901908,135,-3899.059926
88.993265,107,-3898.094386
89.421138,111,-3897.112001
89.277296,129,-3895.907672
88.961479,106,-3894.163505
89.326245,102,-3893.135557
89.125523,104,-3892.19484
89.340864,121,-3891.114126
88.603079,158,-3889.745245
88.785131,120,-3888.679796
89.083533,102,-3887.771569
89.14927,114,-3886.747167
25.021348,44,-3886.343624
-7.6,4,-3886.279628
86.015152,110,-3885.291435
-8.8,3,-3885.241055
89.27652,111,-3884.256218
88.879736,134,-3883.037122
89.405637,104,-3882.118356
89.342967,123,-3881.008929
89.827659,89,-3880.235839
89.506063,108,-3879.143148
89.091139,100,-3878.260288
88.642192,135,-3877.052901
89.098453,111,-3876.081089
88.84852,127,-3874.193578
88.565164,144,-3872.835876
89.144782,106,-3871.825995
89.365503,92,-3871.002029
87.468079,113,-3869.953279
89.270087,104,-3869.02016
89.148658,129,-3867.870012
89.094291,131,-3866.727807
88.654943,129,-3865.58206
89.469484,105,-3864.641604
35.392102,57,-3864.086985
89.900292,96,-3863.132985
89.346442,126,-3861.934769
88.992449,126,-3860.722022
89.202823,133,-3859.526708
88.855475,127,-3858.359843
89.552328,104,-3857.409329
89.773425,99,-3856.512589
88.82727,130,-3854.657068
83.392997,137,-3853.401621
88.763292,141,-3852.140639
89.679138,98,-3851.242882
89.435704,121,-3850.152196
88.7602,132,-3848.938752
-9.16,1,-3848.899658
90.091402,89,-3848.131984
89.795434,98,-3847.146981
86.23991,128,-3845.986738
88.604907,175,-3844.461878
88.835931,121,-3843.29305
89.567549,106,-3842.252816
89.119598,121,-3841.103699
89.186797,118,-3840.009688
89.02393,143,-3838.701945
89.487433,107,-3837.728508
88.65923,137,-3835.795911
89.022885,111,-3834.73611
89.348557,114,-3833.649388
89.157747,104,-3832.707619
89.078879,95,-3831.836268
89.512775,96,-3830.968188
89.371887,121,-3829.878146
89.233986,127,-3828.609457
85.864232,109,-3827.603205
89.34152,93,-3826.770986
88.876985,134,-3825.582547
88.73855,131,-3824.418018
89.293148,135,-3823.2284
89.012509,124,-3822.103081
89.306786,110,-3821.133029
89.168658,131,-3819.914165
88.604955,172,-3818.369792
89.743115,89,-3817.585273
89.391876,101,-3815.871641
88.731002,126,-3814.776021
89.556586,109,-3813.83987
88.773856,140,-3812.604734
89.177994,91,-3811.804536
89.437929,112,-3810.77806
89.618224,95,-3809.924021
88.562353,134,-3808.76039
89.494469,118,-3807.70142
89.244731,115,-3806.715356
89.353399,101,-3805.805995
89.688666,92,-3804.996618
89.078504,119,-3803.894645
90.123596,89,-3803.087888
88.775335,127,-3801.945743
88.901998,109,-3800.969979
89.377446,89,-3800.219514
88.808053,132,-3798.979401
89.393104,104,-3797.282953
89.301295,125,-3796.16465
89.286858,94,-3795.320329
88.878119,118,-3794.262233
88.938276,117,-3793.221639
89.435667,114,-3792.113676
89.446232,110,-3791.058802
39.74203,60,-3790.513094
86.619698,109,-3789.508189
89.631252,98,-3788.608825
89.701105,90,-3787.870616
90.008625,93,-3787.019179
88.931258,125,-3785.9248
88.831458,109,-3784.851067
88.931222,131,-3783.64594
88.842753,141,-3782.327608
89.47012,98,-3781.424079
89.280711,99,-3780.479192
88.58122,143,-3779.225301
85.924609,105,-3777.591636
88.544064,145,-3776.318168
89.571493,138,-3774.99487
88.654618,166,-3773.436653
89.017476,103,-3772.398147
88.752176,135,-3771.201958
88.70814,133,-3770.0038
89.228333,107,-3769.049203
89.173912,120,-3767.970621
89.043246,139,-3766.738275
86.669416,123,-3765.639373
89.145148,114,-3764.617095
-7.96,3,-3764.56562
88.872672,114,-3763.529093
89.297512,89,-3762.750205
89.252536,101,-3761.834319
88.831669,128,-3760.666466
89.086929,135,-3758.721687
88.754852,175,-3757.175461
88.883824,130,-3755.991008
89.318931,106,-3755.024322
89.34149,121,-3753.912586
89.123009,135,-3752.675558
89.054477,132,-3751.417347
88.880759,125,-3750.265163
89.302455,106,-3749.275992
89.160077,132,-3748.056214
89.021699,107,-3747.051496
89.316949,101,-3746.057994
89.296335,109,-3745.038173
90.123596,89,-3744.27087
86.523605,106,-3743.277028
90.0287,94,-3742.381338
88.713249,121,-3741.293104
89.040488,100,-3740.386279
89.149922,97,-3738.75574
88.599041,147,-3737.404465
88.687236,145,-3736.059877
89.253146,100,-3735.063278
88.711553,127,-3733.854795
88.749647,130,-3732.593789
89.756253,90,-3731.771635
89.108059,162,-3730.271892
88.571926,136,-3728.991126
85.82258,87,-3728.233092
88.637675,132,-3727.031818
89.484535,89,-3726.253321
89.228595,131,-3725.038068
89.162149,95,-3724.157857
-7.6,4,-3724.090619
89.255141,125,-3722.887204
88.504429,154,-3721.41853
88.716394,142,-3719.434253
88.968642,129,-3718.205552
88.935624,114,-3717.145787
89.771233,94,-3716.272371
88.835548,123,-3715.066234
89.457194,105,-3714.063546
89.116067,100,-3713.130656
89.323328,122,-3712.025687
89.82449,90,-3711.279696
89.221421,118,-3710.184021
88.851586,118,-3709.093529
88.954019,110,-3708.015154
89.578977,114,-3706.930312
88.726198,128,-3705.763322
88.579179,182,-3704.096308
88.953589,132,-3702.854537
89.08721,109,-3701.839863
88.926377,119,-3700.753682
88.993222,115,-3698.969085
88.4411,218,-3697.239283
88.799085,125,-3696.056666
88.461508,214,-3694.360569
89.140693,121,-3693.324908
88.677558,139,-3692.059814
89.322378,114,-3690.989089
88.961315,147,-3689.700091
89.055051,143,-3688.397774
89.189781,114,-3687.387411
89.409302,110,-3686.384731
89.306188,106,-3685.328826
89.861144,97,-3684.464575
89.435716,100,-3683.516365
88.62277,203,-3681.705601
89.147148,124,-3679.693043
88.996318,125,-3678.513231
89.29489,96,-3677.594373
49.639223,90,-3676.727464
88.804456,138,-3675.391271
89.690402,94,-3674.489239
89.58077,109,-3673.436745
89.278334,119,-3672.246433
88.386201,176,-3670.533103
89.260976,116,-3669.368087
89.637952,96,-3668.442489
86.68798,111,-3667.315442
89.652629,96,-3666.343266
89.194202,111,-3665.225348
70.673171,102,-3664.226503
89.38802,110,-3663.148776
88.859447,114,-3662.03245
89.632373,97,-3661.083167
89.094019,141,-3659.019382
88.802427,132,-3657.757609
89.326132,118,-3656.611161
86.016223,139,-3655.179382
89.138754,132,-3653.915139
88.442016,207,-3652.101219
89.836799,107,-3651.093014
88.782911,122,-3649.909616
88.813236,114,-3648.755024
89.706471,107,-3647.717906
89.079484,124,-3646.520877
89.202607,119,-3645.382318
89.434444,112,-3644.319649
88.918041,134,-3643.044612
85.983722,92,-3642.163228
88.61052,207,-3639.576708
88.277784,177,-3637.918076
88.418121,164,-3636.409022
-7.6,4,-3636.339708
88.980157,181,-3634.629831
88.883953,124,-3633.437204
88.98136,123,-3632.108976
88.795825,218,-3629.980604
89.069428,131,-3628.498188
88.930986,132,-3627.123635
89.241381,108,-3626.022574
89.240412,101,-3624.963938
89.034222,100,-3623.945957
86.11777,115,-3622.804908
88.899224,137,-3621.493325
89.013147,126,-3620.270192
89.018645,108,-3618.478741
88.660704,144,-3617.185901
89.341937,116,-3616.201231
88.857587,138,-3615.046472
89.42768,119,-3613.934601
88.406951,199,-3612.214172
88.803584,119,-3611.184955
89.446027,118,-3610.188834
85.528334,135,-3609.042553
89.369688,103,-3608.079611
-8.48,2,-3608.027547
88.989756,106,-3606.945296
-8.44,4,-3606.890587
88.320068,215,-3605.199059
85.589473,100,-3604.347649
89.089276,91,-3603.61876
89.160087,107,-3602.709898
88.590678,167,-3601.204721
90.123596,89,-3599.767431
86.234389,118,-3598.761353
89.076709,113,-3597.803114
88.537835,151,-3596.507738
88.887089,125,-3595.461279
89.10071,133,-3594.247795
89.834231,96,-3593.328475
89.141305,100,-3592.394778
88.370927,171,-3591.019559
89.00219,117,-3590.011831
88.727587,150,-3588.772323
88.977257,143,-3587.55238
88.725099,124,-3586.504589
88.81249,134,-3585.386788
89.026452,118,-3584.40464
85.345311,181,-3582.970869
88.788574,124,-3581.212985
88.449601,161,-3579.927861
88.740291,139,-3578.531788
88.94582,125,-3577.474087
88.857961,168,-3576.109543
89.010583,148,-3574.749079
89.060344,128,-3573.588714
89.043042,100,-3572.754199
59.722112,105,-3571.848055
24.019133,43,-3571.461584
88.851162,142,-3570.259463
88.752704,167,-3568.941165
88.674844,133,-3567.758536
84.753961,169,-3566.412306
89.0695,122,-3565.417587
89.301127,118,-3563.584598
88.585814,153,-3562.312932
88.861335,110,-3561.214382
89.223161,89,-3560.484283
89.050283,117,-3559.503555
86.209287,105,-3558.611858
89.405873,110,-3557.698546
88.986301,136,-3556.51929
34.345986,59,-3555.918716
88.840404,122,-3554.860199
89.343496,130,-3553.751223
89.117188,124,-3552.60809
87.319013,130,-3551.419551
90.123596,89,-3550.742546
89.189513,135,-3549.653083
89.783107,95,-3548.882751
89.185843,138,-3547.773548
89.610217,103,-3546.937362
89.159787,121,-3545.213485
88.692074,132,-3544.142473
88.941572,126,-3543.10181
89.005552,117,-3541.933146
89.342254,98,-3541.043973
89.753231,93,-3540.193935
89.131298,126,-3539.087745
88.889427,107,-3538.160136
89.131149,111,-3537.192981
85.860518,86,-3536.488375
89.343503,117,-3535.472876
42.965594,70,-3534.864515
89.37184,94,-3534.004055
89.38021,104,-3533.061802
89.703308,99,-3532.108957
89.301332,101,-3531.167578
89.285095,111,-3530.08536
88.862159,115,-3529.063128
88.843134,131,-3527.914192
89.174905,100,-3526.316483
88.915989,130,-3525.159192
89.768244,105,-3524.214758
89.345158,113,-3523.211593
89.321526,104,-3522.306379
88.460732,150,-3520.859015
89.44959,116,-3519.848419
89.620055,89,-3519.053743
89.400439,114,-3518.05352
88.382266,188,-3516.481558
89.23965,91,-3515.668758
88.810453,116,-3514.621419
89.374758,101,-3513.722088
89.139248,136,-3512.525011
89.176709,98,-3511.558745
88.565349,134,-3510.331001
88.719392,140,-3509.083868
88.925151,102,-3508.114099
88.948922,132,-3506.220123
89.052421,126,-3505.075826
89.076531,98,-3504.149994
88.411553,157,-3502.738593
88.808114,117,-3501.691849
89.064518,105,-3500.733649
88.779671,127,-3499.609559
49.76687,79,-3498.903116
89.031571,110,-3497.930551
88.680129,141,-3496.673139
89.238462,129,-3495.544963
89.335265,133,-3494.260125
88.864418,117,-3493.164311
89.647611,108,-3492.197333
89.167888,99,-3491.328045
85.625626,97,-3490.467261
88.840021,141,-3489.256463
89.188706,129,-3487.431039
89.618412,100,-3486.565488
89.25452,117,-3485.417553
88.875389,145,-3484.130779
88.851008,143,-3482.883136
88.729539,129,-3481.734337
88.967009,125,-3480.63427
89.02741,126,-3479.508171
89.228608,139,-3478.289182
88.635759,135,-3477.108331
89.270476,96,-3476.277444
89.612964,106,-3475.30473
88.737224,144,-3473.975054
88.652088,138,-3472.727733
89.594068,116,-3471.695358
89.613139,100,-3470.81493
89.140872,136,-3468.937207
89.200788,139,-3467.730032
89.406943,99,-3466.853487
89.088034,129,-3465.725316
85.294444,97,-3464.863082
89.454085,109,-3463.895752
89.142963,111,-3462.914944
89.233383,96,-3462.040237
89.55717,96,-3461.195875
89.559896,99,-3460.330762
89.165679,122,-3459.24346
88.594495,129,-3458.083241
89.278152,123,-3457.011836
88.918569,157,-3455.641783
89.249818,114,-3454.637403
88.853484,191,-3453.06086
89.308147,121,-3451.991238
88.745958,139,-3450.070823
88.993412,134,-3448.899675
89.136854,130,-3447.762851
88.996188,126,-3446.614453
19.573176,37,-3446.24649
-10.0,1,-3446.217
89.577501,98,-3445.324027
88.790901,130,-3444.111461
88.877697,123,-3442.950282
88.698365,142,-3441.674006
86.68866,95,-3440.81457
88.92424,113,-3439.80215
89.238391,127,-3438.655762
89.003397,133,-3437.43166
89.890217,93,-3436.592318
88.942407,107,-3435.629795
89.371601,125,-3434.488518
88.909185,127,-3433.319565
89.479735,97,-3432.422695
88.648062,134,-3430.47665
89.164642,97,-3429.607204
89.64212,101,-3428.701972
88.94982,113,-3427.667205
86.87761,121,-3426.594916
89.539111,108,-3425.640658
89.563102,106,-3424.689713
88.944908,136,-3423.487111
88.812861,139,-3422.2647
89.354253,120,-3421.197048
89.022235,104,-3420.279947
88.470311,145,-3418.964857
88.872354,131,-3417.814196
89.315564,117,-3416.782537
-7.4,5,-3416.711735
89.715719,91,-3415.956216
18.948214,39,-3415.600305
89.215199,113,-3414.548492
90.123596,89,-3413.797084
89.194595,132,-3411.852283
89.299037,121,-3410.856269
89.249388,102,-3409.906819
88.731605,121,-3408.81132
89.329551,132,-3407.727151
88.575601,144,-3406.534487
88.973031,115,-3405.572172
89.320463,119,-3404.585291
88.951775,109,-3403.692442
89.323857,117,-3402.73438
89.028764,134,-3401.538824
89.231583,126,-3400.395861
88.997306,115,-3399.418263
89.073503,148,-3398.191988
88.801318,120,-3397.211753
89.599345,95,-3396.413317
89.952237,89,-3395.617264
89.156956,104,-3393.972346
86.195239,115,-3392.979556
88.947611,123,-3391.952347
88.727626,132,-3390.851663
88.998659,111,-3389.917796
89.051363,137,-3388.57103
-10.0,1,-3388.545426
88.660953,136,-3387.369293
88.949241,141,-3386.10952
88.781677,140,-3384.811328
89.230004,122,-3383.618336
88.706854,136,-3382.433849
89.346539,103,-3381.582902
85.97087,140,-3380.425723
89.252183,120,-3379.44031
89.264763,120,-3378.449008
89.254228,119,-3377.477668
89.043983,139,-3376.221714
89.43035,116,-3374.509912
89.243492,123,-3373.50853
89.497313,92,-3372.768248
89.193453,104,-3371.862934
89.681049,98,-3370.890262
88.756447,123,-3369.886717
89.130466,134,-3368.592753
89.001017,111,-3367.671207
89.214909,97,-3366.880772
89.77212,98,-3366.074506
89.089959,126,-3364.855391
89.119867,124,-3363.858374
89.137392,113,-3362.940156
89.201851,105,-3362.090689
89.026847,131,-3361.020713
89.004566,115,-3360.082184
89.553806,112,-3359.07174
89.061334,118,-3358.021424
86.241593,122,-3356.250705
89.32968,91,-3355.433525
88.831195,124,-3354.270891
89.832156,111,-3353.215462
88.921484,166,-3351.72176
89.371922,103,-3350.810009
89.248741,124,-3349.724025
85.968162,106,-3348.778165
88.963941,106,-3347.832899
-3.527577,10,-3347.7254
89.331714,108,-3346.767449
88.695265,146,-3345.47863
88.590356,136,-3344.267683
89.920596,91,-3343.458721
89.486002,104,-3342.534039
88.820912,129,-3341.370382
89.18272,99,-3340.475329
89.624009,95,-3339.606714
89.397142,117,-3337.861027
89.352207,103,-3336.841182
89.288279,125,-3335.693397
89.481443,112,-3334.674886
86.545121,95,-3333.726243
89.581271,89,-3332.938
88.668129,131,-3331.747872
26.136161,51,-3331.269139
88.816733,136,-3330.059314
89.681935,92,-3329.225727
89.111299,97,-3328.354449
3.093116,19,-3328.161639
88.607636,143,-3326.882548
89.926334,95,-3326.03383
89.299938,104,-3325.067516
89.13894,123,-3323.908358
89.105357,115,-3322.846648
88.900577,144,-3321.517164
89.02472,108,-3320.558908
89.81674,94,-3319.732673
88.970815,116,-3318.017766
89.553039,110,-3317.039962
90.122461,89,-3316.237188
90.121722,89,-3315.458498
89.36777,108,-3314.49318
89.123564,105,-3313.490931
90.123596,89,-3312.748028
89.174418,103,-3311.840858
89.03229,142,-3310.610576
89.057734,130,-3309.35604
90.123596,89,-3308.627595
89.215518,113,-3307.529219
88.602358,135,-3306.35654
89.400696,118,-3305.311549
88.813295,145,-3304.049348
88.668667,140,-3302.848266
88.904842,130,-3301.706681
88.757103,135,-3300.542108
89.218036,116,-3298.838955
89.211518,101,-3297.957942
89.142394,97,-3297.08073
90.123596,89,-3296.357302
88.683418,148,-3295.028054
88.641442,138,-3293.771779
88.756728,129,-3292.629712
89.104258,112,-3291.648481
90.073807,89,-3290.918647
88.950823,114,-3289.90657
88.919384,107,-3288.973044
-8.44,4,-3288.918104
89.376757,105,-3287.999889
-6.810473,7,-3287.921502
88.585168,145,-3286.681867
89.213822,131,-3285.560799
88.922854,134,-3284.388416
88.668479,140,-3283.146956
86.614455,115,-3282.009482
89.481778,108,-3280.347205
88.935482,132,-3279.177222
89.023373,127,-3278.029623
89.432124,116,-3277.010755
88.733538,185,-3275.332181
88.985188,125,-3274.232017
88.720919,132,-3273.073633
89.381665,106,-3272.152619
89.535021,106,-3271.202786
88.682572,137,-3270.028365
89.015218,122,-3268.96087
89.63336,106,-3268.040649
89.487708,110,-3267.067184
89.144657,139,-3265.875403
89.154888,91,-3265.013958
88.530267,144,-3263.66469
88.923369,111,-3261.986474
89.930843,89,-3261.254964
88.993682,109,-3260.319823
88.996894,131,-3259.175876
88.672827,142,-3257.937274
86.217135,149,-3256.619022
83.303374,108,-3255.558458
89.104435,145,-3254.266182
89.300074,137,-3253.072837
90.123596,89,-3252.365975
89.458511,118,-3251.271517
89.075617,120,-3250.146435
89.210755,121,-3249.059688
89.44498,130,-3247.882801
89.054364,116,-3246.746816
89.052502,131,-3245.571728
89.031912,134,-3244.256032
89.218481,114,-3242.524392
89.450834,95,-3241.668995
85.698046,93,-3240.850054
89.156456,131,-3239.663385
88.880162,105,-3238.721719
88.617618,135,-3237.487581
89.610613,95,-3236.648712
85.912086,128,-3235.500381
89.641248,97,-3234.563987
89.388339,96,-3233.662019
88.667191,157,-3232.274238
88.896054,128,-3231.136107
85.895443,99,-3230.238717
89.120799,119,-3229.197824
88.936156,146,-3227.921323
89.054589,114,-3226.906922
89.213878,89,-3226.157695
88.914199,129,-3224.985308
89.147461,142,-3222.89663
88.826978,139,-3221.6362
89.408988,112,-3220.626057
89.161146,143,-3219.343328
88.556669,139,-3218.099595
89.024305,139,-3216.804314
88.864307,172,-3215.308215
88.888459,120,-3214.234846
89.659452,98,-3213.366284
88.651817,150,-3211.985476
89.073691,114,-3210.812094
-8.24,5,-3210.75417
89.12574,137,-3209.508272
89.453179,105,-3208.560804
88.862789,137,-3207.331215
89.107525,134,-3206.01214
89.072849,123,-3204.089263
89.455654,92,-3203.236122
88.973857,128,-3202.082727
89.179235,145,-3200.777957
88.456315,152,-3199.427966
89.135311,127,-3198.27503
89.024177,114,-3197.25772
89.663712,89,-3196.517653
88.714837,139,-3195.282906
89.377535,110,-3194.311291
89.591251,103,-3193.351978
89.346314,100,-3192.365542
89.102185,120,-3191.336059
89.628552,110,-3190.359529
88.860173,120,-3189.30716
89.291322,94,-3188.478149
89.382739,103,-3187.58372
89.19973,133,-3186.394557
88.682355,136,-3184.398108
85.681352,110,-3183.401366
88.738428,127,-3182.277977
89.290543,118,-3181.248523
89.42138,108,-3180.302237
88.823002,115,-3179.304649
88.919777,125,-3178.212696
89.189904,106,-3177.256618
89.11604,95,-3176.449012
89.112313,108,-3175.492203
88.621675,138,-3174.213531
89.505752,109,-3173.207422
88.951165,160,-3171.822388
85.894625,137,-3170.604406
88.694853,140,-3169.397116
89.23975,131,-3168.255014
89.331121,92,-3167.442321
-7.36,6,-3167.363205
88.968887,139,-3165.417341
89.166107,104,-3164.403374
88.906025,121,-3163.341144
89.406685,113,-3162.352061
88.560737,182,-3160.838297
89.725999,108,-3159.879612
89.561856,97,-3159.010812
89.305015,121,-3157.952519
89.200964,127,-3156.842929
90.03635,89,-3156.140445
88.956126,124,-3155.047678
85.85778,101,-3154.066802
90.123596,89,-3153.258546
89.257691,113,-3152.237775
89.013915,140,-3150.977903
88.947734,112,-3149.956119
88.675542,151,-3148.592281
89.083706,150,-3146.51021
89.19674,137,-3145.245638
88.662855,128,-3144.019085
88.88669,126,-3142.804073
88.833739,121,-3141.656872
89.736086,102,-3140.726771
89.076328,134,-3139.506327
89.188932,115,-3138.459809
89.078022,125,-3137.329936
88.992259,102,-3136.384089
88.914515,160,-3134.964379
89.157791,102,-3134.040009
88.919025,133,-3132.85386
-9.32,2,-3132.814561
88.952183,108,-3131.832584
90.024419,93,-3131.016034
89.063187,120,-3129.868354
89.199605,114,-3128.767304
86.265984,124,-3126.906014
89.263242,134,-3125.679237
88.466247,174,-3124.155753
89.118495,104,-3123.153198
89.272686,104,-3122.14472
89.382386,107,-3121.172878
88.810108,116,-3120.107945
88.90516,126,-3118.950994
89.785972,89,-3118.20567
89.026515,99,-3117.282198
89.321685,128,-3116.111195
89.275277,91,-3115.267656
88.519653,222,-3113.294245
88.67022,132,-3112.076595
89.060694,113,-3111.039771
88.885259,154,-3109.634164
90.123596,89,-3108.168963
89.331736,100,-3107.254748
89.162865,112,-3106.218225
85.811915,120,-3105.09472
88.867157,131,-3103.903777
-7.36,6,-3103.817307
89.316816,110,-3102.829279
88.993108,136,-3101.520327
85.767915,136,-3100.282485
88.780716,154,-3098.921355
88.850667,114,-3097.874898
89.480992,112,-3096.769108
88.700067,133,-3095.580051
88.551928,147,-3094.288795
89.777342,90,-3093.487714
89.748965,109,-3092.442406
89.35661,105,-3091.441147
89.592604,106,-3090.426175
89.179521,132,-3088.43256
89.009119,150,-3087.003255
89.446442,105,-3085.989041
89.518593,116,-3084.875755
89.866121,89,-3084.087559
89.02084,97,-3083.140649
88.480687,190,-3081.433558
88.580274,146,-3079.987164
89.121359,118,-3078.803089
22.464793,49,-3078.290067
89.222208,138,-3076.921948
89.311774,113,-3075.821166
89.50006,89,-3075.046878
89.410147,113,-3073.966414
85.921731,93,-3073.085305
89.739813,89,-3072.318216
89.324803,112,-3071.263271
-7.96,3,-3071.204204
88.653551,133,-3069.959807
86.306021,98,-3068.179295
89.157029,90,-3067.356692
89.572405,94,-3066.424909
89.079097,117,-3065.286254
89.072365,103,-3064.316705
88.651516,136,-3063.051176
88.913918,144,-3061.707068
89.150966,130,-3060.394902
89.180775,124,-3059.246406
85.443973,95,-3058.35091
88.820491,140,-3057.032719
-8.2,6,-3056.955853
88.87008,145,-3055.605938
89.191343,101,-3054.569584
88.964269,133,-3053.32452
89.137565,105,-3052.335624
88.718682,124,-3051.181571
88.975896,125,-3050.031736
90.123596,89,-3049.27817
89.907377,96,-3047.571344
85.271468,108,-3046.542295
89.549528,117,-3045.420915
89.023962,109,-3044.371588
85.681735,99,-3043.416193
88.810643,137,-3042.105814
89.420864,96,-3041.189975
89.21777,127,-3039.907147
89.324502,123,-3038.668144
86.957189,105,-3037.710311
90.123596,89,-3036.937007
89.091571,126,-3035.768832
88.776502,134,-3034.58966
88.75473,137,-3033.301333
89.043104,99,-3032.499666
89.129942,104,-3031.481956
89.233323,123,-3030.44364
89.222762,108,-3029.543996
88.615798,194,-3027.313794
89.394904,129,-3026.130939
86.43265,120,-3025.148055
89.270898,141,-3024.016461
89.450044,99,-3023.159795
89.304074,126,-3022.134064
86.519571,110,-3021.232663
89.316465,112,-3020.305412
88.726742,133,-3019.237957
88.994072,129,-3018.195518
89.128389,100,-3017.380721
88.678438,135,-3016.268438
88.929812,129,-3015.224133
88.911448,131,-3014.147924
88.773567,128,-3013.093074
88.768297,119,-3012.110117
89.169893,120,-3010.418282
89.215348,99,-3009.608455
90.080741,89,-3008.912454
86.31241,119,-3007.776645
4.63631,16,-3007.602624
89.669635,104,-3006.605121
89.086469,129,-3005.434541
88.946764,127,-3004.385117
86.565047,126,-3003.327789
88.741637,125,-3002.239772
89.440311,103,-3001.239015
86.898422,104,-3000.371125
88.930992,114,-2999.428498
89.089074,130,-2998.361594
89.221098,121,-2997.32699
88.984067,133,-2996.228187
26.253293,47,-2995.828238
88.885786,126,-2994.784807
88.878385,112,-2993.863568
89.38327,99,-2992.361804
89.550804,97,-2991.575431
88.911861,122,-2990.571896
89.061929,111,-2989.669808
43.44442,65,-2989.121774
88.843765,137,-2987.996427
24.630901,58,-2987.515128
86.147555,107,-2986.633544
89.340867,113,-2985.715658
89.418912,114,-2984.787543
88.663747,135,-2983.691065
89.050243,141,-2982.510103
89.294042,117,-2981.364775
86.191826,117,-2980.408964
89.041428,117,-2979.419309
88.838869,129,-2978.348377
86.061772,86,-2977.670624
88.842485,123,-2976.442014
89.248399,111,-2974.726394
88.942805,132,-2973.535424
89.334145,111,-2972.552425
88.749602,148,-2971.245789
88.602774,136,-2970.048726
88.989395,141,-2968.798258
58.346347,97,-2967.950251
86.151145,103,-2967.044653
88.95197,119,-2965.97512
89.490513,102,-2965.083996
89.673614,91,-2964.301701
89.288993,129,-2963.162052
89.180446,106,-2962.231585
88.875335,141,-2961.003831
89.074194,109,-2960.035049
89.789928,92,-2959.31306
89.661942,99,-2958.434011
88.83778,139,-2957.224514
86.434651,126,-2955.366924
89.225535,106,-2954.424895
88.884121,115,-2953.411587
88.982158,101,-2952.524238
88.341377,203,-2950.88996
89.351803,98,-2950.024005
89.694925,106,-2949.07442
89.006608,146,-2947.790895
89.209993,133,-2946.554448
4.597747,23,-2946.32037
9.794343,37,-2945.960846
89.250014,98,-2945.074799
89.232604,99,-2944.211243
89.063281,108,-2943.267005
89.581508,94,-2942.419972
89.085524,134,-2941.244332
35.341214,67,-2940.666238
90.072105,89,-2939.941757
89.199971,124,-2938.845583
85.905653,105,-2937.131123
88.814646,111,-2936.0719
88.799577,141,-2934.811698
87.024028,123,-2933.733635
89.417211,103,-2932.8403
89.181392,127,-2931.699051
89.471901,115,-2930.597453
88.599944,139,-2929.377397
89.263068,121,-2928.309392
89.237361,120,-2927.256434
89.205704,113,-2926.263425
88.913938,107,-2925.330302
89.174622,90,-2924.604503
88.579952,176,-2923.116952
89.168282,130,-2921.967108
88.375834,191,-2920.366457
89.147398,121,-2919.158365
59.496217,88,-2917.643862
88.799466,136,-2916.372595
88.77816,130,-2915.177726
89.056915,104,-2914.274999
88.594888,189,-2912.71679
89.153807,116,-2911.698464
89.292811,94,-2910.862518
88.592132,146,-2909.587113
89.438251,93,-2908.770657
89.192553,91,-2907.947661
89.070857,136,-2906.637854
88.930599,143,-2905.239265
89.457301,106,-2904.294248
89.240423,90,-2903.494052
25.93111,37,-2903.142106
88.95327,105,-2902.207928
59.232232,82,-2901.468508
88.799973,140,-2900.253357
89.697305,93,-2898.666142
89.10925,102,-2897.675008
88.696091,133,-2896.39131
89.825547,90,-2895.636622
88.365411,156,-2894.357797
89.156099,120,-2893.36722
89.032483,100,-2892.532246
89.307775,133,-2891.439873
89.023806,105,-2890.571793
89.793857,103,-2889.72352
85.811799,114,-2888.761468
89.211587,90,-2887.947968
89.221453,114,-2886.852703
89.380201,119,-2885.730438
89.721944,89,-2885.000165
89.57936,104,-2884.099876
88.579622,150,-2882.76708
88.968892,132,-2881.594537
88.692541,128,-2879.723619
89.008739,146,-2878.413243
85.1542,262,-2876.385707
89.233841,129,-2875.237442
89.548475,99,-2874.329875
88.8219,118,-2873.275993
88.967948,108,-2872.332581
89.164558,116,-2871.265334
89.066607,128,-2870.099416
88.973567,113,-2869.076428
86.045483,130,-2867.920233
35.562055,61,-2867.365514
88.469047,208,-2865.672242
89.408911,99,-2864.781619
89.118468,129,-2863.631086
89.672269,99,-2862.661531
88.844187,177,-2860.469457
89.083229,118,-2859.384048
88.647472,136,-2858.105837
88.917357,113,-2856.992918
89.172017,138,-2855.666047
88.684832,137,-2854.362859
88.839374,129,-2853.208347
88.728974,123,-2852.108033
88.911486,106,-2851.146204
88.782499,198,-2849.5
89.456295,114,-2848.47617
89.434277,105,-2847.529804
89.374857,104,-2846.546509
88.885589,113,-2845.494556
88.869497,132,-2844.252005
86.242676,121,-2842.436984
89.352036,115,-2841.388206
89.092329,101,-2840.465384
89.102254,130,-2839.296708
88.699062,134,-2838.078816
89.443289,109,-2837.087658
88.84067,125,-2835.95472
88.85631,136,-2834.767399
-8.48,2,-2834.725081
88.92889,135,-2833.513726
88.99295,117,-2832.464969
89.088952,135,-2831.255785
89.675537,102,-2830.341366
88.803752,141,-2829.086583
88.998813,131,-2827.910719
88.972187,110,-2826.8851
88.847371,143,-2825.577252
88.981891,137,-2824.356103
10.406531,32,-2824.053501
89.491518,115,-2822.34231
88.483833,184,-2820.835258
89.777018,96,-2820.000872
54.902008,99,-2819.137658
-1.337293,16,-2818.980156
86.118331,98,-2818.095839
31.890969,62,-2817.519418
14.10811,36,-2817.194316
89.630786,102,-2816.305315
89.160386,106,-2815.311311
89.162942,126,-2814.122734
88.638484,127,-2813.003541
86.38045,117,-2811.979071
86.764475,104,-2811.052032
88.959323,115,-2809.933294
89.94876,98,-2809.083172
89.076975,100,-2808.200639
89.288256,115,-2807.175183
89.741069,92,-2806.363838
89.38942,124,-2805.28359
85.392297,118,-2803.541139
89.252294,120,-2802.488623
88.98429,134,-2801.222188
88.849536,133,-2800.021789
89.137154,125,-2798.898233
88.853408,140,-2797.655324
89.117285,111,-2796.606704
89.896558,89,-2795.872215
89.444097,102,-2794.947471
89.21965,123,-2793.831376
89.242587,100,-2792.942153
88.992084,106,-2791.984581
88.761313,131,-2790.807061
89.03729,144,-2789.496468
88.875496,122,-2788.294256
88.682833,135,-2787.086119
88.719148,123,-2785.981818
28.555293,60,-2784.734715
89.287683,115,-2783.715408
89.450212,103,-2782.789479
89.068647,133,-2781.618272
86.900256,134,-2780.443108
86.228368,119,-2779.282346
89.72037,93,-2778.466051
88.93023,126,-2777.372093
89.950562,89,-2776.648236
85.989339,115,-2775.622063
88.748591,135,-2774.429219
89.259754,135,-2773.12463
89.073357,131,-2771.953929
89.463569,105,-2770.99684
88.843066,124,-2769.916633
88.872616,126,-2768.819696
89.172903,105,-2767.903979
89.277065,100,-2766.915736
89.307571,117,-2765.05507
89.959109,90,-2764.314034
89.19216,119,-2763.270062
88.689678,134,-2762.086687
88.926867,121,-2761.035191
88.804474,125,-2759.953999
89.322615,117,-2758.930466
85.538759,124,-2757.841061
89.134142,138,-2756.608947
-10.0,1,-2756.582822
89.117192,122,-2755.508554
89.203012,103,-2754.601393
88.789097,161,-2753.239039
89.189217,113,-2752.239978
89.110609,133,-2751.085964
58.291329,106,-2750.163796
88.842079,134,-2749.013367
89.058737,111,-2747.33104
89.126629,128,-2746.150055
89.208131,136,-2744.888875
88.625929,142,-2743.603941
85.515292,108,-2742.609246
89.481338,103,-2741.682957
88.751712,134,-2740.475237
89.135609,89,-2739.71351
88.868516,145,-2738.383989
88.828955,139,-2737.099264
-9.32,2,-2737.059521
88.955784,124,-2735.91902
89.077774,129,-2734.750729
89.257556,126,-2733.638514
88.615366,154,-2732.283142
89.34808,121,-2731.187273
89.421886,110,-2730.193343
89.215717,101,-2729.279447
78.243121,96,-2727.692594
89.57467,108,-2726.714215
88.914003,115,-2725.678906
88.814163,114,-2724.674188
86.105717,135,-2723.473208
89.069624,112,-2722.477438
89.374475,127,-2721.345206
85.734027,144,-2720.090572
89.06712,122,-2718.998253
89.386826,94,-2718.153017
89.19063,112,-2717.146414
88.7354,148,-2715.798061
-7.6,4,-2715.731866
88.664768,136,-2714.496461
89.573425,137,-2713.288382
89.510531,96,-2712.410801
89.540727,107,-2711.428297
88.614468,141,-2710.047733
89.369735,107,-2708.36777
88.658517,138,-2706.991363
89.354076,99,-2706.085218
89.200959,136,-2704.871233
89.275139,137,-2703.667256
88.92473,130,-2702.531222
89.273428,132,-2701.377446
88.733851,159,-2700.018694
89.32318,123,-2698.937314
89.12602,114,-2697.931516
89.364176,117,-2696.897252
89.014775,111,-2695.827246
88.788677,142,-2694.516986
89.106425,143,-2693.239044
88.801583,133,-2692.059208
89.373989,118,-2691.009452
89.569181,96,-2689.359591
89.148297,114,-2688.353117
89.258152,129,-2687.203642
89.271099,129,-2686.058212
89.747869,105,-2685.140295
88.714294,142,-2683.893386
89.127768,130,-2682.741119
-7.4,5,-2682.666181
89.480134,106,-2681.720255
89.608141,114,-2680.599706
89.403067,121,-2679.420417
89.321014,179,-2677.864355
88.863802,114,-2676.800808
89.40989,92,-2675.918902
88.924894,113,-2674.808076
89.272047,110,-2673.84155
-7.4,5,-2673.773562
85.971396,90,-2673.025657
88.879725,125,-2671.939519
88.837964,117,-2670.060452
-10.0,1,-2670.034006
88.899527,121,-2668.95558
89.036408,110,-2667.967771
89.540403,103,-2667.033217
89.747488,89,-2666.311313
88.677635,150,-2665.003173
86.016871,122,-2663.842106
88.677931,137,-2662.563046
89.306465,111,-2661.588948
85.46179,100,-2660.700059
89.448739,127,-2659.576171
85.855947,109,-2658.521656
88.844242,126,-2657.366852
88.867598,134,-2656.167546
89.089203,124,-2655.078436
86.936588,96,-2654.21693
86.407649,116,-2653.174519
88.825297,118,-2652.147837
89.699208,103,-2650.499968
-8.44,4,-2650.440082
88.908749,152,-2648.989331
89.083543,125,-2647.821463
89.253015,113,-2646.750894
88.71961,135,-2645.47483
89.193543,117,-2644.417959
88.906352,110,-2643.314859
89.24038,135,-2642.059431
88.664378,141,-2640.779243
89.708582,123,-2639.672561
89.356195,89,-2638.931409
89.497895,119,-2637.83605
88.931232,150,-2636.468259
89.062756,125,-2635.346067
88.868417,152,-2633.872929
89.215166,114,-2632.797054
88.676912,148,-2630.701576
86.470378,100,-2629.77577
88.771592,138,-2628.515989
89.477948,117,-2627.461762
89.151698,100,-2626.548093
86.4472,118,-2625.478358
89.048541,118,-2624.396247
89.109454,100,-2623.472783
88.798646,139,-2622.141916
86.246781,121,-2620.994567
89.546335,98,-2620.081969
89.200885,104,-2619.032312
89.146824,115,-2617.982968
89.651051,89,-2617.213218
88.863298,132,-2615.989066
89.640778,101,-2615.062436
88.94598,125,-2613.914894
85.950387,110,-2612.908262
89.080251,110,-2611.177311
89.041426,100,-2610.243634
88.972477,132,-2608.941327
89.322983,97,-2608.058029
89.887401,94,-2607.143826
89.429082,147,-2605.782464
89.121568,124,-2604.628506
89.193898,141,-2603.336207
89.234181,124,-2602.22807
89.105672,133,-2601.041275
89.112067,167,-2599.626724
88.810258,138,-2598.445363
89.521755,144,-2597.19251
85.025084,136,-2595.913872
88.624287,141,-2594.662657
89.580702,113,-2593.674828
88.686421,125,-2591.818322
88.763688,152,-2590.504994
88.787244,135,-2589.310311
89.486245,97,-2588.447398
89.051223,99,-2587.570252
89.36864,106,-2586.637143
88.508461,144,-2585.224692
89.685501,99,-2584.250507
89.253212,113,-2583.157387
89.469742,102,-2582.142618
89.243581,107,-2581.104712
89.140918,162,-2579.573353
88.922012,115,-2578.413886
88.920639,126,-2577.155045
88.741223,122,-2575.959612
88.849795,137,-2574.636528
89.26241,127,-2573.377344
89.996112,91,-2571.811095
89.579333,113,-2570.745416
88.577022,140,-2569.443405
88.908663,130,-2568.164176
89.462449,90,-2567.349542
89.551984,95,-2566.452914
88.69952,141,-2565.137706
88.762436,122,-2563.974824
89.02169,124,-2562.825347
88.640803,159,-2561.27298
6.327917,28,-2560.970313
89.432377,100,-2559.999265
88.990505,109,-2558.952168
89.612292,97,-2558.034947
89.138616,101,-2557.029296
89.510158,127,-2555.77571
88.783208,123,-2554.59728
88.903602,106,-2553.573234
88.735747,122,-2551.692832
89.55326,102,-2550.734427
89.253443,111,-2549.675635
88.949164,132,-2548.43177
89.725657,104,-2547.430816
88.746197,128,-2546.118944
89.147165,108,-2545.083102
86.140568,119,-2543.936175
88.744397,129,-2542.715371
89.099507,152,-2541.290756
88.956244,139,-2539.956857
88.907085,142,-2538.621569
88.552006,156,-2537.175044
34.426181,67,-2536.512881
89.106236,114,-2535.393287
89.495319,112,-2534.408649
86.062928,121,-2533.424028
89.198523,132,-2531.641563
89.304504,111,-2530.592499
88.917845,147,-2529.302089
89.416884,90,-2528.630431
89.372617,119,-2527.637526
89.583769,89,-2526.961909
19.776461,41,-2526.617656
89.171286,142,-2525.438638
89.127257,98,-2524.577606
89.167731,144,-2523.210068
88.676255,148,-2521.998434
88.406094,159,-2520.636809
89.233981,124,-2519.616639
89.222004,127,-2518.582278
89.213947,118,-2517.620953
88.93053,116,-2516.678136
89.275429,137,-2515.566127
89.518123,90,-2514.212853
88.758596,135,-2513.06281
89.136112,130,-2512.000079
83.774004,100,-2511.167942
89.724352,111,-2510.239123
89.451879,120,-2509.254223
87.324986,116,-2508.288456
89.610805,111,-2507.37346
89.812266,104,-2506.431859
88.77974,129,-2505.239043
89.366469,108,-2504.304054
89.493144,114,-2503.382111
89.106637,99,-2502.57023
89.35509,126,-2501.538907
89.563886,99,-2500.719022
89.144439,102,-2499.878386
88.763167,127,-2498.81115
-10.0,1,-2498.778559
89.511482,124,-2497.744716
89.015927,133,-2495.91186
89.742338,103,-2494.998434
89.868451,91,-2494.19542
89.098253,108,-2493.24793
-0.361983,15,-2493.088889
89.245832,108,-2492.101701
89.031388,159,-2490.620714
89.085739,147,-2489.345483
86.305939,131,-2488.186534
89.180553,129,-2487.02476
89.020126,115,-2485.891494
89.080911,115,-2484.877768
89.263341,153,-2483.430393
89.156709,103,-2482.52155
88.947227,109,-2481.538673
88.822333,134,-2480.35659
85.298978,126,-2479.24033
89.348954,124,-2478.0431
88.703707,133,-2476.061831
88.96771,128,-2474.868022
89.423215,89,-2474.094829
-7.6,4,-2474.028873
89.596581,103,-2473.103906
88.965948,102,-2472.168086
89.129834,134,-2471.008709
88.778098,110,-2470.04461
89.071856,114,-2469.049929
89.669019,102,-2468.144414
88.87935,116,-2467.104605
85.892421,102,-2466.192321
89.049757,134,-2465.023414
89.304016,97,-2464.171695
89.364564,116,-2463.148133
88.954116,126,-2462.047345
89.208653,124,-2460.955232
88.681704,161,-2459.595908
89.422202,115,-2457.912038
89.250361,101,-2457.009013
89.564774,91,-2456.231948
89.38748,114,-2455.206456
89.253426,118,-2454.177305
89.182608,107,-2453.233721
88.677855,129,-2452.109338
88.991229,115,-2451.099032
89.314431,118,-2450.048023
89.317387,114,-2449.040702
88.92639,117,-2448.009739
89.015111,146,-2446.716607
88.588583,157,-2445.261267
89.000527,103,-2444.312013
-0.495707,14,-2444.166631
87.438919,133,-2442.903115
89.145889,131,-2441.675987
88.872408,122,-2440.596664
89.558559,99,-2438.977508
88.777093,125,-2437.881635
89.269243,110,-2436.903198
86.048249,122,-2435.779687
89.019282,131,-2434.551555
89.041977,132,-2433.3999
88.744142,125,-2432.145232
89.966055,93,-2431.222716
89.601145,93,-2430.405651
89.575145,92,-2429.564309
88.98627,124,-2428.374144
88.596776,171,-2426.83161
88.830323,148,-2425.432107
88.985395,109,-2424.459991
87.210815,127,-2423.33076
89.157552,137,-2422.144454
88.780674,138,-2420.828792
89.565367,108,-2419.104429
89.682105,90,-2418.35079
89.108519,131,-2417.182911
89.30013,112,-2416.143665
88.656729,141,-2414.847599
88.990045,169,-2413.344786
89.305937,101,-2412.440964
90.070638,90,-2411.75427
85.471206,121,-2410.734866
89.753271,100,-2409.92012
85.783362,119,-2408.930915
88.579127,140,-2407.780318
88.560282,154,-2406.547407
89.467426,108,-2405.658772
88.692196,126,-2404.607879
88.752017,160,-2403.222781
89.18278,89,-2402.432882
89.062451,116,-2400.761422
88.553204,138,-2399.63126
88.560087,143,-2398.479377
85.850743,108,-2397.601889
90.009913,96,-2396.81187
89.565818,97,-2396.017326
85.907365,122,-2394.914864
89.403626,123,-2393.80379
88.988476,110,-2392.898942
89.326006,130,-2391.838216
89.529898,95,-2390.985162
89.062682,100,-2390.037955
88.900627,130,-2388.985732
88.908798,108,-2388.106208
89.411714,109,-2387.229717
88.60486,136,-2385.984459
89.546465,92,-2385.123519
86.412429,90,-2384.336947
89.076111,99,-2382.808564
89.299928,99,-2381.984081
88.939527,124,-2380.913433
89.702589,108,-2379.86196
85.851042,119,-2378.850443
88.829626,129,-2377.790645
88.507304,156,-2376.333543
88.957566,128,-2375.298203
89.116457,110,-2374.401119
89.047849,123,-2373.409011
89.359492,104,-2372.541176
86.004445,131,-2371.470212
89.427362,118,-2370.505488
89.098723,150,-2369.288019
88.76075,130,-2368.241467
88.875249,117,-2367.28847
88.720139,134,-2366.121301
88.915427,129,-2364.356417
89.112486,107,-2363.487793
85.09697,115,-2362.547398
89.13875,117,-2361.371444
88.606233,154,-2360.096275
89.202414,105,-2359.232058
88.685042,127,-2358.192429
88.849475,130,-2356.926104
89.361453,102,-2355.971411
89.101214,144,-2354.659712
89.390711,111,-2353.751249
88.852176,131,-2352.673573
89.12876,130,-2351.613314
89.188169,119,-2350.622413
89.256542,122,-2349.626391
89.782509,91,-2348.78988
88.932518,121,-2347.679125
89.261359,130,-2345.73067
85.92719,111,-2344.769754
89.524162,108,-2343.89105
89.238595,108,-2342.995686
88.79611,156,-2341.748858
89.019547,117,-2340.632477
89.337802,126,-2339.564297
85.732504,112,-2338.651209
89.44984,115,-2337.708602
89.375011,113,-2336.787922
88.707318,146,-2335.605841
89.206737,107,-2334.722881
89.466937,99,-2333.922708
88.635523,144,-2332.769584
88.829464,146,-2331.563339
89.30857,128,-2330.506043
89.089128,110,-2328.854078
89.118166,111,-2327.947257
89.694431,105,-2327.062804
89.510665,107,-2325.959576
88.746396,122,-2324.811206
89.204412,126,-2323.701151
89.105807,151,-2322.389554
88.842656,109,-2321.4244
-4.997557,8,-2321.33266
89.208897,144,-2319.953215
88.876617,126,-2318.842136
88.797138,138,-2317.607578
88.965169,123,-2316.493593
88.961733,121,-2315.390705
89.345643,102,-2314.405165
88.788479,122,-2313.251467
89.001539,131,-2312.038771
88.961277,139,-2310.795553
88.784718,120,-2309.007262
88.936521,144,-2307.724541
88.799279,131,-2306.531098
89.636084,107,-2305.531036
89.814857,94,-2304.644743
89.001304,124,-2303.442928
90.024748,92,-2302.613519
85.892802,96,-2301.683488
89.083369,125,-2300.521574
88.926629,133,-2299.337361
88.890584,110,-2298.354519
89.197881,104,-2297.419649
88.83798,153,-2295.96305
89.363408,100,-2294.97784
88.887419,114,-2293.910211
86.359073,110,-2292.935784
88.860171,135,-2291.745307
89.103693,93,-2290.224547
86.421448,133,-2288.902887
89.274144,121,-2287.836209
88.703592,138,-2286.616449
85.843101,120,-2285.554186
89.340896,114,-2284.551015
85.778203,121,-2283.473957
89.035307,125,-2282.264433
89.124571,117,-2281.205838
88.830263,115,-2280.172104
89.080362,130,-2279.030282
89.80289,91,-2278.216719
90.051794,89,-2277.499801
89.011492,112,-2276.512854
89.044735,120,-2275.438573
89.28638,153,-2274.116395
88.741351,120,-2272.972188
85.912193,108,-2271.946806
89.347849,113,-2270.235096
89.636253,95,-2269.287114
89.035354,99,-2268.398871
89.015007,136,-2267.208145
89.507021,99,-2266.270274
86.238944,118,-2265.115818
89.301947,144,-2263.810476
89.142671,119,-2262.721151
89.135095,117,-2261.673717
89.287184,115,-2260.655865
89.310035,90,-2259.874905
89.088669,114,-2258.827088
88.506813,133,-2257.657826
89.235802,135,-2256.485664
89.069263,115,-2255.472614
88.741788,122,-2254.381272
89.154573,124,-2253.254239
90.079614,89,-2251.743616
88.834179,113,-2250.635278
89.064995,104,-2249.676095
88.70323,125,-2248.568677
85.876982,102,-2247.653343
82.975672,117,-2246.560735
89.480468,97,-2245.659824
89.339931,110,-2244.691617
88.579272,131,-2243.560642
88.65187,137,-2242.355321
89.441683,97,-2241.489574
89.73561,90,-2240.698298
85.851922,123,-2239.584448
89.813127,89,-2238.865215
89.000701,115,-2237.823471
88.97102,123,-2236.698712
88.878405,121,-2235.558434
89.337869,110,-2234.552086
88.884322,131,-2233.41123
88.855794,146,-2231.456095
89.285037,120,-2230.408766
89.084974,116,-2229.400699
89.630631,106,-2228.459838
89.729633,89,-2227.751305
89.126581,133,-2226.618239
89.710543,98,-2225.755513
88.975195,119,-2224.713135
89.48169,110,-2223.755761
89.507142,100,-2222.896522
88.961848,143,-2221.646944
88.855622,114,-2220.64805
-9.292844,2,-2220.613706
88.863605,135,-2219.446247
89.603033,135,-2218.279431
88.816145,113,-2217.26321
89.064909,123,-2216.186959
89.082573,122,-2215.116321
86.163405,113,-2213.432966
88.816369,130,-2212.29973
89.1195,134,-2211.092764
88.784594,149,-2209.813621
88.971892,141,-2208.596335
89.593732,112,-2207.623162
88.928702,112,-2206.590536
88.89347,103,-2205.641449
89.837327,89,-2204.883839
85.736203,122,-2203.793295
89.082556,112,-2202.812076
88.710515,136,-2201.613719
88.892686,125,-2200.522447
89.611481,106,-2199.46892
88.977739,103,-2198.510842
89.176562,121,-2197.469351
89.176814,122,-2196.388423
88.7651,118,-2194.595721
89.732343,94,-2193.727931
85.600088,132,-2192.445858
88.734758,133,-2191.283129
88.821895,111,-2190.27512
89.306848,120,-2189.219093
86.372874,98,-2188.349522
89.262466,120,-2187.266961
89.60678,114,-2186.224848
88.73327,133,-2184.901164
85.923641,103,-2183.969847
88.789657,129,-2182.814097
88.73873,132,-2181.643514
88.917018,110,-2180.57165
88.93541,145,-2179.257698
86.106823,116,-2178.212894
89.03267,143,-2176.927266
89.500161,105,-2175.188356
89.253983,103,-2174.246849
88.698265,146,-2172.971766
88.997713,141,-2171.729567
89.276763,110,-2170.752012
89.073941,134,-2169.562461
86.166687,94,-2168.714014
86.214781,111,-2167.714115
88.685577,133,-2166.510142
89.331816,104,-2165.562049
89.686716,93,-2164.724494
89.313862,140,-2163.461156
89.329055,115,-2162.422286
88.480035,107,-2161.444298
89.24459,131,-2160.283026
58.961969,99,-2159.395273
88.915601,142,-2158.136519
89.159823,111,-2156.39667
88.875918,124,-2155.282723
89.532513,102,-2154.370371
89.41569,118,-2153.292279
88.798986,122,-2152.221856
89.415025,108,-2151.247042
89.906859,94,-2150.408726
88.818577,125,-2149.333968
89.008316,120,-2148.295383
17.344642,35,-2147.975742
85.41501,130,-2146.829143
48.796025,87,-2146.021653
88.697177,128,-2144.801921
89.368285,109,-2143.846652
88.849967,110,-2142.879523
89.371188,114,-2141.862976
89.72095,98,-2140.989501
89.327775,111,-2140.011635
89.648066,105,-2139.03526
89.206991,99,-2137.376876
86.164948,96,-2136.51049
89.892353,90,-2135.693649
89.820287,93,-2134.809758
88.7986,152,-2133.391354
88.806584,135,-2132.174479
89.06387,107,-2131.208435
88.610499,143,-2129.940049
89.148543,135,-2128.735789
89.088467,110,-2127.644043
89.594022,99,-2126.750091
89.049795,126,-2125.610005
88.875827,123,-2124.529503
89.832783,95,-2123.682226
88.869419,120,-2122.646586
89.188836,104,-2121.650954
89.446581,124,-2120.478795
89.311151,126,-2119.378106
89.111341,125,-2117.581761
86.152302,116,-2116.512139
88.860942,117,-2115.423718
89.116213,92,-2114.580942
89.688775,89,-2113.851683
89.169722,116,-2112.840045
89.092223,138,-2111.636457
88.686554,142,-2110.398775
89.557562,106,-2109.467309
85.5862,124,-2108.399351
89.530492,117,-2107.384557
88.789923,148,-2106.105004
89.187984,126,-2104.968928
89.785919,107,-2104.036698
88.711709,127,-2102.933107
89.276654,124,-2101.851033
88.846487,159,-2100.485482
89.709005,104,-2098.895558
89.424458,105,-2097.996312
89.201117,124,-2096.908484
89.180524,131,-2095.707005
89.198313,152,-2094.293268
88.919446,132,-2093.150543
88.780284,136,-2091.978601
88.944302,134,-2090.667262
89.383046,117,-2089.636453
88.838034,133,-2088.466866
89.443506,122,-2087.355694
88.98964,145,-2085.992951
85.524942,119,-2084.857711
89.52917,143,-2083.55995
89.485006,104,-2082.611085
89.204129,106,-2081.647584
88.960082,139,-2079.533201
41.213121,82,-2078.759316
88.826364,132,-2077.550517
89.213386,117,-2076.475736
88.828513,117,-2075.394098
89.003033,111,-2074.389092
89.638408,109,-2073.402504
-8.8,3,-2073.353867
88.939249,122,-2072.249729
89.500534,103,-2071.198264
89.768775,96,-2070.305668
89.688018,101,-2069.38941
88.85683,124,-2068.26752
89.278546,146,-2066.907911
88.838695,134,-2065.693124
88.972153,130,-2064.440829
89.350108,106,-2063.443493
89.158996,107,-2062.461811
89.856831,90,-2061.618966
89.542348,109,-2059.886389
-7.96,3,-2059.83193
88.87552,141,-2058.445716
89.071576,101,-2057.52101
86.081113,105,-2056.532938
88.917889,142,-2055.202754
89.407449,115,-2054.133412
71.617922,94,-2053.304579
89.412317,103,-2052.356906
89.313831,123,-2051.220366
89.509697,101,-2050.208339
89.658891,105,-2049.241603
86.462997,126,-2048.041282
88.782193,141,-2046.651722
89.545594,105,-2045.660479
89.141831,127,-2044.463143
88.677305,137,-2043.213101
88.726552,123,-2042.07606
89.205659,109,-2040.374032
88.591031,144,-2039.090178
89.183104,119,-2038.039702
88.869229,133,-2036.849793
88.913185,113,-2035.844514
89.756359,99,-2034.925974
88.918563,118,-2033.822437
88.979483,113,-2032.794215
88.597192,143,-2031.50347
89.818351,94,-2030.609899
88.636521,136,-2029.312659
88.743151,130,-2028.143576
89.532933,106,-2027.16621
88.924285,122,-2026.02482
89.127972,123,-2024.830299
89.366235,116,-2023.697599
-8.32,7,-2023.608373
89.075819,95,-2022.691522
89.861932,95,-2021.656091
89.619208,97,-2019.966179
89.218584,100,-2018.959281
88.746326,143,-2017.561615
89.627778,104,-2016.504258
89.269192,121,-2015.287982
90.002087,90,-2014.46623
42.303346,77,-2013.651552
89.249126,112,-2012.54678
26.417317,51,-2012.041305
87.207293,120,-2010.873586
89.232524,96,-2009.94814
89.164494,102,-2008.948772
89.221854,107,-2007.914485
66.154241,95,-2007.000906
-10.0,1,-2006.969594
5.187962,20,-2006.758082
89.130903,138,-2005.426343
89.051439,118,-2004.269922
89.069135,106,-2003.241581
89.122274,135,-2001.9174
88.789576,131,-2000.652489
85.948959,104,-1998.913623
89.05145,135,-1997.610768
89.146005,121,-1996.449667
89.228448,132,-1995.196846
89.002621,103,-1994.243791
88.84812,147,-1992.874123
89.069805,145,-1991.513917
88.768854,115,-1990.441382
-8.8,3,-1990.391427
89.285975,107,-1989.287042
88.992049,150,-1987.874612
85.479681,116,-1986.770545
86.015255,105,-1985.802809
89.513795,108,-1984.69825
89.022893,130,-1983.427055
88.621239,141,-1982.015366
86.015299,135,-1980.733908
89.274058,107,-1979.028004
88.83304,120,-1977.879491
88.642572,157,-1976.395815
89.210949,131,-1975.153894
88.923583,113,-1974.079764
88.876529,121,-1972.910962
88.826769,120,-1971.856455
85.928822,107,-1970.960002
89.663292,109,-1970.037786
89.617649,99,-1969.223407
88.998573,131,-1968.099549
89.04661,115,-1967.051642
89.309236,108,-1966.059445
89.760036,105,-1965.173271
88.956655,110,-1964.301812
86.823622,109,-1963.413762
89.198651,147,-1962.222994
88.766995,138,-1960.310193
89.268714,130,-1959.121013
88.562994,143,-1957.938568
-8.28,4,-1957.874506
88.659022,133,-1956.773622
89.186525,105,-1955.766671
57.505208,105,-1954.855395
89.081229,147,-1953.642212
88.848154,137,-1952.536025
88.866726,121,-1951.534684
89.314389,105,-1950.651248
89.001996,105,-1949.759073
88.899773,113,-1948.836538
89.301301,109,-1947.932101
89.083022,137,-1946.71519
89.210882,114,-1945.655429
89.101221,114,-1944.659447
89.029174,105,-1943.688923
88.940196,151,-1941.65134
89.629736,90,-1940.937667
89.713556,94,-1940.141189
89.002482,143,-1938.961664
89.282745,102,-1938.122765
89.447914,148,-1936.938483
89.665793,95,-1936.09845
87.884445,120,-1935.087224
88.731475,125,-1934.039551
88.997818,128,-1932.972594
88.855394,139,-1931.822615
89.53579,97,-1931.028906
88.933067,116,-1929.908685
88.96734,140,-1928.725504
89.769673,92,-1927.963559
86.013212,113,-1927.014111
86.334907,122,-1925.968645
89.622837,97,-1925.117986
89.214498,116,-1923.374092
89.533137,106,-1922.503338
89.308521,97,-1921.704826
89.032431,116,-1920.723534
89.112533,118,-1919.650274
89.021358,121,-1918.47672
89.245806,123,-1917.312927
86.118881,131,-1916.099684
88.747002,136,-1914.976095
88.91911,128,-1913.793664
83.375274,107,-1912.700632
88.812517,139,-1911.544966
88.885593,146,-1910.345844
89.001752,103,-1909.457893
89.243392,135,-1908.357722
88.934983,123,-1907.37288
88.810303,128,-1905.638095
88.708322,129,-1904.531476
-9.32,2,-1904.495842
89.420607,101,-1903.649697
88.946109,104,-1902.61375
45.855558,88,-1901.852515
89.083001,113,-1900.92425
89.252034,118,-1899.966093
88.936601,115,-1898.952316
89.555456,95,-1897.999602
89.288935,146,-1896.806489
89.023003,119,-1895.834734
89.508159,102,-1894.97594
89.001204,138,-1893.719741
88.568947,142,-1892.489069
89.248807,110,-1891.586496
89.757759,97,-1890.779902
88.857598,134,-1889.662112
89.335195,101,-1888.834163
88.807442,139,-1887.021161
88.964586,110,-1886.107908
88.845722,144,-1884.914925
89.016321,110,-1883.900027
89.52686,94,-1883.009513
89.739633,96,-1882.150874
89.374696,112,-1881.237117
88.624869,128,-1880.195607
89.052274,133,-1879.115182
89.211068,112,-1878.206354
88.62856,128,-1877.159793
88.854938,123,-1876.088302
89.038321,99,-1875.240602
89.125317,141,-1873.97803
88.925255,112,-1872.977034
89.64101,108,-1872.026881
89.175839,144,-1870.764674
88.748206,139,-1868.714033
89.19045,133,-1867.53015
89.099798,97,-1866.572842
89.132353,136,-1865.335455
89.373467,113,-1864.316834
89.040981,127,-1863.194438
89.502766,107,-1862.233174
89.225666,118,-1861.165892
89.130585,132,-1860.009716
88.811853,117,-1858.962849
69.245729,117,-1857.93027
89.340672,118,-1856.914633
88.883901,143,-1855.633102
89.163587,126,-1854.494701
89.146859,127,-1853.299327
85.887586,129,-1852.066394
89.48661,104,-1851.094406
-6.67576,6,-1851.024006
88.876031,123,-1849.20405
89.070931,106,-1848.17938
88.858242,109,-1847.169243
89.05531,105,-1846.250186
88.989212,139,-1844.995008
89.148952,110,-1844.092628
89.111415,157,-1842.828424
89.380233,109,-1841.866125
89.121918,108,-1840.825468
89.29105,99,-1840.02947
88.983492,106,-1839.126454
89.565292,105,-1838.267216
89.452256,104,-1837.410076
89.42836,126,-1836.193397
89.398178,111,-1835.269142
89.453959,105,-1834.389467
89.101291,126,-1833.370729
86.03553,105,-1832.498729
88.981469,132,-1830.155568
89.024476,110,-1828.889019
89.738628,107,-1827.843047
89.357702,98,-1826.868861
89.500613,95,-1825.973237
86.395574,110,-1824.932589
88.703933,131,-1823.689875
89.658706,104,-1822.701941
88.832122,109,-1821.778382
88.916222,108,-1820.865563
88.839581,133,-1819.747756
89.539026,111,-1818.817199
89.176517,130,-1817.742151
89.234057,126,-1816.698353
89.961684,91,-1816.002161
89.143504,98,-1815.182107
89.010236,114,-1814.17602
88.937823,113,-1813.20102
88.807706,134,-1811.260475
89.284884,129,-1810.193387
89.369585,101,-1809.27906
89.264629,119,-1808.095176
88.737208,125,-1807.045896
89.596993,113,-1806.090166
88.591143,142,-1804.871048
89.259454,124,-1803.73075
89.180538,127,-1802.53847
89.261905,150,-1801.090408
89.161481,109,-1800.167665
88.984017,109,-1799.189441
88.865429,130,-1797.942851
88.966411,114,-1796.940512
89.473668,119,-1795.944389
89.367834,119,-1794.853705
89.033519,114,-1793.737367
89.694175,95,-1792.14007
89.235832,90,-1791.465183
89.06967,119,-1790.31042
89.362798,110,-1789.316209
89.792394,94,-1788.512656
89.341959,119,-1787.516656
88.759977,125,-1786.464242
89.024213,141,-1785.286362
85.721986,90,-1784.507587
89.074071,131,-1783.408241
88.602971,139,-1782.242931
89.067087,113,-1781.276618
89.733467,102,-1780.432817
89.502852,137,-1779.241726
89.13161,133,-1777.90843
89.005106,101,-1777.046083
89.606006,96,-1776.258097
88.841658,128,-1775.20096
89.399463,119,-1773.459092
88.623032,136,-1772.115818
88.904911,119,-1771.104648
89.201769,131,-1769.992384
89.110707,138,-1768.842144
89.134848,126,-1767.781737
86.750247,108,-1766.86964
89.048572,126,-1765.746644
88.979123,116,-1764.67223
89.093781,98,-1763.68723
88.802233,114,-1762.500581
87.227755,119,-1761.38135
88.944029,119,-1760.242642
87.489784,117,-1759.086403
89.991247,94,-1758.221647
89.176295,90,-1757.391134
88.736321,146,-1756.046228
88.743,135,-1754.059086
88.917734,139,-1752.732348
86.777765,94,-1751.847088
88.780803,138,-1750.613277
89.15861,105,-1749.665089
88.964931,138,-1748.465872
89.062137,108,-1747.496327
85.696978,90,-1746.747229
89.007647,126,-1745.650494
-9.16,1,-1745.615438
89.630219,90,-1744.912274
88.769887,127,-1743.785993
89.351452,90,-1743.057295
88.912756,132,-1741.885024
89.218457,133,-1740.710977
89.16942,90,-1739.987477
89.016178,117,-1738.955071
88.82223,134,-1737.769775
88.984581,147,-1735.784307
5.367219,18,-1735.594213
88.885962,138,-1734.335384
89.102389,131,-1732.98787
88.7816,148,-1731.662132
88.878322,152,-1730.316626
89.356122,113,-1729.311156
88.737862,142,-1727.948368
88.77037,125,-1726.837019
-6.822295,5,-1726.775217
88.64111,139,-1725.540893
-9.16,1,-1725.503515
-9.272586,2,-1725.46558
89.613141,91,-1724.636607
89.006831,112,-1723.631384
89.338954,121,-1722.551804
82.652409,104,-1721.604814
89.087142,93,-1720.765054
88.637441,145,-1719.384256
89.036666,141,-1718.123763
85.933658,132,-1716.245622
88.691838,134,-1714.972566
88.668912,137,-1713.700643
88.778327,133,-1712.500566
89.002883,128,-1711.34275
43.02665,83,-1710.598243
88.765468,131,-1709.430354
88.755655,139,-1708.172091
89.140094,121,-1707.075109
86.01769,153,-1705.721784
86.152329,109,-1704.693149
89.1141,98,-1703.770885
88.913388,115,-1702.702927
88.806568,117,-1701.634461
89.515378,110,-1700.616896
89.304851,119,-1699.545458
88.725273,132,-1698.342682
88.979579,113,-1696.586128
88.911822,130,-1695.435664
88.73022,146,-1694.169589
89.576414,92,-1693.427537
89.357701,126,-1692.320836
89.823099,98,-1691.460623
89.171078,130,-1690.314764
89.423918,124,-1689.223284
89.32831,105,-1688.298374
88.996905,132,-1687.144714
89.058503,138,-1685.965739
89.080069,110,-1685.007466
-7.674974,8,-1684.916697
88.897941,110,-1683.952987
88.743022,134,-1682.80668
89.368648,113,-1681.812814
89.573499,115,-1680.801391
89.465002,94,-1679.983817
89.275018,119,-1678.251763
89.230406,103,-1677.312806
89.582261,93,-1676.475109
89.238352,118,-1675.443203
89.574263,91,-1674.704003
89.198206,140,-1673.422622
89.018709,118,-1672.35349
86.392428,106,-1671.422623
88.637341,136,-1670.225812
89.380149,96,-1669.382213
89.698305,101,-1668.49006
89.2158,109,-1667.534515
89.831176,99,-1666.665194
89.092117,151,-1665.364364
88.972844,129,-1664.234903
89.539273,108,-1663.308455
89.429485,117,-1662.283087
89.676601,101,-1661.393358
89.06844,129,-1659.556029
89.185418,93,-1658.727409
89.25191,130,-1657.467162
89.229891,119,-1656.391728
88.819579,124,-1655.309821
88.96165,134,-1654.138188
89.61716,100,-1653.24885
89.340976,110,-1652.265917
89.213467,116,-1651.144116
88.990093,140,-1649.913741
88.659146,146,-1648.647208
88.617668,135,-1647.482411
88.786508,126,-1646.310528
89.093457,145,-1645.014765
89.42742,101,-1644.079731
89.141901,123,-1642.948043
89.371129,112,-1641.942951
89.026101,149,-1639.920065
89.137884,112,-1638.935312
88.942654,146,-1637.654077
89.309391,112,-1636.638155
89.14311,97,-1635.740876
88.694205,123,-1634.677276
67.743863,123,-1633.609334
89.21546,120,-1632.589966
88.945947,120,-1631.552777
89.32434,109,-1630.591603
89.468612,102,-1629.708745
88.959491,143,-1628.449527
89.232326,134,-1627.166403
88.629364,138,-1625.951682
88.816201,121,-1624.804349
89.256816,125,-1623.608288
85.869296,117,-1622.540289
88.748708,130,-1620.662652
88.584412,147,-1619.32245
89.551053,95,-1618.460072
88.864091,112,-1617.448676
88.608117,136,-1616.2149
88.855336,137,-1614.976254
88.747225,134,-1613.64241
88.953527,115,-1612.554203
89.016997,131,-1611.390944
89.118309,148,-1610.078403
89.423321,117,-1609.043744
89.607986,113,-1608.02856
89.3996,99,-1607.163593
-8.8,3,-1607.118627
86.779219,112,-1606.058377
89.343335,109,-1605.040076
88.718872,127,-1603.895069
88.881971,117,-1602.828035
89.709373,95,-1601.263562
88.783894,126,-1600.11976
89.436708,106,-1599.140677
86.331281,131,-1597.968353
89.064077,115,-1596.936144
89.094846,132,-1595.742326
88.758381,123,-1594.626926
89.033099,137,-1593.387245
89.785213,104,-1592.457751
86.146239,115,-1591.413357
88.680021,130,-1590.130107
88.725955,122,-1588.969034
89.928644,97,-1588.014238
88.816994,129,-1586.814231
89.252729,116,-1585.762217
88.804845,141,-1584.459642
88.93171,117,-1583.363627
88.798236,115,-1581.617389
88.94279,124,-1580.511762
86.041807,102,-1579.597162
88.787568,128,-1578.481099
88.832262,107,-1577.519595
88.720735,124,-1576.423961
89.444513,113,-1575.442672
89.473045,106,-1574.523257
89.610552,106,-1573.589587
89.615258,96,-1572.774511
89.377708,126,-1571.662024
88.74785,129,-1570.549656
88.985127,115,-1569.539825
88.910254,137,-1568.338191
89.495607,118,-1567.29939
89.058362,106,-1566.396811
89.697288,99,-1565.523587
88.684632,140,-1563.561863
88.647643,141,-1562.337464
88.947182,145,-1561.073739
20.128813,49,-1560.628476
86.878628,117,-1559.595834
89.004566,127,-1558.503834
89.628729,91,-1557.793586
89.34883,100,-1556.902087
89.604942,102,-1556.02158
88.890985,126,-1554.931529
89.362333,113,-1553.893155
89.276853,134,-1552.678406
89.214103,133,-1551.519508
89.258305,103,-1550.623136
89.784501,96,-1549.774906
89.036898,131,-1548.629857
88.787527,128,-1547.526349
86.074822,105,-1546.599136
88.696804,152,-1544.541441
89.09215,114,-1543.503327
89.160112,101,-1542.580929
8.544999,27,-1542.319649
89.351137,133,-1541.124366
89.381161,102,-1540.18401
89.326484,111,-1539.152872
88.98048,108,-1538.20091
89.057003,149,-1536.862689
88.986019,144,-1535.59602
89.929936,97,-1534.729256
88.987496,121,-1533.672609
89.084244,97,-1532.809276
88.59033,142,-1531.552729
88.729026,129,-1530.42536
89.752315,96,-1529.572407
89.601348,118,-1528.549224
89.011698,119,-1527.479824
89.55532,109,-1525.817012
88.95986,132,-1524.612178
89.341735,92,-1523.736801
88.68379,135,-1522.453598
88.747537,135,-1521.195767
88.900845,127,-1520.040271
89.106467,123,-1518.920001
89.137095,125,-1517.804579
89.117566,136,-1516.593308
88.983305,141,-1515.335874
89.423433,109,-1514.349468
89.765775,95,-1513.483442
89.330176,124,-1512.362425
88.912567,132,-1511.156618
89.432819,93,-1510.266737
88.939553,113,-1509.175374
89.442054,94,-1508.297298
85.701041,118,-1506.522285
88.773429,132,-1505.250633
89.323841,103,-1504.284271
88.906347,149,-1502.944801
88.898438,134,-1501.719521
89.181839,99,-1500.80089
89.206977,117,-1499.727447
89.459639,101,-1498.80028
89.861137,91,-1497.963835
89.046928,121,-1496.86632
89.840208,100,-1495.874259
89.011421,112,-1494.811463
85.602804,106,-1493.78704
89.614505,98,-1492.805575
88.774938,143,-1491.443281
88.692026,128,-1490.29601
88.610666,157,-1488.929918
89.832921,97,-1488.051333
89.479025,93,-1486.511707
89.688868,103,-1485.547015
74.112425,107,-1484.556749
89.737478,89,-1483.765949
86.729525,108,-1482.753495
89.571774,98,-1481.830499
89.351219,130,-1480.624432
88.806481,113,-1479.553867
86.026017,119,-1478.437046
88.793304,120,-1477.313089
89.145568,103,-1476.354045
88.922169,124,-1475.247136
89.2221,121,-1474.140932
88.681992,134,-1472.945145
89.351705,89,-1472.234062
88.944172,127,-1471.111351
89.851023,94,-1470.261502
89.070398,136,-1469.023764
88.61947,142,-1467.052075
39.651035,74,-1466.390986
89.174641,121,-1465.260374
85.565571,106,-1464.187418
88.684198,132,-1462.991719
88.800924,137,-1461.663614
89.804678,94,-1460.688942
88.994809,126,-1459.473962
89.125933,113,-1458.387419
88.747885,143,-1457.013908
88.986287,110,-1455.957719
89.005238,107,-1454.931183
-8.2,6,-1454.85251
88.831415,136,-1453.49219
6.48575,23,-1453.257432
89.076873,107,-1452.217788
89.071932,108,-1451.123722
89.805749,107,-1450.032468
89.825837,103,-1448.991298
89.257138,135,-1446.904875
89.174828,135,-1445.602986
85.779543,112,-1444.527047
88.713675,130,-1443.309382
89.570815,109,-1442.284133
88.63168,142,-1440.950591
88.663506,144,-1439.601842
86.33276,101,-1438.65656
89.179577,136,-1437.37891
89.555441,114,-1436.271624
89.024005,140,-1434.97061
89.36689,122,-1433.71401
89.048555,103,-1432.733897
88.911963,118,-1431.60874
89.712436,89,-1430.838948
89.046593,117,-1429.740635
89.344941,113,-1428.671517
89.244605,139,-1426.488521
89.019539,133,-1425.23144
38.172164,58,-1424.678015
89.33142,123,-1423.51702
89.451006,105,-1422.537854
89.340812,110,-1421.499433
89.048271,97,-1420.61732
89.326611,89,-1419.790203
89.218509,136,-1418.480976
89.059138,123,-1417.285249
89.798977,97,-1416.345964
89.78844,107,-1415.329839
88.842058,121,-1414.179719
88.990742,139,-1412.85125
89.032845,102,-1411.840222
89.117075,119,-1410.669049
88.640263,129,-1409.419009
89.032702,126,-1408.192465
89.169236,91,-1407.277921
88.629445,135,-1405.421274
89.710788,105,-1404.564202
86.095374,127,-1403.373879
89.401906,112,-1402.385176
88.939306,128,-1401.341195
89.634333,111,-1400.427306
89.417242,131,-1399.374508
89.033388,105,-1398.497513
89.875038,95,-1397.717875
89.039891,114,-1396.780544
89.070973,112,-1395.798244
-7.6,4,-1395.734178
89.031547,101,-1394.8738
88.725497,122,-1393.859628
89.366777,109,-1392.919363
89.20527,128,-1391.858026
89.142907,141,-1390.697513
89.593294,104,-1389.851678
88.821374,134,-1388.066801
88.866001,144,-1386.918838
89.482509,97,-1386.137076
89.473757,129,-1385.085817
89.233931,99,-1384.269163
89.398752,102,-1383.407394
88.810002,117,-1382.443791
89.368716,122,-1381.436072
89.653892,100,-1380.60727
89.238178,118,-1379.632321
89.207668,123,-1378.497061
89.242851,139,-1377.22158
88.766707,138,-1376.092105
89.396679,108,-1375.202368
85.376783,126,-1373.947171
89.223599,115,-1372.914858
89.126959,117,-1371.862972
89.400718,123,-1370.038711
88.723204,138,-1368.89359
89.868377,95,-1368.114068
-8.44,4,-1368.0622
89.21497,136,-1366.959622
89.135274,115,-1365.982259
85.752314,114,-1365.049314
89.031069,136,-1363.92485
89.221434,139,-1362.800318
88.788915,146,-1361.610167
89.568978,105,-1360.716734
89.423208,103,-1359.884179
88.877469,140,-1358.711612
89.000418,97,-1357.931137
89.173748,94,-1357.138569
88.84929,122,-1356.131382
89.092286,107,-1355.256986
-7.96,3,-1355.205428
89.576734,100,-1354.39141
-7.467151,6,-1354.325994
88.859275,134,-1353.231216
89.043279,147,-1351.335299
86.280475,127,-1350.286767
88.906054,124,-1349.171241
89.053699,141,-1347.876007
88.736982,127,-1346.687433
89.172122,130,-1345.493403
89.602409,104,-1344.578249
88.84337,150,-1343.202708
89.345879,99,-1342.271734
88.57931,153,-1340.933979
89.308346,101,-1340.047183
89.33694,104,-1339.106807
88.800309,126,-1338.024509
89.076572,109,-1337.06182
89.296054,111,-1336.088473
-9.32,2,-1336.053335
89.09982,111,-1335.077352
89.132126,132,-1333.20543
89.710764,91,-1332.425333
88.60913,141,-1331.191497
89.412988,96,-1330.340389
89.248816,128,-1329.072829
89.687762,90,-1328.335857
88.956624,117,-1327.299439
89.190518,114,-1326.313441
89.580044,101,-1325.335832
88.789218,126,-1324.203773
89.32072,96,-1323.337848
88.761878,125,-1322.249459
89.144128,99,-1321.374455
89.068187,103,-1320.402518
88.631425,142,-1319.069914
88.612932,143,-1317.749426
88.994577,134,-1316.560148
89.014126,129,-1315.432868
89.173008,95,-1313.760354
89.135151,99,-1312.886089
88.745606,133,-1311.72346
88.780839,117,-1310.706294
89.074226,129,-1309.56176
88.677511,146,-1308.307964
89.022721,141,-1307.074176
89.176063,142,-1305.804689
89.320531,108,-1304.829277
89.126319,92,-1303.992188
89.29863,119,-1302.91899
89.936388,92,-1302.094333
86.066823,95,-1301.220001
88.885234,117,-1300.174497
89.176319,97,-1299.290555
89.219734,126,-1298.169532
88.848852,117,-1297.138397
88.901406,134,-1295.244787
89.159123,122,-1294.150609
88.935542,121,-1293.07268
89.356414,121,-1291.991698
86.631466,127,-1290.867486
88.692887,134,-1289.512372
89.498824,107,-1288.459422
89.294359,89,-1287.615806
89.161588,110,-1286.61436
89.118489,104,-1285.674676
88.620741,144,-1284.302411
89.324839,106,-1283.408714
89.057552,121,-1282.246418
89.093178,138,-1281.016389
90.048056,89,-1280.335631
88.598614,144,-1279.150394
85.389955,102,-1278.298722
89.445348,91,-1277.545461
88.708781,135,-1275.733275
88.624173,149,-1274.532711
89.355303,92,-1273.765571
88.845736,117,-1272.812056
88.807591,143,-1271.612378
88.481126,144,-1270.451141
89.221424,116,-1269.510131
89.121096,129,-1268.470209
89.185263,128,-1267.42056
85.126489,122,-1266.424038
89.959118,89,-1265.760824
89.265412,148,-1264.55705
88.960717,115,-1263.613286
89.094569,132,-1262.550589
88.705295,139,-1261.214855
89.592028,127,-1260.141476
88.955519,130,-1258.333894
89.162237,127,-1257.095016
-7.6,4,-1257.032515
86.076439,123,-1255.9346
88.924831,143,-1254.764801
89.375788,132,-1253.675237
89.210444,123,-1252.66952
89.147474,140,-1251.526809
89.682958,108,-1250.648425
89.218226,100,-1249.836069
89.086884,113,-1248.925524
89.084304,120,-1247.948951
89.328676,97,-1247.164577
89.133719,132,-1246.050938
89.289789,106,-1245.156774
88.897117,119,-1244.193249
88.812291,129,-1243.1279
89.624461,96,-1242.341889
89.601874,99,-1240.780228
88.642967,143,-1239.443515
88.841792,122,-1238.44629
89.018006,105,-1237.410139
89.007351,102,-1236.530052
89.260386,129,-1235.464839
88.908964,130,-1234.406874
89.293373,125,-1233.379608
88.680379,145,-1232.083944
88.839334,140,-1230.903743
88.728095,141,-1229.730674
89.022106,106,-1228.757411
88.824662,128,-1227.568672
89.016747,107,-1226.63298
89.441189,101,-1225.756158
89.178986,118,-1224.737018
89.847087,89,-1224.064129
88.860257,112,-1222.416025
89.614703,131,-1221.303454
88.89105,122,-1220.28203
89.253797,100,-1219.454263
89.014812,116,-1218.522134
88.982434,124,-1217.513671
89.099631,139,-1216.370418
89.332306,121,-1215.389165
89.021544,144,-1214.221309
87.389221,142,-1213.026206
89.437333,120,-1211.951221
86.788383,93,-1211.171128
88.857532,140,-1209.970417
88.736407,133,-1208.67383
88.985378,146,-1207.457461
89.083342,114,-1206.43829
89.269066,121,-1205.273819
88.995121,137,-1203.296585
88.92498,122,-1202.202565
89.186226,119,-1201.136062
89.065937,137,-1199.93317
88.634035,151,-1198.522954
89.954851,94,-1197.643789
89.12787,121,-1196.525654
88.88917,142,-1195.277668
89.029987,135,-1194.044972
88.999813,120,-1192.984039
88.823423,110,-1191.993507
88.672878,132,-1190.822552
89.191708,157,-1189.464174
89.253274,108,-1188.507816
88.773799,129,-1187.357137
88.678981,128,-1186.213344
90.111214,90,-1184.714975
89.10356,128,-1183.55119
89.402917,114,-1182.537773
88.653982,140,-1181.292961
89.00387,112,-1180.295464
86.015227,130,-1179.105157
88.994187,139,-1177.857263
89.339228,101,-1176.948957
89.583084,97,-1176.087429
88.792745,129,-1174.907471
89.330245,120,-1173.833179
89.386061,127,-1172.685421
89.128,141,-1171.429363
89.034479,106,-1170.483847
89.589307,92,-1169.701541
89.275162,116,-1168.606392
89.57092,104,-1167.636082
89.316388,113,-1165.873497
89.113362,116,-1164.826656
89.073572,140,-1163.449345
88.85194,137,-1162.158706
89.157952,144,-1160.722643
89.221878,134,-1159.523608
89.357248,120,-1158.431216
89.59904,102,-1157.501087
89.384598,120,-1156.373127
89.373358,115,-1155.236533
88.740469,124,-1154.112321
89.193045,129,-1152.924524
89.660243,110,-1151.870709
89.600802,118,-1150.804368
89.114362,115,-1149.777009
89.523949,112,-1148.779342
88.805758,135,-1147.571234
88.919194,125,-1145.740327
86.295339,114,-1144.718301
88.747831,139,-1143.47066
89.093089,144,-1142.164789
88.939648,123,-1141.051584
68.452385,126,-1139.909041
89.074086,132,-1138.595299
88.951777,106,-1137.60429
89.138919,112,-1136.530082
89.35486,110,-1135.486879
89.21792,137,-1134.269319
89.691309,98,-1133.365835
85.332782,118,-1132.302598
89.044674,131,-1131.122308
89.07381,121,-1130.055998
89.329849,123,-1128.965038
-1.292456,11,-1128.847366
89.774682,106,-1127.897103
89.801066,90,-1126.420746
86.81733,100,-1125.548227
88.972911,130,-1124.375847
88.779578,133,-1123.176039
89.647889,95,-1122.330953
89.050681,102,-1121.433267
89.594156,111,-1120.449249
89.012593,138,-1119.206689
88.985194,116,-1118.153839
89.100369,144,-1116.883459
88.855883,114,-1115.868477
89.414839,120,-1114.805397
89.188956,120,-1113.746697
89.190975,141,-1112.512617
88.84859,112,-1111.512884
88.723436,140,-1110.298153
89.277777,133,-1109.130816
89.068793,116,-1107.298053
89.164964,133,-1106.112865
89.464365,123,-1104.951646
89.317288,115,-1103.862123
89.405145,125,-1102.742443
89.068733,108,-1101.800508
89.49419,113,-1100.818054
85.492184,124,-1099.700774
88.891024,108,-1098.766665
88.77122,131,-1097.511941
89.569565,103,-1096.592354
88.970433,122,-1095.510186
88.9675,140,-1094.266011
89.232722,108,-1093.301618
89.094203,101,-1092.419349
89.695596,122,-1091.354932
88.595694,148,-1089.957957
89.459823,97,-1088.364939
88.85814,147,-1087.082766
85.641646,139,-1085.85294
88.827103,145,-1084.421864
89.263518,117,-1083.360007
88.787827,127,-1082.239755
89.303693,110,-1081.244617
88.678731,142,-1079.991092
89.054866,131,-1078.799622
89.52466,108,-1077.774225
88.85488,116,-1076.693344
89.322284,120,-1075.549353
89.26436,97,-1074.663573
88.735496,138,-1073.408918
89.192723,143,-1072.126282
89.234372,114,-1071.09764
89.199271,127,-1069.274463
88.985438,101,-1068.382197
89.425612,96,-1067.522398
88.629419,139,-1066.320391
89.004945,101,-1065.418298
88.920639,140,-1064.113115
89.1307,100,-1063.189396
89.11133,114,-1062.153646
89.3618,125,-1061.051833
89.238042,99,-1060.174151
89.064941,144,-1058.886746
89.37608,105,-1057.936805
89.259343,107,-1056.917499
89.298552,118,-1055.793768
85.741898,137,-1054.582872
89.880036,97,-1053.69278
89.022149,101,-1052.670188
89.397118,103,-1051.741409
88.830739,115,-1049.995219
88.739108,139,-1048.715247
88.731177,150,-1047.290512
88.613847,145,-1045.864052
89.316745,105,-1044.940372
89.74841,89,-1044.223585
88.849091,113,-1043.201072
89.263808,125,-1042.108411
89.863753,89,-1041.392116
89.086673,129,-1040.124037
89.133677,109,-1039.151259
88.875269,125,-1038.023963
89.212318,108,-1037.059211
88.86718,132,-1035.858291
88.526109,150,-1034.537713
-1.134784,11,-1034.420837
88.621527,147,-1033.132625
89.177108,130,-1031.997324
88.866676,121,-1030.162216
88.859402,112,-1029.146169
88.941052,115,-1028.106381
75.11272,128,-1026.946331
86.372073,90,-1026.181599
89.309777,94,-1025.328123
88.661164,125,-1024.197184
88.915468,111,-1023.193059
88.838093,124,-1022.090981
89.134471,140,-1020.84689
89.013818,132,-1019.667795
89.496704,105,-1018.683608
89.300386,126,-1017.502053
89.164093,124,-1016.374544
89.144017,154,-1015.014246
89.198409,95,-1014.155772
88.717131,148,-1012.818744
88.707958,133,-1010.925086
88.570697,145,-1009.635506
88.911668,109,-1008.6486
89.205803,125,-1007.517225
88.823661,147,-1006.178296
89.017671,136,-1004.95965
89.047194,124,-1003.848958
89.458501,102,-1002.924626
89.186037,104,-1001.998498
89.242383,92,-1001.171988
89.360893,113,-1000.16797
88.805198,133,-998.965317
89.255811,114,-997.955977
89.365594,103,-997.033472
89.109075,143,-995.756464
88.930616,121,-994.704549
88.916627,127,-993.593989
89.094495,130,-991.72397
88.921092,109,-990.645349
89.056109,115,-989.57602
88.676419,136,-988.288942
86.399249,130,-987.085292
88.834175,122,-986.017836
6.738962,22,-985.807427
89.250256,90,-985.035033
86.282628,101,-984.14736
88.647421,139,-982.920783
89.214018,139,-981.725737
89.099574,150,-980.431873
88.861789,112,-979.454019
89.179126,135,-978.256893
89.062034,109,-977.290138
89.709522,90,-976.53733
89.100426,137,-975.322334
